timestamp,approach_edge,camera_range_m,visible_vehicle_count,visible_mean_speed_mps,visible_queue_count,visible_queue_length_m,queue_reaches_camera_edge,queue_length_change_30s,speed_change_30s,visible_occupancy_fraction,visible_bike_frac,visible_car_frac,visible_hgv_frac,visible_bus_frac
0,1i,150.0,0,0.0,0,0.0,False,,,0.0,0.0,0.0,0.0,0.0
5,1i,150.0,0,0.0,0,0.0,False,,,0.0,0.0,0.0,0.0,0.0
10,1i,150.0,0,0.0,0,0.0,False,,,0.0,0.0,0.0,0.0,0.0
15,1i,150.0,0,0.0,0,0.0,False,,,0.0,0.0,0.0,0.0,0.0
20,1i,150.0,0,0.0,0,0.0,False,,,0.0,0.0,0.0,0.0,0.0
25,1i,150.0,0,0.0,0,0.0,False,,,0.0,0.0,0.0,0.0,0.0
30,1i,150.0,0,0.0,0,0.0,False,0.0,0.0,0.0,0.0,0.0,0.0,0.0
35,1i,150.0,0,0.0,0,0.0,False,0.0,0.0,0.0,0.0,0.0,0.0,0.0
40,1i,150.0,0,0.0,0,0.0,False,0.0,0.0,0.0,0.0,0.0,0.0,0.0
45,1i,150.0,0,0.0,0,0.0,False,0.0,0.0,0.0,0.0,0.0,0.0,0.0
50,1i,150.0,0,0.0,0,0.0,False,0.0,0.0,0.0,0.0,0.0,0.0,0.0
55,1i,150.0,0,0.0,0,0.0,False,0.0,0.0,0.0,0.0,0.0,0.0,0.0
60,1i,150.0,0,0.0,0,0.0,False,0.0,0.0,0.0,0.0,0.0,0.0,0.0
65,1i,150.0,0,0.0,0,0.0,False,0.0,0.0,0.0,0.0,0.0,0.0,0.0
70,1i,150.0,0,0.0,0,0.0,False,0.0,0.0,0.0,0.0,0.0,0.0,0.0
75,1i,150.0,0,0.0,0,0.0,False,0.0,0.0,0.0,0.0,0.0,0.0,0.0
80,1i,150.0,0,0.0,0,0.0,False,0.0,0.0,0.0,0.0,0.0,0.0,0.0
85,1i,150.0,0,0.0,0,0.0,False,0.0,0.0,0.0,0.0,0.0,0.0,0.0
90,1i,150.0,0,0.0,0,0.0,False,0.0,0.0,0.0,0.0,0.0,0.0,0.0
95,1i,150.0,0,0.0,0,0.0,False,0.0,0.0,0.0,0.0,0.0,0.0,0.0
100,1i,150.0,0,0.0,0,0.0,False,0.0,0.0,0.0,0.0,0.0,0.0,0.0
105,1i,150.0,0,0.0,0,0.0,False,0.0,0.0,0.0,0.0,0.0,0.0,0.0
110,1i,150.0,0,0.0,0,0.0,False,0.0,0.0,0.0,0.0,0.0,0.0,0.0
115,1i,150.0,0,0.0,0,0.0,False,0.0,0.0,0.0,0.0,0.0,0.0,0.0
120,1i,150.0,0,0.0,0,0.0,False,0.0,0.0,0.0,0.0,0.0,0.0,0.0
125,1i,150.0,0,0.0,0,0.0,False,0.0,0.0,0.0,0.0,0.0,0.0,0.0
130,1i,150.0,0,0.0,0,0.0,False,0.0,0.0,0.0,0.0,0.0,0.0,0.0
135,1i,150.0,0,0.0,0,0.0,False,0.0,0.0,0.0,0.0,0.0,0.0,0.0
140,1i,150.0,0,0.0,0,0.0,False,0.0,0.0,0.0,0.0,0.0,0.0,0.0
145,1i,150.0,0,0.0,0,0.0,False,0.0,0.0,0.0,0.0,0.0,0.0,0.0
150,1i,150.0,0,0.0,0,0.0,False,0.0,0.0,0.0,0.0,0.0,0.0,0.0
155,1i,150.0,0,0.0,0,0.0,False,0.0,0.0,0.0,0.0,0.0,0.0,0.0
160,1i,150.0,0,0.0,0,0.0,False,0.0,0.0,0.0,0.0,0.0,0.0,0.0
165,1i,150.0,0,0.0,0,0.0,False,0.0,0.0,0.0,0.0,0.0,0.0,0.0
170,1i,150.0,0,0.0,0,0.0,False,0.0,0.0,0.0,0.0,0.0,0.0,0.0
175,1i,150.0,0,0.0,0,0.0,False,0.0,0.0,0.0,0.0,0.0,0.0,0.0
180,1i,150.0,0,0.0,0,0.0,False,0.0,0.0,0.0,0.0,0.0,0.0,0.0
185,1i,150.0,0,0.0,0,0.0,False,0.0,0.0,0.0,0.0,0.0,0.0,0.0
190,1i,150.0,0,0.0,0,0.0,False,0.0,0.0,0.0,0.0,0.0,0.0,0.0
195,1i,150.0,0,0.0,0,0.0,False,0.0,0.0,0.0,0.0,0.0,0.0,0.0
200,1i,150.0,0,0.0,0,0.0,False,0.0,0.0,0.0,0.0,0.0,0.0,0.0
205,1i,150.0,0,0.0,0,0.0,False,0.0,0.0,0.0,0.0,0.0,0.0,0.0
210,1i,150.0,0,0.0,0,0.0,False,0.0,0.0,0.0,0.0,0.0,0.0,0.0
215,1i,150.0,0,0.0,0,0.0,False,0.0,0.0,0.0,0.0,0.0,0.0,0.0
220,1i,150.0,0,0.0,0,0.0,False,0.0,0.0,0.0,0.0,0.0,0.0,0.0
225,1i,150.0,0,0.0,0,0.0,False,0.0,0.0,0.0,0.0,0.0,0.0,0.0
230,1i,150.0,0,0.0,0,0.0,False,0.0,0.0,0.0,0.0,0.0,0.0,0.0
235,1i,150.0,0,0.0,0,0.0,False,0.0,0.0,0.0,0.0,0.0,0.0,0.0
240,1i,150.0,0,0.0,0,0.0,False,0.0,0.0,0.0,0.0,0.0,0.0,0.0
245,1i,150.0,0,0.0,0,0.0,False,0.0,0.0,0.0,0.0,0.0,0.0,0.0
250,1i,150.0,0,0.0,0,0.0,False,0.0,0.0,0.0,0.0,0.0,0.0,0.0
255,1i,150.0,0,0.0,0,0.0,False,0.0,0.0,0.0,0.0,0.0,0.0,0.0
260,1i,150.0,0,0.0,0,0.0,False,0.0,0.0,0.0,0.0,0.0,0.0,0.0
265,1i,150.0,0,0.0,0,0.0,False,0.0,0.0,0.0,0.0,0.0,0.0,0.0
270,1i,150.0,0,0.0,0,0.0,False,0.0,0.0,0.0,0.0,0.0,0.0,0.0
275,1i,150.0,0,0.0,0,0.0,False,0.0,0.0,0.0,0.0,0.0,0.0,0.0
280,1i,150.0,0,0.0,0,0.0,False,0.0,0.0,0.0,0.0,0.0,0.0,0.0
285,1i,150.0,0,0.0,0,0.0,False,0.0,0.0,0.0,0.0,0.0,0.0,0.0
290,1i,150.0,0,0.0,0,0.0,False,0.0,0.0,0.0,0.0,0.0,0.0,0.0
295,1i,150.0,0,0.0,0,0.0,False,0.0,0.0,0.0,0.0,0.0,0.0,0.0
300,1i,150.0,0,0.0,0,0.0,False,0.0,0.0,0.0,0.0,0.0,0.0,0.0
305,1i,150.0,0,0.0,0,0.0,False,0.0,0.0,0.0,0.0,0.0,0.0,0.0
310,1i,150.0,0,0.0,0,0.0,False,0.0,0.0,0.0,0.0,0.0,0.0,0.0
315,1i,150.0,0,0.0,0,0.0,False,0.0,0.0,0.0,0.0,0.0,0.0,0.0
320,1i,150.0,0,0.0,0,0.0,False,0.0,0.0,0.0,0.0,0.0,0.0,0.0
325,1i,150.0,0,0.0,0,0.0,False,0.0,0.0,0.0,0.0,0.0,0.0,0.0
330,1i,150.0,0,0.0,0,0.0,False,0.0,0.0,0.0,0.0,0.0,0.0,0.0
335,1i,150.0,0,0.0,0,0.0,False,0.0,0.0,0.0,0.0,0.0,0.0,0.0
340,1i,150.0,0,0.0,0,0.0,False,0.0,0.0,0.0,0.0,0.0,0.0,0.0
345,1i,150.0,0,0.0,0,0.0,False,0.0,0.0,0.0,0.0,0.0,0.0,0.0
350,1i,150.0,0,0.0,0,0.0,False,0.0,0.0,0.0,0.0,0.0,0.0,0.0
355,1i,150.0,0,0.0,0,0.0,False,0.0,0.0,0.0,0.0,0.0,0.0,0.0
360,1i,150.0,0,0.0,0,0.0,False,0.0,0.0,0.0,0.0,0.0,0.0,0.0
365,1i,150.0,0,0.0,0,0.0,False,0.0,0.0,0.0,0.0,0.0,0.0,0.0
370,1i,150.0,0,0.0,0,0.0,False,0.0,0.0,0.0,0.0,0.0,0.0,0.0
375,1i,150.0,0,0.0,0,0.0,False,0.0,0.0,0.0,0.0,0.0,0.0,0.0
380,1i,150.0,0,0.0,0,0.0,False,0.0,0.0,0.0,0.0,0.0,0.0,0.0
385,1i,150.0,0,0.0,0,0.0,False,0.0,0.0,0.0,0.0,0.0,0.0,0.0
390,1i,150.0,0,0.0,0,0.0,False,0.0,0.0,0.0,0.0,0.0,0.0,0.0
395,1i,150.0,0,0.0,0,0.0,False,0.0,0.0,0.0,0.0,0.0,0.0,0.0
400,1i,150.0,0,0.0,0,0.0,False,0.0,0.0,0.0,0.0,0.0,0.0,0.0
405,1i,150.0,0,0.0,0,0.0,False,0.0,0.0,0.0,0.0,0.0,0.0,0.0
410,1i,150.0,0,0.0,0,0.0,False,0.0,0.0,0.0,0.0,0.0,0.0,0.0
415,1i,150.0,0,0.0,0,0.0,False,0.0,0.0,0.0,0.0,0.0,0.0,0.0
420,1i,150.0,0,0.0,0,0.0,False,0.0,0.0,0.0,0.0,0.0,0.0,0.0
425,1i,150.0,0,0.0,0,0.0,False,0.0,0.0,0.0,0.0,0.0,0.0,0.0
430,1i,150.0,0,0.0,0,0.0,False,0.0,0.0,0.0,0.0,0.0,0.0,0.0
435,1i,150.0,0,0.0,0,0.0,False,0.0,0.0,0.0,0.0,0.0,0.0,0.0
440,1i,150.0,0,0.0,0,0.0,False,0.0,0.0,0.0,0.0,0.0,0.0,0.0
445,1i,150.0,0,0.0,0,0.0,False,0.0,0.0,0.0,0.0,0.0,0.0,0.0
450,1i,150.0,0,0.0,0,0.0,False,0.0,0.0,0.0,0.0,0.0,0.0,0.0
455,1i,150.0,0,0.0,0,0.0,False,0.0,0.0,0.0,0.0,0.0,0.0,0.0
460,1i,150.0,0,0.0,0,0.0,False,0.0,0.0,0.0,0.0,0.0,0.0,0.0
465,1i,150.0,0,0.0,0,0.0,False,0.0,0.0,0.0,0.0,0.0,0.0,0.0
470,1i,150.0,0,0.0,0,0.0,False,0.0,0.0,0.0,0.0,0.0,0.0,0.0
475,1i,150.0,0,0.0,0,0.0,False,0.0,0.0,0.0,0.0,0.0,0.0,0.0
480,1i,150.0,0,0.0,0,0.0,False,0.0,0.0,0.0,0.0,0.0,0.0,0.0
485,1i,150.0,0,0.0,0,0.0,False,0.0,0.0,0.0,0.0,0.0,0.0,0.0
490,1i,150.0,0,0.0,0,0.0,False,0.0,0.0,0.0,0.0,0.0,0.0,0.0
495,1i,150.0,0,0.0,0,0.0,False,0.0,0.0,0.0,0.0,0.0,0.0,0.0
500,1i,150.0,0,0.0,0,0.0,False,0.0,0.0,0.0,0.0,0.0,0.0,0.0
505,1i,150.0,0,0.0,0,0.0,False,0.0,0.0,0.0,0.0,0.0,0.0,0.0
510,1i,150.0,0,0.0,0,0.0,False,0.0,0.0,0.0,0.0,0.0,0.0,0.0
515,1i,150.0,0,0.0,0,0.0,False,0.0,0.0,0.0,0.0,0.0,0.0,0.0
520,1i,150.0,0,0.0,0,0.0,False,0.0,0.0,0.0,0.0,0.0,0.0,0.0
525,1i,150.0,0,0.0,0,0.0,False,0.0,0.0,0.0,0.0,0.0,0.0,0.0
530,1i,150.0,0,0.0,0,0.0,False,0.0,0.0,0.0,0.0,0.0,0.0,0.0
535,1i,150.0,0,0.0,0,0.0,False,0.0,0.0,0.0,0.0,0.0,0.0,0.0
540,1i,150.0,0,0.0,0,0.0,False,0.0,0.0,0.0,0.0,0.0,0.0,0.0
545,1i,150.0,0,0.0,0,0.0,False,0.0,0.0,0.0,0.0,0.0,0.0,0.0
550,1i,150.0,0,0.0,0,0.0,False,0.0,0.0,0.0,0.0,0.0,0.0,0.0
555,1i,150.0,0,0.0,0,0.0,False,0.0,0.0,0.0,0.0,0.0,0.0,0.0
560,1i,150.0,0,0.0,0,0.0,False,0.0,0.0,0.0,0.0,0.0,0.0,0.0
565,1i,150.0,0,0.0,0,0.0,False,0.0,0.0,0.0,0.0,0.0,0.0,0.0
570,1i,150.0,0,0.0,0,0.0,False,0.0,0.0,0.0,0.0,0.0,0.0,0.0
575,1i,150.0,0,0.0,0,0.0,False,0.0,0.0,0.0,0.0,0.0,0.0,0.0
580,1i,150.0,0,0.0,0,0.0,False,0.0,0.0,0.0,0.0,0.0,0.0,0.0
585,1i,150.0,0,0.0,0,0.0,False,0.0,0.0,0.0,0.0,0.0,0.0,0.0
590,1i,150.0,0,0.0,0,0.0,False,0.0,0.0,0.0,0.0,0.0,0.0,0.0
595,1i,150.0,0,0.0,0,0.0,False,0.0,0.0,0.0,0.0,0.0,0.0,0.0
600,1i,150.0,0,0.0,0,0.0,False,0.0,0.0,0.0,0.0,0.0,0.0,0.0
605,1i,150.0,0,0.0,0,0.0,False,0.0,0.0,0.0,0.0,0.0,0.0,0.0
610,1i,150.0,0,0.0,0,0.0,False,0.0,0.0,0.0,0.0,0.0,0.0,0.0
615,1i,150.0,0,0.0,0,0.0,False,0.0,0.0,0.0,0.0,0.0,0.0,0.0
620,1i,150.0,0,0.0,0,0.0,False,0.0,0.0,0.0,0.0,0.0,0.0,0.0
625,1i,150.0,0,0.0,0,0.0,False,0.0,0.0,0.0,0.0,0.0,0.0,0.0
630,1i,150.0,0,0.0,0,0.0,False,0.0,0.0,0.0,0.0,0.0,0.0,0.0
635,1i,150.0,0,0.0,0,0.0,False,0.0,0.0,0.0,0.0,0.0,0.0,0.0
640,1i,150.0,0,0.0,0,0.0,False,0.0,0.0,0.0,0.0,0.0,0.0,0.0
645,1i,150.0,0,0.0,0,0.0,False,0.0,0.0,0.0,0.0,0.0,0.0,0.0
650,1i,150.0,0,0.0,0,0.0,False,0.0,0.0,0.0,0.0,0.0,0.0,0.0
655,1i,150.0,0,0.0,0,0.0,False,0.0,0.0,0.0,0.0,0.0,0.0,0.0
660,1i,150.0,0,0.0,0,0.0,False,0.0,0.0,0.0,0.0,0.0,0.0,0.0
665,1i,150.0,0,0.0,0,0.0,False,0.0,0.0,0.0,0.0,0.0,0.0,0.0
670,1i,150.0,0,0.0,0,0.0,False,0.0,0.0,0.0,0.0,0.0,0.0,0.0
675,1i,150.0,0,0.0,0,0.0,False,0.0,0.0,0.0,0.0,0.0,0.0,0.0
680,1i,150.0,0,0.0,0,0.0,False,0.0,0.0,0.0,0.0,0.0,0.0,0.0
685,1i,150.0,0,0.0,0,0.0,False,0.0,0.0,0.0,0.0,0.0,0.0,0.0
690,1i,150.0,0,0.0,0,0.0,False,0.0,0.0,0.0,0.0,0.0,0.0,0.0
695,1i,150.0,0,0.0,0,0.0,False,0.0,0.0,0.0,0.0,0.0,0.0,0.0
700,1i,150.0,0,0.0,0,0.0,False,0.0,0.0,0.0,0.0,0.0,0.0,0.0
705,1i,150.0,0,0.0,0,0.0,False,0.0,0.0,0.0,0.0,0.0,0.0,0.0
710,1i,150.0,0,0.0,0,0.0,False,0.0,0.0,0.0,0.0,0.0,0.0,0.0
715,1i,150.0,0,0.0,0,0.0,False,0.0,0.0,0.0,0.0,0.0,0.0,0.0
720,1i,150.0,0,0.0,0,0.0,False,0.0,0.0,0.0,0.0,0.0,0.0,0.0
725,1i,150.0,0,0.0,0,0.0,False,0.0,0.0,0.0,0.0,0.0,0.0,0.0
730,1i,150.0,0,0.0,0,0.0,False,0.0,0.0,0.0,0.0,0.0,0.0,0.0
735,1i,150.0,0,0.0,0,0.0,False,0.0,0.0,0.0,0.0,0.0,0.0,0.0
740,1i,150.0,0,0.0,0,0.0,False,0.0,0.0,0.0,0.0,0.0,0.0,0.0
745,1i,150.0,0,0.0,0,0.0,False,0.0,0.0,0.0,0.0,0.0,0.0,0.0
750,1i,150.0,0,0.0,0,0.0,False,0.0,0.0,0.0,0.0,0.0,0.0,0.0
755,1i,150.0,0,0.0,0,0.0,False,0.0,0.0,0.0,0.0,0.0,0.0,0.0
760,1i,150.0,0,0.0,0,0.0,False,0.0,0.0,0.0,0.0,0.0,0.0,0.0
765,1i,150.0,0,0.0,0,0.0,False,0.0,0.0,0.0,0.0,0.0,0.0,0.0
770,1i,150.0,0,0.0,0,0.0,False,0.0,0.0,0.0,0.0,0.0,0.0,0.0
775,1i,150.0,0,0.0,0,0.0,False,0.0,0.0,0.0,0.0,0.0,0.0,0.0
780,1i,150.0,0,0.0,0,0.0,False,0.0,0.0,0.0,0.0,0.0,0.0,0.0
785,1i,150.0,0,0.0,0,0.0,False,0.0,0.0,0.0,0.0,0.0,0.0,0.0
790,1i,150.0,0,0.0,0,0.0,False,0.0,0.0,0.0,0.0,0.0,0.0,0.0
795,1i,150.0,0,0.0,0,0.0,False,0.0,0.0,0.0,0.0,0.0,0.0,0.0
800,1i,150.0,0,0.0,0,0.0,False,0.0,0.0,0.0,0.0,0.0,0.0,0.0
805,1i,150.0,0,0.0,0,0.0,False,0.0,0.0,0.0,0.0,0.0,0.0,0.0
810,1i,150.0,0,0.0,0,0.0,False,0.0,0.0,0.0,0.0,0.0,0.0,0.0
815,1i,150.0,0,0.0,0,0.0,False,0.0,0.0,0.0,0.0,0.0,0.0,0.0
820,1i,150.0,0,0.0,0,0.0,False,0.0,0.0,0.0,0.0,0.0,0.0,0.0
825,1i,150.0,0,0.0,0,0.0,False,0.0,0.0,0.0,0.0,0.0,0.0,0.0
830,1i,150.0,0,0.0,0,0.0,False,0.0,0.0,0.0,0.0,0.0,0.0,0.0
835,1i,150.0,0,0.0,0,0.0,False,0.0,0.0,0.0,0.0,0.0,0.0,0.0
840,1i,150.0,0,0.0,0,0.0,False,0.0,0.0,0.0,0.0,0.0,0.0,0.0
845,1i,150.0,0,0.0,0,0.0,False,0.0,0.0,0.0,0.0,0.0,0.0,0.0
850,1i,150.0,0,0.0,0,0.0,False,0.0,0.0,0.0,0.0,0.0,0.0,0.0
855,1i,150.0,0,0.0,0,0.0,False,0.0,0.0,0.0,0.0,0.0,0.0,0.0
860,1i,150.0,0,0.0,0,0.0,False,0.0,0.0,0.0,0.0,0.0,0.0,0.0
865,1i,150.0,0,0.0,0,0.0,False,0.0,0.0,0.0,0.0,0.0,0.0,0.0
870,1i,150.0,0,0.0,0,0.0,False,0.0,0.0,0.0,0.0,0.0,0.0,0.0
875,1i,150.0,0,0.0,0,0.0,False,0.0,0.0,0.0,0.0,0.0,0.0,0.0
880,1i,150.0,0,0.0,0,0.0,False,0.0,0.0,0.0,0.0,0.0,0.0,0.0
885,1i,150.0,0,0.0,0,0.0,False,0.0,0.0,0.0,0.0,0.0,0.0,0.0
890,1i,150.0,0,0.0,0,0.0,False,0.0,0.0,0.0,0.0,0.0,0.0,0.0
895,1i,150.0,0,0.0,0,0.0,False,0.0,0.0,0.0,0.0,0.0,0.0,0.0
900,1i,150.0,0,0.0,0,0.0,False,0.0,0.0,0.0,0.0,0.0,0.0,0.0
905,1i,150.0,0,0.0,0,0.0,False,0.0,0.0,0.0,0.0,0.0,0.0,0.0
910,1i,150.0,0,0.0,0,0.0,False,0.0,0.0,0.0,0.0,0.0,0.0,0.0
915,1i,150.0,0,0.0,0,0.0,False,0.0,0.0,0.0,0.0,0.0,0.0,0.0
920,1i,150.0,0,0.0,0,0.0,False,0.0,0.0,0.0,0.0,0.0,0.0,0.0
925,1i,150.0,0,0.0,0,0.0,False,0.0,0.0,0.0,0.0,0.0,0.0,0.0
930,1i,150.0,0,0.0,0,0.0,False,0.0,0.0,0.0,0.0,0.0,0.0,0.0
935,1i,150.0,0,0.0,0,0.0,False,0.0,0.0,0.0,0.0,0.0,0.0,0.0
940,1i,150.0,0,0.0,0,0.0,False,0.0,0.0,0.0,0.0,0.0,0.0,0.0
945,1i,150.0,0,0.0,0,0.0,False,0.0,0.0,0.0,0.0,0.0,0.0,0.0
950,1i,150.0,0,0.0,0,0.0,False,0.0,0.0,0.0,0.0,0.0,0.0,0.0
955,1i,150.0,0,0.0,0,0.0,False,0.0,0.0,0.0,0.0,0.0,0.0,0.0
960,1i,150.0,0,0.0,0,0.0,False,0.0,0.0,0.0,0.0,0.0,0.0,0.0
965,1i,150.0,0,0.0,0,0.0,False,0.0,0.0,0.0,0.0,0.0,0.0,0.0
970,1i,150.0,0,0.0,0,0.0,False,0.0,0.0,0.0,0.0,0.0,0.0,0.0
975,1i,150.0,0,0.0,0,0.0,False,0.0,0.0,0.0,0.0,0.0,0.0,0.0
980,1i,150.0,0,0.0,0,0.0,False,0.0,0.0,0.0,0.0,0.0,0.0,0.0
985,1i,150.0,0,0.0,0,0.0,False,0.0,0.0,0.0,0.0,0.0,0.0,0.0
990,1i,150.0,0,0.0,0,0.0,False,0.0,0.0,0.0,0.0,0.0,0.0,0.0
995,1i,150.0,0,0.0,0,0.0,False,0.0,0.0,0.0,0.0,0.0,0.0,0.0
1000,1i,150.0,0,0.0,0,0.0,False,0.0,0.0,0.0,0.0,0.0,0.0,0.0
1005,1i,150.0,0,0.0,0,0.0,False,0.0,0.0,0.0,0.0,0.0,0.0,0.0
1010,1i,150.0,0,0.0,0,0.0,False,0.0,0.0,0.0,0.0,0.0,0.0,0.0
1015,1i,150.0,0,0.0,0,0.0,False,0.0,0.0,0.0,0.0,0.0,0.0,0.0
1020,1i,150.0,0,0.0,0,0.0,False,0.0,0.0,0.0,0.0,0.0,0.0,0.0
1025,1i,150.0,0,0.0,0,0.0,False,0.0,0.0,0.0,0.0,0.0,0.0,0.0
1030,1i,150.0,0,0.0,0,0.0,False,0.0,0.0,0.0,0.0,0.0,0.0,0.0
1035,1i,150.0,0,0.0,0,0.0,False,0.0,0.0,0.0,0.0,0.0,0.0,0.0
1040,1i,150.0,0,0.0,0,0.0,False,0.0,0.0,0.0,0.0,0.0,0.0,0.0
1045,1i,150.0,0,0.0,0,0.0,False,0.0,0.0,0.0,0.0,0.0,0.0,0.0
1050,1i,150.0,0,0.0,0,0.0,False,0.0,0.0,0.0,0.0,0.0,0.0,0.0
1055,1i,150.0,0,0.0,0,0.0,False,0.0,0.0,0.0,0.0,0.0,0.0,0.0
1060,1i,150.0,0,0.0,0,0.0,False,0.0,0.0,0.0,0.0,0.0,0.0,0.0
1065,1i,150.0,0,0.0,0,0.0,False,0.0,0.0,0.0,0.0,0.0,0.0,0.0
1070,1i,150.0,0,0.0,0,0.0,False,0.0,0.0,0.0,0.0,0.0,0.0,0.0
1075,1i,150.0,0,0.0,0,0.0,False,0.0,0.0,0.0,0.0,0.0,0.0,0.0
1080,1i,150.0,0,0.0,0,0.0,False,0.0,0.0,0.0,0.0,0.0,0.0,0.0
1085,1i,150.0,0,0.0,0,0.0,False,0.0,0.0,0.0,0.0,0.0,0.0,0.0
1090,1i,150.0,0,0.0,0,0.0,False,0.0,0.0,0.0,0.0,0.0,0.0,0.0
1095,1i,150.0,0,0.0,0,0.0,False,0.0,0.0,0.0,0.0,0.0,0.0,0.0
1100,1i,150.0,0,0.0,0,0.0,False,0.0,0.0,0.0,0.0,0.0,0.0,0.0
1105,1i,150.0,0,0.0,0,0.0,False,0.0,0.0,0.0,0.0,0.0,0.0,0.0
1110,1i,150.0,0,0.0,0,0.0,False,0.0,0.0,0.0,0.0,0.0,0.0,0.0
1115,1i,150.0,0,0.0,0,0.0,False,0.0,0.0,0.0,0.0,0.0,0.0,0.0
1120,1i,150.0,0,0.0,0,0.0,False,0.0,0.0,0.0,0.0,0.0,0.0,0.0
1125,1i,150.0,0,0.0,0,0.0,False,0.0,0.0,0.0,0.0,0.0,0.0,0.0
1130,1i,150.0,0,0.0,0,0.0,False,0.0,0.0,0.0,0.0,0.0,0.0,0.0
1135,1i,150.0,0,0.0,0,0.0,False,0.0,0.0,0.0,0.0,0.0,0.0,0.0
1140,1i,150.0,0,0.0,0,0.0,False,0.0,0.0,0.0,0.0,0.0,0.0,0.0
1145,1i,150.0,0,0.0,0,0.0,False,0.0,0.0,0.0,0.0,0.0,0.0,0.0
1150,1i,150.0,0,0.0,0,0.0,False,0.0,0.0,0.0,0.0,0.0,0.0,0.0
1155,1i,150.0,0,0.0,0,0.0,False,0.0,0.0,0.0,0.0,0.0,0.0,0.0
1160,1i,150.0,0,0.0,0,0.0,False,0.0,0.0,0.0,0.0,0.0,0.0,0.0
1165,1i,150.0,0,0.0,0,0.0,False,0.0,0.0,0.0,0.0,0.0,0.0,0.0
1170,1i,150.0,0,0.0,0,0.0,False,0.0,0.0,0.0,0.0,0.0,0.0,0.0
1175,1i,150.0,0,0.0,0,0.0,False,0.0,0.0,0.0,0.0,0.0,0.0,0.0
1180,1i,150.0,0,0.0,0,0.0,False,0.0,0.0,0.0,0.0,0.0,0.0,0.0
1185,1i,150.0,0,0.0,0,0.0,False,0.0,0.0,0.0,0.0,0.0,0.0,0.0
1190,1i,150.0,0,0.0,0,0.0,False,0.0,0.0,0.0,0.0,0.0,0.0,0.0
1195,1i,150.0,0,0.0,0,0.0,False,0.0,0.0,0.0,0.0,0.0,0.0,0.0
1200,1i,150.0,0,0.0,0,0.0,False,0.0,0.0,0.0,0.0,0.0,0.0,0.0
1205,1i,150.0,0,0.0,0,0.0,False,0.0,0.0,0.0,0.0,0.0,0.0,0.0
1210,1i,150.0,0,0.0,0,0.0,False,0.0,0.0,0.0,0.0,0.0,0.0,0.0
1215,1i,150.0,0,0.0,0,0.0,False,0.0,0.0,0.0,0.0,0.0,0.0,0.0
1220,1i,150.0,0,0.0,0,0.0,False,0.0,0.0,0.0,0.0,0.0,0.0,0.0
1225,1i,150.0,0,0.0,0,0.0,False,0.0,0.0,0.0,0.0,0.0,0.0,0.0
1230,1i,150.0,0,0.0,0,0.0,False,0.0,0.0,0.0,0.0,0.0,0.0,0.0
1235,1i,150.0,0,0.0,0,0.0,False,0.0,0.0,0.0,0.0,0.0,0.0,0.0
1240,1i,150.0,0,0.0,0,0.0,False,0.0,0.0,0.0,0.0,0.0,0.0,0.0
1245,1i,150.0,0,0.0,0,0.0,False,0.0,0.0,0.0,0.0,0.0,0.0,0.0
1250,1i,150.0,0,0.0,0,0.0,False,0.0,0.0,0.0,0.0,0.0,0.0,0.0
1255,1i,150.0,0,0.0,0,0.0,False,0.0,0.0,0.0,0.0,0.0,0.0,0.0
1260,1i,150.0,0,0.0,0,0.0,False,0.0,0.0,0.0,0.0,0.0,0.0,0.0
1265,1i,150.0,0,0.0,0,0.0,False,0.0,0.0,0.0,0.0,0.0,0.0,0.0
1270,1i,150.0,0,0.0,0,0.0,False,0.0,0.0,0.0,0.0,0.0,0.0,0.0
1275,1i,150.0,0,0.0,0,0.0,False,0.0,0.0,0.0,0.0,0.0,0.0,0.0
1280,1i,150.0,0,0.0,0,0.0,False,0.0,0.0,0.0,0.0,0.0,0.0,0.0
1285,1i,150.0,0,0.0,0,0.0,False,0.0,0.0,0.0,0.0,0.0,0.0,0.0
1290,1i,150.0,0,0.0,0,0.0,False,0.0,0.0,0.0,0.0,0.0,0.0,0.0
1295,1i,150.0,0,0.0,0,0.0,False,0.0,0.0,0.0,0.0,0.0,0.0,0.0
1300,1i,150.0,0,0.0,0,0.0,False,0.0,0.0,0.0,0.0,0.0,0.0,0.0
1305,1i,150.0,0,0.0,0,0.0,False,0.0,0.0,0.0,0.0,0.0,0.0,0.0
1310,1i,150.0,0,0.0,0,0.0,False,0.0,0.0,0.0,0.0,0.0,0.0,0.0
1315,1i,150.0,0,0.0,0,0.0,False,0.0,0.0,0.0,0.0,0.0,0.0,0.0
1320,1i,150.0,0,0.0,0,0.0,False,0.0,0.0,0.0,0.0,0.0,0.0,0.0
1325,1i,150.0,0,0.0,0,0.0,False,0.0,0.0,0.0,0.0,0.0,0.0,0.0
1330,1i,150.0,0,0.0,0,0.0,False,0.0,0.0,0.0,0.0,0.0,0.0,0.0
1335,1i,150.0,0,0.0,0,0.0,False,0.0,0.0,0.0,0.0,0.0,0.0,0.0
1340,1i,150.0,0,0.0,0,0.0,False,0.0,0.0,0.0,0.0,0.0,0.0,0.0
1345,1i,150.0,0,0.0,0,0.0,False,0.0,0.0,0.0,0.0,0.0,0.0,0.0
1350,1i,150.0,0,0.0,0,0.0,False,0.0,0.0,0.0,0.0,0.0,0.0,0.0
1355,1i,150.0,0,0.0,0,0.0,False,0.0,0.0,0.0,0.0,0.0,0.0,0.0
1360,1i,150.0,0,0.0,0,0.0,False,0.0,0.0,0.0,0.0,0.0,0.0,0.0
1365,1i,150.0,0,0.0,0,0.0,False,0.0,0.0,0.0,0.0,0.0,0.0,0.0
1370,1i,150.0,0,0.0,0,0.0,False,0.0,0.0,0.0,0.0,0.0,0.0,0.0
1375,1i,150.0,0,0.0,0,0.0,False,0.0,0.0,0.0,0.0,0.0,0.0,0.0
1380,1i,150.0,0,0.0,0,0.0,False,0.0,0.0,0.0,0.0,0.0,0.0,0.0
1385,1i,150.0,0,0.0,0,0.0,False,0.0,0.0,0.0,0.0,0.0,0.0,0.0
1390,1i,150.0,0,0.0,0,0.0,False,0.0,0.0,0.0,0.0,0.0,0.0,0.0
1395,1i,150.0,0,0.0,0,0.0,False,0.0,0.0,0.0,0.0,0.0,0.0,0.0
1400,1i,150.0,0,0.0,0,0.0,False,0.0,0.0,0.0,0.0,0.0,0.0,0.0
1405,1i,150.0,0,0.0,0,0.0,False,0.0,0.0,0.0,0.0,0.0,0.0,0.0
1410,1i,150.0,0,0.0,0,0.0,False,0.0,0.0,0.0,0.0,0.0,0.0,0.0
1415,1i,150.0,0,0.0,0,0.0,False,0.0,0.0,0.0,0.0,0.0,0.0,0.0
1420,1i,150.0,0,0.0,0,0.0,False,0.0,0.0,0.0,0.0,0.0,0.0,0.0
1425,1i,150.0,0,0.0,0,0.0,False,0.0,0.0,0.0,0.0,0.0,0.0,0.0
1430,1i,150.0,0,0.0,0,0.0,False,0.0,0.0,0.0,0.0,0.0,0.0,0.0
1435,1i,150.0,0,0.0,0,0.0,False,0.0,0.0,0.0,0.0,0.0,0.0,0.0
1440,1i,150.0,0,0.0,0,0.0,False,0.0,0.0,0.0,0.0,0.0,0.0,0.0
1445,1i,150.0,0,0.0,0,0.0,False,0.0,0.0,0.0,0.0,0.0,0.0,0.0
1450,1i,150.0,0,0.0,0,0.0,False,0.0,0.0,0.0,0.0,0.0,0.0,0.0
1455,1i,150.0,0,0.0,0,0.0,False,0.0,0.0,0.0,0.0,0.0,0.0,0.0
1460,1i,150.0,0,0.0,0,0.0,False,0.0,0.0,0.0,0.0,0.0,0.0,0.0
1465,1i,150.0,0,0.0,0,0.0,False,0.0,0.0,0.0,0.0,0.0,0.0,0.0
1470,1i,150.0,0,0.0,0,0.0,False,0.0,0.0,0.0,0.0,0.0,0.0,0.0
1475,1i,150.0,0,0.0,0,0.0,False,0.0,0.0,0.0,0.0,0.0,0.0,0.0
1480,1i,150.0,0,0.0,0,0.0,False,0.0,0.0,0.0,0.0,0.0,0.0,0.0
1485,1i,150.0,0,0.0,0,0.0,False,0.0,0.0,0.0,0.0,0.0,0.0,0.0
1490,1i,150.0,0,0.0,0,0.0,False,0.0,0.0,0.0,0.0,0.0,0.0,0.0
1495,1i,150.0,0,0.0,0,0.0,False,0.0,0.0,0.0,0.0,0.0,0.0,0.0
1500,1i,150.0,0,0.0,0,0.0,False,0.0,0.0,0.0,0.0,0.0,0.0,0.0
1505,1i,150.0,0,0.0,0,0.0,False,0.0,0.0,0.0,0.0,0.0,0.0,0.0
1510,1i,150.0,0,0.0,0,0.0,False,0.0,0.0,0.0,0.0,0.0,0.0,0.0
1515,1i,150.0,0,0.0,0,0.0,False,0.0,0.0,0.0,0.0,0.0,0.0,0.0
1520,1i,150.0,0,0.0,0,0.0,False,0.0,0.0,0.0,0.0,0.0,0.0,0.0
1525,1i,150.0,0,0.0,0,0.0,False,0.0,0.0,0.0,0.0,0.0,0.0,0.0
1530,1i,150.0,0,0.0,0,0.0,False,0.0,0.0,0.0,0.0,0.0,0.0,0.0
1535,1i,150.0,0,0.0,0,0.0,False,0.0,0.0,0.0,0.0,0.0,0.0,0.0
1540,1i,150.0,0,0.0,0,0.0,False,0.0,0.0,0.0,0.0,0.0,0.0,0.0
1545,1i,150.0,0,0.0,0,0.0,False,0.0,0.0,0.0,0.0,0.0,0.0,0.0
1550,1i,150.0,0,0.0,0,0.0,False,0.0,0.0,0.0,0.0,0.0,0.0,0.0
1555,1i,150.0,0,0.0,0,0.0,False,0.0,0.0,0.0,0.0,0.0,0.0,0.0
1560,1i,150.0,0,0.0,0,0.0,False,0.0,0.0,0.0,0.0,0.0,0.0,0.0
1565,1i,150.0,0,0.0,0,0.0,False,0.0,0.0,0.0,0.0,0.0,0.0,0.0
1570,1i,150.0,0,0.0,0,0.0,False,0.0,0.0,0.0,0.0,0.0,0.0,0.0
1575,1i,150.0,0,0.0,0,0.0,False,0.0,0.0,0.0,0.0,0.0,0.0,0.0
1580,1i,150.0,0,0.0,0,0.0,False,0.0,0.0,0.0,0.0,0.0,0.0,0.0
1585,1i,150.0,0,0.0,0,0.0,False,0.0,0.0,0.0,0.0,0.0,0.0,0.0
1590,1i,150.0,0,0.0,0,0.0,False,0.0,0.0,0.0,0.0,0.0,0.0,0.0
1595,1i,150.0,0,0.0,0,0.0,False,0.0,0.0,0.0,0.0,0.0,0.0,0.0
1600,1i,150.0,0,0.0,0,0.0,False,0.0,0.0,0.0,0.0,0.0,0.0,0.0
1605,1i,150.0,0,0.0,0,0.0,False,0.0,0.0,0.0,0.0,0.0,0.0,0.0
1610,1i,150.0,0,0.0,0,0.0,False,0.0,0.0,0.0,0.0,0.0,0.0,0.0
1615,1i,150.0,0,0.0,0,0.0,False,0.0,0.0,0.0,0.0,0.0,0.0,0.0
1620,1i,150.0,0,0.0,0,0.0,False,0.0,0.0,0.0,0.0,0.0,0.0,0.0
1625,1i,150.0,0,0.0,0,0.0,False,0.0,0.0,0.0,0.0,0.0,0.0,0.0
1630,1i,150.0,0,0.0,0,0.0,False,0.0,0.0,0.0,0.0,0.0,0.0,0.0
1635,1i,150.0,0,0.0,0,0.0,False,0.0,0.0,0.0,0.0,0.0,0.0,0.0
1640,1i,150.0,0,0.0,0,0.0,False,0.0,0.0,0.0,0.0,0.0,0.0,0.0
1645,1i,150.0,0,0.0,0,0.0,False,0.0,0.0,0.0,0.0,0.0,0.0,0.0
1650,1i,150.0,0,0.0,0,0.0,False,0.0,0.0,0.0,0.0,0.0,0.0,0.0
1655,1i,150.0,0,0.0,0,0.0,False,0.0,0.0,0.0,0.0,0.0,0.0,0.0
1660,1i,150.0,0,0.0,0,0.0,False,0.0,0.0,0.0,0.0,0.0,0.0,0.0
1665,1i,150.0,0,0.0,0,0.0,False,0.0,0.0,0.0,0.0,0.0,0.0,0.0
1670,1i,150.0,0,0.0,0,0.0,False,0.0,0.0,0.0,0.0,0.0,0.0,0.0
1675,1i,150.0,0,0.0,0,0.0,False,0.0,0.0,0.0,0.0,0.0,0.0,0.0
1680,1i,150.0,0,0.0,0,0.0,False,0.0,0.0,0.0,0.0,0.0,0.0,0.0
1685,1i,150.0,0,0.0,0,0.0,False,0.0,0.0,0.0,0.0,0.0,0.0,0.0
1690,1i,150.0,0,0.0,0,0.0,False,0.0,0.0,0.0,0.0,0.0,0.0,0.0
1695,1i,150.0,0,0.0,0,0.0,False,0.0,0.0,0.0,0.0,0.0,0.0,0.0
1700,1i,150.0,0,0.0,0,0.0,False,0.0,0.0,0.0,0.0,0.0,0.0,0.0
1705,1i,150.0,0,0.0,0,0.0,False,0.0,0.0,0.0,0.0,0.0,0.0,0.0
1710,1i,150.0,0,0.0,0,0.0,False,0.0,0.0,0.0,0.0,0.0,0.0,0.0
1715,1i,150.0,0,0.0,0,0.0,False,0.0,0.0,0.0,0.0,0.0,0.0,0.0
1720,1i,150.0,0,0.0,0,0.0,False,0.0,0.0,0.0,0.0,0.0,0.0,0.0
1725,1i,150.0,0,0.0,0,0.0,False,0.0,0.0,0.0,0.0,0.0,0.0,0.0
1730,1i,150.0,0,0.0,0,0.0,False,0.0,0.0,0.0,0.0,0.0,0.0,0.0
1735,1i,150.0,0,0.0,0,0.0,False,0.0,0.0,0.0,0.0,0.0,0.0,0.0
1740,1i,150.0,0,0.0,0,0.0,False,0.0,0.0,0.0,0.0,0.0,0.0,0.0
1745,1i,150.0,0,0.0,0,0.0,False,0.0,0.0,0.0,0.0,0.0,0.0,0.0
1750,1i,150.0,0,0.0,0,0.0,False,0.0,0.0,0.0,0.0,0.0,0.0,0.0
1755,1i,150.0,0,0.0,0,0.0,False,0.0,0.0,0.0,0.0,0.0,0.0,0.0
1760,1i,150.0,0,0.0,0,0.0,False,0.0,0.0,0.0,0.0,0.0,0.0,0.0
1765,1i,150.0,0,0.0,0,0.0,False,0.0,0.0,0.0,0.0,0.0,0.0,0.0
1770,1i,150.0,0,0.0,0,0.0,False,0.0,0.0,0.0,0.0,0.0,0.0,0.0
1775,1i,150.0,0,0.0,0,0.0,False,0.0,0.0,0.0,0.0,0.0,0.0,0.0
1780,1i,150.0,0,0.0,0,0.0,False,0.0,0.0,0.0,0.0,0.0,0.0,0.0
1785,1i,150.0,0,0.0,0,0.0,False,0.0,0.0,0.0,0.0,0.0,0.0,0.0
1790,1i,150.0,0,0.0,0,0.0,False,0.0,0.0,0.0,0.0,0.0,0.0,0.0
1795,1i,150.0,0,0.0,0,0.0,False,0.0,0.0,0.0,0.0,0.0,0.0,0.0
1800,1i,150.0,0,0.0,0,0.0,False,0.0,0.0,0.0,0.0,0.0,0.0,0.0
1805,1i,150.0,0,0.0,0,0.0,False,0.0,0.0,0.0,0.0,0.0,0.0,0.0
1810,1i,150.0,0,0.0,0,0.0,False,0.0,0.0,0.0,0.0,0.0,0.0,0.0
1815,1i,150.0,0,0.0,0,0.0,False,0.0,0.0,0.0,0.0,0.0,0.0,0.0
1820,1i,150.0,0,0.0,0,0.0,False,0.0,0.0,0.0,0.0,0.0,0.0,0.0
1825,1i,150.0,0,0.0,0,0.0,False,0.0,0.0,0.0,0.0,0.0,0.0,0.0
1830,1i,150.0,0,0.0,0,0.0,False,0.0,0.0,0.0,0.0,0.0,0.0,0.0
1835,1i,150.0,0,0.0,0,0.0,False,0.0,0.0,0.0,0.0,0.0,0.0,0.0
1840,1i,150.0,0,0.0,0,0.0,False,0.0,0.0,0.0,0.0,0.0,0.0,0.0
1845,1i,150.0,0,0.0,0,0.0,False,0.0,0.0,0.0,0.0,0.0,0.0,0.0
1850,1i,150.0,0,0.0,0,0.0,False,0.0,0.0,0.0,0.0,0.0,0.0,0.0
1855,1i,150.0,0,0.0,0,0.0,False,0.0,0.0,0.0,0.0,0.0,0.0,0.0
1860,1i,150.0,0,0.0,0,0.0,False,0.0,0.0,0.0,0.0,0.0,0.0,0.0
1865,1i,150.0,0,0.0,0,0.0,False,0.0,0.0,0.0,0.0,0.0,0.0,0.0
1870,1i,150.0,0,0.0,0,0.0,False,0.0,0.0,0.0,0.0,0.0,0.0,0.0
1875,1i,150.0,0,0.0,0,0.0,False,0.0,0.0,0.0,0.0,0.0,0.0,0.0
1880,1i,150.0,0,0.0,0,0.0,False,0.0,0.0,0.0,0.0,0.0,0.0,0.0
1885,1i,150.0,0,0.0,0,0.0,False,0.0,0.0,0.0,0.0,0.0,0.0,0.0
1890,1i,150.0,0,0.0,0,0.0,False,0.0,0.0,0.0,0.0,0.0,0.0,0.0
1895,1i,150.0,0,0.0,0,0.0,False,0.0,0.0,0.0,0.0,0.0,0.0,0.0
1900,1i,150.0,0,0.0,0,0.0,False,0.0,0.0,0.0,0.0,0.0,0.0,0.0
1905,1i,150.0,0,0.0,0,0.0,False,0.0,0.0,0.0,0.0,0.0,0.0,0.0
1910,1i,150.0,0,0.0,0,0.0,False,0.0,0.0,0.0,0.0,0.0,0.0,0.0
1915,1i,150.0,0,0.0,0,0.0,False,0.0,0.0,0.0,0.0,0.0,0.0,0.0
1920,1i,150.0,0,0.0,0,0.0,False,0.0,0.0,0.0,0.0,0.0,0.0,0.0
1925,1i,150.0,0,0.0,0,0.0,False,0.0,0.0,0.0,0.0,0.0,0.0,0.0
1930,1i,150.0,0,0.0,0,0.0,False,0.0,0.0,0.0,0.0,0.0,0.0,0.0
1935,1i,150.0,0,0.0,0,0.0,False,0.0,0.0,0.0,0.0,0.0,0.0,0.0
1940,1i,150.0,0,0.0,0,0.0,False,0.0,0.0,0.0,0.0,0.0,0.0,0.0
1945,1i,150.0,0,0.0,0,0.0,False,0.0,0.0,0.0,0.0,0.0,0.0,0.0
1950,1i,150.0,0,0.0,0,0.0,False,0.0,0.0,0.0,0.0,0.0,0.0,0.0
1955,1i,150.0,0,0.0,0,0.0,False,0.0,0.0,0.0,0.0,0.0,0.0,0.0
1960,1i,150.0,0,0.0,0,0.0,False,0.0,0.0,0.0,0.0,0.0,0.0,0.0
1965,1i,150.0,0,0.0,0,0.0,False,0.0,0.0,0.0,0.0,0.0,0.0,0.0
1970,1i,150.0,0,0.0,0,0.0,False,0.0,0.0,0.0,0.0,0.0,0.0,0.0
1975,1i,150.0,0,0.0,0,0.0,False,0.0,0.0,0.0,0.0,0.0,0.0,0.0
1980,1i,150.0,0,0.0,0,0.0,False,0.0,0.0,0.0,0.0,0.0,0.0,0.0
1985,1i,150.0,0,0.0,0,0.0,False,0.0,0.0,0.0,0.0,0.0,0.0,0.0
1990,1i,150.0,0,0.0,0,0.0,False,0.0,0.0,0.0,0.0,0.0,0.0,0.0
1995,1i,150.0,0,0.0,0,0.0,False,0.0,0.0,0.0,0.0,0.0,0.0,0.0
2000,1i,150.0,0,0.0,0,0.0,False,0.0,0.0,0.0,0.0,0.0,0.0,0.0
2005,1i,150.0,0,0.0,0,0.0,False,0.0,0.0,0.0,0.0,0.0,0.0,0.0
2010,1i,150.0,0,0.0,0,0.0,False,0.0,0.0,0.0,0.0,0.0,0.0,0.0
2015,1i,150.0,0,0.0,0,0.0,False,0.0,0.0,0.0,0.0,0.0,0.0,0.0
2020,1i,150.0,0,0.0,0,0.0,False,0.0,0.0,0.0,0.0,0.0,0.0,0.0
2025,1i,150.0,0,0.0,0,0.0,False,0.0,0.0,0.0,0.0,0.0,0.0,0.0
2030,1i,150.0,0,0.0,0,0.0,False,0.0,0.0,0.0,0.0,0.0,0.0,0.0
2035,1i,150.0,0,0.0,0,0.0,False,0.0,0.0,0.0,0.0,0.0,0.0,0.0
2040,1i,150.0,0,0.0,0,0.0,False,0.0,0.0,0.0,0.0,0.0,0.0,0.0
2045,1i,150.0,0,0.0,0,0.0,False,0.0,0.0,0.0,0.0,0.0,0.0,0.0
2050,1i,150.0,0,0.0,0,0.0,False,0.0,0.0,0.0,0.0,0.0,0.0,0.0
2055,1i,150.0,0,0.0,0,0.0,False,0.0,0.0,0.0,0.0,0.0,0.0,0.0
2060,1i,150.0,0,0.0,0,0.0,False,0.0,0.0,0.0,0.0,0.0,0.0,0.0
2065,1i,150.0,0,0.0,0,0.0,False,0.0,0.0,0.0,0.0,0.0,0.0,0.0
2070,1i,150.0,0,0.0,0,0.0,False,0.0,0.0,0.0,0.0,0.0,0.0,0.0
2075,1i,150.0,0,0.0,0,0.0,False,0.0,0.0,0.0,0.0,0.0,0.0,0.0
2080,1i,150.0,0,0.0,0,0.0,False,0.0,0.0,0.0,0.0,0.0,0.0,0.0
2085,1i,150.0,0,0.0,0,0.0,False,0.0,0.0,0.0,0.0,0.0,0.0,0.0
2090,1i,150.0,0,0.0,0,0.0,False,0.0,0.0,0.0,0.0,0.0,0.0,0.0
2095,1i,150.0,0,0.0,0,0.0,False,0.0,0.0,0.0,0.0,0.0,0.0,0.0
2100,1i,150.0,0,0.0,0,0.0,False,0.0,0.0,0.0,0.0,0.0,0.0,0.0
2105,1i,150.0,0,0.0,0,0.0,False,0.0,0.0,0.0,0.0,0.0,0.0,0.0
2110,1i,150.0,0,0.0,0,0.0,False,0.0,0.0,0.0,0.0,0.0,0.0,0.0
2115,1i,150.0,0,0.0,0,0.0,False,0.0,0.0,0.0,0.0,0.0,0.0,0.0
2120,1i,150.0,0,0.0,0,0.0,False,0.0,0.0,0.0,0.0,0.0,0.0,0.0
2125,1i,150.0,0,0.0,0,0.0,False,0.0,0.0,0.0,0.0,0.0,0.0,0.0
2130,1i,150.0,0,0.0,0,0.0,False,0.0,0.0,0.0,0.0,0.0,0.0,0.0
2135,1i,150.0,0,0.0,0,0.0,False,0.0,0.0,0.0,0.0,0.0,0.0,0.0
2140,1i,150.0,0,0.0,0,0.0,False,0.0,0.0,0.0,0.0,0.0,0.0,0.0
2145,1i,150.0,0,0.0,0,0.0,False,0.0,0.0,0.0,0.0,0.0,0.0,0.0
2150,1i,150.0,0,0.0,0,0.0,False,0.0,0.0,0.0,0.0,0.0,0.0,0.0
2155,1i,150.0,0,0.0,0,0.0,False,0.0,0.0,0.0,0.0,0.0,0.0,0.0
2160,1i,150.0,0,0.0,0,0.0,False,0.0,0.0,0.0,0.0,0.0,0.0,0.0
2165,1i,150.0,0,0.0,0,0.0,False,0.0,0.0,0.0,0.0,0.0,0.0,0.0
2170,1i,150.0,0,0.0,0,0.0,False,0.0,0.0,0.0,0.0,0.0,0.0,0.0
2175,1i,150.0,2,23.4977,0,0.0,False,0.0,23.4977,0.0,0.0,1.0,0.0,0.0
2180,1i,150.0,3,16.9557,0,0.0,False,0.0,16.9557,0.0,0.3333333333333333,0.6666666666666666,0.0,0.0
2185,1i,150.0,3,2.511,0,0.0,False,0.0,2.511,0.0,0.3333333333333333,0.6666666666666666,0.0,0.0
2190,1i,150.0,3,0.0005,3,1.0,False,1.0,0.0005,0.006666666666666667,0.3333333333333333,0.6666666666666666,0.0,0.0
2195,1i,150.0,3,0.0,3,1.0,False,1.0,0.0,0.006666666666666667,0.3333333333333333,0.6666666666666666,0.0,0.0
2200,1i,150.0,3,0.0,3,1.0,False,1.0,0.0,0.006666666666666667,0.3333333333333333,0.6666666666666666,0.0,0.0
2205,1i,150.0,3,0.0,3,1.0,False,1.0,-23.4977,0.006666666666666667,0.3333333333333333,0.6666666666666666,0.0,0.0
2210,1i,150.0,3,17.6964,1,1.0,False,1.0,0.7407000000000004,0.006666666666666667,0.6666666666666666,0.3333333333333333,0.0,0.0
2215,1i,150.0,4,12.0503,1,1.0,False,1.0,9.5393,0.006666666666666667,0.5,0.25,0.0,0.25
2220,1i,150.0,3,4.5702,1,1.0,False,0.0,4.5697,0.006666666666666667,0.3333333333333333,0.3333333333333333,0.0,0.3333333333333333
2225,1i,150.0,3,2.8072,2,8.0,False,7.0,2.8072,0.05333333333333334,0.3333333333333333,0.3333333333333333,0.0,0.3333333333333333
2230,1i,150.0,2,0.0,2,8.0,False,7.0,0.0,0.05333333333333334,0.5,0.5,0.0,0.0
2235,1i,150.0,2,0.0,2,8.0,False,7.0,0.0,0.05333333333333334,0.5,0.5,0.0,0.0
2240,1i,150.0,1,4.6335,0,0.0,False,-1.0,-13.0629,0.0,1.0,0.0,0.0,0.0
2245,1i,150.0,1,24.4095,0,0.0,False,-1.0,12.359200000000001,0.0,0.0,1.0,0.0,0.0
2250,1i,150.0,3,16.933,0,0.0,False,-1.0,12.3628,0.0,0.0,0.6666666666666666,0.0,0.3333333333333333
2255,1i,150.0,3,7.1592,0,0.0,False,-8.0,4.352,0.0,0.0,0.6666666666666666,0.0,0.3333333333333333
2260,1i,150.0,3,0.3587,2,1.0,False,-7.0,0.3587,0.006666666666666667,0.0,0.6666666666666666,0.0,0.3333333333333333
2265,1i,150.0,3,0.0,3,1.0,False,-7.0,0.0,0.006666666666666667,0.0,0.6666666666666666,0.0,0.3333333333333333
2270,1i,150.0,3,0.0,3,1.0,False,1.0,-4.6335,0.006666666666666667,0.0,0.6666666666666666,0.0,0.3333333333333333
2275,1i,150.0,3,0.0,3,1.0,False,1.0,-24.4095,0.006666666666666667,0.0,0.6666666666666666,0.0,0.3333333333333333
2280,1i,150.0,4,5.6135,3,1.0,False,1.0,-11.3195,0.006666666666666667,0.0,0.75,0.0,0.25
2285,1i,150.0,6,6.808,3,1.0,False,1.0,-0.3512000000000004,0.006666666666666667,0.0,0.6666666666666666,0.0,0.3333333333333333
2290,1i,150.0,6,2.5992,4,8.01,False,7.01,2.2405,0.053399999999999996,0.0,0.6666666666666666,0.0,0.3333333333333333
2295,1i,150.0,6,1.0563,5,8.01,False,7.01,1.0563,0.053399999999999996,0.0,0.6666666666666666,0.0,0.3333333333333333
2300,1i,150.0,2,0.9167,1,1.0,False,0.0,0.9167,0.006666666666666667,0.0,0.0,0.0,1.0
2305,1i,150.0,2,0.0024,2,15.04,False,14.04,0.0024,0.10026666666666666,0.0,0.0,0.0,1.0
2310,1i,150.0,2,0.0,2,15.04,False,14.04,-5.6135,0.10026666666666666,0.0,0.0,0.0,1.0
2315,1i,150.0,3,4.909,2,15.04,False,14.04,-1.899,0.10026666666666666,0.3333333333333333,0.0,0.0,0.6666666666666666
2320,1i,150.0,4,8.7208,2,15.04,False,7.029999999999999,6.121600000000001,0.10026666666666666,0.0,0.5,0.0,0.5
2325,1i,150.0,3,0.9576,2,15.04,False,7.029999999999999,-0.09870000000000001,0.10026666666666666,0.0,0.3333333333333333,0.0,0.6666666666666666
2330,1i,150.0,2,0.8205,1,28.69,False,27.69,-0.09619999999999995,0.19126666666666667,0.0,0.5,0.0,0.5
2335,1i,150.0,2,1.7012,0,0.0,False,-15.04,1.6988,0.0,0.0,0.5,0.0,0.5
2340,1i,150.0,2,0.0003,2,15.04,False,0.0,0.0003,0.10026666666666666,0.0,0.5,0.0,0.5
2345,1i,150.0,3,8.7724,2,15.04,False,0.0,3.8633999999999995,0.10026666666666666,0.3333333333333333,0.3333333333333333,0.0,0.3333333333333333
2350,1i,150.0,4,10.1657,2,15.04,False,0.0,1.4448999999999987,0.10026666666666666,0.5,0.25,0.0,0.25
2355,1i,150.0,5,6.7291,2,15.04,False,0.0,5.7715,0.10026666666666666,0.4,0.4,0.0,0.2
2360,1i,150.0,5,1.0215,3,15.04,False,-13.650000000000002,0.20100000000000007,0.10026666666666666,0.4,0.4,0.0,0.2
2365,1i,150.0,5,0.0,5,22.04,False,22.04,-1.7012,0.14693333333333333,0.4,0.4,0.0,0.2
2370,1i,150.0,5,0.0,5,22.04,False,7.0,-0.0003,0.14693333333333333,0.4,0.4,0.0,0.2
2375,1i,150.0,5,0.0,5,22.04,False,7.0,-8.7724,0.14693333333333333,0.4,0.4,0.0,0.2
2380,1i,150.0,5,0.0,5,22.04,False,7.0,-10.1657,0.14693333333333333,0.4,0.4,0.0,0.2
2385,1i,150.0,6,2.5093,5,22.04,False,7.0,-4.219799999999999,0.14693333333333333,0.3333333333333333,0.3333333333333333,0.0,0.3333333333333333
2390,1i,150.0,6,7.4217,3,22.04,False,7.0,6.4002,0.14693333333333333,0.16666666666666666,0.3333333333333333,0.0,0.5
2395,1i,150.0,5,3.0884,3,22.04,False,0.0,3.0884,0.14693333333333333,0.2,0.4,0.0,0.4
2400,1i,150.0,5,1.8425,4,26.04,False,4.0,1.8425,0.1736,0.2,0.4,0.0,0.4
2405,1i,150.0,4,0.0,4,26.04,False,4.0,0.0,0.1736,0.25,0.5,0.0,0.25
2410,1i,150.0,4,0.0,4,26.04,False,4.0,0.0,0.1736,0.25,0.5,0.0,0.25
2415,1i,150.0,4,0.0,4,26.04,False,4.0,-2.5093,0.1736,0.25,0.5,0.0,0.25
2420,1i,150.0,4,4.4089,2,26.04,False,4.0,-3.0128000000000004,0.1736,0.25,0.5,0.25,0.0
2425,1i,150.0,6,8.6311,0,0.0,False,-22.04,5.5427,0.0,0.3333333333333333,0.3333333333333333,0.16666666666666666,0.16666666666666666
2430,1i,150.0,6,2.8821,3,12.01,False,-14.03,1.0395999999999999,0.08006666666666666,0.3333333333333333,0.3333333333333333,0.16666666666666666,0.16666666666666666
2435,1i,150.0,6,1.1,5,12.0,False,-14.04,1.1,0.08,0.3333333333333333,0.3333333333333333,0.16666666666666666,0.16666666666666666
2440,1i,150.0,6,0.3499,5,12.0,False,-14.04,0.3499,0.08,0.3333333333333333,0.3333333333333333,0.16666666666666666,0.16666666666666666
2445,1i,150.0,6,0.0,6,19.0,False,-7.039999999999999,0.0,0.12666666666666668,0.3333333333333333,0.3333333333333333,0.16666666666666666,0.16666666666666666
2450,1i,150.0,7,2.4138,6,19.0,False,-7.039999999999999,-1.9950999999999999,0.12666666666666668,0.42857142857142855,0.2857142857142857,0.14285714285714285,0.14285714285714285
2455,1i,150.0,9,6.5052,6,19.0,False,19.0,-2.1258999999999997,0.12666666666666668,0.5555555555555556,0.2222222222222222,0.1111111111111111,0.1111111111111111
2460,1i,150.0,9,2.857,7,19.0,False,6.99,-0.025099999999999678,0.12666666666666668,0.5555555555555556,0.2222222222222222,0.1111111111111111,0.1111111111111111
2465,1i,150.0,9,0.2162,8,33.05,False,21.049999999999997,-0.8838000000000001,0.22033333333333333,0.5555555555555556,0.2222222222222222,0.1111111111111111,0.1111111111111111
2470,1i,150.0,9,0.0,9,33.05,False,21.049999999999997,-0.3499,0.22033333333333333,0.5555555555555556,0.2222222222222222,0.1111111111111111,0.1111111111111111
2475,1i,150.0,9,0.0,9,33.05,False,14.049999999999997,0.0,0.22033333333333333,0.5555555555555556,0.2222222222222222,0.1111111111111111,0.1111111111111111
2480,1i,150.0,5,0.0,5,33.05,False,14.049999999999997,-2.4138,0.22033333333333333,0.4,0.4,0.0,0.2
2485,1i,150.0,6,2.9188,5,33.05,False,14.049999999999997,-3.5864000000000003,0.22033333333333333,0.3333333333333333,0.5,0.0,0.16666666666666666
2490,1i,150.0,7,5.884,5,33.05,False,14.049999999999997,3.027,0.22033333333333333,0.42857142857142855,0.42857142857142855,0.0,0.14285714285714285
2495,1i,150.0,7,4.3497,5,33.05,False,0.0,4.133500000000001,0.22033333333333333,0.42857142857142855,0.2857142857142857,0.0,0.2857142857142857
2500,1i,150.0,6,1.6522,5,33.05,False,0.0,1.6522,0.22033333333333333,0.3333333333333333,0.3333333333333333,0.0,0.3333333333333333
2505,1i,150.0,6,0.9022,5,33.05,False,0.0,0.9022,0.22033333333333333,0.3333333333333333,0.3333333333333333,0.0,0.3333333333333333
2510,1i,150.0,5,1.388,2,33.05,False,0.0,1.388,0.22033333333333333,0.4,0.2,0.0,0.4
2515,1i,150.0,4,8.0441,0,0.0,False,-33.05,5.1253,0.0,0.5,0.0,0.0,0.5
2520,1i,150.0,4,4.7188,1,1.0,False,-32.05,-1.1652000000000005,0.006666666666666667,0.5,0.0,0.0,0.5
2525,1i,150.0,4,0.8631,3,19.04,False,-14.009999999999998,-3.4866,0.12693333333333331,0.5,0.0,0.0,0.5
2530,1i,150.0,6,5.4183,4,19.04,False,-14.009999999999998,3.7661000000000007,0.12693333333333331,0.3333333333333333,0.3333333333333333,0.0,0.3333333333333333
2535,1i,150.0,6,1.2553,4,19.04,False,-14.009999999999998,0.3531000000000001,0.12693333333333331,0.3333333333333333,0.3333333333333333,0.0,0.3333333333333333
2540,1i,150.0,6,0.0,6,33.08,False,0.030000000000001137,-1.388,0.22053333333333333,0.3333333333333333,0.3333333333333333,0.0,0.3333333333333333
2545,1i,150.0,6,0.0,6,33.08,False,33.08,-8.0441,0.22053333333333333,0.3333333333333333,0.3333333333333333,0.0,0.3333333333333333
2550,1i,150.0,7,3.5179,6,33.08,False,32.08,-1.2008999999999999,0.22053333333333333,0.2857142857142857,0.42857142857142855,0.0,0.2857142857142857
2555,1i,150.0,7,2.4661,6,33.08,False,14.04,1.603,0.22053333333333333,0.2857142857142857,0.42857142857142855,0.0,0.2857142857142857
2560,1i,150.0,9,6.041,6,33.08,False,14.04,0.6227,0.22053333333333333,0.4444444444444444,0.3333333333333333,0.0,0.2222222222222222
2565,1i,150.0,9,2.7557,7,33.08,False,14.04,1.5004,0.22053333333333333,0.4444444444444444,0.3333333333333333,0.0,0.2222222222222222
2570,1i,150.0,5,0.0073,4,33.08,False,0.0,0.0073,0.22053333333333333,0.4,0.2,0.0,0.4
2575,1i,150.0,5,0.0,5,40.09,False,7.010000000000005,0.0,0.2672666666666667,0.4,0.2,0.0,0.4
2580,1i,150.0,5,0.0,5,40.09,False,7.010000000000005,-3.5179,0.2672666666666667,0.4,0.2,0.0,0.4
2585,1i,150.0,6,3.1028,5,40.09,False,7.010000000000005,0.6366999999999998,0.2672666666666667,0.5,0.16666666666666666,0.0,0.3333333333333333
2590,1i,150.0,6,2.4954,5,40.09,False,7.010000000000005,-3.5456000000000003,0.2672666666666667,0.5,0.16666666666666666,0.0,0.3333333333333333
2595,1i,150.0,5,0.0,5,40.09,False,7.010000000000005,-2.7557,0.2672666666666667,0.4,0.2,0.0,0.4
2600,1i,150.0,6,5.7178,3,40.09,False,7.010000000000005,5.710500000000001,0.2672666666666667,0.3333333333333333,0.3333333333333333,0.0,0.3333333333333333
2605,1i,150.0,6,3.6704,0,0.0,False,-40.09,3.6704,0.0,0.3333333333333333,0.3333333333333333,0.0,0.3333333333333333
2610,1i,150.0,6,1.3083,4,19.07,False,-21.020000000000003,1.3083,0.12713333333333335,0.3333333333333333,0.3333333333333333,0.0,0.3333333333333333
2615,1i,150.0,6,0.4146,5,26.05,False,-14.040000000000003,-2.6881999999999997,0.17366666666666666,0.3333333333333333,0.3333333333333333,0.0,0.3333333333333333
2620,1i,150.0,7,2.2615,6,30.05,False,-10.040000000000003,-0.23390000000000022,0.20033333333333334,0.42857142857142855,0.2857142857142857,0.0,0.2857142857142857
2625,1i,150.0,7,1.2231,6,30.05,False,-10.040000000000003,1.2231,0.20033333333333334,0.42857142857142855,0.2857142857142857,0.0,0.2857142857142857
2630,1i,150.0,8,3.298,7,30.05,False,-10.040000000000003,-2.4198000000000004,0.20033333333333334,0.5,0.25,0.0,0.25
2635,1i,150.0,9,2.9942,7,30.05,False,30.05,-0.6761999999999997,0.20033333333333334,0.4444444444444444,0.3333333333333333,0.0,0.2222222222222222
2640,1i,150.0,9,0.0506,7,30.05,False,10.98,-1.2577,0.20033333333333334,0.4444444444444444,0.3333333333333333,0.0,0.2222222222222222
2645,1i,150.0,9,0.0,9,44.09,False,18.040000000000003,-0.4146,0.2939333333333334,0.4444444444444444,0.3333333333333333,0.0,0.2222222222222222
2650,1i,150.0,9,0.0,9,44.09,False,14.040000000000003,-2.2615,0.2939333333333334,0.4444444444444444,0.3333333333333333,0.0,0.2222222222222222
2655,1i,150.0,10,1.8056,9,44.09,False,14.040000000000003,0.5825,0.2939333333333334,0.5,0.3,0.0,0.2
2660,1i,150.0,6,0.0,6,44.09,False,14.040000000000003,-3.298,0.2939333333333334,0.3333333333333333,0.3333333333333333,0.0,0.3333333333333333
2665,1i,150.0,6,0.0,6,44.09,False,14.040000000000003,-2.9942,0.2939333333333334,0.3333333333333333,0.3333333333333333,0.0,0.3333333333333333
2670,1i,150.0,8,3.8536,6,44.09,False,14.040000000000003,3.803,0.2939333333333334,0.25,0.375,0.0,0.375
2675,1i,150.0,8,1.7365,6,44.09,False,0.0,1.7365,0.2939333333333334,0.25,0.375,0.0,0.375
2680,1i,150.0,8,1.1682,7,51.09,False,7.0,1.1682,0.3406,0.25,0.375,0.0,0.375
2685,1i,150.0,8,2.8797,7,51.09,False,7.0,1.0741,0.3406,0.375,0.375,0.0,0.25
2690,1i,150.0,7,2.5866,4,51.09,False,7.0,2.5866,0.3406,0.2857142857142857,0.42857142857142855,0.0,0.2857142857142857
2695,1i,150.0,6,2.464,1,50.3,False,6.209999999999994,2.464,0.3353333333333333,0.3333333333333333,0.5,0.0,0.16666666666666666
2700,1i,150.0,6,1.1036,3,8.09,False,-36.0,-2.75,0.05393333333333333,0.3333333333333333,0.5,0.0,0.16666666666666666
2705,1i,150.0,8,3.7772,6,33.41,False,-10.680000000000007,2.0407,0.2227333333333333,0.25,0.5,0.0,0.25
2710,1i,150.0,8,2.2245,6,33.05,False,-18.040000000000006,1.0563,0.22033333333333333,0.25,0.5,0.0,0.25
2715,1i,150.0,8,0.5377,7,40.05,False,-11.040000000000006,-2.342,0.26699999999999996,0.25,0.5,0.0,0.25
2720,1i,150.0,9,2.6939,8,40.05,False,-11.040000000000006,0.1073000000000004,0.26699999999999996,0.2222222222222222,0.5555555555555556,0.0,0.2222222222222222
2725,1i,150.0,9,1.7882,8,40.05,False,-10.25,-0.6758,0.26699999999999996,0.2222222222222222,0.5555555555555556,0.0,0.2222222222222222
2730,1i,150.0,9,0.3922,8,40.05,False,31.959999999999997,-0.7113999999999999,0.26699999999999996,0.2222222222222222,0.5555555555555556,0.0,0.2222222222222222
2735,1i,150.0,9,0.0001,9,40.05,False,6.640000000000001,-3.7771,0.26699999999999996,0.2222222222222222,0.5555555555555556,0.0,0.2222222222222222
2740,1i,150.0,11,2.9741,9,40.05,False,7.0,0.7496,0.26699999999999996,0.2727272727272727,0.5454545454545454,0.0,0.18181818181818182
2745,1i,150.0,11,0.6108,9,40.05,False,0.0,0.07310000000000005,0.26699999999999996,0.2727272727272727,0.5454545454545454,0.0,0.18181818181818182
2750,1i,150.0,8,0.3062,7,47.05,False,7.0,-2.3877,0.31366666666666665,0.25,0.625,0.0,0.125
2755,1i,150.0,8,2.2612,7,47.05,False,7.0,0.4730000000000001,0.31366666666666665,0.375,0.5,0.0,0.125
2760,1i,150.0,8,1.9704,7,47.05,False,7.0,1.5781999999999998,0.31366666666666665,0.375,0.5,0.0,0.125
2765,1i,150.0,7,0.0,7,47.05,False,7.0,-0.0001,0.31366666666666665,0.2857142857142857,0.5714285714285714,0.0,0.14285714285714285
2770,1i,150.0,7,0.0,7,47.05,False,7.0,-2.9741,0.31366666666666665,0.2857142857142857,0.5714285714285714,0.0,0.14285714285714285
2775,1i,150.0,9,3.3705,7,47.05,False,7.0,2.7596999999999996,0.31366666666666665,0.4444444444444444,0.4444444444444444,0.0,0.1111111111111111
2780,1i,150.0,8,0.9923,5,47.05,False,0.0,0.6860999999999999,0.31366666666666665,0.5,0.375,0.0,0.125
2785,1i,150.0,7,0.999,2,50.86,False,3.8100000000000023,-1.2622,0.3390666666666667,0.42857142857142855,0.42857142857142855,0.0,0.14285714285714285
2790,1i,150.0,8,2.4762,4,22.05,False,-24.999999999999996,0.5058,0.147,0.5,0.375,0.0,0.125
2795,1i,150.0,8,1.2687,7,40.1,False,-6.949999999999996,1.2687,0.26733333333333337,0.5,0.375,0.0,0.125
2800,1i,150.0,8,0.0027,8,40.05,False,-7.0,0.0027,0.26699999999999996,0.5,0.375,0.0,0.125
2805,1i,150.0,8,0.0,8,40.05,False,-7.0,-3.3705,0.26699999999999996,0.5,0.375,0.0,0.125
2810,1i,150.0,9,1.9023,8,40.05,False,-7.0,0.9100000000000001,0.26699999999999996,0.5555555555555556,0.3333333333333333,0.0,0.1111111111111111
2815,1i,150.0,10,1.3503,8,40.05,False,-10.810000000000002,0.35130000000000006,0.26699999999999996,0.5,0.3,0.0,0.2
2820,1i,150.0,10,0.5888,9,40.05,False,17.999999999999996,-1.8874,0.26699999999999996,0.5,0.3,0.0,0.2
2825,1i,150.0,11,1.7287,9,40.05,False,-0.05000000000000426,0.45999999999999996,0.26699999999999996,0.5454545454545454,0.2727272727272727,0.0,0.18181818181818182
2830,1i,150.0,11,0.7104,10,44.05,False,4.0,0.7077,0.29366666666666663,0.5454545454545454,0.2727272727272727,0.0,0.18181818181818182
2835,1i,150.0,11,0.0001,11,44.05,False,4.0,0.0001,0.29366666666666663,0.5454545454545454,0.2727272727272727,0.0,0.18181818181818182
2840,1i,150.0,7,0.0,7,44.05,False,4.0,-1.9023,0.29366666666666663,0.2857142857142857,0.42857142857142855,0.0,0.2857142857142857
2845,1i,150.0,9,3.7428,7,44.05,False,4.0,2.3925,0.29366666666666663,0.3333333333333333,0.4444444444444444,0.0,0.2222222222222222
2850,1i,150.0,8,0.2793,7,44.05,False,4.0,-0.3095,0.29366666666666663,0.25,0.5,0.0,0.25
2855,1i,150.0,8,0.0,8,58.09,False,18.040000000000006,-1.7287,0.3872666666666667,0.25,0.5,0.0,0.25
2860,1i,150.0,9,1.8738,8,58.09,False,14.040000000000006,1.1633999999999998,0.3872666666666667,0.2222222222222222,0.4444444444444444,0.0,0.3333333333333333
2865,1i,150.0,9,1.7936,8,58.09,False,14.040000000000006,1.7935,0.3872666666666667,0.2222222222222222,0.4444444444444444,0.0,0.3333333333333333
2870,1i,150.0,8,0.9236,6,58.09,False,14.040000000000006,0.9236,0.3872666666666667,0.25,0.5,0.0,0.25
2875,1i,150.0,8,1.3041,3,58.02,False,13.970000000000006,-2.4387,0.38680000000000003,0.25,0.5,0.0,0.25
2880,1i,150.0,9,2.4533,5,21.97,False,-22.08,2.174,0.14646666666666666,0.3333333333333333,0.4444444444444444,0.0,0.2222222222222222
2885,1i,150.0,10,1.5779,7,30.07,False,-28.020000000000003,1.5779,0.20046666666666668,0.3,0.4,0.1,0.2
2890,1i,150.0,10,0.3942,9,43.99,False,-14.100000000000001,-1.4796,0.2932666666666667,0.3,0.4,0.1,0.2
2895,1i,150.0,11,1.5938,10,50.99,False,-7.100000000000001,-0.19979999999999998,0.33993333333333337,0.2727272727272727,0.36363636363636365,0.18181818181818182,0.18181818181818182
2900,1i,150.0,11,1.0469,10,50.99,False,-7.100000000000001,0.12329999999999997,0.33993333333333337,0.2727272727272727,0.36363636363636365,0.18181818181818182,0.18181818181818182
2905,1i,150.0,11,0.3651,10,50.99,False,-7.030000000000001,-0.9390000000000001,0.33993333333333337,0.2727272727272727,0.36363636363636365,0.18181818181818182,0.18181818181818182
2910,1i,150.0,11,0.0002,11,50.99,False,29.020000000000003,-2.4531,0.33993333333333337,0.2727272727272727,0.36363636363636365,0.18181818181818182,0.18181818181818182
2915,1i,150.0,13,2.3159,11,50.99,False,20.92,0.738,0.33993333333333337,0.3076923076923077,0.38461538461538464,0.15384615384615385,0.15384615384615385
2920,1i,150.0,13,0.6374,12,63.7,False,19.71,0.24319999999999997,0.4246666666666667,0.3076923076923077,0.38461538461538464,0.15384615384615385,0.15384615384615385
2925,1i,150.0,14,1.1695,13,63.7,False,12.71,-0.4243000000000001,0.4246666666666667,0.35714285714285715,0.35714285714285715,0.14285714285714285,0.14285714285714285
2930,1i,150.0,11,1.1145,9,63.7,False,12.71,0.0676000000000001,0.4246666666666667,0.36363636363636365,0.36363636363636365,0.18181818181818182,0.09090909090909091
2935,1i,150.0,10,0.6747,9,63.7,False,12.71,0.3096,0.4246666666666667,0.4,0.4,0.1,0.1
2940,1i,150.0,9,0.0,9,63.7,False,12.71,-0.0002,0.4246666666666667,0.3333333333333333,0.4444444444444444,0.1111111111111111,0.1111111111111111
2945,1i,150.0,9,0.0,9,63.7,False,12.71,-2.3159,0.4246666666666667,0.3333333333333333,0.4444444444444444,0.1111111111111111,0.1111111111111111
2950,1i,150.0,10,1.0321,9,63.7,False,0.0,0.39470000000000005,0.4246666666666667,0.4,0.4,0.1,0.1
2955,1i,150.0,11,1.7194,9,63.7,False,0.0,0.5499,0.4246666666666667,0.36363636363636365,0.36363636363636365,0.18181818181818182,0.09090909090909091
2960,1i,150.0,11,2.4493,7,67.7,False,4.0,1.3348,0.45133333333333336,0.45454545454545453,0.2727272727272727,0.18181818181818182,0.09090909090909091
2965,1i,150.0,9,2.8197,4,67.7,False,4.0,2.145,0.45133333333333336,0.5555555555555556,0.1111111111111111,0.2222222222222222,0.1111111111111111
2970,1i,150.0,9,1.2965,4,5.0,False,-58.7,1.2965,0.03333333333333333,0.5555555555555556,0.1111111111111111,0.2222222222222222,0.1111111111111111
2975,1i,150.0,9,0.608,6,23.13,False,-40.57000000000001,0.608,0.1542,0.5555555555555556,0.1111111111111111,0.2222222222222222,0.1111111111111111
2980,1i,150.0,9,0.0167,9,46.91,False,-16.790000000000006,-1.0154,0.3127333333333333,0.5555555555555556,0.1111111111111111,0.2222222222222222,0.1111111111111111
2985,1i,150.0,10,1.5696,9,46.76,False,-16.940000000000005,-0.14979999999999993,0.3117333333333333,0.6,0.1,0.2,0.1
2990,1i,150.0,11,1.1379,9,46.76,False,-20.940000000000005,-1.3114000000000001,0.3117333333333333,0.5454545454545454,0.09090909090909091,0.18181818181818182,0.18181818181818182
2995,1i,150.0,11,0.5097,10,46.76,False,-20.940000000000005,-2.31,0.3117333333333333,0.5454545454545454,0.09090909090909091,0.18181818181818182,0.18181818181818182
3000,1i,150.0,12,1.142,10,46.76,False,41.76,-0.15450000000000008,0.3117333333333333,0.5,0.08333333333333333,0.16666666666666666,0.25
3005,1i,150.0,12,0.6761,11,50.76,False,27.63,0.06810000000000005,0.3384,0.5,0.08333333333333333,0.16666666666666666,0.25
3010,1i,150.0,12,0.3204,11,50.76,False,3.8500000000000014,0.3037,0.3384,0.5,0.08333333333333333,0.16666666666666666,0.25
3015,1i,150.0,12,0.0137,12,50.76,False,4.0,-1.5559,0.3384,0.5,0.08333333333333333,0.16666666666666666,0.25
3020,1i,150.0,10,3.0085,8,50.76,False,4.0,1.8706000000000003,0.3384,0.5,0.2,0.1,0.2
3025,1i,150.0,9,0.1029,8,50.76,False,4.0,-0.40680000000000005,0.3384,0.4444444444444444,0.2222222222222222,0.1111111111111111,0.2222222222222222
3030,1i,150.0,10,1.5618,9,64.8,False,18.04,0.4198000000000002,0.432,0.4,0.3,0.1,0.2
3035,1i,150.0,9,0.0,9,64.8,False,14.04,-0.6761,0.432,0.4444444444444444,0.2222222222222222,0.1111111111111111,0.2222222222222222
3040,1i,150.0,9,0.0,9,64.8,False,14.04,-0.3204,0.432,0.4444444444444444,0.2222222222222222,0.1111111111111111,0.2222222222222222
3045,1i,150.0,9,0.0,9,64.8,False,14.04,-0.0137,0.432,0.4444444444444444,0.2222222222222222,0.1111111111111111,0.2222222222222222
3050,1i,150.0,7,0.1256,7,64.8,False,14.04,-2.8829000000000002,0.432,0.2857142857142857,0.2857142857142857,0.14285714285714285,0.2857142857142857
3055,1i,150.0,9,3.7256,4,64.8,False,14.04,3.6227,0.432,0.4444444444444444,0.2222222222222222,0.1111111111111111,0.2222222222222222
3060,1i,150.0,10,3.0283,4,34.1,False,-30.699999999999996,1.4665000000000001,0.22733333333333333,0.4,0.3,0.1,0.2
3065,1i,150.0,10,1.975,8,56.18,False,-8.619999999999997,1.975,0.37453333333333333,0.4,0.3,0.1,0.2
3070,1i,150.0,10,0.5315,9,63.01,False,-1.7899999999999991,0.5315,0.42006666666666664,0.4,0.3,0.1,0.2
3075,1i,150.0,10,0.0,10,63.01,False,-1.7899999999999991,0.0,0.42006666666666664,0.4,0.3,0.1,0.2
3080,1i,150.0,10,0.0,10,63.01,False,-1.7899999999999991,-0.1256,0.42006666666666664,0.4,0.3,0.1,0.2
3085,1i,150.0,10,0.0,10,63.01,False,-1.7899999999999991,-3.7256,0.42006666666666664,0.4,0.3,0.1,0.2
3090,1i,150.0,12,2.5797,10,63.01,False,28.909999999999997,-0.44860000000000033,0.42006666666666664,0.4166666666666667,0.3333333333333333,0.08333333333333333,0.16666666666666666
3095,1i,150.0,13,1.6644,10,63.01,False,6.829999999999998,-0.3106,0.42006666666666664,0.38461538461538464,0.38461538461538464,0.07692307692307693,0.15384615384615385
3100,1i,150.0,13,1.1202,12,67.01,False,4.000000000000007,0.5887000000000001,0.44673333333333337,0.38461538461538464,0.38461538461538464,0.07692307692307693,0.15384615384615385
3105,1i,150.0,13,0.1847,12,67.01,False,4.000000000000007,0.1847,0.44673333333333337,0.38461538461538464,0.38461538461538464,0.07692307692307693,0.15384615384615385
3110,1i,150.0,9,0.0,9,67.01,False,4.000000000000007,0.0,0.44673333333333337,0.3333333333333333,0.3333333333333333,0.1111111111111111,0.2222222222222222
3115,1i,150.0,9,0.0,9,67.01,False,4.000000000000007,0.0,0.44673333333333337,0.3333333333333333,0.3333333333333333,0.1111111111111111,0.2222222222222222
3120,1i,150.0,9,0.0,9,67.01,False,4.000000000000007,-2.5797,0.44673333333333337,0.3333333333333333,0.3333333333333333,0.1111111111111111,0.2222222222222222
3125,1i,150.0,11,2.8347,9,67.01,False,4.000000000000007,1.1703000000000001,0.44673333333333337,0.36363636363636365,0.36363636363636365,0.09090909090909091,0.18181818181818182
3130,1i,150.0,12,2.2011,10,74.04,False,7.030000000000001,1.0808999999999997,0.49360000000000004,0.4166666666666667,0.3333333333333333,0.08333333333333333,0.16666666666666666
3135,1i,150.0,11,1.0941,10,74.01,False,7.0,0.9094000000000001,0.49340000000000006,0.45454545454545453,0.2727272727272727,0.09090909090909091,0.18181818181818182
3140,1i,150.0,10,0.1445,10,74.01,False,7.0,0.1445,0.49340000000000006,0.5,0.3,0.1,0.1
3145,1i,150.0,10,0.8915,6,74.01,False,7.0,0.8915,0.49340000000000006,0.5,0.3,0.1,0.1
3150,1i,150.0,10,0.9485,6,72.74,False,5.72999999999999,0.9485,0.48493333333333327,0.5,0.3,0.1,0.1
3155,1i,150.0,10,0.43,8,50.05,False,-16.960000000000008,-2.4047,0.33366666666666667,0.5,0.3,0.1,0.1
3160,1i,150.0,12,2.4352,10,60.94,False,-13.100000000000009,0.2341000000000002,0.40626666666666666,0.5833333333333334,0.25,0.08333333333333333,0.08333333333333333
3165,1i,150.0,12,0.2794,10,60.76,False,-13.250000000000007,-0.8147000000000001,0.40506666666666663,0.5833333333333334,0.25,0.08333333333333333,0.08333333333333333
3170,1i,150.0,13,0.9745,12,64.76,False,-9.25,0.8300000000000001,0.43173333333333336,0.5384615384615384,0.23076923076923078,0.07692307692307693,0.15384615384615385
3175,1i,150.0,13,0.6283,12,64.76,False,-9.25,-0.2632,0.43173333333333336,0.5384615384615384,0.23076923076923078,0.07692307692307693,0.15384615384615385
3180,1i,150.0,13,0.2895,12,64.76,False,-7.97999999999999,-0.659,0.43173333333333336,0.5384615384615384,0.23076923076923078,0.07692307692307693,0.15384615384615385
3185,1i,150.0,13,0.0079,13,64.76,False,14.710000000000008,-0.4221,0.43173333333333336,0.5384615384615384,0.23076923076923078,0.07692307692307693,0.15384615384615385
3190,1i,150.0,13,0.0,13,64.76,False,3.8200000000000074,-2.4352,0.43173333333333336,0.5384615384615384,0.23076923076923078,0.07692307692307693,0.15384615384615385
3195,1i,150.0,14,0.9793,13,64.76,False,4.000000000000007,0.6999,0.43173333333333336,0.5,0.2857142857142857,0.07142857142857142,0.14285714285714285
3200,1i,150.0,12,1.232,10,64.76,False,0.0,0.25749999999999995,0.43173333333333336,0.4166666666666667,0.3333333333333333,0.08333333333333333,0.16666666666666666
3205,1i,150.0,13,2.0843,11,68.76,False,4.0,1.456,0.45840000000000003,0.38461538461538464,0.3076923076923077,0.07692307692307693,0.23076923076923078
3210,1i,150.0,12,1.3384,11,68.76,False,4.0,1.0489000000000002,0.45840000000000003,0.4166666666666667,0.3333333333333333,0.08333333333333333,0.16666666666666666
3215,1i,150.0,11,0.0,11,68.76,False,4.0,-0.0079,0.45840000000000003,0.45454545454545453,0.36363636363636365,0.09090909090909091,0.09090909090909091
3220,1i,150.0,11,0.0,11,68.76,False,4.0,0.0,0.45840000000000003,0.45454545454545453,0.36363636363636365,0.09090909090909091,0.09090909090909091
3225,1i,150.0,11,0.0,11,68.76,False,4.0,-0.9793,0.45840000000000003,0.45454545454545453,0.36363636363636365,0.09090909090909091,0.09090909090909091
3230,1i,150.0,12,2.8012,8,68.76,False,4.0,1.5692000000000002,0.45840000000000003,0.5,0.25,0.08333333333333333,0.16666666666666666
3235,1i,150.0,11,4.329,5,75.77,False,7.009999999999991,2.2447,0.5051333333333333,0.45454545454545453,0.36363636363636365,0.0,0.18181818181818182
3240,1i,150.0,11,2.6784,3,75.21,False,6.449999999999989,1.3399999999999999,0.5014,0.45454545454545453,0.36363636363636365,0.0,0.18181818181818182
3245,1i,150.0,11,1.11,6,26.16,False,-42.60000000000001,1.11,0.1744,0.45454545454545453,0.36363636363636365,0.0,0.18181818181818182
3250,1i,150.0,11,0.2224,10,45.41,False,-23.35000000000001,0.2224,0.3027333333333333,0.45454545454545453,0.36363636363636365,0.0,0.18181818181818182
3255,1i,150.0,11,0.0006,11,52.05,False,-16.710000000000008,0.0006,0.347,0.45454545454545453,0.36363636363636365,0.0,0.18181818181818182
3260,1i,150.0,11,0.0,11,52.05,False,-16.710000000000008,-2.8012,0.347,0.45454545454545453,0.36363636363636365,0.0,0.18181818181818182
3265,1i,150.0,13,2.7801,11,52.05,False,-23.72,-1.5488999999999997,0.347,0.46153846153846156,0.38461538461538464,0.0,0.15384615384615385
3270,1i,150.0,14,1.9173,11,52.05,False,-23.159999999999997,-0.7610999999999999,0.347,0.42857142857142855,0.35714285714285715,0.07142857142857142,0.14285714285714285
3275,1i,150.0,14,0.8401,13,56.05,False,29.889999999999997,-0.26990000000000014,0.37366666666666665,0.42857142857142855,0.35714285714285715,0.07142857142857142,0.14285714285714285
3280,1i,150.0,14,0.3161,13,56.05,False,10.64,0.0937,0.37366666666666665,0.42857142857142855,0.35714285714285715,0.07142857142857142,0.14285714285714285
3285,1i,150.0,14,0.0043,14,56.05,False,4.0,0.0037,0.37366666666666665,0.42857142857142855,0.35714285714285715,0.07142857142857142,0.14285714285714285
3290,1i,150.0,11,0.2255,10,56.05,False,4.0,0.2255,0.37366666666666665,0.5454545454545454,0.36363636363636365,0.0,0.09090909090909091
3295,1i,150.0,10,0.0,10,56.05,False,4.0,-2.7801,0.37366666666666665,0.5,0.4,0.0,0.1
3300,1i,150.0,11,1.9053,10,56.05,False,4.0,-0.01200000000000001,0.37366666666666665,0.5454545454545454,0.36363636363636365,0.0,0.09090909090909091
3305,1i,150.0,12,2.1833,10,56.05,False,0.0,1.3432,0.37366666666666665,0.4166666666666667,0.4166666666666667,0.08333333333333333,0.08333333333333333
3310,1i,150.0,12,1.8573,10,56.05,False,0.0,1.5412,0.37366666666666665,0.4166666666666667,0.4166666666666667,0.08333333333333333,0.08333333333333333
3315,1i,150.0,11,0.0001,11,63.05,False,7.0,-0.0042,0.42033333333333334,0.45454545454545453,0.36363636363636365,0.09090909090909091,0.09090909090909091
3320,1i,150.0,10,0.2406,9,63.05,False,7.0,0.015100000000000002,0.42033333333333334,0.4,0.4,0.1,0.1
3325,1i,150.0,9,1.2866,5,63.05,False,7.0,1.2866,0.42033333333333334,0.4444444444444444,0.4444444444444444,0.1111111111111111,0.0
3330,1i,150.0,9,1.5708,3,62.47,False,6.420000000000002,-0.3345,0.41646666666666665,0.4444444444444444,0.4444444444444444,0.1111111111111111,0.0
3335,1i,150.0,12,4.9556,6,27.72,False,-28.33,2.7722999999999995,0.1848,0.4166666666666667,0.5,0.08333333333333333,0.0
3340,1i,150.0,12,2.4422,9,45.45,False,-10.599999999999994,0.5849000000000002,0.303,0.4166666666666667,0.5,0.08333333333333333,0.0
3345,1i,150.0,12,0.0188,11,57.79,False,-5.259999999999998,0.0187,0.38526666666666665,0.4166666666666667,0.5,0.08333333333333333,0.0
3350,1i,150.0,12,0.0001,12,57.72,False,-5.329999999999998,-0.24050000000000002,0.3848,0.4166666666666667,0.5,0.08333333333333333,0.0
3355,1i,150.0,12,0.0,12,57.72,False,-5.329999999999998,-1.2866,0.3848,0.4166666666666667,0.5,0.08333333333333333,0.0
3360,1i,150.0,12,0.0,12,57.72,False,-4.75,-1.5708,0.3848,0.4166666666666667,0.5,0.08333333333333333,0.0
3365,1i,150.0,12,0.0,12,57.72,False,30.0,-4.9556,0.3848,0.4166666666666667,0.5,0.08333333333333333,0.0
3370,1i,150.0,15,3.512,12,57.72,False,12.269999999999996,1.0697999999999999,0.3848,0.4666666666666667,0.4666666666666667,0.06666666666666667,0.0
3375,1i,150.0,15,1.2389,12,57.72,False,-0.07000000000000028,1.2201,0.3848,0.4666666666666667,0.4666666666666667,0.06666666666666667,0.0
3380,1i,150.0,11,0.0001,11,64.72,False,7.0,0.0,0.43146666666666667,0.36363636363636365,0.5454545454545454,0.09090909090909091,0.0
3385,1i,150.0,11,0.0,11,64.72,False,7.0,0.0,0.43146666666666667,0.36363636363636365,0.5454545454545454,0.09090909090909091,0.0
3390,1i,150.0,11,0.0,11,64.72,False,7.0,0.0,0.43146666666666667,0.36363636363636365,0.5454545454545454,0.09090909090909091,0.0
3395,1i,150.0,11,0.0,11,64.72,False,7.0,0.0,0.43146666666666667,0.36363636363636365,0.5454545454545454,0.09090909090909091,0.0
3400,1i,150.0,11,0.0,11,64.72,False,7.0,-3.512,0.43146666666666667,0.36363636363636365,0.5454545454545454,0.09090909090909091,0.0
3405,1i,150.0,13,2.6402,11,64.72,False,7.0,1.4013000000000002,0.43146666666666667,0.38461538461538464,0.5384615384615384,0.07692307692307693,0.0
3410,1i,150.0,13,2.7849,9,64.72,False,0.0,2.7847999999999997,0.43146666666666667,0.38461538461538464,0.46153846153846156,0.15384615384615385,0.0
3415,1i,150.0,11,1.377,6,64.72,False,0.0,1.377,0.43146666666666667,0.36363636363636365,0.45454545454545453,0.18181818181818182,0.0
3420,1i,150.0,11,1.0361,6,71.32,False,6.599999999999994,1.0361,0.47546666666666665,0.36363636363636365,0.45454545454545453,0.18181818181818182,0.0
3425,1i,150.0,11,0.749,7,20.16,False,-44.56,0.749,0.1344,0.36363636363636365,0.45454545454545453,0.18181818181818182,0.0
3430,1i,150.0,11,0.1891,10,46.78,False,-17.939999999999998,0.1891,0.3118666666666667,0.36363636363636365,0.45454545454545453,0.18181818181818182,0.0
3435,1i,150.0,12,1.6047,11,53.72,False,-11.0,-1.0355,0.3581333333333333,0.4166666666666667,0.4166666666666667,0.16666666666666666,0.0
3440,1i,150.0,14,3.438,11,53.72,False,-11.0,0.6531000000000002,0.3581333333333333,0.5,0.35714285714285715,0.14285714285714285,0.0
3445,1i,150.0,14,0.591,11,53.72,False,-11.0,-0.786,0.3581333333333333,0.5,0.35714285714285715,0.14285714285714285,0.0
3450,1i,150.0,14,0.0011,14,66.43,False,-4.889999999999986,-1.035,0.4428666666666667,0.5,0.35714285714285715,0.14285714285714285,0.0
3455,1i,150.0,14,0.0,14,66.43,False,46.27000000000001,-0.749,0.4428666666666667,0.5,0.35714285714285715,0.14285714285714285,0.0
3460,1i,150.0,14,0.0,14,66.43,False,19.650000000000006,-0.1891,0.4428666666666667,0.5,0.35714285714285715,0.14285714285714285,0.0
3465,1i,150.0,14,0.0,14,66.43,False,12.710000000000008,-1.6047,0.4428666666666667,0.5,0.35714285714285715,0.14285714285714285,0.0
3470,1i,150.0,11,1.4602,10,66.43,False,12.710000000000008,-1.9778000000000002,0.4428666666666667,0.45454545454545453,0.36363636363636365,0.18181818181818182,0.0
3475,1i,150.0,13,4.0192,10,66.43,False,12.710000000000008,3.4281999999999995,0.4428666666666667,0.46153846153846156,0.38461538461538464,0.15384615384615385,0.0
3480,1i,150.0,12,0.9542,10,66.43,False,0.0,0.9531000000000001,0.4428666666666667,0.4166666666666667,0.4166666666666667,0.16666666666666666,0.0
3485,1i,150.0,11,0.0,11,70.43,False,4.0,0.0,0.46953333333333336,0.45454545454545453,0.36363636363636365,0.18181818181818182,0.0
3490,1i,150.0,11,0.0,11,70.43,False,4.0,0.0,0.46953333333333336,0.45454545454545453,0.36363636363636365,0.18181818181818182,0.0
3495,1i,150.0,11,0.0,11,70.43,False,4.0,0.0,0.46953333333333336,0.45454545454545453,0.36363636363636365,0.18181818181818182,0.0
3500,1i,150.0,9,0.1431,8,70.43,False,4.0,-1.3171,0.46953333333333336,0.3333333333333333,0.4444444444444444,0.2222222222222222,0.0
3505,1i,150.0,9,2.8931,5,70.43,False,4.0,-1.1260999999999997,0.46953333333333336,0.3333333333333333,0.4444444444444444,0.2222222222222222,0.0
3510,1i,150.0,11,5.1261,3,68.91,False,2.4799999999999898,4.1719,0.4594,0.45454545454545453,0.36363636363636365,0.18181818181818182,0.0
3515,1i,150.0,11,1.4342,5,31.76,False,-38.67,1.4342,0.21173333333333336,0.45454545454545453,0.36363636363636365,0.18181818181818182,0.0
3520,1i,150.0,11,0.0652,10,55.5,False,-14.930000000000007,0.0652,0.37,0.45454545454545453,0.36363636363636365,0.18181818181818182,0.0
3525,1i,150.0,11,0.0008,11,59.44,False,-10.990000000000009,0.0008,0.39626666666666666,0.45454545454545453,0.36363636363636365,0.18181818181818182,0.0
3530,1i,150.0,11,0.0,11,59.43,False,-11.000000000000007,-0.1431,0.3962,0.45454545454545453,0.36363636363636365,0.18181818181818182,0.0
3535,1i,150.0,11,0.0,11,59.43,False,-11.000000000000007,-2.8931,0.3962,0.45454545454545453,0.36363636363636365,0.18181818181818182,0.0
3540,1i,150.0,12,1.1994,11,59.43,False,-9.479999999999997,-3.9267000000000003,0.3962,0.4166666666666667,0.4166666666666667,0.16666666666666666,0.0
3545,1i,150.0,14,3.4919,11,59.43,False,27.669999999999998,2.0576999999999996,0.3962,0.42857142857142855,0.42857142857142855,0.14285714285714285,0.0
3550,1i,150.0,14,0.9859,12,59.43,False,3.9299999999999997,0.9207,0.3962,0.42857142857142855,0.42857142857142855,0.14285714285714285,0.0
3555,1i,150.0,14,0.0194,13,63.43,False,3.990000000000002,0.018600000000000002,0.42286666666666667,0.42857142857142855,0.42857142857142855,0.14285714285714285,0.0
3560,1i,150.0,10,0.0,10,63.43,False,4.0,0.0,0.42286666666666667,0.5,0.3,0.2,0.0
3565,1i,150.0,10,0.0,10,63.43,False,4.0,0.0,0.42286666666666667,0.5,0.3,0.2,0.0
3570,1i,150.0,10,0.0,10,63.43,False,4.0,-1.1994,0.42286666666666667,0.5,0.3,0.2,0.0
3575,1i,150.0,11,1.4355,10,63.43,False,4.0,-2.0564,0.42286666666666667,0.45454545454545453,0.36363636363636365,0.18181818181818182,0.0
3580,1i,150.0,12,3.1461,10,63.43,False,4.0,2.1602,0.42286666666666667,0.5,0.3333333333333333,0.16666666666666666,0.0
3585,1i,150.0,11,0.2804,10,63.43,False,0.0,0.261,0.42286666666666667,0.45454545454545453,0.36363636363636365,0.18181818181818182,0.0
3590,1i,150.0,9,0.1012,9,67.43,False,4.000000000000007,0.1012,0.4495333333333334,0.4444444444444444,0.3333333333333333,0.2222222222222222,0.0
3595,1i,150.0,8,1.7862,4,67.43,False,4.000000000000007,1.7862,0.4495333333333334,0.5,0.375,0.125,0.0
3600,1i,150.0,8,1.9109,2,8.12,False,-55.31,1.9109,0.054133333333333325,0.5,0.375,0.125,0.0
0,2i,150.0,0,0.0,0,0.0,False,,,0.0,0.0,0.0,0.0,0.0
5,2i,150.0,0,0.0,0,0.0,False,,,0.0,0.0,0.0,0.0,0.0
10,2i,150.0,0,0.0,0,0.0,False,,,0.0,0.0,0.0,0.0,0.0
15,2i,150.0,0,0.0,0,0.0,False,,,0.0,0.0,0.0,0.0,0.0
20,2i,150.0,0,0.0,0,0.0,False,,,0.0,0.0,0.0,0.0,0.0
25,2i,150.0,0,0.0,0,0.0,False,,,0.0,0.0,0.0,0.0,0.0
30,2i,150.0,0,0.0,0,0.0,False,0.0,0.0,0.0,0.0,0.0,0.0,0.0
35,2i,150.0,0,0.0,0,0.0,False,0.0,0.0,0.0,0.0,0.0,0.0,0.0
40,2i,150.0,0,0.0,0,0.0,False,0.0,0.0,0.0,0.0,0.0,0.0,0.0
45,2i,150.0,0,0.0,0,0.0,False,0.0,0.0,0.0,0.0,0.0,0.0,0.0
50,2i,150.0,0,0.0,0,0.0,False,0.0,0.0,0.0,0.0,0.0,0.0,0.0
55,2i,150.0,0,0.0,0,0.0,False,0.0,0.0,0.0,0.0,0.0,0.0,0.0
60,2i,150.0,0,0.0,0,0.0,False,0.0,0.0,0.0,0.0,0.0,0.0,0.0
65,2i,150.0,0,0.0,0,0.0,False,0.0,0.0,0.0,0.0,0.0,0.0,0.0
70,2i,150.0,0,0.0,0,0.0,False,0.0,0.0,0.0,0.0,0.0,0.0,0.0
75,2i,150.0,0,0.0,0,0.0,False,0.0,0.0,0.0,0.0,0.0,0.0,0.0
80,2i,150.0,0,0.0,0,0.0,False,0.0,0.0,0.0,0.0,0.0,0.0,0.0
85,2i,150.0,0,0.0,0,0.0,False,0.0,0.0,0.0,0.0,0.0,0.0,0.0
90,2i,150.0,0,0.0,0,0.0,False,0.0,0.0,0.0,0.0,0.0,0.0,0.0
95,2i,150.0,0,0.0,0,0.0,False,0.0,0.0,0.0,0.0,0.0,0.0,0.0
100,2i,150.0,0,0.0,0,0.0,False,0.0,0.0,0.0,0.0,0.0,0.0,0.0
105,2i,150.0,0,0.0,0,0.0,False,0.0,0.0,0.0,0.0,0.0,0.0,0.0
110,2i,150.0,0,0.0,0,0.0,False,0.0,0.0,0.0,0.0,0.0,0.0,0.0
115,2i,150.0,0,0.0,0,0.0,False,0.0,0.0,0.0,0.0,0.0,0.0,0.0
120,2i,150.0,0,0.0,0,0.0,False,0.0,0.0,0.0,0.0,0.0,0.0,0.0
125,2i,150.0,0,0.0,0,0.0,False,0.0,0.0,0.0,0.0,0.0,0.0,0.0
130,2i,150.0,0,0.0,0,0.0,False,0.0,0.0,0.0,0.0,0.0,0.0,0.0
135,2i,150.0,0,0.0,0,0.0,False,0.0,0.0,0.0,0.0,0.0,0.0,0.0
140,2i,150.0,0,0.0,0,0.0,False,0.0,0.0,0.0,0.0,0.0,0.0,0.0
145,2i,150.0,0,0.0,0,0.0,False,0.0,0.0,0.0,0.0,0.0,0.0,0.0
150,2i,150.0,0,0.0,0,0.0,False,0.0,0.0,0.0,0.0,0.0,0.0,0.0
155,2i,150.0,0,0.0,0,0.0,False,0.0,0.0,0.0,0.0,0.0,0.0,0.0
160,2i,150.0,0,0.0,0,0.0,False,0.0,0.0,0.0,0.0,0.0,0.0,0.0
165,2i,150.0,0,0.0,0,0.0,False,0.0,0.0,0.0,0.0,0.0,0.0,0.0
170,2i,150.0,0,0.0,0,0.0,False,0.0,0.0,0.0,0.0,0.0,0.0,0.0
175,2i,150.0,0,0.0,0,0.0,False,0.0,0.0,0.0,0.0,0.0,0.0,0.0
180,2i,150.0,0,0.0,0,0.0,False,0.0,0.0,0.0,0.0,0.0,0.0,0.0
185,2i,150.0,0,0.0,0,0.0,False,0.0,0.0,0.0,0.0,0.0,0.0,0.0
190,2i,150.0,0,0.0,0,0.0,False,0.0,0.0,0.0,0.0,0.0,0.0,0.0
195,2i,150.0,0,0.0,0,0.0,False,0.0,0.0,0.0,0.0,0.0,0.0,0.0
200,2i,150.0,0,0.0,0,0.0,False,0.0,0.0,0.0,0.0,0.0,0.0,0.0
205,2i,150.0,0,0.0,0,0.0,False,0.0,0.0,0.0,0.0,0.0,0.0,0.0
210,2i,150.0,0,0.0,0,0.0,False,0.0,0.0,0.0,0.0,0.0,0.0,0.0
215,2i,150.0,0,0.0,0,0.0,False,0.0,0.0,0.0,0.0,0.0,0.0,0.0
220,2i,150.0,0,0.0,0,0.0,False,0.0,0.0,0.0,0.0,0.0,0.0,0.0
225,2i,150.0,0,0.0,0,0.0,False,0.0,0.0,0.0,0.0,0.0,0.0,0.0
230,2i,150.0,0,0.0,0,0.0,False,0.0,0.0,0.0,0.0,0.0,0.0,0.0
235,2i,150.0,0,0.0,0,0.0,False,0.0,0.0,0.0,0.0,0.0,0.0,0.0
240,2i,150.0,0,0.0,0,0.0,False,0.0,0.0,0.0,0.0,0.0,0.0,0.0
245,2i,150.0,0,0.0,0,0.0,False,0.0,0.0,0.0,0.0,0.0,0.0,0.0
250,2i,150.0,0,0.0,0,0.0,False,0.0,0.0,0.0,0.0,0.0,0.0,0.0
255,2i,150.0,0,0.0,0,0.0,False,0.0,0.0,0.0,0.0,0.0,0.0,0.0
260,2i,150.0,0,0.0,0,0.0,False,0.0,0.0,0.0,0.0,0.0,0.0,0.0
265,2i,150.0,0,0.0,0,0.0,False,0.0,0.0,0.0,0.0,0.0,0.0,0.0
270,2i,150.0,0,0.0,0,0.0,False,0.0,0.0,0.0,0.0,0.0,0.0,0.0
275,2i,150.0,0,0.0,0,0.0,False,0.0,0.0,0.0,0.0,0.0,0.0,0.0
280,2i,150.0,0,0.0,0,0.0,False,0.0,0.0,0.0,0.0,0.0,0.0,0.0
285,2i,150.0,0,0.0,0,0.0,False,0.0,0.0,0.0,0.0,0.0,0.0,0.0
290,2i,150.0,0,0.0,0,0.0,False,0.0,0.0,0.0,0.0,0.0,0.0,0.0
295,2i,150.0,0,0.0,0,0.0,False,0.0,0.0,0.0,0.0,0.0,0.0,0.0
300,2i,150.0,0,0.0,0,0.0,False,0.0,0.0,0.0,0.0,0.0,0.0,0.0
305,2i,150.0,0,0.0,0,0.0,False,0.0,0.0,0.0,0.0,0.0,0.0,0.0
310,2i,150.0,0,0.0,0,0.0,False,0.0,0.0,0.0,0.0,0.0,0.0,0.0
315,2i,150.0,0,0.0,0,0.0,False,0.0,0.0,0.0,0.0,0.0,0.0,0.0
320,2i,150.0,0,0.0,0,0.0,False,0.0,0.0,0.0,0.0,0.0,0.0,0.0
325,2i,150.0,0,0.0,0,0.0,False,0.0,0.0,0.0,0.0,0.0,0.0,0.0
330,2i,150.0,0,0.0,0,0.0,False,0.0,0.0,0.0,0.0,0.0,0.0,0.0
335,2i,150.0,0,0.0,0,0.0,False,0.0,0.0,0.0,0.0,0.0,0.0,0.0
340,2i,150.0,0,0.0,0,0.0,False,0.0,0.0,0.0,0.0,0.0,0.0,0.0
345,2i,150.0,0,0.0,0,0.0,False,0.0,0.0,0.0,0.0,0.0,0.0,0.0
350,2i,150.0,0,0.0,0,0.0,False,0.0,0.0,0.0,0.0,0.0,0.0,0.0
355,2i,150.0,0,0.0,0,0.0,False,0.0,0.0,0.0,0.0,0.0,0.0,0.0
360,2i,150.0,0,0.0,0,0.0,False,0.0,0.0,0.0,0.0,0.0,0.0,0.0
365,2i,150.0,0,0.0,0,0.0,False,0.0,0.0,0.0,0.0,0.0,0.0,0.0
370,2i,150.0,0,0.0,0,0.0,False,0.0,0.0,0.0,0.0,0.0,0.0,0.0
375,2i,150.0,0,0.0,0,0.0,False,0.0,0.0,0.0,0.0,0.0,0.0,0.0
380,2i,150.0,0,0.0,0,0.0,False,0.0,0.0,0.0,0.0,0.0,0.0,0.0
385,2i,150.0,0,0.0,0,0.0,False,0.0,0.0,0.0,0.0,0.0,0.0,0.0
390,2i,150.0,0,0.0,0,0.0,False,0.0,0.0,0.0,0.0,0.0,0.0,0.0
395,2i,150.0,0,0.0,0,0.0,False,0.0,0.0,0.0,0.0,0.0,0.0,0.0
400,2i,150.0,0,0.0,0,0.0,False,0.0,0.0,0.0,0.0,0.0,0.0,0.0
405,2i,150.0,0,0.0,0,0.0,False,0.0,0.0,0.0,0.0,0.0,0.0,0.0
410,2i,150.0,0,0.0,0,0.0,False,0.0,0.0,0.0,0.0,0.0,0.0,0.0
415,2i,150.0,0,0.0,0,0.0,False,0.0,0.0,0.0,0.0,0.0,0.0,0.0
420,2i,150.0,0,0.0,0,0.0,False,0.0,0.0,0.0,0.0,0.0,0.0,0.0
425,2i,150.0,0,0.0,0,0.0,False,0.0,0.0,0.0,0.0,0.0,0.0,0.0
430,2i,150.0,0,0.0,0,0.0,False,0.0,0.0,0.0,0.0,0.0,0.0,0.0
435,2i,150.0,0,0.0,0,0.0,False,0.0,0.0,0.0,0.0,0.0,0.0,0.0
440,2i,150.0,0,0.0,0,0.0,False,0.0,0.0,0.0,0.0,0.0,0.0,0.0
445,2i,150.0,0,0.0,0,0.0,False,0.0,0.0,0.0,0.0,0.0,0.0,0.0
450,2i,150.0,0,0.0,0,0.0,False,0.0,0.0,0.0,0.0,0.0,0.0,0.0
455,2i,150.0,0,0.0,0,0.0,False,0.0,0.0,0.0,0.0,0.0,0.0,0.0
460,2i,150.0,0,0.0,0,0.0,False,0.0,0.0,0.0,0.0,0.0,0.0,0.0
465,2i,150.0,0,0.0,0,0.0,False,0.0,0.0,0.0,0.0,0.0,0.0,0.0
470,2i,150.0,0,0.0,0,0.0,False,0.0,0.0,0.0,0.0,0.0,0.0,0.0
475,2i,150.0,0,0.0,0,0.0,False,0.0,0.0,0.0,0.0,0.0,0.0,0.0
480,2i,150.0,0,0.0,0,0.0,False,0.0,0.0,0.0,0.0,0.0,0.0,0.0
485,2i,150.0,0,0.0,0,0.0,False,0.0,0.0,0.0,0.0,0.0,0.0,0.0
490,2i,150.0,0,0.0,0,0.0,False,0.0,0.0,0.0,0.0,0.0,0.0,0.0
495,2i,150.0,0,0.0,0,0.0,False,0.0,0.0,0.0,0.0,0.0,0.0,0.0
500,2i,150.0,0,0.0,0,0.0,False,0.0,0.0,0.0,0.0,0.0,0.0,0.0
505,2i,150.0,0,0.0,0,0.0,False,0.0,0.0,0.0,0.0,0.0,0.0,0.0
510,2i,150.0,0,0.0,0,0.0,False,0.0,0.0,0.0,0.0,0.0,0.0,0.0
515,2i,150.0,0,0.0,0,0.0,False,0.0,0.0,0.0,0.0,0.0,0.0,0.0
520,2i,150.0,0,0.0,0,0.0,False,0.0,0.0,0.0,0.0,0.0,0.0,0.0
525,2i,150.0,0,0.0,0,0.0,False,0.0,0.0,0.0,0.0,0.0,0.0,0.0
530,2i,150.0,0,0.0,0,0.0,False,0.0,0.0,0.0,0.0,0.0,0.0,0.0
535,2i,150.0,0,0.0,0,0.0,False,0.0,0.0,0.0,0.0,0.0,0.0,0.0
540,2i,150.0,0,0.0,0,0.0,False,0.0,0.0,0.0,0.0,0.0,0.0,0.0
545,2i,150.0,0,0.0,0,0.0,False,0.0,0.0,0.0,0.0,0.0,0.0,0.0
550,2i,150.0,0,0.0,0,0.0,False,0.0,0.0,0.0,0.0,0.0,0.0,0.0
555,2i,150.0,0,0.0,0,0.0,False,0.0,0.0,0.0,0.0,0.0,0.0,0.0
560,2i,150.0,0,0.0,0,0.0,False,0.0,0.0,0.0,0.0,0.0,0.0,0.0
565,2i,150.0,0,0.0,0,0.0,False,0.0,0.0,0.0,0.0,0.0,0.0,0.0
570,2i,150.0,0,0.0,0,0.0,False,0.0,0.0,0.0,0.0,0.0,0.0,0.0
575,2i,150.0,0,0.0,0,0.0,False,0.0,0.0,0.0,0.0,0.0,0.0,0.0
580,2i,150.0,0,0.0,0,0.0,False,0.0,0.0,0.0,0.0,0.0,0.0,0.0
585,2i,150.0,0,0.0,0,0.0,False,0.0,0.0,0.0,0.0,0.0,0.0,0.0
590,2i,150.0,0,0.0,0,0.0,False,0.0,0.0,0.0,0.0,0.0,0.0,0.0
595,2i,150.0,0,0.0,0,0.0,False,0.0,0.0,0.0,0.0,0.0,0.0,0.0
600,2i,150.0,0,0.0,0,0.0,False,0.0,0.0,0.0,0.0,0.0,0.0,0.0
605,2i,150.0,0,0.0,0,0.0,False,0.0,0.0,0.0,0.0,0.0,0.0,0.0
610,2i,150.0,0,0.0,0,0.0,False,0.0,0.0,0.0,0.0,0.0,0.0,0.0
615,2i,150.0,0,0.0,0,0.0,False,0.0,0.0,0.0,0.0,0.0,0.0,0.0
620,2i,150.0,0,0.0,0,0.0,False,0.0,0.0,0.0,0.0,0.0,0.0,0.0
625,2i,150.0,0,0.0,0,0.0,False,0.0,0.0,0.0,0.0,0.0,0.0,0.0
630,2i,150.0,0,0.0,0,0.0,False,0.0,0.0,0.0,0.0,0.0,0.0,0.0
635,2i,150.0,0,0.0,0,0.0,False,0.0,0.0,0.0,0.0,0.0,0.0,0.0
640,2i,150.0,0,0.0,0,0.0,False,0.0,0.0,0.0,0.0,0.0,0.0,0.0
645,2i,150.0,0,0.0,0,0.0,False,0.0,0.0,0.0,0.0,0.0,0.0,0.0
650,2i,150.0,0,0.0,0,0.0,False,0.0,0.0,0.0,0.0,0.0,0.0,0.0
655,2i,150.0,0,0.0,0,0.0,False,0.0,0.0,0.0,0.0,0.0,0.0,0.0
660,2i,150.0,0,0.0,0,0.0,False,0.0,0.0,0.0,0.0,0.0,0.0,0.0
665,2i,150.0,0,0.0,0,0.0,False,0.0,0.0,0.0,0.0,0.0,0.0,0.0
670,2i,150.0,0,0.0,0,0.0,False,0.0,0.0,0.0,0.0,0.0,0.0,0.0
675,2i,150.0,0,0.0,0,0.0,False,0.0,0.0,0.0,0.0,0.0,0.0,0.0
680,2i,150.0,0,0.0,0,0.0,False,0.0,0.0,0.0,0.0,0.0,0.0,0.0
685,2i,150.0,0,0.0,0,0.0,False,0.0,0.0,0.0,0.0,0.0,0.0,0.0
690,2i,150.0,0,0.0,0,0.0,False,0.0,0.0,0.0,0.0,0.0,0.0,0.0
695,2i,150.0,0,0.0,0,0.0,False,0.0,0.0,0.0,0.0,0.0,0.0,0.0
700,2i,150.0,0,0.0,0,0.0,False,0.0,0.0,0.0,0.0,0.0,0.0,0.0
705,2i,150.0,0,0.0,0,0.0,False,0.0,0.0,0.0,0.0,0.0,0.0,0.0
710,2i,150.0,0,0.0,0,0.0,False,0.0,0.0,0.0,0.0,0.0,0.0,0.0
715,2i,150.0,0,0.0,0,0.0,False,0.0,0.0,0.0,0.0,0.0,0.0,0.0
720,2i,150.0,0,0.0,0,0.0,False,0.0,0.0,0.0,0.0,0.0,0.0,0.0
725,2i,150.0,0,0.0,0,0.0,False,0.0,0.0,0.0,0.0,0.0,0.0,0.0
730,2i,150.0,0,0.0,0,0.0,False,0.0,0.0,0.0,0.0,0.0,0.0,0.0
735,2i,150.0,0,0.0,0,0.0,False,0.0,0.0,0.0,0.0,0.0,0.0,0.0
740,2i,150.0,0,0.0,0,0.0,False,0.0,0.0,0.0,0.0,0.0,0.0,0.0
745,2i,150.0,0,0.0,0,0.0,False,0.0,0.0,0.0,0.0,0.0,0.0,0.0
750,2i,150.0,0,0.0,0,0.0,False,0.0,0.0,0.0,0.0,0.0,0.0,0.0
755,2i,150.0,0,0.0,0,0.0,False,0.0,0.0,0.0,0.0,0.0,0.0,0.0
760,2i,150.0,0,0.0,0,0.0,False,0.0,0.0,0.0,0.0,0.0,0.0,0.0
765,2i,150.0,0,0.0,0,0.0,False,0.0,0.0,0.0,0.0,0.0,0.0,0.0
770,2i,150.0,0,0.0,0,0.0,False,0.0,0.0,0.0,0.0,0.0,0.0,0.0
775,2i,150.0,0,0.0,0,0.0,False,0.0,0.0,0.0,0.0,0.0,0.0,0.0
780,2i,150.0,0,0.0,0,0.0,False,0.0,0.0,0.0,0.0,0.0,0.0,0.0
785,2i,150.0,0,0.0,0,0.0,False,0.0,0.0,0.0,0.0,0.0,0.0,0.0
790,2i,150.0,0,0.0,0,0.0,False,0.0,0.0,0.0,0.0,0.0,0.0,0.0
795,2i,150.0,0,0.0,0,0.0,False,0.0,0.0,0.0,0.0,0.0,0.0,0.0
800,2i,150.0,0,0.0,0,0.0,False,0.0,0.0,0.0,0.0,0.0,0.0,0.0
805,2i,150.0,0,0.0,0,0.0,False,0.0,0.0,0.0,0.0,0.0,0.0,0.0
810,2i,150.0,0,0.0,0,0.0,False,0.0,0.0,0.0,0.0,0.0,0.0,0.0
815,2i,150.0,0,0.0,0,0.0,False,0.0,0.0,0.0,0.0,0.0,0.0,0.0
820,2i,150.0,0,0.0,0,0.0,False,0.0,0.0,0.0,0.0,0.0,0.0,0.0
825,2i,150.0,0,0.0,0,0.0,False,0.0,0.0,0.0,0.0,0.0,0.0,0.0
830,2i,150.0,0,0.0,0,0.0,False,0.0,0.0,0.0,0.0,0.0,0.0,0.0
835,2i,150.0,0,0.0,0,0.0,False,0.0,0.0,0.0,0.0,0.0,0.0,0.0
840,2i,150.0,0,0.0,0,0.0,False,0.0,0.0,0.0,0.0,0.0,0.0,0.0
845,2i,150.0,0,0.0,0,0.0,False,0.0,0.0,0.0,0.0,0.0,0.0,0.0
850,2i,150.0,0,0.0,0,0.0,False,0.0,0.0,0.0,0.0,0.0,0.0,0.0
855,2i,150.0,0,0.0,0,0.0,False,0.0,0.0,0.0,0.0,0.0,0.0,0.0
860,2i,150.0,0,0.0,0,0.0,False,0.0,0.0,0.0,0.0,0.0,0.0,0.0
865,2i,150.0,0,0.0,0,0.0,False,0.0,0.0,0.0,0.0,0.0,0.0,0.0
870,2i,150.0,0,0.0,0,0.0,False,0.0,0.0,0.0,0.0,0.0,0.0,0.0
875,2i,150.0,0,0.0,0,0.0,False,0.0,0.0,0.0,0.0,0.0,0.0,0.0
880,2i,150.0,0,0.0,0,0.0,False,0.0,0.0,0.0,0.0,0.0,0.0,0.0
885,2i,150.0,0,0.0,0,0.0,False,0.0,0.0,0.0,0.0,0.0,0.0,0.0
890,2i,150.0,0,0.0,0,0.0,False,0.0,0.0,0.0,0.0,0.0,0.0,0.0
895,2i,150.0,0,0.0,0,0.0,False,0.0,0.0,0.0,0.0,0.0,0.0,0.0
900,2i,150.0,0,0.0,0,0.0,False,0.0,0.0,0.0,0.0,0.0,0.0,0.0
905,2i,150.0,0,0.0,0,0.0,False,0.0,0.0,0.0,0.0,0.0,0.0,0.0
910,2i,150.0,0,0.0,0,0.0,False,0.0,0.0,0.0,0.0,0.0,0.0,0.0
915,2i,150.0,0,0.0,0,0.0,False,0.0,0.0,0.0,0.0,0.0,0.0,0.0
920,2i,150.0,0,0.0,0,0.0,False,0.0,0.0,0.0,0.0,0.0,0.0,0.0
925,2i,150.0,0,0.0,0,0.0,False,0.0,0.0,0.0,0.0,0.0,0.0,0.0
930,2i,150.0,0,0.0,0,0.0,False,0.0,0.0,0.0,0.0,0.0,0.0,0.0
935,2i,150.0,0,0.0,0,0.0,False,0.0,0.0,0.0,0.0,0.0,0.0,0.0
940,2i,150.0,0,0.0,0,0.0,False,0.0,0.0,0.0,0.0,0.0,0.0,0.0
945,2i,150.0,0,0.0,0,0.0,False,0.0,0.0,0.0,0.0,0.0,0.0,0.0
950,2i,150.0,0,0.0,0,0.0,False,0.0,0.0,0.0,0.0,0.0,0.0,0.0
955,2i,150.0,0,0.0,0,0.0,False,0.0,0.0,0.0,0.0,0.0,0.0,0.0
960,2i,150.0,0,0.0,0,0.0,False,0.0,0.0,0.0,0.0,0.0,0.0,0.0
965,2i,150.0,0,0.0,0,0.0,False,0.0,0.0,0.0,0.0,0.0,0.0,0.0
970,2i,150.0,0,0.0,0,0.0,False,0.0,0.0,0.0,0.0,0.0,0.0,0.0
975,2i,150.0,0,0.0,0,0.0,False,0.0,0.0,0.0,0.0,0.0,0.0,0.0
980,2i,150.0,0,0.0,0,0.0,False,0.0,0.0,0.0,0.0,0.0,0.0,0.0
985,2i,150.0,0,0.0,0,0.0,False,0.0,0.0,0.0,0.0,0.0,0.0,0.0
990,2i,150.0,0,0.0,0,0.0,False,0.0,0.0,0.0,0.0,0.0,0.0,0.0
995,2i,150.0,0,0.0,0,0.0,False,0.0,0.0,0.0,0.0,0.0,0.0,0.0
1000,2i,150.0,0,0.0,0,0.0,False,0.0,0.0,0.0,0.0,0.0,0.0,0.0
1005,2i,150.0,0,0.0,0,0.0,False,0.0,0.0,0.0,0.0,0.0,0.0,0.0
1010,2i,150.0,0,0.0,0,0.0,False,0.0,0.0,0.0,0.0,0.0,0.0,0.0
1015,2i,150.0,0,0.0,0,0.0,False,0.0,0.0,0.0,0.0,0.0,0.0,0.0
1020,2i,150.0,0,0.0,0,0.0,False,0.0,0.0,0.0,0.0,0.0,0.0,0.0
1025,2i,150.0,0,0.0,0,0.0,False,0.0,0.0,0.0,0.0,0.0,0.0,0.0
1030,2i,150.0,0,0.0,0,0.0,False,0.0,0.0,0.0,0.0,0.0,0.0,0.0
1035,2i,150.0,0,0.0,0,0.0,False,0.0,0.0,0.0,0.0,0.0,0.0,0.0
1040,2i,150.0,0,0.0,0,0.0,False,0.0,0.0,0.0,0.0,0.0,0.0,0.0
1045,2i,150.0,0,0.0,0,0.0,False,0.0,0.0,0.0,0.0,0.0,0.0,0.0
1050,2i,150.0,0,0.0,0,0.0,False,0.0,0.0,0.0,0.0,0.0,0.0,0.0
1055,2i,150.0,0,0.0,0,0.0,False,0.0,0.0,0.0,0.0,0.0,0.0,0.0
1060,2i,150.0,0,0.0,0,0.0,False,0.0,0.0,0.0,0.0,0.0,0.0,0.0
1065,2i,150.0,0,0.0,0,0.0,False,0.0,0.0,0.0,0.0,0.0,0.0,0.0
1070,2i,150.0,0,0.0,0,0.0,False,0.0,0.0,0.0,0.0,0.0,0.0,0.0
1075,2i,150.0,0,0.0,0,0.0,False,0.0,0.0,0.0,0.0,0.0,0.0,0.0
1080,2i,150.0,0,0.0,0,0.0,False,0.0,0.0,0.0,0.0,0.0,0.0,0.0
1085,2i,150.0,0,0.0,0,0.0,False,0.0,0.0,0.0,0.0,0.0,0.0,0.0
1090,2i,150.0,0,0.0,0,0.0,False,0.0,0.0,0.0,0.0,0.0,0.0,0.0
1095,2i,150.0,0,0.0,0,0.0,False,0.0,0.0,0.0,0.0,0.0,0.0,0.0
1100,2i,150.0,0,0.0,0,0.0,False,0.0,0.0,0.0,0.0,0.0,0.0,0.0
1105,2i,150.0,0,0.0,0,0.0,False,0.0,0.0,0.0,0.0,0.0,0.0,0.0
1110,2i,150.0,0,0.0,0,0.0,False,0.0,0.0,0.0,0.0,0.0,0.0,0.0
1115,2i,150.0,0,0.0,0,0.0,False,0.0,0.0,0.0,0.0,0.0,0.0,0.0
1120,2i,150.0,0,0.0,0,0.0,False,0.0,0.0,0.0,0.0,0.0,0.0,0.0
1125,2i,150.0,0,0.0,0,0.0,False,0.0,0.0,0.0,0.0,0.0,0.0,0.0
1130,2i,150.0,0,0.0,0,0.0,False,0.0,0.0,0.0,0.0,0.0,0.0,0.0
1135,2i,150.0,0,0.0,0,0.0,False,0.0,0.0,0.0,0.0,0.0,0.0,0.0
1140,2i,150.0,0,0.0,0,0.0,False,0.0,0.0,0.0,0.0,0.0,0.0,0.0
1145,2i,150.0,0,0.0,0,0.0,False,0.0,0.0,0.0,0.0,0.0,0.0,0.0
1150,2i,150.0,0,0.0,0,0.0,False,0.0,0.0,0.0,0.0,0.0,0.0,0.0
1155,2i,150.0,0,0.0,0,0.0,False,0.0,0.0,0.0,0.0,0.0,0.0,0.0
1160,2i,150.0,0,0.0,0,0.0,False,0.0,0.0,0.0,0.0,0.0,0.0,0.0
1165,2i,150.0,0,0.0,0,0.0,False,0.0,0.0,0.0,0.0,0.0,0.0,0.0
1170,2i,150.0,0,0.0,0,0.0,False,0.0,0.0,0.0,0.0,0.0,0.0,0.0
1175,2i,150.0,0,0.0,0,0.0,False,0.0,0.0,0.0,0.0,0.0,0.0,0.0
1180,2i,150.0,0,0.0,0,0.0,False,0.0,0.0,0.0,0.0,0.0,0.0,0.0
1185,2i,150.0,0,0.0,0,0.0,False,0.0,0.0,0.0,0.0,0.0,0.0,0.0
1190,2i,150.0,0,0.0,0,0.0,False,0.0,0.0,0.0,0.0,0.0,0.0,0.0
1195,2i,150.0,0,0.0,0,0.0,False,0.0,0.0,0.0,0.0,0.0,0.0,0.0
1200,2i,150.0,0,0.0,0,0.0,False,0.0,0.0,0.0,0.0,0.0,0.0,0.0
1205,2i,150.0,0,0.0,0,0.0,False,0.0,0.0,0.0,0.0,0.0,0.0,0.0
1210,2i,150.0,0,0.0,0,0.0,False,0.0,0.0,0.0,0.0,0.0,0.0,0.0
1215,2i,150.0,0,0.0,0,0.0,False,0.0,0.0,0.0,0.0,0.0,0.0,0.0
1220,2i,150.0,0,0.0,0,0.0,False,0.0,0.0,0.0,0.0,0.0,0.0,0.0
1225,2i,150.0,0,0.0,0,0.0,False,0.0,0.0,0.0,0.0,0.0,0.0,0.0
1230,2i,150.0,0,0.0,0,0.0,False,0.0,0.0,0.0,0.0,0.0,0.0,0.0
1235,2i,150.0,0,0.0,0,0.0,False,0.0,0.0,0.0,0.0,0.0,0.0,0.0
1240,2i,150.0,0,0.0,0,0.0,False,0.0,0.0,0.0,0.0,0.0,0.0,0.0
1245,2i,150.0,0,0.0,0,0.0,False,0.0,0.0,0.0,0.0,0.0,0.0,0.0
1250,2i,150.0,0,0.0,0,0.0,False,0.0,0.0,0.0,0.0,0.0,0.0,0.0
1255,2i,150.0,0,0.0,0,0.0,False,0.0,0.0,0.0,0.0,0.0,0.0,0.0
1260,2i,150.0,0,0.0,0,0.0,False,0.0,0.0,0.0,0.0,0.0,0.0,0.0
1265,2i,150.0,0,0.0,0,0.0,False,0.0,0.0,0.0,0.0,0.0,0.0,0.0
1270,2i,150.0,0,0.0,0,0.0,False,0.0,0.0,0.0,0.0,0.0,0.0,0.0
1275,2i,150.0,0,0.0,0,0.0,False,0.0,0.0,0.0,0.0,0.0,0.0,0.0
1280,2i,150.0,0,0.0,0,0.0,False,0.0,0.0,0.0,0.0,0.0,0.0,0.0
1285,2i,150.0,0,0.0,0,0.0,False,0.0,0.0,0.0,0.0,0.0,0.0,0.0
1290,2i,150.0,0,0.0,0,0.0,False,0.0,0.0,0.0,0.0,0.0,0.0,0.0
1295,2i,150.0,0,0.0,0,0.0,False,0.0,0.0,0.0,0.0,0.0,0.0,0.0
1300,2i,150.0,0,0.0,0,0.0,False,0.0,0.0,0.0,0.0,0.0,0.0,0.0
1305,2i,150.0,0,0.0,0,0.0,False,0.0,0.0,0.0,0.0,0.0,0.0,0.0
1310,2i,150.0,0,0.0,0,0.0,False,0.0,0.0,0.0,0.0,0.0,0.0,0.0
1315,2i,150.0,0,0.0,0,0.0,False,0.0,0.0,0.0,0.0,0.0,0.0,0.0
1320,2i,150.0,0,0.0,0,0.0,False,0.0,0.0,0.0,0.0,0.0,0.0,0.0
1325,2i,150.0,0,0.0,0,0.0,False,0.0,0.0,0.0,0.0,0.0,0.0,0.0
1330,2i,150.0,0,0.0,0,0.0,False,0.0,0.0,0.0,0.0,0.0,0.0,0.0
1335,2i,150.0,0,0.0,0,0.0,False,0.0,0.0,0.0,0.0,0.0,0.0,0.0
1340,2i,150.0,0,0.0,0,0.0,False,0.0,0.0,0.0,0.0,0.0,0.0,0.0
1345,2i,150.0,0,0.0,0,0.0,False,0.0,0.0,0.0,0.0,0.0,0.0,0.0
1350,2i,150.0,0,0.0,0,0.0,False,0.0,0.0,0.0,0.0,0.0,0.0,0.0
1355,2i,150.0,0,0.0,0,0.0,False,0.0,0.0,0.0,0.0,0.0,0.0,0.0
1360,2i,150.0,0,0.0,0,0.0,False,0.0,0.0,0.0,0.0,0.0,0.0,0.0
1365,2i,150.0,0,0.0,0,0.0,False,0.0,0.0,0.0,0.0,0.0,0.0,0.0
1370,2i,150.0,0,0.0,0,0.0,False,0.0,0.0,0.0,0.0,0.0,0.0,0.0
1375,2i,150.0,0,0.0,0,0.0,False,0.0,0.0,0.0,0.0,0.0,0.0,0.0
1380,2i,150.0,0,0.0,0,0.0,False,0.0,0.0,0.0,0.0,0.0,0.0,0.0
1385,2i,150.0,0,0.0,0,0.0,False,0.0,0.0,0.0,0.0,0.0,0.0,0.0
1390,2i,150.0,0,0.0,0,0.0,False,0.0,0.0,0.0,0.0,0.0,0.0,0.0
1395,2i,150.0,0,0.0,0,0.0,False,0.0,0.0,0.0,0.0,0.0,0.0,0.0
1400,2i,150.0,0,0.0,0,0.0,False,0.0,0.0,0.0,0.0,0.0,0.0,0.0
1405,2i,150.0,0,0.0,0,0.0,False,0.0,0.0,0.0,0.0,0.0,0.0,0.0
1410,2i,150.0,0,0.0,0,0.0,False,0.0,0.0,0.0,0.0,0.0,0.0,0.0
1415,2i,150.0,0,0.0,0,0.0,False,0.0,0.0,0.0,0.0,0.0,0.0,0.0
1420,2i,150.0,0,0.0,0,0.0,False,0.0,0.0,0.0,0.0,0.0,0.0,0.0
1425,2i,150.0,0,0.0,0,0.0,False,0.0,0.0,0.0,0.0,0.0,0.0,0.0
1430,2i,150.0,0,0.0,0,0.0,False,0.0,0.0,0.0,0.0,0.0,0.0,0.0
1435,2i,150.0,0,0.0,0,0.0,False,0.0,0.0,0.0,0.0,0.0,0.0,0.0
1440,2i,150.0,0,0.0,0,0.0,False,0.0,0.0,0.0,0.0,0.0,0.0,0.0
1445,2i,150.0,0,0.0,0,0.0,False,0.0,0.0,0.0,0.0,0.0,0.0,0.0
1450,2i,150.0,0,0.0,0,0.0,False,0.0,0.0,0.0,0.0,0.0,0.0,0.0
1455,2i,150.0,0,0.0,0,0.0,False,0.0,0.0,0.0,0.0,0.0,0.0,0.0
1460,2i,150.0,0,0.0,0,0.0,False,0.0,0.0,0.0,0.0,0.0,0.0,0.0
1465,2i,150.0,0,0.0,0,0.0,False,0.0,0.0,0.0,0.0,0.0,0.0,0.0
1470,2i,150.0,0,0.0,0,0.0,False,0.0,0.0,0.0,0.0,0.0,0.0,0.0
1475,2i,150.0,0,0.0,0,0.0,False,0.0,0.0,0.0,0.0,0.0,0.0,0.0
1480,2i,150.0,0,0.0,0,0.0,False,0.0,0.0,0.0,0.0,0.0,0.0,0.0
1485,2i,150.0,0,0.0,0,0.0,False,0.0,0.0,0.0,0.0,0.0,0.0,0.0
1490,2i,150.0,0,0.0,0,0.0,False,0.0,0.0,0.0,0.0,0.0,0.0,0.0
1495,2i,150.0,0,0.0,0,0.0,False,0.0,0.0,0.0,0.0,0.0,0.0,0.0
1500,2i,150.0,0,0.0,0,0.0,False,0.0,0.0,0.0,0.0,0.0,0.0,0.0
1505,2i,150.0,0,0.0,0,0.0,False,0.0,0.0,0.0,0.0,0.0,0.0,0.0
1510,2i,150.0,0,0.0,0,0.0,False,0.0,0.0,0.0,0.0,0.0,0.0,0.0
1515,2i,150.0,0,0.0,0,0.0,False,0.0,0.0,0.0,0.0,0.0,0.0,0.0
1520,2i,150.0,0,0.0,0,0.0,False,0.0,0.0,0.0,0.0,0.0,0.0,0.0
1525,2i,150.0,0,0.0,0,0.0,False,0.0,0.0,0.0,0.0,0.0,0.0,0.0
1530,2i,150.0,0,0.0,0,0.0,False,0.0,0.0,0.0,0.0,0.0,0.0,0.0
1535,2i,150.0,0,0.0,0,0.0,False,0.0,0.0,0.0,0.0,0.0,0.0,0.0
1540,2i,150.0,0,0.0,0,0.0,False,0.0,0.0,0.0,0.0,0.0,0.0,0.0
1545,2i,150.0,0,0.0,0,0.0,False,0.0,0.0,0.0,0.0,0.0,0.0,0.0
1550,2i,150.0,0,0.0,0,0.0,False,0.0,0.0,0.0,0.0,0.0,0.0,0.0
1555,2i,150.0,0,0.0,0,0.0,False,0.0,0.0,0.0,0.0,0.0,0.0,0.0
1560,2i,150.0,0,0.0,0,0.0,False,0.0,0.0,0.0,0.0,0.0,0.0,0.0
1565,2i,150.0,0,0.0,0,0.0,False,0.0,0.0,0.0,0.0,0.0,0.0,0.0
1570,2i,150.0,0,0.0,0,0.0,False,0.0,0.0,0.0,0.0,0.0,0.0,0.0
1575,2i,150.0,0,0.0,0,0.0,False,0.0,0.0,0.0,0.0,0.0,0.0,0.0
1580,2i,150.0,0,0.0,0,0.0,False,0.0,0.0,0.0,0.0,0.0,0.0,0.0
1585,2i,150.0,0,0.0,0,0.0,False,0.0,0.0,0.0,0.0,0.0,0.0,0.0
1590,2i,150.0,0,0.0,0,0.0,False,0.0,0.0,0.0,0.0,0.0,0.0,0.0
1595,2i,150.0,0,0.0,0,0.0,False,0.0,0.0,0.0,0.0,0.0,0.0,0.0
1600,2i,150.0,0,0.0,0,0.0,False,0.0,0.0,0.0,0.0,0.0,0.0,0.0
1605,2i,150.0,0,0.0,0,0.0,False,0.0,0.0,0.0,0.0,0.0,0.0,0.0
1610,2i,150.0,0,0.0,0,0.0,False,0.0,0.0,0.0,0.0,0.0,0.0,0.0
1615,2i,150.0,0,0.0,0,0.0,False,0.0,0.0,0.0,0.0,0.0,0.0,0.0
1620,2i,150.0,0,0.0,0,0.0,False,0.0,0.0,0.0,0.0,0.0,0.0,0.0
1625,2i,150.0,0,0.0,0,0.0,False,0.0,0.0,0.0,0.0,0.0,0.0,0.0
1630,2i,150.0,0,0.0,0,0.0,False,0.0,0.0,0.0,0.0,0.0,0.0,0.0
1635,2i,150.0,0,0.0,0,0.0,False,0.0,0.0,0.0,0.0,0.0,0.0,0.0
1640,2i,150.0,0,0.0,0,0.0,False,0.0,0.0,0.0,0.0,0.0,0.0,0.0
1645,2i,150.0,0,0.0,0,0.0,False,0.0,0.0,0.0,0.0,0.0,0.0,0.0
1650,2i,150.0,0,0.0,0,0.0,False,0.0,0.0,0.0,0.0,0.0,0.0,0.0
1655,2i,150.0,0,0.0,0,0.0,False,0.0,0.0,0.0,0.0,0.0,0.0,0.0
1660,2i,150.0,0,0.0,0,0.0,False,0.0,0.0,0.0,0.0,0.0,0.0,0.0
1665,2i,150.0,0,0.0,0,0.0,False,0.0,0.0,0.0,0.0,0.0,0.0,0.0
1670,2i,150.0,0,0.0,0,0.0,False,0.0,0.0,0.0,0.0,0.0,0.0,0.0
1675,2i,150.0,0,0.0,0,0.0,False,0.0,0.0,0.0,0.0,0.0,0.0,0.0
1680,2i,150.0,0,0.0,0,0.0,False,0.0,0.0,0.0,0.0,0.0,0.0,0.0
1685,2i,150.0,0,0.0,0,0.0,False,0.0,0.0,0.0,0.0,0.0,0.0,0.0
1690,2i,150.0,0,0.0,0,0.0,False,0.0,0.0,0.0,0.0,0.0,0.0,0.0
1695,2i,150.0,0,0.0,0,0.0,False,0.0,0.0,0.0,0.0,0.0,0.0,0.0
1700,2i,150.0,0,0.0,0,0.0,False,0.0,0.0,0.0,0.0,0.0,0.0,0.0
1705,2i,150.0,0,0.0,0,0.0,False,0.0,0.0,0.0,0.0,0.0,0.0,0.0
1710,2i,150.0,0,0.0,0,0.0,False,0.0,0.0,0.0,0.0,0.0,0.0,0.0
1715,2i,150.0,0,0.0,0,0.0,False,0.0,0.0,0.0,0.0,0.0,0.0,0.0
1720,2i,150.0,0,0.0,0,0.0,False,0.0,0.0,0.0,0.0,0.0,0.0,0.0
1725,2i,150.0,0,0.0,0,0.0,False,0.0,0.0,0.0,0.0,0.0,0.0,0.0
1730,2i,150.0,0,0.0,0,0.0,False,0.0,0.0,0.0,0.0,0.0,0.0,0.0
1735,2i,150.0,0,0.0,0,0.0,False,0.0,0.0,0.0,0.0,0.0,0.0,0.0
1740,2i,150.0,0,0.0,0,0.0,False,0.0,0.0,0.0,0.0,0.0,0.0,0.0
1745,2i,150.0,0,0.0,0,0.0,False,0.0,0.0,0.0,0.0,0.0,0.0,0.0
1750,2i,150.0,0,0.0,0,0.0,False,0.0,0.0,0.0,0.0,0.0,0.0,0.0
1755,2i,150.0,0,0.0,0,0.0,False,0.0,0.0,0.0,0.0,0.0,0.0,0.0
1760,2i,150.0,0,0.0,0,0.0,False,0.0,0.0,0.0,0.0,0.0,0.0,0.0
1765,2i,150.0,0,0.0,0,0.0,False,0.0,0.0,0.0,0.0,0.0,0.0,0.0
1770,2i,150.0,0,0.0,0,0.0,False,0.0,0.0,0.0,0.0,0.0,0.0,0.0
1775,2i,150.0,0,0.0,0,0.0,False,0.0,0.0,0.0,0.0,0.0,0.0,0.0
1780,2i,150.0,0,0.0,0,0.0,False,0.0,0.0,0.0,0.0,0.0,0.0,0.0
1785,2i,150.0,0,0.0,0,0.0,False,0.0,0.0,0.0,0.0,0.0,0.0,0.0
1790,2i,150.0,0,0.0,0,0.0,False,0.0,0.0,0.0,0.0,0.0,0.0,0.0
1795,2i,150.0,0,0.0,0,0.0,False,0.0,0.0,0.0,0.0,0.0,0.0,0.0
1800,2i,150.0,0,0.0,0,0.0,False,0.0,0.0,0.0,0.0,0.0,0.0,0.0
1805,2i,150.0,0,0.0,0,0.0,False,0.0,0.0,0.0,0.0,0.0,0.0,0.0
1810,2i,150.0,0,0.0,0,0.0,False,0.0,0.0,0.0,0.0,0.0,0.0,0.0
1815,2i,150.0,0,0.0,0,0.0,False,0.0,0.0,0.0,0.0,0.0,0.0,0.0
1820,2i,150.0,0,0.0,0,0.0,False,0.0,0.0,0.0,0.0,0.0,0.0,0.0
1825,2i,150.0,0,0.0,0,0.0,False,0.0,0.0,0.0,0.0,0.0,0.0,0.0
1830,2i,150.0,0,0.0,0,0.0,False,0.0,0.0,0.0,0.0,0.0,0.0,0.0
1835,2i,150.0,0,0.0,0,0.0,False,0.0,0.0,0.0,0.0,0.0,0.0,0.0
1840,2i,150.0,0,0.0,0,0.0,False,0.0,0.0,0.0,0.0,0.0,0.0,0.0
1845,2i,150.0,0,0.0,0,0.0,False,0.0,0.0,0.0,0.0,0.0,0.0,0.0
1850,2i,150.0,0,0.0,0,0.0,False,0.0,0.0,0.0,0.0,0.0,0.0,0.0
1855,2i,150.0,0,0.0,0,0.0,False,0.0,0.0,0.0,0.0,0.0,0.0,0.0
1860,2i,150.0,0,0.0,0,0.0,False,0.0,0.0,0.0,0.0,0.0,0.0,0.0
1865,2i,150.0,0,0.0,0,0.0,False,0.0,0.0,0.0,0.0,0.0,0.0,0.0
1870,2i,150.0,0,0.0,0,0.0,False,0.0,0.0,0.0,0.0,0.0,0.0,0.0
1875,2i,150.0,0,0.0,0,0.0,False,0.0,0.0,0.0,0.0,0.0,0.0,0.0
1880,2i,150.0,0,0.0,0,0.0,False,0.0,0.0,0.0,0.0,0.0,0.0,0.0
1885,2i,150.0,0,0.0,0,0.0,False,0.0,0.0,0.0,0.0,0.0,0.0,0.0
1890,2i,150.0,0,0.0,0,0.0,False,0.0,0.0,0.0,0.0,0.0,0.0,0.0
1895,2i,150.0,0,0.0,0,0.0,False,0.0,0.0,0.0,0.0,0.0,0.0,0.0
1900,2i,150.0,0,0.0,0,0.0,False,0.0,0.0,0.0,0.0,0.0,0.0,0.0
1905,2i,150.0,0,0.0,0,0.0,False,0.0,0.0,0.0,0.0,0.0,0.0,0.0
1910,2i,150.0,0,0.0,0,0.0,False,0.0,0.0,0.0,0.0,0.0,0.0,0.0
1915,2i,150.0,0,0.0,0,0.0,False,0.0,0.0,0.0,0.0,0.0,0.0,0.0
1920,2i,150.0,0,0.0,0,0.0,False,0.0,0.0,0.0,0.0,0.0,0.0,0.0
1925,2i,150.0,0,0.0,0,0.0,False,0.0,0.0,0.0,0.0,0.0,0.0,0.0
1930,2i,150.0,0,0.0,0,0.0,False,0.0,0.0,0.0,0.0,0.0,0.0,0.0
1935,2i,150.0,0,0.0,0,0.0,False,0.0,0.0,0.0,0.0,0.0,0.0,0.0
1940,2i,150.0,0,0.0,0,0.0,False,0.0,0.0,0.0,0.0,0.0,0.0,0.0
1945,2i,150.0,0,0.0,0,0.0,False,0.0,0.0,0.0,0.0,0.0,0.0,0.0
1950,2i,150.0,0,0.0,0,0.0,False,0.0,0.0,0.0,0.0,0.0,0.0,0.0
1955,2i,150.0,0,0.0,0,0.0,False,0.0,0.0,0.0,0.0,0.0,0.0,0.0
1960,2i,150.0,0,0.0,0,0.0,False,0.0,0.0,0.0,0.0,0.0,0.0,0.0
1965,2i,150.0,0,0.0,0,0.0,False,0.0,0.0,0.0,0.0,0.0,0.0,0.0
1970,2i,150.0,0,0.0,0,0.0,False,0.0,0.0,0.0,0.0,0.0,0.0,0.0
1975,2i,150.0,0,0.0,0,0.0,False,0.0,0.0,0.0,0.0,0.0,0.0,0.0
1980,2i,150.0,0,0.0,0,0.0,False,0.0,0.0,0.0,0.0,0.0,0.0,0.0
1985,2i,150.0,0,0.0,0,0.0,False,0.0,0.0,0.0,0.0,0.0,0.0,0.0
1990,2i,150.0,0,0.0,0,0.0,False,0.0,0.0,0.0,0.0,0.0,0.0,0.0
1995,2i,150.0,0,0.0,0,0.0,False,0.0,0.0,0.0,0.0,0.0,0.0,0.0
2000,2i,150.0,0,0.0,0,0.0,False,0.0,0.0,0.0,0.0,0.0,0.0,0.0
2005,2i,150.0,0,0.0,0,0.0,False,0.0,0.0,0.0,0.0,0.0,0.0,0.0
2010,2i,150.0,0,0.0,0,0.0,False,0.0,0.0,0.0,0.0,0.0,0.0,0.0
2015,2i,150.0,0,0.0,0,0.0,False,0.0,0.0,0.0,0.0,0.0,0.0,0.0
2020,2i,150.0,0,0.0,0,0.0,False,0.0,0.0,0.0,0.0,0.0,0.0,0.0
2025,2i,150.0,0,0.0,0,0.0,False,0.0,0.0,0.0,0.0,0.0,0.0,0.0
2030,2i,150.0,0,0.0,0,0.0,False,0.0,0.0,0.0,0.0,0.0,0.0,0.0
2035,2i,150.0,0,0.0,0,0.0,False,0.0,0.0,0.0,0.0,0.0,0.0,0.0
2040,2i,150.0,0,0.0,0,0.0,False,0.0,0.0,0.0,0.0,0.0,0.0,0.0
2045,2i,150.0,0,0.0,0,0.0,False,0.0,0.0,0.0,0.0,0.0,0.0,0.0
2050,2i,150.0,0,0.0,0,0.0,False,0.0,0.0,0.0,0.0,0.0,0.0,0.0
2055,2i,150.0,0,0.0,0,0.0,False,0.0,0.0,0.0,0.0,0.0,0.0,0.0
2060,2i,150.0,0,0.0,0,0.0,False,0.0,0.0,0.0,0.0,0.0,0.0,0.0
2065,2i,150.0,0,0.0,0,0.0,False,0.0,0.0,0.0,0.0,0.0,0.0,0.0
2070,2i,150.0,0,0.0,0,0.0,False,0.0,0.0,0.0,0.0,0.0,0.0,0.0
2075,2i,150.0,0,0.0,0,0.0,False,0.0,0.0,0.0,0.0,0.0,0.0,0.0
2080,2i,150.0,0,0.0,0,0.0,False,0.0,0.0,0.0,0.0,0.0,0.0,0.0
2085,2i,150.0,0,0.0,0,0.0,False,0.0,0.0,0.0,0.0,0.0,0.0,0.0
2090,2i,150.0,0,0.0,0,0.0,False,0.0,0.0,0.0,0.0,0.0,0.0,0.0
2095,2i,150.0,0,0.0,0,0.0,False,0.0,0.0,0.0,0.0,0.0,0.0,0.0
2100,2i,150.0,0,0.0,0,0.0,False,0.0,0.0,0.0,0.0,0.0,0.0,0.0
2105,2i,150.0,0,0.0,0,0.0,False,0.0,0.0,0.0,0.0,0.0,0.0,0.0
2110,2i,150.0,0,0.0,0,0.0,False,0.0,0.0,0.0,0.0,0.0,0.0,0.0
2115,2i,150.0,0,0.0,0,0.0,False,0.0,0.0,0.0,0.0,0.0,0.0,0.0
2120,2i,150.0,0,0.0,0,0.0,False,0.0,0.0,0.0,0.0,0.0,0.0,0.0
2125,2i,150.0,0,0.0,0,0.0,False,0.0,0.0,0.0,0.0,0.0,0.0,0.0
2130,2i,150.0,0,0.0,0,0.0,False,0.0,0.0,0.0,0.0,0.0,0.0,0.0
2135,2i,150.0,0,0.0,0,0.0,False,0.0,0.0,0.0,0.0,0.0,0.0,0.0
2140,2i,150.0,0,0.0,0,0.0,False,0.0,0.0,0.0,0.0,0.0,0.0,0.0
2145,2i,150.0,0,0.0,0,0.0,False,0.0,0.0,0.0,0.0,0.0,0.0,0.0
2150,2i,150.0,0,0.0,0,0.0,False,0.0,0.0,0.0,0.0,0.0,0.0,0.0
2155,2i,150.0,0,0.0,0,0.0,False,0.0,0.0,0.0,0.0,0.0,0.0,0.0
2160,2i,150.0,0,0.0,0,0.0,False,0.0,0.0,0.0,0.0,0.0,0.0,0.0
2165,2i,150.0,0,0.0,0,0.0,False,0.0,0.0,0.0,0.0,0.0,0.0,0.0
2170,2i,150.0,0,0.0,0,0.0,False,0.0,0.0,0.0,0.0,0.0,0.0,0.0
2175,2i,150.0,3,25.3363,0,0.0,False,0.0,25.3363,0.0,0.6666666666666666,0.3333333333333333,0.0,0.0
2180,2i,150.0,3,13.1405,0,0.0,False,0.0,13.1405,0.0,0.6666666666666666,0.3333333333333333,0.0,0.0
2185,2i,150.0,3,0.9871,2,1.0,False,1.0,0.9871,0.006666666666666667,0.6666666666666666,0.3333333333333333,0.0,0.0
2190,2i,150.0,3,0.0053,3,1.0,False,1.0,0.0053,0.006666666666666667,0.6666666666666666,0.3333333333333333,0.0,0.0
2195,2i,150.0,3,0.0,3,1.0,False,1.0,0.0,0.006666666666666667,0.6666666666666666,0.3333333333333333,0.0,0.0
2200,2i,150.0,3,0.0,3,1.0,False,1.0,0.0,0.006666666666666667,0.6666666666666666,0.3333333333333333,0.0,0.0
2205,2i,150.0,3,0.0,3,1.0,False,1.0,-25.3363,0.006666666666666667,0.6666666666666666,0.3333333333333333,0.0,0.0
2210,2i,150.0,2,13.7332,1,1.0,False,1.0,0.5927000000000007,0.006666666666666667,1.0,0.0,0.0,0.0
2215,2i,150.0,4,12.6966,1,1.0,False,0.0,11.7095,0.006666666666666667,0.5,0.0,0.25,0.25
2220,2i,150.0,4,7.5708,1,1.0,False,0.0,7.5655,0.006666666666666667,0.5,0.0,0.25,0.25
2225,2i,150.0,3,3.1279,2,5.0,False,4.0,3.1279,0.03333333333333333,0.6666666666666666,0.0,0.0,0.3333333333333333
2230,2i,150.0,2,0.0,2,5.0,False,4.0,0.0,0.03333333333333333,1.0,0.0,0.0,0.0
2235,2i,150.0,2,0.0,2,5.0,False,4.0,0.0,0.03333333333333333,1.0,0.0,0.0,0.0
2240,2i,150.0,0,0.0,0,0.0,False,-1.0,-13.7332,0.0,0.0,0.0,0.0,0.0
2245,2i,150.0,1,23.7615,0,0.0,False,-1.0,11.064900000000002,0.0,1.0,0.0,0.0,0.0
2250,2i,150.0,3,15.0784,0,0.0,False,-1.0,7.5076,0.0,0.6666666666666666,0.3333333333333333,0.0,0.0
2255,2i,150.0,3,2.3915,1,1.0,False,-4.0,-0.7363999999999997,0.006666666666666667,0.6666666666666666,0.3333333333333333,0.0,0.0
2260,2i,150.0,3,0.0,3,1.0,False,-4.0,0.0,0.006666666666666667,0.6666666666666666,0.3333333333333333,0.0,0.0
2265,2i,150.0,3,0.0,3,1.0,False,-4.0,0.0,0.006666666666666667,0.6666666666666666,0.3333333333333333,0.0,0.0
2270,2i,150.0,3,0.0,3,1.0,False,1.0,0.0,0.006666666666666667,0.6666666666666666,0.3333333333333333,0.0,0.0
2275,2i,150.0,3,0.0,3,1.0,False,1.0,-23.7615,0.006666666666666667,0.6666666666666666,0.3333333333333333,0.0,0.0
2280,2i,150.0,5,9.6122,3,1.0,False,1.0,-5.466200000000001,0.006666666666666667,0.6,0.4,0.0,0.0
2285,2i,150.0,6,7.0228,3,1.0,False,0.0,4.6312999999999995,0.006666666666666667,0.5,0.5,0.0,0.0
2290,2i,150.0,6,1.3651,4,5.01,False,4.01,1.3651,0.0334,0.5,0.5,0.0,0.0
2295,2i,150.0,6,0.0005,6,8.0,False,7.0,0.0005,0.05333333333333334,0.5,0.5,0.0,0.0
2300,2i,150.0,2,0.0,2,8.0,False,7.0,0.0,0.05333333333333334,0.0,1.0,0.0,0.0
2305,2i,150.0,2,0.0,2,8.0,False,7.0,0.0,0.05333333333333334,0.0,1.0,0.0,0.0
2310,2i,150.0,2,0.0,2,8.0,False,7.0,-9.6122,0.05333333333333334,0.0,1.0,0.0,0.0
2315,2i,150.0,3,6.6667,2,8.0,False,7.0,-0.3561000000000005,0.05333333333333334,0.0,1.0,0.0,0.0
2320,2i,150.0,4,8.8933,2,8.0,False,2.99,7.5282,0.05333333333333334,0.0,0.75,0.0,0.25
2325,2i,150.0,3,3.6084,2,8.0,False,0.0,3.6079,0.05333333333333334,0.0,0.6666666666666666,0.0,0.3333333333333333
2330,2i,150.0,2,5.6975,0,0.0,False,-8.0,5.6975,0.0,0.0,0.5,0.0,0.5
2335,2i,150.0,1,3.7913,0,0.0,False,-8.0,3.7913,0.0,0.0,0.0,0.0,1.0
2340,2i,150.0,1,0.0,1,1.0,False,-7.0,0.0,0.006666666666666667,0.0,0.0,0.0,1.0
2345,2i,150.0,1,0.0,1,1.0,False,-7.0,-6.6667,0.006666666666666667,0.0,0.0,0.0,1.0
2350,2i,150.0,2,8.6601,1,1.0,False,-7.0,-0.23320000000000007,0.006666666666666667,0.0,0.0,0.0,1.0
2355,2i,150.0,4,13.1866,1,1.0,False,-7.0,9.5782,0.006666666666666667,0.25,0.0,0.25,0.5
2360,2i,150.0,4,6.8345,1,1.0,False,1.0,1.1370000000000005,0.006666666666666667,0.25,0.0,0.25,0.5
2365,2i,150.0,4,1.2159,2,1.0,False,1.0,-2.5754,0.006666666666666667,0.25,0.0,0.25,0.5
2370,2i,150.0,4,0.001,4,15.04,False,14.04,0.001,0.10026666666666666,0.25,0.0,0.25,0.5
2375,2i,150.0,4,0.0,4,15.04,False,14.04,0.0,0.10026666666666666,0.25,0.0,0.25,0.5
2380,2i,150.0,5,4.5927,4,15.04,False,14.04,-4.0674,0.10026666666666666,0.4,0.0,0.2,0.4
2385,2i,150.0,6,6.0583,4,15.04,False,14.04,-7.1283,0.10026666666666666,0.5,0.0,0.16666666666666666,0.3333333333333333
2390,2i,150.0,5,6.8679,2,15.04,False,14.04,0.03339999999999943,0.10026666666666666,0.4,0.0,0.4,0.2
2395,2i,150.0,4,3.7755,2,15.04,False,14.04,2.5596,0.10026666666666666,0.25,0.0,0.5,0.25
2400,2i,150.0,4,1.8408,3,27.75,False,12.71,1.8398,0.185,0.25,0.0,0.5,0.25
2405,2i,150.0,3,0.0,3,27.75,False,12.71,0.0,0.185,0.3333333333333333,0.0,0.3333333333333333,0.3333333333333333
2410,2i,150.0,3,0.0,3,27.75,False,12.71,-4.5927,0.185,0.3333333333333333,0.0,0.3333333333333333,0.3333333333333333
2415,2i,150.0,4,5.0281,3,27.75,False,12.71,-1.0301999999999998,0.185,0.5,0.0,0.25,0.25
2420,2i,150.0,4,9.81,1,27.38,False,12.34,2.942100000000001,0.18253333333333333,0.75,0.0,0.25,0.0
2425,2i,150.0,4,9.3224,1,1.03,False,-14.01,5.5469,0.006866666666666667,0.75,0.25,0.0,0.0
2430,2i,150.0,4,1.948,2,1.13,False,-26.62,0.10719999999999996,0.007533333333333333,0.75,0.25,0.0,0.0
2435,2i,150.0,4,0.0072,4,5.0,False,-22.75,0.0072,0.03333333333333333,0.75,0.25,0.0,0.0
2440,2i,150.0,4,0.0,4,5.0,False,-22.75,0.0,0.03333333333333333,0.75,0.25,0.0,0.0
2445,2i,150.0,4,0.0,4,5.0,False,-22.75,-5.0281,0.03333333333333333,0.75,0.25,0.0,0.0
2450,2i,150.0,5,3.907,4,5.0,False,-22.38,-5.9030000000000005,0.03333333333333333,0.8,0.2,0.0,0.0
2455,2i,150.0,6,5.4922,4,5.0,False,3.9699999999999998,-3.8301999999999996,0.03333333333333333,0.8333333333333334,0.16666666666666666,0.0,0.0
2460,2i,150.0,7,4.4576,5,5.0,False,3.87,2.5096000000000003,0.03333333333333333,0.7142857142857143,0.2857142857142857,0.0,0.0
2465,2i,150.0,7,0.867,5,5.0,False,0.0,0.8598,0.03333333333333333,0.7142857142857143,0.2857142857142857,0.0,0.0
2470,2i,150.0,7,0.0008,7,12.0,False,7.0,0.0008,0.08,0.7142857142857143,0.2857142857142857,0.0,0.0
2475,2i,150.0,7,0.0,7,12.0,False,7.0,0.0,0.08,0.7142857142857143,0.2857142857142857,0.0,0.0
2480,2i,150.0,3,0.0,3,12.0,False,7.0,-3.907,0.08,0.6666666666666666,0.3333333333333333,0.0,0.0
2485,2i,150.0,4,3.9987,3,12.0,False,7.0,-1.4935000000000005,0.08,0.75,0.25,0.0,0.0
2490,2i,150.0,4,6.7339,3,12.0,False,7.0,2.2763,0.08,0.75,0.25,0.0,0.0
2495,2i,150.0,5,6.9581,3,12.0,False,7.0,6.0911,0.08,0.6,0.2,0.2,0.0
2500,2i,150.0,4,3.0863,3,12.0,False,0.0,3.0855,0.08,0.5,0.25,0.25,0.0
2505,2i,150.0,4,1.2113,3,12.0,False,0.0,1.2113,0.08,0.5,0.25,0.25,0.0
2510,2i,150.0,2,0.869,1,16.01,False,4.010000000000002,0.869,0.10673333333333335,0.5,0.0,0.5,0.0
2515,2i,150.0,1,1.5163,0,0.0,False,-12.0,-2.4824,0.0,0.0,0.0,1.0,0.0
2520,2i,150.0,2,8.6316,1,1.0,False,-11.0,1.8977000000000004,0.006666666666666667,0.0,0.5,0.5,0.0
2525,2i,150.0,4,14.6143,1,1.0,False,-11.0,7.6562,0.006666666666666667,0.5,0.25,0.25,0.0
2530,2i,150.0,4,6.9041,2,1.0,False,-11.0,3.8177999999999996,0.006666666666666667,0.5,0.25,0.25,0.0
2535,2i,150.0,4,0.6587,2,1.0,False,-11.0,-0.5526000000000001,0.006666666666666667,0.5,0.25,0.25,0.0
2540,2i,150.0,4,0.0002,4,13.71,False,-2.3000000000000007,-0.8688,0.09140000000000001,0.5,0.25,0.25,0.0
2545,2i,150.0,4,0.0,4,13.71,False,13.71,-1.5163,0.09140000000000001,0.5,0.25,0.25,0.0
2550,2i,150.0,5,4.818,4,13.71,False,12.71,-3.813600000000001,0.09140000000000001,0.6,0.2,0.2,0.0
2555,2i,150.0,5,2.3576,4,13.71,False,12.71,-12.2567,0.09140000000000001,0.6,0.2,0.2,0.0
2560,2i,150.0,6,4.4433,5,13.71,False,12.71,-2.4608,0.09140000000000001,0.6666666666666666,0.16666666666666666,0.16666666666666666,0.0
2565,2i,150.0,7,4.3213,5,13.71,False,12.71,3.6626,0.09140000000000001,0.5714285714285714,0.2857142857142857,0.14285714285714285,0.0
2570,2i,150.0,3,0.0669,2,13.71,False,0.0,0.0667,0.09140000000000001,0.6666666666666666,0.0,0.3333333333333333,0.0
2575,2i,150.0,3,0.0001,3,17.71,False,4.0,0.0001,0.11806666666666667,0.6666666666666666,0.0,0.3333333333333333,0.0
2580,2i,150.0,3,0.0,3,17.71,False,4.0,-4.818,0.11806666666666667,0.6666666666666666,0.0,0.3333333333333333,0.0
2585,2i,150.0,4,5.2238,3,17.71,False,4.0,2.8661999999999996,0.11806666666666667,0.75,0.0,0.25,0.0
2590,2i,150.0,4,4.4068,3,17.71,False,4.0,-0.0365000000000002,0.11806666666666667,0.75,0.0,0.25,0.0
2595,2i,150.0,5,10.494,3,17.71,False,4.0,6.1727,0.11806666666666667,0.8,0.0,0.2,0.0
2600,2i,150.0,4,7.7478,1,16.89,False,3.1799999999999997,7.680899999999999,0.1126,1.0,0.0,0.0,0.0
2605,2i,150.0,3,2.2464,0,0.0,False,-17.71,2.2462999999999997,0.0,1.0,0.0,0.0,0.0
2610,2i,150.0,3,0.0005,3,5.0,False,-12.71,0.0005,0.03333333333333333,1.0,0.0,0.0,0.0
2615,2i,150.0,3,0.0,3,5.0,False,-12.71,-5.2238,0.03333333333333333,1.0,0.0,0.0,0.0
2620,2i,150.0,4,4.883,3,5.0,False,-12.71,0.4762000000000004,0.03333333333333333,1.0,0.0,0.0,0.0
2625,2i,150.0,4,1.7956,3,5.0,False,-12.71,-8.6984,0.03333333333333333,1.0,0.0,0.0,0.0
2630,2i,150.0,5,5.4552,4,5.0,False,-11.89,-2.2926,0.03333333333333333,1.0,0.0,0.0,0.0
2635,2i,150.0,6,5.2463,4,5.0,False,5.0,2.9999,0.03333333333333333,0.8333333333333334,0.16666666666666666,0.0,0.0
2640,2i,150.0,6,1.0457,4,5.0,False,0.0,1.0452000000000001,0.03333333333333333,0.8333333333333334,0.16666666666666666,0.0,0.0
2645,2i,150.0,6,0.0018,6,9.0,False,4.0,0.0018,0.06,0.8333333333333334,0.16666666666666666,0.0,0.0
2650,2i,150.0,6,0.0,6,9.0,False,4.0,-4.883,0.06,0.8333333333333334,0.16666666666666666,0.0,0.0
2655,2i,150.0,7,2.8673,6,9.0,False,4.0,1.0717,0.06,0.7142857142857143,0.2857142857142857,0.0,0.0
2660,2i,150.0,4,3.5785,3,9.0,False,4.0,-1.8766999999999996,0.06,0.75,0.25,0.0,0.0
2665,2i,150.0,5,10.3561,3,9.0,False,4.0,5.1098,0.06,1.0,0.0,0.0,0.0
2670,2i,150.0,5,5.7792,3,9.0,False,4.0,4.7335,0.06,1.0,0.0,0.0,0.0
2675,2i,150.0,4,0.1663,3,9.0,False,0.0,0.1645,0.06,1.0,0.0,0.0,0.0
2680,2i,150.0,4,0.0,4,13.0,False,4.0,0.0,0.08666666666666667,1.0,0.0,0.0,0.0
2685,2i,150.0,5,5.3808,4,13.0,False,4.0,2.5134999999999996,0.08666666666666667,1.0,0.0,0.0,0.0
2690,2i,150.0,4,4.8811,1,13.0,False,4.0,1.3026,0.08666666666666667,1.0,0.0,0.0,0.0
2695,2i,150.0,2,2.12,0,0.0,False,-9.0,-8.2361,0.0,1.0,0.0,0.0,0.0
2700,2i,150.0,4,13.3316,2,1.0,False,-8.0,7.5524,0.006666666666666667,1.0,0.0,0.0,0.0
2705,2i,150.0,4,7.1198,2,1.0,False,-8.0,6.9535,0.006666666666666667,1.0,0.0,0.0,0.0
2710,2i,150.0,4,0.56,2,1.0,False,-12.0,0.56,0.006666666666666667,1.0,0.0,0.0,0.0
2715,2i,150.0,4,0.0001,4,5.0,False,-8.0,-5.3807,0.03333333333333333,1.0,0.0,0.0,0.0
2720,2i,150.0,5,4.8465,4,5.0,False,-8.0,-0.034600000000000186,0.03333333333333333,1.0,0.0,0.0,0.0
2725,2i,150.0,5,2.2309,4,5.0,False,5.0,0.1109,0.03333333333333333,1.0,0.0,0.0,0.0
2730,2i,150.0,5,0.1243,5,5.27,False,4.27,-13.2073,0.03513333333333333,1.0,0.0,0.0,0.0
2735,2i,150.0,5,0.0003,5,5.0,False,4.0,-7.1194999999999995,0.03333333333333333,1.0,0.0,0.0,0.0
2740,2i,150.0,6,2.7441,5,5.0,False,4.0,2.1841,0.03333333333333333,1.0,0.0,0.0,0.0
2745,2i,150.0,7,2.3995,5,5.0,False,0.0,2.3994,0.03333333333333333,0.8571428571428571,0.0,0.14285714285714285,0.0
2750,2i,150.0,4,2.6384,3,9.01,False,4.01,-2.2081,0.060066666666666664,0.75,0.0,0.25,0.0
2755,2i,150.0,4,5.4434,3,9.0,False,4.0,3.2124999999999995,0.06,1.0,0.0,0.0,0.0
2760,2i,150.0,3,0.0,3,9.0,False,3.7300000000000004,-0.1243,0.06,1.0,0.0,0.0,0.0
2765,2i,150.0,3,0.0,3,9.0,False,4.0,-0.0003,0.06,1.0,0.0,0.0,0.0
2770,2i,150.0,3,0.0,3,9.0,False,4.0,-2.7441,0.06,1.0,0.0,0.0,0.0
2775,2i,150.0,5,7.6976,3,9.0,False,4.0,5.2981,0.06,0.8,0.2,0.0,0.0
2780,2i,150.0,3,3.6756,0,0.0,False,-9.01,1.0372000000000003,0.0,0.6666666666666666,0.3333333333333333,0.0,0.0
2785,2i,150.0,2,0.2177,1,1.0,False,-8.0,-5.2257,0.006666666666666667,0.5,0.5,0.0,0.0
2790,2i,150.0,3,6.4221,2,1.0,False,-8.0,6.4221,0.006666666666666667,0.6666666666666666,0.3333333333333333,0.0,0.0
2795,2i,150.0,3,2.083,2,1.0,False,-8.0,2.083,0.006666666666666667,0.6666666666666666,0.3333333333333333,0.0,0.0
2800,2i,150.0,3,0.0123,3,1.01,False,-7.99,0.0123,0.006733333333333333,0.6666666666666666,0.3333333333333333,0.0,0.0
2805,2i,150.0,3,0.0,3,1.0,False,-8.0,-7.6976,0.006666666666666667,0.6666666666666666,0.3333333333333333,0.0,0.0
2810,2i,150.0,5,6.6502,3,1.0,False,1.0,2.9745999999999997,0.006666666666666667,0.8,0.2,0.0,0.0
2815,2i,150.0,5,1.3111,3,1.0,False,0.0,1.0934,0.006666666666666667,0.8,0.2,0.0,0.0
2820,2i,150.0,5,0.0033,5,8.0,False,7.0,-6.4188,0.05333333333333334,0.8,0.2,0.0,0.0
2825,2i,150.0,6,3.3636,5,8.0,False,7.0,1.2805999999999997,0.05333333333333334,0.6666666666666666,0.3333333333333333,0.0,0.0
2830,2i,150.0,6,1.2739,5,8.0,False,6.99,1.2616,0.05333333333333334,0.6666666666666666,0.3333333333333333,0.0,0.0
2835,2i,150.0,6,0.0005,6,8.0,False,7.0,0.0005,0.05333333333333334,0.6666666666666666,0.3333333333333333,0.0,0.0
2840,2i,150.0,2,0.0,2,8.0,False,7.0,-6.6502,0.05333333333333334,0.5,0.5,0.0,0.0
2845,2i,150.0,3,5.9708,2,8.0,False,7.0,4.6597,0.05333333333333334,0.6666666666666666,0.3333333333333333,0.0,0.0
2850,2i,150.0,3,4.6507,2,8.0,False,0.0,4.647399999999999,0.05333333333333334,0.3333333333333333,0.3333333333333333,0.3333333333333333,0.0
2855,2i,150.0,4,7.9979,2,8.0,False,0.0,4.6343,0.05333333333333334,0.5,0.25,0.25,0.0
2860,2i,150.0,4,4.4244,3,12.01,False,4.01,3.1505,0.08006666666666666,0.5,0.25,0.25,0.0
2865,2i,150.0,3,0.0,3,12.0,False,4.0,-0.0005,0.08,0.3333333333333333,0.3333333333333333,0.3333333333333333,0.0
2870,2i,150.0,2,2.101,1,11.13,False,3.130000000000001,2.101,0.0742,0.5,0.0,0.5,0.0
2875,2i,150.0,0,0.0,0,0.0,False,-8.0,-5.9708,0.0,0.0,0.0,0.0,0.0
2880,2i,150.0,1,21.1931,0,0.0,False,-8.0,16.5424,0.0,0.0,1.0,0.0,0.0
2885,2i,150.0,2,13.0467,0,0.0,False,-8.0,5.0488,0.0,0.0,0.5,0.5,0.0
2890,2i,150.0,3,10.1739,1,1.0,False,-11.01,5.749499999999999,0.006666666666666667,0.3333333333333333,0.3333333333333333,0.3333333333333333,0.0
2895,2i,150.0,3,4.1236,2,1.0,False,-11.0,4.1236,0.006666666666666667,0.3333333333333333,0.3333333333333333,0.3333333333333333,0.0
2900,2i,150.0,3,0.0,3,1.0,False,-10.13,-2.101,0.006666666666666667,0.3333333333333333,0.3333333333333333,0.3333333333333333,0.0
2905,2i,150.0,3,0.0,3,1.0,False,1.0,0.0,0.006666666666666667,0.3333333333333333,0.3333333333333333,0.3333333333333333,0.0
2910,2i,150.0,3,0.0,3,1.0,False,1.0,-21.1931,0.006666666666666667,0.3333333333333333,0.3333333333333333,0.3333333333333333,0.0
2915,2i,150.0,5,7.1535,3,1.0,False,1.0,-5.893199999999999,0.006666666666666667,0.4,0.4,0.2,0.0
2920,2i,150.0,5,1.6764,3,1.0,False,0.0,-8.4975,0.006666666666666667,0.4,0.4,0.2,0.0
2925,2i,150.0,6,3.6107,5,13.71,False,12.71,-0.5128999999999997,0.09140000000000001,0.5,0.3333333333333333,0.16666666666666666,0.0
2930,2i,150.0,3,5.3839,2,8.0,False,7.0,5.3839,0.05333333333333334,0.3333333333333333,0.6666666666666666,0.0,0.0
2935,2i,150.0,2,0.0,2,8.0,False,7.0,0.0,0.05333333333333334,0.0,1.0,0.0,0.0
2940,2i,150.0,2,0.0,2,8.0,False,7.0,0.0,0.05333333333333334,0.0,1.0,0.0,0.0
2945,2i,150.0,2,0.0,2,8.0,False,7.0,-7.1535,0.05333333333333334,0.0,1.0,0.0,0.0
2950,2i,150.0,4,9.9797,2,8.0,False,7.0,8.3033,0.05333333333333334,0.25,0.75,0.0,0.0
2955,2i,150.0,4,2.9088,2,8.0,False,-5.710000000000001,-0.7019000000000002,0.05333333333333334,0.25,0.75,0.0,0.0
2960,2i,150.0,4,6.8226,1,1.0,False,-7.0,1.4387000000000008,0.006666666666666667,0.25,0.75,0.0,0.0
2965,2i,150.0,2,5.8648,1,1.0,False,-7.0,5.8648,0.006666666666666667,0.5,0.5,0.0,0.0
2970,2i,150.0,2,0.0,2,1.0,False,-7.0,0.0,0.006666666666666667,0.5,0.5,0.0,0.0
2975,2i,150.0,2,0.0,2,1.0,False,-7.0,0.0,0.006666666666666667,0.5,0.5,0.0,0.0
2980,2i,150.0,2,0.0,2,1.0,False,-7.0,-9.9797,0.006666666666666667,0.5,0.5,0.0,0.0
2985,2i,150.0,4,9.5032,2,1.0,False,-7.0,6.5944,0.006666666666666667,0.5,0.5,0.0,0.0
2990,2i,150.0,4,2.9297,2,1.0,False,0.0,-3.8929000000000005,0.006666666666666667,0.5,0.5,0.0,0.0
2995,2i,150.0,5,3.2235,4,5.0,False,4.0,-2.6412999999999998,0.03333333333333333,0.6,0.4,0.0,0.0
3000,2i,150.0,5,0.6569,4,5.0,False,4.0,0.6569,0.03333333333333333,0.6,0.4,0.0,0.0
3005,2i,150.0,5,0.0003,5,8.0,False,7.0,0.0003,0.05333333333333334,0.6,0.4,0.0,0.0
3010,2i,150.0,5,0.0,5,8.0,False,7.0,0.0,0.05333333333333334,0.6,0.4,0.0,0.0
3015,2i,150.0,5,0.0,5,8.0,False,7.0,-9.5032,0.05333333333333334,0.6,0.4,0.0,0.0
3020,2i,150.0,3,11.6299,1,1.0,False,0.0,8.700199999999999,0.006666666666666667,0.6666666666666666,0.3333333333333333,0.0,0.0
3025,2i,150.0,2,1.7649,1,1.0,False,-4.0,-1.4586000000000001,0.006666666666666667,0.5,0.5,0.0,0.0
3030,2i,150.0,3,5.8155,2,8.0,False,3.0,5.1586,0.05333333333333334,0.3333333333333333,0.6666666666666666,0.0,0.0
3035,2i,150.0,2,0.0,2,8.0,False,0.0,-0.0003,0.05333333333333334,0.5,0.5,0.0,0.0
3040,2i,150.0,2,0.0,2,8.0,False,0.0,0.0,0.05333333333333334,0.5,0.5,0.0,0.0
3045,2i,150.0,2,0.0,2,8.0,False,0.0,0.0,0.05333333333333334,0.5,0.5,0.0,0.0
3050,2i,150.0,1,2.6005,0,0.0,False,-1.0,-9.029399999999999,0.0,1.0,0.0,0.0,0.0
3055,2i,150.0,2,17.9811,0,0.0,False,-1.0,16.2162,0.0,1.0,0.0,0.0,0.0
3060,2i,150.0,3,10.1173,0,0.0,False,-8.0,4.3018,0.0,0.6666666666666666,0.3333333333333333,0.0,0.0
3065,2i,150.0,3,5.1646,2,1.0,False,-7.0,5.1646,0.006666666666666667,0.6666666666666666,0.3333333333333333,0.0,0.0
3070,2i,150.0,3,0.6281,2,1.0,False,-7.0,0.6281,0.006666666666666667,0.6666666666666666,0.3333333333333333,0.0,0.0
3075,2i,150.0,3,0.0,3,1.0,False,-7.0,0.0,0.006666666666666667,0.6666666666666666,0.3333333333333333,0.0,0.0
3080,2i,150.0,3,0.0,3,1.0,False,1.0,-2.6005,0.006666666666666667,0.6666666666666666,0.3333333333333333,0.0,0.0
3085,2i,150.0,3,0.0,3,1.0,False,1.0,-17.9811,0.006666666666666667,0.6666666666666666,0.3333333333333333,0.0,0.0
3090,2i,150.0,5,7.556,3,1.0,False,1.0,-2.5613,0.006666666666666667,0.6,0.4,0.0,0.0
3095,2i,150.0,6,5.4353,3,1.0,False,0.0,0.2706999999999997,0.006666666666666667,0.6666666666666666,0.3333333333333333,0.0,0.0
3100,2i,150.0,6,1.5164,5,5.0,False,4.0,0.8883,0.03333333333333333,0.6666666666666666,0.3333333333333333,0.0,0.0
3105,2i,150.0,6,0.0002,6,8.0,False,7.0,0.0002,0.05333333333333334,0.6666666666666666,0.3333333333333333,0.0,0.0
3110,2i,150.0,2,0.0,2,4.11,False,3.1100000000000003,0.0,0.0274,1.0,0.0,0.0,0.0
3115,2i,150.0,2,0.0,2,4.11,False,3.1100000000000003,0.0,0.0274,1.0,0.0,0.0,0.0
3120,2i,150.0,2,0.0,2,4.11,False,3.1100000000000003,-7.556,0.0274,1.0,0.0,0.0,0.0
3125,2i,150.0,3,6.3195,2,4.11,False,3.1100000000000003,0.8841999999999999,0.0274,1.0,0.0,0.0,0.0
3130,2i,150.0,3,4.6334,2,4.11,False,-0.8899999999999997,3.117,0.0274,0.6666666666666666,0.0,0.3333333333333333,0.0
3135,2i,150.0,4,5.7918,2,4.11,False,-3.8899999999999997,5.7916,0.0274,0.5,0.0,0.25,0.25
3140,2i,150.0,2,6.1391,0,0.0,False,-4.11,6.1391,0.0,0.0,0.0,0.5,0.5
3145,2i,150.0,1,0.0,1,1.0,False,-3.1100000000000003,0.0,0.006666666666666667,0.0,0.0,0.0,1.0
3150,2i,150.0,1,0.0,1,1.0,False,-3.1100000000000003,0.0,0.006666666666666667,0.0,0.0,0.0,1.0
3155,2i,150.0,1,0.0,1,1.0,False,-3.1100000000000003,-6.3195,0.006666666666666667,0.0,0.0,0.0,1.0
3160,2i,150.0,2,11.0036,1,1.0,False,-3.1100000000000003,6.3702000000000005,0.006666666666666667,0.0,0.5,0.0,0.5
3165,2i,150.0,4,11.0092,1,1.0,False,-3.1100000000000003,5.2174,0.006666666666666667,0.0,0.5,0.25,0.25
3170,2i,150.0,4,3.0515,2,1.0,False,1.0,-3.0876,0.006666666666666667,0.0,0.5,0.25,0.25
3175,2i,150.0,4,0.0034,4,15.05,False,14.05,0.0034,0.10033333333333334,0.0,0.5,0.25,0.25
3180,2i,150.0,4,0.0,4,15.04,False,14.04,0.0,0.10026666666666666,0.0,0.5,0.25,0.25
3185,2i,150.0,4,0.0,4,15.04,False,14.04,0.0,0.10026666666666666,0.0,0.5,0.25,0.25
3190,2i,150.0,4,0.0,4,15.04,False,14.04,-11.0036,0.10026666666666666,0.0,0.5,0.25,0.25
3195,2i,150.0,6,5.3795,4,15.04,False,14.04,-5.6297,0.10026666666666666,0.3333333333333333,0.3333333333333333,0.16666666666666666,0.16666666666666666
3200,2i,150.0,5,6.7015,1,1.0,False,0.0,3.6500000000000004,0.006666666666666667,0.4,0.6,0.0,0.0
3205,2i,150.0,3,3.5812,2,8.0,False,-7.050000000000001,3.5778,0.05333333333333334,0.3333333333333333,0.6666666666666666,0.0,0.0
3210,2i,150.0,2,0.0,2,8.0,False,-7.039999999999999,0.0,0.05333333333333334,0.5,0.5,0.0,0.0
3215,2i,150.0,2,0.0,2,8.0,False,-7.039999999999999,0.0,0.05333333333333334,0.5,0.5,0.0,0.0
3220,2i,150.0,2,0.0,2,8.0,False,-7.039999999999999,0.0,0.05333333333333334,0.5,0.5,0.0,0.0
3225,2i,150.0,2,0.0,2,8.0,False,-7.039999999999999,-5.3795,0.05333333333333334,0.5,0.5,0.0,0.0
3230,2i,150.0,2,12.5507,0,0.0,False,-1.0,5.849200000000001,0.0,0.5,0.5,0.0,0.0
3235,2i,150.0,3,13.9277,0,0.0,False,-8.0,10.346499999999999,0.0,0.3333333333333333,0.3333333333333333,0.0,0.3333333333333333
3240,2i,150.0,3,6.9064,1,1.0,False,-7.0,6.9064,0.006666666666666667,0.3333333333333333,0.3333333333333333,0.0,0.3333333333333333
3245,2i,150.0,3,0.0,2,1.0,False,-7.0,0.0,0.006666666666666667,0.3333333333333333,0.3333333333333333,0.0,0.3333333333333333
3250,2i,150.0,3,0.0,3,1.0,False,-7.0,0.0,0.006666666666666667,0.3333333333333333,0.3333333333333333,0.0,0.3333333333333333
3255,2i,150.0,3,0.0,3,1.0,False,-7.0,0.0,0.006666666666666667,0.3333333333333333,0.3333333333333333,0.0,0.3333333333333333
3260,2i,150.0,3,0.0,3,1.0,False,1.0,-12.5507,0.006666666666666667,0.3333333333333333,0.3333333333333333,0.0,0.3333333333333333
3265,2i,150.0,3,0.0,3,1.0,False,1.0,-13.9277,0.006666666666666667,0.3333333333333333,0.3333333333333333,0.0,0.3333333333333333
3270,2i,150.0,6,7.8381,3,1.0,False,0.0,0.9317000000000002,0.006666666666666667,0.3333333333333333,0.16666666666666666,0.16666666666666666,0.3333333333333333
3275,2i,150.0,6,5.1464,3,1.0,False,0.0,5.1464,0.006666666666666667,0.3333333333333333,0.16666666666666666,0.16666666666666666,0.3333333333333333
3280,2i,150.0,6,0.9779,3,1.0,False,0.0,0.9779,0.006666666666666667,0.3333333333333333,0.16666666666666666,0.16666666666666666,0.3333333333333333
3285,2i,150.0,6,0.0246,6,15.09,False,14.09,0.0246,0.1006,0.3333333333333333,0.16666666666666666,0.16666666666666666,0.3333333333333333
3290,2i,150.0,2,0.0001,2,15.04,False,14.04,0.0001,0.10026666666666666,0.0,0.0,0.0,1.0
3295,2i,150.0,2,0.0,2,15.04,False,14.04,0.0,0.10026666666666666,0.0,0.0,0.0,1.0
3300,2i,150.0,5,13.3757,2,15.04,False,14.04,5.5376,0.10026666666666666,0.0,0.6,0.0,0.4
3305,2i,150.0,5,6.7756,2,15.04,False,14.04,1.6292,0.10026666666666666,0.0,0.6,0.0,0.4
3310,2i,150.0,3,0.0084,3,29.09,False,28.09,-0.9695,0.19393333333333332,0.0,0.3333333333333333,0.0,0.6666666666666666
3315,2i,150.0,3,0.0,3,29.08,False,13.989999999999998,-0.0246,0.19386666666666666,0.0,0.3333333333333333,0.0,0.6666666666666666
3320,2i,150.0,2,0.5506,2,28.84,False,13.8,0.5505,0.19226666666666667,0.0,0.5,0.0,0.5
3325,2i,150.0,2,2.3693,0,0.0,False,-15.04,2.3693,0.0,0.0,0.5,0.0,0.5
3330,2i,150.0,2,0.0062,2,15.04,False,0.0,-13.3695,0.10026666666666666,0.0,0.5,0.0,0.5
3335,2i,150.0,4,10.5832,2,15.04,False,0.0,3.8076,0.10026666666666666,0.25,0.5,0.0,0.25
3340,2i,150.0,5,6.0628,2,15.04,False,-14.05,6.0544,0.10026666666666666,0.2,0.4,0.0,0.4
3345,2i,150.0,5,1.776,4,22.05,False,-7.029999999999998,1.776,0.147,0.2,0.4,0.0,0.4
3350,2i,150.0,5,0.0,5,22.04,False,-6.800000000000001,-0.5506,0.14693333333333333,0.2,0.4,0.0,0.4
3355,2i,150.0,5,0.0,5,22.04,False,22.04,-2.3693,0.14693333333333333,0.2,0.4,0.0,0.4
3360,2i,150.0,5,0.0,5,22.04,False,7.0,-0.0062,0.14693333333333333,0.2,0.4,0.0,0.4
3365,2i,150.0,5,0.0,5,22.04,False,7.0,-10.5832,0.14693333333333333,0.2,0.4,0.0,0.4
3370,2i,150.0,8,7.2189,5,22.04,False,7.0,1.1560999999999995,0.14693333333333333,0.375,0.375,0.0,0.25
3375,2i,150.0,8,2.5806,5,22.04,False,-0.010000000000001563,0.8046,0.14693333333333333,0.375,0.375,0.0,0.25
3380,2i,150.0,5,0.7507,4,29.04,False,7.0,0.7507,0.1936,0.2,0.6,0.0,0.2
3385,2i,150.0,4,0.0,4,29.04,False,7.0,0.0,0.1936,0.25,0.5,0.0,0.25
3390,2i,150.0,4,0.0,4,29.04,False,7.0,0.0,0.1936,0.25,0.5,0.0,0.25
3395,2i,150.0,4,0.0,4,29.04,False,7.0,0.0,0.1936,0.25,0.5,0.0,0.25
3400,2i,150.0,4,0.0,4,29.04,False,7.0,-7.2189,0.1936,0.25,0.5,0.0,0.25
3405,2i,150.0,6,6.5522,4,29.04,False,7.0,3.9716,0.1936,0.16666666666666666,0.5,0.0,0.3333333333333333
3410,2i,150.0,6,6.9001,2,29.04,False,0.0,6.1494,0.1936,0.16666666666666666,0.6666666666666666,0.0,0.16666666666666666
3415,2i,150.0,6,3.0148,0,0.0,False,-29.04,3.0148,0.0,0.16666666666666666,0.6666666666666666,0.0,0.16666666666666666
3420,2i,150.0,6,0.0833,6,19.21,False,-9.829999999999998,0.0833,0.12806666666666666,0.16666666666666666,0.6666666666666666,0.0,0.16666666666666666
3425,2i,150.0,6,0.0002,6,19.01,False,-10.029999999999998,0.0002,0.12673333333333334,0.16666666666666666,0.6666666666666666,0.0,0.16666666666666666
3430,2i,150.0,6,0.0,6,19.0,False,-10.04,0.0,0.12666666666666668,0.16666666666666666,0.6666666666666666,0.0,0.16666666666666666
3435,2i,150.0,6,0.0,6,19.0,False,-10.04,-6.5522,0.12666666666666668,0.16666666666666666,0.6666666666666666,0.0,0.16666666666666666
3440,2i,150.0,8,4.3884,6,19.0,False,-10.04,-2.5117000000000003,0.12666666666666668,0.25,0.5,0.125,0.125
3445,2i,150.0,9,3.318,6,19.0,False,19.0,0.3031999999999999,0.12666666666666668,0.2222222222222222,0.4444444444444444,0.2222222222222222,0.1111111111111111
3450,2i,150.0,9,1.391,7,26.01,False,6.800000000000001,1.3077,0.1734,0.2222222222222222,0.4444444444444444,0.2222222222222222,0.1111111111111111
3455,2i,150.0,9,0.2426,8,26.01,False,7.0,0.2424,0.1734,0.2222222222222222,0.4444444444444444,0.2222222222222222,0.1111111111111111
3460,2i,150.0,9,0.0,9,26.01,False,7.010000000000002,0.0,0.1734,0.2222222222222222,0.4444444444444444,0.2222222222222222,0.1111111111111111
3465,2i,150.0,9,0.0,9,26.01,False,7.010000000000002,0.0,0.1734,0.2222222222222222,0.4444444444444444,0.2222222222222222,0.1111111111111111
3470,2i,150.0,7,3.8987,5,26.01,False,7.010000000000002,-0.4897,0.1734,0.2857142857142857,0.5714285714285714,0.14285714285714285,0.0
3475,2i,150.0,8,6.7991,5,26.01,False,7.010000000000002,3.4811,0.1734,0.375,0.625,0.0,0.0
3480,2i,150.0,7,2.5168,5,26.01,False,0.0,1.1258,0.1734,0.42857142857142855,0.5714285714285714,0.0,0.0
3485,2i,150.0,6,0.0028,6,30.01,False,4.0,-0.2398,0.20006666666666667,0.3333333333333333,0.6666666666666666,0.0,0.0
3490,2i,150.0,6,0.0,6,30.01,False,4.0,0.0,0.20006666666666667,0.3333333333333333,0.6666666666666666,0.0,0.0
3495,2i,150.0,6,0.0,6,30.01,False,4.0,0.0,0.20006666666666667,0.3333333333333333,0.6666666666666666,0.0,0.0
3500,2i,150.0,5,1.4335,3,30.01,False,4.0,-2.4652,0.20006666666666667,0.4,0.6,0.0,0.0
3505,2i,150.0,3,3.8651,0,0.0,False,-26.01,-2.934,0.0,0.3333333333333333,0.6666666666666666,0.0,0.0
3510,2i,150.0,6,9.5204,2,8.01,False,-18.0,7.0036000000000005,0.053399999999999996,0.5,0.3333333333333333,0.16666666666666666,0.0
3515,2i,150.0,6,4.9253,3,12.0,False,-18.01,4.9225,0.08,0.5,0.3333333333333333,0.16666666666666666,0.0
3520,2i,150.0,6,0.0905,5,19.01,False,-11.0,0.0905,0.12673333333333334,0.5,0.3333333333333333,0.16666666666666666,0.0
3525,2i,150.0,6,0.0,6,19.0,False,-11.010000000000002,0.0,0.12666666666666668,0.5,0.3333333333333333,0.16666666666666666,0.0
3530,2i,150.0,6,0.0,6,19.0,False,-11.010000000000002,-1.4335,0.12666666666666668,0.5,0.3333333333333333,0.16666666666666666,0.0
3535,2i,150.0,6,0.0,6,19.0,False,19.0,-3.8651,0.12666666666666668,0.5,0.3333333333333333,0.16666666666666666,0.0
3540,2i,150.0,6,0.0,6,19.0,False,10.99,-9.5204,0.12666666666666668,0.5,0.3333333333333333,0.16666666666666666,0.0
3545,2i,150.0,9,5.3571,6,19.0,False,7.0,0.43179999999999996,0.12666666666666668,0.5555555555555556,0.2222222222222222,0.1111111111111111,0.1111111111111111
3550,2i,150.0,9,2.922,6,19.0,False,-0.010000000000001563,2.8315,0.12666666666666668,0.5555555555555556,0.2222222222222222,0.1111111111111111,0.1111111111111111
3555,2i,150.0,9,0.425,7,23.01,False,4.010000000000002,0.425,0.1534,0.5555555555555556,0.2222222222222222,0.1111111111111111,0.1111111111111111
3560,2i,150.0,6,0.6911,5,23.01,False,4.010000000000002,0.6911,0.1534,0.5,0.3333333333333333,0.0,0.16666666666666666
3565,2i,150.0,5,0.0,5,23.01,False,4.010000000000002,0.0,0.1534,0.6,0.4,0.0,0.0
3570,2i,150.0,6,4.386,5,23.01,False,4.010000000000002,4.386,0.1534,0.6666666666666666,0.3333333333333333,0.0,0.0
3575,2i,150.0,6,2.8589,5,23.01,False,4.010000000000002,-2.4981999999999998,0.1534,0.6666666666666666,0.3333333333333333,0.0,0.0
3580,2i,150.0,7,5.9818,5,23.01,False,4.010000000000002,3.0597999999999996,0.1534,0.5714285714285714,0.42857142857142855,0.0,0.0
3585,2i,150.0,6,1.2902,5,23.01,False,0.0,0.8652,0.1534,0.5,0.5,0.0,0.0
3590,2i,150.0,5,1.1776,3,27.01,False,4.0,0.48649999999999993,0.18006666666666668,0.6,0.4,0.0,0.0
3595,2i,150.0,3,3.9206,0,0.0,False,-23.01,3.9206,0.0,0.6666666666666666,0.3333333333333333,0.0,0.0
3600,2i,150.0,3,0.1231,3,9.35,False,-13.660000000000002,-4.2629,0.06233333333333333,0.6666666666666666,0.3333333333333333,0.0,0.0
0,3i,150.0,0,0.0,0,0.0,False,,,0.0,0.0,0.0,0.0,0.0
5,3i,150.0,0,0.0,0,0.0,False,,,0.0,0.0,0.0,0.0,0.0
10,3i,150.0,0,0.0,0,0.0,False,,,0.0,0.0,0.0,0.0,0.0
15,3i,150.0,0,0.0,0,0.0,False,,,0.0,0.0,0.0,0.0,0.0
20,3i,150.0,0,0.0,0,0.0,False,,,0.0,0.0,0.0,0.0,0.0
25,3i,150.0,0,0.0,0,0.0,False,,,0.0,0.0,0.0,0.0,0.0
30,3i,150.0,0,0.0,0,0.0,False,0.0,0.0,0.0,0.0,0.0,0.0,0.0
35,3i,150.0,0,0.0,0,0.0,False,0.0,0.0,0.0,0.0,0.0,0.0,0.0
40,3i,150.0,0,0.0,0,0.0,False,0.0,0.0,0.0,0.0,0.0,0.0,0.0
45,3i,150.0,0,0.0,0,0.0,False,0.0,0.0,0.0,0.0,0.0,0.0,0.0
50,3i,150.0,0,0.0,0,0.0,False,0.0,0.0,0.0,0.0,0.0,0.0,0.0
55,3i,150.0,0,0.0,0,0.0,False,0.0,0.0,0.0,0.0,0.0,0.0,0.0
60,3i,150.0,0,0.0,0,0.0,False,0.0,0.0,0.0,0.0,0.0,0.0,0.0
65,3i,150.0,0,0.0,0,0.0,False,0.0,0.0,0.0,0.0,0.0,0.0,0.0
70,3i,150.0,0,0.0,0,0.0,False,0.0,0.0,0.0,0.0,0.0,0.0,0.0
75,3i,150.0,0,0.0,0,0.0,False,0.0,0.0,0.0,0.0,0.0,0.0,0.0
80,3i,150.0,0,0.0,0,0.0,False,0.0,0.0,0.0,0.0,0.0,0.0,0.0
85,3i,150.0,0,0.0,0,0.0,False,0.0,0.0,0.0,0.0,0.0,0.0,0.0
90,3i,150.0,0,0.0,0,0.0,False,0.0,0.0,0.0,0.0,0.0,0.0,0.0
95,3i,150.0,0,0.0,0,0.0,False,0.0,0.0,0.0,0.0,0.0,0.0,0.0
100,3i,150.0,0,0.0,0,0.0,False,0.0,0.0,0.0,0.0,0.0,0.0,0.0
105,3i,150.0,0,0.0,0,0.0,False,0.0,0.0,0.0,0.0,0.0,0.0,0.0
110,3i,150.0,0,0.0,0,0.0,False,0.0,0.0,0.0,0.0,0.0,0.0,0.0
115,3i,150.0,0,0.0,0,0.0,False,0.0,0.0,0.0,0.0,0.0,0.0,0.0
120,3i,150.0,0,0.0,0,0.0,False,0.0,0.0,0.0,0.0,0.0,0.0,0.0
125,3i,150.0,0,0.0,0,0.0,False,0.0,0.0,0.0,0.0,0.0,0.0,0.0
130,3i,150.0,0,0.0,0,0.0,False,0.0,0.0,0.0,0.0,0.0,0.0,0.0
135,3i,150.0,0,0.0,0,0.0,False,0.0,0.0,0.0,0.0,0.0,0.0,0.0
140,3i,150.0,0,0.0,0,0.0,False,0.0,0.0,0.0,0.0,0.0,0.0,0.0
145,3i,150.0,0,0.0,0,0.0,False,0.0,0.0,0.0,0.0,0.0,0.0,0.0
150,3i,150.0,0,0.0,0,0.0,False,0.0,0.0,0.0,0.0,0.0,0.0,0.0
155,3i,150.0,0,0.0,0,0.0,False,0.0,0.0,0.0,0.0,0.0,0.0,0.0
160,3i,150.0,0,0.0,0,0.0,False,0.0,0.0,0.0,0.0,0.0,0.0,0.0
165,3i,150.0,0,0.0,0,0.0,False,0.0,0.0,0.0,0.0,0.0,0.0,0.0
170,3i,150.0,0,0.0,0,0.0,False,0.0,0.0,0.0,0.0,0.0,0.0,0.0
175,3i,150.0,0,0.0,0,0.0,False,0.0,0.0,0.0,0.0,0.0,0.0,0.0
180,3i,150.0,0,0.0,0,0.0,False,0.0,0.0,0.0,0.0,0.0,0.0,0.0
185,3i,150.0,0,0.0,0,0.0,False,0.0,0.0,0.0,0.0,0.0,0.0,0.0
190,3i,150.0,0,0.0,0,0.0,False,0.0,0.0,0.0,0.0,0.0,0.0,0.0
195,3i,150.0,0,0.0,0,0.0,False,0.0,0.0,0.0,0.0,0.0,0.0,0.0
200,3i,150.0,0,0.0,0,0.0,False,0.0,0.0,0.0,0.0,0.0,0.0,0.0
205,3i,150.0,0,0.0,0,0.0,False,0.0,0.0,0.0,0.0,0.0,0.0,0.0
210,3i,150.0,0,0.0,0,0.0,False,0.0,0.0,0.0,0.0,0.0,0.0,0.0
215,3i,150.0,0,0.0,0,0.0,False,0.0,0.0,0.0,0.0,0.0,0.0,0.0
220,3i,150.0,0,0.0,0,0.0,False,0.0,0.0,0.0,0.0,0.0,0.0,0.0
225,3i,150.0,0,0.0,0,0.0,False,0.0,0.0,0.0,0.0,0.0,0.0,0.0
230,3i,150.0,0,0.0,0,0.0,False,0.0,0.0,0.0,0.0,0.0,0.0,0.0
235,3i,150.0,0,0.0,0,0.0,False,0.0,0.0,0.0,0.0,0.0,0.0,0.0
240,3i,150.0,0,0.0,0,0.0,False,0.0,0.0,0.0,0.0,0.0,0.0,0.0
245,3i,150.0,0,0.0,0,0.0,False,0.0,0.0,0.0,0.0,0.0,0.0,0.0
250,3i,150.0,0,0.0,0,0.0,False,0.0,0.0,0.0,0.0,0.0,0.0,0.0
255,3i,150.0,0,0.0,0,0.0,False,0.0,0.0,0.0,0.0,0.0,0.0,0.0
260,3i,150.0,0,0.0,0,0.0,False,0.0,0.0,0.0,0.0,0.0,0.0,0.0
265,3i,150.0,0,0.0,0,0.0,False,0.0,0.0,0.0,0.0,0.0,0.0,0.0
270,3i,150.0,0,0.0,0,0.0,False,0.0,0.0,0.0,0.0,0.0,0.0,0.0
275,3i,150.0,0,0.0,0,0.0,False,0.0,0.0,0.0,0.0,0.0,0.0,0.0
280,3i,150.0,0,0.0,0,0.0,False,0.0,0.0,0.0,0.0,0.0,0.0,0.0
285,3i,150.0,0,0.0,0,0.0,False,0.0,0.0,0.0,0.0,0.0,0.0,0.0
290,3i,150.0,0,0.0,0,0.0,False,0.0,0.0,0.0,0.0,0.0,0.0,0.0
295,3i,150.0,0,0.0,0,0.0,False,0.0,0.0,0.0,0.0,0.0,0.0,0.0
300,3i,150.0,0,0.0,0,0.0,False,0.0,0.0,0.0,0.0,0.0,0.0,0.0
305,3i,150.0,0,0.0,0,0.0,False,0.0,0.0,0.0,0.0,0.0,0.0,0.0
310,3i,150.0,0,0.0,0,0.0,False,0.0,0.0,0.0,0.0,0.0,0.0,0.0
315,3i,150.0,0,0.0,0,0.0,False,0.0,0.0,0.0,0.0,0.0,0.0,0.0
320,3i,150.0,0,0.0,0,0.0,False,0.0,0.0,0.0,0.0,0.0,0.0,0.0
325,3i,150.0,0,0.0,0,0.0,False,0.0,0.0,0.0,0.0,0.0,0.0,0.0
330,3i,150.0,0,0.0,0,0.0,False,0.0,0.0,0.0,0.0,0.0,0.0,0.0
335,3i,150.0,0,0.0,0,0.0,False,0.0,0.0,0.0,0.0,0.0,0.0,0.0
340,3i,150.0,0,0.0,0,0.0,False,0.0,0.0,0.0,0.0,0.0,0.0,0.0
345,3i,150.0,0,0.0,0,0.0,False,0.0,0.0,0.0,0.0,0.0,0.0,0.0
350,3i,150.0,0,0.0,0,0.0,False,0.0,0.0,0.0,0.0,0.0,0.0,0.0
355,3i,150.0,0,0.0,0,0.0,False,0.0,0.0,0.0,0.0,0.0,0.0,0.0
360,3i,150.0,0,0.0,0,0.0,False,0.0,0.0,0.0,0.0,0.0,0.0,0.0
365,3i,150.0,0,0.0,0,0.0,False,0.0,0.0,0.0,0.0,0.0,0.0,0.0
370,3i,150.0,0,0.0,0,0.0,False,0.0,0.0,0.0,0.0,0.0,0.0,0.0
375,3i,150.0,0,0.0,0,0.0,False,0.0,0.0,0.0,0.0,0.0,0.0,0.0
380,3i,150.0,0,0.0,0,0.0,False,0.0,0.0,0.0,0.0,0.0,0.0,0.0
385,3i,150.0,0,0.0,0,0.0,False,0.0,0.0,0.0,0.0,0.0,0.0,0.0
390,3i,150.0,0,0.0,0,0.0,False,0.0,0.0,0.0,0.0,0.0,0.0,0.0
395,3i,150.0,0,0.0,0,0.0,False,0.0,0.0,0.0,0.0,0.0,0.0,0.0
400,3i,150.0,0,0.0,0,0.0,False,0.0,0.0,0.0,0.0,0.0,0.0,0.0
405,3i,150.0,0,0.0,0,0.0,False,0.0,0.0,0.0,0.0,0.0,0.0,0.0
410,3i,150.0,0,0.0,0,0.0,False,0.0,0.0,0.0,0.0,0.0,0.0,0.0
415,3i,150.0,0,0.0,0,0.0,False,0.0,0.0,0.0,0.0,0.0,0.0,0.0
420,3i,150.0,0,0.0,0,0.0,False,0.0,0.0,0.0,0.0,0.0,0.0,0.0
425,3i,150.0,0,0.0,0,0.0,False,0.0,0.0,0.0,0.0,0.0,0.0,0.0
430,3i,150.0,0,0.0,0,0.0,False,0.0,0.0,0.0,0.0,0.0,0.0,0.0
435,3i,150.0,0,0.0,0,0.0,False,0.0,0.0,0.0,0.0,0.0,0.0,0.0
440,3i,150.0,0,0.0,0,0.0,False,0.0,0.0,0.0,0.0,0.0,0.0,0.0
445,3i,150.0,0,0.0,0,0.0,False,0.0,0.0,0.0,0.0,0.0,0.0,0.0
450,3i,150.0,0,0.0,0,0.0,False,0.0,0.0,0.0,0.0,0.0,0.0,0.0
455,3i,150.0,0,0.0,0,0.0,False,0.0,0.0,0.0,0.0,0.0,0.0,0.0
460,3i,150.0,0,0.0,0,0.0,False,0.0,0.0,0.0,0.0,0.0,0.0,0.0
465,3i,150.0,0,0.0,0,0.0,False,0.0,0.0,0.0,0.0,0.0,0.0,0.0
470,3i,150.0,0,0.0,0,0.0,False,0.0,0.0,0.0,0.0,0.0,0.0,0.0
475,3i,150.0,0,0.0,0,0.0,False,0.0,0.0,0.0,0.0,0.0,0.0,0.0
480,3i,150.0,0,0.0,0,0.0,False,0.0,0.0,0.0,0.0,0.0,0.0,0.0
485,3i,150.0,0,0.0,0,0.0,False,0.0,0.0,0.0,0.0,0.0,0.0,0.0
490,3i,150.0,0,0.0,0,0.0,False,0.0,0.0,0.0,0.0,0.0,0.0,0.0
495,3i,150.0,0,0.0,0,0.0,False,0.0,0.0,0.0,0.0,0.0,0.0,0.0
500,3i,150.0,0,0.0,0,0.0,False,0.0,0.0,0.0,0.0,0.0,0.0,0.0
505,3i,150.0,0,0.0,0,0.0,False,0.0,0.0,0.0,0.0,0.0,0.0,0.0
510,3i,150.0,0,0.0,0,0.0,False,0.0,0.0,0.0,0.0,0.0,0.0,0.0
515,3i,150.0,0,0.0,0,0.0,False,0.0,0.0,0.0,0.0,0.0,0.0,0.0
520,3i,150.0,0,0.0,0,0.0,False,0.0,0.0,0.0,0.0,0.0,0.0,0.0
525,3i,150.0,0,0.0,0,0.0,False,0.0,0.0,0.0,0.0,0.0,0.0,0.0
530,3i,150.0,0,0.0,0,0.0,False,0.0,0.0,0.0,0.0,0.0,0.0,0.0
535,3i,150.0,0,0.0,0,0.0,False,0.0,0.0,0.0,0.0,0.0,0.0,0.0
540,3i,150.0,0,0.0,0,0.0,False,0.0,0.0,0.0,0.0,0.0,0.0,0.0
545,3i,150.0,0,0.0,0,0.0,False,0.0,0.0,0.0,0.0,0.0,0.0,0.0
550,3i,150.0,0,0.0,0,0.0,False,0.0,0.0,0.0,0.0,0.0,0.0,0.0
555,3i,150.0,0,0.0,0,0.0,False,0.0,0.0,0.0,0.0,0.0,0.0,0.0
560,3i,150.0,0,0.0,0,0.0,False,0.0,0.0,0.0,0.0,0.0,0.0,0.0
565,3i,150.0,0,0.0,0,0.0,False,0.0,0.0,0.0,0.0,0.0,0.0,0.0
570,3i,150.0,0,0.0,0,0.0,False,0.0,0.0,0.0,0.0,0.0,0.0,0.0
575,3i,150.0,0,0.0,0,0.0,False,0.0,0.0,0.0,0.0,0.0,0.0,0.0
580,3i,150.0,0,0.0,0,0.0,False,0.0,0.0,0.0,0.0,0.0,0.0,0.0
585,3i,150.0,0,0.0,0,0.0,False,0.0,0.0,0.0,0.0,0.0,0.0,0.0
590,3i,150.0,0,0.0,0,0.0,False,0.0,0.0,0.0,0.0,0.0,0.0,0.0
595,3i,150.0,0,0.0,0,0.0,False,0.0,0.0,0.0,0.0,0.0,0.0,0.0
600,3i,150.0,0,0.0,0,0.0,False,0.0,0.0,0.0,0.0,0.0,0.0,0.0
605,3i,150.0,0,0.0,0,0.0,False,0.0,0.0,0.0,0.0,0.0,0.0,0.0
610,3i,150.0,0,0.0,0,0.0,False,0.0,0.0,0.0,0.0,0.0,0.0,0.0
615,3i,150.0,0,0.0,0,0.0,False,0.0,0.0,0.0,0.0,0.0,0.0,0.0
620,3i,150.0,0,0.0,0,0.0,False,0.0,0.0,0.0,0.0,0.0,0.0,0.0
625,3i,150.0,0,0.0,0,0.0,False,0.0,0.0,0.0,0.0,0.0,0.0,0.0
630,3i,150.0,0,0.0,0,0.0,False,0.0,0.0,0.0,0.0,0.0,0.0,0.0
635,3i,150.0,0,0.0,0,0.0,False,0.0,0.0,0.0,0.0,0.0,0.0,0.0
640,3i,150.0,0,0.0,0,0.0,False,0.0,0.0,0.0,0.0,0.0,0.0,0.0
645,3i,150.0,0,0.0,0,0.0,False,0.0,0.0,0.0,0.0,0.0,0.0,0.0
650,3i,150.0,0,0.0,0,0.0,False,0.0,0.0,0.0,0.0,0.0,0.0,0.0
655,3i,150.0,0,0.0,0,0.0,False,0.0,0.0,0.0,0.0,0.0,0.0,0.0
660,3i,150.0,0,0.0,0,0.0,False,0.0,0.0,0.0,0.0,0.0,0.0,0.0
665,3i,150.0,0,0.0,0,0.0,False,0.0,0.0,0.0,0.0,0.0,0.0,0.0
670,3i,150.0,0,0.0,0,0.0,False,0.0,0.0,0.0,0.0,0.0,0.0,0.0
675,3i,150.0,0,0.0,0,0.0,False,0.0,0.0,0.0,0.0,0.0,0.0,0.0
680,3i,150.0,0,0.0,0,0.0,False,0.0,0.0,0.0,0.0,0.0,0.0,0.0
685,3i,150.0,0,0.0,0,0.0,False,0.0,0.0,0.0,0.0,0.0,0.0,0.0
690,3i,150.0,0,0.0,0,0.0,False,0.0,0.0,0.0,0.0,0.0,0.0,0.0
695,3i,150.0,0,0.0,0,0.0,False,0.0,0.0,0.0,0.0,0.0,0.0,0.0
700,3i,150.0,0,0.0,0,0.0,False,0.0,0.0,0.0,0.0,0.0,0.0,0.0
705,3i,150.0,0,0.0,0,0.0,False,0.0,0.0,0.0,0.0,0.0,0.0,0.0
710,3i,150.0,0,0.0,0,0.0,False,0.0,0.0,0.0,0.0,0.0,0.0,0.0
715,3i,150.0,0,0.0,0,0.0,False,0.0,0.0,0.0,0.0,0.0,0.0,0.0
720,3i,150.0,0,0.0,0,0.0,False,0.0,0.0,0.0,0.0,0.0,0.0,0.0
725,3i,150.0,0,0.0,0,0.0,False,0.0,0.0,0.0,0.0,0.0,0.0,0.0
730,3i,150.0,0,0.0,0,0.0,False,0.0,0.0,0.0,0.0,0.0,0.0,0.0
735,3i,150.0,0,0.0,0,0.0,False,0.0,0.0,0.0,0.0,0.0,0.0,0.0
740,3i,150.0,0,0.0,0,0.0,False,0.0,0.0,0.0,0.0,0.0,0.0,0.0
745,3i,150.0,0,0.0,0,0.0,False,0.0,0.0,0.0,0.0,0.0,0.0,0.0
750,3i,150.0,0,0.0,0,0.0,False,0.0,0.0,0.0,0.0,0.0,0.0,0.0
755,3i,150.0,0,0.0,0,0.0,False,0.0,0.0,0.0,0.0,0.0,0.0,0.0
760,3i,150.0,0,0.0,0,0.0,False,0.0,0.0,0.0,0.0,0.0,0.0,0.0
765,3i,150.0,0,0.0,0,0.0,False,0.0,0.0,0.0,0.0,0.0,0.0,0.0
770,3i,150.0,0,0.0,0,0.0,False,0.0,0.0,0.0,0.0,0.0,0.0,0.0
775,3i,150.0,0,0.0,0,0.0,False,0.0,0.0,0.0,0.0,0.0,0.0,0.0
780,3i,150.0,0,0.0,0,0.0,False,0.0,0.0,0.0,0.0,0.0,0.0,0.0
785,3i,150.0,0,0.0,0,0.0,False,0.0,0.0,0.0,0.0,0.0,0.0,0.0
790,3i,150.0,0,0.0,0,0.0,False,0.0,0.0,0.0,0.0,0.0,0.0,0.0
795,3i,150.0,0,0.0,0,0.0,False,0.0,0.0,0.0,0.0,0.0,0.0,0.0
800,3i,150.0,0,0.0,0,0.0,False,0.0,0.0,0.0,0.0,0.0,0.0,0.0
805,3i,150.0,0,0.0,0,0.0,False,0.0,0.0,0.0,0.0,0.0,0.0,0.0
810,3i,150.0,0,0.0,0,0.0,False,0.0,0.0,0.0,0.0,0.0,0.0,0.0
815,3i,150.0,0,0.0,0,0.0,False,0.0,0.0,0.0,0.0,0.0,0.0,0.0
820,3i,150.0,0,0.0,0,0.0,False,0.0,0.0,0.0,0.0,0.0,0.0,0.0
825,3i,150.0,0,0.0,0,0.0,False,0.0,0.0,0.0,0.0,0.0,0.0,0.0
830,3i,150.0,0,0.0,0,0.0,False,0.0,0.0,0.0,0.0,0.0,0.0,0.0
835,3i,150.0,0,0.0,0,0.0,False,0.0,0.0,0.0,0.0,0.0,0.0,0.0
840,3i,150.0,0,0.0,0,0.0,False,0.0,0.0,0.0,0.0,0.0,0.0,0.0
845,3i,150.0,0,0.0,0,0.0,False,0.0,0.0,0.0,0.0,0.0,0.0,0.0
850,3i,150.0,0,0.0,0,0.0,False,0.0,0.0,0.0,0.0,0.0,0.0,0.0
855,3i,150.0,0,0.0,0,0.0,False,0.0,0.0,0.0,0.0,0.0,0.0,0.0
860,3i,150.0,0,0.0,0,0.0,False,0.0,0.0,0.0,0.0,0.0,0.0,0.0
865,3i,150.0,0,0.0,0,0.0,False,0.0,0.0,0.0,0.0,0.0,0.0,0.0
870,3i,150.0,0,0.0,0,0.0,False,0.0,0.0,0.0,0.0,0.0,0.0,0.0
875,3i,150.0,0,0.0,0,0.0,False,0.0,0.0,0.0,0.0,0.0,0.0,0.0
880,3i,150.0,0,0.0,0,0.0,False,0.0,0.0,0.0,0.0,0.0,0.0,0.0
885,3i,150.0,0,0.0,0,0.0,False,0.0,0.0,0.0,0.0,0.0,0.0,0.0
890,3i,150.0,0,0.0,0,0.0,False,0.0,0.0,0.0,0.0,0.0,0.0,0.0
895,3i,150.0,0,0.0,0,0.0,False,0.0,0.0,0.0,0.0,0.0,0.0,0.0
900,3i,150.0,0,0.0,0,0.0,False,0.0,0.0,0.0,0.0,0.0,0.0,0.0
905,3i,150.0,0,0.0,0,0.0,False,0.0,0.0,0.0,0.0,0.0,0.0,0.0
910,3i,150.0,0,0.0,0,0.0,False,0.0,0.0,0.0,0.0,0.0,0.0,0.0
915,3i,150.0,0,0.0,0,0.0,False,0.0,0.0,0.0,0.0,0.0,0.0,0.0
920,3i,150.0,0,0.0,0,0.0,False,0.0,0.0,0.0,0.0,0.0,0.0,0.0
925,3i,150.0,0,0.0,0,0.0,False,0.0,0.0,0.0,0.0,0.0,0.0,0.0
930,3i,150.0,0,0.0,0,0.0,False,0.0,0.0,0.0,0.0,0.0,0.0,0.0
935,3i,150.0,0,0.0,0,0.0,False,0.0,0.0,0.0,0.0,0.0,0.0,0.0
940,3i,150.0,0,0.0,0,0.0,False,0.0,0.0,0.0,0.0,0.0,0.0,0.0
945,3i,150.0,0,0.0,0,0.0,False,0.0,0.0,0.0,0.0,0.0,0.0,0.0
950,3i,150.0,0,0.0,0,0.0,False,0.0,0.0,0.0,0.0,0.0,0.0,0.0
955,3i,150.0,0,0.0,0,0.0,False,0.0,0.0,0.0,0.0,0.0,0.0,0.0
960,3i,150.0,0,0.0,0,0.0,False,0.0,0.0,0.0,0.0,0.0,0.0,0.0
965,3i,150.0,0,0.0,0,0.0,False,0.0,0.0,0.0,0.0,0.0,0.0,0.0
970,3i,150.0,0,0.0,0,0.0,False,0.0,0.0,0.0,0.0,0.0,0.0,0.0
975,3i,150.0,0,0.0,0,0.0,False,0.0,0.0,0.0,0.0,0.0,0.0,0.0
980,3i,150.0,0,0.0,0,0.0,False,0.0,0.0,0.0,0.0,0.0,0.0,0.0
985,3i,150.0,0,0.0,0,0.0,False,0.0,0.0,0.0,0.0,0.0,0.0,0.0
990,3i,150.0,0,0.0,0,0.0,False,0.0,0.0,0.0,0.0,0.0,0.0,0.0
995,3i,150.0,0,0.0,0,0.0,False,0.0,0.0,0.0,0.0,0.0,0.0,0.0
1000,3i,150.0,0,0.0,0,0.0,False,0.0,0.0,0.0,0.0,0.0,0.0,0.0
1005,3i,150.0,0,0.0,0,0.0,False,0.0,0.0,0.0,0.0,0.0,0.0,0.0
1010,3i,150.0,0,0.0,0,0.0,False,0.0,0.0,0.0,0.0,0.0,0.0,0.0
1015,3i,150.0,0,0.0,0,0.0,False,0.0,0.0,0.0,0.0,0.0,0.0,0.0
1020,3i,150.0,0,0.0,0,0.0,False,0.0,0.0,0.0,0.0,0.0,0.0,0.0
1025,3i,150.0,0,0.0,0,0.0,False,0.0,0.0,0.0,0.0,0.0,0.0,0.0
1030,3i,150.0,0,0.0,0,0.0,False,0.0,0.0,0.0,0.0,0.0,0.0,0.0
1035,3i,150.0,0,0.0,0,0.0,False,0.0,0.0,0.0,0.0,0.0,0.0,0.0
1040,3i,150.0,0,0.0,0,0.0,False,0.0,0.0,0.0,0.0,0.0,0.0,0.0
1045,3i,150.0,0,0.0,0,0.0,False,0.0,0.0,0.0,0.0,0.0,0.0,0.0
1050,3i,150.0,0,0.0,0,0.0,False,0.0,0.0,0.0,0.0,0.0,0.0,0.0
1055,3i,150.0,0,0.0,0,0.0,False,0.0,0.0,0.0,0.0,0.0,0.0,0.0
1060,3i,150.0,0,0.0,0,0.0,False,0.0,0.0,0.0,0.0,0.0,0.0,0.0
1065,3i,150.0,0,0.0,0,0.0,False,0.0,0.0,0.0,0.0,0.0,0.0,0.0
1070,3i,150.0,0,0.0,0,0.0,False,0.0,0.0,0.0,0.0,0.0,0.0,0.0
1075,3i,150.0,0,0.0,0,0.0,False,0.0,0.0,0.0,0.0,0.0,0.0,0.0
1080,3i,150.0,0,0.0,0,0.0,False,0.0,0.0,0.0,0.0,0.0,0.0,0.0
1085,3i,150.0,0,0.0,0,0.0,False,0.0,0.0,0.0,0.0,0.0,0.0,0.0
1090,3i,150.0,0,0.0,0,0.0,False,0.0,0.0,0.0,0.0,0.0,0.0,0.0
1095,3i,150.0,0,0.0,0,0.0,False,0.0,0.0,0.0,0.0,0.0,0.0,0.0
1100,3i,150.0,0,0.0,0,0.0,False,0.0,0.0,0.0,0.0,0.0,0.0,0.0
1105,3i,150.0,0,0.0,0,0.0,False,0.0,0.0,0.0,0.0,0.0,0.0,0.0
1110,3i,150.0,0,0.0,0,0.0,False,0.0,0.0,0.0,0.0,0.0,0.0,0.0
1115,3i,150.0,0,0.0,0,0.0,False,0.0,0.0,0.0,0.0,0.0,0.0,0.0
1120,3i,150.0,0,0.0,0,0.0,False,0.0,0.0,0.0,0.0,0.0,0.0,0.0
1125,3i,150.0,0,0.0,0,0.0,False,0.0,0.0,0.0,0.0,0.0,0.0,0.0
1130,3i,150.0,0,0.0,0,0.0,False,0.0,0.0,0.0,0.0,0.0,0.0,0.0
1135,3i,150.0,0,0.0,0,0.0,False,0.0,0.0,0.0,0.0,0.0,0.0,0.0
1140,3i,150.0,0,0.0,0,0.0,False,0.0,0.0,0.0,0.0,0.0,0.0,0.0
1145,3i,150.0,0,0.0,0,0.0,False,0.0,0.0,0.0,0.0,0.0,0.0,0.0
1150,3i,150.0,0,0.0,0,0.0,False,0.0,0.0,0.0,0.0,0.0,0.0,0.0
1155,3i,150.0,0,0.0,0,0.0,False,0.0,0.0,0.0,0.0,0.0,0.0,0.0
1160,3i,150.0,0,0.0,0,0.0,False,0.0,0.0,0.0,0.0,0.0,0.0,0.0
1165,3i,150.0,0,0.0,0,0.0,False,0.0,0.0,0.0,0.0,0.0,0.0,0.0
1170,3i,150.0,0,0.0,0,0.0,False,0.0,0.0,0.0,0.0,0.0,0.0,0.0
1175,3i,150.0,0,0.0,0,0.0,False,0.0,0.0,0.0,0.0,0.0,0.0,0.0
1180,3i,150.0,0,0.0,0,0.0,False,0.0,0.0,0.0,0.0,0.0,0.0,0.0
1185,3i,150.0,0,0.0,0,0.0,False,0.0,0.0,0.0,0.0,0.0,0.0,0.0
1190,3i,150.0,0,0.0,0,0.0,False,0.0,0.0,0.0,0.0,0.0,0.0,0.0
1195,3i,150.0,0,0.0,0,0.0,False,0.0,0.0,0.0,0.0,0.0,0.0,0.0
1200,3i,150.0,0,0.0,0,0.0,False,0.0,0.0,0.0,0.0,0.0,0.0,0.0
1205,3i,150.0,0,0.0,0,0.0,False,0.0,0.0,0.0,0.0,0.0,0.0,0.0
1210,3i,150.0,0,0.0,0,0.0,False,0.0,0.0,0.0,0.0,0.0,0.0,0.0
1215,3i,150.0,0,0.0,0,0.0,False,0.0,0.0,0.0,0.0,0.0,0.0,0.0
1220,3i,150.0,0,0.0,0,0.0,False,0.0,0.0,0.0,0.0,0.0,0.0,0.0
1225,3i,150.0,0,0.0,0,0.0,False,0.0,0.0,0.0,0.0,0.0,0.0,0.0
1230,3i,150.0,0,0.0,0,0.0,False,0.0,0.0,0.0,0.0,0.0,0.0,0.0
1235,3i,150.0,0,0.0,0,0.0,False,0.0,0.0,0.0,0.0,0.0,0.0,0.0
1240,3i,150.0,0,0.0,0,0.0,False,0.0,0.0,0.0,0.0,0.0,0.0,0.0
1245,3i,150.0,0,0.0,0,0.0,False,0.0,0.0,0.0,0.0,0.0,0.0,0.0
1250,3i,150.0,0,0.0,0,0.0,False,0.0,0.0,0.0,0.0,0.0,0.0,0.0
1255,3i,150.0,0,0.0,0,0.0,False,0.0,0.0,0.0,0.0,0.0,0.0,0.0
1260,3i,150.0,0,0.0,0,0.0,False,0.0,0.0,0.0,0.0,0.0,0.0,0.0
1265,3i,150.0,0,0.0,0,0.0,False,0.0,0.0,0.0,0.0,0.0,0.0,0.0
1270,3i,150.0,0,0.0,0,0.0,False,0.0,0.0,0.0,0.0,0.0,0.0,0.0
1275,3i,150.0,0,0.0,0,0.0,False,0.0,0.0,0.0,0.0,0.0,0.0,0.0
1280,3i,150.0,0,0.0,0,0.0,False,0.0,0.0,0.0,0.0,0.0,0.0,0.0
1285,3i,150.0,0,0.0,0,0.0,False,0.0,0.0,0.0,0.0,0.0,0.0,0.0
1290,3i,150.0,0,0.0,0,0.0,False,0.0,0.0,0.0,0.0,0.0,0.0,0.0
1295,3i,150.0,0,0.0,0,0.0,False,0.0,0.0,0.0,0.0,0.0,0.0,0.0
1300,3i,150.0,0,0.0,0,0.0,False,0.0,0.0,0.0,0.0,0.0,0.0,0.0
1305,3i,150.0,0,0.0,0,0.0,False,0.0,0.0,0.0,0.0,0.0,0.0,0.0
1310,3i,150.0,0,0.0,0,0.0,False,0.0,0.0,0.0,0.0,0.0,0.0,0.0
1315,3i,150.0,0,0.0,0,0.0,False,0.0,0.0,0.0,0.0,0.0,0.0,0.0
1320,3i,150.0,0,0.0,0,0.0,False,0.0,0.0,0.0,0.0,0.0,0.0,0.0
1325,3i,150.0,0,0.0,0,0.0,False,0.0,0.0,0.0,0.0,0.0,0.0,0.0
1330,3i,150.0,0,0.0,0,0.0,False,0.0,0.0,0.0,0.0,0.0,0.0,0.0
1335,3i,150.0,0,0.0,0,0.0,False,0.0,0.0,0.0,0.0,0.0,0.0,0.0
1340,3i,150.0,0,0.0,0,0.0,False,0.0,0.0,0.0,0.0,0.0,0.0,0.0
1345,3i,150.0,0,0.0,0,0.0,False,0.0,0.0,0.0,0.0,0.0,0.0,0.0
1350,3i,150.0,0,0.0,0,0.0,False,0.0,0.0,0.0,0.0,0.0,0.0,0.0
1355,3i,150.0,0,0.0,0,0.0,False,0.0,0.0,0.0,0.0,0.0,0.0,0.0
1360,3i,150.0,0,0.0,0,0.0,False,0.0,0.0,0.0,0.0,0.0,0.0,0.0
1365,3i,150.0,0,0.0,0,0.0,False,0.0,0.0,0.0,0.0,0.0,0.0,0.0
1370,3i,150.0,0,0.0,0,0.0,False,0.0,0.0,0.0,0.0,0.0,0.0,0.0
1375,3i,150.0,0,0.0,0,0.0,False,0.0,0.0,0.0,0.0,0.0,0.0,0.0
1380,3i,150.0,0,0.0,0,0.0,False,0.0,0.0,0.0,0.0,0.0,0.0,0.0
1385,3i,150.0,0,0.0,0,0.0,False,0.0,0.0,0.0,0.0,0.0,0.0,0.0
1390,3i,150.0,0,0.0,0,0.0,False,0.0,0.0,0.0,0.0,0.0,0.0,0.0
1395,3i,150.0,0,0.0,0,0.0,False,0.0,0.0,0.0,0.0,0.0,0.0,0.0
1400,3i,150.0,0,0.0,0,0.0,False,0.0,0.0,0.0,0.0,0.0,0.0,0.0
1405,3i,150.0,0,0.0,0,0.0,False,0.0,0.0,0.0,0.0,0.0,0.0,0.0
1410,3i,150.0,0,0.0,0,0.0,False,0.0,0.0,0.0,0.0,0.0,0.0,0.0
1415,3i,150.0,0,0.0,0,0.0,False,0.0,0.0,0.0,0.0,0.0,0.0,0.0
1420,3i,150.0,0,0.0,0,0.0,False,0.0,0.0,0.0,0.0,0.0,0.0,0.0
1425,3i,150.0,0,0.0,0,0.0,False,0.0,0.0,0.0,0.0,0.0,0.0,0.0
1430,3i,150.0,0,0.0,0,0.0,False,0.0,0.0,0.0,0.0,0.0,0.0,0.0
1435,3i,150.0,0,0.0,0,0.0,False,0.0,0.0,0.0,0.0,0.0,0.0,0.0
1440,3i,150.0,0,0.0,0,0.0,False,0.0,0.0,0.0,0.0,0.0,0.0,0.0
1445,3i,150.0,0,0.0,0,0.0,False,0.0,0.0,0.0,0.0,0.0,0.0,0.0
1450,3i,150.0,0,0.0,0,0.0,False,0.0,0.0,0.0,0.0,0.0,0.0,0.0
1455,3i,150.0,0,0.0,0,0.0,False,0.0,0.0,0.0,0.0,0.0,0.0,0.0
1460,3i,150.0,0,0.0,0,0.0,False,0.0,0.0,0.0,0.0,0.0,0.0,0.0
1465,3i,150.0,0,0.0,0,0.0,False,0.0,0.0,0.0,0.0,0.0,0.0,0.0
1470,3i,150.0,0,0.0,0,0.0,False,0.0,0.0,0.0,0.0,0.0,0.0,0.0
1475,3i,150.0,0,0.0,0,0.0,False,0.0,0.0,0.0,0.0,0.0,0.0,0.0
1480,3i,150.0,0,0.0,0,0.0,False,0.0,0.0,0.0,0.0,0.0,0.0,0.0
1485,3i,150.0,0,0.0,0,0.0,False,0.0,0.0,0.0,0.0,0.0,0.0,0.0
1490,3i,150.0,0,0.0,0,0.0,False,0.0,0.0,0.0,0.0,0.0,0.0,0.0
1495,3i,150.0,0,0.0,0,0.0,False,0.0,0.0,0.0,0.0,0.0,0.0,0.0
1500,3i,150.0,0,0.0,0,0.0,False,0.0,0.0,0.0,0.0,0.0,0.0,0.0
1505,3i,150.0,0,0.0,0,0.0,False,0.0,0.0,0.0,0.0,0.0,0.0,0.0
1510,3i,150.0,0,0.0,0,0.0,False,0.0,0.0,0.0,0.0,0.0,0.0,0.0
1515,3i,150.0,0,0.0,0,0.0,False,0.0,0.0,0.0,0.0,0.0,0.0,0.0
1520,3i,150.0,0,0.0,0,0.0,False,0.0,0.0,0.0,0.0,0.0,0.0,0.0
1525,3i,150.0,0,0.0,0,0.0,False,0.0,0.0,0.0,0.0,0.0,0.0,0.0
1530,3i,150.0,0,0.0,0,0.0,False,0.0,0.0,0.0,0.0,0.0,0.0,0.0
1535,3i,150.0,0,0.0,0,0.0,False,0.0,0.0,0.0,0.0,0.0,0.0,0.0
1540,3i,150.0,0,0.0,0,0.0,False,0.0,0.0,0.0,0.0,0.0,0.0,0.0
1545,3i,150.0,0,0.0,0,0.0,False,0.0,0.0,0.0,0.0,0.0,0.0,0.0
1550,3i,150.0,0,0.0,0,0.0,False,0.0,0.0,0.0,0.0,0.0,0.0,0.0
1555,3i,150.0,0,0.0,0,0.0,False,0.0,0.0,0.0,0.0,0.0,0.0,0.0
1560,3i,150.0,0,0.0,0,0.0,False,0.0,0.0,0.0,0.0,0.0,0.0,0.0
1565,3i,150.0,0,0.0,0,0.0,False,0.0,0.0,0.0,0.0,0.0,0.0,0.0
1570,3i,150.0,0,0.0,0,0.0,False,0.0,0.0,0.0,0.0,0.0,0.0,0.0
1575,3i,150.0,0,0.0,0,0.0,False,0.0,0.0,0.0,0.0,0.0,0.0,0.0
1580,3i,150.0,0,0.0,0,0.0,False,0.0,0.0,0.0,0.0,0.0,0.0,0.0
1585,3i,150.0,0,0.0,0,0.0,False,0.0,0.0,0.0,0.0,0.0,0.0,0.0
1590,3i,150.0,0,0.0,0,0.0,False,0.0,0.0,0.0,0.0,0.0,0.0,0.0
1595,3i,150.0,0,0.0,0,0.0,False,0.0,0.0,0.0,0.0,0.0,0.0,0.0
1600,3i,150.0,0,0.0,0,0.0,False,0.0,0.0,0.0,0.0,0.0,0.0,0.0
1605,3i,150.0,0,0.0,0,0.0,False,0.0,0.0,0.0,0.0,0.0,0.0,0.0
1610,3i,150.0,0,0.0,0,0.0,False,0.0,0.0,0.0,0.0,0.0,0.0,0.0
1615,3i,150.0,0,0.0,0,0.0,False,0.0,0.0,0.0,0.0,0.0,0.0,0.0
1620,3i,150.0,0,0.0,0,0.0,False,0.0,0.0,0.0,0.0,0.0,0.0,0.0
1625,3i,150.0,0,0.0,0,0.0,False,0.0,0.0,0.0,0.0,0.0,0.0,0.0
1630,3i,150.0,0,0.0,0,0.0,False,0.0,0.0,0.0,0.0,0.0,0.0,0.0
1635,3i,150.0,0,0.0,0,0.0,False,0.0,0.0,0.0,0.0,0.0,0.0,0.0
1640,3i,150.0,0,0.0,0,0.0,False,0.0,0.0,0.0,0.0,0.0,0.0,0.0
1645,3i,150.0,0,0.0,0,0.0,False,0.0,0.0,0.0,0.0,0.0,0.0,0.0
1650,3i,150.0,0,0.0,0,0.0,False,0.0,0.0,0.0,0.0,0.0,0.0,0.0
1655,3i,150.0,0,0.0,0,0.0,False,0.0,0.0,0.0,0.0,0.0,0.0,0.0
1660,3i,150.0,0,0.0,0,0.0,False,0.0,0.0,0.0,0.0,0.0,0.0,0.0
1665,3i,150.0,0,0.0,0,0.0,False,0.0,0.0,0.0,0.0,0.0,0.0,0.0
1670,3i,150.0,0,0.0,0,0.0,False,0.0,0.0,0.0,0.0,0.0,0.0,0.0
1675,3i,150.0,0,0.0,0,0.0,False,0.0,0.0,0.0,0.0,0.0,0.0,0.0
1680,3i,150.0,0,0.0,0,0.0,False,0.0,0.0,0.0,0.0,0.0,0.0,0.0
1685,3i,150.0,0,0.0,0,0.0,False,0.0,0.0,0.0,0.0,0.0,0.0,0.0
1690,3i,150.0,0,0.0,0,0.0,False,0.0,0.0,0.0,0.0,0.0,0.0,0.0
1695,3i,150.0,0,0.0,0,0.0,False,0.0,0.0,0.0,0.0,0.0,0.0,0.0
1700,3i,150.0,0,0.0,0,0.0,False,0.0,0.0,0.0,0.0,0.0,0.0,0.0
1705,3i,150.0,0,0.0,0,0.0,False,0.0,0.0,0.0,0.0,0.0,0.0,0.0
1710,3i,150.0,0,0.0,0,0.0,False,0.0,0.0,0.0,0.0,0.0,0.0,0.0
1715,3i,150.0,0,0.0,0,0.0,False,0.0,0.0,0.0,0.0,0.0,0.0,0.0
1720,3i,150.0,0,0.0,0,0.0,False,0.0,0.0,0.0,0.0,0.0,0.0,0.0
1725,3i,150.0,0,0.0,0,0.0,False,0.0,0.0,0.0,0.0,0.0,0.0,0.0
1730,3i,150.0,0,0.0,0,0.0,False,0.0,0.0,0.0,0.0,0.0,0.0,0.0
1735,3i,150.0,0,0.0,0,0.0,False,0.0,0.0,0.0,0.0,0.0,0.0,0.0
1740,3i,150.0,0,0.0,0,0.0,False,0.0,0.0,0.0,0.0,0.0,0.0,0.0
1745,3i,150.0,0,0.0,0,0.0,False,0.0,0.0,0.0,0.0,0.0,0.0,0.0
1750,3i,150.0,0,0.0,0,0.0,False,0.0,0.0,0.0,0.0,0.0,0.0,0.0
1755,3i,150.0,0,0.0,0,0.0,False,0.0,0.0,0.0,0.0,0.0,0.0,0.0
1760,3i,150.0,0,0.0,0,0.0,False,0.0,0.0,0.0,0.0,0.0,0.0,0.0
1765,3i,150.0,0,0.0,0,0.0,False,0.0,0.0,0.0,0.0,0.0,0.0,0.0
1770,3i,150.0,0,0.0,0,0.0,False,0.0,0.0,0.0,0.0,0.0,0.0,0.0
1775,3i,150.0,0,0.0,0,0.0,False,0.0,0.0,0.0,0.0,0.0,0.0,0.0
1780,3i,150.0,0,0.0,0,0.0,False,0.0,0.0,0.0,0.0,0.0,0.0,0.0
1785,3i,150.0,0,0.0,0,0.0,False,0.0,0.0,0.0,0.0,0.0,0.0,0.0
1790,3i,150.0,0,0.0,0,0.0,False,0.0,0.0,0.0,0.0,0.0,0.0,0.0
1795,3i,150.0,0,0.0,0,0.0,False,0.0,0.0,0.0,0.0,0.0,0.0,0.0
1800,3i,150.0,0,0.0,0,0.0,False,0.0,0.0,0.0,0.0,0.0,0.0,0.0
1805,3i,150.0,0,0.0,0,0.0,False,0.0,0.0,0.0,0.0,0.0,0.0,0.0
1810,3i,150.0,0,0.0,0,0.0,False,0.0,0.0,0.0,0.0,0.0,0.0,0.0
1815,3i,150.0,0,0.0,0,0.0,False,0.0,0.0,0.0,0.0,0.0,0.0,0.0
1820,3i,150.0,0,0.0,0,0.0,False,0.0,0.0,0.0,0.0,0.0,0.0,0.0
1825,3i,150.0,0,0.0,0,0.0,False,0.0,0.0,0.0,0.0,0.0,0.0,0.0
1830,3i,150.0,0,0.0,0,0.0,False,0.0,0.0,0.0,0.0,0.0,0.0,0.0
1835,3i,150.0,0,0.0,0,0.0,False,0.0,0.0,0.0,0.0,0.0,0.0,0.0
1840,3i,150.0,0,0.0,0,0.0,False,0.0,0.0,0.0,0.0,0.0,0.0,0.0
1845,3i,150.0,0,0.0,0,0.0,False,0.0,0.0,0.0,0.0,0.0,0.0,0.0
1850,3i,150.0,0,0.0,0,0.0,False,0.0,0.0,0.0,0.0,0.0,0.0,0.0
1855,3i,150.0,0,0.0,0,0.0,False,0.0,0.0,0.0,0.0,0.0,0.0,0.0
1860,3i,150.0,0,0.0,0,0.0,False,0.0,0.0,0.0,0.0,0.0,0.0,0.0
1865,3i,150.0,0,0.0,0,0.0,False,0.0,0.0,0.0,0.0,0.0,0.0,0.0
1870,3i,150.0,0,0.0,0,0.0,False,0.0,0.0,0.0,0.0,0.0,0.0,0.0
1875,3i,150.0,0,0.0,0,0.0,False,0.0,0.0,0.0,0.0,0.0,0.0,0.0
1880,3i,150.0,0,0.0,0,0.0,False,0.0,0.0,0.0,0.0,0.0,0.0,0.0
1885,3i,150.0,0,0.0,0,0.0,False,0.0,0.0,0.0,0.0,0.0,0.0,0.0
1890,3i,150.0,0,0.0,0,0.0,False,0.0,0.0,0.0,0.0,0.0,0.0,0.0
1895,3i,150.0,0,0.0,0,0.0,False,0.0,0.0,0.0,0.0,0.0,0.0,0.0
1900,3i,150.0,0,0.0,0,0.0,False,0.0,0.0,0.0,0.0,0.0,0.0,0.0
1905,3i,150.0,0,0.0,0,0.0,False,0.0,0.0,0.0,0.0,0.0,0.0,0.0
1910,3i,150.0,0,0.0,0,0.0,False,0.0,0.0,0.0,0.0,0.0,0.0,0.0
1915,3i,150.0,0,0.0,0,0.0,False,0.0,0.0,0.0,0.0,0.0,0.0,0.0
1920,3i,150.0,0,0.0,0,0.0,False,0.0,0.0,0.0,0.0,0.0,0.0,0.0
1925,3i,150.0,0,0.0,0,0.0,False,0.0,0.0,0.0,0.0,0.0,0.0,0.0
1930,3i,150.0,0,0.0,0,0.0,False,0.0,0.0,0.0,0.0,0.0,0.0,0.0
1935,3i,150.0,0,0.0,0,0.0,False,0.0,0.0,0.0,0.0,0.0,0.0,0.0
1940,3i,150.0,0,0.0,0,0.0,False,0.0,0.0,0.0,0.0,0.0,0.0,0.0
1945,3i,150.0,0,0.0,0,0.0,False,0.0,0.0,0.0,0.0,0.0,0.0,0.0
1950,3i,150.0,0,0.0,0,0.0,False,0.0,0.0,0.0,0.0,0.0,0.0,0.0
1955,3i,150.0,0,0.0,0,0.0,False,0.0,0.0,0.0,0.0,0.0,0.0,0.0
1960,3i,150.0,0,0.0,0,0.0,False,0.0,0.0,0.0,0.0,0.0,0.0,0.0
1965,3i,150.0,0,0.0,0,0.0,False,0.0,0.0,0.0,0.0,0.0,0.0,0.0
1970,3i,150.0,0,0.0,0,0.0,False,0.0,0.0,0.0,0.0,0.0,0.0,0.0
1975,3i,150.0,0,0.0,0,0.0,False,0.0,0.0,0.0,0.0,0.0,0.0,0.0
1980,3i,150.0,0,0.0,0,0.0,False,0.0,0.0,0.0,0.0,0.0,0.0,0.0
1985,3i,150.0,0,0.0,0,0.0,False,0.0,0.0,0.0,0.0,0.0,0.0,0.0
1990,3i,150.0,0,0.0,0,0.0,False,0.0,0.0,0.0,0.0,0.0,0.0,0.0
1995,3i,150.0,0,0.0,0,0.0,False,0.0,0.0,0.0,0.0,0.0,0.0,0.0
2000,3i,150.0,0,0.0,0,0.0,False,0.0,0.0,0.0,0.0,0.0,0.0,0.0
2005,3i,150.0,0,0.0,0,0.0,False,0.0,0.0,0.0,0.0,0.0,0.0,0.0
2010,3i,150.0,0,0.0,0,0.0,False,0.0,0.0,0.0,0.0,0.0,0.0,0.0
2015,3i,150.0,0,0.0,0,0.0,False,0.0,0.0,0.0,0.0,0.0,0.0,0.0
2020,3i,150.0,0,0.0,0,0.0,False,0.0,0.0,0.0,0.0,0.0,0.0,0.0
2025,3i,150.0,0,0.0,0,0.0,False,0.0,0.0,0.0,0.0,0.0,0.0,0.0
2030,3i,150.0,0,0.0,0,0.0,False,0.0,0.0,0.0,0.0,0.0,0.0,0.0
2035,3i,150.0,0,0.0,0,0.0,False,0.0,0.0,0.0,0.0,0.0,0.0,0.0
2040,3i,150.0,0,0.0,0,0.0,False,0.0,0.0,0.0,0.0,0.0,0.0,0.0
2045,3i,150.0,0,0.0,0,0.0,False,0.0,0.0,0.0,0.0,0.0,0.0,0.0
2050,3i,150.0,0,0.0,0,0.0,False,0.0,0.0,0.0,0.0,0.0,0.0,0.0
2055,3i,150.0,0,0.0,0,0.0,False,0.0,0.0,0.0,0.0,0.0,0.0,0.0
2060,3i,150.0,0,0.0,0,0.0,False,0.0,0.0,0.0,0.0,0.0,0.0,0.0
2065,3i,150.0,0,0.0,0,0.0,False,0.0,0.0,0.0,0.0,0.0,0.0,0.0
2070,3i,150.0,0,0.0,0,0.0,False,0.0,0.0,0.0,0.0,0.0,0.0,0.0
2075,3i,150.0,0,0.0,0,0.0,False,0.0,0.0,0.0,0.0,0.0,0.0,0.0
2080,3i,150.0,0,0.0,0,0.0,False,0.0,0.0,0.0,0.0,0.0,0.0,0.0
2085,3i,150.0,0,0.0,0,0.0,False,0.0,0.0,0.0,0.0,0.0,0.0,0.0
2090,3i,150.0,0,0.0,0,0.0,False,0.0,0.0,0.0,0.0,0.0,0.0,0.0
2095,3i,150.0,0,0.0,0,0.0,False,0.0,0.0,0.0,0.0,0.0,0.0,0.0
2100,3i,150.0,0,0.0,0,0.0,False,0.0,0.0,0.0,0.0,0.0,0.0,0.0
2105,3i,150.0,0,0.0,0,0.0,False,0.0,0.0,0.0,0.0,0.0,0.0,0.0
2110,3i,150.0,0,0.0,0,0.0,False,0.0,0.0,0.0,0.0,0.0,0.0,0.0
2115,3i,150.0,0,0.0,0,0.0,False,0.0,0.0,0.0,0.0,0.0,0.0,0.0
2120,3i,150.0,0,0.0,0,0.0,False,0.0,0.0,0.0,0.0,0.0,0.0,0.0
2125,3i,150.0,0,0.0,0,0.0,False,0.0,0.0,0.0,0.0,0.0,0.0,0.0
2130,3i,150.0,0,0.0,0,0.0,False,0.0,0.0,0.0,0.0,0.0,0.0,0.0
2135,3i,150.0,0,0.0,0,0.0,False,0.0,0.0,0.0,0.0,0.0,0.0,0.0
2140,3i,150.0,0,0.0,0,0.0,False,0.0,0.0,0.0,0.0,0.0,0.0,0.0
2145,3i,150.0,0,0.0,0,0.0,False,0.0,0.0,0.0,0.0,0.0,0.0,0.0
2150,3i,150.0,0,0.0,0,0.0,False,0.0,0.0,0.0,0.0,0.0,0.0,0.0
2155,3i,150.0,0,0.0,0,0.0,False,0.0,0.0,0.0,0.0,0.0,0.0,0.0
2160,3i,150.0,0,0.0,0,0.0,False,0.0,0.0,0.0,0.0,0.0,0.0,0.0
2165,3i,150.0,0,0.0,0,0.0,False,0.0,0.0,0.0,0.0,0.0,0.0,0.0
2170,3i,150.0,0,0.0,0,0.0,False,0.0,0.0,0.0,0.0,0.0,0.0,0.0
2175,3i,150.0,2,26.3069,0,0.0,False,0.0,26.3069,0.0,1.0,0.0,0.0,0.0
2180,3i,150.0,2,15.5303,0,0.0,False,0.0,15.5303,0.0,0.5,0.0,0.5,0.0
2185,3i,150.0,2,6.6099,1,1.0,False,1.0,6.6099,0.006666666666666667,0.5,0.0,0.5,0.0
2190,3i,150.0,2,0.6164,1,1.0,False,1.0,0.6164,0.006666666666666667,0.5,0.0,0.5,0.0
2195,3i,150.0,1,0.0,1,1.0,False,1.0,0.0,0.006666666666666667,0.0,0.0,1.0,0.0
2200,3i,150.0,1,0.0,1,1.0,False,1.0,0.0,0.006666666666666667,0.0,0.0,1.0,0.0
2205,3i,150.0,1,0.0,1,1.0,False,1.0,-26.3069,0.006666666666666667,0.0,0.0,1.0,0.0
2210,3i,150.0,4,19.6992,1,1.0,False,1.0,4.168900000000001,0.006666666666666667,0.75,0.0,0.25,0.0
2215,3i,150.0,4,10.1776,1,1.0,False,0.0,3.5677000000000003,0.006666666666666667,0.75,0.0,0.25,0.0
2220,3i,150.0,4,0.0702,2,1.0,False,0.0,-0.5461999999999999,0.006666666666666667,0.75,0.0,0.25,0.0
2225,3i,150.0,4,0.0,4,13.71,False,12.71,0.0,0.09140000000000001,0.75,0.0,0.25,0.0
2230,3i,150.0,4,0.0,4,13.71,False,12.71,0.0,0.09140000000000001,0.75,0.0,0.25,0.0
2235,3i,150.0,4,0.0,4,13.71,False,12.71,0.0,0.09140000000000001,0.75,0.0,0.25,0.0
2240,3i,150.0,4,0.0,4,13.71,False,12.71,-19.6992,0.09140000000000001,0.75,0.0,0.25,0.0
2245,3i,150.0,6,8.2731,4,13.71,False,12.71,-1.9045000000000005,0.09140000000000001,0.6666666666666666,0.16666666666666666,0.16666666666666666,0.0
2250,3i,150.0,7,6.3047,4,13.71,False,12.71,6.234500000000001,0.09140000000000001,0.5714285714285714,0.2857142857142857,0.14285714285714285,0.0
2255,3i,150.0,3,2.9949,1,1.0,False,-12.71,2.9949,0.006666666666666667,0.6666666666666666,0.3333333333333333,0.0,0.0
2260,3i,150.0,2,0.0003,2,5.0,False,-8.71,0.0003,0.03333333333333333,1.0,0.0,0.0,0.0
2265,3i,150.0,2,0.0,2,5.0,False,-8.71,0.0,0.03333333333333333,1.0,0.0,0.0,0.0
2270,3i,150.0,2,0.0,2,5.0,False,-8.71,0.0,0.03333333333333333,1.0,0.0,0.0,0.0
2275,3i,150.0,2,0.0,2,5.0,False,-8.71,-8.2731,0.03333333333333333,1.0,0.0,0.0,0.0
2280,3i,150.0,5,14.6705,2,5.0,False,-8.71,8.3658,0.03333333333333333,1.0,0.0,0.0,0.0
2285,3i,150.0,3,11.4411,0,0.0,False,-1.0,8.446200000000001,0.0,1.0,0.0,0.0,0.0
2290,3i,150.0,2,0.4664,1,1.0,False,-4.0,0.46609999999999996,0.006666666666666667,1.0,0.0,0.0,0.0
2295,3i,150.0,2,0.0,2,1.0,False,-4.0,0.0,0.006666666666666667,1.0,0.0,0.0,0.0
2300,3i,150.0,2,0.0,2,1.0,False,-4.0,0.0,0.006666666666666667,1.0,0.0,0.0,0.0
2305,3i,150.0,2,0.0,2,1.0,False,-4.0,0.0,0.006666666666666667,1.0,0.0,0.0,0.0
2310,3i,150.0,2,0.0,2,1.0,False,-4.0,-14.6705,0.006666666666666667,1.0,0.0,0.0,0.0
2315,3i,150.0,3,5.6712,2,1.0,False,1.0,-5.769900000000001,0.006666666666666667,1.0,0.0,0.0,0.0
2320,3i,150.0,5,7.6854,2,1.0,False,0.0,7.218999999999999,0.006666666666666667,0.6,0.2,0.0,0.2
2325,3i,150.0,5,3.132,3,5.0,False,4.0,3.132,0.03333333333333333,0.6,0.2,0.0,0.2
2330,3i,150.0,5,1.3752,4,5.0,False,4.0,1.3752,0.03333333333333333,0.6,0.2,0.0,0.2
2335,3i,150.0,5,0.4792,4,5.0,False,4.0,0.4792,0.03333333333333333,0.6,0.2,0.0,0.2
2340,3i,150.0,5,0.0005,5,5.0,False,4.0,0.0005,0.03333333333333333,0.6,0.2,0.0,0.2
2345,3i,150.0,1,0.0,1,1.0,False,0.0,-5.6712,0.006666666666666667,0.0,1.0,0.0,0.0
2350,3i,150.0,3,14.927,1,1.0,False,0.0,7.2416,0.006666666666666667,0.3333333333333333,0.6666666666666666,0.0,0.0
2355,3i,150.0,3,10.865,1,1.0,False,-4.0,7.7330000000000005,0.006666666666666667,0.3333333333333333,0.3333333333333333,0.0,0.3333333333333333
2360,3i,150.0,2,5.5544,1,1.0,False,-4.0,4.1792,0.006666666666666667,0.0,0.5,0.0,0.5
2365,3i,150.0,2,3.318,1,1.0,False,-4.0,2.8388,0.006666666666666667,0.0,0.5,0.0,0.5
2370,3i,150.0,2,1.2342,1,1.0,False,-4.0,1.2337,0.006666666666666667,0.0,0.5,0.0,0.5
2375,3i,150.0,1,2.094,0,0.0,False,-1.0,2.094,0.0,0.0,0.0,0.0,1.0
2380,3i,150.0,1,25.6221,0,0.0,False,-1.0,10.6951,0.0,1.0,0.0,0.0,0.0
2385,3i,150.0,1,12.251,0,0.0,False,-1.0,1.3859999999999992,0.0,1.0,0.0,0.0,0.0
2390,3i,150.0,3,12.2505,1,1.0,False,0.0,6.6961,0.006666666666666667,0.6666666666666666,0.3333333333333333,0.0,0.0
2395,3i,150.0,3,2.9679,1,1.0,False,0.0,-0.35009999999999986,0.006666666666666667,0.6666666666666666,0.3333333333333333,0.0,0.0
2400,3i,150.0,3,0.0004,3,1.0,False,0.0,-1.2338,0.006666666666666667,0.6666666666666666,0.3333333333333333,0.0,0.0
2405,3i,150.0,3,0.0,3,1.0,False,1.0,-2.094,0.006666666666666667,0.6666666666666666,0.3333333333333333,0.0,0.0
2410,3i,150.0,3,0.0,3,1.0,False,1.0,-25.6221,0.006666666666666667,0.6666666666666666,0.3333333333333333,0.0,0.0
2415,3i,150.0,4,5.3196,3,1.0,False,1.0,-6.931399999999999,0.006666666666666667,0.75,0.25,0.0,0.0
2420,3i,150.0,4,2.403,3,1.0,False,0.0,-9.8475,0.006666666666666667,0.75,0.25,0.0,0.0
2425,3i,150.0,6,5.8978,4,5.01,False,4.01,2.9299,0.0334,0.5,0.5,0.0,0.0
2430,3i,150.0,6,1.5809,4,5.0,False,4.0,1.5805,0.03333333333333333,0.5,0.5,0.0,0.0
2435,3i,150.0,2,0.0019,2,5.0,False,4.0,0.0019,0.03333333333333333,0.5,0.5,0.0,0.0
2440,3i,150.0,2,0.0,2,5.0,False,4.0,0.0,0.03333333333333333,0.5,0.5,0.0,0.0
2445,3i,150.0,2,0.0,2,5.0,False,4.0,-5.3196,0.03333333333333333,0.5,0.5,0.0,0.0
2450,3i,150.0,3,7.7708,2,5.0,False,4.0,5.367800000000001,0.03333333333333333,0.3333333333333333,0.6666666666666666,0.0,0.0
2455,3i,150.0,4,10.2099,2,5.0,False,-0.009999999999999787,4.312099999999999,0.03333333333333333,0.5,0.5,0.0,0.0
2460,3i,150.0,4,7.5383,2,5.0,False,0.0,5.9574,0.03333333333333333,0.5,0.25,0.0,0.25
2465,3i,150.0,2,5.4611,0,0.0,False,-5.0,5.4592,0.0,0.5,0.0,0.0,0.5
2470,3i,150.0,2,6.007,1,1.0,False,-4.0,6.007,0.006666666666666667,0.5,0.0,0.0,0.5
2475,3i,150.0,2,0.0,2,1.0,False,-4.0,0.0,0.006666666666666667,0.5,0.0,0.0,0.5
2480,3i,150.0,2,0.0,2,1.0,False,-4.0,-7.7708,0.006666666666666667,0.5,0.0,0.0,0.5
2485,3i,150.0,3,5.2812,2,1.0,False,-4.0,-4.928699999999999,0.006666666666666667,0.6666666666666666,0.0,0.0,0.3333333333333333
2490,3i,150.0,4,7.7083,2,1.0,False,-4.0,0.17000000000000082,0.006666666666666667,0.75,0.0,0.0,0.25
2495,3i,150.0,5,6.1936,3,1.0,False,1.0,0.7324999999999999,0.006666666666666667,0.6,0.2,0.0,0.2
2500,3i,150.0,5,0.8836,3,1.0,False,0.0,-5.123399999999999,0.006666666666666667,0.6,0.2,0.0,0.2
2505,3i,150.0,5,0.0007,5,15.04,False,14.04,0.0007,0.10026666666666666,0.6,0.2,0.0,0.2
2510,3i,150.0,5,0.0,5,15.04,False,14.04,0.0,0.10026666666666666,0.6,0.2,0.0,0.2
2515,3i,150.0,6,4.4187,5,15.04,False,14.04,-0.8624999999999998,0.10026666666666666,0.6666666666666666,0.16666666666666666,0.0,0.16666666666666666
2520,3i,150.0,6,2.2848,5,15.04,False,14.04,-5.423500000000001,0.10026666666666666,0.6666666666666666,0.16666666666666666,0.0,0.16666666666666666
2525,3i,150.0,3,8.879,2,15.04,False,14.04,2.6853999999999996,0.10026666666666666,0.6666666666666666,0.0,0.0,0.3333333333333333
2530,3i,150.0,4,7.9209,2,15.04,False,14.04,7.037299999999999,0.10026666666666666,0.5,0.0,0.0,0.5
2535,3i,150.0,3,3.5675,2,15.04,False,0.0,3.5667999999999997,0.10026666666666666,0.3333333333333333,0.0,0.0,0.6666666666666666
2540,3i,150.0,3,2.0675,2,15.04,False,0.0,2.0675,0.10026666666666666,0.3333333333333333,0.0,0.0,0.6666666666666666
2545,3i,150.0,3,0.6238,2,15.04,False,0.0,-3.7949,0.10026666666666666,0.3333333333333333,0.0,0.0,0.6666666666666666
2550,3i,150.0,4,5.8844,3,19.04,False,4.0,3.5996,0.12693333333333331,0.25,0.25,0.0,0.5
2555,3i,150.0,3,6.3514,1,18.76,False,3.7200000000000024,-2.5275999999999996,0.1250666666666667,0.3333333333333333,0.3333333333333333,0.0,0.3333333333333333
2560,3i,150.0,5,11.7737,0,0.0,False,-15.04,3.8528000000000002,0.0,0.6,0.2,0.0,0.2
2565,3i,150.0,5,5.6889,3,5.04,False,-10.0,2.1214000000000004,0.0336,0.6,0.2,0.0,0.2
2570,3i,150.0,5,0.2623,3,5.0,False,-10.04,-1.8052,0.03333333333333333,0.6,0.2,0.0,0.2
2575,3i,150.0,5,0.0,5,19.04,False,4.0,-0.6238,0.12693333333333331,0.6,0.2,0.0,0.2
2580,3i,150.0,5,0.0,5,19.04,False,0.0,-5.8844,0.12693333333333331,0.6,0.2,0.0,0.2
2585,3i,150.0,6,3.4625,5,19.04,False,0.2799999999999976,-2.8889,0.12693333333333331,0.6666666666666666,0.16666666666666666,0.0,0.16666666666666666
2590,3i,150.0,6,1.4587,5,19.04,False,19.04,-10.315,0.12693333333333331,0.6666666666666666,0.16666666666666666,0.0,0.16666666666666666
2595,3i,150.0,6,0.0022,6,19.04,False,14.0,-5.6867,0.12693333333333331,0.6666666666666666,0.16666666666666666,0.0,0.16666666666666666
2600,3i,150.0,8,3.9843,6,19.04,False,14.04,3.7220000000000004,0.12693333333333331,0.5,0.25,0.0,0.25
2605,3i,150.0,8,1.8394,6,19.04,False,0.0,1.8394,0.12693333333333331,0.5,0.25,0.0,0.25
2610,3i,150.0,8,0.7713,7,19.04,False,0.0,0.7713,0.12693333333333331,0.5,0.25,0.0,0.25
2615,3i,150.0,4,0.4149,3,19.04,False,0.0,-3.0476,0.12693333333333331,0.5,0.0,0.0,0.5
2620,3i,150.0,5,4.0464,4,23.04,False,4.0,2.5877,0.1536,0.4,0.2,0.0,0.4
2625,3i,150.0,5,3.3273,4,23.04,False,4.0,3.3251,0.1536,0.4,0.2,0.0,0.4
2630,3i,150.0,4,0.0,4,23.04,False,4.0,-3.9843,0.1536,0.5,0.0,0.0,0.5
2635,3i,150.0,6,5.8207,4,23.04,False,4.0,3.9813000000000005,0.1536,0.3333333333333333,0.0,0.16666666666666666,0.5
2640,3i,150.0,6,4.5872,4,23.04,False,4.0,3.8159,0.1536,0.3333333333333333,0.0,0.16666666666666666,0.5
2645,3i,150.0,5,1.6061,1,23.04,False,4.0,1.1912,0.1536,0.2,0.0,0.2,0.6
2650,3i,150.0,4,2.1113,1,1.0,False,-22.04,-1.9351000000000003,0.006666666666666667,0.25,0.0,0.25,0.5
2655,3i,150.0,5,3.2487,2,1.0,False,-22.04,-0.07860000000000023,0.006666666666666667,0.4,0.0,0.2,0.4
2660,3i,150.0,5,1.2453,4,19.05,False,-3.9899999999999984,1.2453,0.127,0.4,0.0,0.2,0.4
2665,3i,150.0,6,4.2665,5,19.04,False,-4.0,-1.5542000000000007,0.12693333333333331,0.5,0.0,0.16666666666666666,0.3333333333333333
2670,3i,150.0,7,3.9558,5,19.04,False,-4.0,-0.6314000000000002,0.12693333333333331,0.42857142857142855,0.0,0.14285714285714285,0.42857142857142855
2675,3i,150.0,7,1.5232,5,19.04,False,-4.0,-0.08289999999999997,0.12693333333333331,0.42857142857142855,0.0,0.14285714285714285,0.42857142857142855
2680,3i,150.0,7,0.801,6,19.04,False,18.04,-1.3102999999999998,0.12693333333333331,0.42857142857142855,0.0,0.14285714285714285,0.42857142857142855
2685,3i,150.0,8,3.131,6,19.04,False,18.04,-0.11770000000000014,0.12693333333333331,0.5,0.0,0.125,0.375
2690,3i,150.0,8,1.9269,7,31.75,False,12.7,0.6816,0.21166666666666667,0.5,0.0,0.125,0.375
2695,3i,150.0,8,0.3512,7,31.75,False,12.71,-3.9153,0.21166666666666667,0.5,0.0,0.125,0.375
2700,3i,150.0,9,2.5909,8,31.75,False,12.71,-1.3649,0.21166666666666667,0.5555555555555556,0.0,0.1111111111111111,0.3333333333333333
2705,3i,150.0,7,4.1519,4,31.75,False,12.71,2.6287000000000003,0.21166666666666667,0.42857142857142855,0.14285714285714285,0.14285714285714285,0.2857142857142857
2710,3i,150.0,6,1.4823,5,45.81,False,26.770000000000003,0.6812999999999999,0.3054,0.3333333333333333,0.16666666666666666,0.16666666666666666,0.3333333333333333
2715,3i,150.0,5,0.0,5,45.8,False,26.759999999999998,-3.131,0.3053333333333333,0.4,0.0,0.2,0.4
2720,3i,150.0,6,3.5053,5,45.8,False,14.049999999999997,1.5784,0.3053333333333333,0.5,0.0,0.16666666666666666,0.3333333333333333
2725,3i,150.0,6,3.1107,5,45.8,False,14.049999999999997,2.7595,0.3053333333333333,0.5,0.0,0.16666666666666666,0.3333333333333333
2730,3i,150.0,5,0.0,5,45.8,False,14.049999999999997,-2.5909,0.3053333333333333,0.4,0.0,0.2,0.4
2735,3i,150.0,4,0.7022,2,45.8,False,14.049999999999997,-3.4497000000000004,0.3053333333333333,0.25,0.0,0.25,0.5
2740,3i,150.0,5,8.3988,0,0.0,False,-45.81,6.916499999999999,0.0,0.4,0.2,0.2,0.2
2745,3i,150.0,5,2.8371,1,1.0,False,-44.8,2.8371,0.006666666666666667,0.4,0.2,0.2,0.2
2750,3i,150.0,5,0.0046,5,31.77,False,-14.029999999999998,-3.5007,0.2118,0.4,0.2,0.2,0.2
2755,3i,150.0,5,0.0,5,31.75,False,-14.049999999999997,-3.1107,0.21166666666666667,0.4,0.2,0.2,0.2
2760,3i,150.0,6,3.0432,5,31.75,False,-14.049999999999997,3.0432,0.21166666666666667,0.3333333333333333,0.16666666666666666,0.3333333333333333,0.16666666666666666
2765,3i,150.0,6,2.1611,5,31.75,False,-14.049999999999997,1.4588999999999999,0.21166666666666667,0.3333333333333333,0.16666666666666666,0.3333333333333333,0.16666666666666666
2770,3i,150.0,6,0.0,6,31.75,False,31.75,-8.3988,0.21166666666666667,0.3333333333333333,0.16666666666666666,0.3333333333333333,0.16666666666666666
2775,3i,150.0,7,2.2817,6,31.75,False,30.75,-0.5554000000000001,0.21166666666666667,0.42857142857142855,0.14285714285714285,0.2857142857142857,0.14285714285714285
2780,3i,150.0,8,1.9038,6,31.75,False,-0.019999999999999574,1.8992,0.21166666666666667,0.375,0.125,0.375,0.125
2785,3i,150.0,8,0.6038,7,31.75,False,0.0,0.6038,0.21166666666666667,0.375,0.125,0.375,0.125
2790,3i,150.0,9,2.1155,8,35.78,False,4.030000000000001,-0.9277000000000002,0.23853333333333335,0.3333333333333333,0.2222222222222222,0.3333333333333333,0.1111111111111111
2795,3i,150.0,6,2.4558,5,35.75,False,4.0,0.2947000000000002,0.23833333333333334,0.3333333333333333,0.16666666666666666,0.3333333333333333,0.16666666666666666
2800,3i,150.0,5,0.0,5,35.75,False,4.0,0.0,0.23833333333333334,0.4,0.0,0.4,0.2
2805,3i,150.0,5,0.0,5,35.75,False,4.0,-2.2817,0.23833333333333334,0.4,0.0,0.4,0.2
2810,3i,150.0,7,4.4396,5,35.75,False,4.0,2.5358000000000005,0.23833333333333334,0.5714285714285714,0.0,0.2857142857142857,0.14285714285714285
2815,3i,150.0,6,0.0136,5,35.75,False,4.0,-0.5902000000000001,0.23833333333333334,0.5,0.0,0.3333333333333333,0.16666666666666666
2820,3i,150.0,6,0.0,6,48.47,False,12.689999999999998,-2.1155,0.32313333333333333,0.5,0.0,0.3333333333333333,0.16666666666666666
2825,3i,150.0,6,3.208,4,48.47,False,12.719999999999999,0.7522000000000002,0.32313333333333333,0.6666666666666666,0.0,0.16666666666666666,0.16666666666666666
2830,3i,150.0,6,2.6071,0,0.0,False,-35.75,2.6071,0.0,0.6666666666666666,0.0,0.16666666666666666,0.16666666666666666
2835,3i,150.0,6,0.2411,5,22.62,False,-13.129999999999999,0.2411,0.15080000000000002,0.6666666666666666,0.0,0.16666666666666666,0.16666666666666666
2840,3i,150.0,6,0.0001,6,35.3,False,-0.45000000000000284,-4.439500000000001,0.2353333333333333,0.6666666666666666,0.0,0.16666666666666666,0.16666666666666666
2845,3i,150.0,8,4.3185,6,35.3,False,-0.45000000000000284,4.3049,0.2353333333333333,0.625,0.125,0.125,0.125
2850,3i,150.0,8,1.0139,6,35.3,False,-13.170000000000002,1.0139,0.2353333333333333,0.625,0.125,0.125,0.125
2855,3i,150.0,8,0.0003,8,39.3,False,-9.170000000000002,-3.2077,0.26199999999999996,0.625,0.125,0.125,0.125
2860,3i,150.0,9,2.0781,8,39.3,False,39.3,-0.5289999999999999,0.26199999999999996,0.5555555555555556,0.2222222222222222,0.1111111111111111,0.1111111111111111
2865,3i,150.0,9,0.7096,8,39.3,False,16.679999999999996,0.4685,0.26199999999999996,0.5555555555555556,0.2222222222222222,0.1111111111111111,0.1111111111111111
2870,3i,150.0,9,0.0,9,39.3,False,4.0,-0.0001,0.26199999999999996,0.5555555555555556,0.2222222222222222,0.1111111111111111,0.1111111111111111
2875,3i,150.0,9,0.0,9,39.3,False,4.0,-4.3185,0.26199999999999996,0.5555555555555556,0.2222222222222222,0.1111111111111111,0.1111111111111111
2880,3i,150.0,9,0.0,9,39.3,False,4.0,-1.0139,0.26199999999999996,0.5555555555555556,0.2222222222222222,0.1111111111111111,0.1111111111111111
2885,3i,150.0,8,3.4398,6,39.3,False,0.0,3.4395,0.26199999999999996,0.375,0.125,0.375,0.125
2890,3i,150.0,9,3.6205,6,39.3,False,0.0,1.5423999999999998,0.26199999999999996,0.4444444444444444,0.1111111111111111,0.3333333333333333,0.1111111111111111
2895,3i,150.0,8,2.1495,7,46.31,False,7.010000000000005,1.4399000000000002,0.30873333333333336,0.5,0.125,0.25,0.125
2900,3i,150.0,7,0.0,7,46.3,False,7.0,0.0,0.30866666666666664,0.42857142857142855,0.14285714285714285,0.2857142857142857,0.14285714285714285
2905,3i,150.0,7,0.0,7,46.3,False,7.0,0.0,0.30866666666666664,0.42857142857142855,0.14285714285714285,0.2857142857142857,0.14285714285714285
2910,3i,150.0,7,0.0,7,46.3,False,7.0,0.0,0.30866666666666664,0.42857142857142855,0.14285714285714285,0.2857142857142857,0.14285714285714285
2915,3i,150.0,8,4.7702,5,46.3,False,7.0,1.3304,0.30866666666666664,0.375,0.375,0.25,0.0
2920,3i,150.0,8,2.2341,3,45.45,False,6.150000000000006,-1.3863999999999996,0.303,0.375,0.375,0.25,0.0
2925,3i,150.0,9,2.9324,4,9.05,False,-37.260000000000005,0.7828999999999997,0.060333333333333336,0.3333333333333333,0.4444444444444444,0.2222222222222222,0.0
2930,3i,150.0,9,1.8465,8,45.75,False,-0.5499999999999972,1.8465,0.305,0.3333333333333333,0.4444444444444444,0.2222222222222222,0.0
2935,3i,150.0,9,0.2735,8,45.43,False,-0.8699999999999974,0.2735,0.3028666666666667,0.3333333333333333,0.4444444444444444,0.2222222222222222,0.0
2940,3i,150.0,9,0.0,9,45.43,False,-0.8699999999999974,0.0,0.3028666666666667,0.3333333333333333,0.4444444444444444,0.2222222222222222,0.0
2945,3i,150.0,9,0.0,9,45.43,False,-0.8699999999999974,-4.7702,0.3028666666666667,0.3333333333333333,0.4444444444444444,0.2222222222222222,0.0
2950,3i,150.0,11,2.6059,9,45.43,False,-0.020000000000003126,0.3717999999999999,0.3028666666666667,0.45454545454545453,0.36363636363636365,0.18181818181818182,0.0
2955,3i,150.0,11,0.2845,9,45.43,False,36.379999999999995,-2.6479,0.3028666666666667,0.45454545454545453,0.36363636363636365,0.18181818181818182,0.0
2960,3i,150.0,12,1.4669,11,52.43,False,6.68,-0.37959999999999994,0.3495333333333333,0.4166666666666667,0.4166666666666667,0.16666666666666666,0.0
2965,3i,150.0,12,0.9978,11,52.43,False,7.0,0.7242999999999999,0.3495333333333333,0.4166666666666667,0.4166666666666667,0.16666666666666666,0.0
2970,3i,150.0,12,0.0196,11,52.43,False,7.0,0.0196,0.3495333333333333,0.4166666666666667,0.4166666666666667,0.16666666666666666,0.0
2975,3i,150.0,8,0.0,8,52.43,False,7.0,0.0,0.3495333333333333,0.5,0.25,0.25,0.0
2980,3i,150.0,8,0.0,8,52.43,False,7.0,-2.6059,0.3495333333333333,0.5,0.25,0.25,0.0
2985,3i,150.0,10,3.3945,8,52.43,False,7.0,3.11,0.3495333333333333,0.4,0.3,0.2,0.1
2990,3i,150.0,10,1.5997,8,52.43,False,0.0,0.1327999999999998,0.3495333333333333,0.4,0.3,0.2,0.1
2995,3i,150.0,11,2.1933,9,56.43,False,4.0,1.1954999999999998,0.3762,0.36363636363636365,0.36363636363636365,0.18181818181818182,0.09090909090909091
3000,3i,150.0,11,1.0698,10,56.43,False,4.0,1.0502,0.3762,0.36363636363636365,0.36363636363636365,0.18181818181818182,0.09090909090909091
3005,3i,150.0,9,0.1796,8,56.43,False,4.0,0.1796,0.3762,0.2222222222222222,0.4444444444444444,0.2222222222222222,0.1111111111111111
3010,3i,150.0,8,1.7516,4,56.43,False,4.0,1.7516,0.3762,0.25,0.5,0.125,0.125
3015,3i,150.0,8,1.1622,4,5.02,False,-47.41,-2.2323,0.033466666666666665,0.25,0.5,0.125,0.125
3020,3i,150.0,10,3.2528,7,31.8,False,-20.63,1.6531000000000002,0.212,0.3,0.5,0.1,0.1
3025,3i,150.0,10,0.5855,8,35.72,False,-20.71,-1.6077999999999997,0.23813333333333334,0.3,0.5,0.1,0.1
3030,3i,150.0,11,1.6583,10,42.73,False,-13.700000000000003,0.5885,0.28486666666666666,0.2727272727272727,0.5454545454545454,0.09090909090909091,0.09090909090909091
3035,3i,150.0,11,0.5674,10,42.72,False,-13.71,0.38780000000000003,0.2848,0.2727272727272727,0.5454545454545454,0.09090909090909091,0.09090909090909091
3040,3i,150.0,11,0.0,11,42.72,False,-13.71,-1.7516,0.2848,0.2727272727272727,0.5454545454545454,0.09090909090909091,0.09090909090909091
3045,3i,150.0,11,0.0,11,42.72,False,37.7,-1.1622,0.2848,0.2727272727272727,0.5454545454545454,0.09090909090909091,0.09090909090909091
3050,3i,150.0,11,0.0,11,42.72,False,10.919999999999998,-3.2528,0.2848,0.2727272727272727,0.5454545454545454,0.09090909090909091,0.09090909090909091
3055,3i,150.0,11,0.0,11,42.72,False,7.0,-0.5855,0.2848,0.2727272727272727,0.5454545454545454,0.09090909090909091,0.09090909090909091
3060,3i,150.0,13,1.6671,11,42.72,False,-0.00999999999999801,0.008799999999999919,0.2848,0.23076923076923078,0.46153846153846156,0.07692307692307693,0.23076923076923078
3065,3i,150.0,11,2.8803,7,42.72,False,0.0,2.3129,0.2848,0.2727272727272727,0.45454545454545453,0.09090909090909091,0.18181818181818182
3070,3i,150.0,9,0.8369,7,42.72,False,0.0,0.8369,0.2848,0.2222222222222222,0.4444444444444444,0.1111111111111111,0.2222222222222222
3075,3i,150.0,8,0.0,8,49.72,False,7.0,0.0,0.33146666666666663,0.25,0.5,0.125,0.125
3080,3i,150.0,8,0.0,8,49.72,False,7.0,0.0,0.33146666666666663,0.25,0.5,0.125,0.125
3085,3i,150.0,8,0.0,8,49.72,False,7.0,0.0,0.33146666666666663,0.25,0.5,0.125,0.125
3090,3i,150.0,10,3.1608,8,49.72,False,7.0,1.4937,0.33146666666666663,0.3,0.5,0.1,0.1
3095,3i,150.0,9,2.6576,6,49.72,False,7.0,-0.22270000000000012,0.33146666666666663,0.2222222222222222,0.5555555555555556,0.1111111111111111,0.1111111111111111
3100,3i,150.0,8,4.0325,4,63.76,False,21.04,3.1955999999999998,0.42506666666666665,0.25,0.625,0.0,0.125
3105,3i,150.0,8,1.721,3,8.06,False,-41.66,1.721,0.053733333333333334,0.25,0.625,0.0,0.125
3110,3i,150.0,8,0.4695,6,19.04,False,-30.68,0.4695,0.12693333333333331,0.25,0.625,0.0,0.125
3115,3i,150.0,8,0.0158,8,40.07,False,-9.649999999999999,0.0158,0.26713333333333333,0.25,0.625,0.0,0.125
3120,3i,150.0,8,0.0,8,40.05,False,-9.670000000000002,-3.1608,0.26699999999999996,0.25,0.625,0.0,0.125
3125,3i,150.0,10,2.9517,8,40.05,False,-9.670000000000002,0.29410000000000025,0.26699999999999996,0.4,0.5,0.0,0.1
3130,3i,150.0,10,0.3151,8,40.05,False,-23.71,-3.7173999999999996,0.26699999999999996,0.4,0.5,0.0,0.1
3135,3i,150.0,11,1.2006,10,47.05,False,38.989999999999995,-0.5204000000000002,0.31366666666666665,0.36363636363636365,0.45454545454545453,0.0,0.18181818181818182
3140,3i,150.0,11,0.8024,10,47.05,False,28.009999999999998,0.33290000000000003,0.31366666666666665,0.36363636363636365,0.45454545454545453,0.0,0.18181818181818182
3145,3i,150.0,11,0.3933,10,47.05,False,6.979999999999997,0.3775,0.31366666666666665,0.36363636363636365,0.45454545454545453,0.0,0.18181818181818182
3150,3i,150.0,11,0.0542,11,47.05,False,7.0,0.0542,0.31366666666666665,0.36363636363636365,0.45454545454545453,0.0,0.18181818181818182
3155,3i,150.0,7,0.0,7,47.05,False,7.0,-2.9517,0.31366666666666665,0.2857142857142857,0.5714285714285714,0.0,0.14285714285714285
3160,3i,150.0,8,2.3032,7,47.05,False,7.0,1.9881,0.31366666666666665,0.375,0.5,0.0,0.125
3165,3i,150.0,9,3.1969,7,47.05,False,0.0,1.9963,0.31366666666666665,0.3333333333333333,0.4444444444444444,0.1111111111111111,0.1111111111111111
3170,3i,150.0,9,2.0672,7,47.05,False,0.0,1.2648000000000001,0.31366666666666665,0.3333333333333333,0.4444444444444444,0.1111111111111111,0.1111111111111111
3175,3i,150.0,8,0.0,8,51.05,False,4.0,-0.3933,0.3403333333333333,0.25,0.5,0.125,0.125
3180,3i,150.0,8,0.0,8,51.05,False,4.0,-0.0542,0.3403333333333333,0.25,0.5,0.125,0.125
3185,3i,150.0,7,0.5816,5,51.05,False,4.0,0.5816,0.3403333333333333,0.2857142857142857,0.42857142857142855,0.14285714285714285,0.14285714285714285
3190,3i,150.0,5,2.2188,2,50.6,False,3.5500000000000043,-0.08440000000000003,0.3373333333333333,0.2,0.4,0.2,0.2
3195,3i,150.0,6,4.737,1,1.0,False,-46.05,1.5401000000000002,0.006666666666666667,0.16666666666666666,0.5,0.16666666666666666,0.16666666666666666
3200,3i,150.0,8,4.7294,4,29.09,False,-17.959999999999997,2.6622,0.19393333333333332,0.125,0.5,0.25,0.125
3205,3i,150.0,8,2.3437,6,33.05,False,-18.0,2.3437,0.22033333333333333,0.125,0.5,0.25,0.125
3210,3i,150.0,8,0.0273,7,45.76,False,-5.289999999999999,0.0273,0.30506666666666665,0.125,0.5,0.25,0.125
3215,3i,150.0,8,0.0,8,45.76,False,-5.289999999999999,-0.5816,0.30506666666666665,0.125,0.5,0.25,0.125
3220,3i,150.0,8,0.0,8,45.76,False,-4.840000000000003,-2.2188,0.30506666666666665,0.125,0.5,0.25,0.125
3225,3i,150.0,8,0.0,8,45.76,False,44.76,-4.737,0.30506666666666665,0.125,0.5,0.25,0.125
3230,3i,150.0,10,2.8101,8,45.76,False,16.669999999999998,-1.9193000000000002,0.30506666666666665,0.3,0.4,0.2,0.1
3235,3i,150.0,11,1.8379,9,58.48,False,25.43,-0.5058,0.38986666666666664,0.2727272727272727,0.45454545454545453,0.18181818181818182,0.09090909090909091
3240,3i,150.0,11,0.6251,10,58.47,False,12.71,0.5978,0.3898,0.2727272727272727,0.45454545454545453,0.18181818181818182,0.09090909090909091
3245,3i,150.0,7,0.0,7,58.47,False,12.71,0.0,0.3898,0.2857142857142857,0.2857142857142857,0.2857142857142857,0.14285714285714285
3250,3i,150.0,7,0.0,7,58.47,False,12.71,0.0,0.3898,0.2857142857142857,0.2857142857142857,0.2857142857142857,0.14285714285714285
3255,3i,150.0,7,0.0,7,58.47,False,12.71,0.0,0.3898,0.2857142857142857,0.2857142857142857,0.2857142857142857,0.14285714285714285
3260,3i,150.0,7,0.0,7,58.47,False,12.71,-2.8101,0.3898,0.2857142857142857,0.2857142857142857,0.2857142857142857,0.14285714285714285
3265,3i,150.0,10,5.6035,7,58.47,False,-0.00999999999999801,3.7656,0.3898,0.4,0.3,0.2,0.1
3270,3i,150.0,10,2.674,7,58.47,False,0.0,2.0488999999999997,0.3898,0.4,0.3,0.2,0.1
3275,3i,150.0,9,0.4666,7,62.47,False,4.0,0.4666,0.41646666666666665,0.4444444444444444,0.2222222222222222,0.2222222222222222,0.1111111111111111
3280,3i,150.0,8,1.7473,4,62.36,False,3.8900000000000006,1.7473,0.41573333333333334,0.5,0.25,0.25,0.0
3285,3i,150.0,8,1.4349,4,8.11,False,-50.36,1.4349,0.054066666666666666,0.5,0.25,0.25,0.0
3290,3i,150.0,8,0.279,6,24.72,False,-33.75,0.279,0.1648,0.5,0.25,0.25,0.0
3295,3i,150.0,8,0.0026,8,41.44,False,-17.03,-5.6009,0.27626666666666666,0.5,0.25,0.25,0.0
3300,3i,150.0,9,2.173,8,41.43,False,-17.04,-0.5009999999999999,0.2762,0.5555555555555556,0.2222222222222222,0.2222222222222222,0.0
3305,3i,150.0,11,3.3375,8,41.43,False,-21.04,2.8709,0.2762,0.45454545454545453,0.18181818181818182,0.36363636363636365,0.0
3310,3i,150.0,11,1.4691,9,41.43,False,-20.93,-0.2782,0.2762,0.45454545454545453,0.18181818181818182,0.36363636363636365,0.0
3315,3i,150.0,11,0.3057,10,45.45,False,37.34,-1.1292,0.303,0.45454545454545453,0.18181818181818182,0.36363636363636365,0.0
3320,3i,150.0,11,0.001,11,45.43,False,20.71,-0.278,0.3028666666666667,0.45454545454545453,0.18181818181818182,0.36363636363636365,0.0
3325,3i,150.0,11,0.0,11,45.43,False,3.990000000000002,-0.0026,0.3028666666666667,0.45454545454545453,0.18181818181818182,0.36363636363636365,0.0
3330,3i,150.0,11,0.0,11,45.43,False,4.0,-2.173,0.3028666666666667,0.45454545454545453,0.18181818181818182,0.36363636363636365,0.0
3335,3i,150.0,9,3.8341,7,45.43,False,4.0,0.49659999999999993,0.3028666666666667,0.5555555555555556,0.1111111111111111,0.3333333333333333,0.0
3340,3i,150.0,10,3.954,7,45.43,False,4.0,2.4849,0.3028666666666667,0.5,0.1,0.4,0.0
3345,3i,150.0,8,0.5614,7,45.43,False,-0.020000000000003126,0.2557,0.3028666666666667,0.375,0.125,0.5,0.0
3350,3i,150.0,8,0.0009,8,58.14,False,12.71,-0.00010000000000000005,0.3876,0.375,0.125,0.5,0.0
3355,3i,150.0,8,0.0,8,58.14,False,12.71,0.0,0.3876,0.375,0.125,0.5,0.0
3360,3i,150.0,8,0.0,8,58.14,False,12.71,0.0,0.3876,0.375,0.125,0.5,0.0
3365,3i,150.0,7,0.7359,5,58.14,False,12.71,-3.0982,0.3876,0.42857142857142855,0.0,0.5714285714285714,0.0
3370,3i,150.0,8,8.1514,2,57.66,False,12.229999999999997,4.1974,0.38439999999999996,0.5,0.125,0.375,0.0
3375,3i,150.0,8,4.1502,2,13.73,False,-31.7,3.5888,0.09153333333333334,0.5,0.125,0.375,0.0
3380,3i,150.0,8,0.4323,6,21.72,False,-36.42,0.4314,0.14479999999999998,0.5,0.125,0.375,0.0
3385,3i,150.0,8,0.0064,8,47.14,False,-11.0,0.0064,0.3142666666666667,0.5,0.125,0.375,0.0
3390,3i,150.0,8,0.0,8,47.14,False,-11.0,0.0,0.3142666666666667,0.5,0.125,0.375,0.0
3395,3i,150.0,8,0.0,8,47.14,False,-11.0,-0.7359,0.3142666666666667,0.5,0.125,0.375,0.0
3400,3i,150.0,9,2.5947,8,47.14,False,-10.519999999999996,-5.556700000000001,0.3142666666666667,0.5555555555555556,0.1111111111111111,0.3333333333333333,0.0
3405,3i,150.0,10,3.5454,8,47.14,False,33.41,-0.6048,0.3142666666666667,0.6,0.1,0.3,0.0
3410,3i,150.0,11,2.1952,8,47.14,False,25.42,1.7628999999999997,0.3142666666666667,0.5454545454545454,0.09090909090909091,0.2727272727272727,0.09090909090909091
3415,3i,150.0,11,0.5947,10,47.14,False,0.0,0.5883,0.3142666666666667,0.5454545454545454,0.09090909090909091,0.2727272727272727,0.09090909090909091
3420,3i,150.0,11,0.1727,10,47.14,False,0.0,0.1727,0.3142666666666667,0.5454545454545454,0.09090909090909091,0.2727272727272727,0.09090909090909091
3425,3i,150.0,7,0.0003,7,54.14,False,7.0,0.0003,0.36093333333333333,0.2857142857142857,0.14285714285714285,0.42857142857142855,0.14285714285714285
3430,3i,150.0,7,0.0,7,54.14,False,7.0,-2.5947,0.36093333333333333,0.2857142857142857,0.14285714285714285,0.42857142857142855,0.14285714285714285
3435,3i,150.0,7,0.0,7,54.14,False,7.0,-3.5454,0.36093333333333333,0.2857142857142857,0.14285714285714285,0.42857142857142855,0.14285714285714285
3440,3i,150.0,10,4.8879,7,54.14,False,7.0,2.6927000000000003,0.36093333333333333,0.4,0.1,0.3,0.2
3445,3i,150.0,10,3.6091,7,54.14,False,7.0,3.0144,0.36093333333333333,0.4,0.1,0.3,0.2
3450,3i,150.0,9,0.6028,8,68.18,False,21.040000000000006,0.43010000000000004,0.4545333333333334,0.4444444444444444,0.1111111111111111,0.3333333333333333,0.1111111111111111
3455,3i,150.0,8,0.6589,6,68.18,False,14.040000000000006,0.6586000000000001,0.4545333333333334,0.5,0.125,0.25,0.125
3460,3i,150.0,7,1.6034,2,67.82,False,13.679999999999993,1.6034,0.4521333333333333,0.42857142857142855,0.14285714285714285,0.2857142857142857,0.14285714285714285
3465,3i,150.0,7,0.7522,4,17.82,False,-36.32,0.7522,0.1188,0.42857142857142855,0.14285714285714285,0.2857142857142857,0.14285714285714285
3470,3i,150.0,8,2.6805,7,51.61,False,-2.530000000000001,-2.2074000000000003,0.3440666666666667,0.375,0.25,0.25,0.125
3475,3i,150.0,10,4.8684,7,51.47,False,-2.6700000000000017,1.2593,0.34313333333333335,0.5,0.2,0.2,0.1
3480,3i,150.0,10,1.2724,7,51.47,False,-16.710000000000008,0.6696,0.34313333333333335,0.5,0.2,0.2,0.1
3485,3i,150.0,10,0.002,10,55.47,False,-12.710000000000008,-0.6569,0.3698,0.5,0.2,0.2,0.1
3490,3i,150.0,10,0.0,10,55.47,False,-12.349999999999994,-1.6034,0.3698,0.5,0.2,0.2,0.1
3495,3i,150.0,10,0.0,10,55.47,False,37.65,-0.7522,0.3698,0.5,0.2,0.2,0.1
3500,3i,150.0,10,0.0,10,55.47,False,3.8599999999999994,-2.6805,0.3698,0.5,0.2,0.2,0.1
3505,3i,150.0,11,1.6018,10,55.47,False,4.0,-3.2666000000000004,0.3698,0.45454545454545453,0.2727272727272727,0.18181818181818182,0.09090909090909091
3510,3i,150.0,13,3.589,10,55.47,False,4.0,2.3166,0.3698,0.5384615384615384,0.23076923076923078,0.15384615384615385,0.07692307692307693
3515,3i,150.0,9,1.2322,7,55.47,False,0.0,1.2302,0.3698,0.5555555555555556,0.1111111111111111,0.2222222222222222,0.1111111111111111
3520,3i,150.0,8,0.0004,8,59.47,False,4.0,0.0004,0.39646666666666663,0.5,0.125,0.25,0.125
3525,3i,150.0,8,0.0,8,59.47,False,4.0,0.0,0.39646666666666663,0.5,0.125,0.25,0.125
3530,3i,150.0,8,0.0,8,59.47,False,4.0,0.0,0.39646666666666663,0.5,0.125,0.25,0.125
3535,3i,150.0,8,0.0,8,59.47,False,4.0,-1.6018,0.39646666666666663,0.5,0.125,0.25,0.125
3540,3i,150.0,9,1.6064,8,59.47,False,4.0,-1.9826,0.39646666666666663,0.4444444444444444,0.2222222222222222,0.2222222222222222,0.1111111111111111
3545,3i,150.0,9,3.5738,5,59.47,False,4.0,2.3415999999999997,0.39646666666666663,0.3333333333333333,0.3333333333333333,0.2222222222222222,0.1111111111111111
3550,3i,150.0,9,3.4109,3,59.13,False,-0.3399999999999963,3.4105,0.3942,0.3333333333333333,0.3333333333333333,0.2222222222222222,0.1111111111111111
3555,3i,150.0,9,2.1088,3,13.71,False,-45.76,2.1088,0.09140000000000001,0.3333333333333333,0.3333333333333333,0.2222222222222222,0.1111111111111111
3560,3i,150.0,9,0.2599,8,43.0,False,-16.47,0.2599,0.2866666666666667,0.3333333333333333,0.3333333333333333,0.2222222222222222,0.1111111111111111
3565,3i,150.0,9,0.002,9,46.77,False,-12.699999999999996,0.002,0.3118,0.3333333333333333,0.3333333333333333,0.2222222222222222,0.1111111111111111
3570,3i,150.0,10,2.2958,9,46.76,False,-12.71,0.6893999999999998,0.3117333333333333,0.4,0.3,0.2,0.1
3575,3i,150.0,10,1.4878,9,46.76,False,-12.71,-2.086,0.3117333333333333,0.4,0.3,0.2,0.1
3580,3i,150.0,12,3.2651,9,46.76,False,-12.370000000000005,-0.14579999999999993,0.3117333333333333,0.4166666666666667,0.3333333333333333,0.16666666666666666,0.08333333333333333
3585,3i,150.0,12,0.8449,10,46.76,False,33.05,-1.2639,0.3117333333333333,0.4166666666666667,0.3333333333333333,0.16666666666666666,0.08333333333333333
3590,3i,150.0,12,0.0022,12,53.76,False,10.759999999999998,-0.25770000000000004,0.3584,0.4166666666666667,0.3333333333333333,0.16666666666666666,0.08333333333333333
3595,3i,150.0,12,0.0,12,53.76,False,6.989999999999995,-0.002,0.3584,0.4166666666666667,0.3333333333333333,0.16666666666666666,0.08333333333333333
3600,3i,150.0,12,0.0,12,53.76,False,7.0,-2.2958,0.3584,0.4166666666666667,0.3333333333333333,0.16666666666666666,0.08333333333333333
0,4i,150.0,0,0.0,0,0.0,False,,,0.0,0.0,0.0,0.0,0.0
5,4i,150.0,0,0.0,0,0.0,False,,,0.0,0.0,0.0,0.0,0.0
10,4i,150.0,0,0.0,0,0.0,False,,,0.0,0.0,0.0,0.0,0.0
15,4i,150.0,1,25.0991,0,0.0,False,,,0.0,1.0,0.0,0.0,0.0
20,4i,150.0,1,12.1782,0,0.0,False,,,0.0,1.0,0.0,0.0,0.0
25,4i,150.0,1,0.0,1,1.0,False,,,0.006666666666666667,1.0,0.0,0.0,0.0
30,4i,150.0,1,0.0,1,1.0,False,1.0,0.0,0.006666666666666667,1.0,0.0,0.0,0.0
35,4i,150.0,0,0.0,0,0.0,False,0.0,0.0,0.0,0.0,0.0,0.0,0.0
40,4i,150.0,0,0.0,0,0.0,False,0.0,0.0,0.0,0.0,0.0,0.0,0.0
45,4i,150.0,0,0.0,0,0.0,False,0.0,-25.0991,0.0,0.0,0.0,0.0,0.0
50,4i,150.0,1,26.2201,0,0.0,False,0.0,14.041899999999998,0.0,1.0,0.0,0.0,0.0
55,4i,150.0,1,15.1019,0,0.0,False,-1.0,15.1019,0.0,1.0,0.0,0.0,0.0
60,4i,150.0,1,0.1019,0,0.0,False,-1.0,0.1019,0.0,1.0,0.0,0.0,0.0
65,4i,150.0,1,0.0,1,1.0,False,1.0,0.0,0.006666666666666667,1.0,0.0,0.0,0.0
70,4i,150.0,1,0.0,1,1.0,False,1.0,0.0,0.006666666666666667,1.0,0.0,0.0,0.0
75,4i,150.0,1,0.0,1,1.0,False,1.0,0.0,0.006666666666666667,1.0,0.0,0.0,0.0
80,4i,150.0,1,0.0,1,1.0,False,1.0,-26.2201,0.006666666666666667,1.0,0.0,0.0,0.0
85,4i,150.0,2,13.3947,1,1.0,False,1.0,-1.7072000000000003,0.006666666666666667,1.0,0.0,0.0,0.0
90,4i,150.0,2,7.0609,1,1.0,False,1.0,6.9590000000000005,0.006666666666666667,1.0,0.0,0.0,0.0
95,4i,150.0,2,0.647,1,1.0,False,0.0,0.647,0.006666666666666667,1.0,0.0,0.0,0.0
100,4i,150.0,2,0.0001,2,5.0,False,4.0,0.0001,0.03333333333333333,1.0,0.0,0.0,0.0
105,4i,150.0,2,0.0,2,5.0,False,4.0,0.0,0.03333333333333333,1.0,0.0,0.0,0.0
110,4i,150.0,2,0.0,2,5.0,False,4.0,0.0,0.03333333333333333,1.0,0.0,0.0,0.0
115,4i,150.0,2,0.0,2,5.0,False,4.0,-13.3947,0.03333333333333333,1.0,0.0,0.0,0.0
120,4i,150.0,2,0.0,2,5.0,False,4.0,-7.0609,0.03333333333333333,1.0,0.0,0.0,0.0
125,4i,150.0,1,18.9622,0,0.0,False,-1.0,18.3152,0.0,0.0,0.0,1.0,0.0
130,4i,150.0,1,17.1699,0,0.0,False,-5.0,17.1698,0.0,0.0,0.0,1.0,0.0
135,4i,150.0,1,3.07,0,0.0,False,-5.0,3.07,0.0,0.0,0.0,1.0,0.0
140,4i,150.0,1,0.0,1,1.0,False,-4.0,0.0,0.006666666666666667,0.0,0.0,1.0,0.0
145,4i,150.0,1,0.0,1,1.0,False,-4.0,0.0,0.006666666666666667,0.0,0.0,1.0,0.0
150,4i,150.0,1,0.0,1,1.0,False,-4.0,0.0,0.006666666666666667,0.0,0.0,1.0,0.0
155,4i,150.0,1,0.0,1,1.0,False,1.0,-18.9622,0.006666666666666667,0.0,0.0,1.0,0.0
160,4i,150.0,2,8.5563,1,1.0,False,1.0,-8.613599999999998,0.006666666666666667,0.0,0.5,0.5,0.0
165,4i,150.0,2,1.8648,1,1.0,False,1.0,-1.2051999999999998,0.006666666666666667,0.0,0.5,0.5,0.0
170,4i,150.0,2,0.0095,2,13.72,False,12.72,0.0095,0.09146666666666667,0.0,0.5,0.5,0.0
175,4i,150.0,2,0.0,2,13.71,False,12.71,0.0,0.09140000000000001,0.0,0.5,0.5,0.0
180,4i,150.0,2,0.0,2,13.71,False,12.71,0.0,0.09140000000000001,0.0,0.5,0.5,0.0
185,4i,150.0,2,0.0,2,13.71,False,12.71,0.0,0.09140000000000001,0.0,0.5,0.5,0.0
190,4i,150.0,2,0.0,2,13.71,False,12.71,-8.5563,0.09140000000000001,0.0,0.5,0.5,0.0
195,4i,150.0,3,4.9843,2,13.71,False,12.71,3.1195000000000004,0.09140000000000001,0.0,0.3333333333333333,0.3333333333333333,0.3333333333333333
200,4i,150.0,3,3.5212,2,13.71,False,-0.009999999999999787,3.5117,0.09140000000000001,0.0,0.3333333333333333,0.3333333333333333,0.3333333333333333
205,4i,150.0,3,2.0212,2,13.71,False,0.0,2.0212,0.09140000000000001,0.0,0.3333333333333333,0.3333333333333333,0.3333333333333333
210,4i,150.0,3,0.5293,2,13.71,False,0.0,0.5293,0.09140000000000001,0.0,0.3333333333333333,0.3333333333333333,0.3333333333333333
215,4i,150.0,2,1.1517,1,20.23,False,6.52,1.1517,0.13486666666666666,0.0,0.5,0.0,0.5
220,4i,150.0,1,4.7797,0,0.0,False,-13.71,4.7797,0.0,0.0,0.0,0.0,1.0
225,4i,150.0,1,0.0,1,1.0,False,-12.71,-4.9843,0.006666666666666667,0.0,0.0,0.0,1.0
230,4i,150.0,2,8.4242,1,1.0,False,-12.71,4.9030000000000005,0.006666666666666667,0.0,0.5,0.0,0.5
235,4i,150.0,2,1.4872,1,1.0,False,-12.71,-0.5339999999999998,0.006666666666666667,0.0,0.5,0.0,0.5
240,4i,150.0,2,0.0001,2,15.04,False,1.3299999999999983,-0.5292,0.10026666666666666,0.0,0.5,0.0,0.5
245,4i,150.0,2,0.0,2,15.04,False,-5.190000000000001,-1.1517,0.10026666666666666,0.0,0.5,0.0,0.5
250,4i,150.0,2,0.0,2,15.04,False,15.04,-4.7797,0.10026666666666666,0.0,0.5,0.0,0.5
255,4i,150.0,2,0.0,2,15.04,False,14.04,0.0,0.10026666666666666,0.0,0.5,0.0,0.5
260,4i,150.0,2,0.0,2,15.04,False,14.04,-8.4242,0.10026666666666666,0.0,0.5,0.0,0.5
265,4i,150.0,3,5.5391,2,15.04,False,14.04,4.0519,0.10026666666666666,0.0,0.6666666666666666,0.0,0.3333333333333333
270,4i,150.0,3,0.9418,2,15.04,False,0.0,0.9417,0.10026666666666666,0.0,0.6666666666666666,0.0,0.3333333333333333
275,4i,150.0,3,0.0012,3,22.04,False,7.0,0.0012,0.14693333333333333,0.0,0.6666666666666666,0.0,0.3333333333333333
280,4i,150.0,3,0.0,3,22.04,False,7.0,0.0,0.14693333333333333,0.0,0.6666666666666666,0.0,0.3333333333333333
285,4i,150.0,3,0.0,3,22.04,False,7.0,0.0,0.14693333333333333,0.0,0.6666666666666666,0.0,0.3333333333333333
290,4i,150.0,3,0.0,3,22.04,False,7.0,0.0,0.14693333333333333,0.0,0.6666666666666666,0.0,0.3333333333333333
295,4i,150.0,4,6.2667,3,22.04,False,7.0,0.7275999999999998,0.14693333333333333,0.25,0.5,0.0,0.25
300,4i,150.0,4,2.9424,3,22.04,False,7.0,2.0006000000000004,0.14693333333333333,0.25,0.5,0.0,0.25
305,4i,150.0,3,1.0966,2,29.09,False,7.050000000000001,1.0954,0.19393333333333332,0.3333333333333333,0.6666666666666666,0.0,0.0
310,4i,150.0,2,4.8766,0,0.0,False,-22.04,4.8766,0.0,0.5,0.5,0.0,0.0
315,4i,150.0,2,0.3861,2,8.07,False,-13.969999999999999,0.3861,0.0538,0.5,0.5,0.0,0.0
320,4i,150.0,2,0.0,2,8.0,False,-14.04,0.0,0.05333333333333334,0.5,0.5,0.0,0.0
325,4i,150.0,2,0.0,2,8.0,False,-14.04,-6.2667,0.05333333333333334,0.5,0.5,0.0,0.0
330,4i,150.0,3,8.7067,2,8.0,False,-14.04,5.7642999999999995,0.05333333333333334,0.6666666666666666,0.3333333333333333,0.0,0.0
335,4i,150.0,3,4.5411,2,8.0,False,-21.09,3.4445,0.05333333333333334,0.6666666666666666,0.3333333333333333,0.0,0.0
340,4i,150.0,3,0.2063,2,8.0,False,8.0,-4.6703,0.05333333333333334,0.6666666666666666,0.3333333333333333,0.0,0.0
345,4i,150.0,3,0.0001,3,12.0,False,3.9299999999999997,-0.386,0.08,0.6666666666666666,0.3333333333333333,0.0,0.0
350,4i,150.0,3,0.0,3,12.0,False,4.0,0.0,0.08,0.6666666666666666,0.3333333333333333,0.0,0.0
355,4i,150.0,3,0.0,3,12.0,False,4.0,0.0,0.08,0.6666666666666666,0.3333333333333333,0.0,0.0
360,4i,150.0,3,0.0,3,12.0,False,4.0,-8.7067,0.08,0.6666666666666666,0.3333333333333333,0.0,0.0
365,4i,150.0,4,6.6479,3,12.0,False,4.0,2.1068,0.08,0.75,0.25,0.0,0.0
370,4i,150.0,4,3.3783,3,12.0,False,4.0,3.1719999999999997,0.08,0.75,0.25,0.0,0.0
375,4i,150.0,4,0.0032,3,12.0,False,0.0,0.0031000000000000003,0.08,0.75,0.25,0.0,0.0
380,4i,150.0,4,0.0,4,16.0,False,4.0,0.0,0.10666666666666667,0.75,0.25,0.0,0.0
385,4i,150.0,4,0.0,4,16.0,False,4.0,0.0,0.10666666666666667,0.75,0.25,0.0,0.0
390,4i,150.0,4,0.0,4,16.0,False,4.0,0.0,0.10666666666666667,0.75,0.25,0.0,0.0
395,4i,150.0,3,1.7314,1,16.0,False,4.0,-4.9165,0.10666666666666667,1.0,0.0,0.0,0.0
400,4i,150.0,1,1.723,0,0.0,False,-12.0,-1.6552999999999998,0.0,1.0,0.0,0.0,0.0
405,4i,150.0,2,9.6758,1,1.0,False,-11.0,9.672600000000001,0.006666666666666667,0.5,0.0,0.5,0.0
410,4i,150.0,2,6.5491,1,1.0,False,-15.0,6.5491,0.006666666666666667,0.5,0.0,0.5,0.0
415,4i,150.0,2,2.8113,1,1.0,False,-15.0,2.8113,0.006666666666666667,0.5,0.0,0.5,0.0
420,4i,150.0,2,0.0445,2,5.02,False,-10.98,0.0445,0.033466666666666665,0.5,0.0,0.5,0.0
425,4i,150.0,2,0.0,2,5.0,False,-11.0,-1.7314,0.03333333333333333,0.5,0.0,0.5,0.0
430,4i,150.0,2,0.0,2,5.0,False,5.0,-1.723,0.03333333333333333,0.5,0.0,0.5,0.0
435,4i,150.0,3,8.5449,2,5.0,False,4.0,-1.1309000000000005,0.03333333333333333,0.6666666666666666,0.0,0.3333333333333333,0.0
440,4i,150.0,3,4.245,2,5.0,False,4.0,-2.3041,0.03333333333333333,0.6666666666666666,0.0,0.3333333333333333,0.0
445,4i,150.0,3,0.2123,2,5.0,False,4.0,-2.599,0.03333333333333333,0.6666666666666666,0.0,0.3333333333333333,0.0
450,4i,150.0,3,0.0002,3,17.71,False,12.690000000000001,-0.0443,0.11806666666666667,0.6666666666666666,0.0,0.3333333333333333,0.0
455,4i,150.0,3,0.0,3,17.71,False,12.71,0.0,0.11806666666666667,0.6666666666666666,0.0,0.3333333333333333,0.0
460,4i,150.0,3,0.0,3,17.71,False,12.71,0.0,0.11806666666666667,0.6666666666666666,0.0,0.3333333333333333,0.0
465,4i,150.0,3,0.0,3,17.71,False,12.71,-8.5449,0.11806666666666667,0.6666666666666666,0.0,0.3333333333333333,0.0
470,4i,150.0,3,0.0,3,17.71,False,12.71,-4.245,0.11806666666666667,0.6666666666666666,0.0,0.3333333333333333,0.0
475,4i,150.0,4,4.0229,3,17.71,False,12.71,3.8106,0.11806666666666667,0.5,0.25,0.25,0.0
480,4i,150.0,4,0.7422,3,17.71,False,0.0,0.742,0.11806666666666667,0.5,0.25,0.25,0.0
485,4i,150.0,2,0.6509,1,21.71,False,4.0,0.6509,0.14473333333333335,0.5,0.5,0.0,0.0
490,4i,150.0,1,4.1562,0,0.0,False,-17.71,4.1562,0.0,0.0,1.0,0.0,0.0
495,4i,150.0,1,0.0,1,1.0,False,-16.71,0.0,0.006666666666666667,0.0,1.0,0.0,0.0
500,4i,150.0,1,0.0,1,1.0,False,-16.71,0.0,0.006666666666666667,0.0,1.0,0.0,0.0
505,4i,150.0,2,13.2969,1,1.0,False,-16.71,9.274000000000001,0.006666666666666667,0.5,0.5,0.0,0.0
510,4i,150.0,2,7.1421,1,1.0,False,-16.71,6.399900000000001,0.006666666666666667,0.5,0.5,0.0,0.0
515,4i,150.0,2,0.6745,1,1.0,False,-20.71,0.023599999999999954,0.006666666666666667,0.5,0.5,0.0,0.0
520,4i,150.0,2,0.0001,2,8.0,False,8.0,-4.1561,0.05333333333333334,0.5,0.5,0.0,0.0
525,4i,150.0,2,0.0,2,8.0,False,7.0,0.0,0.05333333333333334,0.5,0.5,0.0,0.0
530,4i,150.0,2,0.0,2,8.0,False,7.0,0.0,0.05333333333333334,0.5,0.5,0.0,0.0
535,4i,150.0,2,0.0,2,8.0,False,7.0,-13.2969,0.05333333333333334,0.5,0.5,0.0,0.0
540,4i,150.0,2,0.0,2,8.0,False,7.0,-7.1421,0.05333333333333334,0.5,0.5,0.0,0.0
545,4i,150.0,3,6.2537,2,8.0,False,7.0,5.5792,0.05333333333333334,0.3333333333333333,0.3333333333333333,0.3333333333333333,0.0
550,4i,150.0,3,3.9671,2,8.0,False,0.0,3.9669999999999996,0.05333333333333334,0.3333333333333333,0.3333333333333333,0.3333333333333333,0.0
555,4i,150.0,3,1.8882,2,8.0,False,0.0,1.8882,0.05333333333333334,0.3333333333333333,0.3333333333333333,0.3333333333333333,0.0
560,4i,150.0,3,0.0647,3,12.01,False,4.01,0.0647,0.08006666666666666,0.3333333333333333,0.3333333333333333,0.3333333333333333,0.0
565,4i,150.0,3,0.0,3,12.0,False,4.0,0.0,0.08,0.3333333333333333,0.3333333333333333,0.3333333333333333,0.0
570,4i,150.0,3,0.0,3,12.0,False,4.0,0.0,0.08,0.3333333333333333,0.3333333333333333,0.3333333333333333,0.0
575,4i,150.0,2,2.0092,1,11.06,False,3.0600000000000005,-4.2445,0.07373333333333333,0.5,0.0,0.5,0.0
580,4i,150.0,1,20.5819,0,0.0,False,-8.0,16.614800000000002,0.0,0.0,1.0,0.0,0.0
585,4i,150.0,1,7.5366,0,0.0,False,-8.0,5.6484,0.0,0.0,1.0,0.0,0.0
590,4i,150.0,1,0.0791,1,1.0,False,-11.01,0.01440000000000001,0.006666666666666667,0.0,1.0,0.0,0.0
595,4i,150.0,1,0.0,1,1.0,False,-11.0,0.0,0.006666666666666667,0.0,1.0,0.0,0.0
600,4i,150.0,1,0.0,1,1.0,False,-11.0,0.0,0.006666666666666667,0.0,1.0,0.0,0.0
605,4i,150.0,1,0.0,1,1.0,False,-10.06,-2.0092,0.006666666666666667,0.0,1.0,0.0,0.0
610,4i,150.0,1,0.0,1,1.0,False,1.0,-20.5819,0.006666666666666667,0.0,1.0,0.0,0.0
615,4i,150.0,2,8.5182,1,1.0,False,1.0,0.9816000000000003,0.006666666666666667,0.5,0.5,0.0,0.0
620,4i,150.0,2,1.8438,1,1.0,False,0.0,1.7647000000000002,0.006666666666666667,0.5,0.5,0.0,0.0
625,4i,150.0,2,0.0001,2,8.0,False,7.0,0.0001,0.05333333333333334,0.5,0.5,0.0,0.0
630,4i,150.0,2,0.0,2,8.0,False,7.0,0.0,0.05333333333333334,0.5,0.5,0.0,0.0
635,4i,150.0,2,0.0,2,8.0,False,7.0,0.0,0.05333333333333334,0.5,0.5,0.0,0.0
640,4i,150.0,2,0.0,2,8.0,False,7.0,0.0,0.05333333333333334,0.5,0.5,0.0,0.0
645,4i,150.0,2,0.0,2,8.0,False,7.0,-8.5182,0.05333333333333334,0.5,0.5,0.0,0.0
650,4i,150.0,3,5.4566,2,8.0,False,7.0,3.6128,0.05333333333333334,0.6666666666666666,0.3333333333333333,0.0,0.0
655,4i,150.0,3,0.79,2,8.0,False,0.0,0.7899,0.05333333333333334,0.6666666666666666,0.3333333333333333,0.0,0.0
660,4i,150.0,3,0.0002,3,12.0,False,4.0,0.0002,0.08,0.6666666666666666,0.3333333333333333,0.0,0.0
665,4i,150.0,2,2.6453,1,11.16,False,3.16,2.6453,0.07440000000000001,1.0,0.0,0.0,0.0
670,4i,150.0,0,0.0,0,0.0,False,-8.0,0.0,0.0,0.0,0.0,0.0,0.0
675,4i,150.0,0,0.0,0,0.0,False,-8.0,0.0,0.0,0.0,0.0,0.0,0.0
680,4i,150.0,0,0.0,0,0.0,False,-8.0,-5.4566,0.0,0.0,0.0,0.0,0.0
685,4i,150.0,1,18.8551,0,0.0,False,-8.0,18.0651,0.0,0.0,0.0,0.0,1.0
690,4i,150.0,1,18.7973,0,0.0,False,-12.0,18.7971,0.0,0.0,0.0,0.0,1.0
695,4i,150.0,1,4.04,0,0.0,False,-11.16,1.3946999999999998,0.0,0.0,0.0,0.0,1.0
700,4i,150.0,1,0.0,1,1.0,False,1.0,0.0,0.006666666666666667,0.0,0.0,0.0,1.0
705,4i,150.0,1,0.0,1,1.0,False,1.0,0.0,0.006666666666666667,0.0,0.0,0.0,1.0
710,4i,150.0,1,0.0,1,1.0,False,1.0,0.0,0.006666666666666667,0.0,0.0,0.0,1.0
715,4i,150.0,1,0.0,1,1.0,False,1.0,-18.8551,0.006666666666666667,0.0,0.0,0.0,1.0
720,4i,150.0,2,7.9155,1,1.0,False,1.0,-10.8818,0.006666666666666667,0.5,0.0,0.0,0.5
725,4i,150.0,2,1.6925,1,1.0,False,1.0,-2.3475,0.006666666666666667,0.5,0.0,0.0,0.5
730,4i,150.0,2,0.0042,2,15.05,False,14.05,0.0042,0.10033333333333334,0.5,0.0,0.0,0.5
735,4i,150.0,2,0.0,2,15.04,False,14.04,0.0,0.10026666666666666,0.5,0.0,0.0,0.5
740,4i,150.0,2,0.0,2,15.04,False,14.04,0.0,0.10026666666666666,0.5,0.0,0.0,0.5
745,4i,150.0,2,0.0,2,15.04,False,14.04,0.0,0.10026666666666666,0.5,0.0,0.0,0.5
750,4i,150.0,2,0.0,2,15.04,False,14.04,-7.9155,0.10026666666666666,0.5,0.0,0.0,0.5
755,4i,150.0,1,1.2585,0,0.0,False,-1.0,-0.43399999999999994,0.0,1.0,0.0,0.0,0.0
760,4i,150.0,2,6.5591,0,0.0,False,-15.05,6.5549,0.0,0.5,0.0,0.0,0.5
765,4i,150.0,2,3.9891,1,1.0,False,-14.04,3.9891,0.006666666666666667,0.5,0.0,0.0,0.5
770,4i,150.0,2,1.9049,1,1.0,False,-14.04,1.9049,0.006666666666666667,0.5,0.0,0.0,0.5
775,4i,150.0,2,0.0188,2,5.02,False,-10.02,0.0188,0.033466666666666665,0.5,0.0,0.0,0.5
780,4i,150.0,2,0.0,2,5.0,False,-10.04,0.0,0.03333333333333333,0.5,0.0,0.0,0.5
785,4i,150.0,2,0.0,2,5.0,False,5.0,-1.2585,0.03333333333333333,0.5,0.0,0.0,0.5
790,4i,150.0,2,0.0,2,5.0,False,5.0,-6.5591,0.03333333333333333,0.5,0.0,0.0,0.5
795,4i,150.0,3,3.8618,2,5.0,False,4.0,-0.12729999999999997,0.03333333333333333,0.3333333333333333,0.0,0.0,0.6666666666666666
800,4i,150.0,3,2.4181,2,5.0,False,4.0,0.5131999999999999,0.03333333333333333,0.3333333333333333,0.0,0.0,0.6666666666666666
805,4i,150.0,3,0.9181,2,5.0,False,-0.019999999999999574,0.8993,0.03333333333333333,0.3333333333333333,0.0,0.0,0.6666666666666666
810,4i,150.0,3,0.0002,3,19.04,False,14.04,0.0002,0.12693333333333331,0.3333333333333333,0.0,0.0,0.6666666666666666
815,4i,150.0,3,0.0,3,19.04,False,14.04,0.0,0.12693333333333331,0.3333333333333333,0.0,0.0,0.6666666666666666
820,4i,150.0,3,0.0,3,19.04,False,14.04,0.0,0.12693333333333331,0.3333333333333333,0.0,0.0,0.6666666666666666
825,4i,150.0,3,0.0,3,19.04,False,14.04,-3.8618,0.12693333333333331,0.3333333333333333,0.0,0.0,0.6666666666666666
830,4i,150.0,4,3.0491,3,19.04,False,14.04,0.6310000000000002,0.12693333333333331,0.25,0.0,0.25,0.5
835,4i,150.0,4,1.2495,3,19.04,False,14.04,0.33140000000000003,0.12693333333333331,0.25,0.0,0.25,0.5
840,4i,150.0,4,0.0008,4,33.08,False,14.04,0.0006000000000000001,0.22053333333333333,0.25,0.0,0.25,0.5
845,4i,150.0,3,0.6545,2,33.08,False,14.04,0.6545,0.22053333333333333,0.0,0.0,0.3333333333333333,0.6666666666666666
850,4i,150.0,2,4.2051,0,0.0,False,-19.04,4.2051,0.0,0.0,0.0,0.5,0.5
855,4i,150.0,2,0.0,2,15.04,False,-4.0,0.0,0.10026666666666666,0.0,0.0,0.5,0.5
860,4i,150.0,2,0.0,2,15.04,False,-4.0,-3.0491,0.10026666666666666,0.0,0.0,0.5,0.5
865,4i,150.0,3,4.3029,2,15.04,False,-4.0,3.0534,0.10026666666666666,0.0,0.0,0.6666666666666666,0.3333333333333333
870,4i,150.0,3,1.8029,2,15.04,False,-18.04,1.8021,0.10026666666666666,0.0,0.0,0.6666666666666666,0.3333333333333333
875,4i,150.0,3,0.0002,3,27.75,False,-5.329999999999998,-0.6543,0.185,0.0,0.0,0.6666666666666666,0.3333333333333333
880,4i,150.0,3,0.0,3,27.75,False,27.75,-4.2051,0.185,0.0,0.0,0.6666666666666666,0.3333333333333333
885,4i,150.0,3,0.0,3,27.75,False,12.71,0.0,0.185,0.0,0.0,0.6666666666666666,0.3333333333333333
890,4i,150.0,3,0.0,3,27.75,False,12.71,0.0,0.185,0.0,0.0,0.6666666666666666,0.3333333333333333
895,4i,150.0,4,3.2696,3,27.75,False,12.71,-1.0333,0.185,0.25,0.0,0.5,0.25
900,4i,150.0,4,0.2868,3,27.75,False,12.71,-1.5161,0.185,0.25,0.0,0.5,0.25
905,4i,150.0,4,0.0002,4,40.46,False,12.71,0.0,0.2697333333333333,0.25,0.0,0.5,0.25
910,4i,150.0,4,0.0,4,40.46,False,12.71,0.0,0.2697333333333333,0.25,0.0,0.5,0.25
915,4i,150.0,4,0.0,4,40.46,False,12.71,0.0,0.2697333333333333,0.25,0.0,0.5,0.25
920,4i,150.0,4,0.0,4,40.46,False,12.71,0.0,0.2697333333333333,0.25,0.0,0.5,0.25
925,4i,150.0,4,0.0,4,40.46,False,12.71,-3.2696,0.2697333333333333,0.25,0.0,0.5,0.25
930,4i,150.0,5,2.6049,4,40.46,False,12.71,2.3181000000000003,0.2697333333333333,0.4,0.0,0.4,0.2
935,4i,150.0,4,0.4639,2,40.46,False,0.0,0.4637,0.2697333333333333,0.5,0.0,0.5,0.0
940,4i,150.0,4,1.7065,0,0.0,False,-40.46,1.7065,0.0,0.5,0.0,0.5,0.0
945,4i,150.0,4,0.1255,4,30.68,False,-9.780000000000001,0.1255,0.20453333333333334,0.5,0.0,0.5,0.0
950,4i,150.0,4,0.0004,4,30.43,False,-10.030000000000001,0.0004,0.20286666666666667,0.5,0.0,0.5,0.0
955,4i,150.0,4,0.0,4,30.42,False,-10.04,0.0,0.2028,0.5,0.0,0.5,0.0
960,4i,150.0,4,0.0,4,30.42,False,-10.04,-2.6049,0.2028,0.5,0.0,0.5,0.0
965,4i,150.0,5,3.4794,4,30.42,False,-10.04,3.0155000000000003,0.2028,0.4,0.2,0.4,0.0
970,4i,150.0,5,0.751,4,30.42,False,30.42,-0.9554999999999999,0.2028,0.4,0.2,0.4,0.0
975,4i,150.0,5,0.0002,5,34.43,False,3.75,-0.1253,0.22953333333333334,0.4,0.2,0.4,0.0
980,4i,150.0,5,0.0,5,34.43,False,4.0,-0.0004,0.22953333333333334,0.4,0.2,0.4,0.0
985,4i,150.0,5,0.0,5,34.43,False,4.009999999999998,0.0,0.22953333333333334,0.4,0.2,0.4,0.0
990,4i,150.0,5,0.0,5,34.43,False,4.009999999999998,0.0,0.22953333333333334,0.4,0.2,0.4,0.0
995,4i,150.0,5,0.0,5,34.43,False,4.009999999999998,-3.4794,0.22953333333333334,0.4,0.2,0.4,0.0
1000,4i,150.0,6,2.2072,5,34.43,False,4.009999999999998,1.4562,0.22953333333333334,0.5,0.16666666666666666,0.3333333333333333,0.0
1005,4i,150.0,6,0.0654,5,34.43,False,0.0,0.0652,0.22953333333333334,0.5,0.16666666666666666,0.3333333333333333,0.0
1010,4i,150.0,6,0.0,6,41.43,False,7.0,0.0,0.2762,0.5,0.16666666666666666,0.3333333333333333,0.0
1015,4i,150.0,6,0.0,6,41.43,False,7.0,0.0,0.2762,0.5,0.16666666666666666,0.3333333333333333,0.0
1020,4i,150.0,6,0.0,6,41.43,False,7.0,0.0,0.2762,0.5,0.16666666666666666,0.3333333333333333,0.0
1025,4i,150.0,5,0.724,4,41.43,False,7.0,0.724,0.2762,0.6,0.2,0.2,0.0
1030,4i,150.0,4,4.2927,0,0.0,False,-34.43,2.0855,0.0,0.75,0.25,0.0,0.0
1035,4i,150.0,4,0.8787,2,5.01,False,-29.42,0.8133,0.0334,0.75,0.25,0.0,0.0
1040,4i,150.0,5,2.6863,4,16.01,False,-25.419999999999998,2.6863,0.10673333333333335,0.6,0.2,0.2,0.0
1045,4i,150.0,5,1.1848,4,16.0,False,-25.43,1.1848,0.10666666666666667,0.6,0.2,0.2,0.0
1050,4i,150.0,5,0.014,5,20.02,False,-21.41,0.014,0.13346666666666665,0.6,0.2,0.2,0.0
1055,4i,150.0,5,0.0,5,20.01,False,-21.419999999999998,-0.724,0.13340000000000002,0.6,0.2,0.2,0.0
1060,4i,150.0,5,0.0,5,20.01,False,20.01,-4.2927,0.13340000000000002,0.6,0.2,0.2,0.0
1065,4i,150.0,5,0.0,5,20.01,False,15.000000000000002,-0.8787,0.13340000000000002,0.6,0.2,0.2,0.0
1070,4i,150.0,5,0.0,5,20.01,False,4.0,-2.6863,0.13340000000000002,0.6,0.2,0.2,0.0
1075,4i,150.0,6,1.9959,5,20.01,False,4.010000000000002,0.8110999999999999,0.13340000000000002,0.5,0.16666666666666666,0.3333333333333333,0.0
1080,4i,150.0,6,0.844,5,20.01,False,-0.00999999999999801,0.83,0.13340000000000002,0.5,0.16666666666666666,0.3333333333333333,0.0
1085,4i,150.0,6,0.0032,6,32.72,False,12.709999999999997,0.0032,0.21813333333333332,0.5,0.16666666666666666,0.3333333333333333,0.0
1090,4i,150.0,6,0.0,6,32.72,False,12.709999999999997,0.0,0.21813333333333332,0.5,0.16666666666666666,0.3333333333333333,0.0
1095,4i,150.0,6,0.0,6,32.72,False,12.709999999999997,0.0,0.21813333333333332,0.5,0.16666666666666666,0.3333333333333333,0.0
1100,4i,150.0,6,0.0,6,32.72,False,12.709999999999997,0.0,0.21813333333333332,0.5,0.16666666666666666,0.3333333333333333,0.0
1105,4i,150.0,7,2.7147,6,32.72,False,12.709999999999997,0.7188000000000001,0.21813333333333332,0.42857142857142855,0.2857142857142857,0.2857142857142857,0.0
1110,4i,150.0,7,0.7341,6,32.72,False,12.709999999999997,-0.1099,0.21813333333333332,0.42857142857142855,0.2857142857142857,0.2857142857142857,0.0
1115,4i,150.0,5,0.3091,4,45.44,False,12.719999999999999,0.3059,0.30293333333333333,0.2,0.4,0.4,0.0
1120,4i,150.0,4,2.7004,0,0.0,False,-32.72,2.7004,0.0,0.25,0.25,0.5,0.0
1125,4i,150.0,4,0.1671,3,17.75,False,-14.969999999999999,0.1671,0.11833333333333333,0.25,0.25,0.5,0.0
1130,4i,150.0,4,0.0001,4,30.42,False,-2.299999999999997,0.0001,0.2028,0.25,0.25,0.5,0.0
1135,4i,150.0,4,0.0,4,30.42,False,-2.299999999999997,-2.7147,0.2028,0.25,0.25,0.5,0.0
1140,4i,150.0,4,0.0,4,30.42,False,-2.299999999999997,-0.7341,0.2028,0.25,0.25,0.5,0.0
1145,4i,150.0,5,2.5622,4,30.42,False,-15.019999999999996,2.2531,0.2028,0.2,0.2,0.6,0.0
1150,4i,150.0,5,1.1966,4,30.42,False,30.42,-1.5038,0.2028,0.2,0.2,0.6,0.0
1155,4i,150.0,5,0.0302,5,37.49,False,19.740000000000002,-0.1369,0.24993333333333334,0.2,0.2,0.6,0.0
1160,4i,150.0,5,0.0,5,37.43,False,7.009999999999998,-0.0001,0.24953333333333333,0.2,0.2,0.6,0.0
1165,4i,150.0,5,0.0,5,37.43,False,7.009999999999998,0.0,0.24953333333333333,0.2,0.2,0.6,0.0
1170,4i,150.0,5,0.0,5,37.43,False,7.009999999999998,0.0,0.24953333333333333,0.2,0.2,0.6,0.0
1175,4i,150.0,6,2.4587,5,37.43,False,7.009999999999998,-0.10349999999999993,0.24953333333333333,0.3333333333333333,0.16666666666666666,0.5,0.0
1180,4i,150.0,6,0.2799,5,37.43,False,7.009999999999998,-0.9167000000000001,0.24953333333333333,0.3333333333333333,0.16666666666666666,0.5,0.0
1185,4i,150.0,6,0.0001,6,50.14,False,12.649999999999999,-0.030100000000000002,0.33426666666666666,0.3333333333333333,0.16666666666666666,0.5,0.0
1190,4i,150.0,6,0.0,6,50.14,False,12.71,0.0,0.33426666666666666,0.3333333333333333,0.16666666666666666,0.5,0.0
1195,4i,150.0,6,0.0,6,50.14,False,12.71,0.0,0.33426666666666666,0.3333333333333333,0.16666666666666666,0.5,0.0
1200,4i,150.0,6,0.0,6,50.14,False,12.71,0.0,0.33426666666666666,0.3333333333333333,0.16666666666666666,0.5,0.0
1205,4i,150.0,5,0.8379,3,50.14,False,12.71,-1.6208,0.33426666666666666,0.2,0.2,0.6,0.0
1210,4i,150.0,4,7.3169,0,0.0,False,-37.43,7.037000000000001,0.0,0.5,0.25,0.25,0.0
1215,4i,150.0,4,2.8238,1,1.0,False,-49.14,2.8236999999999997,0.006666666666666667,0.5,0.25,0.25,0.0
1220,4i,150.0,4,0.202,3,20.75,False,-29.39,0.202,0.13833333333333334,0.5,0.25,0.25,0.0
1225,4i,150.0,4,0.0001,4,24.71,False,-25.43,0.0001,0.16473333333333334,0.5,0.25,0.25,0.0
1230,4i,150.0,4,0.0,4,24.71,False,-25.43,0.0,0.16473333333333334,0.5,0.25,0.25,0.0
1235,4i,150.0,4,0.0,4,24.71,False,-25.43,-0.8379,0.16473333333333334,0.5,0.25,0.25,0.0
1240,4i,150.0,4,0.0,4,24.71,False,24.71,-7.3169,0.16473333333333334,0.5,0.25,0.25,0.0
1245,4i,150.0,5,4.1286,4,24.71,False,23.71,1.3047999999999997,0.16473333333333334,0.4,0.4,0.2,0.0
1250,4i,150.0,5,1.5324,4,24.71,False,3.960000000000001,1.3304,0.16473333333333334,0.4,0.4,0.2,0.0
1255,4i,150.0,5,0.0003,5,28.72,False,4.009999999999998,0.00019999999999999998,0.19146666666666665,0.4,0.4,0.2,0.0
1260,4i,150.0,5,0.0,5,28.72,False,4.009999999999998,0.0,0.19146666666666665,0.4,0.4,0.2,0.0
1265,4i,150.0,5,0.0,5,28.72,False,4.009999999999998,0.0,0.19146666666666665,0.4,0.4,0.2,0.0
1270,4i,150.0,5,0.0,5,28.72,False,4.009999999999998,0.0,0.19146666666666665,0.4,0.4,0.2,0.0
1275,4i,150.0,5,0.0,5,28.72,False,4.009999999999998,-4.1286,0.19146666666666665,0.4,0.4,0.2,0.0
1280,4i,150.0,5,0.0,5,28.72,False,4.009999999999998,-1.5324,0.19146666666666665,0.4,0.4,0.2,0.0
1285,4i,150.0,6,2.2491,5,28.72,False,0.0,2.2487999999999997,0.19146666666666665,0.3333333333333333,0.3333333333333333,0.3333333333333333,0.0
1290,4i,150.0,6,1.0448,5,28.72,False,0.0,1.0448,0.19146666666666665,0.3333333333333333,0.3333333333333333,0.3333333333333333,0.0
1295,4i,150.0,5,0.8558,3,35.72,False,7.0,0.8558,0.23813333333333334,0.4,0.2,0.4,0.0
1300,4i,150.0,4,3.4064,0,0.0,False,-28.72,3.4064,0.0,0.5,0.25,0.25,0.0
1305,4i,150.0,4,0.4694,3,9.29,False,-19.43,0.4694,0.061933333333333326,0.5,0.25,0.25,0.0
1310,4i,150.0,4,0.0101,4,16.03,False,-12.689999999999998,0.0101,0.10686666666666668,0.5,0.25,0.25,0.0
1315,4i,150.0,5,3.4151,4,16.0,False,-12.719999999999999,1.166,0.10666666666666667,0.6,0.2,0.2,0.0
1320,4i,150.0,5,0.6207,4,16.0,False,-12.719999999999999,-0.4240999999999999,0.10666666666666667,0.6,0.2,0.2,0.0
1325,4i,150.0,5,0.0005,5,28.72,False,-7.0,-0.8553000000000001,0.19146666666666665,0.6,0.2,0.2,0.0
1330,4i,150.0,5,0.0,5,28.72,False,28.72,-3.4064,0.19146666666666665,0.6,0.2,0.2,0.0
1335,4i,150.0,5,0.0,5,28.72,False,19.43,-0.4694,0.19146666666666665,0.6,0.2,0.2,0.0
1340,4i,150.0,5,0.0,5,28.72,False,12.689999999999998,-0.0101,0.19146666666666665,0.6,0.2,0.2,0.0
1345,4i,150.0,5,0.0,5,28.72,False,12.719999999999999,-3.4151,0.19146666666666665,0.6,0.2,0.2,0.0
1350,4i,150.0,6,2.847,5,28.72,False,12.719999999999999,2.2263,0.19146666666666665,0.6666666666666666,0.16666666666666666,0.16666666666666666,0.0
1355,4i,150.0,6,0.6721,5,28.72,False,0.0,0.6716000000000001,0.19146666666666665,0.6666666666666666,0.16666666666666666,0.16666666666666666,0.0
1360,4i,150.0,6,0.0003,6,32.72,False,4.0,0.0003,0.21813333333333332,0.6666666666666666,0.16666666666666666,0.16666666666666666,0.0
1365,4i,150.0,6,0.0,6,32.72,False,4.0,0.0,0.21813333333333332,0.6666666666666666,0.16666666666666666,0.16666666666666666,0.0
1370,4i,150.0,6,0.0,6,32.72,False,4.0,0.0,0.21813333333333332,0.6666666666666666,0.16666666666666666,0.16666666666666666,0.0
1375,4i,150.0,6,0.0,6,32.72,False,4.0,0.0,0.21813333333333332,0.6666666666666666,0.16666666666666666,0.16666666666666666,0.0
1380,4i,150.0,6,0.0,6,32.72,False,4.0,-2.847,0.21813333333333332,0.6666666666666666,0.16666666666666666,0.16666666666666666,0.0
1385,4i,150.0,5,3.5762,3,32.72,False,4.0,2.9041,0.21813333333333332,0.6,0.2,0.2,0.0
1390,4i,150.0,4,3.5763,0,0.0,False,-32.72,3.5759999999999996,0.0,0.75,0.0,0.25,0.0
1395,4i,150.0,4,0.4185,2,13.71,False,-19.009999999999998,0.4185,0.09140000000000001,0.75,0.0,0.25,0.0
1400,4i,150.0,4,0.0042,4,21.72,False,-11.0,0.0042,0.14479999999999998,0.75,0.0,0.25,0.0
1405,4i,150.0,4,0.0,4,21.71,False,-11.009999999999998,0.0,0.14473333333333335,0.75,0.0,0.25,0.0
1410,4i,150.0,4,0.0,4,21.71,False,-11.009999999999998,0.0,0.14473333333333335,0.75,0.0,0.25,0.0
1415,4i,150.0,4,0.0,4,21.71,False,-11.009999999999998,-3.5762,0.14473333333333335,0.75,0.0,0.25,0.0
1420,4i,150.0,4,0.0,4,21.71,False,21.71,-3.5763,0.14473333333333335,0.75,0.0,0.25,0.0
1425,4i,150.0,5,2.4302,4,21.71,False,8.0,2.0117000000000003,0.14473333333333335,0.6,0.0,0.2,0.2
1430,4i,150.0,5,1.5339,4,21.71,False,-0.00999999999999801,1.5297,0.14473333333333335,0.6,0.0,0.2,0.2
1435,4i,150.0,5,0.635,4,21.71,False,0.0,0.635,0.14473333333333335,0.6,0.0,0.2,0.2
1440,4i,150.0,5,0.0014,5,25.72,False,4.009999999999998,0.0014,0.17146666666666666,0.6,0.0,0.2,0.2
1445,4i,150.0,5,0.0,5,25.72,False,4.009999999999998,0.0,0.17146666666666666,0.6,0.0,0.2,0.2
1450,4i,150.0,5,0.0,5,25.72,False,4.009999999999998,0.0,0.17146666666666666,0.6,0.0,0.2,0.2
1455,4i,150.0,7,5.88,5,25.72,False,4.009999999999998,3.4497999999999998,0.17146666666666666,0.5714285714285714,0.14285714285714285,0.14285714285714285,0.14285714285714285
1460,4i,150.0,7,2.3418,5,25.72,False,4.009999999999998,0.8079000000000001,0.17146666666666666,0.5714285714285714,0.14285714285714285,0.14285714285714285,0.14285714285714285
1465,4i,150.0,7,0.0077,6,39.76,False,18.049999999999997,-0.6273,0.2650666666666667,0.5714285714285714,0.14285714285714285,0.14285714285714285,0.14285714285714285
1470,4i,150.0,8,1.5738,7,46.76,False,21.04,1.5724,0.3117333333333333,0.5,0.125,0.25,0.125
1475,4i,150.0,8,2.6546,4,46.76,False,21.04,2.6546,0.3117333333333333,0.5,0.125,0.125,0.25
1480,4i,150.0,7,4.1565,2,50.71,False,24.990000000000002,4.1565,0.3380666666666667,0.42857142857142855,0.14285714285714285,0.14285714285714285,0.2857142857142857
1485,4i,150.0,7,2.6884,1,1.0,False,-24.72,-3.1915999999999998,0.006666666666666667,0.42857142857142855,0.14285714285714285,0.14285714285714285,0.2857142857142857
1490,4i,150.0,8,2.3604,4,26.08,False,0.35999999999999943,0.018599999999999728,0.17386666666666664,0.375,0.125,0.25,0.25
1495,4i,150.0,9,1.9545,6,42.79,False,3.030000000000001,1.9467999999999999,0.28526666666666667,0.4444444444444444,0.1111111111111111,0.2222222222222222,0.2222222222222222
1500,4i,150.0,9,0.3916,7,56.8,False,10.04,-1.1822000000000001,0.37866666666666665,0.4444444444444444,0.1111111111111111,0.2222222222222222,0.2222222222222222
1505,4i,150.0,10,1.0521,9,73.54,False,26.78000000000001,-1.6024999999999998,0.4902666666666667,0.4,0.1,0.3,0.2
1510,4i,150.0,11,1.0126,9,73.51,False,22.800000000000004,-3.1439000000000004,0.4900666666666667,0.45454545454545453,0.09090909090909091,0.2727272727272727,0.18181818181818182
1515,4i,150.0,12,0.7134,11,90.24,False,89.24,-1.975,0.6015999999999999,0.5,0.08333333333333333,0.25,0.16666666666666666
1520,4i,150.0,13,1.0157,12,94.23,False,68.15,-1.3446999999999998,0.6282,0.5384615384615384,0.07692307692307693,0.23076923076923078,0.15384615384615385
1525,4i,150.0,13,0.015,12,94.22,False,51.43,-1.9395,0.6281333333333333,0.5384615384615384,0.07692307692307693,0.23076923076923078,0.15384615384615385
1530,4i,150.0,13,0.0,13,98.22,False,41.42,-0.3916,0.6547999999999999,0.5384615384615384,0.07692307692307693,0.23076923076923078,0.15384615384615385
1535,4i,150.0,15,1.0848,13,98.22,False,24.679999999999993,0.03269999999999995,0.6547999999999999,0.5333333333333333,0.06666666666666667,0.26666666666666666,0.13333333333333333
1540,4i,150.0,15,0.1197,14,102.31,False,28.799999999999997,-0.8928999999999999,0.6820666666666667,0.5333333333333333,0.06666666666666667,0.26666666666666666,0.13333333333333333
1545,4i,150.0,16,0.1039,15,114.94,False,24.700000000000003,-0.6095,0.7662666666666667,0.5625,0.0625,0.25,0.125
1550,4i,150.0,17,0.2751,16,118.94,False,24.709999999999994,-0.7406,0.7929333333333333,0.5882352941176471,0.058823529411764705,0.23529411764705882,0.11764705882352941
1555,4i,150.0,17,0.0002,17,122.94,False,28.72,-0.014799999999999999,0.8196,0.5882352941176471,0.058823529411764705,0.23529411764705882,0.11764705882352941
1560,4i,150.0,18,0.4326,17,122.94,False,24.72,0.4326,0.8196,0.5555555555555556,0.05555555555555555,0.2777777777777778,0.1111111111111111
1565,4i,150.0,18,0.3898,15,122.94,False,24.72,-0.6950000000000001,0.8196,0.5555555555555556,0.05555555555555555,0.2777777777777778,0.1111111111111111
1570,4i,150.0,18,1.0102,14,139.65,False,37.34,0.8905,0.931,0.6111111111111112,0.05555555555555555,0.2777777777777778,0.05555555555555555
1575,4i,150.0,18,0.5937,12,143.65,False,28.710000000000008,0.4898,0.9576666666666667,0.6111111111111112,0.05555555555555555,0.2777777777777778,0.05555555555555555
1580,4i,150.0,18,0.7089,13,143.65,False,24.710000000000008,0.43379999999999996,0.9576666666666667,0.6111111111111112,0.05555555555555555,0.2777777777777778,0.05555555555555555
1585,4i,150.0,18,0.7245,10,143.42,False,20.47999999999999,0.7243,0.9561333333333333,0.6111111111111112,0.05555555555555555,0.2777777777777778,0.05555555555555555
1590,4i,150.0,19,0.5836,12,135.26,False,12.319999999999993,0.15100000000000002,0.9017333333333333,0.5789473684210527,0.05263157894736842,0.2631578947368421,0.10526315789473684
1595,4i,150.0,19,0.4027,14,101.1,False,-21.840000000000003,0.012900000000000023,0.6739999999999999,0.5789473684210527,0.05263157894736842,0.2631578947368421,0.10526315789473684
1600,4i,150.0,20,0.1914,18,126.99,False,-12.66000000000001,-0.8188,0.8466,0.6,0.05,0.25,0.1
1605,4i,150.0,21,0.0572,20,143.96,False,0.3100000000000023,-0.5365,0.9597333333333334,0.6190476190476191,0.047619047619047616,0.23809523809523808,0.09523809523809523
1610,4i,150.0,21,0.0017,21,147.68,True,4.030000000000001,-0.7071999999999999,0.9845333333333334,0.6190476190476191,0.047619047619047616,0.23809523809523808,0.09523809523809523
1615,4i,150.0,21,0.0,21,147.65,True,4.230000000000018,-0.7245,0.9843333333333334,0.6190476190476191,0.047619047619047616,0.23809523809523808,0.09523809523809523
1620,4i,150.0,21,0.0,21,147.65,True,12.390000000000015,-0.5836,0.9843333333333334,0.6190476190476191,0.047619047619047616,0.23809523809523808,0.09523809523809523
1625,4i,150.0,21,0.0,21,147.65,True,46.55000000000001,-0.4027,0.9843333333333334,0.6190476190476191,0.047619047619047616,0.23809523809523808,0.09523809523809523
1630,4i,150.0,21,0.0,21,147.65,True,20.66000000000001,-0.1914,0.9843333333333334,0.6190476190476191,0.047619047619047616,0.23809523809523808,0.09523809523809523
1635,4i,150.0,21,0.0,21,147.65,True,3.6899999999999977,-0.0572,0.9843333333333334,0.6190476190476191,0.047619047619047616,0.23809523809523808,0.09523809523809523
1640,4i,150.0,21,0.0,21,147.65,True,-0.030000000000001137,-0.0017,0.9843333333333334,0.6190476190476191,0.047619047619047616,0.23809523809523808,0.09523809523809523
1645,4i,150.0,21,0.0,21,147.65,True,0.0,0.0,0.9843333333333334,0.6190476190476191,0.047619047619047616,0.23809523809523808,0.09523809523809523
1650,4i,150.0,21,0.0,21,147.65,True,0.0,0.0,0.9843333333333334,0.6190476190476191,0.047619047619047616,0.23809523809523808,0.09523809523809523
1655,4i,150.0,20,0.2962,18,147.65,True,0.0,0.2962,0.9843333333333334,0.65,0.0,0.25,0.1
1660,4i,150.0,18,0.5045,15,147.65,True,0.0,0.5045,0.9843333333333334,0.6666666666666666,0.0,0.2222222222222222,0.1111111111111111
1665,4i,150.0,18,0.9127,11,147.65,True,0.0,0.9127,0.9843333333333334,0.6666666666666666,0.0,0.2222222222222222,0.1111111111111111
1670,4i,150.0,18,0.7857,11,147.65,True,0.0,0.7857,0.9843333333333334,0.6666666666666666,0.0,0.2222222222222222,0.1111111111111111
1675,4i,150.0,18,0.8725,11,147.47,True,-0.18000000000000682,0.8725,0.9831333333333333,0.6666666666666666,0.0,0.2222222222222222,0.1111111111111111
1680,4i,150.0,18,0.8517,9,60.67,False,-86.98,0.8517,0.4044666666666667,0.6666666666666666,0.0,0.2222222222222222,0.1111111111111111
1685,4i,150.0,19,0.5643,12,81.36,False,-66.29,0.2681,0.5424,0.631578947368421,0.0,0.21052631578947367,0.15789473684210525
1690,4i,150.0,19,0.2588,16,106.09,False,-41.56,-0.24569999999999997,0.7072666666666667,0.631578947368421,0.0,0.21052631578947367,0.15789473684210525
1695,4i,150.0,21,0.1274,18,124.05,False,-23.60000000000001,-0.7852999999999999,0.827,0.6190476190476191,0.047619047619047616,0.19047619047619047,0.14285714285714285
1700,4i,150.0,21,0.0091,21,146.06,True,-1.5900000000000034,-0.7766,0.9737333333333333,0.6190476190476191,0.047619047619047616,0.19047619047619047,0.14285714285714285
1705,4i,150.0,21,0.0001,21,145.98,True,-1.490000000000009,-0.8724000000000001,0.9732,0.6190476190476191,0.047619047619047616,0.19047619047619047,0.14285714285714285
1710,4i,150.0,21,0.0,21,145.98,True,85.30999999999999,-0.8517,0.9732,0.6190476190476191,0.047619047619047616,0.19047619047619047,0.14285714285714285
1715,4i,150.0,21,0.0,21,145.98,True,64.61999999999999,-0.5643,0.9732,0.6190476190476191,0.047619047619047616,0.19047619047619047,0.14285714285714285
1720,4i,150.0,21,0.0,21,145.98,True,39.889999999999986,-0.2588,0.9732,0.6190476190476191,0.047619047619047616,0.19047619047619047,0.14285714285714285
1725,4i,150.0,21,0.0,21,145.98,True,21.929999999999993,-0.1274,0.9732,0.6190476190476191,0.047619047619047616,0.19047619047619047,0.14285714285714285
1730,4i,150.0,21,0.0,21,145.98,True,-0.0800000000000125,-0.0091,0.9732,0.6190476190476191,0.047619047619047616,0.19047619047619047,0.14285714285714285
1735,4i,150.0,21,0.0,21,145.98,True,0.0,-0.0001,0.9732,0.6190476190476191,0.047619047619047616,0.19047619047619047,0.14285714285714285
1740,4i,150.0,21,0.0,21,145.98,True,0.0,0.0,0.9732,0.6190476190476191,0.047619047619047616,0.19047619047619047,0.14285714285714285
1745,4i,150.0,20,0.0769,19,145.98,True,0.0,0.0769,0.9732,0.65,0.05,0.2,0.1
1750,4i,150.0,20,0.4543,15,145.98,True,0.0,0.4543,0.9732,0.65,0.05,0.2,0.1
1755,4i,150.0,20,0.5374,15,145.98,True,0.0,0.5374,0.9732,0.65,0.05,0.2,0.1
1760,4i,150.0,20,0.5008,14,145.98,True,0.0,0.5008,0.9732,0.65,0.05,0.2,0.1
1765,4i,150.0,20,0.534,13,145.95,True,-0.030000000000001137,0.534,0.973,0.65,0.05,0.2,0.1
1770,4i,150.0,20,0.4412,14,88.73,False,-57.249999999999986,0.4412,0.5915333333333334,0.65,0.05,0.2,0.1
1775,4i,150.0,21,0.279,16,111.01,False,-34.969999999999985,0.20210000000000003,0.7400666666666667,0.6666666666666666,0.047619047619047616,0.19047619047619047,0.09523809523809523
1780,4i,150.0,22,0.1181,20,140.64,False,-5.340000000000003,-0.3362,0.9375999999999999,0.6818181818181818,0.045454545454545456,0.18181818181818182,0.09090909090909091
1785,4i,150.0,23,0.0421,23,147.64,True,1.6599999999999966,-0.49529999999999996,0.9842666666666666,0.6956521739130435,0.043478260869565216,0.17391304347826086,0.08695652173913043
1790,4i,150.0,23,0.0007,23,146.95,True,0.9699999999999989,-0.5001,0.9796666666666666,0.6956521739130435,0.043478260869565216,0.17391304347826086,0.08695652173913043
1795,4i,150.0,23,0.0,23,146.94,True,0.9900000000000091,-0.534,0.9796,0.6956521739130435,0.043478260869565216,0.17391304347826086,0.08695652173913043
1800,4i,150.0,23,0.0,23,146.94,True,58.209999999999994,-0.4412,0.9796,0.6956521739130435,0.043478260869565216,0.17391304347826086,0.08695652173913043
1805,4i,150.0,23,0.0,23,146.94,True,35.92999999999999,-0.279,0.9796,0.6956521739130435,0.043478260869565216,0.17391304347826086,0.08695652173913043
1810,4i,150.0,23,0.0,23,146.94,True,6.300000000000011,-0.1181,0.9796,0.6956521739130435,0.043478260869565216,0.17391304347826086,0.08695652173913043
1815,4i,150.0,23,0.0,23,146.94,True,-0.6999999999999886,-0.0421,0.9796,0.6956521739130435,0.043478260869565216,0.17391304347826086,0.08695652173913043
1820,4i,150.0,23,0.0,23,146.94,True,-0.009999999999990905,-0.0007,0.9796,0.6956521739130435,0.043478260869565216,0.17391304347826086,0.08695652173913043
1825,4i,150.0,23,0.0,23,146.94,True,0.0,0.0,0.9796,0.6956521739130435,0.043478260869565216,0.17391304347826086,0.08695652173913043
1830,4i,150.0,23,0.0,23,146.94,True,0.0,0.0,0.9796,0.6956521739130435,0.043478260869565216,0.17391304347826086,0.08695652173913043
1835,4i,150.0,21,0.0766,20,146.94,True,0.0,0.0766,0.9796,0.7142857142857143,0.047619047619047616,0.14285714285714285,0.09523809523809523
1840,4i,150.0,20,0.6905,16,146.94,True,0.0,0.6905,0.9796,0.7,0.05,0.15,0.1
1845,4i,150.0,20,0.6258,15,146.94,True,0.0,0.6258,0.9796,0.7,0.05,0.15,0.1
1850,4i,150.0,20,0.6854,14,146.94,True,0.0,0.6854,0.9796,0.7,0.05,0.15,0.1
1855,4i,150.0,20,0.7046,14,146.94,True,0.0,0.7046,0.9796,0.7,0.05,0.15,0.1
1860,4i,150.0,20,0.6045,13,146.31,True,-0.6299999999999955,0.6045,0.9754,0.7,0.05,0.15,0.1
1865,4i,150.0,21,0.5902,13,85.26,False,-61.67999999999999,0.5136,0.5684,0.6666666666666666,0.09523809523809523,0.14285714285714285,0.09523809523809523
1870,4i,150.0,22,0.3684,16,107.43,False,-39.50999999999999,-0.3221,0.7162000000000001,0.6818181818181818,0.09090909090909091,0.13636363636363635,0.09090909090909091
1875,4i,150.0,25,1.5445,20,126.75,False,-20.189999999999998,0.9187,0.845,0.72,0.08,0.12,0.08
1880,4i,150.0,29,2.9718,24,146.14,True,-0.8000000000000114,2.2864,0.9742666666666666,0.7586206896551724,0.06896551724137931,0.10344827586206896,0.06896551724137931
1885,4i,150.0,32,2.2148,25,149.3,True,2.3600000000000136,1.5101999999999998,0.9953333333333334,0.75,0.0625,0.09375,0.09375
1890,4i,150.0,32,0.5713,29,149.24,True,2.930000000000007,-0.03320000000000001,0.9949333333333334,0.75,0.0625,0.09375,0.09375
1895,4i,150.0,32,0.0014,32,149.24,True,63.980000000000004,-0.5888,0.9949333333333334,0.75,0.0625,0.09375,0.09375
1900,4i,150.0,32,0.0012,32,149.24,True,41.81,-0.3672,0.9949333333333334,0.75,0.0625,0.09375,0.09375
1905,4i,150.0,32,0.0,32,149.24,True,22.49000000000001,-1.5445,0.9949333333333334,0.75,0.0625,0.09375,0.09375
1910,4i,150.0,32,0.0,32,149.24,True,3.1000000000000227,-2.9718,0.9949333333333334,0.75,0.0625,0.09375,0.09375
1915,4i,150.0,32,0.0,32,149.24,True,-0.060000000000002274,-2.2148,0.9949333333333334,0.75,0.0625,0.09375,0.09375
1920,4i,150.0,32,0.0,32,149.24,True,0.0,-0.5713,0.9949333333333334,0.75,0.0625,0.09375,0.09375
1925,4i,150.0,31,0.0452,29,149.24,True,0.0,0.0438,0.9949333333333334,0.7741935483870968,0.06451612903225806,0.06451612903225806,0.0967741935483871
1930,4i,150.0,29,0.2237,27,149.24,True,0.0,0.2225,0.9949333333333334,0.7586206896551724,0.06896551724137931,0.06896551724137931,0.10344827586206896
1935,4i,150.0,29,0.1134,28,149.24,True,0.0,0.1134,0.9949333333333334,0.7586206896551724,0.06896551724137931,0.06896551724137931,0.10344827586206896
1940,4i,150.0,29,0.0237,29,149.24,True,0.0,0.0237,0.9949333333333334,0.7586206896551724,0.06896551724137931,0.06896551724137931,0.10344827586206896
1945,4i,150.0,29,0.0196,29,149.24,True,0.0,0.0196,0.9949333333333334,0.7586206896551724,0.06896551724137931,0.06896551724137931,0.10344827586206896
1950,4i,150.0,29,0.3941,26,149.24,True,0.0,0.3941,0.9949333333333334,0.7586206896551724,0.06896551724137931,0.06896551724137931,0.10344827586206896
1955,4i,150.0,29,0.1574,28,149.03,True,-0.21000000000000796,0.11220000000000002,0.9935333333333334,0.7586206896551724,0.06896551724137931,0.06896551724137931,0.10344827586206896
1960,4i,150.0,29,0.2289,28,148.6,True,-0.6400000000000148,0.005199999999999982,0.9906666666666666,0.7586206896551724,0.06896551724137931,0.06896551724137931,0.10344827586206896
1965,4i,150.0,29,0.108,29,148.48,True,-0.7600000000000193,-0.005400000000000002,0.9898666666666666,0.7586206896551724,0.06896551724137931,0.06896551724137931,0.10344827586206896
1970,4i,150.0,29,0.1116,29,148.41,True,-0.8300000000000125,0.0879,0.9894,0.7586206896551724,0.06896551724137931,0.06896551724137931,0.10344827586206896
1975,4i,150.0,29,0.0651,29,146.49,True,-2.75,0.045500000000000006,0.9766,0.7586206896551724,0.06896551724137931,0.06896551724137931,0.10344827586206896
1980,4i,150.0,29,0.0147,29,144.93,False,-4.310000000000002,-0.3794,0.9662000000000001,0.7586206896551724,0.06896551724137931,0.06896551724137931,0.10344827586206896
1985,4i,150.0,29,0.0009,29,144.56,False,-4.469999999999999,-0.1565,0.9637333333333333,0.7586206896551724,0.06896551724137931,0.06896551724137931,0.10344827586206896
1990,4i,150.0,29,0.0,29,144.53,False,-4.069999999999993,-0.2289,0.9635333333333334,0.7586206896551724,0.06896551724137931,0.06896551724137931,0.10344827586206896
1995,4i,150.0,29,0.0,29,144.53,False,-3.9499999999999886,-0.108,0.9635333333333334,0.7586206896551724,0.06896551724137931,0.06896551724137931,0.10344827586206896
2000,4i,150.0,29,0.0,29,144.53,False,-3.8799999999999955,-0.1116,0.9635333333333334,0.7586206896551724,0.06896551724137931,0.06896551724137931,0.10344827586206896
2005,4i,150.0,29,0.0,29,144.53,False,-1.960000000000008,-0.0651,0.9635333333333334,0.7586206896551724,0.06896551724137931,0.06896551724137931,0.10344827586206896
2010,4i,150.0,29,0.0,29,144.53,False,-0.4000000000000057,-0.0147,0.9635333333333334,0.7586206896551724,0.06896551724137931,0.06896551724137931,0.10344827586206896
2015,4i,150.0,27,0.2174,24,144.53,False,-0.030000000000001137,0.2165,0.9635333333333334,0.7407407407407407,0.07407407407407407,0.07407407407407407,0.1111111111111111
2020,4i,150.0,26,0.1211,24,144.53,False,0.0,0.1211,0.9635333333333334,0.7307692307692307,0.07692307692307693,0.07692307692307693,0.11538461538461539
2025,4i,150.0,26,0.1157,26,144.53,False,0.0,0.1157,0.9635333333333334,0.7307692307692307,0.07692307692307693,0.07692307692307693,0.11538461538461539
2030,4i,150.0,26,0.1448,25,144.53,False,0.0,0.1448,0.9635333333333334,0.7307692307692307,0.07692307692307693,0.07692307692307693,0.11538461538461539
2035,4i,150.0,26,0.119,26,144.53,False,0.0,0.119,0.9635333333333334,0.7307692307692307,0.07692307692307693,0.07692307692307693,0.11538461538461539
2040,4i,150.0,26,0.1135,26,144.45,False,-0.0800000000000125,0.1135,0.963,0.7307692307692307,0.07692307692307693,0.07692307692307693,0.11538461538461539
2045,4i,150.0,26,0.0848,26,143.42,False,-1.1100000000000136,-0.1326,0.9561333333333333,0.7307692307692307,0.07692307692307693,0.07692307692307693,0.11538461538461539
2050,4i,150.0,26,0.0387,26,141.62,False,-2.9099999999999966,-0.0824,0.9441333333333334,0.7307692307692307,0.07692307692307693,0.07692307692307693,0.11538461538461539
2055,4i,150.0,26,0.0086,26,140.7,False,-3.8300000000000125,-0.1071,0.938,0.7307692307692307,0.07692307692307693,0.07692307692307693,0.11538461538461539
2060,4i,150.0,26,0.0011,26,140.55,False,-3.9799999999999898,-0.14370000000000002,0.937,0.7307692307692307,0.07692307692307693,0.07692307692307693,0.11538461538461539
2065,4i,150.0,26,0.0,26,140.53,False,-4.0,-0.119,0.9368666666666666,0.7307692307692307,0.07692307692307693,0.07692307692307693,0.11538461538461539
2070,4i,150.0,26,0.0,26,140.53,False,-3.9199999999999875,-0.1135,0.9368666666666666,0.7307692307692307,0.07692307692307693,0.07692307692307693,0.11538461538461539
2075,4i,150.0,26,0.0,26,140.53,False,-2.8899999999999864,-0.0848,0.9368666666666666,0.7307692307692307,0.07692307692307693,0.07692307692307693,0.11538461538461539
2080,4i,150.0,26,0.0,26,140.53,False,-1.0900000000000034,-0.0387,0.9368666666666666,0.7307692307692307,0.07692307692307693,0.07692307692307693,0.11538461538461539
2085,4i,150.0,26,0.0,26,140.53,False,-0.1699999999999875,-0.0086,0.9368666666666666,0.7307692307692307,0.07692307692307693,0.07692307692307693,0.11538461538461539
2090,4i,150.0,26,0.0,26,140.53,False,-0.020000000000010232,-0.0011,0.9368666666666666,0.7307692307692307,0.07692307692307693,0.07692307692307693,0.11538461538461539
2095,4i,150.0,26,0.0,26,140.53,False,0.0,0.0,0.9368666666666666,0.7307692307692307,0.07692307692307693,0.07692307692307693,0.11538461538461539
2100,4i,150.0,26,0.0,26,140.53,False,0.0,0.0,0.9368666666666666,0.7307692307692307,0.07692307692307693,0.07692307692307693,0.11538461538461539
2105,4i,150.0,24,0.069,23,140.53,False,0.0,0.069,0.9368666666666666,0.7083333333333334,0.08333333333333333,0.08333333333333333,0.125
2110,4i,150.0,23,0.236,20,140.53,False,0.0,0.236,0.9368666666666666,0.6956521739130435,0.08695652173913043,0.08695652173913043,0.13043478260869565
2115,4i,150.0,23,0.2647,20,140.53,False,0.0,0.2647,0.9368666666666666,0.6956521739130435,0.08695652173913043,0.08695652173913043,0.13043478260869565
2120,4i,150.0,23,0.2479,20,140.53,False,0.0,0.2479,0.9368666666666666,0.6956521739130435,0.08695652173913043,0.08695652173913043,0.13043478260869565
2125,4i,150.0,23,0.2532,20,140.53,False,0.0,0.2532,0.9368666666666666,0.6956521739130435,0.08695652173913043,0.08695652173913043,0.13043478260869565
2130,4i,150.0,23,0.2857,22,140.45,False,-0.0800000000000125,0.2857,0.9363333333333332,0.6956521739130435,0.08695652173913043,0.08695652173913043,0.13043478260869565
2135,4i,150.0,23,0.2163,22,137.71,False,-2.819999999999993,0.1473,0.9180666666666667,0.6956521739130435,0.08695652173913043,0.08695652173913043,0.13043478260869565
2140,4i,150.0,24,0.1091,24,148.95,True,8.419999999999987,-0.12689999999999999,0.9929999999999999,0.6666666666666666,0.125,0.08333333333333333,0.125
2145,4i,150.0,24,0.0195,24,146.96,True,6.430000000000007,-0.2452,0.9797333333333333,0.6666666666666666,0.125,0.08333333333333333,0.125
2150,4i,150.0,24,0.0008,24,146.58,True,6.050000000000011,-0.24710000000000001,0.9772000000000001,0.6666666666666666,0.125,0.08333333333333333,0.125
2155,4i,150.0,24,0.0,24,146.57,True,6.039999999999992,-0.2532,0.9771333333333333,0.6666666666666666,0.125,0.08333333333333333,0.125
2160,4i,150.0,24,0.0,24,146.57,True,6.1200000000000045,-0.2857,0.9771333333333333,0.6666666666666666,0.125,0.08333333333333333,0.125
2165,4i,150.0,24,0.0,24,146.57,True,8.859999999999985,-0.2163,0.9771333333333333,0.6666666666666666,0.125,0.08333333333333333,0.125
2170,4i,150.0,24,0.0,24,146.57,True,-2.3799999999999955,-0.1091,0.9771333333333333,0.6666666666666666,0.125,0.08333333333333333,0.125
2175,4i,150.0,25,1.1048,24,146.57,True,-0.3900000000000148,1.0853,0.9771333333333333,0.68,0.12,0.08,0.12
2180,4i,150.0,26,1.2754,24,146.57,True,-0.010000000000019327,1.2746000000000002,0.9771333333333333,0.6538461538461539,0.15384615384615385,0.07692307692307693,0.11538461538461539
2185,4i,150.0,25,0.6472,24,146.57,True,0.0,0.6472,0.9771333333333333,0.64,0.16,0.08,0.12
2190,4i,150.0,25,0.2283,24,146.57,True,0.0,0.2283,0.9771333333333333,0.64,0.16,0.08,0.12
2195,4i,150.0,23,0.0475,22,146.57,True,0.0,0.0475,0.9771333333333333,0.6086956521739131,0.17391304347826086,0.08695652173913043,0.13043478260869565
2200,4i,150.0,23,2.523,6,145.84,True,-0.7299999999999898,2.523,0.9722666666666667,0.6521739130434783,0.17391304347826086,0.043478260869565216,0.13043478260869565
2205,4i,150.0,25,2.4514,10,112.4,False,-34.16999999999999,1.3466,0.7493333333333334,0.68,0.16,0.04,0.12
2210,4i,150.0,28,1.5488,16,142.45,False,-4.1200000000000045,0.27339999999999987,0.9496666666666665,0.6071428571428571,0.21428571428571427,0.03571428571428571,0.14285714285714285
2215,4i,150.0,29,0.9061,23,143.12,False,-3.4499999999999886,0.2589,0.9541333333333334,0.6206896551724138,0.20689655172413793,0.034482758620689655,0.13793103448275862
2220,4i,150.0,34,1.8249,29,139.88,False,-6.689999999999998,1.5966,0.9325333333333333,0.6470588235294118,0.20588235294117646,0.029411764705882353,0.11764705882352941
2225,4i,150.0,34,0.47,29,139.71,False,-6.859999999999985,0.4225,0.9314,0.6470588235294118,0.20588235294117646,0.029411764705882353,0.11764705882352941
2230,4i,150.0,34,0.6428,31,139.16,False,-6.680000000000007,-1.8802,0.9277333333333333,0.6470588235294118,0.20588235294117646,0.029411764705882353,0.11764705882352941
2235,4i,150.0,34,0.832,25,139.12,False,26.72,-1.6194000000000002,0.9274666666666667,0.6470588235294118,0.20588235294117646,0.029411764705882353,0.11764705882352941
2240,4i,150.0,34,0.4067,29,139.12,False,-3.329999999999984,-1.1421,0.9274666666666667,0.6470588235294118,0.20588235294117646,0.029411764705882353,0.11764705882352941
2245,4i,150.0,34,0.6076,29,130.57,False,-12.550000000000011,-0.2985,0.8704666666666666,0.6470588235294118,0.20588235294117646,0.029411764705882353,0.11764705882352941
2250,4i,150.0,36,1.1185,32,148.18,True,8.300000000000011,-0.7063999999999999,0.9878666666666667,0.6111111111111112,0.25,0.027777777777777776,0.1111111111111111
2255,4i,150.0,35,0.7742,32,147.8,True,8.090000000000003,0.3042,0.9853333333333334,0.6571428571428571,0.2,0.02857142857142857,0.11428571428571428
2260,4i,150.0,35,0.2905,34,147.13,True,7.969999999999999,-0.35230000000000006,0.9808666666666667,0.6571428571428571,0.2,0.02857142857142857,0.11428571428571428
2265,4i,150.0,34,0.0002,34,146.9,True,7.780000000000001,-0.8318,0.9793333333333334,0.6470588235294118,0.20588235294117646,0.029411764705882353,0.11764705882352941
2270,4i,150.0,34,0.0,34,146.89,True,7.769999999999982,-0.4067,0.9792666666666666,0.6470588235294118,0.20588235294117646,0.029411764705882353,0.11764705882352941
2275,4i,150.0,34,0.0,34,146.89,True,16.319999999999993,-0.6076,0.9792666666666666,0.6470588235294118,0.20588235294117646,0.029411764705882353,0.11764705882352941
2280,4i,150.0,34,0.0,34,146.89,True,-1.2900000000000205,-1.1185,0.9792666666666666,0.6470588235294118,0.20588235294117646,0.029411764705882353,0.11764705882352941
2285,4i,150.0,33,0.4955,32,146.89,True,-0.910000000000025,-0.2787,0.9792666666666666,0.6060606060606061,0.24242424242424243,0.030303030303030304,0.12121212121212122
2290,4i,150.0,33,0.6874,29,146.89,True,-0.2400000000000091,0.39690000000000003,0.9792666666666666,0.5757575757575758,0.24242424242424243,0.030303030303030304,0.15151515151515152
2295,4i,150.0,33,0.6269,28,146.89,True,-0.010000000000019327,0.6267,0.9792666666666666,0.5757575757575758,0.24242424242424243,0.030303030303030304,0.15151515151515152
2300,4i,150.0,33,0.0025,32,146.89,True,0.0,0.0025,0.9792666666666666,0.5757575757575758,0.24242424242424243,0.030303030303030304,0.15151515151515152
2305,4i,150.0,33,0.2051,30,146.89,True,0.0,0.2051,0.9792666666666666,0.5757575757575758,0.24242424242424243,0.030303030303030304,0.15151515151515152
2310,4i,150.0,33,0.0625,33,146.89,True,0.0,0.0625,0.9792666666666666,0.5757575757575758,0.24242424242424243,0.030303030303030304,0.15151515151515152
2315,4i,150.0,33,0.1654,31,146.89,True,0.0,-0.3301,0.9792666666666666,0.5757575757575758,0.24242424242424243,0.030303030303030304,0.15151515151515152
2320,4i,150.0,35,1.0685,31,146.47,True,-0.4199999999999875,0.3811,0.9764666666666667,0.5714285714285714,0.2571428571428571,0.02857142857142857,0.14285714285714285
2325,4i,150.0,35,0.4428,33,144.51,False,-2.3799999999999955,-0.18409999999999999,0.9633999999999999,0.5714285714285714,0.2571428571428571,0.02857142857142857,0.14285714285714285
2330,4i,150.0,35,0.0344,34,144.21,False,-2.6799999999999784,0.0319,0.9614,0.5714285714285714,0.2571428571428571,0.02857142857142857,0.14285714285714285
2335,4i,150.0,35,0.0194,35,143.64,False,-3.25,-0.1857,0.9575999999999999,0.5714285714285714,0.2571428571428571,0.02857142857142857,0.14285714285714285
2340,4i,150.0,36,0.0066,36,150.0,True,3.1100000000000136,-0.0559,1.0,0.5555555555555556,0.2777777777777778,0.027777777777777776,0.1388888888888889
2345,4i,150.0,35,0.2954,33,149.9,True,3.0100000000000193,0.13,0.9993333333333334,0.5714285714285714,0.2857142857142857,0.02857142857142857,0.11428571428571428
2350,4i,150.0,33,0.0036,33,149.89,True,3.4199999999999875,-1.0649,0.9992666666666665,0.5757575757575758,0.2727272727272727,0.030303030303030304,0.12121212121212122
2355,4i,150.0,34,0.3546,33,149.89,True,5.3799999999999955,-0.0882,0.9992666666666665,0.5882352941176471,0.2647058823529412,0.029411764705882353,0.11764705882352941
2360,4i,150.0,35,0.4508,33,149.89,True,5.679999999999978,0.4164,0.9992666666666665,0.5714285714285714,0.2571428571428571,0.02857142857142857,0.14285714285714285
2365,4i,150.0,35,0.3008,34,149.89,True,6.25,0.2814,0.9992666666666665,0.5714285714285714,0.2571428571428571,0.02857142857142857,0.14285714285714285
2370,4i,150.0,35,0.0,35,149.89,True,-0.11000000000001364,-0.0066,0.9992666666666665,0.5714285714285714,0.2571428571428571,0.02857142857142857,0.14285714285714285
2375,4i,150.0,33,0.0351,32,149.89,True,-0.010000000000019327,-0.2603,0.9992666666666665,0.5757575757575758,0.2727272727272727,0.0,0.15151515151515152
2380,4i,150.0,32,0.4622,25,149.89,True,0.0,0.4586,0.9992666666666665,0.5625,0.28125,0.0,0.15625
2385,4i,150.0,32,0.6139,22,149.89,True,0.0,0.2593,0.9992666666666665,0.5625,0.28125,0.0,0.15625
2390,4i,150.0,34,0.9132,30,149.89,True,0.0,0.46240000000000003,0.9992666666666665,0.5588235294117647,0.2647058823529412,0.0,0.17647058823529413
2395,4i,150.0,34,0.4883,32,149.89,True,0.0,0.1875,0.9992666666666665,0.5588235294117647,0.2647058823529412,0.0,0.17647058823529413
2400,4i,150.0,34,0.4153,31,149.6,True,-0.28999999999999204,0.4153,0.9973333333333333,0.5588235294117647,0.2647058823529412,0.0,0.17647058823529413
2405,4i,150.0,34,0.4153,30,147.08,True,-2.809999999999974,0.3802,0.9805333333333334,0.5588235294117647,0.2647058823529412,0.0,0.17647058823529413
2410,4i,150.0,34,0.4772,29,145.12,True,-4.769999999999982,0.015000000000000013,0.9674666666666667,0.5588235294117647,0.2647058823529412,0.0,0.17647058823529413
2415,4i,150.0,34,0.1006,33,143.55,False,-6.339999999999975,-0.5133,0.9570000000000001,0.5588235294117647,0.2647058823529412,0.0,0.17647058823529413
2420,4i,150.0,36,0.4574,35,148.82,True,-1.0699999999999932,-0.45580000000000004,0.9921333333333333,0.5277777777777778,0.3055555555555556,0.0,0.16666666666666666
2425,4i,150.0,37,0.6676,35,147.42,True,-2.469999999999999,0.17929999999999996,0.9827999999999999,0.5135135135135135,0.32432432432432434,0.0,0.16216216216216217
2430,4i,150.0,37,0.2104,36,147.19,True,-2.4099999999999966,-0.2049,0.9812666666666666,0.5135135135135135,0.32432432432432434,0.0,0.16216216216216217
2435,4i,150.0,36,0.1632,34,147.18,True,0.09999999999999432,-0.2521,0.9812000000000001,0.5277777777777778,0.3333333333333333,0.0,0.1388888888888889
2440,4i,150.0,34,0.0,34,147.18,True,2.0600000000000023,-0.4772,0.9812000000000001,0.5294117647058824,0.3235294117647059,0.0,0.14705882352941177
2445,4i,150.0,34,0.0,34,147.18,True,3.6299999999999955,-0.1006,0.9812000000000001,0.5294117647058824,0.3235294117647059,0.0,0.14705882352941177
2450,4i,150.0,34,0.0,34,147.18,True,-1.6399999999999864,-0.4574,0.9812000000000001,0.5294117647058824,0.3235294117647059,0.0,0.14705882352941177
2455,4i,150.0,35,0.4844,34,147.18,True,-0.23999999999998067,-0.18319999999999997,0.9812000000000001,0.5142857142857142,0.34285714285714286,0.0,0.14285714285714285
2460,4i,150.0,36,0.5875,34,147.18,True,-0.009999999999990905,0.3771,0.9812000000000001,0.5,0.3611111111111111,0.0,0.1388888888888889
2465,4i,150.0,34,0.4411,31,147.18,True,0.0,0.2779,0.9812000000000001,0.5,0.35294117647058826,0.0,0.14705882352941177
2470,4i,150.0,33,0.2037,28,147.18,True,0.0,0.2037,0.9812000000000001,0.48484848484848486,0.36363636363636365,0.0,0.15151515151515152
2475,4i,150.0,33,0.2074,30,147.18,True,0.0,0.2074,0.9812000000000001,0.48484848484848486,0.36363636363636365,0.0,0.15151515151515152
2480,4i,150.0,33,0.2111,31,147.18,True,0.0,0.2111,0.9812000000000001,0.48484848484848486,0.36363636363636365,0.0,0.15151515151515152
2485,4i,150.0,33,0.1896,29,147.18,True,0.0,-0.2948,0.9812000000000001,0.48484848484848486,0.36363636363636365,0.0,0.15151515151515152
2490,4i,150.0,34,0.549,32,147.06,True,-0.12000000000000455,-0.03849999999999998,0.9804,0.5,0.35294117647058826,0.0,0.14705882352941177
2495,4i,150.0,35,0.6533,32,137.71,False,-9.469999999999999,0.2122,0.9180666666666667,0.5142857142857142,0.34285714285714286,0.0,0.14285714285714285
2500,4i,150.0,35,0.1734,34,143.75,False,-3.430000000000007,-0.030299999999999994,0.9583333333333334,0.5142857142857142,0.34285714285714286,0.0,0.14285714285714285
2505,4i,150.0,35,0.0033,35,143.29,False,-3.890000000000015,-0.2041,0.9552666666666666,0.5142857142857142,0.34285714285714286,0.0,0.14285714285714285
2510,4i,150.0,35,0.0006,35,143.19,False,-3.990000000000009,-0.21050000000000002,0.9546,0.5142857142857142,0.34285714285714286,0.0,0.14285714285714285
2515,4i,150.0,35,0.0,35,143.18,False,-4.0,-0.1896,0.9545333333333333,0.5142857142857142,0.34285714285714286,0.0,0.14285714285714285
2520,4i,150.0,35,0.0,35,143.18,False,-3.8799999999999955,-0.549,0.9545333333333333,0.5142857142857142,0.34285714285714286,0.0,0.14285714285714285
2525,4i,150.0,33,0.3269,32,143.18,False,5.469999999999999,-0.32639999999999997,0.9545333333333333,0.48484848484848486,0.3333333333333333,0.030303030303030304,0.15151515151515152
2530,4i,150.0,34,0.5847,32,143.18,False,-0.5699999999999932,0.4113,0.9545333333333333,0.5,0.3235294117647059,0.029411764705882353,0.14705882352941177
2535,4i,150.0,34,0.274,33,143.18,False,-0.10999999999998522,0.2707,0.9545333333333333,0.5,0.3235294117647059,0.029411764705882353,0.14705882352941177
2540,4i,150.0,33,0.0,33,143.18,False,-0.009999999999990905,-0.0006,0.9545333333333333,0.48484848484848486,0.3333333333333333,0.030303030303030304,0.15151515151515152
2545,4i,150.0,33,0.0,33,143.18,False,0.0,0.0,0.9545333333333333,0.48484848484848486,0.3333333333333333,0.030303030303030304,0.15151515151515152
2550,4i,150.0,33,0.0,33,143.18,False,0.0,0.0,0.9545333333333333,0.48484848484848486,0.3333333333333333,0.030303030303030304,0.15151515151515152
2555,4i,150.0,32,0.5099,30,143.18,False,0.0,0.183,0.9545333333333333,0.46875,0.34375,0.03125,0.15625
2560,4i,150.0,31,0.6281,25,143.18,False,0.0,0.043399999999999994,0.9545333333333333,0.45161290322580644,0.3548387096774194,0.03225806451612903,0.16129032258064516
2565,4i,150.0,32,1.2532,25,143.18,False,0.0,0.9792000000000001,0.9545333333333333,0.46875,0.34375,0.03125,0.15625
2570,4i,150.0,32,0.6333,24,143.18,False,0.0,0.6333,0.9545333333333333,0.46875,0.34375,0.03125,0.15625
2575,4i,150.0,32,0.2843,30,143.15,False,-0.030000000000001137,0.2843,0.9543333333333334,0.46875,0.34375,0.03125,0.15625
2580,4i,150.0,33,0.1662,33,149.52,True,6.340000000000003,0.1662,0.9968,0.45454545454545453,0.3333333333333333,0.030303030303030304,0.18181818181818182
2585,4i,150.0,33,0.116,33,147.14,True,3.9599999999999795,-0.39390000000000003,0.9809333333333332,0.45454545454545453,0.3333333333333333,0.030303030303030304,0.18181818181818182
2590,4i,150.0,34,0.4757,33,145.11,True,1.9300000000000068,-0.15239999999999998,0.9674,0.4411764705882353,0.35294117647058826,0.029411764705882353,0.17647058823529413
2595,4i,150.0,34,0.2427,33,143.46,False,0.28000000000000114,-1.0105000000000002,0.9564,0.4411764705882353,0.35294117647058826,0.029411764705882353,0.17647058823529413
2600,4i,150.0,35,0.4384,34,142.71,False,-0.46999999999999886,-0.19489999999999996,0.9514,0.42857142857142855,0.37142857142857144,0.02857142857142857,0.17142857142857143
2605,4i,150.0,35,0.2004,34,142.66,False,-0.4900000000000091,-0.0839,0.9510666666666666,0.42857142857142855,0.37142857142857144,0.02857142857142857,0.17142857142857143
2610,4i,150.0,35,0.0011,35,142.65,False,-6.8700000000000045,-0.1651,0.9510000000000001,0.42857142857142855,0.37142857142857144,0.02857142857142857,0.17142857142857143
2615,4i,150.0,32,0.2737,28,142.65,False,-4.489999999999981,0.1577,0.9510000000000001,0.40625,0.375,0.03125,0.1875
2620,4i,150.0,31,0.1472,29,142.65,False,-2.460000000000008,-0.3285,0.9510000000000001,0.41935483870967744,0.3548387096774194,0.03225806451612903,0.1935483870967742
2625,4i,150.0,32,0.5067,30,142.65,False,-0.8100000000000023,0.264,0.9510000000000001,0.4375,0.34375,0.03125,0.1875
2630,4i,150.0,33,0.719,31,142.65,False,-0.060000000000002274,0.28059999999999996,0.9510000000000001,0.45454545454545453,0.3333333333333333,0.030303030303030304,0.18181818181818182
2635,4i,150.0,33,0.5703,32,142.65,False,-0.009999999999990905,0.3699,0.9510000000000001,0.45454545454545453,0.3333333333333333,0.030303030303030304,0.18181818181818182
2640,4i,150.0,33,0.1695,32,142.65,False,0.0,0.16840000000000002,0.9510000000000001,0.45454545454545453,0.3333333333333333,0.030303030303030304,0.18181818181818182
2645,4i,150.0,31,0.1247,28,142.65,False,0.0,-0.149,0.9510000000000001,0.41935483870967744,0.3548387096774194,0.03225806451612903,0.1935483870967742
2650,4i,150.0,30,0.2925,24,142.65,False,0.0,0.14529999999999998,0.9510000000000001,0.4,0.36666666666666664,0.03333333333333333,0.2
2655,4i,150.0,30,0.3209,25,142.65,False,0.0,-0.18580000000000002,0.9510000000000001,0.4,0.36666666666666664,0.03333333333333333,0.2
2660,4i,150.0,31,0.665,27,142.65,False,0.0,-0.05399999999999994,0.9510000000000001,0.41935483870967744,0.3548387096774194,0.03225806451612903,0.1935483870967742
2665,4i,150.0,32,0.8685,27,142.63,False,-0.020000000000010232,0.2982,0.9508666666666666,0.4375,0.34375,0.03125,0.1875
2670,4i,150.0,32,0.6431,30,140.73,False,-1.920000000000016,0.4736,0.9381999999999999,0.4375,0.34375,0.03125,0.1875
2675,4i,150.0,32,0.2332,31,137.62,False,-5.030000000000001,0.10849999999999999,0.9174666666666667,0.4375,0.34375,0.03125,0.1875
2680,4i,150.0,33,0.0097,33,149.59,True,6.939999999999998,-0.2828,0.9972666666666666,0.42424242424242425,0.3333333333333333,0.030303030303030304,0.21212121212121213
2685,4i,150.0,33,0.0011,33,149.24,True,6.590000000000003,-0.31980000000000003,0.9949333333333334,0.42424242424242425,0.3333333333333333,0.030303030303030304,0.21212121212121213
2690,4i,150.0,33,0.0,33,149.22,True,6.569999999999993,-0.665,0.9948,0.42424242424242425,0.3333333333333333,0.030303030303030304,0.21212121212121213
2695,4i,150.0,34,0.3005,33,149.22,True,6.590000000000003,-0.5680000000000001,0.9948,0.4117647058823529,0.3235294117647059,0.058823529411764705,0.20588235294117646
2700,4i,150.0,34,0.0929,33,149.22,True,8.490000000000009,-0.5502,0.9948,0.4117647058823529,0.3235294117647059,0.058823529411764705,0.20588235294117646
2705,4i,150.0,31,0.6584,28,149.22,True,11.599999999999994,0.4252,0.9948,0.3548387096774194,0.3225806451612903,0.06451612903225806,0.25806451612903225
2710,4i,150.0,30,0.997,25,149.22,True,-0.37000000000000455,0.9873,0.9948,0.36666666666666664,0.3333333333333333,0.06666666666666667,0.23333333333333334
2715,4i,150.0,28,1.2381,21,149.22,True,-0.020000000000010232,1.2369999999999999,0.9948,0.39285714285714285,0.2857142857142857,0.07142857142857142,0.25
2720,4i,150.0,25,1.1096,21,149.22,True,0.0,1.1096,0.9948,0.44,0.28,0.04,0.24
2725,4i,150.0,23,0.9777,21,149.22,True,0.0,0.6772,0.9948,0.43478260869565216,0.2608695652173913,0.043478260869565216,0.2608695652173913
2730,4i,150.0,23,0.7263,22,149.22,True,0.0,0.6334,0.9948,0.43478260869565216,0.2608695652173913,0.043478260869565216,0.2608695652173913
2735,4i,150.0,22,0.327,20,149.22,True,0.0,-0.3314,0.9948,0.4090909090909091,0.2727272727272727,0.045454545454545456,0.2727272727272727
2740,4i,150.0,21,1.4194,17,149.22,True,0.0,0.4224,0.9948,0.38095238095238093,0.3333333333333333,0.047619047619047616,0.23809523809523808
2745,4i,150.0,21,1.0602,15,149.22,True,0.0,-0.17789999999999995,0.9948,0.38095238095238093,0.3333333333333333,0.047619047619047616,0.23809523809523808
2750,4i,150.0,21,0.7634,14,149.22,True,0.0,-0.34619999999999995,0.9948,0.38095238095238093,0.3333333333333333,0.047619047619047616,0.23809523809523808
2755,4i,150.0,21,0.7067,14,149.11,True,-0.10999999999998522,-0.271,0.9940666666666668,0.38095238095238093,0.3333333333333333,0.047619047619047616,0.23809523809523808
2760,4i,150.0,22,1.3655,14,146.46,True,-2.759999999999991,0.6392,0.9764,0.4090909090909091,0.3181818181818182,0.045454545454545456,0.22727272727272727
2765,4i,150.0,22,1.0349,15,74.15,False,-75.07,0.7079,0.49433333333333335,0.4090909090909091,0.3181818181818182,0.045454545454545456,0.22727272727272727
2770,4i,150.0,23,0.2457,19,106.67,False,-42.55,-1.1737,0.7111333333333334,0.391304347826087,0.30434782608695654,0.08695652173913043,0.21739130434782608
2775,4i,150.0,24,0.7029,22,127.38,False,-21.840000000000003,-0.35730000000000006,0.8492,0.4166666666666667,0.2916666666666667,0.08333333333333333,0.20833333333333334
2780,4i,150.0,24,0.1867,23,141.23,False,-7.990000000000009,-0.5767,0.9415333333333332,0.4166666666666667,0.2916666666666667,0.08333333333333333,0.20833333333333334
2785,4i,150.0,24,0.0002,24,141.22,False,-7.890000000000015,-0.7065,0.9414666666666667,0.4166666666666667,0.2916666666666667,0.08333333333333333,0.20833333333333334
2790,4i,150.0,26,1.2473,24,141.22,False,-5.240000000000009,-0.11819999999999986,0.9414666666666667,0.46153846153846156,0.2692307692307692,0.07692307692307693,0.19230769230769232
2795,4i,150.0,24,2.7118,19,141.22,False,67.07,1.6769000000000003,0.9414666666666667,0.5,0.25,0.041666666666666664,0.20833333333333334
2800,4i,150.0,26,3.1569,19,141.22,False,34.55,2.9112,0.9414666666666667,0.5384615384615384,0.23076923076923078,0.038461538461538464,0.19230769230769232
2805,4i,150.0,28,2.0589,21,141.22,False,13.840000000000003,1.3559999999999999,0.9414666666666667,0.5714285714285714,0.21428571428571427,0.03571428571428571,0.17857142857142858
2810,4i,150.0,29,0.9744,24,141.22,False,-0.009999999999990905,0.7877000000000001,0.9414666666666667,0.5862068965517241,0.20689655172413793,0.034482758620689655,0.1724137931034483
2815,4i,150.0,29,0.4171,28,141.22,False,0.0,0.41690000000000005,0.9414666666666667,0.5862068965517241,0.20689655172413793,0.034482758620689655,0.1724137931034483
2820,4i,150.0,28,0.0013,28,141.22,False,0.0,-1.246,0.9414666666666667,0.5714285714285714,0.21428571428571427,0.03571428571428571,0.17857142857142858
2825,4i,150.0,26,0.0365,26,141.22,False,0.0,-2.6753,0.9414666666666667,0.5384615384615384,0.23076923076923078,0.038461538461538464,0.19230769230769232
2830,4i,150.0,26,0.9307,21,141.22,False,0.0,-2.2262,0.9414666666666667,0.5384615384615384,0.23076923076923078,0.07692307692307693,0.15384615384615385
2835,4i,150.0,26,0.5037,21,141.22,False,0.0,-1.5552,0.9414666666666667,0.5384615384615384,0.23076923076923078,0.07692307692307693,0.15384615384615385
2840,4i,150.0,26,0.0871,24,141.22,False,0.0,-0.8873000000000001,0.9414666666666667,0.5384615384615384,0.23076923076923078,0.07692307692307693,0.15384615384615385
2845,4i,150.0,26,0.2663,24,141.22,False,0.0,-0.15080000000000005,0.9414666666666667,0.5384615384615384,0.23076923076923078,0.07692307692307693,0.15384615384615385
2850,4i,150.0,27,0.9515,22,141.22,False,0.0,0.9502,0.9414666666666667,0.5185185185185185,0.2222222222222222,0.07407407407407407,0.18518518518518517
2855,4i,150.0,27,0.4328,25,141.22,False,0.0,0.39630000000000004,0.9414666666666667,0.5185185185185185,0.2222222222222222,0.07407407407407407,0.18518518518518517
2860,4i,150.0,27,0.3561,25,141.05,False,-0.1699999999999875,-0.5746,0.9403333333333334,0.5185185185185185,0.2222222222222222,0.07407407407407407,0.18518518518518517
2865,4i,150.0,28,0.5795,27,139.77,False,-1.4499999999999886,0.07579999999999998,0.9318000000000001,0.5357142857142857,0.21428571428571427,0.07142857142857142,0.17857142857142858
2870,4i,150.0,28,0.5165,25,138.21,False,-3.009999999999991,0.42939999999999995,0.9214000000000001,0.5357142857142857,0.21428571428571427,0.07142857142857142,0.17857142857142858
2875,4i,150.0,29,0.129,27,149.61,True,8.390000000000015,-0.13729999999999998,0.9974000000000001,0.5172413793103449,0.2413793103448276,0.06896551724137931,0.1724137931034483
2880,4i,150.0,29,0.0318,29,148.72,True,7.5,-0.9197,0.9914666666666666,0.5172413793103449,0.2413793103448276,0.06896551724137931,0.1724137931034483
2885,4i,150.0,28,0.5449,27,147.95,True,6.72999999999999,0.11210000000000003,0.9863333333333333,0.5,0.25,0.10714285714285714,0.14285714285714285
2890,4i,150.0,28,0.3382,27,147.89,True,6.839999999999975,-0.017900000000000027,0.9859333333333332,0.5,0.25,0.10714285714285714,0.14285714285714285
2895,4i,150.0,28,0.6666,27,147.89,True,8.119999999999976,0.08709999999999996,0.9859333333333332,0.5,0.2857142857142857,0.07142857142857142,0.14285714285714285
2900,4i,150.0,28,0.4728,27,147.89,True,9.679999999999978,-0.04369999999999996,0.9859333333333332,0.5,0.2857142857142857,0.07142857142857142,0.14285714285714285
2905,4i,150.0,28,0.0015,27,147.89,True,-1.7200000000000273,-0.1275,0.9859333333333332,0.5,0.2857142857142857,0.07142857142857142,0.14285714285714285
2910,4i,150.0,28,0.0,28,147.89,True,-0.8300000000000125,-0.0318,0.9859333333333332,0.5,0.2857142857142857,0.07142857142857142,0.14285714285714285
2915,4i,150.0,27,0.685,25,147.89,True,-0.060000000000002274,0.1401,0.9859333333333332,0.4444444444444444,0.3333333333333333,0.07407407407407407,0.14814814814814814
2920,4i,150.0,26,0.6087,22,147.89,True,0.0,0.2705,0.9859333333333332,0.4230769230769231,0.34615384615384615,0.07692307692307693,0.15384615384615385
2925,4i,150.0,26,0.0872,26,147.89,True,0.0,-0.5793999999999999,0.9859333333333332,0.4230769230769231,0.34615384615384615,0.07692307692307693,0.15384615384615385
2930,4i,150.0,27,0.7494,26,147.89,True,0.0,0.27659999999999996,0.9859333333333332,0.4074074074074074,0.37037037037037035,0.07407407407407407,0.14814814814814814
2935,4i,150.0,27,0.7562,21,147.89,True,0.0,0.7547,0.9859333333333332,0.4074074074074074,0.37037037037037035,0.07407407407407407,0.14814814814814814
2940,4i,150.0,27,0.341,24,147.6,True,-0.28999999999999204,0.341,0.984,0.4074074074074074,0.37037037037037035,0.07407407407407407,0.14814814814814814
2945,4i,150.0,27,0.0742,27,146.62,True,-1.2699999999999818,-0.6108,0.9774666666666667,0.4074074074074074,0.37037037037037035,0.07407407407407407,0.14814814814814814
2950,4i,150.0,28,0.6843,27,146.23,True,-1.6599999999999966,0.0756,0.9748666666666665,0.42857142857142855,0.35714285714285715,0.07142857142857142,0.14285714285714285
2955,4i,150.0,28,0.1956,27,144.38,False,-3.509999999999991,0.1084,0.9625333333333334,0.42857142857142855,0.35714285714285715,0.07142857142857142,0.14285714285714285
2960,4i,150.0,28,0.0013,28,143.91,False,-3.9799999999999898,-0.7481,0.9594,0.42857142857142855,0.35714285714285715,0.07142857142857142,0.14285714285714285
2965,4i,150.0,29,0.5645,28,143.89,False,-4.0,-0.19169999999999998,0.9592666666666666,0.4482758620689655,0.3448275862068966,0.06896551724137931,0.13793103448275862
2970,4i,150.0,29,0.2781,28,143.89,False,-3.710000000000008,-0.06290000000000001,0.9592666666666666,0.4482758620689655,0.3448275862068966,0.06896551724137931,0.13793103448275862
2975,4i,150.0,27,0.0093,27,143.89,False,-2.730000000000018,-0.0649,0.9592666666666666,0.4444444444444444,0.3333333333333333,0.07407407407407407,0.14814814814814814
2980,4i,150.0,27,0.0,27,143.89,False,-2.3400000000000034,-0.6843,0.9592666666666666,0.4444444444444444,0.3333333333333333,0.07407407407407407,0.14814814814814814
2985,4i,150.0,28,0.6448,27,143.89,False,-0.4900000000000091,0.44920000000000004,0.9592666666666666,0.4642857142857143,0.32142857142857145,0.07142857142857142,0.14285714285714285
2990,4i,150.0,28,0.3083,27,143.89,False,-0.020000000000010232,0.307,0.9592666666666666,0.4642857142857143,0.32142857142857145,0.07142857142857142,0.14285714285714285
2995,4i,150.0,27,0.0,27,143.89,False,0.0,-0.5645,0.9592666666666666,0.4444444444444444,0.3333333333333333,0.07407407407407407,0.14814814814814814
3000,4i,150.0,28,0.5993,27,143.89,False,0.0,0.32120000000000004,0.9592666666666666,0.4642857142857143,0.32142857142857145,0.07142857142857142,0.14285714285714285
3005,4i,150.0,26,0.2863,24,143.89,False,0.0,0.277,0.9592666666666666,0.46153846153846156,0.3076923076923077,0.07692307692307693,0.15384615384615385
3010,4i,150.0,25,0.47,18,143.89,False,0.0,0.47,0.9592666666666666,0.44,0.32,0.08,0.16
3015,4i,150.0,25,0.3217,18,143.89,False,0.0,-0.32310000000000005,0.9592666666666666,0.44,0.32,0.08,0.16
3020,4i,150.0,26,0.8928,22,143.89,False,0.0,0.5845,0.9592666666666666,0.4230769230769231,0.34615384615384615,0.07692307692307693,0.15384615384615385
3025,4i,150.0,26,0.5923,24,143.49,False,-0.39999999999997726,0.5923,0.9566,0.4230769230769231,0.34615384615384615,0.07692307692307693,0.15384615384615385
3030,4i,150.0,27,0.1722,24,149.22,True,5.3300000000000125,-0.42710000000000004,0.9948,0.4444444444444444,0.3333333333333333,0.07407407407407407,0.14814814814814814
3035,4i,150.0,29,0.6527,26,137.2,False,-6.689999999999998,0.36639999999999995,0.9146666666666666,0.4482758620689655,0.3448275862068966,0.06896551724137931,0.13793103448275862
3040,4i,150.0,29,0.1553,28,147.53,True,3.640000000000015,-0.3147,0.9835333333333334,0.4482758620689655,0.3448275862068966,0.06896551724137931,0.13793103448275862
3045,4i,150.0,29,0.0003,29,147.38,True,3.490000000000009,-0.32139999999999996,0.9825333333333333,0.4482758620689655,0.3448275862068966,0.06896551724137931,0.13793103448275862
3050,4i,150.0,29,0.0,29,147.37,True,3.480000000000018,-0.8928,0.9824666666666667,0.4482758620689655,0.3448275862068966,0.06896551724137931,0.13793103448275862
3055,4i,150.0,30,0.561,29,147.37,True,3.8799999999999955,-0.031299999999999994,0.9824666666666667,0.43333333333333335,0.36666666666666664,0.06666666666666667,0.13333333333333333
3060,4i,150.0,30,0.3146,29,147.37,True,-1.8499999999999943,0.1424,0.9824666666666667,0.43333333333333335,0.36666666666666664,0.06666666666666667,0.13333333333333333
3065,4i,150.0,27,0.3316,24,147.37,True,10.170000000000016,-0.32109999999999994,0.9824666666666667,0.48148148148148145,0.3333333333333333,0.037037037037037035,0.14814814814814814
3070,4i,150.0,25,0.9852,21,147.37,True,-0.1599999999999966,0.8299,0.9824666666666667,0.48,0.28,0.08,0.16
3075,4i,150.0,22,0.4938,21,147.37,True,-0.009999999999990905,0.4935,0.9824666666666667,0.4090909090909091,0.3181818181818182,0.09090909090909091,0.18181818181818182
3080,4i,150.0,21,0.0,21,147.37,True,0.0,0.0,0.9824666666666667,0.42857142857142855,0.3333333333333333,0.047619047619047616,0.19047619047619047
3085,4i,150.0,21,0.0,21,147.37,True,0.0,-0.561,0.9824666666666667,0.42857142857142855,0.3333333333333333,0.047619047619047616,0.19047619047619047
3090,4i,150.0,22,0.9706,21,147.37,True,0.0,0.656,0.9824666666666667,0.4090909090909091,0.36363636363636365,0.045454545454545456,0.18181818181818182
3095,4i,150.0,20,0.4753,18,147.37,True,0.0,0.1437,0.9824666666666667,0.35,0.4,0.05,0.2
3100,4i,150.0,20,1.3721,15,147.37,True,0.0,0.38690000000000013,0.9824666666666667,0.3,0.45,0.05,0.2
3105,4i,150.0,20,1.0867,15,147.37,True,0.0,0.5929,0.9824666666666667,0.3,0.45,0.05,0.2
3110,4i,150.0,20,0.5126,14,147.37,True,0.0,0.5126,0.9824666666666667,0.3,0.45,0.05,0.2
3115,4i,150.0,20,0.3877,15,147.2,True,-0.17000000000001592,0.3877,0.9813333333333333,0.3,0.45,0.05,0.2
3120,4i,150.0,20,0.3471,15,143.98,False,-3.390000000000015,-0.6234999999999999,0.9598666666666666,0.3,0.45,0.05,0.2
3125,4i,150.0,22,1.0525,19,132.65,False,-14.719999999999999,0.5771999999999999,0.8843333333333334,0.3181818181818182,0.45454545454545453,0.045454545454545456,0.18181818181818182
3130,4i,150.0,23,0.3625,22,147.55,True,0.18000000000000682,-1.0096,0.9836666666666667,0.34782608695652173,0.43478260869565216,0.043478260869565216,0.17391304347826086
3135,4i,150.0,24,0.6875,23,146.91,True,-0.46000000000000796,-0.3992,0.9793999999999999,0.3333333333333333,0.4583333333333333,0.041666666666666664,0.16666666666666666
3140,4i,150.0,24,0.5403,23,146.89,True,-0.4800000000000182,0.027700000000000058,0.9792666666666666,0.3333333333333333,0.4583333333333333,0.041666666666666664,0.16666666666666666
3145,4i,150.0,24,0.0805,23,146.89,True,-0.3100000000000023,-0.3072,0.9792666666666666,0.3333333333333333,0.4583333333333333,0.041666666666666664,0.16666666666666666
3150,4i,150.0,24,0.0,24,146.89,True,2.9099999999999966,-0.3471,0.9792666666666666,0.3333333333333333,0.4583333333333333,0.041666666666666664,0.16666666666666666
3155,4i,150.0,20,0.0,20,146.89,True,14.23999999999998,-1.0525,0.9792666666666666,0.4,0.35,0.05,0.2
3160,4i,150.0,21,0.9287,20,146.89,True,-0.660000000000025,0.5662,0.9792666666666666,0.42857142857142855,0.3333333333333333,0.047619047619047616,0.19047619047619047
3165,4i,150.0,20,0.0,20,146.89,True,-0.020000000000010232,-0.6875,0.9792666666666666,0.4,0.35,0.05,0.2
3170,4i,150.0,21,0.7156,20,146.89,True,0.0,0.1753,0.9792666666666666,0.38095238095238093,0.38095238095238093,0.047619047619047616,0.19047619047619047
3175,4i,150.0,21,0.7517,20,146.89,True,0.0,0.6712,0.9792666666666666,0.38095238095238093,0.38095238095238093,0.047619047619047616,0.19047619047619047
3180,4i,150.0,20,0.0,20,146.89,True,0.0,0.0,0.9792666666666666,0.4,0.35,0.05,0.2
3185,4i,150.0,18,0.0865,17,146.89,True,0.0,0.0865,0.9792666666666666,0.3333333333333333,0.3888888888888889,0.05555555555555555,0.2222222222222222
3190,4i,150.0,17,0.5093,13,146.89,True,0.0,-0.4194,0.9792666666666666,0.35294117647058826,0.35294117647058826,0.058823529411764705,0.23529411764705882
3195,4i,150.0,18,1.5527,12,146.89,True,0.0,1.5527,0.9792666666666666,0.3888888888888889,0.3333333333333333,0.05555555555555555,0.2222222222222222
3200,4i,150.0,18,0.6886,11,146.89,True,0.0,-0.027000000000000024,0.9792666666666666,0.3888888888888889,0.3333333333333333,0.05555555555555555,0.2222222222222222
3205,4i,150.0,19,1.5307,12,146.46,True,-0.4299999999999784,0.7789999999999999,0.9764,0.42105263157894735,0.3157894736842105,0.05263157894736842,0.21052631578947367
3210,4i,150.0,20,0.9431,13,148.3,True,1.410000000000025,0.9431,0.9886666666666667,0.45,0.3,0.05,0.2
3215,4i,150.0,21,0.303,17,121.32,False,-25.569999999999993,0.2165,0.8088,0.47619047619047616,0.2857142857142857,0.047619047619047616,0.19047619047619047
3220,4i,150.0,22,0.0878,21,140.47,False,-6.4199999999999875,-0.4215,0.9364666666666667,0.45454545454545453,0.2727272727272727,0.045454545454545456,0.22727272727272727
3225,4i,150.0,22,0.0037,22,143.93,False,-2.9599999999999795,-1.549,0.9595333333333333,0.45454545454545453,0.2727272727272727,0.045454545454545456,0.22727272727272727
3230,4i,150.0,23,0.7447,22,143.89,False,-3.0,0.05610000000000004,0.9592666666666666,0.4782608695652174,0.2608695652173913,0.043478260869565216,0.21739130434782608
3235,4i,150.0,23,0.168,22,143.89,False,-2.5700000000000216,-1.3627,0.9592666666666666,0.4782608695652174,0.2608695652173913,0.043478260869565216,0.21739130434782608
3240,4i,150.0,24,0.818,23,143.89,False,-4.410000000000025,-0.1251000000000001,0.9592666666666666,0.5,0.25,0.041666666666666664,0.20833333333333334
3245,4i,150.0,20,0.0,20,143.89,False,22.569999999999993,-0.303,0.9592666666666666,0.4,0.3,0.05,0.25
3250,4i,150.0,20,0.0,20,143.89,False,3.4199999999999875,-0.0878,0.9592666666666666,0.4,0.3,0.05,0.25
3255,4i,150.0,20,0.0,20,143.89,False,-0.040000000000020464,-0.0037,0.9592666666666666,0.4,0.3,0.05,0.25
3260,4i,150.0,20,0.0,20,143.89,False,0.0,-0.7447,0.9592666666666666,0.4,0.3,0.05,0.25
3265,4i,150.0,23,2.3035,20,143.89,False,0.0,2.1355,0.9592666666666666,0.4782608695652174,0.2608695652173913,0.043478260869565216,0.21739130434782608
3270,4i,150.0,24,2.2168,20,143.89,False,0.0,1.3988,0.9592666666666666,0.5,0.25,0.041666666666666664,0.20833333333333334
3275,4i,150.0,22,1.0821,18,143.89,False,0.0,1.0821,0.9592666666666666,0.45454545454545453,0.2727272727272727,0.045454545454545456,0.22727272727272727
3280,4i,150.0,21,0.308,18,143.89,False,0.0,0.308,0.9592666666666666,0.42857142857142855,0.2857142857142857,0.047619047619047616,0.23809523809523808
3285,4i,150.0,21,0.2079,21,143.89,False,0.0,0.2079,0.9592666666666666,0.42857142857142855,0.2857142857142857,0.047619047619047616,0.23809523809523808
3290,4i,150.0,21,0.2354,21,143.89,False,0.0,0.2354,0.9592666666666666,0.42857142857142855,0.2857142857142857,0.047619047619047616,0.23809523809523808
3295,4i,150.0,21,0.2179,20,143.54,False,-0.3499999999999943,-2.0856,0.9569333333333333,0.42857142857142855,0.2857142857142857,0.047619047619047616,0.23809523809523808
3300,4i,150.0,22,0.9816,21,140.76,False,-3.1299999999999955,-1.2352,0.9383999999999999,0.45454545454545453,0.2727272727272727,0.045454545454545456,0.22727272727272727
3305,4i,150.0,23,0.9448,21,138.14,False,-5.75,-0.1373000000000001,0.9209333333333333,0.43478260869565216,0.30434782608695654,0.043478260869565216,0.21739130434782608
3310,4i,150.0,23,0.628,22,137.34,False,-6.549999999999983,0.32,0.9156,0.43478260869565216,0.30434782608695654,0.043478260869565216,0.21739130434782608
3315,4i,150.0,23,0.0473,22,137.1,False,-6.789999999999992,-0.1606,0.9139999999999999,0.43478260869565216,0.30434782608695654,0.043478260869565216,0.21739130434782608
3320,4i,150.0,23,0.0,23,137.09,False,-6.799999999999983,-0.2354,0.9139333333333334,0.43478260869565216,0.30434782608695654,0.043478260869565216,0.21739130434782608
3325,4i,150.0,23,0.0,23,137.09,False,-6.449999999999989,-0.2179,0.9139333333333334,0.43478260869565216,0.30434782608695654,0.043478260869565216,0.21739130434782608
3330,4i,150.0,23,0.0,23,137.09,False,-3.6699999999999875,-0.9816,0.9139333333333334,0.43478260869565216,0.30434782608695654,0.043478260869565216,0.21739130434782608
3335,4i,150.0,21,0.0,21,137.09,False,-1.049999999999983,-0.9448,0.9139333333333334,0.38095238095238093,0.3333333333333333,0.047619047619047616,0.23809523809523808
3340,4i,150.0,23,1.4433,21,137.09,False,-0.25,0.8153,0.9139333333333334,0.391304347826087,0.30434782608695654,0.08695652173913043,0.21739130434782608
3345,4i,150.0,23,0.9749,21,137.09,False,-0.009999999999990905,0.9276,0.9139333333333334,0.391304347826087,0.30434782608695654,0.08695652173913043,0.21739130434782608
3350,4i,150.0,22,0.0176,21,137.09,False,0.0,0.0176,0.9139333333333334,0.4090909090909091,0.3181818181818182,0.045454545454545456,0.22727272727272727
3355,4i,150.0,22,0.0,22,137.09,False,0.0,0.0,0.9139333333333334,0.4090909090909091,0.3181818181818182,0.045454545454545456,0.22727272727272727
3360,4i,150.0,22,0.0,22,137.09,False,0.0,0.0,0.9139333333333334,0.4090909090909091,0.3181818181818182,0.045454545454545456,0.22727272727272727
3365,4i,150.0,21,0.4584,17,137.09,False,0.0,0.4584,0.9139333333333334,0.42857142857142855,0.3333333333333333,0.047619047619047616,0.19047619047619047
3370,4i,150.0,24,3.0515,9,148.51,True,11.419999999999987,1.6081999999999999,0.9900666666666667,0.5,0.2916666666666667,0.041666666666666664,0.16666666666666666
3375,4i,150.0,28,3.7631,13,121.09,False,-16.0,2.7882000000000002,0.8072666666666667,0.5,0.32142857142857145,0.03571428571428571,0.14285714285714285
3380,4i,150.0,32,3.1211,21,143.11,False,6.02000000000001,3.1035000000000004,0.9540666666666667,0.53125,0.3125,0.03125,0.125
3385,4i,150.0,34,1.4001,21,149.48,True,12.389999999999986,1.4001,0.9965333333333333,0.5294117647058824,0.3235294117647059,0.029411764705882353,0.11764705882352941
3390,4i,150.0,34,0.4621,26,146.72,True,9.629999999999995,0.4621,0.9781333333333333,0.5294117647058824,0.3235294117647059,0.029411764705882353,0.11764705882352941
3395,4i,150.0,34,0.1796,30,128.86,False,-8.22999999999999,-0.27879999999999994,0.8590666666666668,0.5294117647058824,0.3235294117647059,0.029411764705882353,0.11764705882352941
3400,4i,150.0,35,0.1116,34,146.53,True,-1.9799999999999898,-2.9398999999999997,0.9768666666666667,0.5142857142857142,0.34285714285714286,0.02857142857142857,0.11428571428571428
3405,4i,150.0,35,0.0033,35,145.92,True,24.829999999999984,-3.7598000000000003,0.9727999999999999,0.5142857142857142,0.34285714285714286,0.02857142857142857,0.11428571428571428
3410,4i,150.0,37,0.6859,35,145.9,True,2.789999999999992,-2.4352,0.9726666666666667,0.4864864864864865,0.35135135135135137,0.02702702702702703,0.13513513513513514
3415,4i,150.0,37,0.4512,35,145.89,True,-3.5900000000000034,-0.9488999999999999,0.9725999999999999,0.4864864864864865,0.35135135135135137,0.02702702702702703,0.13513513513513514
3420,4i,150.0,37,0.036,36,145.89,True,-0.8300000000000125,-0.42610000000000003,0.9725999999999999,0.4864864864864865,0.35135135135135137,0.02702702702702703,0.13513513513513514
3425,4i,150.0,33,0.1496,32,145.89,True,17.029999999999973,-0.03,0.9725999999999999,0.5151515151515151,0.30303030303030304,0.030303030303030304,0.15151515151515152
3430,4i,150.0,32,0.0,32,145.89,True,-0.6400000000000148,-0.1116,0.9725999999999999,0.5,0.3125,0.03125,0.15625
3435,4i,150.0,32,0.0,32,145.89,True,-0.030000000000001137,-0.0033,0.9725999999999999,0.5,0.3125,0.03125,0.15625
3440,4i,150.0,33,0.5669,32,145.89,True,-0.010000000000019327,-0.119,0.9725999999999999,0.5151515151515151,0.30303030303030304,0.030303030303030304,0.15151515151515152
3445,4i,150.0,34,0.6717,32,145.89,True,0.0,0.22049999999999997,0.9725999999999999,0.5294117647058824,0.29411764705882354,0.029411764705882353,0.14705882352941177
3450,4i,150.0,34,0.2494,33,145.89,True,0.0,0.2134,0.9725999999999999,0.5294117647058824,0.29411764705882354,0.029411764705882353,0.14705882352941177
3455,4i,150.0,32,0.4275,29,145.89,True,0.0,0.2779,0.9725999999999999,0.53125,0.28125,0.03125,0.15625
3460,4i,150.0,31,0.3214,26,145.89,True,0.0,0.3214,0.9725999999999999,0.5161290322580645,0.2903225806451613,0.03225806451612903,0.16129032258064516
3465,4i,150.0,31,0.0431,29,145.89,True,0.0,0.0431,0.9725999999999999,0.5161290322580645,0.2903225806451613,0.03225806451612903,0.16129032258064516
3470,4i,150.0,31,0.1221,30,145.89,True,0.0,-0.4448,0.9725999999999999,0.5161290322580645,0.2903225806451613,0.03225806451612903,0.16129032258064516
3475,4i,150.0,32,0.6691,29,145.89,True,0.0,-0.0025999999999999357,0.9725999999999999,0.5,0.3125,0.03125,0.15625
3480,4i,150.0,33,0.7166,30,145.88,True,-0.009999999999990905,0.4672,0.9725333333333332,0.5151515151515151,0.30303030303030304,0.030303030303030304,0.15151515151515152
3485,4i,150.0,33,0.3405,31,145.86,True,-0.029999999999972715,-0.08699999999999997,0.9724,0.5151515151515151,0.30303030303030304,0.030303030303030304,0.15151515151515152
3490,4i,150.0,33,0.0005,33,145.86,True,-0.029999999999972715,-0.3209,0.9724,0.5151515151515151,0.30303030303030304,0.030303030303030304,0.15151515151515152
3495,4i,150.0,33,0.0179,32,145.86,True,-0.029999999999972715,-0.0252,0.9724,0.5151515151515151,0.30303030303030304,0.030303030303030304,0.15151515151515152
3500,4i,150.0,33,0.0007,33,145.86,True,-0.029999999999972715,-0.1214,0.9724,0.5151515151515151,0.30303030303030304,0.030303030303030304,0.15151515151515152
3505,4i,150.0,33,0.0044,33,145.86,True,-0.029999999999972715,-0.6647000000000001,0.9724,0.5151515151515151,0.30303030303030304,0.030303030303030304,0.15151515151515152
3510,4i,150.0,35,0.8879,33,145.86,True,-0.01999999999998181,0.1713,0.9724,0.4857142857142857,0.34285714285714286,0.02857142857142857,0.14285714285714285
3515,4i,150.0,32,0.4993,30,145.86,True,0.0,0.1588,0.9724,0.4375,0.375,0.03125,0.15625
3520,4i,150.0,32,0.238,31,145.86,True,0.0,0.2375,0.9724,0.4375,0.375,0.03125,0.15625
3525,4i,150.0,31,0.0886,30,145.86,True,0.0,0.0707,0.9724,0.45161290322580644,0.3548387096774194,0.03225806451612903,0.16129032258064516
3530,4i,150.0,31,0.0956,31,145.86,True,0.0,0.0949,0.9724,0.45161290322580644,0.3548387096774194,0.03225806451612903,0.16129032258064516
3535,4i,150.0,31,0.2109,29,145.22,True,-0.6400000000000148,0.20650000000000002,0.9681333333333333,0.45161290322580644,0.3548387096774194,0.03225806451612903,0.16129032258064516
3540,4i,150.0,32,0.0601,31,149.87,True,4.009999999999991,-0.8278,0.9991333333333333,0.4375,0.375,0.03125,0.15625
3545,4i,150.0,33,0.9753,27,149.03,True,3.1699999999999875,0.4759999999999999,0.9935333333333334,0.45454545454545453,0.3939393939393939,0.030303030303030304,0.12121212121212122
3550,4i,150.0,33,0.5681,29,149.02,True,3.1599999999999966,0.33010000000000006,0.9934666666666667,0.45454545454545453,0.3939393939393939,0.030303030303030304,0.12121212121212122
3555,4i,150.0,33,0.4267,27,149.02,True,3.1599999999999966,0.3381,0.9934666666666667,0.45454545454545453,0.3939393939393939,0.030303030303030304,0.12121212121212122
3560,4i,150.0,35,0.8686,30,149.02,True,3.1599999999999966,0.773,0.9934666666666667,0.4857142857142857,0.37142857142857144,0.02857142857142857,0.11428571428571428
3565,4i,150.0,36,0.7748,30,149.02,True,3.8000000000000114,0.5639000000000001,0.9934666666666667,0.5,0.3611111111111111,0.027777777777777776,0.1111111111111111
3570,4i,150.0,36,0.2388,33,149.02,True,-0.8499999999999943,0.17870000000000003,0.9934666666666667,0.5,0.3611111111111111,0.027777777777777776,0.1111111111111111
3575,4i,150.0,36,0.2956,33,149.02,True,-0.009999999999990905,-0.6797,0.9934666666666667,0.5,0.3611111111111111,0.027777777777777776,0.1111111111111111
3580,4i,150.0,38,0.6482,35,149.02,True,0.0,0.08009999999999995,0.9934666666666667,0.5,0.3684210526315789,0.02631578947368421,0.10526315789473684
3585,4i,150.0,38,0.5386,36,149.02,True,0.0,0.11189999999999994,0.9934666666666667,0.5,0.3684210526315789,0.02631578947368421,0.10526315789473684
3590,4i,150.0,38,0.6736,30,149.02,True,0.0,-0.19500000000000006,0.9934666666666667,0.5,0.3684210526315789,0.02631578947368421,0.10526315789473684
3595,4i,150.0,38,0.1382,34,149.02,True,0.0,-0.6366,0.9934666666666667,0.5,0.3684210526315789,0.02631578947368421,0.10526315789473684
3600,4i,150.0,38,0.3426,33,149.02,True,0.0,0.1038,0.9934666666666667,0.5,0.3684210526315789,0.02631578947368421,0.10526315789473684
