timestamp,approach_edge,camera_range_m,visible_vehicle_count,visible_mean_speed_mps,visible_queue_count,visible_queue_length_m,queue_reaches_camera_edge
0,1i,150.0,0,0.0,0,0.0,False
0,2i,150.0,0,0.0,0,0.0,False
0,3i,150.0,0,0.0,0,0.0,False
0,4i,150.0,0,0.0,0,0.0,False
5,1i,150.0,0,0.0,0,0.0,False
5,2i,150.0,0,0.0,0,0.0,False
5,3i,150.0,0,0.0,0,0.0,False
5,4i,150.0,0,0.0,0,0.0,False
10,1i,150.0,0,0.0,0,0.0,False
10,2i,150.0,0,0.0,0,0.0,False
10,3i,150.0,0,0.0,0,0.0,False
10,4i,150.0,0,0.0,0,0.0,False
15,1i,150.0,2,25.5539,0,0.0,False
15,2i,150.0,3,26.0733,0,0.0,False
15,3i,150.0,3,24.0782,0,0.0,False
15,4i,150.0,1,25.0987,0,0.0,False
20,1i,150.0,3,15.9066,0,0.0,False
20,2i,150.0,4,15.9221,0,0.0,False
20,3i,150.0,3,15.4344,0,0.0,False
20,4i,150.0,3,15.6018,0,0.0,False
25,1i,150.0,4,8.753,1,1.0,False
25,2i,150.0,4,3.5108,3,1.0,False
25,3i,150.0,1,0.0,1,1.0,False
25,4i,150.0,3,11.2658,1,1.0,False
30,1i,150.0,5,5.6806,2,1.0,False
30,2i,150.0,5,3.4557,3,1.0,False
30,3i,150.0,1,0.0,1,1.0,False
30,4i,150.0,3,9.4564,1,1.0,False
35,1i,150.0,7,6.7955,3,1.0,False
35,2i,150.0,8,7.5658,4,5.0,False
35,3i,150.0,1,18.9865,0,0.0,False
35,4i,150.0,2,6.9602,1,1.0,False
40,1i,150.0,9,5.3259,4,8.01,False
40,2i,150.0,9,4.2185,5,9.0,False
40,3i,150.0,1,11.5785,0,0.0,False
40,4i,150.0,2,0.0,1,1.0,False
45,1i,150.0,10,3.5026,7,27.76,False
45,2i,150.0,10,2.8967,8,13.01,False
45,3i,150.0,1,0.0,1,1.0,False
45,4i,150.0,3,5.4531,2,1.0,False
50,1i,150.0,9,9.1114,3,30.87,False
50,2i,150.0,8,10.9443,3,16.28,False
50,3i,150.0,2,6.9917,1,1.0,False
50,4i,150.0,3,0.7865,2,1.0,False
55,1i,150.0,8,10.2064,2,13.71,False
55,2i,150.0,5,8.4146,2,5.0,False
55,3i,150.0,5,15.847,1,1.0,False
55,4i,150.0,5,10.3228,3,8.0,False
60,1i,150.0,5,7.686,3,17.74,False
60,2i,150.0,4,4.0975,3,9.01,False
60,3i,150.0,5,6.8323,2,13.72,False
60,4i,150.0,6,6.2343,3,8.0,False
65,1i,150.0,4,4.7657,3,17.71,False
65,2i,150.0,5,6.9796,3,9.0,False
65,3i,150.0,5,0.0011,4,26.42,False
65,4i,150.0,6,1.7883,4,8.0,False
70,1i,150.0,6,9.951,3,17.71,False
70,2i,150.0,4,4.7678,3,9.0,False
70,3i,150.0,6,3.3547,5,26.42,False
70,4i,150.0,7,3.4205,5,8.0,False
75,1i,150.0,5,2.5359,3,17.71,False
75,2i,150.0,7,7.1549,3,9.0,False
75,3i,150.0,6,1.0268,5,26.42,False
75,4i,150.0,7,1.2805,5,8.0,False
80,1i,150.0,6,5.4071,2,21.72,False
80,2i,150.0,6,8.8565,1,0.99,False
80,3i,150.0,6,0.001,6,30.43,False
80,4i,150.0,7,0.014,7,26.11,False
85,1i,150.0,8,10.7031,1,1.0,False
85,2i,150.0,7,9.4695,1,0.99,False
85,3i,150.0,7,1.9895,6,30.42,False
85,4i,150.0,8,2.2336,7,26.04,False
90,1i,150.0,9,7.278,3,5.0,False
90,2i,150.0,9,6.573,4,8.01,False
90,3i,150.0,7,0.0848,6,30.42,False
90,4i,150.0,8,0.5029,7,26.04,False
95,1i,150.0,9,1.6834,4,8.0,False
95,2i,150.0,10,4.9419,6,16.02,False
95,3i,150.0,7,10.6322,2,33.61,False
95,4i,150.0,6,8.3495,2,29.33,False
100,1i,150.0,11,3.648,8,26.05,False
100,2i,150.0,13,6.9542,7,16.0,False
100,3i,150.0,5,10.264,1,1.0,False
100,4i,150.0,6,8.5933,1,1.0,False
105,1i,150.0,13,3.8442,9,30.05,False
105,2i,150.0,13,3.0987,9,20.01,False
105,3i,150.0,2,0.8623,1,1.0,False
105,4i,150.0,2,5.8372,1,1.0,False
110,1i,150.0,14,2.744,9,30.05,False
110,2i,150.0,14,1.1345,10,27.01,False
110,3i,150.0,2,0.0,2,5.0,False
110,4i,150.0,2,2.0872,1,1.0,False
115,1i,150.0,14,0.4932,11,30.05,False
115,2i,150.0,15,1.0788,13,34.01,False
115,3i,150.0,3,5.677,2,5.0,False
115,4i,150.0,3,5.5613,2,5.0,False
120,1i,150.0,18,3.7375,14,55.1,False
120,2i,150.0,18,2.9661,14,38.01,False
120,3i,150.0,3,4.4249,2,5.0,False
120,4i,150.0,3,4.4513,2,5.0,False
125,1i,150.0,19,2.695,14,55.09,False
125,2i,150.0,19,1.7697,15,42.01,False
125,3i,150.0,2,8.0033,0,0.0,False
125,4i,150.0,3,6.3988,0,0.0,False
130,1i,150.0,20,1.2136,16,62.13,False
130,2i,150.0,20,1.2519,18,46.01,False
130,3i,150.0,2,1.648,1,1.0,False
130,4i,150.0,2,1.378,1,1.0,False
135,1i,150.0,23,2.6188,19,78.81,False
135,2i,150.0,21,1.2242,19,53.01,False
135,3i,150.0,5,14.4883,2,13.71,False
135,4i,150.0,5,14.9485,2,13.71,False
140,1i,150.0,18,1.7254,14,82.8,False
140,2i,150.0,19,2.7391,12,57.01,False
140,3i,150.0,5,7.9813,2,13.71,False
140,4i,150.0,5,7.789,2,13.71,False
145,1i,150.0,17,1.6049,12,86.81,False
145,2i,150.0,15,3.4722,8,61.02,False
145,3i,150.0,5,0.2507,3,17.77,False
145,4i,150.0,5,0.5264,3,13.71,False
150,1i,150.0,16,1.8546,10,90.63,False
150,2i,150.0,13,4.1144,4,31.75,False
150,3i,150.0,6,3.3942,5,17.71,False
150,4i,150.0,6,3.5139,5,17.71,False
155,1i,150.0,16,4.0468,6,30.01,False
155,2i,150.0,10,5.4178,5,35.76,False
155,3i,150.0,6,1.1051,5,17.71,False
155,4i,150.0,6,1.1806,5,17.71,False
160,1i,150.0,16,4.7225,6,30.01,False
160,2i,150.0,9,5.8618,5,35.76,False
160,3i,150.0,6,0.0011,6,21.72,False
160,4i,150.0,6,0.0063,6,21.74,False
165,1i,150.0,17,3.9243,8,34.01,False
165,2i,150.0,9,6.4035,5,35.76,False
165,3i,150.0,7,2.5369,6,21.71,False
165,4i,150.0,7,2.6111,6,21.71,False
170,1i,150.0,18,3.854,10,34.01,False
170,2i,150.0,11,8.1852,4,35.76,False
170,3i,150.0,7,0.7501,6,21.71,False
170,4i,150.0,7,0.6395,6,21.71,False
175,1i,150.0,17,3.3246,9,35.21,False
175,2i,150.0,12,5.4965,2,47.26,False
175,3i,150.0,10,7.1021,7,25.72,False
175,4i,150.0,10,6.9688,7,25.72,False
180,1i,150.0,18,1.6014,13,39.02,False
180,2i,150.0,13,3.3653,6,29.09,False
180,3i,150.0,10,3.4996,7,25.72,False
180,4i,150.0,10,3.6667,7,25.72,False
185,1i,150.0,19,1.1355,16,39.01,False
185,2i,150.0,13,0.9134,11,48.69,False
185,3i,150.0,6,1.2589,3,32.72,False
185,4i,150.0,6,1.5606,3,32.72,False
190,1i,150.0,21,1.683,17,46.01,False
190,2i,150.0,15,2.3397,12,48.47,False
190,3i,150.0,5,5.5739,2,8.0,False
190,4i,150.0,4,7.1031,2,5.0,False
195,1i,150.0,23,1.4169,18,59.03,False
195,2i,150.0,16,1.1966,13,48.47,False
195,3i,150.0,3,5.1714,2,8.0,False
195,4i,150.0,3,6.1646,2,5.0,False
200,1i,150.0,23,0.455,21,76.89,False
200,2i,150.0,18,1.6894,15,48.47,False
200,3i,150.0,2,0.0,2,8.0,False
200,4i,150.0,2,0.0,2,5.0,False
205,1i,150.0,25,1.2715,22,83.77,False
205,2i,150.0,21,2.877,16,52.47,False
205,3i,150.0,3,5.2713,2,8.0,False
205,4i,150.0,3,6.7777,2,5.0,False
210,1i,150.0,27,1.2931,23,83.76,False
210,2i,150.0,22,1.9944,17,52.47,False
210,3i,150.0,3,1.7242,2,8.0,False
210,4i,150.0,3,2.8531,2,5.0,False
215,1i,150.0,28,0.6082,24,83.76,False
215,2i,150.0,22,0.3964,20,68.85,False
215,3i,150.0,5,15.7807,1,1.0,False
215,4i,150.0,4,17.4078,1,1.0,False
220,1i,150.0,30,0.9997,27,108.82,False
220,2i,150.0,24,1.3836,22,75.8,False
220,3i,150.0,4,9.5909,1,1.0,False
220,4i,150.0,4,12.3508,1,1.0,False
225,1i,150.0,32,0.9687,29,112.82,False
225,2i,150.0,25,1.2224,22,75.8,False
225,3i,150.0,3,0.0623,2,5.0,False
225,4i,150.0,3,1.8736,1,1.0,False
230,1i,150.0,28,0.8033,23,116.84,False
230,2i,150.0,24,1.8636,17,75.8,False
230,3i,150.0,4,5.5875,3,5.0,False
230,4i,150.0,4,5.3443,3,8.0,False
235,1i,150.0,26,1.4119,20,123.81,False
235,2i,150.0,23,1.9741,15,79.8,False
235,3i,150.0,4,2.1113,3,5.0,False
235,4i,150.0,4,2.0109,3,8.0,False
240,1i,150.0,24,2.6574,17,127.82,False
240,2i,150.0,21,2.5018,12,106.5,False
240,3i,150.0,4,0.0712,4,9.1,False
240,4i,150.0,4,0.0082,4,15.01,False
245,1i,150.0,22,2.1573,13,127.81,False
245,2i,150.0,20,3.018,10,108.43,False
245,3i,150.0,5,3.272,4,9.0,False
245,4i,150.0,5,3.1894,4,15.0,False
250,1i,150.0,21,2.3637,12,131.14,False
250,2i,150.0,17,2.3195,10,73.18,False
250,3i,150.0,5,0.4864,4,9.0,False
250,4i,150.0,5,0.4906,4,15.0,False
255,1i,150.0,21,2.9837,9,39.01,False
255,2i,150.0,19,3.1035,10,73.18,False
255,3i,150.0,7,6.9685,5,13.0,False
255,4i,150.0,8,8.9108,5,19.0,False
260,1i,150.0,23,3.3157,9,39.01,False
260,2i,150.0,20,2.7289,8,73.18,False
260,3i,150.0,8,5.1353,5,13.0,False
260,4i,150.0,8,5.0413,5,19.0,False
265,1i,150.0,22,2.7049,8,43.01,False
265,2i,150.0,20,2.7025,9,77.18,False
265,3i,150.0,8,1.6533,6,17.04,False
265,4i,150.0,8,0.4594,6,23.01,False
270,1i,150.0,22,1.3413,11,41.09,False
270,2i,150.0,21,1.6728,9,76.23,False
270,3i,150.0,9,2.6313,8,17.01,False
270,4i,150.0,9,2.2497,8,23.01,False
275,1i,150.0,24,1.5297,17,56.21,False
275,2i,150.0,24,2.2948,16,64.9,False
275,3i,150.0,4,3.4855,2,16.54,False
275,4i,150.0,5,3.0759,2,22.34,False
280,1i,150.0,26,1.4741,21,79.85,False
280,2i,150.0,25,1.216,21,75.82,False
280,3i,150.0,2,4.0811,1,1.0,False
280,4i,150.0,2,4.5235,1,1.0,False
285,1i,150.0,27,0.694,23,86.77,False
285,2i,150.0,26,0.6499,23,79.8,False
285,3i,150.0,2,8.0873,1,1.0,False
285,4i,150.0,2,10.3826,1,1.0,False
290,1i,150.0,30,1.5198,26,107.84,False
290,2i,150.0,28,1.3182,25,83.8,False
290,3i,150.0,1,0.0,1,1.0,False
290,4i,150.0,1,0.0,1,1.0,False
295,1i,150.0,30,0.7754,28,115.86,False
295,2i,150.0,29,1.1183,26,90.8,False
295,3i,150.0,3,16.3826,1,1.0,False
295,4i,150.0,3,16.8912,1,1.0,False
300,1i,150.0,31,0.3524,29,115.81,False
300,2i,150.0,30,0.5448,27,94.81,False
300,3i,150.0,4,10.3213,1,1.0,False
300,4i,150.0,4,10.3992,1,1.0,False
305,1i,150.0,33,0.2989,30,115.81,False
305,2i,150.0,31,0.1629,29,98.81,False
305,3i,150.0,3,2.5255,1,1.1,False
305,4i,150.0,3,6.552,0,0.0,False
310,1i,150.0,35,0.7807,33,137.88,False
310,2i,150.0,33,0.6674,31,102.81,False
310,3i,150.0,4,5.7346,2,1.0,False
310,4i,150.0,3,8.3848,1,1.0,False
315,1i,150.0,36,0.2999,34,144.9,False
315,2i,150.0,35,0.5655,32,106.82,False
315,3i,150.0,4,2.126,3,1.0,False
315,4i,150.0,3,3.8851,2,1.0,False
320,1i,150.0,31,0.2679,28,144.85,False
320,2i,150.0,33,0.6971,27,113.81,False
320,3i,150.0,4,0.0044,4,5.01,False
320,4i,150.0,3,0.1024,3,13.73,False
325,1i,150.0,30,1.3399,24,144.85,False
325,2i,150.0,33,1.92,24,117.82,False
325,3i,150.0,5,3.8446,4,5.0,False
325,4i,150.0,3,0.0,3,13.71,False
330,1i,150.0,28,1.6584,20,144.85,False
330,2i,150.0,30,1.3847,20,117.81,False
330,3i,150.0,5,1.3179,4,5.0,False
330,4i,150.0,4,3.2103,3,13.71,False
335,1i,150.0,26,1.7757,17,144.85,False
335,2i,150.0,28,1.3146,18,121.81,False
335,3i,150.0,7,6.9303,5,9.01,False
335,4i,150.0,6,8.477,3,13.71,False
340,1i,150.0,23,2.1425,13,144.63,False
340,2i,150.0,27,2.0746,17,125.31,False
340,3i,150.0,8,4.6033,5,9.0,False
340,4i,150.0,7,6.0759,4,20.74,False
345,1i,150.0,25,2.563,12,47.01,False
345,2i,150.0,29,2.8504,14,88.18,False
345,3i,150.0,8,1.4115,5,9.0,False
345,4i,150.0,7,2.0419,4,20.71,False
350,1i,150.0,25,2.2678,12,47.01,False
350,2i,150.0,29,2.4936,15,92.19,False
350,3i,150.0,9,2.7672,7,16.0,False
350,4i,150.0,8,3.4212,6,33.42,False
355,1i,150.0,23,1.905,9,54.01,False
355,2i,150.0,29,1.8911,14,92.18,False
355,3i,150.0,9,1.1406,7,16.0,False
355,4i,150.0,8,1.0901,7,33.42,False
360,1i,150.0,26,2.1258,12,53.46,False
360,2i,150.0,29,1.2416,16,92.18,False
360,3i,150.0,9,0.0183,9,20.09,False
360,4i,150.0,8,0.0054,8,37.44,False
365,1i,150.0,29,1.7203,16,59.17,False
365,2i,150.0,32,1.7176,19,51.07,False
365,3i,150.0,5,4.3742,3,19.45,False
365,4i,150.0,5,3.6264,2,36.9,False
370,1i,150.0,30,0.93,22,77.14,False
370,2i,150.0,33,1.1307,24,66.13,False
370,3i,150.0,3,3.556,2,8.0,False
370,4i,150.0,4,5.6108,1,1.0,False
375,1i,150.0,32,1.1327,26,99.36,False
375,2i,150.0,34,0.7501,29,76.02,False
375,3i,150.0,4,12.1776,2,8.0,False
375,4i,150.0,4,18.6423,1,1.0,False
380,1i,150.0,35,0.9879,29,107.21,False
380,2i,150.0,36,0.7424,33,88.16,False
380,3i,150.0,5,9.2859,2,8.0,False
380,4i,150.0,4,9.5838,1,1.0,False
385,1i,150.0,35,0.4585,34,139.81,False
385,2i,150.0,38,0.8352,34,95.19,False
385,3i,150.0,3,3.2234,2,8.0,False
385,4i,150.0,2,0.1703,2,8.05,False
390,1i,150.0,36,0.0673,35,146.31,True
390,2i,150.0,39,0.4065,35,95.18,False
390,3i,150.0,4,5.9078,2,8.0,False
390,4i,150.0,3,7.2507,2,8.0,False
395,1i,150.0,38,0.8295,36,146.18,True
395,2i,150.0,41,0.3626,38,110.11,False
395,3i,150.0,3,5.1982,0,0.0,False
395,4i,150.0,2,6.6419,0,0.0,False
400,1i,150.0,38,0.4114,36,146.18,True
400,2i,150.0,43,0.4733,41,121.11,False
400,3i,150.0,2,2.5551,0,0.0,False
400,4i,150.0,1,0.0033,1,1.0,False
405,1i,150.0,38,0.04,37,146.18,True
405,2i,150.0,43,0.1733,42,125.11,False
405,3i,150.0,3,5.2791,2,1.0,False
405,4i,150.0,1,0.0,1,1.0,False
410,1i,150.0,35,0.9818,30,146.18,True
410,2i,150.0,41,1.172,34,125.1,False
410,3i,150.0,3,1.4551,2,1.0,False
410,4i,150.0,2,7.167,1,1.0,False
415,1i,150.0,32,1.2799,26,146.18,True
415,2i,150.0,37,0.8313,31,129.11,False
415,3i,150.0,6,12.2335,3,5.0,False
415,4i,150.0,4,14.0264,1,1.0,False
420,1i,150.0,30,1.1301,23,146.18,True
420,2i,150.0,34,0.6496,29,136.11,False
420,3i,150.0,6,6.8063,3,5.0,False
420,4i,150.0,5,10.0186,1,1.0,False
425,1i,150.0,27,1.0653,20,146.18,True
425,2i,150.0,31,0.992,25,140.11,False
425,3i,150.0,6,0.6604,3,5.0,False
425,4i,150.0,5,1.4095,2,5.0,False
430,1i,150.0,26,2.0663,18,145.93,True
430,2i,150.0,29,1.511,22,140.11,False
430,3i,150.0,6,0.0012,6,15.04,False
430,4i,150.0,6,3.3722,5,17.71,False
435,1i,150.0,27,2.3523,15,143.1,False
435,2i,150.0,30,2.0306,19,139.83,False
435,3i,150.0,7,2.3344,6,15.04,False
435,4i,150.0,6,1.3613,5,17.71,False
440,1i,150.0,25,1.764,12,64.01,False
440,2i,150.0,29,1.7399,15,103.19,False
440,3i,150.0,7,1.353,6,15.04,False
440,4i,150.0,6,0.0001,6,21.71,False
445,1i,150.0,26,2.2246,12,64.01,False
445,2i,150.0,31,2.1239,14,107.19,False
445,3i,150.0,8,2.0732,6,15.04,False
445,4i,150.0,7,2.1352,6,21.71,False
450,1i,150.0,29,2.0123,13,71.01,False
450,2i,150.0,33,1.6641,18,119.92,False
450,3i,150.0,8,0.3734,7,16.0,False
450,4i,150.0,7,0.2851,6,21.71,False
455,1i,150.0,30,1.4088,19,82.9,False
455,2i,150.0,34,1.264,21,119.89,False
455,3i,150.0,6,8.4606,3,28.17,False
455,4i,150.0,7,10.9265,2,25.35,False
460,1i,150.0,31,0.7021,23,91.23,False
460,2i,150.0,36,0.7862,23,104.66,False
460,3i,150.0,5,8.6606,2,15.04,False
460,4i,150.0,4,11.1073,1,1.0,False
465,1i,150.0,35,1.1049,28,99.16,False
465,2i,150.0,39,0.9627,28,113.02,False
465,3i,150.0,4,3.1398,3,22.07,False
465,4i,150.0,2,1.2767,1,1.0,False
470,1i,150.0,36,0.5571,32,130.11,False
470,2i,150.0,39,0.4286,34,114.73,False
470,3i,150.0,4,5.1531,3,22.04,False
470,4i,150.0,3,8.0845,2,8.0,False
475,1i,150.0,37,0.064,36,148.12,True
475,2i,150.0,40,0.09,38,125.64,False
475,3i,150.0,4,4.2688,3,22.04,False
475,4i,150.0,3,5.6592,2,8.0,False
480,1i,150.0,37,0.0001,37,147.85,True
480,2i,150.0,43,0.7204,40,129.56,False
480,3i,150.0,3,0.0,3,22.04,False
480,4i,150.0,2,0.0,2,8.0,False
485,1i,150.0,39,0.6881,37,147.85,True
485,2i,150.0,43,0.3875,42,143.6,False
485,3i,150.0,3,6.7206,1,21.73,False
485,4i,150.0,2,12.4416,0,0.0,False
490,1i,150.0,39,0.2758,37,147.85,True
490,2i,150.0,43,0.1081,42,143.6,False
490,3i,150.0,3,3.7336,0,0.0,False
490,4i,150.0,1,8.1574,0,0.0,False
495,1i,150.0,40,0.3988,38,147.85,True
495,2i,150.0,43,0.0,43,143.6,False
495,3i,150.0,6,12.3839,3,8.0,False
495,4i,150.0,4,19.5067,1,1.0,False
500,1i,150.0,37,0.9399,31,147.85,True
500,2i,150.0,41,0.7281,35,143.6,False
500,3i,150.0,6,5.5675,3,8.0,False
500,4i,150.0,4,8.9949,1,1.0,False
505,1i,150.0,34,0.953,28,147.85,True
505,2i,150.0,38,0.6868,33,143.6,False
505,3i,150.0,6,0.0152,5,12.01,False
505,4i,150.0,4,0.0282,4,8.04,False
510,1i,150.0,30,0.6177,25,147.85,True
510,2i,150.0,35,0.6358,29,143.6,False
510,3i,150.0,7,3.3421,6,12.0,False
510,4i,150.0,4,0.0,4,8.0,False
515,1i,150.0,29,1.1337,20,147.85,True
515,2i,150.0,34,1.1976,24,143.6,False
515,3i,150.0,7,1.6537,6,12.0,False
515,4i,150.0,5,2.7425,4,8.0,False
520,1i,150.0,28,1.7984,18,147.65,True
520,2i,150.0,32,1.5811,21,127.86,False
520,3i,150.0,7,0.0178,6,12.0,False
520,4i,150.0,5,1.8425,4,8.0,False
525,1i,150.0,29,1.7209,17,149.25,True
525,2i,150.0,32,1.5018,22,127.86,False
525,3i,150.0,8,1.8981,7,12.0,False
525,4i,150.0,6,3.2578,4,8.0,False
530,1i,150.0,28,1.6428,15,98.1,False
530,2i,150.0,32,1.0807,21,127.86,False
530,3i,150.0,8,0.2084,7,12.0,False
530,4i,150.0,6,0.7758,4,8.0,False
535,1i,150.0,29,2.3621,14,98.1,False
535,2i,150.0,33,1.7356,19,127.86,False
535,3i,150.0,10,4.735,8,19.0,False
535,4i,150.0,9,7.9003,6,26.04,False
540,1i,150.0,30,1.5355,16,102.1,False
540,2i,150.0,35,1.3173,21,127.86,False
540,3i,150.0,11,3.6587,8,19.0,False
540,4i,150.0,9,4.0567,6,26.04,False
545,1i,150.0,34,1.6673,22,101.65,False
545,2i,150.0,36,0.9136,24,131.86,False
545,3i,150.0,8,2.779,4,16.05,False
545,4i,150.0,5,0.9414,2,29.58,False
550,1i,150.0,39,1.4369,25,97.31,False
550,2i,150.0,39,0.9522,24,131.8,False
550,3i,150.0,4,0.0001,4,16.0,False
550,4i,150.0,4,2.6406,2,5.0,False
555,1i,150.0,40,0.5178,36,126.38,False
555,2i,150.0,40,0.7539,30,142.19,False
555,3i,150.0,5,3.4355,4,16.0,False
555,4i,150.0,3,5.046,2,5.0,False
560,1i,150.0,42,0.0983,40,144.55,False
560,2i,150.0,40,0.3078,34,141.69,False
560,3i,150.0,5,3.1911,4,16.0,False
560,4i,150.0,3,4.861,2,5.0,False
565,1i,150.0,43,0.3023,39,148.36,True
565,2i,150.0,40,0.0901,37,141.69,False
565,3i,150.0,5,3.0422,4,16.0,False
565,4i,150.0,3,5.5708,2,5.0,False
570,1i,150.0,44,0.4714,43,148.28,True
570,2i,150.0,42,0.3982,40,141.69,False
570,3i,150.0,5,0.872,4,16.0,False
570,4i,150.0,3,1.5352,2,5.0,False
575,1i,150.0,44,0.5385,35,146.74,True
575,2i,150.0,42,0.1874,41,141.69,False
575,3i,150.0,6,8.7551,2,16.0,False
575,4i,150.0,4,18.217,1,1.0,False
580,1i,150.0,44,0.0593,42,137.23,False
580,2i,150.0,42,0.0002,42,141.69,False
580,3i,150.0,5,9.0009,1,1.0,False
580,4i,150.0,4,11.0853,1,1.0,False
585,1i,150.0,46,0.085,45,147.91,True
585,2i,150.0,44,0.4339,42,141.69,False
585,3i,150.0,5,2.9,2,1.0,False
585,4i,150.0,3,0.9373,2,5.09,False
590,1i,150.0,44,0.5579,40,147.81,True
590,2i,150.0,40,0.4604,36,141.69,False
590,3i,150.0,6,4.2147,4,5.0,False
590,4i,150.0,4,5.5791,3,5.0,False
595,1i,150.0,41,0.7186,35,147.81,True
595,2i,150.0,37,0.6204,31,141.69,False
595,3i,150.0,6,1.6073,4,5.0,False
595,4i,150.0,4,2.0791,3,5.0,False
600,1i,150.0,38,0.9513,30,147.81,True
600,2i,150.0,34,0.8654,28,141.69,False
600,3i,150.0,6,0.0503,6,19.12,False
600,4i,150.0,4,0.002,4,9.0,False
605,1i,150.0,37,1.4392,29,147.81,True
605,2i,150.0,32,1.3569,23,141.16,False
605,3i,150.0,7,2.732,6,19.04,False
605,4i,150.0,4,0.0,4,9.0,False
610,1i,150.0,34,1.327,26,147.81,True
610,2i,150.0,32,1.8567,22,131.86,False
610,3i,150.0,7,0.7572,6,19.04,False
610,4i,150.0,5,2.3709,4,9.0,False
615,1i,150.0,33,1.23,21,147.81,True
615,2i,150.0,31,1.487,23,135.87,False
615,3i,150.0,9,5.1735,7,23.04,False
615,4i,150.0,7,7.3984,4,9.0,False
620,1i,150.0,34,2.0835,18,146.24,True
620,2i,150.0,31,1.6417,22,135.86,False
620,3i,150.0,10,3.5162,7,23.04,False
620,4i,150.0,8,6.0276,4,9.0,False
625,1i,150.0,32,1.9932,16,113.11,False
625,2i,150.0,32,1.4947,20,135.86,False
625,3i,150.0,10,1.046,9,30.12,False
625,4i,150.0,8,2.3276,5,13.01,False
630,1i,150.0,34,1.2018,18,113.1,False
630,2i,150.0,36,1.0639,23,149.98,True
630,3i,150.0,10,0.5839,9,30.05,False
630,4i,150.0,9,2.1527,7,27.05,False
635,1i,150.0,36,1.1402,20,113.08,False
635,2i,150.0,38,0.9972,24,149.91,True
635,3i,150.0,7,2.3716,5,29.45,False
635,4i,150.0,4,2.127,2,26.3,False
640,1i,150.0,41,1.4514,26,115.43,False
640,2i,150.0,41,1.1103,28,149.91,True
640,3i,150.0,6,3.1418,3,9.0,False
640,4i,150.0,3,3.0301,1,1.0,False
645,1i,150.0,42,0.5288,33,132.3,False
645,2i,150.0,42,0.674,31,148.86,True
645,3i,150.0,5,4.8325,3,9.0,False
645,4i,150.0,1,0.0,1,1.0,False
650,1i,150.0,43,0.1858,39,148.12,True
650,2i,150.0,44,0.3271,37,124.65,False
650,3i,150.0,4,2.9704,3,9.0,False
650,4i,150.0,2,8.5641,1,1.0,False
655,1i,150.0,46,0.3695,43,144.81,False
655,2i,150.0,46,0.3861,43,139.48,False
655,3i,150.0,6,12.7384,3,9.0,False
655,4i,150.0,3,16.3198,1,1.0,False
660,1i,150.0,46,0.4041,43,148.5,True
660,2i,150.0,47,0.243,46,147.34,True
660,3i,150.0,6,7.3479,3,9.0,False
660,4i,150.0,4,11.5154,1,1.0,False
665,1i,150.0,46,0.1712,44,148.49,True
665,2i,150.0,47,0.0008,46,147.24,True
665,3i,150.0,4,1.5394,0,0.0,False
665,4i,150.0,3,6.1857,0,0.0,False
670,1i,150.0,46,0.0385,45,148.49,True
670,2i,150.0,47,0.0,47,147.23,True
670,3i,150.0,3,7.225,1,1.0,False
670,4i,150.0,3,8.2629,1,1.0,False
675,1i,150.0,48,0.4779,46,148.49,True
675,2i,150.0,48,0.332,47,147.23,True
675,3i,150.0,3,2.9953,2,1.0,False
675,4i,150.0,3,4.1749,2,1.0,False
680,1i,150.0,44,0.3677,39,148.49,True
680,2i,150.0,43,0.3865,39,147.23,True
680,3i,150.0,3,0.002,3,8.0,False
680,4i,150.0,3,0.0731,2,1.0,False
685,1i,150.0,42,0.5204,36,148.49,True
685,2i,150.0,40,0.5257,36,147.23,True
685,3i,150.0,4,3.9188,3,8.0,False
685,4i,150.0,4,4.0564,3,5.0,False
690,1i,150.0,40,0.9443,33,148.49,True
690,2i,150.0,39,1.0341,33,147.23,True
690,3i,150.0,4,0.8931,3,8.0,False
690,4i,150.0,4,0.6103,3,5.0,False
695,1i,150.0,38,1.3008,30,148.49,True
695,2i,150.0,37,1.252,29,147.23,True
695,3i,150.0,6,8.0488,4,12.0,False
695,4i,150.0,7,10.7655,4,12.0,False
700,1i,150.0,34,1.2104,27,148.49,True
700,2i,150.0,35,1.8305,23,138.28,False
700,3i,150.0,7,5.9294,4,12.0,False
700,4i,150.0,7,5.7849,4,12.0,False
705,1i,150.0,34,1.3992,20,148.49,True
705,2i,150.0,37,2.5357,23,144.61,False
705,3i,150.0,7,0.9909,5,12.0,False
705,4i,150.0,7,0.1936,5,12.0,False
710,1i,150.0,34,2.0444,21,146.44,True
710,2i,150.0,37,2.301,22,137.84,False
710,3i,150.0,8,2.5647,7,16.0,False
710,4i,150.0,7,0.0001,7,16.0,False
715,1i,150.0,33,1.7692,18,134.14,False
715,2i,150.0,38,1.6996,23,137.84,False
715,3i,150.0,8,0.8761,7,16.0,False
715,4i,150.0,8,2.023,7,16.0,False
720,1i,150.0,36,1.5572,21,134.14,False
720,2i,150.0,40,1.1752,25,137.84,False
720,3i,150.0,8,0.0007,8,23.01,False
720,4i,150.0,8,1.0904,7,16.0,False
725,1i,150.0,38,1.2993,22,138.14,False
725,2i,150.0,42,1.1559,28,137.84,False
725,3i,150.0,6,4.1958,3,22.61,False
725,4i,150.0,4,5.0889,1,1.0,False
730,1i,150.0,41,0.8613,27,147.34,True
730,2i,150.0,44,0.918,31,137.71,False
730,3i,150.0,3,3.3345,2,8.0,False
730,4i,150.0,2,4.5068,1,1.0,False
735,1i,150.0,41,0.6045,27,93.49,False
735,2i,150.0,47,0.7468,32,84.05,False
735,3i,150.0,3,8.1531,2,8.0,False
735,4i,150.0,3,16.465,1,1.0,False
740,1i,150.0,43,0.2869,37,149.15,True
740,2i,150.0,50,0.671,38,109.1,False
740,3i,150.0,5,8.8875,2,8.0,False
740,4i,150.0,4,13.3172,1,1.0,False
745,1i,150.0,44,0.4987,39,126.77,False
745,2i,150.0,53,0.3775,46,125.27,False
745,3i,150.0,5,6.5808,2,8.0,False
745,4i,150.0,3,3.5385,1,1.0,False
750,1i,150.0,44,0.1188,43,137.54,False
750,2i,150.0,53,0.1486,51,142.33,False
750,3i,150.0,5,4.8195,3,12.0,False
750,4i,150.0,3,6.4459,2,5.0,False
755,1i,150.0,46,0.2163,44,137.48,False
755,2i,150.0,54,0.0267,53,149.79,True
755,3i,150.0,4,3.3671,1,1.0,False
755,4i,150.0,1,7.5203,0,0.0,False
760,1i,150.0,47,0.3387,46,137.48,False
760,2i,150.0,55,0.278,54,149.78,True
760,3i,150.0,2,0.0048,2,1.0,False
760,4i,150.0,1,0.0,1,1.0,False
765,1i,150.0,47,0.2013,46,137.48,False
765,2i,150.0,55,0.1182,54,149.78,True
765,3i,150.0,3,6.8821,2,1.0,False
765,4i,150.0,2,10.3676,1,1.0,False
770,1i,150.0,44,0.6208,39,137.48,False
770,2i,150.0,51,0.1027,49,149.78,True
770,3i,150.0,3,2.3243,2,1.0,False
770,4i,150.0,2,3.3676,1,1.0,False
775,1i,150.0,41,0.9951,36,137.48,False
775,2i,150.0,49,0.8422,43,149.78,True
775,3i,150.0,6,12.3619,3,5.0,False
775,4i,150.0,5,14.9461,2,5.0,False
780,1i,150.0,38,1.0994,31,137.48,False
780,2i,150.0,44,0.8378,39,149.78,True
780,3i,150.0,6,5.6795,3,5.0,False
780,4i,150.0,5,6.9702,2,5.0,False
785,1i,150.0,35,1.4631,27,137.48,False
785,2i,150.0,40,0.8571,35,149.78,True
785,3i,150.0,6,0.0644,6,12.0,False
785,4i,150.0,5,0.0118,5,12.01,False
790,1i,150.0,32,1.5245,24,137.35,False
790,2i,150.0,37,1.2422,31,149.78,True
790,3i,150.0,6,0.0,6,12.0,False
790,4i,150.0,6,3.6659,5,12.0,False
795,1i,150.0,33,1.9141,23,149.18,True
795,2i,150.0,37,1.584,27,149.78,True
795,3i,150.0,7,2.1758,6,12.0,False
795,4i,150.0,6,1.6068,5,12.0,False
800,1i,150.0,34,1.7573,22,139.14,False
800,2i,150.0,37,1.9111,23,149.35,True
800,3i,150.0,7,1.1044,6,12.0,False
800,4i,150.0,6,0.0044,6,16.0,False
805,1i,150.0,35,1.4232,22,148.41,True
805,2i,150.0,36,2.0423,19,142.23,False
805,3i,150.0,8,2.3342,6,12.0,False
805,4i,150.0,7,2.2601,6,16.0,False
810,1i,150.0,36,1.4796,20,143.14,False
810,2i,150.0,39,2.1694,21,142.23,False
810,3i,150.0,8,0.6163,7,16.0,False
810,4i,150.0,7,0.2601,6,16.0,False
815,1i,150.0,38,1.4839,23,143.38,False
815,2i,150.0,43,2.2418,25,142.23,False
815,3i,150.0,7,11.1576,2,27.94,False
815,4i,150.0,6,9.8907,2,22.14,False
820,1i,150.0,41,1.245,27,143.14,False
820,2i,150.0,45,1.0584,30,141.84,False
820,3i,150.0,5,9.7582,1,1.0,False
820,4i,150.0,4,10.5909,1,1.0,False
825,1i,150.0,43,0.9937,29,142.22,False
825,2i,150.0,47,0.9594,33,85.98,False
825,3i,150.0,2,0.155,1,1.0,False
825,4i,150.0,2,0.0576,2,5.03,False
830,1i,150.0,46,0.8719,32,93.14,False
830,2i,150.0,49,0.5481,41,104.79,False
830,3i,150.0,3,6.5353,2,5.0,False
830,4i,150.0,2,0.0,2,5.0,False
835,1i,150.0,48,0.5216,40,110.56,False
835,2i,150.0,50,0.1116,46,124.56,False
835,3i,150.0,2,0.0,2,5.0,False
835,4i,150.0,3,5.2626,2,5.0,False
840,1i,150.0,49,0.2164,46,133.05,False
840,2i,150.0,51,0.0086,51,144.25,False
840,3i,150.0,2,0.0,2,5.0,False
840,4i,150.0,3,3.2686,2,5.0,False
845,1i,150.0,52,0.382,49,136.19,False
845,2i,150.0,52,0.3166,51,143.82,False
845,3i,150.0,1,17.0713,0,0.0,False
845,4i,150.0,3,7.6666,1,1.0,False
850,1i,150.0,53,0.2263,51,137.82,False
850,2i,150.0,52,0.0776,51,143.82,False
850,3i,150.0,1,4.4867,0,0.0,False
850,4i,150.0,2,2.9017,1,1.0,False
855,1i,150.0,53,0.0011,53,144.82,False
855,2i,150.0,52,0.0,52,143.82,False
855,3i,150.0,3,16.0294,1,1.0,False
855,4i,150.0,4,12.08,2,13.74,False
860,1i,150.0,49,0.1576,46,144.82,False
860,2i,150.0,50,0.5372,45,143.82,False
860,3i,150.0,4,12.7271,1,1.0,False
860,4i,150.0,5,9.3764,2,13.71,False
865,1i,150.0,48,0.8111,41,144.82,False
865,2i,150.0,47,0.463,43,143.82,False
865,3i,150.0,4,3.7701,1,1.0,False
865,4i,150.0,5,3.5951,3,20.71,False
870,1i,150.0,45,0.6447,39,144.82,False
870,2i,150.0,44,0.5175,36,143.82,False
870,3i,150.0,5,4.2504,3,1.0,False
870,4i,150.0,6,2.9419,4,20.71,False
875,1i,150.0,42,0.7202,35,144.82,False
875,2i,150.0,40,0.6824,32,143.82,False
875,3i,150.0,5,1.151,4,5.0,False
875,4i,150.0,6,0.6086,5,20.71,False
880,1i,150.0,41,1.4997,32,144.82,False
880,2i,150.0,37,1.1697,29,143.82,False
880,3i,150.0,5,0.001,5,17.72,False
880,4i,150.0,6,0.0021,6,24.72,False
885,1i,150.0,41,1.5399,28,144.41,False
885,2i,150.0,37,1.1169,25,143.82,False
885,3i,150.0,5,0.0,5,17.71,False
885,4i,150.0,7,2.0923,6,24.71,False
890,1i,150.0,40,1.1468,26,143.1,False
890,2i,150.0,36,1.0108,24,142.73,False
890,3i,150.0,6,2.2248,5,17.71,False
890,4i,150.0,7,0.0923,6,24.71,False
895,1i,150.0,41,1.6099,27,143.1,False
895,2i,150.0,37,1.6113,22,147.24,True
895,3i,150.0,8,6.4795,5,17.71,False
895,4i,150.0,8,2.9747,7,28.72,False
900,1i,150.0,42,1.2956,26,143.1,False
900,2i,150.0,38,1.3195,23,136.94,False
900,3i,150.0,9,4.0801,6,21.79,False
900,4i,150.0,10,4.6815,7,28.72,False
905,1i,150.0,43,0.7934,29,143.1,False
905,2i,150.0,39,0.7979,25,136.94,False
905,3i,150.0,6,3.421,2,8.0,False
905,4i,150.0,7,4.5067,2,28.35,False
910,1i,150.0,44,0.6232,31,143.1,False
910,2i,150.0,41,0.7527,27,135.66,False
910,3i,150.0,4,6.4474,2,8.0,False
910,4i,150.0,5,7.3034,1,1.0,False
915,1i,150.0,46,0.8126,32,142.66,False
915,2i,150.0,45,0.7967,32,102.88,False
915,3i,150.0,2,0.0,2,8.0,False
915,4i,150.0,2,0.0018,2,13.71,False
920,1i,150.0,47,0.5119,36,122.07,False
920,2i,150.0,46,0.3611,39,120.87,False
920,3i,150.0,2,0.0,2,8.0,False
920,4i,150.0,2,0.0,2,13.71,False
925,1i,150.0,48,0.1591,42,139.99,False
925,2i,150.0,49,0.0951,47,148.73,True
925,3i,150.0,3,5.4132,2,8.0,False
925,4i,150.0,2,0.0,2,13.71,False
930,1i,150.0,50,0.3888,46,139.89,False
930,2i,150.0,50,0.3289,49,148.31,True
930,3i,150.0,3,1.407,2,8.0,False
930,4i,150.0,3,5.6169,2,13.71,False
935,1i,150.0,50,0.2337,49,143.58,False
935,2i,150.0,50,0.2693,49,148.31,True
935,3i,150.0,4,18.1643,1,1.0,False
935,4i,150.0,4,14.9057,0,0.0,False
940,1i,150.0,50,0.1259,49,143.13,False
940,2i,150.0,50,0.0145,49,148.31,True
940,3i,150.0,4,10.4662,1,1.0,False
940,4i,150.0,4,10.7137,1,1.0,False
945,1i,150.0,50,0.0354,49,143.11,False
945,2i,150.0,50,0.0,50,148.31,True
945,3i,150.0,3,1.2759,1,1.0,False
945,4i,150.0,4,3.7729,1,1.0,False
950,1i,150.0,45,0.4396,42,143.11,False
950,2i,150.0,46,0.5466,42,148.31,True
950,3i,150.0,4,5.6714,3,5.0,False
950,4i,150.0,5,3.6315,3,13.71,False
955,1i,150.0,42,0.5769,38,143.1,False
955,2i,150.0,42,0.6269,38,148.31,True
955,3i,150.0,4,2.3594,3,5.0,False
955,4i,150.0,5,0.9074,4,13.71,False
960,1i,150.0,38,0.566,35,143.1,False
960,2i,150.0,38,0.6489,34,148.31,True
960,3i,150.0,4,0.0144,3,5.0,False
960,4i,150.0,5,0.0019,5,17.71,False
965,1i,150.0,36,1.3283,30,143.1,False
965,2i,150.0,36,1.3224,30,148.31,True
965,3i,150.0,5,3.2131,4,9.0,False
965,4i,150.0,5,0.0,5,17.71,False
970,1i,150.0,33,1.2228,27,143.1,False
970,2i,150.0,33,1.1861,26,148.31,True
970,3i,150.0,5,0.5082,4,9.0,False
970,4i,150.0,6,2.1429,5,17.71,False
975,1i,150.0,33,0.9956,24,143.1,False
975,2i,150.0,32,1.7448,22,148.31,True
975,3i,150.0,8,9.2004,5,16.01,False
975,4i,150.0,8,6.8661,5,17.71,False
980,1i,150.0,34,2.0945,22,143.1,False
980,2i,150.0,32,2.2506,20,148.31,True
980,3i,150.0,8,4.5259,5,16.0,False
980,4i,150.0,9,4.2925,6,21.79,False
985,1i,150.0,36,2.4537,21,143.1,False
985,2i,150.0,34,3.5411,18,148.31,True
985,3i,150.0,8,0.3263,6,16.0,False
985,4i,150.0,9,1.3054,7,21.71,False
990,1i,150.0,38,1.3735,22,143.1,False
990,2i,150.0,38,3.4912,18,148.31,True
990,3i,150.0,9,1.9749,8,20.01,False
990,4i,150.0,10,2.4019,8,34.43,False
995,1i,150.0,39,0.7983,25,143.1,False
995,2i,150.0,41,1.9005,23,148.31,True
995,3i,150.0,4,2.5913,1,1.0,False
995,4i,150.0,6,1.8965,3,33.56,False
1000,1i,150.0,41,0.8808,29,143.1,False
1000,2i,150.0,43,1.0683,28,147.26,True
1000,3i,150.0,1,0.0,1,1.0,False
1000,4i,150.0,4,2.8349,2,15.04,False
1005,1i,150.0,43,0.5984,34,149.67,True
1005,2i,150.0,45,0.6219,33,97.56,False
1005,3i,150.0,2,8.4927,1,1.0,False
1005,4i,150.0,2,0.0,2,15.04,False
1010,1i,150.0,44,0.2404,37,127.96,False
1010,2i,150.0,47,0.2906,40,149.26,True
1010,3i,150.0,1,0.0,1,1.0,False
1010,4i,150.0,3,5.7814,2,15.04,False
1015,1i,150.0,47,0.4419,42,141.93,False
1015,2i,150.0,49,0.4533,45,133.57,False
1015,3i,150.0,3,17.1989,1,1.0,False
1015,4i,150.0,4,11.8816,2,15.04,False
1020,1i,150.0,48,0.2365,47,149.93,True
1020,2i,150.0,50,0.2373,49,147.57,True
1020,3i,150.0,4,10.7271,1,1.0,False
1020,4i,150.0,5,8.7836,2,15.04,False
1025,1i,150.0,48,0.0026,48,149.93,True
1025,2i,150.0,50,0.0014,50,147.56,True
1025,3i,150.0,2,7.6641,1,1.0,False
1025,4i,150.0,4,3.6656,0,0.0,False
1030,1i,150.0,48,0.0,48,149.93,True
1030,2i,150.0,51,0.3572,50,147.56,True
1030,3i,150.0,3,8.0444,1,1.0,False
1030,4i,150.0,5,4.7482,3,1.23,False
1035,1i,150.0,49,0.2703,48,149.93,True
1035,2i,150.0,51,0.2464,50,147.56,True
1035,3i,150.0,3,3.2352,2,1.0,False
1035,4i,150.0,5,2.3404,3,1.0,False
1040,1i,150.0,47,0.2017,45,149.93,True
1040,2i,150.0,50,0.0822,47,147.56,True
1040,3i,150.0,3,0.0021,3,5.01,False
1040,4i,150.0,5,0.0134,4,5.01,False
1045,1i,150.0,46,0.4368,42,149.93,True
1045,2i,150.0,46,0.0918,44,147.56,True
1045,3i,150.0,4,5.068,3,5.0,False
1045,4i,150.0,6,2.6153,5,5.0,False
1050,1i,150.0,44,1.1554,34,149.93,True
1050,2i,150.0,45,0.7764,39,147.56,True
1050,3i,150.0,4,1.7796,3,5.0,False
1050,4i,150.0,6,0.6062,5,5.0,False
1055,1i,150.0,40,1.0327,31,149.91,True
1055,2i,150.0,41,1.0622,34,147.56,True
1055,3i,150.0,6,7.9369,4,12.0,False
1055,4i,150.0,9,7.8824,6,9.0,False
1060,1i,150.0,37,0.9584,28,148.63,True
1060,2i,150.0,36,0.8527,30,147.56,True
1060,3i,150.0,7,5.9514,4,12.0,False
1060,4i,150.0,9,4.3311,6,9.0,False
1065,1i,150.0,36,1.0545,24,144.8,False
1065,2i,150.0,36,0.8128,26,147.56,True
1065,3i,150.0,7,0.684,5,13.76,False
1065,4i,150.0,9,0.4458,7,13.18,False
1070,1i,150.0,37,1.4248,23,142.1,False
1070,2i,150.0,35,1.346,23,146.69,True
1070,3i,150.0,8,2.6632,7,19.0,False
1070,4i,150.0,10,1.7852,9,19.04,False
1075,1i,150.0,36,1.4238,23,142.1,False
1075,2i,150.0,34,1.1899,20,145.6,True
1075,3i,150.0,8,0.9986,7,19.0,False
1075,4i,150.0,10,0.5225,9,19.04,False
1080,1i,150.0,37,0.9537,24,142.1,False
1080,2i,150.0,36,0.9381,20,145.6,True
1080,3i,150.0,8,0.0006,8,23.01,False
1080,4i,150.0,10,0.0092,10,19.04,False
1085,1i,150.0,39,1.1931,26,142.1,False
1085,2i,150.0,38,1.2354,23,145.6,True
1085,3i,150.0,5,5.6716,2,22.52,False
1085,4i,150.0,6,3.0113,4,19.04,False
1090,1i,150.0,41,0.9492,29,142.1,False
1090,2i,150.0,40,0.93,27,143.99,False
1090,3i,150.0,2,6.0153,1,1.0,False
1090,4i,150.0,4,2.3981,3,19.04,False
1095,1i,150.0,42,0.4919,31,140.47,False
1095,2i,150.0,40,0.3255,30,111.63,False
1095,3i,150.0,3,17.192,1,1.0,False
1095,4i,150.0,5,9.9908,3,19.04,False
1100,1i,150.0,43,0.6253,37,136.84,False
1100,2i,150.0,44,0.5187,38,123.9,False
1100,3i,150.0,4,11.5495,1,1.0,False
1100,4i,150.0,6,6.6447,3,19.04,False
1105,1i,150.0,45,0.475,41,136.52,False
1105,2i,150.0,46,0.4201,44,147.54,True
1105,3i,150.0,2,5.1506,1,1.0,False
1105,4i,150.0,5,3.426,4,26.05,False
1110,1i,150.0,46,0.0768,44,141.89,False
1110,2i,150.0,46,0.1357,45,147.31,True
1110,3i,150.0,3,7.5645,1,1.0,False
1110,4i,150.0,5,3.3838,4,26.04,False
1115,1i,150.0,47,0.0047,47,149.34,True
1115,2i,150.0,46,0.0,46,147.31,True
1115,3i,150.0,2,6.8971,0,0.0,False
1115,4i,150.0,4,2.6456,2,26.04,False
1120,1i,150.0,48,0.3899,47,149.15,True
1120,2i,150.0,47,0.3066,46,147.31,True
1120,3i,150.0,1,0.0172,1,1.01,False
1120,4i,150.0,3,2.4855,1,1.0,False
1125,1i,150.0,48,0.2049,47,149.14,True
1125,2i,150.0,47,0.1704,46,147.31,True
1125,3i,150.0,2,8.4194,1,1.0,False
1125,4i,150.0,4,4.9868,3,8.04,False
1130,1i,150.0,45,0.3226,40,149.14,True
1130,2i,150.0,42,0.2606,38,147.31,True
1130,3i,150.0,2,1.6621,1,1.0,False
1130,4i,150.0,4,2.0482,3,8.0,False
1135,1i,150.0,42,0.8207,37,149.14,True
1135,2i,150.0,38,0.9032,32,147.31,True
1135,3i,150.0,4,12.2568,2,5.0,False
1135,4i,150.0,7,10.31,4,8.0,False
1140,1i,150.0,40,1.1615,32,149.14,True
1140,2i,150.0,35,0.9572,30,147.31,True
1140,3i,150.0,5,8.9639,2,5.0,False
1140,4i,150.0,7,5.6847,4,8.0,False
1145,1i,150.0,36,0.8697,29,149.14,True
1145,2i,150.0,32,0.9428,27,147.31,True
1145,3i,150.0,5,3.3059,2,5.0,False
1145,4i,150.0,7,0.5549,5,12.02,False
1150,1i,150.0,35,1.5012,24,149.14,True
1150,2i,150.0,29,1.0588,22,147.31,True
1150,3i,150.0,6,3.2042,4,9.0,False
1150,4i,150.0,7,0.0001,7,12.0,False
1155,1i,150.0,36,2.102,24,149.14,True
1155,2i,150.0,30,2.0881,20,149.65,True
1155,3i,150.0,6,0.9881,5,9.0,False
1155,4i,150.0,8,1.5578,7,12.0,False
1160,1i,150.0,35,1.6844,23,149.14,True
1160,2i,150.0,29,2.1552,16,147.31,True
1160,3i,150.0,6,0.0001,6,13.0,False
1160,4i,150.0,8,0.9953,7,12.0,False
1165,1i,150.0,36,1.3293,24,149.14,True
1165,2i,150.0,28,1.7648,15,147.31,True
1165,3i,150.0,6,0.0,6,13.0,False
1165,4i,150.0,9,1.9772,7,12.0,False
1170,1i,150.0,37,1.5346,22,149.14,True
1170,2i,150.0,30,1.8414,18,147.31,True
1170,3i,150.0,7,1.661,6,13.0,False
1170,4i,150.0,9,0.3799,8,19.04,False
1175,1i,150.0,40,1.3876,25,149.14,True
1175,2i,150.0,33,2.4628,19,147.3,True
1175,3i,150.0,6,10.2483,1,1.0,False
1175,4i,150.0,9,8.5597,4,32.4,False
1180,1i,150.0,41,0.8011,27,149.14,True
1180,2i,150.0,36,1.7666,19,145.62,True
1180,3i,150.0,5,10.9679,1,1.0,False
1180,4i,150.0,7,6.3613,3,12.0,False
1185,1i,150.0,42,0.5936,30,147.96,True
1185,2i,150.0,38,0.5383,28,115.3,False
1185,3i,150.0,3,5.3917,1,1.0,False
1185,4i,150.0,4,0.4117,3,12.0,False
1190,1i,150.0,46,0.7953,35,103.86,False
1190,2i,150.0,39,0.5616,34,129.28,False
1190,3i,150.0,3,6.2759,2,15.04,False
1190,4i,150.0,5,4.354,4,16.0,False
1195,1i,150.0,49,0.6331,42,128.92,False
1195,2i,150.0,41,0.1748,39,148.99,True
1195,3i,150.0,2,0.0,2,15.04,False
1195,4i,150.0,5,3.6313,4,16.0,False
1200,1i,150.0,50,0.2082,48,142.88,False
1200,2i,150.0,42,0.0045,42,148.98,True
1200,3i,150.0,2,0.0,2,15.04,False
1200,4i,150.0,4,0.0,4,16.0,False
1205,1i,150.0,51,0.3248,49,146.19,True
1205,2i,150.0,43,0.4313,42,148.98,True
1205,3i,150.0,2,8.5736,0,0.0,False
1205,4i,150.0,4,5.1974,1,16.0,False
1210,1i,150.0,51,0.1804,50,146.15,True
1210,2i,150.0,43,0.1898,42,148.98,True
1210,3i,150.0,2,2.6036,0,0.0,False
1210,4i,150.0,1,4.7514,0,0.0,False
1215,1i,150.0,51,0.0333,50,146.14,True
1215,2i,150.0,43,0.0001,43,148.98,True
1215,3i,150.0,4,12.2549,2,1.0,False
1215,4i,150.0,3,16.1482,1,1.0,False
1220,1i,150.0,46,0.203,43,146.14,True
1220,2i,150.0,40,0.1807,38,148.98,True
1220,3i,150.0,5,8.4845,2,1.0,False
1220,4i,150.0,4,11.134,1,1.0,False
1225,1i,150.0,43,0.5356,39,146.14,True
1225,2i,150.0,39,0.8718,32,148.98,True
1225,3i,150.0,5,2.5857,2,1.0,False
1225,4i,150.0,4,1.9742,1,1.0,False
1230,1i,150.0,42,0.7287,33,146.14,True
1230,2i,150.0,35,0.8841,28,148.98,True
1230,3i,150.0,6,4.242,4,5.0,False
1230,4i,150.0,5,3.587,4,5.0,False
1235,1i,150.0,38,0.7469,30,146.14,True
1235,2i,150.0,31,0.9032,24,148.98,True
1235,3i,150.0,6,1.9417,4,5.0,False
1235,4i,150.0,5,1.1306,4,5.0,False
1240,1i,150.0,37,1.4196,27,146.14,True
1240,2i,150.0,29,1.7012,20,148.64,True
1240,3i,150.0,6,0.0198,5,5.0,False
1240,4i,150.0,5,0.0156,5,12.01,False
1245,1i,150.0,36,1.3137,24,146.14,True
1245,2i,150.0,29,1.5282,18,148.64,True
1245,3i,150.0,7,2.0939,6,19.04,False
1245,4i,150.0,6,2.6055,5,12.0,False
1250,1i,150.0,36,1.15,24,146.14,True
1250,2i,150.0,28,1.2786,18,148.64,True
1250,3i,150.0,7,0.3762,6,19.04,False
1250,4i,150.0,6,0.3513,5,12.0,False
1255,1i,150.0,36,1.6383,22,146.14,True
1255,2i,150.0,29,1.7015,17,148.64,True
1255,3i,150.0,10,7.0933,7,26.04,False
1255,4i,150.0,8,6.0333,6,16.0,False
1260,1i,150.0,37,1.417,23,146.14,True
1260,2i,150.0,30,1.3912,19,148.64,True
1260,3i,150.0,10,3.6713,7,26.04,False
1260,4i,150.0,9,4.6034,6,16.0,False
1265,1i,150.0,39,0.9772,24,146.14,True
1265,2i,150.0,32,0.8163,21,148.63,True
1265,3i,150.0,6,0.8215,3,12.02,False
1265,4i,150.0,5,4.2927,1,1.0,False
1270,1i,150.0,41,0.7274,29,146.14,True
1270,2i,150.0,33,0.433,26,147.35,True
1270,3i,150.0,6,4.9357,3,12.0,False
1270,4i,150.0,3,8.81,1,1.0,False
1275,1i,150.0,42,0.5156,29,145.53,True
1275,2i,150.0,36,1.2472,30,141.8,False
1275,3i,150.0,4,2.7376,3,12.0,False
1275,4i,150.0,3,6.6837,1,1.0,False
1280,1i,150.0,45,0.7586,33,120.28,False
1280,2i,150.0,38,0.9438,34,141.27,False
1280,3i,150.0,3,0.0,3,12.0,False
1280,4i,150.0,2,0.0003,2,5.0,False
1285,1i,150.0,47,0.5618,41,148.15,True
1285,2i,150.0,38,0.1019,36,147.72,True
1285,3i,150.0,3,0.0,3,12.0,False
1285,4i,150.0,3,5.2357,2,5.0,False
1290,1i,150.0,50,0.8176,45,147.89,True
1290,2i,150.0,39,0.4279,38,147.64,True
1290,3i,150.0,4,4.171,3,12.0,False
1290,4i,150.0,3,1.6188,2,5.0,False
1295,1i,150.0,51,0.3853,49,147.89,True
1295,2i,150.0,39,0.2464,38,147.64,True
1295,3i,150.0,5,16.4962,0,0.0,False
1295,4i,150.0,5,14.6351,1,1.0,False
1300,1i,150.0,51,0.0369,50,147.89,True
1300,2i,150.0,39,0.0773,38,147.64,True
1300,3i,150.0,4,9.0107,1,1.0,False
1300,4i,150.0,4,11.9002,1,1.0,False
1305,1i,150.0,51,0.0001,51,147.89,True
1305,2i,150.0,39,0.0,39,147.64,True
1305,3i,150.0,4,0.0341,3,13.77,False
1305,4i,150.0,4,1.3423,1,1.0,False
1310,1i,150.0,48,0.4107,43,147.89,True
1310,2i,150.0,35,0.5094,33,147.64,True
1310,3i,150.0,4,0.0,4,13.71,False
1310,4i,150.0,4,0.0021,4,5.0,False
1315,1i,150.0,44,0.4832,39,147.89,True
1315,2i,150.0,33,0.6185,26,147.64,True
1315,3i,150.0,5,2.491,4,13.71,False
1315,4i,150.0,5,2.5583,4,5.0,False
1320,1i,150.0,42,0.6944,36,147.89,True
1320,2i,150.0,30,0.8864,21,147.64,True
1320,3i,150.0,5,1.591,4,13.71,False
1320,4i,150.0,5,1.6583,4,5.0,False
1325,1i,150.0,39,0.9897,32,147.89,True
1325,2i,150.0,28,1.5986,21,147.64,True
1325,3i,150.0,5,0.7416,4,13.71,False
1325,4i,150.0,5,0.7675,4,5.0,False
1330,1i,150.0,38,1.3236,28,147.11,True
1330,2i,150.0,27,1.8432,19,148.59,True
1330,3i,150.0,6,1.8462,5,17.73,False
1330,4i,150.0,6,2.0814,5,12.05,False
1335,1i,150.0,38,1.0139,26,147.11,True
1335,2i,150.0,27,1.5205,17,147.64,True
1335,3i,150.0,8,6.6044,5,17.71,False
1335,4i,150.0,9,8.2858,5,12.0,False
1340,1i,150.0,37,1.0715,24,147.11,True
1340,2i,150.0,28,1.8249,19,147.64,True
1340,3i,150.0,9,5.5169,5,17.71,False
1340,4i,150.0,9,4.2164,5,12.0,False
1345,1i,150.0,39,1.5917,24,147.11,True
1345,2i,150.0,29,1.6271,16,147.64,True
1345,3i,150.0,9,1.6464,6,31.76,False
1345,4i,150.0,9,0.39,8,38.77,False
1350,1i,150.0,40,1.1069,26,147.11,True
1350,2i,150.0,32,1.288,18,147.64,True
1350,3i,150.0,10,1.8175,8,31.75,False
1350,4i,150.0,9,0.0019,9,38.76,False
1355,1i,150.0,42,0.6967,31,147.11,True
1355,2i,150.0,33,0.8011,22,147.61,True
1355,3i,150.0,6,1.5075,3,45.44,False
1355,4i,150.0,6,2.8677,3,38.57,False
1360,1i,150.0,46,1.3182,32,147.11,True
1360,2i,150.0,35,0.8789,25,137.07,False
1360,3i,150.0,5,2.8802,2,5.0,False
1360,4i,150.0,5,3.7383,2,8.0,False
1365,1i,150.0,49,1.3782,36,146.84,True
1365,2i,150.0,38,1.0136,30,121.29,False
1365,3i,150.0,4,6.1238,2,5.0,False
1365,4i,150.0,4,5.967,2,8.0,False
1370,1i,150.0,51,0.4875,39,137.41,False
1370,2i,150.0,41,0.7729,37,146.42,True
1370,3i,150.0,3,4.2071,2,5.0,False
1370,4i,150.0,3,4.017,2,8.0,False
1375,1i,150.0,52,0.378,48,145.04,True
1375,2i,150.0,43,0.4895,40,148.8,True
1375,3i,150.0,5,15.1786,2,5.0,False
1375,4i,150.0,5,14.9184,2,8.0,False
1380,1i,150.0,53,0.2113,52,145.33,True
1380,2i,150.0,43,0.2471,41,148.61,True
1380,3i,150.0,5,7.5645,2,5.0,False
1380,4i,150.0,5,7.012,2,8.0,False
1385,1i,150.0,54,0.0016,53,148.86,True
1385,2i,150.0,43,0.0035,42,148.6,True
1385,3i,150.0,2,0.4987,1,11.43,False
1385,4i,150.0,4,1.543,1,1.0,False
1390,1i,150.0,54,0.0,54,148.82,True
1390,2i,150.0,43,0.0,43,148.6,True
1390,3i,150.0,2,9.7722,1,1.0,False
1390,4i,150.0,3,7.531,2,1.0,False
1395,1i,150.0,55,0.292,54,148.82,True
1395,2i,150.0,44,0.3533,43,148.6,True
1395,3i,150.0,2,3.1601,1,1.0,False
1395,4i,150.0,3,2.9929,2,1.0,False
1400,1i,150.0,52,0.1594,50,148.82,True
1400,2i,150.0,40,0.3424,36,148.6,True
1400,3i,150.0,2,0.0069,2,5.0,False
1400,4i,150.0,3,0.0021,3,5.01,False
1405,1i,150.0,50,0.2005,47,148.82,True
1405,2i,150.0,37,0.807,31,148.6,True
1405,3i,150.0,3,5.6184,2,5.0,False
1405,4i,150.0,4,4.0378,3,5.0,False
1410,1i,150.0,48,0.9141,42,148.82,True
1410,2i,150.0,33,1.0724,28,148.6,True
1410,3i,150.0,3,1.0675,2,5.0,False
1410,4i,150.0,4,0.8031,3,5.0,False
1415,1i,150.0,45,0.9201,38,148.82,True
1415,2i,150.0,31,1.2073,24,148.6,True
1415,3i,150.0,6,12.4251,3,9.0,False
1415,4i,150.0,6,8.5228,4,9.01,False
1420,1i,150.0,41,0.7805,35,148.82,True
1420,2i,150.0,30,1.4215,22,149.05,True
1420,3i,150.0,6,6.3503,3,9.0,False
1420,4i,150.0,7,5.8221,4,9.0,False
1425,1i,150.0,41,0.9594,31,148.82,True
1425,2i,150.0,31,1.365,20,148.6,True
1425,3i,150.0,6,0.5269,5,13.01,False
1425,4i,150.0,7,1.7942,5,9.0,False
1430,1i,150.0,41,1.5401,26,148.82,True
1430,2i,150.0,32,1.6162,20,148.6,True
1430,3i,150.0,6,0.0,6,13.0,False
1430,4i,150.0,8,2.9698,6,13.0,False
1435,1i,150.0,40,1.3434,24,148.82,True
1435,2i,150.0,33,1.4931,20,148.6,True
1435,3i,150.0,7,1.7903,6,13.0,False
1435,4i,150.0,8,0.7352,6,13.0,False
1440,1i,150.0,40,0.929,26,148.82,True
1440,2i,150.0,36,1.5258,20,148.6,True
1440,3i,150.0,7,1.1474,6,13.0,False
1440,4i,150.0,8,0.0011,8,20.01,False
1445,1i,150.0,43,1.1365,29,148.82,True
1445,2i,150.0,39,1.5523,24,148.6,True
1445,3i,150.0,4,5.7749,1,1.0,False
1445,4i,150.0,4,5.2243,2,19.46,False
1450,1i,150.0,46,1.321,30,148.82,True
1450,2i,150.0,44,2.1041,26,148.24,True
1450,3i,150.0,2,6.5137,1,1.0,False
1450,4i,150.0,2,5.7931,1,1.0,False
1455,1i,150.0,48,1.1225,33,148.39,True
1455,2i,150.0,45,1.0872,32,114.82,False
1455,3i,150.0,4,15.4077,1,1.0,False
1455,4i,150.0,3,17.3147,1,1.0,False
1460,1i,150.0,50,0.5108,39,128.0,False
1460,2i,150.0,46,0.1647,40,124.03,False
1460,3i,150.0,4,10.6686,1,1.0,False
1460,4i,150.0,4,12.4347,1,1.0,False
1465,1i,150.0,51,0.4038,46,138.9,False
1465,2i,150.0,49,0.2388,47,147.6,True
1465,3i,150.0,2,0.2782,1,1.0,False
1465,4i,150.0,2,5.5262,1,1.0,False
1470,1i,150.0,52,0.0922,50,138.77,False
1470,2i,150.0,49,0.1297,48,147.28,True
1470,3i,150.0,3,6.4469,2,5.0,False
1470,4i,150.0,3,8.5901,1,1.0,False
1475,1i,150.0,52,0.0014,52,144.86,False
1475,2i,150.0,49,0.0371,48,147.27,True
1475,3i,150.0,1,6.9209,0,0.0,False
1475,4i,150.0,1,11.2121,0,0.0,False
1480,1i,150.0,53,0.2949,52,144.82,False
1480,2i,150.0,50,0.329,49,147.27,True
1480,3i,150.0,2,13.0401,1,1.0,False
1480,4i,150.0,1,0.3435,0,0.0,False
1485,1i,150.0,53,0.1212,52,144.81,False
1485,2i,150.0,50,0.0498,49,147.27,True
1485,3i,150.0,2,7.2959,1,1.0,False
1485,4i,150.0,2,8.5959,1,1.0,False
1490,1i,150.0,49,0.225,46,144.81,False
1490,2i,150.0,48,0.1584,45,147.27,True
1490,3i,150.0,2,0.6052,1,1.0,False
1490,4i,150.0,2,2.0408,1,1.0,False
1495,1i,150.0,48,1.0252,40,144.81,False
1495,2i,150.0,46,0.5775,43,147.27,True
1495,3i,150.0,3,8.1202,2,5.0,False
1495,4i,150.0,4,12.8245,2,8.0,False
1500,1i,150.0,43,0.9765,38,144.81,False
1500,2i,150.0,44,0.6516,38,147.27,True
1500,3i,150.0,5,10.6712,2,5.0,False
1500,4i,150.0,5,8.087,2,8.0,False
1505,1i,150.0,39,0.8827,32,144.81,False
1505,2i,150.0,41,0.9166,34,147.27,True
1505,3i,150.0,5,4.3204,2,5.0,False
1505,4i,150.0,5,3.1545,4,15.0,False
1510,1i,150.0,36,1.2851,30,144.81,False
1510,2i,150.0,36,0.7452,29,147.27,True
1510,3i,150.0,6,3.2353,4,9.0,False
1510,4i,150.0,6,3.1839,4,15.0,False
1515,1i,150.0,36,1.5893,26,144.81,False
1515,2i,150.0,37,1.4665,27,147.27,True
1515,3i,150.0,6,0.8458,5,9.0,False
1515,4i,150.0,6,0.7462,5,15.0,False
1520,1i,150.0,36,1.4725,25,147.3,True
1520,2i,150.0,36,1.2409,23,147.27,True
1520,3i,150.0,6,0.0012,6,13.01,False
1520,4i,150.0,7,3.7272,6,19.0,False
1525,1i,150.0,35,1.3321,23,144.81,False
1525,2i,150.0,35,1.3458,19,147.27,True
1525,3i,150.0,7,2.4171,6,13.0,False
1525,4i,150.0,7,1.757,6,19.0,False
1530,1i,150.0,38,1.5293,22,144.81,False
1530,2i,150.0,37,1.4655,22,147.27,True
1530,3i,150.0,7,0.4922,6,13.0,False
1530,4i,150.0,7,0.0743,6,19.0,False
1535,1i,150.0,41,1.6937,23,144.81,False
1535,2i,150.0,38,1.1974,24,147.27,True
1535,3i,150.0,5,10.7453,2,16.49,False
1535,4i,150.0,7,11.711,1,1.0,False
1540,1i,150.0,44,1.7858,25,144.81,False
1540,2i,150.0,40,0.7721,25,145.54,True
1540,3i,150.0,4,10.7827,1,1.0,False
1540,4i,150.0,4,10.1252,1,1.0,False
1545,1i,150.0,47,1.1879,30,143.51,False
1545,2i,150.0,43,0.8068,31,105.92,False
1545,3i,150.0,3,2.7945,2,8.06,False
1545,4i,150.0,2,0.1371,2,5.15,False
1550,1i,150.0,50,1.0214,37,124.57,False
1550,2i,150.0,47,1.2827,38,127.15,False
1550,3i,150.0,3,7.0404,2,8.0,False
1550,4i,150.0,3,6.5311,2,5.0,False
1555,1i,150.0,52,0.591,45,139.6,False
1555,2i,150.0,49,1.3551,43,140.85,False
1555,3i,150.0,2,0.0,2,8.0,False
1555,4i,150.0,2,0.0001,2,5.0,False
1560,1i,150.0,53,0.1297,50,139.48,False
1560,2i,150.0,49,0.3716,45,140.81,False
1560,3i,150.0,3,9.1161,2,8.0,False
1560,4i,150.0,3,8.9212,2,5.0,False
1565,1i,150.0,55,0.2811,54,149.07,True
1565,2i,150.0,50,0.3237,49,140.81,False
1565,3i,150.0,2,8.956,0,0.0,False
1565,4i,150.0,1,14.4622,0,0.0,False
1570,1i,150.0,55,0.083,54,148.82,True
1570,2i,150.0,50,0.1835,49,140.81,False
1570,3i,150.0,1,1.4489,0,0.0,False
1570,4i,150.0,1,1.2108,0,0.0,False
1575,1i,150.0,55,0.0,55,148.81,True
1575,2i,150.0,50,0.0053,49,140.81,False
1575,3i,150.0,4,18.8191,1,1.0,False
1575,4i,150.0,4,19.3971,1,1.0,False
1580,1i,150.0,52,0.5017,47,148.81,True
1580,2i,150.0,46,0.2243,41,140.81,False
1580,3i,150.0,4,9.951,1,1.0,False
1580,4i,150.0,4,8.8761,1,1.0,False
1585,1i,150.0,49,0.3932,44,148.81,True
1585,2i,150.0,44,0.564,39,140.81,False
1585,3i,150.0,4,0.7681,1,1.0,False
1585,4i,150.0,4,0.0538,3,1.0,False
1590,1i,150.0,47,0.3332,43,148.81,True
1590,2i,150.0,42,0.4672,37,140.81,False
1590,3i,150.0,5,4.6851,4,5.0,False
1590,4i,150.0,5,3.7118,4,5.0,False
1595,1i,150.0,44,0.5749,38,148.81,True
1595,2i,150.0,39,1.0087,33,140.81,False
1595,3i,150.0,5,1.9049,4,5.0,False
1595,4i,150.0,5,1.0925,4,5.0,False
1600,1i,150.0,43,1.5916,33,148.81,True
1600,2i,150.0,35,1.2353,29,140.7,False
1600,3i,150.0,5,0.0014,5,9.0,False
1600,4i,150.0,5,0.0006,5,9.0,False
1605,1i,150.0,41,1.0358,30,148.81,True
1605,2i,150.0,35,1.0015,27,139.6,False
1605,3i,150.0,6,3.1618,5,9.0,False
1605,4i,150.0,6,2.7453,5,9.0,False
1610,1i,150.0,40,0.8575,28,148.81,True
1610,2i,150.0,34,0.7855,25,138.72,False
1610,3i,150.0,6,1.9117,5,9.0,False
1610,4i,150.0,6,0.5834,5,9.0,False
1615,1i,150.0,42,1.2662,26,148.81,True
1615,2i,150.0,36,1.4942,21,138.56,False
1615,3i,150.0,9,8.6648,5,9.0,False
1615,4i,150.0,9,7.9875,6,13.0,False
1620,1i,150.0,43,0.9121,29,148.81,True
1620,2i,150.0,36,1.2845,22,138.56,False
1620,3i,150.0,9,4.5197,6,16.01,False
1620,4i,150.0,9,4.1806,6,13.0,False
1625,1i,150.0,44,0.7322,32,148.81,True
1625,2i,150.0,37,0.7069,25,138.56,False
1625,3i,150.0,4,0.7553,1,1.0,False
1625,4i,150.0,4,1.6755,1,1.0,False
1630,1i,150.0,45,0.5617,33,148.81,True
1630,2i,150.0,38,0.4413,26,137.96,False
1630,3i,150.0,2,0.0,2,8.0,False
1630,4i,150.0,3,7.6531,2,5.0,False
1635,1i,150.0,48,0.9657,38,148.62,True
1635,2i,150.0,42,1.0609,34,139.07,False
1635,3i,150.0,3,5.1795,2,8.0,False
1635,4i,150.0,3,6.4186,2,5.0,False
1640,1i,150.0,48,0.5516,40,137.24,False
1640,2i,150.0,44,1.363,38,145.91,True
1640,3i,150.0,4,11.1511,2,8.0,False
1640,4i,150.0,3,9.1445,2,5.0,False
1645,1i,150.0,50,0.1143,47,149.91,True
1645,2i,150.0,44,0.5018,41,145.89,True
1645,3i,150.0,3,6.1782,2,8.0,False
1645,4i,150.0,3,4.633,2,5.0,False
1650,1i,150.0,51,0.2902,50,149.9,True
1650,2i,150.0,46,0.3528,43,149.95,True
1650,3i,150.0,2,0.0,2,8.0,False
1650,4i,150.0,3,0.7005,2,5.0,False
1655,1i,150.0,52,0.1465,51,149.9,True
1655,2i,150.0,46,0.2476,45,149.94,True
1655,3i,150.0,3,18.2409,0,0.0,False
1655,4i,150.0,4,18.1107,1,1.0,False
1660,1i,150.0,52,0.0001,52,149.9,True
1660,2i,150.0,46,0.002,46,149.94,True
1660,3i,150.0,3,15.8059,0,0.0,False
1660,4i,150.0,4,10.1303,1,1.0,False
1665,1i,150.0,53,0.2856,52,149.9,True
1665,2i,150.0,47,0.3061,46,149.94,True
1665,3i,150.0,3,5.8017,0,0.0,False
1665,4i,150.0,3,0.8075,2,5.01,False
1670,1i,150.0,49,0.5564,44,149.9,True
1670,2i,150.0,42,0.6133,38,149.94,True
1670,3i,150.0,4,5.707,2,1.0,False
1670,4i,150.0,4,4.9052,3,5.0,False
1675,1i,150.0,45,0.5905,38,149.9,True
1675,2i,150.0,39,0.3979,33,149.94,True
1675,3i,150.0,4,2.6061,3,1.0,False
1675,4i,150.0,4,1.3908,3,5.0,False
1680,1i,150.0,41,0.9749,35,149.9,True
1680,2i,150.0,35,0.4343,32,149.94,True
1680,3i,150.0,4,0.078,4,5.12,False
1680,4i,150.0,4,0.0,4,9.0,False
1685,1i,150.0,38,1.4803,31,149.9,True
1685,2i,150.0,34,0.9941,29,149.94,True
1685,3i,150.0,5,3.0964,4,5.0,False
1685,4i,150.0,5,3.0441,4,9.0,False
1690,1i,150.0,35,1.4706,28,148.82,True
1690,2i,150.0,32,1.2938,24,149.94,True
1690,3i,150.0,5,2.1999,4,5.0,False
1690,4i,150.0,5,2.198,4,9.0,False
1695,1i,150.0,34,1.1307,26,148.78,True
1695,2i,150.0,31,0.8946,21,149.94,True
1695,3i,150.0,7,7.1024,4,5.0,False
1695,4i,150.0,7,7.9601,4,9.0,False
1700,1i,150.0,34,1.2989,24,148.78,True
1700,2i,150.0,32,1.3284,24,149.94,True
1700,3i,150.0,8,4.9694,4,5.0,False
1700,4i,150.0,8,5.827,4,9.0,False
1705,1i,150.0,34,1.7672,23,148.78,True
1705,2i,150.0,33,1.3371,20,149.94,True
1705,3i,150.0,8,1.6566,6,13.72,False
1705,4i,150.0,8,1.7431,5,13.0,False
1710,1i,150.0,38,2.0986,22,148.78,True
1710,2i,150.0,34,0.7921,23,149.94,True
1710,3i,150.0,9,2.7722,7,26.04,False
1710,4i,150.0,9,2.7792,7,27.05,False
1715,1i,150.0,39,1.5221,26,148.78,True
1715,2i,150.0,37,1.313,26,149.94,True
1715,3i,150.0,5,2.165,2,13.71,False
1715,4i,150.0,4,2.2745,2,26.38,False
1720,1i,150.0,42,1.0853,28,148.78,True
1720,2i,150.0,41,2.1181,30,149.77,True
1720,3i,150.0,4,2.9285,2,13.71,False
1720,4i,150.0,4,7.7003,1,1.0,False
1725,1i,150.0,43,0.7211,31,148.6,True
1725,2i,150.0,43,1.5429,32,142.6,False
1725,3i,150.0,3,5.5328,2,13.71,False
1725,4i,150.0,2,7.826,1,1.0,False
1730,1i,150.0,46,0.6904,36,135.06,False
1730,2i,150.0,43,0.4718,35,142.6,False
1730,3i,150.0,2,0.0,2,13.71,False
1730,4i,150.0,1,0.0,1,1.0,False
1735,1i,150.0,48,0.6636,40,138.94,False
1735,2i,150.0,45,0.3489,42,142.6,False
1735,3i,150.0,2,0.0,2,13.71,False
1735,4i,150.0,4,18.7662,1,1.0,False
1740,1i,150.0,49,0.3201,45,138.94,False
1740,2i,150.0,45,0.2514,44,148.64,True
1740,3i,150.0,5,9.977,2,13.71,False
1740,4i,150.0,4,10.7182,1,1.0,False
1745,1i,150.0,51,0.0615,49,144.93,False
1745,2i,150.0,45,0.0101,44,148.61,True
1745,3i,150.0,4,10.9933,0,0.0,False
1745,4i,150.0,3,2.8357,1,1.0,False
1750,1i,150.0,51,0.0052,51,148.04,True
1750,2i,150.0,45,0.0,45,148.61,True
1750,3i,150.0,4,8.6075,0,0.0,False
1750,4i,150.0,3,6.5801,2,1.0,False
1755,1i,150.0,52,0.2145,51,147.78,True
1755,2i,150.0,46,0.329,45,148.61,True
1755,3i,150.0,4,2.3951,3,1.0,False
1755,4i,150.0,3,2.0482,2,1.0,False
1760,1i,150.0,49,0.2037,47,147.78,True
1760,2i,150.0,43,0.1981,38,148.61,True
1760,3i,150.0,4,0.0288,4,13.73,False
1760,4i,150.0,3,0.0255,3,8.01,False
1765,1i,150.0,47,0.4738,41,147.78,True
1765,2i,150.0,40,0.3729,35,148.61,True
1765,3i,150.0,5,3.2176,4,13.71,False
1765,4i,150.0,4,3.8852,3,8.0,False
1770,1i,150.0,45,0.9104,36,147.78,True
1770,2i,150.0,38,0.8857,34,148.61,True
1770,3i,150.0,5,0.5631,4,13.71,False
1770,4i,150.0,4,0.4555,3,8.0,False
1775,1i,150.0,41,0.9518,33,147.78,True
1775,2i,150.0,35,1.489,28,148.61,True
1775,3i,150.0,7,6.709,5,20.71,False
1775,4i,150.0,7,10.7087,4,12.0,False
1780,1i,150.0,39,1.1839,30,147.78,True
1780,2i,150.0,31,0.958,24,148.61,True
1780,3i,150.0,8,5.7025,5,20.71,False
1780,4i,150.0,7,4.9617,4,12.0,False
1785,1i,150.0,40,1.3645,27,147.78,True
1785,2i,150.0,31,1.4816,22,148.61,True
1785,3i,150.0,8,1.6189,5,20.71,False
1785,4i,150.0,7,0.0804,6,16.02,False
1790,1i,150.0,40,1.4599,28,147.78,True
1790,2i,150.0,31,1.5126,22,148.61,True
1790,3i,150.0,9,2.039,7,20.71,False
1790,4i,150.0,8,2.2792,7,16.0,False
1795,1i,150.0,41,1.0958,26,147.78,True
1795,2i,150.0,30,1.2755,20,148.61,True
1795,3i,150.0,9,0.4562,8,27.71,False
1795,4i,150.0,8,0.6141,7,16.0,False
1800,1i,150.0,42,0.7241,30,147.78,True
1800,2i,150.0,31,0.743,22,148.61,True
1800,3i,150.0,10,2.4288,9,40.43,False
1800,4i,150.0,8,0.0012,8,20.01,False
1805,1i,150.0,44,0.8761,31,147.78,True
1805,2i,150.0,33,1.1774,22,148.61,True
1805,3i,150.0,6,3.0987,2,15.04,False
1805,4i,150.0,4,4.6122,2,19.35,False
1810,1i,150.0,46,1.0039,34,147.78,True
1810,2i,150.0,34,0.6981,25,148.15,True
1810,3i,150.0,4,4.0076,2,15.04,False
1810,4i,150.0,2,6.329,1,1.0,False
1815,1i,150.0,47,0.6054,39,147.77,True
1815,2i,150.0,39,1.6097,30,149.98,True
1815,3i,150.0,4,12.1504,2,15.04,False
1815,4i,150.0,5,18.0572,1,1.0,False
1820,1i,150.0,49,0.3074,40,146.67,True
1820,2i,150.0,42,1.8186,32,149.35,True
1820,3i,150.0,5,9.3908,2,15.04,False
1820,4i,150.0,4,10.6191,1,1.0,False
1825,1i,150.0,51,0.416,47,147.79,True
1825,2i,150.0,44,0.8746,36,149.35,True
1825,3i,150.0,3,3.2048,2,15.04,False
1825,4i,150.0,2,0.0447,2,5.0,False
1830,1i,150.0,51,0.1247,49,147.27,True
1830,2i,150.0,44,0.1338,41,149.35,True
1830,3i,150.0,4,5.246,2,15.04,False
1830,4i,150.0,2,0.0,2,5.0,False
1835,1i,150.0,51,0.0094,51,147.27,True
1835,2i,150.0,45,0.0042,45,149.62,True
1835,3i,150.0,3,4.219,0,0.0,False
1835,4i,150.0,1,16.3635,0,0.0,False
1840,1i,150.0,52,0.2722,51,147.27,True
1840,2i,150.0,46,0.3833,45,149.61,True
1840,3i,150.0,3,1.1936,1,1.0,False
1840,4i,150.0,2,18.2824,0,0.0,False
1845,1i,150.0,52,0.0368,51,147.27,True
1845,2i,150.0,46,0.1117,45,149.61,True
1845,3i,150.0,4,3.9744,3,8.0,False
1845,4i,150.0,2,6.4227,1,1.0,False
1850,1i,150.0,49,0.215,45,147.27,True
1850,2i,150.0,43,0.1394,41,149.61,True
1850,3i,150.0,4,2.8508,3,8.0,False
1850,4i,150.0,2,0.1812,1,1.0,False
1855,1i,150.0,47,0.9288,40,147.27,True
1855,2i,150.0,42,0.6005,38,149.61,True
1855,3i,150.0,7,11.1757,3,8.0,False
1855,4i,150.0,5,14.9576,2,15.04,False
1860,1i,150.0,44,0.9369,36,147.27,True
1860,2i,150.0,40,0.6027,34,149.61,True
1860,3i,150.0,7,5.816,3,8.0,False
1860,4i,150.0,5,7.7708,2,15.04,False
1865,1i,150.0,41,1.2926,33,147.27,True
1865,2i,150.0,39,1.3165,30,149.61,True
1865,3i,150.0,7,0.8717,5,22.04,False
1865,4i,150.0,5,0.1735,3,15.04,False
1870,1i,150.0,38,1.2188,29,146.04,True
1870,2i,150.0,33,0.8041,26,149.61,True
1870,3i,150.0,8,2.2018,7,22.04,False
1870,4i,150.0,6,2.9438,5,19.04,False
1875,1i,150.0,39,1.41,27,137.74,False
1875,2i,150.0,35,1.2687,25,149.61,True
1875,3i,150.0,8,0.5082,7,22.04,False
1875,4i,150.0,6,0.6166,5,19.04,False
1880,1i,150.0,38,0.9893,28,137.74,False
1880,2i,150.0,34,1.0984,22,149.61,True
1880,3i,150.0,8,0.0,8,26.04,False
1880,4i,150.0,6,0.0001,6,26.04,False
1885,1i,150.0,39,0.9183,28,137.74,False
1885,2i,150.0,33,0.8189,22,149.61,True
1885,3i,150.0,9,1.6654,8,26.04,False
1885,4i,150.0,7,2.6365,6,26.04,False
1890,1i,150.0,40,1.1726,29,137.74,False
1890,2i,150.0,36,1.194,21,149.61,True
1890,3i,150.0,9,0.1809,8,26.04,False
1890,4i,150.0,7,1.569,6,26.04,False
1895,1i,150.0,42,0.8597,30,137.74,False
1895,2i,150.0,37,0.9952,24,149.61,True
1895,3i,150.0,8,6.289,4,29.61,False
1895,4i,150.0,8,9.7007,2,24.45,False
1900,1i,150.0,45,0.896,34,137.74,False
1900,2i,150.0,38,0.5585,26,149.56,True
1900,3i,150.0,8,6.3041,3,22.04,False
1900,4i,150.0,6,7.8877,1,1.0,False
1905,1i,150.0,47,0.8955,37,137.73,False
1905,2i,150.0,39,0.3372,29,127.99,False
1905,3i,150.0,5,2.7245,3,22.04,False
1905,4i,150.0,3,2.9647,1,1.0,False
1910,1i,150.0,48,0.5525,40,141.86,False
1910,2i,150.0,43,1.2479,35,147.65,True
1910,3i,150.0,6,5.62,4,26.04,False
1910,4i,150.0,3,6.5691,2,5.0,False
1915,1i,150.0,49,0.1449,43,145.61,True
1915,2i,150.0,46,1.4572,39,147.65,True
1915,3i,150.0,5,3.6715,4,26.04,False
1915,4i,150.0,2,0.0,2,5.0,False
1920,1i,150.0,50,0.0753,47,145.6,True
1920,2i,150.0,46,0.2865,43,147.65,True
1920,3i,150.0,5,5.0509,4,26.04,False
1920,4i,150.0,2,0.0,2,5.0,False
1925,1i,150.0,52,0.3032,51,147.33,True
1925,2i,150.0,47,0.3518,45,147.65,True
1925,3i,150.0,4,4.7267,2,26.04,False
1925,4i,150.0,1,17.567,0,0.0,False
1930,1i,150.0,52,0.1545,51,147.07,True
1930,2i,150.0,47,0.1677,46,147.65,True
1930,3i,150.0,3,3.6984,0,0.0,False
1930,4i,150.0,1,5.2959,0,0.0,False
1935,1i,150.0,52,0.0305,51,147.06,True
1935,2i,150.0,47,0.0039,47,147.65,True
1935,3i,150.0,5,9.8271,3,5.13,False
1935,4i,150.0,4,19.3783,1,1.0,False
1940,1i,150.0,52,0.4621,47,147.06,True
1940,2i,150.0,43,0.4778,40,147.65,True
1940,3i,150.0,6,7.9484,3,5.0,False
1940,4i,150.0,4,10.1119,1,1.0,False
1945,1i,150.0,48,0.5989,42,147.06,True
1945,2i,150.0,42,0.8138,35,147.65,True
1945,3i,150.0,6,1.5717,3,5.0,False
1945,4i,150.0,4,0.5137,2,1.0,False
1950,1i,150.0,44,0.681,39,147.06,True
1950,2i,150.0,39,0.7499,32,147.65,True
1950,3i,150.0,6,0.0007,6,12.0,False
1950,4i,150.0,5,3.7911,4,8.01,False
1955,1i,150.0,40,0.5793,34,147.06,True
1955,2i,150.0,35,0.6094,28,147.59,True
1955,3i,150.0,7,1.827,6,12.0,False
1955,4i,150.0,5,0.9903,4,8.0,False
1960,1i,150.0,40,1.3859,30,147.06,True
1960,2i,150.0,34,1.5108,24,145.36,True
1960,3i,150.0,7,1.1944,6,12.0,False
1960,4i,150.0,5,0.0001,5,15.0,False
1965,1i,150.0,40,1.0867,29,147.06,True
1965,2i,150.0,34,1.2455,23,149.68,True
1965,3i,150.0,8,2.3106,6,12.0,False
1965,4i,150.0,6,2.7878,5,15.0,False
1970,1i,150.0,39,0.8874,28,147.06,True
1970,2i,150.0,33,1.0024,21,143.9,False
1970,3i,150.0,8,0.6796,7,12.04,False
1970,4i,150.0,6,0.6441,5,15.0,False
1975,1i,150.0,40,1.4444,27,147.06,True
1975,2i,150.0,34,1.7232,19,143.9,False
1975,3i,150.0,11,6.4212,8,26.05,False
1975,4i,150.0,9,7.9404,6,19.0,False
1980,1i,150.0,41,1.1439,28,147.06,True
1980,2i,150.0,35,1.4328,21,143.9,False
1980,3i,150.0,11,3.4942,8,26.04,False
1980,4i,150.0,9,4.3727,6,19.0,False
1985,1i,150.0,42,0.6174,30,147.06,True
1985,2i,150.0,36,0.7282,21,143.9,False
1985,3i,150.0,7,0.8949,3,12.0,False
1985,4i,150.0,5,1.7381,1,1.0,False
1990,1i,150.0,45,1.2477,33,147.06,True
1990,2i,150.0,37,0.5833,27,143.79,False
1990,3i,150.0,7,4.087,4,19.01,False
1990,4i,150.0,3,7.7005,2,5.0,False
1995,1i,150.0,47,1.2972,35,147.05,True
1995,2i,150.0,41,1.1733,29,149.08,True
1995,3i,150.0,5,2.4534,4,19.0,False
1995,4i,150.0,3,5.2309,2,5.0,False
2000,1i,150.0,50,0.3959,43,149.85,True
2000,2i,150.0,45,1.8023,34,133.92,False
2000,3i,150.0,5,5.2611,4,19.0,False
2000,4i,150.0,3,8.8632,2,5.0,False
2005,1i,150.0,51,0.154,46,149.34,True
2005,2i,150.0,47,1.0635,40,147.94,True
2005,3i,150.0,5,3.3969,4,19.0,False
2005,4i,150.0,3,6.594,2,5.0,False
2010,1i,150.0,53,0.3638,50,149.27,True
2010,2i,150.0,48,0.3791,44,147.94,True
2010,3i,150.0,4,0.0,4,19.0,False
2010,4i,150.0,2,0.0,2,5.0,False
2015,1i,150.0,55,0.4179,53,149.27,True
2015,2i,150.0,48,0.1958,47,147.94,True
2015,3i,150.0,5,13.641,2,19.0,False
2015,4i,150.0,3,23.6552,0,0.0,False
2020,1i,150.0,55,0.1311,53,149.27,True
2020,2i,150.0,48,0.0024,48,147.94,True
2020,3i,150.0,4,9.9288,0,0.0,False
2020,4i,150.0,3,15.2941,0,0.0,False
2025,1i,150.0,55,0.0001,55,149.27,True
2025,2i,150.0,49,0.3808,48,147.94,True
2025,3i,150.0,4,1.1852,2,1.0,False
2025,4i,150.0,2,0.8903,0,0.0,False
2030,1i,150.0,52,0.3527,50,149.27,True
2030,2i,150.0,45,0.4165,42,147.94,True
2030,3i,150.0,4,0.0002,4,5.0,False
2030,4i,150.0,3,7.6872,2,1.0,False
2035,1i,150.0,50,0.3581,42,149.27,True
2035,2i,150.0,43,0.2407,40,147.94,True
2035,3i,150.0,5,3.1106,4,5.0,False
2035,4i,150.0,3,3.2842,2,1.0,False
2040,1i,150.0,47,0.5107,39,149.27,True
2040,2i,150.0,40,0.2403,36,147.94,True
2040,3i,150.0,6,5.3565,4,5.0,False
2040,4i,150.0,3,0.0394,3,8.07,False
2045,1i,150.0,46,1.0837,34,149.27,True
2045,2i,150.0,39,1.2482,33,147.84,True
2045,3i,150.0,6,2.2602,4,5.0,False
2045,4i,150.0,4,4.3562,3,8.0,False
2050,1i,150.0,44,1.1405,32,148.74,True
2050,2i,150.0,35,1.1781,29,147.04,True
2050,3i,150.0,6,0.1958,5,8.0,False
2050,4i,150.0,4,0.8562,3,8.0,False
2055,1i,150.0,42,0.7297,29,145.64,True
2055,2i,150.0,34,1.0034,25,146.9,True
2055,3i,150.0,8,5.6219,6,20.71,False
2055,4i,150.0,6,7.4171,4,15.0,False
2060,1i,150.0,43,1.0758,28,144.78,False
2060,2i,150.0,34,1.6682,21,146.9,True
2060,3i,150.0,9,3.5698,6,20.71,False
2060,4i,150.0,7,5.2822,4,15.0,False
2065,1i,150.0,43,1.3401,27,144.78,False
2065,2i,150.0,33,1.4234,20,146.9,True
2065,3i,150.0,9,1.062,8,24.73,False
2065,4i,150.0,7,1.3744,5,15.0,False
2070,1i,150.0,44,1.0073,26,144.78,False
2070,2i,150.0,34,1.0897,22,146.9,True
2070,3i,150.0,10,2.2506,8,24.71,False
2070,4i,150.0,8,2.6522,6,15.0,False
2075,1i,150.0,45,0.6413,31,144.78,False
2075,2i,150.0,35,0.8286,23,146.9,True
2075,3i,150.0,6,1.4742,3,9.0,False
2075,4i,150.0,4,3.949,1,1.0,False
2080,1i,150.0,46,0.8067,34,144.78,False
2080,2i,150.0,37,0.8845,25,146.68,True
2080,3i,150.0,5,7.116,3,9.0,False
2080,4i,150.0,3,10.9268,1,1.0,False
2085,1i,150.0,47,0.5915,36,144.76,False
2085,2i,150.0,39,0.5024,29,148.34,True
2085,3i,150.0,4,4.6945,3,9.0,False
2085,4i,150.0,2,7.1318,1,1.0,False
2090,1i,150.0,49,0.6194,39,143.25,False
2090,2i,150.0,42,0.9691,35,141.24,False
2090,3i,150.0,3,0.0,3,9.0,False
2090,4i,150.0,1,0.0,1,1.0,False
2095,1i,150.0,50,0.6249,43,147.94,True
2095,2i,150.0,45,1.3582,38,141.23,False
2095,3i,150.0,5,9.0794,3,9.0,False
2095,4i,150.0,3,15.1371,1,1.0,False
2100,1i,150.0,51,0.3353,48,147.94,True
2100,2i,150.0,48,1.1024,43,148.75,True
2100,3i,150.0,6,6.4127,3,9.0,False
2100,4i,150.0,4,10.0867,1,1.0,False
2105,1i,150.0,52,0.0203,51,147.94,True
2105,2i,150.0,48,0.3468,45,147.93,True
2105,3i,150.0,5,3.3172,2,13.03,False
2105,4i,150.0,3,6.571,0,0.0,False
2110,1i,150.0,52,0.0012,52,147.94,True
2110,2i,150.0,48,0.0001,48,147.9,True
2110,3i,150.0,4,5.3116,2,1.0,False
2110,4i,150.0,3,7.49,1,1.0,False
2115,1i,150.0,53,0.3059,52,147.94,True
2115,2i,150.0,49,0.2203,48,147.9,True
2115,3i,150.0,4,1.5306,3,1.0,False
2115,4i,150.0,3,3.0157,2,1.0,False
2120,1i,150.0,49,0.2564,45,147.94,True
2120,2i,150.0,45,0.398,40,147.9,True
2120,3i,150.0,4,0.0,4,5.0,False
2120,4i,150.0,3,0.0043,3,13.71,False
2125,1i,150.0,45,0.4528,40,147.94,True
2125,2i,150.0,42,0.3162,39,147.9,True
2125,3i,150.0,5,3.5555,4,5.0,False
2125,4i,150.0,4,4.222,3,13.71,False
2130,1i,150.0,43,1.0082,36,147.94,True
2130,2i,150.0,40,1.0783,35,147.9,True
2130,3i,150.0,5,0.7555,4,5.0,False
2130,4i,150.0,4,0.722,3,13.71,False
2135,1i,150.0,41,1.2235,32,147.94,True
2135,2i,150.0,36,0.7454,31,147.9,True
2135,3i,150.0,8,8.0997,5,9.0,False
2135,4i,150.0,6,7.2926,4,20.71,False
2140,1i,150.0,38,1.4562,27,147.53,True
2140,2i,150.0,34,1.3817,27,147.9,True
2140,3i,150.0,8,3.1338,5,9.0,False
2140,4i,150.0,7,4.4301,4,20.71,False
2145,1i,150.0,38,1.557,26,144.82,False
2145,2i,150.0,34,0.7733,25,147.9,True
2145,3i,150.0,8,0.0029,8,16.01,False
2145,4i,150.0,7,1.2387,6,20.71,False
2150,1i,150.0,40,1.9585,26,144.82,False
2150,2i,150.0,34,1.1625,24,147.9,True
2150,3i,150.0,9,2.0194,8,16.0,False
2150,4i,150.0,8,2.7626,6,20.71,False
2155,1i,150.0,40,1.7632,25,144.82,False
2155,2i,150.0,34,1.1364,22,147.9,True
2155,3i,150.0,9,0.5235,8,16.0,False
2155,4i,150.0,8,0.8167,7,27.81,False
2160,1i,150.0,41,1.0771,28,144.82,False
2160,2i,150.0,35,0.8057,23,147.9,True
2160,3i,150.0,9,0.0006,9,20.01,False
2160,4i,150.0,9,2.6221,8,41.78,False
2165,1i,150.0,43,1.1191,30,144.82,False
2165,2i,150.0,37,1.0578,25,147.9,True
2165,3i,150.0,5,4.3694,3,19.38,False
2165,4i,150.0,5,3.3627,2,41.34,False
2170,1i,150.0,47,1.8452,33,144.82,False
2170,2i,150.0,40,1.4367,29,147.87,True
2170,3i,150.0,3,4.8833,2,5.0,False
2170,4i,150.0,4,3.5594,1,1.0,False
2175,1i,150.0,49,0.9104,35,144.69,False
2175,2i,150.0,43,1.8041,32,143.01,False
2175,3i,150.0,5,13.7005,2,5.0,False
2175,4i,150.0,4,12.4915,1,1.0,False
2180,1i,150.0,50,0.5843,42,142.13,False
2180,2i,150.0,46,1.086,36,142.98,False
2180,3i,150.0,5,7.6765,2,5.0,False
2180,4i,150.0,4,9.9522,1,1.0,False
2185,1i,150.0,53,0.4215,46,145.37,True
2185,2i,150.0,47,0.3848,44,142.98,False
2185,3i,150.0,3,0.0439,3,9.07,False
2185,4i,150.0,3,3.9709,2,5.03,False
2190,1i,150.0,55,0.1163,51,149.27,True
2190,2i,150.0,47,0.1617,46,142.98,False
2190,3i,150.0,4,4.735,3,9.0,False
2190,4i,150.0,4,4.904,2,5.0,False
2195,1i,150.0,56,0.0456,54,149.27,True
2195,2i,150.0,47,0.0706,46,142.98,False
2195,3i,150.0,2,4.1884,0,0.0,False
2195,4i,150.0,3,3.5899,1,1.0,False
2200,1i,150.0,57,0.3022,56,149.27,True
2200,2i,150.0,48,0.2368,47,142.98,False
2200,3i,150.0,2,13.7751,1,1.0,False
2200,4i,150.0,2,0.0,2,1.0,False
2205,1i,150.0,57,0.0887,56,149.27,True
2205,2i,150.0,48,0.0032,47,142.98,False
2205,3i,150.0,2,6.888,1,1.0,False
2205,4i,150.0,3,5.2227,2,1.0,False
2210,1i,150.0,53,0.1055,51,149.27,True
2210,2i,150.0,45,0.3262,40,142.98,False
2210,3i,150.0,2,1.306,1,1.0,False
2210,4i,150.0,3,3.7845,2,1.0,False
2215,1i,150.0,50,0.3869,47,149.27,True
2215,2i,150.0,43,0.8897,36,142.98,False
2215,3i,150.0,2,0.0031,2,5.0,False
2215,4i,150.0,5,9.9582,2,1.0,False
2220,1i,150.0,48,0.5676,44,149.27,True
2220,2i,150.0,40,0.8849,34,142.98,False
2220,3i,150.0,5,9.8772,2,5.0,False
2220,4i,150.0,6,6.4948,2,1.0,False
2225,1i,150.0,44,0.7489,39,149.27,True
2225,2i,150.0,37,0.7137,32,142.89,False
2225,3i,150.0,5,7.2502,2,5.0,False
2225,4i,150.0,6,1.5079,4,15.05,False
2230,1i,150.0,41,0.7287,35,148.96,True
2230,2i,150.0,35,1.0173,27,141.7,False
2230,3i,150.0,5,1.4773,3,5.0,False
2230,4i,150.0,7,3.2744,5,15.04,False
2235,1i,150.0,42,1.0059,34,147.56,True
2235,2i,150.0,35,1.7552,22,139.28,False
2235,3i,150.0,6,2.1102,4,5.0,False
2235,4i,150.0,7,1.0467,6,19.23,False
2240,1i,150.0,41,0.9053,30,146.45,True
2240,2i,150.0,35,1.5934,20,149.7,True
2240,3i,150.0,6,1.2886,5,9.0,False
2240,4i,150.0,7,0.0175,7,33.18,False
2245,1i,150.0,41,0.9125,28,146.45,True
2245,2i,150.0,34,1.3862,19,136.9,False
2245,3i,150.0,7,2.5039,5,9.0,False
2245,4i,150.0,8,1.7569,7,33.08,False
2250,1i,150.0,43,1.0943,30,146.45,True
2250,2i,150.0,36,1.5235,21,136.9,False
2250,3i,150.0,7,0.4981,6,23.06,False
2250,4i,150.0,8,1.2049,7,33.08,False
2255,1i,150.0,45,0.8491,30,146.45,True
2255,2i,150.0,38,1.1954,24,136.9,False
2255,3i,150.0,7,10.0417,2,36.73,False
2255,4i,150.0,8,8.324,1,1.0,False
2260,1i,150.0,46,0.6872,38,146.45,True
2260,2i,150.0,39,0.6384,27,136.24,False
2260,3i,150.0,5,8.1111,1,1.0,False
2260,4i,150.0,6,6.9039,1,1.0,False
2265,1i,150.0,51,1.3319,38,146.45,True
2265,2i,150.0,41,0.7702,31,127.45,False
2265,3i,150.0,3,3.1914,2,13.78,False
2265,4i,150.0,4,3.3008,2,8.02,False
2270,1i,150.0,51,0.7228,41,147.36,True
2270,2i,150.0,44,0.8097,38,146.71,True
2270,3i,150.0,3,7.3832,2,13.71,False
2270,4i,150.0,2,0.0,2,8.0,False
2275,1i,150.0,52,0.1988,45,147.27,True
2275,2i,150.0,49,1.3653,41,146.61,True
2275,3i,150.0,3,6.3811,2,13.71,False
2275,4i,150.0,3,5.1991,2,8.0,False
2280,1i,150.0,52,0.0639,51,147.27,True
2280,2i,150.0,51,0.7061,45,146.61,True
2280,3i,150.0,2,0.0,2,13.71,False
2280,4i,150.0,3,3.3692,2,8.0,False
2285,1i,150.0,53,0.3466,52,147.27,True
2285,2i,150.0,51,0.1895,50,146.61,True
2285,3i,150.0,2,11.1068,0,0.0,False
2285,4i,150.0,3,6.8335,1,1.0,False
2290,1i,150.0,54,0.1371,53,148.95,True
2290,2i,150.0,52,0.1938,51,146.61,True
2290,3i,150.0,1,17.6121,0,0.0,False
2290,4i,150.0,2,1.9626,1,1.0,False
2295,1i,150.0,54,0.0002,54,148.82,True
2295,2i,150.0,52,0.1046,51,146.61,True
2295,3i,150.0,4,17.6746,0,0.0,False
2295,4i,150.0,5,14.1927,2,13.71,False
2300,1i,150.0,53,0.6015,47,148.82,True
2300,2i,150.0,49,0.4822,44,146.61,True
2300,3i,150.0,4,6.6673,1,1.0,False
2300,4i,150.0,5,6.7928,2,13.71,False
2305,1i,150.0,49,0.3829,45,148.82,True
2305,2i,150.0,46,0.7134,38,146.61,True
2305,3i,150.0,4,0.0342,4,13.73,False
2305,4i,150.0,5,0.3828,3,13.71,False
2310,1i,150.0,47,0.3283,40,148.82,True
2310,2i,150.0,42,0.7529,35,146.61,True
2310,3i,150.0,5,3.7098,4,13.71,False
2310,4i,150.0,6,3.4103,5,20.71,False
2315,1i,150.0,45,1.0906,35,148.82,True
2315,2i,150.0,39,0.8208,33,146.61,True
2315,3i,150.0,5,0.9098,4,13.71,False
2315,4i,150.0,6,1.2561,5,20.71,False
2320,1i,150.0,41,1.043,31,148.82,True
2320,2i,150.0,37,1.1599,29,146.02,True
2320,3i,150.0,5,0.0001,5,17.71,False
2320,4i,150.0,7,3.4127,6,27.71,False
2325,1i,150.0,41,1.1174,30,148.82,True
2325,2i,150.0,37,1.4683,26,143.81,False
2325,3i,150.0,6,2.7539,5,17.71,False
2325,4i,150.0,7,1.6022,6,27.71,False
2330,1i,150.0,41,1.0041,28,148.82,True
2330,2i,150.0,37,1.1311,24,148.27,True
2330,3i,150.0,6,0.4205,5,17.71,False
2330,4i,150.0,7,0.0841,6,27.71,False
2335,1i,150.0,41,1.3581,27,148.82,True
2335,2i,150.0,37,1.5321,26,143.23,False
2335,3i,150.0,9,7.1271,6,21.71,False
2335,4i,150.0,10,6.1634,7,34.72,False
2340,1i,150.0,42,1.0537,29,148.82,True
2340,2i,150.0,39,1.1038,27,143.23,False
2340,3i,150.0,9,3.2572,6,21.71,False
2340,4i,150.0,10,2.4844,7,34.72,False
2345,1i,150.0,44,0.633,31,148.82,True
2345,2i,150.0,40,0.6112,30,143.23,False
2345,3i,150.0,6,1.98,3,28.37,False
2345,4i,150.0,7,1.4771,4,38.72,False
2350,1i,150.0,45,0.4619,35,148.82,True
2350,2i,150.0,41,0.4735,31,143.17,False
2350,3i,150.0,4,7.21,2,5.0,False
2350,4i,150.0,5,6.5887,2,5.0,False
2355,1i,150.0,49,1.3272,37,148.81,True
2355,2i,150.0,42,0.7813,34,144.29,False
2355,3i,150.0,3,4.9829,2,5.0,False
2355,4i,150.0,3,4.9528,2,5.0,False
2360,1i,150.0,51,1.5799,39,147.42,True
2360,2i,150.0,44,1.1255,35,144.28,False
2360,3i,150.0,3,9.1304,2,5.0,False
2360,4i,150.0,2,0.0,2,5.0,False
2365,1i,150.0,52,0.5497,44,147.67,True
2365,2i,150.0,47,0.9363,40,144.28,False
2365,3i,150.0,3,6.2053,2,5.0,False
2365,4i,150.0,3,6.0993,2,5.0,False
2370,1i,150.0,54,0.4518,49,145.9,True
2370,2i,150.0,50,0.8455,44,144.28,False
2370,3i,150.0,2,0.0,2,5.0,False
2370,4i,150.0,3,5.5216,2,5.0,False
2375,1i,150.0,55,0.1793,54,149.94,True
2375,2i,150.0,52,0.1872,50,144.47,False
2375,3i,150.0,1,22.7242,0,0.0,False
2375,4i,150.0,5,15.3485,0,0.0,False
2380,1i,150.0,55,0.0028,55,148.89,True
2380,2i,150.0,52,0.0021,52,147.9,True
2380,3i,150.0,3,14.9989,0,0.0,False
2380,4i,150.0,4,9.427,1,1.0,False
2385,1i,150.0,55,0.0001,55,148.82,True
2385,2i,150.0,52,0.0,52,147.86,True
2385,3i,150.0,3,7.7597,1,1.0,False
2385,4i,150.0,3,0.1294,2,13.71,False
2390,1i,150.0,53,0.4419,49,148.82,True
2390,2i,150.0,50,0.4979,44,147.86,True
2390,3i,150.0,3,0.0,3,1.0,False
2390,4i,150.0,4,4.6117,3,13.71,False
2395,1i,150.0,50,0.2256,47,148.82,True
2395,2i,150.0,46,0.6375,38,147.86,True
2395,3i,150.0,4,3.8357,3,1.0,False
2395,4i,150.0,4,1.1117,3,13.71,False
2400,1i,150.0,47,0.3393,41,148.82,True
2400,2i,150.0,43,0.7814,38,147.86,True
2400,3i,150.0,4,2.2023,3,1.0,False
2400,4i,150.0,5,5.2278,4,17.71,False
2405,1i,150.0,45,1.0025,37,148.82,True
2405,2i,150.0,40,1.8786,31,147.86,True
2405,3i,150.0,5,3.5061,3,1.0,False
2405,4i,150.0,5,2.6926,4,17.71,False
2410,1i,150.0,41,0.9836,34,148.82,True
2410,2i,150.0,36,1.9376,28,147.86,True
2410,3i,150.0,5,0.7743,4,5.0,False
2410,4i,150.0,5,0.1651,4,17.71,False
2415,1i,150.0,40,0.8166,32,148.82,True
2415,2i,150.0,36,1.3033,26,147.86,True
2415,3i,150.0,7,5.9568,5,17.73,False
2415,4i,150.0,8,8.1011,5,21.71,False
2420,1i,150.0,40,1.4105,27,148.82,True
2420,2i,150.0,37,1.5719,27,147.86,True
2420,3i,150.0,8,3.8248,5,17.71,False
2420,4i,150.0,8,3.79,5,21.71,False
2425,1i,150.0,39,1.5002,26,148.82,True
2425,2i,150.0,37,1.5716,23,147.86,True
2425,3i,150.0,8,1.1368,7,24.71,False
2425,4i,150.0,8,0.0422,7,25.72,False
2430,1i,150.0,41,0.8369,28,148.82,True
2430,2i,150.0,38,0.8074,26,147.86,True
2430,3i,150.0,9,2.2334,7,24.71,False
2430,4i,150.0,9,1.9334,8,25.72,False
2435,1i,150.0,42,0.564,29,148.82,True
2435,2i,150.0,40,0.7375,28,147.86,True
2435,3i,150.0,6,2.0497,3,23.18,False
2435,4i,150.0,5,2.1779,2,25.18,False
2440,1i,150.0,44,0.8409,31,148.82,True
2440,2i,150.0,44,1.2619,29,147.86,True
2440,3i,150.0,3,2.6451,2,13.71,False
2440,4i,150.0,3,10.3643,1,1.0,False
2445,1i,150.0,47,1.1785,34,148.8,True
2445,2i,150.0,47,1.565,32,147.65,True
2445,3i,150.0,3,5.1496,2,13.71,False
2445,4i,150.0,2,7.0764,1,1.0,False
2450,1i,150.0,52,1.8419,40,147.89,True
2450,2i,150.0,50,1.1077,37,129.91,False
2450,3i,150.0,2,0.0,2,13.71,False
2450,4i,150.0,1,0.0,1,1.0,False
2455,1i,150.0,55,1.3418,40,147.86,True
2455,2i,150.0,51,0.3094,45,147.94,True
2455,3i,150.0,5,12.7991,2,13.71,False
2455,4i,150.0,1,0.0,1,1.0,False
2460,1i,150.0,56,0.3721,48,147.86,True
2460,2i,150.0,54,0.236,51,147.94,True
2460,3i,150.0,5,5.2376,2,13.71,False
2460,4i,150.0,4,12.83,1,1.0,False
2465,1i,150.0,57,0.0662,54,147.86,True
2465,2i,150.0,54,0.1068,53,147.94,True
2465,3i,150.0,4,1.2608,1,0.11,False
2465,4i,150.0,3,12.5372,0,0.0,False
2470,1i,150.0,58,0.0105,57,147.86,True
2470,2i,150.0,54,0.0165,53,147.94,True
2470,3i,150.0,4,5.5193,2,1.0,False
2470,4i,150.0,4,6.9952,1,1.0,False
2475,1i,150.0,59,0.1723,58,147.86,True
2475,2i,150.0,55,0.2376,54,147.94,True
2475,3i,150.0,4,1.5973,3,1.0,False
2475,4i,150.0,4,1.861,3,1.0,False
2480,1i,150.0,56,0.2819,51,147.86,True
2480,2i,150.0,51,0.2758,45,147.94,True
2480,3i,150.0,4,0.0074,4,5.02,False
2480,4i,150.0,5,5.2403,4,8.01,False
2485,1i,150.0,53,0.2694,48,147.86,True
2485,2i,150.0,48,0.2994,46,147.94,True
2485,3i,150.0,5,3.5497,4,5.0,False
2485,4i,150.0,5,2.722,4,8.0,False
2490,1i,150.0,51,0.5921,47,147.86,True
2490,2i,150.0,47,0.846,42,147.94,True
2490,3i,150.0,5,0.7497,4,5.0,False
2490,4i,150.0,5,0.1112,4,8.0,False
2495,1i,150.0,48,0.3791,44,147.86,True
2495,2i,150.0,44,0.8461,37,147.82,True
2495,3i,150.0,8,8.5735,5,9.0,False
2495,4i,150.0,8,8.324,5,12.0,False
2500,1i,150.0,46,0.7524,40,147.85,True
2500,2i,150.0,41,1.1014,33,146.15,True
2500,3i,150.0,8,4.4122,5,9.0,False
2500,4i,150.0,8,3.5991,5,12.0,False
2505,1i,150.0,45,0.9372,34,147.2,True
2505,2i,150.0,42,1.1859,31,146.15,True
2505,3i,150.0,8,0.1823,6,9.0,False
2505,4i,150.0,8,0.0047,7,15.05,False
2510,1i,150.0,44,1.1953,33,146.82,True
2510,2i,150.0,41,1.0724,30,148.45,True
2510,3i,150.0,9,2.3037,8,16.0,False
2510,4i,150.0,9,1.9792,8,16.0,False
2515,1i,150.0,43,0.967,30,149.5,True
2515,2i,150.0,41,0.9746,27,146.15,True
2515,3i,150.0,9,0.9003,8,16.0,False
2515,4i,150.0,9,0.4272,8,16.0,False
2520,1i,150.0,43,0.6402,32,146.82,True
2520,2i,150.0,42,0.6989,28,146.15,True
2520,3i,150.0,10,2.5718,9,20.01,False
2520,4i,150.0,9,0.0006,9,23.01,False
2525,1i,150.0,46,0.8734,33,146.82,True
2525,2i,150.0,43,0.8831,30,146.15,True
2525,3i,150.0,5,2.9808,3,19.08,False
2525,4i,150.0,6,4.2969,3,22.14,False
2530,1i,150.0,48,0.8278,35,146.82,True
2530,2i,150.0,47,1.2664,34,146.15,True
2530,3i,150.0,3,2.7857,2,5.0,False
2530,4i,150.0,3,4.3347,2,15.04,False
2535,1i,150.0,49,0.808,39,146.82,True
2535,2i,150.0,50,1.4907,38,146.08,True
2535,3i,150.0,5,14.5752,2,5.0,False
2535,4i,150.0,4,11.1475,2,15.04,False
2540,1i,150.0,51,1.0113,41,146.15,True
2540,2i,150.0,51,0.9593,43,144.08,False
2540,3i,150.0,5,8.897,2,5.0,False
2540,4i,150.0,5,6.8655,2,15.04,False
2545,1i,150.0,55,1.06,43,136.86,False
2545,2i,150.0,52,0.3317,46,143.26,False
2545,3i,150.0,3,0.0425,3,12.06,False
2545,4i,150.0,4,4.5876,3,19.07,False
2550,1i,150.0,57,0.4239,48,136.86,False
2550,2i,150.0,53,0.0686,51,143.26,False
2550,3i,150.0,4,4.6205,3,12.0,False
2550,4i,150.0,3,0.0,3,19.04,False
2555,1i,150.0,58,0.0547,55,136.86,False
2555,2i,150.0,54,0.0153,54,149.94,True
2555,3i,150.0,2,4.607,0,0.0,False
2555,4i,150.0,3,6.6615,1,18.68,False
2560,1i,150.0,59,0.1482,58,145.99,True
2560,2i,150.0,55,0.2508,54,149.17,True
2560,3i,150.0,1,0.0,1,1.0,False
2560,4i,150.0,4,9.6011,0,0.0,False
2565,1i,150.0,60,0.0022,59,149.83,True
2565,2i,150.0,55,0.017,54,149.15,True
2565,3i,150.0,2,9.0485,1,1.0,False
2565,4i,150.0,4,3.3235,3,5.0,False
2570,1i,150.0,56,0.2392,52,149.82,True
2570,2i,150.0,52,0.2553,47,149.15,True
2570,3i,150.0,2,2.6281,1,1.0,False
2570,4i,150.0,4,0.0407,3,5.0,False
2575,1i,150.0,53,0.6001,48,149.82,True
2575,2i,150.0,50,0.8267,43,149.15,True
2575,3i,150.0,5,13.7644,2,5.0,False
2575,4i,150.0,7,9.6264,4,13.71,False
2580,1i,150.0,49,0.5395,43,149.82,True
2580,2i,150.0,45,0.555,39,149.15,True
2580,3i,150.0,5,6.1183,2,5.0,False
2580,4i,150.0,7,3.7945,4,13.71,False
2585,1i,150.0,46,0.7601,41,149.82,True
2585,2i,150.0,42,1.0949,35,149.15,True
2585,3i,150.0,5,0.0446,5,12.12,False
2585,4i,150.0,7,0.014,7,17.76,False
2590,1i,150.0,43,0.9859,37,149.82,True
2590,2i,150.0,38,1.1344,32,149.15,True
2590,3i,150.0,6,3.0062,5,12.0,False
2590,4i,150.0,8,2.7144,7,17.71,False
2595,1i,150.0,43,1.5955,30,149.82,True
2595,2i,150.0,39,1.3052,28,149.62,True
2595,3i,150.0,6,0.956,5,12.0,False
2595,4i,150.0,8,0.9643,7,17.71,False
2600,1i,150.0,42,1.3834,29,149.82,True
2600,2i,150.0,38,1.4113,26,149.15,True
2600,3i,150.0,6,0.0006,6,16.01,False
2600,4i,150.0,9,2.8122,8,21.75,False
2605,1i,150.0,42,0.9407,28,149.82,True
2605,2i,150.0,36,1.0883,25,149.15,True
2605,3i,150.0,7,2.3041,6,16.0,False
2605,4i,150.0,9,1.2977,8,21.71,False
2610,1i,150.0,44,1.3278,31,149.82,True
2610,2i,150.0,39,1.4115,26,149.15,True
2610,3i,150.0,7,0.3694,6,16.0,False
2610,4i,150.0,9,0.0189,9,28.83,False
2615,1i,150.0,46,0.9754,33,149.82,True
2615,2i,150.0,40,0.9974,28,149.15,True
2615,3i,150.0,6,11.5077,1,1.0,False
2615,4i,150.0,7,4.0087,4,28.0,False
2620,1i,150.0,50,1.2876,35,149.82,True
2620,2i,150.0,43,1.3986,30,149.15,True
2620,3i,150.0,4,10.0394,1,1.0,False
2620,4i,150.0,7,6.7182,3,9.0,False
2625,1i,150.0,54,1.7776,37,149.82,True
2625,2i,150.0,45,1.7215,31,149.12,True
2625,3i,150.0,2,0.4513,1,1.0,False
2625,4i,150.0,6,5.4643,4,13.01,False
2630,1i,150.0,58,1.5246,39,149.45,True
2630,2i,150.0,48,1.4555,35,147.33,True
2630,3i,150.0,3,7.5887,2,8.0,False
2630,4i,150.0,5,3.6757,4,13.0,False
2635,1i,150.0,60,0.7168,48,148.5,True
2635,2i,150.0,51,1.0819,39,144.93,False
2635,3i,150.0,3,4.7034,2,8.0,False
2635,4i,150.0,4,0.0,4,13.0,False
2640,1i,150.0,61,0.2394,53,148.42,True
2640,2i,150.0,52,0.1747,48,144.93,False
2640,3i,150.0,3,9.1619,2,8.0,False
2640,4i,150.0,4,0.0,4,13.0,False
2645,1i,150.0,63,0.2547,58,148.42,True
2645,2i,150.0,54,0.3279,51,144.93,False
2645,3i,150.0,2,9.5706,0,0.0,False
2645,4i,150.0,3,6.7867,1,13.0,False
2650,1i,150.0,63,0.1229,62,148.42,True
2650,2i,150.0,54,0.0415,53,146.25,True
2650,3i,150.0,1,2.2024,0,0.0,False
2650,4i,150.0,2,8.4162,0,0.0,False
2655,1i,150.0,63,0.0401,62,148.42,True
2655,2i,150.0,54,0.0001,54,146.15,True
2655,3i,150.0,2,11.5924,1,1.0,False
2655,4i,150.0,5,14.7132,1,1.0,False
2660,1i,150.0,59,0.4748,55,148.42,True
2660,2i,150.0,51,0.4232,48,146.15,True
2660,3i,150.0,4,10.6412,1,1.0,False
2660,4i,150.0,5,7.6303,2,1.0,False
2665,1i,150.0,55,0.3183,51,148.42,True
2665,2i,150.0,49,0.4255,44,146.15,True
2665,3i,150.0,4,5.2376,2,1.01,False
2665,4i,150.0,5,0.7644,3,5.0,False
2670,1i,150.0,52,0.4006,47,148.42,True
2670,2i,150.0,46,0.3294,42,146.15,True
2670,3i,150.0,4,1.2534,3,1.0,False
2670,4i,150.0,6,3.0135,5,13.71,False
2675,1i,150.0,48,0.3816,44,148.42,True
2675,2i,150.0,43,0.2743,41,146.15,True
2675,3i,150.0,5,2.6021,3,1.0,False
2675,4i,150.0,6,0.7408,5,13.71,False
2680,1i,150.0,46,0.7212,41,148.42,True
2680,2i,150.0,42,0.7911,36,146.15,True
2680,3i,150.0,6,4.9325,4,5.0,False
2680,4i,150.0,7,3.5619,6,20.71,False
2685,1i,150.0,45,1.0764,34,148.33,True
2685,2i,150.0,41,1.1365,30,146.15,True
2685,3i,150.0,6,2.7713,4,5.0,False
2685,4i,150.0,7,1.6879,6,20.71,False
2690,1i,150.0,44,1.2365,30,147.44,True
2690,2i,150.0,40,0.8959,28,146.15,True
2690,3i,150.0,6,0.4195,5,19.05,False
2690,4i,150.0,7,0.0224,6,20.71,False
2695,1i,150.0,43,1.4336,25,138.78,False
2695,2i,150.0,42,1.1218,27,146.15,True
2695,3i,150.0,8,5.407,6,33.09,False
2695,4i,150.0,10,6.4334,7,24.71,False
2700,1i,150.0,45,1.0886,28,138.78,False
2700,2i,150.0,42,0.7669,31,146.15,True
2700,3i,150.0,9,4.1264,6,33.08,False
2700,4i,150.0,10,2.7951,7,24.71,False
2705,1i,150.0,45,0.5843,33,138.78,False
2705,2i,150.0,44,0.5815,33,146.15,True
2705,3i,150.0,5,2.1314,3,31.8,False
2705,4i,150.0,6,0.8184,4,28.36,False
2710,1i,150.0,47,0.7946,36,138.78,False
2710,2i,150.0,44,0.3568,35,146.15,True
2710,3i,150.0,5,5.832,2,13.71,False
2710,4i,150.0,5,5.5776,3,9.0,False
2715,1i,150.0,49,0.9091,39,138.77,False
2715,2i,150.0,48,1.2251,38,146.14,True
2715,3i,150.0,3,4.2571,2,13.71,False
2715,4i,150.0,3,0.0,3,9.0,False
2720,1i,150.0,51,1.0409,42,139.1,False
2720,2i,150.0,52,1.3958,40,148.98,True
2720,3i,150.0,3,8.9496,2,13.71,False
2720,4i,150.0,4,6.7331,3,9.0,False
2725,1i,150.0,54,0.9906,45,138.85,False
2725,2i,150.0,55,0.7359,44,148.97,True
2725,3i,150.0,3,5.8898,2,13.71,False
2725,4i,150.0,4,4.877,3,9.0,False
2730,1i,150.0,55,0.3999,52,142.98,False
2730,2i,150.0,57,0.3301,51,148.97,True
2730,3i,150.0,2,0.0,2,13.71,False
2730,4i,150.0,3,0.0,3,9.0,False
2735,1i,150.0,57,0.1795,55,148.1,True
2735,2i,150.0,57,0.1128,56,148.97,True
2735,3i,150.0,4,18.0003,0,0.0,False
2735,4i,150.0,2,12.8068,0,0.0,False
2740,1i,150.0,57,0.0415,56,147.83,True
2740,2i,150.0,57,0.0021,57,148.97,True
2740,3i,150.0,3,13.6898,0,0.0,False
2740,4i,150.0,3,16.7665,0,0.0,False
2745,1i,150.0,57,0.0,57,147.82,True
2745,2i,150.0,57,0.0001,57,148.97,True
2745,3i,150.0,2,0.0,0,0.0,False
2745,4i,150.0,3,8.1063,0,0.0,False
2750,1i,150.0,56,0.4626,49,147.82,True
2750,2i,150.0,55,0.3565,50,148.97,True
2750,3i,150.0,2,0.0,2,1.0,False
2750,4i,150.0,4,5.7717,3,1.0,False
2755,1i,150.0,51,0.3555,45,147.82,True
2755,2i,150.0,52,0.4444,45,148.97,True
2755,3i,150.0,3,5.249,2,1.0,False
2755,4i,150.0,4,2.5335,3,1.0,False
2760,1i,150.0,48,0.4912,43,147.82,True
2760,2i,150.0,49,0.6916,42,148.97,True
2760,3i,150.0,4,8.1443,2,1.0,False
2760,4i,150.0,5,5.234,4,8.18,False
2765,1i,150.0,46,0.9659,39,147.82,True
2765,2i,150.0,46,0.5865,39,148.86,True
2765,3i,150.0,4,3.1778,2,1.0,False
2765,4i,150.0,5,2.669,4,8.0,False
2770,1i,150.0,43,0.8978,35,147.82,True
2770,2i,150.0,44,0.6825,37,148.78,True
2770,3i,150.0,4,0.2496,3,8.0,False
2770,4i,150.0,5,0.0235,4,8.0,False
2775,1i,150.0,42,1.5848,31,147.82,True
2775,2i,150.0,44,0.7275,35,147.7,True
2775,3i,150.0,7,9.6028,4,20.71,False
2775,4i,150.0,7,6.1064,5,15.0,False
2780,1i,150.0,41,1.3714,29,147.82,True
2780,2i,150.0,44,1.4424,32,149.97,True
2780,3i,150.0,7,4.0346,4,20.71,False
2780,4i,150.0,8,3.6548,5,15.0,False
2785,1i,150.0,41,1.1968,28,147.82,True
2785,2i,150.0,43,1.0273,28,143.11,False
2785,3i,150.0,7,0.3949,6,24.72,False
2785,4i,150.0,8,1.1542,7,19.01,False
2790,1i,150.0,43,0.8731,29,147.82,True
2790,2i,150.0,44,0.7594,28,143.11,False
2790,3i,150.0,8,2.5843,7,24.71,False
2790,4i,150.0,8,0.5894,7,19.0,False
2795,1i,150.0,44,0.7099,31,147.82,True
2795,2i,150.0,45,0.5633,33,143.11,False
2795,3i,150.0,4,3.5807,1,1.0,False
2795,4i,150.0,5,4.2321,1,1.0,False
2800,1i,150.0,45,0.8705,33,147.82,True
2800,2i,150.0,48,0.7491,35,143.11,False
2800,3i,150.0,2,13.8217,1,1.0,False
2800,4i,150.0,3,4.2556,2,13.71,False
2805,1i,150.0,46,0.5029,35,147.79,True
2805,2i,150.0,49,0.3617,38,143.06,False
2805,3i,150.0,2,7.1251,1,1.0,False
2805,4i,150.0,3,5.321,2,13.71,False
2810,1i,150.0,49,1.0177,39,145.73,True
2810,2i,150.0,51,0.2516,44,149.61,True
2810,3i,150.0,1,0.0,1,1.0,False
2810,4i,150.0,2,0.0,2,13.71,False
2815,1i,150.0,52,1.2417,42,147.7,True
2815,2i,150.0,53,0.4793,47,146.27,True
2815,3i,150.0,2,12.2164,1,1.0,False
2815,4i,150.0,5,13.2139,2,13.71,False
2820,1i,150.0,55,1.0794,45,144.56,False
2820,2i,150.0,54,0.2123,50,145.9,True
2820,3i,150.0,4,11.2338,1,1.0,False
2820,4i,150.0,5,6.1136,2,13.71,False
2825,1i,150.0,56,0.2552,50,144.56,False
2825,2i,150.0,56,0.6559,54,145.89,True
2825,3i,150.0,2,12.7135,0,0.0,False
2825,4i,150.0,4,0.7634,2,27.25,False
2830,1i,150.0,57,0.0259,56,147.95,True
2830,2i,150.0,57,0.1949,55,149.26,True
2830,3i,150.0,3,8.1925,0,0.0,False
2830,4i,150.0,4,5.2404,2,1.0,False
2835,1i,150.0,58,0.1726,57,147.78,True
2835,2i,150.0,59,0.4184,57,149.12,True
2835,3i,150.0,3,1.6283,2,1.0,False
2835,4i,150.0,4,0.9929,3,1.06,False
2840,1i,150.0,54,0.358,49,147.78,True
2840,2i,150.0,55,0.3381,49,149.11,True
2840,3i,150.0,4,6.6283,3,8.02,False
2840,4i,150.0,5,5.237,4,8.0,False
2845,1i,150.0,49,0.3934,45,147.78,True
2845,2i,150.0,53,0.6477,45,149.11,True
2845,3i,150.0,4,3.345,3,8.0,False
2845,4i,150.0,5,2.6904,4,8.0,False
2850,1i,150.0,46,0.6532,39,147.78,True
2850,2i,150.0,49,0.8752,36,149.11,True
2850,3i,150.0,4,0.2701,3,8.0,False
2850,4i,150.0,5,0.213,4,8.0,False
2855,1i,150.0,44,0.9223,36,147.78,True
2855,2i,150.0,48,0.9013,39,149.11,True
2855,3i,150.0,7,9.8612,4,12.0,False
2855,4i,150.0,7,6.2415,5,12.0,False
2860,1i,150.0,40,0.6171,33,147.78,True
2860,2i,150.0,47,1.1478,37,149.11,True
2860,3i,150.0,7,4.6767,4,12.0,False
2860,4i,150.0,8,3.8614,5,12.0,False
2865,1i,150.0,39,1.187,27,147.78,True
2865,2i,150.0,47,1.3362,34,149.11,True
2865,3i,150.0,7,0.2287,6,16.0,False
2865,4i,150.0,8,1.1998,7,16.0,False
2870,1i,150.0,39,1.208,27,147.78,True
2870,2i,150.0,45,0.8793,30,149.11,True
2870,3i,150.0,8,1.9055,7,16.0,False
2870,4i,150.0,8,0.6354,7,16.0,False
2875,1i,150.0,39,1.0448,27,147.78,True
2875,2i,150.0,45,1.173,29,149.11,True
2875,3i,150.0,8,0.2576,7,16.0,False
2875,4i,150.0,9,1.5491,7,16.0,False
2880,1i,150.0,39,0.8029,28,147.78,True
2880,2i,150.0,45,0.8451,28,149.11,True
2880,3i,150.0,8,0.0003,8,20.01,False
2880,4i,150.0,9,0.6664,8,16.0,False
2885,1i,150.0,42,0.8647,32,147.78,True
2885,2i,150.0,47,1.085,31,149.11,True
2885,3i,150.0,6,3.8628,3,19.61,False
2885,4i,150.0,6,4.1404,3,19.46,False
2890,1i,150.0,44,0.975,34,147.78,True
2890,2i,150.0,48,0.7881,34,149.11,True
2890,3i,150.0,3,3.7315,2,15.04,False
2890,4i,150.0,3,2.7226,2,5.0,False
2895,1i,150.0,47,1.2433,36,147.77,True
2895,2i,150.0,50,0.5535,36,149.1,True
2895,3i,150.0,5,13.333,2,15.04,False
2895,4i,150.0,3,7.5273,2,5.0,False
2900,1i,150.0,50,1.3226,38,146.59,True
2900,2i,150.0,52,0.705,39,148.09,True
2900,3i,150.0,5,6.6736,2,15.04,False
2900,4i,150.0,5,10.3124,2,5.0,False
2905,1i,150.0,50,0.4311,42,142.31,False
2905,2i,150.0,52,0.5029,42,136.95,False
2905,3i,150.0,3,0.0017,3,22.05,False
2905,4i,150.0,4,5.2631,2,5.0,False
2910,1i,150.0,52,0.0891,48,142.31,False
2910,2i,150.0,53,0.2061,47,143.89,False
2910,3i,150.0,4,3.6879,3,22.04,False
2910,4i,150.0,5,3.6487,2,5.0,False
2915,1i,150.0,53,0.0256,53,148.77,True
2915,2i,150.0,53,0.048,51,143.89,False
2915,3i,150.0,3,2.6169,1,21.54,False
2915,4i,150.0,3,2.3889,1,1.0,False
2920,1i,150.0,54,0.1925,53,147.83,True
2920,2i,150.0,55,0.2684,54,146.96,True
2920,3i,150.0,2,2.5791,1,1.0,False
2920,4i,150.0,2,0.0092,2,1.0,False
2925,1i,150.0,54,0.0545,53,147.78,True
2925,2i,150.0,55,0.079,54,146.78,True
2925,3i,150.0,3,5.2762,2,1.01,False
2925,4i,150.0,3,6.093,2,1.0,False
2930,1i,150.0,51,0.1927,46,147.78,True
2930,2i,150.0,51,0.311,47,146.78,True
2930,3i,150.0,3,3.7744,2,1.0,False
2930,4i,150.0,3,1.4869,2,1.0,False
2935,1i,150.0,50,0.6822,45,147.78,True
2935,2i,150.0,48,0.779,43,146.78,True
2935,3i,150.0,6,11.8711,2,1.0,False
2935,4i,150.0,6,11.8357,3,5.0,False
2940,1i,150.0,47,0.465,41,147.78,True
2940,2i,150.0,45,0.7595,39,146.78,True
2940,3i,150.0,6,6.5765,2,1.0,False
2940,4i,150.0,6,5.768,3,5.0,False
2945,1i,150.0,45,0.5441,41,147.78,True
2945,2i,150.0,43,0.8577,35,146.78,True
2945,3i,150.0,6,0.3506,3,5.0,False
2945,4i,150.0,6,0.2312,5,12.02,False
2950,1i,150.0,42,0.5801,34,147.78,True
2950,2i,150.0,40,1.2132,31,146.78,True
2950,3i,150.0,7,2.1305,6,19.04,False
2950,4i,150.0,7,2.6581,6,15.05,False
2955,1i,150.0,43,1.4837,31,147.78,True
2955,2i,150.0,40,1.5624,28,146.78,True
2955,3i,150.0,7,0.2234,6,19.04,False
2955,4i,150.0,7,0.8845,6,15.04,False
2960,1i,150.0,43,1.1297,29,149.63,True
2960,2i,150.0,38,1.1954,26,146.78,True
2960,3i,150.0,7,0.0,7,23.04,False
2960,4i,150.0,7,0.0004,7,19.0,False
2965,1i,150.0,41,0.9226,27,147.78,True
2965,2i,150.0,37,1.0959,26,146.78,True
2965,3i,150.0,8,1.9385,7,23.04,False
2965,4i,150.0,8,1.9959,7,19.0,False
2970,1i,150.0,43,1.0099,31,147.78,True
2970,2i,150.0,39,1.328,26,146.78,True
2970,3i,150.0,8,0.3551,7,23.04,False
2970,4i,150.0,8,0.2459,7,19.0,False
2975,1i,150.0,44,0.663,33,147.78,True
2975,2i,150.0,40,0.9317,28,146.78,True
2975,3i,150.0,6,4.8876,3,26.67,False
2975,4i,150.0,8,9.7664,2,25.53,False
2980,1i,150.0,45,0.3687,38,147.78,True
2980,2i,150.0,43,1.3782,30,146.78,True
2980,3i,150.0,6,7.9748,2,5.0,False
2980,4i,150.0,4,8.9922,1,1.0,False
2985,1i,150.0,46,0.2636,39,147.77,True
2985,2i,150.0,45,1.2273,33,146.7,True
2985,3i,150.0,5,6.2603,2,5.0,False
2985,4i,150.0,2,0.0026,2,5.0,False
2990,1i,150.0,47,0.4777,39,146.43,True
2990,2i,150.0,48,1.2713,37,144.63,False
2990,3i,150.0,3,0.0,3,12.0,False
2990,4i,150.0,3,6.9435,2,5.0,False
2995,1i,150.0,49,0.467,42,137.94,False
2995,2i,150.0,48,0.5697,42,147.27,True
2995,3i,150.0,4,4.3488,3,12.0,False
2995,4i,150.0,2,0.0,2,5.0,False
3000,1i,150.0,51,0.97,47,137.94,False
3000,2i,150.0,49,0.0497,46,147.27,True
3000,3i,150.0,5,6.6575,3,12.0,False
3000,4i,150.0,2,0.0,2,5.0,False
3005,1i,150.0,52,0.6851,48,142.91,False
3005,2i,150.0,51,0.2992,50,149.04,True
3005,3i,150.0,3,4.9166,1,1.0,False
3005,4i,150.0,1,17.8502,0,0.0,False
3010,1i,150.0,53,0.1011,52,149.79,True
3010,2i,150.0,51,0.0652,50,148.82,True
3010,3i,150.0,2,0.0628,1,1.0,False
3010,4i,150.0,1,5.1446,0,0.0,False
3015,1i,150.0,53,0.0003,53,149.78,True
3015,2i,150.0,51,0.0002,51,148.81,True
3015,3i,150.0,5,13.8914,2,13.71,False
3015,4i,150.0,4,17.5863,1,1.0,False
3020,1i,150.0,51,0.515,46,149.78,True
3020,2i,150.0,47,0.498,42,148.81,True
3020,3i,150.0,5,6.0396,2,13.71,False
3020,4i,150.0,4,8.5797,1,1.0,False
3025,1i,150.0,47,0.669,41,149.78,True
3025,2i,150.0,45,0.5226,39,148.81,True
3025,3i,150.0,5,0.0496,5,17.76,False
3025,4i,150.0,4,0.0716,2,1.04,False
3030,1i,150.0,43,0.6486,36,149.78,True
3030,2i,150.0,41,0.3059,34,148.81,True
3030,3i,150.0,6,2.536,5,17.71,False
3030,4i,150.0,5,3.2713,4,8.0,False
3035,1i,150.0,41,1.0712,32,149.78,True
3035,2i,150.0,40,0.6584,33,148.81,True
3035,3i,150.0,6,0.2026,5,17.71,False
3035,4i,150.0,5,0.4713,4,8.0,False
3040,1i,150.0,38,1.2669,29,149.78,True
3040,2i,150.0,37,1.2346,30,148.81,True
3040,3i,150.0,6,0.0,6,24.71,False
3040,4i,150.0,6,4.3168,5,15.0,False
3045,1i,150.0,38,1.2545,27,149.78,True
3045,2i,150.0,37,0.9593,28,148.81,True
3045,3i,150.0,7,2.1014,6,24.71,False
3045,4i,150.0,6,2.1583,5,15.0,False
3050,1i,150.0,38,0.9919,28,149.78,True
3050,2i,150.0,36,0.8132,26,148.81,True
3050,3i,150.0,7,1.4586,6,24.71,False
3050,4i,150.0,6,0.1281,5,15.0,False
3055,1i,150.0,38,1.4487,26,149.78,True
3055,2i,150.0,38,1.2456,25,148.81,True
3055,3i,150.0,8,3.6843,6,24.71,False
3055,4i,150.0,9,7.353,6,19.0,False
3060,1i,150.0,39,1.1875,26,149.78,True
3060,2i,150.0,40,0.9434,27,148.81,True
3060,3i,150.0,10,4.2307,6,24.71,False
3060,4i,150.0,9,3.2791,6,19.0,False
3065,1i,150.0,40,0.8484,28,149.78,True
3065,2i,150.0,41,0.6086,29,148.81,True
3065,3i,150.0,7,4.1623,3,28.07,False
3065,4i,150.0,5,1.6637,3,22.46,False
3070,1i,150.0,42,0.8627,31,149.78,True
3070,2i,150.0,44,1.1415,34,148.81,True
3070,3i,150.0,5,5.0214,2,5.0,False
3070,4i,150.0,3,5.7039,2,8.0,False
3075,1i,150.0,44,1.5564,31,149.7,True
3075,2i,150.0,46,0.9053,37,148.5,True
3075,3i,150.0,3,3.3896,2,5.0,False
3075,4i,150.0,2,0.0,2,8.0,False
3080,1i,150.0,47,1.9515,33,146.84,True
3080,2i,150.0,47,0.5263,41,146.31,True
3080,3i,150.0,3,8.7704,2,5.0,False
3080,4i,150.0,2,0.0,2,8.0,False
3085,1i,150.0,49,1.0393,38,139.94,False
3085,2i,150.0,49,0.1614,44,146.31,True
3085,3i,150.0,3,4.6297,2,5.0,False
3085,4i,150.0,3,5.7422,2,8.0,False
3090,1i,150.0,51,0.5138,45,139.94,False
3090,2i,150.0,50,0.2831,49,146.31,True
3090,3i,150.0,3,0.5356,2,5.0,False
3090,4i,150.0,3,1.7557,2,8.0,False
3095,1i,150.0,52,0.1307,50,139.94,False
3095,2i,150.0,51,0.1166,50,149.82,True
3095,3i,150.0,4,17.5584,1,1.0,False
3095,4i,150.0,4,12.7199,1,1.01,False
3100,1i,150.0,53,0.0069,53,148.3,True
3100,2i,150.0,51,0.0016,50,149.78,True
3100,3i,150.0,4,9.7758,1,1.0,False
3100,4i,150.0,4,10.3535,1,1.0,False
3105,1i,150.0,54,0.3121,53,148.09,True
3105,2i,150.0,52,0.3456,51,149.78,True
3105,3i,150.0,3,0.1063,2,1.0,False
3105,4i,150.0,4,2.9015,1,1.0,False
3110,1i,150.0,51,0.3737,46,148.07,True
3110,2i,150.0,48,0.4158,43,149.78,True
3110,3i,150.0,3,0.0001,3,5.0,False
3110,4i,150.0,4,0.0,4,8.0,False
3115,1i,150.0,48,0.2516,44,148.07,True
3115,2i,150.0,46,0.372,41,149.78,True
3115,3i,150.0,4,2.9701,3,5.0,False
3115,4i,150.0,5,2.6888,4,8.0,False
3120,1i,150.0,46,0.3074,42,148.07,True
3120,2i,150.0,43,0.3124,38,149.78,True
3120,3i,150.0,5,6.0867,3,5.0,False
3120,4i,150.0,5,1.2956,4,8.0,False
3125,1i,150.0,45,0.9255,39,148.07,True
3125,2i,150.0,43,1.4663,32,149.78,True
3125,3i,150.0,5,3.1,3,5.0,False
3125,4i,150.0,6,2.4384,4,8.0,False
3130,1i,150.0,42,1.3772,32,148.07,True
3130,2i,150.0,38,1.1259,28,149.78,True
3130,3i,150.0,5,0.1802,4,12.01,False
3130,4i,150.0,6,1.7101,5,15.0,False
3135,1i,150.0,41,0.7236,31,148.07,True
3135,2i,150.0,38,1.0117,27,149.78,True
3135,3i,150.0,6,3.9205,5,26.04,False
3135,4i,150.0,8,5.6131,5,15.0,False
3140,1i,150.0,41,1.0008,31,148.07,True
3140,2i,150.0,38,1.3283,27,149.78,True
3140,3i,150.0,8,4.7514,5,26.04,False
3140,4i,150.0,9,3.7089,5,15.0,False
3145,1i,150.0,40,1.1523,28,148.07,True
3145,2i,150.0,37,1.3654,25,149.78,True
3145,3i,150.0,8,2.7888,6,26.04,False
3145,4i,150.0,9,1.1528,8,41.79,False
3150,1i,150.0,41,0.7512,29,148.07,True
3150,2i,150.0,38,0.7575,28,149.78,True
3150,3i,150.0,9,1.9663,6,26.04,False
3150,4i,150.0,9,0.3564,8,41.76,False
3155,1i,150.0,41,0.4893,31,148.07,True
3155,2i,150.0,41,1.3812,28,149.78,True
3155,3i,150.0,5,1.5278,2,29.37,False
3155,4i,150.0,6,3.0887,3,41.06,False
3160,1i,150.0,43,0.7173,33,148.07,True
3160,2i,150.0,45,1.9788,32,149.78,True
3160,3i,150.0,5,7.003,1,1.0,False
3160,4i,150.0,6,6.5807,2,15.04,False
3165,1i,150.0,44,0.4846,37,148.06,True
3165,2i,150.0,46,1.2953,35,149.68,True
3165,3i,150.0,3,6.6959,1,1.0,False
3165,4i,150.0,4,5.601,2,15.04,False
3170,1i,150.0,44,0.3014,37,146.94,True
3170,2i,150.0,46,0.3419,38,141.02,False
3170,3i,150.0,1,0.0,1,1.0,False
3170,4i,150.0,2,0.0,2,15.04,False
3175,1i,150.0,46,0.5587,39,146.94,True
3175,2i,150.0,48,0.5512,42,141.02,False
3175,3i,150.0,3,15.4261,1,1.0,False
3175,4i,150.0,5,14.0931,2,15.04,False
3180,1i,150.0,50,1.2383,43,146.94,True
3180,2i,150.0,49,0.2003,47,141.88,False
3180,3i,150.0,4,9.7672,1,1.0,False
3180,4i,150.0,5,7.1329,2,15.04,False
3185,1i,150.0,53,1.1183,46,146.94,True
3185,2i,150.0,50,0.0153,50,149.14,True
3185,3i,150.0,3,3.7093,1,1.0,False
3185,4i,150.0,4,0.5877,1,1.0,False
3190,1i,150.0,55,0.5984,50,148.17,True
3190,2i,150.0,50,0.0002,50,148.78,True
3190,3i,150.0,3,7.0705,2,1.0,False
3190,4i,150.0,4,0.6507,2,1.0,False
3195,1i,150.0,55,0.2107,53,148.07,True
3195,2i,150.0,51,0.2208,50,148.78,True
3195,3i,150.0,3,2.5006,2,1.0,False
3195,4i,150.0,5,2.8003,4,5.0,False
3200,1i,150.0,50,0.2833,45,148.07,True
3200,2i,150.0,48,0.3659,42,148.78,True
3200,3i,150.0,4,6.5529,3,5.0,False
3200,4i,150.0,6,5.2091,4,5.0,False
3205,1i,150.0,46,0.5192,42,148.07,True
3205,2i,150.0,45,0.2475,42,148.78,True
3205,3i,150.0,4,3.5027,3,5.0,False
3205,4i,150.0,6,2.2262,4,5.0,False
3210,1i,150.0,43,0.6373,36,148.07,True
3210,2i,150.0,43,0.7021,38,148.78,True
3210,3i,150.0,4,0.2005,3,5.0,False
3210,4i,150.0,6,0.3057,5,5.0,False
3215,1i,150.0,42,1.112,33,148.07,True
3215,2i,150.0,42,0.926,33,148.78,True
3215,3i,150.0,7,9.8491,4,12.0,False
3215,4i,150.0,9,7.3709,6,17.71,False
3220,1i,150.0,38,0.8803,30,148.07,True
3220,2i,150.0,38,1.1994,29,148.78,True
3220,3i,150.0,7,4.8718,4,12.0,False
3220,4i,150.0,9,3.0717,6,17.71,False
3225,1i,150.0,38,0.8795,28,148.07,True
3225,2i,150.0,40,1.0404,30,148.78,True
3225,3i,150.0,7,0.0295,6,16.05,False
3225,4i,150.0,9,0.0367,8,21.71,False
3230,1i,150.0,38,1.3326,26,148.07,True
3230,2i,150.0,39,1.1164,28,148.78,True
3230,3i,150.0,8,1.9632,7,16.0,False
3230,4i,150.0,10,1.4284,9,21.71,False
3235,1i,150.0,37,1.0717,24,148.07,True
3235,2i,150.0,38,0.8087,26,148.78,True
3235,3i,150.0,8,0.2569,7,16.0,False
3235,4i,150.0,10,0.1649,9,21.71,False
3240,1i,150.0,39,0.816,27,148.07,True
3240,2i,150.0,39,0.5717,29,148.78,True
3240,3i,150.0,8,0.0001,8,23.01,False
3240,4i,150.0,10,0.0006,10,25.72,False
3245,1i,150.0,41,1.0558,29,148.07,True
3245,2i,150.0,41,0.8686,31,148.78,True
3245,3i,150.0,5,4.5518,2,22.45,False
3245,4i,150.0,7,3.1889,4,25.14,False
3250,1i,150.0,45,1.4107,31,148.07,True
3250,2i,150.0,41,0.5172,34,148.78,True
3250,3i,150.0,2,5.2477,1,1.0,False
3250,4i,150.0,5,3.2279,3,12.0,False
3255,1i,150.0,48,1.5378,34,148.04,True
3255,2i,150.0,41,0.25,35,148.42,True
3255,3i,150.0,4,17.1245,1,1.0,False
3255,4i,150.0,4,6.1473,3,12.0,False
3260,1i,150.0,49,0.8742,39,146.48,True
3260,2i,150.0,42,0.5998,35,139.69,False
3260,3i,150.0,4,9.4638,1,1.0,False
3260,4i,150.0,6,7.2039,3,12.0,False
3265,1i,150.0,50,0.3317,43,143.61,False
3265,2i,150.0,44,0.3986,38,139.69,False
3265,3i,150.0,2,0.0259,2,8.04,False
3265,4i,150.0,5,4.9782,3,12.0,False
3270,1i,150.0,50,0.1266,47,143.61,False
3270,2i,150.0,45,0.5124,42,139.69,False
3270,3i,150.0,3,5.3901,2,8.0,False
3270,4i,150.0,5,3.9127,3,12.0,False
3275,1i,150.0,51,0.0082,51,147.23,True
3275,2i,150.0,48,0.8826,45,148.99,True
3275,3i,150.0,2,4.215,0,0.0,False
3275,4i,150.0,3,3.3331,1,19.0,False
3280,1i,150.0,52,0.2412,51,147.08,True
3280,2i,150.0,49,0.4518,46,148.79,True
3280,3i,150.0,2,13.8057,1,1.0,False
3280,4i,150.0,2,2.0689,1,1.01,False
3285,1i,150.0,52,0.0146,51,147.07,True
3285,2i,150.0,49,0.083,48,148.78,True
3285,3i,150.0,2,7.0703,1,1.0,False
3285,4i,150.0,3,5.2146,2,1.0,False
3290,1i,150.0,49,0.156,47,147.07,True
3290,2i,150.0,45,0.3101,41,148.78,True
3290,3i,150.0,2,0.1943,1,1.0,False
3290,4i,150.0,3,3.7146,2,1.0,False
3295,1i,150.0,47,0.6966,44,147.07,True
3295,2i,150.0,42,0.6591,37,148.78,True
3295,3i,150.0,5,13.5025,2,5.0,False
3295,4i,150.0,5,9.4237,2,1.0,False
3300,1i,150.0,45,0.7542,37,147.07,True
3300,2i,150.0,39,0.6296,34,148.78,True
3300,3i,150.0,5,5.4584,2,5.0,False
3300,4i,150.0,6,6.1631,2,1.0,False
3305,1i,150.0,41,0.9694,35,147.07,True
3305,2i,150.0,37,0.8097,30,148.78,True
3305,3i,150.0,5,0.0163,5,9.01,False
3305,4i,150.0,6,2.186,4,13.71,False
3310,1i,150.0,38,1.0603,30,147.07,True
3310,2i,150.0,36,1.5477,27,148.78,True
3310,3i,150.0,6,2.6363,5,9.0,False
3310,4i,150.0,7,2.0473,6,22.04,False
3315,1i,150.0,39,1.7031,27,147.81,True
3315,2i,150.0,36,1.2852,25,148.78,True
3315,3i,150.0,6,0.5712,5,9.0,False
3315,4i,150.0,7,0.2222,6,22.04,False
3320,1i,150.0,37,1.1549,26,147.07,True
3320,2i,150.0,36,0.9534,26,148.78,True
3320,3i,150.0,6,0.0002,6,13.0,False
3320,4i,150.0,7,0.0,7,26.04,False
3325,1i,150.0,38,1.146,26,147.07,True
3325,2i,150.0,35,0.9822,24,148.78,True
3325,3i,150.0,7,2.1596,6,13.0,False
3325,4i,150.0,8,1.9415,7,26.04,False
3330,1i,150.0,41,1.3012,27,147.07,True
3330,2i,150.0,37,1.0174,26,148.78,True
3330,3i,150.0,7,1.5411,6,13.0,False
3330,4i,150.0,8,0.3542,7,26.04,False
3335,1i,150.0,42,0.9703,30,147.07,True
3335,2i,150.0,39,0.7022,29,148.78,True
3335,3i,150.0,7,11.6652,1,1.0,False
3335,4i,150.0,9,7.6981,3,29.76,False
3340,1i,150.0,44,0.8431,32,147.07,True
3340,2i,150.0,40,0.3885,32,148.78,True
3340,3i,150.0,5,10.1368,1,1.0,False
3340,4i,150.0,7,5.9589,2,13.71,False
3345,1i,150.0,47,1.3453,36,147.02,True
3345,2i,150.0,41,0.7504,33,148.6,True
3345,3i,150.0,2,0.0024,1,1.0,False
3345,4i,150.0,4,2.4655,2,13.71,False
3350,1i,150.0,48,0.5588,39,144.65,False
3350,2i,150.0,43,1.2529,33,144.36,False
3350,3i,150.0,2,0.0,2,5.0,False
3350,4i,150.0,4,3.7341,3,17.71,False
3355,1i,150.0,48,0.1908,46,147.23,True
3355,2i,150.0,44,0.7559,38,144.36,False
3355,3i,150.0,3,5.7022,2,5.0,False
3355,4i,150.0,3,0.0,3,17.71,False
3360,1i,150.0,50,0.3247,49,148.41,True
3360,2i,150.0,45,0.1929,43,144.36,False
3360,3i,150.0,4,8.5177,2,5.0,False
3360,4i,150.0,3,0.0,3,17.71,False
3365,1i,150.0,51,0.3236,49,147.8,True
3365,2i,150.0,47,0.3109,46,149.0,True
3365,3i,150.0,2,6.5308,1,1.0,False
3365,4i,150.0,3,6.7844,0,0.0,False
3370,1i,150.0,51,0.0979,50,147.78,True
3370,2i,150.0,47,0.1001,46,148.82,True
3370,3i,150.0,2,0.2173,1,1.0,False
3370,4i,150.0,2,3.2114,0,0.0,False
3375,1i,150.0,51,0.0,51,147.77,True
3375,2i,150.0,47,0.0002,47,148.81,True
3375,3i,150.0,5,13.3094,2,13.71,False
3375,4i,150.0,4,12.1736,2,1.01,False
3380,1i,150.0,49,0.4672,46,147.77,True
3380,2i,150.0,45,0.6148,40,148.81,True
3380,3i,150.0,5,5.4699,2,13.71,False
3380,4i,150.0,5,8.5306,2,1.0,False
3385,1i,150.0,47,0.491,42,147.77,True
3385,2i,150.0,41,0.648,36,148.81,True
3385,3i,150.0,5,0.0084,5,17.72,False
3385,4i,150.0,5,2.081,2,1.0,False
3390,1i,150.0,43,0.3978,37,147.77,True
3390,2i,150.0,39,0.7345,30,148.81,True
3390,3i,150.0,6,2.5981,5,17.71,False
3390,4i,150.0,5,0.5112,4,5.0,False
3395,1i,150.0,40,0.6982,34,147.77,True
3395,2i,150.0,36,0.9353,25,148.81,True
3395,3i,150.0,6,0.4696,5,17.71,False
3395,4i,150.0,6,2.2435,5,8.0,False
3400,1i,150.0,38,1.3104,30,147.77,True
3400,2i,150.0,34,1.4654,24,148.81,True
3400,3i,150.0,7,3.7195,6,21.71,False
3400,4i,150.0,6,1.1345,5,8.0,False
3405,1i,150.0,38,1.2331,28,147.77,True
3405,2i,150.0,35,1.4226,25,148.81,True
3405,3i,150.0,7,1.7752,6,21.71,False
3405,4i,150.0,7,2.137,6,12.04,False
3410,1i,150.0,38,0.7688,27,147.77,True
3410,2i,150.0,33,0.9658,24,148.81,True
3410,3i,150.0,7,0.0188,6,21.71,False
3410,4i,150.0,7,1.4884,6,12.0,False
3415,1i,150.0,38,1.4018,25,147.77,True
3415,2i,150.0,35,1.5071,23,148.81,True
3415,3i,150.0,9,5.0879,7,25.72,False
3415,4i,150.0,10,6.3524,6,12.0,False
3420,1i,150.0,39,1.1378,25,147.77,True
3420,2i,150.0,36,1.1728,26,148.81,True
3420,3i,150.0,10,3.4527,7,25.72,False
3420,4i,150.0,10,2.9007,6,12.0,False
3425,1i,150.0,40,0.6441,28,147.77,True
3425,2i,150.0,39,1.1199,27,148.81,True
3425,3i,150.0,6,2.3216,3,25.21,False
3425,4i,150.0,6,1.3182,3,20.72,False
3430,1i,150.0,42,0.9191,30,147.77,True
3430,2i,150.0,40,0.7027,29,148.81,True
3430,3i,150.0,5,6.0785,2,5.0,False
3430,4i,150.0,6,4.7631,3,20.71,False
3435,1i,150.0,43,0.6885,31,147.24,True
3435,2i,150.0,43,1.0967,34,148.04,True
3435,3i,150.0,3,4.3802,2,5.0,False
3435,4i,150.0,4,3.2092,3,20.71,False
3440,1i,150.0,46,1.0833,36,143.56,False
3440,2i,150.0,47,1.1235,39,149.3,True
3440,3i,150.0,2,0.0,2,5.0,False
3440,4i,150.0,3,0.0,3,20.71,False
3445,1i,150.0,48,0.9727,39,143.56,False
3445,2i,150.0,48,0.3746,43,149.27,True
3445,3i,150.0,3,5.9246,2,5.0,False
3445,4i,150.0,4,4.7615,3,20.71,False
3450,1i,150.0,49,0.2211,44,143.56,False
3450,2i,150.0,49,0.3467,46,149.27,True
3450,3i,150.0,3,1.8811,2,5.0,False
3450,4i,150.0,4,4.4652,3,20.71,False
3455,1i,150.0,50,0.0197,50,149.52,True
3455,2i,150.0,49,0.0773,48,149.27,True
3455,3i,150.0,3,14.6684,1,1.0,False
3455,4i,150.0,5,9.74,1,19.79,False
3460,1i,150.0,51,0.2717,50,148.81,True
3460,2i,150.0,49,0.0002,49,149.27,True
3460,3i,150.0,4,9.0535,1,1.0,False
3460,4i,150.0,4,9.0964,1,1.0,False
3465,1i,150.0,53,0.6285,50,148.74,True
3465,2i,150.0,50,0.2951,49,149.27,True
3465,3i,150.0,4,3.0821,3,8.04,False
3465,4i,150.0,4,3.0626,3,13.72,False
3470,1i,150.0,50,0.6737,43,148.74,True
3470,2i,150.0,46,0.2541,44,149.27,True
3470,3i,150.0,4,0.0,4,8.0,False
3470,4i,150.0,5,3.8087,4,13.71,False
3475,1i,150.0,46,0.5274,39,148.74,True
3475,2i,150.0,44,0.2813,40,149.27,True
3475,3i,150.0,5,2.4058,4,8.0,False
3475,4i,150.0,5,1.1016,4,13.71,False
3480,1i,150.0,43,0.6111,36,148.74,True
3480,2i,150.0,42,0.5468,36,149.27,True
3480,3i,150.0,6,5.1063,4,8.0,False
3480,4i,150.0,6,4.253,5,17.71,False
3485,1i,150.0,40,1.0641,32,148.74,True
3485,2i,150.0,40,1.3999,33,149.27,True
3485,3i,150.0,6,2.5725,4,8.0,False
3485,4i,150.0,6,2.1071,5,17.71,False
3490,1i,150.0,38,1.0556,32,149.81,True
3490,2i,150.0,36,1.3117,30,148.66,True
3490,3i,150.0,6,0.2881,5,12.01,False
3490,4i,150.0,6,0.0111,5,17.71,False
3495,1i,150.0,37,1.2294,29,148.74,True
3495,2i,150.0,34,1.0403,25,146.68,True
3495,3i,150.0,9,7.1993,6,26.04,False
3495,4i,150.0,9,7.1547,6,24.71,False
3500,1i,150.0,36,1.2541,26,148.74,True
3500,2i,150.0,34,1.809,21,141.81,False
3500,3i,150.0,9,3.1273,6,26.04,False
3500,4i,150.0,9,2.99,6,24.71,False
3505,1i,150.0,36,1.3321,24,148.74,True
3505,2i,150.0,33,1.9548,18,141.81,False
3505,3i,150.0,9,0.1476,8,30.05,False
3505,4i,150.0,9,0.1028,8,28.72,False
3510,1i,150.0,37,0.8746,25,148.74,True
3510,2i,150.0,34,1.1341,20,141.81,False
3510,3i,150.0,10,1.7547,9,30.05,False
3510,4i,150.0,10,1.43,9,28.72,False
3515,1i,150.0,39,0.7905,27,148.74,True
3515,2i,150.0,35,0.8153,23,141.81,False
3515,3i,150.0,6,1.3009,3,29.42,False
3515,4i,150.0,7,1.4536,3,28.06,False
3520,1i,150.0,42,1.3432,30,148.74,True
3520,2i,150.0,38,0.9862,24,141.8,False
3520,3i,150.0,5,2.8453,2,13.71,False
3520,4i,150.0,5,7.8898,2,5.0,False
3525,1i,150.0,46,1.8879,32,148.7,True
3525,2i,150.0,42,1.4445,29,140.18,False
3525,3i,150.0,3,5.6739,2,13.71,False
3525,4i,150.0,3,6.252,2,5.0,False
3530,1i,150.0,48,1.1324,38,149.9,True
3530,2i,150.0,48,1.7343,34,133.44,False
3530,3i,150.0,2,0.0,2,13.71,False
3530,4i,150.0,2,0.0,2,5.0,False
3535,1i,150.0,49,0.6366,41,149.6,True
3535,2i,150.0,52,1.2946,41,149.67,True
3535,3i,150.0,4,11.2484,2,13.71,False
3535,4i,150.0,4,11.3124,2,5.0,False
3540,1i,150.0,50,0.1678,47,149.6,True
3540,2i,150.0,52,0.4443,46,149.28,True
3540,3i,150.0,5,6.5971,2,13.71,False
3540,4i,150.0,5,8.0764,2,5.0,False
3545,1i,150.0,51,0.0118,51,149.6,True
3545,2i,150.0,52,0.1154,49,149.27,True
3545,3i,150.0,4,4.3813,1,1.0,False
3545,4i,150.0,4,3.891,0,0.0,False
3550,1i,150.0,51,0.0005,51,149.6,True
3550,2i,150.0,52,0.0334,51,149.27,True
3550,3i,150.0,3,6.4362,2,1.0,False
3550,4i,150.0,3,6.6216,2,1.0,False
3555,1i,150.0,52,0.2032,51,149.6,True
3555,2i,150.0,53,0.3015,52,149.27,True
3555,3i,150.0,3,2.1972,2,1.0,False
3555,4i,150.0,3,2.3128,2,1.0,False
3560,1i,150.0,50,0.2257,45,149.6,True
3560,2i,150.0,50,0.3805,47,149.27,True
3560,3i,150.0,4,6.0929,3,13.75,False
3560,4i,150.0,3,0.0008,3,8.0,False
3565,1i,150.0,46,0.2085,43,149.6,True
3565,2i,150.0,49,0.3789,46,149.27,True
3565,3i,150.0,4,3.31,3,13.71,False
3565,4i,150.0,4,3.565,3,8.0,False
3570,1i,150.0,45,0.5825,42,149.6,True
3570,2i,150.0,47,0.7511,41,149.27,True
3570,3i,150.0,4,0.2716,3,13.71,False
3570,4i,150.0,4,2.4813,3,8.0,False
3575,1i,150.0,43,0.3847,40,149.28,True
3575,2i,150.0,44,0.7302,35,149.27,True
3575,3i,150.0,6,7.8915,4,20.71,False
3575,4i,150.0,7,10.6223,3,8.0,False
3580,1i,150.0,41,1.0883,32,148.11,True
3580,2i,150.0,40,0.7606,32,149.27,True
3580,3i,150.0,7,6.1253,4,20.71,False
3580,4i,150.0,7,5.2593,3,8.0,False
3585,1i,150.0,42,1.3008,29,147.68,True
3585,2i,150.0,41,1.422,29,149.27,True
3585,3i,150.0,7,1.549,5,27.9,False
3585,4i,150.0,7,0.1157,4,15.0,False
3590,1i,150.0,42,1.1097,29,149.83,True
3590,2i,150.0,40,1.2693,25,148.73,True
3590,3i,150.0,8,1.8072,7,27.71,False
3590,4i,150.0,8,1.6547,7,29.04,False
3595,1i,150.0,40,0.9212,27,147.45,True
3595,2i,150.0,38,1.2323,23,141.85,False
3595,3i,150.0,8,0.1001,7,27.71,False
3595,4i,150.0,8,0.0712,7,29.04,False
3600,1i,150.0,41,0.867,28,147.45,True
3600,2i,150.0,39,1.1187,23,141.85,False
3600,3i,150.0,9,2.7371,8,34.72,False
3600,4i,150.0,9,2.771,8,36.05,False
