timestamp,approach_edge,camera_range_m,visible_vehicle_count,visible_mean_speed_mps,visible_queue_count,visible_queue_length_m,queue_reaches_camera_edge,probe_count,probe_mean_speed_mps,probe_min_distance_to_stopline_m,probe_max_distance_to_stopline_m,scenario_id,split,design_method,gps_penetration_rate_requested,visible_queue_length_m_change_30s,visible_mean_speed_mps_change_30s,visible_occupancy_fraction,probe_count_change_30s,probe_max_distance_to_stopline_m_change_30s,current_phase,phase_elapsed_s,is_green_for_approach,red_duration_s,estimated_density_k_veh_per_km,observed_flow_veh_per_hour,estimated_queue_front_propagation_m_per_s,estimated_hidden_queue_extension_m
0,1i,150.0,0,0.0,0,0.0,False,0,,,,scenario_north_heavy,val,development,0.05,,,0.0,,,,,,,0.0,0.0,,
5,1i,150.0,0,0.0,0,0.0,False,0,,,,scenario_north_heavy,val,development,0.05,,,0.0,,,0.0,4.0,True,,0.0,0.0,,
10,1i,150.0,0,0.0,0,0.0,False,0,,,,scenario_north_heavy,val,development,0.05,,,0.0,,,0.0,9.0,True,,0.0,0.0,,
15,1i,150.0,3,25.182,0,0.0,False,0,,,,scenario_north_heavy,val,development,0.05,,,0.0,,,0.0,14.0,True,,20.0,1813.1039999999998,,
20,1i,150.0,3,13.4799,0,0.0,False,0,,,,scenario_north_heavy,val,development,0.05,,,0.0,,,0.0,19.0,True,,20.0,970.5528000000002,,
25,1i,150.0,3,0.6078,2,1.0,False,0,,,,scenario_north_heavy,val,development,0.05,,,0.006666666666666667,,,0.0,24.0,True,,20.0,43.7616,,
30,1i,150.0,3,0.0,3,1.0,False,0,,,,scenario_north_heavy,val,development,0.05,1.0,0.0,0.006666666666666667,0.0,,1.0,4.0,False,5,20.0,0.0,0.03333333333333333,
35,1i,150.0,3,0.0,3,1.0,False,0,,,,scenario_north_heavy,val,development,0.05,1.0,0.0,0.006666666666666667,0.0,,2.0,2.0,True,,20.0,0.0,0.03333333333333333,
40,1i,150.0,3,0.0,3,1.0,False,0,,,,scenario_north_heavy,val,development,0.05,1.0,0.0,0.006666666666666667,0.0,,3.0,1.0,False,5,20.0,0.0,0.03333333333333333,
45,1i,150.0,3,0.0,3,1.0,False,0,,,,scenario_north_heavy,val,development,0.05,1.0,-25.182,0.006666666666666667,0.0,,3.0,6.0,False,10,20.0,0.0,0.03333333333333333,
50,1i,150.0,1,0.0,1,1.0,False,0,,,,scenario_north_heavy,val,development,0.05,1.0,-13.4799,0.006666666666666667,0.0,,4.0,4.0,False,15,6.666666666666667,0.0,0.03333333333333333,
55,1i,150.0,1,0.0,1,1.0,False,0,,,,scenario_north_heavy,val,development,0.05,0.0,-0.6078,0.006666666666666667,0.0,,4.0,9.0,False,20,6.666666666666667,0.0,0.0,
60,1i,150.0,2,12.6813,1,1.0,False,0,,,,scenario_north_heavy,val,development,0.05,0.0,12.6813,0.006666666666666667,0.0,,4.0,14.0,False,25,13.333333333333334,608.7024000000001,0.0,
65,1i,150.0,4,13.0493,1,1.0,False,0,,,,scenario_north_heavy,val,development,0.05,0.0,13.0493,0.006666666666666667,0.0,,4.0,19.0,False,30,26.666666666666668,1252.7328,0.0,
70,1i,150.0,2,2.3674,1,1.0,False,0,,,,scenario_north_heavy,val,development,0.05,0.0,2.3674,0.006666666666666667,0.0,,4.0,24.0,False,35,13.333333333333334,113.63520000000001,0.0,
75,1i,150.0,2,0.0006,2,5.0,False,0,,,,scenario_north_heavy,val,development,0.05,4.0,0.0006,0.03333333333333333,0.0,,5.0,4.0,False,40,13.333333333333334,0.028800000000000003,0.13333333333333333,
80,1i,150.0,0,0.0,0,0.0,False,0,,,,scenario_north_heavy,val,development,0.05,-1.0,0.0,0.0,0.0,,6.0,2.0,False,45,0.0,0.0,-0.03333333333333333,
85,1i,150.0,0,0.0,0,0.0,False,0,,,,scenario_north_heavy,val,development,0.05,-1.0,0.0,0.0,0.0,,7.0,1.0,False,50,0.0,0.0,-0.03333333333333333,
90,1i,150.0,0,0.0,0,0.0,False,0,,,,scenario_north_heavy,val,development,0.05,-1.0,-12.6813,0.0,0.0,,7.0,6.0,False,55,0.0,0.0,-0.03333333333333333,
95,1i,150.0,0,0.0,0,0.0,False,0,,,,scenario_north_heavy,val,development,0.05,-1.0,-13.0493,0.0,0.0,,0.0,4.0,True,,0.0,0.0,-0.03333333333333333,
100,1i,150.0,0,0.0,0,0.0,False,0,,,,scenario_north_heavy,val,development,0.05,-1.0,-2.3674,0.0,0.0,,0.0,9.0,True,,0.0,0.0,-0.03333333333333333,
105,1i,150.0,2,25.2957,0,0.0,False,0,,,,scenario_north_heavy,val,development,0.05,-5.0,25.2951,0.0,0.0,,0.0,14.0,True,,13.333333333333334,1214.1936,-0.16666666666666666,
110,1i,150.0,3,15.8358,0,0.0,False,0,,,,scenario_north_heavy,val,development,0.05,0.0,15.8358,0.0,0.0,,0.0,19.0,True,,20.0,1140.1776,0.0,
115,1i,150.0,3,5.3137,0,0.0,False,0,,,,scenario_north_heavy,val,development,0.05,0.0,5.3137,0.0,0.0,,0.0,24.0,True,,20.0,382.5864,0.0,
120,1i,150.0,3,1.1993,2,1.0,False,0,,,,scenario_north_heavy,val,development,0.05,1.0,1.1993,0.006666666666666667,0.0,,1.0,4.0,False,5,20.0,86.34960000000001,0.03333333333333333,
125,1i,150.0,3,0.0,3,1.0,False,0,,,,scenario_north_heavy,val,development,0.05,1.0,0.0,0.006666666666666667,0.0,,2.0,2.0,True,,20.0,0.0,0.03333333333333333,
130,1i,150.0,3,0.0,3,1.0,False,0,,,,scenario_north_heavy,val,development,0.05,1.0,0.0,0.006666666666666667,0.0,,3.0,1.0,False,5,20.0,0.0,0.03333333333333333,
135,1i,150.0,3,0.0,3,1.0,False,0,,,,scenario_north_heavy,val,development,0.05,1.0,-25.2957,0.006666666666666667,0.0,,3.0,6.0,False,10,20.0,0.0,0.03333333333333333,
140,1i,150.0,1,0.0,1,1.0,False,0,,,,scenario_north_heavy,val,development,0.05,1.0,-15.8358,0.006666666666666667,0.0,,4.0,4.0,False,15,6.666666666666667,0.0,0.03333333333333333,
145,1i,150.0,1,0.0,1,1.0,False,0,,,,scenario_north_heavy,val,development,0.05,1.0,-5.3137,0.006666666666666667,0.0,,4.0,9.0,False,20,6.666666666666667,0.0,0.03333333333333333,
150,1i,150.0,2,9.8637,1,1.0,False,0,,,,scenario_north_heavy,val,development,0.05,0.0,8.6644,0.006666666666666667,0.0,,4.0,14.0,False,25,13.333333333333334,473.45760000000007,0.0,
155,1i,150.0,3,11.3918,1,1.0,False,0,,,,scenario_north_heavy,val,development,0.05,0.0,11.3918,0.006666666666666667,0.0,,4.0,19.0,False,30,20.0,820.2096,0.0,
160,1i,150.0,2,1.3369,1,1.0,False,0,,,,scenario_north_heavy,val,development,0.05,0.0,1.3369,0.006666666666666667,0.0,,4.0,24.0,False,35,13.333333333333334,64.17120000000001,0.0,
165,1i,150.0,2,0.0009,2,5.0,False,0,,,,scenario_north_heavy,val,development,0.05,4.0,0.0009,0.03333333333333333,0.0,,5.0,4.0,False,40,13.333333333333334,0.0432,0.13333333333333333,
170,1i,150.0,0,0.0,0,0.0,False,0,,,,scenario_north_heavy,val,development,0.05,-1.0,0.0,0.0,0.0,,6.0,2.0,False,45,0.0,0.0,-0.03333333333333333,
175,1i,150.0,0,0.0,0,0.0,False,0,,,,scenario_north_heavy,val,development,0.05,-1.0,0.0,0.0,0.0,,7.0,1.0,False,50,0.0,0.0,-0.03333333333333333,
180,1i,150.0,0,0.0,0,0.0,False,0,,,,scenario_north_heavy,val,development,0.05,-1.0,-9.8637,0.0,0.0,,7.0,6.0,False,55,0.0,0.0,-0.03333333333333333,
185,1i,150.0,0,0.0,0,0.0,False,1,26.8534,429.49,429.49,scenario_north_heavy,val,development,0.05,-1.0,-11.3918,0.0,1.0,,0.0,4.0,True,,0.0,0.0,-0.03333333333333333,
190,1i,150.0,0,0.0,0,0.0,False,1,26.65,295.11,295.11,scenario_north_heavy,val,development,0.05,-1.0,-1.3369,0.0,1.0,,0.0,9.0,True,,0.0,0.0,-0.03333333333333333,
195,1i,150.0,1,21.4172,0,0.0,False,1,26.451,159.37,159.37,scenario_north_heavy,val,development,0.05,-5.0,21.4163,0.0,1.0,,0.0,14.0,True,,6.666666666666667,514.0128000000001,-0.16666666666666666,
200,1i,150.0,3,13.8319,0,0.0,False,1,17.5481,47.47,47.47,scenario_north_heavy,val,development,0.05,0.0,13.8319,0.0,1.0,,0.0,19.0,True,,20.0,995.8968,0.0,
205,1i,150.0,3,2.4279,1,1.0,False,1,3.5481,1.73,1.73,scenario_north_heavy,val,development,0.05,1.0,2.4279,0.006666666666666667,1.0,,0.0,24.0,True,,20.0,174.80880000000002,0.03333333333333333,
210,1i,150.0,3,0.0,3,1.0,False,1,0.0,1.0,1.0,scenario_north_heavy,val,development,0.05,1.0,0.0,0.006666666666666667,1.0,,1.0,4.0,False,5,20.0,0.0,0.03333333333333333,
215,1i,150.0,3,0.0,3,1.0,False,1,0.0,1.0,1.0,scenario_north_heavy,val,development,0.05,1.0,0.0,0.006666666666666667,0.0,-428.49,2.0,2.0,True,,20.0,0.0,0.03333333333333333,
220,1i,150.0,3,0.0,3,1.0,False,1,0.0,1.0,1.0,scenario_north_heavy,val,development,0.05,1.0,0.0,0.006666666666666667,0.0,-294.11,3.0,1.0,False,5,20.0,0.0,0.03333333333333333,
225,1i,150.0,3,0.0,3,1.0,False,1,0.0,1.0,1.0,scenario_north_heavy,val,development,0.05,1.0,-21.4172,0.006666666666666667,0.0,-158.37,3.0,6.0,False,10,20.0,0.0,0.03333333333333333,
230,1i,150.0,1,0.0,1,1.0,False,1,0.0,1.0,1.0,scenario_north_heavy,val,development,0.05,1.0,-13.8319,0.006666666666666667,0.0,-46.47,4.0,4.0,False,15,6.666666666666667,0.0,0.03333333333333333,
235,1i,150.0,1,0.0,1,1.0,False,1,0.0,1.0,1.0,scenario_north_heavy,val,development,0.05,0.0,-2.4279,0.006666666666666667,0.0,-0.73,4.0,9.0,False,20,6.666666666666667,0.0,0.0,
240,1i,150.0,2,9.0255,1,1.0,False,1,0.0,1.0,1.0,scenario_north_heavy,val,development,0.05,0.0,9.0255,0.006666666666666667,0.0,0.0,4.0,14.0,False,25,13.333333333333334,433.224,0.0,
245,1i,150.0,3,15.1027,1,1.0,False,1,0.0,1.0,1.0,scenario_north_heavy,val,development,0.05,0.0,15.1027,0.006666666666666667,0.0,0.0,4.0,19.0,False,30,20.0,1087.3944000000001,0.0,
250,1i,150.0,2,4.7927,1,1.0,False,1,0.0,1.0,1.0,scenario_north_heavy,val,development,0.05,0.0,4.7927,0.006666666666666667,0.0,0.0,4.0,24.0,False,35,13.333333333333334,230.04960000000003,0.0,
255,1i,150.0,2,0.0814,2,5.07,False,1,0.0,1.0,1.0,scenario_north_heavy,val,development,0.05,4.07,0.0814,0.033800000000000004,0.0,0.0,5.0,4.0,False,40,13.333333333333334,3.9072000000000005,0.13566666666666669,
260,1i,150.0,0,0.0,0,0.0,False,0,,,,scenario_north_heavy,val,development,0.05,-1.0,0.0,0.0,-1.0,,6.0,2.0,False,45,0.0,0.0,-0.03333333333333333,
265,1i,150.0,0,0.0,0,0.0,False,0,,,,scenario_north_heavy,val,development,0.05,-1.0,0.0,0.0,-1.0,,7.0,1.0,False,50,0.0,0.0,-0.03333333333333333,
270,1i,150.0,0,0.0,0,0.0,False,1,26.4204,376.6,376.6,scenario_north_heavy,val,development,0.05,-1.0,-9.0255,0.0,0.0,375.6,7.0,6.0,False,55,0.0,0.0,-0.03333333333333333,
275,1i,150.0,0,0.0,0,0.0,False,1,26.8377,242.81,242.81,scenario_north_heavy,val,development,0.05,-1.0,-15.1027,0.0,0.0,241.81,0.0,4.0,True,,0.0,0.0,-0.03333333333333333,
280,1i,150.0,1,25.1796,0,0.0,False,1,25.1796,108.85,108.85,scenario_north_heavy,val,development,0.05,-1.0,20.3869,0.0,0.0,107.85,0.0,9.0,True,,6.666666666666667,604.3104000000001,-0.03333333333333333,
285,1i,150.0,1,12.209,0,0.0,False,1,12.209,19.84,19.84,scenario_north_heavy,val,development,0.05,-5.07,12.1276,0.0,0.0,18.84,0.0,14.0,True,,6.666666666666667,293.016,-0.169,
290,1i,150.0,3,14.7958,1,1.0,False,1,0.0,1.0,1.0,scenario_north_heavy,val,development,0.05,1.0,14.7958,0.006666666666666667,1.0,,0.0,19.0,True,,20.0,1065.2975999999999,0.03333333333333333,
295,1i,150.0,3,5.8323,1,1.0,False,1,0.0,1.0,1.0,scenario_north_heavy,val,development,0.05,1.0,5.8323,0.006666666666666667,1.0,,0.0,24.0,True,,20.0,419.92560000000003,0.03333333333333333,
300,1i,150.0,3,0.0086,3,1.01,False,1,0.0,1.0,1.0,scenario_north_heavy,val,development,0.05,1.01,0.0086,0.006733333333333333,0.0,-375.6,1.0,4.0,False,5,20.0,0.6192,0.033666666666666664,
305,1i,150.0,3,0.0,3,1.0,False,1,0.0,1.0,1.0,scenario_north_heavy,val,development,0.05,1.0,0.0,0.006666666666666667,0.0,-241.81,2.0,2.0,True,,20.0,0.0,0.03333333333333333,
310,1i,150.0,3,0.0,3,1.0,False,1,0.0,1.0,1.0,scenario_north_heavy,val,development,0.05,1.0,-25.1796,0.006666666666666667,0.0,-107.85,3.0,1.0,False,5,20.0,0.0,0.03333333333333333,
315,1i,150.0,3,0.0,3,1.0,False,1,0.0,1.0,1.0,scenario_north_heavy,val,development,0.05,1.0,-12.209,0.006666666666666667,0.0,-18.84,3.0,6.0,False,10,20.0,0.0,0.03333333333333333,
320,1i,150.0,1,0.0,1,1.0,False,0,,,,scenario_north_heavy,val,development,0.05,0.0,-14.7958,0.006666666666666667,-1.0,,4.0,4.0,False,15,6.666666666666667,0.0,0.0,
325,1i,150.0,2,11.2704,1,1.0,False,0,,,,scenario_north_heavy,val,development,0.05,0.0,5.4381,0.006666666666666667,-1.0,,4.0,9.0,False,20,13.333333333333334,540.9792000000001,0.0,
330,1i,150.0,2,7.3905,1,1.0,False,0,,,,scenario_north_heavy,val,development,0.05,-0.010000000000000009,7.3819,0.006666666666666667,-1.0,,4.0,14.0,False,25,13.333333333333334,354.744,-0.00033333333333333365,
335,1i,150.0,3,16.0979,1,1.0,False,0,,,,scenario_north_heavy,val,development,0.05,0.0,16.0979,0.006666666666666667,-1.0,,4.0,19.0,False,30,20.0,1159.0488,0.0,
340,1i,150.0,3,7.6184,1,1.0,False,0,,,,scenario_north_heavy,val,development,0.05,0.0,7.6184,0.006666666666666667,-1.0,,4.0,24.0,False,35,20.0,548.5248,0.0,
345,1i,150.0,2,0.1131,1,1.0,False,0,,,,scenario_north_heavy,val,development,0.05,0.0,0.1131,0.006666666666666667,-1.0,,5.0,4.0,False,40,13.333333333333334,5.428800000000001,0.0,
350,1i,150.0,1,3.4049,0,0.0,False,0,,,,scenario_north_heavy,val,development,0.05,-1.0,3.4049,0.0,0.0,,6.0,2.0,False,45,6.666666666666667,81.7176,-0.03333333333333333,
355,1i,150.0,0,0.0,0,0.0,False,0,,,,scenario_north_heavy,val,development,0.05,-1.0,-11.2704,0.0,0.0,,7.0,1.0,False,50,0.0,0.0,-0.03333333333333333,
360,1i,150.0,0,0.0,0,0.0,False,0,,,,scenario_north_heavy,val,development,0.05,-1.0,-7.3905,0.0,0.0,,7.0,6.0,False,55,0.0,0.0,-0.03333333333333333,
365,1i,150.0,0,0.0,0,0.0,False,0,,,,scenario_north_heavy,val,development,0.05,-1.0,-16.0979,0.0,0.0,,0.0,4.0,True,,0.0,0.0,-0.03333333333333333,
370,1i,150.0,1,20.7469,0,0.0,False,0,,,,scenario_north_heavy,val,development,0.05,-1.0,13.128499999999999,0.0,0.0,,0.0,9.0,True,,6.666666666666667,497.92560000000003,-0.03333333333333333,
375,1i,150.0,1,6.0853,0,0.0,False,0,,,,scenario_north_heavy,val,development,0.05,-1.0,5.9722,0.0,0.0,,0.0,14.0,True,,6.666666666666667,146.0472,-0.03333333333333333,
380,1i,150.0,3,15.3601,1,1.0,False,0,,,,scenario_north_heavy,val,development,0.05,1.0,11.9552,0.006666666666666667,0.0,,0.0,19.0,True,,20.0,1105.9272,0.03333333333333333,
385,1i,150.0,3,6.1143,1,1.0,False,0,,,,scenario_north_heavy,val,development,0.05,1.0,6.1143,0.006666666666666667,0.0,,0.0,24.0,True,,20.0,440.22960000000006,0.03333333333333333,
390,1i,150.0,3,0.0253,3,1.07,False,0,,,,scenario_north_heavy,val,development,0.05,1.07,0.0253,0.0071333333333333335,0.0,,1.0,4.0,False,5,20.0,1.8215999999999999,0.035666666666666666,
395,1i,150.0,3,0.0002,3,1.0,False,0,,,,scenario_north_heavy,val,development,0.05,1.0,0.0002,0.006666666666666667,0.0,,2.0,2.0,True,,20.0,0.014400000000000001,0.03333333333333333,
400,1i,150.0,3,0.0,3,1.0,False,0,,,,scenario_north_heavy,val,development,0.05,1.0,-20.7469,0.006666666666666667,0.0,,3.0,1.0,False,5,20.0,0.0,0.03333333333333333,
405,1i,150.0,3,0.0,3,1.0,False,0,,,,scenario_north_heavy,val,development,0.05,1.0,-6.0853,0.006666666666666667,0.0,,3.0,6.0,False,10,20.0,0.0,0.03333333333333333,
410,1i,150.0,1,0.0,1,1.0,False,0,,,,scenario_north_heavy,val,development,0.05,0.0,-15.3601,0.006666666666666667,0.0,,4.0,4.0,False,15,6.666666666666667,0.0,0.0,
415,1i,150.0,1,0.0,1,1.0,False,0,,,,scenario_north_heavy,val,development,0.05,0.0,-6.1143,0.006666666666666667,0.0,,4.0,9.0,False,20,6.666666666666667,0.0,0.0,
420,1i,150.0,2,8.0732,1,1.0,False,0,,,,scenario_north_heavy,val,development,0.05,-0.07000000000000006,8.0479,0.006666666666666667,0.0,,4.0,14.0,False,25,13.333333333333334,387.5136,-0.0023333333333333353,
425,1i,150.0,2,11.6313,1,1.0,False,0,,,,scenario_north_heavy,val,development,0.05,0.0,11.6311,0.006666666666666667,0.0,,4.0,19.0,False,30,13.333333333333334,558.3024,0.0,
430,1i,150.0,3,10.63,1,1.0,False,0,,,,scenario_north_heavy,val,development,0.05,0.0,10.63,0.006666666666666667,0.0,,4.0,24.0,False,35,20.0,765.36,0.0,
435,1i,150.0,2,5.2113,1,1.0,False,0,,,,scenario_north_heavy,val,development,0.05,0.0,5.2113,0.006666666666666667,0.0,,5.0,4.0,False,40,13.333333333333334,250.1424,0.0,
440,1i,150.0,1,7.1101,0,0.0,False,0,,,,scenario_north_heavy,val,development,0.05,-1.0,7.1101,0.0,0.0,,6.0,2.0,False,45,6.666666666666667,170.6424,-0.03333333333333333,
445,1i,150.0,0,0.0,0,0.0,False,0,,,,scenario_north_heavy,val,development,0.05,-1.0,0.0,0.0,0.0,,7.0,1.0,False,50,0.0,0.0,-0.03333333333333333,
450,1i,150.0,0,0.0,0,0.0,False,0,,,,scenario_north_heavy,val,development,0.05,-1.0,-8.0732,0.0,0.0,,7.0,6.0,False,55,0.0,0.0,-0.03333333333333333,
455,1i,150.0,0,0.0,0,0.0,False,0,,,,scenario_north_heavy,val,development,0.05,-1.0,-11.6313,0.0,0.0,,0.0,4.0,True,,0.0,0.0,-0.03333333333333333,
460,1i,150.0,0,0.0,0,0.0,False,0,,,,scenario_north_heavy,val,development,0.05,-1.0,-10.63,0.0,0.0,,0.0,9.0,True,,0.0,0.0,-0.03333333333333333,
465,1i,150.0,1,18.2264,0,0.0,False,0,,,,scenario_north_heavy,val,development,0.05,-1.0,13.015100000000002,0.0,0.0,,0.0,14.0,True,,6.666666666666667,437.43360000000007,-0.03333333333333333,
470,1i,150.0,2,15.4799,0,0.0,False,0,,,,scenario_north_heavy,val,development,0.05,0.0,8.369800000000001,0.0,0.0,,0.0,19.0,True,,13.333333333333334,743.0352,0.0,
475,1i,150.0,3,10.5035,1,1.0,False,0,,,,scenario_north_heavy,val,development,0.05,1.0,10.5035,0.006666666666666667,0.0,,0.0,24.0,True,,20.0,756.2520000000001,0.03333333333333333,
480,1i,150.0,3,4.9486,1,1.0,False,0,,,,scenario_north_heavy,val,development,0.05,1.0,4.9486,0.006666666666666667,0.0,,1.0,4.0,False,5,20.0,356.2992,0.03333333333333333,
485,1i,150.0,3,0.0,2,1.0,False,0,,,,scenario_north_heavy,val,development,0.05,1.0,0.0,0.006666666666666667,0.0,,2.0,2.0,True,,20.0,0.0,0.03333333333333333,
490,1i,150.0,3,0.0,3,1.0,False,0,,,,scenario_north_heavy,val,development,0.05,1.0,0.0,0.006666666666666667,0.0,,3.0,1.0,False,5,20.0,0.0,0.03333333333333333,
495,1i,150.0,3,0.0,3,1.0,False,0,,,,scenario_north_heavy,val,development,0.05,1.0,-18.2264,0.006666666666666667,0.0,,3.0,6.0,False,10,20.0,0.0,0.03333333333333333,
500,1i,150.0,2,13.5318,1,1.0,False,0,,,,scenario_north_heavy,val,development,0.05,1.0,-1.9481000000000002,0.006666666666666667,0.0,,4.0,4.0,False,15,13.333333333333334,649.5264000000001,0.03333333333333333,
505,1i,150.0,2,9.5501,1,1.0,False,0,,,,scenario_north_heavy,val,development,0.05,0.0,-0.9534000000000002,0.006666666666666667,0.0,,4.0,9.0,False,20,13.333333333333334,458.4048000000001,0.0,
510,1i,150.0,1,0.0,1,1.0,False,0,,,,scenario_north_heavy,val,development,0.05,0.0,-4.9486,0.006666666666666667,0.0,,4.0,14.0,False,25,6.666666666666667,0.0,0.0,
515,1i,150.0,2,12.9981,1,1.0,False,0,,,,scenario_north_heavy,val,development,0.05,0.0,12.9981,0.006666666666666667,0.0,,4.0,19.0,False,30,13.333333333333334,623.9088000000002,0.0,
520,1i,150.0,3,10.9788,1,1.0,False,0,,,,scenario_north_heavy,val,development,0.05,0.0,10.9788,0.006666666666666667,0.0,,4.0,24.0,False,35,20.0,790.4736,0.0,
525,1i,150.0,2,0.9734,1,1.0,False,0,,,,scenario_north_heavy,val,development,0.05,0.0,0.9734,0.006666666666666667,0.0,,5.0,4.0,False,40,13.333333333333334,46.723200000000006,0.0,
530,1i,150.0,1,4.7721,0,0.0,False,0,,,,scenario_north_heavy,val,development,0.05,-1.0,-8.7597,0.0,0.0,,6.0,2.0,False,45,6.666666666666667,114.53040000000001,-0.03333333333333333,
535,1i,150.0,0,0.0,0,0.0,False,0,,,,scenario_north_heavy,val,development,0.05,-1.0,-9.5501,0.0,0.0,,7.0,1.0,False,50,0.0,0.0,-0.03333333333333333,
540,1i,150.0,0,0.0,0,0.0,False,0,,,,scenario_north_heavy,val,development,0.05,-1.0,0.0,0.0,0.0,,7.0,6.0,False,55,0.0,0.0,-0.03333333333333333,
545,1i,150.0,1,25.7896,0,0.0,False,0,,,,scenario_north_heavy,val,development,0.05,-1.0,12.7915,0.0,0.0,,0.0,4.0,True,,6.666666666666667,618.9504000000001,-0.03333333333333333,
550,1i,150.0,1,11.334,0,0.0,False,0,,,,scenario_north_heavy,val,development,0.05,-1.0,0.35519999999999996,0.0,0.0,,0.0,9.0,True,,6.666666666666667,272.016,-0.03333333333333333,
555,1i,150.0,1,0.0,1,1.0,False,0,,,,scenario_north_heavy,val,development,0.05,0.0,-0.9734,0.006666666666666667,0.0,,0.0,14.0,True,,6.666666666666667,0.0,0.0,
560,1i,150.0,2,13.8057,1,1.0,False,0,,,,scenario_north_heavy,val,development,0.05,1.0,9.0336,0.006666666666666667,0.0,,0.0,19.0,True,,13.333333333333334,662.6736,0.03333333333333333,
565,1i,150.0,3,10.9165,1,1.0,False,0,,,,scenario_north_heavy,val,development,0.05,1.0,10.9165,0.006666666666666667,0.0,,0.0,24.0,True,,20.0,785.9879999999999,0.03333333333333333,
570,1i,150.0,3,1.9511,1,1.0,False,0,,,,scenario_north_heavy,val,development,0.05,1.0,1.9511,0.006666666666666667,0.0,,1.0,4.0,False,5,20.0,140.47920000000002,0.03333333333333333,
575,1i,150.0,3,0.0,3,1.0,False,0,,,,scenario_north_heavy,val,development,0.05,1.0,-25.7896,0.006666666666666667,0.0,,2.0,2.0,True,,20.0,0.0,0.03333333333333333,
580,1i,150.0,3,0.0,3,1.0,False,0,,,,scenario_north_heavy,val,development,0.05,1.0,-11.334,0.006666666666666667,0.0,,3.0,1.0,False,5,20.0,0.0,0.03333333333333333,
585,1i,150.0,3,0.0,3,1.0,False,0,,,,scenario_north_heavy,val,development,0.05,0.0,0.0,0.006666666666666667,0.0,,3.0,6.0,False,10,20.0,0.0,0.0,
590,1i,150.0,2,11.2799,1,1.0,False,0,,,,scenario_north_heavy,val,development,0.05,0.0,-2.5258000000000003,0.006666666666666667,0.0,,4.0,4.0,False,15,13.333333333333334,541.4352,0.0,
595,1i,150.0,2,6.9535,1,1.0,False,0,,,,scenario_north_heavy,val,development,0.05,0.0,-3.962999999999999,0.006666666666666667,0.0,,4.0,9.0,False,20,13.333333333333334,333.76800000000003,0.0,
600,1i,150.0,1,0.0,1,1.0,False,0,,,,scenario_north_heavy,val,development,0.05,0.0,-1.9511,0.006666666666666667,0.0,,4.0,14.0,False,25,6.666666666666667,0.0,0.0,
605,1i,150.0,1,0.0,1,1.0,False,0,,,,scenario_north_heavy,val,development,0.05,0.0,0.0,0.006666666666666667,0.0,,4.0,19.0,False,30,6.666666666666667,0.0,0.0,
610,1i,150.0,3,12.5778,1,1.0,False,0,,,,scenario_north_heavy,val,development,0.05,0.0,12.5778,0.006666666666666667,0.0,,4.0,24.0,False,35,20.0,905.6016,0.0,
615,1i,150.0,3,10.0752,1,1.0,False,0,,,,scenario_north_heavy,val,development,0.05,0.0,10.0752,0.006666666666666667,0.0,,5.0,4.0,False,40,20.0,725.4144000000001,0.0,
620,1i,150.0,2,4.682,0,0.0,False,0,,,,scenario_north_heavy,val,development,0.05,-1.0,-6.597899999999999,0.0,0.0,,6.0,2.0,False,45,13.333333333333334,224.73600000000005,-0.03333333333333333,
625,1i,150.0,1,0.0,1,1.0,False,0,,,,scenario_north_heavy,val,development,0.05,0.0,-6.9535,0.006666666666666667,0.0,,7.0,1.0,False,50,6.666666666666667,0.0,0.0,
630,1i,150.0,1,0.0,1,1.0,False,0,,,,scenario_north_heavy,val,development,0.05,0.0,0.0,0.006666666666666667,0.0,,7.0,6.0,False,55,6.666666666666667,0.0,0.0,
635,1i,150.0,2,10.2425,1,1.0,False,0,,,,scenario_north_heavy,val,development,0.05,0.0,10.2425,0.006666666666666667,0.0,,0.0,4.0,True,,13.333333333333334,491.64,0.0,
640,1i,150.0,2,3.0943,1,1.0,False,0,,,,scenario_north_heavy,val,development,0.05,0.0,-9.4835,0.006666666666666667,0.0,,0.0,9.0,True,,13.333333333333334,148.52640000000002,0.0,
645,1i,150.0,2,0.0,2,1.0,False,0,,,,scenario_north_heavy,val,development,0.05,0.0,-10.0752,0.006666666666666667,0.0,,0.0,14.0,True,,13.333333333333334,0.0,0.0,
650,1i,150.0,2,0.0,2,1.0,False,0,,,,scenario_north_heavy,val,development,0.05,1.0,-4.682,0.006666666666666667,0.0,,0.0,19.0,True,,13.333333333333334,0.0,0.03333333333333333,
655,1i,150.0,4,8.4845,2,1.0,False,0,,,,scenario_north_heavy,val,development,0.05,0.0,8.4845,0.006666666666666667,0.0,,0.0,24.0,True,,26.666666666666668,814.5120000000002,0.0,
660,1i,150.0,4,1.2538,2,1.0,False,0,,,,scenario_north_heavy,val,development,0.05,0.0,1.2538,0.006666666666666667,0.0,,1.0,4.0,False,5,26.666666666666668,120.3648,0.0,
665,1i,150.0,4,0.0,4,13.71,False,0,,,,scenario_north_heavy,val,development,0.05,12.71,-10.2425,0.09140000000000001,0.0,,2.0,2.0,True,,26.666666666666668,0.0,0.4236666666666667,
670,1i,150.0,4,0.0,4,13.71,False,0,,,,scenario_north_heavy,val,development,0.05,12.71,-3.0943,0.09140000000000001,0.0,,3.0,1.0,False,5,26.666666666666668,0.0,0.4236666666666667,
675,1i,150.0,4,0.0,4,13.71,False,0,,,,scenario_north_heavy,val,development,0.05,12.71,0.0,0.09140000000000001,0.0,,3.0,6.0,False,10,26.666666666666668,0.0,0.4236666666666667,
680,1i,150.0,2,10.3013,1,1.0,False,0,,,,scenario_north_heavy,val,development,0.05,0.0,10.3013,0.006666666666666667,0.0,,4.0,4.0,False,15,13.333333333333334,494.4624,0.0,
685,1i,150.0,1,0.0,1,1.0,False,0,,,,scenario_north_heavy,val,development,0.05,0.0,-8.4845,0.006666666666666667,0.0,,4.0,9.0,False,20,6.666666666666667,0.0,0.0,
690,1i,150.0,1,0.0,1,1.0,False,0,,,,scenario_north_heavy,val,development,0.05,0.0,-1.2538,0.006666666666666667,0.0,,4.0,14.0,False,25,6.666666666666667,0.0,0.0,
695,1i,150.0,1,0.0,1,1.0,False,0,,,,scenario_north_heavy,val,development,0.05,-12.71,0.0,0.006666666666666667,0.0,,4.0,19.0,False,30,6.666666666666667,0.0,-0.4236666666666667,
700,1i,150.0,3,11.903,1,1.0,False,0,,,,scenario_north_heavy,val,development,0.05,-12.71,11.903,0.006666666666666667,0.0,,4.0,24.0,False,35,20.0,857.016,-0.4236666666666667,
705,1i,150.0,2,1.5088,1,1.0,False,0,,,,scenario_north_heavy,val,development,0.05,-12.71,1.5088,0.006666666666666667,0.0,,5.0,4.0,False,40,13.333333333333334,72.42240000000001,-0.4236666666666667,
710,1i,150.0,0,0.0,0,0.0,False,0,,,,scenario_north_heavy,val,development,0.05,-1.0,-10.3013,0.0,0.0,,6.0,2.0,False,45,0.0,0.0,-0.03333333333333333,
715,1i,150.0,0,0.0,0,0.0,False,0,,,,scenario_north_heavy,val,development,0.05,-1.0,0.0,0.0,0.0,,7.0,1.0,False,50,0.0,0.0,-0.03333333333333333,
720,1i,150.0,1,26.1365,0,0.0,False,0,,,,scenario_north_heavy,val,development,0.05,-1.0,26.1365,0.0,0.0,,7.0,6.0,False,55,6.666666666666667,627.2760000000001,-0.03333333333333333,
725,1i,150.0,1,14.9246,0,0.0,False,0,,,,scenario_north_heavy,val,development,0.05,-1.0,14.9246,0.0,0.0,,0.0,4.0,True,,6.666666666666667,358.1904,-0.03333333333333333,
730,1i,150.0,1,0.0,0,0.0,False,0,,,,scenario_north_heavy,val,development,0.05,-1.0,-11.903,0.0,0.0,,0.0,9.0,True,,6.666666666666667,0.0,-0.03333333333333333,
735,1i,150.0,1,0.0,1,1.0,False,0,,,,scenario_north_heavy,val,development,0.05,0.0,-1.5088,0.006666666666666667,0.0,,0.0,14.0,True,,6.666666666666667,0.0,0.0,
740,1i,150.0,1,0.0,1,1.0,False,0,,,,scenario_north_heavy,val,development,0.05,1.0,0.0,0.006666666666666667,0.0,,0.0,19.0,True,,6.666666666666667,0.0,0.03333333333333333,
745,1i,150.0,2,11.7601,1,1.0,False,0,,,,scenario_north_heavy,val,development,0.05,1.0,11.7601,0.006666666666666667,0.0,,0.0,24.0,True,,13.333333333333334,564.4848000000001,0.03333333333333333,
750,1i,150.0,3,9.6088,1,1.0,False,0,,,,scenario_north_heavy,val,development,0.05,1.0,-16.527700000000003,0.006666666666666667,0.0,,1.0,4.0,False,5,20.0,691.8336,0.03333333333333333,
755,1i,150.0,3,2.8817,2,1.0,False,0,,,,scenario_north_heavy,val,development,0.05,1.0,-12.0429,0.006666666666666667,0.0,,2.0,2.0,True,,20.0,207.48239999999998,0.03333333333333333,
760,1i,150.0,3,0.0,3,1.0,False,0,,,,scenario_north_heavy,val,development,0.05,1.0,0.0,0.006666666666666667,0.0,,3.0,1.0,False,5,20.0,0.0,0.03333333333333333,
765,1i,150.0,4,6.5169,3,1.0,False,0,,,,scenario_north_heavy,val,development,0.05,0.0,6.5169,0.006666666666666667,0.0,,3.0,6.0,False,10,26.666666666666668,625.6224000000001,0.0,
770,1i,150.0,2,9.747,1,1.0,False,0,,,,scenario_north_heavy,val,development,0.05,0.0,9.747,0.006666666666666667,0.0,,4.0,4.0,False,15,13.333333333333334,467.856,0.0,
775,1i,150.0,1,0.0,1,1.0,False,0,,,,scenario_north_heavy,val,development,0.05,0.0,-11.7601,0.006666666666666667,0.0,,4.0,9.0,False,20,6.666666666666667,0.0,0.0,
780,1i,150.0,1,0.0,1,1.0,False,0,,,,scenario_north_heavy,val,development,0.05,0.0,-9.6088,0.006666666666666667,0.0,,4.0,14.0,False,25,6.666666666666667,0.0,0.0,
785,1i,150.0,1,0.0,1,1.0,False,0,,,,scenario_north_heavy,val,development,0.05,0.0,-2.8817,0.006666666666666667,0.0,,4.0,19.0,False,30,6.666666666666667,0.0,0.0,
790,1i,150.0,3,14.7431,1,1.0,False,0,,,,scenario_north_heavy,val,development,0.05,0.0,14.7431,0.006666666666666667,0.0,,4.0,24.0,False,35,20.0,1061.5032,0.0,
795,1i,150.0,2,4.2655,1,1.0,False,0,,,,scenario_north_heavy,val,development,0.05,0.0,-2.2513999999999994,0.006666666666666667,0.0,,5.0,4.0,False,40,13.333333333333334,204.74400000000003,0.0,
800,1i,150.0,1,1.8623,0,0.0,False,0,,,,scenario_north_heavy,val,development,0.05,-1.0,-7.8847,0.0,0.0,,6.0,2.0,False,45,6.666666666666667,44.69520000000001,-0.03333333333333333,
805,1i,150.0,0,0.0,0,0.0,False,0,,,,scenario_north_heavy,val,development,0.05,-1.0,0.0,0.0,0.0,,7.0,1.0,False,50,0.0,0.0,-0.03333333333333333,
810,1i,150.0,1,24.9935,0,0.0,False,0,,,,scenario_north_heavy,val,development,0.05,-1.0,24.9935,0.0,0.0,,7.0,6.0,False,55,6.666666666666667,599.844,-0.03333333333333333,
815,1i,150.0,1,16.4662,0,0.0,False,0,,,,scenario_north_heavy,val,development,0.05,-1.0,16.4662,0.0,0.0,,0.0,4.0,True,,6.666666666666667,395.1888,-0.03333333333333333,
820,1i,150.0,1,1.5247,0,0.0,False,0,,,,scenario_north_heavy,val,development,0.05,-1.0,-13.2184,0.0,0.0,,0.0,9.0,True,,6.666666666666667,36.592800000000004,-0.03333333333333333,
825,1i,150.0,1,0.0,1,1.0,False,0,,,,scenario_north_heavy,val,development,0.05,0.0,-4.2655,0.006666666666666667,0.0,,0.0,14.0,True,,6.666666666666667,0.0,0.0,
830,1i,150.0,1,0.0,1,1.0,False,0,,,,scenario_north_heavy,val,development,0.05,1.0,-1.8623,0.006666666666666667,0.0,,0.0,19.0,True,,6.666666666666667,0.0,0.03333333333333333,
835,1i,150.0,3,15.42,1,1.0,False,0,,,,scenario_north_heavy,val,development,0.05,1.0,15.42,0.006666666666666667,0.0,,0.0,24.0,True,,20.0,1110.24,0.03333333333333333,
840,1i,150.0,3,7.488,1,1.0,False,0,,,,scenario_north_heavy,val,development,0.05,1.0,-17.5055,0.006666666666666667,0.0,,1.0,4.0,False,5,20.0,539.136,0.03333333333333333,
845,1i,150.0,3,0.0,2,1.0,False,0,,,,scenario_north_heavy,val,development,0.05,1.0,-16.4662,0.006666666666666667,0.0,,2.0,2.0,True,,20.0,0.0,0.03333333333333333,
850,1i,150.0,3,0.0,3,1.0,False,0,,,,scenario_north_heavy,val,development,0.05,1.0,-1.5247,0.006666666666666667,0.0,,3.0,1.0,False,5,20.0,0.0,0.03333333333333333,
855,1i,150.0,4,5.6843,3,1.0,False,0,,,,scenario_north_heavy,val,development,0.05,0.0,5.6843,0.006666666666666667,0.0,,3.0,6.0,False,10,26.666666666666668,545.6928,0.0,
860,1i,150.0,2,7.6365,1,1.0,False,0,,,,scenario_north_heavy,val,development,0.05,0.0,7.6365,0.006666666666666667,0.0,,4.0,4.0,False,15,13.333333333333334,366.552,0.0,
865,1i,150.0,1,0.0,1,1.0,False,0,,,,scenario_north_heavy,val,development,0.05,0.0,-15.42,0.006666666666666667,0.0,,4.0,9.0,False,20,6.666666666666667,0.0,0.0,
870,1i,150.0,1,0.0,1,1.0,False,0,,,,scenario_north_heavy,val,development,0.05,0.0,-7.488,0.006666666666666667,0.0,,4.0,14.0,False,25,6.666666666666667,0.0,0.0,
875,1i,150.0,1,0.0,1,1.0,False,0,,,,scenario_north_heavy,val,development,0.05,0.0,0.0,0.006666666666666667,0.0,,4.0,19.0,False,30,6.666666666666667,0.0,0.0,
880,1i,150.0,3,15.537,1,1.0,False,0,,,,scenario_north_heavy,val,development,0.05,0.0,15.537,0.006666666666666667,0.0,,4.0,24.0,False,35,20.0,1118.6640000000002,0.0,
885,1i,150.0,3,8.6222,1,1.0,False,0,,,,scenario_north_heavy,val,development,0.05,0.0,2.937899999999999,0.006666666666666667,0.0,,5.0,4.0,False,40,20.0,620.7984,0.0,
890,1i,150.0,1,0.0,1,1.0,False,0,,,,scenario_north_heavy,val,development,0.05,0.0,-7.6365,0.006666666666666667,0.0,,6.0,2.0,False,45,6.666666666666667,0.0,0.0,
895,1i,150.0,1,0.0,1,1.0,False,0,,,,scenario_north_heavy,val,development,0.05,0.0,0.0,0.006666666666666667,0.0,,7.0,1.0,False,50,6.666666666666667,0.0,0.0,
900,1i,150.0,1,0.0,1,1.0,False,0,,,,scenario_north_heavy,val,development,0.05,0.0,0.0,0.006666666666666667,0.0,,7.0,6.0,False,55,6.666666666666667,0.0,0.0,
905,1i,150.0,2,9.5703,1,1.0,False,0,,,,scenario_north_heavy,val,development,0.05,0.0,9.5703,0.006666666666666667,0.0,,0.0,4.0,True,,13.333333333333334,459.37440000000004,0.0,
910,1i,150.0,2,4.2824,1,1.0,False,0,,,,scenario_north_heavy,val,development,0.05,0.0,-11.2546,0.006666666666666667,0.0,,0.0,9.0,True,,13.333333333333334,205.5552,0.0,
915,1i,150.0,2,0.0,2,1.0,False,0,,,,scenario_north_heavy,val,development,0.05,0.0,-8.6222,0.006666666666666667,0.0,,0.0,14.0,True,,13.333333333333334,0.0,0.0,
920,1i,150.0,2,0.0,2,1.0,False,0,,,,scenario_north_heavy,val,development,0.05,0.0,0.0,0.006666666666666667,0.0,,0.0,19.0,True,,13.333333333333334,0.0,0.0,
925,1i,150.0,4,12.7112,2,1.0,False,0,,,,scenario_north_heavy,val,development,0.05,0.0,12.7112,0.006666666666666667,0.0,,0.0,24.0,True,,26.666666666666668,1220.2752,0.0,
930,1i,150.0,4,5.9942,2,1.0,False,0,,,,scenario_north_heavy,val,development,0.05,0.0,5.9942,0.006666666666666667,0.0,,1.0,4.0,False,5,26.666666666666668,575.4432,0.0,
935,1i,150.0,4,0.2402,3,1.0,False,0,,,,scenario_north_heavy,val,development,0.05,0.0,-9.3301,0.006666666666666667,0.0,,2.0,2.0,True,,26.666666666666668,23.0592,0.0,
940,1i,150.0,4,0.0007,4,8.0,False,0,,,,scenario_north_heavy,val,development,0.05,7.0,-4.2817,0.05333333333333334,0.0,,3.0,1.0,False,5,26.666666666666668,0.06720000000000001,0.23333333333333334,
945,1i,150.0,4,0.0,4,8.0,False,0,,,,scenario_north_heavy,val,development,0.05,7.0,0.0,0.05333333333333334,0.0,,3.0,6.0,False,10,26.666666666666668,0.0,0.23333333333333334,
950,1i,150.0,2,8.2937,1,1.0,False,0,,,,scenario_north_heavy,val,development,0.05,0.0,8.2937,0.006666666666666667,0.0,,4.0,4.0,False,15,13.333333333333334,398.0976,0.0,
955,1i,150.0,1,0.0,1,1.0,False,0,,,,scenario_north_heavy,val,development,0.05,0.0,-12.7112,0.006666666666666667,0.0,,4.0,9.0,False,20,6.666666666666667,0.0,0.0,
960,1i,150.0,1,0.0,1,1.0,False,0,,,,scenario_north_heavy,val,development,0.05,0.0,-5.9942,0.006666666666666667,0.0,,4.0,14.0,False,25,6.666666666666667,0.0,0.0,
965,1i,150.0,1,0.0,1,1.0,False,0,,,,scenario_north_heavy,val,development,0.05,0.0,-0.2402,0.006666666666666667,0.0,,4.0,19.0,False,30,6.666666666666667,0.0,0.0,
970,1i,150.0,3,17.0985,1,1.0,False,0,,,,scenario_north_heavy,val,development,0.05,-7.0,17.097800000000003,0.006666666666666667,0.0,,4.0,24.0,False,35,20.0,1231.092,-0.23333333333333334,
975,1i,150.0,3,7.6988,1,1.0,False,0,,,,scenario_north_heavy,val,development,0.05,-7.0,7.6988,0.006666666666666667,0.0,,5.0,4.0,False,40,20.0,554.3136000000001,-0.23333333333333334,
980,1i,150.0,1,0.0,1,1.0,False,0,,,,scenario_north_heavy,val,development,0.05,0.0,-8.2937,0.006666666666666667,0.0,,6.0,2.0,False,45,6.666666666666667,0.0,0.0,
985,1i,150.0,2,13.6521,1,1.0,False,0,,,,scenario_north_heavy,val,development,0.05,0.0,13.6521,0.006666666666666667,0.0,,7.0,1.0,False,50,13.333333333333334,655.3008000000001,0.0,
990,1i,150.0,2,7.4099,1,1.0,False,0,,,,scenario_north_heavy,val,development,0.05,0.0,7.4099,0.006666666666666667,0.0,,7.0,6.0,False,55,13.333333333333334,355.6752,0.0,
995,1i,150.0,2,0.0,1,1.0,False,0,,,,scenario_north_heavy,val,development,0.05,0.0,0.0,0.006666666666666667,0.0,,0.0,4.0,True,,13.333333333333334,0.0,0.0,
1000,1i,150.0,2,0.0,2,1.0,False,0,,,,scenario_north_heavy,val,development,0.05,0.0,-17.0985,0.006666666666666667,0.0,,0.0,9.0,True,,13.333333333333334,0.0,0.0,
1005,1i,150.0,2,0.0,2,1.0,False,0,,,,scenario_north_heavy,val,development,0.05,0.0,-7.6988,0.006666666666666667,0.0,,0.0,14.0,True,,13.333333333333334,0.0,0.0,
1010,1i,150.0,2,0.0,2,1.0,False,0,,,,scenario_north_heavy,val,development,0.05,0.0,0.0,0.006666666666666667,0.0,,0.0,19.0,True,,13.333333333333334,0.0,0.0,
1015,1i,150.0,4,13.7684,2,1.0,False,0,,,,scenario_north_heavy,val,development,0.05,0.0,0.11629999999999896,0.006666666666666667,0.0,,0.0,24.0,True,,26.666666666666668,1321.7664,0.0,
1020,1i,150.0,4,7.2306,2,1.0,False,0,,,,scenario_north_heavy,val,development,0.05,0.0,-0.17930000000000046,0.006666666666666667,0.0,,1.0,4.0,False,5,26.666666666666668,694.1376,0.0,
1025,1i,150.0,4,0.1408,2,1.0,False,0,,,,scenario_north_heavy,val,development,0.05,0.0,0.1408,0.006666666666666667,0.0,,2.0,2.0,True,,26.666666666666668,13.5168,0.0,
1030,1i,150.0,5,5.0039,4,5.0,False,0,,,,scenario_north_heavy,val,development,0.05,4.0,5.0039,0.03333333333333333,0.0,,3.0,1.0,False,5,33.333333333333336,600.4680000000001,0.13333333333333333,
1035,1i,150.0,5,2.3576,4,5.0,False,0,,,,scenario_north_heavy,val,development,0.05,4.0,2.3576,0.03333333333333333,0.0,,3.0,6.0,False,10,33.333333333333336,282.91200000000003,0.13333333333333333,
1040,1i,150.0,1,0.0,1,1.0,False,0,,,,scenario_north_heavy,val,development,0.05,0.0,0.0,0.006666666666666667,0.0,,4.0,4.0,False,15,6.666666666666667,0.0,0.0,
1045,1i,150.0,1,0.0,1,1.0,False,0,,,,scenario_north_heavy,val,development,0.05,0.0,-13.7684,0.006666666666666667,0.0,,4.0,9.0,False,20,6.666666666666667,0.0,0.0,
1050,1i,150.0,1,0.0,1,1.0,False,0,,,,scenario_north_heavy,val,development,0.05,0.0,-7.2306,0.006666666666666667,0.0,,4.0,14.0,False,25,6.666666666666667,0.0,0.0,
1055,1i,150.0,1,0.0,1,1.0,False,0,,,,scenario_north_heavy,val,development,0.05,0.0,-0.1408,0.006666666666666667,0.0,,4.0,19.0,False,30,6.666666666666667,0.0,0.0,
1060,1i,150.0,2,13.0515,1,1.0,False,0,,,,scenario_north_heavy,val,development,0.05,-4.0,8.047600000000001,0.006666666666666667,0.0,,4.0,24.0,False,35,13.333333333333334,626.4720000000001,-0.13333333333333333,
1065,1i,150.0,3,11.0879,1,1.0,False,0,,,,scenario_north_heavy,val,development,0.05,-4.0,8.7303,0.006666666666666667,0.0,,5.0,4.0,False,40,20.0,798.3288,-0.13333333333333333,
1070,1i,150.0,2,10.4534,0,0.0,False,0,,,,scenario_north_heavy,val,development,0.05,-1.0,10.4534,0.0,0.0,,6.0,2.0,False,45,13.333333333333334,501.76320000000004,-0.03333333333333333,
1075,1i,150.0,1,1.2183,0,0.0,False,0,,,,scenario_north_heavy,val,development,0.05,-1.0,1.2183,0.0,0.0,,7.0,1.0,False,50,6.666666666666667,29.239200000000004,-0.03333333333333333,
1080,1i,150.0,2,9.1826,1,1.0,False,0,,,,scenario_north_heavy,val,development,0.05,0.0,9.1826,0.006666666666666667,0.0,,7.0,6.0,False,55,13.333333333333334,440.76480000000004,0.0,
1085,1i,150.0,2,5.8377,1,1.0,False,0,,,,scenario_north_heavy,val,development,0.05,0.0,5.8377,0.006666666666666667,0.0,,0.0,4.0,True,,13.333333333333334,280.2096,0.0,
1090,1i,150.0,2,0.0,2,1.0,False,0,,,,scenario_north_heavy,val,development,0.05,0.0,-13.0515,0.006666666666666667,0.0,,0.0,9.0,True,,13.333333333333334,0.0,0.0,
1095,1i,150.0,2,0.0,2,1.0,False,0,,,,scenario_north_heavy,val,development,0.05,0.0,-11.0879,0.006666666666666667,0.0,,0.0,14.0,True,,13.333333333333334,0.0,0.0,
1100,1i,150.0,2,0.0,2,1.0,False,0,,,,scenario_north_heavy,val,development,0.05,1.0,-10.4534,0.006666666666666667,0.0,,0.0,19.0,True,,13.333333333333334,0.0,0.03333333333333333,
1105,1i,150.0,2,0.0,2,1.0,False,0,,,,scenario_north_heavy,val,development,0.05,1.0,-1.2183,0.006666666666666667,0.0,,0.0,24.0,True,,13.333333333333334,0.0,0.03333333333333333,
1110,1i,150.0,4,9.0535,2,1.0,False,0,,,,scenario_north_heavy,val,development,0.05,0.0,-0.1291000000000011,0.006666666666666667,0.0,,1.0,4.0,False,5,26.666666666666668,869.136,0.0,
1115,1i,150.0,4,4.828,2,1.0,False,0,,,,scenario_north_heavy,val,development,0.05,0.0,-1.0096999999999996,0.006666666666666667,0.0,,2.0,2.0,True,,26.666666666666668,463.48800000000006,0.0,
1120,1i,150.0,4,0.2633,3,15.04,False,0,,,,scenario_north_heavy,val,development,0.05,14.04,0.2633,0.10026666666666666,0.0,,3.0,1.0,False,5,26.666666666666668,25.276799999999998,0.46799999999999997,
1125,1i,150.0,5,2.5401,4,15.04,False,0,,,,scenario_north_heavy,val,development,0.05,14.04,2.5401,0.10026666666666666,0.0,,3.0,6.0,False,10,33.333333333333336,304.812,0.46799999999999997,
1130,1i,150.0,3,4.5422,1,1.0,False,0,,,,scenario_north_heavy,val,development,0.05,0.0,4.5422,0.006666666666666667,0.0,,4.0,4.0,False,15,20.0,327.0384,0.0,
1135,1i,150.0,1,0.0,1,1.0,False,0,,,,scenario_north_heavy,val,development,0.05,0.0,0.0,0.006666666666666667,0.0,,4.0,9.0,False,20,6.666666666666667,0.0,0.0,
1140,1i,150.0,1,0.0,1,1.0,False,0,,,,scenario_north_heavy,val,development,0.05,0.0,-9.0535,0.006666666666666667,0.0,,4.0,14.0,False,25,6.666666666666667,0.0,0.0,
1145,1i,150.0,1,0.0,1,1.0,False,0,,,,scenario_north_heavy,val,development,0.05,0.0,-4.828,0.006666666666666667,0.0,,4.0,19.0,False,30,6.666666666666667,0.0,0.0,
1150,1i,150.0,1,0.0,1,1.0,False,0,,,,scenario_north_heavy,val,development,0.05,-14.04,-0.2633,0.006666666666666667,0.0,,4.0,24.0,False,35,6.666666666666667,0.0,-0.46799999999999997,
1155,1i,150.0,3,12.6622,1,1.0,False,0,,,,scenario_north_heavy,val,development,0.05,-14.04,10.1221,0.006666666666666667,0.0,,5.0,4.0,False,40,20.0,911.6784,-0.46799999999999997,
1160,1i,150.0,2,4.9947,0,0.0,False,0,,,,scenario_north_heavy,val,development,0.05,-1.0,0.4524999999999997,0.0,0.0,,6.0,2.0,False,45,13.333333333333334,239.74560000000002,-0.03333333333333333,
1165,1i,150.0,2,0.0372,1,1.0,False,0,,,,scenario_north_heavy,val,development,0.05,0.0,0.0372,0.006666666666666667,0.0,,7.0,1.0,False,50,13.333333333333334,1.7855999999999999,0.0,
1170,1i,150.0,3,5.3591,2,1.0,False,0,,,,scenario_north_heavy,val,development,0.05,0.0,5.3591,0.006666666666666667,0.0,,7.0,6.0,False,55,20.0,385.8552,0.0,
1175,1i,150.0,3,3.2006,2,1.0,False,0,,,,scenario_north_heavy,val,development,0.05,0.0,3.2006,0.006666666666666667,0.0,,0.0,4.0,True,,20.0,230.44320000000002,0.0,
1180,1i,150.0,3,0.0,3,1.0,False,0,,,,scenario_north_heavy,val,development,0.05,0.0,0.0,0.006666666666666667,0.0,,0.0,9.0,True,,20.0,0.0,0.0,
1185,1i,150.0,3,0.0,3,1.0,False,0,,,,scenario_north_heavy,val,development,0.05,0.0,-12.6622,0.006666666666666667,0.0,,0.0,14.0,True,,20.0,0.0,0.0,
1190,1i,150.0,3,0.0,3,1.0,False,0,,,,scenario_north_heavy,val,development,0.05,1.0,-4.9947,0.006666666666666667,0.0,,0.0,19.0,True,,20.0,0.0,0.03333333333333333,
1195,1i,150.0,3,0.0,3,1.0,False,1,27.4625,429.17,429.17,scenario_north_heavy,val,development,0.05,0.0,-0.0372,0.006666666666666667,1.0,,0.0,24.0,True,,20.0,0.0,0.0,
1200,1i,150.0,5,7.33,3,1.0,False,1,26.6878,294.83,294.83,scenario_north_heavy,val,development,0.05,0.0,1.9709000000000003,0.006666666666666667,1.0,,1.0,4.0,False,5,33.333333333333336,879.6000000000001,0.0,
1205,1i,150.0,5,1.9851,3,1.0,False,1,26.6244,159.6,159.6,scenario_north_heavy,val,development,0.05,0.0,-1.2155,0.006666666666666667,1.0,,2.0,2.0,True,,33.333333333333336,238.21200000000005,0.0,
1210,1i,150.0,6,2.6766,5,8.0,False,1,16.0239,52.42,52.42,scenario_north_heavy,val,development,0.05,7.0,2.6766,0.05333333333333334,1.0,,3.0,1.0,False,5,40.0,385.4304000000001,0.23333333333333334,
1215,1i,150.0,6,0.3732,5,8.0,False,1,2.2392,13.87,13.87,scenario_north_heavy,val,development,0.05,7.0,0.3732,0.05333333333333334,1.0,,3.0,6.0,False,10,40.0,53.7408,0.23333333333333334,
1220,1i,150.0,2,0.0,2,5.0,False,0,,,,scenario_north_heavy,val,development,0.05,4.0,0.0,0.03333333333333333,0.0,,4.0,4.0,False,15,13.333333333333334,0.0,0.13333333333333333,
1225,1i,150.0,2,0.0,2,5.0,False,0,,,,scenario_north_heavy,val,development,0.05,4.0,0.0,0.03333333333333333,-1.0,,4.0,9.0,False,20,13.333333333333334,0.0,0.13333333333333333,
1230,1i,150.0,2,0.0,2,5.0,False,0,,,,scenario_north_heavy,val,development,0.05,4.0,-7.33,0.03333333333333333,-1.0,,4.0,14.0,False,25,13.333333333333334,0.0,0.13333333333333333,
1235,1i,150.0,2,0.0,2,5.0,False,0,,,,scenario_north_heavy,val,development,0.05,4.0,-1.9851,0.03333333333333333,-1.0,,4.0,19.0,False,30,13.333333333333334,0.0,0.13333333333333333,
1240,1i,150.0,2,0.0,2,5.0,False,0,,,,scenario_north_heavy,val,development,0.05,-3.0,-2.6766,0.03333333333333333,-1.0,,4.0,24.0,False,35,13.333333333333334,0.0,-0.1,
1245,1i,150.0,2,0.0,2,5.0,False,0,,,,scenario_north_heavy,val,development,0.05,-3.0,-0.3732,0.03333333333333333,-1.0,,5.0,4.0,False,40,13.333333333333334,0.0,-0.1,
1250,1i,150.0,2,16.8068,0,0.0,False,0,,,,scenario_north_heavy,val,development,0.05,-5.0,16.8068,0.0,0.0,,6.0,2.0,False,45,13.333333333333334,806.7264,-0.16666666666666666,
1255,1i,150.0,3,13.0235,0,0.0,False,0,,,,scenario_north_heavy,val,development,0.05,-5.0,13.0235,0.0,0.0,,7.0,1.0,False,50,20.0,937.692,-0.16666666666666666,
1260,1i,150.0,3,2.2501,2,1.0,False,0,,,,scenario_north_heavy,val,development,0.05,-4.0,2.2501,0.006666666666666667,0.0,,7.0,6.0,False,55,20.0,162.0072,-0.13333333333333333,
1265,1i,150.0,3,0.0,3,1.0,False,0,,,,scenario_north_heavy,val,development,0.05,-4.0,0.0,0.006666666666666667,0.0,,0.0,4.0,True,,20.0,0.0,-0.13333333333333333,
1270,1i,150.0,3,0.0,3,1.0,False,0,,,,scenario_north_heavy,val,development,0.05,-4.0,0.0,0.006666666666666667,0.0,,0.0,9.0,True,,20.0,0.0,-0.13333333333333333,
1275,1i,150.0,3,0.0,3,1.0,False,0,,,,scenario_north_heavy,val,development,0.05,-4.0,0.0,0.006666666666666667,0.0,,0.0,14.0,True,,20.0,0.0,-0.13333333333333333,
1280,1i,150.0,3,0.0,3,1.0,False,0,,,,scenario_north_heavy,val,development,0.05,1.0,-16.8068,0.006666666666666667,0.0,,0.0,19.0,True,,20.0,0.0,0.03333333333333333,
1285,1i,150.0,3,0.0,3,1.0,False,0,,,,scenario_north_heavy,val,development,0.05,1.0,-13.0235,0.006666666666666667,0.0,,0.0,24.0,True,,20.0,0.0,0.03333333333333333,
1290,1i,150.0,4,4.7847,3,1.0,False,0,,,,scenario_north_heavy,val,development,0.05,0.0,2.5345999999999997,0.006666666666666667,0.0,,1.0,4.0,False,5,26.666666666666668,459.3312,0.0,
1295,1i,150.0,6,5.8674,3,1.0,False,0,,,,scenario_north_heavy,val,development,0.05,0.0,5.8674,0.006666666666666667,0.0,,2.0,2.0,True,,40.0,844.9056,0.0,
1300,1i,150.0,6,3.9429,4,13.72,False,0,,,,scenario_north_heavy,val,development,0.05,12.72,3.9429,0.09146666666666667,0.0,,3.0,1.0,False,5,40.0,567.7776,0.42400000000000004,
1305,1i,150.0,6,1.4459,4,13.71,False,0,,,,scenario_north_heavy,val,development,0.05,12.71,1.4459,0.09140000000000001,0.0,,3.0,6.0,False,10,40.0,208.2096,0.4236666666666667,
1310,1i,150.0,2,0.099,2,13.81,False,0,,,,scenario_north_heavy,val,development,0.05,12.81,0.099,0.09206666666666667,0.0,,4.0,4.0,False,15,13.333333333333334,4.752000000000001,0.427,
1315,1i,150.0,2,0.0004,2,13.71,False,0,,,,scenario_north_heavy,val,development,0.05,12.71,0.0004,0.09140000000000001,0.0,,4.0,9.0,False,20,13.333333333333334,0.019200000000000002,0.4236666666666667,
1320,1i,150.0,2,0.0,2,13.71,False,0,,,,scenario_north_heavy,val,development,0.05,12.71,-4.7847,0.09140000000000001,0.0,,4.0,14.0,False,25,13.333333333333334,0.0,0.4236666666666667,
1325,1i,150.0,2,0.0,2,13.71,False,0,,,,scenario_north_heavy,val,development,0.05,12.71,-5.8674,0.09140000000000001,0.0,,4.0,19.0,False,30,13.333333333333334,0.0,0.4236666666666667,
1330,1i,150.0,2,0.0,2,13.71,False,0,,,,scenario_north_heavy,val,development,0.05,-0.009999999999999787,-3.9429,0.09140000000000001,0.0,,4.0,24.0,False,35,13.333333333333334,0.0,-0.0003333333333333262,
1335,1i,150.0,3,6.5459,2,13.71,False,0,,,,scenario_north_heavy,val,development,0.05,0.0,5.1,0.09140000000000001,0.0,,5.0,4.0,False,40,20.0,471.3048,0.0,
1340,1i,150.0,3,9.2954,0,0.0,False,0,,,,scenario_north_heavy,val,development,0.05,-13.81,9.1964,0.0,0.0,,6.0,2.0,False,45,20.0,669.2688,-0.46033333333333337,
1345,1i,150.0,3,10.7509,0,0.0,False,0,,,,scenario_north_heavy,val,development,0.05,-13.71,10.750499999999999,0.0,0.0,,7.0,1.0,False,50,20.0,774.0648,-0.457,
1350,1i,150.0,3,4.4128,2,1.0,False,0,,,,scenario_north_heavy,val,development,0.05,-12.71,4.4128,0.006666666666666667,0.0,,7.0,6.0,False,55,20.0,317.72159999999997,-0.4236666666666667,
1355,1i,150.0,3,0.0,2,1.0,False,0,,,,scenario_north_heavy,val,development,0.05,-12.71,0.0,0.006666666666666667,0.0,,0.0,4.0,True,,20.0,0.0,-0.4236666666666667,
1360,1i,150.0,3,0.0,3,1.0,False,0,,,,scenario_north_heavy,val,development,0.05,-12.71,0.0,0.006666666666666667,0.0,,0.0,9.0,True,,20.0,0.0,-0.4236666666666667,
1365,1i,150.0,3,0.0,3,1.0,False,0,,,,scenario_north_heavy,val,development,0.05,-12.71,-6.5459,0.006666666666666667,0.0,,0.0,14.0,True,,20.0,0.0,-0.4236666666666667,
1370,1i,150.0,3,0.0,3,1.0,False,0,,,,scenario_north_heavy,val,development,0.05,1.0,-9.2954,0.006666666666666667,0.0,,0.0,19.0,True,,20.0,0.0,0.03333333333333333,
1375,1i,150.0,3,0.0,3,1.0,False,0,,,,scenario_north_heavy,val,development,0.05,1.0,-10.7509,0.006666666666666667,0.0,,0.0,24.0,True,,20.0,0.0,0.03333333333333333,
1380,1i,150.0,5,9.0998,3,1.0,False,0,,,,scenario_north_heavy,val,development,0.05,0.0,4.687,0.006666666666666667,0.0,,1.0,4.0,False,5,33.333333333333336,1091.976,0.0,
1385,1i,150.0,6,6.3688,3,1.0,False,0,,,,scenario_north_heavy,val,development,0.05,0.0,6.3688,0.006666666666666667,0.0,,2.0,2.0,True,,40.0,917.1072000000001,0.0,
1390,1i,150.0,6,0.9246,5,15.14,False,0,,,,scenario_north_heavy,val,development,0.05,14.14,0.9246,0.10093333333333333,0.0,,3.0,1.0,False,5,40.0,133.1424,0.4713333333333333,
1395,1i,150.0,6,0.0,6,15.04,False,0,,,,scenario_north_heavy,val,development,0.05,14.04,0.0,0.10026666666666666,0.0,,3.0,6.0,False,10,40.0,0.0,0.46799999999999997,
1400,1i,150.0,3,1.1763,2,5.0,False,0,,,,scenario_north_heavy,val,development,0.05,4.0,1.1763,0.03333333333333333,0.0,,4.0,4.0,False,15,20.0,84.6936,0.13333333333333333,
1405,1i,150.0,2,0.0,2,5.0,False,0,,,,scenario_north_heavy,val,development,0.05,4.0,0.0,0.03333333333333333,0.0,,4.0,9.0,False,20,13.333333333333334,0.0,0.13333333333333333,
1410,1i,150.0,2,0.0,2,5.0,False,0,,,,scenario_north_heavy,val,development,0.05,4.0,-9.0998,0.03333333333333333,0.0,,4.0,14.0,False,25,13.333333333333334,0.0,0.13333333333333333,
1415,1i,150.0,2,0.0,2,5.0,False,0,,,,scenario_north_heavy,val,development,0.05,4.0,-6.3688,0.03333333333333333,0.0,,4.0,19.0,False,30,13.333333333333334,0.0,0.13333333333333333,
1420,1i,150.0,2,0.0,2,5.0,False,0,,,,scenario_north_heavy,val,development,0.05,-10.14,-0.9246,0.03333333333333333,0.0,,4.0,24.0,False,35,13.333333333333334,0.0,-0.338,
1425,1i,150.0,4,11.9892,2,5.0,False,0,,,,scenario_north_heavy,val,development,0.05,-10.04,11.9892,0.03333333333333333,0.0,,5.0,4.0,False,40,26.666666666666668,1150.9632000000001,-0.3346666666666666,
1430,1i,150.0,3,15.8598,0,0.0,False,0,,,,scenario_north_heavy,val,development,0.05,-5.0,14.6835,0.0,0.0,,6.0,2.0,False,45,20.0,1141.9056,-0.16666666666666666,
1435,1i,150.0,2,5.1255,0,0.0,False,0,,,,scenario_north_heavy,val,development,0.05,-5.0,5.1255,0.0,0.0,,7.0,1.0,False,50,13.333333333333334,246.024,-0.16666666666666666,
1440,1i,150.0,2,0.0,2,1.0,False,0,,,,scenario_north_heavy,val,development,0.05,-4.0,0.0,0.006666666666666667,0.0,,7.0,6.0,False,55,13.333333333333334,0.0,-0.13333333333333333,
1445,1i,150.0,2,0.0,2,1.0,False,0,,,,scenario_north_heavy,val,development,0.05,-4.0,0.0,0.006666666666666667,0.0,,0.0,4.0,True,,13.333333333333334,0.0,-0.13333333333333333,
1450,1i,150.0,2,0.0,2,1.0,False,0,,,,scenario_north_heavy,val,development,0.05,-4.0,0.0,0.006666666666666667,0.0,,0.0,9.0,True,,13.333333333333334,0.0,-0.13333333333333333,
1455,1i,150.0,2,0.0,2,1.0,False,0,,,,scenario_north_heavy,val,development,0.05,-4.0,-11.9892,0.006666666666666667,0.0,,0.0,14.0,True,,13.333333333333334,0.0,-0.13333333333333333,
1460,1i,150.0,2,0.0,2,1.0,False,0,,,,scenario_north_heavy,val,development,0.05,1.0,-15.8598,0.006666666666666667,0.0,,0.0,19.0,True,,13.333333333333334,0.0,0.03333333333333333,
1465,1i,150.0,2,0.0,2,1.0,False,0,,,,scenario_north_heavy,val,development,0.05,1.0,-5.1255,0.006666666666666667,0.0,,0.0,24.0,True,,13.333333333333334,0.0,0.03333333333333333,
1470,1i,150.0,4,13.152,2,1.0,False,0,,,,scenario_north_heavy,val,development,0.05,0.0,13.152,0.006666666666666667,0.0,,1.0,4.0,False,5,26.666666666666668,1262.592,0.0,
1475,1i,150.0,5,8.8713,2,1.0,False,0,,,,scenario_north_heavy,val,development,0.05,0.0,8.8713,0.006666666666666667,0.0,,2.0,2.0,True,,33.333333333333336,1064.556,0.0,
1480,1i,150.0,5,2.2926,3,1.0,False,0,,,,scenario_north_heavy,val,development,0.05,0.0,2.2926,0.006666666666666667,0.0,,3.0,1.0,False,5,33.333333333333336,275.112,0.0,
1485,1i,150.0,5,0.861,4,8.0,False,0,,,,scenario_north_heavy,val,development,0.05,7.0,0.861,0.05333333333333334,0.0,,3.0,6.0,False,10,33.333333333333336,103.32000000000001,0.23333333333333334,
1490,1i,150.0,1,0.0,1,1.0,False,0,,,,scenario_north_heavy,val,development,0.05,0.0,0.0,0.006666666666666667,0.0,,4.0,4.0,False,15,6.666666666666667,0.0,0.0,
1495,1i,150.0,1,0.0,1,1.0,False,0,,,,scenario_north_heavy,val,development,0.05,0.0,0.0,0.006666666666666667,0.0,,4.0,9.0,False,20,6.666666666666667,0.0,0.0,
1500,1i,150.0,1,0.0,1,1.0,False,0,,,,scenario_north_heavy,val,development,0.05,0.0,-13.152,0.006666666666666667,0.0,,4.0,14.0,False,25,6.666666666666667,0.0,0.0,
1505,1i,150.0,1,0.0,1,1.0,False,0,,,,scenario_north_heavy,val,development,0.05,0.0,-8.8713,0.006666666666666667,0.0,,4.0,19.0,False,30,6.666666666666667,0.0,0.0,
1510,1i,150.0,1,0.0,1,1.0,False,0,,,,scenario_north_heavy,val,development,0.05,0.0,-2.2926,0.006666666666666667,0.0,,4.0,24.0,False,35,6.666666666666667,0.0,0.0,
1515,1i,150.0,3,17.3958,1,1.0,False,0,,,,scenario_north_heavy,val,development,0.05,-7.0,16.5348,0.006666666666666667,0.0,,5.0,4.0,False,40,20.0,1252.4976000000001,-0.23333333333333334,
1520,1i,150.0,3,16.1287,0,0.0,False,0,,,,scenario_north_heavy,val,development,0.05,-1.0,16.1287,0.0,0.0,,6.0,2.0,False,45,20.0,1161.2664,-0.03333333333333333,
1525,1i,150.0,2,2.6232,0,0.0,False,0,,,,scenario_north_heavy,val,development,0.05,-1.0,2.6232,0.0,0.0,,7.0,1.0,False,50,13.333333333333334,125.91360000000002,-0.03333333333333333,
1530,1i,150.0,2,0.0029,2,1.01,False,0,,,,scenario_north_heavy,val,development,0.05,0.010000000000000009,0.0029,0.006733333333333333,0.0,,7.0,6.0,False,55,13.333333333333334,0.1392,0.00033333333333333365,
1535,1i,150.0,2,0.0,2,1.0,False,0,,,,scenario_north_heavy,val,development,0.05,0.0,0.0,0.006666666666666667,0.0,,0.0,4.0,True,,13.333333333333334,0.0,0.0,
1540,1i,150.0,2,0.0,2,1.0,False,0,,,,scenario_north_heavy,val,development,0.05,0.0,0.0,0.006666666666666667,0.0,,0.0,9.0,True,,13.333333333333334,0.0,0.0,
1545,1i,150.0,2,0.0,2,1.0,False,0,,,,scenario_north_heavy,val,development,0.05,0.0,-17.3958,0.006666666666666667,0.0,,0.0,14.0,True,,13.333333333333334,0.0,0.0,
1550,1i,150.0,2,0.0,2,1.0,False,0,,,,scenario_north_heavy,val,development,0.05,1.0,-16.1287,0.006666666666666667,0.0,,0.0,19.0,True,,13.333333333333334,0.0,0.03333333333333333,
1555,1i,150.0,2,0.0,2,1.0,False,0,,,,scenario_north_heavy,val,development,0.05,1.0,-2.6232,0.006666666666666667,0.0,,0.0,24.0,True,,13.333333333333334,0.0,0.03333333333333333,
1560,1i,150.0,3,9.1916,2,1.0,False,0,,,,scenario_north_heavy,val,development,0.05,-0.010000000000000009,9.188699999999999,0.006666666666666667,0.0,,1.0,4.0,False,5,20.0,661.7952,-0.00033333333333333365,
1565,1i,150.0,5,10.3218,2,1.0,False,0,,,,scenario_north_heavy,val,development,0.05,0.0,10.3218,0.006666666666666667,0.0,,2.0,2.0,True,,33.333333333333336,1238.616,0.0,
1570,1i,150.0,5,5.3841,2,1.0,False,0,,,,scenario_north_heavy,val,development,0.05,0.0,5.3841,0.006666666666666667,0.0,,3.0,1.0,False,5,33.333333333333336,646.0920000000001,0.0,
1575,1i,150.0,5,1.834,3,1.0,False,0,,,,scenario_north_heavy,val,development,0.05,0.0,1.834,0.006666666666666667,0.0,,3.0,6.0,False,10,33.333333333333336,220.08,0.0,
1580,1i,150.0,1,0.0,1,1.0,False,0,,,,scenario_north_heavy,val,development,0.05,0.0,0.0,0.006666666666666667,0.0,,4.0,4.0,False,15,6.666666666666667,0.0,0.0,
1585,1i,150.0,1,0.0,1,1.0,False,0,,,,scenario_north_heavy,val,development,0.05,0.0,0.0,0.006666666666666667,0.0,,4.0,9.0,False,20,6.666666666666667,0.0,0.0,
1590,1i,150.0,1,0.0,1,1.0,False,0,,,,scenario_north_heavy,val,development,0.05,0.0,-9.1916,0.006666666666666667,0.0,,4.0,14.0,False,25,6.666666666666667,0.0,0.0,
1595,1i,150.0,1,0.0,1,1.0,False,1,26.2987,404.76,404.76,scenario_north_heavy,val,development,0.05,0.0,-10.3218,0.006666666666666667,1.0,,4.0,19.0,False,30,6.666666666666667,0.0,0.0,
1600,1i,150.0,1,0.0,1,1.0,False,1,25.9138,277.65,277.65,scenario_north_heavy,val,development,0.05,0.0,-5.3841,0.006666666666666667,1.0,,4.0,24.0,False,35,6.666666666666667,0.0,0.0,
1605,1i,150.0,2,11.7843,1,1.0,False,1,23.9725,154.89,154.89,scenario_north_heavy,val,development,0.05,0.0,9.9503,0.006666666666666667,1.0,,5.0,4.0,False,40,13.333333333333334,565.6464,0.0,
1610,1i,150.0,3,15.0932,0,0.0,False,1,16.0905,49.96,49.96,scenario_north_heavy,val,development,0.05,-1.0,15.0932,0.0,1.0,,6.0,2.0,False,45,20.0,1086.7104,-0.03333333333333333,
1615,1i,150.0,3,7.3815,0,0.0,False,1,4.2287,2.28,2.28,scenario_north_heavy,val,development,0.05,-1.0,7.3815,0.0,1.0,,7.0,1.0,False,50,20.0,531.468,-0.03333333333333333,
1620,1i,150.0,3,1.5747,2,1.0,False,1,0.0,1.0,1.0,scenario_north_heavy,val,development,0.05,0.0,1.5747,0.006666666666666667,1.0,,7.0,6.0,False,55,20.0,113.3784,0.0,
1625,1i,150.0,3,0.0,3,1.0,False,1,0.0,1.0,1.0,scenario_north_heavy,val,development,0.05,0.0,0.0,0.006666666666666667,0.0,-403.76,0.0,4.0,True,,20.0,0.0,0.0,
1630,1i,150.0,3,0.0,3,1.0,False,1,0.0,1.0,1.0,scenario_north_heavy,val,development,0.05,0.0,0.0,0.006666666666666667,0.0,-276.65,0.0,9.0,True,,20.0,0.0,0.0,
1635,1i,150.0,3,0.0,3,1.0,False,1,0.0,1.0,1.0,scenario_north_heavy,val,development,0.05,0.0,-11.7843,0.006666666666666667,0.0,-153.89,0.0,14.0,True,,20.0,0.0,0.0,
1640,1i,150.0,3,0.0,3,1.0,False,2,13.3308,1.0,430.45,scenario_north_heavy,val,development,0.05,1.0,-15.0932,0.006666666666666667,1.0,380.49,0.0,19.0,True,,20.0,0.0,0.03333333333333333,
1645,1i,150.0,3,0.0,3,1.0,False,2,13.7284,1.0,295.89,scenario_north_heavy,val,development,0.05,1.0,-7.3815,0.006666666666666667,1.0,293.61,0.0,24.0,True,,20.0,0.0,0.03333333333333333,
1650,1i,150.0,4,5.5926,3,1.0,False,2,13.1418,1.0,161.63,scenario_north_heavy,val,development,0.05,0.0,4.0179,0.006666666666666667,1.0,160.63,1.0,4.0,False,5,26.666666666666668,536.8896,0.0,
1655,1i,150.0,6,7.4447,3,1.0,False,2,8.0064,1.0,53.72,scenario_north_heavy,val,development,0.05,0.0,7.4447,0.006666666666666667,1.0,52.72,2.0,2.0,True,,40.0,1072.0368,0.0,
1660,1i,150.0,6,1.7268,3,1.0,False,2,1.0064,1.0,15.65,scenario_north_heavy,val,development,0.05,0.0,1.7268,0.006666666666666667,1.0,14.65,3.0,1.0,False,5,40.0,248.6592,0.0,
1665,1i,150.0,6,0.0105,6,15.04,False,2,0.0003,1.0,15.04,scenario_north_heavy,val,development,0.05,14.04,0.0105,0.10026666666666666,1.0,14.04,3.0,6.0,False,10,40.0,1.512,0.46799999999999997,
1670,1i,150.0,2,0.0,2,15.04,False,1,0.0,15.04,15.04,scenario_north_heavy,val,development,0.05,14.04,0.0,0.10026666666666666,-1.0,-415.40999999999997,4.0,4.0,False,15,13.333333333333334,0.0,0.46799999999999997,
1675,1i,150.0,2,0.0,2,15.04,False,1,0.0,15.04,15.04,scenario_north_heavy,val,development,0.05,14.04,0.0,0.10026666666666666,-1.0,-280.84999999999997,4.0,9.0,False,20,13.333333333333334,0.0,0.46799999999999997,
1680,1i,150.0,2,0.0,2,15.04,False,1,0.0,15.04,15.04,scenario_north_heavy,val,development,0.05,14.04,-5.5926,0.10026666666666666,-1.0,-146.59,4.0,14.0,False,25,13.333333333333334,0.0,0.46799999999999997,
1685,1i,150.0,2,0.0,2,15.04,False,1,0.0,15.04,15.04,scenario_north_heavy,val,development,0.05,14.04,-7.4447,0.10026666666666666,-1.0,-38.68,4.0,19.0,False,30,13.333333333333334,0.0,0.46799999999999997,
1690,1i,150.0,2,0.0,2,15.04,False,1,0.0,15.04,15.04,scenario_north_heavy,val,development,0.05,14.04,-1.7268,0.10026666666666666,-1.0,-0.6100000000000012,4.0,24.0,False,35,13.333333333333334,0.0,0.46799999999999997,
1695,1i,150.0,3,5.2266,2,15.04,False,1,0.0,15.04,15.04,scenario_north_heavy,val,development,0.05,0.0,5.2161,0.10026666666666666,-1.0,0.0,5.0,4.0,False,40,20.0,376.3152,0.0,
1700,1i,150.0,4,10.6386,0,0.0,False,1,1.6724,12.78,12.78,scenario_north_heavy,val,development,0.05,-15.04,10.6386,0.0,0.0,-2.26,6.0,2.0,False,45,26.666666666666668,1021.3056,-0.5013333333333333,
1705,1i,150.0,4,3.3018,1,1.0,False,1,0.2486,1.2,1.2,scenario_north_heavy,val,development,0.05,-14.04,3.3018,0.006666666666666667,0.0,-13.84,7.0,1.0,False,50,26.666666666666668,316.9728,-0.46799999999999997,
1710,1i,150.0,4,0.0473,4,5.11,False,1,0.0002,1.0,1.0,scenario_north_heavy,val,development,0.05,-9.93,0.0473,0.03406666666666667,0.0,-14.04,7.0,6.0,False,55,26.666666666666668,4.540800000000001,-0.331,
1715,1i,150.0,4,0.0,4,5.0,False,1,0.0,1.0,1.0,scenario_north_heavy,val,development,0.05,-10.04,0.0,0.03333333333333333,0.0,-14.04,0.0,4.0,True,,26.666666666666668,0.0,-0.3346666666666666,
1720,1i,150.0,4,0.0,4,5.0,False,1,0.0,1.0,1.0,scenario_north_heavy,val,development,0.05,-10.04,0.0,0.03333333333333333,0.0,-14.04,0.0,9.0,True,,26.666666666666668,0.0,-0.3346666666666666,
1725,1i,150.0,4,0.0,4,5.0,False,1,0.0,1.0,1.0,scenario_north_heavy,val,development,0.05,-10.04,-5.2266,0.03333333333333333,0.0,-14.04,0.0,14.0,True,,26.666666666666668,0.0,-0.3346666666666666,
1730,1i,150.0,4,0.0,4,5.0,False,1,0.0,1.0,1.0,scenario_north_heavy,val,development,0.05,5.0,-10.6386,0.03333333333333333,0.0,-11.78,0.0,19.0,True,,26.666666666666668,0.0,0.16666666666666666,
1735,1i,150.0,4,0.0,4,5.0,False,1,0.0,1.0,1.0,scenario_north_heavy,val,development,0.05,4.0,-3.3018,0.03333333333333333,0.0,-0.19999999999999996,0.0,24.0,True,,26.666666666666668,0.0,0.13333333333333333,
1740,1i,150.0,5,3.4503,4,5.0,False,1,0.0,1.0,1.0,scenario_north_heavy,val,development,0.05,-0.11000000000000032,3.403,0.03333333333333333,0.0,0.0,1.0,4.0,False,5,33.333333333333336,414.036,-0.0036666666666666774,
1745,1i,150.0,6,4.094,4,5.0,False,1,0.0,1.0,1.0,scenario_north_heavy,val,development,0.05,0.0,4.094,0.03333333333333333,0.0,0.0,2.0,2.0,True,,40.0,589.5360000000001,0.0,
1750,1i,150.0,7,2.6027,5,5.0,False,1,0.0,1.0,1.0,scenario_north_heavy,val,development,0.05,0.0,2.6027,0.03333333333333333,0.0,0.0,3.0,1.0,False,5,46.66666666666667,437.25360000000006,0.0,
1755,1i,150.0,7,1.2397,6,12.0,False,1,0.0,1.0,1.0,scenario_north_heavy,val,development,0.05,7.0,1.2397,0.08,0.0,0.0,3.0,6.0,False,10,46.66666666666667,208.26960000000005,0.23333333333333334,
1760,1i,150.0,4,1.9858,3,12.0,False,1,0.0,1.0,1.0,scenario_north_heavy,val,development,0.05,7.0,1.9858,0.08,0.0,0.0,4.0,4.0,False,15,26.666666666666668,190.63680000000002,0.23333333333333334,
1765,1i,150.0,3,0.0,3,12.0,False,1,0.0,1.0,1.0,scenario_north_heavy,val,development,0.05,7.0,0.0,0.08,0.0,0.0,4.0,9.0,False,20,20.0,0.0,0.23333333333333334,
1770,1i,150.0,3,0.0,3,12.0,False,2,13.8804,1.0,374.51,scenario_north_heavy,val,development,0.05,7.0,-3.4503,0.08,1.0,373.51,4.0,14.0,False,25,20.0,0.0,0.23333333333333334,
1775,1i,150.0,3,0.0,3,12.0,False,2,13.8825,1.0,238.56,scenario_north_heavy,val,development,0.05,7.0,-4.094,0.08,1.0,237.56,4.0,19.0,False,30,20.0,0.0,0.23333333333333334,
1780,1i,150.0,4,5.9764,3,12.0,False,2,11.9527,1.0,106.45,scenario_north_heavy,val,development,0.05,7.0,3.3737,0.08,1.0,105.45,4.0,24.0,False,35,26.666666666666668,573.7344,0.23333333333333334,
1785,1i,150.0,4,3.1825,3,12.0,False,2,6.3651,1.0,23.27,scenario_north_heavy,val,development,0.05,0.0,1.9428,0.08,1.0,22.27,5.0,4.0,False,40,26.666666666666668,305.52000000000004,0.0,
1790,1i,150.0,3,7.1993,0,0.0,False,1,0.0,1.0,1.0,scenario_north_heavy,val,development,0.05,-12.0,5.2135,0.0,0.0,0.0,6.0,2.0,False,45,20.0,518.3496,-0.4,
1795,1i,150.0,3,8.6548,1,1.0,False,1,0.0,1.0,1.0,scenario_north_heavy,val,development,0.05,-11.0,8.6548,0.006666666666666667,0.0,0.0,7.0,1.0,False,50,20.0,623.1456000000001,-0.36666666666666664,
1800,1i,150.0,3,2.9697,2,1.0,False,1,0.0,1.0,1.0,scenario_north_heavy,val,development,0.05,-11.0,2.9697,0.006666666666666667,-1.0,-373.51,7.0,6.0,False,55,20.0,213.8184,-0.36666666666666664,
1805,1i,150.0,3,0.0,3,1.0,False,1,0.0,1.0,1.0,scenario_north_heavy,val,development,0.05,-11.0,0.0,0.006666666666666667,-1.0,-237.56,0.0,4.0,True,,20.0,0.0,-0.36666666666666664,
1810,1i,150.0,3,0.0,3,1.0,False,1,0.0,1.0,1.0,scenario_north_heavy,val,development,0.05,-11.0,-5.9764,0.006666666666666667,-1.0,-105.45,0.0,9.0,True,,20.0,0.0,-0.36666666666666664,
1815,1i,150.0,3,0.0,3,1.0,False,1,0.0,1.0,1.0,scenario_north_heavy,val,development,0.05,-11.0,-3.1825,0.006666666666666667,-1.0,-22.27,0.0,14.0,True,,20.0,0.0,-0.36666666666666664,
1820,1i,150.0,3,0.0,3,1.0,False,1,0.0,1.0,1.0,scenario_north_heavy,val,development,0.05,1.0,-7.1993,0.006666666666666667,0.0,0.0,0.0,19.0,True,,20.0,0.0,0.03333333333333333,
1825,1i,150.0,4,5.8555,3,1.0,False,1,0.0,1.0,1.0,scenario_north_heavy,val,development,0.05,0.0,-2.7992999999999997,0.006666666666666667,0.0,0.0,0.0,24.0,True,,26.666666666666668,562.128,0.0,
1830,1i,150.0,4,3.1231,3,1.0,False,1,0.0,1.0,1.0,scenario_north_heavy,val,development,0.05,0.0,0.15339999999999998,0.006666666666666667,0.0,0.0,1.0,4.0,False,5,26.666666666666668,299.8176,0.0,
1835,1i,150.0,6,7.9213,3,1.0,False,1,0.0,1.0,1.0,scenario_north_heavy,val,development,0.05,0.0,7.9213,0.006666666666666667,0.0,0.0,2.0,2.0,True,,40.0,1140.6671999999999,0.0,
1840,1i,150.0,6,3.3948,4,5.0,False,1,0.0,1.0,1.0,scenario_north_heavy,val,development,0.05,4.0,3.3948,0.03333333333333333,0.0,0.0,3.0,1.0,False,5,40.0,488.8512,0.13333333333333333,
1845,1i,150.0,6,0.0812,5,5.02,False,1,0.0,1.0,1.0,scenario_north_heavy,val,development,0.05,4.02,0.0812,0.033466666666666665,0.0,0.0,3.0,6.0,False,10,40.0,11.692799999999998,0.13399999999999998,
1850,1i,150.0,2,0.0001,2,13.71,False,0,,,,scenario_north_heavy,val,development,0.05,12.71,0.0001,0.09140000000000001,-1.0,,4.0,4.0,False,15,13.333333333333334,0.0048000000000000004,0.4236666666666667,
1855,1i,150.0,2,0.0,2,13.71,False,0,,,,scenario_north_heavy,val,development,0.05,12.71,-5.8555,0.09140000000000001,-1.0,,4.0,9.0,False,20,13.333333333333334,0.0,0.4236666666666667,
1860,1i,150.0,2,0.0,2,13.71,False,0,,,,scenario_north_heavy,val,development,0.05,12.71,-3.1231,0.09140000000000001,-1.0,,4.0,14.0,False,25,13.333333333333334,0.0,0.4236666666666667,
1865,1i,150.0,2,0.0,2,13.71,False,0,,,,scenario_north_heavy,val,development,0.05,12.71,-7.9213,0.09140000000000001,-1.0,,4.0,19.0,False,30,13.333333333333334,0.0,0.4236666666666667,
1870,1i,150.0,3,7.5967,2,13.71,False,0,,,,scenario_north_heavy,val,development,0.05,8.71,4.2019,0.09140000000000001,-1.0,,4.0,24.0,False,35,20.0,546.9624,0.2903333333333334,
1875,1i,150.0,3,3.8536,2,13.71,False,0,,,,scenario_north_heavy,val,development,0.05,8.690000000000001,3.7724,0.09140000000000001,-1.0,,5.0,4.0,False,40,20.0,277.4592,0.2896666666666667,
1880,1i,150.0,3,8.1857,0,0.0,False,0,,,,scenario_north_heavy,val,development,0.05,-13.71,8.1856,0.0,0.0,,6.0,2.0,False,45,20.0,589.3704,-0.457,
1885,1i,150.0,3,8.9793,1,1.0,False,0,,,,scenario_north_heavy,val,development,0.05,-12.71,8.9793,0.006666666666666667,0.0,,7.0,1.0,False,50,20.0,646.5096,-0.4236666666666667,
1890,1i,150.0,3,4.152,2,1.0,False,0,,,,scenario_north_heavy,val,development,0.05,-12.71,4.152,0.006666666666666667,0.0,,7.0,6.0,False,55,20.0,298.944,-0.4236666666666667,
1895,1i,150.0,3,0.0,3,1.0,False,0,,,,scenario_north_heavy,val,development,0.05,-12.71,0.0,0.006666666666666667,0.0,,0.0,4.0,True,,20.0,0.0,-0.4236666666666667,
1900,1i,150.0,3,0.0,3,1.0,False,0,,,,scenario_north_heavy,val,development,0.05,-12.71,-7.5967,0.006666666666666667,0.0,,0.0,9.0,True,,20.0,0.0,-0.4236666666666667,
1905,1i,150.0,3,0.0,3,1.0,False,0,,,,scenario_north_heavy,val,development,0.05,-12.71,-3.8536,0.006666666666666667,0.0,,0.0,14.0,True,,20.0,0.0,-0.4236666666666667,
1910,1i,150.0,3,0.0,3,1.0,False,0,,,,scenario_north_heavy,val,development,0.05,1.0,-8.1857,0.006666666666666667,0.0,,0.0,19.0,True,,20.0,0.0,0.03333333333333333,
1915,1i,150.0,4,4.7443,3,1.0,False,0,,,,scenario_north_heavy,val,development,0.05,0.0,-4.235,0.006666666666666667,0.0,,0.0,24.0,True,,26.666666666666668,455.4528,0.0,
1920,1i,150.0,4,1.6842,3,1.0,False,0,,,,scenario_north_heavy,val,development,0.05,0.0,-2.4678000000000004,0.006666666666666667,0.0,,1.0,4.0,False,5,26.666666666666668,161.6832,0.0,
1925,1i,150.0,6,8.1806,4,8.06,False,0,,,,scenario_north_heavy,val,development,0.05,7.0600000000000005,8.1806,0.053733333333333334,0.0,,2.0,2.0,True,,40.0,1178.0064,0.23533333333333334,
1930,1i,150.0,6,3.6965,4,8.0,False,0,,,,scenario_north_heavy,val,development,0.05,7.0,3.6965,0.05333333333333334,0.0,,3.0,1.0,False,5,40.0,532.2959999999999,0.23333333333333334,
1935,1i,150.0,6,0.0149,6,15.08,False,0,,,,scenario_north_heavy,val,development,0.05,14.08,0.0149,0.10053333333333334,0.0,,3.0,6.0,False,10,40.0,2.1456,0.4693333333333333,
1940,1i,150.0,2,0.0,2,15.04,False,0,,,,scenario_north_heavy,val,development,0.05,14.04,0.0,0.10026666666666666,0.0,,4.0,4.0,False,15,13.333333333333334,0.0,0.46799999999999997,
1945,1i,150.0,2,0.0,2,15.04,False,0,,,,scenario_north_heavy,val,development,0.05,14.04,-4.7443,0.10026666666666666,0.0,,4.0,9.0,False,20,13.333333333333334,0.0,0.46799999999999997,
1950,1i,150.0,2,0.0,2,15.04,False,0,,,,scenario_north_heavy,val,development,0.05,14.04,-1.6842,0.10026666666666666,0.0,,4.0,14.0,False,25,13.333333333333334,0.0,0.46799999999999997,
1955,1i,150.0,2,0.0,2,15.04,False,0,,,,scenario_north_heavy,val,development,0.05,6.979999999999999,-8.1806,0.10026666666666666,0.0,,4.0,19.0,False,30,13.333333333333334,0.0,0.23266666666666663,
1960,1i,150.0,2,0.0,2,15.04,False,0,,,,scenario_north_heavy,val,development,0.05,7.039999999999999,-3.6965,0.10026666666666666,0.0,,4.0,24.0,False,35,13.333333333333334,0.0,0.23466666666666663,
1965,1i,150.0,3,5.6307,2,15.04,False,0,,,,scenario_north_heavy,val,development,0.05,-0.040000000000000924,5.6158,0.10026666666666666,0.0,,5.0,4.0,False,40,20.0,405.41040000000004,-0.001333333333333364,
1970,1i,150.0,2,4.6903,0,0.0,False,0,,,,scenario_north_heavy,val,development,0.05,-15.04,4.6903,0.0,0.0,,6.0,2.0,False,45,13.333333333333334,225.1344,-0.5013333333333333,
1975,1i,150.0,4,8.9753,1,1.0,False,0,,,,scenario_north_heavy,val,development,0.05,-14.04,8.9753,0.006666666666666667,0.0,,7.0,1.0,False,50,26.666666666666668,861.6288000000002,-0.46799999999999997,
1980,1i,150.0,4,6.8058,2,1.0,False,0,,,,scenario_north_heavy,val,development,0.05,-14.04,6.8058,0.006666666666666667,0.0,,7.0,6.0,False,55,26.666666666666668,653.3568,-0.46799999999999997,
1985,1i,150.0,4,1.304,2,1.0,False,0,,,,scenario_north_heavy,val,development,0.05,-14.04,1.304,0.006666666666666667,0.0,,0.0,4.0,True,,26.666666666666668,125.184,-0.46799999999999997,
1990,1i,150.0,4,0.0009,4,5.0,False,0,,,,scenario_north_heavy,val,development,0.05,-10.04,0.0009,0.03333333333333333,0.0,,0.0,9.0,True,,26.666666666666668,0.0864,-0.3346666666666666,
1995,1i,150.0,4,0.0,4,5.0,False,0,,,,scenario_north_heavy,val,development,0.05,-10.04,-5.6307,0.03333333333333333,0.0,,0.0,14.0,True,,26.666666666666668,0.0,-0.3346666666666666,
2000,1i,150.0,5,5.3713,4,5.0,False,0,,,,scenario_north_heavy,val,development,0.05,5.0,0.681,0.03333333333333333,0.0,,0.0,19.0,True,,33.333333333333336,644.556,0.16666666666666666,
2005,1i,150.0,5,2.5729,4,5.0,False,0,,,,scenario_north_heavy,val,development,0.05,4.0,-6.4024,0.03333333333333333,0.0,,0.0,24.0,True,,33.333333333333336,308.74800000000005,0.13333333333333333,
2010,1i,150.0,5,0.4187,4,5.0,False,0,,,,scenario_north_heavy,val,development,0.05,4.0,-6.387099999999999,0.03333333333333333,0.0,,1.0,4.0,False,5,33.333333333333336,50.24400000000001,0.13333333333333333,
2015,1i,150.0,6,4.2219,5,15.04,False,0,,,,scenario_north_heavy,val,development,0.05,14.04,2.9178999999999995,0.10026666666666666,0.0,,2.0,2.0,True,,40.0,607.9535999999999,0.46799999999999997,
2020,1i,150.0,7,4.471,5,15.04,False,0,,,,scenario_north_heavy,val,development,0.05,10.04,4.4701,0.10026666666666666,0.0,,3.0,1.0,False,5,46.66666666666667,751.1280000000002,0.3346666666666666,
2025,1i,150.0,7,1.9547,5,15.04,False,0,,,,scenario_north_heavy,val,development,0.05,10.04,1.9547,0.10026666666666666,0.0,,3.0,6.0,False,10,46.66666666666667,328.38960000000003,0.3346666666666666,
2030,1i,150.0,5,1.8099,3,17.71,False,0,,,,scenario_north_heavy,val,development,0.05,12.71,-3.5614,0.11806666666666667,0.0,,4.0,4.0,False,15,33.333333333333336,217.18800000000002,0.4236666666666667,
2035,1i,150.0,3,0.0,3,17.71,False,0,,,,scenario_north_heavy,val,development,0.05,12.71,-2.5729,0.11806666666666667,0.0,,4.0,9.0,False,20,20.0,0.0,0.4236666666666667,
2040,1i,150.0,3,0.0,3,17.71,False,0,,,,scenario_north_heavy,val,development,0.05,12.71,-0.4187,0.11806666666666667,0.0,,4.0,14.0,False,25,20.0,0.0,0.4236666666666667,
2045,1i,150.0,4,5.8662,3,17.71,False,0,,,,scenario_north_heavy,val,development,0.05,2.6700000000000017,1.6443000000000003,0.11806666666666667,0.0,,4.0,19.0,False,30,26.666666666666668,563.1552,0.08900000000000005,
2050,1i,150.0,4,3.5048,3,17.71,False,0,,,,scenario_north_heavy,val,development,0.05,2.6700000000000017,-0.9662000000000002,0.11806666666666667,0.0,,4.0,24.0,False,35,26.666666666666668,336.4608,0.08900000000000005,
2055,1i,150.0,3,0.0,3,17.71,False,0,,,,scenario_north_heavy,val,development,0.05,2.6700000000000017,-1.9547,0.11806666666666667,0.0,,5.0,4.0,False,40,20.0,0.0,0.08900000000000005,
2060,1i,150.0,3,10.4344,1,16.74,False,0,,,,scenario_north_heavy,val,development,0.05,-0.9700000000000024,8.6245,0.11159999999999999,0.0,,6.0,2.0,False,45,20.0,751.2768,-0.032333333333333415,
2065,1i,150.0,3,10.1996,0,0.0,False,0,,,,scenario_north_heavy,val,development,0.05,-17.71,10.1996,0.0,0.0,,7.0,1.0,False,50,20.0,734.3712,-0.5903333333333334,
2070,1i,150.0,3,3.8284,1,1.0,False,0,,,,scenario_north_heavy,val,development,0.05,-16.71,3.8284,0.006666666666666667,0.0,,7.0,6.0,False,55,20.0,275.6448,-0.557,
2075,1i,150.0,3,2.3576,2,1.0,False,0,,,,scenario_north_heavy,val,development,0.05,-16.71,-3.5086,0.006666666666666667,0.0,,0.0,4.0,True,,20.0,169.74720000000002,-0.557,
2080,1i,150.0,3,0.8576,2,1.0,False,0,,,,scenario_north_heavy,val,development,0.05,-16.71,-2.6471999999999998,0.006666666666666667,0.0,,0.0,9.0,True,,20.0,61.74720000000001,-0.557,
2085,1i,150.0,3,0.0015,3,5.0,False,0,,,,scenario_north_heavy,val,development,0.05,-12.71,0.0015,0.03333333333333333,0.0,,0.0,14.0,True,,20.0,0.10800000000000001,-0.4236666666666667,
2090,1i,150.0,4,5.2649,3,5.0,False,0,,,,scenario_north_heavy,val,development,0.05,-11.739999999999998,-5.1695,0.03333333333333333,0.0,,0.0,19.0,True,,26.666666666666668,505.4304,-0.39133333333333326,
2095,1i,150.0,4,2.4177,3,5.0,False,0,,,,scenario_north_heavy,val,development,0.05,5.0,-7.7819,0.03333333333333333,0.0,,0.0,24.0,True,,26.666666666666668,232.09920000000002,0.16666666666666666,
2100,1i,150.0,4,0.0031,3,5.0,False,0,,,,scenario_north_heavy,val,development,0.05,4.0,-3.8253,0.03333333333333333,0.0,,1.0,4.0,False,5,26.666666666666668,0.29760000000000003,0.13333333333333333,
2105,1i,150.0,4,0.0,4,5.0,False,0,,,,scenario_north_heavy,val,development,0.05,4.0,-2.3576,0.03333333333333333,0.0,,2.0,2.0,True,,26.666666666666668,0.0,0.13333333333333333,
2110,1i,150.0,6,5.7329,4,5.0,False,0,,,,scenario_north_heavy,val,development,0.05,4.0,4.8753,0.03333333333333333,0.0,,3.0,1.0,False,5,40.0,825.5376,0.13333333333333333,
2115,1i,150.0,6,1.1155,4,5.0,False,0,,,,scenario_north_heavy,val,development,0.05,0.0,1.1139999999999999,0.03333333333333333,0.0,,3.0,6.0,False,10,40.0,160.63199999999998,0.0,
2120,1i,150.0,3,0.0001,3,19.04,False,0,,,,scenario_north_heavy,val,development,0.05,14.04,-5.2648,0.12693333333333331,0.0,,4.0,4.0,False,15,20.0,0.007200000000000001,0.46799999999999997,
2125,1i,150.0,3,0.0,3,19.04,False,0,,,,scenario_north_heavy,val,development,0.05,14.04,-2.4177,0.12693333333333331,0.0,,4.0,9.0,False,20,20.0,0.0,0.46799999999999997,
2130,1i,150.0,3,0.0,3,19.04,False,0,,,,scenario_north_heavy,val,development,0.05,14.04,-0.0031,0.12693333333333331,0.0,,4.0,14.0,False,25,20.0,0.0,0.46799999999999997,
2135,1i,150.0,4,4.4002,3,19.04,False,0,,,,scenario_north_heavy,val,development,0.05,14.04,4.4002,0.12693333333333331,0.0,,4.0,19.0,False,30,26.666666666666668,422.4192,0.46799999999999997,
2140,1i,150.0,3,0.0,3,19.04,False,0,,,,scenario_north_heavy,val,development,0.05,14.04,-5.7329,0.12693333333333331,0.0,,4.0,24.0,False,35,20.0,0.0,0.46799999999999997,
2145,1i,150.0,3,0.0,3,19.04,False,0,,,,scenario_north_heavy,val,development,0.05,14.04,-1.1155,0.12693333333333331,0.0,,5.0,4.0,False,40,20.0,0.0,0.46799999999999997,
2150,1i,150.0,2,1.3766,1,18.27,False,0,,,,scenario_north_heavy,val,development,0.05,-0.7699999999999996,1.3765,0.12179999999999999,0.0,,6.0,2.0,False,45,13.333333333333334,66.0768,-0.025666666666666654,
2155,1i,150.0,3,13.0814,0,0.0,False,0,,,,scenario_north_heavy,val,development,0.05,-19.04,13.0814,0.0,0.0,,7.0,1.0,False,50,20.0,941.8608,-0.6346666666666666,
2160,1i,150.0,3,2.2237,1,1.0,False,0,,,,scenario_north_heavy,val,development,0.05,-18.04,2.2237,0.006666666666666667,0.0,,7.0,6.0,False,55,20.0,160.1064,-0.6013333333333333,
2165,1i,150.0,3,0.0,3,8.0,False,0,,,,scenario_north_heavy,val,development,0.05,-11.04,-4.4002,0.05333333333333334,0.0,,0.0,4.0,True,,20.0,0.0,-0.368,
2170,1i,150.0,3,0.0,3,8.0,False,0,,,,scenario_north_heavy,val,development,0.05,-11.04,0.0,0.05333333333333334,0.0,,0.0,9.0,True,,20.0,0.0,-0.368,
2175,1i,150.0,3,0.0,3,8.0,False,0,,,,scenario_north_heavy,val,development,0.05,-11.04,0.0,0.05333333333333334,0.0,,0.0,14.0,True,,20.0,0.0,-0.368,
2180,1i,150.0,3,0.0,3,8.0,False,0,,,,scenario_north_heavy,val,development,0.05,-10.27,-1.3766,0.05333333333333334,0.0,,0.0,19.0,True,,20.0,0.0,-0.3423333333333333,
2185,1i,150.0,4,4.3747,3,8.0,False,0,,,,scenario_north_heavy,val,development,0.05,8.0,-8.706700000000001,0.05333333333333334,0.0,,0.0,24.0,True,,26.666666666666668,419.9712,0.26666666666666666,
2190,1i,150.0,4,1.7103,3,8.0,False,0,,,,scenario_north_heavy,val,development,0.05,7.0,-0.5134000000000001,0.05333333333333334,0.0,,1.0,4.0,False,5,26.666666666666668,164.1888,0.23333333333333334,
2195,1i,150.0,4,0.0,4,8.0,False,0,,,,scenario_north_heavy,val,development,0.05,0.0,0.0,0.05333333333333334,0.0,,2.0,2.0,True,,26.666666666666668,0.0,0.0,
2200,1i,150.0,6,6.0176,4,8.0,False,0,,,,scenario_north_heavy,val,development,0.05,0.0,6.0176,0.05333333333333334,0.0,,3.0,1.0,False,5,40.0,866.5344,0.0,
2205,1i,150.0,6,1.7443,4,8.0,False,0,,,,scenario_north_heavy,val,development,0.05,0.0,1.7443,0.05333333333333334,0.0,,3.0,6.0,False,10,40.0,251.1792,0.0,
2210,1i,150.0,3,0.0057,3,12.01,False,0,,,,scenario_north_heavy,val,development,0.05,4.01,0.0057,0.08006666666666666,0.0,,4.0,4.0,False,15,20.0,0.4104,0.13366666666666666,
2215,1i,150.0,3,0.0,3,12.0,False,0,,,,scenario_north_heavy,val,development,0.05,4.0,-4.3747,0.08,0.0,,4.0,9.0,False,20,20.0,0.0,0.13333333333333333,
2220,1i,150.0,3,0.0,3,12.0,False,0,,,,scenario_north_heavy,val,development,0.05,4.0,-1.7103,0.08,0.0,,4.0,14.0,False,25,20.0,0.0,0.13333333333333333,
2225,1i,150.0,4,4.189,3,12.0,False,0,,,,scenario_north_heavy,val,development,0.05,4.0,4.189,0.08,0.0,,4.0,19.0,False,30,26.666666666666668,402.14400000000006,0.13333333333333333,
2230,1i,150.0,3,0.0,3,12.0,False,0,,,,scenario_north_heavy,val,development,0.05,4.0,-6.0176,0.08,0.0,,4.0,24.0,False,35,20.0,0.0,0.13333333333333333,
2235,1i,150.0,3,0.0,3,12.0,False,0,,,,scenario_north_heavy,val,development,0.05,4.0,-1.7443,0.08,0.0,,5.0,4.0,False,40,20.0,0.0,0.13333333333333333,
2240,1i,150.0,2,2.6991,0,0.0,False,0,,,,scenario_north_heavy,val,development,0.05,-12.01,2.6934,0.0,0.0,,6.0,2.0,False,45,13.333333333333334,129.5568,-0.4003333333333333,
2245,1i,150.0,2,21.8752,0,0.0,False,0,,,,scenario_north_heavy,val,development,0.05,-12.0,21.8752,0.0,0.0,,7.0,1.0,False,50,13.333333333333334,1050.0096,-0.4,
2250,1i,150.0,2,8.5547,0,0.0,False,0,,,,scenario_north_heavy,val,development,0.05,-12.0,8.5547,0.0,0.0,,7.0,6.0,False,55,13.333333333333334,410.6256000000001,-0.4,
2255,1i,150.0,2,0.0,2,1.0,False,0,,,,scenario_north_heavy,val,development,0.05,-11.0,-4.189,0.006666666666666667,0.0,,0.0,4.0,True,,13.333333333333334,0.0,-0.36666666666666664,
2260,1i,150.0,2,0.0,2,1.0,False,0,,,,scenario_north_heavy,val,development,0.05,-11.0,0.0,0.006666666666666667,0.0,,0.0,9.0,True,,13.333333333333334,0.0,-0.36666666666666664,
2265,1i,150.0,3,9.1915,2,1.0,False,0,,,,scenario_north_heavy,val,development,0.05,-11.0,9.1915,0.006666666666666667,0.0,,0.0,14.0,True,,20.0,661.788,-0.36666666666666664,
2270,1i,150.0,3,4.6567,2,1.0,False,0,,,,scenario_north_heavy,val,development,0.05,1.0,1.9575999999999998,0.006666666666666667,0.0,,0.0,19.0,True,,20.0,335.28239999999994,0.03333333333333333,
2275,1i,150.0,3,0.4315,2,1.0,False,0,,,,scenario_north_heavy,val,development,0.05,1.0,-21.4437,0.006666666666666667,0.0,,0.0,24.0,True,,20.0,31.068,0.03333333333333333,
2280,1i,150.0,3,0.0001,3,1.0,False,0,,,,scenario_north_heavy,val,development,0.05,1.0,-8.5546,0.006666666666666667,0.0,,1.0,4.0,False,5,20.0,0.007200000000000001,0.03333333333333333,
2285,1i,150.0,3,0.0,3,1.0,False,0,,,,scenario_north_heavy,val,development,0.05,0.0,0.0,0.006666666666666667,0.0,,2.0,2.0,True,,20.0,0.0,0.0,
2290,1i,150.0,5,8.5638,3,1.0,False,0,,,,scenario_north_heavy,val,development,0.05,0.0,8.5638,0.006666666666666667,0.0,,3.0,1.0,False,5,33.333333333333336,1027.6560000000002,0.0,
2295,1i,150.0,5,3.153,3,1.0,False,0,,,,scenario_north_heavy,val,development,0.05,0.0,-6.038499999999999,0.006666666666666667,0.0,,3.0,6.0,False,10,33.333333333333336,378.36,0.0,
2300,1i,150.0,2,0.1609,2,5.05,False,0,,,,scenario_north_heavy,val,development,0.05,4.05,-4.4958,0.033666666666666664,0.0,,4.0,4.0,False,15,13.333333333333334,7.7232,0.13499999999999998,
2305,1i,150.0,2,0.0001,2,5.0,False,0,,,,scenario_north_heavy,val,development,0.05,4.0,-0.4314,0.03333333333333333,0.0,,4.0,9.0,False,20,13.333333333333334,0.0048000000000000004,0.13333333333333333,
2310,1i,150.0,3,8.0179,2,5.0,False,0,,,,scenario_north_heavy,val,development,0.05,4.0,8.0178,0.03333333333333333,0.0,,4.0,14.0,False,25,20.0,577.2887999999999,0.13333333333333333,
2315,1i,150.0,3,4.862,2,5.0,False,0,,,,scenario_north_heavy,val,development,0.05,4.0,4.862,0.03333333333333333,0.0,,4.0,19.0,False,30,20.0,350.06399999999996,0.13333333333333333,
2320,1i,150.0,2,0.0,2,5.0,False,0,,,,scenario_north_heavy,val,development,0.05,4.0,-8.5638,0.03333333333333333,0.0,,4.0,24.0,False,35,13.333333333333334,0.0,0.13333333333333333,
2325,1i,150.0,2,0.0,2,5.0,False,0,,,,scenario_north_heavy,val,development,0.05,4.0,-3.153,0.03333333333333333,0.0,,5.0,4.0,False,40,13.333333333333334,0.0,0.13333333333333333,
2330,1i,150.0,0,0.0,0,0.0,False,0,,,,scenario_north_heavy,val,development,0.05,-5.05,-0.1609,0.0,0.0,,6.0,2.0,False,45,0.0,0.0,-0.16833333333333333,
2335,1i,150.0,2,23.0423,0,0.0,False,0,,,,scenario_north_heavy,val,development,0.05,-5.0,23.0422,0.0,0.0,,7.0,1.0,False,50,13.333333333333334,1106.0304,-0.16666666666666666,
2340,1i,150.0,2,9.0912,0,0.0,False,0,,,,scenario_north_heavy,val,development,0.05,-5.0,1.0733000000000015,0.0,0.0,,7.0,6.0,False,55,13.333333333333334,436.3776000000001,-0.16666666666666666,
2345,1i,150.0,2,0.0,2,1.0,False,0,,,,scenario_north_heavy,val,development,0.05,-4.0,-4.862,0.006666666666666667,0.0,,0.0,4.0,True,,13.333333333333334,0.0,-0.13333333333333333,
2350,1i,150.0,2,0.0,2,1.0,False,0,,,,scenario_north_heavy,val,development,0.05,-4.0,0.0,0.006666666666666667,0.0,,0.0,9.0,True,,13.333333333333334,0.0,-0.13333333333333333,
2355,1i,150.0,3,7.8638,2,1.0,False,0,,,,scenario_north_heavy,val,development,0.05,-4.0,7.8638,0.006666666666666667,0.0,,0.0,14.0,True,,20.0,566.1936000000001,-0.13333333333333333,
2360,1i,150.0,3,4.3322,2,1.0,False,0,,,,scenario_north_heavy,val,development,0.05,1.0,4.3322,0.006666666666666667,0.0,,0.0,19.0,True,,20.0,311.9184,0.03333333333333333,
2365,1i,150.0,3,0.0836,2,1.0,False,0,,,,scenario_north_heavy,val,development,0.05,1.0,-22.9587,0.006666666666666667,0.0,,0.0,24.0,True,,20.0,6.0192,0.03333333333333333,
2370,1i,150.0,3,0.0,3,1.0,False,0,,,,scenario_north_heavy,val,development,0.05,1.0,-9.0912,0.006666666666666667,0.0,,1.0,4.0,False,5,20.0,0.0,0.03333333333333333,
2375,1i,150.0,3,0.0,3,1.0,False,0,,,,scenario_north_heavy,val,development,0.05,0.0,0.0,0.006666666666666667,0.0,,2.0,2.0,True,,20.0,0.0,0.0,
2380,1i,150.0,5,9.8342,3,1.0,False,0,,,,scenario_north_heavy,val,development,0.05,0.0,9.8342,0.006666666666666667,0.0,,3.0,1.0,False,5,33.333333333333336,1180.104,0.0,
2385,1i,150.0,5,5.2733,3,1.0,False,0,,,,scenario_north_heavy,val,development,0.05,0.0,-2.5905000000000005,0.006666666666666667,0.0,,3.0,6.0,False,10,33.333333333333336,632.796,0.0,
2390,1i,150.0,2,0.3242,1,1.0,False,0,,,,scenario_north_heavy,val,development,0.05,0.0,-4.008,0.006666666666666667,0.0,,4.0,4.0,False,15,13.333333333333334,15.5616,0.0,
2395,1i,150.0,2,0.0,2,5.0,False,0,,,,scenario_north_heavy,val,development,0.05,4.0,-0.0836,0.03333333333333333,0.0,,4.0,9.0,False,20,13.333333333333334,0.0,0.13333333333333333,
2400,1i,150.0,3,7.6506,2,5.0,False,0,,,,scenario_north_heavy,val,development,0.05,4.0,7.6506,0.03333333333333333,0.0,,4.0,14.0,False,25,20.0,550.8432,0.13333333333333333,
2405,1i,150.0,3,6.1462,2,5.0,False,0,,,,scenario_north_heavy,val,development,0.05,4.0,6.1462,0.03333333333333333,0.0,,4.0,19.0,False,30,20.0,442.5264000000001,0.13333333333333333,
2410,1i,150.0,2,0.0,2,5.0,False,0,,,,scenario_north_heavy,val,development,0.05,4.0,-9.8342,0.03333333333333333,0.0,,4.0,24.0,False,35,13.333333333333334,0.0,0.13333333333333333,
2415,1i,150.0,2,0.0,2,5.0,False,0,,,,scenario_north_heavy,val,development,0.05,4.0,-5.2733,0.03333333333333333,0.0,,5.0,4.0,False,40,13.333333333333334,0.0,0.13333333333333333,
2420,1i,150.0,0,0.0,0,0.0,False,0,,,,scenario_north_heavy,val,development,0.05,-1.0,-0.3242,0.0,0.0,,6.0,2.0,False,45,0.0,0.0,-0.03333333333333333,
2425,1i,150.0,2,25.7393,0,0.0,False,0,,,,scenario_north_heavy,val,development,0.05,-5.0,25.7393,0.0,0.0,,7.0,1.0,False,50,13.333333333333334,1235.4864,-0.16666666666666666,
2430,1i,150.0,2,11.9446,0,0.0,False,0,,,,scenario_north_heavy,val,development,0.05,-5.0,4.294,0.0,0.0,,7.0,6.0,False,55,13.333333333333334,573.3408000000001,-0.16666666666666666,
2435,1i,150.0,2,0.0,2,1.0,False,0,,,,scenario_north_heavy,val,development,0.05,-4.0,-6.1462,0.006666666666666667,0.0,,0.0,4.0,True,,13.333333333333334,0.0,-0.13333333333333333,
2440,1i,150.0,2,0.0,2,1.0,False,0,,,,scenario_north_heavy,val,development,0.05,-4.0,0.0,0.006666666666666667,0.0,,0.0,9.0,True,,13.333333333333334,0.0,-0.13333333333333333,
2445,1i,150.0,3,6.9973,2,1.0,False,0,,,,scenario_north_heavy,val,development,0.05,-4.0,6.9973,0.006666666666666667,0.0,,0.0,14.0,True,,20.0,503.8056,-0.13333333333333333,
2450,1i,150.0,3,2.7092,2,1.0,False,0,,,,scenario_north_heavy,val,development,0.05,1.0,2.7092,0.006666666666666667,0.0,,0.0,19.0,True,,20.0,195.06240000000003,0.03333333333333333,
2455,1i,150.0,3,0.0,3,1.0,False,0,,,,scenario_north_heavy,val,development,0.05,1.0,-25.7393,0.006666666666666667,0.0,,0.0,24.0,True,,20.0,0.0,0.03333333333333333,
2460,1i,150.0,3,0.0,3,1.0,False,0,,,,scenario_north_heavy,val,development,0.05,1.0,-11.9446,0.006666666666666667,0.0,,1.0,4.0,False,5,20.0,0.0,0.03333333333333333,
2465,1i,150.0,3,0.0,3,1.0,False,0,,,,scenario_north_heavy,val,development,0.05,0.0,0.0,0.006666666666666667,0.0,,2.0,2.0,True,,20.0,0.0,0.0,
2470,1i,150.0,4,6.2752,3,1.0,False,0,,,,scenario_north_heavy,val,development,0.05,0.0,6.2752,0.006666666666666667,0.0,,3.0,1.0,False,5,26.666666666666668,602.4192,0.0,
2475,1i,150.0,5,5.9076,3,1.0,False,0,,,,scenario_north_heavy,val,development,0.05,0.0,-1.0896999999999997,0.006666666666666667,0.0,,3.0,6.0,False,10,33.333333333333336,708.9120000000001,0.0,
2480,1i,150.0,3,4.4841,2,5.13,False,0,,,,scenario_north_heavy,val,development,0.05,4.13,1.7748999999999997,0.0342,0.0,,4.0,4.0,False,15,20.0,322.85519999999997,0.13766666666666666,
2485,1i,150.0,2,0.0,2,5.0,False,0,,,,scenario_north_heavy,val,development,0.05,4.0,0.0,0.03333333333333333,0.0,,4.0,9.0,False,20,13.333333333333334,0.0,0.13333333333333333,
2490,1i,150.0,3,5.7437,2,5.0,False,0,,,,scenario_north_heavy,val,development,0.05,4.0,5.7437,0.03333333333333333,0.0,,4.0,14.0,False,25,20.0,413.54639999999995,0.13333333333333333,
2495,1i,150.0,3,5.353,2,5.0,False,0,,,,scenario_north_heavy,val,development,0.05,4.0,5.353,0.03333333333333333,0.0,,4.0,19.0,False,30,20.0,385.41600000000005,0.13333333333333333,
2500,1i,150.0,2,0.0,2,5.0,False,0,,,,scenario_north_heavy,val,development,0.05,4.0,-6.2752,0.03333333333333333,0.0,,4.0,24.0,False,35,13.333333333333334,0.0,0.13333333333333333,
2505,1i,150.0,2,0.0,2,5.0,False,0,,,,scenario_north_heavy,val,development,0.05,4.0,-5.9076,0.03333333333333333,0.0,,5.0,4.0,False,40,13.333333333333334,0.0,0.13333333333333333,
2510,1i,150.0,0,0.0,0,0.0,False,0,,,,scenario_north_heavy,val,development,0.05,-5.13,-4.4841,0.0,0.0,,6.0,2.0,False,45,0.0,0.0,-0.17099999999999999,
2515,1i,150.0,0,0.0,0,0.0,False,0,,,,scenario_north_heavy,val,development,0.05,-5.0,0.0,0.0,0.0,,7.0,1.0,False,50,0.0,0.0,-0.16666666666666666,
2520,1i,150.0,2,18.8724,0,0.0,False,0,,,,scenario_north_heavy,val,development,0.05,-5.0,13.128699999999998,0.0,0.0,,7.0,6.0,False,55,13.333333333333334,905.8752000000001,-0.16666666666666666,
2525,1i,150.0,2,10.7235,0,0.0,False,0,,,,scenario_north_heavy,val,development,0.05,-5.0,5.3705,0.0,0.0,,0.0,4.0,True,,13.333333333333334,514.728,-0.16666666666666666,
2530,1i,150.0,3,9.0002,1,1.0,False,0,,,,scenario_north_heavy,val,development,0.05,-4.0,9.0002,0.006666666666666667,0.0,,0.0,9.0,True,,20.0,648.0144,-0.13333333333333333,
2535,1i,150.0,3,4.1715,2,1.0,False,0,,,,scenario_north_heavy,val,development,0.05,-4.0,4.1715,0.006666666666666667,0.0,,0.0,14.0,True,,20.0,300.348,-0.13333333333333333,
2540,1i,150.0,3,0.4948,2,1.0,False,0,,,,scenario_north_heavy,val,development,0.05,1.0,0.4948,0.006666666666666667,0.0,,0.0,19.0,True,,20.0,35.625600000000006,0.03333333333333333,
2545,1i,150.0,3,0.0001,3,1.0,False,0,,,,scenario_north_heavy,val,development,0.05,1.0,0.0001,0.006666666666666667,0.0,,0.0,24.0,True,,20.0,0.007200000000000001,0.03333333333333333,
2550,1i,150.0,3,0.0,3,1.0,False,0,,,,scenario_north_heavy,val,development,0.05,1.0,-18.8724,0.006666666666666667,0.0,,1.0,4.0,False,5,20.0,0.0,0.03333333333333333,
2555,1i,150.0,3,0.0,3,1.0,False,0,,,,scenario_north_heavy,val,development,0.05,1.0,-10.7235,0.006666666666666667,0.0,,2.0,2.0,True,,20.0,0.0,0.03333333333333333,
2560,1i,150.0,4,6.8939,3,1.0,False,0,,,,scenario_north_heavy,val,development,0.05,0.0,-2.106299999999999,0.006666666666666667,0.0,,3.0,1.0,False,5,26.666666666666668,661.8144000000001,0.0,
2565,1i,150.0,5,6.4624,3,1.0,False,0,,,,scenario_north_heavy,val,development,0.05,0.0,2.2908999999999997,0.006666666666666667,0.0,,3.0,6.0,False,10,33.333333333333336,775.488,0.0,
2570,1i,150.0,2,6.2661,1,1.0,False,0,,,,scenario_north_heavy,val,development,0.05,0.0,5.7713,0.006666666666666667,0.0,,4.0,4.0,False,15,13.333333333333334,300.7728,0.0,
2575,1i,150.0,3,8.2124,1,1.0,False,0,,,,scenario_north_heavy,val,development,0.05,0.0,8.2123,0.006666666666666667,0.0,,4.0,9.0,False,20,20.0,591.2928,0.0,
2580,1i,150.0,3,6.2327,2,13.77,False,0,,,,scenario_north_heavy,val,development,0.05,12.77,6.2327,0.09179999999999999,0.0,,4.0,14.0,False,25,20.0,448.75440000000003,0.42566666666666664,
2585,1i,150.0,2,0.0001,2,13.71,False,0,,,,scenario_north_heavy,val,development,0.05,12.71,0.0001,0.09140000000000001,0.0,,4.0,19.0,False,30,13.333333333333334,0.0048000000000000004,0.4236666666666667,
2590,1i,150.0,2,0.0,2,13.71,False,0,,,,scenario_north_heavy,val,development,0.05,12.71,-6.8939,0.09140000000000001,0.0,,4.0,24.0,False,35,13.333333333333334,0.0,0.4236666666666667,
2595,1i,150.0,2,0.0,2,13.71,False,0,,,,scenario_north_heavy,val,development,0.05,12.71,-6.4624,0.09140000000000001,0.0,,5.0,4.0,False,40,13.333333333333334,0.0,0.4236666666666667,
2600,1i,150.0,1,3.8104,0,0.0,False,0,,,,scenario_north_heavy,val,development,0.05,-1.0,-2.4556999999999998,0.0,0.0,,6.0,2.0,False,45,6.666666666666667,91.4496,-0.03333333333333333,
2605,1i,150.0,0,0.0,0,0.0,False,0,,,,scenario_north_heavy,val,development,0.05,-1.0,-8.2124,0.0,0.0,,7.0,1.0,False,50,0.0,0.0,-0.03333333333333333,
2610,1i,150.0,2,19.0079,0,0.0,False,0,,,,scenario_north_heavy,val,development,0.05,-13.77,12.775199999999998,0.0,0.0,,7.0,6.0,False,55,13.333333333333334,912.3792,-0.45899999999999996,
2615,1i,150.0,2,10.4989,0,0.0,False,0,,,,scenario_north_heavy,val,development,0.05,-13.71,10.498800000000001,0.0,0.0,,0.0,4.0,True,,13.333333333333334,503.94720000000007,-0.457,
2620,1i,150.0,3,6.8569,1,1.0,False,0,,,,scenario_north_heavy,val,development,0.05,-12.71,6.8569,0.006666666666666667,0.0,,0.0,9.0,True,,20.0,493.69680000000005,-0.4236666666666667,
2625,1i,150.0,3,2.0216,2,1.0,False,0,,,,scenario_north_heavy,val,development,0.05,-12.71,2.0216,0.006666666666666667,0.0,,0.0,14.0,True,,20.0,145.55519999999999,-0.4236666666666667,
2630,1i,150.0,3,0.0027,3,1.0,False,0,,,,scenario_north_heavy,val,development,0.05,1.0,-3.8077,0.006666666666666667,0.0,,0.0,19.0,True,,20.0,0.19440000000000002,0.03333333333333333,
2635,1i,150.0,3,0.0,3,1.0,False,0,,,,scenario_north_heavy,val,development,0.05,1.0,0.0,0.006666666666666667,0.0,,0.0,24.0,True,,20.0,0.0,0.03333333333333333,
2640,1i,150.0,3,0.0,3,1.0,False,0,,,,scenario_north_heavy,val,development,0.05,1.0,-19.0079,0.006666666666666667,0.0,,1.0,4.0,False,5,20.0,0.0,0.03333333333333333,
2645,1i,150.0,3,0.0,3,1.0,False,0,,,,scenario_north_heavy,val,development,0.05,1.0,-10.4989,0.006666666666666667,0.0,,2.0,2.0,True,,20.0,0.0,0.03333333333333333,
2650,1i,150.0,3,0.0,3,1.0,False,0,,,,scenario_north_heavy,val,development,0.05,0.0,-6.8569,0.006666666666666667,0.0,,3.0,1.0,False,5,20.0,0.0,0.0,
2655,1i,150.0,5,7.9711,3,1.0,False,0,,,,scenario_north_heavy,val,development,0.05,0.0,5.9495000000000005,0.006666666666666667,0.0,,3.0,6.0,False,10,33.333333333333336,956.532,0.0,
2660,1i,150.0,3,4.8891,1,1.0,False,0,,,,scenario_north_heavy,val,development,0.05,0.0,4.8864,0.006666666666666667,0.0,,4.0,4.0,False,15,20.0,352.01520000000005,0.0,
2665,1i,150.0,3,6.2788,2,8.0,False,0,,,,scenario_north_heavy,val,development,0.05,7.0,6.2788,0.05333333333333334,0.0,,4.0,9.0,False,20,20.0,452.0736,0.23333333333333334,
2670,1i,150.0,2,0.0,2,8.0,False,0,,,,scenario_north_heavy,val,development,0.05,7.0,0.0,0.05333333333333334,0.0,,4.0,14.0,False,25,13.333333333333334,0.0,0.23333333333333334,
2675,1i,150.0,2,0.0,2,8.0,False,0,,,,scenario_north_heavy,val,development,0.05,7.0,0.0,0.05333333333333334,0.0,,4.0,19.0,False,30,13.333333333333334,0.0,0.23333333333333334,
2680,1i,150.0,2,0.0,2,8.0,False,0,,,,scenario_north_heavy,val,development,0.05,7.0,0.0,0.05333333333333334,0.0,,4.0,24.0,False,35,13.333333333333334,0.0,0.23333333333333334,
2685,1i,150.0,2,0.0,2,8.0,False,0,,,,scenario_north_heavy,val,development,0.05,7.0,-7.9711,0.05333333333333334,0.0,,5.0,4.0,False,40,13.333333333333334,0.0,0.23333333333333334,
2690,1i,150.0,1,2.7971,0,0.0,False,0,,,,scenario_north_heavy,val,development,0.05,-1.0,-2.092,0.0,0.0,,6.0,2.0,False,45,6.666666666666667,67.1304,-0.03333333333333333,
2695,1i,150.0,0,0.0,0,0.0,False,1,27.0441,429.39,429.39,scenario_north_heavy,val,development,0.05,-8.0,-6.2788,0.0,1.0,,7.0,1.0,False,50,0.0,0.0,-0.26666666666666666,
2700,1i,150.0,2,19.8914,0,0.0,False,1,26.2871,295.04,295.04,scenario_north_heavy,val,development,0.05,-8.0,19.8914,0.0,1.0,,7.0,6.0,False,55,13.333333333333334,954.7872000000001,-0.26666666666666666,
2705,1i,150.0,2,5.0359,0,0.0,False,1,26.2147,160.51,160.51,scenario_north_heavy,val,development,0.05,-8.0,5.0359,0.0,1.0,,0.0,4.0,True,,13.333333333333334,241.7232,-0.26666666666666666,
2710,1i,150.0,3,5.5859,2,1.0,False,1,16.7578,49.59,49.59,scenario_north_heavy,val,development,0.05,-7.0,5.5859,0.006666666666666667,1.0,,0.0,9.0,True,,20.0,402.1848,-0.23333333333333334,
2715,1i,150.0,3,1.2491,2,1.0,False,1,3.7472,4.7,4.7,scenario_north_heavy,val,development,0.05,-7.0,1.2491,0.006666666666666667,1.0,,0.0,14.0,True,,20.0,89.93520000000001,-0.23333333333333334,
2720,1i,150.0,3,0.0,3,1.0,False,1,0.0,1.0,1.0,scenario_north_heavy,val,development,0.05,1.0,-2.7971,0.006666666666666667,1.0,,0.0,19.0,True,,20.0,0.0,0.03333333333333333,
2725,1i,150.0,3,0.0,3,1.0,False,1,0.0,1.0,1.0,scenario_north_heavy,val,development,0.05,1.0,0.0,0.006666666666666667,0.0,-428.39,0.0,24.0,True,,20.0,0.0,0.03333333333333333,
2730,1i,150.0,3,0.0,3,1.0,False,1,0.0,1.0,1.0,scenario_north_heavy,val,development,0.05,1.0,-19.8914,0.006666666666666667,0.0,-294.04,1.0,4.0,False,5,20.0,0.0,0.03333333333333333,
2735,1i,150.0,3,0.0,3,1.0,False,1,0.0,1.0,1.0,scenario_north_heavy,val,development,0.05,1.0,-5.0359,0.006666666666666667,0.0,-159.51,2.0,2.0,True,,20.0,0.0,0.03333333333333333,
2740,1i,150.0,3,0.0,3,1.0,False,1,0.0,1.0,1.0,scenario_north_heavy,val,development,0.05,0.0,-5.5859,0.006666666666666667,0.0,-48.59,3.0,1.0,False,5,20.0,0.0,0.0,
2745,1i,150.0,5,7.6934,3,1.0,False,1,0.0,1.0,1.0,scenario_north_heavy,val,development,0.05,0.0,6.444299999999999,0.006666666666666667,0.0,-3.7,3.0,6.0,False,10,33.333333333333336,923.2080000000001,0.0,
2750,1i,150.0,4,10.8561,1,1.0,False,0,,,,scenario_north_heavy,val,development,0.05,0.0,10.8561,0.006666666666666667,-1.0,,4.0,4.0,False,15,26.666666666666668,1042.1856,0.0,
2755,1i,150.0,3,6.2374,2,8.02,False,0,,,,scenario_north_heavy,val,development,0.05,7.02,6.2374,0.05346666666666666,-1.0,,4.0,9.0,False,20,20.0,449.0928,0.23399999999999999,
2760,1i,150.0,2,0.0001,2,8.0,False,0,,,,scenario_north_heavy,val,development,0.05,7.0,0.0001,0.05333333333333334,-1.0,,4.0,14.0,False,25,13.333333333333334,0.0048000000000000004,0.23333333333333334,
2765,1i,150.0,2,0.0,2,8.0,False,0,,,,scenario_north_heavy,val,development,0.05,7.0,0.0,0.05333333333333334,-1.0,,4.0,19.0,False,30,13.333333333333334,0.0,0.23333333333333334,
2770,1i,150.0,2,0.0,2,8.0,False,0,,,,scenario_north_heavy,val,development,0.05,7.0,0.0,0.05333333333333334,-1.0,,4.0,24.0,False,35,13.333333333333334,0.0,0.23333333333333334,
2775,1i,150.0,2,0.0,2,8.0,False,0,,,,scenario_north_heavy,val,development,0.05,7.0,-7.6934,0.05333333333333334,-1.0,,5.0,4.0,False,40,13.333333333333334,0.0,0.23333333333333334,
2780,1i,150.0,1,5.1263,0,0.0,False,0,,,,scenario_north_heavy,val,development,0.05,-1.0,-5.7298,0.0,0.0,,6.0,2.0,False,45,6.666666666666667,123.0312,-0.03333333333333333,
2785,1i,150.0,0,0.0,0,0.0,False,1,24.2001,384.22,384.22,scenario_north_heavy,val,development,0.05,-8.02,-6.2374,0.0,1.0,,7.0,1.0,False,50,0.0,0.0,-0.2673333333333333,
2790,1i,150.0,2,20.8365,0,0.0,False,1,23.3656,264.7,264.7,scenario_north_heavy,val,development,0.05,-8.0,20.8364,0.0,1.0,,7.0,6.0,False,55,13.333333333333334,1000.1520000000002,-0.26666666666666666,
2795,1i,150.0,3,11.9209,0,0.0,False,1,23.7477,144.18,144.18,scenario_north_heavy,val,development,0.05,-8.0,11.9209,0.0,1.0,,0.0,4.0,True,,20.0,858.3047999999999,-0.26666666666666666,
2800,1i,150.0,3,5.2071,2,1.0,False,1,15.6212,40.91,40.91,scenario_north_heavy,val,development,0.05,-7.0,5.2071,0.006666666666666667,1.0,,0.0,9.0,True,,20.0,374.91119999999995,-0.23333333333333334,
2805,1i,150.0,3,0.8929,2,1.0,False,1,2.6787,1.24,1.24,scenario_north_heavy,val,development,0.05,-7.0,0.8929,0.006666666666666667,1.0,,0.0,14.0,True,,20.0,64.28880000000001,-0.23333333333333334,
2810,1i,150.0,3,0.0,3,1.0,False,1,0.0,1.0,1.0,scenario_north_heavy,val,development,0.05,1.0,-5.1263,0.006666666666666667,1.0,,0.0,19.0,True,,20.0,0.0,0.03333333333333333,
2815,1i,150.0,3,0.0,3,1.0,False,1,0.0,1.0,1.0,scenario_north_heavy,val,development,0.05,1.0,0.0,0.006666666666666667,0.0,-383.22,0.0,24.0,True,,20.0,0.0,0.03333333333333333,
2820,1i,150.0,3,0.0,3,1.0,False,1,0.0,1.0,1.0,scenario_north_heavy,val,development,0.05,1.0,-20.8365,0.006666666666666667,0.0,-263.7,1.0,4.0,False,5,20.0,0.0,0.03333333333333333,
2825,1i,150.0,3,0.0,3,1.0,False,1,0.0,1.0,1.0,scenario_north_heavy,val,development,0.05,1.0,-11.9209,0.006666666666666667,0.0,-143.18,2.0,2.0,True,,20.0,0.0,0.03333333333333333,
2830,1i,150.0,3,0.0,3,1.0,False,1,0.0,1.0,1.0,scenario_north_heavy,val,development,0.05,0.0,-5.2071,0.006666666666666667,0.0,-39.91,3.0,1.0,False,5,20.0,0.0,0.0,
2835,1i,150.0,4,5.469,3,1.0,False,1,0.0,1.0,1.0,scenario_north_heavy,val,development,0.05,0.0,4.5761,0.006666666666666667,0.0,-0.24,3.0,6.0,False,10,26.666666666666668,525.0240000000001,0.0,
2840,1i,150.0,4,11.3544,1,1.0,False,0,,,,scenario_north_heavy,val,development,0.05,0.0,11.3544,0.006666666666666667,-1.0,,4.0,4.0,False,15,26.666666666666668,1090.0224,0.0,
2845,1i,150.0,3,3.9859,2,5.02,False,0,,,,scenario_north_heavy,val,development,0.05,4.02,3.9859,0.033466666666666665,-1.0,,4.0,9.0,False,20,20.0,286.9848,0.13399999999999998,
2850,1i,150.0,2,0.0,2,5.0,False,0,,,,scenario_north_heavy,val,development,0.05,4.0,0.0,0.03333333333333333,-1.0,,4.0,14.0,False,25,13.333333333333334,0.0,0.13333333333333333,
2855,1i,150.0,2,0.0,2,5.0,False,0,,,,scenario_north_heavy,val,development,0.05,4.0,0.0,0.03333333333333333,-1.0,,4.0,19.0,False,30,13.333333333333334,0.0,0.13333333333333333,
2860,1i,150.0,2,0.0,2,5.0,False,0,,,,scenario_north_heavy,val,development,0.05,4.0,0.0,0.03333333333333333,-1.0,,4.0,24.0,False,35,13.333333333333334,0.0,0.13333333333333333,
2865,1i,150.0,2,0.0,2,5.0,False,0,,,,scenario_north_heavy,val,development,0.05,4.0,-5.469,0.03333333333333333,-1.0,,5.0,4.0,False,40,13.333333333333334,0.0,0.13333333333333333,
2870,1i,150.0,0,0.0,0,0.0,False,0,,,,scenario_north_heavy,val,development,0.05,-1.0,-11.3544,0.0,0.0,,6.0,2.0,False,45,0.0,0.0,-0.03333333333333333,
2875,1i,150.0,0,0.0,0,0.0,False,0,,,,scenario_north_heavy,val,development,0.05,-5.02,-3.9859,0.0,0.0,,7.0,1.0,False,50,0.0,0.0,-0.1673333333333333,
2880,1i,150.0,2,23.7442,0,0.0,False,0,,,,scenario_north_heavy,val,development,0.05,-5.0,23.7442,0.0,0.0,,7.0,6.0,False,55,13.333333333333334,1139.7216,-0.16666666666666666,
2885,1i,150.0,3,12.8061,0,0.0,False,0,,,,scenario_north_heavy,val,development,0.05,-5.0,12.8061,0.0,0.0,,0.0,4.0,True,,20.0,922.0392000000002,-0.16666666666666666,
2890,1i,150.0,3,2.1898,2,1.0,False,0,,,,scenario_north_heavy,val,development,0.05,-4.0,2.1898,0.006666666666666667,0.0,,0.0,9.0,True,,20.0,157.6656,-0.13333333333333333,
2895,1i,150.0,3,0.0,3,1.0,False,0,,,,scenario_north_heavy,val,development,0.05,-4.0,0.0,0.006666666666666667,0.0,,0.0,14.0,True,,20.0,0.0,-0.13333333333333333,
2900,1i,150.0,3,0.0,3,1.0,False,0,,,,scenario_north_heavy,val,development,0.05,1.0,0.0,0.006666666666666667,0.0,,0.0,19.0,True,,20.0,0.0,0.03333333333333333,
2905,1i,150.0,3,0.0,3,1.0,False,0,,,,scenario_north_heavy,val,development,0.05,1.0,0.0,0.006666666666666667,0.0,,0.0,24.0,True,,20.0,0.0,0.03333333333333333,
2910,1i,150.0,3,0.0,3,1.0,False,0,,,,scenario_north_heavy,val,development,0.05,1.0,-23.7442,0.006666666666666667,0.0,,1.0,4.0,False,5,20.0,0.0,0.03333333333333333,
2915,1i,150.0,3,0.0,3,1.0,False,0,,,,scenario_north_heavy,val,development,0.05,1.0,-12.8061,0.006666666666666667,0.0,,2.0,2.0,True,,20.0,0.0,0.03333333333333333,
2920,1i,150.0,3,0.0,3,1.0,False,0,,,,scenario_north_heavy,val,development,0.05,0.0,-2.1898,0.006666666666666667,0.0,,3.0,1.0,False,5,20.0,0.0,0.0,
2925,1i,150.0,4,6.229,3,1.0,False,0,,,,scenario_north_heavy,val,development,0.05,0.0,6.229,0.006666666666666667,0.0,,3.0,6.0,False,10,26.666666666666668,597.984,0.0,
2930,1i,150.0,3,11.843,1,1.0,False,0,,,,scenario_north_heavy,val,development,0.05,0.0,11.843,0.006666666666666667,0.0,,4.0,4.0,False,15,20.0,852.6959999999999,0.0,
2935,1i,150.0,3,9.3037,1,1.0,False,0,,,,scenario_north_heavy,val,development,0.05,0.0,9.3037,0.006666666666666667,0.0,,4.0,9.0,False,20,20.0,669.8663999999999,0.0,
2940,1i,150.0,2,2.1525,1,1.0,False,0,,,,scenario_north_heavy,val,development,0.05,0.0,2.1525,0.006666666666666667,0.0,,4.0,14.0,False,25,13.333333333333334,103.32,0.0,
2945,1i,150.0,2,0.0014,2,5.0,False,0,,,,scenario_north_heavy,val,development,0.05,4.0,0.0014,0.03333333333333333,0.0,,4.0,19.0,False,30,13.333333333333334,0.06720000000000001,0.13333333333333333,
2950,1i,150.0,2,0.0,2,5.0,False,0,,,,scenario_north_heavy,val,development,0.05,4.0,0.0,0.03333333333333333,0.0,,4.0,24.0,False,35,13.333333333333334,0.0,0.13333333333333333,
2955,1i,150.0,2,0.0,2,5.0,False,0,,,,scenario_north_heavy,val,development,0.05,4.0,-6.229,0.03333333333333333,0.0,,5.0,4.0,False,40,13.333333333333334,0.0,0.13333333333333333,
2960,1i,150.0,0,0.0,0,0.0,False,0,,,,scenario_north_heavy,val,development,0.05,-1.0,-11.843,0.0,0.0,,6.0,2.0,False,45,0.0,0.0,-0.03333333333333333,
2965,1i,150.0,0,0.0,0,0.0,False,0,,,,scenario_north_heavy,val,development,0.05,-1.0,-9.3037,0.0,0.0,,7.0,1.0,False,50,0.0,0.0,-0.03333333333333333,
2970,1i,150.0,2,25.439,0,0.0,False,0,,,,scenario_north_heavy,val,development,0.05,-1.0,23.2865,0.0,0.0,,7.0,6.0,False,55,13.333333333333334,1221.0720000000001,-0.03333333333333333,
2975,1i,150.0,3,15.0487,0,0.0,False,0,,,,scenario_north_heavy,val,development,0.05,-5.0,15.0473,0.0,0.0,,0.0,4.0,True,,20.0,1083.5064,-0.16666666666666666,
2980,1i,150.0,3,6.0147,1,1.0,False,0,,,,scenario_north_heavy,val,development,0.05,-4.0,6.0147,0.006666666666666667,0.0,,0.0,9.0,True,,20.0,433.0584,-0.13333333333333333,
2985,1i,150.0,3,1.1658,2,1.0,False,0,,,,scenario_north_heavy,val,development,0.05,-4.0,1.1658,0.006666666666666667,0.0,,0.0,14.0,True,,20.0,83.9376,-0.13333333333333333,
2990,1i,150.0,3,0.0,3,1.0,False,0,,,,scenario_north_heavy,val,development,0.05,1.0,0.0,0.006666666666666667,0.0,,0.0,19.0,True,,20.0,0.0,0.03333333333333333,
2995,1i,150.0,3,0.0,3,1.0,False,0,,,,scenario_north_heavy,val,development,0.05,1.0,0.0,0.006666666666666667,0.0,,0.0,24.0,True,,20.0,0.0,0.03333333333333333,
3000,1i,150.0,3,0.0,3,1.0,False,0,,,,scenario_north_heavy,val,development,0.05,1.0,-25.439,0.006666666666666667,0.0,,1.0,4.0,False,5,20.0,0.0,0.03333333333333333,
3005,1i,150.0,3,0.0,3,1.0,False,0,,,,scenario_north_heavy,val,development,0.05,1.0,-15.0487,0.006666666666666667,0.0,,2.0,2.0,True,,20.0,0.0,0.03333333333333333,
3010,1i,150.0,3,0.0,3,1.0,False,0,,,,scenario_north_heavy,val,development,0.05,0.0,-6.0147,0.006666666666666667,0.0,,3.0,1.0,False,5,20.0,0.0,0.0,
3015,1i,150.0,6,13.3994,3,1.0,False,0,,,,scenario_north_heavy,val,development,0.05,0.0,12.2336,0.006666666666666667,0.0,,3.0,6.0,False,10,40.0,1929.5136,0.0,
3020,1i,150.0,4,10.4818,1,1.0,False,0,,,,scenario_north_heavy,val,development,0.05,0.0,10.4818,0.006666666666666667,0.0,,4.0,4.0,False,15,26.666666666666668,1006.2528,0.0,
3025,1i,150.0,2,0.3797,1,1.0,False,0,,,,scenario_north_heavy,val,development,0.05,0.0,0.3797,0.006666666666666667,0.0,,4.0,9.0,False,20,13.333333333333334,18.2256,0.0,
3030,1i,150.0,2,0.0001,2,5.0,False,0,,,,scenario_north_heavy,val,development,0.05,4.0,0.0001,0.03333333333333333,0.0,,4.0,14.0,False,25,13.333333333333334,0.0048000000000000004,0.13333333333333333,
3035,1i,150.0,2,0.0,2,5.0,False,0,,,,scenario_north_heavy,val,development,0.05,4.0,0.0,0.03333333333333333,0.0,,4.0,19.0,False,30,13.333333333333334,0.0,0.13333333333333333,
3040,1i,150.0,2,0.0,2,5.0,False,0,,,,scenario_north_heavy,val,development,0.05,4.0,0.0,0.03333333333333333,0.0,,4.0,24.0,False,35,13.333333333333334,0.0,0.13333333333333333,
3045,1i,150.0,2,0.0,2,5.0,False,0,,,,scenario_north_heavy,val,development,0.05,4.0,-13.3994,0.03333333333333333,0.0,,5.0,4.0,False,40,13.333333333333334,0.0,0.13333333333333333,
3050,1i,150.0,0,0.0,0,0.0,False,0,,,,scenario_north_heavy,val,development,0.05,-1.0,-10.4818,0.0,0.0,,6.0,2.0,False,45,0.0,0.0,-0.03333333333333333,
3055,1i,150.0,0,0.0,0,0.0,False,0,,,,scenario_north_heavy,val,development,0.05,-1.0,-0.3797,0.0,0.0,,7.0,1.0,False,50,0.0,0.0,-0.03333333333333333,
3060,1i,150.0,1,24.749,0,0.0,False,0,,,,scenario_north_heavy,val,development,0.05,-5.0,24.7489,0.0,0.0,,7.0,6.0,False,55,6.666666666666667,593.976,-0.16666666666666666,
3065,1i,150.0,3,18.1143,0,0.0,False,0,,,,scenario_north_heavy,val,development,0.05,-5.0,18.1143,0.0,0.0,,0.0,4.0,True,,20.0,1304.2296000000001,-0.16666666666666666,
3070,1i,150.0,3,3.7833,0,0.0,False,0,,,,scenario_north_heavy,val,development,0.05,-5.0,3.7833,0.0,0.0,,0.0,9.0,True,,20.0,272.3976,-0.16666666666666666,
3075,1i,150.0,3,0.0054,3,1.0,False,0,,,,scenario_north_heavy,val,development,0.05,-4.0,0.0054,0.006666666666666667,0.0,,0.0,14.0,True,,20.0,0.38880000000000003,-0.13333333333333333,
3080,1i,150.0,3,0.0,3,1.0,False,0,,,,scenario_north_heavy,val,development,0.05,1.0,0.0,0.006666666666666667,0.0,,0.0,19.0,True,,20.0,0.0,0.03333333333333333,
3085,1i,150.0,3,0.0,3,1.0,False,0,,,,scenario_north_heavy,val,development,0.05,1.0,0.0,0.006666666666666667,0.0,,0.0,24.0,True,,20.0,0.0,0.03333333333333333,
3090,1i,150.0,3,0.0,3,1.0,False,0,,,,scenario_north_heavy,val,development,0.05,1.0,-24.749,0.006666666666666667,0.0,,1.0,4.0,False,5,20.0,0.0,0.03333333333333333,
3095,1i,150.0,3,0.0,3,1.0,False,1,19.319,417.89,417.89,scenario_north_heavy,val,development,0.05,1.0,-18.1143,0.006666666666666667,1.0,,2.0,2.0,True,,20.0,0.0,0.03333333333333333,
3100,1i,150.0,3,0.0,3,1.0,False,1,19.3443,321.16,321.16,scenario_north_heavy,val,development,0.05,1.0,-3.7833,0.006666666666666667,1.0,,3.0,1.0,False,5,20.0,0.0,0.03333333333333333,
3105,1i,150.0,4,5.3613,3,1.0,False,1,18.2783,228.38,228.38,scenario_north_heavy,val,development,0.05,0.0,5.3559,0.006666666666666667,1.0,,3.0,6.0,False,10,26.666666666666668,514.6848,0.0,
3110,1i,150.0,4,13.4636,1,1.0,False,1,19.2478,133.94,133.94,scenario_north_heavy,val,development,0.05,0.0,13.4636,0.006666666666666667,1.0,,4.0,4.0,False,15,26.666666666666668,1292.5056000000002,0.0,
3115,1i,150.0,3,9.1781,1,1.0,False,1,14.8178,50.2,50.2,scenario_north_heavy,val,development,0.05,0.0,9.1781,0.006666666666666667,1.0,,4.0,9.0,False,20,20.0,660.8232,0.0,
3120,1i,150.0,2,2.6287,1,1.0,False,0,,,,scenario_north_heavy,val,development,0.05,0.0,2.6287,0.006666666666666667,0.0,,4.0,14.0,False,25,13.333333333333334,126.1776,0.0,
3125,1i,150.0,2,0.019,2,8.01,False,0,,,,scenario_north_heavy,val,development,0.05,7.01,0.019,0.053399999999999996,-1.0,,4.0,19.0,False,30,13.333333333333334,0.912,0.23366666666666666,
3130,1i,150.0,2,0.0,2,8.0,False,0,,,,scenario_north_heavy,val,development,0.05,7.0,0.0,0.05333333333333334,-1.0,,4.0,24.0,False,35,13.333333333333334,0.0,0.23333333333333334,
3135,1i,150.0,2,0.0,2,8.0,False,0,,,,scenario_north_heavy,val,development,0.05,7.0,-5.3613,0.05333333333333334,-1.0,,5.0,4.0,False,40,13.333333333333334,0.0,0.23333333333333334,
3140,1i,150.0,1,3.3545,0,0.0,False,0,,,,scenario_north_heavy,val,development,0.05,-1.0,-10.1091,0.0,-1.0,,6.0,2.0,False,45,6.666666666666667,80.50800000000001,-0.03333333333333333,
3145,1i,150.0,0,0.0,0,0.0,False,0,,,,scenario_north_heavy,val,development,0.05,-1.0,-9.1781,0.0,-1.0,,7.0,1.0,False,50,0.0,0.0,-0.03333333333333333,
3150,1i,150.0,1,24.0732,0,0.0,False,0,,,,scenario_north_heavy,val,development,0.05,-1.0,21.4445,0.0,0.0,,7.0,6.0,False,55,6.666666666666667,577.7568000000001,-0.03333333333333333,
3155,1i,150.0,2,14.4763,0,0.0,False,0,,,,scenario_north_heavy,val,development,0.05,-8.01,14.4573,0.0,0.0,,0.0,4.0,True,,13.333333333333334,694.8624,-0.267,
3160,1i,150.0,3,11.5109,1,1.0,False,0,,,,scenario_north_heavy,val,development,0.05,-7.0,11.5109,0.006666666666666667,0.0,,0.0,9.0,True,,20.0,828.7847999999999,-0.23333333333333334,
3165,1i,150.0,3,3.6836,1,1.0,False,0,,,,scenario_north_heavy,val,development,0.05,-7.0,3.6836,0.006666666666666667,0.0,,0.0,14.0,True,,20.0,265.2192,-0.23333333333333334,
3170,1i,150.0,3,0.0,3,1.0,False,0,,,,scenario_north_heavy,val,development,0.05,1.0,-3.3545,0.006666666666666667,0.0,,0.0,19.0,True,,20.0,0.0,0.03333333333333333,
3175,1i,150.0,3,0.0,3,1.0,False,0,,,,scenario_north_heavy,val,development,0.05,1.0,0.0,0.006666666666666667,0.0,,0.0,24.0,True,,20.0,0.0,0.03333333333333333,
3180,1i,150.0,3,0.0,3,1.0,False,0,,,,scenario_north_heavy,val,development,0.05,1.0,-24.0732,0.006666666666666667,0.0,,1.0,4.0,False,5,20.0,0.0,0.03333333333333333,
3185,1i,150.0,3,0.0,3,1.0,False,0,,,,scenario_north_heavy,val,development,0.05,1.0,-14.4763,0.006666666666666667,0.0,,2.0,2.0,True,,20.0,0.0,0.03333333333333333,
3190,1i,150.0,3,0.0,3,1.0,False,0,,,,scenario_north_heavy,val,development,0.05,0.0,-11.5109,0.006666666666666667,0.0,,3.0,1.0,False,5,20.0,0.0,0.0,
3195,1i,150.0,4,5.023,3,1.0,False,0,,,,scenario_north_heavy,val,development,0.05,0.0,1.3393999999999995,0.006666666666666667,0.0,,3.0,6.0,False,10,26.666666666666668,482.20799999999997,0.0,
3200,1i,150.0,4,11.7924,1,1.0,False,0,,,,scenario_north_heavy,val,development,0.05,0.0,11.7924,0.006666666666666667,0.0,,4.0,4.0,False,15,26.666666666666668,1132.0704,0.0,
3205,1i,150.0,2,1.1262,1,1.0,False,0,,,,scenario_north_heavy,val,development,0.05,0.0,1.1262,0.006666666666666667,0.0,,4.0,9.0,False,20,13.333333333333334,54.05760000000001,0.0,
3210,1i,150.0,2,0.0034,2,15.04,False,0,,,,scenario_north_heavy,val,development,0.05,14.04,0.0034,0.10026666666666666,0.0,,4.0,14.0,False,25,13.333333333333334,0.16319999999999998,0.46799999999999997,
3215,1i,150.0,2,0.0,2,15.04,False,0,,,,scenario_north_heavy,val,development,0.05,14.04,0.0,0.10026666666666666,0.0,,4.0,19.0,False,30,13.333333333333334,0.0,0.46799999999999997,
3220,1i,150.0,2,0.0,2,15.04,False,0,,,,scenario_north_heavy,val,development,0.05,14.04,0.0,0.10026666666666666,0.0,,4.0,24.0,False,35,13.333333333333334,0.0,0.46799999999999997,
3225,1i,150.0,2,0.0,2,15.04,False,0,,,,scenario_north_heavy,val,development,0.05,14.04,-5.023,0.10026666666666666,0.0,,5.0,4.0,False,40,13.333333333333334,0.0,0.46799999999999997,
3230,1i,150.0,1,1.3191,0,0.0,False,0,,,,scenario_north_heavy,val,development,0.05,-1.0,-10.4733,0.0,0.0,,6.0,2.0,False,45,6.666666666666667,31.6584,-0.03333333333333333,
3235,1i,150.0,1,1.6188,0,0.0,False,0,,,,scenario_north_heavy,val,development,0.05,-1.0,0.4925999999999999,0.0,0.0,,7.0,1.0,False,50,6.666666666666667,38.8512,-0.03333333333333333,
3240,1i,150.0,2,9.248,1,1.01,False,0,,,,scenario_north_heavy,val,development,0.05,-14.03,9.2446,0.006733333333333333,0.0,,7.0,6.0,False,55,13.333333333333334,443.904,-0.4676666666666666,
3245,1i,150.0,2,2.7184,1,1.0,False,0,,,,scenario_north_heavy,val,development,0.05,-14.04,2.7184,0.006666666666666667,0.0,,0.0,4.0,True,,13.333333333333334,130.4832,-0.46799999999999997,
3250,1i,150.0,4,7.4848,2,1.0,False,0,,,,scenario_north_heavy,val,development,0.05,-14.04,7.4848,0.006666666666666667,0.0,,0.0,9.0,True,,26.666666666666668,718.5408,-0.46799999999999997,
3255,1i,150.0,4,4.6639,2,1.0,False,0,,,,scenario_north_heavy,val,development,0.05,-14.04,4.6639,0.006666666666666667,0.0,,0.0,14.0,True,,26.666666666666668,447.73440000000005,-0.46799999999999997,
3260,1i,150.0,4,1.066,3,1.0,False,0,,,,scenario_north_heavy,val,development,0.05,1.0,-0.2530999999999999,0.006666666666666667,0.0,,0.0,19.0,True,,26.666666666666668,102.33600000000001,0.03333333333333333,
3265,1i,150.0,4,0.0709,4,5.12,False,0,,,,scenario_north_heavy,val,development,0.05,5.12,-1.5479,0.034133333333333335,0.0,,0.0,24.0,True,,26.666666666666668,6.806400000000001,0.17066666666666666,
3270,1i,150.0,4,0.0,4,5.0,False,0,,,,scenario_north_heavy,val,development,0.05,3.99,-9.248,0.03333333333333333,0.0,,1.0,4.0,False,5,26.666666666666668,0.0,0.133,
3275,1i,150.0,4,0.0,4,5.0,False,0,,,,scenario_north_heavy,val,development,0.05,4.0,-2.7184,0.03333333333333333,0.0,,2.0,2.0,True,,26.666666666666668,0.0,0.13333333333333333,
3280,1i,150.0,5,4.7921,4,5.0,False,0,,,,scenario_north_heavy,val,development,0.05,4.0,-2.6927000000000003,0.03333333333333333,0.0,,3.0,1.0,False,5,33.333333333333336,575.052,0.13333333333333333,
3285,1i,150.0,5,2.4141,4,5.0,False,0,,,,scenario_north_heavy,val,development,0.05,4.0,-2.2498,0.03333333333333333,0.0,,3.0,6.0,False,10,33.333333333333336,289.692,0.13333333333333333,
3290,1i,150.0,3,7.773,2,5.0,False,0,,,,scenario_north_heavy,val,development,0.05,4.0,6.707,0.03333333333333333,0.0,,4.0,4.0,False,15,20.0,559.6560000000001,0.13333333333333333,
3295,1i,150.0,4,6.1435,2,5.0,False,0,,,,scenario_north_heavy,val,development,0.05,-0.1200000000000001,6.0726,0.03333333333333333,0.0,,4.0,9.0,False,20,26.666666666666668,589.7760000000001,-0.0040000000000000036,
3300,1i,150.0,3,2.6731,2,5.0,False,0,,,,scenario_north_heavy,val,development,0.05,0.0,2.6731,0.03333333333333333,0.0,,4.0,14.0,False,25,20.0,192.4632,0.0,
3305,1i,150.0,3,1.2222,2,5.0,False,0,,,,scenario_north_heavy,val,development,0.05,0.0,1.2222,0.03333333333333333,0.0,,4.0,19.0,False,30,20.0,87.9984,0.0,
3310,1i,150.0,3,0.0211,3,19.07,False,0,,,,scenario_north_heavy,val,development,0.05,14.07,-4.771,0.12713333333333335,0.0,,4.0,24.0,False,35,20.0,1.5192,0.46900000000000003,
3315,1i,150.0,3,0.0,3,19.04,False,0,,,,scenario_north_heavy,val,development,0.05,14.04,-2.4141,0.12693333333333331,0.0,,5.0,4.0,False,40,20.0,0.0,0.46799999999999997,
3320,1i,150.0,2,1.3385,1,18.15,False,0,,,,scenario_north_heavy,val,development,0.05,13.149999999999999,-6.4345,0.121,0.0,,6.0,2.0,False,45,13.333333333333334,64.248,0.4383333333333333,
3325,1i,150.0,2,12.5541,0,0.0,False,0,,,,scenario_north_heavy,val,development,0.05,-5.0,6.4106,0.0,0.0,,7.0,1.0,False,50,13.333333333333334,602.5968,-0.16666666666666666,
3330,1i,150.0,2,5.1162,1,1.0,False,0,,,,scenario_north_heavy,val,development,0.05,-4.0,2.4431000000000003,0.006666666666666667,0.0,,7.0,6.0,False,55,13.333333333333334,245.57760000000002,-0.13333333333333333,
3335,1i,150.0,3,7.6008,2,1.0,False,0,,,,scenario_north_heavy,val,development,0.05,-4.0,6.3786,0.006666666666666667,0.0,,0.0,4.0,True,,20.0,547.2576,-0.13333333333333333,
3340,1i,150.0,4,6.6287,2,1.0,False,0,,,,scenario_north_heavy,val,development,0.05,-18.07,6.607600000000001,0.006666666666666667,0.0,,0.0,9.0,True,,26.666666666666668,636.3552000000001,-0.6023333333333334,
3345,1i,150.0,4,2.3129,3,1.0,False,0,,,,scenario_north_heavy,val,development,0.05,-18.04,2.3129,0.006666666666666667,0.0,,0.0,14.0,True,,26.666666666666668,222.0384,-0.6013333333333333,
3350,1i,150.0,4,0.4799,3,1.0,False,0,,,,scenario_north_heavy,val,development,0.05,-17.15,-0.8586,0.006666666666666667,0.0,,0.0,19.0,True,,26.666666666666668,46.07040000000001,-0.5716666666666667,
3355,1i,150.0,4,0.0,4,15.04,False,0,,,,scenario_north_heavy,val,development,0.05,15.04,-12.5541,0.10026666666666666,0.0,,0.0,24.0,True,,26.666666666666668,0.0,0.5013333333333333,
3360,1i,150.0,4,0.0,4,15.04,False,0,,,,scenario_north_heavy,val,development,0.05,14.04,-5.1162,0.10026666666666666,0.0,,1.0,4.0,False,5,26.666666666666668,0.0,0.46799999999999997,
3365,1i,150.0,4,0.0,4,15.04,False,0,,,,scenario_north_heavy,val,development,0.05,14.04,-7.6008,0.10026666666666666,0.0,,2.0,2.0,True,,26.666666666666668,0.0,0.46799999999999997,
3370,1i,150.0,5,3.5323,4,15.04,False,0,,,,scenario_north_heavy,val,development,0.05,14.04,-3.0964,0.10026666666666666,0.0,,3.0,1.0,False,5,33.333333333333336,423.8760000000001,0.46799999999999997,
3375,1i,150.0,5,1.5033,4,15.04,False,0,,,,scenario_north_heavy,val,development,0.05,14.04,-0.8095999999999999,0.10026666666666666,0.0,,3.0,6.0,False,10,33.333333333333336,180.39600000000002,0.46799999999999997,
3380,1i,150.0,4,10.942,2,15.04,False,0,,,,scenario_north_heavy,val,development,0.05,14.04,10.4621,0.10026666666666666,0.0,,4.0,4.0,False,15,26.666666666666668,1050.4320000000002,0.46799999999999997,
3385,1i,150.0,4,4.4714,2,15.04,False,0,,,,scenario_north_heavy,val,development,0.05,0.0,4.4714,0.10026666666666666,0.0,,4.0,9.0,False,20,26.666666666666668,429.25440000000003,0.0,
3390,1i,150.0,3,0.0031,3,27.76,False,0,,,,scenario_north_heavy,val,development,0.05,12.720000000000002,0.0031,0.18506666666666668,0.0,,4.0,14.0,False,25,20.0,0.2232,0.4240000000000001,
3395,1i,150.0,3,0.0,3,27.75,False,0,,,,scenario_north_heavy,val,development,0.05,12.71,0.0,0.185,0.0,,4.0,19.0,False,30,20.0,0.0,0.4236666666666667,
3400,1i,150.0,3,0.0,3,27.75,False,0,,,,scenario_north_heavy,val,development,0.05,12.71,-3.5323,0.185,0.0,,4.0,24.0,False,35,20.0,0.0,0.4236666666666667,
3405,1i,150.0,3,0.0,3,27.75,False,0,,,,scenario_north_heavy,val,development,0.05,12.71,-1.5033,0.185,0.0,,5.0,4.0,False,40,20.0,0.0,0.4236666666666667,
3410,1i,150.0,2,0.9381,1,27.11,False,0,,,,scenario_north_heavy,val,development,0.05,12.07,-10.0039,0.18073333333333333,0.0,,6.0,2.0,False,45,13.333333333333334,45.028800000000004,0.4023333333333333,
3415,1i,150.0,2,11.9259,0,0.0,False,0,,,,scenario_north_heavy,val,development,0.05,-15.04,7.4545,0.0,0.0,,7.0,1.0,False,50,13.333333333333334,572.4432,-0.5013333333333333,
3420,1i,150.0,2,3.4674,1,1.0,False,0,,,,scenario_north_heavy,val,development,0.05,-26.76,3.4643,0.006666666666666667,0.0,,7.0,6.0,False,55,13.333333333333334,166.4352,-0.892,
3425,1i,150.0,3,8.1085,2,1.01,False,0,,,,scenario_north_heavy,val,development,0.05,-26.74,8.1085,0.006733333333333333,0.0,,0.0,4.0,True,,20.0,583.812,-0.8913333333333333,
3430,1i,150.0,4,8.5147,2,1.0,False,0,,,,scenario_north_heavy,val,development,0.05,-26.75,8.5147,0.006666666666666667,0.0,,0.0,9.0,True,,26.666666666666668,817.4112,-0.8916666666666667,
3435,1i,150.0,4,3.2401,2,1.0,False,0,,,,scenario_north_heavy,val,development,0.05,-26.75,3.2401,0.006666666666666667,0.0,,0.0,14.0,True,,26.666666666666668,311.0496,-0.8916666666666667,
3440,1i,150.0,4,1.0759,3,1.0,False,0,,,,scenario_north_heavy,val,development,0.05,-26.11,0.13780000000000003,0.006666666666666667,0.0,,0.0,19.0,True,,26.666666666666668,103.28640000000001,-0.8703333333333333,
3445,1i,150.0,4,0.0003,4,5.0,False,0,,,,scenario_north_heavy,val,development,0.05,5.0,-11.925600000000001,0.03333333333333333,0.0,,0.0,24.0,True,,26.666666666666668,0.028800000000000003,0.16666666666666666,
3450,1i,150.0,4,0.0,4,5.0,False,0,,,,scenario_north_heavy,val,development,0.05,4.0,-3.4674,0.03333333333333333,0.0,,1.0,4.0,False,5,26.666666666666668,0.0,0.13333333333333333,
3455,1i,150.0,4,0.0,4,5.0,False,0,,,,scenario_north_heavy,val,development,0.05,3.99,-8.1085,0.03333333333333333,0.0,,2.0,2.0,True,,26.666666666666668,0.0,0.133,
3460,1i,150.0,5,3.149,4,5.0,False,0,,,,scenario_north_heavy,val,development,0.05,4.0,-5.3656999999999995,0.03333333333333333,0.0,,3.0,1.0,False,5,33.333333333333336,377.88000000000005,0.13333333333333333,
3465,1i,150.0,5,0.8114,4,5.0,False,0,,,,scenario_north_heavy,val,development,0.05,4.0,-2.4287,0.03333333333333333,0.0,,3.0,6.0,False,10,33.333333333333336,97.36800000000001,0.13333333333333333,
3470,1i,150.0,3,7.7995,2,5.0,False,0,,,,scenario_north_heavy,val,development,0.05,4.0,6.7236,0.03333333333333333,0.0,,4.0,4.0,False,15,20.0,561.5640000000001,0.13333333333333333,
3475,1i,150.0,4,7.1128,2,5.0,False,0,,,,scenario_north_heavy,val,development,0.05,0.0,7.1125,0.03333333333333333,0.0,,4.0,9.0,False,20,26.666666666666668,682.8288000000001,0.0,
3480,1i,150.0,4,3.451,3,17.72,False,0,,,,scenario_north_heavy,val,development,0.05,12.719999999999999,3.451,0.11813333333333333,0.0,,4.0,14.0,False,25,26.666666666666668,331.29600000000005,0.424,
3485,1i,150.0,3,0.0,3,17.71,False,0,,,,scenario_north_heavy,val,development,0.05,12.71,0.0,0.11806666666666667,0.0,,4.0,19.0,False,30,20.0,0.0,0.4236666666666667,
3490,1i,150.0,3,0.0,3,17.71,False,0,,,,scenario_north_heavy,val,development,0.05,12.71,-3.149,0.11806666666666667,0.0,,4.0,24.0,False,35,20.0,0.0,0.4236666666666667,
3495,1i,150.0,3,0.0,3,17.71,False,0,,,,scenario_north_heavy,val,development,0.05,12.71,-0.8114,0.11806666666666667,0.0,,5.0,4.0,False,40,20.0,0.0,0.4236666666666667,
3500,1i,150.0,3,10.3084,1,16.81,False,0,,,,scenario_north_heavy,val,development,0.05,11.809999999999999,2.5089000000000006,0.11206666666666666,0.0,,6.0,2.0,False,45,20.0,742.2048000000001,0.3936666666666666,
3505,1i,150.0,1,15.6903,0,0.0,False,0,,,,scenario_north_heavy,val,development,0.05,-5.0,8.5775,0.0,0.0,,7.0,1.0,False,50,6.666666666666667,376.5672,-0.16666666666666666,
3510,1i,150.0,1,1.1158,0,0.0,False,0,,,,scenario_north_heavy,val,development,0.05,-17.72,-2.3352000000000004,0.0,0.0,,7.0,6.0,False,55,6.666666666666667,26.7792,-0.5906666666666667,
3515,1i,150.0,2,13.5834,1,1.0,False,0,,,,scenario_north_heavy,val,development,0.05,-16.71,13.5834,0.006666666666666667,0.0,,0.0,4.0,True,,13.333333333333334,652.0032,-0.557,
3520,1i,150.0,3,11.0329,1,1.0,False,0,,,,scenario_north_heavy,val,development,0.05,-16.71,11.0329,0.006666666666666667,0.0,,0.0,9.0,True,,20.0,794.3688,-0.557,
3525,1i,150.0,3,1.6835,1,1.0,False,0,,,,scenario_north_heavy,val,development,0.05,-16.71,1.6835,0.006666666666666667,0.0,,0.0,14.0,True,,20.0,121.212,-0.557,
3530,1i,150.0,3,0.0,3,1.0,False,0,,,,scenario_north_heavy,val,development,0.05,-15.809999999999999,-10.3084,0.006666666666666667,0.0,,0.0,19.0,True,,20.0,0.0,-0.5269999999999999,
3535,1i,150.0,3,0.0,3,1.0,False,0,,,,scenario_north_heavy,val,development,0.05,1.0,-15.6903,0.006666666666666667,0.0,,0.0,24.0,True,,20.0,0.0,0.03333333333333333,
3540,1i,150.0,3,0.0,3,1.0,False,0,,,,scenario_north_heavy,val,development,0.05,1.0,-1.1158,0.006666666666666667,0.0,,1.0,4.0,False,5,20.0,0.0,0.03333333333333333,
3545,1i,150.0,4,5.9667,3,1.0,False,0,,,,scenario_north_heavy,val,development,0.05,0.0,-7.616699999999999,0.006666666666666667,0.0,,2.0,2.0,True,,26.666666666666668,572.8032000000001,0.0,
3550,1i,150.0,4,3.7066,3,1.0,False,1,27.5829,403.24,403.24,scenario_north_heavy,val,development,0.05,0.0,-7.3263,0.006666666666666667,1.0,,3.0,1.0,False,5,26.666666666666668,355.8336,0.0,
3555,1i,150.0,4,0.5981,3,1.0,False,1,27.1706,270.77,270.77,scenario_north_heavy,val,development,0.05,0.0,-1.0854,0.006666666666666667,1.0,,3.0,6.0,False,10,26.666666666666668,57.41759999999999,0.0,
3560,1i,150.0,2,13.3263,1,1.0,False,1,26.6527,137.67,137.67,scenario_north_heavy,val,development,0.05,0.0,13.3263,0.006666666666666667,1.0,,4.0,4.0,False,15,13.333333333333334,639.6624,0.0,
3565,1i,150.0,3,11.5443,1,1.0,False,1,16.137,32.71,32.71,scenario_north_heavy,val,development,0.05,0.0,11.5443,0.006666666666666667,1.0,,4.0,9.0,False,20,20.0,831.1896,0.0,
3570,1i,150.0,2,2.4158,1,1.0,False,0,,,,scenario_north_heavy,val,development,0.05,0.0,2.4158,0.006666666666666667,0.0,,4.0,14.0,False,25,13.333333333333334,115.95840000000001,0.0,
3575,1i,150.0,2,0.0004,2,5.0,False,0,,,,scenario_north_heavy,val,development,0.05,4.0,-5.9663,0.03333333333333333,0.0,,4.0,19.0,False,30,13.333333333333334,0.019200000000000002,0.13333333333333333,
3580,1i,150.0,2,0.0,2,5.0,False,0,,,,scenario_north_heavy,val,development,0.05,4.0,-3.7066,0.03333333333333333,-1.0,,4.0,24.0,False,35,13.333333333333334,0.0,0.13333333333333333,
3585,1i,150.0,2,0.0,2,5.0,False,0,,,,scenario_north_heavy,val,development,0.05,4.0,-0.5981,0.03333333333333333,-1.0,,5.0,4.0,False,40,13.333333333333334,0.0,0.13333333333333333,
3590,1i,150.0,1,24.5044,0,0.0,False,0,,,,scenario_north_heavy,val,development,0.05,-1.0,11.1781,0.0,-1.0,,6.0,2.0,False,45,6.666666666666667,588.1056,-0.03333333333333333,
3595,1i,150.0,1,12.7301,0,0.0,False,0,,,,scenario_north_heavy,val,development,0.05,-1.0,1.1858000000000004,0.0,-1.0,,7.0,1.0,False,50,6.666666666666667,305.52240000000006,-0.03333333333333333,
3600,1i,150.0,1,0.0,1,1.0,False,0,,,,scenario_north_heavy,val,development,0.05,0.0,-2.4158,0.006666666666666667,0.0,,7.0,6.0,False,55,6.666666666666667,0.0,0.0,
0,2i,150.0,0,0.0,0,0.0,False,0,,,,scenario_north_heavy,val,development,0.05,,,0.0,,,,,,,0.0,0.0,,
5,2i,150.0,0,0.0,0,0.0,False,0,,,,scenario_north_heavy,val,development,0.05,,,0.0,,,0.0,4.0,True,,0.0,0.0,,
10,2i,150.0,0,0.0,0,0.0,False,0,,,,scenario_north_heavy,val,development,0.05,,,0.0,,,0.0,9.0,True,,0.0,0.0,,
15,2i,150.0,2,25.0958,0,0.0,False,0,,,,scenario_north_heavy,val,development,0.05,,,0.0,,,0.0,14.0,True,,13.333333333333334,1204.5984,,
20,2i,150.0,3,14.259,0,0.0,False,0,,,,scenario_north_heavy,val,development,0.05,,,0.0,,,0.0,19.0,True,,20.0,1026.648,,
25,2i,150.0,3,4.9495,2,1.0,False,0,,,,scenario_north_heavy,val,development,0.05,,,0.006666666666666667,,,0.0,24.0,True,,20.0,356.3639999999999,,
30,2i,150.0,3,0.2118,2,1.0,False,0,,,,scenario_north_heavy,val,development,0.05,1.0,0.2118,0.006666666666666667,0.0,,1.0,4.0,False,5,20.0,15.2496,0.03333333333333333,
35,2i,150.0,3,0.0,3,1.0,False,0,,,,scenario_north_heavy,val,development,0.05,1.0,0.0,0.006666666666666667,0.0,,2.0,2.0,True,,20.0,0.0,0.03333333333333333,
40,2i,150.0,3,0.0,3,1.0,False,0,,,,scenario_north_heavy,val,development,0.05,1.0,0.0,0.006666666666666667,0.0,,3.0,1.0,False,5,20.0,0.0,0.03333333333333333,
45,2i,150.0,3,0.0,3,1.0,False,0,,,,scenario_north_heavy,val,development,0.05,1.0,-25.0958,0.006666666666666667,0.0,,3.0,6.0,False,10,20.0,0.0,0.03333333333333333,
50,2i,150.0,2,12.6348,1,1.0,False,0,,,,scenario_north_heavy,val,development,0.05,1.0,-1.6242,0.006666666666666667,0.0,,4.0,4.0,False,15,13.333333333333334,606.4704,0.03333333333333333,
55,2i,150.0,4,11.6672,1,1.0,False,0,,,,scenario_north_heavy,val,development,0.05,0.0,6.7177,0.006666666666666667,0.0,,4.0,9.0,False,20,26.666666666666668,1120.0512,0.0,
60,2i,150.0,4,8.7473,1,1.0,False,0,,,,scenario_north_heavy,val,development,0.05,0.0,8.535499999999999,0.006666666666666667,0.0,,4.0,14.0,False,25,26.666666666666668,839.7408,0.0,
65,2i,150.0,2,0.0001,2,5.0,False,0,,,,scenario_north_heavy,val,development,0.05,4.0,0.0001,0.03333333333333333,0.0,,4.0,19.0,False,30,13.333333333333334,0.0048000000000000004,0.13333333333333333,
70,2i,150.0,2,0.0,2,5.0,False,0,,,,scenario_north_heavy,val,development,0.05,4.0,0.0,0.03333333333333333,0.0,,4.0,24.0,False,35,13.333333333333334,0.0,0.13333333333333333,
75,2i,150.0,2,0.0,2,5.0,False,0,,,,scenario_north_heavy,val,development,0.05,4.0,0.0,0.03333333333333333,0.0,,5.0,4.0,False,40,13.333333333333334,0.0,0.13333333333333333,
80,2i,150.0,0,0.0,0,0.0,False,0,,,,scenario_north_heavy,val,development,0.05,-1.0,-12.6348,0.0,0.0,,6.0,2.0,False,45,0.0,0.0,-0.03333333333333333,
85,2i,150.0,3,21.2369,0,0.0,False,0,,,,scenario_north_heavy,val,development,0.05,-1.0,9.5697,0.0,0.0,,7.0,1.0,False,50,20.0,1529.0567999999998,-0.03333333333333333,
90,2i,150.0,3,7.2922,0,0.0,False,0,,,,scenario_north_heavy,val,development,0.05,-1.0,-1.455099999999999,0.0,0.0,,7.0,6.0,False,55,20.0,525.0384,-0.03333333333333333,
95,2i,150.0,3,0.0,3,1.0,False,0,,,,scenario_north_heavy,val,development,0.05,-4.0,-0.0001,0.006666666666666667,0.0,,0.0,4.0,True,,20.0,0.0,-0.13333333333333333,
100,2i,150.0,3,0.0,3,1.0,False,0,,,,scenario_north_heavy,val,development,0.05,-4.0,0.0,0.006666666666666667,0.0,,0.0,9.0,True,,20.0,0.0,-0.13333333333333333,
105,2i,150.0,3,0.0,3,1.0,False,2,26.9393,456.33,456.39,scenario_north_heavy,val,development,0.05,-4.0,0.0,0.006666666666666667,2.0,,0.0,14.0,True,,20.0,0.0,-0.13333333333333333,
110,2i,150.0,3,0.0,3,1.0,False,2,26.9626,320.03,322.76,scenario_north_heavy,val,development,0.05,1.0,0.0,0.006666666666666667,2.0,,0.0,19.0,True,,20.0,0.0,0.03333333333333333,
115,2i,150.0,4,6.1316,3,1.0,False,2,27.4016,184.45,186.74,scenario_north_heavy,val,development,0.05,1.0,-15.1053,0.006666666666666667,2.0,,0.0,24.0,True,,26.666666666666668,588.6336,0.03333333333333333,
120,2i,150.0,6,8.3288,3,1.0,False,2,19.2597,65.69,65.91,scenario_north_heavy,val,development,0.05,1.0,1.036599999999999,0.006666666666666667,2.0,,1.0,4.0,False,5,40.0,1199.3472,0.03333333333333333,
125,2i,150.0,6,1.9972,3,1.0,False,2,5.9716,8.88,9.19,scenario_north_heavy,val,development,0.05,0.0,1.9972,0.006666666666666667,2.0,,2.0,2.0,True,,40.0,287.59680000000003,0.0,
130,2i,150.0,6,0.003,6,5.01,False,2,0.0089,5.01,5.01,scenario_north_heavy,val,development,0.05,4.01,0.003,0.0334,2.0,,3.0,1.0,False,5,40.0,0.43200000000000005,0.13366666666666666,
135,2i,150.0,6,0.0,6,5.0,False,3,9.2003,5.0,455.7,scenario_north_heavy,val,development,0.05,4.0,0.0,0.03333333333333333,1.0,-0.6899999999999977,3.0,6.0,False,10,40.0,0.0,0.13333333333333333,
140,2i,150.0,2,0.0,2,5.0,False,2,13.7881,5.0,318.89,scenario_north_heavy,val,development,0.05,4.0,0.0,0.03333333333333333,0.0,-3.8700000000000045,4.0,4.0,False,15,13.333333333333334,0.0,0.13333333333333333,
145,2i,150.0,2,0.0,2,5.0,False,2,13.3795,5.0,183.11,scenario_north_heavy,val,development,0.05,4.0,-6.1316,0.03333333333333333,0.0,-3.6299999999999955,4.0,9.0,False,20,13.333333333333334,0.0,0.13333333333333333,
150,2i,150.0,3,6.345,2,5.0,False,2,9.5175,5.0,64.41,scenario_north_heavy,val,development,0.05,4.0,-1.9837999999999996,0.03333333333333333,0.0,-1.5,4.0,14.0,False,25,20.0,456.84,0.13333333333333333,
155,2i,150.0,4,9.6167,2,5.0,False,1,0.0,5.0,5.0,scenario_north_heavy,val,development,0.05,4.0,7.6194999999999995,0.03333333333333333,-1.0,-4.1899999999999995,4.0,19.0,False,30,26.666666666666668,923.2032,0.13333333333333333,
160,2i,150.0,4,3.0543,2,5.0,False,1,0.0,5.0,5.0,scenario_north_heavy,val,development,0.05,-0.009999999999999787,3.0513,0.03333333333333333,-1.0,-0.009999999999999787,4.0,24.0,False,35,26.666666666666668,293.2128,-0.0003333333333333262,
165,2i,150.0,3,0.0003,3,9.0,False,1,0.0,5.0,5.0,scenario_north_heavy,val,development,0.05,4.0,0.0003,0.06,-2.0,-450.7,5.0,4.0,False,40,20.0,0.0216,0.13333333333333333,
170,2i,150.0,1,1.681,0,0.0,False,0,,,,scenario_north_heavy,val,development,0.05,-5.0,1.681,0.0,-2.0,,6.0,2.0,False,45,6.666666666666667,40.34400000000001,-0.16666666666666666,
175,2i,150.0,0,0.0,0,0.0,False,1,23.7589,408.28,408.28,scenario_north_heavy,val,development,0.05,-5.0,0.0,0.0,-1.0,225.16999999999996,7.0,1.0,False,50,0.0,0.0,-0.16666666666666666,
180,2i,150.0,0,0.0,0,0.0,False,1,24.1426,285.07,285.07,scenario_north_heavy,val,development,0.05,-5.0,-6.345,0.0,-1.0,220.66,7.0,6.0,False,55,0.0,0.0,-0.16666666666666666,
185,2i,150.0,2,22.913,0,0.0,False,1,23.3145,166.36,166.36,scenario_north_heavy,val,development,0.05,-5.0,13.2963,0.0,0.0,161.36,0.0,4.0,True,,13.333333333333334,1099.824,-0.16666666666666666,
190,2i,150.0,3,12.6207,0,0.0,False,1,17.9958,56.58,56.58,scenario_north_heavy,val,development,0.05,-5.0,9.5664,0.0,0.0,51.58,0.0,9.0,True,,20.0,908.6904,-0.16666666666666666,
195,2i,150.0,3,1.811,1,1.0,False,1,5.4327,3.91,3.91,scenario_north_heavy,val,development,0.05,-8.0,1.8107,0.006666666666666667,0.0,-1.0899999999999999,0.0,14.0,True,,20.0,130.392,-0.26666666666666666,
200,2i,150.0,3,0.0054,3,1.01,False,1,0.0163,1.01,1.01,scenario_north_heavy,val,development,0.05,1.01,-1.6756,0.006733333333333333,1.0,,0.0,19.0,True,,20.0,0.38880000000000003,0.033666666666666664,
205,2i,150.0,3,0.0,3,1.0,False,1,0.0,1.0,1.0,scenario_north_heavy,val,development,0.05,1.0,0.0,0.006666666666666667,0.0,-407.28,0.0,24.0,True,,20.0,0.0,0.03333333333333333,
210,2i,150.0,3,0.0,3,1.0,False,1,0.0,1.0,1.0,scenario_north_heavy,val,development,0.05,1.0,0.0,0.006666666666666667,0.0,-284.07,1.0,4.0,False,5,20.0,0.0,0.03333333333333333,
215,2i,150.0,3,0.0,3,1.0,False,1,0.0,1.0,1.0,scenario_north_heavy,val,development,0.05,1.0,-22.913,0.006666666666666667,0.0,-165.36,2.0,2.0,True,,20.0,0.0,0.03333333333333333,
220,2i,150.0,6,10.4088,3,1.0,False,1,0.0,1.0,1.0,scenario_north_heavy,val,development,0.05,1.0,-2.2119,0.006666666666666667,0.0,-55.58,3.0,1.0,False,5,40.0,1498.8672,0.03333333333333333,
225,2i,150.0,6,7.0078,3,1.0,False,1,0.0,1.0,1.0,scenario_north_heavy,val,development,0.05,0.0,5.1968,0.006666666666666667,0.0,-2.91,3.0,6.0,False,10,40.0,1009.1232,0.0,
230,2i,150.0,4,4.6645,1,1.0,False,0,,,,scenario_north_heavy,val,development,0.05,-0.010000000000000009,4.6591000000000005,0.006666666666666667,-1.0,,4.0,4.0,False,15,26.666666666666668,447.79200000000003,-0.00033333333333333365,
235,2i,150.0,2,0.0027,2,5.0,False,0,,,,scenario_north_heavy,val,development,0.05,4.0,0.0027,0.03333333333333333,-1.0,,4.0,9.0,False,20,13.333333333333334,0.12960000000000002,0.13333333333333333,
240,2i,150.0,2,0.0,2,5.0,False,0,,,,scenario_north_heavy,val,development,0.05,4.0,0.0,0.03333333333333333,-1.0,,4.0,14.0,False,25,13.333333333333334,0.0,0.13333333333333333,
245,2i,150.0,2,0.0001,2,5.0,False,0,,,,scenario_north_heavy,val,development,0.05,4.0,0.0001,0.03333333333333333,-1.0,,4.0,19.0,False,30,13.333333333333334,0.0048000000000000004,0.13333333333333333,
250,2i,150.0,3,6.7559,2,5.0,False,0,,,,scenario_north_heavy,val,development,0.05,4.0,-3.6529,0.03333333333333333,-1.0,,4.0,24.0,False,35,20.0,486.4248,0.13333333333333333,
255,2i,150.0,5,10.472,2,5.0,False,0,,,,scenario_north_heavy,val,development,0.05,4.0,3.4642,0.03333333333333333,-1.0,,5.0,4.0,False,40,33.333333333333336,1256.64,0.13333333333333333,
260,2i,150.0,3,5.8546,1,1.0,False,0,,,,scenario_north_heavy,val,development,0.05,0.0,1.1900999999999993,0.006666666666666667,0.0,,6.0,2.0,False,45,20.0,421.5312,0.0,
265,2i,150.0,2,0.03,2,1.01,False,0,,,,scenario_north_heavy,val,development,0.05,-3.99,0.027299999999999998,0.006733333333333333,0.0,,7.0,1.0,False,50,13.333333333333334,1.44,-0.133,
270,2i,150.0,2,0.0,2,1.0,False,0,,,,scenario_north_heavy,val,development,0.05,-4.0,0.0,0.006666666666666667,0.0,,7.0,6.0,False,55,13.333333333333334,0.0,-0.13333333333333333,
275,2i,150.0,2,0.0,2,1.0,False,0,,,,scenario_north_heavy,val,development,0.05,-4.0,-0.0001,0.006666666666666667,0.0,,0.0,4.0,True,,13.333333333333334,0.0,-0.13333333333333333,
280,2i,150.0,3,7.8617,2,1.0,False,0,,,,scenario_north_heavy,val,development,0.05,-4.0,1.1058000000000003,0.006666666666666667,0.0,,0.0,9.0,True,,20.0,566.0423999999999,-0.13333333333333333,
285,2i,150.0,3,5.0094,2,1.0,False,0,,,,scenario_north_heavy,val,development,0.05,-4.0,-5.462599999999999,0.006666666666666667,0.0,,0.0,14.0,True,,20.0,360.6768,-0.13333333333333333,
290,2i,150.0,5,9.0827,2,1.0,False,0,,,,scenario_north_heavy,val,development,0.05,0.0,3.2281000000000013,0.006666666666666667,0.0,,0.0,19.0,True,,33.333333333333336,1089.9240000000002,0.0,
295,2i,150.0,5,3.3164,3,8.0,False,0,,,,scenario_north_heavy,val,development,0.05,6.99,3.2864,0.05333333333333334,0.0,,0.0,24.0,True,,33.333333333333336,397.968,0.233,
300,2i,150.0,5,0.0009,5,8.0,False,0,,,,scenario_north_heavy,val,development,0.05,7.0,0.0009,0.05333333333333334,0.0,,1.0,4.0,False,5,33.333333333333336,0.108,0.23333333333333334,
305,2i,150.0,5,0.0,5,8.0,False,0,,,,scenario_north_heavy,val,development,0.05,7.0,0.0,0.05333333333333334,0.0,,2.0,2.0,True,,33.333333333333336,0.0,0.23333333333333334,
310,2i,150.0,5,0.0,5,8.0,False,0,,,,scenario_north_heavy,val,development,0.05,7.0,-7.8617,0.05333333333333334,0.0,,3.0,1.0,False,5,33.333333333333336,0.0,0.23333333333333334,
315,2i,150.0,6,3.154,5,8.0,False,0,,,,scenario_north_heavy,val,development,0.05,7.0,-1.8554000000000004,0.05333333333333334,0.0,,3.0,6.0,False,10,40.0,454.176,0.23333333333333334,
320,2i,150.0,2,4.8712,1,1.0,False,0,,,,scenario_north_heavy,val,development,0.05,0.0,-4.211500000000001,0.006666666666666667,0.0,,4.0,4.0,False,15,13.333333333333334,233.8176,0.0,
325,2i,150.0,3,14.51,1,1.0,False,0,,,,scenario_north_heavy,val,development,0.05,-7.0,11.1936,0.006666666666666667,0.0,,4.0,9.0,False,20,20.0,1044.72,-0.23333333333333334,
330,2i,150.0,2,3.5699,1,1.0,False,0,,,,scenario_north_heavy,val,development,0.05,-7.0,3.569,0.006666666666666667,0.0,,4.0,14.0,False,25,13.333333333333334,171.3552,-0.23333333333333334,
335,2i,150.0,2,0.0006,2,8.0,False,0,,,,scenario_north_heavy,val,development,0.05,0.0,0.0006,0.05333333333333334,0.0,,4.0,19.0,False,30,13.333333333333334,0.028800000000000003,0.0,
340,2i,150.0,2,0.0,2,8.0,False,0,,,,scenario_north_heavy,val,development,0.05,0.0,0.0,0.05333333333333334,0.0,,4.0,24.0,False,35,13.333333333333334,0.0,0.0,
345,2i,150.0,2,0.0,2,8.0,False,0,,,,scenario_north_heavy,val,development,0.05,0.0,-3.154,0.05333333333333334,0.0,,5.0,4.0,False,40,13.333333333333334,0.0,0.0,
350,2i,150.0,2,10.8231,0,0.0,False,0,,,,scenario_north_heavy,val,development,0.05,-1.0,5.9519,0.0,0.0,,6.0,2.0,False,45,13.333333333333334,519.5088000000001,-0.03333333333333333,
355,2i,150.0,1,17.9878,0,0.0,False,0,,,,scenario_north_heavy,val,development,0.05,-1.0,3.4778000000000002,0.0,0.0,,7.0,1.0,False,50,6.666666666666667,431.7072,-0.03333333333333333,
360,2i,150.0,3,13.4326,0,0.0,False,0,,,,scenario_north_heavy,val,development,0.05,-1.0,9.8627,0.0,0.0,,7.0,6.0,False,55,20.0,967.1472000000001,-0.03333333333333333,
365,2i,150.0,3,10.7867,1,1.0,False,0,,,,scenario_north_heavy,val,development,0.05,-7.0,10.7861,0.006666666666666667,0.0,,0.0,4.0,True,,20.0,776.6424000000001,-0.23333333333333334,
370,2i,150.0,3,1.4738,1,1.0,False,0,,,,scenario_north_heavy,val,development,0.05,-7.0,1.4738,0.006666666666666667,0.0,,0.0,9.0,True,,20.0,106.11359999999999,-0.23333333333333334,
375,2i,150.0,3,0.0,3,1.0,False,0,,,,scenario_north_heavy,val,development,0.05,-7.0,0.0,0.006666666666666667,0.0,,0.0,14.0,True,,20.0,0.0,-0.23333333333333334,
380,2i,150.0,4,6.0057,3,1.0,False,0,,,,scenario_north_heavy,val,development,0.05,1.0,-4.8174,0.006666666666666667,0.0,,0.0,19.0,True,,26.666666666666668,576.5472,0.03333333333333333,
385,2i,150.0,4,2.9055,3,1.0,False,0,,,,scenario_north_heavy,val,development,0.05,1.0,-15.0823,0.006666666666666667,0.0,,0.0,24.0,True,,26.666666666666668,278.928,0.03333333333333333,
390,2i,150.0,5,5.4579,3,1.0,False,0,,,,scenario_north_heavy,val,development,0.05,1.0,-7.9747,0.006666666666666667,0.0,,1.0,4.0,False,5,33.333333333333336,654.9480000000001,0.03333333333333333,
395,2i,150.0,6,4.9347,4,15.04,False,0,,,,scenario_north_heavy,val,development,0.05,14.04,-5.851999999999999,0.10026666666666666,0.0,,2.0,2.0,True,,40.0,710.5968,0.46799999999999997,
400,2i,150.0,6,0.6895,4,15.04,False,0,,,,scenario_north_heavy,val,development,0.05,14.04,-0.7843,0.10026666666666666,0.0,,3.0,1.0,False,5,40.0,99.28800000000001,0.46799999999999997,
405,2i,150.0,6,0.0002,6,15.04,False,0,,,,scenario_north_heavy,val,development,0.05,14.04,0.0002,0.10026666666666666,0.0,,3.0,6.0,False,10,40.0,0.028800000000000003,0.46799999999999997,
410,2i,150.0,4,1.3281,2,15.04,False,0,,,,scenario_north_heavy,val,development,0.05,14.04,-4.6776,0.10026666666666666,0.0,,4.0,4.0,False,15,26.666666666666668,127.49760000000002,0.46799999999999997,
415,2i,150.0,2,0.0,2,15.04,False,1,26.7643,375.98,375.98,scenario_north_heavy,val,development,0.05,14.04,-2.9055,0.10026666666666666,1.0,,4.0,9.0,False,20,13.333333333333334,0.0,0.46799999999999997,
420,2i,150.0,3,5.4413,2,15.04,False,1,26.5589,242.29,242.29,scenario_north_heavy,val,development,0.05,14.04,-0.016600000000000392,0.10026666666666666,1.0,,4.0,14.0,False,25,20.0,391.7736,0.46799999999999997,
425,2i,150.0,5,13.2643,2,15.04,False,1,23.4461,112.06,112.06,scenario_north_heavy,val,development,0.05,0.0,8.3296,0.10026666666666666,1.0,,4.0,19.0,False,30,33.333333333333336,1591.7160000000001,0.0,
430,2i,150.0,4,6.0352,2,15.04,False,1,10.765,35.39,35.39,scenario_north_heavy,val,development,0.05,0.0,5.3457,0.10026666666666666,1.0,,4.0,24.0,False,35,26.666666666666668,579.3792000000001,0.0,
435,2i,150.0,3,0.0904,3,19.06,False,1,0.2712,19.06,19.06,scenario_north_heavy,val,development,0.05,4.02,0.09019999999999999,0.12706666666666666,1.0,,5.0,4.0,False,40,20.0,6.5088,0.13399999999999998,
440,2i,150.0,2,1.3046,1,18.58,False,1,0.4608,18.58,18.58,scenario_north_heavy,val,development,0.05,3.539999999999999,-0.023500000000000076,0.12386666666666665,1.0,,6.0,2.0,False,45,13.333333333333334,62.6208,0.11799999999999997,
445,2i,150.0,3,9.8732,0,0.0,False,1,1.945,6.55,6.55,scenario_north_heavy,val,development,0.05,-15.04,9.8732,0.0,0.0,-369.43,7.0,1.0,False,50,20.0,710.8704,-0.5013333333333333,
450,2i,150.0,3,4.6986,2,5.0,False,1,0.0002,5.0,5.0,scenario_north_heavy,val,development,0.05,-10.04,-0.7427000000000001,0.03333333333333333,0.0,-237.29,7.0,6.0,False,55,20.0,338.29920000000004,-0.3346666666666666,
455,2i,150.0,3,0.5671,2,5.0,False,1,0.0,5.0,5.0,scenario_north_heavy,val,development,0.05,-10.04,-12.6972,0.03333333333333333,0.0,-107.06,0.0,4.0,True,,20.0,40.8312,-0.3346666666666666,
460,2i,150.0,5,8.8402,3,5.0,False,1,0.0,5.0,5.0,scenario_north_heavy,val,development,0.05,-10.04,2.8049999999999997,0.03333333333333333,0.0,-30.39,0.0,9.0,True,,33.333333333333336,1060.824,-0.3346666666666666,
465,2i,150.0,5,3.4942,3,5.0,False,1,0.0,5.0,5.0,scenario_north_heavy,val,development,0.05,-14.059999999999999,3.4038000000000004,0.03333333333333333,0.0,-14.059999999999999,0.0,14.0,True,,33.333333333333336,419.3040000000001,-0.4686666666666666,
470,2i,150.0,5,0.0181,5,9.04,False,1,0.0,5.0,5.0,scenario_north_heavy,val,development,0.05,-9.54,-1.2865,0.06026666666666666,0.0,-13.579999999999998,0.0,19.0,True,,33.333333333333336,2.1720000000000006,-0.31799999999999995,
475,2i,150.0,5,0.0,5,9.0,False,1,0.0,5.0,5.0,scenario_north_heavy,val,development,0.05,9.0,-9.8732,0.06,0.0,-1.5499999999999998,0.0,24.0,True,,33.333333333333336,0.0,0.3,
480,2i,150.0,6,3.9017,5,9.0,False,1,0.0,5.0,5.0,scenario_north_heavy,val,development,0.05,4.0,-0.7968999999999999,0.06,0.0,0.0,1.0,4.0,False,5,40.0,561.8448,0.13333333333333333,
485,2i,150.0,6,1.8984,5,9.0,False,1,0.0,5.0,5.0,scenario_north_heavy,val,development,0.05,4.0,1.3313000000000001,0.06,0.0,0.0,2.0,2.0,True,,40.0,273.3696,0.13333333333333333,
490,2i,150.0,6,0.0554,5,9.0,False,1,0.0,5.0,5.0,scenario_north_heavy,val,development,0.05,4.0,-8.784799999999999,0.06,0.0,0.0,3.0,1.0,False,5,40.0,7.977600000000001,0.13333333333333333,
495,2i,150.0,7,2.6984,6,9.0,False,1,0.0,5.0,5.0,scenario_north_heavy,val,development,0.05,4.0,-0.7958000000000003,0.06,0.0,0.0,3.0,6.0,False,10,46.66666666666667,453.3312000000001,0.13333333333333333,
500,2i,150.0,5,4.9721,3,9.0,False,1,0.0,5.0,5.0,scenario_north_heavy,val,development,0.05,-0.03999999999999915,4.954000000000001,0.06,0.0,0.0,4.0,4.0,False,15,33.333333333333336,596.652,-0.0013333333333333049,
505,2i,150.0,4,2.0375,3,9.0,False,1,0.0,5.0,5.0,scenario_north_heavy,val,development,0.05,0.0,2.0375,0.06,0.0,0.0,4.0,9.0,False,20,26.666666666666668,195.60000000000002,0.0,
510,2i,150.0,4,0.1708,3,9.0,False,1,0.0,5.0,5.0,scenario_north_heavy,val,development,0.05,0.0,-3.7309,0.06,0.0,0.0,4.0,14.0,False,25,26.666666666666668,16.396800000000002,0.0,
515,2i,150.0,5,3.0218,4,13.0,False,2,9.1791,5.0,437.52,scenario_north_heavy,val,development,0.05,4.0,1.1233999999999997,0.08666666666666667,1.0,432.52,4.0,19.0,False,30,33.333333333333336,362.61600000000004,0.13333333333333333,
520,2i,150.0,4,0.0,4,13.0,False,2,9.6867,5.0,343.63,scenario_north_heavy,val,development,0.05,4.0,-0.0554,0.08666666666666667,1.0,338.63,4.0,24.0,False,35,26.666666666666668,0.0,0.13333333333333333,
525,2i,150.0,4,0.0,4,13.0,False,2,9.4681,5.0,250.04,scenario_north_heavy,val,development,0.05,4.0,-2.6984,0.08666666666666667,1.0,245.04,5.0,4.0,False,40,26.666666666666668,0.0,0.13333333333333333,
530,2i,150.0,3,6.3956,1,13.0,False,1,19.1054,156.05,156.05,scenario_north_heavy,val,development,0.05,4.0,1.4234999999999998,0.08666666666666667,0.0,151.05,6.0,2.0,False,45,20.0,460.4832,0.13333333333333333,
535,2i,150.0,3,8.9331,0,0.0,False,1,18.6439,62.4,62.4,scenario_north_heavy,val,development,0.05,-9.0,6.8956,0.0,0.0,57.4,7.0,1.0,False,50,20.0,643.1831999999999,-0.3,
540,2i,150.0,3,1.9704,2,13.74,False,1,5.7466,3.75,3.75,scenario_north_heavy,val,development,0.05,4.74,1.7995999999999999,0.0916,0.0,-1.25,7.0,6.0,False,55,20.0,141.8688,0.158,
545,2i,150.0,4,6.0257,3,13.71,False,1,0.0,1.0,1.0,scenario_north_heavy,val,development,0.05,0.7100000000000009,3.0039,0.09140000000000001,-1.0,-436.52,0.0,4.0,True,,26.666666666666668,578.4671999999999,0.023666666666666693,
550,2i,150.0,4,3.3669,3,13.71,False,1,0.0,1.0,1.0,scenario_north_heavy,val,development,0.05,0.7100000000000009,3.3669,0.09140000000000001,-1.0,-342.63,0.0,9.0,True,,26.666666666666668,323.2224,0.023666666666666693,
555,2i,150.0,4,0.0,3,13.71,False,1,0.0,1.0,1.0,scenario_north_heavy,val,development,0.05,0.7100000000000009,0.0,0.09140000000000001,-1.0,-249.04,0.0,14.0,True,,26.666666666666668,0.0,0.023666666666666693,
560,2i,150.0,6,8.5412,4,13.71,False,1,0.0,1.0,1.0,scenario_north_heavy,val,development,0.05,0.7100000000000009,2.1456,0.09140000000000001,0.0,-155.05,0.0,19.0,True,,40.0,1229.9328,0.023666666666666693,
565,2i,150.0,6,4.3332,4,13.71,False,1,0.0,1.0,1.0,scenario_north_heavy,val,development,0.05,13.71,-4.5999,0.09140000000000001,0.0,-61.4,0.0,24.0,True,,40.0,623.9808,0.457,
570,2i,150.0,6,0.1532,4,13.71,False,1,0.0,1.0,1.0,scenario_north_heavy,val,development,0.05,-0.02999999999999936,-1.8172,0.09140000000000001,0.0,-2.75,1.0,4.0,False,5,40.0,22.0608,-0.0009999999999999788,
575,2i,150.0,6,0.0,6,20.71,False,1,0.0,1.0,1.0,scenario_north_heavy,val,development,0.05,7.0,-6.0257,0.13806666666666667,0.0,0.0,2.0,2.0,True,,40.0,0.0,0.23333333333333334,
580,2i,150.0,6,0.0,6,20.71,False,1,0.0,1.0,1.0,scenario_north_heavy,val,development,0.05,7.0,-3.3669,0.13806666666666667,0.0,0.0,3.0,1.0,False,5,40.0,0.0,0.23333333333333334,
585,2i,150.0,7,2.1598,6,20.71,False,1,0.0,1.0,1.0,scenario_north_heavy,val,development,0.05,7.0,2.1598,0.13806666666666667,0.0,0.0,3.0,6.0,False,10,46.66666666666667,362.8464000000001,0.23333333333333334,
590,2i,150.0,4,3.2013,3,20.71,False,0,,,,scenario_north_heavy,val,development,0.05,7.0,-5.3399,0.13806666666666667,-1.0,,4.0,4.0,False,15,26.666666666666668,307.32480000000004,0.23333333333333334,
595,2i,150.0,5,10.0505,3,20.71,False,0,,,,scenario_north_heavy,val,development,0.05,7.0,5.7173,0.13806666666666667,-1.0,,4.0,9.0,False,20,33.333333333333336,1206.0600000000002,0.23333333333333334,
600,2i,150.0,5,4.5761,3,20.71,False,0,,,,scenario_north_heavy,val,development,0.05,7.0,4.4229,0.13806666666666667,-1.0,,4.0,14.0,False,25,33.333333333333336,549.1320000000001,0.23333333333333334,
605,2i,150.0,4,0.0098,4,24.73,False,0,,,,scenario_north_heavy,val,development,0.05,4.02,0.0098,0.16486666666666666,-1.0,,4.0,19.0,False,30,26.666666666666668,0.9408,0.13399999999999998,
610,2i,150.0,5,5.2742,4,24.71,False,0,,,,scenario_north_heavy,val,development,0.05,4.0,5.2742,0.16473333333333334,-1.0,,4.0,24.0,False,35,33.333333333333336,632.9040000000001,0.13333333333333333,
615,2i,150.0,5,3.4501,4,24.71,False,0,,,,scenario_north_heavy,val,development,0.05,4.0,1.2902999999999998,0.16473333333333334,-1.0,,5.0,4.0,False,40,33.333333333333336,414.01200000000006,0.13333333333333333,
620,2i,150.0,4,2.1119,1,24.71,False,0,,,,scenario_north_heavy,val,development,0.05,4.0,-1.0894,0.16473333333333334,0.0,,6.0,2.0,False,45,26.666666666666668,202.7424,0.13333333333333333,
625,2i,150.0,2,2.8495,1,1.0,False,0,,,,scenario_north_heavy,val,development,0.05,-19.71,-7.201,0.006666666666666667,0.0,,7.0,1.0,False,50,13.333333333333334,136.776,-0.657,
630,2i,150.0,4,11.5265,2,1.01,False,0,,,,scenario_north_heavy,val,development,0.05,-19.7,6.9504,0.006733333333333333,0.0,,7.0,6.0,False,55,26.666666666666668,1106.544,-0.6566666666666666,
635,2i,150.0,4,5.5189,2,1.0,False,0,,,,scenario_north_heavy,val,development,0.05,-23.73,5.5091,0.006666666666666667,0.0,,0.0,4.0,True,,26.666666666666668,529.8144000000001,-0.791,
640,2i,150.0,4,0.0057,3,5.0,False,0,,,,scenario_north_heavy,val,development,0.05,-19.71,-5.2685,0.03333333333333333,0.0,,0.0,9.0,True,,26.666666666666668,0.5472,-0.657,
645,2i,150.0,5,4.5055,4,5.0,False,0,,,,scenario_north_heavy,val,development,0.05,-19.71,1.0553999999999997,0.03333333333333333,0.0,,0.0,14.0,True,,33.333333333333336,540.66,-0.657,
650,2i,150.0,5,1.8371,4,5.0,False,0,,,,scenario_north_heavy,val,development,0.05,-19.71,-0.27479999999999993,0.03333333333333333,0.0,,0.0,19.0,True,,33.333333333333336,220.452,-0.657,
655,2i,150.0,5,0.0133,5,5.02,False,0,,,,scenario_north_heavy,val,development,0.05,4.02,-2.8362,0.033466666666666665,0.0,,0.0,24.0,True,,33.333333333333336,1.596,0.13399999999999998,
660,2i,150.0,5,0.0,5,5.0,False,0,,,,scenario_north_heavy,val,development,0.05,3.99,-11.5265,0.03333333333333333,0.0,,1.0,4.0,False,5,33.333333333333336,0.0,0.133,
665,2i,150.0,7,5.9782,5,5.0,False,0,,,,scenario_north_heavy,val,development,0.05,4.0,0.4592999999999998,0.03333333333333333,0.0,,2.0,2.0,True,,46.66666666666667,1004.3376000000002,0.13333333333333333,
670,2i,150.0,7,2.3316,5,5.0,False,0,,,,scenario_north_heavy,val,development,0.05,0.0,2.3259,0.03333333333333333,0.0,,3.0,1.0,False,5,46.66666666666667,391.70880000000005,0.0,
675,2i,150.0,7,0.0354,7,9.01,False,0,,,,scenario_north_heavy,val,development,0.05,4.01,-4.4700999999999995,0.060066666666666664,0.0,,3.0,6.0,False,10,46.66666666666667,5.9472000000000005,0.13366666666666666,
680,2i,150.0,4,4.0104,3,9.0,False,0,,,,scenario_north_heavy,val,development,0.05,4.0,2.1733,0.06,0.0,,4.0,4.0,False,15,26.666666666666668,384.9984,0.13333333333333333,
685,2i,150.0,3,0.0,3,9.0,False,0,,,,scenario_north_heavy,val,development,0.05,3.9800000000000004,-0.0133,0.06,0.0,,4.0,9.0,False,20,20.0,0.0,0.13266666666666668,
690,2i,150.0,3,0.0,3,9.0,False,0,,,,scenario_north_heavy,val,development,0.05,4.0,0.0,0.06,0.0,,4.0,14.0,False,25,20.0,0.0,0.13333333333333333,
695,2i,150.0,3,0.0,3,9.0,False,0,,,,scenario_north_heavy,val,development,0.05,4.0,-5.9782,0.06,0.0,,4.0,19.0,False,30,20.0,0.0,0.13333333333333333,
700,2i,150.0,5,6.9649,3,9.0,False,0,,,,scenario_north_heavy,val,development,0.05,4.0,4.6333,0.06,0.0,,4.0,24.0,False,35,33.333333333333336,835.7880000000001,0.13333333333333333,
705,2i,150.0,5,4.1611,3,9.0,False,0,,,,scenario_north_heavy,val,development,0.05,-0.009999999999999787,4.1257,0.06,0.0,,5.0,4.0,False,40,33.333333333333336,499.3320000000001,-0.0003333333333333262,
710,2i,150.0,3,1.7194,2,13.0,False,0,,,,scenario_north_heavy,val,development,0.05,4.0,-2.2909999999999995,0.08666666666666667,0.0,,6.0,2.0,False,45,20.0,123.7968,0.13333333333333333,
715,2i,150.0,3,6.3565,1,1.0,False,0,,,,scenario_north_heavy,val,development,0.05,-8.0,6.3565,0.006666666666666667,0.0,,7.0,1.0,False,50,20.0,457.66799999999995,-0.26666666666666666,
720,2i,150.0,3,5.031,2,1.0,False,0,,,,scenario_north_heavy,val,development,0.05,-8.0,5.031,0.006666666666666667,0.0,,7.0,6.0,False,55,20.0,362.23199999999997,-0.26666666666666666,
725,2i,150.0,3,0.2294,2,1.0,False,0,,,,scenario_north_heavy,val,development,0.05,-8.0,0.2294,0.006666666666666667,0.0,,0.0,4.0,True,,20.0,16.5168,-0.26666666666666666,
730,2i,150.0,5,10.4671,3,1.0,False,0,,,,scenario_north_heavy,val,development,0.05,-8.0,3.5022,0.006666666666666667,0.0,,0.0,9.0,True,,33.333333333333336,1256.0520000000001,-0.26666666666666666,
735,2i,150.0,5,5.5309,3,1.0,False,0,,,,scenario_north_heavy,val,development,0.05,-8.0,1.3697999999999997,0.006666666666666667,0.0,,0.0,14.0,True,,33.333333333333336,663.708,-0.26666666666666666,
740,2i,150.0,5,0.4589,3,1.0,False,0,,,,scenario_north_heavy,val,development,0.05,-12.0,-1.2605,0.006666666666666667,0.0,,0.0,19.0,True,,33.333333333333336,55.068000000000005,-0.4,
745,2i,150.0,6,3.1105,5,15.04,False,0,,,,scenario_north_heavy,val,development,0.05,14.04,-3.2459999999999996,0.10026666666666666,0.0,,0.0,24.0,True,,40.0,447.91200000000003,0.46799999999999997,
750,2i,150.0,6,0.8297,5,15.04,False,0,,,,scenario_north_heavy,val,development,0.05,14.04,-4.2013,0.10026666666666666,0.0,,1.0,4.0,False,5,40.0,119.4768,0.46799999999999997,
755,2i,150.0,6,0.0002,6,15.04,False,0,,,,scenario_north_heavy,val,development,0.05,14.04,-0.2292,0.10026666666666666,0.0,,2.0,2.0,True,,40.0,0.028800000000000003,0.46799999999999997,
760,2i,150.0,6,0.0,6,15.04,False,0,,,,scenario_north_heavy,val,development,0.05,14.04,-10.4671,0.10026666666666666,0.0,,3.0,1.0,False,5,40.0,0.0,0.46799999999999997,
765,2i,150.0,7,3.7187,6,15.04,False,0,,,,scenario_north_heavy,val,development,0.05,14.04,-1.8121999999999998,0.10026666666666666,0.0,,3.0,6.0,False,10,46.66666666666667,624.7416000000001,0.46799999999999997,
770,2i,150.0,5,6.5124,2,5.0,False,0,,,,scenario_north_heavy,val,development,0.05,4.0,6.0535000000000005,0.03333333333333333,0.0,,4.0,4.0,False,15,33.333333333333336,781.4880000000002,0.13333333333333333,
775,2i,150.0,3,1.455,2,5.0,False,0,,,,scenario_north_heavy,val,development,0.05,-10.04,-1.6555,0.03333333333333333,0.0,,4.0,9.0,False,20,20.0,104.76,-0.3346666666666666,
780,2i,150.0,4,4.878,3,9.0,False,0,,,,scenario_north_heavy,val,development,0.05,-6.039999999999999,4.0483,0.06,0.0,,4.0,14.0,False,25,26.666666666666668,468.288,-0.2013333333333333,
785,2i,150.0,3,0.0,3,9.0,False,0,,,,scenario_north_heavy,val,development,0.05,-6.039999999999999,-0.0002,0.06,0.0,,4.0,19.0,False,30,20.0,0.0,-0.2013333333333333,
790,2i,150.0,3,0.0,3,9.0,False,0,,,,scenario_north_heavy,val,development,0.05,-6.039999999999999,0.0,0.06,0.0,,4.0,24.0,False,35,20.0,0.0,-0.2013333333333333,
795,2i,150.0,3,0.0,3,9.0,False,0,,,,scenario_north_heavy,val,development,0.05,-6.039999999999999,-3.7187,0.06,0.0,,5.0,4.0,False,40,20.0,0.0,-0.2013333333333333,
800,2i,150.0,4,12.9203,0,0.0,False,0,,,,scenario_north_heavy,val,development,0.05,-5.0,6.407899999999999,0.0,0.0,,6.0,2.0,False,45,26.666666666666668,1240.3488,-0.16666666666666666,
805,2i,150.0,2,14.7283,0,0.0,False,0,,,,scenario_north_heavy,val,development,0.05,-5.0,13.2733,0.0,0.0,,7.0,1.0,False,50,13.333333333333334,706.9584000000001,-0.16666666666666666,
810,2i,150.0,3,9.2828,0,0.0,False,0,,,,scenario_north_heavy,val,development,0.05,-9.0,4.4048,0.0,0.0,,7.0,6.0,False,55,20.0,668.3616000000001,-0.3,
815,2i,150.0,3,3.8929,2,1.0,False,0,,,,scenario_north_heavy,val,development,0.05,-8.0,3.8929,0.006666666666666667,0.0,,0.0,4.0,True,,20.0,280.28880000000004,-0.26666666666666666,
820,2i,150.0,3,0.0,2,1.0,False,0,,,,scenario_north_heavy,val,development,0.05,-8.0,0.0,0.006666666666666667,0.0,,0.0,9.0,True,,20.0,0.0,-0.26666666666666666,
825,2i,150.0,3,0.0,3,1.0,False,0,,,,scenario_north_heavy,val,development,0.05,-8.0,0.0,0.006666666666666667,0.0,,0.0,14.0,True,,20.0,0.0,-0.26666666666666666,
830,2i,150.0,3,0.0,3,1.0,False,0,,,,scenario_north_heavy,val,development,0.05,1.0,-12.9203,0.006666666666666667,0.0,,0.0,19.0,True,,20.0,0.0,0.03333333333333333,
835,2i,150.0,5,9.2644,3,1.0,False,0,,,,scenario_north_heavy,val,development,0.05,1.0,-5.463900000000001,0.006666666666666667,0.0,,0.0,24.0,True,,33.333333333333336,1111.728,0.03333333333333333,
840,2i,150.0,5,4.268,3,1.0,False,0,,,,scenario_north_heavy,val,development,0.05,1.0,-5.0148,0.006666666666666667,0.0,,1.0,4.0,False,5,33.333333333333336,512.16,0.03333333333333333,
845,2i,150.0,5,0.1242,4,8.0,False,0,,,,scenario_north_heavy,val,development,0.05,7.0,-3.7687,0.05333333333333334,0.0,,2.0,2.0,True,,33.333333333333336,14.904000000000002,0.23333333333333334,
850,2i,150.0,6,2.1986,5,8.0,False,0,,,,scenario_north_heavy,val,development,0.05,7.0,2.1986,0.05333333333333334,0.0,,3.0,1.0,False,5,40.0,316.59839999999997,0.23333333333333334,
855,2i,150.0,6,1.4553,5,8.0,False,0,,,,scenario_north_heavy,val,development,0.05,7.0,1.4553,0.05333333333333334,0.0,,3.0,6.0,False,10,40.0,209.56320000000002,0.23333333333333334,
860,2i,150.0,3,2.7421,2,5.0,False,0,,,,scenario_north_heavy,val,development,0.05,4.0,2.7421,0.03333333333333333,0.0,,4.0,4.0,False,15,20.0,197.43120000000002,0.13333333333333333,
865,2i,150.0,2,0.0,2,5.0,False,0,,,,scenario_north_heavy,val,development,0.05,4.0,-9.2644,0.03333333333333333,0.0,,4.0,9.0,False,20,13.333333333333334,0.0,0.13333333333333333,
870,2i,150.0,4,9.996,2,5.0,False,0,,,,scenario_north_heavy,val,development,0.05,4.0,5.728000000000001,0.03333333333333333,0.0,,4.0,14.0,False,25,26.666666666666668,959.6160000000002,0.13333333333333333,
875,2i,150.0,3,1.9095,2,5.0,False,0,,,,scenario_north_heavy,val,development,0.05,-3.0,1.7852999999999999,0.03333333333333333,0.0,,4.0,19.0,False,30,20.0,137.484,-0.1,
880,2i,150.0,4,4.6817,3,12.0,False,0,,,,scenario_north_heavy,val,development,0.05,4.0,2.4831000000000003,0.08,0.0,,4.0,24.0,False,35,26.666666666666668,449.44320000000005,0.13333333333333333,
885,2i,150.0,4,4.3088,3,12.0,False,0,,,,scenario_north_heavy,val,development,0.05,4.0,2.8534999999999995,0.08,0.0,,5.0,4.0,False,40,26.666666666666668,413.64480000000003,0.13333333333333333,
890,2i,150.0,2,2.1238,0,0.0,False,1,24.4362,432.56,432.56,scenario_north_heavy,val,development,0.05,-5.0,-0.6183000000000001,0.0,1.0,,6.0,2.0,False,45,13.333333333333334,101.9424,-0.16666666666666666,
895,2i,150.0,1,0.0,1,1.0,False,1,23.8685,311.11,311.11,scenario_north_heavy,val,development,0.05,-4.0,0.0,0.006666666666666667,1.0,,7.0,1.0,False,50,6.666666666666667,0.0,-0.13333333333333333,
900,2i,150.0,1,0.0,1,1.0,False,1,24.4017,190.4,190.4,scenario_north_heavy,val,development,0.05,-4.0,-9.996,0.006666666666666667,1.0,,7.0,6.0,False,55,6.666666666666667,0.0,-0.13333333333333333,
905,2i,150.0,3,12.7348,1,1.0,False,1,21.8798,72.55,72.55,scenario_north_heavy,val,development,0.05,-4.0,10.8253,0.006666666666666667,1.0,,0.0,4.0,True,,20.0,916.9056,-0.13333333333333333,
910,2i,150.0,4,9.0116,1,1.0,False,1,7.245,6.49,6.49,scenario_north_heavy,val,development,0.05,-11.0,4.329899999999999,0.006666666666666667,1.0,,0.0,9.0,True,,26.666666666666668,865.1136000000001,-0.36666666666666664,
915,2i,150.0,4,2.7728,3,1.0,False,1,0.0,1.0,1.0,scenario_north_heavy,val,development,0.05,-11.0,-1.5359999999999996,0.006666666666666667,1.0,,0.0,14.0,True,,26.666666666666668,266.18880000000007,-0.36666666666666664,
920,2i,150.0,4,0.1178,3,1.0,False,1,0.0,1.0,1.0,scenario_north_heavy,val,development,0.05,1.0,-2.0060000000000002,0.006666666666666667,0.0,-431.56,0.0,19.0,True,,26.666666666666668,11.308800000000002,0.03333333333333333,
925,2i,150.0,4,0.0,4,13.71,False,1,0.0,1.0,1.0,scenario_north_heavy,val,development,0.05,12.71,0.0,0.09140000000000001,0.0,-310.11,0.0,24.0,True,,26.666666666666668,0.0,0.4236666666666667,
930,2i,150.0,4,0.0,4,13.71,False,1,0.0,1.0,1.0,scenario_north_heavy,val,development,0.05,12.71,0.0,0.09140000000000001,0.0,-189.4,1.0,4.0,False,5,26.666666666666668,0.0,0.4236666666666667,
935,2i,150.0,6,8.9204,4,13.71,False,1,0.0,1.0,1.0,scenario_north_heavy,val,development,0.05,12.71,-3.814399999999999,0.09140000000000001,0.0,-71.55,2.0,2.0,True,,40.0,1284.5376,0.4236666666666667,
940,2i,150.0,6,4.7867,4,13.71,False,1,0.0,1.0,1.0,scenario_north_heavy,val,development,0.05,12.71,-4.2249,0.09140000000000001,0.0,-5.49,3.0,1.0,False,5,40.0,689.2847999999999,0.4236666666666667,
945,2i,150.0,7,2.5986,4,13.71,False,1,0.0,1.0,1.0,scenario_north_heavy,val,development,0.05,12.71,-0.17420000000000035,0.09140000000000001,0.0,0.0,3.0,6.0,False,10,46.66666666666667,436.56480000000005,0.4236666666666667,
950,2i,150.0,3,2.3237,2,8.0,False,1,0.0,1.0,1.0,scenario_north_heavy,val,development,0.05,7.0,2.2059,0.05333333333333334,0.0,0.0,4.0,4.0,False,15,20.0,167.3064,0.23333333333333334,
955,2i,150.0,2,0.0,2,8.0,False,1,0.0,1.0,1.0,scenario_north_heavy,val,development,0.05,-5.710000000000001,0.0,0.05333333333333334,0.0,0.0,4.0,9.0,False,20,13.333333333333334,0.0,-0.19033333333333335,
960,2i,150.0,2,0.0,2,8.0,False,1,0.0,1.0,1.0,scenario_north_heavy,val,development,0.05,-5.710000000000001,0.0,0.05333333333333334,0.0,0.0,4.0,14.0,False,25,13.333333333333334,0.0,-0.19033333333333335,
965,2i,150.0,2,0.0,2,8.0,False,2,12.5938,1.0,378.46,scenario_north_heavy,val,development,0.05,-5.710000000000001,-8.9204,0.05333333333333334,1.0,377.46,4.0,19.0,False,30,13.333333333333334,0.0,-0.19033333333333335,
970,2i,150.0,3,8.3005,2,8.0,False,2,11.3136,1.0,261.51,scenario_north_heavy,val,development,0.05,-5.710000000000001,3.5138,0.05333333333333334,1.0,260.51,4.0,24.0,False,35,20.0,597.636,-0.19033333333333335,
975,2i,150.0,4,7.5873,2,8.0,False,2,8.6907,1.0,163.35,scenario_north_heavy,val,development,0.05,-5.710000000000001,4.9887,0.05333333333333334,1.0,162.35,5.0,4.0,False,40,26.666666666666668,728.3808,-0.19033333333333335,
980,2i,150.0,4,7.9474,0,0.0,False,1,17.224,79.83,79.83,scenario_north_heavy,val,development,0.05,-8.0,5.6236999999999995,0.0,0.0,78.83,6.0,2.0,False,45,26.666666666666668,762.9504000000001,-0.26666666666666666,
985,2i,150.0,3,6.4048,1,1.0,False,1,9.076,13.33,13.33,scenario_north_heavy,val,development,0.05,-7.0,6.4048,0.006666666666666667,0.0,12.33,7.0,1.0,False,50,20.0,461.14559999999994,-0.23333333333333334,
990,2i,150.0,3,0.0,3,1.0,False,1,0.0,1.0,1.0,scenario_north_heavy,val,development,0.05,-7.0,0.0,0.006666666666666667,0.0,0.0,7.0,6.0,False,55,20.0,0.0,-0.23333333333333334,
995,2i,150.0,3,0.0,3,1.0,False,1,0.0,1.0,1.0,scenario_north_heavy,val,development,0.05,-7.0,0.0,0.006666666666666667,-1.0,-377.46,0.0,4.0,True,,20.0,0.0,-0.23333333333333334,
1000,2i,150.0,3,0.0,3,1.0,False,1,0.0,1.0,1.0,scenario_north_heavy,val,development,0.05,-7.0,-8.3005,0.006666666666666667,-1.0,-260.51,0.0,9.0,True,,20.0,0.0,-0.23333333333333334,
1005,2i,150.0,5,9.204,3,1.0,False,1,0.0,1.0,1.0,scenario_north_heavy,val,development,0.05,-7.0,1.6167000000000007,0.006666666666666667,-1.0,-162.35,0.0,14.0,True,,33.333333333333336,1104.4800000000002,-0.23333333333333334,
1010,2i,150.0,6,6.1325,3,1.0,False,1,0.0,1.0,1.0,scenario_north_heavy,val,development,0.05,1.0,-1.8148999999999997,0.006666666666666667,0.0,-78.83,0.0,19.0,True,,40.0,883.08,0.03333333333333333,
1015,2i,150.0,6,1.2808,5,15.05,False,1,0.0,1.0,1.0,scenario_north_heavy,val,development,0.05,14.05,-5.124,0.10033333333333334,0.0,-12.33,0.0,24.0,True,,40.0,184.4352,0.4683333333333334,
1020,2i,150.0,6,0.0054,6,15.04,False,1,0.0,1.0,1.0,scenario_north_heavy,val,development,0.05,14.04,0.0054,0.10026666666666666,0.0,0.0,1.0,4.0,False,5,40.0,0.7776000000000001,0.46799999999999997,
1025,2i,150.0,6,0.0,6,15.04,False,1,0.0,1.0,1.0,scenario_north_heavy,val,development,0.05,14.04,0.0,0.10026666666666666,0.0,0.0,2.0,2.0,True,,40.0,0.0,0.46799999999999997,
1030,2i,150.0,6,0.0,6,15.04,False,1,0.0,1.0,1.0,scenario_north_heavy,val,development,0.05,14.04,0.0,0.10026666666666666,0.0,0.0,3.0,1.0,False,5,40.0,0.0,0.46799999999999997,
1035,2i,150.0,6,0.0,6,15.04,False,1,0.0,1.0,1.0,scenario_north_heavy,val,development,0.05,14.04,-9.204,0.10026666666666666,0.0,0.0,3.0,6.0,False,10,40.0,0.0,0.46799999999999997,
1040,2i,150.0,3,6.969,2,15.04,False,0,,,,scenario_north_heavy,val,development,0.05,14.04,0.8365,0.10026666666666666,-1.0,,4.0,4.0,False,15,20.0,501.76800000000003,0.46799999999999997,
1045,2i,150.0,4,7.8458,2,15.04,False,0,,,,scenario_north_heavy,val,development,0.05,-0.010000000000001563,6.5649999999999995,0.10026666666666666,-1.0,,4.0,9.0,False,20,26.666666666666668,753.1967999999999,-0.0003333333333333854,
1050,2i,150.0,4,5.8038,2,15.04,False,0,,,,scenario_north_heavy,val,development,0.05,0.0,5.7984,0.10026666666666666,-1.0,,4.0,14.0,False,25,26.666666666666668,557.1648,0.0,
1055,2i,150.0,3,1.1127,2,15.04,False,0,,,,scenario_north_heavy,val,development,0.05,0.0,1.1127,0.10026666666666666,-1.0,,4.0,19.0,False,30,20.0,80.1144,0.0,
1060,2i,150.0,3,0.0032,3,22.05,False,1,18.5771,437.58,437.58,scenario_north_heavy,val,development,0.05,7.010000000000002,0.0032,0.147,0.0,436.58,4.0,24.0,False,35,20.0,0.23040000000000002,0.23366666666666672,
1065,2i,150.0,3,0.0,3,22.04,False,1,18.969,342.35,342.35,scenario_north_heavy,val,development,0.05,7.0,0.0,0.14693333333333333,0.0,341.35,5.0,4.0,False,40,20.0,0.0,0.23333333333333334,
1070,2i,150.0,2,0.9024,1,21.73,False,1,18.2401,248.9,248.9,scenario_north_heavy,val,development,0.05,6.690000000000001,-6.0666,0.14486666666666667,1.0,,6.0,2.0,False,45,13.333333333333334,43.315200000000004,0.22300000000000003,
1075,2i,150.0,3,7.3165,0,0.0,False,1,19.0357,154.0,154.0,scenario_north_heavy,val,development,0.05,-15.04,-0.5293000000000001,0.0,1.0,,7.0,1.0,False,50,20.0,526.788,-0.5013333333333333,
1080,2i,150.0,5,6.7678,2,8.01,False,1,12.9003,76.78,76.78,scenario_north_heavy,val,development,0.05,-7.029999999999999,0.9640000000000004,0.053399999999999996,1.0,,7.0,6.0,False,55,33.333333333333336,812.1360000000001,-0.2343333333333333,
1085,2i,150.0,5,3.8446,3,8.0,False,1,6.028,32.04,32.04,scenario_north_heavy,val,development,0.05,-7.039999999999999,2.7318999999999996,0.05333333333333334,1.0,,0.0,4.0,True,,33.333333333333336,461.35200000000003,-0.23466666666666663,
1090,2i,150.0,5,0.0597,4,22.15,False,1,0.2986,22.15,22.15,scenario_north_heavy,val,development,0.05,0.09999999999999787,0.0565,0.14766666666666667,0.0,-415.43,0.0,9.0,True,,33.333333333333336,7.1640000000000015,0.0033333333333332624,
1095,2i,150.0,5,0.0001,5,22.04,False,1,0.0004,22.04,22.04,scenario_north_heavy,val,development,0.05,0.0,0.0001,0.14693333333333333,0.0,-320.31,0.0,14.0,True,,33.333333333333336,0.012000000000000002,0.0,
1100,2i,150.0,5,0.0,5,22.04,False,1,0.0,22.04,22.04,scenario_north_heavy,val,development,0.05,0.3099999999999987,-0.9024,0.14693333333333333,0.0,-226.86,0.0,19.0,True,,33.333333333333336,0.0,0.01033333333333329,
1105,2i,150.0,5,0.0,5,22.04,False,1,0.0,22.04,22.04,scenario_north_heavy,val,development,0.05,22.04,-7.3165,0.14693333333333333,0.0,-131.96,0.0,24.0,True,,33.333333333333336,0.0,0.7346666666666667,
1110,2i,150.0,8,6.3009,5,22.04,False,1,0.0,22.04,22.04,scenario_north_heavy,val,development,0.05,14.03,-0.46689999999999987,0.14693333333333333,0.0,-54.74,1.0,4.0,False,5,53.333333333333336,1209.7728000000002,0.4676666666666666,
1115,2i,150.0,8,3.1054,5,22.04,False,1,0.0,22.04,22.04,scenario_north_heavy,val,development,0.05,14.04,-0.7391999999999999,0.14693333333333333,0.0,-10.0,2.0,2.0,True,,53.333333333333336,596.2368,0.46799999999999997,
1120,2i,150.0,8,0.7305,7,34.75,False,1,0.0,22.04,22.04,scenario_north_heavy,val,development,0.05,12.600000000000001,0.6708000000000001,0.23166666666666666,0.0,-0.10999999999999943,3.0,1.0,False,5,53.333333333333336,140.25600000000003,0.42000000000000004,
1125,2i,150.0,8,0.049,8,34.75,False,1,0.0,22.04,22.04,scenario_north_heavy,val,development,0.05,12.71,0.0489,0.23166666666666666,0.0,0.0,3.0,6.0,False,10,53.333333333333336,9.408000000000001,0.4236666666666667,
1130,2i,150.0,4,0.0,4,34.75,False,1,0.0,22.04,22.04,scenario_north_heavy,val,development,0.05,12.71,0.0,0.23166666666666666,0.0,0.0,4.0,4.0,False,15,26.666666666666668,0.0,0.4236666666666667,
1135,2i,150.0,4,0.0,4,34.75,False,1,0.0,22.04,22.04,scenario_north_heavy,val,development,0.05,12.71,0.0,0.23166666666666666,0.0,0.0,4.0,9.0,False,20,26.666666666666668,0.0,0.4236666666666667,
1140,2i,150.0,5,4.9149,4,34.75,False,1,0.0,22.04,22.04,scenario_north_heavy,val,development,0.05,12.71,-1.3860000000000001,0.23166666666666666,0.0,0.0,4.0,14.0,False,25,33.333333333333336,589.7880000000001,0.4236666666666667,
1145,2i,150.0,7,6.4996,4,34.75,False,1,0.0,22.04,22.04,scenario_north_heavy,val,development,0.05,12.71,3.3942,0.23166666666666666,0.0,0.0,4.0,19.0,False,30,46.66666666666667,1091.9328,0.4236666666666667,
1150,2i,150.0,6,2.3181,4,34.75,False,1,0.0,22.04,22.04,scenario_north_heavy,val,development,0.05,0.0,1.5875999999999997,0.23166666666666666,0.0,0.0,4.0,24.0,False,35,40.0,333.8064,0.0,
1155,2i,150.0,5,0.0,5,41.76,False,1,0.0,22.04,22.04,scenario_north_heavy,val,development,0.05,7.009999999999998,-0.049,0.2784,0.0,0.0,5.0,4.0,False,40,33.333333333333336,0.0,0.2336666666666666,
1160,2i,150.0,4,0.7043,3,41.76,False,1,0.7684,21.27,21.27,scenario_north_heavy,val,development,0.05,7.009999999999998,0.7043,0.2784,0.0,-0.7699999999999996,6.0,2.0,False,45,26.666666666666668,67.61280000000001,0.2336666666666666,
1165,2i,150.0,3,3.8562,0,0.0,False,1,4.0987,4.76,4.76,scenario_north_heavy,val,development,0.05,-34.75,3.8562,0.0,0.0,-17.28,7.0,1.0,False,50,20.0,277.64639999999997,-1.1583333333333334,
1170,2i,150.0,3,0.2141,2,13.74,False,1,0.0003,1.0,1.0,scenario_north_heavy,val,development,0.05,-21.009999999999998,-4.7008,0.0916,0.0,-21.04,7.0,6.0,False,55,20.0,15.415200000000002,-0.7003333333333333,
1175,2i,150.0,5,8.7223,3,20.71,False,1,0.0,1.0,1.0,scenario_north_heavy,val,development,0.05,-14.04,2.2227000000000006,0.13806666666666667,0.0,-21.04,0.0,4.0,True,,33.333333333333336,1046.6760000000002,-0.46799999999999997,
1180,2i,150.0,6,6.5063,3,20.71,False,1,0.0,1.0,1.0,scenario_north_heavy,val,development,0.05,-14.04,4.1882,0.13806666666666667,0.0,-21.04,0.0,9.0,True,,40.0,936.9072000000001,-0.46799999999999997,
1185,2i,150.0,6,2.5353,5,27.75,False,1,0.0,1.0,1.0,scenario_north_heavy,val,development,0.05,-14.009999999999998,2.5353,0.185,0.0,-21.04,0.0,14.0,True,,40.0,365.0832,-0.4669999999999999,
1190,2i,150.0,6,0.2055,5,27.71,False,1,0.0,1.0,1.0,scenario_north_heavy,val,development,0.05,-14.049999999999997,-0.4988,0.18473333333333333,0.0,-20.27,0.0,19.0,True,,40.0,29.592,-0.4683333333333332,
1195,2i,150.0,6,0.0,6,27.71,False,1,0.0,1.0,1.0,scenario_north_heavy,val,development,0.05,27.71,-3.8562,0.18473333333333333,0.0,-3.76,0.0,24.0,True,,40.0,0.0,0.9236666666666667,
1200,2i,150.0,6,0.0,6,27.71,False,1,0.0,1.0,1.0,scenario_north_heavy,val,development,0.05,13.97,-0.2141,0.18473333333333333,0.0,0.0,1.0,4.0,False,5,40.0,0.0,0.4656666666666667,
1205,2i,150.0,6,0.0,6,27.71,False,1,0.0,1.0,1.0,scenario_north_heavy,val,development,0.05,7.0,-8.7223,0.18473333333333333,0.0,0.0,2.0,2.0,True,,40.0,0.0,0.23333333333333334,
1210,2i,150.0,7,3.3415,6,27.71,False,1,0.0,1.0,1.0,scenario_north_heavy,val,development,0.05,7.0,-3.1648000000000005,0.18473333333333333,0.0,0.0,3.0,1.0,False,5,46.66666666666667,561.3720000000001,0.23333333333333334,
1215,2i,150.0,9,4.2199,6,27.71,False,1,0.0,1.0,1.0,scenario_north_heavy,val,development,0.05,-0.03999999999999915,1.6846,0.18473333333333333,0.0,0.0,3.0,6.0,False,10,60.0,911.4984,-0.0013333333333333049,
1220,2i,150.0,7,3.3367,5,31.72,False,1,0.0,1.0,1.0,scenario_north_heavy,val,development,0.05,4.009999999999998,3.1312,0.21146666666666666,0.0,0.0,4.0,4.0,False,15,46.66666666666667,560.5656,0.1336666666666666,
1225,2i,150.0,6,1.4149,5,31.72,False,1,0.0,1.0,1.0,scenario_north_heavy,val,development,0.05,4.009999999999998,1.4149,0.21146666666666666,0.0,0.0,4.0,9.0,False,20,40.0,203.74560000000002,0.1336666666666666,
1230,2i,150.0,5,0.0,5,31.72,False,1,0.0,1.0,1.0,scenario_north_heavy,val,development,0.05,4.009999999999998,0.0,0.21146666666666666,0.0,0.0,4.0,14.0,False,25,33.333333333333336,0.0,0.1336666666666666,
1235,2i,150.0,5,0.0,5,31.72,False,1,0.0,1.0,1.0,scenario_north_heavy,val,development,0.05,4.009999999999998,0.0,0.21146666666666666,0.0,0.0,4.0,19.0,False,30,33.333333333333336,0.0,0.1336666666666666,
1240,2i,150.0,5,0.0,5,31.72,False,1,0.0,1.0,1.0,scenario_north_heavy,val,development,0.05,4.009999999999998,-3.3415,0.21146666666666666,0.0,0.0,4.0,24.0,False,35,33.333333333333336,0.0,0.1336666666666666,
1245,2i,150.0,6,2.7633,5,31.72,False,1,0.0,1.0,1.0,scenario_north_heavy,val,development,0.05,4.009999999999998,-1.4566,0.21146666666666666,0.0,0.0,5.0,4.0,False,40,40.0,397.9152,0.1336666666666666,
1250,2i,150.0,7,7.2821,2,31.72,False,0,,,,scenario_north_heavy,val,development,0.05,0.0,3.9454,0.21146666666666666,-1.0,,6.0,2.0,False,45,46.66666666666667,1223.3928,0.0,
1255,2i,150.0,5,5.7631,0,0.0,False,0,,,,scenario_north_heavy,val,development,0.05,-31.72,4.348199999999999,0.0,-1.0,,7.0,1.0,False,50,33.333333333333336,691.5720000000001,-1.0573333333333332,
1260,2i,150.0,5,1.2107,4,5.18,False,0,,,,scenario_north_heavy,val,development,0.05,-26.54,1.2107,0.03453333333333333,-1.0,,7.0,6.0,False,55,33.333333333333336,145.28400000000002,-0.8846666666666666,
1265,2i,150.0,5,0.3171,4,5.0,False,0,,,,scenario_north_heavy,val,development,0.05,-26.72,0.3171,0.03333333333333333,-1.0,,0.0,4.0,True,,33.333333333333336,38.052,-0.8906666666666666,
1270,2i,150.0,5,0.0003,5,12.0,False,0,,,,scenario_north_heavy,val,development,0.05,-19.72,0.0003,0.08,-1.0,,0.0,9.0,True,,33.333333333333336,0.036000000000000004,-0.6573333333333333,
1275,2i,150.0,6,2.9289,5,12.0,False,0,,,,scenario_north_heavy,val,development,0.05,-19.72,0.16559999999999997,0.08,-1.0,,0.0,14.0,True,,40.0,421.76160000000004,-0.6573333333333333,
1280,2i,150.0,6,0.9414,5,12.0,False,0,,,,scenario_north_heavy,val,development,0.05,-19.72,-6.3407,0.08,0.0,,0.0,19.0,True,,40.0,135.5616,-0.6573333333333333,
1285,2i,150.0,8,3.4218,6,13.72,False,0,,,,scenario_north_heavy,val,development,0.05,13.72,-2.3412999999999995,0.09146666666666667,0.0,,0.0,24.0,True,,53.333333333333336,656.9856000000001,0.45733333333333337,
1290,2i,150.0,8,1.5566,6,13.71,False,0,,,,scenario_north_heavy,val,development,0.05,8.530000000000001,0.3458999999999999,0.09140000000000001,0.0,,1.0,4.0,False,5,53.333333333333336,298.8672,0.2843333333333334,
1295,2i,150.0,8,0.0568,7,26.1,False,0,,,,scenario_north_heavy,val,development,0.05,21.1,-0.2603,0.17400000000000002,0.0,,2.0,2.0,True,,53.333333333333336,10.905600000000002,0.7033333333333334,
1300,2i,150.0,8,0.0,8,26.04,False,0,,,,scenario_north_heavy,val,development,0.05,14.04,-0.0003,0.1736,0.0,,3.0,1.0,False,5,53.333333333333336,0.0,0.46799999999999997,
1305,2i,150.0,8,0.0,8,26.04,False,0,,,,scenario_north_heavy,val,development,0.05,14.04,-2.9289,0.1736,0.0,,3.0,6.0,False,10,53.333333333333336,0.0,0.46799999999999997,
1310,2i,150.0,6,6.3425,4,26.04,False,0,,,,scenario_north_heavy,val,development,0.05,14.04,5.4011000000000005,0.1736,0.0,,4.0,4.0,False,15,40.0,913.32,0.46799999999999997,
1315,2i,150.0,6,4.9532,4,26.04,False,0,,,,scenario_north_heavy,val,development,0.05,12.319999999999999,1.5313999999999997,0.1736,0.0,,4.0,9.0,False,20,40.0,713.2608,0.4106666666666666,
1320,2i,150.0,5,0.1368,4,26.04,False,0,,,,scenario_north_heavy,val,development,0.05,12.329999999999998,-1.4198,0.1736,0.0,,4.0,14.0,False,25,33.333333333333336,16.416,0.4109999999999999,
1325,2i,150.0,5,0.0,5,38.76,False,0,,,,scenario_north_heavy,val,development,0.05,12.659999999999997,-0.0568,0.25839999999999996,0.0,,4.0,19.0,False,30,33.333333333333336,0.0,0.4219999999999999,
1330,2i,150.0,5,0.0,5,38.76,False,0,,,,scenario_north_heavy,val,development,0.05,12.719999999999999,0.0,0.25839999999999996,0.0,,4.0,24.0,False,35,33.333333333333336,0.0,0.424,
1335,2i,150.0,5,0.0,5,38.76,False,0,,,,scenario_north_heavy,val,development,0.05,12.719999999999999,0.0,0.25839999999999996,0.0,,5.0,4.0,False,40,33.333333333333336,0.0,0.424,
1340,2i,150.0,4,5.8098,3,38.76,False,0,,,,scenario_north_heavy,val,development,0.05,12.719999999999999,-0.5327000000000002,0.25839999999999996,0.0,,6.0,2.0,False,45,26.666666666666668,557.7408,0.424,
1345,2i,150.0,6,11.3914,0,0.0,False,0,,,,scenario_north_heavy,val,development,0.05,-26.04,6.438200000000001,0.0,0.0,,7.0,1.0,False,50,40.0,1640.3616000000002,-0.868,
1350,2i,150.0,6,4.5935,3,27.75,False,0,,,,scenario_north_heavy,val,development,0.05,1.7100000000000009,4.4567,0.185,0.0,,7.0,6.0,False,55,40.0,661.4639999999999,0.05700000000000003,
1355,2i,150.0,6,0.2462,4,27.75,False,0,,,,scenario_north_heavy,val,development,0.05,-11.009999999999998,0.2462,0.185,0.0,,0.0,4.0,True,,40.0,35.452799999999996,-0.36699999999999994,
1360,2i,150.0,6,0.0012,6,31.75,False,0,,,,scenario_north_heavy,val,development,0.05,-7.009999999999998,0.0012,0.21166666666666667,0.0,,0.0,9.0,True,,40.0,0.1728,-0.2336666666666666,
1365,2i,150.0,6,0.0,6,31.75,False,0,,,,scenario_north_heavy,val,development,0.05,-7.009999999999998,0.0,0.21166666666666667,0.0,,0.0,14.0,True,,40.0,0.0,-0.2336666666666666,
1370,2i,150.0,6,0.0,6,31.75,False,0,,,,scenario_north_heavy,val,development,0.05,-7.009999999999998,-5.8098,0.21166666666666667,0.0,,0.0,19.0,True,,40.0,0.0,-0.2336666666666666,
1375,2i,150.0,7,2.4276,6,31.75,False,0,,,,scenario_north_heavy,val,development,0.05,31.75,-8.9638,0.21166666666666667,0.0,,0.0,24.0,True,,46.66666666666667,407.83680000000004,1.0583333333333333,
1380,2i,150.0,9,5.4232,6,31.75,False,0,,,,scenario_north_heavy,val,development,0.05,4.0,0.8296999999999999,0.21166666666666667,0.0,,1.0,4.0,False,5,60.0,1171.4111999999998,0.13333333333333333,
1385,2i,150.0,9,1.6992,7,31.75,False,0,,,,scenario_north_heavy,val,development,0.05,4.0,1.453,0.21166666666666667,0.0,,2.0,2.0,True,,60.0,367.0272,0.13333333333333333,
1390,2i,150.0,9,0.0063,9,38.76,False,0,,,,scenario_north_heavy,val,development,0.05,7.009999999999998,0.0051,0.25839999999999996,0.0,,3.0,1.0,False,5,60.0,1.3608000000000002,0.2336666666666666,
1395,2i,150.0,9,0.0,9,38.76,False,0,,,,scenario_north_heavy,val,development,0.05,7.009999999999998,0.0,0.25839999999999996,0.0,,3.0,6.0,False,10,60.0,0.0,0.2336666666666666,
1400,2i,150.0,5,0.0,5,38.76,False,0,,,,scenario_north_heavy,val,development,0.05,7.009999999999998,0.0,0.25839999999999996,0.0,,4.0,4.0,False,15,33.333333333333336,0.0,0.2336666666666666,
1405,2i,150.0,6,3.5539,5,38.76,False,0,,,,scenario_north_heavy,val,development,0.05,7.009999999999998,1.1263,0.25839999999999996,0.0,,4.0,9.0,False,20,40.0,511.76160000000004,0.2336666666666666,
1410,2i,150.0,6,3.1592,5,38.76,False,0,,,,scenario_north_heavy,val,development,0.05,7.009999999999998,-2.264,0.25839999999999996,0.0,,4.0,14.0,False,25,40.0,454.9248,0.2336666666666666,
1415,2i,150.0,6,3.1378,5,38.76,False,0,,,,scenario_north_heavy,val,development,0.05,7.009999999999998,1.4385999999999999,0.25839999999999996,0.0,,4.0,19.0,False,30,40.0,451.8432,0.2336666666666666,
1420,2i,150.0,7,2.9731,5,38.76,False,0,,,,scenario_north_heavy,val,development,0.05,0.0,2.9668,0.25839999999999996,0.0,,4.0,24.0,False,35,46.66666666666667,499.48080000000004,0.0,
1425,2i,150.0,7,1.4946,6,42.76,False,0,,,,scenario_north_heavy,val,development,0.05,4.0,1.4946,0.28506666666666663,0.0,,5.0,4.0,False,40,46.66666666666667,251.09280000000004,0.13333333333333333,
1430,2i,150.0,6,0.3891,5,42.76,False,0,,,,scenario_north_heavy,val,development,0.05,4.0,0.3891,0.28506666666666663,0.0,,6.0,2.0,False,45,40.0,56.0304,0.13333333333333333,
1435,2i,150.0,5,2.8414,1,1.0,False,1,26.9143,428.63,428.63,scenario_north_heavy,val,development,0.05,-37.76,-0.7124999999999999,0.006666666666666667,1.0,,7.0,1.0,False,50,33.333333333333336,340.9680000000001,-1.2586666666666666,
1440,2i,150.0,6,4.7708,2,1.0,False,1,27.7698,293.94,293.94,scenario_north_heavy,val,development,0.05,-37.76,1.6116000000000006,0.006666666666666667,1.0,,7.0,6.0,False,55,40.0,686.9952000000001,-1.2586666666666666,
1445,2i,150.0,6,1.9725,5,16.02,False,1,26.8,158.36,158.36,scenario_north_heavy,val,development,0.05,-22.74,-1.1653,0.10679999999999999,1.0,,0.0,4.0,True,,40.0,284.04,-0.7579999999999999,
1450,2i,150.0,8,3.8598,6,16.0,False,1,15.3669,53.53,53.53,scenario_north_heavy,val,development,0.05,-22.759999999999998,0.8866999999999998,0.10666666666666667,1.0,,0.0,9.0,True,,53.333333333333336,741.0816,-0.7586666666666666,
1455,2i,150.0,8,0.489,6,16.0,False,1,2.4004,16.04,16.04,scenario_north_heavy,val,development,0.05,-26.759999999999998,-1.0055999999999998,0.10666666666666667,1.0,,0.0,14.0,True,,53.333333333333336,93.888,-0.8919999999999999,
1460,2i,150.0,8,0.0004,8,23.01,False,1,0.0,15.04,15.04,scenario_north_heavy,val,development,0.05,-19.749999999999996,-0.3887,0.1534,1.0,,0.0,19.0,True,,53.333333333333336,0.07680000000000001,-0.6583333333333332,
1465,2i,150.0,8,0.0,8,23.01,False,1,0.0,15.04,15.04,scenario_north_heavy,val,development,0.05,22.01,-2.8414,0.1534,0.0,-413.59,0.0,24.0,True,,53.333333333333336,0.0,0.7336666666666667,
1470,2i,150.0,9,2.8767,8,23.01,False,1,0.0,15.04,15.04,scenario_north_heavy,val,development,0.05,22.01,-1.8941000000000003,0.1534,0.0,-278.9,1.0,4.0,False,5,60.0,621.3672,0.7336666666666667,
1475,2i,150.0,9,1.6951,8,23.01,False,1,0.0,15.04,15.04,scenario_north_heavy,val,development,0.05,6.990000000000002,-0.27739999999999987,0.1534,0.0,-143.32000000000002,2.0,2.0,True,,60.0,366.1416,0.23300000000000007,
1480,2i,150.0,11,4.7538,8,23.01,False,1,0.0,15.04,15.04,scenario_north_heavy,val,development,0.05,7.010000000000002,0.8940000000000001,0.1534,0.0,-38.49,3.0,1.0,False,5,73.33333333333334,1255.0032000000003,0.23366666666666672,
1485,2i,150.0,11,2.2458,9,23.01,False,1,0.0,15.04,15.04,scenario_north_heavy,val,development,0.05,7.010000000000002,1.7568000000000001,0.1534,0.0,-1.0,3.0,6.0,False,10,73.33333333333334,592.8912,0.23366666666666672,
1490,2i,150.0,8,0.7768,5,23.01,False,1,2.5333,7.77,7.77,scenario_north_heavy,val,development,0.05,0.0,0.7764000000000001,0.1534,0.0,-7.27,4.0,4.0,False,15,53.333333333333336,149.14560000000003,0.0,
1495,2i,150.0,6,0.0001,6,27.01,False,0,,,,scenario_north_heavy,val,development,0.05,4.0,0.0001,0.18006666666666668,-1.0,,4.0,9.0,False,20,40.0,0.014400000000000001,0.13333333333333333,
1500,2i,150.0,6,0.0,6,27.01,False,0,,,,scenario_north_heavy,val,development,0.05,4.0,-2.8767,0.18006666666666668,-1.0,,4.0,14.0,False,25,40.0,0.0,0.13333333333333333,
1505,2i,150.0,7,2.8617,6,27.01,False,0,,,,scenario_north_heavy,val,development,0.05,4.0,1.1665999999999999,0.18006666666666668,-1.0,,4.0,19.0,False,30,46.66666666666667,480.76560000000006,0.13333333333333333,
1510,2i,150.0,7,2.3816,6,27.01,False,0,,,,scenario_north_heavy,val,development,0.05,4.0,-2.3722,0.18006666666666668,-1.0,,4.0,24.0,False,35,46.66666666666667,400.10880000000003,0.13333333333333333,
1515,2i,150.0,6,0.0,6,27.01,False,0,,,,scenario_north_heavy,val,development,0.05,4.0,-2.2458,0.18006666666666668,-1.0,,5.0,4.0,False,40,40.0,0.0,0.13333333333333333,
1520,2i,150.0,6,6.1366,3,27.01,False,0,,,,scenario_north_heavy,val,development,0.05,4.0,5.3598,0.18006666666666668,-1.0,,6.0,2.0,False,45,40.0,883.6704,0.13333333333333333,
1525,2i,150.0,5,3.2599,0,0.0,False,0,,,,scenario_north_heavy,val,development,0.05,-27.01,3.2598,0.0,0.0,,7.0,1.0,False,50,33.333333333333336,391.18800000000005,-0.9003333333333334,
1530,2i,150.0,5,0.347,3,8.01,False,0,,,,scenario_north_heavy,val,development,0.05,-19.0,0.347,0.053399999999999996,0.0,,7.0,6.0,False,55,33.333333333333336,41.64,-0.6333333333333333,
1535,2i,150.0,5,0.0014,5,16.01,False,0,,,,scenario_north_heavy,val,development,0.05,-11.0,-2.8603,0.10673333333333335,0.0,,0.0,4.0,True,,33.333333333333336,0.168,-0.36666666666666664,
1540,2i,150.0,6,2.9762,5,16.0,False,0,,,,scenario_north_heavy,val,development,0.05,-11.010000000000002,0.5945999999999998,0.10666666666666667,0.0,,0.0,9.0,True,,40.0,428.57280000000003,-0.36700000000000005,
1545,2i,150.0,6,1.2191,5,16.0,False,0,,,,scenario_north_heavy,val,development,0.05,-11.010000000000002,1.2191,0.10666666666666667,0.0,,0.0,14.0,True,,40.0,175.55040000000002,-0.36700000000000005,
1550,2i,150.0,8,6.1592,6,16.0,False,0,,,,scenario_north_heavy,val,development,0.05,-11.010000000000002,0.02260000000000062,0.10666666666666667,0.0,,0.0,19.0,True,,53.333333333333336,1182.5664000000002,-0.36700000000000005,
1555,2i,150.0,8,3.0271,6,16.0,False,0,,,,scenario_north_heavy,val,development,0.05,16.0,-0.23280000000000012,0.10666666666666667,0.0,,0.0,24.0,True,,53.333333333333336,581.2032,0.5333333333333333,
1560,2i,150.0,8,0.0156,7,16.0,False,0,,,,scenario_north_heavy,val,development,0.05,7.99,-0.3314,0.10666666666666667,0.0,,1.0,4.0,False,5,53.333333333333336,2.9952,0.26633333333333337,
1565,2i,150.0,8,0.0,8,23.01,False,0,,,,scenario_north_heavy,val,development,0.05,7.0,-0.0014,0.1534,0.0,,2.0,2.0,True,,53.333333333333336,0.0,0.23333333333333334,
1570,2i,150.0,8,0.0,8,23.01,False,0,,,,scenario_north_heavy,val,development,0.05,7.010000000000002,-2.9762,0.1534,0.0,,3.0,1.0,False,5,53.333333333333336,0.0,0.23366666666666672,
1575,2i,150.0,9,1.7296,8,23.01,False,0,,,,scenario_north_heavy,val,development,0.05,7.010000000000002,0.5105,0.1534,0.0,,3.0,6.0,False,10,60.0,373.5936,0.23366666666666672,
1580,2i,150.0,5,0.0,5,23.01,False,0,,,,scenario_north_heavy,val,development,0.05,7.010000000000002,-6.1592,0.1534,0.0,,4.0,4.0,False,15,33.333333333333336,0.0,0.23366666666666672,
1585,2i,150.0,6,4.0017,5,23.01,False,0,,,,scenario_north_heavy,val,development,0.05,7.010000000000002,0.9745999999999997,0.1534,0.0,,4.0,9.0,False,20,40.0,576.2447999999999,0.23366666666666672,
1590,2i,150.0,7,4.2983,5,23.01,False,0,,,,scenario_north_heavy,val,development,0.05,7.010000000000002,4.2827,0.1534,0.0,,4.0,14.0,False,25,46.66666666666667,722.1144000000002,0.23366666666666672,
1595,2i,150.0,6,1.3769,5,23.01,False,0,,,,scenario_north_heavy,val,development,0.05,0.0,1.3769,0.1534,0.0,,4.0,19.0,False,30,40.0,198.27360000000002,0.0,
1600,2i,150.0,6,0.167,5,23.01,False,0,,,,scenario_north_heavy,val,development,0.05,0.0,0.167,0.1534,0.0,,4.0,24.0,False,35,40.0,24.048000000000002,0.0,
1605,2i,150.0,7,3.1893,6,30.01,False,0,,,,scenario_north_heavy,val,development,0.05,7.0,1.4596999999999998,0.20006666666666667,0.0,,5.0,4.0,False,40,46.66666666666667,535.8024,0.23333333333333334,
1610,2i,150.0,6,3.3386,4,30.01,False,0,,,,scenario_north_heavy,val,development,0.05,7.0,3.3386,0.20006666666666667,0.0,,6.0,2.0,False,45,40.0,480.7584,0.23333333333333334,
1615,2i,150.0,4,3.2356,0,0.0,False,0,,,,scenario_north_heavy,val,development,0.05,-23.01,-0.7660999999999998,0.0,0.0,,7.0,1.0,False,50,26.666666666666668,310.6176,-0.767,
1620,2i,150.0,5,3.9747,3,8.0,False,0,,,,scenario_north_heavy,val,development,0.05,-15.010000000000002,-0.32360000000000033,0.05333333333333334,0.0,,7.0,6.0,False,55,33.333333333333336,476.96400000000006,-0.5003333333333334,
1625,2i,150.0,6,3.8279,4,15.0,False,0,,,,scenario_north_heavy,val,development,0.05,-8.010000000000002,2.451,0.1,0.0,,0.0,4.0,True,,40.0,551.2176000000001,-0.26700000000000007,
1630,2i,150.0,6,1.628,5,27.72,False,0,,,,scenario_north_heavy,val,development,0.05,4.709999999999997,1.4609999999999999,0.1848,0.0,,0.0,9.0,True,,40.0,234.43199999999996,0.15699999999999992,
1635,2i,150.0,6,0.0,6,27.71,False,0,,,,scenario_north_heavy,val,development,0.05,-2.3000000000000007,-3.1893,0.18473333333333333,0.0,,0.0,14.0,True,,40.0,0.0,-0.07666666666666669,
1640,2i,150.0,6,0.0,6,27.71,False,0,,,,scenario_north_heavy,val,development,0.05,-2.3000000000000007,-3.3386,0.18473333333333333,0.0,,0.0,19.0,True,,40.0,0.0,-0.07666666666666669,
1645,2i,150.0,7,1.7584,6,27.71,False,0,,,,scenario_north_heavy,val,development,0.05,27.71,-1.4771999999999998,0.18473333333333333,0.0,,0.0,24.0,True,,46.66666666666667,295.4112,0.9236666666666667,
1650,2i,150.0,7,1.1155,6,27.71,False,0,,,,scenario_north_heavy,val,development,0.05,19.71,-2.8592,0.18473333333333333,0.0,,1.0,4.0,False,5,46.66666666666667,187.404,0.657,
1655,2i,150.0,8,2.6876,6,27.71,False,0,,,,scenario_north_heavy,val,development,0.05,12.71,-1.1402999999999999,0.18473333333333333,0.0,,2.0,2.0,True,,53.333333333333336,516.0192000000001,0.4236666666666667,
1660,2i,150.0,9,1.7734,7,27.71,False,0,,,,scenario_north_heavy,val,development,0.05,-0.00999999999999801,0.1454000000000002,0.18473333333333333,0.0,,3.0,1.0,False,5,60.0,383.0544,-0.000333333333333267,
1665,2i,150.0,9,0.8144,8,34.72,False,0,,,,scenario_north_heavy,val,development,0.05,7.009999999999998,0.8144,0.23146666666666665,0.0,,3.0,6.0,False,10,60.0,175.9104,0.2336666666666666,
1670,2i,150.0,8,4.0307,5,34.72,False,0,,,,scenario_north_heavy,val,development,0.05,7.009999999999998,4.0307,0.23146666666666665,0.0,,4.0,4.0,False,15,53.333333333333336,773.8944000000001,0.2336666666666666,
1675,2i,150.0,6,2.6983,5,34.72,False,0,,,,scenario_north_heavy,val,development,0.05,7.009999999999998,0.9399000000000002,0.23146666666666665,0.0,,4.0,9.0,False,20,40.0,388.55520000000007,0.2336666666666666,
1680,2i,150.0,5,0.0,5,34.72,False,0,,,,scenario_north_heavy,val,development,0.05,7.009999999999998,-1.1155,0.23146666666666665,0.0,,4.0,14.0,False,25,33.333333333333336,0.0,0.2336666666666666,
1685,2i,150.0,6,4.3416,5,34.72,False,0,,,,scenario_north_heavy,val,development,0.05,7.009999999999998,1.6539999999999995,0.23146666666666665,0.0,,4.0,19.0,False,30,40.0,625.1904,0.2336666666666666,
1690,2i,150.0,7,4.2519,5,34.72,False,0,,,,scenario_north_heavy,val,development,0.05,7.009999999999998,2.4785,0.23146666666666665,0.0,,4.0,24.0,False,35,46.66666666666667,714.3192000000001,0.2336666666666666,
1695,2i,150.0,6,0.1098,5,34.72,False,0,,,,scenario_north_heavy,val,development,0.05,0.0,-0.7046,0.23146666666666665,0.0,,5.0,4.0,False,40,40.0,15.8112,0.0,
1700,2i,150.0,4,0.5461,3,41.72,False,0,,,,scenario_north_heavy,val,development,0.05,7.0,-3.4846000000000004,0.27813333333333334,0.0,,6.0,2.0,False,45,26.666666666666668,52.4256,0.23333333333333334,
1705,2i,150.0,4,8.7155,0,0.0,False,0,,,,scenario_north_heavy,val,development,0.05,-34.72,6.017200000000001,0.0,0.0,,7.0,1.0,False,50,26.666666666666668,836.6880000000001,-1.1573333333333333,
1710,2i,150.0,4,3.5226,2,8.17,False,0,,,,scenario_north_heavy,val,development,0.05,-26.549999999999997,3.5226,0.05446666666666666,0.0,,7.0,6.0,False,55,26.666666666666668,338.16960000000006,-0.8849999999999999,
1715,2i,150.0,4,0.0036,4,15.01,False,0,,,,scenario_north_heavy,val,development,0.05,-19.71,-4.338,0.10006666666666666,0.0,,0.0,4.0,True,,26.666666666666668,0.3456,-0.657,
1720,2i,150.0,6,8.2506,4,15.0,False,0,,,,scenario_north_heavy,val,development,0.05,-19.72,3.9987000000000004,0.1,0.0,,0.0,9.0,True,,40.0,1188.0864000000001,-0.6573333333333333,
1725,2i,150.0,6,4.3362,4,15.0,False,0,,,,scenario_north_heavy,val,development,0.05,-19.72,4.2264,0.1,0.0,,0.0,14.0,True,,40.0,624.4128,-0.6573333333333333,
1730,2i,150.0,6,0.1459,5,15.0,False,0,,,,scenario_north_heavy,val,development,0.05,-26.72,-0.4002,0.1,0.0,,0.0,19.0,True,,40.0,21.009600000000002,-0.8906666666666666,
1735,2i,150.0,7,3.6027,6,22.0,False,0,,,,scenario_north_heavy,val,development,0.05,22.0,-5.1128,0.14666666666666667,0.0,,0.0,24.0,True,,46.66666666666667,605.2536000000001,0.7333333333333333,
1740,2i,150.0,7,2.0195,6,22.0,False,0,,,,scenario_north_heavy,val,development,0.05,13.83,-1.5031000000000003,0.14666666666666667,0.0,,1.0,4.0,False,5,46.66666666666667,339.276,0.461,
1745,2i,150.0,7,0.3483,6,22.0,False,0,,,,scenario_north_heavy,val,development,0.05,6.99,0.3447,0.14666666666666667,0.0,,2.0,2.0,True,,46.66666666666667,58.51440000000001,0.233,
1750,2i,150.0,7,0.0004,7,22.0,False,0,,,,scenario_north_heavy,val,development,0.05,7.0,-8.2502,0.14666666666666667,0.0,,3.0,1.0,False,5,46.66666666666667,0.06720000000000001,0.23333333333333334,
1755,2i,150.0,9,4.6067,7,22.0,False,0,,,,scenario_north_heavy,val,development,0.05,7.0,0.2705000000000002,0.14666666666666667,0.0,,3.0,6.0,False,10,60.0,995.0472000000001,0.23333333333333334,
1760,2i,150.0,6,3.1306,4,22.0,False,0,,,,scenario_north_heavy,val,development,0.05,7.0,2.9846999999999997,0.14666666666666667,0.0,,4.0,4.0,False,15,40.0,450.80639999999994,0.23333333333333334,
1765,2i,150.0,5,0.0026,5,29.01,False,0,,,,scenario_north_heavy,val,development,0.05,7.010000000000002,-3.6001,0.19340000000000002,0.0,,4.0,9.0,False,20,33.333333333333336,0.31200000000000006,0.23366666666666672,
1770,2i,150.0,6,3.9124,5,29.01,False,0,,,,scenario_north_heavy,val,development,0.05,7.010000000000002,1.8929,0.19340000000000002,0.0,,4.0,14.0,False,25,40.0,563.3856000000001,0.23366666666666672,
1775,2i,150.0,6,2.3436,5,29.01,False,0,,,,scenario_north_heavy,val,development,0.05,7.010000000000002,1.9952999999999999,0.19340000000000002,0.0,,4.0,19.0,False,30,40.0,337.47839999999997,0.23366666666666672,
1780,2i,150.0,5,0.0,5,29.01,False,0,,,,scenario_north_heavy,val,development,0.05,7.010000000000002,-0.0004,0.19340000000000002,0.0,,4.0,24.0,False,35,33.333333333333336,0.0,0.23366666666666672,
1785,2i,150.0,5,0.0,5,29.01,False,0,,,,scenario_north_heavy,val,development,0.05,7.010000000000002,-4.6067,0.19340000000000002,0.0,,5.0,4.0,False,40,33.333333333333336,0.0,0.23366666666666672,
1790,2i,150.0,6,7.4513,2,29.01,False,0,,,,scenario_north_heavy,val,development,0.05,7.010000000000002,4.3207,0.19340000000000002,0.0,,6.0,2.0,False,45,40.0,1072.9872,0.23366666666666672,
1795,2i,150.0,4,5.3206,0,0.0,False,0,,,,scenario_north_heavy,val,development,0.05,-29.01,5.318,0.0,0.0,,7.0,1.0,False,50,26.666666666666668,510.77760000000006,-0.9670000000000001,
1800,2i,150.0,4,0.1206,3,8.01,False,0,,,,scenario_north_heavy,val,development,0.05,-21.0,-3.7918,0.053399999999999996,0.0,,7.0,6.0,False,55,26.666666666666668,11.5776,-0.7,
1805,2i,150.0,5,3.1582,4,12.0,False,0,,,,scenario_north_heavy,val,development,0.05,-17.01,0.8146,0.08,0.0,,0.0,4.0,True,,33.333333333333336,378.98400000000004,-0.5670000000000001,
1810,2i,150.0,5,0.862,4,12.0,False,0,,,,scenario_north_heavy,val,development,0.05,-17.01,0.862,0.08,0.0,,0.0,9.0,True,,33.333333333333336,103.44000000000001,-0.5670000000000001,
1815,2i,150.0,5,0.0,5,12.0,False,0,,,,scenario_north_heavy,val,development,0.05,-17.01,0.0,0.08,0.0,,0.0,14.0,True,,33.333333333333336,0.0,-0.5670000000000001,
1820,2i,150.0,5,0.0,5,12.0,False,0,,,,scenario_north_heavy,val,development,0.05,-17.01,-7.4513,0.08,0.0,,0.0,19.0,True,,33.333333333333336,0.0,-0.5670000000000001,
1825,2i,150.0,6,3.4185,5,12.0,False,0,,,,scenario_north_heavy,val,development,0.05,12.0,-1.9021,0.08,0.0,,0.0,24.0,True,,40.0,492.264,0.4,
1830,2i,150.0,7,2.9492,5,12.0,False,0,,,,scenario_north_heavy,val,development,0.05,3.99,2.8286,0.08,0.0,,1.0,4.0,False,5,46.66666666666667,495.46560000000005,0.133,
1835,2i,150.0,8,3.898,6,12.0,False,0,,,,scenario_north_heavy,val,development,0.05,0.0,0.7398000000000002,0.08,0.0,,2.0,2.0,True,,53.333333333333336,748.416,0.0,
1840,2i,150.0,8,2.0239,6,12.0,False,0,,,,scenario_north_heavy,val,development,0.05,0.0,1.1618999999999997,0.08,0.0,,3.0,1.0,False,5,53.333333333333336,388.5888,0.0,
1845,2i,150.0,8,0.4446,7,16.0,False,0,,,,scenario_north_heavy,val,development,0.05,4.0,0.4446,0.10666666666666667,0.0,,3.0,6.0,False,10,53.333333333333336,85.3632,0.13333333333333333,
1850,2i,150.0,4,0.0,4,16.0,False,0,,,,scenario_north_heavy,val,development,0.05,4.0,0.0,0.10666666666666667,0.0,,4.0,4.0,False,15,26.666666666666668,0.0,0.13333333333333333,
1855,2i,150.0,4,0.0,4,16.0,False,0,,,,scenario_north_heavy,val,development,0.05,4.0,-3.4185,0.10666666666666667,0.0,,4.0,9.0,False,20,26.666666666666668,0.0,0.13333333333333333,
1860,2i,150.0,6,5.5691,4,16.0,False,0,,,,scenario_north_heavy,val,development,0.05,4.0,2.6199,0.10666666666666667,0.0,,4.0,14.0,False,25,40.0,801.9504,0.13333333333333333,
1865,2i,150.0,6,2.5921,4,16.0,False,0,,,,scenario_north_heavy,val,development,0.05,4.0,-1.3059000000000003,0.10666666666666667,0.0,,4.0,19.0,False,30,40.0,373.26239999999996,0.13333333333333333,
1870,2i,150.0,7,3.6632,5,28.72,False,0,,,,scenario_north_heavy,val,development,0.05,16.72,1.6393,0.19146666666666665,0.0,,4.0,24.0,False,35,46.66666666666667,615.4176,0.5573333333333333,
1875,2i,150.0,6,1.4669,5,28.72,False,0,,,,scenario_north_heavy,val,development,0.05,12.719999999999999,1.0223,0.19146666666666665,0.0,,5.0,4.0,False,40,40.0,211.23360000000002,0.424,
1880,2i,150.0,5,1.2039,3,28.72,False,1,19.3727,415.81,415.81,scenario_north_heavy,val,development,0.05,12.719999999999999,1.2039,0.19146666666666665,1.0,,6.0,2.0,False,45,33.333333333333336,144.46800000000002,0.424,
1885,2i,150.0,3,2.6566,1,1.0,False,1,19.1843,319.76,319.76,scenario_north_heavy,val,development,0.05,-15.0,2.6566,0.006666666666666667,1.0,,7.0,1.0,False,50,20.0,191.2752,-0.5,
1890,2i,150.0,3,0.001,3,13.71,False,1,19.2878,224.01,224.01,scenario_north_heavy,val,development,0.05,-2.289999999999999,-5.568099999999999,0.09140000000000001,1.0,,7.0,6.0,False,55,20.0,0.07200000000000001,-0.07633333333333331,
1895,2i,150.0,5,6.3843,3,13.71,False,1,15.8238,136.31,136.31,scenario_north_heavy,val,development,0.05,-2.289999999999999,3.7922,0.09140000000000001,1.0,,0.0,4.0,True,,33.333333333333336,766.1160000000001,-0.07633333333333331,
1900,2i,150.0,5,4.0016,3,13.71,False,1,17.267,52.6,52.6,scenario_north_heavy,val,development,0.05,-15.009999999999998,0.33840000000000003,0.09140000000000001,1.0,,0.0,9.0,True,,33.333333333333336,480.192,-0.5003333333333333,
1905,2i,150.0,6,3.1004,4,20.71,False,1,4.0995,2.1,2.1,scenario_north_heavy,val,development,0.05,-8.009999999999998,1.6335,0.13806666666666667,1.0,,0.0,14.0,True,,40.0,446.4576,-0.26699999999999996,
1910,2i,150.0,6,0.7889,5,20.71,False,1,0.0,1.0,1.0,scenario_north_heavy,val,development,0.05,-8.009999999999998,-0.4149999999999999,0.13806666666666667,0.0,-414.81,0.0,19.0,True,,40.0,113.6016,-0.26699999999999996,
1915,2i,150.0,6,0.0,6,20.71,False,1,0.0,1.0,1.0,scenario_north_heavy,val,development,0.05,19.71,-2.6566,0.13806666666666667,0.0,-318.76,0.0,24.0,True,,40.0,0.0,0.657,
1920,2i,150.0,6,0.0,6,20.71,False,1,0.0,1.0,1.0,scenario_north_heavy,val,development,0.05,7.0,-0.001,0.13806666666666667,0.0,-223.01,1.0,4.0,False,5,40.0,0.0,0.23333333333333334,
1925,2i,150.0,8,5.8525,6,20.71,False,1,0.0,1.0,1.0,scenario_north_heavy,val,development,0.05,7.0,-0.5317999999999996,0.13806666666666667,0.0,-135.31,2.0,2.0,True,,53.333333333333336,1123.68,0.23333333333333334,
1930,2i,150.0,8,2.4135,6,20.71,False,1,0.0,1.0,1.0,scenario_north_heavy,val,development,0.05,7.0,-1.5880999999999998,0.13806666666666667,0.0,-51.6,3.0,1.0,False,5,53.333333333333336,463.39200000000005,0.23333333333333334,
1935,2i,150.0,9,2.7638,8,27.72,False,1,0.0,1.0,1.0,scenario_north_heavy,val,development,0.05,7.009999999999998,-0.33660000000000023,0.1848,0.0,-1.1,3.0,6.0,False,10,60.0,596.9807999999999,0.2336666666666666,
1940,2i,150.0,6,3.5769,4,27.71,False,0,,,,scenario_north_heavy,val,development,0.05,7.0,2.7880000000000003,0.18473333333333333,-1.0,,4.0,4.0,False,15,40.0,515.0736,0.23333333333333334,
1945,2i,150.0,4,0.0,4,27.71,False,0,,,,scenario_north_heavy,val,development,0.05,7.0,0.0,0.18473333333333333,-1.0,,4.0,9.0,False,20,26.666666666666668,0.0,0.23333333333333334,
1950,2i,150.0,4,0.0,4,27.71,False,0,,,,scenario_north_heavy,val,development,0.05,7.0,0.0,0.18473333333333333,-1.0,,4.0,14.0,False,25,26.666666666666668,0.0,0.23333333333333334,
1955,2i,150.0,4,0.0,4,27.71,False,0,,,,scenario_north_heavy,val,development,0.05,7.0,-5.8525,0.18473333333333333,-1.0,,4.0,19.0,False,30,26.666666666666668,0.0,0.23333333333333334,
1960,2i,150.0,5,4.8557,4,27.71,False,0,,,,scenario_north_heavy,val,development,0.05,7.0,2.4421999999999997,0.18473333333333333,-1.0,,4.0,24.0,False,35,33.333333333333336,582.684,0.23333333333333334,
1965,2i,150.0,6,3.8521,4,27.71,False,0,,,,scenario_north_heavy,val,development,0.05,-0.00999999999999801,1.0883000000000003,0.18473333333333333,-1.0,,5.0,4.0,False,40,40.0,554.7024,-0.000333333333333267,
1970,2i,150.0,4,2.9538,2,27.71,False,0,,,,scenario_north_heavy,val,development,0.05,0.0,-0.6231,0.18473333333333333,0.0,,6.0,2.0,False,45,26.666666666666668,283.56480000000005,0.0,
1975,2i,150.0,4,6.5211,0,0.0,False,0,,,,scenario_north_heavy,val,development,0.05,-27.71,6.5211,0.0,0.0,,7.0,1.0,False,50,26.666666666666668,626.0256,-0.9236666666666667,
1980,2i,150.0,4,3.3594,2,8.01,False,0,,,,scenario_north_heavy,val,development,0.05,-19.700000000000003,3.3594,0.053399999999999996,0.0,,7.0,6.0,False,55,26.666666666666668,322.5024,-0.6566666666666667,
1985,2i,150.0,4,0.0051,4,12.01,False,0,,,,scenario_north_heavy,val,development,0.05,-15.700000000000001,0.0051,0.08006666666666666,0.0,,0.0,4.0,True,,26.666666666666668,0.48960000000000004,-0.5233333333333333,
1990,2i,150.0,4,0.0,4,12.0,False,0,,,,scenario_north_heavy,val,development,0.05,-15.71,-4.8557,0.08,0.0,,0.0,9.0,True,,26.666666666666668,0.0,-0.5236666666666667,
1995,2i,150.0,6,7.0644,4,12.0,False,0,,,,scenario_north_heavy,val,development,0.05,-15.71,3.2123,0.08,0.0,,0.0,14.0,True,,40.0,1017.2736,-0.5236666666666667,
2000,2i,150.0,7,6.236,4,12.0,False,0,,,,scenario_north_heavy,val,development,0.05,-15.71,3.2821999999999996,0.08,0.0,,0.0,19.0,True,,46.66666666666667,1047.6480000000001,-0.5236666666666667,
2005,2i,150.0,7,1.9538,6,26.04,False,0,,,,scenario_north_heavy,val,development,0.05,26.04,-4.5672999999999995,0.1736,0.0,,0.0,24.0,True,,46.66666666666667,328.23840000000007,0.868,
2010,2i,150.0,7,0.3585,6,26.04,False,0,,,,scenario_north_heavy,val,development,0.05,18.03,-3.0009,0.1736,0.0,,1.0,4.0,False,5,46.66666666666667,60.228,0.6010000000000001,
2015,2i,150.0,7,0.0,7,26.04,False,0,,,,scenario_north_heavy,val,development,0.05,14.03,-0.0051,0.1736,0.0,,2.0,2.0,True,,46.66666666666667,0.0,0.4676666666666666,
2020,2i,150.0,7,0.0,7,26.04,False,0,,,,scenario_north_heavy,val,development,0.05,14.04,0.0,0.1736,0.0,,3.0,1.0,False,5,46.66666666666667,0.0,0.46799999999999997,
2025,2i,150.0,7,0.0,7,26.04,False,0,,,,scenario_north_heavy,val,development,0.05,14.04,-7.0644,0.1736,0.0,,3.0,6.0,False,10,46.66666666666667,0.0,0.46799999999999997,
2030,2i,150.0,6,5.7866,4,26.04,False,0,,,,scenario_north_heavy,val,development,0.05,14.04,-0.4493999999999998,0.1736,0.0,,4.0,4.0,False,15,40.0,833.2704,0.46799999999999997,
2035,2i,150.0,6,3.7559,4,26.04,False,0,,,,scenario_north_heavy,val,development,0.05,0.0,1.8021,0.1736,0.0,,4.0,9.0,False,20,40.0,540.8496,0.0,
2040,2i,150.0,6,2.5866,5,33.05,False,0,,,,scenario_north_heavy,val,development,0.05,7.009999999999998,2.2281,0.22033333333333333,0.0,,4.0,14.0,False,25,40.0,372.4704,0.2336666666666666,
2045,2i,150.0,5,0.0,5,33.05,False,0,,,,scenario_north_heavy,val,development,0.05,7.009999999999998,0.0,0.22033333333333333,0.0,,4.0,19.0,False,30,33.333333333333336,0.0,0.2336666666666666,
2050,2i,150.0,5,0.0,5,33.05,False,0,,,,scenario_north_heavy,val,development,0.05,7.009999999999998,0.0,0.22033333333333333,0.0,,4.0,24.0,False,35,33.333333333333336,0.0,0.2336666666666666,
2055,2i,150.0,5,0.0,5,33.05,False,0,,,,scenario_north_heavy,val,development,0.05,7.009999999999998,0.0,0.22033333333333333,0.0,,5.0,4.0,False,40,33.333333333333336,0.0,0.2336666666666666,
2060,2i,150.0,6,9.3363,2,33.05,False,0,,,,scenario_north_heavy,val,development,0.05,7.009999999999998,3.5496999999999996,0.22033333333333333,0.0,,6.0,2.0,False,45,40.0,1344.4272,0.2336666666666666,
2065,2i,150.0,5,6.1737,0,0.0,False,0,,,,scenario_north_heavy,val,development,0.05,-26.04,2.4178,0.0,0.0,,7.0,1.0,False,50,33.333333333333336,740.844,-0.868,
2070,2i,150.0,6,3.5492,3,22.06,False,0,,,,scenario_north_heavy,val,development,0.05,-10.989999999999998,0.9626000000000001,0.14706666666666665,0.0,,7.0,6.0,False,55,40.0,511.0848,-0.3663333333333333,
2075,2i,150.0,6,1.0264,5,29.05,False,0,,,,scenario_north_heavy,val,development,0.05,-3.9999999999999964,1.0264,0.19366666666666668,0.0,,0.0,4.0,True,,40.0,147.8016,-0.13333333333333322,
2080,2i,150.0,6,0.0,6,29.04,False,0,,,,scenario_north_heavy,val,development,0.05,-4.009999999999998,0.0,0.1936,0.0,,0.0,9.0,True,,40.0,0.0,-0.1336666666666666,
2085,2i,150.0,6,0.0,6,29.04,False,0,,,,scenario_north_heavy,val,development,0.05,-4.009999999999998,0.0,0.1936,0.0,,0.0,14.0,True,,40.0,0.0,-0.1336666666666666,
2090,2i,150.0,6,0.0,6,29.04,False,0,,,,scenario_north_heavy,val,development,0.05,-4.009999999999998,-9.3363,0.1936,0.0,,0.0,19.0,True,,40.0,0.0,-0.1336666666666666,
2095,2i,150.0,8,5.8698,6,29.04,False,0,,,,scenario_north_heavy,val,development,0.05,29.04,-0.3039000000000005,0.1936,0.0,,0.0,24.0,True,,53.333333333333336,1127.0016,0.968,
2100,2i,150.0,9,4.847,6,29.04,False,0,,,,scenario_north_heavy,val,development,0.05,6.98,1.2978000000000005,0.1936,0.0,,1.0,4.0,False,5,60.0,1046.952,0.2326666666666667,
2105,2i,150.0,9,1.8078,8,33.05,False,0,,,,scenario_north_heavy,val,development,0.05,3.9999999999999964,0.7814000000000001,0.22033333333333333,0.0,,2.0,2.0,True,,60.0,390.4848,0.13333333333333322,
2110,2i,150.0,9,0.4181,8,33.05,False,0,,,,scenario_north_heavy,val,development,0.05,4.009999999999998,0.4181,0.22033333333333333,0.0,,3.0,1.0,False,5,60.0,90.3096,0.1336666666666666,
2115,2i,150.0,9,0.0,9,33.05,False,1,27.77,483.3,483.3,scenario_north_heavy,val,development,0.05,4.009999999999998,0.0,0.22033333333333333,1.0,,3.0,6.0,False,10,60.0,0.0,0.1336666666666666,
2120,2i,150.0,5,0.0,5,33.05,False,1,27.5364,349.84,349.84,scenario_north_heavy,val,development,0.05,4.009999999999998,0.0,0.22033333333333333,1.0,,4.0,4.0,False,15,33.333333333333336,0.0,0.1336666666666666,
2125,2i,150.0,5,0.0,5,33.05,False,1,26.8702,216.46,216.46,scenario_north_heavy,val,development,0.05,4.009999999999998,-5.8698,0.22033333333333333,1.0,,4.0,9.0,False,20,33.333333333333336,0.0,0.1336666666666666,
2130,2i,150.0,7,6.1737,5,33.05,False,1,19.0347,97.74,97.74,scenario_north_heavy,val,development,0.05,4.009999999999998,1.3266999999999998,0.22033333333333333,1.0,,4.0,14.0,False,25,46.66666666666667,1037.1816000000001,0.1336666666666666,
2135,2i,150.0,8,4.5153,5,33.05,False,1,5.9618,41.84,41.84,scenario_north_heavy,val,development,0.05,0.0,2.7074999999999996,0.22033333333333333,1.0,,4.0,19.0,False,30,53.333333333333336,866.9376,0.0,
2140,2i,150.0,7,2.3195,6,37.05,False,1,0.0016,37.05,37.05,scenario_north_heavy,val,development,0.05,4.0,1.9014000000000002,0.24699999999999997,1.0,,4.0,24.0,False,35,46.66666666666667,389.6760000000001,0.13333333333333333,
2145,2i,150.0,6,0.0,6,37.05,False,1,0.0,37.05,37.05,scenario_north_heavy,val,development,0.05,4.0,0.0,0.24699999999999997,0.0,-446.25,5.0,4.0,False,40,40.0,0.0,0.13333333333333333,
2150,2i,150.0,5,0.3234,4,37.05,False,1,0.0,37.05,37.05,scenario_north_heavy,val,development,0.05,4.0,0.3234,0.24699999999999997,0.0,-312.78999999999996,6.0,2.0,False,45,33.333333333333336,38.80800000000001,0.13333333333333333,
2155,2i,150.0,5,2.3119,1,35.22,False,1,0.729,35.22,35.22,scenario_north_heavy,val,development,0.05,2.1700000000000017,2.3119,0.23479999999999998,0.0,-181.24,7.0,1.0,False,50,33.333333333333336,277.42800000000005,0.07233333333333339,
2160,2i,150.0,5,0.3774,3,15.01,False,1,1.3403,25.11,25.11,scenario_north_heavy,val,development,0.05,-18.04,-5.7963000000000005,0.10006666666666666,0.0,-72.63,7.0,6.0,False,55,33.333333333333336,45.288000000000004,-0.6013333333333333,
2165,2i,150.0,8,8.3405,5,23.01,False,1,0.0024,23.01,23.01,scenario_north_heavy,val,development,0.05,-10.039999999999996,3.8252000000000006,0.1534,0.0,-18.830000000000002,0.0,4.0,True,,53.333333333333336,1601.3760000000002,-0.3346666666666665,
2170,2i,150.0,8,3.7348,5,23.01,False,1,0.0,23.01,23.01,scenario_north_heavy,val,development,0.05,-14.039999999999996,1.4152999999999998,0.1534,0.0,-14.039999999999996,0.0,9.0,True,,53.333333333333336,717.0816000000001,-0.46799999999999986,
2175,2i,150.0,8,0.4,7,27.01,False,1,0.0,23.01,23.01,scenario_north_heavy,val,development,0.05,-10.039999999999996,0.4,0.18006666666666668,0.0,-14.039999999999996,0.0,14.0,True,,53.333333333333336,76.80000000000001,-0.3346666666666665,
2180,2i,150.0,8,0.0001,8,27.01,False,1,0.0,23.01,23.01,scenario_north_heavy,val,development,0.05,-10.039999999999996,-0.32330000000000003,0.18006666666666668,0.0,-14.039999999999996,0.0,19.0,True,,53.333333333333336,0.019200000000000002,-0.3346666666666665,
2185,2i,150.0,8,0.0,8,27.01,False,1,0.0,23.01,23.01,scenario_north_heavy,val,development,0.05,-8.209999999999997,-2.3119,0.18006666666666668,0.0,-12.209999999999997,0.0,24.0,True,,53.333333333333336,0.0,-0.27366666666666656,
2190,2i,150.0,8,0.0,8,27.01,False,1,0.0,23.01,23.01,scenario_north_heavy,val,development,0.05,12.000000000000002,-0.3774,0.18006666666666668,0.0,-2.099999999999998,1.0,4.0,False,5,53.333333333333336,0.0,0.4000000000000001,
2195,2i,150.0,8,0.0,8,27.01,False,1,0.0,23.01,23.01,scenario_north_heavy,val,development,0.05,4.0,-8.3405,0.18006666666666668,0.0,0.0,2.0,2.0,True,,53.333333333333336,0.0,0.13333333333333333,
2200,2i,150.0,10,3.3716,8,27.01,False,1,0.0,23.01,23.01,scenario_north_heavy,val,development,0.05,4.0,-0.36319999999999997,0.18006666666666668,0.0,0.0,3.0,1.0,False,5,66.66666666666667,809.1840000000001,0.13333333333333333,
2205,2i,150.0,11,2.03,8,27.01,False,1,0.0,23.01,23.01,scenario_north_heavy,val,development,0.05,0.0,1.63,0.18006666666666668,0.0,0.0,3.0,6.0,False,10,73.33333333333334,535.9200000000001,0.0,
2210,2i,150.0,8,1.5481,7,31.01,False,1,0.0,23.01,23.01,scenario_north_heavy,val,development,0.05,4.0,1.548,0.20673333333333335,0.0,0.0,4.0,4.0,False,15,53.333333333333336,297.2352,0.13333333333333333,
2215,2i,150.0,7,0.0,7,31.01,False,1,0.0,23.01,23.01,scenario_north_heavy,val,development,0.05,4.0,0.0,0.20673333333333335,0.0,0.0,4.0,9.0,False,20,46.66666666666667,0.0,0.13333333333333333,
2220,2i,150.0,7,0.0,7,31.01,False,1,0.0,23.01,23.01,scenario_north_heavy,val,development,0.05,4.0,0.0,0.20673333333333335,0.0,0.0,4.0,14.0,False,25,46.66666666666667,0.0,0.13333333333333333,
2225,2i,150.0,7,0.0,7,31.01,False,1,0.0,23.01,23.01,scenario_north_heavy,val,development,0.05,4.0,0.0,0.20673333333333335,0.0,0.0,4.0,19.0,False,30,46.66666666666667,0.0,0.13333333333333333,
2230,2i,150.0,9,5.7385,7,31.01,False,1,0.0,23.01,23.01,scenario_north_heavy,val,development,0.05,4.0,2.3669000000000002,0.20673333333333335,0.0,0.0,4.0,24.0,False,35,60.0,1239.516,0.13333333333333333,
2235,2i,150.0,10,4.384,7,31.01,False,1,0.0,23.01,23.01,scenario_north_heavy,val,development,0.05,4.0,2.3540000000000005,0.20673333333333335,0.0,0.0,5.0,4.0,False,40,66.66666666666667,1052.16,0.13333333333333333,
2240,2i,150.0,9,1.3918,5,38.02,False,1,0.0,23.01,23.01,scenario_north_heavy,val,development,0.05,7.010000000000002,-0.1563000000000001,0.2534666666666667,0.0,0.0,6.0,2.0,False,45,60.0,300.6288,0.23366666666666672,
2245,2i,150.0,7,2.0313,3,37.88,False,1,5.8763,10.41,10.41,scenario_north_heavy,val,development,0.05,6.870000000000001,2.0313,0.25253333333333333,0.0,-12.600000000000001,7.0,1.0,False,50,46.66666666666667,341.2584,0.22900000000000004,
2250,2i,150.0,7,0.6305,5,9.17,False,1,0.1458,5.02,5.02,scenario_north_heavy,val,development,0.05,-21.840000000000003,0.6305,0.06113333333333333,0.0,-17.990000000000002,7.0,6.0,False,55,46.66666666666667,105.924,-0.7280000000000001,
2255,2i,150.0,7,0.0157,7,20.03,False,1,0.0,5.0,5.0,scenario_north_heavy,val,development,0.05,-10.98,0.0157,0.13353333333333334,0.0,-18.01,0.0,4.0,True,,46.66666666666667,2.6376,-0.366,
2260,2i,150.0,7,0.0,7,20.01,False,1,0.0,5.0,5.0,scenario_north_heavy,val,development,0.05,-11.0,-5.7385,0.13340000000000002,0.0,-18.01,0.0,9.0,True,,46.66666666666667,0.0,-0.36666666666666664,
2265,2i,150.0,9,5.5222,7,20.01,False,1,0.0,5.0,5.0,scenario_north_heavy,val,development,0.05,-11.0,1.1381999999999994,0.13340000000000002,0.0,-18.01,0.0,14.0,True,,60.0,1192.7952,-0.36666666666666664,
2270,2i,150.0,10,4.4497,7,20.01,False,1,0.0,5.0,5.0,scenario_north_heavy,val,development,0.05,-18.01,3.0579,0.13340000000000002,0.0,-18.01,0.0,19.0,True,,66.66666666666667,1067.928,-0.6003333333333334,
2275,2i,150.0,10,0.5002,7,20.01,False,1,0.0,5.0,5.0,scenario_north_heavy,val,development,0.05,-17.87,-1.5311,0.13340000000000002,0.0,-5.41,0.0,24.0,True,,66.66666666666667,120.048,-0.5956666666666667,
2280,2i,150.0,10,0.0036,10,24.01,False,1,0.0,5.0,5.0,scenario_north_heavy,val,development,0.05,14.840000000000002,-0.6268999999999999,0.1600666666666667,0.0,-0.019999999999999574,1.0,4.0,False,5,66.66666666666667,0.864,0.4946666666666667,
2285,2i,150.0,10,0.0,10,24.01,False,1,0.0,5.0,5.0,scenario_north_heavy,val,development,0.05,3.9800000000000004,-0.0157,0.1600666666666667,0.0,0.0,2.0,2.0,True,,66.66666666666667,0.0,0.13266666666666668,
2290,2i,150.0,10,0.0,10,24.01,False,1,0.0,5.0,5.0,scenario_north_heavy,val,development,0.05,4.0,0.0,0.1600666666666667,0.0,0.0,3.0,1.0,False,5,66.66666666666667,0.0,0.13333333333333333,
2295,2i,150.0,10,0.0,10,24.01,False,1,0.0,5.0,5.0,scenario_north_heavy,val,development,0.05,4.0,-5.5222,0.1600666666666667,0.0,0.0,3.0,6.0,False,10,66.66666666666667,0.0,0.13333333333333333,
2300,2i,150.0,9,7.7954,6,24.01,False,1,0.0,5.0,5.0,scenario_north_heavy,val,development,0.05,4.0,3.3457,0.1600666666666667,0.0,0.0,4.0,4.0,False,15,60.0,1683.8064,0.13333333333333333,
2305,2i,150.0,9,4.4743,6,24.01,False,1,0.0,5.0,5.0,scenario_north_heavy,val,development,0.05,4.0,3.9741000000000004,0.1600666666666667,0.0,0.0,4.0,9.0,False,20,60.0,966.4488000000001,0.13333333333333333,
2310,2i,150.0,7,0.0121,7,31.05,False,1,0.0,5.0,5.0,scenario_north_heavy,val,development,0.05,7.039999999999999,0.0085,0.20700000000000002,0.0,0.0,4.0,14.0,False,25,46.66666666666667,2.0328000000000004,0.23466666666666663,
2315,2i,150.0,7,0.0,7,31.01,False,1,0.0,5.0,5.0,scenario_north_heavy,val,development,0.05,7.0,0.0,0.20673333333333335,0.0,0.0,4.0,19.0,False,30,46.66666666666667,0.0,0.23333333333333334,
2320,2i,150.0,7,0.0,7,31.01,False,1,0.0,5.0,5.0,scenario_north_heavy,val,development,0.05,7.0,0.0,0.20673333333333335,0.0,0.0,4.0,24.0,False,35,46.66666666666667,0.0,0.23333333333333334,
2325,2i,150.0,7,0.0,7,31.01,False,1,0.0,5.0,5.0,scenario_north_heavy,val,development,0.05,7.0,0.0,0.20673333333333335,0.0,0.0,5.0,4.0,False,40,46.66666666666667,0.0,0.23333333333333334,
2330,2i,150.0,5,0.3498,4,31.01,False,0,,,,scenario_north_heavy,val,development,0.05,7.0,-7.4456,0.20673333333333335,-1.0,,6.0,2.0,False,45,33.333333333333336,41.976,0.23333333333333334,
2335,2i,150.0,5,10.6165,0,0.0,False,0,,,,scenario_north_heavy,val,development,0.05,-24.01,6.1422,0.0,-1.0,,7.0,1.0,False,50,33.333333333333336,1273.98,-0.8003333333333333,
2340,2i,150.0,6,6.5478,2,5.03,False,0,,,,scenario_north_heavy,val,development,0.05,-26.02,6.535699999999999,0.03353333333333333,-1.0,,7.0,6.0,False,55,40.0,942.8832,-0.8673333333333333,
2345,2i,150.0,6,2.0727,4,12.0,False,0,,,,scenario_north_heavy,val,development,0.05,-19.01,2.0727,0.08,-1.0,,0.0,4.0,True,,40.0,298.46880000000004,-0.6336666666666667,
2350,2i,150.0,6,0.0003,6,16.0,False,0,,,,scenario_north_heavy,val,development,0.05,-15.010000000000002,0.0003,0.10666666666666667,-1.0,,0.0,9.0,True,,40.0,0.0432,-0.5003333333333334,
2355,2i,150.0,6,0.0,6,16.0,False,0,,,,scenario_north_heavy,val,development,0.05,-15.010000000000002,0.0,0.10666666666666667,-1.0,,0.0,14.0,True,,40.0,0.0,-0.5003333333333334,
2360,2i,150.0,6,0.0,6,16.0,False,0,,,,scenario_north_heavy,val,development,0.05,-15.010000000000002,-0.3498,0.10666666666666667,0.0,,0.0,19.0,True,,40.0,0.0,-0.5003333333333334,
2365,2i,150.0,7,3.3738,6,16.0,False,0,,,,scenario_north_heavy,val,development,0.05,16.0,-7.2427,0.10666666666666667,0.0,,0.0,24.0,True,,46.66666666666667,566.7984000000001,0.5333333333333333,
2370,2i,150.0,9,5.7922,6,16.0,False,0,,,,scenario_north_heavy,val,development,0.05,10.969999999999999,-0.7555999999999994,0.10666666666666667,0.0,,1.0,4.0,False,5,60.0,1251.1152,0.36566666666666664,
2375,2i,150.0,9,1.4613,6,16.0,False,0,,,,scenario_north_heavy,val,development,0.05,4.0,-0.6114000000000002,0.10666666666666667,0.0,,2.0,2.0,True,,60.0,315.6408,0.13333333333333333,
2380,2i,150.0,9,0.0106,9,23.01,False,0,,,,scenario_north_heavy,val,development,0.05,7.010000000000002,0.0103,0.1534,0.0,,3.0,1.0,False,5,60.0,2.2896,0.23366666666666672,
2385,2i,150.0,9,0.0,9,23.01,False,1,18.4192,456.17,456.17,scenario_north_heavy,val,development,0.05,7.010000000000002,0.0,0.1534,1.0,,3.0,6.0,False,10,60.0,0.0,0.23366666666666672,
2390,2i,150.0,6,0.434,5,23.01,False,1,18.23,362.63,362.63,scenario_north_heavy,val,development,0.05,7.010000000000002,0.434,0.1534,1.0,,4.0,4.0,False,15,40.0,62.496,0.23366666666666672,
2395,2i,150.0,5,0.0,5,23.01,False,1,18.9655,268.74,268.74,scenario_north_heavy,val,development,0.05,7.010000000000002,-3.3738,0.1534,1.0,,4.0,9.0,False,20,33.333333333333336,0.0,0.23366666666666672,
2400,2i,150.0,5,0.0,5,23.01,False,1,18.3588,173.82,173.82,scenario_north_heavy,val,development,0.05,7.010000000000002,-5.7922,0.1534,1.0,,4.0,14.0,False,25,33.333333333333336,0.0,0.23366666666666672,
2405,2i,150.0,8,7.0657,5,23.01,False,1,19.0474,81.1,81.1,scenario_north_heavy,val,development,0.05,7.010000000000002,5.6044,0.1534,1.0,,4.0,19.0,False,30,53.333333333333336,1356.6144,0.23366666666666672,
2410,2i,150.0,7,3.0758,5,23.01,False,0,,,,scenario_north_heavy,val,development,0.05,0.0,3.0652,0.1534,0.0,,4.0,24.0,False,35,46.66666666666667,516.7344000000002,0.0,
2415,2i,150.0,6,0.0005,6,27.01,False,0,,,,scenario_north_heavy,val,development,0.05,4.0,0.0005,0.18006666666666668,-1.0,,5.0,4.0,False,40,40.0,0.07200000000000001,0.13333333333333333,
2420,2i,150.0,5,0.9074,3,27.01,False,0,,,,scenario_north_heavy,val,development,0.05,4.0,0.4734,0.18006666666666668,-1.0,,6.0,2.0,False,45,33.333333333333336,108.88800000000002,0.13333333333333333,
2425,2i,150.0,3,3.3168,0,0.0,False,0,,,,scenario_north_heavy,val,development,0.05,-23.01,3.3168,0.0,-1.0,,7.0,1.0,False,50,20.0,238.80960000000002,-0.767,
2430,2i,150.0,4,6.6195,3,12.03,False,0,,,,scenario_north_heavy,val,development,0.05,-10.980000000000002,6.6195,0.0802,-1.0,,7.0,6.0,False,55,26.666666666666668,635.4720000000001,-0.36600000000000005,
2435,2i,150.0,5,8.1965,3,12.0,False,0,,,,scenario_north_heavy,val,development,0.05,-11.010000000000002,1.1308000000000007,0.08,-1.0,,0.0,4.0,True,,33.333333333333336,983.58,-0.36700000000000005,
2440,2i,150.0,6,5.9018,3,12.0,False,0,,,,scenario_north_heavy,val,development,0.05,-11.010000000000002,2.8259999999999996,0.08,0.0,,0.0,9.0,True,,40.0,849.8591999999999,-0.36700000000000005,
2445,2i,150.0,6,2.2498,4,12.0,False,0,,,,scenario_north_heavy,val,development,0.05,-15.010000000000002,2.2493,0.08,0.0,,0.0,14.0,True,,40.0,323.9712,-0.5003333333333334,
2450,2i,150.0,6,0.7524,5,12.0,False,0,,,,scenario_north_heavy,val,development,0.05,-15.010000000000002,-0.15500000000000003,0.08,0.0,,0.0,19.0,True,,40.0,108.34559999999999,-0.5003333333333334,
2455,2i,150.0,6,0.0008,6,19.01,False,0,,,,scenario_north_heavy,val,development,0.05,19.01,-3.3160000000000003,0.12673333333333334,0.0,,0.0,24.0,True,,40.0,0.11520000000000001,0.6336666666666667,
2460,2i,150.0,6,0.0,6,19.0,False,0,,,,scenario_north_heavy,val,development,0.05,6.970000000000001,-6.6195,0.12666666666666668,0.0,,1.0,4.0,False,5,40.0,0.0,0.23233333333333336,
2465,2i,150.0,7,2.7997,6,19.0,False,0,,,,scenario_north_heavy,val,development,0.05,7.0,-5.396800000000001,0.12666666666666668,0.0,,2.0,2.0,True,,46.66666666666667,470.34960000000007,0.23333333333333334,
2470,2i,150.0,9,6.3967,6,19.0,False,0,,,,scenario_north_heavy,val,development,0.05,7.0,0.49490000000000034,0.12666666666666668,0.0,,3.0,1.0,False,5,60.0,1381.6872,0.23333333333333334,
2475,2i,150.0,9,2.2286,7,19.0,False,0,,,,scenario_north_heavy,val,development,0.05,7.0,-0.021199999999999886,0.12666666666666668,0.0,,3.0,6.0,False,10,60.0,481.3776000000001,0.23333333333333334,
2480,2i,150.0,5,0.013,5,31.73,False,0,,,,scenario_north_heavy,val,development,0.05,19.73,-0.7394,0.21153333333333332,0.0,,4.0,4.0,False,15,33.333333333333336,1.56,0.6576666666666667,
2485,2i,150.0,5,0.0,5,31.72,False,0,,,,scenario_north_heavy,val,development,0.05,12.709999999999997,-0.0008,0.21146666666666666,0.0,,4.0,9.0,False,20,33.333333333333336,0.0,0.4236666666666666,
2490,2i,150.0,5,0.0,5,31.72,False,0,,,,scenario_north_heavy,val,development,0.05,12.719999999999999,0.0,0.21146666666666666,0.0,,4.0,14.0,False,25,33.333333333333336,0.0,0.424,
2495,2i,150.0,5,0.0,5,31.72,False,0,,,,scenario_north_heavy,val,development,0.05,12.719999999999999,-2.7997,0.21146666666666666,0.0,,4.0,19.0,False,30,33.333333333333336,0.0,0.424,
2500,2i,150.0,5,0.0,5,31.72,False,0,,,,scenario_north_heavy,val,development,0.05,12.719999999999999,-6.3967,0.21146666666666666,0.0,,4.0,24.0,False,35,33.333333333333336,0.0,0.424,
2505,2i,150.0,7,5.3868,5,31.72,False,0,,,,scenario_north_heavy,val,development,0.05,12.719999999999999,3.1582,0.21146666666666666,0.0,,5.0,4.0,False,40,46.66666666666667,904.9824000000001,0.424,
2510,2i,150.0,7,5.9478,2,31.72,False,0,,,,scenario_north_heavy,val,development,0.05,-0.010000000000001563,5.9348,0.21146666666666666,0.0,,6.0,2.0,False,45,46.66666666666667,999.2304,-0.0003333333333333854,
2515,2i,150.0,5,5.2593,1,1.0,False,0,,,,scenario_north_heavy,val,development,0.05,-30.72,5.2593,0.006666666666666667,0.0,,7.0,1.0,False,50,33.333333333333336,631.116,-1.024,
2520,2i,150.0,5,0.049,5,17.79,False,0,,,,scenario_north_heavy,val,development,0.05,-13.93,0.049,0.1186,0.0,,7.0,6.0,False,55,33.333333333333336,5.880000000000001,-0.4643333333333333,
2525,2i,150.0,5,0.0002,5,17.71,False,0,,,,scenario_north_heavy,val,development,0.05,-14.009999999999998,0.0002,0.11806666666666667,0.0,,0.0,4.0,True,,33.333333333333336,0.024000000000000004,-0.4669999999999999,
2530,2i,150.0,6,3.8992,5,17.71,False,0,,,,scenario_north_heavy,val,development,0.05,-14.009999999999998,3.8992,0.11806666666666667,0.0,,0.0,9.0,True,,40.0,561.4848,-0.4669999999999999,
2535,2i,150.0,6,1.9051,5,17.71,False,0,,,,scenario_north_heavy,val,development,0.05,-14.009999999999998,-3.4817,0.11806666666666667,0.0,,0.0,14.0,True,,40.0,274.3344,-0.4669999999999999,
2540,2i,150.0,8,4.7758,6,17.71,False,0,,,,scenario_north_heavy,val,development,0.05,-14.009999999999998,-1.1719999999999997,0.11806666666666667,0.0,,0.0,19.0,True,,53.333333333333336,916.9536000000002,-0.4669999999999999,
2545,2i,150.0,8,1.5638,6,17.71,False,0,,,,scenario_north_heavy,val,development,0.05,16.71,-3.6954999999999996,0.11806666666666667,0.0,,0.0,24.0,True,,53.333333333333336,300.24960000000004,0.557,
2550,2i,150.0,8,0.0084,8,24.71,False,0,,,,scenario_north_heavy,val,development,0.05,6.920000000000002,-0.040600000000000004,0.16473333333333334,0.0,,1.0,4.0,False,5,53.333333333333336,1.6128,0.23066666666666671,
2555,2i,150.0,8,0.0,8,24.71,False,0,,,,scenario_north_heavy,val,development,0.05,7.0,-0.0002,0.16473333333333334,0.0,,2.0,2.0,True,,53.333333333333336,0.0,0.23333333333333334,
2560,2i,150.0,8,0.0,8,24.71,False,0,,,,scenario_north_heavy,val,development,0.05,7.0,-3.8992,0.16473333333333334,0.0,,3.0,1.0,False,5,53.333333333333336,0.0,0.23333333333333334,
2565,2i,150.0,9,1.8811,8,24.71,False,0,,,,scenario_north_heavy,val,development,0.05,7.0,-0.02400000000000002,0.16473333333333334,0.0,,3.0,6.0,False,10,60.0,406.31759999999997,0.23333333333333334,
2570,2i,150.0,5,1.9433,4,24.71,False,0,,,,scenario_north_heavy,val,development,0.05,7.0,-2.8325000000000005,0.16473333333333334,0.0,,4.0,4.0,False,15,33.333333333333336,233.19600000000003,0.23333333333333334,
2575,2i,150.0,6,6.1436,4,24.71,False,0,,,,scenario_north_heavy,val,development,0.05,7.0,4.5798000000000005,0.16473333333333334,0.0,,4.0,9.0,False,20,40.0,884.6784000000001,0.23333333333333334,
2580,2i,150.0,5,0.1196,4,24.71,False,0,,,,scenario_north_heavy,val,development,0.05,0.0,0.1112,0.16473333333333334,0.0,,4.0,14.0,False,25,33.333333333333336,14.352,0.0,
2585,2i,150.0,5,0.0,5,31.72,False,0,,,,scenario_north_heavy,val,development,0.05,7.009999999999998,0.0,0.21146666666666666,0.0,,4.0,19.0,False,30,33.333333333333336,0.0,0.2336666666666666,
2590,2i,150.0,5,0.0,5,31.72,False,0,,,,scenario_north_heavy,val,development,0.05,7.009999999999998,0.0,0.21146666666666666,0.0,,4.0,24.0,False,35,33.333333333333336,0.0,0.2336666666666666,
2595,2i,150.0,6,4.2042,5,31.72,False,0,,,,scenario_north_heavy,val,development,0.05,7.009999999999998,2.3231,0.21146666666666666,0.0,,5.0,4.0,False,40,40.0,605.4048,0.2336666666666666,
2600,2i,150.0,5,4.4393,3,31.72,False,0,,,,scenario_north_heavy,val,development,0.05,7.009999999999998,2.4960000000000004,0.21146666666666666,0.0,,6.0,2.0,False,45,33.333333333333336,532.7160000000001,0.2336666666666666,
2605,2i,150.0,3,5.2934,0,0.0,False,0,,,,scenario_north_heavy,val,development,0.05,-24.71,-0.8502000000000001,0.0,0.0,,7.0,1.0,False,50,20.0,381.12480000000005,-0.8236666666666667,
2610,2i,150.0,5,6.8354,3,8.05,False,0,,,,scenario_north_heavy,val,development,0.05,-16.66,6.7158,0.05366666666666667,0.0,,7.0,6.0,False,55,33.333333333333336,820.248,-0.5553333333333333,
2615,2i,150.0,5,3.2326,3,8.0,False,0,,,,scenario_north_heavy,val,development,0.05,-23.72,3.2326,0.05333333333333334,0.0,,0.0,4.0,True,,33.333333333333336,387.91200000000003,-0.7906666666666666,
2620,2i,150.0,5,1.3117,4,8.0,False,0,,,,scenario_north_heavy,val,development,0.05,-23.72,1.3117,0.05333333333333334,0.0,,0.0,9.0,True,,33.333333333333336,157.40400000000002,-0.7906666666666666,
2625,2i,150.0,5,0.4335,4,8.0,False,0,,,,scenario_north_heavy,val,development,0.05,-23.72,-3.7707,0.05333333333333334,0.0,,0.0,14.0,True,,33.333333333333336,52.02,-0.7906666666666666,
2630,2i,150.0,6,3.4892,5,12.0,False,0,,,,scenario_north_heavy,val,development,0.05,-19.72,-0.9501000000000004,0.08,0.0,,0.0,19.0,True,,40.0,502.4448,-0.6573333333333333,
2635,2i,150.0,6,1.7694,5,12.0,False,0,,,,scenario_north_heavy,val,development,0.05,12.0,-3.524,0.08,0.0,,0.0,24.0,True,,40.0,254.79360000000003,0.4,
2640,2i,150.0,6,0.0268,6,12.0,False,0,,,,scenario_north_heavy,val,development,0.05,3.9499999999999993,-6.8086,0.08,0.0,,1.0,4.0,False,5,40.0,3.8592000000000004,0.13166666666666665,
2645,2i,150.0,8,3.9058,6,12.0,False,0,,,,scenario_north_heavy,val,development,0.05,4.0,0.6732,0.08,0.0,,2.0,2.0,True,,53.333333333333336,749.9136000000001,0.13333333333333333,
2650,2i,150.0,8,1.6375,6,12.0,False,0,,,,scenario_north_heavy,val,development,0.05,4.0,0.32579999999999987,0.08,0.0,,3.0,1.0,False,5,53.333333333333336,314.4,0.13333333333333333,
2655,2i,150.0,8,0.8271,7,26.05,False,0,,,,scenario_north_heavy,val,development,0.05,18.05,0.39359999999999995,0.17366666666666666,0.0,,3.0,6.0,False,10,53.333333333333336,158.8032,0.6016666666666667,
2660,2i,150.0,5,1.3574,4,26.04,False,0,,,,scenario_north_heavy,val,development,0.05,14.04,-2.1318,0.1736,0.0,,4.0,4.0,False,15,33.333333333333336,162.888,0.46799999999999997,
2665,2i,150.0,4,0.0,4,26.04,False,0,,,,scenario_north_heavy,val,development,0.05,14.04,-1.7694,0.1736,0.0,,4.0,9.0,False,20,26.666666666666668,0.0,0.46799999999999997,
2670,2i,150.0,5,3.4159,4,26.04,False,0,,,,scenario_north_heavy,val,development,0.05,14.04,3.3891,0.1736,0.0,,4.0,14.0,False,25,33.333333333333336,409.908,0.46799999999999997,
2675,2i,150.0,7,9.323,4,26.04,False,0,,,,scenario_north_heavy,val,development,0.05,14.04,5.4172,0.1736,0.0,,4.0,19.0,False,30,46.66666666666667,1566.2640000000004,0.46799999999999997,
2680,2i,150.0,6,4.8346,4,26.04,False,0,,,,scenario_north_heavy,val,development,0.05,14.04,3.1971,0.1736,0.0,,4.0,24.0,False,35,40.0,696.1824,0.46799999999999997,
2685,2i,150.0,5,0.1359,4,26.04,False,0,,,,scenario_north_heavy,val,development,0.05,-0.010000000000001563,-0.6911999999999999,0.1736,0.0,,5.0,4.0,False,40,33.333333333333336,16.308,-0.0003333333333333854,
2690,2i,150.0,4,1.4038,2,33.05,False,0,,,,scenario_north_heavy,val,development,0.05,7.009999999999998,0.0464,0.22033333333333333,0.0,,6.0,2.0,False,45,26.666666666666668,134.7648,0.2336666666666666,
2695,2i,150.0,2,4.5712,0,0.0,False,0,,,,scenario_north_heavy,val,development,0.05,-26.04,4.5712,0.0,0.0,,7.0,1.0,False,50,13.333333333333334,219.41760000000002,-0.868,
2700,2i,150.0,3,6.2232,1,1.05,False,0,,,,scenario_north_heavy,val,development,0.05,-24.99,2.8073,0.007,0.0,,7.0,6.0,False,55,20.0,448.0704,-0.833,
2705,2i,150.0,3,2.0602,2,8.0,False,0,,,,scenario_north_heavy,val,development,0.05,-18.04,-7.2628,0.05333333333333334,0.0,,0.0,4.0,True,,20.0,148.33440000000002,-0.6013333333333333,
2710,2i,150.0,4,5.5794,3,8.0,False,0,,,,scenario_north_heavy,val,development,0.05,-18.04,0.7447999999999997,0.05333333333333334,0.0,,0.0,9.0,True,,26.666666666666668,535.6224000000001,-0.6013333333333333,
2715,2i,150.0,5,5.2186,3,8.0,False,1,27.77,483.3,483.3,scenario_north_heavy,val,development,0.05,-18.04,5.0827,0.05333333333333334,1.0,,0.0,14.0,True,,33.333333333333336,626.2320000000001,-0.6013333333333333,
2720,2i,150.0,5,1.8279,4,8.0,False,1,26.7946,349.57,349.57,scenario_north_heavy,val,development,0.05,-25.049999999999997,0.42410000000000014,0.05333333333333334,1.0,,0.0,19.0,True,,33.333333333333336,219.348,-0.8349999999999999,
2725,2i,150.0,5,0.4579,4,8.0,False,1,26.3144,217.06,217.06,scenario_north_heavy,val,development,0.05,8.0,-4.113300000000001,0.05333333333333334,1.0,,0.0,24.0,True,,33.333333333333336,54.948,0.26666666666666666,
2730,2i,150.0,6,3.4316,5,15.0,False,1,20.5897,93.44,93.44,scenario_north_heavy,val,development,0.05,13.95,-2.7916000000000003,0.1,1.0,,1.0,4.0,False,5,40.0,494.1504,0.46499999999999997,
2735,2i,150.0,6,1.7047,5,15.0,False,1,10.2285,23.03,23.03,scenario_north_heavy,val,development,0.05,7.0,-0.3554999999999999,0.1,1.0,,2.0,2.0,True,,40.0,245.47680000000003,0.23333333333333334,
2740,2i,150.0,6,0.0123,6,15.0,False,1,0.0736,8.04,8.04,scenario_north_heavy,val,development,0.05,7.0,-5.5671,0.1,1.0,,3.0,1.0,False,5,40.0,1.7711999999999999,0.23333333333333334,
2745,2i,150.0,7,2.7141,6,15.0,False,1,0.0,8.0,8.0,scenario_north_heavy,val,development,0.05,7.0,-2.5045,0.1,0.0,-475.3,3.0,6.0,False,10,46.66666666666667,455.9688000000001,0.23333333333333334,
2750,2i,150.0,5,4.8368,3,15.0,False,0,,,,scenario_north_heavy,val,development,0.05,7.0,3.0089,0.1,-1.0,,4.0,4.0,False,15,33.333333333333336,580.4160000000002,0.23333333333333334,
2755,2i,150.0,4,1.7349,3,15.0,False,0,,,,scenario_north_heavy,val,development,0.05,7.0,1.2770000000000001,0.1,-1.0,,4.0,9.0,False,20,26.666666666666668,166.55040000000002,0.23333333333333334,
2760,2i,150.0,4,0.1151,3,15.0,False,0,,,,scenario_north_heavy,val,development,0.05,0.0,-3.3165,0.1,-1.0,,4.0,14.0,False,25,26.666666666666668,11.0496,0.0,
2765,2i,150.0,5,3.3667,4,27.71,False,0,,,,scenario_north_heavy,val,development,0.05,12.71,1.6619999999999997,0.18473333333333333,-1.0,,4.0,19.0,False,30,33.333333333333336,404.004,0.4236666666666667,
2770,2i,150.0,5,2.8184,4,27.71,False,0,,,,scenario_north_heavy,val,development,0.05,12.71,2.8061,0.18473333333333333,-1.0,,4.0,24.0,False,35,33.333333333333336,338.208,0.4236666666666667,
2775,2i,150.0,4,0.0,4,27.71,False,0,,,,scenario_north_heavy,val,development,0.05,12.71,-2.7141,0.18473333333333333,-1.0,,5.0,4.0,False,40,26.666666666666668,0.0,0.4236666666666667,
2780,2i,150.0,5,7.4204,1,27.71,False,0,,,,scenario_north_heavy,val,development,0.05,12.71,2.5835999999999997,0.18473333333333333,0.0,,6.0,2.0,False,45,33.333333333333336,890.448,0.4236666666666667,
2785,2i,150.0,3,4.6653,0,0.0,False,0,,,,scenario_north_heavy,val,development,0.05,-15.0,2.9304,0.0,0.0,,7.0,1.0,False,50,20.0,335.90160000000003,-0.5,
2790,2i,150.0,3,0.0965,2,1.0,False,0,,,,scenario_north_heavy,val,development,0.05,-14.0,-0.01859999999999999,0.006666666666666667,0.0,,7.0,6.0,False,55,20.0,6.948,-0.4666666666666667,
2795,2i,150.0,3,0.0,3,13.71,False,0,,,,scenario_north_heavy,val,development,0.05,-14.0,-3.3667,0.09140000000000001,0.0,,0.0,4.0,True,,20.0,0.0,-0.4666666666666667,
2800,2i,150.0,4,4.0519,3,13.71,False,1,23.5244,407.05,407.05,scenario_north_heavy,val,development,0.05,-14.0,1.2334999999999998,0.09140000000000001,1.0,,0.0,9.0,True,,26.666666666666668,388.98240000000004,-0.4666666666666667,
2805,2i,150.0,4,4.0095,3,13.71,False,1,23.9573,286.33,286.33,scenario_north_heavy,val,development,0.05,-14.0,4.0095,0.09140000000000001,1.0,,0.0,14.0,True,,26.666666666666668,384.91200000000003,-0.4666666666666667,
2810,2i,150.0,5,5.5764,3,13.71,False,1,24.6801,164.13,164.13,scenario_north_heavy,val,development,0.05,-14.0,-1.8440000000000003,0.09140000000000001,1.0,,0.0,19.0,True,,33.333333333333336,669.168,-0.4666666666666667,
2815,2i,150.0,6,4.933,4,13.71,False,1,16.8751,57.49,57.49,scenario_north_heavy,val,development,0.05,13.71,0.2676999999999996,0.09140000000000001,1.0,,0.0,24.0,True,,40.0,710.3520000000001,0.457,
2820,2i,150.0,6,0.7264,4,13.71,False,1,4.3081,9.39,9.39,scenario_north_heavy,val,development,0.05,12.71,0.6299,0.09140000000000001,1.0,,1.0,4.0,False,5,40.0,104.6016,0.4236666666666667,
2825,2i,150.0,6,0.0042,6,17.71,False,1,0.0252,5.02,5.02,scenario_north_heavy,val,development,0.05,4.0,0.0042,0.11806666666666667,1.0,,2.0,2.0,True,,40.0,0.6048,0.13333333333333333,
2830,2i,150.0,7,3.0577,6,17.71,False,1,0.0,5.0,5.0,scenario_north_heavy,val,development,0.05,4.0,-0.9941999999999998,0.11806666666666667,0.0,-402.05,3.0,1.0,False,5,46.66666666666667,513.6936000000001,0.13333333333333333,
2835,2i,150.0,7,1.2672,6,17.71,False,1,0.0,5.0,5.0,scenario_north_heavy,val,development,0.05,4.0,-2.7423,0.11806666666666667,0.0,-281.33,3.0,6.0,False,10,46.66666666666667,212.88960000000006,0.13333333333333333,
2840,2i,150.0,4,0.7165,3,17.71,False,0,,,,scenario_north_heavy,val,development,0.05,4.0,-4.8599,0.11806666666666667,-1.0,,4.0,4.0,False,15,26.666666666666668,68.784,0.13333333333333333,
2845,2i,150.0,4,6.7805,3,17.71,False,0,,,,scenario_north_heavy,val,development,0.05,4.0,1.8475000000000001,0.11806666666666667,-1.0,,4.0,9.0,False,20,26.666666666666668,650.928,0.13333333333333333,
2850,2i,150.0,5,6.3255,3,17.71,False,0,,,,scenario_north_heavy,val,development,0.05,4.0,5.5991,0.11806666666666667,-1.0,,4.0,14.0,False,25,33.333333333333336,759.0600000000001,0.13333333333333333,
2855,2i,150.0,4,2.4886,3,17.71,False,0,,,,scenario_north_heavy,val,development,0.05,0.0,2.4844,0.11806666666666667,-1.0,,4.0,19.0,False,30,26.666666666666668,238.9056,0.0,
2860,2i,150.0,4,0.6136,3,17.71,False,0,,,,scenario_north_heavy,val,development,0.05,0.0,-2.4441,0.11806666666666667,-1.0,,4.0,24.0,False,35,26.666666666666668,58.90560000000001,0.0,
2865,2i,150.0,5,3.2731,4,21.72,False,0,,,,scenario_north_heavy,val,development,0.05,4.009999999999998,2.0058999999999996,0.14479999999999998,-1.0,,5.0,4.0,False,40,33.333333333333336,392.77200000000005,0.1336666666666666,
2870,2i,150.0,4,4.9732,2,21.71,False,0,,,,scenario_north_heavy,val,development,0.05,4.0,4.2567,0.14473333333333335,0.0,,6.0,2.0,False,45,26.666666666666668,477.4272,0.13333333333333333,
2875,2i,150.0,3,3.0316,0,0.0,False,0,,,,scenario_north_heavy,val,development,0.05,-17.71,-3.7489,0.0,0.0,,7.0,1.0,False,50,20.0,218.27519999999998,-0.5903333333333334,
2880,2i,150.0,4,6.013,3,4.76,False,0,,,,scenario_north_heavy,val,development,0.05,-12.950000000000001,-0.3125,0.03173333333333333,0.0,,7.0,6.0,False,55,26.666666666666668,577.248,-0.4316666666666667,
2885,2i,150.0,5,5.8396,3,4.76,False,0,,,,scenario_north_heavy,val,development,0.05,-12.950000000000001,3.351,0.03173333333333333,0.0,,0.0,4.0,True,,33.333333333333336,700.752,-0.4316666666666667,
2890,2i,150.0,5,2.1092,3,4.76,False,0,,,,scenario_north_heavy,val,development,0.05,-12.950000000000001,1.4956,0.03173333333333333,0.0,,0.0,9.0,True,,33.333333333333336,253.104,-0.4316666666666667,
2895,2i,150.0,6,4.2068,4,4.76,False,0,,,,scenario_north_heavy,val,development,0.05,-16.96,0.9337000000000004,0.03173333333333333,0.0,,0.0,14.0,True,,40.0,605.7792000000001,-0.5653333333333334,
2900,2i,150.0,6,2.0228,5,17.47,False,0,,,,scenario_north_heavy,val,development,0.05,-4.240000000000002,-2.9504,0.11646666666666666,0.0,,0.0,19.0,True,,40.0,291.2832,-0.1413333333333334,
2905,2i,150.0,6,0.0983,5,17.47,False,0,,,,scenario_north_heavy,val,development,0.05,17.47,-2.9333,0.11646666666666666,0.0,,0.0,24.0,True,,40.0,14.1552,0.5823333333333333,
2910,2i,150.0,6,0.0006,6,17.47,False,0,,,,scenario_north_heavy,val,development,0.05,12.709999999999999,-6.0123999999999995,0.11646666666666666,0.0,,1.0,4.0,False,5,40.0,0.0864,0.42366666666666664,
2915,2i,150.0,7,2.5696,6,17.47,False,0,,,,scenario_north_heavy,val,development,0.05,12.709999999999999,-3.27,0.11646666666666666,0.0,,2.0,2.0,True,,46.66666666666667,431.69280000000003,0.42366666666666664,
2920,2i,150.0,8,2.3628,6,17.47,False,0,,,,scenario_north_heavy,val,development,0.05,12.709999999999999,0.25360000000000005,0.11646666666666666,0.0,,3.0,1.0,False,5,53.333333333333336,453.65760000000006,0.42366666666666664,
2925,2i,150.0,8,0.9396,7,17.47,False,0,,,,scenario_north_heavy,val,development,0.05,12.709999999999999,-3.2672000000000003,0.11646666666666666,0.0,,3.0,6.0,False,10,53.333333333333336,180.40320000000003,0.42366666666666664,
2930,2i,150.0,6,4.0519,3,17.47,False,0,,,,scenario_north_heavy,val,development,0.05,0.0,2.0290999999999997,0.11646666666666666,0.0,,4.0,4.0,False,15,40.0,583.4736,0.0,
2935,2i,150.0,5,2.1285,4,30.18,False,0,,,,scenario_north_heavy,val,development,0.05,12.71,2.0302,0.2012,0.0,,4.0,9.0,False,20,33.333333333333336,255.42,0.4236666666666667,
2940,2i,150.0,4,0.0,4,30.18,False,0,,,,scenario_north_heavy,val,development,0.05,12.71,-0.0006,0.2012,0.0,,4.0,14.0,False,25,26.666666666666668,0.0,0.4236666666666667,
2945,2i,150.0,4,0.0,4,30.18,False,0,,,,scenario_north_heavy,val,development,0.05,12.71,-2.5696,0.2012,0.0,,4.0,19.0,False,30,26.666666666666668,0.0,0.4236666666666667,
2950,2i,150.0,5,3.3005,4,30.18,False,0,,,,scenario_north_heavy,val,development,0.05,12.71,0.9377,0.2012,0.0,,4.0,24.0,False,35,33.333333333333336,396.06000000000006,0.4236666666666667,
2955,2i,150.0,6,3.6081,4,30.18,False,0,,,,scenario_north_heavy,val,development,0.05,12.71,2.6685,0.2012,0.0,,5.0,4.0,False,40,40.0,519.5664,0.4236666666666667,
2960,2i,150.0,6,5.0335,2,44.22,False,0,,,,scenario_north_heavy,val,development,0.05,26.75,0.9816000000000003,0.2948,0.0,,6.0,2.0,False,45,40.0,724.824,0.8916666666666667,
2965,2i,150.0,5,4.4086,1,1.0,False,0,,,,scenario_north_heavy,val,development,0.05,-29.18,2.2801,0.006666666666666667,0.0,,7.0,1.0,False,50,33.333333333333336,529.032,-0.9726666666666667,
2970,2i,150.0,5,0.199,3,13.71,False,0,,,,scenario_north_heavy,val,development,0.05,-16.47,0.199,0.09140000000000001,0.0,,7.0,6.0,False,55,33.333333333333336,23.880000000000003,-0.5489999999999999,
2975,2i,150.0,5,0.0,5,27.75,False,0,,,,scenario_north_heavy,val,development,0.05,-2.4299999999999997,0.0,0.185,0.0,,0.0,4.0,True,,33.333333333333336,0.0,-0.08099999999999999,
2980,2i,150.0,6,4.5227,5,27.75,False,0,,,,scenario_north_heavy,val,development,0.05,-2.4299999999999997,1.2222000000000004,0.185,0.0,,0.0,9.0,True,,40.0,651.2688000000002,-0.08099999999999999,
2985,2i,150.0,7,3.9407,5,27.75,False,0,,,,scenario_north_heavy,val,development,0.05,-2.4299999999999997,0.33260000000000023,0.185,0.0,,0.0,14.0,True,,46.66666666666667,662.0376000000001,-0.08099999999999999,
2990,2i,150.0,7,0.2082,5,27.75,False,0,,,,scenario_north_heavy,val,development,0.05,-16.47,-4.8253,0.185,0.0,,0.0,19.0,True,,46.66666666666667,34.9776,-0.5489999999999999,
2995,2i,150.0,7,0.0015,7,34.76,False,0,,,,scenario_north_heavy,val,development,0.05,33.76,-4.4071,0.23173333333333332,0.0,,0.0,24.0,True,,46.66666666666667,0.25200000000000006,1.1253333333333333,
3000,2i,150.0,8,1.6677,7,34.75,False,0,,,,scenario_north_heavy,val,development,0.05,21.04,1.4687,0.23166666666666666,0.0,,1.0,4.0,False,5,53.333333333333336,320.19840000000005,0.7013333333333333,
3005,2i,150.0,8,1.1052,7,34.75,False,0,,,,scenario_north_heavy,val,development,0.05,7.0,1.1052,0.23166666666666666,0.0,,2.0,2.0,True,,53.333333333333336,212.19840000000002,0.23333333333333334,
3010,2i,150.0,8,0.5583,7,34.75,False,0,,,,scenario_north_heavy,val,development,0.05,7.0,-3.9644000000000004,0.23166666666666666,0.0,,3.0,1.0,False,5,53.333333333333336,107.19360000000002,0.23333333333333334,
3015,2i,150.0,9,2.8816,8,34.75,False,1,18.3587,437.93,437.93,scenario_north_heavy,val,development,0.05,7.0,-1.0591,0.23166666666666666,1.0,,3.0,6.0,False,10,60.0,622.4256,0.23333333333333334,
3020,2i,150.0,7,4.6441,4,34.75,False,1,18.5564,343.55,343.55,scenario_north_heavy,val,development,0.05,7.0,4.4359,0.23166666666666666,1.0,,4.0,4.0,False,15,46.66666666666667,780.2088000000001,0.23333333333333334,
3025,2i,150.0,5,0.224,4,34.75,False,1,18.2987,250.17,250.17,scenario_north_heavy,val,development,0.05,-0.00999999999999801,0.2225,0.23166666666666666,1.0,,4.0,9.0,False,20,33.333333333333336,26.880000000000003,-0.000333333333333267,
3030,2i,150.0,5,0.0001,5,41.76,False,1,18.7161,156.35,156.35,scenario_north_heavy,val,development,0.05,7.009999999999998,-1.6676,0.2784,1.0,,4.0,14.0,False,25,33.333333333333336,0.012000000000000002,0.2336666666666666,
3035,2i,150.0,6,3.0483,5,41.76,False,1,18.2896,70.6,70.6,scenario_north_heavy,val,development,0.05,7.009999999999998,1.9430999999999998,0.2784,1.0,,4.0,19.0,False,30,40.0,438.9552,0.2336666666666666,
3040,2i,150.0,5,0.0,5,41.76,False,0,,,,scenario_north_heavy,val,development,0.05,7.009999999999998,-0.5583,0.2784,0.0,,4.0,24.0,False,35,33.333333333333336,0.0,0.2336666666666666,
3045,2i,150.0,5,0.0,5,41.76,False,0,,,,scenario_north_heavy,val,development,0.05,7.009999999999998,-2.8816,0.2784,-1.0,,5.0,4.0,False,40,33.333333333333336,0.0,0.2336666666666666,
3050,2i,150.0,6,7.783,3,41.76,False,0,,,,scenario_north_heavy,val,development,0.05,7.009999999999998,3.1389000000000005,0.2784,-1.0,,6.0,2.0,False,45,40.0,1120.7520000000002,0.2336666666666666,
3055,2i,150.0,5,7.1757,0,0.0,False,0,,,,scenario_north_heavy,val,development,0.05,-34.75,6.9517,0.0,-1.0,,7.0,1.0,False,50,33.333333333333336,861.0840000000001,-1.1583333333333334,
3060,2i,150.0,6,5.0887,2,8.29,False,0,,,,scenario_north_heavy,val,development,0.05,-33.47,5.0886000000000005,0.05526666666666666,-1.0,,7.0,6.0,False,55,40.0,732.7728000000001,-1.1156666666666666,
3065,2i,150.0,6,2.496,5,22.14,False,0,,,,scenario_north_heavy,val,development,0.05,-19.619999999999997,-0.5522999999999998,0.1476,-1.0,,0.0,4.0,True,,40.0,359.424,-0.6539999999999999,
3070,2i,150.0,6,0.0,5,22.0,False,0,,,,scenario_north_heavy,val,development,0.05,-19.759999999999998,0.0,0.14666666666666667,0.0,,0.0,9.0,True,,40.0,0.0,-0.6586666666666666,
3075,2i,150.0,6,0.0,6,22.0,False,0,,,,scenario_north_heavy,val,development,0.05,-19.759999999999998,0.0,0.14666666666666667,0.0,,0.0,14.0,True,,40.0,0.0,-0.6586666666666666,
3080,2i,150.0,6,0.0,6,22.0,False,0,,,,scenario_north_heavy,val,development,0.05,-19.759999999999998,-7.783,0.14666666666666667,0.0,,0.0,19.0,True,,40.0,0.0,-0.6586666666666666,
3085,2i,150.0,8,5.4282,6,22.0,False,0,,,,scenario_north_heavy,val,development,0.05,22.0,-1.7474999999999996,0.14666666666666667,0.0,,0.0,24.0,True,,53.333333333333336,1042.2144,0.7333333333333333,
3090,2i,150.0,8,2.3613,6,22.0,False,0,,,,scenario_north_heavy,val,development,0.05,13.71,-2.7274000000000003,0.14666666666666667,0.0,,1.0,4.0,False,5,53.333333333333336,453.36960000000005,0.457,
3095,2i,150.0,9,1.9994,7,26.01,False,0,,,,scenario_north_heavy,val,development,0.05,3.870000000000001,-0.49659999999999993,0.1734,0.0,,2.0,2.0,True,,60.0,431.8704,0.12900000000000003,
3100,2i,150.0,9,0.8351,8,26.01,False,0,,,,scenario_north_heavy,val,development,0.05,4.010000000000002,0.8351,0.1734,0.0,,3.0,1.0,False,5,60.0,180.3816,0.1336666666666667,
3105,2i,150.0,9,0.0098,9,26.01,False,0,,,,scenario_north_heavy,val,development,0.05,4.010000000000002,0.0098,0.1734,0.0,,3.0,6.0,False,10,60.0,2.1168,0.1336666666666667,
3110,2i,150.0,5,0.0,5,26.01,False,0,,,,scenario_north_heavy,val,development,0.05,4.010000000000002,0.0,0.1734,0.0,,4.0,4.0,False,15,33.333333333333336,0.0,0.1336666666666667,
3115,2i,150.0,5,0.0,5,26.01,False,0,,,,scenario_north_heavy,val,development,0.05,4.010000000000002,-5.4282,0.1734,0.0,,4.0,9.0,False,20,33.333333333333336,0.0,0.1336666666666667,
3120,2i,150.0,6,3.5103,5,26.01,False,0,,,,scenario_north_heavy,val,development,0.05,4.010000000000002,1.149,0.1734,0.0,,4.0,14.0,False,25,40.0,505.4832,0.1336666666666667,
3125,2i,150.0,7,3.1329,5,26.01,False,0,,,,scenario_north_heavy,val,development,0.05,0.0,1.1334999999999997,0.1734,0.0,,4.0,19.0,False,30,46.66666666666667,526.3272000000001,0.0,
3130,2i,150.0,8,3.0608,6,30.01,False,0,,,,scenario_north_heavy,val,development,0.05,4.0,2.2257,0.20006666666666667,0.0,,4.0,24.0,False,35,53.333333333333336,587.6736,0.13333333333333333,
3135,2i,150.0,8,0.8806,6,30.01,False,0,,,,scenario_north_heavy,val,development,0.05,4.0,0.8708,0.20006666666666667,0.0,,5.0,4.0,False,40,53.333333333333336,169.07520000000002,0.13333333333333333,
3140,2i,150.0,7,1.0572,5,30.01,False,0,,,,scenario_north_heavy,val,development,0.05,4.0,1.0572,0.20006666666666667,0.0,,6.0,2.0,False,45,46.66666666666667,177.60960000000003,0.13333333333333333,
3145,2i,150.0,5,2.439,2,1.0,False,0,,,,scenario_north_heavy,val,development,0.05,-25.01,2.439,0.006666666666666667,0.0,,7.0,1.0,False,50,33.333333333333336,292.68,-0.8336666666666667,
3150,2i,150.0,5,0.1403,4,5.03,False,0,,,,scenario_north_heavy,val,development,0.05,-20.98,-3.37,0.03353333333333333,0.0,,7.0,6.0,False,55,33.333333333333336,16.836000000000006,-0.6993333333333334,
3155,2i,150.0,6,3.2396,5,9.0,False,0,,,,scenario_north_heavy,val,development,0.05,-17.01,0.10670000000000002,0.06,0.0,,0.0,4.0,True,,40.0,466.50239999999997,-0.5670000000000001,
3160,2i,150.0,8,5.0559,5,9.0,False,0,,,,scenario_north_heavy,val,development,0.05,-21.01,1.9951000000000003,0.06,0.0,,0.0,9.0,True,,53.333333333333336,970.7328000000001,-0.7003333333333334,
3165,2i,150.0,8,1.9777,6,16.0,False,0,,,,scenario_north_heavy,val,development,0.05,-14.010000000000002,1.0971,0.10666666666666667,0.0,,0.0,14.0,True,,53.333333333333336,379.71840000000003,-0.467,
3170,2i,150.0,8,0.0146,8,16.0,False,0,,,,scenario_north_heavy,val,development,0.05,-14.010000000000002,-1.0426,0.10666666666666667,0.0,,0.0,19.0,True,,53.333333333333336,2.8032000000000004,-0.467,
3175,2i,150.0,8,0.0,8,16.0,False,1,18.7162,418.66,418.66,scenario_north_heavy,val,development,0.05,15.0,-2.439,0.10666666666666667,1.0,,0.0,24.0,True,,53.333333333333336,0.0,0.5,
3180,2i,150.0,8,0.0,8,16.0,False,1,18.4733,323.78,323.78,scenario_north_heavy,val,development,0.05,10.969999999999999,-0.1403,0.10666666666666667,1.0,,1.0,4.0,False,5,53.333333333333336,0.0,0.36566666666666664,
3185,2i,150.0,9,2.9011,8,16.0,False,1,18.2665,231.48,231.48,scenario_north_heavy,val,development,0.05,7.0,-0.3384999999999998,0.10666666666666667,1.0,,2.0,2.0,True,,60.0,626.6376,0.23333333333333334,
3190,2i,150.0,10,3.0379,8,16.0,False,1,18.1234,138.24,138.24,scenario_north_heavy,val,development,0.05,7.0,-2.0180000000000002,0.10666666666666667,1.0,,3.0,1.0,False,5,66.66666666666667,729.0960000000001,0.23333333333333334,
3195,2i,150.0,11,2.3831,8,16.0,False,1,11.3335,66.78,66.78,scenario_north_heavy,val,development,0.05,0.0,0.4054000000000002,0.10666666666666667,1.0,,3.0,6.0,False,10,73.33333333333334,629.1384000000002,0.0,
3200,2i,150.0,8,2.2688,5,23.01,False,1,4.9672,30.68,30.68,scenario_north_heavy,val,development,0.05,7.010000000000002,2.2542,0.1534,1.0,,4.0,4.0,False,15,53.333333333333336,435.60960000000006,0.23366666666666672,
3205,2i,150.0,6,0.948,5,23.01,False,1,5.6879,0.3,0.3,scenario_north_heavy,val,development,0.05,7.010000000000002,0.948,0.1534,0.0,-418.36,4.0,9.0,False,20,40.0,136.512,0.23366666666666672,
3210,2i,150.0,5,0.0,5,23.01,False,0,,,,scenario_north_heavy,val,development,0.05,7.010000000000002,0.0,0.1534,-1.0,,4.0,14.0,False,25,33.333333333333336,0.0,0.23366666666666672,
3215,2i,150.0,5,0.0,5,23.01,False,0,,,,scenario_north_heavy,val,development,0.05,7.010000000000002,-2.9011,0.1534,-1.0,,4.0,19.0,False,30,33.333333333333336,0.0,0.23366666666666672,
3220,2i,150.0,7,7.0188,5,23.01,False,0,,,,scenario_north_heavy,val,development,0.05,7.010000000000002,3.9808999999999997,0.1534,-1.0,,4.0,24.0,False,35,46.66666666666667,1179.1584,0.23366666666666672,
3225,2i,150.0,8,5.3716,5,23.01,False,0,,,,scenario_north_heavy,val,development,0.05,7.010000000000002,2.9884999999999997,0.1534,-1.0,,5.0,4.0,False,40,53.333333333333336,1031.3472,0.23366666666666672,
3230,2i,150.0,7,2.475,5,27.01,False,0,,,,scenario_north_heavy,val,development,0.05,4.0,0.20619999999999994,0.18006666666666668,-1.0,,6.0,2.0,False,45,46.66666666666667,415.80000000000007,0.13333333333333333,
3235,2i,150.0,5,2.2231,1,1.0,False,0,,,,scenario_north_heavy,val,development,0.05,-22.01,1.2751000000000001,0.006666666666666667,-1.0,,7.0,1.0,False,50,33.333333333333336,266.77200000000005,-0.7336666666666667,
3240,2i,150.0,5,0.1768,4,8.01,False,0,,,,scenario_north_heavy,val,development,0.05,-15.000000000000002,0.1768,0.053399999999999996,0.0,,7.0,6.0,False,55,33.333333333333336,21.216000000000005,-0.5000000000000001,
3245,2i,150.0,5,0.0,5,12.0,False,0,,,,scenario_north_heavy,val,development,0.05,-11.010000000000002,0.0,0.08,0.0,,0.0,4.0,True,,33.333333333333336,0.0,-0.36700000000000005,
3250,2i,150.0,5,0.0,5,12.0,False,0,,,,scenario_north_heavy,val,development,0.05,-11.010000000000002,-7.0188,0.08,0.0,,0.0,9.0,True,,33.333333333333336,0.0,-0.36700000000000005,
3255,2i,150.0,7,6.0596,5,12.0,False,0,,,,scenario_north_heavy,val,development,0.05,-11.010000000000002,0.6879999999999997,0.08,0.0,,0.0,14.0,True,,46.66666666666667,1018.0128000000001,-0.36700000000000005,
3260,2i,150.0,7,2.3834,5,12.0,False,0,,,,scenario_north_heavy,val,development,0.05,-15.010000000000002,-0.09160000000000013,0.08,0.0,,0.0,19.0,True,,46.66666666666667,400.4112,-0.5003333333333334,
3265,2i,150.0,8,2.0031,7,16.01,False,0,,,,scenario_north_heavy,val,development,0.05,15.010000000000002,-0.2200000000000002,0.10673333333333335,0.0,,0.0,24.0,True,,53.333333333333336,384.5952,0.5003333333333334,
3270,2i,150.0,8,1.0819,7,16.0,False,0,,,,scenario_north_heavy,val,development,0.05,7.99,0.9051,0.10666666666666667,0.0,,1.0,4.0,False,5,53.333333333333336,207.72480000000002,0.26633333333333337,
3275,2i,150.0,8,0.1936,7,16.0,False,0,,,,scenario_north_heavy,val,development,0.05,4.0,0.1936,0.10666666666666667,0.0,,2.0,2.0,True,,53.333333333333336,37.171200000000006,0.13333333333333333,
3280,2i,150.0,8,0.0,8,16.0,False,0,,,,scenario_north_heavy,val,development,0.05,4.0,0.0,0.10666666666666667,0.0,,3.0,1.0,False,5,53.333333333333336,0.0,0.13333333333333333,
3285,2i,150.0,8,0.0,8,16.0,False,0,,,,scenario_north_heavy,val,development,0.05,4.0,-6.0596,0.10666666666666667,0.0,,3.0,6.0,False,10,53.333333333333336,0.0,0.13333333333333333,
3290,2i,150.0,6,7.0176,4,16.0,False,0,,,,scenario_north_heavy,val,development,0.05,4.0,4.6342,0.10666666666666667,0.0,,4.0,4.0,False,15,40.0,1010.5344,0.13333333333333333,
3295,2i,150.0,7,4.5125,4,16.0,False,0,,,,scenario_north_heavy,val,development,0.05,-0.010000000000001563,2.5094000000000003,0.10666666666666667,0.0,,4.0,9.0,False,20,46.66666666666667,758.1000000000001,-0.0003333333333333854,
3300,2i,150.0,5,0.0001,5,20.01,False,0,,,,scenario_north_heavy,val,development,0.05,4.010000000000002,-1.0818,0.13340000000000002,0.0,,4.0,14.0,False,25,33.333333333333336,0.012000000000000002,0.1336666666666667,
3305,2i,150.0,5,0.0,5,20.01,False,0,,,,scenario_north_heavy,val,development,0.05,4.010000000000002,-0.1936,0.13340000000000002,0.0,,4.0,19.0,False,30,33.333333333333336,0.0,0.1336666666666667,
3310,2i,150.0,5,0.0,5,20.01,False,0,,,,scenario_north_heavy,val,development,0.05,4.010000000000002,0.0,0.13340000000000002,0.0,,4.0,24.0,False,35,33.333333333333336,0.0,0.1336666666666667,
3315,2i,150.0,5,0.0,5,20.01,False,0,,,,scenario_north_heavy,val,development,0.05,4.010000000000002,0.0,0.13340000000000002,0.0,,5.0,4.0,False,40,33.333333333333336,0.0,0.1336666666666667,
3320,2i,150.0,4,1.3249,2,20.01,False,0,,,,scenario_north_heavy,val,development,0.05,4.010000000000002,-5.6927,0.13340000000000002,0.0,,6.0,2.0,False,45,26.666666666666668,127.1904,0.1336666666666667,
3325,2i,150.0,5,11.9586,0,0.0,False,0,,,,scenario_north_heavy,val,development,0.05,-16.0,7.4461,0.0,0.0,,7.0,1.0,False,50,33.333333333333336,1435.0320000000002,-0.5333333333333333,
3330,2i,150.0,5,3.7421,2,5.01,False,0,,,,scenario_north_heavy,val,development,0.05,-15.000000000000002,3.742,0.0334,0.0,,7.0,6.0,False,55,33.333333333333336,449.052,-0.5000000000000001,
3335,2i,150.0,5,0.0006,5,12.0,False,0,,,,scenario_north_heavy,val,development,0.05,-8.010000000000002,0.0006,0.08,0.0,,0.0,4.0,True,,33.333333333333336,0.07200000000000001,-0.26700000000000007,
3340,2i,150.0,5,0.0,5,12.0,False,0,,,,scenario_north_heavy,val,development,0.05,-8.010000000000002,0.0,0.08,0.0,,0.0,9.0,True,,33.333333333333336,0.0,-0.26700000000000007,
3345,2i,150.0,5,0.0,5,12.0,False,0,,,,scenario_north_heavy,val,development,0.05,-8.010000000000002,0.0,0.08,0.0,,0.0,14.0,True,,33.333333333333336,0.0,-0.26700000000000007,
3350,2i,150.0,5,0.0,5,12.0,False,0,,,,scenario_north_heavy,val,development,0.05,-8.010000000000002,-1.3249,0.08,0.0,,0.0,19.0,True,,33.333333333333336,0.0,-0.26700000000000007,
3355,2i,150.0,6,4.4418,5,12.0,False,0,,,,scenario_north_heavy,val,development,0.05,12.0,-7.516800000000001,0.08,0.0,,0.0,24.0,True,,40.0,639.6192,0.4,
3360,2i,150.0,8,6.3613,5,12.0,False,0,,,,scenario_north_heavy,val,development,0.05,6.99,2.6191999999999998,0.08,0.0,,1.0,4.0,False,5,53.333333333333336,1221.3696000000002,0.233,
3365,2i,150.0,8,2.6691,5,12.0,False,0,,,,scenario_north_heavy,val,development,0.05,0.0,2.6685,0.08,0.0,,2.0,2.0,True,,53.333333333333336,512.4672,0.0,
3370,2i,150.0,8,0.6997,7,16.0,False,0,,,,scenario_north_heavy,val,development,0.05,4.0,0.6997,0.10666666666666667,0.0,,3.0,1.0,False,5,53.333333333333336,134.3424,0.13333333333333333,
3375,2i,150.0,8,0.0121,8,16.0,False,0,,,,scenario_north_heavy,val,development,0.05,4.0,0.0121,0.10666666666666667,0.0,,3.0,6.0,False,10,53.333333333333336,2.3232000000000004,0.13333333333333333,
3380,2i,150.0,4,0.0,4,16.0,False,1,19.016,399.69,399.69,scenario_north_heavy,val,development,0.05,4.0,0.0,0.10666666666666667,1.0,,4.0,4.0,False,15,26.666666666666668,0.0,0.13333333333333333,
3385,2i,150.0,4,0.0,4,16.0,False,1,18.9077,305.91,305.91,scenario_north_heavy,val,development,0.05,4.0,-4.4418,0.10666666666666667,1.0,,4.0,9.0,False,20,26.666666666666668,0.0,0.13333333333333333,
3390,2i,150.0,4,0.0,4,16.0,False,1,18.853,212.08,212.08,scenario_north_heavy,val,development,0.05,4.0,-6.3613,0.10666666666666667,1.0,,4.0,14.0,False,25,26.666666666666668,0.0,0.13333333333333333,
3395,2i,150.0,7,7.6283,4,16.0,False,1,18.5802,117.97,117.97,scenario_north_heavy,val,development,0.05,4.0,4.959200000000001,0.10666666666666667,1.0,,4.0,19.0,False,30,46.66666666666667,1281.5544000000002,0.13333333333333333,
3400,2i,150.0,7,4.9327,4,16.0,False,1,17.2286,35.76,35.76,scenario_north_heavy,val,development,0.05,0.0,4.233,0.10666666666666667,1.0,,4.0,24.0,False,35,46.66666666666667,828.6936000000001,0.0,
3405,2i,150.0,6,1.0202,5,20.01,False,0,,,,scenario_north_heavy,val,development,0.05,4.010000000000002,1.0081,0.13340000000000002,0.0,,5.0,4.0,False,40,40.0,146.90879999999999,0.1336666666666667,
3410,2i,150.0,4,0.2643,3,20.01,False,0,,,,scenario_north_heavy,val,development,0.05,4.010000000000002,0.2643,0.13340000000000002,-1.0,,6.0,2.0,False,45,26.666666666666668,25.3728,0.1336666666666667,
3415,2i,150.0,3,2.0636,1,1.0,False,1,26.2193,376.92,376.92,scenario_north_heavy,val,development,0.05,-15.0,2.0636,0.006666666666666667,0.0,71.00999999999999,7.0,1.0,False,50,20.0,148.57920000000001,-0.5,
3420,2i,150.0,3,0.0182,3,5.01,False,1,27.2311,243.66,243.66,scenario_north_heavy,val,development,0.05,-10.99,0.0182,0.0334,0.0,31.579999999999984,7.0,6.0,False,55,20.0,1.3104000000000002,-0.36633333333333334,
3425,2i,150.0,6,12.1743,3,5.0,False,1,24.5406,113.24,113.24,scenario_north_heavy,val,development,0.05,-11.0,4.546,0.03333333333333333,0.0,-4.730000000000004,0.0,4.0,True,,40.0,1753.0992,-0.36666666666666664,
3430,2i,150.0,6,6.8619,3,5.0,False,1,11.3447,29.73,29.73,scenario_north_heavy,val,development,0.05,-11.0,1.9292000000000007,0.03333333333333333,0.0,-6.029999999999998,0.0,9.0,True,,40.0,988.1136000000001,-0.36666666666666664,
3435,2i,150.0,6,0.4934,4,12.01,False,1,0.0595,12.01,12.01,scenario_north_heavy,val,development,0.05,-8.000000000000002,-0.5267999999999999,0.08006666666666666,1.0,,0.0,14.0,True,,40.0,71.0496,-0.2666666666666667,
3440,2i,150.0,6,0.0059,6,12.0,False,1,0.0,12.0,12.0,scenario_north_heavy,val,development,0.05,-8.010000000000002,-0.25839999999999996,0.08,1.0,,0.0,19.0,True,,40.0,0.8495999999999999,-0.26700000000000007,
3445,2i,150.0,6,0.0,6,12.0,False,1,0.0,12.0,12.0,scenario_north_heavy,val,development,0.05,11.0,-2.0636,0.08,0.0,-364.92,0.0,24.0,True,,40.0,0.0,0.36666666666666664,
3450,2i,150.0,6,0.0,6,12.0,False,1,0.0,12.0,12.0,scenario_north_heavy,val,development,0.05,6.99,-0.0182,0.08,0.0,-231.66,1.0,4.0,False,5,40.0,0.0,0.233,
3455,2i,150.0,6,0.0,6,12.0,False,1,0.0,12.0,12.0,scenario_north_heavy,val,development,0.05,7.0,-12.1743,0.08,0.0,-101.24,2.0,2.0,True,,40.0,0.0,0.23333333333333334,
3460,2i,150.0,6,0.0,6,12.0,False,1,0.0,12.0,12.0,scenario_north_heavy,val,development,0.05,7.0,-6.8619,0.08,0.0,-17.73,3.0,1.0,False,5,40.0,0.0,0.23333333333333334,
3465,2i,150.0,9,4.7767,6,12.0,False,1,0.0,12.0,12.0,scenario_north_heavy,val,development,0.05,-0.009999999999999787,4.2833,0.08,0.0,-0.009999999999999787,3.0,6.0,False,10,60.0,1031.7672,-0.0003333333333333262,
3470,2i,150.0,6,5.7715,3,12.0,False,1,0.0,12.0,12.0,scenario_north_heavy,val,development,0.05,0.0,5.7656,0.08,0.0,0.0,4.0,4.0,False,15,40.0,831.096,0.0,
3475,2i,150.0,4,1.1305,3,12.0,False,1,0.0,12.0,12.0,scenario_north_heavy,val,development,0.05,0.0,1.1305,0.08,0.0,0.0,4.0,9.0,False,20,26.666666666666668,108.52800000000002,0.0,
3480,2i,150.0,4,0.1064,4,16.13,False,1,0.0,12.0,12.0,scenario_north_heavy,val,development,0.05,4.129999999999999,0.1064,0.10753333333333333,0.0,0.0,4.0,14.0,False,25,26.666666666666668,10.2144,0.13766666666666663,
3485,2i,150.0,4,0.0,4,16.0,False,1,0.0,12.0,12.0,scenario_north_heavy,val,development,0.05,4.0,0.0,0.10666666666666667,0.0,0.0,4.0,19.0,False,30,26.666666666666668,0.0,0.13333333333333333,
3490,2i,150.0,4,0.0,4,16.0,False,1,0.0,12.0,12.0,scenario_north_heavy,val,development,0.05,4.0,0.0,0.10666666666666667,0.0,0.0,4.0,24.0,False,35,26.666666666666668,0.0,0.13333333333333333,
3495,2i,150.0,6,5.9606,4,16.0,False,1,0.0,12.0,12.0,scenario_north_heavy,val,development,0.05,4.0,1.1839000000000004,0.10666666666666667,0.0,0.0,5.0,4.0,False,40,40.0,858.3264000000001,0.13333333333333333,
3500,2i,150.0,5,7.2702,1,16.0,False,1,1.2016,10.8,10.8,scenario_north_heavy,val,development,0.05,4.0,1.4987000000000004,0.10666666666666667,0.0,-1.1999999999999993,6.0,2.0,False,45,33.333333333333336,872.4240000000001,0.13333333333333333,
3505,2i,150.0,4,3.6135,0,0.0,False,0,,,,scenario_north_heavy,val,development,0.05,-12.0,2.483,0.0,-1.0,,7.0,1.0,False,50,26.666666666666668,346.8960000000001,-0.4,
3510,2i,150.0,4,0.0041,4,15.05,False,1,27.0209,456.28,456.28,scenario_north_heavy,val,development,0.05,-1.0799999999999983,-0.10229999999999999,0.10033333333333334,0.0,444.28,7.0,6.0,False,55,26.666666666666668,0.39360000000000006,-0.03599999999999994,
3515,2i,150.0,4,0.0,4,15.04,False,1,26.7437,321.35,321.35,scenario_north_heavy,val,development,0.05,-0.9600000000000009,0.0,0.10026666666666666,0.0,309.35,0.0,4.0,True,,26.666666666666668,0.0,-0.03200000000000003,
3520,2i,150.0,4,0.0,4,15.04,False,1,26.6155,186.84,186.84,scenario_north_heavy,val,development,0.05,-0.9600000000000009,0.0,0.10026666666666666,0.0,174.84,0.0,9.0,True,,26.666666666666668,0.0,-0.03200000000000003,
3525,2i,150.0,5,3.6705,4,15.04,False,1,18.3525,70.36,70.36,scenario_north_heavy,val,development,0.05,-0.9600000000000009,-2.2901000000000002,0.10026666666666666,0.0,58.36,0.0,14.0,True,,33.333333333333336,440.46000000000004,-0.03200000000000003,
3530,2i,150.0,7,5.2009,4,15.04,False,1,5.3193,16.73,16.73,scenario_north_heavy,val,development,0.05,-0.9600000000000009,-2.0693,0.10026666666666666,0.0,5.93,0.0,19.0,True,,46.66666666666667,873.7512000000002,-0.03200000000000003,
3535,2i,150.0,7,0.7987,5,15.04,False,1,0.0041,13.71,13.71,scenario_north_heavy,val,development,0.05,15.04,-2.8148,0.10026666666666666,1.0,,0.0,24.0,True,,46.66666666666667,134.1816,0.5013333333333333,
3540,2i,150.0,7,0.0002,7,19.04,False,1,0.0,13.71,13.71,scenario_north_heavy,val,development,0.05,3.9899999999999984,-0.0039000000000000003,0.12693333333333331,0.0,-442.57,1.0,4.0,False,5,46.66666666666667,0.033600000000000005,0.13299999999999995,
3545,2i,150.0,7,0.0,7,19.04,False,1,0.0,13.71,13.71,scenario_north_heavy,val,development,0.05,4.0,0.0,0.12693333333333331,0.0,-307.64000000000004,2.0,2.0,True,,46.66666666666667,0.0,0.13333333333333333,
3550,2i,150.0,7,0.0,7,19.04,False,1,0.0,13.71,13.71,scenario_north_heavy,val,development,0.05,4.0,0.0,0.12693333333333331,0.0,-173.13,3.0,1.0,False,5,46.66666666666667,0.0,0.13333333333333333,
3555,2i,150.0,8,3.2932,7,19.04,False,1,0.0,13.71,13.71,scenario_north_heavy,val,development,0.05,4.0,-0.37729999999999997,0.12693333333333331,0.0,-56.65,3.0,6.0,False,10,53.333333333333336,632.2944,0.13333333333333333,
3560,2i,150.0,5,8.0093,3,19.04,False,0,,,,scenario_north_heavy,val,development,0.05,4.0,2.8084,0.12693333333333331,-1.0,,4.0,4.0,False,15,33.333333333333336,961.116,0.13333333333333333,
3565,2i,150.0,5,5.9719,3,19.04,False,0,,,,scenario_north_heavy,val,development,0.05,4.0,5.1732,0.12693333333333331,-1.0,,4.0,9.0,False,20,33.333333333333336,716.628,0.13333333333333333,
3570,2i,150.0,5,2.6123,3,19.04,False,0,,,,scenario_north_heavy,val,development,0.05,0.0,2.6121,0.12693333333333331,-1.0,,4.0,14.0,False,25,33.333333333333336,313.476,0.0,
3575,2i,150.0,5,1.6745,4,23.04,False,0,,,,scenario_north_heavy,val,development,0.05,4.0,1.6745,0.1536,-1.0,,4.0,19.0,False,30,33.333333333333336,200.94000000000005,0.13333333333333333,
3580,2i,150.0,4,0.0,4,23.04,False,0,,,,scenario_north_heavy,val,development,0.05,4.0,0.0,0.1536,-1.0,,4.0,24.0,False,35,26.666666666666668,0.0,0.13333333333333333,
3585,2i,150.0,4,0.0,4,23.04,False,0,,,,scenario_north_heavy,val,development,0.05,4.0,-3.2932,0.1536,-1.0,,5.0,4.0,False,40,26.666666666666668,0.0,0.13333333333333333,
3590,2i,150.0,4,5.6931,2,23.04,False,0,,,,scenario_north_heavy,val,development,0.05,4.0,-2.3161999999999994,0.1536,0.0,,6.0,2.0,False,45,26.666666666666668,546.5376000000001,0.13333333333333333,
3595,2i,150.0,6,11.0564,0,0.0,False,0,,,,scenario_north_heavy,val,development,0.05,-19.04,5.0845,0.0,0.0,,7.0,1.0,False,50,40.0,1592.1216000000002,-0.6346666666666666,
3600,2i,150.0,6,4.4181,4,9.02,False,0,,,,scenario_north_heavy,val,development,0.05,-10.02,1.8058,0.06013333333333333,0.0,,7.0,6.0,False,55,40.0,636.2064,-0.33399999999999996,
0,3i,150.0,0,0.0,0,0.0,False,0,,,,scenario_north_heavy,val,development,0.05,,,0.0,,,,,,,0.0,0.0,,
5,3i,150.0,0,0.0,0,0.0,False,1,26.8452,376.18,376.18,scenario_north_heavy,val,development,0.05,,,0.0,,,0.0,4.0,False,5,0.0,0.0,,
10,3i,150.0,0,0.0,0,0.0,False,1,26.6952,240.65,240.65,scenario_north_heavy,val,development,0.05,,,0.0,,,0.0,9.0,False,10,0.0,0.0,,
15,3i,150.0,3,26.6718,0,0.0,False,1,26.9901,106.52,106.52,scenario_north_heavy,val,development,0.05,,,0.0,,,0.0,14.0,False,15,20.0,1920.3696000000002,,
20,3i,150.0,2,13.1037,0,0.0,False,1,14.3737,12.19,12.19,scenario_north_heavy,val,development,0.05,,,0.0,,,0.0,19.0,False,20,13.333333333333334,628.9776,,
25,3i,150.0,1,0.0,1,1.0,False,0,,,,scenario_north_heavy,val,development,0.05,,,0.006666666666666667,,,0.0,24.0,False,25,6.666666666666667,0.0,,
30,3i,150.0,1,0.0,1,1.0,False,0,,,,scenario_north_heavy,val,development,0.05,1.0,0.0,0.006666666666666667,0.0,,1.0,4.0,False,30,6.666666666666667,0.0,0.03333333333333333,
35,3i,150.0,0,0.0,0,0.0,False,0,,,,scenario_north_heavy,val,development,0.05,0.0,0.0,0.0,-1.0,,2.0,2.0,False,35,0.0,0.0,0.0,
40,3i,150.0,0,0.0,0,0.0,False,0,,,,scenario_north_heavy,val,development,0.05,0.0,0.0,0.0,-1.0,,3.0,1.0,False,40,0.0,0.0,0.0,
45,3i,150.0,0,0.0,0,0.0,False,0,,,,scenario_north_heavy,val,development,0.05,0.0,-26.6718,0.0,-1.0,,3.0,6.0,False,45,0.0,0.0,0.0,
50,3i,150.0,3,23.9296,0,0.0,False,0,,,,scenario_north_heavy,val,development,0.05,0.0,10.8259,0.0,-1.0,,4.0,4.0,True,,20.0,1722.9312000000002,0.0,
55,3i,150.0,3,15.2184,0,0.0,False,0,,,,scenario_north_heavy,val,development,0.05,-1.0,15.2184,0.0,0.0,,4.0,9.0,True,,20.0,1095.7248000000002,-0.03333333333333333,
60,3i,150.0,3,1.24,0,0.0,False,0,,,,scenario_north_heavy,val,development,0.05,-1.0,1.24,0.0,0.0,,4.0,14.0,True,,20.0,89.28,-0.03333333333333333,
65,3i,150.0,3,0.0,3,1.0,False,0,,,,scenario_north_heavy,val,development,0.05,1.0,0.0,0.006666666666666667,0.0,,4.0,19.0,True,,20.0,0.0,0.03333333333333333,
70,3i,150.0,3,0.0,3,1.0,False,0,,,,scenario_north_heavy,val,development,0.05,1.0,0.0,0.006666666666666667,0.0,,4.0,24.0,True,,20.0,0.0,0.03333333333333333,
75,3i,150.0,3,0.0,3,1.0,False,0,,,,scenario_north_heavy,val,development,0.05,1.0,0.0,0.006666666666666667,0.0,,5.0,4.0,False,5,20.0,0.0,0.03333333333333333,
80,3i,150.0,3,0.0,3,1.0,False,0,,,,scenario_north_heavy,val,development,0.05,1.0,-23.9296,0.006666666666666667,0.0,,6.0,2.0,True,,20.0,0.0,0.03333333333333333,
85,3i,150.0,5,7.9934,3,1.0,False,0,,,,scenario_north_heavy,val,development,0.05,1.0,-7.2250000000000005,0.006666666666666667,0.0,,7.0,1.0,False,5,33.333333333333336,959.2080000000001,0.03333333333333333,
90,3i,150.0,6,5.5181,3,1.0,False,0,,,,scenario_north_heavy,val,development,0.05,1.0,4.278099999999999,0.006666666666666667,0.0,,7.0,6.0,False,10,40.0,794.6064,0.03333333333333333,
95,3i,150.0,3,4.289,1,1.0,False,0,,,,scenario_north_heavy,val,development,0.05,0.0,4.289,0.006666666666666667,0.0,,0.0,4.0,False,15,20.0,308.808,0.0,
100,3i,150.0,2,0.0,2,8.0,False,0,,,,scenario_north_heavy,val,development,0.05,7.0,0.0,0.05333333333333334,0.0,,0.0,9.0,False,20,13.333333333333334,0.0,0.23333333333333334,
105,3i,150.0,2,0.0,2,8.0,False,2,23.6326,384.09,456.47,scenario_north_heavy,val,development,0.05,7.0,0.0,0.05333333333333334,2.0,,0.0,14.0,False,25,13.333333333333334,0.0,0.23333333333333334,
110,3i,150.0,2,0.0,2,8.0,False,2,23.672,264.51,335.75,scenario_north_heavy,val,development,0.05,7.0,0.0,0.05333333333333334,2.0,,0.0,19.0,False,30,13.333333333333334,0.0,0.23333333333333334,
115,3i,150.0,3,8.3163,2,8.0,False,2,24.132,142.97,216.57,scenario_north_heavy,val,development,0.05,7.0,0.32289999999999974,0.05333333333333334,2.0,,0.0,24.0,False,35,20.0,598.7736,0.23333333333333334,
120,3i,150.0,5,11.7251,2,8.0,False,2,18.1364,44.9,96.86,scenario_north_heavy,val,development,0.05,7.0,6.207,0.05333333333333334,2.0,,1.0,4.0,False,40,33.333333333333336,1407.0120000000002,0.23333333333333334,
125,3i,150.0,4,6.4878,0,0.0,False,2,7.3131,2.12,18.68,scenario_north_heavy,val,development,0.05,-1.0,2.1988000000000003,0.0,2.0,,2.0,2.0,False,45,26.666666666666668,622.8288000000001,-0.03333333333333333,
130,3i,150.0,2,0.0008,2,1.0,False,2,0.0008,1.0,1.0,scenario_north_heavy,val,development,0.05,-7.0,0.0008,0.006666666666666667,2.0,,3.0,1.0,False,50,13.333333333333334,0.038400000000000004,-0.23333333333333334,
135,3i,150.0,2,0.0,2,1.0,False,2,0.0,1.0,1.0,scenario_north_heavy,val,development,0.05,-7.0,0.0,0.006666666666666667,0.0,-455.47,3.0,6.0,False,55,13.333333333333334,0.0,-0.23333333333333334,
140,3i,150.0,2,0.0,2,1.0,False,2,0.0,1.0,1.0,scenario_north_heavy,val,development,0.05,-7.0,0.0,0.006666666666666667,0.0,-334.75,4.0,4.0,True,,13.333333333333334,0.0,-0.23333333333333334,
145,3i,150.0,2,0.0,2,1.0,False,2,0.0,1.0,1.0,scenario_north_heavy,val,development,0.05,-7.0,-8.3163,0.006666666666666667,0.0,-215.57,4.0,9.0,True,,13.333333333333334,0.0,-0.23333333333333334,
150,3i,150.0,3,6.509,2,1.0,False,2,0.0,1.0,1.0,scenario_north_heavy,val,development,0.05,-7.0,-5.216099999999999,0.006666666666666667,0.0,-95.86,4.0,14.0,True,,20.0,468.648,-0.23333333333333334,
155,3i,150.0,5,8.5942,2,1.0,False,2,0.0,1.0,1.0,scenario_north_heavy,val,development,0.05,1.0,2.1064000000000007,0.006666666666666667,0.0,-17.68,4.0,19.0,True,,33.333333333333336,1031.304,0.03333333333333333,
160,3i,150.0,5,2.2273,3,8.0,False,2,0.0,1.0,1.0,scenario_north_heavy,val,development,0.05,7.0,2.2265,0.05333333333333334,0.0,0.0,4.0,24.0,True,,33.333333333333336,267.27600000000007,0.23333333333333334,
165,3i,150.0,5,0.0021,5,8.0,False,2,0.0,1.0,1.0,scenario_north_heavy,val,development,0.05,7.0,0.0021,0.05333333333333334,0.0,0.0,5.0,4.0,False,5,33.333333333333336,0.252,0.23333333333333334,
170,3i,150.0,5,0.0,5,8.0,False,2,0.0,1.0,1.0,scenario_north_heavy,val,development,0.05,7.0,0.0,0.05333333333333334,0.0,0.0,6.0,2.0,True,,33.333333333333336,0.0,0.23333333333333334,
175,3i,150.0,5,0.0,5,8.0,False,2,0.0,1.0,1.0,scenario_north_heavy,val,development,0.05,7.0,0.0,0.05333333333333334,0.0,0.0,7.0,1.0,False,5,33.333333333333336,0.0,0.23333333333333334,
180,3i,150.0,5,0.0,5,8.0,False,2,0.0,1.0,1.0,scenario_north_heavy,val,development,0.05,7.0,-6.509,0.05333333333333334,0.0,0.0,7.0,6.0,False,10,33.333333333333336,0.0,0.23333333333333334,
185,3i,150.0,3,14.6251,1,1.0,False,0,,,,scenario_north_heavy,val,development,0.05,0.0,6.030899999999999,0.006666666666666667,-2.0,,0.0,4.0,False,15,20.0,1053.0072,0.0,
190,3i,150.0,4,12.8339,1,1.0,False,0,,,,scenario_north_heavy,val,development,0.05,-7.0,10.6066,0.006666666666666667,-2.0,,0.0,9.0,False,20,26.666666666666668,1232.0544000000002,-0.23333333333333334,
195,3i,150.0,3,3.5719,1,1.0,False,0,,,,scenario_north_heavy,val,development,0.05,-7.0,3.5698,0.006666666666666667,-2.0,,0.0,14.0,False,25,20.0,257.17679999999996,-0.23333333333333334,
200,3i,150.0,2,0.0001,2,8.0,False,0,,,,scenario_north_heavy,val,development,0.05,0.0,0.0001,0.05333333333333334,-2.0,,0.0,19.0,False,30,13.333333333333334,0.0048000000000000004,0.0,
205,3i,150.0,2,0.0,2,8.0,False,0,,,,scenario_north_heavy,val,development,0.05,0.0,0.0,0.05333333333333334,-2.0,,0.0,24.0,False,35,13.333333333333334,0.0,0.0,
210,3i,150.0,2,0.0,2,8.0,False,0,,,,scenario_north_heavy,val,development,0.05,0.0,0.0,0.05333333333333334,-2.0,,1.0,4.0,False,40,13.333333333333334,0.0,0.0,
215,3i,150.0,2,12.7737,0,0.0,False,0,,,,scenario_north_heavy,val,development,0.05,-1.0,-1.8514,0.0,0.0,,2.0,2.0,False,45,13.333333333333334,613.1376,-0.03333333333333333,
220,3i,150.0,3,20.4099,0,0.0,False,0,,,,scenario_north_heavy,val,development,0.05,-1.0,7.5760000000000005,0.0,0.0,,3.0,1.0,False,50,20.0,1469.5128,-0.03333333333333333,
225,3i,150.0,3,7.9717,1,1.0,False,0,,,,scenario_north_heavy,val,development,0.05,0.0,4.399800000000001,0.006666666666666667,0.0,,3.0,6.0,False,55,20.0,573.9624000000001,0.0,
230,3i,150.0,3,0.1189,2,1.0,False,0,,,,scenario_north_heavy,val,development,0.05,-7.0,0.1188,0.006666666666666667,0.0,,4.0,4.0,True,,20.0,8.5608,-0.23333333333333334,
235,3i,150.0,3,0.0002,3,1.0,False,0,,,,scenario_north_heavy,val,development,0.05,-7.0,0.0002,0.006666666666666667,0.0,,4.0,9.0,True,,20.0,0.014400000000000001,-0.23333333333333334,
240,3i,150.0,3,0.0,3,1.0,False,0,,,,scenario_north_heavy,val,development,0.05,-7.0,0.0,0.006666666666666667,0.0,,4.0,14.0,True,,20.0,0.0,-0.23333333333333334,
245,3i,150.0,3,0.0,3,1.0,False,0,,,,scenario_north_heavy,val,development,0.05,1.0,-12.7737,0.006666666666666667,0.0,,4.0,19.0,True,,20.0,0.0,0.03333333333333333,
250,3i,150.0,4,5.2054,3,1.0,False,0,,,,scenario_north_heavy,val,development,0.05,1.0,-15.2045,0.006666666666666667,0.0,,4.0,24.0,True,,26.666666666666668,499.7184000000001,0.03333333333333333,
255,3i,150.0,6,8.7182,3,1.0,False,0,,,,scenario_north_heavy,val,development,0.05,0.0,0.7464999999999993,0.006666666666666667,0.0,,5.0,4.0,False,5,40.0,1255.4207999999999,0.0,
260,3i,150.0,6,3.086,4,5.0,False,0,,,,scenario_north_heavy,val,development,0.05,4.0,2.9671,0.03333333333333333,0.0,,6.0,2.0,True,,40.0,444.384,0.13333333333333333,
265,3i,150.0,6,0.0246,6,5.05,False,0,,,,scenario_north_heavy,val,development,0.05,4.05,0.0244,0.033666666666666664,0.0,,7.0,1.0,False,5,40.0,3.5423999999999998,0.13499999999999998,
270,3i,150.0,6,0.0,6,5.0,False,0,,,,scenario_north_heavy,val,development,0.05,4.0,0.0,0.03333333333333333,0.0,,7.0,6.0,False,10,40.0,0.0,0.13333333333333333,
275,3i,150.0,2,0.0,2,5.0,False,0,,,,scenario_north_heavy,val,development,0.05,4.0,0.0,0.03333333333333333,0.0,,0.0,4.0,False,15,13.333333333333334,0.0,0.13333333333333333,
280,3i,150.0,3,8.3545,2,5.0,False,0,,,,scenario_north_heavy,val,development,0.05,4.0,3.1491,0.03333333333333333,0.0,,0.0,9.0,False,20,20.0,601.524,0.13333333333333333,
285,3i,150.0,3,5.2893,2,5.0,False,0,,,,scenario_north_heavy,val,development,0.05,4.0,-3.4288999999999996,0.03333333333333333,0.0,,0.0,14.0,False,25,20.0,380.8296,0.13333333333333333,
290,3i,150.0,4,11.0159,2,5.0,False,0,,,,scenario_north_heavy,val,development,0.05,0.0,7.9299,0.03333333333333333,0.0,,0.0,19.0,False,30,26.666666666666668,1057.5264000000002,0.0,
295,3i,150.0,3,3.0921,2,5.0,False,0,,,,scenario_north_heavy,val,development,0.05,-0.04999999999999982,3.0675,0.03333333333333333,0.0,,0.0,24.0,False,35,20.0,222.6312,-0.0016666666666666607,
300,3i,150.0,3,0.0189,3,9.02,False,0,,,,scenario_north_heavy,val,development,0.05,4.02,0.0189,0.06013333333333333,0.0,,1.0,4.0,False,40,20.0,1.3608,0.13399999999999998,
305,3i,150.0,1,1.9232,0,0.0,False,0,,,,scenario_north_heavy,val,development,0.05,-5.0,1.9232,0.0,0.0,,2.0,2.0,False,45,6.666666666666667,46.156800000000004,-0.16666666666666666,
310,3i,150.0,0,0.0,0,0.0,False,0,,,,scenario_north_heavy,val,development,0.05,-5.0,-8.3545,0.0,0.0,,3.0,1.0,False,50,0.0,0.0,-0.16666666666666666,
315,3i,150.0,1,23.4013,0,0.0,False,0,,,,scenario_north_heavy,val,development,0.05,-5.0,18.112,0.0,0.0,,3.0,6.0,False,55,6.666666666666667,561.6312,-0.16666666666666666,
320,3i,150.0,1,10.5396,0,0.0,False,0,,,,scenario_north_heavy,val,development,0.05,-5.0,-0.47630000000000017,0.0,0.0,,4.0,4.0,True,,6.666666666666667,252.9504,-0.16666666666666666,
325,3i,150.0,2,9.4329,1,1.0,False,0,,,,scenario_north_heavy,val,development,0.05,-4.0,6.3408,0.006666666666666667,0.0,,4.0,9.0,True,,13.333333333333334,452.77920000000006,-0.13333333333333333,
330,3i,150.0,3,12.1225,1,1.0,False,0,,,,scenario_north_heavy,val,development,0.05,-8.02,12.1036,0.006666666666666667,0.0,,4.0,14.0,True,,20.0,872.8200000000002,-0.2673333333333333,
335,3i,150.0,3,3.7404,1,1.0,False,0,,,,scenario_north_heavy,val,development,0.05,1.0,1.8172000000000001,0.006666666666666667,0.0,,4.0,19.0,True,,20.0,269.3088,0.03333333333333333,
340,3i,150.0,3,0.0,3,1.0,False,0,,,,scenario_north_heavy,val,development,0.05,1.0,0.0,0.006666666666666667,0.0,,4.0,24.0,True,,20.0,0.0,0.03333333333333333,
345,3i,150.0,3,0.0,3,1.0,False,0,,,,scenario_north_heavy,val,development,0.05,1.0,-23.4013,0.006666666666666667,0.0,,5.0,4.0,False,5,20.0,0.0,0.03333333333333333,
350,3i,150.0,4,4.8242,3,1.0,False,0,,,,scenario_north_heavy,val,development,0.05,1.0,-5.7154,0.006666666666666667,0.0,,6.0,2.0,True,,26.666666666666668,463.1232,0.03333333333333333,
355,3i,150.0,4,3.089,3,1.0,False,0,,,,scenario_north_heavy,val,development,0.05,0.0,-6.3439,0.006666666666666667,0.0,,7.0,1.0,False,5,26.666666666666668,296.54400000000004,0.0,
360,3i,150.0,6,6.2227,3,1.0,False,0,,,,scenario_north_heavy,val,development,0.05,0.0,-5.899800000000001,0.006666666666666667,0.0,,7.0,6.0,False,10,40.0,896.0688,0.0,
365,3i,150.0,3,4.9419,1,1.0,False,0,,,,scenario_north_heavy,val,development,0.05,0.0,1.2015000000000002,0.006666666666666667,0.0,,0.0,4.0,False,15,20.0,355.81680000000006,0.0,
370,3i,150.0,3,3.6019,2,15.04,False,0,,,,scenario_north_heavy,val,development,0.05,14.04,3.6019,0.10026666666666666,0.0,,0.0,9.0,False,20,20.0,259.33680000000004,0.46799999999999997,
375,3i,150.0,2,0.0,2,15.04,False,0,,,,scenario_north_heavy,val,development,0.05,14.04,0.0,0.10026666666666666,0.0,,0.0,14.0,False,25,13.333333333333334,0.0,0.46799999999999997,
380,3i,150.0,2,0.0,2,15.04,False,0,,,,scenario_north_heavy,val,development,0.05,14.04,-4.8242,0.10026666666666666,0.0,,0.0,19.0,False,30,13.333333333333334,0.0,0.46799999999999997,
385,3i,150.0,3,5.6549,2,15.04,False,0,,,,scenario_north_heavy,val,development,0.05,14.04,2.5658999999999996,0.10026666666666666,0.0,,0.0,24.0,False,35,20.0,407.1528,0.46799999999999997,
390,3i,150.0,3,4.5685,2,15.04,False,0,,,,scenario_north_heavy,val,development,0.05,14.04,-1.6541999999999994,0.10026666666666666,0.0,,1.0,4.0,False,40,20.0,328.932,0.46799999999999997,
395,3i,150.0,4,8.7295,0,0.0,False,0,,,,scenario_north_heavy,val,development,0.05,-1.0,3.7875999999999994,0.0,0.0,,2.0,2.0,False,45,26.666666666666668,838.032,-0.03333333333333333,
400,3i,150.0,4,3.3482,1,1.0,False,0,,,,scenario_north_heavy,val,development,0.05,-14.04,-0.25370000000000026,0.006666666666666667,0.0,,3.0,1.0,False,50,26.666666666666668,321.42719999999997,-0.46799999999999997,
405,3i,150.0,4,0.0147,4,8.05,False,0,,,,scenario_north_heavy,val,development,0.05,-6.989999999999998,0.0147,0.05366666666666667,0.0,,3.0,6.0,False,55,26.666666666666668,1.4112,-0.23299999999999996,
410,3i,150.0,4,0.0,4,8.0,False,0,,,,scenario_north_heavy,val,development,0.05,-7.039999999999999,0.0,0.05333333333333334,0.0,,4.0,4.0,True,,26.666666666666668,0.0,-0.23466666666666663,
415,3i,150.0,5,4.3466,4,8.0,False,0,,,,scenario_north_heavy,val,development,0.05,-7.039999999999999,-1.3083,0.05333333333333334,0.0,,4.0,9.0,True,,33.333333333333336,521.592,-0.23466666666666663,
420,3i,150.0,5,1.8058,4,8.0,False,0,,,,scenario_north_heavy,val,development,0.05,-7.039999999999999,-2.7627,0.05333333333333334,0.0,,4.0,14.0,True,,33.333333333333336,216.69600000000003,-0.23466666666666663,
425,3i,150.0,6,3.8993,5,15.05,False,0,,,,scenario_north_heavy,val,development,0.05,15.05,-4.8302,0.10033333333333334,0.0,,4.0,19.0,True,,40.0,561.4992,0.5016666666666667,
430,3i,150.0,7,4.6094,5,15.04,False,0,,,,scenario_north_heavy,val,development,0.05,14.04,1.2612,0.10026666666666666,0.0,,4.0,24.0,True,,46.66666666666667,774.3792000000001,0.46799999999999997,
435,3i,150.0,7,1.7857,5,15.04,False,0,,,,scenario_north_heavy,val,development,0.05,6.989999999999998,1.7710000000000001,0.10026666666666666,0.0,,5.0,4.0,False,5,46.66666666666667,299.99760000000003,0.23299999999999996,
440,3i,150.0,7,0.5901,6,15.04,False,0,,,,scenario_north_heavy,val,development,0.05,7.039999999999999,0.5901,0.10026666666666666,0.0,,6.0,2.0,True,,46.66666666666667,99.1368,0.23466666666666663,
445,3i,150.0,7,0.0099,7,15.04,False,0,,,,scenario_north_heavy,val,development,0.05,7.039999999999999,-4.3366999999999996,0.10026666666666666,0.0,,7.0,1.0,False,5,46.66666666666667,1.6632000000000005,0.23466666666666663,
450,3i,150.0,8,1.9635,7,15.04,False,0,,,,scenario_north_heavy,val,development,0.05,7.039999999999999,0.15769999999999995,0.10026666666666666,0.0,,7.0,6.0,False,10,53.333333333333336,376.992,0.23466666666666663,
455,3i,150.0,5,1.4903,3,15.0,False,0,,,,scenario_north_heavy,val,development,0.05,-0.05000000000000071,-2.4090000000000003,0.1,0.0,,0.0,4.0,False,15,33.333333333333336,178.836,-0.0016666666666666904,
460,3i,150.0,4,5.6532,3,15.0,False,0,,,,scenario_north_heavy,val,development,0.05,-0.03999999999999915,1.0438,0.1,0.0,,0.0,9.0,False,20,26.666666666666668,542.7072000000001,-0.0013333333333333049,
465,3i,150.0,5,5.5579,3,15.0,False,0,,,,scenario_north_heavy,val,development,0.05,-0.03999999999999915,3.7721999999999998,0.1,0.0,,0.0,14.0,False,25,33.333333333333336,666.9480000000001,-0.0013333333333333049,
470,3i,150.0,4,2.1329,3,15.0,False,0,,,,scenario_north_heavy,val,development,0.05,-0.03999999999999915,1.5427999999999997,0.1,0.0,,0.0,19.0,False,30,26.666666666666668,204.7584,-0.0013333333333333049,
475,3i,150.0,4,0.4152,3,15.0,False,0,,,,scenario_north_heavy,val,development,0.05,-0.03999999999999915,0.4053,0.1,0.0,,0.0,24.0,False,35,26.666666666666668,39.8592,-0.0013333333333333049,
480,3i,150.0,5,3.8974,4,22.0,False,0,,,,scenario_north_heavy,val,development,0.05,6.960000000000001,1.9339000000000002,0.14666666666666667,0.0,,1.0,4.0,False,40,33.333333333333336,467.6880000000001,0.23200000000000004,
485,3i,150.0,4,3.9813,1,22.0,False,0,,,,scenario_north_heavy,val,development,0.05,7.0,2.491,0.14666666666666667,0.0,,2.0,2.0,False,45,26.666666666666668,382.20480000000003,0.23333333333333334,
490,3i,150.0,2,3.2583,0,0.0,False,0,,,,scenario_north_heavy,val,development,0.05,-15.0,-2.3949,0.0,0.0,,3.0,1.0,False,50,13.333333333333334,156.39840000000004,-0.5,
495,3i,150.0,4,10.5448,2,1.0,False,0,,,,scenario_north_heavy,val,development,0.05,-14.0,4.9869,0.006666666666666667,0.0,,3.0,6.0,False,55,26.666666666666668,1012.3008000000001,-0.4666666666666667,
500,3i,150.0,4,3.7105,2,1.0,False,0,,,,scenario_north_heavy,val,development,0.05,-14.0,1.5776000000000003,0.006666666666666667,0.0,,4.0,4.0,True,,26.666666666666668,356.208,-0.4666666666666667,
505,3i,150.0,4,0.1136,4,13.71,False,0,,,,scenario_north_heavy,val,development,0.05,-1.2899999999999991,-0.3016,0.09140000000000001,0.0,,4.0,9.0,True,,26.666666666666668,10.905600000000002,-0.04299999999999997,
510,3i,150.0,4,0.0,4,13.71,False,0,,,,scenario_north_heavy,val,development,0.05,-8.29,-3.8974,0.09140000000000001,0.0,,4.0,14.0,True,,26.666666666666668,0.0,-0.2763333333333333,
515,3i,150.0,5,3.1446,4,13.71,False,0,,,,scenario_north_heavy,val,development,0.05,-8.29,-0.8367,0.09140000000000001,0.0,,4.0,19.0,True,,33.333333333333336,377.35200000000003,-0.2763333333333333,
520,3i,150.0,5,0.7642,4,13.71,False,0,,,,scenario_north_heavy,val,development,0.05,13.71,-2.4941000000000004,0.09140000000000001,0.0,,4.0,24.0,True,,33.333333333333336,91.70400000000001,0.457,
525,3i,150.0,5,0.0012,5,13.71,False,0,,,,scenario_north_heavy,val,development,0.05,12.71,-10.5436,0.09140000000000001,0.0,,5.0,4.0,False,5,33.333333333333336,0.14400000000000002,0.4236666666666667,
530,3i,150.0,7,5.0265,5,13.71,False,0,,,,scenario_north_heavy,val,development,0.05,12.71,1.3160000000000003,0.09140000000000001,0.0,,6.0,2.0,True,,46.66666666666667,844.4520000000001,0.4236666666666667,
535,3i,150.0,7,1.2277,5,13.71,False,0,,,,scenario_north_heavy,val,development,0.05,0.0,1.1141,0.09140000000000001,0.0,,7.0,1.0,False,5,46.66666666666667,206.2536,0.0,
540,3i,150.0,7,0.0032,7,17.73,False,0,,,,scenario_north_heavy,val,development,0.05,4.02,0.0032,0.1182,0.0,,7.0,6.0,False,10,46.66666666666667,0.5376000000000001,0.13399999999999998,
545,3i,150.0,3,0.0,3,17.71,False,0,,,,scenario_north_heavy,val,development,0.05,4.0,-3.1446,0.11806666666666667,0.0,,0.0,4.0,False,15,20.0,0.0,0.13333333333333333,
550,3i,150.0,4,4.4156,3,17.71,False,1,24.2811,408.12,408.12,scenario_north_heavy,val,development,0.05,4.0,3.6514000000000006,0.11806666666666667,1.0,,0.0,9.0,False,20,26.666666666666668,423.89760000000007,0.13333333333333333,
555,3i,150.0,4,4.2015,3,17.71,False,1,23.9678,287.16,287.16,scenario_north_heavy,val,development,0.05,4.0,4.2003,0.11806666666666667,1.0,,0.0,14.0,False,25,26.666666666666668,403.34400000000005,0.13333333333333333,
560,3i,150.0,4,6.7151,3,17.71,False,1,24.3715,168.17,168.17,scenario_north_heavy,val,development,0.05,4.0,1.6885999999999992,0.11806666666666667,1.0,,0.0,19.0,False,30,26.666666666666668,644.6496000000001,0.13333333333333333,
565,3i,150.0,5,6.2312,3,17.71,False,1,15.4122,65.98,65.98,scenario_north_heavy,val,development,0.05,4.0,5.003500000000001,0.11806666666666667,1.0,,0.0,24.0,False,35,33.333333333333336,747.744,0.13333333333333333,
570,3i,150.0,4,0.663,3,17.71,False,1,2.6519,26.66,26.66,scenario_north_heavy,val,development,0.05,-0.019999999999999574,0.6598,0.11806666666666667,1.0,,1.0,4.0,False,40,26.666666666666668,63.648,-0.0006666666666666524,
575,3i,150.0,3,1.5649,1,24.71,False,1,0.0008,24.71,24.71,scenario_north_heavy,val,development,0.05,7.0,1.5649,0.16473333333333334,1.0,,2.0,2.0,False,45,20.0,112.6728,0.23333333333333334,
580,3i,150.0,1,5.7966,0,0.0,False,1,5.7966,5.67,5.67,scenario_north_heavy,val,development,0.05,-17.71,1.3809999999999993,0.0,0.0,-402.45,3.0,1.0,False,50,6.666666666666667,139.1184,-0.5903333333333334,
585,3i,150.0,2,8.3481,1,1.0,False,1,0.006,1.0,1.0,scenario_north_heavy,val,development,0.05,-16.71,4.1466,0.006666666666666667,0.0,-286.16,3.0,6.0,False,55,13.333333333333334,400.70880000000005,-0.557,
590,3i,150.0,2,5.227,1,1.0,False,1,0.0,1.0,1.0,scenario_north_heavy,val,development,0.05,-16.71,-1.4880999999999993,0.006666666666666667,0.0,-167.17,4.0,4.0,True,,13.333333333333334,250.89600000000004,-0.557,
595,3i,150.0,4,12.0771,2,1.0,False,1,0.0,1.0,1.0,scenario_north_heavy,val,development,0.05,-16.71,5.845899999999999,0.006666666666666667,0.0,-64.98,4.0,9.0,True,,26.666666666666668,1159.4016,-0.557,
600,3i,150.0,4,6.9461,2,1.0,False,1,0.0,1.0,1.0,scenario_north_heavy,val,development,0.05,-16.71,6.2831,0.006666666666666667,0.0,-25.66,4.0,14.0,True,,26.666666666666668,666.8256000000001,-0.557,
605,3i,150.0,4,0.474,2,1.0,False,1,0.0,1.0,1.0,scenario_north_heavy,val,development,0.05,-23.71,-1.0909,0.006666666666666667,0.0,-23.71,4.0,19.0,True,,26.666666666666668,45.504,-0.7903333333333333,
610,3i,150.0,4,0.0001,4,8.0,False,1,0.0,1.0,1.0,scenario_north_heavy,val,development,0.05,8.0,-5.7965,0.05333333333333334,0.0,-4.67,4.0,24.0,True,,26.666666666666668,0.009600000000000001,0.26666666666666666,
615,3i,150.0,5,3.0422,4,8.0,False,1,0.0,1.0,1.0,scenario_north_heavy,val,development,0.05,7.0,-5.305900000000001,0.05333333333333334,0.0,0.0,5.0,4.0,False,5,33.333333333333336,365.064,0.23333333333333334,
620,3i,150.0,5,2.2076,4,8.0,False,1,0.0,1.0,1.0,scenario_north_heavy,val,development,0.05,7.0,-3.0194000000000005,0.05333333333333334,0.0,0.0,6.0,2.0,True,,33.333333333333336,264.91200000000003,0.23333333333333334,
625,3i,150.0,5,1.3076,4,8.0,False,1,0.0,1.0,1.0,scenario_north_heavy,val,development,0.05,7.0,-10.769499999999999,0.05333333333333334,0.0,0.0,7.0,1.0,False,5,33.333333333333336,156.91200000000003,0.23333333333333334,
630,3i,150.0,6,3.5995,4,8.0,False,1,0.0,1.0,1.0,scenario_north_heavy,val,development,0.05,7.0,-3.3466000000000005,0.05333333333333334,0.0,0.0,7.0,6.0,False,10,40.0,518.328,0.23333333333333334,
635,3i,150.0,5,6.0473,2,8.0,False,1,0.0,1.0,1.0,scenario_north_heavy,val,development,0.05,7.0,5.5733,0.05333333333333334,0.0,0.0,0.0,4.0,False,15,33.333333333333336,725.676,0.23333333333333334,
640,3i,150.0,3,3.0247,2,8.0,False,1,0.0,1.0,1.0,scenario_north_heavy,val,development,0.05,0.0,3.0246,0.05333333333333334,0.0,0.0,0.0,9.0,False,20,20.0,217.7784,0.0,
645,3i,150.0,4,6.0025,2,8.0,False,1,0.0,1.0,1.0,scenario_north_heavy,val,development,0.05,0.0,2.9603000000000006,0.05333333333333334,0.0,0.0,0.0,14.0,False,25,26.666666666666668,576.2400000000001,0.0,
650,3i,150.0,4,4.2385,2,8.0,False,1,0.0,1.0,1.0,scenario_north_heavy,val,development,0.05,0.0,2.0309000000000004,0.05333333333333334,0.0,0.0,0.0,19.0,False,30,26.666666666666668,406.8960000000001,0.0,
655,3i,150.0,3,0.0006,3,15.0,False,1,0.0,1.0,1.0,scenario_north_heavy,val,development,0.05,7.0,-1.3070000000000002,0.1,0.0,0.0,0.0,24.0,False,35,20.0,0.0432,0.23333333333333334,
660,3i,150.0,3,0.0,3,15.0,False,1,0.0,1.0,1.0,scenario_north_heavy,val,development,0.05,7.0,-3.5995,0.1,0.0,0.0,1.0,4.0,False,40,20.0,0.0,0.23333333333333334,
665,3i,150.0,3,8.1875,0,0.0,False,0,,,,scenario_north_heavy,val,development,0.05,-8.0,2.1402,0.0,-1.0,,2.0,2.0,False,45,20.0,589.5,-0.26666666666666666,
670,3i,150.0,3,9.882,0,0.0,False,0,,,,scenario_north_heavy,val,development,0.05,-8.0,6.8572999999999995,0.0,-1.0,,3.0,1.0,False,50,20.0,711.504,-0.26666666666666666,
675,3i,150.0,3,2.3242,2,15.07,False,0,,,,scenario_north_heavy,val,development,0.05,7.07,-3.6783000000000006,0.10046666666666666,-1.0,,3.0,6.0,False,55,20.0,167.3424,0.23566666666666666,
680,3i,150.0,3,0.0,3,15.04,False,0,,,,scenario_north_heavy,val,development,0.05,7.039999999999999,-4.2385,0.10026666666666666,-1.0,,4.0,4.0,True,,20.0,0.0,0.23466666666666663,
685,3i,150.0,4,4.2387,3,15.04,False,0,,,,scenario_north_heavy,val,development,0.05,0.03999999999999915,4.238099999999999,0.10026666666666666,-1.0,,4.0,9.0,True,,26.666666666666668,406.91519999999997,0.0013333333333333049,
690,3i,150.0,4,1.9228,3,15.04,False,0,,,,scenario_north_heavy,val,development,0.05,0.03999999999999915,1.9228,0.10026666666666666,-1.0,,4.0,14.0,True,,26.666666666666668,184.58880000000002,0.0013333333333333049,
695,3i,150.0,4,0.0,4,15.04,False,0,,,,scenario_north_heavy,val,development,0.05,15.04,-8.1875,0.10026666666666666,0.0,,4.0,19.0,True,,26.666666666666668,0.0,0.5013333333333333,
700,3i,150.0,6,5.2243,4,15.04,False,0,,,,scenario_north_heavy,val,development,0.05,15.04,-4.657699999999999,0.10026666666666666,0.0,,4.0,24.0,True,,40.0,752.2992,0.5013333333333333,
705,3i,150.0,6,0.9411,4,15.04,False,0,,,,scenario_north_heavy,val,development,0.05,-0.030000000000001137,-1.3830999999999998,0.10026666666666666,0.0,,5.0,4.0,False,5,40.0,135.5184,-0.001000000000000038,
710,3i,150.0,7,3.2952,6,22.04,False,0,,,,scenario_north_heavy,val,development,0.05,7.0,3.2952,0.14693333333333333,0.0,,6.0,2.0,True,,46.66666666666667,553.5936,0.23333333333333334,
715,3i,150.0,7,1.5697,6,22.04,False,0,,,,scenario_north_heavy,val,development,0.05,7.0,-2.6689999999999996,0.14693333333333333,0.0,,7.0,1.0,False,5,46.66666666666667,263.7096,0.23333333333333334,
720,3i,150.0,7,0.0203,7,22.04,False,0,,,,scenario_north_heavy,val,development,0.05,7.0,-1.9025,0.14693333333333333,0.0,,7.0,6.0,False,10,46.66666666666667,3.4104,0.23333333333333334,
725,3i,150.0,5,1.102,3,22.04,False,0,,,,scenario_north_heavy,val,development,0.05,7.0,1.102,0.14693333333333333,0.0,,0.0,4.0,False,15,33.333333333333336,132.24000000000004,0.23333333333333334,
730,3i,150.0,4,6.7144,3,22.04,False,0,,,,scenario_north_heavy,val,development,0.05,7.0,1.4901,0.14693333333333333,0.0,,0.0,9.0,False,20,26.666666666666668,644.5824000000001,0.23333333333333334,
735,3i,150.0,5,6.3039,3,22.04,False,0,,,,scenario_north_heavy,val,development,0.05,7.0,5.3628,0.14693333333333333,0.0,,0.0,14.0,False,25,33.333333333333336,756.468,0.23333333333333334,
740,3i,150.0,4,0.6379,3,22.04,False,0,,,,scenario_north_heavy,val,development,0.05,0.0,-2.6572999999999998,0.14693333333333333,0.0,,0.0,19.0,False,30,26.666666666666668,61.238400000000006,0.0,
745,3i,150.0,5,3.4104,4,26.04,False,0,,,,scenario_north_heavy,val,development,0.05,4.0,1.8407,0.1736,0.0,,0.0,24.0,False,35,33.333333333333336,409.24800000000005,0.13333333333333333,
750,3i,150.0,5,1.724,4,26.04,False,0,,,,scenario_north_heavy,val,development,0.05,4.0,1.7037,0.1736,0.0,,1.0,4.0,False,40,33.333333333333336,206.88000000000002,0.13333333333333333,
755,3i,150.0,4,0.4712,3,26.04,False,0,,,,scenario_north_heavy,val,development,0.05,4.0,-0.6308,0.1736,0.0,,2.0,2.0,False,45,26.666666666666668,45.235200000000006,0.13333333333333333,
760,3i,150.0,4,1.5537,1,1.0,False,0,,,,scenario_north_heavy,val,development,0.05,-21.04,-5.1607,0.006666666666666667,0.0,,3.0,1.0,False,50,26.666666666666668,149.1552,-0.7013333333333333,
765,3i,150.0,6,8.8543,4,12.02,False,0,,,,scenario_north_heavy,val,development,0.05,-10.02,2.5504000000000007,0.08013333333333333,0.0,,3.0,6.0,False,55,40.0,1275.0192000000002,-0.33399999999999996,
770,3i,150.0,6,4.5987,4,12.0,False,0,,,,scenario_north_heavy,val,development,0.05,-10.04,3.9608,0.08,0.0,,4.0,4.0,True,,40.0,662.2128,-0.3346666666666666,
775,3i,150.0,6,0.3323,4,12.0,False,0,,,,scenario_north_heavy,val,development,0.05,-14.04,-3.0781,0.08,0.0,,4.0,9.0,True,,40.0,47.8512,-0.46799999999999997,
780,3i,150.0,7,2.1241,6,19.0,False,0,,,,scenario_north_heavy,val,development,0.05,-7.039999999999999,0.4000999999999999,0.12666666666666668,0.0,,4.0,14.0,True,,46.66666666666667,356.84880000000004,-0.23466666666666663,
785,3i,150.0,7,0.563,6,19.0,False,0,,,,scenario_north_heavy,val,development,0.05,-7.039999999999999,0.09179999999999994,0.12666666666666668,0.0,,4.0,19.0,True,,46.66666666666667,94.584,-0.23466666666666663,
790,3i,150.0,7,0.0001,7,19.0,False,1,26.2087,376.13,376.13,scenario_north_heavy,val,development,0.05,18.0,-1.5536,0.12666666666666668,1.0,,4.0,24.0,True,,46.66666666666667,0.016800000000000002,0.6,
795,3i,150.0,7,0.0,7,19.0,False,1,27.1733,241.82,241.82,scenario_north_heavy,val,development,0.05,6.98,-8.8543,0.12666666666666668,1.0,,5.0,4.0,False,5,46.66666666666667,0.0,0.2326666666666667,
800,3i,150.0,9,5.1852,7,19.0,False,1,23.9985,109.34,109.34,scenario_north_heavy,val,development,0.05,7.0,0.5865,0.12666666666666668,1.0,,6.0,2.0,True,,60.0,1120.0032,0.23333333333333334,
805,3i,150.0,9,2.3392,7,19.0,False,1,11.2918,26.17,26.17,scenario_north_heavy,val,development,0.05,7.0,2.0069,0.12666666666666668,1.0,,7.0,1.0,False,5,60.0,505.2672,0.23333333333333334,
810,3i,150.0,10,2.3787,8,23.08,False,1,0.4084,5.37,5.37,scenario_north_heavy,val,development,0.05,4.079999999999998,0.25459999999999994,0.15386666666666665,1.0,,7.0,6.0,False,10,66.66666666666667,570.888,0.13599999999999995,
815,3i,150.0,6,2.3128,5,23.01,False,0,,,,scenario_north_heavy,val,development,0.05,4.010000000000002,1.7498000000000002,0.1534,0.0,,0.0,4.0,False,15,40.0,333.04320000000007,0.1336666666666667,
820,3i,150.0,5,0.0,5,23.01,False,0,,,,scenario_north_heavy,val,development,0.05,4.010000000000002,-0.0001,0.1534,-1.0,,0.0,9.0,False,20,33.333333333333336,0.0,0.1336666666666667,
825,3i,150.0,5,0.0,5,23.01,False,0,,,,scenario_north_heavy,val,development,0.05,4.010000000000002,0.0,0.1534,-1.0,,0.0,14.0,False,25,33.333333333333336,0.0,0.1336666666666667,
830,3i,150.0,5,0.0,5,23.01,False,0,,,,scenario_north_heavy,val,development,0.05,4.010000000000002,-5.1852,0.1534,-1.0,,0.0,19.0,False,30,33.333333333333336,0.0,0.1336666666666667,
835,3i,150.0,7,6.7109,5,23.01,False,0,,,,scenario_north_heavy,val,development,0.05,4.010000000000002,4.3717,0.1534,-1.0,,0.0,24.0,False,35,46.66666666666667,1127.4312000000002,0.1336666666666667,
840,3i,150.0,7,3.272,5,23.01,False,0,,,,scenario_north_heavy,val,development,0.05,-0.06999999999999673,0.8933,0.1534,-1.0,,1.0,4.0,False,40,46.66666666666667,549.696,-0.0023333333333332242,
845,3i,150.0,6,0.6688,4,27.02,False,0,,,,scenario_north_heavy,val,development,0.05,4.009999999999998,-1.6440000000000001,0.18013333333333334,0.0,,2.0,2.0,False,45,40.0,96.3072,0.1336666666666666,
850,3i,150.0,5,5.6935,1,1.0,False,0,,,,scenario_north_heavy,val,development,0.05,-22.01,5.6935,0.006666666666666667,0.0,,3.0,1.0,False,50,33.333333333333336,683.22,-0.7336666666666667,
855,3i,150.0,5,2.1764,3,5.01,False,0,,,,scenario_north_heavy,val,development,0.05,-18.0,2.1764,0.0334,0.0,,3.0,6.0,False,55,33.333333333333336,261.168,-0.6,
860,3i,150.0,5,0.0001,5,9.0,False,0,,,,scenario_north_heavy,val,development,0.05,-14.010000000000002,0.0001,0.06,0.0,,4.0,4.0,True,,33.333333333333336,0.012000000000000002,-0.467,
865,3i,150.0,5,0.0,5,9.0,False,0,,,,scenario_north_heavy,val,development,0.05,-14.010000000000002,-6.7109,0.06,0.0,,4.0,9.0,True,,33.333333333333336,0.0,-0.467,
870,3i,150.0,7,5.7859,5,9.0,False,0,,,,scenario_north_heavy,val,development,0.05,-14.010000000000002,2.5139,0.06,0.0,,4.0,14.0,True,,46.66666666666667,972.0312,-0.467,
875,3i,150.0,8,5.018,5,9.0,False,0,,,,scenario_north_heavy,val,development,0.05,-18.02,4.3492,0.06,0.0,,4.0,19.0,True,,53.333333333333336,963.4559999999999,-0.6006666666666667,
880,3i,150.0,8,1.7013,7,16.01,False,0,,,,scenario_north_heavy,val,development,0.05,15.010000000000002,-3.9922000000000004,0.10673333333333335,0.0,,4.0,24.0,True,,53.333333333333336,326.6496,0.5003333333333334,
885,3i,150.0,8,0.1478,7,16.0,False,0,,,,scenario_north_heavy,val,development,0.05,10.99,-2.0286,0.10666666666666667,0.0,,5.0,4.0,False,5,53.333333333333336,28.3776,0.36633333333333334,
890,3i,150.0,8,0.0003,8,16.0,False,1,26.544,429.34,429.34,scenario_north_heavy,val,development,0.05,7.0,0.00019999999999999998,0.10666666666666667,1.0,,6.0,2.0,True,,53.333333333333336,0.057600000000000005,0.23333333333333334,
895,3i,150.0,8,0.0,8,16.0,False,1,27.1409,294.75,294.75,scenario_north_heavy,val,development,0.05,7.0,0.0,0.10666666666666667,1.0,,7.0,1.0,False,5,53.333333333333336,0.0,0.23333333333333334,
900,3i,150.0,8,0.0,8,16.0,False,1,26.0799,159.29,159.29,scenario_north_heavy,val,development,0.05,7.0,-5.7859,0.10666666666666667,1.0,,7.0,6.0,False,10,53.333333333333336,0.0,0.23333333333333334,
905,3i,150.0,7,5.8182,4,16.0,False,1,16.6281,52.0,52.0,scenario_north_heavy,val,development,0.05,7.0,0.8002000000000002,0.10666666666666667,1.0,,0.0,4.0,False,15,46.66666666666667,977.4576000000002,0.23333333333333334,
910,3i,150.0,6,4.856,4,16.0,False,0,,,,scenario_north_heavy,val,development,0.05,-0.010000000000001563,3.1547,0.10666666666666667,0.0,,0.0,9.0,False,20,40.0,699.264,-0.0003333333333333854,
915,3i,150.0,6,2.4591,5,23.01,False,0,,,,scenario_north_heavy,val,development,0.05,7.010000000000002,2.3112999999999997,0.1534,0.0,,0.0,14.0,False,25,40.0,354.1104,0.23366666666666672,
920,3i,150.0,5,0.0,5,23.01,False,0,,,,scenario_north_heavy,val,development,0.05,7.010000000000002,-0.0003,0.1534,-1.0,,0.0,19.0,False,30,33.333333333333336,0.0,0.23366666666666672,
925,3i,150.0,5,0.0,5,23.01,False,0,,,,scenario_north_heavy,val,development,0.05,7.010000000000002,0.0,0.1534,-1.0,,0.0,24.0,False,35,33.333333333333336,0.0,0.23366666666666672,
930,3i,150.0,5,0.0,5,23.01,False,1,26.0281,430.8,430.8,scenario_north_heavy,val,development,0.05,7.010000000000002,0.0,0.1534,0.0,271.51,1.0,4.0,False,40,33.333333333333336,0.0,0.23366666666666672,
935,3i,150.0,4,7.1415,2,23.01,False,1,24.9654,301.24,301.24,scenario_north_heavy,val,development,0.05,7.010000000000002,1.3232999999999997,0.1534,0.0,249.24,2.0,2.0,False,45,26.666666666666668,685.584,0.23366666666666672,
940,3i,150.0,4,8.3072,0,0.0,False,1,19.2563,192.73,192.73,scenario_north_heavy,val,development,0.05,-16.0,3.4512,0.0,1.0,,3.0,1.0,False,50,26.666666666666668,797.4912,-0.5333333333333333,
945,3i,150.0,5,5.3467,2,8.01,False,1,15.4987,107.64,107.64,scenario_north_heavy,val,development,0.05,-15.000000000000002,2.8876000000000004,0.053399999999999996,1.0,,3.0,6.0,False,55,33.333333333333336,641.604,-0.5000000000000001,
950,3i,150.0,5,4.0179,3,8.0,False,1,13.4198,28.87,28.87,scenario_north_heavy,val,development,0.05,-15.010000000000002,4.0179,0.05333333333333334,1.0,,4.0,4.0,True,,33.333333333333336,482.148,-0.5003333333333334,
955,3i,150.0,5,0.4526,3,8.0,False,1,0.0,1.0,1.0,scenario_north_heavy,val,development,0.05,-15.010000000000002,0.4526,0.05333333333333334,1.0,,4.0,9.0,True,,33.333333333333336,54.31200000000001,-0.5003333333333334,
960,3i,150.0,5,0.0,5,15.0,False,1,0.0,1.0,1.0,scenario_north_heavy,val,development,0.05,-8.010000000000002,0.0,0.1,0.0,-429.8,4.0,14.0,True,,33.333333333333336,0.0,-0.26700000000000007,
965,3i,150.0,5,0.0,5,15.0,False,1,0.0,1.0,1.0,scenario_north_heavy,val,development,0.05,-8.010000000000002,-7.1415,0.1,0.0,-300.24,4.0,19.0,True,,33.333333333333336,0.0,-0.26700000000000007,
970,3i,150.0,6,4.2433,5,15.0,False,1,0.0,1.0,1.0,scenario_north_heavy,val,development,0.05,15.0,-4.0639,0.1,0.0,-191.73,4.0,24.0,True,,40.0,611.0351999999999,0.5,
975,3i,150.0,7,3.587,5,15.0,False,1,0.0,1.0,1.0,scenario_north_heavy,val,development,0.05,6.99,-1.7597,0.1,0.0,-106.64,5.0,4.0,False,5,46.66666666666667,602.6160000000001,0.233,
980,3i,150.0,8,2.9773,6,15.0,False,1,0.0,1.0,1.0,scenario_north_heavy,val,development,0.05,7.0,-1.0406,0.1,0.0,-27.87,6.0,2.0,True,,53.333333333333336,571.6416,0.23333333333333334,
985,3i,150.0,8,1.8976,6,15.0,False,1,0.0,1.0,1.0,scenario_north_heavy,val,development,0.05,7.0,1.4449999999999998,0.1,0.0,0.0,7.0,1.0,False,5,53.333333333333336,364.3392,0.23333333333333334,
990,3i,150.0,8,0.099,7,15.0,False,1,0.0,1.0,1.0,scenario_north_heavy,val,development,0.05,0.0,0.099,0.1,0.0,0.0,7.0,6.0,False,10,53.333333333333336,19.008000000000003,0.0,
995,3i,150.0,4,0.0001,4,29.04,False,0,,,,scenario_north_heavy,val,development,0.05,14.04,0.0001,0.1936,-1.0,,0.0,4.0,False,15,26.666666666666668,0.009600000000000001,0.46799999999999997,
1000,3i,150.0,4,0.0,4,29.04,False,0,,,,scenario_north_heavy,val,development,0.05,14.04,-4.2433,0.1936,-1.0,,0.0,9.0,False,20,26.666666666666668,0.0,0.46799999999999997,
1005,3i,150.0,5,4.8361,4,29.04,False,0,,,,scenario_north_heavy,val,development,0.05,14.04,1.2490999999999999,0.1936,-1.0,,0.0,14.0,False,25,33.333333333333336,580.3320000000001,0.46799999999999997,
1010,3i,150.0,7,6.2198,4,29.04,False,0,,,,scenario_north_heavy,val,development,0.05,14.04,3.2425,0.1936,-1.0,,0.0,19.0,False,30,46.66666666666667,1044.9264000000003,0.46799999999999997,
1015,3i,150.0,6,3.6046,4,29.04,False,0,,,,scenario_north_heavy,val,development,0.05,14.04,1.707,0.1936,-1.0,,0.0,24.0,False,35,40.0,519.0624,0.46799999999999997,
1020,3i,150.0,6,0.9186,4,29.04,False,0,,,,scenario_north_heavy,val,development,0.05,14.04,0.8196,0.1936,-1.0,,1.0,4.0,False,40,40.0,132.2784,0.46799999999999997,
1025,3i,150.0,5,1.1782,4,43.09,False,0,,,,scenario_north_heavy,val,development,0.05,14.050000000000004,1.1781,0.28726666666666667,0.0,,2.0,2.0,False,45,33.333333333333336,141.384,0.4683333333333335,
1030,3i,150.0,4,1.855,1,1.0,False,0,,,,scenario_north_heavy,val,development,0.05,-28.04,1.855,0.006666666666666667,0.0,,3.0,1.0,False,50,26.666666666666668,178.08,-0.9346666666666666,
1035,3i,150.0,4,0.1762,3,15.04,False,0,,,,scenario_north_heavy,val,development,0.05,-14.0,-4.6599,0.10026666666666666,0.0,,3.0,6.0,False,55,26.666666666666668,16.915200000000002,-0.4666666666666667,
1040,3i,150.0,6,6.6046,4,29.08,False,0,,,,scenario_north_heavy,val,development,0.05,0.03999999999999915,0.38479999999999936,0.19386666666666666,0.0,,4.0,4.0,True,,40.0,951.0624,0.0013333333333333049,
1045,3i,150.0,7,4.009,4,29.08,False,0,,,,scenario_north_heavy,val,development,0.05,0.03999999999999915,0.4044000000000003,0.19386666666666666,0.0,,4.0,9.0,True,,46.66666666666667,673.5120000000002,0.0013333333333333049,
1050,3i,150.0,7,1.6108,6,41.79,False,0,,,,scenario_north_heavy,val,development,0.05,12.75,0.6922,0.2786,0.0,,4.0,14.0,True,,46.66666666666667,270.61440000000005,0.425,
1055,3i,150.0,7,0.9881,6,41.79,False,0,,,,scenario_north_heavy,val,development,0.05,-1.3000000000000043,-0.19009999999999994,0.2786,0.0,,4.0,19.0,True,,46.66666666666667,166.00080000000003,-0.043333333333333474,
1060,3i,150.0,7,0.3453,6,41.79,False,0,,,,scenario_north_heavy,val,development,0.05,40.79,-1.5097,0.2786,0.0,,4.0,24.0,True,,46.66666666666667,58.010400000000004,1.3596666666666666,
1065,3i,150.0,7,0.001,7,41.79,False,0,,,,scenario_north_heavy,val,development,0.05,26.75,-0.1752,0.2786,0.0,,5.0,4.0,False,5,46.66666666666667,0.16800000000000004,0.8916666666666667,
1070,3i,150.0,7,0.0,7,41.79,False,0,,,,scenario_north_heavy,val,development,0.05,12.71,-6.6046,0.2786,0.0,,6.0,2.0,True,,46.66666666666667,0.0,0.4236666666666667,
1075,3i,150.0,8,2.4051,7,41.79,False,0,,,,scenario_north_heavy,val,development,0.05,12.71,-1.6039000000000003,0.2786,0.0,,7.0,1.0,False,5,53.333333333333336,461.7792,0.4236666666666667,
1080,3i,150.0,10,3.3867,7,41.79,False,0,,,,scenario_north_heavy,val,development,0.05,0.0,1.7758999999999998,0.2786,0.0,,7.0,6.0,False,10,66.66666666666667,812.808,0.0,
1085,3i,150.0,6,2.3551,4,41.79,False,0,,,,scenario_north_heavy,val,development,0.05,0.0,1.3670000000000002,0.2786,0.0,,0.0,4.0,False,15,40.0,339.1344,0.0,
1090,3i,150.0,5,0.0001,5,48.8,False,0,,,,scenario_north_heavy,val,development,0.05,7.009999999999998,-0.3452,0.3253333333333333,0.0,,0.0,9.0,False,20,33.333333333333336,0.012000000000000002,0.2336666666666666,
1095,3i,150.0,5,0.0,5,48.8,False,0,,,,scenario_north_heavy,val,development,0.05,7.009999999999998,-0.001,0.3253333333333333,0.0,,0.0,14.0,False,25,33.333333333333336,0.0,0.2336666666666666,
1100,3i,150.0,5,0.0,5,48.8,False,0,,,,scenario_north_heavy,val,development,0.05,7.009999999999998,0.0,0.3253333333333333,0.0,,0.0,19.0,False,30,33.333333333333336,0.0,0.2336666666666666,
1105,3i,150.0,5,0.0,5,48.8,False,0,,,,scenario_north_heavy,val,development,0.05,7.009999999999998,-2.4051,0.3253333333333333,0.0,,0.0,24.0,False,35,33.333333333333336,0.0,0.2336666666666666,
1110,3i,150.0,7,4.9022,5,48.8,False,0,,,,scenario_north_heavy,val,development,0.05,7.009999999999998,1.5154999999999998,0.3253333333333333,0.0,,1.0,4.0,False,40,46.66666666666667,823.5696,0.2336666666666666,
1115,3i,150.0,7,4.7782,3,48.8,False,0,,,,scenario_north_heavy,val,development,0.05,7.009999999999998,2.4231,0.3253333333333333,0.0,,2.0,2.0,False,45,46.66666666666667,802.7376000000002,0.2336666666666666,
1120,3i,150.0,7,2.5504,1,1.0,False,0,,,,scenario_north_heavy,val,development,0.05,-47.8,2.5502999999999996,0.006666666666666667,0.0,,3.0,1.0,False,50,46.66666666666667,428.46720000000005,-1.5933333333333333,
1125,3i,150.0,7,0.3346,5,27.75,False,0,,,,scenario_north_heavy,val,development,0.05,-21.049999999999997,0.3346,0.185,0.0,,3.0,6.0,False,55,46.66666666666667,56.21280000000001,-0.7016666666666665,
1130,3i,150.0,7,0.0048,7,47.48,False,0,,,,scenario_north_heavy,val,development,0.05,-1.3200000000000003,0.0048,0.31653333333333333,0.0,,4.0,4.0,True,,46.66666666666667,0.8064000000000001,-0.04400000000000001,
1135,3i,150.0,7,0.0,7,47.47,False,0,,,,scenario_north_heavy,val,development,0.05,-1.3299999999999983,0.0,0.3164666666666667,0.0,,4.0,9.0,True,,46.66666666666667,0.0,-0.04433333333333327,
1140,3i,150.0,8,2.8995,7,47.47,False,0,,,,scenario_north_heavy,val,development,0.05,-1.3299999999999983,-2.0026999999999995,0.3164666666666667,0.0,,4.0,14.0,True,,53.333333333333336,556.7040000000001,-0.04433333333333327,
1145,3i,150.0,10,5.1691,7,47.47,False,0,,,,scenario_north_heavy,val,development,0.05,-1.3299999999999983,0.39090000000000025,0.3164666666666667,0.0,,4.0,19.0,True,,66.66666666666667,1240.584,-0.04433333333333327,
1150,3i,150.0,10,2.0893,7,47.47,False,0,,,,scenario_north_heavy,val,development,0.05,46.47,-0.4610999999999996,0.3164666666666667,0.0,,4.0,24.0,True,,66.66666666666667,501.4320000000001,1.549,
1155,3i,150.0,10,0.1704,9,47.47,False,0,,,,scenario_north_heavy,val,development,0.05,19.72,-0.1642,0.3164666666666667,0.0,,5.0,4.0,False,5,66.66666666666667,40.896,0.6573333333333333,
1160,3i,150.0,10,0.0,10,60.18,False,0,,,,scenario_north_heavy,val,development,0.05,12.700000000000003,-0.0048,0.4012,0.0,,6.0,2.0,True,,66.66666666666667,0.0,0.42333333333333345,
1165,3i,150.0,10,0.0,10,60.18,False,0,,,,scenario_north_heavy,val,development,0.05,12.71,0.0,0.4012,0.0,,7.0,1.0,False,5,66.66666666666667,0.0,0.4236666666666667,
1170,3i,150.0,10,0.0,10,60.18,False,0,,,,scenario_north_heavy,val,development,0.05,12.71,-2.8995,0.4012,0.0,,7.0,6.0,False,10,66.66666666666667,0.0,0.4236666666666667,
1175,3i,150.0,9,6.7818,6,60.18,False,0,,,,scenario_north_heavy,val,development,0.05,12.71,1.6126999999999994,0.4012,0.0,,0.0,4.0,False,15,60.0,1464.8687999999997,0.4236666666666667,
1180,3i,150.0,9,4.471,6,60.18,False,0,,,,scenario_north_heavy,val,development,0.05,12.71,2.3817,0.4012,0.0,,0.0,9.0,False,20,60.0,965.7360000000001,0.4236666666666667,
1185,3i,150.0,7,0.0006,7,72.89,False,0,,,,scenario_north_heavy,val,development,0.05,25.42,-0.1698,0.48593333333333333,0.0,,0.0,14.0,False,25,46.66666666666667,0.10080000000000001,0.8473333333333334,
1190,3i,150.0,7,0.0,7,72.89,False,0,,,,scenario_north_heavy,val,development,0.05,12.71,0.0,0.48593333333333333,0.0,,0.0,19.0,False,30,46.66666666666667,0.0,0.4236666666666667,
1195,3i,150.0,7,0.0,7,72.89,False,0,,,,scenario_north_heavy,val,development,0.05,12.71,0.0,0.48593333333333333,0.0,,0.0,24.0,False,35,46.66666666666667,0.0,0.4236666666666667,
1200,3i,150.0,7,0.0,7,72.89,False,0,,,,scenario_north_heavy,val,development,0.05,12.71,0.0,0.48593333333333333,0.0,,1.0,4.0,False,40,46.66666666666667,0.0,0.4236666666666667,
1205,3i,150.0,6,0.3057,5,72.89,False,0,,,,scenario_north_heavy,val,development,0.05,12.71,-6.4761,0.48593333333333333,0.0,,2.0,2.0,False,45,40.0,44.02080000000001,0.4236666666666667,
1210,3i,150.0,8,5.1883,1,72.33,False,0,,,,scenario_north_heavy,val,development,0.05,12.149999999999999,0.7172999999999998,0.48219999999999996,0.0,,3.0,1.0,False,50,53.333333333333336,996.1536000000001,0.40499999999999997,
1215,3i,150.0,9,4.7199,3,20.81,False,0,,,,scenario_north_heavy,val,development,0.05,-52.08,4.7193,0.13873333333333332,0.0,,3.0,6.0,False,55,60.0,1019.4984000000001,-1.736,
1220,3i,150.0,9,2.1017,6,59.18,False,0,,,,scenario_north_heavy,val,development,0.05,-13.71,2.1017,0.39453333333333335,0.0,,4.0,4.0,True,,60.0,453.96720000000005,-0.457,
1225,3i,150.0,9,0.0054,9,65.87,False,0,,,,scenario_north_heavy,val,development,0.05,-7.019999999999996,0.0054,0.4391333333333334,0.0,,4.0,9.0,True,,60.0,1.1664,-0.23399999999999987,
1230,3i,150.0,9,0.0,9,65.85,False,0,,,,scenario_north_heavy,val,development,0.05,-7.040000000000006,0.0,0.43899999999999995,0.0,,4.0,14.0,True,,60.0,0.0,-0.23466666666666688,
1235,3i,150.0,9,0.0,9,65.85,False,0,,,,scenario_north_heavy,val,development,0.05,-7.040000000000006,-0.3057,0.43899999999999995,0.0,,4.0,19.0,True,,60.0,0.0,-0.23466666666666688,
1240,3i,150.0,9,0.0,9,65.85,False,0,,,,scenario_north_heavy,val,development,0.05,-6.480000000000004,-5.1883,0.43899999999999995,0.0,,4.0,24.0,True,,60.0,0.0,-0.21600000000000014,
1245,3i,150.0,10,1.7443,9,65.85,False,0,,,,scenario_north_heavy,val,development,0.05,45.03999999999999,-2.9756,0.43899999999999995,0.0,,5.0,4.0,False,5,66.66666666666667,418.63200000000006,1.501333333333333,
1250,3i,150.0,12,3.1682,9,65.85,False,0,,,,scenario_north_heavy,val,development,0.05,6.669999999999995,1.0665,0.43899999999999995,0.0,,6.0,2.0,True,,80.0,912.4416000000001,0.22233333333333316,
1255,3i,150.0,12,1.4042,9,65.85,False,0,,,,scenario_north_heavy,val,development,0.05,-0.020000000000010232,1.3987999999999998,0.43899999999999995,0.0,,7.0,1.0,False,5,80.0,404.40959999999995,-0.0006666666666670077,
1260,3i,150.0,12,0.13,11,69.86,False,0,,,,scenario_north_heavy,val,development,0.05,4.010000000000005,0.13,0.46573333333333333,0.0,,7.0,6.0,False,10,80.0,37.440000000000005,0.13366666666666685,
1265,3i,150.0,9,0.3416,8,69.85,False,0,,,,scenario_north_heavy,val,development,0.05,4.0,0.3416,0.4656666666666666,0.0,,0.0,4.0,False,15,60.0,73.78560000000002,0.13333333333333333,
1270,3i,150.0,8,0.0,8,69.85,False,0,,,,scenario_north_heavy,val,development,0.05,4.0,0.0,0.4656666666666666,0.0,,0.0,9.0,False,20,53.333333333333336,0.0,0.13333333333333333,
1275,3i,150.0,9,1.6405,8,69.85,False,0,,,,scenario_north_heavy,val,development,0.05,4.0,-0.10379999999999989,0.4656666666666666,0.0,,0.0,14.0,False,25,60.0,354.348,0.13333333333333333,
1280,3i,150.0,10,3.7846,8,69.85,False,0,,,,scenario_north_heavy,val,development,0.05,4.0,0.6164000000000001,0.4656666666666666,0.0,,0.0,19.0,False,30,66.66666666666667,908.3040000000001,0.13333333333333333,
1285,3i,150.0,10,1.6236,8,69.85,False,0,,,,scenario_north_heavy,val,development,0.05,4.0,0.21940000000000004,0.4656666666666666,0.0,,0.0,24.0,False,35,66.66666666666667,389.664,0.13333333333333333,
1290,3i,150.0,9,0.1341,8,69.85,False,0,,,,scenario_north_heavy,val,development,0.05,-0.010000000000005116,0.0040999999999999925,0.4656666666666666,0.0,,1.0,4.0,False,40,60.0,28.965600000000002,-0.00033333333333350387,
1295,3i,150.0,8,0.5924,6,82.56,False,0,,,,scenario_north_heavy,val,development,0.05,12.710000000000008,0.2508,0.5504,0.0,,2.0,2.0,False,45,53.333333333333336,113.74080000000002,0.4236666666666669,
1300,3i,150.0,7,2.0646,2,82.56,False,0,,,,scenario_north_heavy,val,development,0.05,12.710000000000008,2.0646,0.5504,0.0,,3.0,1.0,False,50,46.66666666666667,346.85280000000006,0.4236666666666669,
1305,3i,150.0,7,1.6398,3,26.42,False,0,,,,scenario_north_heavy,val,development,0.05,-43.42999999999999,-0.000700000000000145,0.17613333333333334,0.0,,3.0,6.0,False,55,46.66666666666667,275.4864,-1.4476666666666664,
1310,3i,150.0,9,3.9842,7,63.61,False,0,,,,scenario_north_heavy,val,development,0.05,-6.239999999999995,0.19959999999999978,0.42406666666666665,0.0,,4.0,4.0,True,,60.0,860.5872,-0.20799999999999982,
1315,3i,150.0,10,3.5032,7,62.85,False,0,,,,scenario_north_heavy,val,development,0.05,-6.999999999999993,1.8796000000000002,0.419,0.0,,4.0,9.0,True,,66.66666666666667,840.7680000000001,-0.2333333333333331,
1320,3i,150.0,10,0.5494,9,75.56,False,0,,,,scenario_north_heavy,val,development,0.05,5.710000000000008,0.4153,0.5037333333333334,0.0,,4.0,14.0,True,,66.66666666666667,131.85600000000002,0.1903333333333336,
1325,3i,150.0,10,0.0011,10,75.56,False,0,,,,scenario_north_heavy,val,development,0.05,-7.0,-0.5913,0.5037333333333334,0.0,,4.0,19.0,True,,66.66666666666667,0.264,-0.23333333333333334,
1330,3i,150.0,10,0.0,10,75.56,False,0,,,,scenario_north_heavy,val,development,0.05,-7.0,-2.0646,0.5037333333333334,0.0,,4.0,24.0,True,,66.66666666666667,0.0,-0.23333333333333334,
1335,3i,150.0,10,0.0,10,75.56,False,0,,,,scenario_north_heavy,val,development,0.05,49.14,-1.6398,0.5037333333333334,0.0,,5.0,4.0,False,5,66.66666666666667,0.0,1.6380000000000001,
1340,3i,150.0,10,0.0,10,75.56,False,0,,,,scenario_north_heavy,val,development,0.05,11.950000000000003,-3.9842,0.5037333333333334,0.0,,6.0,2.0,True,,66.66666666666667,0.0,0.39833333333333343,
1345,3i,150.0,11,1.5875,10,75.56,False,0,,,,scenario_north_heavy,val,development,0.05,12.71,-1.9157000000000002,0.5037333333333334,0.0,,7.0,1.0,False,5,73.33333333333334,419.1,0.4236666666666667,
1350,3i,150.0,13,3.145,10,75.56,False,0,,,,scenario_north_heavy,val,development,0.05,0.0,2.5956,0.5037333333333334,0.0,,7.0,6.0,False,10,86.66666666666667,981.2400000000001,0.0,
1355,3i,150.0,11,2.2736,8,75.56,False,0,,,,scenario_north_heavy,val,development,0.05,0.0,2.2725,0.5037333333333334,0.0,,0.0,4.0,False,15,73.33333333333334,600.2304000000001,0.0,
1360,3i,150.0,9,0.0009,9,79.56,False,0,,,,scenario_north_heavy,val,development,0.05,4.0,0.0009,0.5304,0.0,,0.0,9.0,False,20,60.0,0.1944,0.13333333333333333,
1365,3i,150.0,9,0.0,9,79.56,False,0,,,,scenario_north_heavy,val,development,0.05,4.0,0.0,0.5304,0.0,,0.0,14.0,False,25,60.0,0.0,0.13333333333333333,
1370,3i,150.0,9,0.0,9,79.56,False,0,,,,scenario_north_heavy,val,development,0.05,4.0,0.0,0.5304,0.0,,0.0,19.0,False,30,60.0,0.0,0.13333333333333333,
1375,3i,150.0,10,1.6132,9,79.56,False,0,,,,scenario_north_heavy,val,development,0.05,4.0,0.025700000000000056,0.5304,0.0,,0.0,24.0,False,35,66.66666666666667,387.16800000000006,0.13333333333333333,
1380,3i,150.0,12,4.008,9,79.56,False,0,,,,scenario_north_heavy,val,development,0.05,4.0,0.863,0.5304,0.0,,1.0,4.0,False,40,80.0,1154.304,0.13333333333333333,
1385,3i,150.0,11,1.2574,7,79.56,False,0,,,,scenario_north_heavy,val,development,0.05,4.0,-1.0162,0.5304,0.0,,2.0,2.0,False,45,73.33333333333334,331.95360000000005,0.13333333333333333,
1390,3i,150.0,10,1.5824,6,92.27,False,0,,,,scenario_north_heavy,val,development,0.05,12.709999999999994,1.5815000000000001,0.6151333333333333,0.0,,3.0,1.0,False,50,66.66666666666667,379.77600000000007,0.42366666666666647,
1395,3i,150.0,10,1.4818,4,13.72,False,0,,,,scenario_north_heavy,val,development,0.05,-65.84,1.4818,0.09146666666666667,0.0,,3.0,6.0,False,55,66.66666666666667,355.632,-2.194666666666667,
1400,3i,150.0,10,0.7213,6,24.75,False,1,23.9404,456.36,456.36,scenario_north_heavy,val,development,0.05,-54.81,0.7213,0.165,1.0,,4.0,4.0,True,,66.66666666666667,173.11200000000002,-1.8270000000000002,
1405,3i,150.0,11,1.7704,9,54.24,False,1,24.1918,335.44,335.44,scenario_north_heavy,val,development,0.05,-25.32,0.1572,0.36160000000000003,1.0,,4.0,9.0,True,,73.33333333333334,467.38560000000007,-0.844,
1410,3i,150.0,11,1.3451,10,66.85,False,1,23.7101,216.38,216.38,scenario_north_heavy,val,development,0.05,-12.710000000000008,-2.6629,0.44566666666666666,1.0,,4.0,14.0,True,,73.33333333333334,355.10640000000006,-0.4236666666666669,
1415,3i,150.0,13,2.8644,10,66.85,False,1,16.5892,112.52,112.52,scenario_north_heavy,val,development,0.05,-12.710000000000008,1.6069999999999998,0.44566666666666666,1.0,,4.0,19.0,True,,86.66666666666667,893.6928,-0.4236666666666669,
1420,3i,150.0,13,0.7145,11,66.85,False,1,2.9788,71.18,71.18,scenario_north_heavy,val,development,0.05,-25.42,-0.8679,0.44566666666666666,1.0,,4.0,24.0,True,,86.66666666666667,222.924,-0.8473333333333334,
1425,3i,150.0,13,0.0002,13,70.85,False,1,0.0015,70.85,70.85,scenario_north_heavy,val,development,0.05,57.129999999999995,-1.4816,0.47233333333333327,1.0,,5.0,4.0,False,5,86.66666666666667,0.062400000000000004,1.9043333333333332,
1430,3i,150.0,13,0.0,13,70.85,False,1,0.0,70.85,70.85,scenario_north_heavy,val,development,0.05,46.099999999999994,-0.7213,0.47233333333333327,0.0,-385.51,6.0,2.0,True,,86.66666666666667,0.0,1.5366666666666664,
1435,3i,150.0,13,0.0,13,70.85,False,1,0.0,70.85,70.85,scenario_north_heavy,val,development,0.05,16.609999999999992,-1.7704,0.47233333333333327,0.0,-264.59000000000003,7.0,1.0,False,5,86.66666666666667,0.0,0.5536666666666664,
1440,3i,150.0,14,1.1033,13,70.85,False,1,0.0,70.85,70.85,scenario_north_heavy,val,development,0.05,4.0,-0.24180000000000001,0.47233333333333327,0.0,-145.53,7.0,6.0,False,10,93.33333333333334,370.70880000000005,0.13333333333333333,
1445,3i,150.0,10,1.579,9,70.85,False,1,0.0,70.85,70.85,scenario_north_heavy,val,development,0.05,4.0,-1.2853999999999999,0.47233333333333327,0.0,-41.67,0.0,4.0,False,15,66.66666666666667,378.96000000000004,0.13333333333333333,
1450,3i,150.0,11,2.5421,9,70.85,False,1,0.0,70.85,70.85,scenario_north_heavy,val,development,0.05,4.0,1.8276,0.47233333333333327,0.0,-0.3300000000000125,0.0,9.0,False,20,73.33333333333334,671.1144,0.13333333333333333,
1455,3i,150.0,10,0.0014,10,77.85,False,1,0.0,70.85,70.85,scenario_north_heavy,val,development,0.05,7.0,0.0012,0.519,0.0,0.0,0.0,14.0,False,25,66.66666666666667,0.336,0.23333333333333334,
1460,3i,150.0,10,0.0,10,77.85,False,1,0.0,70.85,70.85,scenario_north_heavy,val,development,0.05,7.0,0.0,0.519,0.0,0.0,0.0,19.0,False,30,66.66666666666667,0.0,0.23333333333333334,
1465,3i,150.0,10,0.0,10,77.85,False,1,0.0,70.85,70.85,scenario_north_heavy,val,development,0.05,7.0,0.0,0.519,0.0,0.0,0.0,24.0,False,35,66.66666666666667,0.0,0.23333333333333334,
1470,3i,150.0,10,0.0,10,77.85,False,1,0.0,70.85,70.85,scenario_north_heavy,val,development,0.05,7.0,-1.1033,0.519,0.0,0.0,1.0,4.0,False,40,66.66666666666667,0.0,0.23333333333333334,
1475,3i,150.0,10,1.8519,8,77.85,False,1,0.0,70.85,70.85,scenario_north_heavy,val,development,0.05,7.0,0.27290000000000014,0.519,0.0,0.0,2.0,2.0,False,45,66.66666666666667,444.4560000000001,0.23333333333333334,
1480,3i,150.0,9,2.6813,4,77.85,False,1,0.0,70.85,70.85,scenario_north_heavy,val,development,0.05,7.0,0.13919999999999977,0.519,0.0,0.0,3.0,1.0,False,50,60.0,579.1608,0.23333333333333334,
1485,3i,150.0,11,3.5915,3,4.1,False,1,2.3103,63.13,63.13,scenario_north_heavy,val,development,0.05,-73.75,3.5901,0.02733333333333333,0.0,-7.719999999999992,3.0,6.0,False,55,73.33333333333334,948.1560000000001,-2.4583333333333335,
1490,3i,150.0,11,1.1033,6,33.55,False,1,1.201,51.53,51.53,scenario_north_heavy,val,development,0.05,-44.3,1.1033,0.22366666666666665,0.0,-19.319999999999993,4.0,4.0,True,,73.33333333333334,291.2712,-1.4766666666666666,
1495,3i,150.0,11,0.0214,11,61.5,False,1,0.0171,50.24,50.24,scenario_north_heavy,val,development,0.05,-16.349999999999994,0.0214,0.41,0.0,-20.609999999999992,4.0,9.0,True,,73.33333333333334,5.6496,-0.5449999999999998,
1500,3i,150.0,11,0.0004,11,61.24,False,1,0.0,50.24,50.24,scenario_north_heavy,val,development,0.05,-16.609999999999992,0.0004,0.40826666666666667,0.0,-20.609999999999992,4.0,14.0,True,,73.33333333333334,0.10560000000000003,-0.5536666666666664,
1505,3i,150.0,12,1.5978,11,61.24,False,1,0.0,50.24,50.24,scenario_north_heavy,val,development,0.05,-16.609999999999992,-0.2541,0.40826666666666667,0.0,-20.609999999999992,4.0,19.0,True,,80.0,460.1664,-0.5536666666666664,
1510,3i,150.0,12,1.2181,11,61.24,False,1,0.0,50.24,50.24,scenario_north_heavy,val,development,0.05,-16.609999999999992,-1.4631999999999998,0.40826666666666667,0.0,-20.609999999999992,4.0,24.0,True,,80.0,350.8128,-0.5536666666666664,
1515,3i,150.0,12,0.1508,11,61.24,False,1,0.0,50.24,50.24,scenario_north_heavy,val,development,0.05,57.14,-3.4407,0.40826666666666667,0.0,-12.89,5.0,4.0,False,5,80.0,43.430400000000006,1.9046666666666667,
1520,3i,150.0,14,2.285,12,61.24,False,1,0.0,50.24,50.24,scenario_north_heavy,val,development,0.05,27.690000000000005,1.1817000000000002,0.40826666666666667,0.0,-1.2899999999999991,6.0,2.0,True,,93.33333333333334,767.7600000000001,0.9230000000000002,
1525,3i,150.0,14,0.8896,12,61.24,False,1,0.0,50.24,50.24,scenario_north_heavy,val,development,0.05,-0.259999999999998,0.8682,0.40826666666666667,0.0,0.0,7.0,1.0,False,5,93.33333333333334,298.90560000000005,-0.0086666666666666,
1530,3i,150.0,14,0.0567,13,61.24,False,1,0.0,50.24,50.24,scenario_north_heavy,val,development,0.05,0.0,0.0563,0.40826666666666667,0.0,0.0,7.0,6.0,False,10,93.33333333333334,19.0512,0.0,
1535,3i,150.0,10,0.0,10,68.24,False,1,0.0,50.24,50.24,scenario_north_heavy,val,development,0.05,6.999999999999993,-1.5978,0.4549333333333333,0.0,0.0,0.0,4.0,False,15,66.66666666666667,0.0,0.2333333333333331,
1540,3i,150.0,11,1.7285,10,68.24,False,1,0.0,50.24,50.24,scenario_north_heavy,val,development,0.05,6.999999999999993,0.5104,0.4549333333333333,0.0,0.0,0.0,9.0,False,20,73.33333333333334,456.32400000000007,0.2333333333333331,
1545,3i,150.0,11,1.3698,10,68.24,False,1,0.0,50.24,50.24,scenario_north_heavy,val,development,0.05,6.999999999999993,1.2189999999999999,0.4549333333333333,0.0,0.0,0.0,14.0,False,25,73.33333333333334,361.6272000000001,0.2333333333333331,
1550,3i,150.0,11,2.4715,10,68.24,False,1,0.0,50.24,50.24,scenario_north_heavy,val,development,0.05,6.999999999999993,0.18649999999999967,0.4549333333333333,0.0,0.0,0.0,19.0,False,30,73.33333333333334,652.476,0.2333333333333331,
1555,3i,150.0,12,2.259,10,68.24,False,1,0.0,50.24,50.24,scenario_north_heavy,val,development,0.05,6.999999999999993,1.3694,0.4549333333333333,0.0,0.0,0.0,24.0,False,35,80.0,650.5920000000001,0.2333333333333331,
1560,3i,150.0,11,0.5228,10,68.24,False,1,0.0,50.24,50.24,scenario_north_heavy,val,development,0.05,6.999999999999993,0.46610000000000007,0.4549333333333333,0.0,0.0,1.0,4.0,False,40,73.33333333333334,138.01920000000004,0.2333333333333331,
1565,3i,150.0,9,0.1491,8,80.98,False,1,0.0,50.24,50.24,scenario_north_heavy,val,development,0.05,12.740000000000009,0.1491,0.5398666666666667,0.0,0.0,2.0,2.0,False,45,60.0,32.205600000000004,0.42466666666666697,
1570,3i,150.0,8,1.9912,5,80.95,False,1,0.964,48.83,48.83,scenario_north_heavy,val,development,0.05,12.710000000000008,0.26270000000000016,0.5396666666666667,0.0,-1.4100000000000037,3.0,1.0,False,50,53.333333333333336,382.3104,0.4236666666666669,
1575,3i,150.0,9,3.5891,1,1.04,False,1,2.8415,30.62,30.62,scenario_north_heavy,val,development,0.05,-67.19999999999999,2.2193000000000005,0.006933333333333334,0.0,-19.62,3.0,6.0,False,55,60.0,775.2456000000001,-2.2399999999999998,
1580,3i,150.0,9,2.3306,3,17.76,False,1,0.661,21.88,21.88,scenario_north_heavy,val,development,0.05,-50.47999999999999,-0.1408999999999998,0.1184,0.0,-28.360000000000003,4.0,4.0,True,,60.0,503.4096,-1.6826666666666663,
1585,3i,150.0,11,3.7065,7,32.76,False,1,0.0062,21.71,21.71,scenario_north_heavy,val,development,0.05,-35.48,1.4475000000000002,0.21839999999999998,0.0,-28.53,4.0,9.0,True,,73.33333333333334,978.5160000000002,-1.1826666666666665,
1590,3i,150.0,11,1.2213,9,52.44,False,1,0.0001,21.71,21.71,scenario_north_heavy,val,development,0.05,-15.799999999999997,0.6985,0.34959999999999997,0.0,-28.53,4.0,14.0,True,,73.33333333333334,322.4232,-0.5266666666666666,
1595,3i,150.0,11,0.0117,11,65.15,False,1,0.0,21.71,21.71,scenario_north_heavy,val,development,0.05,-15.829999999999998,-0.13740000000000002,0.43433333333333335,0.0,-28.53,4.0,19.0,True,,73.33333333333334,3.088800000000001,-0.5276666666666666,
1600,3i,150.0,11,0.0,11,65.14,False,1,0.0,21.71,21.71,scenario_north_heavy,val,development,0.05,-15.810000000000002,-1.9912,0.4342666666666667,0.0,-27.119999999999997,4.0,24.0,True,,73.33333333333334,0.0,-0.527,
1605,3i,150.0,12,1.6219,11,65.14,False,1,0.0,21.71,21.71,scenario_north_heavy,val,development,0.05,64.1,-1.9672000000000003,0.4342666666666667,0.0,-8.91,5.0,4.0,False,5,80.0,467.1071999999999,2.1366666666666663,
1610,3i,150.0,12,1.2142,11,65.14,False,1,0.0,21.71,21.71,scenario_north_heavy,val,development,0.05,47.379999999999995,-1.1164,0.4342666666666667,0.0,-0.16999999999999815,6.0,2.0,True,,80.0,349.68960000000004,1.5793333333333333,
1615,3i,150.0,12,0.1369,11,65.14,False,1,0.0,21.71,21.71,scenario_north_heavy,val,development,0.05,32.38,-3.5696000000000003,0.4342666666666667,0.0,0.0,7.0,1.0,False,5,80.0,39.4272,1.0793333333333335,
1620,3i,150.0,13,1.0028,12,65.14,False,1,0.0,21.71,21.71,scenario_north_heavy,val,development,0.05,12.700000000000003,-0.21850000000000014,0.4342666666666667,0.0,0.0,7.0,6.0,False,10,86.66666666666667,312.8736,0.42333333333333345,
1625,3i,150.0,11,1.5841,9,65.14,False,1,0.0,21.71,21.71,scenario_north_heavy,val,development,0.05,-0.010000000000005116,1.5724,0.4342666666666667,0.0,0.0,0.0,4.0,False,15,73.33333333333334,418.20240000000007,-0.00033333333333350387,
1630,3i,150.0,11,1.0983,10,69.14,False,1,0.0,21.71,21.71,scenario_north_heavy,val,development,0.05,4.0,1.0983,0.46093333333333336,0.0,0.0,0.0,9.0,False,20,73.33333333333334,289.9512000000001,0.13333333333333333,
1635,3i,150.0,10,0.0,10,69.14,False,1,0.0,21.71,21.71,scenario_north_heavy,val,development,0.05,4.0,-1.6219,0.46093333333333336,0.0,0.0,0.0,14.0,False,25,66.66666666666667,0.0,0.13333333333333333,
1640,3i,150.0,10,0.0,10,69.14,False,2,13.8695,21.71,428.71,scenario_north_heavy,val,development,0.05,4.0,-1.2142,0.46093333333333336,1.0,407.0,0.0,19.0,False,30,66.66666666666667,0.0,0.13333333333333333,
1645,3i,150.0,11,1.5007,10,69.14,False,2,13.6659,21.71,294.3,scenario_north_heavy,val,development,0.05,4.0,1.3638,0.46093333333333336,1.0,272.59000000000003,0.0,24.0,False,35,73.33333333333334,396.18480000000005,0.13333333333333333,
1650,3i,150.0,11,0.6322,10,69.14,False,2,13.3155,21.71,159.12,scenario_north_heavy,val,development,0.05,4.0,-0.37059999999999993,0.46093333333333336,1.0,137.41,1.0,4.0,False,40,73.33333333333334,166.90080000000003,0.13333333333333333,
1655,3i,150.0,12,2.7248,9,69.14,False,2,8.0038,21.71,51.55,scenario_north_heavy,val,development,0.05,4.0,1.1407,0.46093333333333336,1.0,29.839999999999996,2.0,2.0,False,45,80.0,784.7424000000001,0.13333333333333333,
1660,3i,150.0,10,1.9398,5,69.14,False,2,3.8682,2.63,3.9,scenario_north_heavy,val,development,0.05,0.0,0.8414999999999999,0.46093333333333336,1.0,-17.810000000000002,3.0,1.0,False,50,66.66666666666667,465.552,0.0,
1665,3i,150.0,10,1.5419,5,72.28,False,2,0.0059,1.0,1.0,scenario_north_heavy,val,development,0.05,3.1400000000000006,1.5419,0.48186666666666667,1.0,-20.71,3.0,6.0,False,55,66.66666666666667,370.05600000000004,0.10466666666666669,
1670,3i,150.0,11,2.5264,7,31.81,False,2,0.0,1.0,1.0,scenario_north_heavy,val,development,0.05,-37.33,2.5264,0.21206666666666665,0.0,-427.71,4.0,4.0,True,,73.33333333333334,666.9696000000001,-1.2443333333333333,
1675,3i,150.0,11,1.3825,10,52.51,False,2,0.0,1.0,1.0,scenario_north_heavy,val,development,0.05,-16.630000000000003,-0.11819999999999986,0.35006666666666664,0.0,-293.3,4.0,9.0,True,,73.33333333333334,364.9800000000001,-0.5543333333333335,
1680,3i,150.0,11,0.3649,10,52.43,False,2,0.0,1.0,1.0,scenario_north_heavy,val,development,0.05,-16.71,-0.2673,0.3495333333333333,0.0,-158.12,4.0,14.0,True,,73.33333333333334,96.33360000000002,-0.557,
1685,3i,150.0,13,3.7021,11,52.43,False,2,0.0,1.0,1.0,scenario_north_heavy,val,development,0.05,-16.71,0.9773000000000001,0.3495333333333333,0.0,-50.55,4.0,19.0,True,,86.66666666666667,1155.0552,-0.557,
1690,3i,150.0,13,1.7473,11,52.43,False,2,0.0,1.0,1.0,scenario_north_heavy,val,development,0.05,-16.71,-0.1924999999999999,0.3495333333333333,0.0,-2.9,4.0,24.0,True,,86.66666666666667,545.1576,-0.557,
1695,3i,150.0,13,0.1338,12,59.43,False,2,0.0,1.0,1.0,scenario_north_heavy,val,development,0.05,-12.850000000000001,-1.4081000000000001,0.3962,0.0,0.0,5.0,4.0,False,5,86.66666666666667,41.7456,-0.4283333333333334,
1700,3i,150.0,13,0.0008,13,59.43,False,2,0.0,1.0,1.0,scenario_north_heavy,val,development,0.05,27.62,-2.5256000000000003,0.3962,0.0,0.0,6.0,2.0,True,,86.66666666666667,0.24960000000000002,0.9206666666666667,
1705,3i,150.0,14,0.9958,13,59.43,False,2,0.0,1.0,1.0,scenario_north_heavy,val,development,0.05,6.920000000000002,-0.38670000000000004,0.3962,0.0,0.0,7.0,1.0,False,5,93.33333333333334,334.58880000000005,0.23066666666666671,
1710,3i,150.0,14,0.5149,13,59.43,False,2,0.0,1.0,1.0,scenario_north_heavy,val,development,0.05,7.0,0.15000000000000002,0.3962,0.0,0.0,7.0,6.0,False,10,93.33333333333334,173.00640000000004,0.23333333333333334,
1715,3i,150.0,10,0.3414,9,59.43,False,1,0.0,1.0,1.0,scenario_north_heavy,val,development,0.05,7.0,-3.3607,0.3962,-1.0,0.0,0.0,4.0,False,15,66.66666666666667,81.93599999999999,0.23333333333333334,
1720,3i,150.0,10,1.9347,9,59.43,False,1,0.0,1.0,1.0,scenario_north_heavy,val,development,0.05,7.0,0.1874,0.3962,-1.0,0.0,0.0,9.0,False,20,66.66666666666667,464.32800000000003,0.23333333333333334,
1725,3i,150.0,11,2.2393,9,59.43,False,1,0.0,1.0,1.0,scenario_north_heavy,val,development,0.05,0.0,2.1055,0.3962,-1.0,0.0,0.0,14.0,False,25,73.33333333333334,591.1752000000001,0.0,
1730,3i,150.0,11,1.2278,10,63.43,False,1,0.0,1.0,1.0,scenario_north_heavy,val,development,0.05,4.0,1.227,0.42286666666666667,-1.0,0.0,0.0,19.0,False,30,73.33333333333334,324.1392000000001,0.13333333333333333,
1735,3i,150.0,10,0.0,10,63.43,False,1,0.0,1.0,1.0,scenario_north_heavy,val,development,0.05,4.0,-0.9958,0.42286666666666667,-1.0,0.0,0.0,24.0,False,35,66.66666666666667,0.0,0.13333333333333333,
1740,3i,150.0,11,1.4937,10,63.43,False,1,0.0,1.0,1.0,scenario_north_heavy,val,development,0.05,4.0,0.9788,0.42286666666666667,-1.0,0.0,1.0,4.0,False,40,73.33333333333334,394.33680000000004,0.13333333333333333,
1745,3i,150.0,10,2.2237,7,63.43,False,0,,,,scenario_north_heavy,val,development,0.05,4.0,1.8823,0.42286666666666667,-1.0,,2.0,2.0,False,45,66.66666666666667,533.6880000000001,0.13333333333333333,
1750,3i,150.0,8,2.301,3,63.43,False,0,,,,scenario_north_heavy,val,development,0.05,4.0,0.36630000000000007,0.42286666666666667,-1.0,,3.0,1.0,False,50,53.333333333333336,441.7920000000001,0.13333333333333333,
1755,3i,150.0,10,5.3474,4,26.42,False,0,,,,scenario_north_heavy,val,development,0.05,-33.01,3.1081000000000003,0.17613333333333334,-1.0,,3.0,6.0,False,55,66.66666666666667,1283.3760000000002,-1.1003333333333332,
1760,3i,150.0,10,2.0405,7,41.45,False,0,,,,scenario_north_heavy,val,development,0.05,-21.979999999999997,0.8127000000000002,0.2763333333333334,-1.0,,4.0,4.0,True,,66.66666666666667,489.7200000000001,-0.7326666666666666,
1765,3i,150.0,10,0.0225,9,49.44,False,0,,,,scenario_north_heavy,val,development,0.05,-13.990000000000002,0.0225,0.3296,-1.0,,4.0,9.0,True,,66.66666666666667,5.4,-0.4663333333333334,
1770,3i,150.0,11,1.885,10,49.43,False,0,,,,scenario_north_heavy,val,development,0.05,-14.0,0.3913,0.32953333333333334,-1.0,,4.0,14.0,True,,73.33333333333334,497.6400000000001,-0.4666666666666667,
1775,3i,150.0,11,1.1816,10,49.43,False,1,27.3578,455.94,455.94,scenario_north_heavy,val,development,0.05,-14.0,-1.0421,0.32953333333333334,1.0,,4.0,19.0,True,,73.33333333333334,311.9424,-0.4666666666666667,
1780,3i,150.0,11,0.1628,10,49.43,False,1,26.1094,323.01,323.01,scenario_north_heavy,val,development,0.05,-14.0,-2.1382000000000003,0.32953333333333334,1.0,,4.0,24.0,True,,73.33333333333334,42.979200000000006,-0.4666666666666667,
1785,3i,150.0,11,0.0,11,49.43,False,1,27.2619,187.85,187.85,scenario_north_heavy,val,development,0.05,23.009999999999998,-5.3474,0.32953333333333334,1.0,,5.0,4.0,False,5,73.33333333333334,0.0,0.7669999999999999,
1790,3i,150.0,13,2.8277,11,49.43,False,1,14.5228,87.23,87.23,scenario_north_heavy,val,development,0.05,7.979999999999997,0.7871999999999999,0.32953333333333334,1.0,,6.0,2.0,True,,86.66666666666667,882.2424000000002,0.2659999999999999,
1795,3i,150.0,13,0.8653,11,49.43,False,1,0.6107,56.53,56.53,scenario_north_heavy,val,development,0.05,-0.00999999999999801,0.8428,0.32953333333333334,1.0,,7.0,1.0,False,5,86.66666666666667,269.9736,-0.000333333333333267,
1800,3i,150.0,13,0.0104,13,56.43,False,1,0.0,56.43,56.43,scenario_north_heavy,val,development,0.05,7.0,-1.8746,0.3762,1.0,,7.0,6.0,False,10,86.66666666666667,3.2448,0.23333333333333334,
1805,3i,150.0,11,1.566,9,56.43,False,1,0.0,56.43,56.43,scenario_north_heavy,val,development,0.05,7.0,0.3844000000000001,0.3762,0.0,-399.51,0.0,4.0,False,15,73.33333333333334,413.42400000000004,0.23333333333333334,
1810,3i,150.0,10,1.3019,9,56.43,False,1,0.0,56.43,56.43,scenario_north_heavy,val,development,0.05,7.0,1.1391,0.3762,0.0,-266.58,0.0,9.0,False,20,66.66666666666667,312.456,0.23333333333333334,
1815,3i,150.0,9,0.0,9,56.43,False,1,0.0,56.43,56.43,scenario_north_heavy,val,development,0.05,7.0,0.0,0.3762,0.0,-131.42,0.0,14.0,False,25,60.0,0.0,0.23333333333333334,
1820,3i,150.0,9,0.0,9,56.43,False,1,0.0,56.43,56.43,scenario_north_heavy,val,development,0.05,7.0,-2.8277,0.3762,0.0,-30.800000000000004,0.0,19.0,False,30,60.0,0.0,0.23333333333333334,
1825,3i,150.0,11,2.6919,9,56.43,False,1,0.0,56.43,56.43,scenario_north_heavy,val,development,0.05,7.0,1.8266,0.3762,0.0,-0.10000000000000142,0.0,24.0,False,35,73.33333333333334,710.6616,0.23333333333333334,
1830,3i,150.0,11,1.6846,10,60.44,False,1,0.0,56.43,56.43,scenario_north_heavy,val,development,0.05,4.009999999999998,1.6742000000000001,0.4029333333333333,0.0,0.0,1.0,4.0,False,40,73.33333333333334,444.73440000000005,0.1336666666666666,
1835,3i,150.0,11,2.4832,7,60.43,False,1,0.0,56.43,56.43,scenario_north_heavy,val,development,0.05,4.0,0.9172,0.40286666666666665,0.0,0.0,2.0,2.0,False,45,73.33333333333334,655.5648000000001,0.13333333333333333,
1840,3i,150.0,10,3.2494,4,60.43,False,1,0.0,56.43,56.43,scenario_north_heavy,val,development,0.05,4.0,1.9475,0.40286666666666665,0.0,0.0,3.0,1.0,False,50,66.66666666666667,779.8560000000001,0.13333333333333333,
1845,3i,150.0,10,1.9757,3,5.11,False,1,3.0041,47.97,47.97,scenario_north_heavy,val,development,0.05,-51.32,1.9757,0.03406666666666667,0.0,-8.46,3.0,6.0,False,55,66.66666666666667,474.168,-1.7106666666666668,
1850,3i,150.0,10,0.5634,7,20.06,False,1,1.8155,32.5,32.5,scenario_north_heavy,val,development,0.05,-36.370000000000005,0.5634,0.13373333333333332,0.0,-23.93,4.0,4.0,True,,66.66666666666667,135.21600000000004,-1.2123333333333335,
1855,3i,150.0,11,2.1776,10,35.11,False,1,0.0227,31.03,31.03,scenario_north_heavy,val,development,0.05,-21.32,-0.5143,0.23406666666666667,0.0,-25.4,4.0,9.0,True,,73.33333333333334,574.8864000000001,-0.7106666666666667,
1860,3i,150.0,12,2.2637,10,35.01,False,1,0.0006,31.01,31.01,scenario_north_heavy,val,development,0.05,-25.43,0.5791,0.2334,0.0,-25.419999999999998,4.0,14.0,True,,80.0,651.9456000000001,-0.8476666666666667,
1865,3i,150.0,12,0.2643,11,39.02,False,1,0.0,31.01,31.01,scenario_north_heavy,val,development,0.05,-21.409999999999997,-2.2189,0.2601333333333333,0.0,-25.419999999999998,4.0,19.0,True,,80.0,76.1184,-0.7136666666666666,
1870,3i,150.0,12,0.0004,12,39.01,False,1,0.0,31.01,31.01,scenario_north_heavy,val,development,0.05,-21.42,-3.249,0.26006666666666667,0.0,-25.419999999999998,4.0,24.0,True,,80.0,0.11520000000000001,-0.7140000000000001,
1875,3i,150.0,13,1.2314,12,39.01,False,1,0.0,31.01,31.01,scenario_north_heavy,val,development,0.05,33.9,-0.7443,0.26006666666666667,0.0,-16.959999999999997,5.0,4.0,False,5,86.66666666666667,384.19680000000005,1.13,
1880,3i,150.0,13,0.685,12,39.01,False,1,0.0,31.01,31.01,scenario_north_heavy,val,development,0.05,18.95,0.12160000000000004,0.26006666666666667,0.0,-1.4899999999999984,6.0,2.0,True,,86.66666666666667,213.72000000000003,0.6316666666666666,
1885,3i,150.0,13,0.1235,12,39.01,False,1,0.0,31.01,31.01,scenario_north_heavy,val,development,0.05,3.8999999999999986,-2.0541,0.26006666666666667,0.0,-0.019999999999999574,7.0,1.0,False,5,86.66666666666667,38.532000000000004,0.12999999999999995,
1890,3i,150.0,14,1.8374,13,39.01,False,1,0.0,31.01,31.01,scenario_north_heavy,val,development,0.05,4.0,-0.4263000000000001,0.26006666666666667,0.0,0.0,7.0,6.0,False,10,93.33333333333334,617.3664,0.13333333333333333,
1895,3i,150.0,12,2.4255,9,39.01,False,1,0.0,31.01,31.01,scenario_north_heavy,val,development,0.05,-0.010000000000005116,2.1612,0.26006666666666667,0.0,0.0,0.0,4.0,False,15,80.0,698.544,-0.00033333333333350387,
1900,3i,150.0,10,0.0383,9,39.01,False,1,0.0,31.01,31.01,scenario_north_heavy,val,development,0.05,0.0,0.0379,0.26006666666666667,0.0,0.0,0.0,9.0,False,20,66.66666666666667,9.192,0.0,
1905,3i,150.0,11,1.5802,10,43.01,False,1,0.0,31.01,31.01,scenario_north_heavy,val,development,0.05,4.0,0.3488,0.28673333333333334,0.0,0.0,0.0,14.0,False,25,73.33333333333334,417.17280000000005,0.13333333333333333,
1910,3i,150.0,10,0.0,10,43.01,False,1,0.0,31.01,31.01,scenario_north_heavy,val,development,0.05,4.0,-0.685,0.28673333333333334,0.0,0.0,0.0,19.0,False,30,66.66666666666667,0.0,0.13333333333333333,
1915,3i,150.0,10,0.0,10,43.01,False,1,0.0,31.01,31.01,scenario_north_heavy,val,development,0.05,4.0,-0.1235,0.28673333333333334,0.0,0.0,0.0,24.0,False,35,66.66666666666667,0.0,0.13333333333333333,
1920,3i,150.0,10,0.0,10,43.01,False,1,0.0,31.01,31.01,scenario_north_heavy,val,development,0.05,4.0,-1.8374,0.28673333333333334,0.0,0.0,1.0,4.0,False,40,66.66666666666667,0.0,0.13333333333333333,
1925,3i,150.0,11,4.8216,8,43.01,False,1,0.0,31.01,31.01,scenario_north_heavy,val,development,0.05,4.0,2.3961,0.28673333333333334,0.0,0.0,2.0,2.0,False,45,73.33333333333334,1272.9024000000004,0.13333333333333333,
1930,3i,150.0,9,3.8411,3,43.01,False,1,1.5391,29.28,29.28,scenario_north_heavy,val,development,0.05,4.0,3.8028,0.28673333333333334,0.0,-1.7300000000000004,3.0,1.0,False,50,60.0,829.6776000000001,0.13333333333333333,
1935,3i,150.0,10,3.2344,5,48.52,False,1,1.6359,16.41,16.41,scenario_north_heavy,val,development,0.05,5.510000000000005,1.6542,0.3234666666666667,0.0,-14.600000000000001,3.0,6.0,False,55,66.66666666666667,776.2560000000001,0.18366666666666684,
1940,3i,150.0,10,1.9459,7,24.08,False,1,0.0027,16.01,16.01,scenario_north_heavy,val,development,0.05,-18.93,1.9459,0.16053333333333333,0.0,-15.0,4.0,4.0,True,,66.66666666666667,467.016,-0.631,
1945,3i,150.0,10,0.5234,9,35.04,False,1,0.0,16.0,16.0,scenario_north_heavy,val,development,0.05,-7.969999999999999,0.5234,0.2336,0.0,-15.010000000000002,4.0,9.0,True,,66.66666666666667,125.616,-0.2656666666666666,
1950,3i,150.0,10,0.0001,10,35.01,False,1,0.0,16.0,16.0,scenario_north_heavy,val,development,0.05,-8.0,0.0001,0.2334,0.0,-15.010000000000002,4.0,14.0,True,,66.66666666666667,0.024000000000000004,-0.26666666666666666,
1955,3i,150.0,10,0.0,10,35.01,False,1,0.0,16.0,16.0,scenario_north_heavy,val,development,0.05,-8.0,-4.8216,0.2334,0.0,-15.010000000000002,4.0,19.0,True,,66.66666666666667,0.0,-0.26666666666666666,
1960,3i,150.0,12,3.3388,10,35.01,False,1,0.0,16.0,16.0,scenario_north_heavy,val,development,0.05,-8.0,-0.5023,0.2334,0.0,-13.280000000000001,4.0,24.0,True,,80.0,961.5744000000001,-0.26666666666666666,
1965,3i,150.0,12,1.1847,10,35.01,False,1,0.0,16.0,16.0,scenario_north_heavy,val,development,0.05,-13.510000000000005,-2.0496999999999996,0.2334,0.0,-0.41000000000000014,5.0,4.0,False,5,80.0,341.1936,-0.45033333333333353,
1970,3i,150.0,13,1.2242,12,42.01,False,1,0.0,16.0,16.0,scenario_north_heavy,val,development,0.05,17.93,-0.7217,0.28006666666666663,0.0,-0.010000000000001563,6.0,2.0,True,,86.66666666666667,381.9504,0.5976666666666667,
1975,3i,150.0,13,0.6308,12,42.01,False,1,0.0,16.0,16.0,scenario_north_heavy,val,development,0.05,6.969999999999999,0.10740000000000005,0.28006666666666663,0.0,0.0,7.0,1.0,False,5,86.66666666666667,196.80960000000002,0.2323333333333333,
1980,3i,150.0,13,0.0042,13,42.01,False,1,0.0,16.0,16.0,scenario_north_heavy,val,development,0.05,7.0,0.0040999999999999995,0.28006666666666663,0.0,0.0,7.0,6.0,False,10,86.66666666666667,1.3104,0.23333333333333334,
1985,3i,150.0,9,0.0,9,42.01,False,1,0.0,16.0,16.0,scenario_north_heavy,val,development,0.05,7.0,0.0,0.28006666666666663,0.0,0.0,0.0,4.0,False,15,60.0,0.0,0.23333333333333334,
1990,3i,150.0,9,0.0,9,42.01,False,1,0.0,16.0,16.0,scenario_north_heavy,val,development,0.05,7.0,-3.3388,0.28006666666666663,0.0,0.0,0.0,9.0,False,20,60.0,0.0,0.23333333333333334,
1995,3i,150.0,10,1.5055,9,42.01,False,1,0.0,16.0,16.0,scenario_north_heavy,val,development,0.05,7.0,0.3208,0.28006666666666663,0.0,0.0,0.0,14.0,False,25,66.66666666666667,361.32000000000005,0.23333333333333334,
2000,3i,150.0,12,3.3359,9,42.01,False,1,0.0,16.0,16.0,scenario_north_heavy,val,development,0.05,0.0,2.1117,0.28006666666666663,0.0,0.0,0.0,19.0,False,30,80.0,960.7392,0.0,
2005,3i,150.0,12,2.1157,10,46.01,False,1,0.0,16.0,16.0,scenario_north_heavy,val,development,0.05,4.0,1.4848999999999999,0.3067333333333333,0.0,0.0,0.0,24.0,False,35,80.0,609.3216,0.13333333333333333,
2010,3i,150.0,12,0.3579,10,46.01,False,1,0.0,16.0,16.0,scenario_north_heavy,val,development,0.05,4.0,0.3537,0.3067333333333333,0.0,0.0,1.0,4.0,False,40,80.0,103.0752,0.13333333333333333,
2015,3i,150.0,10,0.1548,9,46.01,False,1,0.0,16.0,16.0,scenario_north_heavy,val,development,0.05,4.0,0.1548,0.3067333333333333,0.0,0.0,2.0,2.0,False,45,66.66666666666667,37.152,0.13333333333333333,
2020,3i,150.0,8,1.5857,5,46.01,False,0,,,,scenario_north_heavy,val,development,0.05,4.0,1.5857,0.3067333333333333,-1.0,,3.0,1.0,False,50,53.333333333333336,304.4544000000001,0.13333333333333333,
2025,3i,150.0,8,1.4528,4,5.01,False,0,,,,scenario_north_heavy,val,development,0.05,-37.0,-0.05269999999999997,0.0334,-1.0,,3.0,6.0,False,55,53.333333333333336,278.93760000000003,-1.2333333333333334,
2030,3i,150.0,10,3.4064,8,27.38,False,0,,,,scenario_north_heavy,val,development,0.05,-14.629999999999999,0.07050000000000001,0.18253333333333333,-1.0,,4.0,4.0,True,,66.66666666666667,817.5360000000001,-0.48766666666666664,
2035,3i,150.0,11,2.3831,8,27.01,False,0,,,,scenario_north_heavy,val,development,0.05,-18.999999999999996,0.2674000000000003,0.18006666666666668,-1.0,,4.0,9.0,True,,73.33333333333334,629.1384000000002,-0.6333333333333332,
2040,3i,150.0,11,0.9937,10,31.01,False,0,,,,scenario_north_heavy,val,development,0.05,-14.999999999999996,0.6358,0.20673333333333335,-1.0,,4.0,14.0,True,,73.33333333333334,262.33680000000004,-0.4999999999999999,
2045,3i,150.0,11,0.0213,11,31.01,False,0,,,,scenario_north_heavy,val,development,0.05,-14.999999999999996,-0.1335,0.20673333333333335,-1.0,,4.0,19.0,True,,73.33333333333334,5.623200000000001,-0.4999999999999999,
2050,3i,150.0,11,0.0,11,31.01,False,0,,,,scenario_north_heavy,val,development,0.05,-14.999999999999996,-1.5857,0.20673333333333335,0.0,,4.0,24.0,True,,73.33333333333334,0.0,-0.4999999999999999,
2055,3i,150.0,11,0.0,11,31.01,False,0,,,,scenario_north_heavy,val,development,0.05,26.0,-1.4528,0.20673333333333335,0.0,,5.0,4.0,False,5,73.33333333333334,0.0,0.8666666666666667,
2060,3i,150.0,12,1.9973,11,31.01,False,0,,,,scenario_north_heavy,val,development,0.05,3.6300000000000026,-1.4091,0.20673333333333335,0.0,,6.0,2.0,True,,80.0,575.2224,0.12100000000000008,
2065,3i,150.0,13,2.1116,11,31.01,False,0,,,,scenario_north_heavy,val,development,0.05,4.0,-0.2715000000000001,0.20673333333333335,0.0,,7.0,1.0,False,5,86.66666666666667,658.8192000000001,0.13333333333333333,
2070,3i,150.0,14,1.4274,12,38.2,False,0,,,,scenario_north_heavy,val,development,0.05,7.190000000000001,0.4337,0.2546666666666667,0.0,,7.0,6.0,False,10,93.33333333333334,479.6064000000001,0.23966666666666672,
2075,3i,150.0,11,1.5063,8,38.01,False,0,,,,scenario_north_heavy,val,development,0.05,6.9999999999999964,1.4849999999999999,0.2534,0.0,,0.0,4.0,False,15,73.33333333333334,397.6632,0.23333333333333323,
2080,3i,150.0,8,0.0,8,38.01,False,0,,,,scenario_north_heavy,val,development,0.05,6.9999999999999964,0.0,0.2534,0.0,,0.0,9.0,False,20,53.333333333333336,0.0,0.23333333333333323,
2085,3i,150.0,8,0.0,8,38.01,False,0,,,,scenario_north_heavy,val,development,0.05,6.9999999999999964,0.0,0.2534,0.0,,0.0,14.0,False,25,53.333333333333336,0.0,0.23333333333333323,
2090,3i,150.0,8,0.0,8,38.01,False,0,,,,scenario_north_heavy,val,development,0.05,6.9999999999999964,-1.9973,0.2534,0.0,,0.0,19.0,False,30,53.333333333333336,0.0,0.23333333333333323,
2095,3i,150.0,10,4.7381,8,38.01,False,0,,,,scenario_north_heavy,val,development,0.05,6.9999999999999964,2.6265,0.2534,0.0,,0.0,24.0,False,35,66.66666666666667,1137.144,0.23333333333333323,
2100,3i,150.0,11,3.6868,8,38.01,False,0,,,,scenario_north_heavy,val,development,0.05,-0.19000000000000483,2.2594,0.2534,0.0,,1.0,4.0,False,40,73.33333333333334,973.3152000000001,-0.0063333333333334945,
2105,3i,150.0,9,1.6983,7,42.02,False,0,,,,scenario_north_heavy,val,development,0.05,4.010000000000005,0.19199999999999995,0.28013333333333335,0.0,,2.0,2.0,False,45,60.0,366.8328,0.13366666666666685,
2110,3i,150.0,7,2.4557,3,42.01,False,0,,,,scenario_north_heavy,val,development,0.05,4.0,2.4557,0.28006666666666663,0.0,,3.0,1.0,False,50,46.66666666666667,412.5576000000001,0.13333333333333333,
2115,3i,150.0,7,0.9044,4,5.02,False,0,,,,scenario_north_heavy,val,development,0.05,-32.989999999999995,0.9044,0.033466666666666665,0.0,,3.0,6.0,False,55,46.66666666666667,151.93920000000003,-1.0996666666666666,
2120,3i,150.0,7,0.0158,7,20.07,False,0,,,,scenario_north_heavy,val,development,0.05,-17.939999999999998,0.0158,0.1338,0.0,,4.0,4.0,True,,46.66666666666667,2.6544000000000008,-0.598,
2125,3i,150.0,7,0.0,7,20.01,False,0,,,,scenario_north_heavy,val,development,0.05,-17.999999999999996,-4.7381,0.13340000000000002,0.0,,4.0,9.0,True,,46.66666666666667,0.0,-0.5999999999999999,
2130,3i,150.0,8,3.0745,7,20.01,False,0,,,,scenario_north_heavy,val,development,0.05,-17.999999999999996,-0.6122999999999998,0.13340000000000002,0.0,,4.0,14.0,True,,53.333333333333336,590.3040000000001,-0.5999999999999999,
2135,3i,150.0,9,3.1646,7,20.01,False,0,,,,scenario_north_heavy,val,development,0.05,-22.01,1.4663000000000002,0.13340000000000002,0.0,,4.0,19.0,True,,60.0,683.5536000000001,-0.7336666666666667,
2140,3i,150.0,10,2.4865,7,20.01,False,0,,,,scenario_north_heavy,val,development,0.05,-21.999999999999996,0.030799999999999716,0.13340000000000002,0.0,,4.0,24.0,True,,66.66666666666667,596.76,-0.7333333333333332,
2145,3i,150.0,10,1.0214,8,20.01,False,0,,,,scenario_north_heavy,val,development,0.05,14.990000000000002,0.1170000000000001,0.13340000000000002,0.0,,5.0,4.0,False,5,66.66666666666667,245.13600000000002,0.49966666666666676,
2150,3i,150.0,10,0.1947,9,24.01,False,0,,,,scenario_north_heavy,val,development,0.05,3.9400000000000013,0.1789,0.1600666666666667,0.0,,6.0,2.0,True,,66.66666666666667,46.72800000000001,0.13133333333333339,
2155,3i,150.0,10,0.0001,10,24.01,False,0,,,,scenario_north_heavy,val,development,0.05,4.0,0.0001,0.1600666666666667,0.0,,7.0,1.0,False,5,66.66666666666667,0.024000000000000004,0.13333333333333333,
2160,3i,150.0,10,0.0,10,24.01,False,0,,,,scenario_north_heavy,val,development,0.05,4.0,-3.0745,0.1600666666666667,0.0,,7.0,6.0,False,10,66.66666666666667,0.0,0.13333333333333333,
2165,3i,150.0,9,6.7117,6,24.01,False,0,,,,scenario_north_heavy,val,development,0.05,4.0,3.5471000000000004,0.1600666666666667,0.0,,0.0,4.0,False,15,60.0,1449.7272,0.13333333333333333,
2170,3i,150.0,9,3.0875,6,24.01,False,0,,,,scenario_north_heavy,val,development,0.05,4.0,0.601,0.1600666666666667,0.0,,0.0,9.0,False,20,60.0,666.9,0.13333333333333333,
2175,3i,150.0,7,0.0069,7,36.73,False,0,,,,scenario_north_heavy,val,development,0.05,16.719999999999995,-1.0145000000000002,0.24486666666666665,0.0,,0.0,14.0,False,25,46.66666666666667,1.1592000000000002,0.5573333333333331,
2180,3i,150.0,7,0.0,7,36.72,False,0,,,,scenario_north_heavy,val,development,0.05,12.709999999999997,-0.1947,0.2448,0.0,,0.0,19.0,False,30,46.66666666666667,0.0,0.4236666666666666,
2185,3i,150.0,7,0.0,7,36.72,False,0,,,,scenario_north_heavy,val,development,0.05,12.709999999999997,-0.0001,0.2448,0.0,,0.0,24.0,False,35,46.66666666666667,0.0,0.4236666666666666,
2190,3i,150.0,7,0.0,7,36.72,False,0,,,,scenario_north_heavy,val,development,0.05,12.709999999999997,0.0,0.2448,0.0,,1.0,4.0,False,40,46.66666666666667,0.0,0.4236666666666666,
2195,3i,150.0,5,0.3973,4,36.72,False,0,,,,scenario_north_heavy,val,development,0.05,12.709999999999997,-6.314400000000001,0.2448,0.0,,2.0,2.0,False,45,33.333333333333336,47.676,0.4236666666666666,
2200,3i,150.0,6,9.865,0,0.0,False,0,,,,scenario_north_heavy,val,development,0.05,-24.01,6.7775,0.0,0.0,,3.0,1.0,False,50,40.0,1420.5600000000002,-0.8003333333333333,
2205,3i,150.0,6,3.8312,1,1.0,False,0,,,,scenario_north_heavy,val,development,0.05,-35.73,3.8243,0.006666666666666667,0.0,,3.0,6.0,False,55,40.0,551.6928,-1.1909999999999998,
2210,3i,150.0,6,0.0362,6,21.9,False,0,,,,scenario_north_heavy,val,development,0.05,-14.82,0.0362,0.146,0.0,,4.0,4.0,True,,40.0,5.2128000000000005,-0.494,
2215,3i,150.0,6,0.0,6,21.71,False,0,,,,scenario_north_heavy,val,development,0.05,-15.009999999999998,0.0,0.14473333333333335,0.0,,4.0,9.0,True,,40.0,0.0,-0.5003333333333333,
2220,3i,150.0,6,0.0,6,21.71,False,0,,,,scenario_north_heavy,val,development,0.05,-15.009999999999998,0.0,0.14473333333333335,0.0,,4.0,14.0,True,,40.0,0.0,-0.5003333333333333,
2225,3i,150.0,6,0.0,6,21.71,False,0,,,,scenario_north_heavy,val,development,0.05,-15.009999999999998,-0.3973,0.14473333333333335,0.0,,4.0,19.0,True,,40.0,0.0,-0.5003333333333333,
2230,3i,150.0,8,6.5731,6,21.71,False,0,,,,scenario_north_heavy,val,development,0.05,21.71,-3.2919,0.14473333333333335,0.0,,4.0,24.0,True,,53.333333333333336,1262.0352,0.7236666666666667,
2235,3i,150.0,9,4.99,6,21.71,False,0,,,,scenario_north_heavy,val,development,0.05,20.71,1.1588000000000003,0.14473333333333335,0.0,,5.0,4.0,False,5,60.0,1077.8400000000001,0.6903333333333334,
2240,3i,150.0,9,1.0649,7,25.77,False,0,,,,scenario_north_heavy,val,development,0.05,3.870000000000001,1.0287,0.1718,0.0,,6.0,2.0,True,,60.0,230.01839999999999,0.12900000000000003,
2245,3i,150.0,9,0.0083,9,25.72,False,0,,,,scenario_north_heavy,val,development,0.05,4.009999999999998,0.0083,0.17146666666666666,0.0,,7.0,1.0,False,5,60.0,1.7928,0.1336666666666666,
2250,3i,150.0,9,0.0,9,25.72,False,0,,,,scenario_north_heavy,val,development,0.05,4.009999999999998,0.0,0.17146666666666666,0.0,,7.0,6.0,False,10,60.0,0.0,0.1336666666666666,
2255,3i,150.0,5,0.0,5,25.72,False,0,,,,scenario_north_heavy,val,development,0.05,4.009999999999998,0.0,0.17146666666666666,0.0,,0.0,4.0,False,15,33.333333333333336,0.0,0.1336666666666666,
2260,3i,150.0,5,0.0,5,25.72,False,0,,,,scenario_north_heavy,val,development,0.05,4.009999999999998,-6.5731,0.17146666666666666,0.0,,0.0,9.0,False,20,33.333333333333336,0.0,0.1336666666666666,
2265,3i,150.0,7,6.759,5,25.72,False,0,,,,scenario_north_heavy,val,development,0.05,4.009999999999998,1.7690000000000001,0.17146666666666666,0.0,,0.0,14.0,False,25,46.66666666666667,1135.5120000000002,0.1336666666666666,
2270,3i,150.0,8,5.7484,5,25.72,False,0,,,,scenario_north_heavy,val,development,0.05,-0.05000000000000071,4.6835,0.17146666666666666,0.0,,0.0,19.0,False,30,53.333333333333336,1103.6928,-0.0016666666666666904,
2275,3i,150.0,6,0.051,5,25.72,False,0,,,,scenario_north_heavy,val,development,0.05,0.0,0.042699999999999995,0.17146666666666666,0.0,,0.0,24.0,False,35,40.0,7.343999999999999,0.0,
2280,3i,150.0,6,0.0002,6,29.72,False,0,,,,scenario_north_heavy,val,development,0.05,4.0,0.0002,0.19813333333333333,0.0,,1.0,4.0,False,40,40.0,0.028800000000000003,0.13333333333333333,
2285,3i,150.0,5,0.798,4,29.72,False,0,,,,scenario_north_heavy,val,development,0.05,4.0,0.798,0.19813333333333333,0.0,,2.0,2.0,False,45,33.333333333333336,95.76000000000002,0.13333333333333333,
2290,3i,150.0,3,4.8671,0,0.0,False,0,,,,scenario_north_heavy,val,development,0.05,-25.72,4.8671,0.0,0.0,,3.0,1.0,False,50,20.0,350.4312,-0.8573333333333333,
2295,3i,150.0,3,0.1696,2,5.03,False,0,,,,scenario_north_heavy,val,development,0.05,-20.689999999999998,-6.5894,0.03353333333333333,0.0,,3.0,6.0,False,55,20.0,12.2112,-0.6896666666666665,
2300,3i,150.0,5,9.1368,3,9.0,False,0,,,,scenario_north_heavy,val,development,0.05,-16.72,3.388399999999999,0.06,0.0,,4.0,4.0,True,,33.333333333333336,1096.416,-0.5573333333333333,
2305,3i,150.0,6,6.6297,3,9.0,False,0,,,,scenario_north_heavy,val,development,0.05,-16.72,6.5786999999999995,0.06,0.0,,4.0,9.0,True,,40.0,954.6768,-0.5573333333333333,
2310,3i,150.0,6,2.5864,5,13.04,False,0,,,,scenario_north_heavy,val,development,0.05,-16.68,2.5862,0.08693333333333332,0.0,,4.0,14.0,True,,40.0,372.4416,-0.5559999999999999,
2315,3i,150.0,6,0.1798,5,13.0,False,0,,,,scenario_north_heavy,val,development,0.05,-16.72,-0.6182000000000001,0.08666666666666667,0.0,,4.0,19.0,True,,40.0,25.891199999999998,-0.5573333333333333,
2320,3i,150.0,6,0.0,6,13.0,False,0,,,,scenario_north_heavy,val,development,0.05,13.0,-4.8671,0.08666666666666667,0.0,,4.0,24.0,True,,40.0,0.0,0.43333333333333335,
2325,3i,150.0,6,0.0,6,13.0,False,0,,,,scenario_north_heavy,val,development,0.05,7.97,-0.1696,0.08666666666666667,0.0,,5.0,4.0,False,5,40.0,0.0,0.26566666666666666,
2330,3i,150.0,6,0.0,6,13.0,False,0,,,,scenario_north_heavy,val,development,0.05,4.0,-9.1368,0.08666666666666667,0.0,,6.0,2.0,True,,40.0,0.0,0.13333333333333333,
2335,3i,150.0,9,7.0852,6,13.0,False,0,,,,scenario_north_heavy,val,development,0.05,4.0,0.4555000000000007,0.08666666666666667,0.0,,7.0,1.0,False,5,60.0,1530.4032000000002,0.13333333333333333,
2340,3i,150.0,9,2.8607,6,13.0,False,0,,,,scenario_north_heavy,val,development,0.05,-0.03999999999999915,0.2743000000000002,0.08666666666666667,0.0,,7.0,6.0,False,10,60.0,617.9112,-0.0013333333333333049,
2345,3i,150.0,6,1.0767,5,17.02,False,0,,,,scenario_north_heavy,val,development,0.05,4.02,0.8969,0.11346666666666666,0.0,,0.0,4.0,False,15,40.0,155.0448,0.13399999999999998,
2350,3i,150.0,5,0.0,5,17.01,False,0,,,,scenario_north_heavy,val,development,0.05,4.010000000000002,0.0,0.11340000000000001,0.0,,0.0,9.0,False,20,33.333333333333336,0.0,0.1336666666666667,
2355,3i,150.0,5,0.0,5,17.01,False,0,,,,scenario_north_heavy,val,development,0.05,4.010000000000002,0.0,0.11340000000000001,0.0,,0.0,14.0,False,25,33.333333333333336,0.0,0.1336666666666667,
2360,3i,150.0,5,0.0,5,17.01,False,0,,,,scenario_north_heavy,val,development,0.05,4.010000000000002,0.0,0.11340000000000001,0.0,,0.0,19.0,False,30,33.333333333333336,0.0,0.1336666666666667,
2365,3i,150.0,6,3.8776,5,17.01,False,0,,,,scenario_north_heavy,val,development,0.05,4.010000000000002,-3.2076000000000002,0.11340000000000001,0.0,,0.0,24.0,False,35,40.0,558.3744,0.1336666666666667,
2370,3i,150.0,7,5.3916,5,17.01,False,0,,,,scenario_north_heavy,val,development,0.05,4.010000000000002,2.5309000000000004,0.11340000000000001,0.0,,1.0,4.0,False,40,46.66666666666667,905.7888000000002,0.1336666666666667,
2375,3i,150.0,6,4.7893,2,17.01,False,0,,,,scenario_north_heavy,val,development,0.05,-0.00999999999999801,3.7126,0.11340000000000001,0.0,,2.0,2.0,False,45,40.0,689.6591999999999,-0.000333333333333267,
2380,3i,150.0,5,3.3257,1,1.0,False,0,,,,scenario_north_heavy,val,development,0.05,-16.01,3.3257,0.006666666666666667,0.0,,3.0,1.0,False,50,33.333333333333336,399.084,-0.5336666666666667,
2385,3i,150.0,5,0.0059,5,9.01,False,0,,,,scenario_north_heavy,val,development,0.05,-8.000000000000002,0.0059,0.060066666666666664,0.0,,3.0,6.0,False,55,33.333333333333336,0.708,-0.2666666666666667,
2390,3i,150.0,5,0.0,5,9.0,False,0,,,,scenario_north_heavy,val,development,0.05,-8.010000000000002,0.0,0.06,0.0,,4.0,4.0,True,,33.333333333333336,0.0,-0.26700000000000007,
2395,3i,150.0,5,0.0,5,9.0,False,0,,,,scenario_north_heavy,val,development,0.05,-8.010000000000002,-3.8776,0.06,0.0,,4.0,9.0,True,,33.333333333333336,0.0,-0.26700000000000007,
2400,3i,150.0,6,3.7116,5,9.0,False,0,,,,scenario_north_heavy,val,development,0.05,-8.010000000000002,-1.6800000000000006,0.06,0.0,,4.0,14.0,True,,40.0,534.4704,-0.26700000000000007,
2405,3i,150.0,7,4.0299,5,9.0,False,0,,,,scenario_north_heavy,val,development,0.05,-8.010000000000002,-0.7594000000000003,0.06,0.0,,4.0,19.0,True,,46.66666666666667,677.0232,-0.26700000000000007,
2410,3i,150.0,8,2.5459,5,9.0,False,0,,,,scenario_north_heavy,val,development,0.05,8.0,-0.7797999999999998,0.06,0.0,,4.0,24.0,True,,53.333333333333336,488.81280000000004,0.26666666666666666,
2415,3i,150.0,8,0.7671,7,13.71,False,0,,,,scenario_north_heavy,val,development,0.05,4.700000000000001,0.7612,0.09140000000000001,0.0,,5.0,4.0,False,5,53.333333333333336,147.28320000000002,0.1566666666666667,
2420,3i,150.0,8,0.0595,7,13.71,False,0,,,,scenario_north_heavy,val,development,0.05,4.710000000000001,0.0595,0.09140000000000001,0.0,,6.0,2.0,True,,53.333333333333336,11.424000000000001,0.15700000000000003,
2425,3i,150.0,8,0.0,8,16.0,False,0,,,,scenario_north_heavy,val,development,0.05,7.0,0.0,0.10666666666666667,0.0,,7.0,1.0,False,5,53.333333333333336,0.0,0.23333333333333334,
2430,3i,150.0,9,2.8915,8,16.0,False,0,,,,scenario_north_heavy,val,development,0.05,7.0,-0.8200999999999996,0.10666666666666667,0.0,,7.0,6.0,False,10,60.0,624.5640000000001,0.23333333333333334,
2435,3i,150.0,5,3.2243,4,16.0,False,0,,,,scenario_north_heavy,val,development,0.05,7.0,-0.8055999999999996,0.10666666666666667,0.0,,0.0,4.0,False,15,33.333333333333336,386.91600000000005,0.23333333333333334,
2440,3i,150.0,6,5.8069,4,16.0,False,0,,,,scenario_north_heavy,val,development,0.05,7.0,3.2609999999999997,0.10666666666666667,0.0,,0.0,9.0,False,20,40.0,836.1936000000001,0.23333333333333334,
2445,3i,150.0,5,0.4517,4,16.0,False,0,,,,scenario_north_heavy,val,development,0.05,2.289999999999999,-0.3154,0.10666666666666667,0.0,,0.0,14.0,False,25,33.333333333333336,54.20400000000001,0.07633333333333331,
2450,3i,150.0,5,0.0,5,28.72,False,0,,,,scenario_north_heavy,val,development,0.05,15.009999999999998,-0.0595,0.19146666666666665,0.0,,0.0,19.0,False,30,33.333333333333336,0.0,0.5003333333333333,
2455,3i,150.0,5,0.0,5,28.72,False,0,,,,scenario_north_heavy,val,development,0.05,12.719999999999999,0.0,0.19146666666666665,0.0,,0.0,24.0,False,35,33.333333333333336,0.0,0.424,
2460,3i,150.0,5,0.0,5,28.72,False,0,,,,scenario_north_heavy,val,development,0.05,12.719999999999999,-2.8915,0.19146666666666665,0.0,,1.0,4.0,False,40,33.333333333333336,0.0,0.424,
2465,3i,150.0,4,6.0495,2,28.72,False,0,,,,scenario_north_heavy,val,development,0.05,12.719999999999999,2.8252,0.19146666666666665,0.0,,2.0,2.0,False,45,26.666666666666668,580.7520000000001,0.424,
2470,3i,150.0,5,13.7503,0,0.0,False,0,,,,scenario_north_heavy,val,development,0.05,-16.0,7.9434,0.0,0.0,,3.0,1.0,False,50,33.333333333333336,1650.0360000000003,-0.5333333333333333,
2475,3i,150.0,5,4.7108,2,13.72,False,0,,,,scenario_north_heavy,val,development,0.05,-2.2799999999999994,4.2591,0.09146666666666667,0.0,,3.0,6.0,False,55,33.333333333333336,565.296,-0.07599999999999998,
2480,3i,150.0,5,0.3348,4,20.75,False,0,,,,scenario_north_heavy,val,development,0.05,-7.969999999999999,0.3348,0.13833333333333334,0.0,,4.0,4.0,True,,33.333333333333336,40.176,-0.2656666666666666,
2485,3i,150.0,5,0.0,5,20.71,False,0,,,,scenario_north_heavy,val,development,0.05,-8.009999999999998,0.0,0.13806666666666667,0.0,,4.0,9.0,True,,33.333333333333336,0.0,-0.26699999999999996,
2490,3i,150.0,5,0.0,5,20.71,False,0,,,,scenario_north_heavy,val,development,0.05,-8.009999999999998,0.0,0.13806666666666667,0.0,,4.0,14.0,True,,33.333333333333336,0.0,-0.26699999999999996,
2495,3i,150.0,5,0.0,5,20.71,False,0,,,,scenario_north_heavy,val,development,0.05,-8.009999999999998,-6.0495,0.13806666666666667,0.0,,4.0,19.0,True,,33.333333333333336,0.0,-0.26699999999999996,
2500,3i,150.0,6,2.561,5,20.71,False,0,,,,scenario_north_heavy,val,development,0.05,20.71,-11.1893,0.13806666666666667,0.0,,4.0,24.0,True,,40.0,368.784,0.6903333333333334,
2505,3i,150.0,8,5.9288,5,20.71,False,0,,,,scenario_north_heavy,val,development,0.05,6.99,1.218,0.13806666666666667,0.0,,5.0,4.0,False,5,53.333333333333336,1138.3296,0.233,
2510,3i,150.0,8,1.9964,6,20.71,False,0,,,,scenario_north_heavy,val,development,0.05,-0.03999999999999915,1.6616,0.13806666666666667,0.0,,6.0,2.0,True,,53.333333333333336,383.3088,-0.0013333333333333049,
2515,3i,150.0,8,0.005,8,24.72,False,0,,,,scenario_north_heavy,val,development,0.05,4.009999999999998,0.005,0.1648,0.0,,7.0,1.0,False,5,53.333333333333336,0.9600000000000002,0.1336666666666666,
2520,3i,150.0,8,0.0,8,24.71,False,0,,,,scenario_north_heavy,val,development,0.05,4.0,0.0,0.16473333333333334,0.0,,7.0,6.0,False,10,53.333333333333336,0.0,0.13333333333333333,
2525,3i,150.0,4,0.0,4,24.71,False,0,,,,scenario_north_heavy,val,development,0.05,4.0,0.0,0.16473333333333334,0.0,,0.0,4.0,False,15,26.666666666666668,0.0,0.13333333333333333,
2530,3i,150.0,5,4.8133,4,24.71,False,0,,,,scenario_north_heavy,val,development,0.05,4.0,2.2523,0.16473333333333334,0.0,,0.0,9.0,False,20,33.333333333333336,577.596,0.13333333333333333,
2535,3i,150.0,5,3.0889,4,24.71,False,0,,,,scenario_north_heavy,val,development,0.05,4.0,-2.8398999999999996,0.16473333333333334,0.0,,0.0,14.0,False,25,33.333333333333336,370.66800000000006,0.13333333333333333,
2540,3i,150.0,6,6.3712,4,24.71,False,0,,,,scenario_north_heavy,val,development,0.05,4.0,4.3748000000000005,0.16473333333333334,0.0,,0.0,19.0,False,30,40.0,917.4528,0.13333333333333333,
2545,3i,150.0,5,0.7087,4,24.71,False,0,,,,scenario_north_heavy,val,development,0.05,-0.00999999999999801,0.7037,0.16473333333333334,0.0,,0.0,24.0,False,35,33.333333333333336,85.04400000000001,-0.000333333333333267,
2550,3i,150.0,5,0.0027,5,28.72,False,0,,,,scenario_north_heavy,val,development,0.05,4.009999999999998,0.0027,0.19146666666666665,0.0,,1.0,4.0,False,40,33.333333333333336,0.32400000000000007,0.1336666666666666,
2555,3i,150.0,4,0.904,3,28.72,False,0,,,,scenario_north_heavy,val,development,0.05,4.009999999999998,0.904,0.19146666666666665,0.0,,2.0,2.0,False,45,26.666666666666668,86.784,0.1336666666666666,
2560,3i,150.0,3,3.1685,0,0.0,False,0,,,,scenario_north_heavy,val,development,0.05,-24.71,-1.6448,0.0,0.0,,3.0,1.0,False,50,20.0,228.13199999999998,-0.8236666666666667,
2565,3i,150.0,3,0.0102,3,9.02,False,0,,,,scenario_north_heavy,val,development,0.05,-15.690000000000001,-3.0787,0.06013333333333333,0.0,,3.0,6.0,False,55,20.0,0.7344,-0.523,
2570,3i,150.0,4,4.1357,3,9.0,False,0,,,,scenario_north_heavy,val,development,0.05,-15.71,-2.2355,0.06,0.0,,4.0,4.0,True,,26.666666666666668,397.0272,-0.5236666666666667,
2575,3i,150.0,5,5.5517,3,9.0,False,0,,,,scenario_north_heavy,val,development,0.05,-15.71,4.843,0.06,0.0,,4.0,9.0,True,,33.333333333333336,666.2040000000002,-0.5236666666666667,
2580,3i,150.0,6,2.9913,4,9.0,False,0,,,,scenario_north_heavy,val,development,0.05,-19.72,2.9886,0.06,0.0,,4.0,14.0,True,,40.0,430.7472,-0.6573333333333333,
2585,3i,150.0,6,1.2108,5,9.0,False,1,27.7042,401.82,401.82,scenario_north_heavy,val,development,0.05,-19.72,0.3068000000000001,0.06,1.0,,4.0,19.0,True,,40.0,174.3552,-0.6573333333333333,
2590,3i,150.0,6,0.4834,5,9.0,False,1,26.3434,267.9,267.9,scenario_north_heavy,val,development,0.05,9.0,-2.6851,0.06,1.0,,4.0,24.0,True,,40.0,69.6096,0.3,
2595,3i,150.0,7,3.713,6,13.02,False,1,25.949,134.65,134.65,scenario_north_heavy,val,development,0.05,4.0,3.7028,0.0868,1.0,,5.0,4.0,False,5,46.66666666666667,623.7840000000001,0.13333333333333333,
2600,3i,150.0,7,1.8702,6,13.0,False,1,13.0917,45.73,45.73,scenario_north_heavy,val,development,0.05,4.0,-2.2655,0.08666666666666667,1.0,,6.0,2.0,True,,46.66666666666667,314.19360000000006,0.13333333333333333,
2605,3i,150.0,9,5.7603,6,13.0,False,1,1.2392,15.22,15.22,scenario_north_heavy,val,development,0.05,4.0,0.20859999999999967,0.08666666666666667,1.0,,7.0,1.0,False,5,60.0,1244.2248,0.13333333333333333,
2610,3i,150.0,9,2.9582,7,15.04,False,1,0.0,15.04,15.04,scenario_north_heavy,val,development,0.05,6.039999999999999,-0.033099999999999685,0.10026666666666666,1.0,,7.0,6.0,False,10,60.0,638.9712000000001,0.2013333333333333,
2615,3i,150.0,6,0.3865,5,27.06,False,1,2.29,9.27,9.27,scenario_north_heavy,val,development,0.05,18.06,-0.8243,0.1804,0.0,-392.55,0.0,4.0,False,15,40.0,55.656,0.602,
2620,3i,150.0,5,0.0,5,27.05,False,0,,,,scenario_north_heavy,val,development,0.05,18.05,-0.4834,0.18033333333333335,-1.0,,0.0,9.0,False,20,33.333333333333336,0.0,0.6016666666666667,
2625,3i,150.0,5,0.0,5,27.05,False,0,,,,scenario_north_heavy,val,development,0.05,14.030000000000001,-3.713,0.18033333333333335,-1.0,,0.0,14.0,False,25,33.333333333333336,0.0,0.46766666666666673,
2630,3i,150.0,5,0.0,5,27.05,False,0,,,,scenario_north_heavy,val,development,0.05,14.05,-1.8702,0.18033333333333335,-1.0,,0.0,19.0,False,30,33.333333333333336,0.0,0.4683333333333334,
2635,3i,150.0,6,2.5992,5,27.05,False,0,,,,scenario_north_heavy,val,development,0.05,14.05,-3.1611,0.18033333333333335,-1.0,,0.0,24.0,False,35,40.0,374.2848,0.4683333333333334,
2640,3i,150.0,7,5.4855,5,27.05,False,0,,,,scenario_north_heavy,val,development,0.05,12.010000000000002,2.5273,0.18033333333333335,-1.0,,1.0,4.0,False,40,46.66666666666667,921.5640000000002,0.4003333333333334,
2645,3i,150.0,6,5.2927,2,27.05,False,0,,,,scenario_north_heavy,val,development,0.05,-0.00999999999999801,4.9062,0.18033333333333335,-1.0,,2.0,2.0,False,45,40.0,762.1488,-0.000333333333333267,
2650,3i,150.0,5,4.8081,1,1.0,False,0,,,,scenario_north_heavy,val,development,0.05,-26.05,4.8081,0.006666666666666667,0.0,,3.0,1.0,False,50,33.333333333333336,576.972,-0.8683333333333334,
2655,3i,150.0,5,0.9139,4,19.05,False,0,,,,scenario_north_heavy,val,development,0.05,-8.0,0.9139,0.127,0.0,,3.0,6.0,False,55,33.333333333333336,109.66800000000002,-0.26666666666666666,
2660,3i,150.0,5,0.0,5,19.04,False,0,,,,scenario_north_heavy,val,development,0.05,-8.010000000000002,0.0,0.12693333333333331,0.0,,4.0,4.0,True,,33.333333333333336,0.0,-0.26700000000000007,
2665,3i,150.0,6,3.5548,5,19.04,False,0,,,,scenario_north_heavy,val,development,0.05,-8.010000000000002,0.9556,0.12693333333333331,0.0,,4.0,9.0,True,,40.0,511.8912,-0.26700000000000007,
2670,3i,150.0,6,1.461,5,19.04,False,0,,,,scenario_north_heavy,val,development,0.05,-8.010000000000002,-4.0245,0.12693333333333331,0.0,,4.0,14.0,True,,40.0,210.38400000000001,-0.26700000000000007,
2675,3i,150.0,7,3.3716,6,19.04,False,0,,,,scenario_north_heavy,val,development,0.05,-8.010000000000002,-1.9211,0.12693333333333331,0.0,,4.0,19.0,True,,46.66666666666667,566.4288,-0.26700000000000007,
2680,3i,150.0,8,3.4099,6,19.04,False,0,,,,scenario_north_heavy,val,development,0.05,18.04,-1.3981999999999997,0.12693333333333331,0.0,,4.0,24.0,True,,53.333333333333336,654.7008,0.6013333333333333,
2685,3i,150.0,8,1.3855,7,23.2,False,0,,,,scenario_north_heavy,val,development,0.05,4.149999999999999,0.4715999999999999,0.15466666666666667,0.0,,5.0,4.0,False,5,53.333333333333336,266.016,0.13833333333333328,
2690,3i,150.0,8,0.4128,7,23.04,False,0,,,,scenario_north_heavy,val,development,0.05,4.0,0.4128,0.1536,0.0,,6.0,2.0,True,,53.333333333333336,79.25760000000001,0.13333333333333333,
2695,3i,150.0,9,2.7609,8,23.04,False,0,,,,scenario_north_heavy,val,development,0.05,4.0,-0.7939000000000003,0.1536,0.0,,7.0,1.0,False,5,60.0,596.3543999999999,0.13333333333333333,
2700,3i,150.0,9,1.4704,8,23.04,False,0,,,,scenario_north_heavy,val,development,0.05,4.0,0.009399999999999853,0.1536,0.0,,7.0,6.0,False,10,60.0,317.60639999999995,0.13333333333333333,
2705,3i,150.0,5,1.1791,4,23.04,False,0,,,,scenario_north_heavy,val,development,0.05,4.0,-2.1925,0.1536,0.0,,0.0,4.0,False,15,33.333333333333336,141.49200000000002,0.13333333333333333,
2710,3i,150.0,5,4.9716,4,23.04,False,0,,,,scenario_north_heavy,val,development,0.05,4.0,1.5616999999999996,0.1536,0.0,,0.0,9.0,False,20,33.333333333333336,596.592,0.13333333333333333,
2715,3i,150.0,6,4.5523,4,23.04,False,0,,,,scenario_north_heavy,val,development,0.05,-0.16000000000000014,3.1668,0.1536,0.0,,0.0,14.0,False,25,40.0,655.5311999999999,-0.005333333333333338,
2720,3i,150.0,5,1.7018,4,23.04,False,0,,,,scenario_north_heavy,val,development,0.05,0.0,1.289,0.1536,0.0,,0.0,19.0,False,30,33.333333333333336,204.216,0.0,
2725,3i,150.0,5,0.8018,4,23.04,False,0,,,,scenario_north_heavy,val,development,0.05,0.0,-1.9590999999999998,0.1536,0.0,,0.0,24.0,False,35,33.333333333333336,96.216,0.0,
2730,3i,150.0,6,3.7689,5,27.06,False,0,,,,scenario_north_heavy,val,development,0.05,4.02,2.2984999999999998,0.1804,0.0,,1.0,4.0,False,40,40.0,542.7216,0.13399999999999998,
2735,3i,150.0,5,3.5258,3,27.05,False,0,,,,scenario_north_heavy,val,development,0.05,4.010000000000002,2.3467,0.18033333333333335,0.0,,2.0,2.0,False,45,33.333333333333336,423.096,0.1336666666666667,
2740,3i,150.0,4,2.5436,0,0.0,False,0,,,,scenario_north_heavy,val,development,0.05,-23.04,-2.4279999999999995,0.0,0.0,,3.0,1.0,False,50,26.666666666666668,244.1856,-0.768,
2745,3i,150.0,6,7.2301,3,5.03,False,0,,,,scenario_north_heavy,val,development,0.05,-18.009999999999998,2.6778000000000004,0.03353333333333333,0.0,,3.0,6.0,False,55,40.0,1041.1344000000001,-0.6003333333333333,
2750,3i,150.0,6,2.7014,4,9.0,False,0,,,,scenario_north_heavy,val,development,0.05,-14.04,0.9996,0.06,0.0,,4.0,4.0,True,,40.0,389.0016,-0.46799999999999997,
2755,3i,150.0,6,0.0032,6,23.05,False,0,,,,scenario_north_heavy,val,development,0.05,0.010000000000001563,-0.7986,0.15366666666666667,0.0,,4.0,9.0,True,,40.0,0.46080000000000004,0.0003333333333333854,
2760,3i,150.0,6,0.0,6,23.04,False,0,,,,scenario_north_heavy,val,development,0.05,-4.02,-3.7689,0.1536,0.0,,4.0,14.0,True,,40.0,0.0,-0.13399999999999998,
2765,3i,150.0,7,2.1049,6,23.04,False,0,,,,scenario_north_heavy,val,development,0.05,-4.010000000000002,-1.4208999999999996,0.1536,0.0,,4.0,19.0,True,,46.66666666666667,353.62320000000005,-0.1336666666666667,
2770,3i,150.0,7,0.6681,6,23.04,False,0,,,,scenario_north_heavy,val,development,0.05,23.04,-1.8755000000000002,0.1536,0.0,,4.0,24.0,True,,46.66666666666667,112.24080000000001,0.768,
2775,3i,150.0,7,0.002,7,23.04,False,0,,,,scenario_north_heavy,val,development,0.05,18.009999999999998,-7.2281,0.1536,0.0,,5.0,4.0,False,5,46.66666666666667,0.3360000000000001,0.6003333333333333,
2780,3i,150.0,9,3.4954,7,23.04,False,0,,,,scenario_north_heavy,val,development,0.05,14.04,0.794,0.1536,0.0,,6.0,2.0,True,,60.0,755.0064000000001,0.46799999999999997,
2785,3i,150.0,9,0.6038,7,23.04,False,0,,,,scenario_north_heavy,val,development,0.05,-0.010000000000001563,0.6006,0.1536,0.0,,7.0,1.0,False,5,60.0,130.4208,-0.0003333333333333854,
2790,3i,150.0,9,0.0002,9,27.05,False,0,,,,scenario_north_heavy,val,development,0.05,4.010000000000002,0.0002,0.18033333333333335,0.0,,7.0,6.0,False,10,60.0,0.0432,0.1336666666666667,
2795,3i,150.0,6,3.9925,5,27.05,False,0,,,,scenario_north_heavy,val,development,0.05,4.010000000000002,1.8876,0.18033333333333335,0.0,,0.0,4.0,False,15,40.0,574.9200000000001,0.1336666666666667,
2800,3i,150.0,6,3.0653,5,27.05,False,0,,,,scenario_north_heavy,val,development,0.05,4.010000000000002,2.3972,0.18033333333333335,0.0,,0.0,9.0,False,20,40.0,441.4032,0.1336666666666667,
2805,3i,150.0,5,0.0,5,27.05,False,0,,,,scenario_north_heavy,val,development,0.05,4.010000000000002,-0.002,0.18033333333333335,0.0,,0.0,14.0,False,25,33.333333333333336,0.0,0.1336666666666667,
2810,3i,150.0,5,0.0,5,27.05,False,0,,,,scenario_north_heavy,val,development,0.05,4.010000000000002,-3.4954,0.18033333333333335,0.0,,0.0,19.0,False,30,33.333333333333336,0.0,0.1336666666666667,
2815,3i,150.0,7,5.2911,5,27.05,False,0,,,,scenario_north_heavy,val,development,0.05,4.010000000000002,4.6873000000000005,0.18033333333333335,0.0,,0.0,24.0,False,35,46.66666666666667,888.9048000000001,0.1336666666666667,
2820,3i,150.0,6,1.8385,5,27.05,False,0,,,,scenario_north_heavy,val,development,0.05,0.0,1.8383,0.18033333333333335,0.0,,1.0,4.0,False,40,40.0,264.74399999999997,0.0,
2825,3i,150.0,4,1.1163,3,27.05,False,0,,,,scenario_north_heavy,val,development,0.05,0.0,-2.8762,0.18033333333333335,0.0,,2.0,2.0,False,45,26.666666666666668,107.16480000000003,0.0,
2830,3i,150.0,5,4.7902,1,1.0,False,0,,,,scenario_north_heavy,val,development,0.05,-26.05,1.7248999999999994,0.006666666666666667,0.0,,3.0,1.0,False,50,33.333333333333336,574.824,-0.8683333333333334,
2835,3i,150.0,5,2.619,4,23.17,False,0,,,,scenario_north_heavy,val,development,0.05,-3.879999999999999,2.619,0.15446666666666667,0.0,,3.0,6.0,False,55,33.333333333333336,314.2800000000001,-0.1293333333333333,
2840,3i,150.0,5,0.0715,4,23.04,False,0,,,,scenario_north_heavy,val,development,0.05,-4.010000000000002,0.0715,0.1536,0.0,,4.0,4.0,True,,33.333333333333336,8.58,-0.1336666666666667,
2845,3i,150.0,7,6.7182,5,23.04,False,0,,,,scenario_north_heavy,val,development,0.05,-4.010000000000002,1.4271000000000003,0.1536,0.0,,4.0,9.0,True,,46.66666666666667,1128.6576000000002,-0.1336666666666667,
2850,3i,150.0,7,2.9455,5,23.04,False,0,,,,scenario_north_heavy,val,development,0.05,-4.010000000000002,1.107,0.1536,0.0,,4.0,14.0,True,,46.66666666666667,494.84400000000005,-0.1336666666666667,
2855,3i,150.0,7,0.0007,7,35.76,False,0,,,,scenario_north_heavy,val,development,0.05,8.709999999999997,-1.1156000000000001,0.23839999999999997,0.0,,4.0,19.0,True,,46.66666666666667,0.11760000000000001,0.2903333333333332,
2860,3i,150.0,7,0.0,7,35.76,False,0,,,,scenario_north_heavy,val,development,0.05,34.76,-4.7902,0.23839999999999997,0.0,,4.0,24.0,True,,46.66666666666667,0.0,1.1586666666666665,
2865,3i,150.0,8,1.8005,7,35.76,False,0,,,,scenario_north_heavy,val,development,0.05,12.589999999999996,-0.8185000000000002,0.23839999999999997,0.0,,5.0,4.0,False,5,53.333333333333336,345.696,0.4196666666666665,
2870,3i,150.0,8,0.7946,7,35.76,False,0,,,,scenario_north_heavy,val,development,0.05,12.719999999999999,0.7231,0.23839999999999997,0.0,,6.0,2.0,True,,53.333333333333336,152.5632,0.424,
2875,3i,150.0,8,0.0011,8,35.76,False,0,,,,scenario_north_heavy,val,development,0.05,12.719999999999999,-6.7171,0.23839999999999997,0.0,,7.0,1.0,False,5,53.333333333333336,0.2112,0.424,
2880,3i,150.0,10,4.3154,8,35.76,False,0,,,,scenario_north_heavy,val,development,0.05,12.719999999999999,1.3699000000000003,0.23839999999999997,0.0,,7.0,6.0,False,10,66.66666666666667,1035.6960000000001,0.424,
2885,3i,150.0,7,2.9831,5,35.76,False,0,,,,scenario_north_heavy,val,development,0.05,0.0,2.9823999999999997,0.23839999999999997,0.0,,0.0,4.0,False,15,46.66666666666667,501.16080000000005,0.0,
2890,3i,150.0,6,0.0016,6,39.76,False,0,,,,scenario_north_heavy,val,development,0.05,4.0,0.0016,0.2650666666666667,0.0,,0.0,9.0,False,20,40.0,0.23040000000000002,0.13333333333333333,
2895,3i,150.0,7,2.6407,6,39.76,False,0,,,,scenario_north_heavy,val,development,0.05,4.0,0.8401999999999998,0.2650666666666667,0.0,,0.0,14.0,False,25,46.66666666666667,443.6376000000001,0.13333333333333333,
2900,3i,150.0,7,2.1895,6,39.76,False,0,,,,scenario_north_heavy,val,development,0.05,4.0,1.3948999999999998,0.2650666666666667,0.0,,0.0,19.0,False,30,46.66666666666667,367.836,0.13333333333333333,
2905,3i,150.0,6,0.0,6,39.76,False,0,,,,scenario_north_heavy,val,development,0.05,4.0,-0.0011,0.2650666666666667,0.0,,0.0,24.0,False,35,40.0,0.0,0.13333333333333333,
2910,3i,150.0,6,0.0,6,39.76,False,0,,,,scenario_north_heavy,val,development,0.05,4.0,-4.3154,0.2650666666666667,0.0,,1.0,4.0,False,40,40.0,0.0,0.13333333333333333,
2915,3i,150.0,6,2.8247,4,39.76,False,0,,,,scenario_north_heavy,val,development,0.05,4.0,-0.15839999999999987,0.2650666666666667,0.0,,2.0,2.0,False,45,40.0,406.7568,0.13333333333333333,
2920,3i,150.0,7,4.1312,1,38.44,False,0,,,,scenario_north_heavy,val,development,0.05,-1.3200000000000003,4.1296,0.25626666666666664,0.0,,3.0,1.0,False,50,46.66666666666667,694.0416000000001,-0.04400000000000001,
2925,3i,150.0,7,1.5836,3,9.02,False,0,,,,scenario_north_heavy,val,development,0.05,-30.74,-1.0571,0.06013333333333333,0.0,,3.0,6.0,False,55,46.66666666666667,266.0448,-1.0246666666666666,
2930,3i,150.0,8,2.1751,7,32.81,False,0,,,,scenario_north_heavy,val,development,0.05,-6.949999999999996,-0.014399999999999746,0.21873333333333334,0.0,,4.0,4.0,True,,53.333333333333336,417.61920000000003,-0.23166666666666652,
2935,3i,150.0,8,1.1339,7,32.72,False,0,,,,scenario_north_heavy,val,development,0.05,-7.039999999999999,1.1339,0.21813333333333332,0.0,,4.0,9.0,True,,53.333333333333336,217.70880000000002,-0.23466666666666663,
2940,3i,150.0,8,0.0011,8,32.72,False,0,,,,scenario_north_heavy,val,development,0.05,-7.039999999999999,0.0011,0.21813333333333332,0.0,,4.0,14.0,True,,53.333333333333336,0.2112,-0.23466666666666663,
2945,3i,150.0,8,0.0,8,32.72,False,0,,,,scenario_north_heavy,val,development,0.05,-7.039999999999999,-2.8247,0.21813333333333332,0.0,,4.0,19.0,True,,53.333333333333336,0.0,-0.23466666666666663,
2950,3i,150.0,10,2.9263,8,32.72,False,0,,,,scenario_north_heavy,val,development,0.05,-5.719999999999999,-1.2048999999999999,0.21813333333333332,0.0,,4.0,24.0,True,,66.66666666666667,702.312,-0.19066666666666662,
2955,3i,150.0,10,0.3427,8,32.72,False,0,,,,scenario_north_heavy,val,development,0.05,23.7,-1.2409,0.21813333333333332,0.0,,5.0,4.0,False,5,66.66666666666667,82.24800000000002,0.7899999999999999,
2960,3i,150.0,11,2.1937,10,36.72,False,0,,,,scenario_north_heavy,val,development,0.05,3.9099999999999966,0.018600000000000172,0.2448,0.0,,6.0,2.0,True,,73.33333333333334,579.1368000000001,0.13033333333333322,
2965,3i,150.0,11,1.5393,10,36.72,False,0,,,,scenario_north_heavy,val,development,0.05,4.0,0.4054,0.2448,0.0,,7.0,1.0,False,5,73.33333333333334,406.37520000000006,0.13333333333333333,
2970,3i,150.0,11,0.292,10,36.72,False,0,,,,scenario_north_heavy,val,development,0.05,4.0,0.2909,0.2448,0.0,,7.0,6.0,False,10,73.33333333333334,77.08800000000001,0.13333333333333333,
2975,3i,150.0,8,0.2788,7,36.72,False,0,,,,scenario_north_heavy,val,development,0.05,4.0,0.2788,0.2448,0.0,,0.0,4.0,False,15,53.333333333333336,53.529599999999995,0.13333333333333333,
2980,3i,150.0,9,5.7235,7,36.72,False,0,,,,scenario_north_heavy,val,development,0.05,4.0,2.7971999999999997,0.2448,0.0,,0.0,9.0,False,20,60.0,1236.2759999999998,0.13333333333333333,
2985,3i,150.0,9,2.9805,7,36.72,False,0,,,,scenario_north_heavy,val,development,0.05,4.0,2.6378000000000004,0.2448,0.0,,0.0,14.0,False,25,60.0,643.788,0.13333333333333333,
2990,3i,150.0,8,0.0125,8,40.76,False,0,,,,scenario_north_heavy,val,development,0.05,4.039999999999999,-2.1812,0.2717333333333333,0.0,,0.0,19.0,False,30,53.333333333333336,2.4000000000000004,0.13466666666666663,
2995,3i,150.0,9,1.7291,8,40.72,False,0,,,,scenario_north_heavy,val,development,0.05,4.0,0.1898000000000002,0.27146666666666663,0.0,,0.0,24.0,False,35,60.0,373.48560000000003,0.13333333333333333,
3000,3i,150.0,9,1.0263,8,40.72,False,0,,,,scenario_north_heavy,val,development,0.05,4.0,0.7343,0.27146666666666663,0.0,,1.0,4.0,False,40,60.0,221.6808,0.13333333333333333,
3005,3i,150.0,7,0.1641,6,40.72,False,0,,,,scenario_north_heavy,val,development,0.05,4.0,-0.1147,0.27146666666666663,0.0,,2.0,2.0,False,45,46.66666666666667,27.5688,0.13333333333333333,
3010,3i,150.0,6,2.222,3,40.33,False,0,,,,scenario_north_heavy,val,development,0.05,3.6099999999999994,-3.5014999999999996,0.26886666666666664,0.0,,3.0,1.0,False,50,40.0,319.968,0.12033333333333332,
3015,3i,150.0,8,7.4079,3,5.0,False,0,,,,scenario_north_heavy,val,development,0.05,-31.72,4.4274,0.03333333333333333,0.0,,3.0,6.0,False,55,53.333333333333336,1422.3168,-1.0573333333333332,
3020,3i,150.0,8,3.3894,6,20.02,False,0,,,,scenario_north_heavy,val,development,0.05,-20.74,3.3769,0.13346666666666665,0.0,,4.0,4.0,True,,53.333333333333336,650.7648,-0.6913333333333332,
3025,3i,150.0,8,0.1614,6,20.01,False,0,,,,scenario_north_heavy,val,development,0.05,-20.709999999999997,-1.5677,0.13340000000000002,0.0,,4.0,9.0,True,,53.333333333333336,30.9888,-0.6903333333333332,
3030,3i,150.0,9,1.635,8,24.01,False,0,,,,scenario_north_heavy,val,development,0.05,-16.709999999999997,0.6087,0.1600666666666667,0.0,,4.0,14.0,True,,60.0,353.16,-0.5569999999999999,
3035,3i,150.0,9,0.5638,8,24.01,False,0,,,,scenario_north_heavy,val,development,0.05,-16.709999999999997,0.39969999999999994,0.1600666666666667,0.0,,4.0,19.0,True,,60.0,121.7808,-0.5569999999999999,
3040,3i,150.0,9,0.0022,9,24.01,False,0,,,,scenario_north_heavy,val,development,0.05,-16.319999999999997,-2.2197999999999998,0.1600666666666667,0.0,,4.0,24.0,True,,60.0,0.4752,-0.5439999999999999,
3045,3i,150.0,9,0.0,9,24.01,False,0,,,,scenario_north_heavy,val,development,0.05,19.01,-7.4079,0.1600666666666667,0.0,,5.0,4.0,False,5,60.0,0.0,0.6336666666666667,
3050,3i,150.0,11,4.3164,9,24.01,False,0,,,,scenario_north_heavy,val,development,0.05,3.990000000000002,0.9269999999999996,0.1600666666666667,0.0,,6.0,2.0,True,,73.33333333333334,1139.5296,0.13300000000000006,
3055,3i,150.0,11,1.9091,9,24.01,False,0,,,,scenario_north_heavy,val,development,0.05,4.0,1.7477,0.1600666666666667,0.0,,7.0,1.0,False,5,73.33333333333334,504.0024000000001,0.13333333333333333,
3060,3i,150.0,12,1.9516,10,28.04,False,0,,,,scenario_north_heavy,val,development,0.05,4.029999999999998,0.3166,0.18693333333333334,0.0,,7.0,6.0,False,10,80.0,562.0608,0.13433333333333325,
3065,3i,150.0,8,2.0203,7,28.01,False,0,,,,scenario_north_heavy,val,development,0.05,4.0,1.4565000000000001,0.18673333333333333,0.0,,0.0,4.0,False,15,53.333333333333336,387.89760000000007,0.13333333333333333,
3070,3i,150.0,7,0.0,7,28.01,False,0,,,,scenario_north_heavy,val,development,0.05,4.0,-0.0022,0.18673333333333333,0.0,,0.0,9.0,False,20,46.66666666666667,0.0,0.13333333333333333,
3075,3i,150.0,7,0.0,7,28.01,False,0,,,,scenario_north_heavy,val,development,0.05,4.0,0.0,0.18673333333333333,0.0,,0.0,14.0,False,25,46.66666666666667,0.0,0.13333333333333333,
3080,3i,150.0,7,0.0,7,28.01,False,0,,,,scenario_north_heavy,val,development,0.05,4.0,-4.3164,0.18673333333333333,0.0,,0.0,19.0,False,30,46.66666666666667,0.0,0.13333333333333333,
3085,3i,150.0,9,5.1612,7,28.01,False,0,,,,scenario_north_heavy,val,development,0.05,4.0,3.2521,0.18673333333333333,0.0,,0.0,24.0,False,35,60.0,1114.8192,0.13333333333333333,
3090,3i,150.0,9,2.5033,7,28.01,False,0,,,,scenario_north_heavy,val,development,0.05,-0.029999999999997584,0.5516999999999999,0.18673333333333333,0.0,,1.0,4.0,False,40,60.0,540.7128,-0.0009999999999999196,
3095,3i,150.0,8,2.5893,6,32.01,False,0,,,,scenario_north_heavy,val,development,0.05,3.9999999999999964,0.569,0.21339999999999998,0.0,,2.0,2.0,False,45,53.333333333333336,497.14560000000006,0.13333333333333322,
3100,3i,150.0,7,3.4376,2,31.72,False,0,,,,scenario_north_heavy,val,development,0.05,3.7099999999999973,3.4376,0.21146666666666666,0.0,,3.0,1.0,False,50,46.66666666666667,577.5168000000001,0.12366666666666658,
3105,3i,150.0,7,0.5959,4,9.3,False,0,,,,scenario_north_heavy,val,development,0.05,-18.71,0.5959,0.062000000000000006,0.0,,3.0,6.0,False,55,46.66666666666667,100.1112,-0.6236666666666667,
3110,3i,150.0,7,0.009,7,17.03,False,0,,,,scenario_north_heavy,val,development,0.05,-10.98,0.009,0.11353333333333335,0.0,,4.0,4.0,True,,46.66666666666667,1.512,-0.366,
3115,3i,150.0,7,0.0,7,17.01,False,0,,,,scenario_north_heavy,val,development,0.05,-11.0,-5.1612,0.11340000000000001,0.0,,4.0,9.0,True,,46.66666666666667,0.0,-0.36666666666666664,
3120,3i,150.0,9,4.1014,7,17.01,False,0,,,,scenario_north_heavy,val,development,0.05,-11.0,1.5981,0.11340000000000001,0.0,,4.0,14.0,True,,60.0,885.9024000000001,-0.36666666666666664,
3125,3i,150.0,9,1.0414,7,17.01,False,0,,,,scenario_north_heavy,val,development,0.05,-14.999999999999996,-1.5479,0.11340000000000001,0.0,,4.0,19.0,True,,60.0,224.94240000000002,-0.4999999999999999,
3130,3i,150.0,10,1.5425,9,24.01,False,0,,,,scenario_north_heavy,val,development,0.05,-7.709999999999997,-1.8951000000000002,0.1600666666666667,0.0,,4.0,24.0,True,,66.66666666666667,370.20000000000005,-0.2569999999999999,
3135,3i,150.0,10,0.5132,9,24.01,False,0,,,,scenario_north_heavy,val,development,0.05,14.71,-0.0827,0.1600666666666667,0.0,,5.0,4.0,False,5,66.66666666666667,123.168,0.49033333333333334,
3140,3i,150.0,10,0.0003,10,24.01,False,0,,,,scenario_north_heavy,val,development,0.05,6.98,-0.0087,0.1600666666666667,0.0,,6.0,2.0,True,,66.66666666666667,0.07200000000000001,0.2326666666666667,
3145,3i,150.0,10,0.0,10,24.01,False,0,,,,scenario_north_heavy,val,development,0.05,7.0,0.0,0.1600666666666667,0.0,,7.0,1.0,False,5,66.66666666666667,0.0,0.23333333333333334,
3150,3i,150.0,10,0.0,10,24.01,False,0,,,,scenario_north_heavy,val,development,0.05,7.0,-4.1014,0.1600666666666667,0.0,,7.0,6.0,False,10,66.66666666666667,0.0,0.23333333333333334,
3155,3i,150.0,8,4.3923,6,24.01,False,0,,,,scenario_north_heavy,val,development,0.05,7.0,3.3508999999999993,0.1600666666666667,0.0,,0.0,4.0,False,15,53.333333333333336,843.3216,0.23333333333333334,
3160,3i,150.0,9,3.4206,6,24.01,False,0,,,,scenario_north_heavy,val,development,0.05,0.0,1.8780999999999999,0.1600666666666667,0.0,,0.0,9.0,False,20,60.0,738.8496,0.0,
3165,3i,150.0,8,2.2301,7,28.01,False,0,,,,scenario_north_heavy,val,development,0.05,4.0,1.7169000000000003,0.18673333333333333,0.0,,0.0,14.0,False,25,53.333333333333336,428.1792000000001,0.13333333333333333,
3170,3i,150.0,7,0.0,7,28.01,False,0,,,,scenario_north_heavy,val,development,0.05,4.0,-0.0003,0.18673333333333333,0.0,,0.0,19.0,False,30,46.66666666666667,0.0,0.13333333333333333,
3175,3i,150.0,7,0.0,7,28.01,False,0,,,,scenario_north_heavy,val,development,0.05,4.0,0.0,0.18673333333333333,0.0,,0.0,24.0,False,35,46.66666666666667,0.0,0.13333333333333333,
3180,3i,150.0,7,0.0,7,28.01,False,0,,,,scenario_north_heavy,val,development,0.05,4.0,0.0,0.18673333333333333,0.0,,1.0,4.0,False,40,46.66666666666667,0.0,0.13333333333333333,
3185,3i,150.0,5,0.2189,4,28.01,False,0,,,,scenario_north_heavy,val,development,0.05,4.0,-4.1734,0.18673333333333333,0.0,,2.0,2.0,False,45,33.333333333333336,26.268000000000004,0.13333333333333333,
3190,3i,150.0,6,6.9524,0,0.0,False,0,,,,scenario_north_heavy,val,development,0.05,-24.01,3.5318,0.0,0.0,,3.0,1.0,False,50,40.0,1001.1456,-0.8003333333333333,
3195,3i,150.0,7,3.4405,3,12.07,False,0,,,,scenario_north_heavy,val,development,0.05,-15.940000000000001,1.2104,0.08046666666666667,0.0,,3.0,6.0,False,55,46.66666666666667,578.0040000000001,-0.5313333333333333,
3200,3i,150.0,7,0.9298,6,20.02,False,0,,,,scenario_north_heavy,val,development,0.05,-7.990000000000002,0.9298,0.13346666666666665,0.0,,4.0,4.0,True,,46.66666666666667,156.20640000000003,-0.2663333333333334,
3205,3i,150.0,7,0.0,7,20.01,False,0,,,,scenario_north_heavy,val,development,0.05,-8.0,0.0,0.13340000000000002,0.0,,4.0,9.0,True,,46.66666666666667,0.0,-0.26666666666666666,
3210,3i,150.0,7,0.0,7,20.01,False,0,,,,scenario_north_heavy,val,development,0.05,-8.0,0.0,0.13340000000000002,0.0,,4.0,14.0,True,,46.66666666666667,0.0,-0.26666666666666666,
3215,3i,150.0,7,0.0,7,20.01,False,0,,,,scenario_north_heavy,val,development,0.05,-8.0,-0.2189,0.13340000000000002,0.0,,4.0,19.0,True,,46.66666666666667,0.0,-0.26666666666666666,
3220,3i,150.0,9,5.2809,7,20.01,False,0,,,,scenario_north_heavy,val,development,0.05,20.01,-1.6715,0.13340000000000002,0.0,,4.0,24.0,True,,60.0,1140.6744,0.667,
3225,3i,150.0,9,2.6648,7,20.01,False,0,,,,scenario_north_heavy,val,development,0.05,7.940000000000001,-0.7757000000000001,0.13340000000000002,0.0,,5.0,4.0,False,5,60.0,575.5968,0.2646666666666667,
3230,3i,150.0,10,1.5923,8,27.02,False,0,,,,scenario_north_heavy,val,development,0.05,7.0,0.6625000000000001,0.18013333333333334,0.0,,6.0,2.0,True,,66.66666666666667,382.15200000000004,0.23333333333333334,
3235,3i,150.0,10,0.5586,9,27.01,False,0,,,,scenario_north_heavy,val,development,0.05,7.0,0.5586,0.18006666666666668,0.0,,7.0,1.0,False,5,66.66666666666667,134.064,0.23333333333333334,
3240,3i,150.0,10,0.0027,10,27.01,False,0,,,,scenario_north_heavy,val,development,0.05,7.0,0.0027,0.18006666666666668,0.0,,7.0,6.0,False,10,66.66666666666667,0.6480000000000001,0.23333333333333334,
3245,3i,150.0,6,0.0,6,27.01,False,0,,,,scenario_north_heavy,val,development,0.05,7.0,0.0,0.18006666666666668,0.0,,0.0,4.0,False,15,40.0,0.0,0.23333333333333334,
3250,3i,150.0,6,0.0,6,27.01,False,0,,,,scenario_north_heavy,val,development,0.05,7.0,-5.2809,0.18006666666666668,0.0,,0.0,9.0,False,20,40.0,0.0,0.23333333333333334,
3255,3i,150.0,8,5.4864,6,27.01,False,0,,,,scenario_north_heavy,val,development,0.05,7.0,2.8215999999999997,0.18006666666666668,0.0,,0.0,14.0,False,25,53.333333333333336,1053.3888,0.23333333333333334,
3260,3i,150.0,9,4.5181,6,27.01,False,0,,,,scenario_north_heavy,val,development,0.05,-0.00999999999999801,2.9257999999999997,0.18006666666666668,0.0,,0.0,19.0,False,30,60.0,975.9095999999998,-0.000333333333333267,
3265,3i,150.0,8,2.1245,7,31.01,False,0,,,,scenario_north_heavy,val,development,0.05,4.0,1.5658999999999998,0.20673333333333335,0.0,,0.0,24.0,False,35,53.333333333333336,407.904,0.13333333333333333,
3270,3i,150.0,7,0.0,7,31.01,False,0,,,,scenario_north_heavy,val,development,0.05,4.0,-0.0027,0.20673333333333335,0.0,,1.0,4.0,False,40,46.66666666666667,0.0,0.13333333333333333,
3275,3i,150.0,5,0.3343,4,31.01,False,1,19.1183,454.14,454.14,scenario_north_heavy,val,development,0.05,4.0,0.3343,0.20673333333333335,1.0,,2.0,2.0,False,45,33.333333333333336,40.116,0.13333333333333333,
3280,3i,150.0,4,3.1763,0,0.0,False,2,20.5086,358.47,412.46,scenario_north_heavy,val,development,0.05,-27.01,3.1763,0.0,2.0,,3.0,1.0,False,50,26.666666666666668,304.9248,-0.9003333333333334,
3285,3i,150.0,4,0.2506,3,12.14,False,2,19.9366,262.9,306.62,scenario_north_heavy,val,development,0.05,-14.870000000000001,-5.235799999999999,0.08093333333333334,2.0,,3.0,6.0,False,55,26.666666666666668,24.0576,-0.4956666666666667,
3290,3i,150.0,4,0.0005,4,16.0,False,2,17.6824,171.9,207.85,scenario_north_heavy,val,development,0.05,-11.010000000000002,-4.5176,0.10666666666666667,2.0,,4.0,4.0,True,,26.666666666666668,0.04800000000000001,-0.36700000000000005,
3295,3i,150.0,7,6.7843,4,16.0,False,2,14.0816,100.78,123.59,scenario_north_heavy,val,development,0.05,-15.010000000000002,4.659800000000001,0.10666666666666667,2.0,,4.0,9.0,True,,46.66666666666667,1139.7624,-0.5003333333333334,
3300,3i,150.0,7,4.6855,4,16.0,False,2,12.4747,42.24,51.93,scenario_north_heavy,val,development,0.05,-15.010000000000002,4.6855,0.10666666666666667,2.0,,4.0,14.0,True,,46.66666666666667,787.1640000000002,-0.5003333333333334,
3305,3i,150.0,7,0.8284,5,16.0,False,2,2.8992,1.0,25.33,scenario_north_heavy,val,development,0.05,-15.010000000000002,0.49410000000000004,0.10666666666666667,1.0,-428.81,4.0,19.0,True,,46.66666666666667,139.17120000000003,-0.5003333333333334,
3310,3i,150.0,7,0.0044,7,20.02,False,2,0.0154,1.0,20.02,scenario_north_heavy,val,development,0.05,20.02,-3.1719,0.13346666666666665,0.0,-392.44,4.0,24.0,True,,46.66666666666667,0.7392000000000001,0.6673333333333333,
3315,3i,150.0,7,0.0,7,20.01,False,2,0.0001,1.0,20.01,scenario_north_heavy,val,development,0.05,7.870000000000001,-0.2506,0.13340000000000002,0.0,-286.61,5.0,4.0,False,5,46.66666666666667,0.0,0.26233333333333336,
3320,3i,150.0,7,0.0,7,20.01,False,2,0.0,1.0,20.01,scenario_north_heavy,val,development,0.05,4.010000000000002,-0.0005,0.13340000000000002,0.0,-187.84,6.0,2.0,True,,46.66666666666667,0.0,0.1336666666666667,
3325,3i,150.0,10,5.8447,7,20.01,False,2,0.0,1.0,20.01,scenario_north_heavy,val,development,0.05,4.010000000000002,-0.9396000000000004,0.13340000000000002,0.0,-103.58,7.0,1.0,False,5,66.66666666666667,1402.728,0.1336666666666667,
3330,3i,150.0,10,2.3203,7,20.01,False,2,0.0,1.0,20.01,scenario_north_heavy,val,development,0.05,4.010000000000002,-2.3652,0.13340000000000002,0.0,-31.919999999999998,7.0,6.0,False,10,66.66666666666667,556.8720000000001,0.1336666666666667,
3335,3i,150.0,6,0.0007,6,34.05,False,1,0.0,20.01,20.01,scenario_north_heavy,val,development,0.05,18.049999999999997,-0.8277,0.22699999999999998,-1.0,-5.319999999999997,0.0,4.0,False,15,40.0,0.1008,0.6016666666666666,
3340,3i,150.0,6,0.0,6,34.05,False,1,0.0,20.01,20.01,scenario_north_heavy,val,development,0.05,14.029999999999998,-0.0044,0.22699999999999998,-1.0,-0.00999999999999801,0.0,9.0,False,20,40.0,0.0,0.46766666666666656,
3345,3i,150.0,6,0.0,6,34.05,False,1,0.0,20.01,20.01,scenario_north_heavy,val,development,0.05,14.039999999999996,0.0,0.22699999999999998,-1.0,0.0,0.0,14.0,False,25,40.0,0.0,0.46799999999999986,
3350,3i,150.0,6,0.0,6,34.05,False,1,0.0,20.01,20.01,scenario_north_heavy,val,development,0.05,14.039999999999996,0.0,0.22699999999999998,-1.0,0.0,0.0,19.0,False,30,40.0,0.0,0.46799999999999986,
3355,3i,150.0,7,3.7966,6,34.05,False,1,0.0,20.01,20.01,scenario_north_heavy,val,development,0.05,14.039999999999996,-2.0480999999999994,0.22699999999999998,-1.0,0.0,0.0,24.0,False,35,46.66666666666667,637.8288000000001,0.46799999999999986,
3360,3i,150.0,9,4.9001,6,34.05,False,1,0.0,20.01,20.01,scenario_north_heavy,val,development,0.05,14.039999999999996,2.5798,0.22699999999999998,-1.0,0.0,1.0,4.0,False,40,60.0,1058.4216000000001,0.46799999999999986,
3365,3i,150.0,7,1.9357,3,34.05,False,1,0.0,20.01,20.01,scenario_north_heavy,val,development,0.05,0.0,1.935,0.22699999999999998,0.0,0.0,2.0,2.0,False,45,46.66666666666667,325.1976,0.0,
3370,3i,150.0,6,1.0938,2,1.0,False,1,3.1232,12.47,12.47,scenario_north_heavy,val,development,0.05,-33.05,1.0938,0.006666666666666667,0.0,-7.540000000000001,3.0,1.0,False,50,40.0,157.5072,-1.1016666666666666,
3375,3i,150.0,6,0.5282,4,5.06,False,1,0.4879,5.06,5.06,scenario_north_heavy,val,development,0.05,-28.99,0.5282,0.03373333333333333,0.0,-14.950000000000003,3.0,6.0,False,55,40.0,76.0608,-0.9663333333333333,
3380,3i,150.0,6,0.0063,6,26.08,False,1,0.0,5.0,5.0,scenario_north_heavy,val,development,0.05,-7.969999999999999,0.0063,0.17386666666666664,0.0,-15.010000000000002,4.0,4.0,True,,40.0,0.9072000000000001,-0.2656666666666666,
3385,3i,150.0,6,0.0,6,26.04,False,1,0.0,5.0,5.0,scenario_north_heavy,val,development,0.05,-8.009999999999998,-3.7966,0.1736,0.0,-15.010000000000002,4.0,9.0,True,,40.0,0.0,-0.26699999999999996,
3390,3i,150.0,7,3.4693,6,26.04,False,1,0.0,5.0,5.0,scenario_north_heavy,val,development,0.05,-8.009999999999998,-1.4308,0.1736,0.0,-15.010000000000002,4.0,14.0,True,,46.66666666666667,582.8424000000001,-0.26699999999999996,
3395,3i,150.0,9,4.9904,6,26.04,False,1,0.0,5.0,5.0,scenario_north_heavy,val,development,0.05,-8.009999999999998,3.0547000000000004,0.1736,0.0,-15.010000000000002,4.0,19.0,True,,60.0,1077.9264,-0.26699999999999996,
3400,3i,150.0,9,2.9342,7,33.05,False,1,0.0,5.0,5.0,scenario_north_heavy,val,development,0.05,32.05,1.8404,0.22033333333333333,0.0,-7.470000000000001,4.0,24.0,True,,60.0,633.7872000000001,1.0683333333333331,
3405,3i,150.0,9,1.2559,7,33.05,False,1,0.0,5.0,5.0,scenario_north_heavy,val,development,0.05,27.99,0.7277,0.22033333333333333,0.0,-0.05999999999999961,5.0,4.0,False,5,60.0,271.2744,0.9329999999999999,
3410,3i,150.0,9,0.1732,8,33.05,False,1,0.0,5.0,5.0,scenario_north_heavy,val,development,0.05,6.969999999999999,0.1669,0.22033333333333333,0.0,0.0,6.0,2.0,True,,60.0,37.4112,0.2323333333333333,
3415,3i,150.0,9,0.0001,9,33.05,False,1,0.0,5.0,5.0,scenario_north_heavy,val,development,0.05,7.009999999999998,0.0001,0.22033333333333333,0.0,0.0,7.0,1.0,False,5,60.0,0.0216,0.2336666666666666,
3420,3i,150.0,9,0.0,9,33.05,False,1,0.0,5.0,5.0,scenario_north_heavy,val,development,0.05,7.009999999999998,-3.4693,0.22033333333333333,0.0,0.0,7.0,6.0,False,10,60.0,0.0,0.2336666666666666,
3425,3i,150.0,8,7.8999,5,33.05,False,1,0.0,5.0,5.0,scenario_north_heavy,val,development,0.05,7.009999999999998,2.9094999999999995,0.22033333333333333,0.0,0.0,0.0,4.0,False,15,53.333333333333336,1516.7808,0.2336666666666666,
3430,3i,150.0,8,4.8891,5,33.05,False,1,0.0,5.0,5.0,scenario_north_heavy,val,development,0.05,0.0,1.9548999999999999,0.22033333333333333,0.0,0.0,0.0,9.0,False,20,53.333333333333336,938.7072000000001,0.0,
3435,3i,150.0,6,0.0006,6,37.05,False,1,0.0,5.0,5.0,scenario_north_heavy,val,development,0.05,4.0,-1.2553,0.24699999999999997,0.0,0.0,0.0,14.0,False,25,40.0,0.0864,0.13333333333333333,
3440,3i,150.0,6,0.0,6,37.05,False,1,0.0,5.0,5.0,scenario_north_heavy,val,development,0.05,4.0,-0.1732,0.24699999999999997,0.0,0.0,0.0,19.0,False,30,40.0,0.0,0.13333333333333333,
3445,3i,150.0,6,0.0,6,37.05,False,1,0.0,5.0,5.0,scenario_north_heavy,val,development,0.05,4.0,-0.0001,0.24699999999999997,0.0,0.0,0.0,24.0,False,35,40.0,0.0,0.13333333333333333,
3450,3i,150.0,6,0.0,6,37.05,False,1,0.0,5.0,5.0,scenario_north_heavy,val,development,0.05,4.0,0.0,0.24699999999999997,0.0,0.0,1.0,4.0,False,40,40.0,0.0,0.13333333333333333,
3455,3i,150.0,5,0.6204,4,37.05,False,1,2.1622,1.68,1.68,scenario_north_heavy,val,development,0.05,4.0,-7.2795,0.24699999999999997,0.0,-3.3200000000000003,2.0,2.0,False,45,33.333333333333336,74.44800000000001,0.13333333333333333,
3460,3i,150.0,7,9.9824,0,0.0,False,0,,,,scenario_north_heavy,val,development,0.05,-33.05,5.0933,0.0,-1.0,,3.0,1.0,False,50,46.66666666666667,1677.0432000000003,-1.1016666666666666,
3465,3i,150.0,7,4.5677,3,15.18,False,0,,,,scenario_north_heavy,val,development,0.05,-21.869999999999997,4.5671,0.1012,-1.0,,3.0,6.0,False,55,46.66666666666667,767.3736000000002,-0.7289999999999999,
3470,3i,150.0,7,0.0922,6,23.02,False,0,,,,scenario_north_heavy,val,development,0.05,-14.029999999999998,0.0922,0.15346666666666667,-1.0,,4.0,4.0,True,,46.66666666666667,15.489600000000005,-0.46766666666666656,
3475,3i,150.0,7,0.0,7,23.01,False,0,,,,scenario_north_heavy,val,development,0.05,-14.039999999999996,0.0,0.1534,-1.0,,4.0,9.0,True,,46.66666666666667,0.0,-0.46799999999999986,
3480,3i,150.0,7,0.0,7,23.01,False,0,,,,scenario_north_heavy,val,development,0.05,-14.039999999999996,0.0,0.1534,-1.0,,4.0,14.0,True,,46.66666666666667,0.0,-0.46799999999999986,
3485,3i,150.0,7,0.0,7,23.01,False,0,,,,scenario_north_heavy,val,development,0.05,-14.039999999999996,-0.6204,0.1534,-1.0,,4.0,19.0,True,,46.66666666666667,0.0,-0.46799999999999986,
3490,3i,150.0,8,2.9135,7,23.01,False,0,,,,scenario_north_heavy,val,development,0.05,23.01,-7.0689,0.1534,0.0,,4.0,24.0,True,,53.333333333333336,559.392,0.767,
3495,3i,150.0,9,3.6485,7,23.01,False,0,,,,scenario_north_heavy,val,development,0.05,7.830000000000002,-0.9192000000000005,0.1534,0.0,,5.0,4.0,False,5,60.0,788.0759999999999,0.26100000000000007,
3500,3i,150.0,10,2.2804,7,23.01,False,0,,,,scenario_north_heavy,val,development,0.05,-0.00999999999999801,2.1882,0.1534,0.0,,6.0,2.0,True,,66.66666666666667,547.296,-0.000333333333333267,
3505,3i,150.0,10,0.7594,9,23.01,False,0,,,,scenario_north_heavy,val,development,0.05,0.0,0.7594,0.1534,0.0,,7.0,1.0,False,5,66.66666666666667,182.256,0.0,
3510,3i,150.0,10,0.3138,9,23.01,False,0,,,,scenario_north_heavy,val,development,0.05,0.0,0.3138,0.1534,0.0,,7.0,6.0,False,10,66.66666666666667,75.31200000000001,0.0,
3515,3i,150.0,6,0.0026,6,27.01,False,0,,,,scenario_north_heavy,val,development,0.05,4.0,0.0026,0.18006666666666668,0.0,,0.0,4.0,False,15,40.0,0.3744,0.13333333333333333,
3520,3i,150.0,6,0.0,6,27.01,False,0,,,,scenario_north_heavy,val,development,0.05,4.0,-2.9135,0.18006666666666668,0.0,,0.0,9.0,False,20,40.0,0.0,0.13333333333333333,
3525,3i,150.0,7,2.8239,6,27.01,False,0,,,,scenario_north_heavy,val,development,0.05,4.0,-0.8245999999999998,0.18006666666666668,0.0,,0.0,14.0,False,25,46.66666666666667,474.4152000000001,0.13333333333333333,
3530,3i,150.0,8,4.2591,6,27.01,False,0,,,,scenario_north_heavy,val,development,0.05,4.0,1.9787,0.18006666666666668,0.0,,0.0,19.0,False,30,53.333333333333336,817.7472,0.13333333333333333,
3535,3i,150.0,7,1.6709,6,27.01,False,0,,,,scenario_north_heavy,val,development,0.05,4.0,0.9115000000000001,0.18006666666666668,0.0,,0.0,24.0,False,35,46.66666666666667,280.7112,0.13333333333333333,
3540,3i,150.0,7,0.5994,6,27.01,False,0,,,,scenario_north_heavy,val,development,0.05,4.0,0.2856,0.18006666666666668,0.0,,1.0,4.0,False,40,46.66666666666667,100.69920000000002,0.13333333333333333,
3545,3i,150.0,5,0.5849,4,41.12,False,0,,,,scenario_north_heavy,val,development,0.05,14.109999999999996,0.5822999999999999,0.27413333333333334,0.0,,2.0,2.0,False,45,33.333333333333336,70.18800000000002,0.4703333333333332,
3550,3i,150.0,4,1.8244,0,0.0,False,0,,,,scenario_north_heavy,val,development,0.05,-27.01,1.8244,0.0,0.0,,3.0,1.0,False,50,26.666666666666668,175.1424,-0.9003333333333334,
3555,3i,150.0,5,5.4636,2,5.0,False,0,,,,scenario_north_heavy,val,development,0.05,-22.01,2.6396999999999995,0.03333333333333333,0.0,,3.0,6.0,False,55,33.333333333333336,655.632,-0.7336666666666667,
3560,3i,150.0,6,6.8317,4,23.08,False,0,,,,scenario_north_heavy,val,development,0.05,-3.9300000000000033,2.5725999999999996,0.15386666666666665,0.0,,4.0,4.0,True,,40.0,983.7648,-0.13100000000000012,
3565,3i,150.0,7,4.6867,4,23.04,False,0,,,,scenario_north_heavy,val,development,0.05,-3.9700000000000024,3.0158,0.1536,0.0,,4.0,9.0,True,,46.66666666666667,787.3656000000002,-0.1323333333333334,
3570,3i,150.0,7,0.5402,5,23.04,False,0,,,,scenario_north_heavy,val,development,0.05,-3.9700000000000024,-0.05920000000000003,0.1536,0.0,,4.0,14.0,True,,46.66666666666667,90.7536,-0.1323333333333334,
3575,3i,150.0,7,0.0005,7,35.76,False,0,,,,scenario_north_heavy,val,development,0.05,-5.359999999999999,-0.5844,0.23839999999999997,0.0,,4.0,19.0,True,,46.66666666666667,0.08400000000000002,-0.17866666666666664,
3580,3i,150.0,7,0.0,7,35.76,False,0,,,,scenario_north_heavy,val,development,0.05,35.76,-1.8244,0.23839999999999997,0.0,,4.0,24.0,True,,46.66666666666667,0.0,1.192,
3585,3i,150.0,7,0.0,7,35.76,False,0,,,,scenario_north_heavy,val,development,0.05,30.759999999999998,-5.4636,0.23839999999999997,0.0,,5.0,4.0,False,5,46.66666666666667,0.0,1.0253333333333332,
3590,3i,150.0,8,2.7305,7,35.76,False,0,,,,scenario_north_heavy,val,development,0.05,12.68,-4.1011999999999995,0.23839999999999997,0.0,,6.0,2.0,True,,53.333333333333336,524.2560000000001,0.42266666666666663,
3595,3i,150.0,9,3.7998,7,35.76,False,0,,,,scenario_north_heavy,val,development,0.05,12.719999999999999,-0.8869000000000002,0.23839999999999997,0.0,,7.0,1.0,False,5,60.0,820.7568,0.424,
3600,3i,150.0,10,2.5729,7,35.76,False,0,,,,scenario_north_heavy,val,development,0.05,12.719999999999999,2.0327,0.23839999999999997,0.0,,7.0,6.0,False,10,66.66666666666667,617.4960000000001,0.424,
0,4i,150.0,0,0.0,0,0.0,False,0,,,,scenario_north_heavy,val,development,0.05,,,0.0,,,,,,,0.0,0.0,,
5,4i,150.0,0,0.0,0,0.0,False,0,,,,scenario_north_heavy,val,development,0.05,,,0.0,,,0.0,4.0,False,5,0.0,0.0,,
10,4i,150.0,0,0.0,0,0.0,False,0,,,,scenario_north_heavy,val,development,0.05,,,0.0,,,0.0,9.0,False,10,0.0,0.0,,
15,4i,150.0,3,24.6191,0,0.0,False,0,,,,scenario_north_heavy,val,development,0.05,,,0.0,,,0.0,14.0,False,15,20.0,1772.5752,,
20,4i,150.0,3,15.3164,0,0.0,False,0,,,,scenario_north_heavy,val,development,0.05,,,0.0,,,0.0,19.0,False,20,20.0,1102.7808,,
25,4i,150.0,1,0.0,1,1.0,False,0,,,,scenario_north_heavy,val,development,0.05,,,0.006666666666666667,,,0.0,24.0,False,25,6.666666666666667,0.0,,
30,4i,150.0,3,17.762,1,1.0,False,0,,,,scenario_north_heavy,val,development,0.05,1.0,17.762,0.006666666666666667,0.0,,1.0,4.0,False,30,20.0,1278.864,0.03333333333333333,
35,4i,150.0,3,14.925,0,0.0,False,0,,,,scenario_north_heavy,val,development,0.05,0.0,14.925,0.0,0.0,,2.0,2.0,False,35,20.0,1074.6000000000001,0.0,
40,4i,150.0,2,2.7203,0,0.0,False,0,,,,scenario_north_heavy,val,development,0.05,0.0,2.7203,0.0,0.0,,3.0,1.0,False,40,13.333333333333334,130.5744,0.0,
45,4i,150.0,4,13.1851,2,1.0,False,0,,,,scenario_north_heavy,val,development,0.05,1.0,-11.434,0.006666666666666667,0.0,,3.0,6.0,False,45,26.666666666666668,1265.7696,0.03333333333333333,
50,4i,150.0,5,9.1751,2,1.0,False,0,,,,scenario_north_heavy,val,development,0.05,1.0,-6.141299999999999,0.006666666666666667,0.0,,4.0,4.0,True,,33.333333333333336,1101.0120000000002,0.03333333333333333,
55,4i,150.0,5,2.6863,3,5.06,False,0,,,,scenario_north_heavy,val,development,0.05,4.06,2.6863,0.03373333333333333,0.0,,4.0,9.0,True,,33.333333333333336,322.35600000000005,0.13533333333333333,
60,4i,150.0,6,5.093,4,5.0,False,0,,,,scenario_north_heavy,val,development,0.05,4.0,-12.669,0.03333333333333333,0.0,,4.0,14.0,True,,40.0,733.392,0.13333333333333333,
65,4i,150.0,8,5.8828,5,8.0,False,0,,,,scenario_north_heavy,val,development,0.05,8.0,-9.042200000000001,0.05333333333333334,0.0,,4.0,19.0,True,,53.333333333333336,1129.4976,0.26666666666666666,
70,4i,150.0,8,2.0305,6,9.01,False,0,,,,scenario_north_heavy,val,development,0.05,9.01,-0.6898,0.060066666666666664,0.0,,4.0,24.0,True,,53.333333333333336,389.856,0.30033333333333334,
75,4i,150.0,9,2.8979,7,9.0,False,0,,,,scenario_north_heavy,val,development,0.05,8.0,-10.2872,0.06,0.0,,5.0,4.0,False,5,60.0,625.9464,0.26666666666666666,
80,4i,150.0,11,3.5076,8,20.71,False,0,,,,scenario_north_heavy,val,development,0.05,19.71,-5.6675,0.13806666666666667,0.0,,6.0,2.0,True,,73.33333333333334,926.0064000000002,0.657,
85,4i,150.0,11,1.2546,9,20.71,False,0,,,,scenario_north_heavy,val,development,0.05,15.650000000000002,-1.4317000000000002,0.13806666666666667,0.0,,7.0,1.0,False,5,73.33333333333334,331.21440000000007,0.5216666666666667,
90,4i,150.0,14,5.3409,10,20.71,False,0,,,,scenario_north_heavy,val,development,0.05,15.71,0.24790000000000045,0.13806666666666667,0.0,,7.0,6.0,False,10,93.33333333333334,1794.5424000000003,0.5236666666666667,
95,4i,150.0,9,4.5567,3,12.0,False,0,,,,scenario_north_heavy,val,development,0.05,4.0,-1.3260999999999994,0.08,0.0,,0.0,4.0,False,15,60.0,984.2472000000001,0.13333333333333333,
100,4i,150.0,6,2.3819,3,12.0,False,0,,,,scenario_north_heavy,val,development,0.05,2.99,0.35139999999999993,0.08,0.0,,0.0,9.0,False,20,40.0,342.9936,0.09966666666666667,
105,4i,150.0,6,7.7857,4,19.0,False,0,,,,scenario_north_heavy,val,development,0.05,10.0,4.8878,0.12666666666666668,0.0,,0.0,14.0,False,25,40.0,1121.1408000000001,0.3333333333333333,
110,4i,150.0,7,7.0637,4,19.0,False,0,,,,scenario_north_heavy,val,development,0.05,-1.7100000000000009,3.5561,0.12666666666666668,0.0,,0.0,19.0,False,30,46.66666666666667,1186.7016,-0.05700000000000003,
115,4i,150.0,6,2.5405,4,19.0,False,0,,,,scenario_north_heavy,val,development,0.05,-1.7100000000000009,1.2859000000000003,0.12666666666666668,0.0,,0.0,24.0,False,35,40.0,365.83200000000005,-0.05700000000000003,
120,4i,150.0,7,3.5048,5,23.01,False,0,,,,scenario_north_heavy,val,development,0.05,2.3000000000000007,-1.8361000000000005,0.1534,0.0,,1.0,4.0,False,40,46.66666666666667,588.8064,0.07666666666666669,
125,4i,150.0,6,5.3562,3,23.01,False,0,,,,scenario_north_heavy,val,development,0.05,11.010000000000002,0.7995000000000001,0.1534,0.0,,2.0,2.0,False,45,40.0,771.2928,0.36700000000000005,
130,4i,150.0,6,4.6738,2,1.0,False,0,,,,scenario_north_heavy,val,development,0.05,-11.0,2.2919,0.006666666666666667,0.0,,3.0,1.0,False,50,40.0,673.0272000000001,-0.36666666666666664,
135,4i,150.0,7,3.7155,4,5.02,False,0,,,,scenario_north_heavy,val,development,0.05,-13.98,-4.0702,0.033466666666666665,0.0,,3.0,6.0,False,55,46.66666666666667,624.2040000000001,-0.466,
140,4i,150.0,7,0.9955,6,13.73,False,0,,,,scenario_north_heavy,val,development,0.05,-5.27,-6.0682,0.09153333333333334,0.0,,4.0,4.0,True,,46.66666666666667,167.24400000000003,-0.17566666666666667,
145,4i,150.0,9,2.6984,7,13.71,False,0,,,,scenario_north_heavy,val,development,0.05,-5.289999999999999,0.1578999999999997,0.09140000000000001,0.0,,4.0,9.0,True,,60.0,582.8544,-0.17633333333333331,
150,4i,150.0,9,1.4075,7,13.71,False,0,,,,scenario_north_heavy,val,development,0.05,-9.3,-2.0972999999999997,0.09140000000000001,0.0,,4.0,14.0,True,,60.0,304.02,-0.31,
155,4i,150.0,12,4.087,8,26.42,False,0,,,,scenario_north_heavy,val,development,0.05,3.41,-1.2692000000000005,0.17613333333333334,0.0,,4.0,19.0,True,,80.0,1177.0559999999998,0.11366666666666667,
160,4i,150.0,12,1.6785,9,26.42,False,0,,,,scenario_north_heavy,val,development,0.05,25.42,-2.9953,0.17613333333333334,0.0,,4.0,24.0,True,,80.0,483.408,0.8473333333333334,
165,4i,150.0,13,1.3755,11,39.13,False,0,,,,scenario_north_heavy,val,development,0.05,34.11,-2.34,0.2608666666666667,0.0,,5.0,4.0,False,5,86.66666666666667,429.156,1.137,
170,4i,150.0,15,2.3795,12,39.13,False,0,,,,scenario_north_heavy,val,development,0.05,25.400000000000002,1.3840000000000001,0.2608666666666667,0.0,,6.0,2.0,True,,100.0,856.62,0.8466666666666668,
175,4i,150.0,15,0.2218,13,39.13,False,0,,,,scenario_north_heavy,val,development,0.05,25.42,-2.4766,0.2608666666666667,0.0,,7.0,1.0,False,5,100.0,79.848,0.8473333333333334,
180,4i,150.0,16,0.9299,15,43.14,False,0,,,,scenario_north_heavy,val,development,0.05,29.43,-0.4776,0.2876,0.0,,7.0,6.0,False,10,106.66666666666667,357.0816,0.981,
185,4i,150.0,14,3.3236,7,42.15,False,0,,,,scenario_north_heavy,val,development,0.05,15.729999999999997,-0.7633999999999999,0.28099999999999997,0.0,,0.0,4.0,False,15,93.33333333333334,1116.7296000000001,0.5243333333333332,
190,4i,150.0,11,3.1902,6,34.05,False,0,,,,scenario_north_heavy,val,development,0.05,7.6299999999999955,1.5116999999999998,0.22699999999999998,0.0,,0.0,9.0,False,20,73.33333333333334,842.2128,0.2543333333333332,
195,4i,150.0,7,0.0012,7,38.05,False,0,,,,scenario_north_heavy,val,development,0.05,-1.0800000000000054,-1.3742999999999999,0.25366666666666665,0.0,,0.0,14.0,False,25,46.66666666666667,0.20160000000000003,-0.03600000000000018,
200,4i,150.0,10,5.0872,7,38.05,False,0,,,,scenario_north_heavy,val,development,0.05,-1.0800000000000054,2.7077,0.25366666666666665,0.0,,0.0,19.0,False,30,66.66666666666667,1220.928,-0.03600000000000018,
205,4i,150.0,9,1.8354,7,38.05,False,0,,,,scenario_north_heavy,val,development,0.05,-1.0800000000000054,1.6136,0.25366666666666665,0.0,,0.0,24.0,False,35,60.0,396.4464,-0.03600000000000018,
210,4i,150.0,9,1.9931,8,45.05,False,0,,,,scenario_north_heavy,val,development,0.05,1.9099999999999966,1.0632000000000001,0.30033333333333334,0.0,,1.0,4.0,False,40,60.0,430.50960000000003,0.06366666666666655,
215,4i,150.0,8,3.1456,5,45.05,False,0,,,,scenario_north_heavy,val,development,0.05,2.8999999999999986,-0.17799999999999994,0.30033333333333334,0.0,,2.0,2.0,False,45,53.333333333333336,603.9552000000001,0.09666666666666662,
220,4i,150.0,8,3.2505,2,44.86,False,0,,,,scenario_north_heavy,val,development,0.05,10.810000000000002,0.06030000000000024,0.29906666666666665,0.0,,3.0,1.0,False,50,53.333333333333336,624.096,0.3603333333333334,
225,4i,150.0,9,3.3572,4,15.04,False,0,,,,scenario_north_heavy,val,development,0.05,-23.009999999999998,3.3560000000000003,0.10026666666666666,0.0,,3.0,6.0,False,55,60.0,725.1552000000001,-0.7669999999999999,
230,4i,150.0,10,3.0152,7,30.08,False,0,,,,scenario_north_heavy,val,development,0.05,-7.969999999999999,-2.072,0.2005333333333333,0.0,,4.0,4.0,True,,66.66666666666667,723.648,-0.2656666666666666,
235,4i,150.0,11,1.7698,9,34.15,False,0,,,,scenario_north_heavy,val,development,0.05,-3.8999999999999986,-0.06559999999999988,0.22766666666666666,0.0,,4.0,9.0,True,,73.33333333333334,467.2272000000001,-0.12999999999999995,
240,4i,150.0,12,2.0242,10,34.05,False,0,,,,scenario_north_heavy,val,development,0.05,-11.0,0.031099999999999905,0.22699999999999998,0.0,,4.0,14.0,True,,80.0,582.9696,-0.36666666666666664,
245,4i,150.0,14,3.2464,10,34.05,False,0,,,,scenario_north_heavy,val,development,0.05,-11.0,0.1008,0.22699999999999998,0.0,,4.0,19.0,True,,93.33333333333334,1090.7904,-0.36666666666666664,
250,4i,150.0,14,0.9762,12,48.09,False,0,,,,scenario_north_heavy,val,development,0.05,3.230000000000004,-2.2743,0.3206,0.0,,4.0,24.0,True,,93.33333333333334,328.00320000000005,0.1076666666666668,
255,4i,150.0,15,1.0341,14,60.8,False,0,,,,scenario_north_heavy,val,development,0.05,45.76,-2.3231,0.4053333333333333,0.0,,5.0,4.0,False,5,100.0,372.276,1.5253333333333332,
260,4i,150.0,17,2.69,14,60.8,False,0,,,,scenario_north_heavy,val,development,0.05,30.72,-0.32520000000000016,0.4053333333333333,0.0,,6.0,2.0,True,,113.33333333333334,1097.52,1.024,
265,4i,150.0,17,1.1094,14,60.8,False,0,,,,scenario_north_heavy,val,development,0.05,26.65,-0.6604000000000001,0.4053333333333333,0.0,,7.0,1.0,False,5,113.33333333333334,452.63520000000005,0.8883333333333333,
270,4i,150.0,18,0.9107,17,67.8,False,0,,,,scenario_north_heavy,val,development,0.05,33.75,-1.1135000000000002,0.45199999999999996,0.0,,7.0,6.0,False,10,120.0,393.4224,1.125,
275,4i,150.0,13,2.1041,9,67.8,False,0,,,,scenario_north_heavy,val,development,0.05,33.75,-1.1423,0.45199999999999996,0.0,,0.0,4.0,False,15,86.66666666666667,656.4792,1.125,
280,4i,150.0,13,3.4516,9,67.8,False,0,,,,scenario_north_heavy,val,development,0.05,19.709999999999994,2.4754,0.45199999999999996,0.0,,0.0,9.0,False,20,86.66666666666667,1076.8992,0.6569999999999998,
285,4i,150.0,12,2.0955,10,74.8,False,0,,,,scenario_north_heavy,val,development,0.05,14.0,1.0614,0.49866666666666665,0.0,,0.0,14.0,False,25,80.0,603.504,0.4666666666666667,
290,4i,150.0,12,2.7886,10,74.8,False,0,,,,scenario_north_heavy,val,development,0.05,14.0,0.09860000000000024,0.49866666666666665,0.0,,0.0,19.0,False,30,80.0,803.1168000000001,0.4666666666666667,
295,4i,150.0,12,1.4091,11,81.8,False,0,,,,scenario_north_heavy,val,development,0.05,21.0,0.2997000000000001,0.5453333333333333,0.0,,0.0,24.0,False,35,80.0,405.8208000000001,0.7,
300,4i,150.0,12,1.3679,11,81.8,False,0,,,,scenario_north_heavy,val,development,0.05,14.0,0.45719999999999994,0.5453333333333333,0.0,,1.0,4.0,False,40,80.0,393.9552,0.4666666666666667,
305,4i,150.0,13,2.7632,10,81.8,False,0,,,,scenario_north_heavy,val,development,0.05,14.0,0.6591,0.5453333333333333,0.0,,2.0,2.0,False,45,86.66666666666667,862.1184,0.4666666666666667,
310,4i,150.0,14,2.5816,8,85.83,False,0,,,,scenario_north_heavy,val,development,0.05,18.03,-0.8700000000000001,0.5722,0.0,,3.0,1.0,False,50,93.33333333333334,867.4176000000001,0.6010000000000001,
315,4i,150.0,14,1.8773,9,85.6,False,0,,,,scenario_north_heavy,val,development,0.05,10.799999999999997,-0.21819999999999995,0.5706666666666667,0.0,,3.0,6.0,False,55,93.33333333333334,630.7728000000001,0.35999999999999993,
320,4i,150.0,15,2.0468,9,47.53,False,0,,,,scenario_north_heavy,val,development,0.05,-27.269999999999996,-0.7418,0.3168666666666667,0.0,,4.0,4.0,True,,100.0,736.8480000000001,-0.9089999999999999,
325,4i,150.0,16,1.5845,12,60.9,False,0,,,,scenario_north_heavy,val,development,0.05,-20.9,0.1754,0.40599999999999997,0.0,,4.0,9.0,True,,106.66666666666667,608.4480000000001,-0.6966666666666667,
330,4i,150.0,17,1.4414,15,75.85,False,0,,,,scenario_north_heavy,val,development,0.05,-5.950000000000003,0.07350000000000012,0.5056666666666666,0.0,,4.0,14.0,True,,113.33333333333334,588.0912000000001,-0.19833333333333342,
335,4i,150.0,18,1.5368,15,75.76,False,0,,,,scenario_north_heavy,val,development,0.05,-6.039999999999992,-1.2264,0.5050666666666667,0.0,,4.0,19.0,True,,120.0,663.8976,-0.20133333333333306,
340,4i,150.0,19,1.1461,16,75.76,False,0,,,,scenario_north_heavy,val,development,0.05,-10.069999999999993,-1.4355,0.5050666666666667,0.0,,4.0,24.0,True,,126.66666666666667,522.6216000000001,-0.33566666666666645,
345,4i,150.0,20,1.2779,17,82.76,False,0,,,,scenario_north_heavy,val,development,0.05,-2.839999999999989,-0.5993999999999999,0.5517333333333334,0.0,,5.0,4.0,False,5,133.33333333333334,613.392,-0.0946666666666663,
350,4i,150.0,21,1.2556,18,82.76,False,1,27.77,483.3,483.3,scenario_north_heavy,val,development,0.05,35.230000000000004,-0.7912000000000001,0.5517333333333334,1.0,,6.0,2.0,True,,140.0,632.8224000000001,1.1743333333333335,
355,4i,150.0,23,1.5258,19,82.76,False,1,27.6974,347.44,347.44,scenario_north_heavy,val,development,0.05,21.860000000000007,-0.058699999999999974,0.5517333333333334,1.0,,7.0,1.0,False,5,153.33333333333334,842.2416000000001,0.7286666666666669,
360,4i,150.0,23,0.7113,21,86.76,False,1,27.4102,214.07,214.07,scenario_north_heavy,val,development,0.05,10.91000000000001,-0.7301,0.5784,1.0,,7.0,6.0,False,10,153.33333333333334,392.6376,0.363666666666667,
365,4i,150.0,21,2.1448,15,86.76,False,2,21.6031,104.93,480.3,scenario_north_heavy,val,development,0.05,11.0,0.6080000000000001,0.5784,2.0,,0.0,4.0,False,15,140.0,1080.9792,0.36666666666666664,
370,4i,150.0,19,1.4848,14,86.76,False,2,17.634,40.91,357.58,scenario_north_heavy,val,development,0.05,11.0,0.3387,0.5784,2.0,,0.0,9.0,False,20,126.66666666666667,677.0688,0.36666666666666664,
375,4i,150.0,16,0.977,15,90.77,False,1,24.5324,235.96,235.96,scenario_north_heavy,val,development,0.05,8.009999999999991,-0.30090000000000006,0.6051333333333333,1.0,,0.0,14.0,False,25,106.66666666666667,375.168,0.2669999999999997,
380,4i,150.0,18,3.0811,15,90.77,False,1,15.2817,134.25,134.25,scenario_north_heavy,val,development,0.05,8.009999999999991,1.8255000000000001,0.6051333333333333,0.0,-349.05,0.0,19.0,False,30,120.0,1331.0352,0.2669999999999997,
385,4i,150.0,18,1.5775,15,90.77,False,1,2.1576,95.47,95.47,scenario_north_heavy,val,development,0.05,8.009999999999991,0.05169999999999986,0.6051333333333333,0.0,-251.97,0.0,24.0,False,35,120.0,681.4799999999999,0.2669999999999997,
390,4i,150.0,17,0.7932,16,94.77,False,1,0.0005,94.77,94.77,scenario_north_heavy,val,development,0.05,8.009999999999991,0.08189999999999997,0.6318,0.0,-119.3,1.0,4.0,False,40,113.33333333333334,323.6256000000001,0.2669999999999997,
395,4i,150.0,17,2.2616,13,94.77,False,1,0.0,94.77,94.77,scenario_north_heavy,val,development,0.05,8.009999999999991,0.11680000000000001,0.6318,-1.0,-385.53000000000003,2.0,2.0,False,45,113.33333333333334,922.7328,0.2669999999999997,
400,4i,150.0,16,1.4417,10,94.77,False,1,0.0,94.77,94.77,scenario_north_heavy,val,development,0.05,8.009999999999991,-0.043099999999999916,0.6318,-1.0,-262.81,3.0,1.0,False,50,106.66666666666667,553.6128000000001,0.2669999999999997,
405,4i,150.0,17,1.5738,9,101.77,False,1,0.0,94.77,94.77,scenario_north_heavy,val,development,0.05,11.0,0.5968000000000001,0.6784666666666667,0.0,-141.19,3.0,6.0,False,55,113.33333333333334,642.1104,0.36666666666666664,
410,4i,150.0,18,1.8513,9,101.7,False,1,0.3686,94.29,94.29,scenario_north_heavy,val,development,0.05,10.930000000000007,-1.2298000000000002,0.678,0.0,-39.959999999999994,4.0,4.0,True,,120.0,799.7615999999999,0.36433333333333356,
415,4i,150.0,20,2.33,10,57.1,False,1,1.2855,87.34,87.34,scenario_north_heavy,val,development,0.05,-33.669999999999995,0.7525000000000002,0.38066666666666665,0.0,-8.129999999999995,4.0,9.0,True,,133.33333333333334,1118.4,-1.1223333333333332,
420,4i,150.0,20,1.3338,15,76.06,False,1,0.5499,80.74,80.74,scenario_north_heavy,val,development,0.05,-18.709999999999994,0.5406000000000001,0.5070666666666667,0.0,-14.030000000000001,4.0,14.0,True,,133.33333333333334,640.224,-0.6236666666666665,
425,4i,150.0,21,1.2912,18,91.06,False,1,0.0159,79.8,79.8,scenario_north_heavy,val,development,0.05,-3.7099999999999937,-0.9704000000000002,0.6070666666666666,0.0,-14.969999999999999,4.0,19.0,True,,140.0,650.7648,-0.12366666666666645,
430,4i,150.0,23,1.5048,20,90.77,False,1,0.0006,79.76,79.76,scenario_north_heavy,val,development,0.05,-4.0,0.06309999999999993,0.6051333333333333,0.0,-15.009999999999991,4.0,24.0,True,,153.33333333333334,830.6496000000001,-0.13333333333333333,
435,4i,150.0,23,0.3595,21,94.77,False,1,0.0,79.76,79.76,scenario_north_heavy,val,development,0.05,-7.0,-1.2143000000000002,0.6318,0.0,-15.009999999999991,5.0,4.0,False,5,153.33333333333334,198.44400000000002,-0.23333333333333334,
440,4i,150.0,25,1.5493,23,94.77,False,1,0.0002,79.76,79.76,scenario_north_heavy,val,development,0.05,-6.930000000000007,-0.30200000000000005,0.6318,0.0,-14.530000000000001,6.0,2.0,True,,166.66666666666669,929.58,-0.23100000000000023,
445,4i,150.0,25,0.4551,23,94.77,False,1,0.0,79.76,79.76,scenario_north_heavy,val,development,0.05,37.669999999999995,-1.8749,0.6318,0.0,-7.579999999999998,7.0,1.0,False,5,166.66666666666669,273.06000000000006,1.2556666666666665,
450,4i,150.0,26,0.4677,25,101.77,False,1,0.0,79.76,79.76,scenario_north_heavy,val,development,0.05,25.709999999999994,-0.8661000000000001,0.6784666666666667,0.0,-0.9799999999999898,7.0,6.0,False,10,173.33333333333334,291.8448,0.8569999999999998,
455,4i,150.0,22,0.916,17,101.77,False,1,0.0,79.76,79.76,scenario_north_heavy,val,development,0.05,10.709999999999994,-0.37519999999999987,0.6784666666666667,0.0,-0.03999999999999204,0.0,4.0,False,15,146.66666666666669,483.6480000000001,0.3569999999999998,
460,4i,150.0,21,2.1175,17,101.77,False,1,0.0,79.76,79.76,scenario_north_heavy,val,development,0.05,11.0,0.6127000000000002,0.6784666666666667,0.0,0.0,0.0,9.0,False,20,140.0,1067.2200000000003,0.36666666666666664,
465,4i,150.0,20,1.5078,18,105.77,False,1,0.0,79.76,79.76,scenario_north_heavy,val,development,0.05,11.0,1.1483,0.7051333333333333,0.0,0.0,0.0,14.0,False,25,133.33333333333334,723.7440000000001,0.36666666666666664,
470,4i,150.0,19,1.2733,18,105.77,False,1,0.0,79.76,79.76,scenario_north_heavy,val,development,0.05,11.0,-0.2759999999999998,0.7051333333333333,0.0,0.0,0.0,19.0,False,30,126.66666666666667,580.6248,0.36666666666666664,
475,4i,150.0,20,1.1851,18,105.77,False,1,0.0,79.76,79.76,scenario_north_heavy,val,development,0.05,11.0,0.73,0.7051333333333333,0.0,0.0,0.0,24.0,False,35,133.33333333333334,568.8480000000001,0.36666666666666664,
480,4i,150.0,20,0.9219,18,105.77,False,1,0.0,79.76,79.76,scenario_north_heavy,val,development,0.05,4.0,0.45420000000000005,0.7051333333333333,0.0,0.0,1.0,4.0,False,40,133.33333333333334,442.51200000000006,0.13333333333333333,
485,4i,150.0,19,0.5008,17,112.77,False,1,0.0,79.76,79.76,scenario_north_heavy,val,development,0.05,11.0,-0.4152,0.7518,0.0,0.0,2.0,2.0,False,45,126.66666666666667,228.3648,0.36666666666666664,
490,4i,150.0,21,2.1419,14,112.77,False,1,0.0,79.76,79.76,scenario_north_heavy,val,development,0.05,11.0,0.024399999999999977,0.7518,0.0,0.0,3.0,1.0,False,50,140.0,1079.5176000000001,0.36666666666666664,
495,4i,150.0,21,1.8155,14,125.48,False,1,0.0453,79.72,79.72,scenario_north_heavy,val,development,0.05,19.710000000000008,0.30769999999999986,0.8365333333333334,0.0,-0.04000000000000625,3.0,6.0,False,55,140.0,915.0120000000001,0.6570000000000003,
500,4i,150.0,22,1.7004,14,125.48,False,1,0.9652,76.37,76.37,scenario_north_heavy,val,development,0.05,19.710000000000008,0.4270999999999998,0.8365333333333334,0.0,-3.3900000000000006,4.0,4.0,True,,146.66666666666669,897.8112000000001,0.6570000000000003,
505,4i,150.0,24,1.7193,16,125.01,False,1,3.9747,65.24,65.24,scenario_north_heavy,val,development,0.05,19.24000000000001,0.5342,0.8334,0.0,-14.52000000000001,4.0,9.0,True,,160.0,990.3168000000001,0.6413333333333336,
510,4i,150.0,24,0.9282,17,130.16,False,1,0.0693,61.75,61.75,scenario_north_heavy,val,development,0.05,24.39,0.006299999999999972,0.8677333333333334,0.0,-18.010000000000005,4.0,14.0,True,,160.0,534.6432,0.8130000000000001,
515,4i,150.0,25,1.5384,20,88.56,False,1,0.0003,61.72,61.72,scenario_north_heavy,val,development,0.05,-24.209999999999994,1.0375999999999999,0.5904,0.0,-18.040000000000006,4.0,19.0,True,,166.66666666666669,923.0400000000001,-0.8069999999999998,
520,4i,150.0,27,1.3934,22,107.68,False,1,0.0001,61.72,61.72,scenario_north_heavy,val,development,0.05,-5.089999999999989,-0.7485000000000002,0.7178666666666668,0.0,-18.040000000000006,4.0,24.0,True,,180.0,902.9232,-0.1696666666666663,
525,4i,150.0,27,0.4517,25,118.49,False,1,0.0,61.72,61.72,scenario_north_heavy,val,development,0.05,-6.990000000000009,-1.3638,0.7899333333333333,0.0,-18.0,5.0,4.0,False,5,180.0,292.7016,-0.2330000000000003,
530,4i,150.0,27,0.2114,26,118.44,False,1,0.0,61.72,61.72,scenario_north_heavy,val,development,0.05,-7.040000000000006,-1.4889999999999999,0.7896,0.0,-14.650000000000006,6.0,2.0,True,,180.0,136.9872,-0.23466666666666688,
535,4i,150.0,29,0.6826,26,118.44,False,2,13.5369,61.72,402.83,scenario_north_heavy,val,development,0.05,-6.570000000000007,-1.0367000000000002,0.7896,1.0,337.59,7.0,1.0,False,5,193.33333333333334,475.0896,-0.21900000000000025,
540,4i,150.0,30,0.8099,28,125.44,False,2,13.1019,61.72,269.9,scenario_north_heavy,val,development,0.05,-4.719999999999999,-0.11830000000000007,0.8362666666666666,1.0,208.14999999999998,7.0,6.0,False,10,200.0,583.1279999999999,-0.1573333333333333,
545,4i,150.0,28,1.1299,21,125.44,False,2,7.5506,61.72,166.39,scenario_north_heavy,val,development,0.05,36.879999999999995,-0.4085000000000001,0.8362666666666666,1.0,104.66999999999999,0.0,4.0,False,15,186.66666666666669,759.2928,1.2293333333333332,
550,4i,150.0,27,1.8248,21,125.44,False,3,9.3569,61.72,404.75,scenario_north_heavy,val,development,0.05,17.75999999999999,0.4314,0.8362666666666666,2.0,343.03,0.0,9.0,False,20,180.0,1182.4704,0.5919999999999997,
555,4i,150.0,24,0.7927,22,129.44,False,3,8.8194,61.72,270.33,scenario_north_heavy,val,development,0.05,10.950000000000003,0.34099999999999997,0.8629333333333333,2.0,208.60999999999999,0.0,14.0,False,25,160.0,456.5952,0.3650000000000001,
560,4i,150.0,23,0.7336,22,129.44,False,3,5.0092,61.72,168.71,scenario_north_heavy,val,development,0.05,11.0,0.5222,0.8629333333333333,2.0,106.99000000000001,0.0,19.0,False,30,153.33333333333334,404.94720000000007,0.36666666666666664,
565,4i,150.0,25,1.4625,22,129.44,False,3,0.7643,61.72,133.88,scenario_north_heavy,val,development,0.05,11.0,0.7798999999999999,0.8629333333333333,1.0,-268.95,0.0,24.0,False,35,166.66666666666669,877.5,0.36666666666666664,
570,4i,150.0,25,0.7276,23,133.44,False,3,0.0002,61.72,133.44,scenario_north_heavy,val,development,0.05,8.0,-0.08229999999999993,0.8896,1.0,-136.45999999999998,1.0,4.0,False,40,166.66666666666669,436.5600000000001,0.26666666666666666,
575,4i,150.0,24,0.1722,22,133.44,False,3,0.0,61.72,133.44,scenario_north_heavy,val,development,0.05,8.0,-0.9576999999999999,0.8896,1.0,-32.94999999999999,2.0,2.0,False,45,160.0,99.1872,0.26666666666666666,
580,4i,150.0,25,2.1002,19,133.44,False,3,0.0,61.72,133.44,scenario_north_heavy,val,development,0.05,8.0,0.2754000000000001,0.8896,0.0,-271.31,3.0,1.0,False,50,166.66666666666669,1260.1200000000003,0.26666666666666666,
585,4i,150.0,25,1.7826,16,137.44,False,3,0.7183,59.2,133.44,scenario_north_heavy,val,development,0.05,8.0,0.9899,0.9162666666666667,0.0,-136.89,3.0,6.0,False,55,166.66666666666669,1069.5600000000002,0.26666666666666666,
590,4i,150.0,26,1.5631,15,137.44,False,3,0.7362,44.01,133.44,scenario_north_heavy,val,development,0.05,8.0,0.8294999999999999,0.9162666666666667,0.0,-35.27000000000001,4.0,4.0,True,,173.33333333333334,975.3744,0.26666666666666666,
595,4i,150.0,28,1.9433,17,137.44,False,3,0.0774,35.12,133.44,scenario_north_heavy,val,development,0.05,8.0,0.4808000000000001,0.9162666666666667,0.0,-0.4399999999999977,4.0,9.0,True,,186.66666666666669,1305.8976000000002,0.26666666666666666,
600,4i,150.0,28,1.0768,16,141.31,False,3,0.938,35.01,131.45,scenario_north_heavy,val,development,0.05,7.8700000000000045,0.34919999999999995,0.9420666666666667,0.0,-1.990000000000009,4.0,14.0,True,,186.66666666666669,723.6096000000001,0.2623333333333335,
605,4i,150.0,29,1.2414,19,61.14,False,3,1.3948,35.01,122.27,scenario_north_heavy,val,development,0.05,-72.3,1.0692000000000002,0.4076,0.0,-11.170000000000002,4.0,19.0,True,,193.33333333333334,864.0144000000001,-2.4099999999999997,
610,4i,150.0,31,1.3996,23,91.85,False,3,1.2736,35.01,111.41,scenario_north_heavy,val,development,0.05,-41.59,-0.7006000000000001,0.6123333333333333,0.0,-22.03,4.0,24.0,True,,206.66666666666669,1041.3024000000003,-1.3863333333333334,
615,4i,150.0,31,0.4932,27,111.57,False,3,0.0815,35.01,107.0,scenario_north_heavy,val,development,0.05,-25.870000000000005,-1.2893999999999999,0.7437999999999999,0.0,-26.439999999999998,5.0,4.0,False,5,206.66666666666669,366.9408000000001,-0.8623333333333335,
620,4i,150.0,32,0.801,30,122.01,False,3,0.0022,35.01,106.73,scenario_north_heavy,val,development,0.05,-15.429999999999993,-0.7620999999999999,0.8134,0.0,-26.709999999999994,6.0,2.0,True,,213.33333333333334,615.1680000000001,-0.5143333333333331,
625,4i,150.0,34,1.0659,30,121.74,False,4,6.6857,35.01,428.92,scenario_north_heavy,val,development,0.05,-15.700000000000003,-0.8774,0.8116,1.0,295.48,7.0,1.0,False,5,226.66666666666669,869.7744000000001,-0.5233333333333334,
630,4i,150.0,34,0.09,33,125.74,False,4,6.6436,35.01,294.86,scenario_north_heavy,val,development,0.05,-15.570000000000007,-0.9868,0.8382666666666666,1.0,163.41000000000003,7.0,6.0,False,10,226.66666666666669,73.44000000000001,-0.5190000000000002,
635,4i,150.0,30,0.9698,25,125.73,False,4,4.4486,35.01,180.69,scenario_north_heavy,val,development,0.05,64.59,-0.27160000000000006,0.8382000000000001,1.0,58.42,0.0,4.0,False,15,200.0,698.2560000000001,2.153,
640,4i,150.0,28,1.4447,24,125.73,False,4,1.0767,35.01,132.62,scenario_north_heavy,val,development,0.05,33.88000000000001,0.04510000000000014,0.8382000000000001,1.0,21.210000000000008,0.0,9.0,False,20,186.66666666666669,970.8384000000002,1.1293333333333337,
645,4i,150.0,26,0.4231,25,129.74,False,4,0.0003,35.01,129.74,scenario_north_heavy,val,development,0.05,18.170000000000016,-0.07010000000000005,0.8649333333333334,1.0,22.74000000000001,0.0,14.0,False,25,173.33333333333334,264.01439999999997,0.6056666666666672,
650,4i,150.0,26,0.6706,25,129.74,False,4,0.0,35.01,129.74,scenario_north_heavy,val,development,0.05,7.730000000000004,-0.13040000000000007,0.8649333333333334,1.0,23.010000000000005,0.0,19.0,False,30,173.33333333333334,418.4544,0.2576666666666668,
655,4i,150.0,28,1.3763,25,129.74,False,4,0.0,35.01,129.74,scenario_north_heavy,val,development,0.05,8.000000000000014,0.3104,0.8649333333333334,0.0,-299.18,0.0,24.0,False,35,186.66666666666669,924.8736000000002,0.26666666666666716,
660,4i,150.0,28,0.3408,26,133.74,False,4,0.0,35.01,129.74,scenario_north_heavy,val,development,0.05,8.000000000000014,0.2508,0.8916000000000001,0.0,-165.12,1.0,4.0,False,40,186.66666666666669,229.01760000000002,0.26666666666666716,
665,4i,150.0,27,0.256,25,133.74,False,4,0.0,35.01,129.74,scenario_north_heavy,val,development,0.05,8.010000000000005,-0.7138,0.8916000000000001,0.0,-50.94999999999999,2.0,2.0,False,45,180.0,165.888,0.2670000000000002,
670,4i,150.0,28,1.7143,21,133.74,False,4,0.1069,34.58,129.74,scenario_north_heavy,val,development,0.05,8.010000000000005,0.26959999999999984,0.8916000000000001,0.0,-2.8799999999999955,3.0,1.0,False,50,186.66666666666669,1152.0096,0.2670000000000002,
675,4i,150.0,28,1.2269,21,137.74,False,4,0.6911,23.81,129.74,scenario_north_heavy,val,development,0.05,8.0,0.8038000000000001,0.9182666666666667,0.0,0.0,3.0,6.0,False,55,186.66666666666669,824.4768000000001,0.26666666666666666,
680,4i,150.0,28,0.5627,20,137.74,False,4,0.0091,20.03,129.74,scenario_north_heavy,val,development,0.05,8.0,-0.1079,0.9182666666666667,0.0,0.0,4.0,4.0,True,,186.66666666666669,378.1344000000001,0.26666666666666666,
685,4i,150.0,31,1.4625,22,137.74,False,4,0.3088,20.01,129.74,scenario_north_heavy,val,development,0.05,8.0,0.08619999999999983,0.9182666666666667,0.0,0.0,4.0,9.0,True,,206.66666666666669,1088.1000000000001,0.26666666666666666,
690,4i,150.0,31,1.0116,23,141.74,False,4,1.0209,20.01,129.3,scenario_north_heavy,val,development,0.05,8.0,0.6708000000000001,0.9449333333333334,0.0,-0.4399999999999977,4.0,14.0,True,,206.66666666666669,752.6304000000001,0.26666666666666666,
695,4i,150.0,32,0.923,24,140.7,False,4,0.6245,20.01,125.14,scenario_north_heavy,val,development,0.05,6.9599999999999795,0.667,0.938,0.0,-4.6000000000000085,4.0,19.0,True,,213.33333333333334,708.8640000000001,0.23199999999999932,
700,4i,150.0,33,0.9948,26,107.43,False,5,4.9749,20.01,433.26,scenario_north_heavy,val,development,0.05,-26.310000000000002,-0.7194999999999999,0.7162000000000001,1.0,303.52,4.0,24.0,True,,220.0,787.8816,-0.8770000000000001,
705,4i,150.0,33,0.326,30,119.09,False,5,4.8291,20.01,313.4,scenario_north_heavy,val,development,0.05,-18.650000000000006,-0.9009,0.7939333333333334,1.0,183.65999999999997,5.0,4.0,False,5,220.0,258.192,-0.6216666666666668,
710,4i,150.0,35,0.5643,33,126.87,False,5,3.4891,20.01,205.92,scenario_north_heavy,val,development,0.05,-10.870000000000005,0.0016000000000000458,0.8458,1.0,76.17999999999998,6.0,2.0,True,,233.33333333333334,474.01200000000006,-0.3623333333333335,
715,4i,150.0,35,0.2525,34,130.76,False,5,1.2807,20.01,150.62,scenario_north_heavy,val,development,0.05,-6.980000000000018,-1.21,0.8717333333333332,1.0,20.879999999999995,7.0,1.0,False,5,233.33333333333334,212.10000000000002,-0.23266666666666727,
720,4i,150.0,37,0.331,36,144.78,False,5,0.0003,20.01,144.78,scenario_north_heavy,val,development,0.05,3.039999999999992,-0.6806000000000001,0.9652000000000001,1.0,15.47999999999999,7.0,6.0,False,10,246.66666666666669,293.928,0.10133333333333307,
725,4i,150.0,33,1.0878,27,144.78,False,5,0.0,20.01,144.78,scenario_north_heavy,val,development,0.05,4.0800000000000125,0.16480000000000006,0.9652000000000001,1.0,19.64,0.0,4.0,False,15,220.0,861.5376000000001,0.13600000000000043,
730,4i,150.0,31,1.5817,27,144.78,False,5,0.0,20.01,144.78,scenario_north_heavy,val,development,0.05,37.349999999999994,0.5869000000000001,0.9652000000000001,0.0,-288.48,0.0,9.0,False,20,206.66666666666669,1176.7848000000004,1.2449999999999999,
735,4i,150.0,28,0.4545,27,144.78,False,5,0.0,20.01,144.78,scenario_north_heavy,val,development,0.05,25.689999999999998,0.1285,0.9652000000000001,0.0,-168.61999999999998,0.0,14.0,False,25,186.66666666666669,305.42400000000004,0.8563333333333333,
740,4i,150.0,28,0.5699,27,144.78,False,6,4.4314,20.01,403.7,scenario_north_heavy,val,development,0.05,17.909999999999997,0.005599999999999938,0.9652000000000001,1.0,197.78,0.0,19.0,False,30,186.66666666666669,382.9728,0.5969999999999999,
745,4i,150.0,28,0.6394,27,144.78,False,6,4.3466,20.01,268.83,scenario_north_heavy,val,development,0.05,14.02000000000001,0.38689999999999997,0.9652000000000001,1.0,118.20999999999998,0.0,24.0,False,35,186.66666666666669,429.6768,0.46733333333333366,
750,4i,150.0,28,0.6934,27,144.78,False,6,3.0134,20.01,174.32,scenario_north_heavy,val,development,0.05,0.0,0.3624,0.9652000000000001,1.0,29.539999999999992,1.0,4.0,False,40,186.66666666666669,465.9648000000001,0.0,
755,4i,150.0,28,0.9558,24,144.78,False,6,2.4284,20.01,144.78,scenario_north_heavy,val,development,0.05,0.0,-0.13200000000000012,0.9652000000000001,1.0,0.0,2.0,2.0,False,45,186.66666666666669,642.2976000000001,0.0,
760,4i,150.0,27,1.648,21,144.78,False,6,2.3866,9.88,144.78,scenario_north_heavy,val,development,0.05,0.0,0.0662999999999998,0.9652000000000001,1.0,0.0,3.0,1.0,False,50,180.0,1067.904,0.0,
765,4i,150.0,27,0.7717,21,144.78,False,6,0.0754,1.18,144.78,scenario_north_heavy,val,development,0.05,0.0,0.31720000000000004,0.9652000000000001,1.0,0.0,3.0,6.0,False,55,180.0,500.06160000000006,0.0,
770,4i,150.0,28,0.9277,21,144.78,False,6,0.1346,1.0,144.78,scenario_north_heavy,val,development,0.05,0.0,0.3578,0.9652000000000001,0.0,-258.91999999999996,4.0,4.0,True,,186.66666666666669,623.4144,0.0,
775,4i,150.0,28,0.9066,21,144.78,False,7,4.0038,1.0,455.31,scenario_north_heavy,val,development,0.05,0.0,0.2672,0.9652000000000001,1.0,186.48000000000002,4.0,9.0,True,,186.66666666666669,609.2352000000001,0.0,
780,4i,150.0,29,0.8509,20,144.75,False,7,3.8124,1.0,335.58,scenario_north_heavy,val,development,0.05,-0.030000000000001137,0.15749999999999997,0.965,1.0,161.26,4.0,14.0,True,,193.33333333333334,592.2264,-0.001000000000000038,
785,4i,150.0,30,1.1736,22,143.12,False,7,2.8929,1.0,228.55,scenario_north_heavy,val,development,0.05,-1.6599999999999966,0.2178,0.9541333333333334,1.0,83.77000000000001,4.0,19.0,True,,200.0,844.9920000000001,-0.05533333333333322,
790,4i,150.0,31,0.5981,24,104.1,False,8,3.9077,1.0,457.17,scenario_north_heavy,val,development,0.05,-40.68000000000001,-1.0499,0.694,2.0,312.39,4.0,24.0,True,,206.66666666666669,444.9864,-1.3560000000000003,
795,4i,150.0,33,0.4305,30,130.3,False,8,3.5658,1.0,323.04,scenario_north_heavy,val,development,0.05,-14.47999999999999,-0.34120000000000006,0.8686666666666667,2.0,178.26000000000002,5.0,4.0,False,5,220.0,340.956,-0.4826666666666663,
800,4i,150.0,35,0.7008,33,145.05,True,8,2.1577,1.0,217.13,scenario_north_heavy,val,development,0.05,0.27000000000001023,-0.2269,0.9670000000000001,2.0,72.35,6.0,2.0,True,,233.33333333333334,588.672,,
805,4i,150.0,36,0.8613,33,144.8,False,8,0.4505,1.0,175.09,scenario_north_heavy,val,development,0.05,0.020000000000010232,-0.04530000000000001,0.9653333333333334,1.0,-280.22,7.0,1.0,False,5,240.0,744.1632000000001,0.0006666666666670077,
810,4i,150.0,36,0.1669,35,144.78,False,8,0.0013,1.0,172.84,scenario_north_heavy,val,development,0.05,0.030000000000001137,-0.6839999999999999,0.9652000000000001,1.0,-162.73999999999998,7.0,6.0,False,10,240.0,144.2016,0.001000000000000038,
815,4i,150.0,33,0.7161,29,144.78,False,7,0.0002,5.0,172.82,scenario_north_heavy,val,development,0.05,1.6599999999999966,-0.4575,0.9652000000000001,0.0,-55.73000000000002,0.0,4.0,False,15,220.0,567.1512,0.05533333333333322,
820,4i,150.0,32,1.4705,27,144.78,False,8,3.125,5.0,480.3,scenario_north_heavy,val,development,0.05,40.68000000000001,0.8724,0.9652000000000001,0.0,23.129999999999995,0.0,9.0,False,20,213.33333333333334,1129.344,1.3560000000000003,
825,4i,150.0,29,0.5845,27,144.78,False,8,2.9221,5.0,357.84,scenario_north_heavy,val,development,0.05,14.47999999999999,0.15400000000000003,0.9652000000000001,0.0,34.799999999999955,0.0,14.0,False,25,193.33333333333334,406.812,0.4826666666666663,
830,4i,150.0,29,0.8908,27,144.78,False,8,2.4535,5.0,242.83,scenario_north_heavy,val,development,0.05,-0.27000000000001023,0.19000000000000006,0.9652000000000001,0.0,25.700000000000017,0.0,19.0,False,30,193.33333333333334,619.9968000000001,-0.009000000000000341,
835,4i,150.0,29,1.3612,27,144.78,False,8,0.7105,5.0,186.52,scenario_north_heavy,val,development,0.05,-0.020000000000010232,0.4999,0.9652000000000001,0.0,11.430000000000007,0.0,24.0,False,35,193.33333333333334,947.3952,-0.0006666666666670077,
840,4i,150.0,28,0.4772,27,144.78,False,8,0.0029,5.0,180.83,scenario_north_heavy,val,development,0.05,0.0,0.3103,0.9652000000000001,0.0,7.990000000000009,1.0,4.0,False,40,186.66666666666669,320.67840000000007,0.0,
845,4i,150.0,27,0.6804,24,144.78,False,7,0.0,72.72,180.82,scenario_north_heavy,val,development,0.05,0.0,-0.035699999999999954,0.9652000000000001,0.0,8.0,2.0,2.0,False,45,180.0,440.8992,0.0,
850,4i,150.0,27,1.8399,21,144.78,False,7,0.0,72.72,180.82,scenario_north_heavy,val,development,0.05,0.0,0.3694000000000002,0.9652000000000001,-1.0,-299.48,3.0,1.0,False,50,180.0,1192.2552,0.0,
855,4i,150.0,27,0.8667,20,144.78,False,7,0.028,72.53,180.82,scenario_north_heavy,val,development,0.05,0.0,0.2822,0.9652000000000001,-1.0,-177.01999999999998,3.0,6.0,False,55,180.0,561.6216,0.0,
860,4i,150.0,28,0.9958,21,144.78,False,7,0.5441,65.32,180.82,scenario_north_heavy,val,development,0.05,0.0,0.10499999999999998,0.9652000000000001,-1.0,-62.01000000000002,4.0,4.0,True,,186.66666666666669,669.1776000000001,0.0,
865,4i,150.0,29,1.5055,21,144.78,False,7,0.3657,58.07,180.82,scenario_north_heavy,val,development,0.05,0.0,0.1443000000000001,0.9652000000000001,-1.0,-5.700000000000017,4.0,9.0,True,,193.33333333333334,1047.8280000000002,0.0,
870,4i,150.0,29,0.982,21,144.77,False,7,0.3044,57.58,180.82,scenario_north_heavy,val,development,0.05,-0.009999999999990905,0.5047999999999999,0.9651333333333334,-1.0,-0.010000000000019327,4.0,14.0,True,,193.33333333333334,683.4720000000001,-0.0003333333333330302,
875,4i,150.0,30,0.8322,22,143.27,False,7,0.1838,57.57,180.82,scenario_north_heavy,val,development,0.05,-1.509999999999991,0.15180000000000005,0.9551333333333334,0.0,0.0,4.0,19.0,True,,200.0,599.1840000000001,-0.05033333333333303,
880,4i,150.0,31,1.1688,26,115.84,False,7,0.5894,57.57,179.94,scenario_north_heavy,val,development,0.05,-28.939999999999998,-0.6711,0.7722666666666667,0.0,-0.8799999999999955,4.0,24.0,True,,206.66666666666669,869.5872000000003,-0.9646666666666666,
885,4i,150.0,32,0.4346,29,125.94,False,7,0.5469,57.57,174.35,scenario_north_heavy,val,development,0.05,-18.840000000000003,-0.43210000000000004,0.8396,0.0,-6.469999999999999,5.0,4.0,False,5,213.33333333333334,333.7728,-0.6280000000000001,
890,4i,150.0,33,0.4766,31,143.76,False,7,0.2737,57.57,167.96,scenario_north_heavy,val,development,0.05,-1.0200000000000102,-0.5192,0.9583999999999999,0.0,-12.859999999999985,6.0,2.0,True,,220.0,377.46720000000005,-0.03400000000000034,
895,4i,150.0,33,0.2413,32,143.67,False,7,0.023,57.57,165.78,scenario_north_heavy,val,development,0.05,-1.1100000000000136,-1.2642,0.9577999999999999,0.0,-15.039999999999992,7.0,1.0,False,5,220.0,191.1096,-0.037000000000000456,
900,4i,150.0,34,0.4887,32,143.67,False,7,0.0017,57.57,165.67,scenario_north_heavy,val,development,0.05,-1.1000000000000227,-0.49329999999999996,0.9577999999999999,0.0,-15.150000000000006,7.0,6.0,False,10,226.66666666666669,398.77920000000006,-0.03666666666666742,
905,4i,150.0,32,1.1503,25,143.67,False,7,0.0,57.57,165.67,scenario_north_heavy,val,development,0.05,0.39999999999997726,0.31810000000000005,0.9577999999999999,0.0,-15.150000000000006,0.0,4.0,False,15,213.33333333333334,883.4304000000002,0.013333333333332576,
910,4i,150.0,29,1.3779,25,143.67,False,7,0.0,57.57,165.67,scenario_north_heavy,val,development,0.05,27.829999999999984,0.20909999999999984,0.9577999999999999,0.0,-14.27000000000001,0.0,9.0,False,20,193.33333333333334,959.0184,0.9276666666666661,
915,4i,150.0,27,0.9561,25,143.67,False,7,0.0,57.57,165.67,scenario_north_heavy,val,development,0.05,17.72999999999999,0.5215,0.9577999999999999,0.0,-8.680000000000007,0.0,14.0,False,25,180.0,619.5527999999999,0.5909999999999996,
920,4i,150.0,26,0.6663,25,143.67,False,7,0.0,57.57,165.67,scenario_north_heavy,val,development,0.05,-0.09000000000000341,0.18969999999999998,0.9577999999999999,0.0,-2.2900000000000205,0.0,19.0,False,30,173.33333333333334,415.7712,-0.0030000000000001137,
925,4i,150.0,27,1.517,25,143.67,False,7,0.0,57.57,165.67,scenario_north_heavy,val,development,0.05,0.0,1.2756999999999998,0.9577999999999999,0.0,-0.11000000000001364,0.0,24.0,False,35,180.0,983.016,0.0,
930,4i,150.0,27,1.0963,25,143.67,False,7,0.0,57.57,165.67,scenario_north_heavy,val,development,0.05,0.0,0.6076,0.9577999999999999,0.0,0.0,1.0,4.0,False,40,180.0,710.4024000000001,0.0,
935,4i,150.0,25,0.7848,23,143.67,False,7,0.0,57.57,165.67,scenario_north_heavy,val,development,0.05,0.0,-0.36550000000000005,0.9577999999999999,0.0,0.0,2.0,2.0,False,45,166.66666666666669,470.8800000000001,0.0,
940,4i,150.0,25,1.5966,19,143.67,False,7,0.0,57.57,165.67,scenario_north_heavy,val,development,0.05,0.0,0.21870000000000012,0.9577999999999999,0.0,0.0,3.0,1.0,False,50,166.66666666666669,957.9600000000002,0.0,
945,4i,150.0,26,1.472,18,143.67,False,9,5.7366,54.36,385.24,scenario_north_heavy,val,development,0.05,0.0,0.5159,0.9577999999999999,2.0,219.57000000000002,3.0,6.0,False,55,173.33333333333334,918.528,0.0,
950,4i,150.0,26,0.9657,18,143.67,False,9,4.939,44.25,264.87,scenario_north_heavy,val,development,0.05,0.0,0.2994,0.9577999999999999,2.0,99.20000000000002,4.0,4.0,True,,173.33333333333334,602.5968,0.0,
955,4i,150.0,27,1.4435,19,143.67,False,9,3.4026,42.73,215.73,scenario_north_heavy,val,development,0.05,0.0,-0.0734999999999999,0.9577999999999999,2.0,50.06,4.0,9.0,True,,180.0,935.388,0.0,
960,4i,150.0,28,1.4499,20,143.42,False,9,1.8654,42.72,213.72,scenario_north_heavy,val,development,0.05,-0.25,0.3535999999999999,0.9561333333333333,2.0,48.05000000000001,4.0,14.0,True,,186.66666666666669,974.3328000000001,-0.008333333333333333,
965,4i,150.0,29,0.9266,21,149.01,True,9,0.5057,9.34,213.72,scenario_north_heavy,val,development,0.05,5.340000000000003,0.14179999999999993,0.9934,2.0,48.05000000000001,4.0,19.0,True,,193.33333333333334,644.9136000000001,,
970,4i,150.0,30,1.0913,23,99.99,False,9,0.4187,9.0,213.72,scenario_north_heavy,val,development,0.05,-43.67999999999999,-0.5053000000000001,0.6666,2.0,48.05000000000001,4.0,24.0,True,,200.0,785.736,-1.4559999999999997,
975,4i,150.0,31,0.4532,28,129.39,False,9,0.357,9.0,213.46,scenario_north_heavy,val,development,0.05,-14.280000000000001,-1.0188,0.8625999999999999,0.0,-171.78,5.0,4.0,False,5,206.66666666666669,337.18080000000003,-0.47600000000000003,
980,4i,150.0,33,0.3717,32,147.15,True,9,0.1466,9.0,211.06,scenario_north_heavy,val,development,0.05,3.480000000000018,-0.5940000000000001,0.981,0.0,-53.81,6.0,2.0,True,,220.0,294.3864,,
985,4i,150.0,34,0.8967,32,146.83,True,9,0.2174,9.0,205.83,scenario_north_heavy,val,development,0.05,3.160000000000025,-0.5468,0.9788666666666668,0.0,-9.899999999999977,7.0,1.0,False,5,226.66666666666669,731.7072000000001,,0.0
990,4i,150.0,35,1.0273,32,146.82,True,9,0.0775,9.0,201.13,scenario_north_heavy,val,development,0.05,3.4000000000000057,-0.42259999999999986,0.9788,0.0,-12.590000000000003,7.0,6.0,False,10,233.33333333333334,862.9320000000001,,0.0
995,4i,150.0,30,0.6579,25,146.82,True,9,0.476,1.45,199.05,scenario_north_heavy,val,development,0.05,-2.1899999999999977,-0.26869999999999994,0.9788,0.0,-14.669999999999987,0.0,4.0,False,15,200.0,473.68800000000005,,0.0
1000,4i,150.0,26,0.2379,25,146.82,True,8,0.0009,42.72,198.87,scenario_north_heavy,val,development,0.05,46.83,-0.8533999999999999,0.9788,-1.0,-14.849999999999994,0.0,9.0,False,20,173.33333333333334,148.4496,,0.0
1005,4i,150.0,27,1.3491,25,146.82,True,8,0.0,42.72,198.87,scenario_north_heavy,val,development,0.05,17.430000000000007,0.8958999999999999,0.9788,-1.0,-14.590000000000003,0.0,14.0,False,25,180.0,874.2168,,0.0
1010,4i,150.0,27,1.0956,25,146.82,True,8,0.0,42.72,198.87,scenario_north_heavy,val,development,0.05,-0.3300000000000125,0.7239,0.9788,-1.0,-12.189999999999998,0.0,19.0,False,30,180.0,709.9487999999999,,0.0
1015,4i,150.0,26,1.0215,25,146.82,True,8,0.0,42.72,198.87,scenario_north_heavy,val,development,0.05,-0.010000000000019327,0.12480000000000002,0.9788,-1.0,-6.960000000000008,0.0,24.0,False,35,173.33333333333334,637.4160000000002,,0.0
1020,4i,150.0,27,1.1716,25,146.82,True,9,2.7069,42.72,408.05,scenario_north_heavy,val,development,0.05,0.0,0.14429999999999987,0.9788,0.0,206.92000000000002,1.0,4.0,False,40,180.0,759.1968,,0.0
1025,4i,150.0,26,0.788,22,146.82,True,9,2.2977,42.72,292.24,scenario_north_heavy,val,development,0.05,0.0,0.1301,0.9788,0.0,93.19,2.0,2.0,False,45,173.33333333333334,491.71200000000005,,0.0
1030,4i,150.0,24,0.694,20,146.82,True,9,0.9006,41.19,230.85,scenario_north_heavy,val,development,0.05,0.0,0.45609999999999995,0.9788,1.0,31.97999999999999,3.0,1.0,False,50,160.0,399.74399999999997,,0.0
1035,4i,150.0,26,2.0798,19,146.82,True,9,1.0097,20.95,224.91,scenario_north_heavy,val,development,0.05,0.0,0.7307000000000001,0.9788,1.0,26.039999999999992,3.0,6.0,False,55,173.33333333333334,1297.7952,,0.0
1040,4i,150.0,26,1.6649,17,146.82,True,9,0.4782,16.02,224.87,scenario_north_heavy,val,development,0.05,0.0,0.5693000000000001,0.9788,1.0,26.0,4.0,4.0,True,,173.33333333333334,1038.8976,,
1045,4i,150.0,26,0.9697,16,146.82,True,9,0.4705,16.0,224.87,scenario_north_heavy,val,development,0.05,0.0,-0.05180000000000007,0.9788,1.0,26.0,4.0,9.0,True,,173.33333333333334,605.0928,,
1050,4i,150.0,28,1.8251,16,146.35,True,9,0.3089,16.0,224.87,scenario_north_heavy,val,development,0.05,-0.46999999999999886,0.6535,0.9756666666666667,0.0,-183.18,4.0,14.0,True,,186.66666666666669,1226.4672,,
1055,4i,150.0,29,1.3494,17,55.06,False,9,0.8096,16.0,224.87,scenario_north_heavy,val,development,0.05,-91.75999999999999,0.5613999999999999,0.3670666666666667,0.0,-67.37,4.0,19.0,True,,193.33333333333334,939.1823999999999,-3.0586666666666664,
1060,4i,150.0,30,0.4417,22,84.34,False,9,0.5433,16.0,224.87,scenario_north_heavy,val,development,0.05,-62.47999999999999,-0.25229999999999997,0.5622666666666667,0.0,-5.97999999999999,4.0,24.0,True,,200.0,318.024,-2.0826666666666664,
1065,4i,150.0,33,1.32,26,109.56,False,9,0.4981,16.0,224.71,scenario_north_heavy,val,development,0.05,-37.25999999999999,-0.7598,0.7304,0.0,-0.19999999999998863,5.0,4.0,False,5,220.0,1045.44,-1.2419999999999998,
1070,4i,150.0,33,0.7578,29,124.52,False,9,0.1888,16.0,223.44,scenario_north_heavy,val,development,0.05,-22.299999999999997,-0.9071,0.8301333333333333,0.0,-1.4300000000000068,6.0,2.0,True,,220.0,600.1776000000001,-0.7433333333333333,
1075,4i,150.0,34,0.0427,33,149.51,True,9,0.3334,16.0,218.03,scenario_north_heavy,val,development,0.05,2.6899999999999977,-0.927,0.9967333333333332,0.0,-6.840000000000003,7.0,1.0,False,5,226.66666666666669,34.84320000000001,,0.0
1080,4i,150.0,36,0.8439,34,149.15,True,9,0.2578,16.0,210.94,scenario_north_heavy,val,development,0.05,2.8000000000000114,-0.9812,0.9943333333333334,0.0,-13.930000000000007,7.0,6.0,False,10,240.0,729.1296,,0.0
1085,4i,150.0,32,1.1732,26,149.15,True,9,0.1177,16.0,202.76,scenario_north_heavy,val,development,0.05,94.09,-0.1761999999999999,0.9943333333333334,0.0,-22.110000000000014,0.0,4.0,False,15,213.33333333333334,901.0176000000001,,0.0
1090,4i,150.0,27,0.2633,26,149.15,True,9,0.0299,16.0,198.44,scenario_north_heavy,val,development,0.05,64.81,-0.1784,0.9943333333333334,0.0,-26.430000000000007,0.0,9.0,False,20,180.0,170.61839999999998,,0.0
1095,4i,150.0,27,0.582,26,149.15,True,9,0.0007,16.0,198.17,scenario_north_heavy,val,development,0.05,39.59,-0.7380000000000001,0.9943333333333334,0.0,-26.54000000000002,0.0,14.0,False,25,180.0,377.13599999999997,,0.0
1100,4i,150.0,28,1.2045,26,149.15,True,9,0.0,16.0,198.16,scenario_north_heavy,val,development,0.05,24.63000000000001,0.4466999999999999,0.9943333333333334,0.0,-25.28,0.0,19.0,False,30,186.66666666666669,809.4240000000001,,0.0
1105,4i,150.0,27,0.3383,26,149.15,True,9,0.0,16.0,198.16,scenario_north_heavy,val,development,0.05,-0.3599999999999852,0.2956,0.9943333333333334,0.0,-19.870000000000005,0.0,24.0,False,35,180.0,219.2184,,0.0
1110,4i,150.0,28,1.1893,26,149.15,True,9,0.0,16.0,198.16,scenario_north_heavy,val,development,0.05,0.0,0.34540000000000004,0.9943333333333334,0.0,-12.780000000000001,1.0,4.0,False,40,186.66666666666669,799.2096000000001,,0.0
1115,4i,150.0,26,0.9699,23,149.15,True,9,0.0,16.0,198.16,scenario_north_heavy,val,development,0.05,0.0,-0.20330000000000004,0.9943333333333334,0.0,-4.599999999999994,2.0,2.0,False,45,173.33333333333334,605.2176000000001,,0.0
1120,4i,150.0,25,0.5291,21,149.15,True,9,0.9132,1.6,198.16,scenario_north_heavy,val,development,0.05,0.0,0.26580000000000004,0.9943333333333334,0.0,-0.28000000000000114,3.0,1.0,False,50,166.66666666666669,317.46000000000004,,0.0
1125,4i,150.0,27,1.6619,19,149.15,True,9,0.3158,1.0,198.16,scenario_north_heavy,val,development,0.05,0.0,1.0798999999999999,0.9943333333333334,0.0,-0.009999999999990905,3.0,6.0,False,55,180.0,1076.9112,,0.0
1130,4i,150.0,27,1.3889,20,149.15,True,9,0.2695,1.0,198.16,scenario_north_heavy,val,development,0.05,0.0,0.18440000000000012,0.9943333333333334,0.0,0.0,4.0,4.0,True,,180.0,900.0072,,
1135,4i,150.0,27,0.6304,19,149.15,True,9,0.273,1.0,198.16,scenario_north_heavy,val,development,0.05,0.0,0.29209999999999997,0.9943333333333334,0.0,0.0,4.0,9.0,True,,180.0,408.4992,,
1140,4i,150.0,29,1.5169,21,149.09,True,9,0.3664,1.0,198.16,scenario_north_heavy,val,development,0.05,-0.060000000000002274,0.3275999999999999,0.9939333333333333,0.0,0.0,4.0,14.0,True,,193.33333333333334,1055.7624,,
1145,4i,150.0,29,0.923,21,146.72,True,9,0.4189,1.0,198.16,scenario_north_heavy,val,development,0.05,-2.430000000000007,-0.04689999999999994,0.9781333333333333,0.0,0.0,4.0,19.0,True,,193.33333333333334,642.4080000000001,,
1150,4i,150.0,30,0.2222,25,105.53,False,9,0.1756,1.0,198.15,scenario_north_heavy,val,development,0.05,-43.620000000000005,-0.3069,0.7035333333333333,0.0,-0.009999999999990905,4.0,24.0,True,,200.0,159.984,-1.4540000000000002,
1155,4i,150.0,33,1.1784,28,120.47,False,9,0.2504,1.0,197.56,scenario_north_heavy,val,development,0.05,-28.680000000000007,-0.48350000000000004,0.8031333333333334,0.0,-0.5999999999999943,5.0,4.0,False,5,220.0,933.2927999999999,-0.9560000000000002,
1160,4i,150.0,34,0.4935,32,149.72,True,9,0.2038,1.0,194.1,scenario_north_heavy,val,development,0.05,0.5699999999999932,-0.8954,0.9981333333333333,0.0,-4.060000000000002,6.0,2.0,True,,226.66666666666669,402.696,,
1165,4i,150.0,34,0.0036,34,149.19,True,9,0.1619,1.0,187.68,scenario_north_heavy,val,development,0.05,0.03999999999999204,-0.6267999999999999,0.9946,0.0,-10.47999999999999,7.0,1.0,False,5,226.66666666666669,2.9376,,0.0
1170,4i,150.0,36,0.8905,34,149.15,True,9,0.0524,1.0,183.67,scenario_north_heavy,val,development,0.05,0.060000000000002274,-0.6264,0.9943333333333334,0.0,-14.490000000000009,7.0,6.0,False,10,240.0,769.392,,0.0
1175,4i,150.0,32,1.0549,26,149.15,True,9,0.0071,1.0,183.19,scenario_north_heavy,val,development,0.05,2.430000000000007,0.1318999999999999,0.9943333333333334,0.0,-14.969999999999999,0.0,4.0,False,15,213.33333333333334,810.1632,,0.0
1180,4i,150.0,27,0.2712,26,149.15,True,9,0.0001,1.0,183.16,scenario_north_heavy,val,development,0.05,43.620000000000005,0.04899999999999999,0.9943333333333334,0.0,-14.990000000000009,0.0,9.0,False,20,180.0,175.7376,,0.0
1185,4i,150.0,28,1.2118,26,149.15,True,9,0.0,1.0,183.15,scenario_north_heavy,val,development,0.05,28.680000000000007,0.033400000000000096,0.9943333333333334,0.0,-14.409999999999997,0.0,14.0,False,25,186.66666666666669,814.3296,,0.0
1190,4i,150.0,27,0.5184,26,149.15,True,9,0.0,1.0,183.15,scenario_north_heavy,val,development,0.05,-0.5699999999999932,0.024899999999999978,0.9943333333333334,0.0,-10.949999999999989,0.0,19.0,False,30,180.0,335.9232,,0.0
1195,4i,150.0,27,0.6933,26,149.15,True,9,0.0,1.0,183.15,scenario_north_heavy,val,development,0.05,-0.03999999999999204,0.6897,0.9943333333333334,0.0,-4.530000000000001,0.0,24.0,False,35,180.0,449.2584,,0.0
1200,4i,150.0,28,1.2032,26,149.15,True,9,0.0,1.0,183.15,scenario_north_heavy,val,development,0.05,0.0,0.3127000000000001,0.9943333333333334,0.0,-0.5199999999999818,1.0,4.0,False,40,186.66666666666669,808.5504000000001,,0.0
1205,4i,150.0,26,0.7164,23,149.15,True,7,0.0,28.01,183.15,scenario_north_heavy,val,development,0.05,0.0,-0.3384999999999999,0.9943333333333334,-2.0,-0.03999999999999204,2.0,2.0,False,45,173.33333333333334,447.03360000000004,,0.0
1210,4i,150.0,26,1.0104,21,149.15,True,7,0.2222,25.76,183.15,scenario_north_heavy,val,development,0.05,0.0,0.7392,0.9943333333333334,-2.0,-0.009999999999990905,3.0,1.0,False,50,173.33333333333334,630.4896,,0.0
1215,4i,150.0,27,1.7109,20,149.15,True,7,0.2018,16.57,183.15,scenario_north_heavy,val,development,0.05,0.0,0.4991000000000001,0.9943333333333334,-2.0,0.0,3.0,6.0,False,55,180.0,1108.6632000000002,,0.0
1220,4i,150.0,27,0.8997,19,149.15,True,7,0.1509,16.0,183.15,scenario_north_heavy,val,development,0.05,0.0,0.3813000000000001,0.9943333333333334,-2.0,0.0,4.0,4.0,True,,180.0,583.0056000000001,,
1225,4i,150.0,28,0.8324,23,149.15,True,7,0.3358,16.0,183.15,scenario_north_heavy,val,development,0.05,0.0,0.1391,0.9943333333333334,-2.0,0.0,4.0,9.0,True,,186.66666666666669,559.3728000000001,,
1230,4i,150.0,29,1.5072,19,149.05,True,7,0.5039,16.0,183.15,scenario_north_heavy,val,development,0.05,-0.09999999999999432,0.30400000000000005,0.9936666666666667,-2.0,0.0,4.0,14.0,True,,193.33333333333334,1049.0112000000001,,
1235,4i,150.0,29,0.687,22,146.64,True,7,0.1173,16.0,183.15,scenario_north_heavy,val,development,0.05,-2.5100000000000193,-0.02939999999999998,0.9775999999999999,0.0,0.0,4.0,19.0,True,,193.33333333333334,478.1520000000001,,
1240,4i,150.0,31,0.6679,28,147.33,True,7,0.1219,16.0,182.77,scenario_north_heavy,val,development,0.05,-1.8199999999999932,-0.3424999999999999,0.9822000000000001,0.0,-0.37999999999999545,4.0,24.0,True,,206.66666666666669,496.91760000000005,,
1245,4i,150.0,33,1.0808,30,142.08,False,7,0.2861,16.0,179.92,scenario_north_heavy,val,development,0.05,-7.069999999999993,-0.6301000000000001,0.9472,0.0,-3.230000000000018,5.0,4.0,False,5,220.0,855.9936,-0.23566666666666644,
1250,4i,150.0,34,0.3208,32,149.48,True,7,0.118,16.0,174.81,scenario_north_heavy,val,development,0.05,0.3299999999999841,-0.5789000000000001,0.9965333333333333,0.0,-8.340000000000003,6.0,2.0,True,,226.66666666666669,261.7728,,
1255,4i,150.0,35,0.526,34,149.16,True,8,2.9667,16.0,409.78,scenario_north_heavy,val,development,0.05,0.009999999999990905,-0.3064,0.9944,1.0,226.62999999999997,7.0,1.0,False,5,233.33333333333334,441.84000000000003,,0.0
1260,4i,150.0,35,0.4218,34,149.15,True,8,1.8447,16.0,309.35,scenario_north_heavy,val,development,0.05,0.09999999999999432,-1.0854000000000001,0.9943333333333334,1.0,126.20000000000002,7.0,6.0,False,10,233.33333333333334,354.312,,0.0
1265,4i,150.0,32,1.0872,26,149.15,True,8,2.1308,16.0,229.36,scenario_north_heavy,val,development,0.05,2.5100000000000193,0.4001999999999999,0.9943333333333334,1.0,46.21000000000001,0.0,4.0,False,15,213.33333333333334,834.9696,,0.0
1270,4i,150.0,27,0.4027,26,149.15,True,8,1.7857,16.0,171.15,scenario_north_heavy,val,development,0.05,1.8199999999999932,-0.26520000000000005,0.9943333333333334,1.0,-11.620000000000005,0.0,9.0,False,20,180.0,260.94960000000003,,0.0
1275,4i,150.0,28,1.2197,26,149.15,True,10,6.9992,16.0,457.23,scenario_north_heavy,val,development,0.05,7.069999999999993,0.13890000000000002,0.9943333333333334,3.0,277.31000000000006,0.0,14.0,False,25,186.66666666666669,819.6384000000002,,0.0
1280,4i,150.0,27,0.5433,26,149.15,True,9,5.2472,16.0,337.0,scenario_north_heavy,val,development,0.05,-0.3299999999999841,0.22250000000000003,0.9943333333333334,2.0,162.19,0.0,19.0,False,30,180.0,352.0584,,0.0
1285,4i,150.0,27,0.5239,26,149.15,True,9,3.4465,16.0,278.98,scenario_north_heavy,val,development,0.05,-0.009999999999990905,-0.0020999999999999908,0.9943333333333334,1.0,-130.79999999999995,0.0,24.0,False,35,180.0,339.48720000000003,,0.0
1290,4i,150.0,28,1.2416,26,149.15,True,9,2.1082,16.0,273.22,scenario_north_heavy,val,development,0.05,0.0,0.8198000000000001,0.9943333333333334,1.0,-36.129999999999995,1.0,4.0,False,40,186.66666666666669,834.3552000000001,,0.0
1295,4i,150.0,27,0.5562,23,149.15,True,9,1.0179,12.71,273.21,scenario_north_heavy,val,development,0.05,0.0,-0.5309999999999999,0.9943333333333334,1.0,43.849999999999966,2.0,2.0,False,45,180.0,360.4176,,0.0
1300,4i,150.0,26,1.0205,21,149.15,True,9,0.3501,1.01,273.21,scenario_north_heavy,val,development,0.05,0.0,0.6177999999999999,0.9943333333333334,1.0,102.05999999999997,3.0,1.0,False,50,173.33333333333334,636.792,,0.0
1305,4i,150.0,27,1.7147,20,149.15,True,9,0.3288,1.0,273.21,scenario_north_heavy,val,development,0.05,0.0,0.4949999999999999,0.9943333333333334,-1.0,-184.02000000000004,3.0,6.0,False,55,180.0,1111.1255999999998,,0.0
1310,4i,150.0,27,0.8299,20,149.15,True,9,0.3576,1.0,273.21,scenario_north_heavy,val,development,0.05,0.0,0.28659999999999997,0.9943333333333334,0.0,-63.79000000000002,4.0,4.0,True,,180.0,537.7751999999999,,
1315,4i,150.0,28,0.9202,19,149.15,True,9,0.5383,1.0,273.21,scenario_north_heavy,val,development,0.05,0.0,0.3963,0.9943333333333334,0.0,-5.770000000000039,4.0,9.0,True,,186.66666666666669,618.3744,,
1320,4i,150.0,29,1.6688,20,149.1,True,9,0.2479,1.0,273.21,scenario_north_heavy,val,development,0.05,-0.05000000000001137,0.4272,0.994,0.0,-0.010000000000047748,4.0,14.0,True,,193.33333333333334,1161.4848000000002,,
1325,4i,150.0,29,0.8612,23,146.79,True,9,0.127,1.0,273.21,scenario_north_heavy,val,development,0.05,-2.3600000000000136,0.30499999999999994,0.9785999999999999,0.0,0.0,4.0,19.0,True,,193.33333333333334,599.3952,,
1330,4i,150.0,31,0.7441,24,124.02,False,9,0.2421,1.0,273.21,scenario_north_heavy,val,development,0.05,-25.13000000000001,-0.2764,0.8268,0.0,0.0,4.0,24.0,True,,206.66666666666669,553.6104,-0.837666666666667,
1335,4i,150.0,33,1.2446,28,130.7,False,9,0.1444,1.0,273.21,scenario_north_heavy,val,development,0.05,-18.450000000000017,-0.47009999999999996,0.8713333333333333,0.0,0.0,5.0,4.0,False,5,220.0,985.7231999999999,-0.6150000000000005,
1340,4i,150.0,34,0.3725,32,149.94,True,9,0.2607,1.0,269.67,scenario_north_heavy,val,development,0.05,0.789999999999992,-0.4574,0.9995999999999999,0.0,-3.5399999999999636,6.0,2.0,True,,226.66666666666669,303.96000000000004,,
1345,4i,150.0,36,1.0098,33,149.17,True,9,0.0359,1.0,264.97,scenario_north_heavy,val,development,0.05,0.01999999999998181,0.08960000000000001,0.9944666666666666,0.0,-8.239999999999952,7.0,1.0,False,5,240.0,872.4672,,0.0
1350,4i,150.0,38,1.5358,34,149.15,True,9,0.0566,1.0,262.96,scenario_north_heavy,val,development,0.05,0.05000000000001137,-0.133,0.9943333333333334,0.0,-10.25,7.0,6.0,False,10,253.33333333333334,1400.6496,,0.0
1355,4i,150.0,33,0.8893,26,149.15,True,8,0.1899,1.0,258.3,scenario_north_heavy,val,development,0.05,2.3600000000000136,0.028100000000000014,0.9943333333333334,-1.0,-14.909999999999968,0.0,4.0,False,15,220.0,704.3256,,0.0
1360,4i,150.0,31,1.0428,26,149.15,True,8,0.1261,1.0,251.92,scenario_north_heavy,val,development,0.05,25.13000000000001,0.29869999999999997,0.9943333333333334,-1.0,-21.289999999999992,0.0,9.0,False,20,206.66666666666669,775.8432000000001,,0.0
1365,4i,150.0,30,0.5595,28,149.15,True,8,0.0286,1.0,250.51,scenario_north_heavy,val,development,0.05,18.450000000000017,-0.6850999999999999,0.9943333333333334,-1.0,-22.69999999999999,0.0,14.0,False,25,200.0,402.84000000000003,,0.0
1370,4i,150.0,31,0.6349,29,149.15,True,8,0.0022,1.0,250.23,scenario_north_heavy,val,development,0.05,-0.789999999999992,0.2624,0.9943333333333334,-1.0,-19.440000000000026,0.0,19.0,False,30,206.66666666666669,472.3656000000001,,0.0
1375,4i,150.0,32,0.8832,30,149.15,True,8,0.0001,1.0,250.2,scenario_north_heavy,val,development,0.05,-0.01999999999998181,-0.12660000000000005,0.9943333333333334,-1.0,-14.770000000000039,0.0,24.0,False,35,213.33333333333334,678.2976000000001,,0.0
1380,4i,150.0,33,0.9123,30,149.15,True,8,0.0,1.0,250.2,scenario_north_heavy,val,development,0.05,0.0,-0.6235,0.9943333333333334,-1.0,-12.759999999999991,1.0,4.0,False,40,220.0,722.5416,,0.0
1385,4i,150.0,31,0.532,27,149.15,True,7,0.0,31.05,250.2,scenario_north_heavy,val,development,0.05,0.0,-0.35729999999999995,0.9943333333333334,-1.0,-8.100000000000023,2.0,2.0,False,45,206.66666666666669,395.8080000000001,,0.0
1390,4i,150.0,31,0.8559,26,149.15,True,7,0.0777,29.09,250.2,scenario_north_heavy,val,development,0.05,0.0,-0.18689999999999996,0.9943333333333334,-1.0,-1.7199999999999989,3.0,1.0,False,50,206.66666666666669,636.7896000000001,,0.0
1395,4i,150.0,32,1.1181,29,149.15,True,7,0.1315,27.17,250.2,scenario_north_heavy,val,development,0.05,0.0,0.5586000000000001,0.9943333333333334,-1.0,-0.3100000000000023,3.0,6.0,False,55,213.33333333333334,858.7008000000002,,0.0
1400,4i,150.0,32,0.4578,31,149.15,True,7,0.1063,27.05,250.2,scenario_north_heavy,val,development,0.05,0.0,-0.17710000000000004,0.9943333333333334,-1.0,-0.030000000000001137,4.0,4.0,True,,213.33333333333334,351.5904,,
1405,4i,150.0,33,0.5875,31,149.15,True,7,0.0879,27.05,250.2,scenario_north_heavy,val,development,0.05,0.0,-0.29569999999999996,0.9943333333333334,-1.0,0.0,4.0,9.0,True,,220.0,465.30000000000007,,
1410,4i,150.0,34,0.9645,32,149.1,True,7,0.0618,27.05,250.2,scenario_north_heavy,val,development,0.05,-0.05000000000001137,0.052200000000000024,0.994,-1.0,0.0,4.0,14.0,True,,226.66666666666669,787.032,,
1415,4i,150.0,34,0.305,33,147.97,True,7,0.0673,27.05,250.2,scenario_north_heavy,val,development,0.05,-1.1800000000000068,-0.22700000000000004,0.9864666666666667,0.0,0.0,4.0,19.0,True,,226.66666666666669,248.88000000000005,,
1420,4i,150.0,35,0.462,34,146.08,True,7,0.0789,27.05,250.2,scenario_north_heavy,val,development,0.05,-3.069999999999993,-0.3939,0.9738666666666668,0.0,0.0,4.0,24.0,True,,233.33333333333334,388.08000000000004,,
1425,4i,150.0,36,0.7785,34,145.26,True,7,0.0249,27.05,250.2,scenario_north_heavy,val,development,0.05,-3.890000000000015,-0.3396000000000001,0.9683999999999999,0.0,0.0,5.0,4.0,False,5,240.0,672.624,,0.0
1430,4i,150.0,36,0.2762,35,145.15,True,8,1.6084,27.05,417.4,scenario_north_heavy,val,development,0.05,-4.0,-0.18159999999999998,0.9676666666666667,1.0,167.2,6.0,2.0,True,,240.0,238.6368,,
1435,4i,150.0,37,0.4344,35,145.15,True,8,1.0968,27.05,366.75,scenario_north_heavy,val,development,0.05,-4.0,-0.1531,0.9676666666666667,1.0,116.55000000000001,7.0,1.0,False,5,246.66666666666669,385.7472000000001,,0.0
1440,4i,150.0,37,0.0816,36,145.15,True,8,0.5207,27.05,338.49,scenario_north_heavy,val,development,0.05,-3.9499999999999886,-0.8829,0.9676666666666667,1.0,88.29000000000002,7.0,6.0,False,10,246.66666666666669,72.4608,,0.0
1445,4i,150.0,35,0.8122,30,145.15,True,8,0.0249,27.05,331.83,scenario_north_heavy,val,development,0.05,-2.819999999999993,0.5072000000000001,0.9676666666666667,1.0,81.63,0.0,4.0,False,15,233.33333333333334,682.248,,0.0
1450,4i,150.0,32,1.7075,25,145.15,True,8,0.0378,27.05,330.52,scenario_north_heavy,val,development,0.05,-0.9300000000000068,1.2455,0.9676666666666667,1.0,80.32,0.0,9.0,False,20,213.33333333333334,1311.3600000000001,,0.0
1455,4i,150.0,28,1.6431,25,145.15,True,8,0.0138,27.05,329.19,scenario_north_heavy,val,development,0.05,-0.10999999999998522,0.8646,0.9676666666666667,1.0,78.99000000000001,0.0,14.0,False,25,186.66666666666669,1104.1632000000002,,0.0
1460,4i,150.0,26,0.6583,25,145.15,True,8,0.0233,27.05,328.3,scenario_north_heavy,val,development,0.05,0.0,0.3821,0.9676666666666667,0.0,-89.09999999999997,0.0,19.0,False,30,173.33333333333334,410.77920000000006,,0.0
1465,4i,150.0,26,0.7052,25,145.15,True,8,0.0028,27.05,328.08,scenario_north_heavy,val,development,0.05,0.0,0.27080000000000004,0.9676666666666667,0.0,-38.670000000000016,0.0,24.0,False,35,173.33333333333334,440.04480000000007,,0.0
1470,4i,150.0,27,1.2871,25,145.15,True,8,0.0002,27.05,328.04,scenario_north_heavy,val,development,0.05,0.0,1.2054999999999998,0.9676666666666667,0.0,-10.449999999999989,1.0,4.0,False,40,180.0,834.0408,,0.0
1475,4i,150.0,25,0.5492,23,145.15,True,8,0.0,27.05,328.04,scenario_north_heavy,val,development,0.05,0.0,-0.263,0.9676666666666667,0.0,-3.7899999999999636,2.0,2.0,False,45,166.66666666666669,329.5200000000001,,0.0
1480,4i,150.0,25,0.8177,20,145.15,True,8,0.2247,20.91,328.04,scenario_north_heavy,val,development,0.05,0.0,-0.8898,0.9676666666666667,0.0,-2.4799999999999613,3.0,1.0,False,50,166.66666666666669,490.62000000000006,,0.0
1485,4i,150.0,26,1.4385,18,145.15,True,8,0.3018,15.04,328.04,scenario_north_heavy,val,development,0.05,0.0,-0.20460000000000012,0.9676666666666667,0.0,-1.1499999999999773,3.0,6.0,False,55,173.33333333333334,897.6239999999999,,0.0
1490,4i,150.0,26,1.0859,18,145.15,True,8,0.5463,15.04,328.04,scenario_north_heavy,val,development,0.05,0.0,0.4276000000000001,0.9676666666666667,0.0,-0.2599999999999909,4.0,4.0,True,,173.33333333333334,677.6016000000001,,
1495,4i,150.0,27,0.9722,19,145.15,True,8,0.0834,15.04,328.04,scenario_north_heavy,val,development,0.05,0.0,0.2669999999999999,0.9676666666666667,0.0,-0.03999999999996362,4.0,9.0,True,,180.0,629.9856,,
1500,4i,150.0,27,0.6208,19,144.99,False,8,0.1308,15.04,328.04,scenario_north_heavy,val,development,0.05,-0.1599999999999966,-0.6662999999999999,0.9666,0.0,0.0,4.0,14.0,True,,180.0,402.2784,-0.0053333333333332195,
1505,4i,150.0,29,0.7937,21,106.7,False,8,0.2555,15.04,328.04,scenario_north_heavy,val,development,0.05,-38.45,0.24449999999999994,0.7113333333333334,0.0,0.0,4.0,19.0,True,,193.33333333333334,552.4152,-1.2816666666666667,
1510,4i,150.0,30,0.7217,24,118.53,False,8,0.0955,15.04,328.04,scenario_north_heavy,val,development,0.05,-26.620000000000005,-0.09599999999999997,0.7902,0.0,0.0,4.0,24.0,True,,200.0,519.624,-0.8873333333333335,
1515,4i,150.0,31,0.225,30,148.26,True,8,0.0547,15.04,328.04,scenario_north_heavy,val,development,0.05,3.109999999999985,-1.2134999999999998,0.9884,0.0,0.0,5.0,4.0,False,5,206.66666666666669,167.40000000000003,,0.0
1520,4i,150.0,32,0.5049,31,147.22,True,9,2.1217,15.04,390.77,scenario_north_heavy,val,development,0.05,2.069999999999993,-0.5810000000000001,0.9814666666666667,1.0,62.72999999999996,6.0,2.0,True,,213.33333333333334,387.76320000000004,,
1525,4i,150.0,33,0.5774,31,147.15,True,9,1.9433,15.04,328.04,scenario_north_heavy,val,development,0.05,2.0,-0.39479999999999993,0.981,1.0,0.0,7.0,1.0,False,5,220.0,457.3008,,0.0
1530,4i,150.0,33,0.215,32,147.14,True,9,2.1347,15.04,328.01,scenario_north_heavy,val,development,0.05,2.1499999999999773,-0.40580000000000005,0.9809333333333332,1.0,-0.03000000000002956,7.0,6.0,False,10,220.0,170.28,,0.0
1535,4i,150.0,29,0.7405,24,147.14,True,9,1.8041,15.04,327.43,scenario_north_heavy,val,development,0.05,40.43999999999998,-0.053199999999999914,0.9809333333333332,1.0,-0.6100000000000136,0.0,4.0,False,15,193.33333333333334,515.3880000000001,,0.0
1540,4i,150.0,28,1.3782,24,147.14,True,9,1.5478,15.04,324.81,scenario_north_heavy,val,development,0.05,28.609999999999985,0.6565000000000001,0.9809333333333332,1.0,-3.230000000000018,0.0,9.0,False,20,186.66666666666669,926.1504000000001,,0.0
1545,4i,150.0,26,0.7236,24,147.14,True,9,1.154,9.62,320.74,scenario_north_heavy,val,development,0.05,-1.1200000000000045,0.49860000000000004,0.9809333333333332,1.0,-7.300000000000011,0.0,14.0,False,25,173.33333333333334,451.5264000000001,,0.0
1550,4i,150.0,24,0.0,24,147.14,True,8,0.037,15.04,317.07,scenario_north_heavy,val,development,0.05,-0.0800000000000125,-0.5049,0.9809333333333332,-1.0,-73.69999999999999,0.0,19.0,False,30,160.0,0.0,,0.0
1555,4i,150.0,26,1.4307,24,147.14,True,8,0.0245,15.04,316.2,scenario_north_heavy,val,development,0.05,-0.010000000000019327,0.8533000000000001,0.9809333333333332,-1.0,-11.840000000000032,0.0,24.0,False,35,173.33333333333334,892.7568000000001,,0.0
1560,4i,150.0,25,0.273,24,147.14,True,8,0.0006,15.04,316.05,scenario_north_heavy,val,development,0.05,0.0,0.058000000000000024,0.9809333333333332,-1.0,-11.95999999999998,1.0,4.0,False,40,166.66666666666669,163.80000000000004,,0.0
1565,4i,150.0,25,0.7135,23,147.14,True,8,0.2382,12.57,316.04,scenario_north_heavy,val,development,0.05,0.0,-0.027000000000000024,0.9809333333333332,-1.0,-11.389999999999986,2.0,2.0,False,45,166.66666666666669,428.1,,0.0
1570,4i,150.0,26,1.6654,18,147.14,True,8,0.2041,1.23,316.04,scenario_north_heavy,val,development,0.05,0.0,0.2871999999999999,0.9809333333333332,-1.0,-8.769999999999982,3.0,1.0,False,50,173.33333333333334,1039.2096000000001,,0.0
1575,4i,150.0,26,0.9142,19,147.14,True,8,0.4666,1.0,316.04,scenario_north_heavy,val,development,0.05,0.0,0.1906,0.9809333333333332,-1.0,-4.699999999999989,3.0,6.0,False,55,173.33333333333334,570.4608000000001,,0.0
1580,4i,150.0,27,1.0354,19,147.14,True,8,0.2481,1.0,316.04,scenario_north_heavy,val,development,0.05,0.0,1.0354,0.9809333333333332,0.0,-1.0299999999999727,4.0,4.0,True,,180.0,670.9392000000001,,
1585,4i,150.0,28,1.3167,20,147.14,True,8,0.0713,1.0,316.04,scenario_north_heavy,val,development,0.05,0.0,-0.1140000000000001,0.9809333333333332,0.0,-0.15999999999996817,4.0,9.0,True,,186.66666666666669,884.8224000000001,,
1590,4i,150.0,28,0.8544,21,146.65,True,8,0.228,1.0,316.04,scenario_north_heavy,val,development,0.05,-0.4899999999999807,0.5814,0.9776666666666667,0.0,-0.009999999999990905,4.0,14.0,True,,186.66666666666669,574.1568000000001,,
1595,4i,150.0,29,0.764,22,116.75,False,8,0.2963,1.0,316.04,scenario_north_heavy,val,development,0.05,-30.389999999999986,0.05049999999999999,0.7783333333333333,0.0,0.0,4.0,19.0,True,,193.33333333333334,531.744,-1.0129999999999995,
1600,4i,150.0,32,1.1346,27,128.52,False,8,0.1149,1.0,316.04,scenario_north_heavy,val,development,0.05,-18.619999999999976,-0.5307999999999999,0.8568000000000001,0.0,0.0,4.0,24.0,True,,213.33333333333334,871.3728000000002,-0.6206666666666659,
1605,4i,150.0,32,0.226,29,145.36,True,8,0.0161,1.0,316.04,scenario_north_heavy,val,development,0.05,-1.7799999999999727,-0.6882,0.9690666666666667,0.0,0.0,5.0,4.0,False,5,213.33333333333334,173.568,,0.0
1610,4i,150.0,33,0.5448,32,144.15,False,9,2.1182,1.0,438.0,scenario_north_heavy,val,development,0.05,-2.9899999999999807,-0.49060000000000015,0.9610000000000001,1.0,121.95999999999998,6.0,2.0,True,,220.0,431.48159999999996,-0.09966666666666603,
1615,4i,150.0,34,0.7674,32,144.11,False,9,2.2561,1.0,344.47,scenario_north_heavy,val,development,0.05,-3.0299999999999727,-0.5493,0.9607333333333334,1.0,28.430000000000007,7.0,1.0,False,5,226.66666666666669,626.1984,-0.10099999999999909,
1620,4i,150.0,34,0.2432,32,144.11,False,9,2.0213,1.0,315.54,scenario_north_heavy,val,development,0.05,-2.539999999999992,-0.6112000000000001,0.9607333333333334,1.0,-0.5,7.0,6.0,False,10,226.66666666666669,198.4512,-0.0846666666666664,
1625,4i,150.0,31,1.0344,25,144.11,False,9,2.082,1.0,313.4,scenario_north_heavy,val,development,0.05,27.360000000000014,0.2704,0.9607333333333334,1.0,-2.640000000000043,0.0,4.0,False,15,206.66666666666669,769.5936,0.9120000000000005,
1630,4i,150.0,28,1.2541,25,144.11,False,9,1.812,1.0,308.98,scenario_north_heavy,val,development,0.05,15.590000000000003,0.11949999999999994,0.9607333333333334,1.0,-7.060000000000002,0.0,9.0,False,20,186.66666666666669,842.7552000000001,0.5196666666666668,
1635,4i,150.0,26,0.4594,25,144.11,False,9,1.4293,1.0,304.74,scenario_north_heavy,val,development,0.05,-1.25,0.23339999999999997,0.9607333333333334,1.0,-11.300000000000011,0.0,14.0,False,25,173.33333333333334,286.6656,-0.041666666666666664,
1640,4i,150.0,27,1.1728,25,144.11,False,8,0.0177,1.0,302.32,scenario_north_heavy,val,development,0.05,-0.03999999999999204,0.6280000000000001,0.9607333333333334,-1.0,-135.68,0.0,19.0,False,30,180.0,759.9744000000001,-0.001333333333333068,
1645,4i,150.0,27,1.2308,25,144.11,False,8,0.0011,1.0,302.02,scenario_north_heavy,val,development,0.05,0.0,0.4633999999999999,0.9607333333333334,-1.0,-42.450000000000045,0.0,24.0,False,35,180.0,797.5584,0.0,
1650,4i,150.0,26,0.1166,25,144.11,False,8,0.0001,1.0,302.0,scenario_north_heavy,val,development,0.05,0.0,-0.1266,0.9607333333333334,-1.0,-13.54000000000002,1.0,4.0,False,40,173.33333333333334,72.7584,0.0,
1655,4i,150.0,26,0.8515,23,144.11,False,7,0.0,37.05,302.0,scenario_north_heavy,val,development,0.05,0.0,-0.18289999999999995,0.9607333333333334,-2.0,-11.399999999999977,2.0,2.0,False,45,173.33333333333334,531.3360000000001,0.0,
1660,4i,150.0,25,1.7659,20,144.11,False,7,0.4973,32.66,302.0,scenario_north_heavy,val,development,0.05,0.0,0.5118,0.9607333333333334,-2.0,-6.980000000000018,3.0,1.0,False,50,166.66666666666669,1059.5400000000002,0.0,
1665,4i,150.0,25,0.658,18,144.11,False,7,0.7945,22.35,302.0,scenario_north_heavy,val,development,0.05,0.0,0.19860000000000005,0.9607333333333334,-2.0,-2.740000000000009,3.0,6.0,False,55,166.66666666666669,394.80000000000007,0.0,
1670,4i,150.0,27,1.5813,19,144.11,False,7,0.1152,22.04,302.0,scenario_north_heavy,val,development,0.05,0.0,0.40849999999999986,0.9607333333333334,-1.0,-0.3199999999999932,4.0,4.0,True,,180.0,1024.6824000000001,0.0,
1675,4i,150.0,27,1.3956,18,144.11,False,7,0.2036,22.04,302.0,scenario_north_heavy,val,development,0.05,0.0,0.16480000000000006,0.9607333333333334,-1.0,-0.01999999999998181,4.0,9.0,True,,180.0,904.3488,0.0,
1680,4i,150.0,27,0.5282,18,143.95,False,7,0.4247,22.04,302.0,scenario_north_heavy,val,development,0.05,-0.160000000000025,0.4116,0.9596666666666666,-1.0,0.0,4.0,14.0,True,,180.0,342.27360000000004,-0.005333333333334167,
1685,4i,150.0,30,1.5493,22,148.87,True,7,0.3609,22.04,302.0,scenario_north_heavy,val,development,0.05,4.759999999999991,0.6977999999999999,0.9924666666666667,0.0,0.0,4.0,19.0,True,,200.0,1115.4959999999999,,
1690,4i,150.0,30,0.8757,24,111.7,False,7,0.0619,22.04,302.0,scenario_north_heavy,val,development,0.05,-32.41000000000001,-0.8902,0.7446666666666667,0.0,0.0,4.0,24.0,True,,200.0,630.504,-1.0803333333333336,
1695,4i,150.0,31,0.0527,29,136.69,False,7,0.0245,22.04,302.0,scenario_north_heavy,val,development,0.05,-7.420000000000016,-0.6053000000000001,0.9112666666666667,0.0,0.0,5.0,4.0,False,5,206.66666666666669,39.208800000000004,-0.24733333333333388,
1700,4i,150.0,33,0.5461,32,147.39,True,7,0.1299,22.04,301.81,scenario_north_heavy,val,development,0.05,3.2799999999999727,-1.0352,0.9825999999999999,0.0,-0.18999999999999773,6.0,2.0,True,,220.0,432.51120000000003,,
1705,4i,150.0,34,0.5373,32,147.12,True,7,0.2519,22.04,298.14,scenario_north_heavy,val,development,0.05,3.009999999999991,-0.8583,0.9808,0.0,-3.8600000000000136,7.0,1.0,False,5,226.66666666666669,438.43680000000006,,0.0
1710,4i,150.0,35,0.6931,33,147.11,True,7,0.1772,22.04,296.76,scenario_north_heavy,val,development,0.05,3.160000000000025,0.16490000000000005,0.9807333333333335,0.0,-5.240000000000009,7.0,6.0,False,10,233.33333333333334,582.2040000000001,,0.0
1715,4i,150.0,34,1.7292,25,147.11,True,7,0.1438,22.04,293.22,scenario_north_heavy,val,development,0.05,-1.759999999999991,0.17990000000000017,0.9807333333333335,0.0,-8.779999999999973,0.0,4.0,False,15,226.66666666666669,1411.0272000000002,,0.0
1720,4i,150.0,33,3.0586,25,147.11,True,7,0.0894,22.04,287.89,scenario_north_heavy,val,development,0.05,35.41000000000001,2.1829,0.9807333333333335,0.0,-14.110000000000014,0.0,9.0,False,20,220.0,2422.4112,,0.0
1725,4i,150.0,32,1.4221,26,147.11,True,7,0.0837,22.04,283.96,scenario_north_heavy,val,development,0.05,10.420000000000016,1.3694,0.9807333333333335,0.0,-18.04000000000002,0.0,14.0,False,25,213.33333333333334,1092.1728,,0.0
1730,4i,150.0,33,1.24,30,147.11,True,8,2.4041,22.04,454.05,scenario_north_heavy,val,development,0.05,-0.2799999999999727,0.6939,0.9807333333333335,1.0,152.24,0.0,19.0,False,30,220.0,982.08,,0.0
1735,4i,150.0,33,0.6727,31,147.11,True,8,2.0764,22.04,367.7,scenario_north_heavy,val,development,0.05,-0.009999999999990905,0.13539999999999996,0.9807333333333335,1.0,69.56,0.0,24.0,False,35,220.0,532.7784,,0.0
1740,4i,150.0,33,0.038,32,147.11,True,8,2.1676,22.04,282.99,scenario_north_heavy,val,development,0.05,0.0,-0.6551,0.9807333333333335,1.0,-13.769999999999982,1.0,4.0,False,40,220.0,30.096,,0.0
1745,4i,150.0,33,0.4508,32,147.11,True,8,2.2827,22.04,282.99,scenario_north_heavy,val,development,0.05,0.0,-1.2784,0.9807333333333335,1.0,-10.230000000000018,2.0,2.0,False,45,220.0,357.0336,,0.0
1750,4i,150.0,34,0.7095,27,147.11,True,8,1.9791,20.21,282.99,scenario_north_heavy,val,development,0.05,0.0,-2.3491,0.9807333333333335,1.0,-4.899999999999977,3.0,1.0,False,50,226.66666666666669,578.9520000000001,,0.0
1755,4i,150.0,34,0.3008,33,147.11,True,8,1.1974,16.01,282.99,scenario_north_heavy,val,development,0.05,0.0,-1.1213,0.9807333333333335,1.0,-0.9699999999999704,3.0,6.0,False,55,226.66666666666669,245.45280000000002,,0.0
1760,4i,150.0,36,1.239,31,147.11,True,8,0.9684,16.0,282.99,scenario_north_heavy,val,development,0.05,0.0,-0.0009999999999998899,0.9807333333333335,0.0,-171.06,4.0,4.0,True,,240.0,1070.496,,
1765,4i,150.0,36,0.3977,33,147.11,True,8,0.1436,4.74,282.99,scenario_north_heavy,val,development,0.05,0.0,-0.27499999999999997,0.9807333333333335,0.0,-84.70999999999998,4.0,9.0,True,,240.0,343.61280000000005,,
1770,4i,150.0,36,0.0178,35,147.11,True,8,0.0,4.3,282.99,scenario_north_heavy,val,development,0.05,0.0,-0.0202,0.9807333333333335,0.0,0.0,4.0,14.0,True,,240.0,15.379199999999999,,
1775,4i,150.0,38,1.1449,30,147.11,True,8,0.0595,4.3,282.99,scenario_north_heavy,val,development,0.05,0.0,0.6941,0.9807333333333335,0.0,0.0,4.0,19.0,True,,253.33333333333334,1044.1488000000002,,
1780,4i,150.0,38,0.5206,33,147.11,True,8,0.01,4.3,282.99,scenario_north_heavy,val,development,0.05,0.0,-0.18890000000000007,0.9807333333333335,0.0,0.0,4.0,24.0,True,,253.33333333333334,474.7872,,
1785,4i,150.0,39,0.5037,35,147.11,True,8,0.1627,4.3,282.99,scenario_north_heavy,val,development,0.05,0.0,0.20290000000000002,0.9807333333333335,0.0,0.0,5.0,4.0,False,5,260.0,471.4632000000001,,0.0
1790,4i,150.0,40,0.8786,36,147.11,True,9,1.1513,4.3,463.99,scenario_north_heavy,val,development,0.05,0.0,-0.36040000000000005,0.9807333333333335,1.0,181.0,6.0,2.0,True,,266.6666666666667,843.4560000000001,,
1795,4i,150.0,40,0.3384,37,146.75,True,9,0.5565,4.3,431.1,scenario_north_heavy,val,development,0.05,-0.36000000000001364,-0.05930000000000002,0.9783333333333334,1.0,148.11,7.0,1.0,False,5,266.6666666666667,324.86400000000003,,0.0
1800,4i,150.0,41,0.4361,40,142.88,False,9,0.0566,4.3,420.47,scenario_north_heavy,val,development,0.05,-4.230000000000018,0.4183,0.9525333333333333,1.0,137.48000000000002,7.0,6.0,False,10,273.33333333333337,429.1224000000001,-0.1410000000000006,
1805,4i,150.0,40,0.7803,37,148.37,True,8,0.0077,16.0,420.19,scenario_north_heavy,val,development,0.05,1.259999999999991,-0.36460000000000004,0.9891333333333333,0.0,137.2,0.0,4.0,False,15,266.6666666666667,749.0880000000001,,0.0
1810,4i,150.0,39,0.5568,35,148.09,True,8,0.0694,16.0,420.19,scenario_north_heavy,val,development,0.05,0.9799999999999898,0.03620000000000001,0.9872666666666667,0.0,137.2,0.0,9.0,False,20,260.0,521.1648,,0.0
1815,4i,150.0,38,0.6313,36,148.07,True,8,0.036,16.0,420.19,scenario_north_heavy,val,development,0.05,0.9599999999999795,0.12759999999999994,0.9871333333333333,0.0,137.2,0.0,14.0,False,25,253.33333333333334,575.7456,,0.0
1820,4i,150.0,38,0.6495,36,148.07,True,9,3.137,16.0,483.3,scenario_north_heavy,val,development,0.05,0.9599999999999795,-0.22910000000000008,0.9871333333333333,0.0,19.310000000000002,0.0,19.0,False,30,253.33333333333334,592.344,,0.0
1825,4i,150.0,38,0.3772,37,148.07,True,9,3.0636,16.0,420.19,scenario_north_heavy,val,development,0.05,1.3199999999999932,0.0388,0.9871333333333333,0.0,-10.910000000000025,0.0,24.0,False,35,253.33333333333334,344.00640000000004,,0.0
1830,4i,150.0,38,0.3969,37,148.07,True,9,2.9632,16.0,420.19,scenario_north_heavy,val,development,0.05,5.189999999999998,-0.03920000000000001,0.9871333333333333,0.0,-0.28000000000002956,1.0,4.0,False,40,253.33333333333334,361.9728,,0.0
1835,4i,150.0,37,0.5656,35,148.07,True,9,1.7138,16.0,420.18,scenario_north_heavy,val,development,0.05,-0.30000000000001137,-0.2147,0.9871333333333333,1.0,-0.009999999999990905,2.0,2.0,False,45,246.66666666666669,502.2528000000001,,0.0
1840,4i,150.0,36,0.7405,29,148.07,True,9,1.7267,12.81,420.11,scenario_north_heavy,val,development,0.05,-0.020000000000010232,0.18370000000000009,0.9871333333333333,1.0,-0.07999999999998408,3.0,1.0,False,50,240.0,639.7920000000001,,0.0
1845,4i,150.0,37,0.7144,31,148.07,True,9,0.0717,1.0,418.77,scenario_north_heavy,val,development,0.05,0.0,0.08310000000000006,0.9871333333333333,1.0,-1.420000000000016,3.0,6.0,False,55,246.66666666666669,634.3872000000001,,0.0
1850,4i,150.0,38,0.7054,32,148.07,True,9,0.0669,1.0,416.74,scenario_north_heavy,val,development,0.05,0.0,0.05590000000000006,0.9871333333333333,0.0,-66.56,4.0,4.0,True,,253.33333333333334,643.3248000000001,,
1855,4i,150.0,38,0.4284,37,148.07,True,9,0.0555,1.0,415.13,scenario_north_heavy,val,development,0.05,0.0,0.05120000000000002,0.9871333333333333,0.0,-5.060000000000002,4.0,9.0,True,,253.33333333333334,390.7008,,
1860,4i,150.0,39,0.571,37,148.07,True,9,0.0738,1.0,414.26,scenario_north_heavy,val,development,0.05,0.0,0.17409999999999998,0.9871333333333333,0.0,-5.930000000000007,4.0,14.0,True,,260.0,534.456,,
1865,4i,150.0,39,0.1376,38,147.84,True,9,0.0064,1.0,414.16,scenario_north_heavy,val,development,0.05,-0.22999999999998977,-0.428,0.9856,0.0,-6.019999999999982,4.0,19.0,True,,260.0,128.7936,,
1870,4i,150.0,40,0.4611,39,145.55,True,9,0.0005,1.0,414.15,scenario_north_heavy,val,development,0.05,-2.519999999999982,-0.27940000000000004,0.9703333333333334,0.0,-5.960000000000036,4.0,24.0,True,,266.6666666666667,442.65600000000006,,
1875,4i,150.0,41,0.553,39,144.93,False,9,0.0078,1.0,414.15,scenario_north_heavy,val,development,0.05,-3.1399999999999864,-0.1614,0.9662000000000001,0.0,-4.6200000000000045,5.0,4.0,False,5,273.33333333333337,544.1520000000002,-0.10466666666666621,
1880,4i,150.0,42,0.5092,39,144.85,False,9,0.0283,1.0,414.15,scenario_north_heavy,val,development,0.05,-3.219999999999999,-0.19620000000000004,0.9656666666666667,0.0,-2.590000000000032,6.0,2.0,True,,280.0,513.2736,-0.1073333333333333,
1885,4i,150.0,42,0.3161,41,144.85,False,9,0.014,1.0,414.15,scenario_north_heavy,val,development,0.05,-3.219999999999999,-0.11230000000000001,0.9656666666666667,0.0,-0.9800000000000182,7.0,1.0,False,5,280.0,318.6288,-0.1073333333333333,
1890,4i,150.0,43,0.2904,41,144.85,False,9,0.0423,1.0,414.15,scenario_north_heavy,val,development,0.05,-3.219999999999999,-0.28059999999999996,0.9656666666666667,0.0,-0.11000000000001364,7.0,6.0,False,10,286.6666666666667,299.6928,-0.1073333333333333,
1895,4i,150.0,41,0.1496,38,144.85,False,8,0.0184,12.79,414.15,scenario_north_heavy,val,development,0.05,-2.990000000000009,0.01200000000000001,0.9656666666666667,-1.0,-0.010000000000047748,0.0,4.0,False,15,273.33333333333337,147.20640000000003,-0.09966666666666697,
1900,4i,150.0,40,0.3673,39,144.85,False,8,0.002,12.79,414.15,scenario_north_heavy,val,development,0.05,-0.700000000000017,-0.0938,0.9656666666666667,-1.0,0.0,0.0,9.0,False,20,266.6666666666667,352.60800000000006,-0.023333333333333903,
1905,4i,150.0,41,0.6121,39,144.85,False,8,0.0006,12.79,414.14,scenario_north_heavy,val,development,0.05,-0.0800000000000125,0.05909999999999993,0.9656666666666667,-1.0,-0.009999999999990905,0.0,14.0,False,25,273.33333333333337,602.3064,-0.0026666666666670833,
1910,4i,150.0,42,0.667,39,144.85,False,8,0.0048,12.79,414.02,scenario_north_heavy,val,development,0.05,0.0,0.15780000000000005,0.9656666666666667,-1.0,-0.12999999999999545,0.0,19.0,False,30,280.0,672.336,0.0,
1915,4i,150.0,41,0.3674,40,144.85,False,9,2.4682,12.79,433.24,scenario_north_heavy,val,development,0.05,0.0,0.05130000000000001,0.9656666666666667,0.0,19.090000000000032,0.0,24.0,False,35,273.33333333333337,361.52160000000003,0.0,
1920,4i,150.0,42,0.2891,40,144.85,False,9,2.2096,12.79,411.86,scenario_north_heavy,val,development,0.05,0.0,-0.0012999999999999678,0.9656666666666667,0.0,-2.2899999999999636,1.0,4.0,False,40,280.0,291.41280000000006,0.0,
1925,4i,150.0,40,0.1364,36,144.85,False,9,1.9943,12.69,411.14,scenario_north_heavy,val,development,0.05,0.0,-0.013200000000000017,0.9656666666666667,1.0,-3.009999999999991,2.0,2.0,False,45,266.6666666666667,130.94400000000002,0.0,
1930,4i,150.0,40,0.8448,32,144.85,False,9,2.2127,1.42,410.96,scenario_north_heavy,val,development,0.05,0.0,0.4775,0.9656666666666667,1.0,-3.1899999999999977,3.0,1.0,False,50,266.6666666666667,811.008,0.0,
1935,4i,150.0,41,0.8848,31,144.85,False,9,1.2146,1.0,410.93,scenario_north_heavy,val,development,0.05,0.0,0.27270000000000005,0.9656666666666667,1.0,-3.2099999999999795,3.0,6.0,False,55,273.33333333333337,870.6432000000002,0.0,
1940,4i,150.0,41,0.4629,30,144.85,False,9,0.1867,1.0,410.93,scenario_north_heavy,val,development,0.05,0.0,-0.20410000000000006,0.9656666666666667,1.0,-3.089999999999975,4.0,4.0,True,,273.33333333333337,455.4936,0.0,
1945,4i,150.0,42,0.5993,34,144.85,False,9,0.2318,1.0,410.93,scenario_north_heavy,val,development,0.05,0.0,0.23190000000000005,0.9656666666666667,0.0,-22.310000000000002,4.0,9.0,True,,280.0,604.0944000000001,0.0,
1950,4i,150.0,43,0.6835,36,144.84,False,9,0.216,1.0,410.93,scenario_north_heavy,val,development,0.05,-0.009999999999990905,0.3944,0.9656,0.0,-0.9300000000000068,4.0,14.0,True,,286.6666666666667,705.3720000000001,-0.0003333333333330302,
1955,4i,150.0,43,0.2974,36,143.9,False,9,0.0797,1.0,410.93,scenario_north_heavy,val,development,0.05,-0.9499999999999886,0.161,0.9593333333333334,0.0,-0.20999999999997954,4.0,19.0,True,,286.6666666666667,306.9168,-0.03166666666666629,
1960,4i,150.0,45,0.4683,41,124.18,False,9,0.0057,1.0,410.93,scenario_north_heavy,val,development,0.05,-20.669999999999987,-0.3765,0.8278666666666668,0.0,-0.029999999999972715,4.0,24.0,True,,300.0,505.764,-0.6889999999999996,
1965,4i,150.0,46,0.3126,44,141.55,False,9,0.0528,1.0,410.93,scenario_north_heavy,val,development,0.05,-3.299999999999983,-0.5722,0.9436666666666668,0.0,0.0,5.0,4.0,False,5,306.6666666666667,345.11039999999997,-0.10999999999999943,
1970,4i,150.0,46,0.0074,46,140.21,False,9,0.1076,1.0,410.93,scenario_north_heavy,val,development,0.05,-4.639999999999986,-0.45549999999999996,0.9347333333333334,0.0,0.0,6.0,2.0,True,,306.6666666666667,8.1696,-0.1546666666666662,
1975,4i,150.0,47,0.3063,46,140.07,False,9,0.0728,1.0,410.93,scenario_north_heavy,val,development,0.05,-4.780000000000001,-0.29300000000000004,0.9338,0.0,0.0,7.0,1.0,False,5,313.33333333333337,345.5064000000001,-0.15933333333333338,
1980,4i,150.0,48,0.1941,46,140.07,False,9,0.0929,1.0,410.93,scenario_north_heavy,val,development,0.05,-4.77000000000001,-0.4894,0.9338,0.0,0.0,7.0,6.0,False,10,320.0,223.60320000000002,-0.15900000000000034,
1985,4i,150.0,44,0.4325,38,140.07,False,9,0.078,1.0,410.93,scenario_north_heavy,val,development,0.05,-3.8300000000000125,0.1351,0.9338,0.0,0.0,0.0,4.0,False,15,293.33333333333337,456.72,-0.1276666666666671,
1990,4i,150.0,40,1.001,35,140.07,False,9,0.0232,1.0,410.93,scenario_north_heavy,val,development,0.05,15.889999999999986,0.5327,0.9338,0.0,0.0,0.0,9.0,False,20,266.6666666666667,960.96,0.5296666666666662,
1995,4i,150.0,38,1.4538,31,140.07,False,9,0.0067,1.0,410.9,scenario_north_heavy,val,development,0.05,-1.4800000000000182,1.1412,0.9338,0.0,-0.03000000000002956,0.0,14.0,False,25,253.33333333333334,1325.8655999999999,-0.04933333333333394,
2000,4i,150.0,36,2.1775,27,140.07,False,9,0.4162,1.0,410.38,scenario_north_heavy,val,development,0.05,-0.14000000000001478,2.1701,0.9338,0.0,-0.5500000000000114,0.0,19.0,False,30,240.0,1881.3600000000004,-0.00466666666666716,
2005,4i,150.0,32,2.137,25,140.07,False,9,1.6324,1.0,408.41,scenario_north_heavy,val,development,0.05,0.0,1.8307,0.9338,0.0,-2.519999999999982,0.0,24.0,False,35,213.33333333333334,1641.2160000000001,0.0,
2010,4i,150.0,32,1.5423,25,140.07,False,9,0.1125,1.0,404.55,scenario_north_heavy,val,development,0.05,0.0,1.3482,0.9338,0.0,-6.3799999999999955,1.0,4.0,False,40,213.33333333333334,1184.4864000000002,0.0,
2015,4i,150.0,31,0.7119,26,140.07,False,8,0.567,1.0,400.73,scenario_north_heavy,val,development,0.05,0.0,0.2794,0.9338,-1.0,-10.199999999999989,2.0,2.0,False,45,206.66666666666669,529.6536000000001,0.0,
2020,4i,150.0,30,0.9119,25,140.07,False,7,0.3374,1.0,399.48,scenario_north_heavy,val,development,0.05,0.0,-0.08909999999999985,0.9338,-2.0,-11.449999999999989,3.0,1.0,False,50,200.0,656.568,0.0,
2025,4i,150.0,31,1.1209,24,140.07,False,7,0.0983,1.0,399.19,scenario_north_heavy,val,development,0.05,0.0,-0.3329,0.9338,-2.0,-11.70999999999998,3.0,6.0,False,55,206.66666666666669,833.9496,0.0,
2030,4i,150.0,31,0.7354,23,140.07,False,7,0.1611,1.0,399.15,scenario_north_heavy,val,development,0.05,0.0,-1.4421000000000002,0.9338,-2.0,-11.230000000000018,4.0,4.0,True,,206.66666666666669,547.1376000000001,0.0,
2035,4i,150.0,31,0.4225,24,140.07,False,7,0.1507,1.0,399.14,scenario_north_heavy,val,development,0.05,0.0,-1.7145000000000001,0.9338,-2.0,-9.270000000000039,4.0,9.0,True,,206.66666666666669,314.34000000000003,0.0,
2040,4i,150.0,33,1.1944,25,139.85,False,7,0.1188,1.0,399.14,scenario_north_heavy,val,development,0.05,-0.21999999999999886,-0.3479000000000001,0.9323333333333333,-2.0,-5.410000000000025,4.0,14.0,True,,220.0,945.9648,-0.007333333333333295,
2045,4i,150.0,33,0.5707,28,136.32,False,7,0.0094,1.0,399.14,scenario_north_heavy,val,development,0.05,-3.75,-0.1412,0.9087999999999999,-1.0,-1.5900000000000318,4.0,19.0,True,,220.0,451.99440000000004,-0.125,
2050,4i,150.0,34,0.1367,30,111.61,False,7,0.0546,1.0,399.14,scenario_north_heavy,val,development,0.05,-28.459999999999994,-0.7752000000000001,0.7440666666666667,0.0,-0.34000000000003183,4.0,24.0,True,,226.66666666666669,111.5472,-0.9486666666666664,
2055,4i,150.0,38,0.7875,34,139.62,False,7,0.1165,1.0,399.14,scenario_north_heavy,val,development,0.05,-0.44999999999998863,-0.33340000000000003,0.9308000000000001,0.0,-0.05000000000001137,5.0,4.0,False,5,253.33333333333334,718.2,-0.014999999999999621,
2060,4i,150.0,38,0.1616,37,147.32,True,7,0.1944,1.0,399.14,scenario_north_heavy,val,development,0.05,7.25,-0.5738000000000001,0.9821333333333333,0.0,-0.009999999999990905,6.0,2.0,True,,253.33333333333334,147.3792,,
2065,4i,150.0,40,0.8541,38,147.11,True,7,0.129,1.0,399.14,scenario_north_heavy,val,development,0.05,7.0400000000000205,0.4316,0.9807333333333335,0.0,0.0,7.0,1.0,False,5,266.6666666666667,819.936,,0.0
2070,4i,150.0,40,0.5345,38,147.11,True,7,0.0732,1.0,399.14,scenario_north_heavy,val,development,0.05,7.260000000000019,-0.6598999999999999,0.9807333333333335,0.0,0.0,7.0,6.0,False,10,266.6666666666667,513.12,,0.0
2075,4i,150.0,36,0.4747,31,147.11,True,6,0.1343,1.0,399.14,scenario_north_heavy,val,development,0.05,10.79000000000002,-0.09599999999999997,0.9807333333333335,-1.0,0.0,0.0,4.0,False,15,240.0,410.1408,,0.0
2080,4i,150.0,33,1.4536,27,147.11,True,6,0.0141,1.0,399.14,scenario_north_heavy,val,development,0.05,35.500000000000014,1.3169,0.9807333333333335,-1.0,0.0,0.0,9.0,False,20,220.0,1151.2512000000002,,0.0
2085,4i,150.0,31,1.4334,25,147.11,True,6,0.0377,1.0,398.78,scenario_north_heavy,val,development,0.05,7.490000000000009,0.6459,0.9807333333333335,-1.0,-0.36000000000001364,0.0,14.0,False,25,206.66666666666669,1066.4496000000001,,0.0
2090,4i,150.0,29,1.1154,25,147.11,True,6,0.0959,1.0,397.21,scenario_north_heavy,val,development,0.05,-0.20999999999997954,0.9538,0.9807333333333335,-1.0,-1.9300000000000068,0.0,19.0,False,30,193.33333333333334,776.3184,,0.0
2095,4i,150.0,28,1.5456,25,147.11,True,6,0.1515,1.0,393.37,scenario_north_heavy,val,development,0.05,0.0,0.6915000000000001,0.9807333333333335,-1.0,-5.769999999999982,0.0,24.0,False,35,186.66666666666669,1038.6432000000002,,0.0
2100,4i,150.0,27,1.129,25,147.11,True,6,0.1834,1.0,389.03,scenario_north_heavy,val,development,0.05,0.0,0.5945,0.9807333333333335,-1.0,-10.110000000000014,1.0,4.0,False,40,180.0,731.592,,0.0
2105,4i,150.0,26,0.4711,22,147.11,True,5,0.0941,49.05,384.79,scenario_north_heavy,val,development,0.05,0.0,-0.003599999999999992,0.9807333333333335,-1.0,-14.349999999999966,2.0,2.0,False,45,173.33333333333334,293.9664,,0.0
2110,4i,150.0,27,1.6247,21,147.11,True,5,0.0118,49.05,384.27,scenario_north_heavy,val,development,0.05,0.0,0.17110000000000003,0.9807333333333335,-1.0,-14.870000000000005,3.0,1.0,False,50,180.0,1052.8056000000001,,0.0
2115,4i,150.0,27,1.3754,21,147.11,True,5,0.3039,43.93,384.15,scenario_north_heavy,val,development,0.05,0.0,-0.05800000000000005,0.9807333333333335,-1.0,-14.629999999999995,3.0,6.0,False,55,180.0,891.2592,,0.0
2120,4i,150.0,27,0.4898,20,147.11,True,5,0.4128,38.39,384.14,scenario_north_heavy,val,development,0.05,0.0,-0.6255999999999999,0.9807333333333335,-1.0,-13.069999999999993,4.0,4.0,True,,180.0,317.39040000000006,,
2125,4i,150.0,29,1.4705,21,147.11,True,5,0.1191,38.05,384.14,scenario_north_heavy,val,development,0.05,0.0,-0.07510000000000017,0.9807333333333335,-1.0,-9.230000000000018,4.0,9.0,True,,193.33333333333334,1023.4680000000001,,
2130,4i,150.0,29,1.2396,22,146.99,True,5,0.0173,38.05,384.14,scenario_north_heavy,val,development,0.05,-0.12000000000000455,0.11060000000000003,0.9799333333333334,-1.0,-4.889999999999986,4.0,14.0,True,,193.33333333333334,862.7616,,
2135,4i,150.0,30,0.3247,24,149.05,True,5,0.0222,38.05,384.14,scenario_north_heavy,val,development,0.05,1.9399999999999977,-0.14640000000000003,0.9936666666666667,0.0,-0.6500000000000341,4.0,19.0,True,,200.0,233.784,,
2140,4i,150.0,32,0.663,27,128.61,False,5,0.2214,38.05,384.14,scenario_north_heavy,val,development,0.05,-18.5,-0.9617,0.8574,0.0,-0.12999999999999545,4.0,24.0,True,,213.33333333333334,509.184,-0.6166666666666667,
2145,4i,150.0,33,0.8906,31,144.7,False,5,0.1429,38.05,384.14,scenario_north_heavy,val,development,0.05,-2.410000000000025,-0.4848,0.9646666666666666,0.0,-0.009999999999990905,5.0,4.0,False,5,220.0,705.3552,-0.08033333333333417,
2150,4i,150.0,33,0.2754,31,144.19,False,5,0.1289,38.05,384.14,scenario_north_heavy,val,development,0.05,-2.920000000000016,-0.21440000000000003,0.9612666666666666,0.0,0.0,6.0,2.0,True,,220.0,218.11679999999998,-0.09733333333333387,
2155,4i,150.0,34,0.4558,33,144.11,False,5,0.184,38.05,384.14,scenario_north_heavy,val,development,0.05,-3.0,-1.0147,0.9607333333333334,0.0,0.0,7.0,1.0,False,5,226.66666666666669,371.9328,-0.1,
2160,4i,150.0,35,0.7439,33,144.11,False,5,0.1474,38.05,384.14,scenario_north_heavy,val,development,0.05,-2.8799999999999955,-0.49570000000000003,0.9607333333333334,0.0,0.0,7.0,6.0,False,10,233.33333333333334,624.8760000000001,-0.09599999999999985,
2165,4i,150.0,30,0.5892,25,144.11,False,5,0.038,38.05,384.14,scenario_north_heavy,val,development,0.05,-4.939999999999998,0.26449999999999996,0.9607333333333334,0.0,0.0,0.0,4.0,False,15,200.0,424.224,-0.1646666666666666,
2170,4i,150.0,27,1.3537,25,144.11,False,5,0.0157,38.05,383.99,scenario_north_heavy,val,development,0.05,15.5,0.6906999999999999,0.9607333333333334,0.0,-0.14999999999997726,0.0,9.0,False,20,180.0,877.1976,0.5166666666666667,
2175,4i,150.0,27,1.3723,25,144.11,False,5,0.0637,38.05,382.8,scenario_north_heavy,val,development,0.05,-0.589999999999975,0.48170000000000013,0.9607333333333334,0.0,-1.339999999999975,0.0,14.0,False,25,180.0,889.2504000000001,-0.019666666666665833,
2180,4i,150.0,25,0.0,25,144.11,False,5,0.1402,38.05,379.59,scenario_north_heavy,val,development,0.05,-0.07999999999998408,-0.2754,0.9607333333333334,0.0,-4.550000000000011,0.0,19.0,False,30,166.66666666666669,0.0,-0.002666666666666136,
2185,4i,150.0,27,1.3942,25,144.11,False,5,0.1609,38.05,376.5,scenario_north_heavy,val,development,0.05,0.0,0.9384000000000001,0.9607333333333334,0.0,-7.639999999999986,0.0,24.0,False,35,180.0,903.4416000000001,0.0,
2190,4i,150.0,27,1.0463,25,144.11,False,5,0.0843,38.05,374.11,scenario_north_heavy,val,development,0.05,0.0,0.3024,0.9607333333333334,0.0,-10.029999999999973,1.0,4.0,False,40,180.0,678.0024,0.0,
2195,4i,150.0,26,0.2296,24,144.11,False,6,3.5671,38.05,434.8,scenario_north_heavy,val,development,0.05,0.0,-0.3595999999999999,0.9607333333333334,1.0,50.660000000000025,2.0,2.0,False,45,173.33333333333334,143.2704,0.0,
2200,4i,150.0,27,1.0145,22,144.11,False,6,3.2578,37.49,373.15,scenario_north_heavy,val,development,0.05,0.0,-0.33919999999999995,0.9607333333333334,1.0,-10.840000000000032,3.0,1.0,False,50,180.0,657.3960000000001,0.0,
2205,4i,150.0,28,1.3304,22,144.11,False,6,3.2222,26.05,373.14,scenario_north_heavy,val,development,0.05,0.0,-0.04190000000000005,0.9607333333333334,1.0,-9.660000000000025,3.0,6.0,False,55,186.66666666666669,894.0288,0.0,
2210,4i,150.0,28,0.7,21,144.11,False,6,2.8938,23.2,373.14,scenario_north_heavy,val,development,0.05,0.0,0.7,0.9607333333333334,1.0,-6.449999999999989,4.0,4.0,True,,186.66666666666669,470.40000000000003,0.0,
2215,4i,150.0,30,1.5127,21,144.11,False,6,2.8019,23.19,373.14,scenario_north_heavy,val,development,0.05,0.0,0.11849999999999983,0.9607333333333334,1.0,-3.3600000000000136,4.0,9.0,True,,200.0,1089.144,0.0,
2220,4i,150.0,30,1.083,22,144.02,False,6,1.5001,23.19,373.14,scenario_north_heavy,val,development,0.05,-0.09000000000000341,0.036699999999999955,0.9601333333333334,1.0,-0.9700000000000273,4.0,14.0,True,,200.0,779.76,-0.0030000000000001137,
2225,4i,150.0,31,0.3743,23,149.06,True,6,0.1877,12.15,373.14,scenario_north_heavy,val,development,0.05,4.949999999999989,0.14470000000000002,0.9937333333333334,0.0,-61.660000000000025,4.0,19.0,True,,206.66666666666669,278.47920000000005,,
2230,4i,150.0,33,1.242,27,117.97,False,6,0.1935,12.0,373.14,scenario_north_heavy,val,development,0.05,-26.140000000000015,0.22750000000000004,0.7864666666666666,0.0,-0.009999999999990905,4.0,24.0,True,,220.0,983.6640000000001,-0.8713333333333338,
2235,4i,150.0,34,0.6166,31,137.0,False,6,0.1593,12.0,373.14,scenario_north_heavy,val,development,0.05,-7.110000000000014,-0.7138,0.9133333333333333,0.0,0.0,5.0,4.0,False,5,226.66666666666669,503.1456000000001,-0.23700000000000046,
2240,4i,150.0,35,0.0219,34,147.47,True,6,0.1208,12.0,373.14,scenario_north_heavy,val,development,0.05,3.359999999999985,-0.6780999999999999,0.9831333333333333,0.0,0.0,6.0,2.0,True,,233.33333333333334,18.396,,
2245,4i,150.0,36,0.5243,35,147.26,True,6,0.2983,12.0,373.14,scenario_north_heavy,val,development,0.05,3.1499999999999773,-0.9884,0.9817333333333332,0.0,0.0,7.0,1.0,False,5,240.0,452.9952,,0.0
2250,4i,150.0,37,0.5342,35,147.25,True,6,0.1633,12.0,373.14,scenario_north_heavy,val,development,0.05,3.2299999999999898,-0.5488,0.9816666666666667,0.0,0.0,7.0,6.0,False,10,246.66666666666669,474.3696000000001,,0.0
2255,4i,150.0,33,0.7478,28,147.25,True,6,1.0472,0.34,373.13,scenario_north_heavy,val,development,0.05,-1.8100000000000023,0.3735,0.9816666666666667,0.0,-0.009999999999990905,0.0,4.0,False,15,220.0,592.2576,,0.0
2260,4i,150.0,30,1.4321,27,147.25,True,5,0.0354,23.19,372.78,scenario_north_heavy,val,development,0.05,29.28,0.19009999999999994,0.9816666666666667,-1.0,-0.36000000000001364,0.0,9.0,False,20,200.0,1031.1119999999999,,0.0
2265,4i,150.0,28,0.5381,27,147.25,True,5,0.0469,23.19,371.05,scenario_north_heavy,val,development,0.05,10.25,-0.07850000000000001,0.9816666666666667,-1.0,-2.089999999999975,0.0,14.0,False,25,186.66666666666669,361.6032000000001,,0.0
2270,4i,150.0,27,0.0,27,147.25,True,5,0.1157,23.19,367.68,scenario_north_heavy,val,development,0.05,-0.21999999999999886,-0.0219,0.9816666666666667,-1.0,-5.4599999999999795,0.0,19.0,False,30,180.0,0.0,,0.0
2275,4i,150.0,29,1.1537,27,147.25,True,5,0.1921,23.19,362.55,scenario_north_heavy,val,development,0.05,-0.009999999999990905,0.6294,0.9816666666666667,-1.0,-10.589999999999975,0.0,24.0,False,35,193.33333333333334,802.9752,,0.0
2280,4i,150.0,29,0.7297,27,147.25,True,5,0.0742,23.19,358.88,scenario_north_heavy,val,development,0.05,0.0,0.1955,0.9816666666666667,-1.0,-14.259999999999991,1.0,4.0,False,40,193.33333333333334,507.87120000000004,,0.0
2285,4i,150.0,28,0.2328,25,147.25,True,5,0.005,23.19,358.33,scenario_north_heavy,val,development,0.05,0.0,-0.515,0.9816666666666667,-1.0,-14.800000000000011,2.0,2.0,False,45,186.66666666666669,156.44160000000002,,0.0
2290,4i,150.0,28,1.6914,22,147.25,True,5,0.5879,15.91,358.28,scenario_north_heavy,val,development,0.05,0.0,0.2593000000000001,0.9816666666666667,0.0,-14.5,3.0,1.0,False,50,186.66666666666669,1136.6208000000001,,0.0
2295,4i,150.0,28,1.0197,21,147.25,True,5,0.3175,9.04,358.28,scenario_north_heavy,val,development,0.05,0.0,0.48160000000000003,0.9816666666666667,0.0,-12.770000000000039,3.0,6.0,False,55,186.66666666666669,685.2384000000001,,0.0
2300,4i,150.0,28,0.3744,22,147.25,True,5,0.2459,9.0,358.28,scenario_north_heavy,val,development,0.05,0.0,0.3744,0.9816666666666667,0.0,-9.400000000000034,4.0,4.0,True,,186.66666666666669,251.59680000000006,,
2305,4i,150.0,30,1.3929,23,147.25,True,5,0.0009,9.0,358.28,scenario_north_heavy,val,development,0.05,0.0,0.23920000000000008,0.9816666666666667,0.0,-4.270000000000039,4.0,9.0,True,,200.0,1002.8880000000001,,
2310,4i,150.0,30,1.0138,23,147.22,True,5,0.0167,9.0,358.28,scenario_north_heavy,val,development,0.05,-0.030000000000001137,0.2841,0.9814666666666667,0.0,-0.6000000000000227,4.0,14.0,True,,200.0,729.936,,
2315,4i,150.0,31,0.9011,24,145.99,True,5,0.102,9.0,358.28,scenario_north_heavy,val,development,0.05,-1.259999999999991,0.6683,0.9732666666666667,0.0,-0.05000000000001137,4.0,19.0,True,,206.66666666666669,670.4184,,
2320,4i,150.0,31,0.6201,26,134.86,False,5,0.1553,9.0,358.28,scenario_north_heavy,val,development,0.05,-12.389999999999986,-1.0713,0.8990666666666668,0.0,0.0,4.0,24.0,True,,206.66666666666669,461.3544,-0.41299999999999953,
2325,4i,150.0,33,0.6287,29,148.83,True,5,0.2288,9.0,358.28,scenario_north_heavy,val,development,0.05,1.5800000000000125,-0.391,0.9922000000000001,0.0,0.0,5.0,4.0,False,5,220.0,497.9304000000001,,0.0
2330,4i,150.0,34,0.8364,32,145.93,True,5,0.1936,9.0,358.28,scenario_north_heavy,val,development,0.05,-1.3199999999999932,0.462,0.9728666666666667,0.0,0.0,6.0,2.0,True,,226.66666666666669,682.5024000000002,,
2335,4i,150.0,34,0.4911,32,145.78,True,5,0.1396,9.0,358.28,scenario_north_heavy,val,development,0.05,-1.4699999999999989,-0.9018,0.9718666666666667,0.0,0.0,7.0,1.0,False,5,226.66666666666669,400.73760000000004,,0.0
2340,4i,150.0,35,0.5877,32,145.78,True,5,0.0373,9.0,358.28,scenario_north_heavy,val,development,0.05,-1.4399999999999977,-0.42610000000000003,0.9718666666666667,0.0,0.0,7.0,6.0,False,10,233.33333333333334,493.668,,0.0
2345,4i,150.0,31,1.0541,26,145.78,True,5,0.02,9.0,358.12,scenario_north_heavy,val,development,0.05,-0.21000000000000796,0.15300000000000002,0.9718666666666667,0.0,-0.15999999999996817,0.0,4.0,False,15,206.66666666666669,784.2504000000001,,0.0
2350,4i,150.0,29,1.7922,25,145.78,True,5,0.0494,9.0,357.43,scenario_north_heavy,val,development,0.05,10.919999999999987,1.1721,0.9718666666666667,0.0,-0.8499999999999659,0.0,9.0,False,20,193.33333333333334,1247.3712,,0.0
2355,4i,150.0,26,0.5514,25,145.78,True,5,0.1239,9.0,354.85,scenario_north_heavy,val,development,0.05,-3.0500000000000114,-0.07730000000000004,0.9718666666666667,0.0,-3.42999999999995,0.0,14.0,False,25,173.33333333333334,344.07360000000006,,0.0
2360,4i,150.0,26,0.6389,25,145.78,True,5,0.1323,9.0,350.09,scenario_north_heavy,val,development,0.05,-0.15000000000000568,-0.1975,0.9718666666666667,0.0,-8.189999999999998,0.0,19.0,False,30,173.33333333333334,398.6736,,0.0
2365,4i,150.0,27,1.5196,25,145.78,True,5,0.196,9.0,345.53,scenario_north_heavy,val,development,0.05,0.0,1.0285000000000002,0.9718666666666667,0.0,-12.75,0.0,24.0,False,35,180.0,984.7008000000002,,0.0
2370,4i,150.0,26,0.4088,25,145.78,True,5,0.0156,9.0,344.29,scenario_north_heavy,val,development,0.05,0.0,-0.1789,0.9718666666666667,0.0,-13.989999999999952,1.0,4.0,False,40,173.33333333333334,255.09120000000004,,0.0
2375,4i,150.0,25,0.6341,24,145.78,True,5,0.1361,8.34,344.11,scenario_north_heavy,val,development,0.05,0.0,-0.42000000000000004,0.9718666666666667,0.0,-14.009999999999991,2.0,2.0,False,45,166.66666666666669,380.46000000000004,,0.0
2380,4i,150.0,25,1.7405,19,145.78,True,4,0.0211,34.92,344.09,scenario_north_heavy,val,development,0.05,0.0,-0.05170000000000008,0.9718666666666667,-1.0,-13.340000000000032,3.0,1.0,False,50,166.66666666666669,1044.3,,0.0
2385,4i,150.0,25,0.6759,19,145.78,True,4,0.364,26.0,344.09,scenario_north_heavy,val,development,0.05,0.0,0.12449999999999994,0.9718666666666667,-1.0,-10.760000000000048,3.0,6.0,False,55,166.66666666666669,405.5400000000001,,0.0
2390,4i,150.0,26,1.088,20,145.78,True,4,0.0092,23.01,344.09,scenario_north_heavy,val,development,0.05,0.0,0.44910000000000005,0.9718666666666667,-1.0,-6.0,4.0,4.0,True,,173.33333333333334,678.912,,
2395,4i,150.0,26,0.8608,20,145.78,True,4,0.0003,23.01,344.09,scenario_north_heavy,val,development,0.05,0.0,-0.6588,0.9718666666666667,-1.0,-1.4399999999999977,4.0,9.0,True,,173.33333333333334,537.1392000000001,,
2400,4i,150.0,27,0.9684,18,145.65,True,4,0.2753,23.01,344.09,scenario_north_heavy,val,development,0.05,-0.12999999999999545,0.5596000000000001,0.9710000000000001,-1.0,-0.20000000000004547,4.0,14.0,True,,180.0,627.5232,,
2405,4i,150.0,29,1.0795,23,141.48,False,4,0.3539,23.01,344.09,scenario_north_heavy,val,development,0.05,-4.300000000000011,0.4453999999999999,0.9431999999999999,-1.0,-0.020000000000038654,4.0,19.0,True,,193.33333333333334,751.332,-0.1433333333333337,
2410,4i,150.0,31,1.3793,25,122.0,False,4,0.1666,23.01,344.09,scenario_north_heavy,val,development,0.05,-23.78,-0.36119999999999997,0.8133333333333334,0.0,0.0,4.0,24.0,True,,206.66666666666669,1026.1992000000002,-0.7926666666666667,
2415,4i,150.0,31,0.3905,29,145.76,True,4,0.2477,23.01,344.09,scenario_north_heavy,val,development,0.05,-0.020000000000010232,-0.28539999999999993,0.9717333333333332,0.0,0.0,5.0,4.0,False,5,206.66666666666669,290.53200000000004,,0.0
2420,4i,150.0,32,0.5755,31,144.81,False,4,0.2674,23.01,344.09,scenario_north_heavy,val,development,0.05,-0.9699999999999989,-0.5125000000000001,0.9654,0.0,0.0,6.0,2.0,True,,213.33333333333334,441.98400000000004,-0.0323333333333333,
2425,4i,150.0,33,1.0808,31,144.77,False,4,0.0162,23.01,344.09,scenario_north_heavy,val,development,0.05,-1.009999999999991,0.21999999999999997,0.9651333333333334,0.0,0.0,7.0,1.0,False,5,220.0,855.9936,-0.033666666666666366,
2430,4i,150.0,33,0.3929,32,144.77,False,5,4.9226,23.01,431.34,scenario_north_heavy,val,development,0.05,-0.8799999999999955,-0.5755,0.9651333333333334,1.0,87.25,7.0,6.0,False,10,220.0,311.1768,-0.02933333333333318,
2435,4i,150.0,28,0.8594,24,144.77,False,5,3.1194,23.01,343.71,scenario_north_heavy,val,development,0.05,3.2900000000000205,-0.22009999999999985,0.9651333333333334,1.0,-0.37999999999999545,0.0,4.0,False,15,186.66666666666669,577.5168000000001,0.10966666666666734,
2440,4i,150.0,26,1.0405,24,144.77,False,5,3.7923,23.01,340.99,scenario_north_heavy,val,development,0.05,22.77000000000001,-0.3388,0.9651333333333334,1.0,-3.099999999999966,0.0,9.0,False,20,173.33333333333334,649.272,0.7590000000000003,
2445,4i,150.0,25,0.6598,24,144.77,False,6,7.2117,23.01,376.95,scenario_north_heavy,val,development,0.05,-0.9899999999999807,0.26930000000000004,0.9651333333333334,2.0,32.860000000000014,0.0,14.0,False,25,166.66666666666669,395.88000000000005,-0.032999999999999356,
2450,4i,150.0,26,1.1793,24,144.77,False,6,7.5156,23.01,333.29,scenario_north_heavy,val,development,0.05,-0.03999999999999204,0.6038,0.9651333333333334,2.0,-10.799999999999955,0.0,19.0,False,30,173.33333333333334,735.8832000000001,-0.001333333333333068,
2455,4i,150.0,26,1.4775,24,144.77,False,6,6.4076,5.46,332.17,scenario_north_heavy,val,development,0.05,0.0,0.39670000000000005,0.9651333333333334,2.0,-11.919999999999959,0.0,24.0,False,35,173.33333333333334,921.96,0.0,
2460,4i,150.0,25,0.4865,24,144.77,False,5,2.4332,20.78,332.1,scenario_north_heavy,val,development,0.05,0.0,0.09359999999999996,0.9651333333333334,0.0,-99.23999999999995,1.0,4.0,False,40,166.66666666666669,291.90000000000003,0.0,
2465,4i,150.0,24,0.6974,22,144.77,False,5,0.0001,1.0,332.09,scenario_north_heavy,val,development,0.05,0.0,-0.16200000000000003,0.9651333333333334,0.0,-11.620000000000005,2.0,2.0,False,45,160.0,401.7024,0.0,
2470,4i,150.0,23,1.057,18,144.77,False,5,0.6304,1.0,332.09,scenario_north_heavy,val,development,0.05,0.0,0.01649999999999996,0.9651333333333334,0.0,-8.900000000000034,3.0,1.0,False,50,153.33333333333334,583.4639999999999,0.0,
2475,4i,150.0,24,1.072,17,144.77,False,5,0.0005,1.0,332.09,scenario_north_heavy,val,development,0.05,0.0,0.4122,0.9651333333333334,-1.0,-44.860000000000014,3.0,6.0,False,55,160.0,617.4720000000001,0.0,
2480,4i,150.0,25,1.4104,18,144.77,False,5,0.0,1.0,332.09,scenario_north_heavy,val,development,0.05,0.0,0.23110000000000008,0.9651333333333334,-1.0,-1.2000000000000455,4.0,4.0,True,,166.66666666666669,846.2400000000001,0.0,
2485,4i,150.0,26,1.8598,18,144.77,False,5,0.1238,1.0,332.09,scenario_north_heavy,val,development,0.05,0.0,0.38229999999999986,0.9651333333333334,-1.0,-0.08000000000004093,4.0,9.0,True,,173.33333333333334,1160.5152,0.0,
2490,4i,150.0,26,1.0189,17,143.79,False,5,0.3575,1.0,332.09,scenario_north_heavy,val,development,0.05,-0.9800000000000182,0.5324,0.9585999999999999,0.0,-0.010000000000047748,4.0,14.0,True,,173.33333333333334,635.7936000000001,-0.032666666666667274,
2495,4i,150.0,27,0.8115,21,102.57,False,5,0.2122,1.0,332.09,scenario_north_heavy,val,development,0.05,-42.20000000000002,0.11409999999999998,0.6838,0.0,0.0,4.0,19.0,True,,180.0,525.8520000000001,-1.4066666666666672,
2500,4i,150.0,28,0.4067,25,126.15,False,5,0.1557,1.0,332.09,scenario_north_heavy,val,development,0.05,-18.620000000000005,-0.6502999999999999,0.8410000000000001,0.0,0.0,4.0,24.0,True,,186.66666666666669,273.30240000000003,-0.6206666666666668,
2505,4i,150.0,30,0.5997,28,148.07,True,5,0.302,1.0,332.09,scenario_north_heavy,val,development,0.05,3.299999999999983,-0.47230000000000005,0.9871333333333333,0.0,0.0,5.0,4.0,False,5,200.0,431.78400000000005,,0.0
2510,4i,150.0,31,0.7795,29,147.85,True,5,0.0826,1.0,332.09,scenario_north_heavy,val,development,0.05,3.079999999999984,-0.6309000000000001,0.9856666666666666,0.0,0.0,6.0,2.0,True,,206.66666666666669,579.9480000000001,,
2515,4i,150.0,31,0.341,29,147.81,True,5,0.0107,1.0,332.06,scenario_north_heavy,val,development,0.05,3.039999999999992,-1.5188,0.9854,0.0,-0.029999999999972715,7.0,1.0,False,5,206.66666666666669,253.70400000000004,,0.0
2520,4i,150.0,32,0.4634,30,147.81,True,5,0.0395,1.0,331.55,scenario_north_heavy,val,development,0.05,4.02000000000001,-0.5554999999999999,0.9854,0.0,-0.5399999999999636,7.0,6.0,False,10,213.33333333333334,355.8912,,0.0
2525,4i,150.0,29,1.2472,23,147.81,True,4,0.1051,8.0,329.63,scenario_north_heavy,val,development,0.05,45.24000000000001,0.4357000000000001,0.9854,-1.0,-2.4599999999999795,0.0,4.0,False,15,193.33333333333334,868.0512000000001,,0.0
2530,4i,150.0,27,1.0206,23,147.81,True,4,0.1821,8.0,325.16,scenario_north_heavy,val,development,0.05,21.659999999999997,0.6138999999999999,0.9854,-1.0,-6.92999999999995,0.0,9.0,False,20,180.0,661.3488,,0.0
2535,4i,150.0,25,1.0122,23,147.81,True,4,0.3042,8.0,319.96,scenario_north_heavy,val,development,0.05,-0.2599999999999909,0.4125,0.9854,-1.0,-12.129999999999995,0.0,14.0,False,25,166.66666666666669,607.32,,0.0
2540,4i,150.0,25,1.3331,23,147.81,True,4,0.0615,8.0,317.34,scenario_north_heavy,val,development,0.05,-0.03999999999999204,0.5536,0.9854,-1.0,-14.75,0.0,19.0,False,30,166.66666666666669,799.86,,0.0
2545,4i,150.0,24,0.4375,23,147.81,True,4,0.0043,8.0,317.1,scenario_north_heavy,val,development,0.05,0.0,0.09649999999999997,0.9854,-1.0,-14.95999999999998,0.0,24.0,False,35,160.0,252.0,,0.0
2550,4i,150.0,24,0.9481,23,147.81,True,4,0.0001,8.0,317.09,scenario_north_heavy,val,development,0.05,0.0,0.4847000000000001,0.9854,-1.0,-14.460000000000036,1.0,4.0,False,40,160.0,546.1056000000001,,0.0
2555,4i,150.0,24,1.5465,20,147.81,True,4,0.9866,2.21,317.09,scenario_north_heavy,val,development,0.05,0.0,0.2992999999999999,0.9854,0.0,-12.54000000000002,2.0,2.0,False,45,160.0,890.784,,0.0
2560,4i,150.0,22,1.1607,16,147.81,True,3,0.0,102.06,317.09,scenario_north_heavy,val,development,0.05,0.0,0.1401000000000001,0.9854,-1.0,-8.07000000000005,3.0,1.0,False,50,146.66666666666669,612.8496000000001,,0.0
2565,4i,150.0,23,1.1977,16,147.81,True,4,5.4867,102.06,409.06,scenario_north_heavy,val,development,0.05,0.0,0.1855,0.9854,0.0,89.10000000000002,3.0,6.0,False,55,153.33333333333334,661.1304000000001,,0.0
2570,4i,150.0,24,2.0761,15,147.81,True,4,4.2448,102.0,317.13,scenario_north_heavy,val,development,0.05,0.0,0.7429999999999999,0.9854,0.0,-0.20999999999997954,4.0,4.0,True,,160.0,1195.8336,,
2575,4i,150.0,24,1.1173,14,147.81,True,4,4.8657,96.48,317.09,scenario_north_heavy,val,development,0.05,0.0,0.6798,0.9854,0.0,-0.010000000000047748,4.0,9.0,True,,160.0,643.5648000000001,,
2580,4i,150.0,26,1.8617,17,146.48,True,4,4.4402,86.52,317.09,scenario_north_heavy,val,development,0.05,-1.3300000000000125,0.9135999999999999,0.9765333333333333,0.0,0.0,4.0,14.0,True,,173.33333333333334,1161.7008,,
2585,4i,150.0,26,1.4573,19,141.06,False,4,4.1359,58.21,317.09,scenario_north_heavy,val,development,0.05,-6.75,-0.08919999999999995,0.9404,0.0,0.0,4.0,19.0,True,,173.33333333333334,909.3552000000001,-0.225,
2590,4i,150.0,27,0.3958,21,105.26,False,4,1.0694,14.16,317.09,scenario_north_heavy,val,development,0.05,-42.55,-0.7649000000000001,0.7017333333333333,1.0,0.0,4.0,24.0,True,,180.0,256.47839999999997,-1.4183333333333332,
2595,4i,150.0,28,0.58,26,127.22,False,4,0.8454,12.0,313.68,scenario_north_heavy,val,development,0.05,-20.590000000000003,-0.6177,0.8481333333333333,0.0,-95.38,5.0,4.0,False,5,186.66666666666669,389.76000000000005,-0.6863333333333335,
2600,4i,150.0,30,1.3938,27,140.87,False,4,0.2621,12.0,308.67,scenario_north_heavy,val,development,0.05,-6.939999999999998,-0.6822999999999999,0.9391333333333334,0.0,-8.45999999999998,6.0,2.0,True,,200.0,1003.536,-0.23133333333333325,
2605,4i,150.0,33,1.8943,27,140.85,False,5,0.2247,12.0,480.3,scenario_north_heavy,val,development,0.05,-6.960000000000008,0.7770000000000001,0.939,1.0,163.21000000000004,7.0,1.0,False,5,220.0,1500.2856000000002,-0.23200000000000026,
2610,4i,150.0,34,1.3052,28,140.85,False,5,0.4185,12.0,476.28,scenario_north_heavy,val,development,0.05,-5.6299999999999955,-0.5565,0.939,1.0,159.19,7.0,6.0,False,10,226.66666666666669,1065.0432,-0.1876666666666665,
2615,4i,150.0,32,1.4793,23,140.85,False,5,1.3466,4.88,467.44,scenario_north_heavy,val,development,0.05,-0.21000000000000796,0.02200000000000002,0.939,1.0,150.35000000000002,0.0,4.0,False,15,213.33333333333334,1136.1024000000002,-0.0070000000000002656,
2620,4i,150.0,31,2.1262,21,140.85,False,4,0.546,81.05,462.13,scenario_north_heavy,val,development,0.05,35.58999999999999,1.7304,0.939,0.0,145.04000000000002,0.0,9.0,False,20,206.66666666666669,1581.8928,1.186333333333333,
2625,4i,150.0,31,1.502,22,140.85,False,4,0.349,81.05,456.14,scenario_north_heavy,val,development,0.05,13.629999999999995,0.922,0.939,0.0,142.45999999999998,0.0,14.0,False,25,206.66666666666669,1117.4880000000003,0.4543333333333332,
2630,4i,150.0,33,1.7057,25,140.85,False,4,0.1368,81.05,451.67,scenario_north_heavy,val,development,0.05,-0.020000000000010232,0.31190000000000007,0.939,0.0,143.0,0.0,19.0,False,30,220.0,1350.9144000000001,-0.0006666666666670077,
2635,4i,150.0,33,0.7948,27,140.85,False,4,0.4803,81.05,446.26,scenario_north_heavy,val,development,0.05,0.0,-1.0995000000000001,0.939,-1.0,-34.04000000000002,0.0,24.0,False,35,220.0,629.4816,0.0,
2640,4i,150.0,34,1.123,29,140.85,False,4,0.3069,81.05,442.92,scenario_north_heavy,val,development,0.05,0.0,-0.18219999999999992,0.939,-1.0,-33.35999999999996,1.0,4.0,False,40,226.66666666666669,916.368,0.0,
2645,4i,150.0,32,0.6042,29,140.85,False,4,0.3833,81.05,437.66,scenario_north_heavy,val,development,0.05,0.0,-0.8751000000000001,0.939,-1.0,-29.779999999999973,2.0,2.0,False,45,213.33333333333334,464.02559999999994,0.0,
2650,4i,150.0,31,0.4608,26,140.85,False,4,0.2581,81.05,432.91,scenario_north_heavy,val,development,0.05,0.0,-1.6654,0.939,0.0,-29.21999999999997,3.0,1.0,False,50,206.66666666666669,342.8352,0.0,
2655,4i,150.0,33,1.0644,29,140.85,False,4,0.0378,81.05,430.09,scenario_north_heavy,val,development,0.05,0.0,-0.4376,0.939,0.0,-26.05000000000001,3.0,6.0,False,55,220.0,843.0048,0.0,
2660,4i,150.0,33,0.5127,31,140.85,False,4,0.0496,80.69,429.66,scenario_north_heavy,val,development,0.05,0.0,-1.193,0.939,0.0,-22.00999999999999,4.0,4.0,True,,220.0,406.05840000000006,0.0,
2665,4i,150.0,33,0.2066,32,140.82,False,4,0.0252,80.0,429.64,scenario_north_heavy,val,development,0.05,-0.030000000000001137,-0.5882,0.9388,0.0,-16.620000000000005,4.0,9.0,True,,220.0,163.62720000000002,-0.001000000000000038,
2670,4i,150.0,35,0.8073,33,140.36,False,4,0.0384,79.37,429.64,scenario_north_heavy,val,development,0.05,-0.4899999999999807,-0.3157,0.9357333333333334,0.0,-13.28000000000003,4.0,14.0,True,,233.33333333333334,678.1320000000001,-0.01633333333333269,
2675,4i,150.0,35,0.6252,30,139.72,False,4,0.0401,79.3,429.64,scenario_north_heavy,val,development,0.05,-1.1299999999999955,0.02100000000000002,0.9314666666666667,0.0,-8.020000000000039,4.0,19.0,True,,233.33333333333334,525.168,-0.037666666666666515,
2680,4i,150.0,35,0.0663,34,139.17,False,4,0.0303,79.3,429.64,scenario_north_heavy,val,development,0.05,-1.6800000000000068,-0.39449999999999996,0.9278,0.0,-3.2700000000000387,4.0,24.0,True,,233.33333333333334,55.692,-0.05600000000000023,
2685,4i,150.0,37,0.8103,33,139.1,False,4,0.0028,79.3,429.64,scenario_north_heavy,val,development,0.05,-1.75,-0.2541,0.9273333333333333,0.0,-0.44999999999998863,5.0,4.0,False,5,246.66666666666669,719.5464000000002,-0.058333333333333334,
2690,4i,150.0,37,0.4627,35,139.1,False,4,0.007,79.3,429.64,scenario_north_heavy,val,development,0.05,-1.75,-0.050000000000000044,0.9273333333333333,0.0,-0.020000000000038654,6.0,2.0,True,,246.66666666666669,410.87760000000003,-0.058333333333333334,
2695,4i,150.0,37,0.1525,35,139.1,False,4,0.0279,79.3,429.64,scenario_north_heavy,val,development,0.05,-1.7199999999999989,-0.05410000000000001,0.9273333333333333,0.0,0.0,7.0,1.0,False,5,246.66666666666669,135.42000000000002,-0.0573333333333333,
2700,4i,150.0,39,0.9082,32,139.1,False,5,5.1518,75.86,455.53,scenario_north_heavy,val,development,0.05,-1.2600000000000193,0.10089999999999999,0.9273333333333333,1.0,25.889999999999986,7.0,6.0,False,10,260.0,850.0752,-0.04200000000000064,
2705,4i,150.0,36,0.6529,31,138.91,False,5,4.7866,74.07,429.64,scenario_north_heavy,val,development,0.05,-0.8100000000000023,0.027700000000000058,0.9260666666666666,1.0,0.0,0.0,4.0,False,15,240.0,564.1056000000001,-0.027000000000000076,
2710,4i,150.0,34,0.0592,34,135.64,False,5,4.5628,74.05,429.64,scenario_north_heavy,val,development,0.05,-3.530000000000001,-0.007099999999999995,0.9042666666666666,1.0,0.0,0.0,9.0,False,20,226.66666666666669,48.3072,-0.11766666666666671,
2715,4i,150.0,37,0.7336,35,148.23,True,5,3.901,74.05,429.55,scenario_north_heavy,val,development,0.05,9.129999999999995,-0.07669999999999999,0.9882,1.0,-0.08999999999997499,0.0,14.0,False,25,246.66666666666669,651.4368000000001,,0.0
2720,4i,150.0,37,0.4397,36,147.9,True,5,3.2636,41.5,429.28,scenario_north_heavy,val,development,0.05,8.800000000000011,-0.02300000000000002,0.986,1.0,-0.36000000000001364,0.0,19.0,False,30,246.66666666666669,390.4536,,0.0
2725,4i,150.0,36,0.0,36,147.89,True,4,0.0255,74.05,428.79,scenario_north_heavy,val,development,0.05,8.789999999999992,-0.1525,0.9859333333333332,0.0,-0.8499999999999659,0.0,24.0,False,35,240.0,0.0,,0.0
2730,4i,150.0,38,0.6291,36,147.89,True,4,0.1314,74.05,428.26,scenario_north_heavy,val,development,0.05,8.789999999999992,-0.2791,0.9859333333333332,-1.0,-27.269999999999982,1.0,4.0,False,40,253.33333333333334,573.7392,,0.0
2735,4i,150.0,36,0.4889,33,147.89,True,4,0.2011,74.05,427.99,scenario_north_heavy,val,development,0.05,8.97999999999999,-0.16400000000000003,0.9859333333333332,-1.0,-1.6499999999999773,2.0,2.0,False,45,240.0,422.4096,,0.0
2740,4i,150.0,35,0.2981,31,147.89,True,4,0.0839,74.05,427.91,scenario_north_heavy,val,development,0.05,12.25,0.23889999999999997,0.9859333333333332,-1.0,-1.7299999999999613,3.0,1.0,False,50,233.33333333333334,250.404,,0.0
2745,4i,150.0,37,0.5826,34,147.89,True,4,0.0111,74.03,427.89,scenario_north_heavy,val,development,0.05,-0.3400000000000034,-0.15100000000000002,0.9859333333333332,-1.0,-1.660000000000025,3.0,6.0,False,55,246.66666666666669,517.3488000000001,,0.0
2750,4i,150.0,37,0.4117,36,147.89,True,4,0.0368,73.53,427.85,scenario_north_heavy,val,development,0.05,-0.010000000000019327,-0.02799999999999997,0.9859333333333332,-1.0,-1.42999999999995,4.0,4.0,True,,246.66666666666669,365.5896000000001,,
2755,4i,150.0,37,0.2795,33,147.87,True,4,0.0274,73.4,427.23,scenario_north_heavy,val,development,0.05,-0.01999999999998181,0.2795,0.9858,0.0,-1.5600000000000023,4.0,9.0,True,,246.66666666666669,248.19600000000008,,
2760,4i,150.0,39,0.6929,36,147.52,True,4,0.0852,73.4,425.66,scenario_north_heavy,val,development,0.05,-0.3699999999999761,0.06379999999999997,0.9834666666666667,0.0,-2.599999999999966,4.0,14.0,True,,260.0,648.5544,,
2765,4i,150.0,39,0.457,36,147.25,True,4,0.0965,72.52,423.65,scenario_north_heavy,val,development,0.05,-0.6399999999999864,-0.031899999999999984,0.9816666666666667,0.0,-4.340000000000032,4.0,19.0,True,,260.0,427.752,,
2770,4i,150.0,39,0.3061,34,147.1,True,4,0.1211,71.74,422.95,scenario_north_heavy,val,development,0.05,-0.789999999999992,0.008000000000000007,0.9806666666666666,0.0,-4.960000000000036,4.0,24.0,True,,260.0,286.50960000000003,,
2775,4i,150.0,40,0.2451,35,146.42,True,4,0.0749,68.23,422.68,scenario_north_heavy,val,development,0.05,-1.4699999999999989,-0.3375,0.9761333333333333,0.0,-5.2099999999999795,5.0,4.0,False,5,266.6666666666667,235.29600000000002,,0.0
2780,4i,150.0,41,0.6312,36,145.71,True,4,0.218,67.12,422.65,scenario_north_heavy,val,development,0.05,-2.1799999999999784,0.21949999999999997,0.9714,0.0,-5.2000000000000455,6.0,2.0,True,,273.33333333333337,621.1008000000002,,
2785,4i,150.0,42,0.4058,36,142.52,False,4,0.2358,67.05,422.64,scenario_north_heavy,val,development,0.05,-5.349999999999994,0.12629999999999997,0.9501333333333334,0.0,-4.590000000000032,7.0,1.0,False,5,280.0,409.0464,-0.17833333333333315,
2790,4i,150.0,44,0.6954,39,145.81,True,4,0.0479,67.05,422.64,scenario_north_heavy,val,development,0.05,-1.710000000000008,0.0025000000000000577,0.9720666666666666,0.0,-3.0200000000000387,7.0,6.0,False,10,293.33333333333337,734.3424000000002,,0.0
2795,4i,150.0,41,0.5634,36,144.98,False,4,0.0333,67.05,422.64,scenario_north_heavy,val,development,0.05,-2.2700000000000102,0.1064,0.9665333333333332,0.0,-1.009999999999991,0.0,4.0,False,15,273.33333333333337,554.3856000000002,-0.075666666666667,
2800,4i,150.0,39,0.2859,36,144.89,False,4,0.0326,67.05,422.63,scenario_north_heavy,val,development,0.05,-2.210000000000008,-0.020199999999999996,0.9659333333333332,0.0,-0.3199999999999932,0.0,9.0,False,20,260.0,267.6024,-0.07366666666666694,
2805,4i,150.0,40,0.7386,36,144.89,False,4,0.1671,67.05,422.54,scenario_north_heavy,val,development,0.05,-1.5300000000000011,0.49350000000000005,0.9659333333333332,0.0,-0.13999999999998636,0.0,14.0,False,25,266.6666666666667,709.056,-0.05100000000000004,
2810,4i,150.0,40,0.5208,36,144.89,False,4,0.1163,67.05,422.28,scenario_north_heavy,val,development,0.05,-0.8200000000000216,-0.11039999999999994,0.9659333333333332,0.0,-0.37000000000000455,0.0,19.0,False,30,266.6666666666667,499.9680000000001,-0.027333333333334053,
2815,4i,150.0,39,0.0778,39,144.89,False,4,0.0662,67.05,422.04,scenario_north_heavy,val,development,0.05,2.369999999999976,-0.328,0.9659333333333332,0.0,-0.5999999999999659,0.0,24.0,False,35,260.0,72.8208,0.07899999999999921,
2820,4i,150.0,41,0.4639,39,144.89,False,4,0.017,67.05,421.74,scenario_north_heavy,val,development,0.05,-0.9200000000000159,-0.23150000000000004,0.9659333333333332,0.0,-0.8999999999999773,1.0,4.0,False,40,273.33333333333337,456.47760000000005,-0.030666666666667196,
2825,4i,150.0,39,0.5189,37,144.89,False,4,0.0185,67.05,421.29,scenario_north_heavy,val,development,0.05,-0.09000000000000341,-0.044499999999999984,0.9659333333333332,0.0,-1.349999999999966,2.0,2.0,False,45,260.0,485.6904,-0.0030000000000001137,
2830,4i,150.0,39,0.5026,33,144.89,False,4,0.1125,67.05,420.06,scenario_north_heavy,val,development,0.05,0.0,0.21670000000000006,0.9659333333333332,0.0,-2.569999999999993,3.0,1.0,False,50,260.0,470.43360000000007,0.0,
2835,4i,150.0,40,1.0644,31,144.89,False,4,0.1031,67.05,418.05,scenario_north_heavy,val,development,0.05,0.0,0.3258,0.9659333333333332,0.0,-4.490000000000009,3.0,6.0,False,55,266.6666666666667,1021.8240000000001,0.0,
2840,4i,150.0,40,1.2172,30,144.89,False,5,0.0452,67.05,473.26,scenario_north_heavy,val,development,0.05,0.0,0.6964,0.9659333333333332,1.0,50.98000000000002,4.0,4.0,True,,266.6666666666667,1168.5120000000002,0.0,
2845,4i,150.0,41,0.5382,34,144.89,False,5,0.0766,67.05,472.25,scenario_north_heavy,val,development,0.05,0.0,0.46040000000000003,0.9659333333333332,1.0,50.20999999999998,4.0,9.0,True,,273.33333333333337,529.5888000000001,0.0,
2850,4i,150.0,41,0.1704,39,144.89,False,5,0.1185,62.94,470.98,scenario_north_heavy,val,development,0.05,0.0,-0.2935,0.9659333333333332,1.0,49.24000000000001,4.0,14.0,True,,273.33333333333337,167.67360000000002,0.0,
2855,4i,150.0,42,0.4742,41,144.85,False,5,0.0388,61.64,470.5,scenario_north_heavy,val,development,0.05,-0.03999999999999204,-0.04470000000000002,0.9656666666666667,1.0,49.20999999999998,4.0,19.0,True,,280.0,477.9936,-0.001333333333333068,
2860,4i,150.0,43,0.5881,40,142.56,False,5,0.1284,61.34,470.42,scenario_north_heavy,val,development,0.05,-2.329999999999984,0.08549999999999991,0.9504,1.0,50.360000000000014,4.0,24.0,True,,286.6666666666667,606.9191999999999,-0.07766666666666613,
2865,4i,150.0,44,0.5087,42,139.93,False,5,0.1204,60.89,470.4,scenario_north_heavy,val,development,0.05,-4.9599999999999795,-0.5557,0.9328666666666667,1.0,52.349999999999966,5.0,4.0,False,5,293.33333333333337,537.1872000000002,-0.16533333333333264,
2870,4i,150.0,44,0.3242,42,139.29,False,5,0.0124,60.34,470.4,scenario_north_heavy,val,development,0.05,-5.599999999999994,-0.893,0.9286,0.0,-2.8600000000000136,6.0,2.0,True,,293.33333333333337,342.3552,-0.18666666666666648,
2875,4i,150.0,45,0.1062,43,138.95,False,5,0.0487,60.34,470.4,scenario_north_heavy,val,development,0.05,-5.939999999999998,-0.432,0.9263333333333332,0.0,-1.8500000000000227,7.0,1.0,False,5,300.0,114.696,-0.19799999999999993,
2880,4i,150.0,46,0.3863,45,139.73,False,5,0.0415,60.34,470.4,scenario_north_heavy,val,development,0.05,-5.159999999999997,0.21589999999999998,0.9315333333333332,0.0,-0.5800000000000409,7.0,6.0,False,10,306.6666666666667,426.4752,-0.17199999999999988,
2885,4i,150.0,42,0.4527,40,139.71,False,5,0.1583,60.34,470.4,scenario_north_heavy,val,development,0.05,-5.139999999999986,-0.02150000000000002,0.9314,0.0,-0.10000000000002274,0.0,4.0,False,15,280.0,456.3216,-0.17133333333333287,
2890,4i,150.0,42,0.3787,38,139.71,False,5,0.0479,60.34,470.4,scenario_north_heavy,val,development,0.05,-2.8499999999999943,-0.20939999999999998,0.9314,0.0,-0.020000000000038654,0.0,9.0,False,20,280.0,381.72959999999995,-0.0949999999999998,
2895,4i,150.0,41,0.5978,39,143.71,False,5,0.0125,60.34,470.4,scenario_north_heavy,val,development,0.05,3.780000000000001,0.08909999999999996,0.9580666666666667,0.0,0.0,0.0,14.0,False,25,273.33333333333337,588.2352000000002,0.12600000000000003,
2900,4i,150.0,40,0.3687,39,143.71,False,5,0.0285,60.34,470.4,scenario_north_heavy,val,development,0.05,4.420000000000016,0.04450000000000004,0.9580666666666667,0.0,0.0,0.0,19.0,False,30,266.6666666666667,353.95200000000006,0.14733333333333387,
2905,4i,150.0,39,0.0,39,143.71,False,5,0.0309,60.34,470.38,scenario_north_heavy,val,development,0.05,4.760000000000019,-0.1062,0.9580666666666667,0.0,-0.01999999999998181,0.0,24.0,False,35,260.0,0.0,0.15866666666666732,
2910,4i,150.0,39,0.0,39,143.71,False,5,0.0971,60.34,470.09,scenario_north_heavy,val,development,0.05,3.980000000000018,-0.3863,0.9580666666666667,0.0,-0.3100000000000023,1.0,4.0,False,40,260.0,0.0,0.13266666666666727,
2915,4i,150.0,39,0.6586,36,143.71,False,5,0.1221,60.34,468.82,scenario_north_heavy,val,development,0.05,4.0,0.20589999999999997,0.9580666666666667,0.0,-1.579999999999984,2.0,2.0,False,45,260.0,616.4495999999999,0.13333333333333333,
2920,4i,150.0,38,1.427,23,138.18,False,5,0.1778,60.34,466.71,scenario_north_heavy,val,development,0.05,-1.5300000000000011,1.0483,0.9212,0.0,-3.6899999999999977,3.0,1.0,False,50,253.33333333333334,1301.424,-0.05100000000000004,
2925,4i,150.0,38,1.378,23,138.18,False,5,0.0665,60.34,465.36,scenario_north_heavy,val,development,0.05,-5.530000000000001,0.7801999999999999,0.9212,0.0,-5.039999999999964,3.0,6.0,False,55,253.33333333333334,1256.736,-0.18433333333333338,
2930,4i,150.0,40,1.0132,29,148.25,True,5,0.4726,55.47,464.58,scenario_north_heavy,val,development,0.05,4.539999999999992,0.6445000000000001,0.9883333333333333,0.0,-5.819999999999993,4.0,4.0,True,,266.6666666666667,972.6720000000003,,
2935,4i,150.0,40,0.5981,31,138.18,False,5,0.0259,52.84,464.15,scenario_north_heavy,val,development,0.05,-5.530000000000001,0.5981,0.9212,0.0,-6.230000000000018,4.0,9.0,True,,266.6666666666667,574.1759999999999,-0.18433333333333338,
2940,4i,150.0,41,0.3874,34,148.46,True,5,0.3181,51.61,463.83,scenario_north_heavy,val,development,0.05,4.75,0.3874,0.9897333333333334,0.0,-6.259999999999991,4.0,14.0,True,,273.33333333333337,381.2016000000001,,
2945,4i,150.0,43,0.6792,40,147.94,True,5,0.1351,49.51,463.7,scenario_north_heavy,val,development,0.05,4.22999999999999,0.020600000000000063,0.9862666666666666,0.0,-5.1200000000000045,4.0,19.0,True,,286.6666666666667,700.9344000000001,,
2950,4i,150.0,45,0.3242,40,149.25,True,5,0.088,49.35,463.68,scenario_north_heavy,val,development,0.05,11.069999999999993,-1.1028,0.995,0.0,-3.0299999999999727,4.0,24.0,True,,300.0,350.13599999999997,,
2955,4i,150.0,45,0.127,43,147.47,True,5,0.0616,49.35,463.68,scenario_north_heavy,val,development,0.05,9.289999999999992,-1.251,0.9831333333333333,0.0,-1.6800000000000068,5.0,4.0,False,5,300.0,137.16,,0.0
2960,4i,150.0,46,0.413,45,145.46,True,5,0.037,49.35,463.68,scenario_north_heavy,val,development,0.05,-2.789999999999992,-0.6002000000000001,0.9697333333333333,0.0,-0.8999999999999773,6.0,2.0,True,,306.6666666666667,455.952,,
2965,4i,150.0,46,0.1255,45,145.26,True,5,0.113,49.35,463.68,scenario_north_heavy,val,development,0.05,7.079999999999984,-0.47259999999999996,0.9683999999999999,0.0,-0.46999999999997044,7.0,1.0,False,5,306.6666666666667,138.55200000000002,,0.0
2970,4i,150.0,46,0.0003,46,145.23,True,5,0.1071,49.35,463.68,scenario_north_heavy,val,development,0.05,-3.230000000000018,-0.3871,0.9682,0.0,-0.14999999999997726,7.0,6.0,False,10,306.6666666666667,0.33120000000000005,,0.0
2975,4i,150.0,45,0.4791,41,148.72,True,5,0.1028,49.35,463.68,scenario_north_heavy,val,development,0.05,0.7800000000000011,-0.2001,0.9914666666666666,0.0,-0.01999999999998181,0.0,4.0,False,15,300.0,517.428,,0.0
2980,4i,150.0,41,0.3518,39,148.72,True,5,0.0088,49.35,463.68,scenario_north_heavy,val,development,0.05,-0.5300000000000011,0.027600000000000013,0.9914666666666666,0.0,0.0,0.0,9.0,False,20,273.33333333333337,346.17120000000006,,0.0
2985,4i,150.0,39,0.0,39,148.72,True,5,0.031,49.35,463.68,scenario_north_heavy,val,development,0.05,1.25,-0.127,0.9914666666666666,0.0,0.0,0.0,14.0,False,25,260.0,0.0,,0.0
2990,4i,150.0,40,0.422,39,148.72,True,5,0.1017,49.35,463.5,scenario_north_heavy,val,development,0.05,3.259999999999991,0.009000000000000008,0.9914666666666666,0.0,-0.18000000000000682,0.0,19.0,False,30,266.6666666666667,405.12,,0.0
2995,4i,150.0,40,0.2921,39,148.72,True,5,0.2015,49.35,462.75,scenario_north_heavy,val,development,0.05,3.460000000000008,0.16660000000000003,0.9914666666666666,0.0,-0.9300000000000068,0.0,24.0,False,35,266.6666666666667,280.41600000000005,,0.0
3000,4i,150.0,39,0.0,39,148.72,True,5,0.1995,49.35,460.75,scenario_north_heavy,val,development,0.05,3.490000000000009,-0.0003,0.9914666666666666,0.0,-2.930000000000007,1.0,4.0,False,40,260.0,0.0,,0.0
3005,4i,150.0,39,0.5197,36,148.72,True,5,0.2358,49.35,457.28,scenario_north_heavy,val,development,0.05,0.0,0.040600000000000025,0.9914666666666666,0.0,-6.400000000000034,2.0,2.0,False,45,260.0,486.4392,,0.0
3010,4i,150.0,39,0.5513,33,148.72,True,5,0.1202,49.35,454.55,scenario_north_heavy,val,development,0.05,0.0,0.1995,0.9914666666666666,0.0,-9.129999999999995,3.0,1.0,False,50,260.0,516.0168,,0.0
3015,4i,150.0,39,0.6798,32,148.72,True,5,0.1766,47.24,453.13,scenario_north_heavy,val,development,0.05,0.0,0.6798,0.9914666666666666,0.0,-10.550000000000011,3.0,6.0,False,55,260.0,636.2928,,0.0
3020,4i,150.0,40,1.1676,29,145.23,True,5,0.1002,45.45,452.77,scenario_north_heavy,val,development,0.05,-3.490000000000009,0.7456,0.9682,0.0,-10.730000000000018,4.0,4.0,True,,266.6666666666667,1120.8960000000002,,
3025,4i,150.0,40,1.2558,29,145.1,True,5,0.0719,44.14,452.71,scenario_north_heavy,val,development,0.05,-3.6200000000000045,0.9637,0.9673333333333333,0.0,-10.04000000000002,4.0,9.0,True,,266.6666666666667,1205.568,,
3030,4i,150.0,40,0.5036,30,143.38,False,5,0.0828,44.11,452.7,scenario_north_heavy,val,development,0.05,-5.340000000000003,0.5036,0.9558666666666666,0.0,-8.050000000000011,4.0,14.0,True,,266.6666666666667,483.4560000000001,-0.1780000000000001,
3035,4i,150.0,41,0.2379,35,141.34,False,5,0.0586,44.11,452.69,scenario_north_heavy,val,development,0.05,-7.3799999999999955,-0.28180000000000005,0.9422666666666667,0.0,-4.589999999999975,4.0,19.0,True,,273.33333333333337,234.09360000000004,-0.24599999999999986,
3040,4i,150.0,43,0.5665,39,140.14,False,5,0.0058,44.11,452.69,scenario_north_heavy,val,development,0.05,-8.580000000000013,0.015199999999999991,0.9342666666666666,0.0,-1.8600000000000136,4.0,24.0,True,,286.6666666666667,584.628,-0.2860000000000004,
3045,4i,150.0,44,0.1036,42,142.01,False,5,0.0393,44.11,452.69,scenario_north_heavy,val,development,0.05,-6.710000000000008,-0.5761999999999999,0.9467333333333333,0.0,-0.4399999999999977,5.0,4.0,False,5,293.33333333333337,109.40160000000002,-0.22366666666666693,
3050,4i,150.0,44,0.0013,44,148.54,True,5,0.1202,44.11,452.69,scenario_north_heavy,val,development,0.05,3.3100000000000023,-1.1663,0.9902666666666666,0.0,-0.07999999999998408,6.0,2.0,True,,293.33333333333337,1.3728000000000002,,
3055,4i,150.0,45,0.2989,44,148.52,True,5,0.0704,44.11,452.69,scenario_north_heavy,val,development,0.05,3.420000000000016,-0.9569000000000001,0.9901333333333334,0.0,-0.01999999999998181,7.0,1.0,False,5,300.0,322.812,,0.0
3060,4i,150.0,45,0.1413,44,148.52,True,5,0.0338,44.11,452.69,scenario_north_heavy,val,development,0.05,5.140000000000015,-0.36230000000000007,0.9901333333333334,0.0,-0.009999999999990905,7.0,6.0,False,10,300.0,152.604,,0.0
3065,4i,150.0,44,0.0037,44,148.52,True,5,0.0057,44.11,452.69,scenario_north_heavy,val,development,0.05,7.180000000000007,-0.2342,0.9901333333333334,0.0,0.0,0.0,4.0,False,15,293.33333333333337,3.9072000000000005,,0.0
3070,4i,150.0,45,0.376,44,148.52,True,5,0.0097,44.11,452.69,scenario_north_heavy,val,development,0.05,8.380000000000024,-0.1905,0.9901333333333334,0.0,0.0,0.0,9.0,False,20,300.0,406.08000000000004,,0.0
3075,4i,150.0,45,0.0693,44,148.52,True,5,0.0611,44.11,452.61,scenario_north_heavy,val,development,0.05,6.510000000000019,-0.0343,0.9901333333333334,0.0,-0.07999999999998408,0.0,14.0,False,25,300.0,74.84400000000001,,0.0
3080,4i,150.0,45,0.0,45,148.52,True,5,0.0819,44.11,452.12,scenario_north_heavy,val,development,0.05,-0.01999999999998181,-0.0013,0.9901333333333334,0.0,-0.5699999999999932,0.0,19.0,False,30,300.0,0.0,,0.0
3085,4i,150.0,46,0.2249,45,148.52,True,5,0.1259,44.11,450.33,scenario_north_heavy,val,development,0.05,0.0,-0.07400000000000001,0.9901333333333334,0.0,-2.3600000000000136,0.0,24.0,False,35,306.6666666666667,248.28960000000004,,0.0
3090,4i,150.0,46,0.1271,45,148.52,True,5,0.0803,44.11,448.58,scenario_north_heavy,val,development,0.05,0.0,-0.014200000000000018,0.9901333333333334,0.0,-4.110000000000014,1.0,4.0,False,40,306.6666666666667,140.3184,,0.0
3095,4i,150.0,44,0.1321,41,148.52,True,5,0.0174,44.11,447.75,scenario_north_heavy,val,development,0.05,0.0,0.1284,0.9901333333333334,0.0,-4.939999999999998,2.0,2.0,False,45,293.33333333333337,139.4976,,0.0
3100,4i,150.0,44,0.503,39,148.52,True,5,0.0036,44.11,447.5,scenario_north_heavy,val,development,0.05,0.0,0.127,0.9901333333333334,0.0,-5.189999999999998,3.0,1.0,False,50,293.33333333333337,531.168,,0.0
3105,4i,150.0,44,0.2674,36,148.52,True,5,0.1754,42.68,447.46,scenario_north_heavy,val,development,0.05,0.0,0.19810000000000003,0.9901333333333334,0.0,-5.150000000000034,3.0,6.0,False,55,293.33333333333337,282.3744000000001,,0.0
3110,4i,150.0,44,0.2407,38,148.52,True,5,0.1457,34.29,447.45,scenario_north_heavy,val,development,0.05,0.0,0.2407,0.9901333333333334,0.0,-4.670000000000016,4.0,4.0,True,,293.33333333333337,254.1792,,
3115,4i,150.0,45,0.5048,40,148.1,True,5,0.1081,34.01,447.45,scenario_north_heavy,val,development,0.05,-0.4200000000000159,0.27990000000000004,0.9873333333333333,0.0,-2.8799999999999955,4.0,9.0,True,,300.0,545.1840000000001,,
3120,4i,150.0,46,0.3004,43,149.57,True,5,0.2281,34.01,447.45,scenario_north_heavy,val,development,0.05,1.049999999999983,0.1733,0.9971333333333333,0.0,-1.1299999999999955,4.0,14.0,True,,306.6666666666667,331.6416,,
3125,4i,150.0,48,0.4016,46,147.99,True,5,0.1653,34.01,447.45,scenario_north_heavy,val,development,0.05,-0.5300000000000011,0.2695,0.9866,0.0,-0.30000000000001137,4.0,19.0,True,,320.0,462.64320000000004,,
3130,4i,150.0,48,0.169,47,147.78,True,5,0.0027,34.01,447.45,scenario_north_heavy,val,development,0.05,-0.7400000000000091,-0.33399999999999996,0.9852,0.0,-0.05000000000001137,4.0,24.0,True,,320.0,194.68800000000002,,
3135,4i,150.0,49,0.0039,49,149.66,True,5,0.0454,34.01,447.45,scenario_north_heavy,val,development,0.05,1.1399999999999864,-0.2635,0.9977333333333334,0.0,-0.009999999999990905,5.0,4.0,False,5,326.6666666666667,4.5864,,0.0
3140,4i,150.0,49,0.002,49,149.6,True,5,0.1269,34.01,447.45,scenario_north_heavy,val,development,0.05,1.079999999999984,-0.2387,0.9973333333333333,0.0,0.0,6.0,2.0,True,,326.6666666666667,2.3520000000000003,,
3145,4i,150.0,50,0.1791,49,149.6,True,5,0.1427,34.01,447.45,scenario_north_heavy,val,development,0.05,1.5,-0.3257,0.9973333333333333,0.0,0.0,7.0,1.0,False,5,333.33333333333337,214.92000000000002,,0.0
3150,4i,150.0,50,0.0067,50,149.6,True,5,0.0478,34.01,447.45,scenario_north_heavy,val,development,0.05,0.030000000000001137,-0.2937,0.9973333333333333,0.0,0.0,7.0,6.0,False,10,333.33333333333337,8.040000000000001,,0.0
3155,4i,150.0,48,0.3226,42,149.6,True,5,0.0084,34.01,447.45,scenario_north_heavy,val,development,0.05,1.6099999999999852,-0.07900000000000001,0.9973333333333333,0.0,0.0,0.0,4.0,False,15,320.0,371.6352,,0.0
3160,4i,150.0,45,0.8543,35,149.6,True,5,0.0244,34.01,447.45,scenario_north_heavy,val,development,0.05,1.8199999999999932,0.6852999999999999,0.9973333333333333,0.0,0.0,0.0,9.0,False,20,300.0,922.6439999999999,,0.0
3165,4i,150.0,41,1.078,28,149.6,True,5,0.0678,34.01,447.4,scenario_north_heavy,val,development,0.05,-0.060000000000002274,1.0741,0.9973333333333333,0.0,-0.05000000000001137,0.0,14.0,False,25,273.33333333333337,1060.7520000000002,,0.0
3170,4i,150.0,39,1.7169,26,149.6,True,5,0.118,34.01,446.5,scenario_north_heavy,val,development,0.05,0.0,1.7149,0.9973333333333333,0.0,-0.9499999999999886,0.0,19.0,False,30,260.0,1607.0184000000002,,0.0
3175,4i,150.0,36,2.1078,21,149.6,True,5,0.259,34.01,444.39,scenario_north_heavy,val,development,0.05,0.0,1.9287,0.9973333333333333,0.0,-3.0600000000000023,0.0,24.0,False,35,240.0,1821.1392,,0.0
3180,4i,150.0,36,1.6174,20,149.6,True,5,0.1611,34.01,440.36,scenario_north_heavy,val,development,0.05,0.0,1.6107,0.9973333333333333,0.0,-7.089999999999975,1.0,4.0,False,40,240.0,1397.4335999999998,,0.0
3185,4i,150.0,34,1.1203,23,149.6,True,5,0.0607,34.01,438.24,scenario_north_heavy,val,development,0.05,0.0,0.7977000000000001,0.9973333333333333,0.0,-9.20999999999998,2.0,2.0,False,45,226.66666666666669,914.1648000000001,,0.0
3190,4i,150.0,35,1.5456,23,149.6,True,5,0.2964,31.85,437.47,scenario_north_heavy,val,development,0.05,0.0,0.6913000000000001,0.9973333333333333,0.0,-9.979999999999961,3.0,1.0,False,50,233.33333333333334,1298.304,,0.0
3195,4i,150.0,36,0.9683,24,149.6,True,5,0.1931,19.53,437.36,scenario_north_heavy,val,development,0.05,0.0,-0.10970000000000002,0.9973333333333333,0.0,-10.039999999999964,3.0,6.0,False,55,240.0,836.6112,,0.0
3200,4i,150.0,39,1.1003,27,149.6,True,5,0.1408,19.01,437.35,scenario_north_heavy,val,development,0.05,0.0,-0.6166,0.9973333333333333,0.0,-9.149999999999977,4.0,4.0,True,,260.0,1029.8808000000001,,
3205,4i,150.0,41,1.0087,29,148.62,True,5,0.2688,19.0,437.35,scenario_north_heavy,val,development,0.05,-0.9799999999999898,-1.0991000000000002,0.9908,0.0,-7.039999999999964,4.0,9.0,True,,273.33333333333337,992.5608000000001,,
3210,4i,150.0,43,0.3918,33,144.68,False,5,0.182,19.0,437.35,scenario_north_heavy,val,development,0.05,-4.9199999999999875,-1.2256,0.9645333333333334,0.0,-3.009999999999991,4.0,14.0,True,,286.6666666666667,404.3376,-0.1639999999999996,
3215,4i,150.0,45,0.2197,38,124.93,False,5,0.0024,19.0,437.35,scenario_north_heavy,val,development,0.05,-24.669999999999987,-0.9006000000000001,0.8328666666666668,0.0,-0.8899999999999864,4.0,19.0,True,,300.0,237.276,-0.8223333333333329,
3220,4i,150.0,48,0.3374,47,149.9,True,5,0.0112,19.0,437.35,scenario_north_heavy,val,development,0.05,0.30000000000001137,-1.2082000000000002,0.9993333333333334,0.0,-0.12000000000000455,4.0,24.0,True,,320.0,388.6848,,
3225,4i,150.0,48,0.1363,47,149.52,True,5,0.1628,19.0,437.35,scenario_north_heavy,val,development,0.05,-0.07999999999998408,-0.8320000000000001,0.9968,0.0,-0.009999999999990905,5.0,4.0,False,5,320.0,157.01760000000002,,0.0
3230,4i,150.0,49,0.3752,48,149.52,True,5,0.3976,19.0,437.35,scenario_north_heavy,val,development,0.05,-0.07999999999998408,-0.7251000000000001,0.9968,0.0,0.0,6.0,2.0,True,,326.6666666666667,441.2352,,
3235,4i,150.0,49,0.252,48,149.52,True,5,0.46,19.0,436.85,scenario_north_heavy,val,development,0.05,0.9000000000000057,-0.7566999999999999,0.9968,0.0,-0.5,7.0,1.0,False,5,326.6666666666667,296.35200000000003,,0.0
3240,4i,150.0,49,0.0103,48,149.52,True,5,0.2515,19.0,432.82,scenario_north_heavy,val,development,0.05,4.840000000000003,-0.3815,0.9968,0.0,-4.53000000000003,7.0,6.0,False,10,326.6666666666667,12.112800000000002,,0.0
3245,4i,150.0,45,0.3353,40,149.52,True,5,0.3037,19.0,428.49,scenario_north_heavy,val,development,0.05,24.590000000000003,0.11559999999999998,0.9968,0.0,-8.860000000000014,0.0,4.0,False,15,300.0,362.12399999999997,,0.0
3250,4i,150.0,40,1.0541,32,149.52,True,5,0.3693,19.0,425.25,scenario_north_heavy,val,development,0.05,-0.37999999999999545,0.7167000000000001,0.9968,0.0,-12.100000000000023,0.0,9.0,False,20,266.6666666666667,1011.9360000000001,,0.0
3255,4i,150.0,37,1.2611,29,149.52,True,5,0.2239,19.0,423.12,scenario_north_heavy,val,development,0.05,0.0,1.1248,0.9968,0.0,-14.230000000000018,0.0,14.0,False,25,246.66666666666669,1119.8568000000002,,0.0
3260,4i,150.0,33,1.2885,24,149.52,True,5,0.2249,19.0,418.57,scenario_north_heavy,val,development,0.05,0.0,0.9133,0.9968,0.0,-18.78000000000003,0.0,19.0,False,30,220.0,1020.4920000000001,,0.0
3265,4i,150.0,32,2.1989,20,148.96,True,5,0.1286,19.0,413.26,scenario_north_heavy,val,development,0.05,-0.5600000000000023,1.9469,0.9930666666666668,0.0,-23.590000000000032,0.0,24.0,False,35,213.33333333333334,1688.7552000000003,,0.0
3270,4i,150.0,32,2.0274,19,145.6,True,5,0.0251,19.0,410.83,scenario_north_heavy,val,development,0.05,-3.920000000000016,2.0171,0.9706666666666667,0.0,-21.99000000000001,1.0,4.0,False,40,213.33333333333334,1557.0432000000003,,0.0
3275,4i,150.0,31,1.3707,20,145.6,True,5,0.0062,19.0,410.38,scenario_north_heavy,val,development,0.05,-3.920000000000016,1.0354,0.9706666666666667,0.0,-18.110000000000014,2.0,2.0,False,45,206.66666666666669,1019.8008000000001,,0.0
3280,4i,150.0,32,1.8185,19,145.6,True,5,0.703,1.51,410.35,scenario_north_heavy,val,development,0.05,-3.920000000000016,0.7644,0.9706666666666667,0.0,-14.899999999999977,3.0,1.0,False,50,213.33333333333334,1396.608,,0.0
3285,4i,150.0,36,2.1449,19,145.6,True,6,2.683,1.0,410.34,scenario_north_heavy,val,development,0.05,-3.920000000000016,0.8837999999999997,0.9706666666666667,1.0,-12.78000000000003,3.0,6.0,False,55,240.0,1853.1936,,0.0
3290,4i,150.0,39,1.0321,23,145.6,True,7,6.4317,1.0,455.87,scenario_north_heavy,val,development,0.05,-3.920000000000016,-0.25639999999999996,0.9706666666666667,2.0,37.30000000000001,4.0,4.0,True,,260.0,966.0456,,
3295,4i,150.0,41,0.8919,29,145.25,True,7,6.1255,1.0,410.34,scenario_north_heavy,val,development,0.05,-3.710000000000008,-1.307,0.9683333333333334,2.0,-2.920000000000016,4.0,9.0,True,,273.33333333333337,877.6296000000002,,
3300,4i,150.0,42,0.5566,35,144.12,False,7,4.1496,1.0,410.34,scenario_north_heavy,val,development,0.05,-1.4799999999999898,-1.4708,0.9608,2.0,-0.4900000000000091,4.0,14.0,True,,280.0,561.0528,-0.04933333333333299,
3305,4i,150.0,44,0.7318,38,143.71,False,8,6.1656,1.0,483.3,scenario_north_heavy,val,development,0.05,-1.8899999999999864,-0.6389,0.9580666666666667,3.0,72.92000000000002,4.0,19.0,True,,293.33333333333337,772.7808000000001,-0.06299999999999954,
3310,4i,150.0,45,0.2773,41,133.32,False,8,4.3994,1.0,410.34,scenario_north_heavy,val,development,0.05,-12.280000000000001,-1.5412,0.8887999999999999,3.0,-0.010000000000047748,4.0,24.0,True,,300.0,299.484,-0.4093333333333334,
3315,4i,150.0,45,0.0091,45,146.71,True,8,2.298,1.0,410.34,scenario_north_heavy,val,development,0.05,1.1100000000000136,-2.1357999999999997,0.9780666666666668,2.0,0.0,5.0,4.0,False,5,300.0,9.828000000000001,,0.0
3320,4i,150.0,46,0.1168,45,146.6,True,8,1.8684,1.0,410.34,scenario_north_heavy,val,development,0.05,1.0,-0.9153,0.9773333333333333,1.0,-45.53000000000003,6.0,2.0,True,,306.6666666666667,128.9472,,
3325,4i,150.0,47,0.2386,45,146.6,True,8,1.2908,1.0,410.34,scenario_north_heavy,val,development,0.05,1.3499999999999943,-0.6533,0.9773333333333333,1.0,0.0,7.0,1.0,False,5,313.33333333333337,269.14080000000007,,0.0
3330,4i,150.0,47,0.0053,47,146.6,True,8,0.0549,1.0,410.34,scenario_north_heavy,val,development,0.05,2.4799999999999898,-0.5513,0.9773333333333333,1.0,0.0,7.0,6.0,False,10,313.33333333333337,5.978400000000001,,0.0
3335,4i,150.0,47,0.527,43,147.94,True,8,0.0261,1.0,410.27,scenario_north_heavy,val,development,0.05,4.22999999999999,-0.20479999999999998,0.9862666666666666,0.0,-73.03000000000003,0.0,4.0,False,15,313.33333333333337,594.4560000000001,,0.0
3340,4i,150.0,45,0.4018,41,147.94,True,8,0.0416,1.0,409.81,scenario_north_heavy,val,development,0.05,14.620000000000005,0.1245,0.9862666666666666,0.0,-0.5299999999999727,0.0,9.0,False,20,300.0,433.944,,0.0
3345,4i,150.0,43,0.4699,37,147.94,True,8,0.0435,1.0,408.93,scenario_north_heavy,val,development,0.05,1.2299999999999898,0.4608,0.9862666666666666,0.0,-1.4099999999999682,0.0,14.0,False,25,286.6666666666667,484.93680000000006,,0.0
3350,4i,150.0,42,1.2929,29,147.94,True,9,4.2697,1.0,483.3,scenario_north_heavy,val,development,0.05,1.3400000000000034,1.1761,0.9862666666666666,1.0,72.96000000000004,0.0,19.0,False,30,280.0,1303.2432000000001,,0.0
3355,4i,150.0,41,1.2902,28,147.94,True,9,4.3615,1.0,405.9,scenario_north_heavy,val,development,0.05,1.3400000000000034,1.0516,0.9862666666666666,1.0,-4.439999999999998,0.0,24.0,False,35,273.33333333333337,1269.5568000000003,,0.0
3360,4i,150.0,41,0.8867,28,147.23,True,9,2.6536,1.0,404.84,scenario_north_heavy,val,development,0.05,0.6299999999999955,0.8814000000000001,0.9815333333333333,1.0,-5.5,1.0,4.0,False,40,273.33333333333337,872.5128000000001,,0.0
3365,4i,150.0,41,0.9479,28,146.6,True,8,2.4744,1.0,404.41,scenario_north_heavy,val,development,0.05,-1.3400000000000034,0.42089999999999994,0.9773333333333333,0.0,-5.859999999999957,2.0,2.0,False,45,273.33333333333337,932.7336000000001,,0.0
3370,4i,150.0,41,1.1659,25,146.6,True,8,2.4099,1.0,404.35,scenario_north_heavy,val,development,0.05,-1.3400000000000034,0.7641,0.9773333333333333,0.0,-5.4599999999999795,3.0,1.0,False,50,273.33333333333337,1147.2456000000002,,0.0
3375,4i,150.0,41,0.6768,27,146.6,True,8,0.5699,1.0,404.34,scenario_north_heavy,val,development,0.05,-1.3400000000000034,0.20689999999999997,0.9773333333333333,0.0,-4.590000000000032,3.0,6.0,False,55,273.33333333333337,665.9712000000001,,0.0
3380,4i,150.0,42,0.5267,29,146.6,True,8,0.3562,1.0,404.34,scenario_north_heavy,val,development,0.05,-1.3400000000000034,-0.7662,0.9773333333333333,-1.0,-78.96000000000004,4.0,4.0,True,,280.0,530.9136,,
3385,4i,150.0,43,0.776,32,146.45,True,8,0.2889,1.0,404.34,scenario_north_heavy,val,development,0.05,-1.490000000000009,-0.5142,0.9763333333333333,-1.0,-1.5600000000000023,4.0,9.0,True,,286.6666666666667,800.8320000000001,,
3390,4i,150.0,44,0.5881,33,144.12,False,8,0.0118,1.0,404.34,scenario_north_heavy,val,development,0.05,-3.109999999999985,-0.2986000000000001,0.9608,-1.0,-0.5,4.0,14.0,True,,293.33333333333337,621.0336,-0.10366666666666617,
3395,4i,150.0,46,0.5758,39,121.44,False,8,0.0019,1.0,404.34,scenario_north_heavy,val,development,0.05,-25.159999999999997,-0.3721,0.8096,0.0,-0.07000000000005002,4.0,19.0,True,,306.6666666666667,635.6832,-0.8386666666666666,
3400,4i,150.0,47,0.343,45,142.01,False,8,0.0343,1.0,404.34,scenario_north_heavy,val,development,0.05,-4.590000000000003,-0.8229,0.9467333333333333,0.0,-0.010000000000047748,4.0,24.0,True,,313.33333333333337,386.9040000000001,-0.1530000000000001,
3405,4i,150.0,48,0.0343,47,149.46,True,8,0.1103,1.0,404.34,scenario_north_heavy,val,development,0.05,2.8600000000000136,-0.6425,0.9964000000000001,0.0,0.0,5.0,4.0,False,5,320.0,39.5136,,0.0
3410,4i,150.0,49,0.0772,48,148.91,True,8,0.1208,1.0,404.34,scenario_north_heavy,val,development,0.05,2.3100000000000023,-0.44949999999999996,0.9927333333333334,0.0,0.0,6.0,2.0,True,,326.6666666666667,90.7872,,
3415,4i,150.0,50,0.2791,49,148.89,True,8,0.0376,1.0,404.34,scenario_north_heavy,val,development,0.05,2.4399999999999977,-0.4969,0.9925999999999999,0.0,0.0,7.0,1.0,False,5,333.33333333333337,334.9200000000001,,0.0
3420,4i,150.0,51,0.1789,49,148.89,True,8,0.0317,1.0,404.34,scenario_north_heavy,val,development,0.05,4.769999999999982,-0.40919999999999995,0.9925999999999999,0.0,0.0,7.0,6.0,False,10,340.0,218.97360000000003,,0.0
3425,4i,150.0,47,0.3405,43,148.89,True,6,0.2104,22.36,404.26,scenario_north_heavy,val,development,0.05,27.44999999999999,-0.23529999999999995,0.9925999999999999,-2.0,-0.07999999999998408,0.0,4.0,False,15,313.33333333333337,384.0840000000001,,0.0
3430,4i,150.0,42,0.8824,35,148.89,True,5,0.2041,70.13,403.41,scenario_north_heavy,val,development,0.05,6.8799999999999955,0.5393999999999999,0.9925999999999999,-3.0,-0.92999999999995,0.0,9.0,False,20,280.0,889.4592,,0.0
3435,4i,150.0,40,1.2833,31,148.89,True,5,0.3698,70.13,400.84,scenario_north_heavy,val,development,0.05,-0.5700000000000216,1.249,0.9925999999999999,-3.0,-3.5,0.0,14.0,False,25,266.6666666666667,1231.968,,0.0
3440,4i,150.0,35,1.0316,28,148.89,True,5,1.304,63.11,396.92,scenario_north_heavy,val,development,0.05,-0.020000000000010232,0.9544,0.9925999999999999,-3.0,-7.419999999999959,0.0,19.0,False,30,233.33333333333334,866.5440000000001,,0.0
3445,4i,150.0,33,1.8319,25,148.89,True,5,2.6441,13.05,393.48,scenario_north_heavy,val,development,0.05,0.0,1.5528,0.9925999999999999,-3.0,-10.859999999999957,0.0,24.0,False,35,220.0,1450.8648,,0.0
3450,4i,150.0,32,2.0391,22,148.89,True,4,0.0254,70.13,391.84,scenario_north_heavy,val,development,0.05,0.0,1.8601999999999999,0.9925999999999999,-4.0,-12.5,1.0,4.0,False,40,213.33333333333334,1566.0288,,0.0
3455,4i,150.0,31,1.5206,22,148.89,True,4,0.0035,70.13,391.65,scenario_north_heavy,val,development,0.05,0.0,1.1801,0.9925999999999999,-2.0,-12.610000000000014,2.0,2.0,False,45,206.66666666666669,1131.3264000000001,,0.0
3460,4i,150.0,31,1.5545,21,148.89,True,4,0.0001,70.13,391.63,scenario_north_heavy,val,development,0.05,0.0,0.6721,0.9925999999999999,-1.0,-11.78000000000003,3.0,1.0,False,50,206.66666666666669,1156.5480000000002,,0.0
3465,4i,150.0,32,1.3491,22,148.89,True,4,0.2267,67.59,391.63,scenario_north_heavy,val,development,0.05,0.0,0.06579999999999986,0.9925999999999999,-1.0,-9.20999999999998,3.0,6.0,False,55,213.33333333333334,1036.1088000000002,,0.0
3470,4i,150.0,32,0.6067,23,148.89,True,4,0.4217,59.26,391.63,scenario_north_heavy,val,development,0.05,0.0,-0.42490000000000006,0.9925999999999999,-1.0,-5.2900000000000205,4.0,4.0,True,,213.33333333333334,465.9456,,
3475,4i,150.0,33,0.8527,23,148.85,True,4,0.0321,55.18,391.63,scenario_north_heavy,val,development,0.05,-0.03999999999999204,-0.9792000000000001,0.9923333333333333,-1.0,-1.8500000000000227,4.0,9.0,True,,220.0,675.3384000000001,,
3480,4i,150.0,34,0.7845,24,135.77,False,4,0.0001,55.13,391.63,scenario_north_heavy,val,development,0.05,-13.119999999999976,-1.2546,0.9051333333333335,0.0,-0.20999999999997954,4.0,14.0,True,,226.66666666666669,640.152,-0.4373333333333325,
3485,4i,150.0,36,0.7254,31,120.34,False,4,0.0299,55.13,391.63,scenario_north_heavy,val,development,0.05,-28.549999999999983,-0.7951999999999999,0.8022666666666667,0.0,-0.01999999999998181,4.0,19.0,True,,240.0,626.7456000000001,-0.9516666666666661,
3490,4i,150.0,36,0.4879,34,134.74,False,4,0.3242,55.13,391.63,scenario_north_heavy,val,development,0.05,-14.149999999999977,-1.0666,0.8982666666666668,0.0,0.0,4.0,24.0,True,,240.0,421.5456,-0.4716666666666659,
3495,4i,150.0,38,0.3302,36,148.15,True,4,0.4603,55.13,391.63,scenario_north_heavy,val,development,0.05,-0.7399999999999807,-1.0189,0.9876666666666667,0.0,0.0,5.0,4.0,False,5,253.33333333333334,301.1424,,0.0
3500,4i,150.0,38,0.1055,37,147.9,True,4,0.3354,55.13,391.28,scenario_north_heavy,val,development,0.05,-0.9899999999999807,-0.5012,0.986,0.0,-0.35000000000002274,6.0,2.0,True,,253.33333333333334,96.216,,
3505,4i,150.0,41,0.93,38,147.89,True,4,0.4819,55.13,386.27,scenario_north_heavy,val,development,0.05,-0.960000000000008,0.07730000000000004,0.9859333333333332,0.0,-5.360000000000014,7.0,1.0,False,5,273.33333333333337,915.1200000000002,,0.0
3510,4i,150.0,42,0.4056,39,147.89,True,4,0.312,55.13,383.44,scenario_north_heavy,val,development,0.05,12.119999999999976,-0.37889999999999996,0.9859333333333332,0.0,-8.189999999999998,7.0,6.0,False,10,280.0,408.8448,,0.0
3515,4i,150.0,40,0.7984,35,147.89,True,4,0.3938,55.13,382.34,scenario_north_heavy,val,development,0.05,27.549999999999983,0.07299999999999995,0.9859333333333332,0.0,-9.29000000000002,0.0,4.0,False,15,266.6666666666667,766.464,,0.0
3520,4i,150.0,38,0.8478,31,147.89,True,4,0.3302,55.13,378.17,scenario_north_heavy,val,development,0.05,13.149999999999977,0.3599,0.9859333333333332,0.0,-13.45999999999998,0.0,9.0,False,20,253.33333333333334,773.1936000000001,,0.0
3525,4i,150.0,37,1.1197,30,147.89,True,4,0.1824,55.13,373.98,scenario_north_heavy,val,development,0.05,-0.2600000000000193,0.7894999999999999,0.9859333333333332,0.0,-17.649999999999977,0.0,14.0,False,25,246.66666666666669,994.2936000000001,,0.0
3530,4i,150.0,34,0.7999,28,147.89,True,4,0.1875,55.13,369.76,scenario_north_heavy,val,development,0.05,-0.010000000000019327,0.6944,0.9859333333333332,0.0,-21.519999999999982,0.0,19.0,False,30,226.66666666666669,652.7184000000001,,0.0
3535,4i,150.0,33,1.5415,21,147.89,True,4,0.0258,55.13,368.73,scenario_north_heavy,val,development,0.05,0.0,0.6115,0.9859333333333332,0.0,-17.539999999999964,0.0,24.0,False,35,220.0,1220.8680000000002,,0.0
3540,4i,150.0,34,1.8075,22,147.89,True,4,0.0011,55.13,368.63,scenario_north_heavy,val,development,0.05,0.0,1.4019000000000001,0.9859333333333332,0.0,-14.810000000000002,1.0,4.0,False,40,226.66666666666669,1474.9200000000003,,0.0
3545,4i,150.0,33,0.9839,23,147.89,True,4,0.0,55.13,368.63,scenario_north_heavy,val,development,0.05,0.0,0.1855,0.9859333333333332,0.0,-13.70999999999998,2.0,2.0,False,45,220.0,779.2488000000001,,0.0
3550,4i,150.0,34,1.5525,24,147.89,True,4,0.052,54.71,368.63,scenario_north_heavy,val,development,0.05,0.0,0.7047,0.9859333333333332,0.0,-9.54000000000002,3.0,1.0,False,50,226.66666666666669,1266.8400000000001,,0.0
3555,4i,150.0,34,0.8325,25,147.89,True,4,0.2501,51.0,368.63,scenario_north_heavy,val,development,0.05,0.0,-0.2871999999999999,0.9859333333333332,0.0,-5.350000000000023,3.0,6.0,False,55,226.66666666666669,679.3200000000002,,0.0
3560,4i,150.0,34,0.2968,27,147.89,True,4,0.306,43.29,368.63,scenario_north_heavy,val,development,0.05,0.0,-0.5031000000000001,0.9859333333333332,0.0,-1.1299999999999955,4.0,4.0,True,,226.66666666666669,242.18880000000004,,
3565,4i,150.0,34,0.1948,31,147.83,True,4,0.0121,41.13,368.63,scenario_north_heavy,val,development,0.05,-0.05999999999997385,-1.3467,0.9855333333333334,0.0,-0.10000000000002274,4.0,9.0,True,,226.66666666666669,158.95680000000002,,
3570,4i,150.0,36,0.7754,32,147.35,True,4,0.0036,41.09,368.63,scenario_north_heavy,val,development,0.05,-0.539999999999992,-1.0321000000000002,0.9823333333333333,0.0,0.0,4.0,14.0,True,,240.0,669.9456,,
3575,4i,150.0,36,0.2979,31,146.07,True,4,0.0193,41.09,368.63,scenario_north_heavy,val,development,0.05,-1.8199999999999932,-0.6859999999999999,0.9738,0.0,0.0,4.0,19.0,True,,240.0,257.3856,,
3580,4i,150.0,38,1.0013,33,143.56,False,4,0.0903,41.09,368.63,scenario_north_heavy,val,development,0.05,-4.329999999999984,-0.5511999999999999,0.9570666666666667,0.0,0.0,4.0,24.0,True,,253.33333333333334,913.1856000000001,-0.14433333333333281,
3585,4i,150.0,39,0.4048,37,149.05,True,4,0.103,41.09,368.63,scenario_north_heavy,val,development,0.05,1.160000000000025,-0.4277,0.9936666666666667,0.0,0.0,5.0,4.0,False,5,260.0,378.89279999999997,,0.0
3590,4i,150.0,39,0.0722,39,148.13,True,4,0.0599,41.09,368.63,scenario_north_heavy,val,development,0.05,0.2400000000000091,-0.22460000000000002,0.9875333333333333,0.0,0.0,6.0,2.0,True,,260.0,67.5792,,
3595,4i,150.0,40,0.4268,39,146.45,True,4,0.0633,41.09,368.61,scenario_north_heavy,val,development,0.05,-1.3800000000000239,0.232,0.9763333333333333,0.0,-0.01999999999998181,7.0,1.0,False,5,266.6666666666667,409.72800000000007,,0.0
3600,4i,150.0,41,0.3217,39,145.09,True,4,0.1378,41.09,368.45,scenario_north_heavy,val,development,0.05,-2.259999999999991,-0.4537,0.9672666666666667,0.0,-0.18000000000000682,7.0,6.0,False,10,273.33333333333337,316.55280000000005,,0.0
