timestamp,approach_edge,camera_range_m,visible_vehicle_count,visible_mean_speed_mps,visible_queue_count,visible_queue_length_m,queue_reaches_camera_edge,visible_queue_length_m_change_30s,visible_mean_speed_mps_change_30s,visible_occupancy_fraction
0,1i,150.0,0,0.0,0,0.0,False,,,0.0
5,1i,150.0,0,0.0,0,0.0,False,,,0.0
10,1i,150.0,0,0.0,0,0.0,False,,,0.0
15,1i,150.0,3,24.4235,0,0.0,False,,,0.0
20,1i,150.0,3,14.6513,0,0.0,False,,,0.0
25,1i,150.0,3,0.9853,1,1.0,False,,,0.006666666666666667
30,1i,150.0,3,0.0001,3,1.0,False,1.0,0.0001,0.006666666666666667
35,1i,150.0,3,0.0,3,1.0,False,1.0,0.0,0.006666666666666667
40,1i,150.0,4,3.2448,3,1.0,False,1.0,3.2448,0.006666666666666667
45,1i,150.0,5,6.3771,3,1.0,False,1.0,-18.0464,0.006666666666666667
50,1i,150.0,4,11.7101,1,1.0,False,1.0,-2.9412000000000003,0.006666666666666667
55,1i,150.0,3,4.46,2,8.27,False,7.27,3.4747,0.05513333333333333
60,1i,150.0,4,6.4314,2,8.0,False,7.0,6.4313,0.05333333333333334
65,1i,150.0,4,3.234,3,22.04,False,21.04,3.234,0.14693333333333333
70,1i,150.0,4,5.983,3,22.04,False,21.04,2.7381999999999995,0.14693333333333333
75,1i,150.0,5,6.5176,3,22.04,False,21.04,0.1404999999999994,0.14693333333333333
80,1i,150.0,4,4.1158,2,26.05,False,25.05,-7.5943000000000005,0.17366666666666666
85,1i,150.0,3,3.3382,0,0.0,False,-8.27,-1.1218,0.0
90,1i,150.0,4,5.0627,2,1.0,False,-7.0,-1.3686999999999996,0.006666666666666667
95,1i,150.0,4,1.47,3,5.0,False,-17.04,-1.764,0.03333333333333333
100,1i,150.0,4,0.0018,4,12.01,False,-10.03,-5.981199999999999,0.08006666666666666
105,1i,150.0,7,10.269,4,12.0,False,-10.04,3.7514000000000003,0.08
110,1i,150.0,7,6.6087,4,12.0,False,-14.05,2.4928999999999997,0.08
115,1i,150.0,7,0.812,4,12.0,False,12.0,-2.5262000000000002,0.08
120,1i,150.0,7,0.0,7,19.0,False,18.0,-5.0627,0.12666666666666668
125,1i,150.0,7,0.0,7,19.0,False,14.0,-1.47,0.12666666666666668
130,1i,150.0,8,1.7761,7,19.0,False,6.99,1.7743,0.12666666666666668
135,1i,150.0,9,3.1614,7,19.0,False,7.0,-7.1076,0.12666666666666668
140,1i,150.0,7,5.7759,4,19.0,False,7.0,-0.8327999999999998,0.12666666666666668
145,1i,150.0,6,1.7255,5,26.01,False,14.010000000000002,0.9135,0.1734
150,1i,150.0,7,3.8366,5,26.01,False,7.010000000000002,3.8366,0.1734
155,1i,150.0,7,1.7798,6,38.72,False,19.72,1.7798,0.2581333333333333
160,1i,150.0,7,2.6401,6,38.72,False,19.72,0.8639999999999999,0.2581333333333333
165,1i,150.0,8,3.5888,6,38.72,False,19.72,0.4274,0.2581333333333333
170,1i,150.0,7,3.06,4,42.72,False,23.72,-2.7159,0.2848
175,1i,150.0,5,3.1926,0,0.0,False,-26.01,1.4671,0.0
180,1i,150.0,5,0.9776,2,1.0,False,-25.01,-2.859,0.006666666666666667
185,1i,150.0,6,2.1073,5,24.72,False,-14.0,0.3274999999999999,0.1648
190,1i,150.0,6,0.8521,5,24.71,False,-14.009999999999998,-1.7879999999999998,0.16473333333333334
195,1i,150.0,9,7.5002,6,28.75,False,-9.969999999999999,3.9114000000000004,0.19166666666666668
200,1i,150.0,9,3.7015,6,28.72,False,-14.0,0.6414999999999997,0.19146666666666665
205,1i,150.0,9,0.0168,7,41.43,False,41.43,-3.1758,0.2762
210,1i,150.0,9,0.0,9,41.43,False,40.43,-0.9776,0.2762
215,1i,150.0,10,1.8424,9,41.43,False,16.71,-0.2648999999999999,0.2762
220,1i,150.0,10,0.5364,9,41.43,False,16.72,-0.3157,0.2762
225,1i,150.0,11,2.1536,10,45.43,False,16.68,-5.3466000000000005,0.3028666666666667
230,1i,150.0,8,1.925,7,45.43,False,16.71,-1.7764999999999997,0.3028666666666667
235,1i,150.0,8,1.6983,7,45.43,False,4.0,1.6815,0.3028666666666667
240,1i,150.0,9,3.598,7,45.43,False,4.0,3.598,0.3028666666666667
245,1i,150.0,9,2.462,7,45.43,False,4.0,0.6196000000000002,0.3028666666666667
250,1i,150.0,9,1.7479,7,45.43,False,4.0,1.2115,0.3028666666666667
255,1i,150.0,10,2.468,8,52.43,False,7.0,0.3144,0.3495333333333333
260,1i,150.0,9,2.5262,6,66.47,False,21.04,0.6011999999999997,0.4431333333333333
265,1i,150.0,8,2.2381,2,66.47,False,21.04,0.5398000000000003,0.4431333333333333
270,1i,150.0,9,2.614,3,5.0,False,-40.43,-0.984,0.03333333333333333
275,1i,150.0,9,0.8371,6,25.74,False,-19.69,-1.6249000000000002,0.1716
280,1i,150.0,9,0.0158,9,50.82,False,5.390000000000001,-1.7321,0.3388
285,1i,150.0,10,2.1773,9,50.76,False,-1.6700000000000017,-0.2907000000000002,0.3384
290,1i,150.0,12,3.5072,9,50.76,False,-15.71,0.9810000000000003,0.3384
295,1i,150.0,12,0.8672,10,57.76,False,-8.71,-1.3709000000000002,0.38506666666666667
300,1i,150.0,12,0.0007,12,57.76,False,52.76,-2.6132999999999997,0.38506666666666667
305,1i,150.0,13,1.0351,12,57.76,False,32.019999999999996,0.19799999999999995,0.38506666666666667
310,1i,150.0,13,0.0647,12,57.76,False,6.939999999999998,0.04889999999999999,0.38506666666666667
315,1i,150.0,14,1.5525,13,64.76,False,14.000000000000007,-0.6247999999999998,0.43173333333333336
320,1i,150.0,11,1.7135,10,64.76,False,14.000000000000007,-1.7937,0.43173333333333336
325,1i,150.0,11,0.9694,10,64.76,False,7.000000000000007,0.10220000000000007,0.43173333333333336
330,1i,150.0,12,2.1657,11,68.77,False,11.009999999999998,2.165,0.45846666666666663
335,1i,150.0,12,1.1064,11,68.76,False,11.000000000000007,0.07130000000000014,0.45840000000000003
340,1i,150.0,12,1.5091,11,68.76,False,11.000000000000007,1.4444000000000001,0.45840000000000003
345,1i,150.0,13,1.7387,11,68.76,False,4.0,0.18619999999999992,0.45840000000000003
350,1i,150.0,12,1.5837,9,75.76,False,11.0,-0.12979999999999992,0.5050666666666667
355,1i,150.0,10,1.782,5,75.76,False,11.0,0.8126,0.5050666666666667
360,1i,150.0,11,2.2902,4,75.39,False,6.6200000000000045,0.12449999999999983,0.5026
365,1i,150.0,11,1.0724,5,26.13,False,-42.63000000000001,-0.03400000000000003,0.1742
370,1i,150.0,11,0.3674,9,48.16,False,-20.60000000000001,-1.1417000000000002,0.32106666666666667
375,1i,150.0,13,3.603,11,62.13,False,-6.630000000000003,1.8643000000000003,0.4142
380,1i,150.0,14,2.4573,11,62.05,False,-13.710000000000008,0.8735999999999999,0.4136666666666666
385,1i,150.0,14,0.5934,12,69.07,False,-6.690000000000012,-1.1886,0.46046666666666664
390,1i,150.0,14,0.0001,14,69.05,False,-6.340000000000003,-2.2901,0.4603333333333333
395,1i,150.0,14,0.0,14,69.05,False,42.92,-1.0724,0.4603333333333333
400,1i,150.0,15,0.6585,14,69.05,False,20.89,0.29109999999999997,0.4603333333333333
405,1i,150.0,15,0.3585,14,69.05,False,6.919999999999995,-3.2445000000000004,0.4603333333333333
410,1i,150.0,14,2.4738,11,69.05,False,7.0,0.01650000000000018,0.4603333333333333
415,1i,150.0,13,0.4638,12,76.05,False,6.980000000000004,-0.12960000000000005,0.507
420,1i,150.0,13,0.0014,13,90.09,False,21.040000000000006,0.0013,0.6006
425,1i,150.0,14,1.2185,13,90.09,False,21.040000000000006,1.2185,0.6006
430,1i,150.0,15,1.7071,13,90.09,False,21.040000000000006,1.0486,0.6006
435,1i,150.0,15,0.2571,13,90.09,False,21.040000000000006,-0.10139999999999999,0.6006
440,1i,150.0,14,1.1086,13,94.09,False,25.040000000000006,-1.3652000000000002,0.6272666666666666
445,1i,150.0,14,1.0559,9,94.09,False,18.040000000000006,0.5921000000000001,0.6272666666666666
450,1i,150.0,15,1.0031,10,94.09,False,4.0,1.0017,0.6272666666666666
455,1i,150.0,15,0.515,10,97.23,False,7.140000000000001,-0.7034999999999999,0.6482
460,1i,150.0,15,0.2818,11,58.17,False,-31.92,-1.4253,0.38780000000000003
465,1i,150.0,15,0.0204,15,87.36,False,-2.730000000000004,-0.2367,0.5824
470,1i,150.0,18,2.61,15,87.09,False,-7.0,1.5013999999999998,0.5806
475,1i,150.0,18,1.266,15,87.09,False,-7.0,0.21009999999999995,0.5806
480,1i,150.0,18,0.2169,17,91.11,False,-2.980000000000004,-0.7862000000000001,0.6074
485,1i,150.0,19,0.5046,18,91.09,False,-6.140000000000001,-0.010399999999999965,0.6072666666666667
490,1i,150.0,19,0.0069,19,103.87,False,45.7,-0.2749,0.6924666666666667
495,1i,150.0,20,0.7466,19,103.81,False,16.450000000000003,0.7262000000000001,0.6920666666666667
500,1i,150.0,17,1.1742,15,103.81,False,16.72,-1.4358,0.6920666666666667
505,1i,150.0,16,0.2523,15,103.81,False,16.72,-1.0137,0.6920666666666667
510,1i,150.0,16,0.0,16,107.81,False,16.700000000000003,-0.2169,0.7187333333333333
515,1i,150.0,17,0.9986,16,107.81,False,16.72,0.494,0.7187333333333333
520,1i,150.0,18,1.3435,16,107.81,False,3.9399999999999977,1.3366,0.7187333333333333
525,1i,150.0,19,1.189,16,107.81,False,4.0,0.4424,0.7187333333333333
530,1i,150.0,18,1.0501,16,111.81,False,8.0,-0.12409999999999988,0.7454000000000001
535,1i,150.0,17,1.0996,13,111.81,False,8.0,0.8472999999999999,0.7454000000000001
540,1i,150.0,17,0.6796,12,111.81,False,4.0,0.6796,0.7454000000000001
545,1i,150.0,18,1.0777,12,111.77,False,3.9599999999999937,0.07910000000000006,0.7451333333333333
550,1i,150.0,18,0.7638,10,47.07,False,-60.74,-0.5796999999999999,0.3138
555,1i,150.0,19,1.6005,14,73.47,False,-34.34,0.4115,0.4898
560,1i,150.0,21,1.5253,16,89.82,False,-21.99000000000001,0.47520000000000007,0.5988
565,1i,150.0,21,0.4104,20,110.57,False,-1.240000000000009,-0.6891999999999999,0.7371333333333333
570,1i,150.0,21,0.0001,21,110.48,False,-1.3299999999999983,-0.6795,0.7365333333333334
575,1i,150.0,22,0.4942,21,110.48,False,-1.289999999999992,-0.5835000000000001,0.7365333333333334
580,1i,150.0,22,0.0025,21,110.48,False,63.410000000000004,-0.7613000000000001,0.7365333333333334
585,1i,150.0,23,0.7844,22,114.48,False,41.010000000000005,-0.8161,0.7632
590,1i,150.0,20,0.9152,18,114.48,False,24.66000000000001,-0.6101000000000001,0.7632
595,1i,150.0,19,0.1291,18,114.48,False,3.910000000000011,-0.2813,0.7632
600,1i,150.0,20,1.2608,19,121.48,False,11.0,1.2607,0.8098666666666667
605,1i,150.0,20,0.6127,19,121.48,False,11.0,0.11850000000000005,0.8098666666666667
610,1i,150.0,20,0.6422,19,121.48,False,11.0,0.6397,0.8098666666666667
615,1i,150.0,20,0.0106,19,121.48,False,7.0,-0.7737999999999999,0.8098666666666667
620,1i,150.0,20,1.2184,17,125.48,False,11.0,0.3031999999999999,0.8365333333333334
625,1i,150.0,18,1.2876,13,125.48,False,11.0,1.1585,0.8365333333333334
630,1i,150.0,19,0.8409,13,125.48,False,4.0,-0.41989999999999994,0.8365333333333334
635,1i,150.0,19,0.6761,12,132.49,False,11.010000000000005,0.06340000000000001,0.8832666666666668
640,1i,150.0,19,0.6105,12,132.2,False,10.719999999999985,-0.03169999999999995,0.8813333333333333
645,1i,150.0,19,0.5297,13,76.17,False,-45.31,0.5190999999999999,0.5078
650,1i,150.0,21,1.7612,15,92.57,False,-32.91000000000001,0.5428000000000002,0.6171333333333333
655,1i,150.0,22,0.9335,19,114.72,False,-10.760000000000005,-0.3541000000000001,0.7648
660,1i,150.0,22,0.0765,21,114.48,False,-11.0,-0.7644,0.7632
665,1i,150.0,23,0.3214,22,118.48,False,-14.010000000000005,-0.3547,0.7898666666666667
670,1i,150.0,23,0.0048,23,132.54,False,0.3400000000000034,-0.6057,0.8835999999999999
675,1i,150.0,23,0.0,23,132.52,False,56.35000000000001,-0.5297,0.8834666666666667
680,1i,150.0,21,0.7408,20,132.52,False,39.95000000000002,-1.0204,0.8834666666666667
685,1i,150.0,21,0.04,20,132.52,False,17.80000000000001,-0.8935,0.8834666666666667
690,1i,150.0,22,1.0705,21,136.52,False,22.040000000000006,0.994,0.9101333333333333
695,1i,150.0,22,0.7522,21,136.52,False,18.040000000000006,0.43079999999999996,0.9101333333333333
700,1i,150.0,22,0.3807,21,136.52,False,3.980000000000018,0.37589999999999996,0.9101333333333333
705,1i,150.0,22,0.0004,22,140.52,False,8.0,0.0004,0.9368000000000001
710,1i,150.0,22,1.088,19,140.52,False,8.0,0.34720000000000006,0.9368000000000001
715,1i,150.0,20,0.9588,15,140.52,False,8.0,0.9188,0.9368000000000001
720,1i,150.0,21,0.8452,14,140.52,False,4.0,-0.22530000000000006,0.9368000000000001
725,1i,150.0,21,0.6431,13,144.52,False,8.0,-0.10909999999999997,0.9634666666666667
730,1i,150.0,21,0.6763,12,144.52,False,8.0,0.29560000000000003,0.9634666666666667
735,1i,150.0,22,1.837,12,142.9,False,2.3799999999999955,1.8366,0.9526666666666667
740,1i,150.0,23,1.649,14,82.6,False,-57.920000000000016,0.5609999999999999,0.5506666666666666
745,1i,150.0,24,0.8001,18,111.75,False,-28.77000000000001,-0.15869999999999995,0.745
750,1i,150.0,24,0.3402,22,123.62,False,-16.900000000000006,-0.5049999999999999,0.8241333333333334
755,1i,150.0,25,0.3434,23,130.53,False,-13.990000000000009,-0.2997,0.8702
760,1i,150.0,25,0.0001,25,143.23,False,-1.2900000000000205,-0.6762,0.9548666666666666
765,1i,150.0,25,0.0,25,143.23,False,0.3299999999999841,-1.837,0.9548666666666666
770,1i,150.0,23,0.6954,22,143.23,False,60.629999999999995,-0.9536,0.9548666666666666
775,1i,150.0,24,0.6179,22,143.23,False,31.47999999999999,-0.18220000000000003,0.9548666666666666
780,1i,150.0,24,1.0798,23,147.23,True,23.609999999999985,0.7396,0.9815333333333333
785,1i,150.0,24,0.5494,23,147.23,True,16.69999999999999,0.20600000000000002,0.9815333333333333
790,1i,150.0,23,0.0,23,147.23,True,4.0,-0.0001,0.9815333333333333
795,1i,150.0,23,0.0,23,147.23,True,4.0,0.0,0.9815333333333333
800,1i,150.0,23,0.7552,21,147.23,True,4.0,0.059799999999999964,0.9815333333333333
805,1i,150.0,22,1.0239,17,147.23,True,4.0,0.406,0.9815333333333333
810,1i,150.0,22,0.5793,16,147.23,True,0.0,-0.5005000000000001,0.9815333333333333
815,1i,150.0,22,0.6185,15,147.23,True,0.0,0.06910000000000005,0.9815333333333333
820,1i,150.0,22,0.7616,15,147.23,True,0.0,0.7616,0.9815333333333333
825,1i,150.0,23,1.6715,14,146.63,True,-0.5999999999999943,1.6715,0.9775333333333333
830,1i,150.0,24,1.7179,14,72.63,False,-74.6,0.9627,0.48419999999999996
835,1i,150.0,26,0.9001,18,99.13,False,-48.099999999999994,-0.12380000000000002,0.6608666666666666
840,1i,150.0,26,0.4069,22,122.79,False,-24.439999999999984,-0.17240000000000005,0.8186
845,1i,150.0,27,0.031,27,145.01,True,-2.219999999999999,-0.5875,0.9667333333333332
850,1i,150.0,27,0.0032,27,144.24,False,-2.9899999999999807,-0.7584000000000001,0.9616
855,1i,150.0,27,0.0,27,144.2,False,-2.430000000000007,-1.6715,0.9613333333333333
860,1i,150.0,25,0.5723,24,144.19,False,71.56,-1.1456,0.9612666666666666
865,1i,150.0,24,0.0,24,144.19,False,45.06,-0.9001,0.9612666666666666
870,1i,150.0,25,1.0767,24,144.19,False,21.39999999999999,0.6698,0.9612666666666666
875,1i,150.0,25,0.5167,24,144.19,False,-0.8199999999999932,0.4857,0.9612666666666666
880,1i,150.0,24,0.0,24,144.19,False,-0.05000000000001137,-0.0032,0.9612666666666666
885,1i,150.0,24,0.0,24,144.19,False,-0.009999999999990905,0.0,0.9612666666666666
890,1i,150.0,24,0.8036,21,144.19,False,0.0,0.23129999999999995,0.9612666666666666
895,1i,150.0,22,0.8602,18,144.19,False,0.0,0.8602,0.9612666666666666
900,1i,150.0,22,0.368,19,144.19,False,0.0,-0.7087,0.9612666666666666
905,1i,150.0,22,0.3878,18,144.19,False,0.0,-0.12890000000000007,0.9612666666666666
910,1i,150.0,22,0.3529,17,144.19,False,0.0,0.3529,0.9612666666666666
915,1i,150.0,22,0.4127,16,143.81,False,-0.37999999999999545,0.4127,0.9587333333333333
920,1i,150.0,25,1.6344,18,111.64,False,-32.55,0.8308000000000001,0.7442666666666666
925,1i,150.0,25,1.0609,22,134.51,False,-9.680000000000007,0.2007,0.8967333333333333
930,1i,150.0,25,0.0448,24,139.66,False,-4.530000000000001,-0.3232,0.9310666666666666
935,1i,150.0,25,0.0005,25,139.2,False,-4.990000000000009,-0.3873,0.9279999999999999
940,1i,150.0,25,0.0,25,139.19,False,-5.0,-0.3529,0.9279333333333333
945,1i,150.0,25,0.0,25,139.19,False,-4.6200000000000045,-0.4127,0.9279333333333333
950,1i,150.0,23,0.7072,22,139.19,False,27.549999999999997,-0.9272,0.9279333333333333
955,1i,150.0,23,0.7139,22,139.19,False,4.680000000000007,-0.347,0.9279333333333333
960,1i,150.0,23,1.0154,22,139.19,False,-0.46999999999999886,0.9706000000000001,0.9279333333333333
965,1i,150.0,23,0.7709,22,139.19,False,-0.009999999999990905,0.7704000000000001,0.9279333333333333
970,1i,150.0,22,0.0,22,139.19,False,0.0,0.0,0.9279333333333333
975,1i,150.0,22,0.0,22,139.19,False,0.0,0.0,0.9279333333333333
980,1i,150.0,22,1.0457,19,139.19,False,0.0,0.3385,0.9279333333333333
985,1i,150.0,21,1.1839,15,139.19,False,0.0,0.47,0.9279333333333333
990,1i,150.0,21,0.7323,14,139.19,False,0.0,-0.28310000000000013,0.9279333333333333
995,1i,150.0,21,0.525,14,139.19,False,0.0,-0.2459,0.9279333333333333
1000,1i,150.0,21,0.5329,13,139.17,False,-0.020000000000010232,0.5329,0.9278
1005,1i,150.0,21,0.483,14,74.39,False,-64.8,0.483,0.49593333333333334
1010,1i,150.0,24,1.8637,16,93.62,False,-45.56999999999999,0.8179999999999998,0.6241333333333333
1015,1i,150.0,25,1.1523,21,123.6,False,-15.590000000000003,-0.03159999999999985,0.824
1020,1i,150.0,26,0.046,24,148.1,True,8.909999999999997,-0.6862999999999999,0.9873333333333333
1025,1i,150.0,26,0.001,26,147.53,True,8.340000000000003,-0.524,0.9835333333333334
1030,1i,150.0,26,0.0,26,147.52,True,8.350000000000023,-0.5329,0.9834666666666667
1035,1i,150.0,26,0.0,26,147.52,True,73.13000000000001,-0.483,0.9834666666666667
1040,1i,150.0,24,0.6833,23,147.52,True,53.900000000000006,-1.1804,0.9834666666666667
1045,1i,150.0,24,0.591,23,147.52,True,23.920000000000016,-0.5613000000000001,0.9834666666666667
1050,1i,150.0,24,1.0313,23,147.52,True,-0.5799999999999841,0.9853000000000001,0.9834666666666667
1055,1i,150.0,24,0.7486,23,147.52,True,-0.009999999999990905,0.7476,0.9834666666666667
1060,1i,150.0,23,0.0,23,147.52,True,0.0,0.0,0.9834666666666667
1065,1i,150.0,23,0.0,23,147.52,True,0.0,0.0,0.9834666666666667
1070,1i,150.0,22,0.8427,20,147.52,True,0.0,0.1594,0.9834666666666667
1075,1i,150.0,21,1.2318,16,147.52,True,0.0,0.6408,0.9834666666666667
1080,1i,150.0,21,0.6481,14,147.52,True,0.0,-0.3832000000000001,0.9834666666666667
1085,1i,150.0,21,0.6407,14,147.52,True,0.0,-0.1079,0.9834666666666667
1090,1i,150.0,21,0.7073,12,147.52,True,0.0,0.7073,0.9834666666666667
1095,1i,150.0,21,0.7157,14,146.1,True,-1.420000000000016,0.7157,0.974
1100,1i,150.0,24,1.9069,16,146.69,True,-0.8300000000000125,1.0642,0.9779333333333333
1105,1i,150.0,25,1.4457,18,102.25,False,-45.27000000000001,0.21389999999999998,0.6816666666666666
1110,1i,150.0,26,0.2748,21,127.26,False,-20.260000000000005,-0.3733,0.8484
1115,1i,150.0,26,0.0243,26,145.0,False,-2.5200000000000102,-0.6164000000000001,0.9666666666666667
1120,1i,150.0,26,0.0001,26,144.82,False,-2.700000000000017,-0.7072,0.9654666666666666
1125,1i,150.0,26,0.0,26,144.81,False,-1.289999999999992,-0.7157,0.9654
1130,1i,150.0,24,0.7431,23,144.81,False,-1.8799999999999955,-1.1638000000000002,0.9654
1135,1i,150.0,24,0.6179,23,144.81,False,42.56,-0.8278,0.9654
1140,1i,150.0,24,1.052,23,144.81,False,17.549999999999997,0.7772000000000001,0.9654
1145,1i,150.0,24,0.6658,23,144.81,False,-0.18999999999999773,0.6415,0.9654
1150,1i,150.0,23,0.0,23,144.81,False,-0.009999999999990905,-0.0001,0.9654
1155,1i,150.0,23,0.0,23,144.81,False,0.0,0.0,0.9654
1160,1i,150.0,22,0.8924,20,144.81,False,0.0,0.1493,0.9654
1165,1i,150.0,21,1.0506,16,144.81,False,0.0,0.4327,0.9654
1170,1i,150.0,21,0.5528,14,144.81,False,0.0,-0.4992000000000001,0.9654
1175,1i,150.0,21,0.5255,15,144.81,False,0.0,-0.14029999999999998,0.9654
1180,1i,150.0,21,0.5278,15,144.81,False,0.0,0.5278,0.9654
1185,1i,150.0,21,0.4792,14,143.44,False,-1.3700000000000045,0.4792,0.9562666666666666
1190,1i,150.0,24,1.6343,17,105.34,False,-39.47,0.7419000000000001,0.7022666666666667
1195,1i,150.0,24,0.8752,21,130.69,False,-14.120000000000005,-0.1754,0.8712666666666666
1200,1i,150.0,24,0.09,23,136.93,False,-7.8799999999999955,-0.4628,0.9128666666666667
1205,1i,150.0,24,0.0002,24,136.81,False,-8.0,-0.5253,0.9120666666666667
1210,1i,150.0,24,0.0,24,136.81,False,-8.0,-0.5278,0.9120666666666667
1215,1i,150.0,24,0.0,24,136.81,False,-6.6299999999999955,-0.4792,0.9120666666666667
1220,1i,150.0,22,0.7001,21,136.81,False,31.47,-0.9342000000000001,0.9120666666666667
1225,1i,150.0,22,0.7887,21,136.81,False,6.1200000000000045,-0.08650000000000002,0.9120666666666667
1230,1i,150.0,21,0.0,21,136.81,False,-0.12000000000000455,-0.09,0.9120666666666667
1235,1i,150.0,22,0.7696,21,136.81,False,0.0,0.7694,0.9120666666666667
1240,1i,150.0,22,0.5671,21,136.81,False,0.0,0.5671,0.9120666666666667
1245,1i,150.0,22,0.105,21,136.81,False,0.0,0.105,0.9120666666666667
1250,1i,150.0,22,1.0854,20,136.81,False,0.0,0.3853,0.9120666666666667
1255,1i,150.0,21,1.0582,15,136.81,False,0.0,0.2695000000000001,0.9120666666666667
1260,1i,150.0,21,0.4279,16,136.81,False,0.0,0.4279,0.9120666666666667
1265,1i,150.0,21,0.345,16,136.81,False,0.0,-0.4246,0.9120666666666667
1270,1i,150.0,21,0.4283,15,136.6,False,-0.21000000000000796,-0.13880000000000003,0.9106666666666666
1275,1i,150.0,23,1.3193,17,132.79,False,-4.02000000000001,1.2143,0.8852666666666666
1280,1i,150.0,25,1.2172,20,119.25,False,-17.560000000000002,0.13180000000000014,0.795
1285,1i,150.0,26,0.5377,25,148.78,True,11.969999999999999,-0.5205000000000001,0.9918666666666667
1290,1i,150.0,26,0.024,25,147.94,True,11.129999999999995,-0.4039,0.9862666666666666
1295,1i,150.0,26,0.0001,26,147.85,True,11.039999999999992,-0.3449,0.9856666666666666
1300,1i,150.0,26,0.0,26,147.85,True,11.25,-0.4283,0.9856666666666666
1305,1i,150.0,26,0.0,26,147.85,True,15.060000000000002,-1.3193,0.9856666666666666
1310,1i,150.0,24,0.8149,22,147.85,True,28.599999999999994,-0.4023000000000001,0.9856666666666666
1315,1i,150.0,23,0.6824,22,147.85,True,-0.9300000000000068,0.14470000000000005,0.9856666666666666
1320,1i,150.0,23,1.0575,22,147.85,True,-0.09000000000000341,1.0335,0.9856666666666666
1325,1i,150.0,23,0.7157,22,147.85,True,0.0,0.7156,0.9856666666666666
1330,1i,150.0,22,0.0,22,147.85,True,0.0,0.0,0.9856666666666666
1335,1i,150.0,22,0.0,22,147.85,True,0.0,0.0,0.9856666666666666
1340,1i,150.0,22,0.9133,20,147.85,True,0.0,0.09840000000000004,0.9856666666666666
1345,1i,150.0,22,1.1048,16,147.85,True,0.0,0.4224,0.9856666666666666
1350,1i,150.0,22,0.5162,17,147.85,True,0.0,-0.5413000000000001,0.9856666666666666
1355,1i,150.0,22,0.5119,16,147.85,True,0.0,-0.20379999999999998,0.9856666666666666
1360,1i,150.0,22,0.4794,15,147.82,True,-0.030000000000001137,0.4794,0.9854666666666666
1365,1i,150.0,23,1.5257,16,146.33,True,-1.5199999999999818,1.5257,0.9755333333333334
1370,1i,150.0,25,1.3598,18,105.75,False,-42.099999999999994,0.4464999999999999,0.705
1375,1i,150.0,26,0.7542,21,130.53,False,-17.319999999999993,-0.3506,0.8702
1380,1i,150.0,26,0.184,25,145.3,True,-2.549999999999983,-0.3322,0.9686666666666668
1385,1i,150.0,27,0.0016,27,148.83,True,0.9800000000000182,-0.5103,0.9922000000000001
1390,1i,150.0,27,0.0,27,148.82,True,1.0,-0.4794,0.9921333333333333
1395,1i,150.0,27,0.0,27,148.82,True,2.4899999999999807,-1.5257,0.9921333333333333
1400,1i,150.0,25,0.7737,24,148.82,True,43.06999999999999,-0.5860999999999998,0.9921333333333333
1405,1i,150.0,25,0.7056,24,148.82,True,18.289999999999992,-0.04859999999999998,0.9921333333333333
1410,1i,150.0,25,1.0465,24,148.82,True,3.519999999999982,0.8625,0.9921333333333333
1415,1i,150.0,25,0.5233,24,148.82,True,-0.010000000000019327,0.5216999999999999,0.9921333333333333
1420,1i,150.0,24,0.0,24,148.82,True,0.0,0.0,0.9921333333333333
1425,1i,150.0,24,0.0,24,148.82,True,0.0,0.0,0.9921333333333333
1430,1i,150.0,23,0.6774,22,148.82,True,0.0,-0.09630000000000005,0.9921333333333333
1435,1i,150.0,22,1.0041,18,148.82,True,0.0,0.2985,0.9921333333333333
1440,1i,150.0,22,0.4703,16,148.82,True,0.0,-0.5762,0.9921333333333333
1445,1i,150.0,22,0.3464,18,148.82,True,0.0,-0.1769,0.9921333333333333
1450,1i,150.0,22,0.3995,16,148.82,True,0.0,0.3995,0.9921333333333333
1455,1i,150.0,23,1.4103,16,148.38,True,-0.4399999999999977,1.4103,0.9892
1460,1i,150.0,24,1.5468,17,114.8,False,-34.019999999999996,0.8694,0.7653333333333333
1465,1i,150.0,24,0.9411,21,134.21,False,-14.609999999999985,-0.06299999999999994,0.8947333333333334
1470,1i,150.0,24,0.211,23,136.87,False,-11.949999999999989,-0.2593,0.9124666666666666
1475,1i,150.0,24,0.0003,24,136.81,False,-12.009999999999991,-0.34609999999999996,0.9120666666666667
1480,1i,150.0,24,0.0,24,136.81,False,-12.009999999999991,-0.3995,0.9120666666666667
1485,1i,150.0,24,0.0,24,136.81,False,-11.569999999999993,-1.4103,0.9120666666666667
1490,1i,150.0,22,0.7351,21,136.81,False,22.010000000000005,-0.8117,0.9120666666666667
1495,1i,150.0,22,0.8602,21,136.81,False,2.5999999999999943,-0.08090000000000008,0.9120666666666667
1500,1i,150.0,22,1.1029,21,136.81,False,-0.060000000000002274,0.8919,0.9120666666666667
1505,1i,150.0,22,0.7631,21,136.81,False,0.0,0.7628,0.9120666666666667
1510,1i,150.0,21,0.0,21,136.81,False,0.0,0.0,0.9120666666666667
1515,1i,150.0,21,0.0,21,136.81,False,0.0,0.0,0.9120666666666667
1520,1i,150.0,21,0.9877,18,136.81,False,0.0,0.25260000000000005,0.9120666666666667
1525,1i,150.0,20,1.473,15,136.81,False,0.0,0.6128000000000001,0.9120666666666667
1530,1i,150.0,20,0.8426,14,136.81,False,0.0,-0.2603,0.9120666666666667
1535,1i,150.0,20,0.6575,13,136.81,False,0.0,-0.10560000000000003,0.9120666666666667
1540,1i,150.0,20,0.7581,14,136.75,False,-0.060000000000002274,0.7581,0.9116666666666666
1545,1i,150.0,22,1.6212,15,149.38,True,12.569999999999993,1.6212,0.9958666666666667
1550,1i,150.0,24,1.6687,16,98.89,False,-37.92,0.681,0.6592666666666667
1555,1i,150.0,24,0.8713,19,113.76,False,-23.049999999999997,-0.6017000000000001,0.7584000000000001
1560,1i,150.0,25,0.1239,22,131.29,False,-5.52000000000001,-0.7187,0.8752666666666666
1565,1i,150.0,25,0.0018,25,147.89,True,11.079999999999984,-0.6557,0.9859333333333332
1570,1i,150.0,26,0.6372,25,147.85,True,11.099999999999994,-0.12090000000000001,0.9856666666666666
1575,1i,150.0,28,1.7195,25,147.85,True,-1.5300000000000011,0.09830000000000005,0.9856666666666666
1580,1i,150.0,26,1.4596,22,147.85,True,48.959999999999994,-0.20910000000000006,0.9856666666666666
1585,1i,150.0,26,0.6748,23,147.85,True,34.08999999999999,-0.1965,0.9856666666666666
1590,1i,150.0,27,1.028,23,147.85,True,16.560000000000002,0.9041,0.9856666666666666
1595,1i,150.0,27,0.5298,26,147.85,True,-0.03999999999999204,0.528,0.9856666666666666
1600,1i,150.0,26,0.0,26,147.85,True,0.0,-0.6372,0.9856666666666666
1605,1i,150.0,26,0.0,26,147.85,True,0.0,-1.7195,0.9856666666666666
1610,1i,150.0,25,0.9005,22,147.85,True,0.0,-0.5591,0.9856666666666666
1615,1i,150.0,24,0.7002,20,147.85,True,0.0,0.02540000000000009,0.9856666666666666
1620,1i,150.0,24,0.4404,20,147.85,True,0.0,-0.5876,0.9856666666666666
1625,1i,150.0,24,0.0894,24,147.85,True,0.0,-0.44040000000000007,0.9856666666666666
1630,1i,150.0,24,0.0909,24,147.85,True,0.0,0.0909,0.9856666666666666
1635,1i,150.0,25,1.0706,24,147.83,True,-0.01999999999998181,1.0706,0.9855333333333334
1640,1i,150.0,26,1.1637,24,146.7,True,-1.1500000000000057,0.2632,0.9779999999999999
1645,1i,150.0,26,0.5429,24,145.25,True,-2.5999999999999943,-0.1573,0.9683333333333334
1650,1i,150.0,26,0.0715,25,144.87,False,-2.9799999999999898,-0.3689,0.9658
1655,1i,150.0,26,0.0001,26,144.85,False,-3.0,-0.08929999999999999,0.9656666666666667
1660,1i,150.0,26,0.0,26,144.85,False,-3.0,-0.0909,0.9656666666666667
1665,1i,150.0,26,0.0,26,144.85,False,-2.980000000000018,-1.0706,0.9656666666666667
1670,1i,150.0,24,0.8778,22,144.85,False,-1.8499999999999943,-0.28589999999999993,0.9656666666666667
1675,1i,150.0,23,0.7947,22,144.85,False,-0.4000000000000057,0.2517999999999999,0.9656666666666667
1680,1i,150.0,23,1.1935,22,144.85,False,-0.020000000000010232,1.122,0.9656666666666667
1685,1i,150.0,23,0.5848,22,144.85,False,0.0,0.5847,0.9656666666666667
1690,1i,150.0,22,0.0,22,144.85,False,0.0,0.0,0.9656666666666667
1695,1i,150.0,22,0.0,22,144.85,False,0.0,0.0,0.9656666666666667
1700,1i,150.0,21,1.0122,19,144.85,False,0.0,0.13439999999999996,0.9656666666666667
1705,1i,150.0,20,1.213,15,144.85,False,0.0,0.4183000000000001,0.9656666666666667
1710,1i,150.0,20,0.7633,13,144.85,False,0.0,-0.4302,0.9656666666666667
1715,1i,150.0,20,0.4822,14,144.85,False,0.0,-0.10259999999999997,0.9656666666666667
1720,1i,150.0,20,0.5427,13,144.81,False,-0.03999999999999204,0.5427,0.9654
1725,1i,150.0,21,1.6347,13,142.14,False,-2.710000000000008,1.6347,0.9475999999999999
1730,1i,150.0,22,1.5493,16,95.63,False,-49.22,0.5370999999999999,0.6375333333333333
1735,1i,150.0,23,0.83,20,130.68,False,-14.169999999999987,-0.3830000000000001,0.8712000000000001
1740,1i,150.0,24,0.159,23,149.92,True,5.069999999999993,-0.6043,0.9994666666666666
1745,1i,150.0,24,0.0007,24,149.56,True,4.710000000000008,-0.48150000000000004,0.9970666666666667
1750,1i,150.0,24,0.0,24,149.56,True,4.75,-0.5427,0.9970666666666667
1755,1i,150.0,26,1.408,24,149.56,True,7.420000000000016,-0.22670000000000012,0.9970666666666667
1760,1i,150.0,24,1.7356,21,149.56,True,53.93000000000001,0.18630000000000013,0.9970666666666667
1765,1i,150.0,24,0.63,21,149.56,True,18.879999999999995,-0.19999999999999996,0.9970666666666667
1770,1i,150.0,25,1.0468,23,149.56,True,-0.3599999999999852,0.8877999999999999,0.9970666666666667
1775,1i,150.0,25,0.5924,24,149.56,True,0.0,0.5917,0.9970666666666667
1780,1i,150.0,24,0.0,24,149.56,True,0.0,0.0,0.9970666666666667
1785,1i,150.0,24,0.0,24,149.56,True,0.0,-1.408,0.9970666666666667
1790,1i,150.0,22,0.0545,20,149.56,True,0.0,-1.6811,0.9970666666666667
1795,1i,150.0,22,0.9899,18,149.56,True,0.0,0.3599,0.9970666666666667
1800,1i,150.0,22,0.679,17,149.56,True,0.0,-0.3677999999999999,0.9970666666666667
1805,1i,150.0,22,0.2885,18,149.56,True,0.0,-0.30390000000000006,0.9970666666666667
1810,1i,150.0,22,0.2558,19,149.39,True,-0.17000000000001592,0.2558,0.9959333333333332
1815,1i,150.0,23,1.2327,20,147.46,True,-2.0999999999999943,1.2327,0.9830666666666668
1820,1i,150.0,25,1.199,22,143.82,False,-5.740000000000009,1.1445,0.9588
1825,1i,150.0,25,0.8023,23,146.78,True,-2.780000000000001,-0.1876,0.9785333333333334
1830,1i,150.0,25,0.1635,24,146.57,True,-2.990000000000009,-0.5155000000000001,0.9771333333333333
1835,1i,150.0,25,0.0008,25,146.56,True,-3.0,-0.28769999999999996,0.9770666666666666
1840,1i,150.0,25,0.0,25,146.56,True,-2.829999999999984,-0.2558,0.9770666666666666
1845,1i,150.0,25,0.0,25,146.56,True,-0.9000000000000057,-1.2327,0.9770666666666666
1850,1i,150.0,23,0.9376,21,146.56,True,2.740000000000009,-0.2614000000000001,0.9770666666666666
1855,1i,150.0,22,0.7354,21,146.56,True,-0.21999999999999886,-0.06689999999999996,0.9770666666666666
1860,1i,150.0,22,1.2128,21,146.56,True,-0.009999999999990905,1.0493000000000001,0.9770666666666666
1865,1i,150.0,22,0.5789,21,146.56,True,0.0,0.5781,0.9770666666666666
1870,1i,150.0,21,0.0,21,146.56,True,0.0,0.0,0.9770666666666666
1875,1i,150.0,21,0.0,21,146.56,True,0.0,0.0,0.9770666666666666
1880,1i,150.0,20,0.0535,20,146.56,True,0.0,-0.8841,0.9770666666666666
1885,1i,150.0,21,1.4093,16,146.56,True,0.0,0.6738999999999999,0.9770666666666666
1890,1i,150.0,21,0.8149,16,146.56,True,0.0,-0.39790000000000014,0.9770666666666666
1895,1i,150.0,21,0.4647,16,146.56,True,0.0,-0.11419999999999997,0.9770666666666666
1900,1i,150.0,21,0.429,16,146.46,True,-0.09999999999999432,0.429,0.9764
1905,1i,150.0,23,1.4863,15,149.33,True,2.7700000000000102,1.4863,0.9955333333333334
1910,1i,150.0,23,0.8426,17,144.94,False,-1.6200000000000045,0.7891,0.9662666666666666
1915,1i,150.0,24,0.608,20,128.72,False,-17.840000000000003,-0.8013,0.8581333333333333
1920,1i,150.0,25,0.2981,24,149.36,True,2.8000000000000114,-0.5167999999999999,0.9957333333333335
1925,1i,150.0,25,0.1103,24,149.24,True,2.680000000000007,-0.3544,0.9949333333333334
1930,1i,150.0,25,0.0001,25,149.23,True,2.769999999999982,-0.4289,0.9948666666666666
1935,1i,150.0,25,0.0,25,149.23,True,-0.10000000000002274,-1.4863,0.9948666666666666
1940,1i,150.0,24,0.9449,22,149.23,True,4.289999999999992,0.10229999999999995,0.9948666666666666
1945,1i,150.0,23,0.7154,22,149.23,True,20.50999999999999,0.10740000000000005,0.9948666666666666
1950,1i,150.0,23,1.1455,22,149.23,True,-0.13000000000002387,0.8473999999999999,0.9948666666666666
1955,1i,150.0,23,0.5533,22,149.23,True,-0.010000000000019327,0.443,0.9948666666666666
1960,1i,150.0,22,0.0,22,149.23,True,0.0,-0.0001,0.9948666666666666
1965,1i,150.0,22,0.0,22,149.23,True,0.0,0.0,0.9948666666666666
1970,1i,150.0,21,0.8879,19,149.23,True,0.0,-0.05699999999999994,0.9948666666666666
1975,1i,150.0,20,1.2289,16,149.23,True,0.0,0.5135000000000001,0.9948666666666666
1980,1i,150.0,20,0.792,15,149.23,True,0.0,-0.3534999999999999,0.9948666666666666
1985,1i,150.0,20,0.5178,15,149.23,True,0.0,-0.035499999999999976,0.9948666666666666
1990,1i,150.0,20,0.5128,14,149.2,True,-0.030000000000001137,0.5128,0.9946666666666666
1995,1i,150.0,21,1.7613,13,147.37,True,-1.8599999999999852,1.7613,0.9824666666666667
2000,1i,150.0,21,0.8548,17,114.29,False,-34.93999999999998,-0.03310000000000002,0.7619333333333334
2005,1i,150.0,24,0.6863,19,121.82,False,-27.409999999999997,-0.5426000000000001,0.8121333333333333
2010,1i,150.0,25,0.3346,24,149.82,True,0.5900000000000034,-0.45740000000000003,0.9987999999999999
2015,1i,150.0,25,0.1304,24,149.24,True,0.010000000000019327,-0.3874000000000001,0.9949333333333334
2020,1i,150.0,25,0.0013,25,149.23,True,0.030000000000001137,-0.5115000000000001,0.9948666666666666
2025,1i,150.0,25,0.0,25,149.23,True,1.8599999999999852,-1.7613,0.9948666666666666
2030,1i,150.0,24,1.5009,22,149.23,True,34.93999999999998,0.6460999999999999,0.9948666666666666
2035,1i,150.0,27,2.6429,22,149.23,True,27.409999999999997,1.9566,0.9948666666666666
2040,1i,150.0,28,2.0185,23,149.23,True,-0.5900000000000034,1.6839,0.9948666666666666
2045,1i,150.0,28,0.7069,26,149.23,True,-0.010000000000019327,0.5765,0.9948666666666666
2050,1i,150.0,27,0.0,27,149.23,True,0.0,-0.0013,0.9948666666666666
2055,1i,150.0,27,0.0001,27,149.23,True,0.0,0.0001,0.9948666666666666
2060,1i,150.0,25,0.1043,23,149.23,True,0.0,-1.3965999999999998,0.9948666666666666
2065,1i,150.0,25,0.5765,22,149.23,True,0.0,-2.0664,0.9948666666666666
2070,1i,150.0,25,0.3951,23,149.23,True,0.0,-1.6234,0.9948666666666666
2075,1i,150.0,25,0.2652,24,149.23,True,0.0,-0.4417,0.9948666666666666
2080,1i,150.0,25,0.1509,25,149.22,True,-0.009999999999990905,0.1509,0.9948
2085,1i,150.0,25,0.1337,25,148.77,True,-0.45999999999997954,0.13360000000000002,0.9918
2090,1i,150.0,27,1.4187,25,146.59,True,-2.6399999999999864,1.3144,0.9772666666666667
2095,1i,150.0,27,1.2069,25,144.87,False,-4.359999999999985,0.6304000000000001,0.9658
2100,1i,150.0,27,0.1409,25,144.59,False,-4.639999999999986,-0.2542,0.9639333333333333
2105,1i,150.0,27,0.0003,27,144.58,False,-4.649999999999977,-0.26489999999999997,0.9638666666666668
2110,1i,150.0,27,0.0,27,144.58,False,-4.639999999999986,-0.1509,0.9638666666666668
2115,1i,150.0,27,0.0,27,144.58,False,-4.189999999999998,-0.1337,0.9638666666666668
2120,1i,150.0,27,0.5476,26,144.58,False,-2.009999999999991,-0.8711000000000001,0.9638666666666668
2125,1i,150.0,27,0.4809,26,144.58,False,-0.28999999999999204,-0.7260000000000001,0.9638666666666668
2130,1i,150.0,28,0.7813,26,144.58,False,-0.009999999999990905,0.6404,0.9638666666666668
2135,1i,150.0,28,0.6169,27,144.58,False,0.0,0.6166,0.9638666666666668
2140,1i,150.0,27,0.0,27,144.58,False,0.0,0.0,0.9638666666666668
2145,1i,150.0,27,0.0,27,144.58,False,0.0,0.0,0.9638666666666668
2150,1i,150.0,27,0.9047,23,144.58,False,0.0,0.3571,0.9638666666666668
2155,1i,150.0,25,1.0903,17,144.58,False,0.0,0.6094,0.9638666666666668
2160,1i,150.0,25,0.5936,15,144.58,False,0.0,-0.18769999999999998,0.9638666666666668
2165,1i,150.0,25,0.3749,19,144.58,False,0.0,-0.242,0.9638666666666668
2170,1i,150.0,25,0.3924,18,144.5,False,-0.0800000000000125,0.3924,0.9633333333333334
2175,1i,150.0,25,0.2738,19,136.62,False,-7.960000000000008,0.2738,0.9108
2180,1i,150.0,28,1.2936,22,117.64,False,-26.940000000000012,0.38890000000000013,0.7842666666666667
2185,1i,150.0,30,1.0804,26,139.84,False,-4.740000000000009,-0.00990000000000002,0.9322666666666667
2190,1i,150.0,30,0.0954,28,147.49,True,2.9099999999999966,-0.49820000000000003,0.9832666666666667
2195,1i,150.0,30,0.0004,30,147.25,True,2.6699999999999875,-0.3745,0.9816666666666667
2200,1i,150.0,30,0.0,30,147.23,True,2.7299999999999898,-0.3924,0.9815333333333333
2205,1i,150.0,30,0.0,30,147.23,True,10.609999999999985,-0.2738,0.9815333333333333
2210,1i,150.0,27,0.1777,25,147.23,True,29.58999999999999,-1.1159000000000001,0.9815333333333333
2215,1i,150.0,27,0.8692,23,147.23,True,7.389999999999986,-0.21120000000000005,0.9815333333333333
2220,1i,150.0,25,1.3187,23,147.23,True,-0.2600000000000193,1.2233,0.9815333333333333
2225,1i,150.0,24,0.6973,23,147.23,True,-0.020000000000010232,0.6969000000000001,0.9815333333333333
2230,1i,150.0,23,0.0,23,147.23,True,0.0,0.0,0.9815333333333333
2235,1i,150.0,23,0.0,23,147.23,True,0.0,0.0,0.9815333333333333
2240,1i,150.0,21,0.0291,21,147.23,True,0.0,-0.1486,0.9815333333333333
2245,1i,150.0,22,0.9714,18,147.23,True,0.0,0.10220000000000007,0.9815333333333333
2250,1i,150.0,22,0.5764,18,147.23,True,0.0,-0.7423,0.9815333333333333
2255,1i,150.0,22,0.3009,18,147.23,True,0.0,-0.39640000000000003,0.9815333333333333
2260,1i,150.0,22,0.2808,17,147.23,True,0.0,0.2808,0.9815333333333333
2265,1i,150.0,22,0.2795,20,146.81,True,-0.4199999999999875,0.2795,0.9787333333333333
2270,1i,150.0,25,1.5063,19,124.33,False,-22.89999999999999,1.4772,0.8288666666666666
2275,1i,150.0,26,1.24,24,148.29,True,1.0600000000000023,0.26859999999999995,0.9885999999999999
2280,1i,150.0,26,0.3051,24,146.95,True,-0.28000000000000114,-0.27130000000000004,0.9796666666666666
2285,1i,150.0,26,0.0009,26,146.81,True,-0.4199999999999875,-0.3,0.9787333333333333
2290,1i,150.0,26,0.0,26,146.81,True,-0.4199999999999875,-0.2808,0.9787333333333333
2295,1i,150.0,26,0.0,26,146.81,True,0.0,-0.2795,0.9787333333333333
2300,1i,150.0,23,0.0,23,146.81,True,22.480000000000004,-1.5063,0.9787333333333333
2305,1i,150.0,24,0.7719,23,146.81,True,-1.4799999999999898,-0.46809999999999996,0.9787333333333333
2310,1i,150.0,24,1.091,23,146.81,True,-0.13999999999998636,0.7859,0.9787333333333333
2315,1i,150.0,24,0.5347,23,146.81,True,0.0,0.5337999999999999,0.9787333333333333
2320,1i,150.0,23,0.0,23,146.81,True,0.0,0.0,0.9787333333333333
2325,1i,150.0,23,0.0,23,146.81,True,0.0,0.0,0.9787333333333333
2330,1i,150.0,23,0.8201,21,146.81,True,0.0,0.8201,0.9787333333333333
2335,1i,150.0,23,1.1345,18,146.81,True,0.0,0.36260000000000003,0.9787333333333333
2340,1i,150.0,23,0.6751,18,146.81,True,0.0,-0.41589999999999994,0.9787333333333333
2345,1i,150.0,23,0.4214,18,146.81,True,0.0,-0.11329999999999996,0.9787333333333333
2350,1i,150.0,23,0.4395,18,146.81,True,0.0,0.4395,0.9787333333333333
2355,1i,150.0,24,1.4434,16,146.21,True,-0.5999999999999943,1.4434,0.9747333333333333
2360,1i,150.0,25,1.4391,19,118.53,False,-28.28,0.619,0.7902
2365,1i,150.0,25,0.7261,22,129.95,False,-16.860000000000014,-0.4084000000000001,0.8663333333333333
2370,1i,150.0,26,0.0938,25,147.52,True,0.710000000000008,-0.5813,0.9834666666666667
2375,1i,150.0,26,0.001,26,147.24,True,0.4300000000000068,-0.4204,0.9816
2380,1i,150.0,26,0.0,26,147.23,True,0.4199999999999875,-0.4395,0.9815333333333333
2385,1i,150.0,26,0.0,26,147.23,True,1.0199999999999818,-1.4434,0.9815333333333333
2390,1i,150.0,24,0.1428,23,147.23,True,28.69999999999999,-1.2963,0.9815333333333333
2395,1i,150.0,24,0.7306,23,147.23,True,17.28,0.0045000000000000595,0.9815333333333333
2400,1i,150.0,24,0.9783,23,147.23,True,-0.29000000000002046,0.8845,0.9815333333333333
2405,1i,150.0,24,0.731,23,147.23,True,-0.010000000000019327,0.73,0.9815333333333333
2410,1i,150.0,23,0.0,23,147.23,True,0.0,0.0,0.9815333333333333
2415,1i,150.0,23,0.0,23,147.23,True,0.0,0.0,0.9815333333333333
2420,1i,150.0,22,0.8837,20,147.23,True,0.0,0.7409,0.9815333333333333
2425,1i,150.0,21,1.2043,16,147.23,True,0.0,0.4736999999999999,0.9815333333333333
2430,1i,150.0,21,0.7847,14,147.23,True,0.0,-0.1936,0.9815333333333333
2435,1i,150.0,21,0.5626,14,147.23,True,0.0,-0.1684,0.9815333333333333
2440,1i,150.0,21,0.5593,15,147.23,True,0.0,0.5593,0.9815333333333333
2445,1i,150.0,22,1.5566,14,145.35,True,-1.8799999999999955,1.5566,0.969
2450,1i,150.0,24,1.5539,18,111.68,False,-35.54999999999998,0.6702,0.7445333333333334
2455,1i,150.0,25,0.8846,21,133.55,False,-13.679999999999978,-0.3196999999999999,0.8903333333333334
2460,1i,150.0,25,0.2615,24,140.51,False,-6.719999999999999,-0.5231999999999999,0.9367333333333333
2465,1i,150.0,25,0.0015,25,140.26,False,-6.969999999999999,-0.5611,0.9350666666666666
2470,1i,150.0,25,0.0,25,140.23,False,-7.0,-0.5593,0.9348666666666666
2475,1i,150.0,25,0.0,25,140.23,False,-5.1200000000000045,-1.5566,0.9348666666666666
2480,1i,150.0,23,0.694,22,140.23,False,28.549999999999983,-0.8599000000000001,0.9348666666666666
2485,1i,150.0,26,2.3105,22,140.23,False,6.679999999999978,1.4259000000000002,0.9348666666666666
2490,1i,150.0,29,2.7635,22,140.23,False,-0.28000000000000114,2.5020000000000002,0.9348666666666666
2495,1i,150.0,33,2.8907,25,140.23,False,-0.030000000000001137,2.8891999999999998,0.9348666666666666
2500,1i,150.0,33,1.1252,28,140.23,False,0.0,1.1252,0.9348666666666666
2505,1i,150.0,33,0.1172,32,140.23,False,0.0,0.1172,0.9348666666666666
2510,1i,150.0,31,0.0644,31,140.23,False,0.0,-0.6295999999999999,0.9348666666666666
2515,1i,150.0,31,0.509,28,140.23,False,0.0,-1.8015000000000003,0.9348666666666666
2520,1i,150.0,31,0.1135,29,140.23,False,0.0,-2.65,0.9348666666666666
2525,1i,150.0,31,0.1087,30,140.23,False,0.0,-2.782,0.9348666666666666
2530,1i,150.0,31,0.0841,31,140.23,False,0.0,-1.0411,0.9348666666666666
2535,1i,150.0,31,0.1126,30,140.1,False,-0.12999999999999545,-0.004599999999999993,0.9339999999999999
2540,1i,150.0,33,1.0601,29,138.21,False,-2.019999999999982,0.9957,0.9214000000000001
2545,1i,150.0,33,0.7279,31,136.98,False,-3.25,0.21889999999999998,0.9131999999999999
2550,1i,150.0,33,0.2152,31,136.6,False,-3.6299999999999955,0.1017,0.9106666666666666
2555,1i,150.0,33,0.0677,32,136.28,False,-3.9499999999999886,-0.04100000000000001,0.9085333333333333
2560,1i,150.0,33,0.0001,33,136.23,False,-4.0,-0.08399999999999999,0.9081999999999999
2565,1i,150.0,33,0.0,33,136.23,False,-3.8700000000000045,-0.1126,0.9081999999999999
2570,1i,150.0,31,0.5295,30,136.23,False,-1.9800000000000182,-0.5306000000000001,0.9081999999999999
2575,1i,150.0,31,0.3259,30,136.23,False,-0.75,-0.40199999999999997,0.9081999999999999
2580,1i,150.0,32,0.6844,30,136.23,False,-0.37000000000000455,0.4692,0.9081999999999999
2585,1i,150.0,32,0.5168,31,136.23,False,-0.05000000000001137,0.44910000000000005,0.9081999999999999
2590,1i,150.0,31,0.0,31,136.23,False,0.0,-0.0001,0.9081999999999999
2595,1i,150.0,31,0.0,31,136.23,False,0.0,0.0,0.9081999999999999
2600,1i,150.0,31,0.6988,29,136.23,False,0.0,0.1693,0.9081999999999999
2605,1i,150.0,30,0.4895,27,136.23,False,0.0,0.16359999999999997,0.9081999999999999
2610,1i,150.0,30,0.5394,25,136.23,False,0.0,-0.14500000000000002,0.9081999999999999
2615,1i,150.0,30,0.1412,29,136.23,False,0.0,-0.37560000000000004,0.9081999999999999
2620,1i,150.0,30,0.3046,28,136.12,False,-0.10999999999998522,0.3046,0.9074666666666666
2625,1i,150.0,32,1.1465,27,149.34,True,13.110000000000014,1.1465,0.9956
2630,1i,150.0,32,0.8072,28,147.89,True,11.659999999999997,0.10840000000000005,0.9859333333333332
2635,1i,150.0,33,0.494,31,145.84,True,9.610000000000014,0.004500000000000004,0.9722666666666667
2640,1i,150.0,33,0.0466,32,144.46,False,8.230000000000018,-0.4928,0.9630666666666667
2645,1i,150.0,33,0.0006,33,144.24,False,8.01000000000002,-0.1406,0.9616
2650,1i,150.0,33,0.0,33,144.23,False,8.109999999999985,-0.3046,0.9615333333333332
2655,1i,150.0,33,0.0,33,144.23,False,-5.110000000000014,-1.1465,0.9615333333333332
2660,1i,150.0,31,0.0,31,144.23,False,-3.6599999999999966,-0.8072,0.9615333333333332
2665,1i,150.0,32,0.3909,31,144.23,False,-1.6100000000000136,-0.10309999999999997,0.9615333333333332
2670,1i,150.0,33,0.6174,31,144.23,False,-0.2300000000000182,0.5708,0.9615333333333332
2675,1i,150.0,33,0.5466,32,144.23,False,-0.010000000000019327,0.5459999999999999,0.9615333333333332
2680,1i,150.0,32,0.0,32,144.23,False,0.0,0.0,0.9615333333333332
2685,1i,150.0,32,0.0,32,144.23,False,0.0,0.0,0.9615333333333332
2690,1i,150.0,30,0.0763,29,144.23,False,0.0,0.0763,0.9615333333333332
2695,1i,150.0,29,0.58,26,144.23,False,0.0,0.18909999999999993,0.9615333333333332
2700,1i,150.0,29,0.1172,28,144.23,False,0.0,-0.5002,0.9615333333333332
2705,1i,150.0,29,0.1146,29,144.23,False,0.0,-0.432,0.9615333333333332
2710,1i,150.0,29,0.1179,29,144.23,False,0.0,0.1179,0.9615333333333332
2715,1i,150.0,30,0.8722,29,142.79,False,-1.4399999999999977,0.8722,0.9519333333333333
2720,1i,150.0,31,0.5463,30,148.87,True,4.640000000000015,0.47,0.9924666666666667
2725,1i,150.0,32,0.5119,30,147.29,True,3.0600000000000023,-0.06809999999999994,0.9819333333333333
2730,1i,150.0,32,0.0716,31,146.9,True,2.670000000000016,-0.0456,0.9793333333333334
2735,1i,150.0,32,0.0005,32,146.82,True,2.5900000000000034,-0.1141,0.9788
2740,1i,150.0,32,0.0,32,146.81,True,2.5800000000000125,-0.1179,0.9787333333333333
2745,1i,150.0,32,0.0,32,146.81,True,4.02000000000001,-0.8722,0.9787333333333333
2750,1i,150.0,32,0.4776,31,146.81,True,-2.0600000000000023,-0.06869999999999998,0.9787333333333333
2755,1i,150.0,32,0.2432,31,146.81,True,-0.47999999999998977,-0.26870000000000005,0.9787333333333333
2760,1i,150.0,33,0.5168,31,146.81,True,-0.09000000000000341,0.44520000000000004,0.9787333333333333
2765,1i,150.0,33,0.5376,32,146.81,True,-0.009999999999990905,0.5371,0.9787333333333333
2770,1i,150.0,32,0.0,32,146.81,True,0.0,0.0,0.9787333333333333
2775,1i,150.0,32,0.0,32,146.81,True,0.0,0.0,0.9787333333333333
2780,1i,150.0,31,0.6168,29,146.81,True,0.0,0.1392,0.9787333333333333
2785,1i,150.0,30,0.8993,21,146.81,True,0.0,0.6561,0.9787333333333333
2790,1i,150.0,30,0.8008,18,146.81,True,0.0,0.2839999999999999,0.9787333333333333
2795,1i,150.0,30,0.6004,20,146.81,True,0.0,0.06280000000000008,0.9787333333333333
2800,1i,150.0,30,0.4371,23,146.81,True,0.0,0.4371,0.9787333333333333
2805,1i,150.0,31,0.9414,24,146.31,True,-0.5,0.9414,0.9754
2810,1i,150.0,33,1.228,24,83.77,False,-63.040000000000006,0.6112,0.5584666666666667
2815,1i,150.0,34,0.5008,27,105.7,False,-41.11,-0.39849999999999997,0.7046666666666667
2820,1i,150.0,35,0.0862,34,143.02,False,-3.789999999999992,-0.7145999999999999,0.9534666666666667
2825,1i,150.0,37,0.8355,35,145.66,True,-1.1500000000000057,0.23509999999999998,0.9710666666666666
2830,1i,150.0,40,1.0751,35,145.53,True,-1.2800000000000011,0.6379999999999999,0.9702000000000001
2835,1i,150.0,40,0.1598,38,145.52,True,-0.789999999999992,-0.7816000000000001,0.9701333333333334
2840,1i,150.0,40,0.8114,35,145.52,True,61.750000000000014,-0.41659999999999997,0.9701333333333334
2845,1i,150.0,40,0.7548,33,145.52,True,39.82000000000001,0.254,0.9701333333333334
2850,1i,150.0,37,0.7759,32,145.52,True,2.5,0.6897,0.9701333333333334
2855,1i,150.0,36,2.0647,28,145.52,True,-0.13999999999998636,1.2292,0.9701333333333334
2860,1i,150.0,35,2.003,25,145.52,True,-0.009999999999990905,0.9279000000000002,0.9701333333333334
2865,1i,150.0,35,0.905,29,145.52,True,0.0,0.7452000000000001,0.9701333333333334
2870,1i,150.0,33,0.1054,30,145.52,True,0.0,-0.706,0.9701333333333334
2875,1i,150.0,33,0.5283,29,145.52,True,0.0,-0.22650000000000003,0.9701333333333334
2880,1i,150.0,33,0.3633,29,145.52,True,0.0,-0.4126,0.9701333333333334
2885,1i,150.0,33,0.1289,31,145.52,True,0.0,-1.9358000000000002,0.9701333333333334
2890,1i,150.0,33,0.0024,33,145.52,True,0.0,-2.0006,0.9701333333333334
2895,1i,150.0,34,0.906,28,145.52,True,0.0,0.0010000000000000009,0.9701333333333334
2900,1i,150.0,35,1.0485,30,145.52,True,0.0,0.9431,0.9701333333333334
2905,1i,150.0,35,0.2413,33,145.52,True,0.0,-0.28700000000000003,0.9701333333333334
2910,1i,150.0,35,0.2123,32,145.52,True,0.0,-0.15100000000000002,0.9701333333333334
2915,1i,150.0,35,0.2477,33,145.52,True,0.0,0.11880000000000002,0.9701333333333334
2920,1i,150.0,35,0.0797,34,145.52,True,0.0,0.0773,0.9701333333333334
2925,1i,150.0,35,0.0287,35,145.52,True,0.0,-0.8773000000000001,0.9701333333333334
2930,1i,150.0,34,0.2309,30,145.24,True,-0.28000000000000114,-0.8176,0.9682666666666667
2935,1i,150.0,35,0.3702,34,144.43,False,-1.0900000000000034,0.1289,0.9628666666666668
2940,1i,150.0,36,0.6562,34,144.13,False,-1.3900000000000148,0.4439,0.9608666666666666
2945,1i,150.0,36,0.4173,35,144.08,False,-1.4399999999999977,0.1696,0.9605333333333335
2950,1i,150.0,36,0.098,35,144.08,False,-1.4399999999999977,0.01830000000000001,0.9605333333333335
2955,1i,150.0,36,0.0,36,144.08,False,-1.4399999999999977,-0.0287,0.9605333333333335
2960,1i,150.0,35,0.6325,33,144.08,False,-1.1599999999999966,0.40159999999999996,0.9605333333333335
2965,1i,150.0,33,0.481,29,144.08,False,-0.3499999999999943,0.11080000000000001,0.9605333333333335
2970,1i,150.0,33,0.1872,30,144.08,False,-0.04999999999998295,-0.469,0.9605333333333335
2975,1i,150.0,33,0.0959,33,144.08,False,0.0,-0.3214,0.9605333333333335
2980,1i,150.0,33,0.2943,28,144.08,False,0.0,0.1963,0.9605333333333335
2985,1i,150.0,34,0.7446,32,144.08,False,0.0,0.7446,0.9605333333333335
2990,1i,150.0,34,0.5474,30,143.04,False,-1.0400000000000205,-0.08509999999999995,0.9535999999999999
2995,1i,150.0,35,0.472,31,140.8,False,-3.280000000000001,-0.009000000000000008,0.9386666666666668
3000,1i,150.0,35,0.141,34,139.78,False,-4.300000000000011,-0.04620000000000002,0.9318666666666666
3005,1i,150.0,35,0.0823,34,139.61,False,-4.469999999999999,-0.013600000000000001,0.9307333333333334
3010,1i,150.0,35,0.0655,35,138.32,False,-5.760000000000019,-0.2288,0.9221333333333332
3015,1i,150.0,36,0.0258,36,149.79,True,5.7099999999999795,-0.7188,0.9985999999999999
3020,1i,150.0,33,0.5617,32,148.84,True,5.800000000000011,0.01429999999999998,0.9922666666666667
3025,1i,150.0,33,0.2924,32,148.72,True,7.9199999999999875,-0.17959999999999998,0.9914666666666666
3030,1i,150.0,33,0.0007,33,148.72,True,8.939999999999998,-0.14029999999999998,0.9914666666666666
3035,1i,150.0,34,0.5228,33,148.72,True,9.109999999999985,0.44050000000000006,0.9914666666666666
3040,1i,150.0,34,0.4098,33,148.72,True,10.400000000000006,0.3443,0.9914666666666666
3045,1i,150.0,34,0.0713,33,148.72,True,-1.0699999999999932,0.0455,0.9914666666666666
3050,1i,150.0,34,0.7435,30,148.72,True,-0.12000000000000455,0.18180000000000007,0.9914666666666666
3055,1i,150.0,32,0.7057,27,148.72,True,0.0,0.4133,0.9914666666666666
3060,1i,150.0,32,0.4522,26,148.72,True,0.0,0.4515,0.9914666666666666
3065,1i,150.0,32,0.207,29,148.72,True,0.0,-0.3158000000000001,0.9914666666666666
3070,1i,150.0,32,0.1621,29,148.72,True,0.0,-0.2477,0.9914666666666666
3075,1i,150.0,33,0.7055,29,148.71,True,-0.009999999999990905,0.6342,0.9914000000000001
3080,1i,150.0,34,1.1038,30,147.66,True,-1.0600000000000023,0.36029999999999984,0.9843999999999999
3085,1i,150.0,35,0.3349,31,149.46,True,0.7400000000000091,-0.3708,0.9964000000000001
3090,1i,150.0,35,0.0239,35,145.86,True,-2.859999999999985,-0.4283,0.9724
3095,1i,150.0,35,0.0004,35,145.54,True,-3.180000000000007,-0.20659999999999998,0.9702666666666666
3100,1i,150.0,35,0.0,35,145.53,True,-3.1899999999999977,-0.1621,0.9702000000000001
3105,1i,150.0,35,0.0,35,145.52,True,-3.1899999999999977,-0.7055,0.9701333333333334
3110,1i,150.0,34,0.7183,32,145.52,True,-2.1399999999999864,-0.38549999999999984,0.9701333333333334
3115,1i,150.0,33,0.2378,32,145.52,True,-3.9399999999999977,-0.09709999999999996,0.9701333333333334
3120,1i,150.0,34,0.6282,33,145.52,True,-0.3400000000000034,0.6043,0.9701333333333334
3125,1i,150.0,34,0.522,33,145.52,True,-0.01999999999998181,0.5216000000000001,0.9701333333333334
3130,1i,150.0,33,0.0,33,145.52,True,-0.009999999999990905,0.0,0.9701333333333334
3135,1i,150.0,33,0.2606,30,145.52,True,0.0,0.2606,0.9701333333333334
3140,1i,150.0,31,0.1812,30,145.52,True,0.0,-0.5371,0.9701333333333334
3145,1i,150.0,31,0.5654,26,145.52,True,0.0,0.3276,0.9701333333333334
3150,1i,150.0,31,0.5117,24,145.52,True,0.0,-0.11649999999999994,0.9701333333333334
3155,1i,150.0,31,0.5111,21,145.52,True,0.0,-0.01090000000000002,0.9701333333333334
3160,1i,150.0,31,0.3288,24,145.52,True,0.0,0.3288,0.9701333333333334
3165,1i,150.0,32,0.8866,28,145.02,True,-0.5,0.6260000000000001,0.9668000000000001
3170,1i,150.0,33,1.1116,29,142.14,False,-3.380000000000024,0.9303999999999999,0.9475999999999999
3175,1i,150.0,34,0.4769,31,137.97,False,-7.550000000000011,-0.08850000000000002,0.9198
3180,1i,150.0,34,0.0073,34,144.61,False,-0.9099999999999966,-0.5044000000000001,0.9640666666666667
3185,1i,150.0,34,0.0002,34,144.53,False,-0.9900000000000091,-0.5109,0.9635333333333334
3190,1i,150.0,34,0.0,34,144.52,False,-1.0,-0.3288,0.9634666666666667
3195,1i,150.0,34,0.0,34,144.52,False,-0.5,-0.8866,0.9634666666666667
3200,1i,150.0,31,0.0822,30,144.52,False,2.380000000000024,-1.0293999999999999,0.9634666666666667
3205,1i,150.0,31,0.8209,25,144.52,False,6.550000000000011,0.344,0.9634666666666667
3210,1i,150.0,30,1.6224,23,144.52,False,-0.09000000000000341,1.6151,0.9634666666666667
3215,1i,150.0,27,1.5187,23,144.52,False,-0.009999999999990905,1.5185,0.9634666666666667
3220,1i,150.0,23,0.0,23,144.52,False,0.0,0.0,0.9634666666666667
3225,1i,150.0,23,0.0,23,144.52,False,0.0,0.0,0.9634666666666667
3230,1i,150.0,23,0.8955,20,144.52,False,0.0,0.8132999999999999,0.9634666666666667
3235,1i,150.0,21,1.5584,16,144.52,False,0.0,0.7375,0.9634666666666667
3240,1i,150.0,21,0.9631,14,144.52,False,0.0,-0.6593000000000001,0.9634666666666667
3245,1i,150.0,21,0.6951,14,144.52,False,0.0,-0.8235999999999999,0.9634666666666667
3250,1i,150.0,21,0.7632,14,144.52,False,0.0,0.7632,0.9634666666666667
3255,1i,150.0,22,1.8312,13,143.06,False,-1.460000000000008,1.8312,0.9537333333333333
3260,1i,150.0,23,1.2656,14,147.17,True,2.6499999999999773,0.3701000000000001,0.9811333333333333
3265,1i,150.0,25,0.9716,17,93.26,False,-51.260000000000005,-0.5868,0.6217333333333334
3270,1i,150.0,26,0.5031,21,113.9,False,-30.620000000000005,-0.45999999999999996,0.7593333333333334
3275,1i,150.0,27,0.1605,25,141.93,False,-2.5900000000000034,-0.5346000000000001,0.9462
3280,1i,150.0,27,0.0003,27,148.82,True,4.299999999999983,-0.7629,0.9921333333333333
3285,1i,150.0,27,0.0,27,148.81,True,5.75,-1.8312,0.9920666666666667
3290,1i,150.0,25,0.6497,24,148.81,True,1.6400000000000148,-0.6159,0.9920666666666667
3295,1i,150.0,25,0.7559,24,148.81,True,55.55,-0.2157,0.9920666666666667
3300,1i,150.0,25,1.0477,24,148.81,True,34.91,0.5446000000000001,0.9920666666666667
3305,1i,150.0,25,0.526,24,148.81,True,6.8799999999999955,0.36550000000000005,0.9920666666666667
3310,1i,150.0,24,0.0,24,148.81,True,-0.009999999999990905,-0.0003,0.9920666666666667
3315,1i,150.0,26,1.3255,24,148.81,True,0.0,1.3255,0.9920666666666667
3320,1i,150.0,26,2.0873,21,148.81,True,0.0,1.4375999999999998,0.9920666666666667
3325,1i,150.0,24,1.6158,17,148.81,True,0.0,0.8598999999999999,0.9920666666666667
3330,1i,150.0,24,0.6818,20,148.81,True,0.0,-0.3659000000000001,0.9920666666666667
3335,1i,150.0,24,0.3854,19,148.81,True,0.0,-0.1406,0.9920666666666667
3340,1i,150.0,24,0.3111,18,148.81,True,0.0,0.3111,0.9920666666666667
3345,1i,150.0,25,1.2633,21,148.24,True,-0.5699999999999932,-0.06219999999999981,0.9882666666666667
3350,1i,150.0,25,0.9511,20,128.05,False,-20.75999999999999,-1.1362,0.8536666666666668
3355,1i,150.0,27,0.7226,24,147.97,True,-0.8400000000000034,-0.8931999999999999,0.9864666666666667
3360,1i,150.0,27,0.2326,26,145.11,True,-3.6999999999999886,-0.44919999999999993,0.9674
3365,1i,150.0,27,0.0023,27,144.81,False,-4.0,-0.3831,0.9654
3370,1i,150.0,27,0.0001,27,144.78,False,-4.030000000000001,-0.311,0.9652000000000001
3375,1i,150.0,27,0.0,27,144.78,False,-3.460000000000008,-1.2633,0.9652000000000001
3380,1i,150.0,27,0.5863,26,144.78,False,16.72999999999999,-0.3647999999999999,0.9652000000000001
3385,1i,150.0,27,0.4293,26,144.78,False,-3.1899999999999977,-0.2933,0.9652000000000001
3390,1i,150.0,28,0.7589,26,144.78,False,-0.3300000000000125,0.5263,0.9652000000000001
3395,1i,150.0,28,0.5413,27,144.78,False,-0.030000000000001137,0.539,0.9652000000000001
3400,1i,150.0,27,0.0,27,144.78,False,0.0,-0.0001,0.9652000000000001
3405,1i,150.0,27,0.0,27,144.78,False,0.0,0.0,0.9652000000000001
3410,1i,150.0,27,1.0382,23,144.78,False,0.0,0.45189999999999997,0.9652000000000001
3415,1i,150.0,25,1.1943,17,144.78,False,0.0,0.7649999999999999,0.9652000000000001
3420,1i,150.0,25,0.4462,21,144.78,False,0.0,-0.31270000000000003,0.9652000000000001
3425,1i,150.0,25,0.3013,20,144.78,False,0.0,-0.24,0.9652000000000001
3430,1i,150.0,25,0.311,22,144.77,False,-0.009999999999990905,0.311,0.9651333333333334
3435,1i,150.0,26,1.2382,20,143.94,False,-0.8400000000000034,1.2382,0.9596
3440,1i,150.0,28,1.3874,22,114.19,False,-30.590000000000003,0.34919999999999995,0.7612666666666666
3445,1i,150.0,28,0.7725,26,142.44,False,-2.3400000000000034,-0.42179999999999995,0.9496
3450,1i,150.0,29,0.0671,28,148.05,True,3.2700000000000102,-0.3791,0.9870000000000001
3455,1i,150.0,29,0.0006,29,147.82,True,3.039999999999992,-0.3007,0.9854666666666666
3460,1i,150.0,29,0.0,29,147.81,True,3.039999999999992,-0.311,0.9854
3465,1i,150.0,29,0.0,29,147.81,True,3.8700000000000045,-1.2382,0.9854
3470,1i,150.0,27,0.8307,23,147.81,True,33.620000000000005,-0.5567,0.9854
3475,1i,150.0,25,0.7983,23,147.81,True,5.3700000000000045,0.025800000000000045,0.9854
3480,1i,150.0,23,0.0,23,147.81,True,-0.2400000000000091,-0.0671,0.9854
3485,1i,150.0,24,0.6782,23,147.81,True,-0.009999999999990905,0.6776,0.9854
3490,1i,150.0,24,0.4931,23,147.81,True,0.0,0.4931,0.9854
3495,1i,150.0,24,0.1646,23,147.81,True,0.0,0.1646,0.9854
3500,1i,150.0,23,0.6849,21,147.81,True,0.0,-0.14580000000000004,0.9854
3505,1i,150.0,22,1.1523,17,147.81,True,0.0,0.3540000000000001,0.9854
3510,1i,150.0,22,0.5916,16,147.81,True,0.0,0.5916,0.9854
3515,1i,150.0,22,0.3923,17,147.81,True,0.0,-0.28590000000000004,0.9854
3520,1i,150.0,22,0.3732,17,147.81,True,0.0,-0.1199,0.9854
3525,1i,150.0,23,1.4296,17,146.62,True,-1.1899999999999977,1.265,0.9774666666666667
3530,1i,150.0,23,0.689,18,108.17,False,-39.64,0.0040999999999999925,0.7211333333333333
3535,1i,150.0,25,0.5682,23,136.6,False,-11.210000000000008,-0.5841000000000001,0.9106666666666666
3540,1i,150.0,25,0.3133,24,142.91,False,-4.900000000000006,-0.2783,0.9527333333333333
3545,1i,150.0,26,0.1259,25,149.84,True,2.030000000000001,-0.26639999999999997,0.9989333333333333
3550,1i,150.0,26,0.0002,26,149.81,True,2.0,-0.373,0.9987333333333334
3555,1i,150.0,26,0.0,26,149.81,True,3.1899999999999977,-1.4296,0.9987333333333334
3560,1i,150.0,23,0.0711,22,149.81,True,41.64,-0.6178999999999999,0.9987333333333334
3565,1i,150.0,23,0.6124,22,149.81,True,13.210000000000008,0.04420000000000002,0.9987333333333334
3570,1i,150.0,23,0.666,22,149.81,True,6.900000000000006,0.3527,0.9987333333333334
3575,1i,150.0,23,0.8353,22,149.81,True,-0.030000000000001137,0.7094,0.9987333333333334
3580,1i,150.0,23,0.5946,22,149.81,True,0.0,0.5944,0.9987333333333334
3585,1i,150.0,23,0.0533,22,149.81,True,0.0,0.0533,0.9987333333333334
3590,1i,150.0,22,0.1252,21,149.81,True,0.0,0.05410000000000001,0.9987333333333334
3595,1i,150.0,22,1.2522,18,149.81,True,0.0,0.6397999999999999,0.9987333333333334
3600,1i,150.0,22,0.8671,16,149.81,True,0.0,0.20109999999999995,0.9987333333333334
0,2i,150.0,0,0.0,0,0.0,False,,,0.0
5,2i,150.0,0,0.0,0,0.0,False,,,0.0
10,2i,150.0,0,0.0,0,0.0,False,,,0.0
15,2i,150.0,3,24.6188,0,0.0,False,,,0.0
20,2i,150.0,3,14.7405,0,0.0,False,,,0.0
25,2i,150.0,3,1.1156,0,0.0,False,,,0.0
30,2i,150.0,3,0.0,3,1.0,False,1.0,0.0,0.006666666666666667
35,2i,150.0,4,4.8049,3,1.0,False,1.0,4.8049,0.006666666666666667
40,2i,150.0,4,1.4752,3,1.0,False,1.0,1.4752,0.006666666666666667
45,2i,150.0,5,4.9904,4,8.01,False,8.01,-19.6284,0.053399999999999996
50,2i,150.0,3,5.4804,2,8.0,False,8.0,-9.260100000000001,0.05333333333333334
55,2i,150.0,3,5.0969,2,8.0,False,8.0,3.9813,0.05333333333333334
60,2i,150.0,4,9.6154,2,8.0,False,7.0,9.6154,0.05333333333333334
65,2i,150.0,4,4.9955,2,8.0,False,7.0,0.19059999999999988,0.05333333333333334
70,2i,150.0,4,5.2708,2,8.0,False,7.0,3.7956000000000003,0.05333333333333334
75,2i,150.0,4,1.87,3,12.0,False,3.99,-3.1204,0.08
80,2i,150.0,4,5.6688,2,26.05,False,18.05,0.18839999999999968,0.17366666666666666
85,2i,150.0,3,6.1284,0,0.0,False,-8.0,1.0315000000000003,0.0
90,2i,150.0,4,5.1742,2,15.04,False,7.039999999999999,-4.441199999999999,0.10026666666666666
95,2i,150.0,4,1.4452,3,15.04,False,7.039999999999999,-3.5503,0.10026666666666666
100,2i,150.0,4,0.0065,4,19.06,False,11.059999999999999,-5.2643,0.12706666666666666
105,2i,150.0,6,7.8839,4,19.04,False,7.039999999999999,6.0139,0.12693333333333331
110,2i,150.0,7,5.3039,4,19.04,False,-7.010000000000002,-0.36490000000000045,0.12693333333333331
115,2i,150.0,7,2.1976,5,26.05,False,26.05,-3.9308,0.17366666666666666
120,2i,150.0,7,0.0024,6,26.04,False,11.0,-5.1718,0.1736
125,2i,150.0,8,2.4807,7,26.04,False,11.0,1.0355,0.1736
130,2i,150.0,8,0.9447,7,26.04,False,6.98,0.9382,0.1736
135,2i,150.0,9,2.65,8,30.05,False,11.010000000000002,-5.2339,0.20033333333333334
140,2i,150.0,8,5.5194,5,30.05,False,11.010000000000002,0.21550000000000047,0.20033333333333334
145,2i,150.0,6,1.9902,5,30.05,False,4.0,-0.20740000000000003,0.20033333333333334
150,2i,150.0,6,0.0714,5,30.05,False,4.010000000000002,0.069,0.20033333333333334
155,2i,150.0,7,2.4352,6,37.05,False,11.009999999999998,-0.045500000000000096,0.24699999999999997
160,2i,150.0,7,1.7921,6,37.05,False,11.009999999999998,0.8474,0.24699999999999997
165,2i,150.0,9,3.8945,6,37.05,False,6.9999999999999964,1.2445,0.24699999999999997
170,2i,150.0,8,3.1348,6,37.05,False,6.9999999999999964,-2.3846000000000003,0.24699999999999997
175,2i,150.0,8,2.0655,1,1.0,False,-29.05,0.07530000000000014,0.006666666666666667
180,2i,150.0,9,2.2514,5,12.01,False,-18.04,2.1799999999999997,0.08006666666666666
185,2i,150.0,9,0.4592,8,27.1,False,-9.949999999999996,-1.976,0.18066666666666667
190,2i,150.0,9,0.0112,9,39.72,False,2.6700000000000017,-1.7809,0.2648
195,2i,150.0,12,5.736,9,39.72,False,2.6700000000000017,1.8415,0.2648
200,2i,150.0,12,2.6249,9,39.72,False,2.6700000000000017,-0.5099,0.2648
205,2i,150.0,12,0.0237,11,43.72,False,42.72,-2.0418000000000003,0.29146666666666665
210,2i,150.0,12,0.0,12,43.72,False,31.71,-2.2514,0.29146666666666665
215,2i,150.0,13,1.2821,12,43.72,False,16.619999999999997,0.8229,0.29146666666666665
220,2i,150.0,13,0.2727,12,43.72,False,4.0,0.2615,0.29146666666666665
225,2i,150.0,13,0.0007,13,47.72,False,8.0,-5.7353,0.3181333333333333
230,2i,150.0,12,3.2642,9,47.72,False,8.0,0.6393000000000004,0.3181333333333333
235,2i,150.0,11,2.3294,9,47.72,False,4.0,2.3057000000000003,0.3181333333333333
240,2i,150.0,11,2.466,10,51.8,False,8.079999999999998,2.466,0.3453333333333333
245,2i,150.0,11,1.2122,10,51.72,False,8.0,-0.06990000000000007,0.3448
250,2i,150.0,11,1.5812,10,51.72,False,8.0,1.3085,0.3448
255,2i,150.0,12,2.2062,10,51.72,False,4.0,2.2055,0.3448
260,2i,150.0,10,2.0281,8,55.72,False,8.0,-1.2361000000000004,0.37146666666666667
265,2i,150.0,9,1.5788,4,55.72,False,8.0,-0.7506000000000002,0.37146666666666667
270,2i,150.0,10,2.3543,3,8.04,False,-43.76,-0.11170000000000035,0.053599999999999995
275,2i,150.0,10,0.8272,6,28.82,False,-22.9,-0.3849999999999999,0.19213333333333332
280,2i,150.0,10,0.056,10,44.88,False,-6.839999999999996,-1.5252,0.2992
285,2i,150.0,12,3.567,10,44.72,False,-7.0,1.3608000000000002,0.2981333333333333
290,2i,150.0,13,2.9791,10,44.72,False,-11.0,0.9510000000000001,0.2981333333333333
295,2i,150.0,13,0.9897,11,51.76,False,-3.960000000000001,-0.5891,0.34506666666666663
300,2i,150.0,13,0.0,13,51.72,False,43.68,-2.3543,0.3448
305,2i,150.0,13,0.0,13,51.72,False,22.9,-0.8272,0.3448
310,2i,150.0,14,0.765,13,51.72,False,6.839999999999996,0.709,0.3448
315,2i,150.0,15,1.5909,13,51.72,False,7.0,-1.9761000000000002,0.3448
320,2i,150.0,12,1.4037,10,51.72,False,7.0,-1.5754,0.3448
325,2i,150.0,12,0.9177,11,55.72,False,3.960000000000001,-0.07200000000000006,0.37146666666666667
330,2i,150.0,12,0.0054,12,69.78,False,18.060000000000002,0.0054,0.4652
335,2i,150.0,13,1.2609,12,69.76,False,18.040000000000006,1.2609,0.4650666666666667
340,2i,150.0,14,1.9171,12,69.76,False,18.040000000000006,1.1521,0.4650666666666667
345,2i,150.0,15,1.5911,12,69.76,False,18.040000000000006,0.00019999999999997797,0.4650666666666667
350,2i,150.0,14,1.3431,12,76.76,False,25.040000000000006,-0.06059999999999999,0.5117333333333334
355,2i,150.0,13,0.8682,8,76.76,False,21.040000000000006,-0.04949999999999999,0.5117333333333334
360,2i,150.0,14,1.2311,8,76.74,False,6.959999999999994,1.2257,0.5115999999999999
365,2i,150.0,14,0.4618,9,33.46,False,-36.300000000000004,-0.7990999999999999,0.22306666666666666
370,2i,150.0,14,0.2121,12,58.31,False,-11.450000000000003,-1.705,0.3887333333333334
375,2i,150.0,17,3.59,14,69.13,False,-0.6300000000000097,1.9989,0.46086666666666665
380,2i,150.0,17,1.7748,14,68.98,False,-7.780000000000001,0.4317,0.4598666666666667
385,2i,150.0,17,0.1883,16,72.98,False,-3.780000000000001,-0.6799,0.4865333333333334
390,2i,150.0,17,0.0,17,72.98,False,-3.759999999999991,-1.2311,0.4865333333333334
395,2i,150.0,18,0.8855,17,72.98,False,39.52,0.42369999999999997,0.4865333333333334
400,2i,150.0,18,0.1649,17,72.98,False,14.670000000000002,-0.04720000000000002,0.4865333333333334
405,2i,150.0,19,0.8995,18,76.98,False,7.8500000000000085,-2.6905,0.5132
410,2i,150.0,17,2.2071,14,76.98,False,8.0,0.43230000000000013,0.5132
415,2i,150.0,15,0.4157,14,76.98,False,4.0,0.22740000000000002,0.5132
420,2i,150.0,16,1.6366,15,83.98,False,11.0,1.6366,0.5598666666666667
425,2i,150.0,16,0.782,15,83.98,False,11.0,-0.10349999999999993,0.5598666666666667
430,2i,150.0,16,0.8667,15,83.98,False,11.0,0.7018,0.5598666666666667
435,2i,150.0,16,0.0692,15,83.98,False,7.0,-0.8302999999999999,0.5598666666666667
440,2i,150.0,16,1.2041,13,87.98,False,11.0,-1.0030000000000001,0.5865333333333334
445,2i,150.0,14,1.418,9,87.98,False,11.0,1.0023,0.5865333333333334
450,2i,150.0,14,0.8305,9,87.98,False,4.0,-0.8061,0.5865333333333334
455,2i,150.0,15,1.474,8,87.66,False,3.6799999999999926,0.692,0.5844
460,2i,150.0,15,0.9406,9,45.28,False,-38.7,0.07389999999999997,0.30186666666666667
465,2i,150.0,16,1.4465,12,57.21,False,-26.770000000000003,1.3773,0.3814
470,2i,150.0,18,2.3792,14,68.09,False,-19.89,1.1751,0.45393333333333336
475,2i,150.0,18,1.0131,16,86.11,False,-1.8700000000000045,-0.40490000000000004,0.5740666666666666
480,2i,150.0,18,0.1019,17,86.1,False,-1.8800000000000097,-0.7286,0.574
485,2i,150.0,18,0.0,18,86.1,False,-1.5600000000000023,-1.474,0.574
490,2i,150.0,19,0.4707,18,86.1,False,40.81999999999999,-0.4699,0.574
495,2i,150.0,20,0.9564,18,86.1,False,28.889999999999993,-0.49009999999999987,0.574
500,2i,150.0,17,1.0932,16,93.12,False,25.03,-1.286,0.6208
505,2i,150.0,17,0.3764,16,93.1,False,6.989999999999995,-0.6366999999999998,0.6206666666666666
510,2i,150.0,18,1.3074,17,107.14,False,21.040000000000006,1.2054999999999998,0.7142666666666667
515,2i,150.0,18,0.9572,17,107.14,False,21.040000000000006,0.9572,0.7142666666666667
520,2i,150.0,17,0.0,17,107.14,False,21.040000000000006,-0.4707,0.7142666666666667
525,2i,150.0,17,0.0,17,107.14,False,21.040000000000006,-0.9564,0.7142666666666667
530,2i,150.0,17,1.3789,14,107.14,False,14.019999999999996,0.28570000000000007,0.7142666666666667
535,2i,150.0,16,1.1848,11,114.14,False,21.040000000000006,0.8084,0.7609333333333334
540,2i,150.0,16,0.6097,10,114.14,False,7.0,-0.6976999999999999,0.7609333333333334
545,2i,150.0,17,0.9046,11,114.11,False,6.969999999999999,-0.05260000000000009,0.7607333333333334
550,2i,150.0,17,0.5836,12,111.62,False,4.480000000000004,0.5836,0.7441333333333333
555,2i,150.0,18,1.6907,13,74.22,False,-32.92,1.6907,0.4948
560,2i,150.0,20,1.6913,17,116.67,False,9.530000000000001,0.3124,0.7778
565,2i,150.0,20,0.4208,18,130.25,False,16.11,-0.764,0.8683333333333333
570,2i,150.0,20,0.012,20,130.22,False,16.08,-0.5977,0.8681333333333333
575,2i,150.0,20,0.0,20,130.22,False,16.11,-0.9046,0.8681333333333333
580,2i,150.0,21,0.2699,20,130.22,False,18.599999999999994,-0.31370000000000003,0.8681333333333333
585,2i,150.0,21,0.004,21,137.25,False,63.03,-1.6867,0.915
590,2i,150.0,19,1.0097,18,137.22,False,20.549999999999997,-0.6816,0.9148
595,2i,150.0,18,0.0,18,137.22,False,6.969999999999999,-0.4208,0.9148
600,2i,150.0,19,1.2797,18,137.22,False,7.0,1.2677,0.9148
605,2i,150.0,19,0.8795,18,137.22,False,7.0,0.8795,0.9148
610,2i,150.0,19,0.0,19,149.93,True,19.710000000000008,-0.2699,0.9995333333333334
615,2i,150.0,19,0.0,19,149.93,True,12.680000000000007,-0.004,0.9995333333333334
620,2i,150.0,19,1.1972,16,149.93,True,12.710000000000008,0.1875,0.9995333333333334
625,2i,150.0,18,1.2986,12,149.93,True,12.710000000000008,1.2986,0.9995333333333334
630,2i,150.0,18,0.7518,12,149.93,True,12.710000000000008,-0.5279,0.9995333333333334
635,2i,150.0,18,0.4199,15,149.93,True,12.710000000000008,-0.45959999999999995,0.9995333333333334
640,2i,150.0,18,0.4474,12,148.51,True,-1.420000000000016,0.4474,0.9900666666666667
645,2i,150.0,18,0.1818,15,105.43,False,-44.5,0.1818,0.7028666666666668
650,2i,150.0,20,1.6185,18,139.18,False,-10.75,0.4213,0.9278666666666667
655,2i,150.0,20,0.9081,18,138.93,False,-11.0,-0.39049999999999996,0.9262
660,2i,150.0,20,0.0026,20,138.93,False,-11.0,-0.7492,0.9262
665,2i,150.0,20,0.0,20,138.93,False,-11.0,-0.4199,0.9262
670,2i,150.0,20,0.0,20,138.93,False,-9.579999999999984,-0.4474,0.9262
675,2i,150.0,20,0.0,20,138.93,False,33.5,-0.1818,0.9262
680,2i,150.0,19,1.1044,17,138.93,False,-0.25,-0.5141,0.9262
685,2i,150.0,18,0.6291,17,138.93,False,0.0,-0.279,0.9262
690,2i,150.0,17,0.0,17,138.93,False,0.0,-0.0026,0.9262
695,2i,150.0,18,1.0533,17,138.93,False,0.0,1.0533,0.9262
700,2i,150.0,18,0.7609,17,138.93,False,0.0,0.7609,0.9262
705,2i,150.0,18,0.0725,17,138.93,False,0.0,0.0725,0.9262
710,2i,150.0,18,1.1885,16,138.93,False,0.0,0.08409999999999984,0.9262
715,2i,150.0,18,1.2827,11,138.93,False,0.0,0.6536,0.9262
720,2i,150.0,18,0.5496,11,138.93,False,0.0,0.5496,0.9262
725,2i,150.0,18,0.5378,13,138.79,False,-0.14000000000001478,-0.5155,0.9252666666666666
730,2i,150.0,18,0.4439,12,136.19,False,-2.740000000000009,-0.317,0.9079333333333334
735,2i,150.0,19,0.2842,15,91.35,False,-47.58000000000001,0.2117,0.609
740,2i,150.0,21,1.556,18,125.07,False,-13.860000000000014,0.36750000000000016,0.8338
745,2i,150.0,21,0.9973,19,138.94,False,0.009999999999990905,-0.2854,0.9262666666666667
750,2i,150.0,21,0.2935,20,138.93,False,0.0,-0.2561,0.9262
755,2i,150.0,21,0.0752,20,138.93,False,0.14000000000001478,-0.46259999999999996,0.9262
760,2i,150.0,21,0.0001,21,138.93,False,2.740000000000009,-0.44380000000000003,0.9262
765,2i,150.0,21,0.0,21,138.93,False,47.58000000000001,-0.2842,0.9262
770,2i,150.0,19,1.0408,17,138.93,False,13.860000000000014,-0.5152000000000001,0.9262
775,2i,150.0,18,1.112,17,138.93,False,-0.009999999999990905,0.11470000000000014,0.9262
780,2i,150.0,18,1.3136,17,138.93,False,0.0,1.0201000000000002,0.9262
785,2i,150.0,18,0.9525,17,138.93,False,0.0,0.8773,0.9262
790,2i,150.0,17,0.0,17,138.93,False,0.0,-0.0001,0.9262
795,2i,150.0,17,0.0,17,138.93,False,0.0,0.0,0.9262
800,2i,150.0,17,1.4081,14,138.93,False,0.0,0.36729999999999996,0.9262
805,2i,150.0,15,1.681,10,138.93,False,0.0,0.569,0.9262
810,2i,150.0,15,0.7728,10,138.93,False,0.0,-0.5408000000000001,0.9262
815,2i,150.0,15,0.7251,8,138.74,False,-0.18999999999999773,-0.22740000000000005,0.9249333333333334
820,2i,150.0,16,0.571,10,148.99,True,10.060000000000002,0.571,0.9932666666666667
825,2i,150.0,17,1.7504,12,90.4,False,-48.53,1.7504,0.6026666666666667
830,2i,150.0,18,1.8288,15,124.06,False,-14.870000000000005,0.4207000000000001,0.8270666666666667
835,2i,150.0,18,0.8303,16,136.64,False,-2.2900000000000205,-0.8507,0.9109333333333333
840,2i,150.0,18,0.0007,17,136.64,False,-2.2900000000000205,-0.7721,0.9109333333333333
845,2i,150.0,18,0.0,18,136.64,False,-2.1000000000000227,-0.7251,0.9109333333333333
850,2i,150.0,18,0.0,18,136.64,False,-12.350000000000023,-0.571,0.9109333333333333
855,2i,150.0,18,0.0,18,136.64,False,46.23999999999998,-1.7504,0.9109333333333333
860,2i,150.0,16,1.1364,15,136.64,False,12.579999999999984,-0.6923999999999999,0.9109333333333333
865,2i,150.0,16,0.977,15,136.64,False,0.0,0.14669999999999994,0.9109333333333333
870,2i,150.0,15,0.0,15,136.64,False,0.0,-0.0007,0.9109333333333333
875,2i,150.0,16,1.1969,15,136.64,False,0.0,1.1969,0.9109333333333333
880,2i,150.0,16,0.8041,15,136.64,False,0.0,0.8041,0.9109333333333333
885,2i,150.0,16,0.1067,15,136.64,False,0.0,0.1067,0.9109333333333333
890,2i,150.0,16,1.1495,14,136.64,False,0.0,0.01309999999999989,0.9109333333333333
895,2i,150.0,14,1.9067,10,136.64,False,0.0,0.9297000000000001,0.9109333333333333
900,2i,150.0,14,0.9368,8,136.64,False,0.0,0.9368,0.9109333333333333
905,2i,150.0,14,0.7198,9,135.89,False,-0.75,-0.4771000000000001,0.9059333333333333
910,2i,150.0,15,0.5619,9,61.27,False,-75.36999999999998,-0.24220000000000008,0.4084666666666667
915,2i,150.0,17,1.6443,13,109.44,False,-27.19999999999999,1.5376,0.7296
920,2i,150.0,19,1.6754,16,139.97,False,3.3300000000000125,0.5259,0.9331333333333334
925,2i,150.0,19,0.8184,17,146.68,True,10.04000000000002,-1.0883,0.9778666666666667
930,2i,150.0,19,0.1663,18,146.68,True,10.04000000000002,-0.7705,0.9778666666666667
935,2i,150.0,19,0.0,19,146.68,True,10.79000000000002,-0.7198,0.9778666666666667
940,2i,150.0,19,0.0,19,146.68,True,85.41,-0.5619,0.9778666666666667
945,2i,150.0,19,0.0,19,146.68,True,37.24000000000001,-1.6443,0.9778666666666667
950,2i,150.0,16,1.1767,15,146.68,True,6.710000000000008,-0.4986999999999999,0.9778666666666667
955,2i,150.0,16,0.9607,15,146.68,True,0.0,0.14229999999999998,0.9778666666666667
960,2i,150.0,16,1.6604,15,146.68,True,0.0,1.4941,0.9778666666666667
965,2i,150.0,16,0.8413,15,146.68,True,0.0,0.8413,0.9778666666666667
970,2i,150.0,15,0.0,15,146.68,True,0.0,0.0,0.9778666666666667
975,2i,150.0,15,0.0,15,146.68,True,0.0,0.0,0.9778666666666667
980,2i,150.0,15,1.2013,13,146.68,True,0.0,0.024599999999999955,0.9778666666666667
985,2i,150.0,14,1.6962,9,146.68,True,0.0,0.7354999999999999,0.9778666666666667
990,2i,150.0,14,1.0174,7,146.68,True,0.0,-0.643,0.9778666666666667
995,2i,150.0,14,0.7727,8,145.8,True,-0.8799999999999955,-0.0686,0.9720000000000001
1000,2i,150.0,15,0.7509,8,64.3,False,-82.38000000000001,0.7509,0.42866666666666664
1005,2i,150.0,17,1.8619,12,123.87,False,-22.810000000000002,1.8619,0.8258
1010,2i,150.0,18,1.6958,15,136.18,False,-10.5,0.49449999999999994,0.9078666666666667
1015,2i,150.0,19,0.8127,17,149.72,True,3.039999999999992,-0.8835,0.9981333333333333
1020,2i,150.0,19,0.0088,18,149.64,True,2.9599999999999795,-1.0086000000000002,0.9975999999999999
1025,2i,150.0,19,0.0,19,149.64,True,3.839999999999975,-0.7727,0.9975999999999999
1030,2i,150.0,19,0.0,19,149.64,True,85.33999999999999,-0.7509,0.9975999999999999
1035,2i,150.0,19,0.0,19,149.64,True,25.769999999999982,-1.8619,0.9975999999999999
1040,2i,150.0,17,1.0781,16,149.64,True,13.45999999999998,-0.6176999999999999,0.9975999999999999
1045,2i,150.0,17,0.9214,16,149.64,True,-0.0800000000000125,0.10870000000000002,0.9975999999999999
1050,2i,150.0,17,1.478,16,149.64,True,0.0,1.4692,0.9975999999999999
1055,2i,150.0,17,0.7811,16,149.64,True,0.0,0.7811,0.9975999999999999
1060,2i,150.0,16,0.0,16,149.64,True,0.0,0.0,0.9975999999999999
1065,2i,150.0,16,0.0,16,149.64,True,0.0,0.0,0.9975999999999999
1070,2i,150.0,16,1.1151,14,149.64,True,0.0,0.03699999999999992,0.9975999999999999
1075,2i,150.0,15,1.8706,10,149.64,True,0.0,0.9492,0.9975999999999999
1080,2i,150.0,15,1.0009,9,149.64,True,0.0,-0.4771000000000001,0.9975999999999999
1085,2i,150.0,15,0.9214,8,149.36,True,-0.2799999999999727,0.14029999999999998,0.9957333333333335
1090,2i,150.0,15,0.845,7,55.85,False,-93.78999999999999,0.845,0.37233333333333335
1095,2i,150.0,17,1.9458,10,96.62,False,-53.01999999999998,1.9458,0.6441333333333333
1100,2i,150.0,18,2.026,14,121.74,False,-27.89999999999999,0.9108999999999998,0.8116
1105,2i,150.0,19,0.896,17,146.67,True,-2.969999999999999,-0.9746,0.9777999999999999
1110,2i,150.0,19,0.1143,18,146.64,True,-3.0,-0.8865999999999999,0.9775999999999999
1115,2i,150.0,19,0.0003,19,146.64,True,-2.7200000000000273,-0.9211,0.9775999999999999
1120,2i,150.0,19,0.0,19,146.64,True,90.78999999999999,-0.845,0.9775999999999999
1125,2i,150.0,19,0.0,19,146.64,True,50.01999999999998,-1.9458,0.9775999999999999
1130,2i,150.0,17,0.9383,16,146.64,True,24.89999999999999,-1.0877,0.9775999999999999
1135,2i,150.0,17,0.8242,16,146.64,True,-0.030000000000001137,-0.07179999999999997,0.9775999999999999
1140,2i,150.0,16,0.0,16,146.64,True,0.0,-0.1143,0.9775999999999999
1145,2i,150.0,17,1.0727,16,146.64,True,0.0,1.0724,0.9775999999999999
1150,2i,150.0,17,0.8242,16,146.64,True,0.0,0.8242,0.9775999999999999
1155,2i,150.0,17,0.0482,16,146.64,True,0.0,0.0482,0.9775999999999999
1160,2i,150.0,17,1.1993,15,146.64,True,0.0,0.261,0.9775999999999999
1165,2i,150.0,16,1.7641,11,146.64,True,0.0,0.9399,0.9775999999999999
1170,2i,150.0,16,1.1897,9,146.64,True,0.0,1.1897,0.9775999999999999
1175,2i,150.0,16,0.9329,8,146.39,True,-0.25,-0.13980000000000004,0.9759333333333332
1180,2i,150.0,17,0.6538,9,75.7,False,-70.93999999999998,-0.1704,0.5046666666666667
1185,2i,150.0,18,0.4768,12,93.66,False,-52.97999999999999,0.4286,0.6244
1190,2i,150.0,20,1.8363,15,111.65,False,-34.98999999999998,0.637,0.7443333333333334
1195,2i,150.0,21,0.8719,19,148.57,True,1.9300000000000068,-0.8922,0.9904666666666666
1200,2i,150.0,21,0.054,20,147.65,True,1.0100000000000193,-1.1357,0.9843333333333334
1205,2i,150.0,21,0.0,21,147.64,True,1.25,-0.9329,0.9842666666666666
1210,2i,150.0,21,0.0,21,147.64,True,71.93999999999998,-0.6538,0.9842666666666666
1215,2i,150.0,21,0.0,21,147.64,True,53.97999999999999,-0.4768,0.9842666666666666
1220,2i,150.0,18,0.981,17,147.64,True,35.98999999999998,-0.8553000000000001,0.9842666666666666
1225,2i,150.0,18,0.7933,17,147.64,True,-0.9300000000000068,-0.0786,0.9842666666666666
1230,2i,150.0,18,1.4282,17,147.64,True,-0.010000000000019327,1.3741999999999999,0.9842666666666666
1235,2i,150.0,18,0.7373,17,147.64,True,0.0,0.7373,0.9842666666666666
1240,2i,150.0,17,0.0,17,147.64,True,0.0,0.0,0.9842666666666666
1245,2i,150.0,17,0.0,17,147.64,True,0.0,0.0,0.9842666666666666
1250,2i,150.0,17,1.1071,15,147.64,True,0.0,0.1261,0.9842666666666666
1255,2i,150.0,16,1.7775,12,147.64,True,0.0,0.9842000000000001,0.9842666666666666
1260,2i,150.0,16,1.2601,9,147.64,True,0.0,-0.16809999999999992,0.9842666666666666
1265,2i,150.0,16,0.8637,9,147.61,True,-0.029999999999972715,0.12640000000000007,0.9840666666666668
1270,2i,150.0,16,0.8074,9,145.58,True,-2.059999999999974,0.8074,0.9705333333333335
1275,2i,150.0,18,1.9417,11,86.7,False,-60.93999999999998,1.9417,0.5780000000000001
1280,2i,150.0,20,1.8885,14,108.71,False,-38.92999999999999,0.7814000000000001,0.7247333333333333
1285,2i,150.0,21,0.8237,18,137.99,False,-9.649999999999977,-0.9538000000000001,0.9199333333333334
1290,2i,150.0,21,0.1702,20,141.65,False,-5.989999999999981,-1.0899,0.9443333333333334
1295,2i,150.0,21,0.0,21,141.6,False,-6.010000000000019,-0.8637,0.944
1300,2i,150.0,21,0.0,21,141.6,False,-3.980000000000018,-0.8074,0.944
1305,2i,150.0,21,0.0,21,141.6,False,54.89999999999999,-1.9417,0.944
1310,2i,150.0,19,0.9325,18,141.6,False,32.89,-0.9560000000000001,0.944
1315,2i,150.0,19,0.7636,18,141.6,False,3.609999999999985,-0.06010000000000004,0.944
1320,2i,150.0,19,1.353,18,141.6,False,-0.05000000000001137,1.1828,0.944
1325,2i,150.0,19,0.7133,18,141.6,False,0.0,0.7133,0.944
1330,2i,150.0,18,0.0,18,141.6,False,0.0,0.0,0.944
1335,2i,150.0,18,0.0,18,141.6,False,0.0,0.0,0.944
1340,2i,150.0,18,0.998,16,141.6,False,0.0,0.0655,0.944
1345,2i,150.0,17,1.8012,12,141.6,False,0.0,1.0375999999999999,0.944
1350,2i,150.0,17,1.3167,9,141.6,False,0.0,-0.0363,0.944
1355,2i,150.0,17,0.9103,10,141.6,False,0.0,0.19699999999999995,0.944
1360,2i,150.0,17,0.9676,10,140.64,False,-0.960000000000008,0.9676,0.9375999999999999
1365,2i,150.0,19,2.0879,11,77.99,False,-63.61,2.0879,0.5199333333333332
1370,2i,150.0,20,1.897,13,85.83,False,-55.769999999999996,0.899,0.5722
1375,2i,150.0,22,0.867,16,110.87,False,-30.72999999999999,-0.9341999999999999,0.7391333333333333
1380,2i,150.0,23,0.408,21,140.27,False,-1.329999999999984,-0.9087000000000001,0.9351333333333334
1385,2i,150.0,23,0.1301,22,146.93,True,5.3300000000000125,-0.7802,0.9795333333333334
1390,2i,150.0,23,0.0008,23,146.89,True,6.25,-0.9668,0.9792666666666666
1395,2i,150.0,23,0.0,23,146.89,True,68.89999999999999,-2.0879,0.9792666666666666
1400,2i,150.0,21,0.8635,20,146.89,True,61.05999999999999,-1.0335,0.9792666666666666
1405,2i,150.0,21,0.6658,20,146.89,True,36.01999999999998,-0.20120000000000005,0.9792666666666666
1410,2i,150.0,21,1.2803,20,146.89,True,6.619999999999976,0.8723000000000001,0.9792666666666666
1415,2i,150.0,21,0.6489,20,146.89,True,-0.040000000000020464,0.5188,0.9792666666666666
1420,2i,150.0,20,0.0,20,146.89,True,0.0,-0.0008,0.9792666666666666
1425,2i,150.0,20,0.0,20,146.89,True,0.0,0.0,0.9792666666666666
1430,2i,150.0,20,0.8884,18,146.89,True,0.0,0.024899999999999922,0.9792666666666666
1435,2i,150.0,19,1.6583,14,146.89,True,0.0,0.9925000000000002,0.9792666666666666
1440,2i,150.0,19,1.2143,13,146.89,True,0.0,-0.06600000000000006,0.9792666666666666
1445,2i,150.0,19,0.836,13,146.89,True,0.0,0.18709999999999993,0.9792666666666666
1450,2i,150.0,19,0.9366,12,146.26,True,-0.6299999999999955,0.9366,0.9750666666666666
1455,2i,150.0,20,0.7761,10,55.1,False,-91.78999999999999,0.7761,0.36733333333333335
1460,2i,150.0,23,2.0388,13,77.14,False,-69.74999999999999,1.1504000000000003,0.5142666666666666
1465,2i,150.0,24,1.7775,17,110.17,False,-36.719999999999985,0.11919999999999997,0.7344666666666667
1470,2i,150.0,25,0.4632,20,124.74,False,-22.14999999999999,-0.7510999999999999,0.8316
1475,2i,150.0,27,0.0907,25,139.7,False,-7.189999999999998,-0.7453,0.9313333333333332
1480,2i,150.0,27,0.0073,27,147.26,True,1.0,-0.9293,0.9817333333333332
1485,2i,150.0,28,0.6874,27,147.15,True,92.05000000000001,-0.0887,0.981
1490,2i,150.0,27,1.9513,24,147.14,True,69.99999999999999,-0.08750000000000013,0.9809333333333332
1495,2i,150.0,27,0.9697,24,147.14,True,36.969999999999985,-0.8078000000000001,0.9809333333333332
1500,2i,150.0,28,1.0158,26,147.14,True,22.39999999999999,0.5526,0.9809333333333332
1505,2i,150.0,28,0.5356,27,147.14,True,7.439999999999998,0.44489999999999996,0.9809333333333332
1510,2i,150.0,27,0.0,27,147.14,True,-0.12000000000000455,-0.0073,0.9809333333333332
1515,2i,150.0,27,0.0,27,147.14,True,-0.010000000000019327,-0.6874,0.9809333333333332
1520,2i,150.0,25,0.0312,24,147.14,True,0.0,-1.9201000000000001,0.9809333333333332
1525,2i,150.0,25,0.6949,19,147.14,True,0.0,-0.27480000000000004,0.9809333333333332
1530,2i,150.0,25,0.5053,22,147.14,True,0.0,-0.5105000000000001,0.9809333333333332
1535,2i,150.0,25,0.336,23,147.14,True,0.0,-0.19959999999999994,0.9809333333333332
1540,2i,150.0,25,0.2104,24,147.14,True,0.0,0.2104,0.9809333333333332
1545,2i,150.0,26,1.123,25,147.01,True,-0.12999999999999545,1.123,0.9800666666666666
1550,2i,150.0,28,1.1992,26,149.93,True,2.7900000000000205,1.1680000000000001,0.9995333333333334
1555,2i,150.0,28,0.7537,25,146.93,True,-0.20999999999997954,0.058800000000000074,0.9795333333333334
1560,2i,150.0,29,0.1058,28,148.67,True,1.5300000000000011,-0.39949999999999997,0.9911333333333332
1565,2i,150.0,29,0.001,29,148.17,True,1.0300000000000011,-0.335,0.9877999999999999
1570,2i,150.0,29,0.0,29,148.15,True,1.0100000000000193,-0.2104,0.9876666666666667
1575,2i,150.0,29,0.0,29,148.15,True,1.1400000000000148,-1.123,0.9876666666666667
1580,2i,150.0,26,0.0979,25,148.15,True,-1.7800000000000011,-1.1013,0.9876666666666667
1585,2i,150.0,26,0.5613,25,148.15,True,1.2199999999999989,-0.19240000000000002,0.9876666666666667
1590,2i,150.0,26,0.5062,25,148.15,True,-0.5199999999999818,0.4004,0.9876666666666667
1595,2i,150.0,26,0.7113,25,148.15,True,-0.01999999999998181,0.7103,0.9876666666666667
1600,2i,150.0,26,0.5243,25,148.15,True,0.0,0.5243,0.9876666666666667
1605,2i,150.0,26,0.0286,25,148.15,True,0.0,0.0286,0.9876666666666667
1610,2i,150.0,25,0.7893,23,148.15,True,0.0,0.6914,0.9876666666666667
1615,2i,150.0,24,1.0121,20,148.15,True,0.0,0.4508,0.9876666666666667
1620,2i,150.0,24,0.7739,18,148.15,True,0.0,0.26770000000000005,0.9876666666666667
1625,2i,150.0,24,0.5211,18,148.15,True,0.0,-0.19020000000000004,0.9876666666666667
1630,2i,150.0,24,0.4912,16,148.15,True,0.0,-0.03309999999999996,0.9876666666666667
1635,2i,150.0,25,1.4418,16,147.96,True,-0.18999999999999773,1.4132,0.9864
1640,2i,150.0,27,1.4562,16,95.27,False,-52.88000000000001,0.6668999999999999,0.6351333333333333
1645,2i,150.0,28,0.9385,22,144.13,False,-4.02000000000001,-0.0736,0.9608666666666666
1650,2i,150.0,28,0.3187,24,126.41,False,-21.74000000000001,-0.45520000000000005,0.8427333333333333
1655,2i,150.0,28,0.0226,28,138.43,False,-9.719999999999999,-0.4985,0.9228666666666667
1660,2i,150.0,28,0.0002,28,138.15,False,-10.0,-0.49100000000000005,0.921
1665,2i,150.0,28,0.0,28,138.14,False,-9.820000000000022,-1.4418,0.9209333333333333
1670,2i,150.0,25,0.6648,24,138.14,False,42.86999999999999,-0.7914,0.9209333333333333
1675,2i,150.0,25,0.7005,24,138.14,False,-5.990000000000009,-0.238,0.9209333333333333
1680,2i,150.0,25,1.0549,24,138.14,False,11.72999999999999,0.7362,0.9209333333333333
1685,2i,150.0,25,0.5684,24,138.14,False,-0.29000000000002046,0.5458000000000001,0.9209333333333333
1690,2i,150.0,24,0.0,24,138.14,False,-0.010000000000019327,-0.0002,0.9209333333333333
1695,2i,150.0,24,0.0,24,138.14,False,0.0,0.0,0.9209333333333333
1700,2i,150.0,23,0.1621,22,138.14,False,0.0,-0.5026999999999999,0.9209333333333333
1705,2i,150.0,23,1.0378,18,138.14,False,0.0,0.33730000000000004,0.9209333333333333
1710,2i,150.0,23,0.6052,18,138.14,False,0.0,-0.4497,0.9209333333333333
1715,2i,150.0,23,0.3151,18,138.14,False,0.0,-0.2533,0.9209333333333333
1720,2i,150.0,23,0.3801,20,138.14,False,0.0,0.3801,0.9209333333333333
1725,2i,150.0,24,1.3381,19,137.73,False,-0.4099999999999966,1.3381,0.9181999999999999
1730,2i,150.0,26,1.4991,20,149.32,True,11.180000000000007,1.3370000000000002,0.9954666666666666
1735,2i,150.0,26,0.9137,23,128.9,False,-9.23999999999998,-0.1241000000000001,0.8593333333333334
1740,2i,150.0,27,0.2076,26,148.83,True,10.690000000000026,-0.39759999999999995,0.9922000000000001
1745,2i,150.0,27,0.0042,27,148.2,True,10.060000000000002,-0.3109,0.9879999999999999
1750,2i,150.0,27,0.0,27,148.19,True,10.050000000000011,-0.3801,0.9879333333333333
1755,2i,150.0,27,0.0,27,148.19,True,10.460000000000008,-1.3381,0.9879333333333333
1760,2i,150.0,24,0.0,24,148.19,True,-1.1299999999999955,-1.4991,0.9879333333333333
1765,2i,150.0,25,0.7357,24,148.18,True,19.28,-0.17799999999999994,0.9878666666666667
1770,2i,150.0,24,0.0,24,148.18,True,-0.6500000000000057,-0.2076,0.9878666666666667
1775,2i,150.0,25,0.6613,24,148.18,True,-0.01999999999998181,0.6571,0.9878666666666667
1780,2i,150.0,25,0.4813,24,148.18,True,-0.009999999999990905,0.4813,0.9878666666666667
1785,2i,150.0,25,0.1458,24,148.18,True,-0.009999999999990905,0.1458,0.9878666666666667
1790,2i,150.0,25,0.6721,23,148.18,True,-0.009999999999990905,0.6721,0.9878666666666667
1795,2i,150.0,25,0.9763,20,148.18,True,0.0,0.24059999999999993,0.9878666666666667
1800,2i,150.0,25,0.5951,19,148.18,True,0.0,0.5951,0.9878666666666667
1805,2i,150.0,25,0.4063,19,148.18,True,0.0,-0.255,0.9878666666666667
1810,2i,150.0,25,0.4142,21,148.18,True,0.0,-0.06709999999999999,0.9878666666666667
1815,2i,150.0,26,1.2954,21,147.88,True,-0.30000000000001137,1.1496000000000002,0.9858666666666667
1820,2i,150.0,27,1.3879,19,145.57,True,-2.6100000000000136,0.7157999999999999,0.9704666666666666
1825,2i,150.0,27,0.8375,22,109.72,False,-38.46000000000001,-0.13879999999999992,0.7314666666666667
1830,2i,150.0,28,0.2805,25,127.38,False,-20.80000000000001,-0.31459999999999994,0.8492
1835,2i,150.0,28,0.0052,28,148.25,True,0.06999999999999318,-0.4011,0.9883333333333333
1840,2i,150.0,28,0.0002,28,148.19,True,0.009999999999990905,-0.41400000000000003,0.9879333333333333
1845,2i,150.0,28,0.0,28,148.19,True,0.3100000000000023,-1.2954,0.9879333333333333
1850,2i,150.0,25,0.1229,24,148.19,True,2.6200000000000045,-1.265,0.9879333333333333
1855,2i,150.0,25,0.7498,24,148.19,True,38.47,-0.0877,0.9879333333333333
1860,2i,150.0,25,0.9768,24,148.19,True,20.810000000000002,0.6962999999999999,0.9879333333333333
1865,2i,150.0,25,0.682,24,148.19,True,-0.060000000000002274,0.6768000000000001,0.9879333333333333
1870,2i,150.0,24,0.0,24,148.19,True,0.0,-0.0002,0.9879333333333333
1875,2i,150.0,24,0.0,24,148.19,True,0.0,0.0,0.9879333333333333
1880,2i,150.0,23,0.8662,22,148.19,True,0.0,0.7433,0.9879333333333333
1885,2i,150.0,23,0.941,20,148.19,True,0.0,0.19119999999999993,0.9879333333333333
1890,2i,150.0,23,0.5375,18,148.19,True,0.0,-0.4393,0.9879333333333333
1895,2i,150.0,23,0.2715,18,148.19,True,0.0,-0.41050000000000003,0.9879333333333333
1900,2i,150.0,23,0.2712,21,148.19,True,0.0,0.2712,0.9879333333333333
1905,2i,150.0,23,0.2149,21,147.67,True,-0.5200000000000102,0.2149,0.9844666666666666
1910,2i,150.0,25,0.9422,23,149.74,True,1.5500000000000114,0.07600000000000007,0.9982666666666667
1915,2i,150.0,26,1.2519,24,146.3,True,-1.8899999999999864,0.31090000000000007,0.9753333333333334
1920,2i,150.0,26,0.3347,24,144.33,False,-3.859999999999985,-0.20279999999999998,0.9622
1925,2i,150.0,26,0.0362,25,144.19,False,-4.0,-0.2353,0.9612666666666666
1930,2i,150.0,26,0.0,26,144.18,False,-4.009999999999991,-0.2712,0.9612
1935,2i,150.0,26,0.0,26,144.18,False,-3.4899999999999807,-0.2149,0.9612
1940,2i,150.0,24,0.6444,23,144.18,False,-5.560000000000002,-0.29780000000000006,0.9612
1945,2i,150.0,24,0.7551,23,144.18,False,-2.1200000000000045,-0.4968,0.9612
1950,2i,150.0,24,1.0704,23,144.18,False,-0.15000000000000568,0.7357,0.9612
1955,2i,150.0,24,0.5382,23,144.18,False,-0.009999999999990905,0.502,0.9612
1960,2i,150.0,23,0.0,23,144.18,False,0.0,0.0,0.9612
1965,2i,150.0,23,0.0,23,144.18,False,0.0,0.0,0.9612
1970,2i,150.0,22,0.0889,21,144.18,False,0.0,-0.5555,0.9612
1975,2i,150.0,23,1.0699,17,144.18,False,0.0,0.3148000000000001,0.9612
1980,2i,150.0,23,0.7942,17,144.18,False,0.0,-0.2762,0.9612
1985,2i,150.0,23,0.4809,18,144.18,False,0.0,-0.05730000000000002,0.9612
1990,2i,150.0,23,0.5377,17,144.18,False,0.0,0.5377,0.9612
1995,2i,150.0,23,0.4652,18,143.58,False,-0.5999999999999943,0.4652,0.9572
2000,2i,150.0,24,1.0024,19,91.41,False,-52.77000000000001,0.9135,0.6093999999999999
2005,2i,150.0,26,1.3921,21,111.82,False,-32.360000000000014,0.3221999999999998,0.7454666666666666
2010,2i,150.0,27,0.3517,24,143.95,False,-0.2300000000000182,-0.4425,0.9596666666666666
2015,2i,150.0,27,0.0017,27,147.7,True,3.519999999999982,-0.4792,0.9846666666666666
2020,2i,150.0,27,0.0,27,147.67,True,3.4899999999999807,-0.5377,0.9844666666666666
2025,2i,150.0,27,0.0,27,147.67,True,4.089999999999975,-0.4652,0.9844666666666666
2030,2i,150.0,25,0.6935,24,147.67,True,56.25999999999999,-0.30889999999999995,0.9844666666666666
2035,2i,150.0,25,0.7703,24,147.67,True,35.849999999999994,-0.6217999999999999,0.9844666666666666
2040,2i,150.0,25,0.9488,24,147.67,True,3.719999999999999,0.5971,0.9844666666666666
2045,2i,150.0,25,0.6929,24,147.67,True,-0.030000000000001137,0.6911999999999999,0.9844666666666666
2050,2i,150.0,24,0.0,24,147.67,True,0.0,0.0,0.9844666666666666
2055,2i,150.0,24,0.0,24,147.67,True,0.0,0.0,0.9844666666666666
2060,2i,150.0,22,0.0455,21,147.67,True,0.0,-0.648,0.9844666666666666
2065,2i,150.0,22,1.2601,18,147.67,True,0.0,0.4898,0.9844666666666666
2070,2i,150.0,22,0.812,17,147.67,True,0.0,-0.13679999999999992,0.9844666666666666
2075,2i,150.0,22,0.5419,17,147.67,True,0.0,-0.1509999999999999,0.9844666666666666
2080,2i,150.0,22,0.4246,17,147.67,True,0.0,0.4246,0.9844666666666666
2085,2i,150.0,23,1.4409,17,147.44,True,-0.22999999999998977,1.4409,0.9829333333333333
2090,2i,150.0,24,1.5211,17,90.32,False,-57.349999999999994,1.4755999999999998,0.6021333333333333
2095,2i,150.0,24,0.9466,21,130.66,False,-17.00999999999999,-0.3135,0.8710666666666667
2100,2i,150.0,25,0.213,24,147.68,True,0.010000000000019327,-0.5990000000000001,0.9845333333333334
2105,2i,150.0,25,0.0002,25,147.23,True,-0.4399999999999977,-0.5417000000000001,0.9815333333333333
2110,2i,150.0,25,0.0,25,147.22,True,-0.44999999999998863,-0.4246,0.9814666666666667
2115,2i,150.0,25,0.0,25,147.22,True,-0.21999999999999886,-1.4409,0.9814666666666667
2120,2i,150.0,23,0.1723,22,147.22,True,56.900000000000006,-1.3487999999999998,0.9814666666666667
2125,2i,150.0,23,0.6123,22,147.22,True,16.560000000000002,-0.33430000000000004,0.9814666666666667
2130,2i,150.0,23,1.1888,22,147.22,True,-0.46000000000000796,0.9758000000000001,0.9814666666666667
2135,2i,150.0,23,0.5801,22,147.22,True,-0.009999999999990905,0.5799,0.9814666666666667
2140,2i,150.0,22,0.0,22,147.22,True,0.0,0.0,0.9814666666666667
2145,2i,150.0,22,0.0,22,147.22,True,0.0,0.0,0.9814666666666667
2150,2i,150.0,21,0.0709,21,147.22,True,0.0,-0.1014,0.9814666666666667
2155,2i,150.0,22,1.2006,17,147.22,True,0.0,0.5882999999999999,0.9814666666666667
2160,2i,150.0,22,0.7545,15,147.22,True,0.0,-0.43430000000000013,0.9814666666666667
2165,2i,150.0,22,0.4827,18,147.22,True,0.0,-0.09739999999999993,0.9814666666666667
2170,2i,150.0,22,0.4317,16,147.21,True,-0.009999999999990905,0.4317,0.9814
2175,2i,150.0,23,1.4603,16,145.73,True,-1.490000000000009,1.4603,0.9715333333333332
2180,2i,150.0,24,0.801,19,141.51,False,-5.710000000000008,0.7301000000000001,0.9433999999999999
2185,2i,150.0,26,0.7321,22,135.5,False,-11.719999999999999,-0.4684999999999999,0.9033333333333333
2190,2i,150.0,27,0.3363,26,149.94,True,2.719999999999999,-0.41819999999999996,0.9995999999999999
2195,2i,150.0,27,0.0065,27,148.27,True,1.0500000000000114,-0.4762,0.9884666666666667
2200,2i,150.0,27,0.0001,27,148.19,True,0.9799999999999898,-0.4316,0.9879333333333333
2205,2i,150.0,27,0.0,27,148.18,True,2.450000000000017,-1.4603,0.9878666666666667
2210,2i,150.0,24,0.0,24,148.18,True,6.670000000000016,-0.801,0.9878666666666667
2215,2i,150.0,25,0.6844,24,148.18,True,12.680000000000007,-0.047699999999999965,0.9878666666666667
2220,2i,150.0,25,1.0683,24,148.18,True,-1.759999999999991,0.732,0.9878666666666667
2225,2i,150.0,25,0.5185,24,148.18,True,-0.09000000000000341,0.512,0.9878666666666667
2230,2i,150.0,24,0.0,24,148.18,True,-0.009999999999990905,-0.0001,0.9878666666666667
2235,2i,150.0,24,0.0,24,148.18,True,0.0,0.0,0.9878666666666667
2240,2i,150.0,23,0.2805,21,148.18,True,0.0,0.2805,0.9878666666666667
2245,2i,150.0,22,1.2665,17,148.18,True,0.0,0.5821,0.9878666666666667
2250,2i,150.0,22,0.9493,15,148.18,True,0.0,-0.119,0.9878666666666667
2255,2i,150.0,22,0.5784,15,148.18,True,0.0,0.059900000000000064,0.9878666666666667
2260,2i,150.0,22,0.5368,15,148.18,True,0.0,0.5368,0.9878666666666667
2265,2i,150.0,22,0.5114,15,147.56,True,-0.6200000000000045,0.5114,0.9837333333333333
2270,2i,150.0,23,0.4553,17,148.14,True,-0.040000000000020464,0.17479999999999996,0.9875999999999999
2275,2i,150.0,25,1.5198,19,116.42,False,-31.760000000000005,0.2533000000000001,0.7761333333333333
2280,2i,150.0,25,0.6553,23,136.24,False,-11.939999999999998,-0.29400000000000004,0.9082666666666668
2285,2i,150.0,26,0.1334,25,148.43,True,0.25,-0.44500000000000006,0.9895333333333334
2290,2i,150.0,26,0.0003,26,148.23,True,0.04999999999998295,-0.5365000000000001,0.9882
2295,2i,150.0,26,0.0,26,148.22,True,0.6599999999999966,-0.5114,0.9881333333333333
2300,2i,150.0,23,0.0,23,148.22,True,0.0800000000000125,-0.4553,0.9881333333333333
2305,2i,150.0,24,0.7323,23,148.22,True,31.799999999999997,-0.7875000000000001,0.9881333333333333
2310,2i,150.0,24,1.0375,23,148.22,True,11.97999999999999,0.3822000000000001,0.9881333333333333
2315,2i,150.0,24,0.7383,23,148.22,True,-0.21000000000000796,0.6049,0.9881333333333333
2320,2i,150.0,23,0.0,23,148.22,True,-0.009999999999990905,-0.0003,0.9881333333333333
2325,2i,150.0,23,0.0,23,148.22,True,0.0,0.0,0.9881333333333333
2330,2i,150.0,21,0.0653,20,148.22,True,0.0,0.0653,0.9881333333333333
2335,2i,150.0,21,1.2778,16,148.22,True,0.0,0.5455000000000001,0.9881333333333333
2340,2i,150.0,21,0.7781,16,148.22,True,0.0,-0.2594000000000001,0.9881333333333333
2345,2i,150.0,21,0.4609,16,148.22,True,0.0,-0.2774,0.9881333333333333
2350,2i,150.0,21,0.4841,15,148.22,True,0.0,0.4841,0.9881333333333333
2355,2i,150.0,21,0.5204,14,146.98,True,-1.240000000000009,0.5204,0.9798666666666666
2360,2i,150.0,23,1.8869,16,100.45,False,-47.769999999999996,1.8216,0.6696666666666666
2365,2i,150.0,24,1.4737,19,115.38,False,-32.84,0.19589999999999996,0.7692
2370,2i,150.0,24,0.2382,22,140.35,False,-7.8700000000000045,-0.5399,0.9356666666666666
2375,2i,150.0,24,0.0004,24,140.23,False,-7.990000000000009,-0.46049999999999996,0.9348666666666666
2380,2i,150.0,24,0.0,24,140.22,False,-8.0,-0.4841,0.9348
2385,2i,150.0,24,0.0,24,140.22,False,-6.759999999999991,-0.5204,0.9348
2390,2i,150.0,23,0.7887,21,140.22,False,39.769999999999996,-1.0982,0.9348
2395,2i,150.0,22,0.8004,21,140.22,False,24.840000000000003,-0.6733,0.9348
2400,2i,150.0,22,1.1609,21,140.22,False,-0.12999999999999545,0.9227000000000001,0.9348
2405,2i,150.0,22,0.6003,21,140.22,False,-0.009999999999990905,0.5999,0.9348
2410,2i,150.0,21,0.0,21,140.22,False,0.0,0.0,0.9348
2415,2i,150.0,21,0.0,21,140.22,False,0.0,0.0,0.9348
2420,2i,150.0,20,0.9463,18,140.22,False,0.0,0.15760000000000007,0.9348
2425,2i,150.0,18,1.6399,14,140.22,False,0.0,0.8394999999999999,0.9348
2430,2i,150.0,18,0.7519,12,140.22,False,0.0,-0.40900000000000003,0.9348
2435,2i,150.0,18,0.5811,12,140.22,False,0.0,-0.019199999999999995,0.9348
2440,2i,150.0,18,0.6206,10,139.85,False,-0.37000000000000455,0.6206,0.9323333333333333
2445,2i,150.0,19,1.804,12,136.31,False,-3.9099999999999966,1.804,0.9087333333333334
2450,2i,150.0,21,1.6446,15,99.68,False,-40.53999999999999,0.6983,0.6645333333333334
2455,2i,150.0,22,0.7694,20,146.58,True,6.360000000000014,-0.8704999999999999,0.9772000000000001
2460,2i,150.0,23,0.2975,22,148.17,True,7.949999999999989,-0.4544,0.9877999999999999
2465,2i,150.0,23,0.0004,23,147.93,True,7.710000000000008,-0.5807,0.9862000000000001
2470,2i,150.0,23,0.0,23,147.93,True,8.080000000000013,-0.6206,0.9862000000000001
2475,2i,150.0,23,0.0,23,147.93,True,11.620000000000005,-1.804,0.9862000000000001
2480,2i,150.0,20,0.0,20,147.93,True,48.25,-1.6446,0.9862000000000001
2485,2i,150.0,21,0.7709,20,147.93,True,1.3499999999999943,0.0015000000000000568,0.9862000000000001
2490,2i,150.0,21,0.9295,20,147.93,True,-0.23999999999998067,0.632,0.9862000000000001
2495,2i,150.0,22,1.4876,20,147.93,True,0.0,1.4872,0.9862000000000001
2500,2i,150.0,23,1.498,20,147.93,True,0.0,1.498,0.9862000000000001
2505,2i,150.0,25,2.1606,21,147.93,True,0.0,2.1606,0.9862000000000001
2510,2i,150.0,23,0.8277,20,147.93,True,0.0,0.8277,0.9862000000000001
2515,2i,150.0,22,0.7639,18,147.93,True,0.0,-0.007000000000000006,0.9862000000000001
2520,2i,150.0,22,0.5161,21,147.93,True,0.0,-0.4134,0.9862000000000001
2525,2i,150.0,22,0.327,21,147.93,True,0.0,-1.1606,0.9862000000000001
2530,2i,150.0,22,0.1672,22,147.93,True,0.0,-1.3308,0.9862000000000001
2535,2i,150.0,23,1.2118,22,146.53,True,-1.4000000000000057,-0.9488000000000001,0.9768666666666667
2540,2i,150.0,25,1.2944,23,149.05,True,1.1200000000000045,0.4667,0.9936666666666667
2545,2i,150.0,25,0.5894,23,147.11,True,-0.8199999999999932,-0.1745,0.9807333333333335
2550,2i,150.0,25,0.001,25,146.94,True,-0.9900000000000091,-0.5151,0.9796
2555,2i,150.0,25,0.0001,25,146.92,True,-1.0100000000000193,-0.3269,0.9794666666666666
2560,2i,150.0,25,0.0,25,146.92,True,-1.0100000000000193,-0.1672,0.9794666666666666
2565,2i,150.0,25,0.0,25,146.92,True,0.38999999999998636,-1.2118,0.9794666666666666
2570,2i,150.0,23,0.0,23,146.92,True,-2.130000000000024,-1.2944,0.9794666666666666
2575,2i,150.0,24,0.5974,23,146.92,True,-0.19000000000002615,0.008000000000000007,0.9794666666666666
2580,2i,150.0,25,0.9907,23,146.92,True,-0.020000000000010232,0.9897,0.9794666666666666
2585,2i,150.0,25,0.7051,24,146.92,True,0.0,0.705,0.9794666666666666
2590,2i,150.0,25,0.2877,24,146.92,True,0.0,0.2877,0.9794666666666666
2595,2i,150.0,24,0.0,24,146.92,True,0.0,0.0,0.9794666666666666
2600,2i,150.0,23,0.0921,22,146.92,True,0.0,0.0921,0.9794666666666666
2605,2i,150.0,23,1.4338,16,146.92,True,0.0,0.8363999999999999,0.9794666666666666
2610,2i,150.0,23,0.6706,18,146.92,True,0.0,-0.32010000000000005,0.9794666666666666
2615,2i,150.0,23,0.3939,19,146.92,True,0.0,-0.3112,0.9794666666666666
2620,2i,150.0,23,0.4,18,146.88,True,-0.03999999999999204,0.11230000000000001,0.9792
2625,2i,150.0,24,1.2845,18,145.38,True,-1.539999999999992,1.2845,0.9692
2630,2i,150.0,25,0.8951,19,106.78,False,-40.139999999999986,0.803,0.7118666666666666
2635,2i,150.0,26,0.5082,22,130.18,False,-16.73999999999998,-0.9256,0.8678666666666667
2640,2i,150.0,27,0.2299,26,148.08,True,1.160000000000025,-0.4407,0.9872000000000001
2645,2i,150.0,27,0.0573,26,147.9,True,0.9800000000000182,-0.33659999999999995,0.986
2650,2i,150.0,27,0.0,27,147.89,True,1.009999999999991,-0.4,0.9859333333333332
2655,2i,150.0,27,0.0,27,147.89,True,2.509999999999991,-1.2845,0.9859333333333332
2660,2i,150.0,25,0.2263,23,147.89,True,41.109999999999985,-0.6688000000000001,0.9859333333333332
2665,2i,150.0,24,0.8327,21,147.89,True,17.70999999999998,0.3245,0.9859333333333332
2670,2i,150.0,23,1.3065,21,147.89,True,-0.19000000000002615,1.0766,0.9859333333333332
2675,2i,150.0,22,0.7727,21,147.89,True,-0.010000000000019327,0.7154,0.9859333333333332
2680,2i,150.0,21,0.0,21,147.89,True,0.0,0.0,0.9859333333333332
2685,2i,150.0,21,0.0,21,147.89,True,0.0,0.0,0.9859333333333332
2690,2i,150.0,19,0.0694,18,147.89,True,0.0,-0.15689999999999998,0.9859333333333332
2695,2i,150.0,19,1.4199,15,147.89,True,0.0,0.5871999999999999,0.9859333333333332
2700,2i,150.0,19,0.8899,13,147.89,True,0.0,-0.41659999999999997,0.9859333333333332
2705,2i,150.0,19,0.5567,13,147.89,True,0.0,-0.21600000000000008,0.9859333333333332
2710,2i,150.0,19,0.55,13,147.71,True,-0.1799999999999784,0.55,0.9847333333333333
2715,2i,150.0,19,0.4845,11,70.16,False,-77.72999999999999,0.4845,0.46773333333333333
2720,2i,150.0,22,1.7907,16,115.54,False,-32.34999999999998,1.7213,0.7702666666666667
2725,2i,150.0,23,1.4334,19,133.25,False,-14.639999999999986,0.013500000000000068,0.8883333333333333
2730,2i,150.0,24,0.1421,22,148.07,True,0.18000000000000682,-0.7478,0.9871333333333333
2735,2i,150.0,24,0.0003,24,147.89,True,0.0,-0.5564,0.9859333333333332
2740,2i,150.0,24,0.0,24,147.89,True,0.1799999999999784,-0.55,0.9859333333333332
2745,2i,150.0,24,0.0,24,147.89,True,77.72999999999999,-0.4845,0.9859333333333332
2750,2i,150.0,23,0.7623,21,147.89,True,32.34999999999998,-1.0284,0.9859333333333332
2755,2i,150.0,22,0.8767,21,147.89,True,14.639999999999986,-0.5567,0.9859333333333332
2760,2i,150.0,21,0.0,21,147.89,True,-0.18000000000000682,-0.1421,0.9859333333333332
2765,2i,150.0,23,1.535,21,147.89,True,0.0,1.5347,0.9859333333333332
2770,2i,150.0,23,1.3256,21,147.89,True,0.0,1.3256,0.9859333333333332
2775,2i,150.0,23,0.1834,21,147.89,True,0.0,0.1834,0.9859333333333332
2780,2i,150.0,23,0.7215,21,147.89,True,0.0,-0.04079999999999995,0.9859333333333332
2785,2i,150.0,22,1.1627,16,147.89,True,0.0,0.28600000000000003,0.9859333333333332
2790,2i,150.0,22,0.7565,16,147.89,True,0.0,0.7565,0.9859333333333332
2795,2i,150.0,22,0.4888,16,147.89,True,0.0,-1.0461999999999998,0.9859333333333332
2800,2i,150.0,22,0.4503,16,147.76,True,-0.12999999999999545,-0.8753,0.9850666666666666
2805,2i,150.0,23,1.4979,14,146.18,True,-1.7099999999999795,1.3145,0.9745333333333334
2810,2i,150.0,23,0.7245,19,120.47,False,-27.419999999999987,0.0030000000000000027,0.8031333333333334
2815,2i,150.0,24,0.5941,21,130.38,False,-17.50999999999999,-0.5686000000000001,0.8692
2820,2i,150.0,25,0.3146,24,148.1,True,0.21000000000000796,-0.44189999999999996,0.9873333333333333
2825,2i,150.0,25,0.1271,24,147.9,True,0.010000000000019327,-0.3617,0.986
2830,2i,150.0,25,0.0013,25,147.89,True,0.12999999999999545,-0.44899999999999995,0.9859333333333332
2835,2i,150.0,25,0.0,25,147.89,True,1.7099999999999795,-1.4979,0.9859333333333332
2840,2i,150.0,22,0.7978,21,147.89,True,27.419999999999987,0.07329999999999992,0.9859333333333332
2845,2i,150.0,22,0.6594,21,147.89,True,17.50999999999999,0.06530000000000002,0.9859333333333332
2850,2i,150.0,22,1.0671,21,147.89,True,-0.21000000000000796,0.7525,0.9859333333333332
2855,2i,150.0,22,0.7692,21,147.89,True,-0.010000000000019327,0.6421,0.9859333333333332
2860,2i,150.0,21,0.0,21,147.89,True,0.0,-0.0013,0.9859333333333332
2865,2i,150.0,21,0.0,21,147.89,True,0.0,0.0,0.9859333333333332
2870,2i,150.0,21,0.8575,19,147.89,True,0.0,0.059700000000000086,0.9859333333333332
2875,2i,150.0,20,2.6965,8,147.89,True,0.0,2.0370999999999997,0.9859333333333332
2880,2i,150.0,22,3.7492,7,107.46,False,-40.42999999999999,2.6821,0.7163999999999999
2885,2i,150.0,27,3.6887,11,135.24,False,-12.649999999999977,2.9194999999999998,0.9016000000000001
2890,2i,150.0,29,2.2618,15,140.39,False,-7.5,2.2618,0.9359333333333333
2895,2i,150.0,31,1.3647,20,80.67,False,-67.21999999999998,1.3647,0.5378000000000001
2900,2i,150.0,31,0.7289,27,101.75,False,-46.139999999999986,-0.12860000000000005,0.6783333333333333
2905,2i,150.0,33,0.5112,30,135.31,False,-12.579999999999984,-2.1853,0.9020666666666667
2910,2i,150.0,33,0.0295,31,147.94,True,40.480000000000004,-3.7197,0.9862666666666666
2915,2i,150.0,33,0.0046,33,147.92,True,12.679999999999978,-3.6841,0.9861333333333332
2920,2i,150.0,33,0.0051,33,147.89,True,7.5,-2.2567,0.9859333333333332
2925,2i,150.0,33,0.0384,33,147.8,True,67.13000000000001,-1.3263,0.9853333333333334
2930,2i,150.0,32,0.0292,32,147.78,True,46.03,-0.6997,0.9852
2935,2i,150.0,33,0.2751,32,147.56,True,12.25,-0.23609999999999998,0.9837333333333333
2940,2i,150.0,34,0.6032,33,146.36,True,-1.579999999999984,0.5737,0.9757333333333335
2945,2i,150.0,34,0.4811,33,146.27,True,-1.6499999999999773,0.47650000000000003,0.9751333333333334
2950,2i,150.0,34,0.278,33,146.27,True,-1.6199999999999761,0.27290000000000003,0.9751333333333334
2955,2i,150.0,33,0.0,33,146.27,True,-1.5300000000000011,-0.0384,0.9751333333333334
2960,2i,150.0,33,0.5421,31,146.27,True,-1.509999999999991,0.5129,0.9751333333333334
2965,2i,150.0,32,0.6187,25,146.27,True,-1.289999999999992,0.3436,0.9751333333333334
2970,2i,150.0,32,0.1936,27,146.27,True,-0.09000000000000341,-0.40959999999999996,0.9751333333333334
2975,2i,150.0,32,0.5724,24,146.27,True,0.0,0.09129999999999999,0.9751333333333334
2980,2i,150.0,32,0.0724,32,146.27,True,0.0,-0.2056,0.9751333333333334
2985,2i,150.0,32,0.1408,31,146.27,True,0.0,0.1408,0.9751333333333334
2990,2i,150.0,34,1.4605,26,145.34,True,-0.9300000000000068,0.9183999999999999,0.9689333333333333
2995,2i,150.0,34,1.1517,26,144.49,False,-1.7800000000000011,0.5329999999999999,0.9632666666666667
3000,2i,150.0,34,0.486,28,144.24,False,-2.030000000000001,0.2924,0.9616
3005,2i,150.0,34,0.0305,33,144.23,False,-2.0400000000000205,-0.5419,0.9615333333333332
3010,2i,150.0,34,0.0015,34,144.23,False,-2.0400000000000205,-0.0709,0.9615333333333332
3015,2i,150.0,34,0.0,34,144.23,False,-2.0400000000000205,-0.1408,0.9615333333333332
3020,2i,150.0,33,0.4674,32,144.23,False,-1.1100000000000136,-0.9930999999999999,0.9615333333333332
3025,2i,150.0,33,0.2483,32,144.23,False,-0.2600000000000193,-0.9034,0.9615333333333332
3030,2i,150.0,34,0.6578,33,144.23,False,-0.010000000000019327,0.17180000000000006,0.9615333333333332
3035,2i,150.0,34,0.4265,33,144.23,False,0.0,0.396,0.9615333333333332
3040,2i,150.0,34,0.2126,33,144.23,False,0.0,0.2111,0.9615333333333332
3045,2i,150.0,33,0.0,33,144.23,False,0.0,0.0,0.9615333333333332
3050,2i,150.0,31,0.1297,29,144.23,False,0.0,-0.3377,0.9615333333333332
3055,2i,150.0,30,0.5832,26,144.23,False,0.0,0.3349000000000001,0.9615333333333332
3060,2i,150.0,30,0.0245,29,144.23,False,0.0,-0.6333000000000001,0.9615333333333332
3065,2i,150.0,30,0.0944,28,144.23,False,0.0,-0.3321,0.9615333333333332
3070,2i,150.0,30,0.1428,29,144.23,False,0.0,-0.0698,0.9615333333333332
3075,2i,150.0,31,0.6997,30,144.23,False,0.0,0.6997,0.9615333333333332
3080,2i,150.0,32,1.4767,27,144.23,False,0.0,1.347,0.9615333333333332
3085,2i,150.0,32,0.7688,24,144.23,False,0.0,0.1856,0.9615333333333332
3090,2i,150.0,32,0.3039,27,144.21,False,-0.01999999999998181,0.2794,0.9614
3095,2i,150.0,32,0.0902,31,142.41,False,-1.8199999999999932,-0.004199999999999995,0.9494
3100,2i,150.0,32,0.0057,32,139.78,False,-4.449999999999989,-0.1371,0.9318666666666666
3105,2i,150.0,32,0.0002,32,139.66,False,-4.569999999999993,-0.6995,0.9310666666666666
3110,2i,150.0,31,0.0,31,139.66,False,-4.569999999999993,-1.4767,0.9310666666666666
3115,2i,150.0,32,0.2829,31,139.66,False,-4.569999999999993,-0.48590000000000005,0.9310666666666666
3120,2i,150.0,32,0.1432,31,139.66,False,-4.550000000000011,-0.1607,0.9310666666666666
3125,2i,150.0,33,0.5017,32,139.66,False,-2.75,0.41150000000000003,0.9310666666666666
3130,2i,150.0,33,0.4404,32,139.66,False,-0.12000000000000455,0.43470000000000003,0.9310666666666666
3135,2i,150.0,33,0.0935,32,139.66,False,0.0,0.0933,0.9310666666666666
3140,2i,150.0,32,0.5911,30,139.66,False,0.0,0.5911,0.9310666666666666
3145,2i,150.0,31,0.2724,27,139.66,False,0.0,-0.01050000000000001,0.9310666666666666
3150,2i,150.0,31,0.4002,26,139.66,False,0.0,0.257,0.9310666666666666
3155,2i,150.0,31,0.187,30,139.66,False,0.0,-0.31470000000000004,0.9310666666666666
3160,2i,150.0,31,0.6483,26,139.54,False,-0.12000000000000455,0.20789999999999997,0.9302666666666666
3165,2i,150.0,31,0.1473,30,138.8,False,-0.8599999999999852,0.05379999999999999,0.9253333333333335
3170,2i,150.0,32,0.7253,28,138.55,False,-1.1099999999999852,0.13419999999999999,0.9236666666666667
3175,2i,150.0,33,0.554,27,138.08,False,-1.579999999999984,0.2816000000000001,0.9205333333333334
3180,2i,150.0,33,0.1865,31,137.19,False,-2.469999999999999,-0.2137,0.9146
3185,2i,150.0,34,0.0384,33,149.62,True,9.960000000000008,-0.1486,0.9974666666666667
3190,2i,150.0,34,0.0001,34,149.56,True,10.02000000000001,-0.6482,0.9970666666666667
3195,2i,150.0,34,0.0,34,149.56,True,10.759999999999991,-0.1473,0.9970666666666667
3200,2i,150.0,31,0.0,31,149.56,True,11.009999999999991,-0.7253,0.9970666666666667
3205,2i,150.0,32,0.2301,31,149.56,True,11.47999999999999,-0.3239000000000001,0.9970666666666667
3210,2i,150.0,33,0.5057,32,149.56,True,12.370000000000005,0.31920000000000004,0.9970666666666667
3215,2i,150.0,33,0.5435,32,149.56,True,-0.060000000000002274,0.5051,0.9970666666666667
3220,2i,150.0,32,0.0,32,149.56,True,0.0,-0.0001,0.9970666666666667
3225,2i,150.0,32,0.0,32,149.56,True,0.0,0.0,0.9970666666666667
3230,2i,150.0,31,0.6821,28,149.56,True,0.0,0.6821,0.9970666666666667
3235,2i,150.0,30,0.4705,23,149.56,True,0.0,0.24039999999999997,0.9970666666666667
3240,2i,150.0,30,0.3152,24,149.56,True,0.0,-0.19050000000000006,0.9970666666666667
3245,2i,150.0,30,0.3248,24,149.56,True,0.0,-0.2187,0.9970666666666667
3250,2i,150.0,30,0.2359,26,149.07,True,-0.4900000000000091,0.2359,0.9937999999999999
3255,2i,150.0,31,0.685,28,118.6,False,-30.960000000000008,0.685,0.7906666666666666
3260,2i,150.0,33,0.9303,31,147.56,True,-2.0,0.24819999999999998,0.9837333333333333
3265,2i,150.0,34,0.2598,32,149.5,True,-0.060000000000002274,-0.2107,0.9966666666666667
3270,2i,150.0,34,0.0005,34,149.19,True,-0.37000000000000455,-0.3147,0.9946
3275,2i,150.0,34,0.0,34,149.18,True,-0.37999999999999545,-0.3248,0.9945333333333334
3280,2i,150.0,34,0.0,34,149.18,True,0.11000000000001364,-0.2359,0.9945333333333334
3285,2i,150.0,34,0.0,34,149.18,True,30.580000000000013,-0.685,0.9945333333333334
3290,2i,150.0,33,0.4642,32,149.18,True,1.6200000000000045,-0.4661,0.9945333333333334
3295,2i,150.0,33,0.107,32,149.18,True,-0.3199999999999932,-0.1528,0.9945333333333334
3300,2i,150.0,34,0.4601,33,149.18,True,-0.009999999999990905,0.4596,0.9945333333333334
3305,2i,150.0,34,0.5265,33,149.18,True,0.0,0.5265,0.9945333333333334
3310,2i,150.0,33,0.0,33,149.18,True,0.0,0.0,0.9945333333333334
3315,2i,150.0,33,0.0,33,149.18,True,0.0,0.0,0.9945333333333334
3320,2i,150.0,31,0.0534,30,149.18,True,0.0,-0.4108,0.9945333333333334
3325,2i,150.0,31,0.6381,23,149.18,True,0.0,0.5311,0.9945333333333334
3330,2i,150.0,31,0.4951,22,149.18,True,0.0,0.034999999999999976,0.9945333333333334
3335,2i,150.0,31,0.4975,22,149.18,True,0.0,-0.02899999999999997,0.9945333333333334
3340,2i,150.0,31,0.4149,22,148.63,True,-0.5500000000000114,0.4149,0.9908666666666667
3345,2i,150.0,31,0.2609,25,104.9,False,-44.28,0.2609,0.6993333333333334
3350,2i,150.0,34,0.966,31,138.73,False,-10.450000000000017,0.9126,0.9248666666666666
3355,2i,150.0,34,0.549,32,142.09,False,-7.090000000000003,-0.08909999999999996,0.9472666666666667
3360,2i,150.0,34,0.1241,33,141.94,False,-7.240000000000009,-0.371,0.9462666666666667
3365,2i,150.0,34,0.0,34,141.94,False,-7.240000000000009,-0.4975,0.9462666666666667
3370,2i,150.0,34,0.0,34,141.94,False,-6.689999999999998,-0.4149,0.9462666666666667
3375,2i,150.0,34,0.0,34,141.94,False,37.03999999999999,-0.2609,0.9462666666666667
3380,2i,150.0,33,0.0,33,141.94,False,3.210000000000008,-0.966,0.9462666666666667
3385,2i,150.0,34,0.1947,33,141.94,False,-0.15000000000000568,-0.35430000000000006,0.9462666666666667
3390,2i,150.0,35,0.4274,34,141.94,False,0.0,0.3033,0.9462666666666667
3395,2i,150.0,35,0.4557,34,141.94,False,0.0,0.4557,0.9462666666666667
3400,2i,150.0,34,0.0,34,141.94,False,0.0,0.0,0.9462666666666667
3405,2i,150.0,34,0.0,34,141.94,False,0.0,0.0,0.9462666666666667
3410,2i,150.0,34,0.4977,32,141.94,False,0.0,0.4977,0.9462666666666667
3415,2i,150.0,33,0.5084,24,141.94,False,0.0,0.3137,0.9462666666666667
3420,2i,150.0,33,0.4931,25,141.94,False,0.0,0.06569999999999998,0.9462666666666667
3425,2i,150.0,33,0.4241,23,141.93,False,-0.009999999999990905,-0.03160000000000002,0.9462
3430,2i,150.0,33,0.4088,27,139.7,False,-2.240000000000009,0.4088,0.9313333333333332
3435,2i,150.0,35,0.6809,29,104.44,False,-37.5,0.6809,0.6962666666666667
3440,2i,150.0,35,0.5628,32,124.36,False,-17.58,0.06509999999999999,0.8290666666666666
3445,2i,150.0,37,0.3759,35,148.08,True,6.140000000000015,-0.13249999999999995,0.9872000000000001
3450,2i,150.0,37,0.0735,36,147.62,True,5.680000000000007,-0.4196,0.9841333333333334
3455,2i,150.0,37,0.0001,37,147.61,True,5.680000000000007,-0.424,0.9840666666666668
3460,2i,150.0,37,0.0,37,147.61,True,7.910000000000025,-0.4088,0.9840666666666668
3465,2i,150.0,37,0.0,37,147.61,True,43.170000000000016,-0.6809,0.9840666666666668
3470,2i,150.0,34,0.2462,31,147.61,True,23.250000000000014,-0.3166,0.9840666666666668
3475,2i,150.0,32,0.3281,29,147.61,True,-0.46999999999999886,-0.04780000000000001,0.9840666666666668
3480,2i,150.0,32,1.199,25,147.61,True,-0.009999999999990905,1.1255000000000002,0.9840666666666668
3485,2i,150.0,31,1.7943,21,147.61,True,0.0,1.7942,0.9840666666666668
3490,2i,150.0,28,1.7776,19,147.61,True,0.0,1.7776,0.9840666666666668
3495,2i,150.0,27,1.4058,20,147.61,True,0.0,1.4058,0.9840666666666668
3500,2i,150.0,25,0.6573,21,147.61,True,0.0,0.4111,0.9840666666666668
3505,2i,150.0,25,1.3028,18,147.61,True,0.0,0.9746999999999999,0.9840666666666668
3510,2i,150.0,25,0.6769,18,147.61,True,0.0,-0.5221000000000001,0.9840666666666668
3515,2i,150.0,25,0.5604,19,147.61,True,0.0,-1.2339,0.9840666666666668
3520,2i,150.0,25,0.5842,17,146.34,True,-1.2700000000000102,-1.1934,0.9756
3525,2i,150.0,25,0.4402,18,66.77,False,-80.84000000000002,-0.9656,0.4451333333333333
3530,2i,150.0,28,1.3175,22,100.58,False,-47.030000000000015,0.6601999999999999,0.6705333333333333
3535,2i,150.0,29,1.0237,24,116.99,False,-30.62000000000002,-0.2790999999999999,0.7799333333333333
3540,2i,150.0,29,0.1097,28,140.67,False,-6.940000000000026,-0.5671999999999999,0.9378
3545,2i,150.0,29,0.0,29,140.61,False,-7.0,-0.5604,0.9374000000000001
3550,2i,150.0,29,0.0,29,140.61,False,-5.72999999999999,-0.5842,0.9374000000000001
3555,2i,150.0,29,0.0,29,140.61,False,73.84000000000002,-0.4402,0.9374000000000001
3560,2i,150.0,26,0.9095,24,140.61,False,40.030000000000015,-0.4079999999999999,0.9374000000000001
3565,2i,150.0,26,2.2581,20,140.61,False,23.62000000000002,1.2344000000000002,0.9374000000000001
3570,2i,150.0,28,3.0071,18,140.61,False,-0.05999999999997385,2.8973999999999998,0.9374000000000001
3575,2i,150.0,28,2.4856,18,140.61,False,0.0,2.4856,0.9374000000000001
3580,2i,150.0,26,2.3856,18,140.61,False,0.0,2.3856,0.9374000000000001
3585,2i,150.0,25,0.7634,20,140.61,False,0.0,0.7634,0.9374000000000001
3590,2i,150.0,25,0.9251,22,140.61,False,0.0,0.015600000000000058,0.9374000000000001
3595,2i,150.0,23,0.6573,20,140.61,False,0.0,-1.6008000000000002,0.9374000000000001
3600,2i,150.0,23,0.2272,22,140.61,False,0.0,-2.7799,0.9374000000000001
0,3i,150.0,0,0.0,0,0.0,False,,,0.0
5,3i,150.0,0,0.0,0,0.0,False,,,0.0
10,3i,150.0,0,0.0,0,0.0,False,,,0.0
15,3i,150.0,2,24.7686,0,0.0,False,,,0.0
20,3i,150.0,2,17.795,0,0.0,False,,,0.0
25,3i,150.0,1,13.143,0,0.0,False,,,0.0
30,3i,150.0,1,0.0,0,0.0,False,0.0,0.0,0.0
35,3i,150.0,1,18.6561,0,0.0,False,0.0,18.6561,0.0
40,3i,150.0,1,7.7443,0,0.0,False,0.0,7.7443,0.0
45,3i,150.0,1,0.0213,1,1.01,False,1.01,-24.7473,0.006733333333333333
50,3i,150.0,2,8.3257,1,1.0,False,1.0,-9.469300000000002,0.006666666666666667
55,3i,150.0,3,11.3451,1,1.0,False,1.0,-1.7979000000000003,0.006666666666666667
60,3i,150.0,4,9.5553,1,1.0,False,1.0,9.5553,0.006666666666666667
65,3i,150.0,4,4.9702,2,1.0,False,1.0,-13.685899999999998,0.006666666666666667
70,3i,150.0,4,0.7776,3,5.01,False,5.01,-6.9667,0.0334
75,3i,150.0,6,6.0883,4,5.0,False,3.99,6.067,0.03333333333333333
80,3i,150.0,6,3.9934,4,5.0,False,4.0,-4.3323,0.03333333333333333
85,3i,150.0,6,0.8587,4,5.0,False,4.0,-10.4864,0.03333333333333333
90,3i,150.0,7,2.5092,6,17.71,False,16.71,-7.046100000000001,0.11806666666666667
95,3i,150.0,5,1.6168,3,17.71,False,16.71,-3.3534,0.11806666666666667
100,3i,150.0,4,0.0001,4,30.42,False,25.410000000000004,-0.7775,0.2028
105,3i,150.0,6,7.6325,4,30.42,False,25.42,1.5442,0.2028
110,3i,150.0,7,7.0871,4,30.42,False,25.42,3.0937000000000006,0.2028
115,3i,150.0,5,1.7904,4,30.42,False,25.42,0.9317,0.2028
120,3i,150.0,5,0.8904,4,30.42,False,12.71,-1.6187999999999998,0.2028
125,3i,150.0,4,4.7973,2,37.44,False,19.729999999999997,3.1805,0.2496
130,3i,150.0,3,5.9638,0,0.0,False,-30.42,5.9637,0.0
135,3i,150.0,4,6.9269,1,1.01,False,-29.41,-0.7056000000000004,0.006733333333333333
140,3i,150.0,4,3.7912,3,22.17,False,-8.25,-3.2959000000000005,0.14780000000000001
145,3i,150.0,5,3.6302,3,22.04,False,-8.380000000000003,1.8397999999999999,0.14693333333333333
150,3i,150.0,6,5.8969,4,22.04,False,-8.380000000000003,5.0065,0.14693333333333333
155,3i,150.0,6,3.2359,4,22.04,False,-15.399999999999999,-1.5614,0.14693333333333333
160,3i,150.0,7,3.1059,5,29.07,False,29.07,-2.8579,0.1938
165,3i,150.0,8,3.3126,6,29.04,False,28.029999999999998,-3.6142999999999996,0.1936
170,3i,150.0,8,1.7025,7,41.76,False,19.589999999999996,-2.0887000000000002,0.2784
175,3i,150.0,8,0.3337,7,41.76,False,19.72,-3.2965,0.2784
180,3i,150.0,9,1.3845,8,41.76,False,19.72,-4.5123999999999995,0.2784
185,3i,150.0,6,0.0035,5,41.76,False,19.72,-3.2324,0.2784
190,3i,150.0,6,0.0,6,45.76,False,16.689999999999998,-3.1059,0.30506666666666665
195,3i,150.0,7,3.7979,6,45.76,False,16.72,0.4852999999999996,0.30506666666666665
200,3i,150.0,9,4.8827,6,45.76,False,4.0,3.1802,0.30506666666666665
205,3i,150.0,8,2.798,6,45.76,False,4.0,2.4643,0.30506666666666665
210,3i,150.0,8,1.4604,6,45.76,False,4.0,0.07589999999999986,0.30506666666666665
215,3i,150.0,8,2.3869,6,49.76,False,8.0,2.3834,0.3317333333333333
220,3i,150.0,7,2.1487,2,48.82,False,3.0600000000000023,2.1487,0.3254666666666667
225,3i,150.0,8,3.5241,2,1.0,False,-44.76,-0.27380000000000004,0.006666666666666667
230,3i,150.0,8,2.1873,5,24.78,False,-20.979999999999997,-2.6954,0.1652
235,3i,150.0,9,1.9824,7,42.82,False,-2.9399999999999977,-0.8156000000000001,0.28546666666666665
240,3i,150.0,10,3.4278,8,42.76,False,-3.0,1.9674,0.28506666666666663
245,3i,150.0,10,1.499,8,42.76,False,-7.0,-0.8878999999999997,0.28506666666666663
250,3i,150.0,11,1.7934,9,49.76,False,0.9399999999999977,-0.3552999999999997,0.3317333333333333
255,3i,150.0,12,2.081,10,49.76,False,48.76,-1.4430999999999998,0.3317333333333333
260,3i,150.0,12,1.1631,11,62.47,False,37.69,-1.0242,0.41646666666666665
265,3i,150.0,12,0.0668,11,62.47,False,19.65,-1.9156,0.41646666666666665
270,3i,150.0,13,0.8223,12,62.47,False,19.71,-2.6055,0.41646666666666665
275,3i,150.0,9,0.0065,9,69.53,False,26.770000000000003,-1.4925000000000002,0.46353333333333335
280,3i,150.0,9,0.0,9,69.47,False,19.71,-1.7934,0.46313333333333334
285,3i,150.0,9,0.0,9,69.47,False,19.71,-2.081,0.46313333333333334
290,3i,150.0,12,3.9655,9,69.47,False,7.0,2.8024,0.46313333333333334
295,3i,150.0,12,3.4313,9,69.47,False,7.0,3.3644999999999996,0.46313333333333334
300,3i,150.0,12,0.9236,9,69.47,False,7.0,0.10129999999999995,0.46313333333333334
305,3i,150.0,12,1.381,9,73.47,False,3.9399999999999977,1.3745,0.4898
310,3i,150.0,10,1.2831,6,87.54,False,18.070000000000007,1.2831,0.5836
315,3i,150.0,11,2.8013,5,86.51,False,17.040000000000006,2.8013,0.5767333333333333
320,3i,150.0,11,2.0819,5,19.07,False,-50.4,-1.8836,0.12713333333333335
325,3i,150.0,11,0.3936,8,45.95,False,-23.519999999999996,-3.0376999999999996,0.30633333333333335
330,3i,150.0,12,0.7557,11,63.85,False,-5.619999999999997,-0.16789999999999994,0.4256666666666667
335,3i,150.0,13,1.6224,11,63.8,False,-9.670000000000002,0.24140000000000006,0.42533333333333334
340,3i,150.0,14,1.5237,12,67.87,False,-19.67,0.24060000000000015,0.4524666666666667
345,3i,150.0,15,1.466,13,67.8,False,-18.710000000000008,-1.3353,0.45199999999999996
350,3i,150.0,15,0.9485,14,81.84,False,62.77,-1.1334,0.5456
355,3i,150.0,15,0.1494,14,81.84,False,35.89,-0.2442,0.5456
360,3i,150.0,16,0.6878,15,81.84,False,17.990000000000002,-0.06790000000000007,0.5456
365,3i,150.0,13,0.4189,11,88.91,False,25.11,-1.2035,0.5927333333333333
370,3i,150.0,11,0.0,11,88.84,False,20.97,-1.5237,0.5922666666666667
375,3i,150.0,13,3.0522,11,88.84,False,21.040000000000006,1.5862,0.5922666666666667
380,3i,150.0,14,2.7415,11,88.84,False,7.0,1.7929999999999997,0.5922666666666667
385,3i,150.0,12,0.0005,12,95.85,False,14.009999999999991,-0.1489,0.639
390,3i,150.0,12,0.0,12,95.84,False,14.0,-0.6878,0.6389333333333334
395,3i,150.0,11,0.226,10,95.84,False,6.930000000000007,-0.1929,0.6389333333333334
400,3i,150.0,11,1.7828,6,95.84,False,7.0,1.7828,0.6389333333333334
405,3i,150.0,11,1.4726,5,95.54,False,6.700000000000003,-1.5796000000000001,0.6369333333333334
410,3i,150.0,12,2.3322,4,27.72,False,-61.120000000000005,-0.4093,0.1848
415,3i,150.0,13,1.4385,8,64.38,False,-31.47,1.438,0.42919999999999997
420,3i,150.0,14,1.9501,12,85.22,False,-10.620000000000005,1.9501,0.5681333333333334
425,3i,150.0,14,1.1117,13,98.86,False,3.019999999999996,0.8856999999999999,0.6590666666666667
430,3i,150.0,15,0.9819,13,98.84,False,3.0,-0.8009,0.6589333333333334
435,3i,150.0,16,1.0209,14,98.84,False,3.299999999999997,-0.4517,0.6589333333333334
440,3i,150.0,16,1.0487,15,102.85,False,75.13,-1.2834999999999999,0.6856666666666666
445,3i,150.0,16,0.2983,15,102.84,False,38.46000000000001,-1.1401999999999999,0.6856
450,3i,150.0,17,0.3875,16,102.84,False,17.620000000000005,-1.5626,0.6856
455,3i,150.0,14,0.0031,14,106.85,False,7.989999999999995,-1.1085999999999998,0.7123333333333333
460,3i,150.0,14,0.0,14,106.84,False,8.0,-0.9819,0.7122666666666667
465,3i,150.0,16,1.8997,14,106.84,False,8.0,0.8788,0.7122666666666667
470,3i,150.0,17,2.1969,14,106.84,False,3.990000000000009,1.1481999999999999,0.7122666666666667
475,3i,150.0,16,0.8109,15,110.85,False,8.009999999999991,0.5126,0.739
480,3i,150.0,16,0.153,15,110.85,False,8.009999999999991,-0.23450000000000001,0.739
485,3i,150.0,16,0.8078,13,110.85,False,4.0,0.8047,0.739
490,3i,150.0,15,0.661,11,114.86,False,8.019999999999996,0.661,0.7657333333333334
495,3i,150.0,15,0.7541,9,114.85,False,8.009999999999991,-1.1456,0.7656666666666666
500,3i,150.0,16,1.9425,8,114.52,False,7.679999999999993,-0.25439999999999996,0.7634666666666666
505,3i,150.0,17,1.305,9,58.23,False,-52.62,0.4941,0.3882
510,3i,150.0,18,1.7529,13,83.42,False,-27.429999999999993,1.5998999999999999,0.5561333333333334
515,3i,150.0,18,0.8586,17,99.89,False,-10.959999999999994,0.05080000000000007,0.6659333333333334
520,3i,150.0,19,0.7196,17,99.15,False,-15.709999999999994,0.058599999999999985,0.661
525,3i,150.0,19,0.0196,18,99.14,False,-15.709999999999994,-0.7345,0.6609333333333334
530,3i,150.0,20,0.7667,19,103.14,False,-11.379999999999995,-1.1757999999999997,0.6876
535,3i,150.0,20,0.5476,19,103.14,False,44.910000000000004,-0.7574,0.6876
540,3i,150.0,21,0.639,19,103.14,False,19.72,-1.1139,0.6876
545,3i,150.0,19,0.5346,17,107.15,False,7.260000000000005,-0.32400000000000007,0.7143333333333334
550,3i,150.0,17,0.0,17,107.14,False,7.989999999999995,-0.7196,0.7142666666666667
555,3i,150.0,19,2.1488,17,107.14,False,8.0,2.1292,0.7142666666666667
560,3i,150.0,20,2.0762,17,107.14,False,4.0,1.3094999999999999,0.7142666666666667
565,3i,150.0,18,0.1764,17,107.14,False,4.0,-0.3712,0.7142666666666667
570,3i,150.0,18,0.0001,18,111.14,False,8.0,-0.6389,0.7409333333333333
575,3i,150.0,18,0.6554,15,111.14,False,3.989999999999995,0.12080000000000002,0.7409333333333333
580,3i,150.0,17,0.3861,13,123.88,False,16.739999999999995,0.3861,0.8258666666666666
585,3i,150.0,18,1.4533,12,123.85,False,16.709999999999994,-0.6955,0.8256666666666667
590,3i,150.0,18,1.3656,12,123.85,False,16.709999999999994,-0.7106000000000001,0.8256666666666667
595,3i,150.0,19,0.9635,12,123.01,False,15.870000000000005,0.7871,0.8200666666666667
600,3i,150.0,20,1.5955,14,87.93,False,-23.209999999999994,1.5954,0.5862
605,3i,150.0,20,0.6657,18,112.94,False,1.7999999999999972,0.010299999999999976,0.7529333333333333
610,3i,150.0,21,0.5246,19,116.3,False,-7.579999999999998,0.13849999999999996,0.7753333333333333
615,3i,150.0,21,0.0022,20,116.25,False,-7.599999999999994,-1.4511,0.775
620,3i,150.0,22,0.7175,21,123.25,False,-0.5999999999999943,-0.6480999999999999,0.8216666666666667
625,3i,150.0,22,0.5154,21,123.25,False,0.23999999999999488,-0.44810000000000005,0.8216666666666667
630,3i,150.0,23,0.5254,21,123.25,False,35.31999999999999,-1.0701,0.8216666666666667
635,3i,150.0,20,0.0,20,127.25,False,14.310000000000002,-0.6657,0.8483333333333334
640,3i,150.0,20,0.0,20,127.25,False,10.950000000000003,-0.5246,0.8483333333333334
645,3i,150.0,21,0.8604,20,127.25,False,11.0,0.8582000000000001,0.8483333333333334
650,3i,150.0,23,1.4438,20,127.25,False,4.0,0.7263,0.8483333333333334
655,3i,150.0,22,0.4832,21,131.25,False,8.0,-0.03219999999999995,0.875
660,3i,150.0,21,0.0,21,131.25,False,8.0,-0.5254,0.875
665,3i,150.0,21,0.3849,19,131.25,False,4.0,0.3849,0.875
670,3i,150.0,21,0.4044,16,135.27,False,8.02000000000001,0.4044,0.9018
675,3i,150.0,21,0.4281,17,135.25,False,8.0,-0.4323000000000001,0.9016666666666666
680,3i,150.0,22,1.1848,15,135.25,False,8.0,-0.2589999999999999,0.9016666666666666
685,3i,150.0,23,0.7816,15,135.24,False,3.990000000000009,0.29839999999999994,0.9016000000000001
690,3i,150.0,24,1.4269,16,138.52,False,7.27000000000001,1.4269,0.9234666666666668
695,3i,150.0,24,0.8929,19,127.91,False,-3.3400000000000034,0.508,0.8527333333333333
700,3i,150.0,24,0.175,22,123.12,False,-12.150000000000006,-0.2294,0.8208000000000001
705,3i,150.0,25,0.0597,24,126.15,False,-9.099999999999994,-0.36839999999999995,0.8410000000000001
710,3i,150.0,26,0.6103,25,129.83,False,-5.4199999999999875,-0.5745000000000001,0.8655333333333334
715,3i,150.0,26,0.4362,25,129.81,False,-5.430000000000007,-0.3454,0.8654000000000001
720,3i,150.0,26,0.2631,25,129.81,False,-8.710000000000008,-1.1638000000000002,0.8654000000000001
725,3i,150.0,24,0.1854,23,129.81,False,1.9000000000000057,-0.7075,0.8654000000000001
730,3i,150.0,24,0.0023,24,136.82,False,13.699999999999989,-0.1727,0.9121333333333332
735,3i,150.0,24,0.0,24,136.81,False,10.659999999999997,-0.0597,0.9120666666666667
740,3i,150.0,26,1.3064,24,136.81,False,6.97999999999999,0.6961,0.9120666666666667
745,3i,150.0,25,0.5729,24,136.81,False,7.0,0.1367,0.9120666666666667
750,3i,150.0,26,0.1278,25,149.53,True,19.72,-0.1353,0.9968666666666667
755,3i,150.0,25,0.0812,24,149.53,True,19.72,-0.10420000000000001,0.9968666666666667
760,3i,150.0,24,0.5421,20,149.53,True,12.710000000000008,0.5398000000000001,0.9968666666666667
765,3i,150.0,24,0.4884,18,149.53,True,12.719999999999999,0.4884,0.9968666666666667
770,3i,150.0,25,1.2795,16,149.53,True,12.719999999999999,-0.026899999999999924,0.9968666666666667
775,3i,150.0,25,0.84,18,149.53,True,12.719999999999999,0.2671,0.9968666666666667
780,3i,150.0,26,1.4411,17,149.34,True,-0.18999999999999773,1.3133000000000001,0.9956
785,3i,150.0,26,0.9602,18,146.86,True,-2.6699999999999875,0.879,0.9790666666666668
790,3i,150.0,26,0.3237,21,104.74,False,-44.790000000000006,-0.21840000000000004,0.6982666666666666
795,3i,150.0,27,0.1403,25,119.59,False,-29.939999999999998,-0.34809999999999997,0.7972666666666667
800,3i,150.0,29,0.5112,28,149.99,True,0.46000000000000796,-0.7683000000000001,0.9999333333333333
805,3i,150.0,29,0.4821,28,149.54,True,0.009999999999990905,-0.3579,0.9969333333333332
810,3i,150.0,29,0.0136,28,149.53,True,0.18999999999999773,-1.4275,0.9968666666666667
815,3i,150.0,25,0.0,25,149.53,True,2.6699999999999875,-0.9602,0.9968666666666667
820,3i,150.0,25,0.0,25,149.53,True,44.790000000000006,-0.3237,0.9968666666666667
825,3i,150.0,26,1.0355,25,149.53,True,29.939999999999998,0.8952000000000001,0.9968666666666667
830,3i,150.0,27,1.0132,25,149.53,True,-0.46000000000000796,0.5020000000000001,0.9968666666666667
835,3i,150.0,25,0.0,25,149.53,True,-0.009999999999990905,-0.4821,0.9968666666666667
840,3i,150.0,25,0.0,25,149.53,True,0.0,-0.0136,0.9968666666666667
845,3i,150.0,24,0.2523,22,149.53,True,0.0,0.2523,0.9968666666666667
850,3i,150.0,22,0.3828,19,149.53,True,0.0,0.3828,0.9968666666666667
855,3i,150.0,22,0.6625,15,149.53,True,0.0,-0.3730000000000001,0.9968666666666667
860,3i,150.0,23,1.3401,14,149.53,True,0.0,0.32689999999999997,0.9968666666666667
865,3i,150.0,23,1.1102,14,149.53,True,0.0,1.1102,0.9968666666666667
870,3i,150.0,24,1.7245,14,149.34,True,-0.18999999999999773,1.7245,0.9956
875,3i,150.0,24,1.0089,14,70.92,False,-78.61,0.7565999999999999,0.4728
880,3i,150.0,25,0.4388,18,87.35,False,-62.18000000000001,0.05600000000000005,0.5823333333333333
885,3i,150.0,25,0.1909,22,110.92,False,-38.61,-0.4716,0.7394666666666667
890,3i,150.0,27,0.5947,24,128.64,False,-20.890000000000015,-0.7454000000000001,0.8575999999999999
895,3i,150.0,27,0.4236,26,145.3,True,-4.22999999999999,-0.6866000000000001,0.9686666666666668
900,3i,150.0,27,0.0089,27,145.24,True,-4.099999999999994,-1.7156,0.9682666666666667
905,3i,150.0,24,0.0,24,145.23,True,74.30999999999999,-1.0089,0.9682
910,3i,150.0,24,0.0,24,145.23,True,57.879999999999995,-0.4388,0.9682
915,3i,150.0,25,1.0622,24,145.23,True,34.30999999999999,0.8713000000000001,0.9682
920,3i,150.0,26,1.1716,24,145.23,True,16.590000000000003,0.5769,0.9682
925,3i,150.0,25,0.6157,24,145.23,True,-0.0700000000000216,0.19210000000000005,0.9682
930,3i,150.0,25,0.1495,24,145.23,True,-0.010000000000019327,0.1406,0.9682
935,3i,150.0,24,0.069,23,145.23,True,0.0,0.069,0.9682
940,3i,150.0,23,0.5231,20,145.23,True,0.0,0.5231,0.9682
945,3i,150.0,23,0.588,18,145.23,True,0.0,-0.47420000000000007,0.9682
950,3i,150.0,24,1.1727,17,145.23,True,0.0,0.001100000000000101,0.9682
955,3i,150.0,24,1.0525,15,145.23,True,0.0,0.43679999999999997,0.9682
960,3i,150.0,24,0.767,15,144.99,False,-0.23999999999998067,0.6175,0.9666
965,3i,150.0,26,1.075,19,149.38,True,4.150000000000006,1.006,0.9958666666666667
970,3i,150.0,26,0.9203,20,92.89,False,-52.33999999999999,0.3972,0.6192666666666666
975,3i,150.0,27,0.1512,23,114.69,False,-30.539999999999992,-0.43679999999999997,0.7646
980,3i,150.0,29,0.6182,27,141.35,False,-3.8799999999999955,-0.5545000000000001,0.9423333333333332
985,3i,150.0,29,0.386,28,145.21,True,-0.01999999999998181,-0.6665,0.9680666666666667
990,3i,150.0,29,0.1359,28,145.2,True,0.20999999999997954,-0.6311,0.968
995,3i,150.0,26,0.1957,25,145.2,True,-4.180000000000007,-0.8793,0.968
1000,3i,150.0,25,0.0,25,145.2,True,52.30999999999999,-0.9203,0.968
1005,3i,150.0,26,0.9144,25,145.2,True,30.50999999999999,0.7632,0.968
1010,3i,150.0,27,1.2781,25,145.2,True,3.8499999999999943,0.6599,0.968
1015,3i,150.0,26,0.6686,25,145.2,True,-0.010000000000019327,0.28259999999999996,0.968
1020,3i,150.0,26,0.0926,25,145.2,True,0.0,-0.04329999999999999,0.968
1025,3i,150.0,24,0.0442,23,145.2,True,0.0,-0.15150000000000002,0.968
1030,3i,150.0,23,0.4229,19,145.2,True,0.0,0.4229,0.968
1035,3i,150.0,23,0.377,19,145.2,True,0.0,-0.5374,0.968
1040,3i,150.0,24,1.1791,18,145.2,True,0.0,-0.09899999999999998,0.968
1045,3i,150.0,24,0.7344,18,145.2,True,0.0,0.06580000000000008,0.968
1050,3i,150.0,25,1.3013,19,145.01,True,-0.18999999999999773,1.2086999999999999,0.9667333333333332
1055,3i,150.0,25,0.8056,18,93.83,False,-51.36999999999999,0.7614,0.6255333333333333
1060,3i,150.0,26,0.1872,22,121.74,False,-23.459999999999994,-0.2357,0.8116
1065,3i,150.0,27,0.031,26,139.7,False,-5.5,-0.346,0.9313333333333332
1070,3i,150.0,28,0.5673,27,146.41,True,1.210000000000008,-0.6118,0.9760666666666666
1075,3i,150.0,28,0.3698,27,146.4,True,1.200000000000017,-0.36460000000000004,0.9760000000000001
1080,3i,150.0,28,0.0043,28,146.4,True,1.3900000000000148,-1.297,0.9760000000000001
1085,3i,150.0,26,0.1953,24,146.4,True,52.57000000000001,-0.6103,0.9760000000000001
1090,3i,150.0,24,0.0,24,146.4,True,24.66000000000001,-0.1872,0.9760000000000001
1095,3i,150.0,25,1.0687,24,146.4,True,6.700000000000017,1.0377,0.9760000000000001
1100,3i,150.0,26,1.0429,24,146.4,True,-0.009999999999990905,0.4755999999999999,0.9760000000000001
1105,3i,150.0,25,0.6191,24,146.4,True,0.0,0.24929999999999997,0.9760000000000001
1110,3i,150.0,24,0.0,24,146.4,True,0.0,-0.0043,0.9760000000000001
1115,3i,150.0,22,0.0813,21,146.4,True,0.0,-0.114,0.9760000000000001
1120,3i,150.0,20,0.4587,17,146.4,True,0.0,0.4587,0.9760000000000001
1125,3i,150.0,20,0.491,15,146.4,True,0.0,-0.5777,0.9760000000000001
1130,3i,150.0,21,1.3163,15,146.4,True,0.0,0.2734000000000001,0.9760000000000001
1135,3i,150.0,21,1.1964,14,146.4,True,0.0,0.5772999999999999,0.9760000000000001
1140,3i,150.0,22,1.8852,14,145.76,True,-0.6400000000000148,1.8852,0.9717333333333332
1145,3i,150.0,23,0.9714,15,86.62,False,-59.78,0.8901,0.5774666666666667
1150,3i,150.0,24,0.3243,19,117.51,False,-28.89,-0.13440000000000002,0.7834
1155,3i,150.0,25,0.0485,24,142.99,False,-3.4099999999999966,-0.4425,0.9532666666666667
1160,3i,150.0,26,0.7168,25,146.3,True,-0.09999999999999432,-0.5995,0.9753333333333334
1165,3i,150.0,26,0.3903,25,146.2,True,-0.20000000000001705,-0.8060999999999999,0.9746666666666666
1170,3i,150.0,26,0.0046,26,146.19,True,0.4300000000000068,-1.8806,0.9746
1175,3i,150.0,24,0.0952,23,146.19,True,59.56999999999999,-0.8762000000000001,0.9746
1180,3i,150.0,23,0.0,23,146.19,True,28.679999999999993,-0.3243,0.9746
1185,3i,150.0,24,1.0829,23,146.19,True,3.1999999999999886,1.0344,0.9746
1190,3i,150.0,25,1.2405,23,146.19,True,-0.11000000000001364,0.5236999999999999,0.9746
1195,3i,150.0,24,0.6506,23,146.19,True,-0.009999999999990905,0.2603,0.9746
1200,3i,150.0,23,0.0,23,146.19,True,0.0,-0.0046,0.9746
1205,3i,150.0,22,0.2222,21,146.19,True,0.0,0.127,0.9746
1210,3i,150.0,20,0.91,16,146.19,True,0.0,0.91,0.9746
1215,3i,150.0,20,0.7277,16,146.19,True,0.0,-0.35519999999999996,0.9746
1220,3i,150.0,21,1.4272,13,146.19,True,0.0,0.1867000000000001,0.9746
1225,3i,150.0,21,1.4808,12,146.18,True,-0.009999999999990905,0.8301999999999999,0.9745333333333334
1230,3i,150.0,22,0.9417,11,149.44,True,3.25,0.9417,0.9962666666666666
1235,3i,150.0,23,1.4119,14,82.73,False,-63.459999999999994,1.1897,0.5515333333333333
1240,3i,150.0,24,0.9899,18,108.25,False,-37.94,0.07989999999999997,0.7216666666666667
1245,3i,150.0,25,0.2162,22,127.7,False,-18.489999999999995,-0.5115000000000001,0.8513333333333334
1250,3i,150.0,26,0.7231,25,146.56,True,0.37000000000000455,-0.7041000000000001,0.9770666666666666
1255,3i,150.0,26,0.5582,25,146.21,True,0.030000000000001137,-0.9225999999999999,0.9747333333333333
1260,3i,150.0,26,0.044,25,146.19,True,-3.25,-0.8976999999999999,0.9746
1265,3i,150.0,23,0.0,23,146.19,True,63.459999999999994,-1.4119,0.9746
1270,3i,150.0,23,0.0,23,146.19,True,37.94,-0.9899,0.9746
1275,3i,150.0,24,1.0797,23,146.19,True,18.489999999999995,0.8635000000000002,0.9746
1280,3i,150.0,25,1.1937,23,146.19,True,-0.37000000000000455,0.4706,0.9746
1285,3i,150.0,24,0.766,23,146.19,True,-0.020000000000010232,0.20779999999999998,0.9746
1290,3i,150.0,23,0.0,23,146.19,True,0.0,-0.044,0.9746
1295,3i,150.0,21,0.107,20,146.19,True,0.0,0.107,0.9746
1300,3i,150.0,19,0.5683,16,146.19,True,0.0,0.5683,0.9746
1305,3i,150.0,19,0.5501,15,146.19,True,0.0,-0.5296000000000001,0.9746
1310,3i,150.0,20,1.54,14,146.19,True,0.0,0.34630000000000005,0.9746
1315,3i,150.0,20,1.3163,12,146.19,True,0.0,0.5503,0.9746
1320,3i,150.0,22,1.7428,13,149.56,True,3.3700000000000045,1.7428,0.9970666666666667
1325,3i,150.0,23,0.9811,15,98.69,False,-47.5,0.8741,0.6579333333333334
1330,3i,150.0,23,0.1876,21,131.57,False,-14.620000000000005,-0.38070000000000004,0.8771333333333333
1335,3i,150.0,24,0.0547,24,145.92,True,-0.27000000000001023,-0.49540000000000006,0.9727999999999999
1340,3i,150.0,25,0.6027,24,145.24,True,-0.9499999999999886,-0.9373,0.9682666666666667
1345,3i,150.0,25,0.5974,24,145.19,True,-1.0,-0.7189,0.9679333333333333
1350,3i,150.0,25,0.0527,24,145.19,True,-4.3700000000000045,-1.6901,0.9679333333333333
1355,3i,150.0,22,0.0,22,145.19,True,46.5,-0.9811,0.9679333333333333
1360,3i,150.0,22,0.0,22,145.19,True,13.620000000000005,-0.1876,0.9679333333333333
1365,3i,150.0,22,0.0,22,145.19,True,-0.7299999999999898,-0.0547,0.9679333333333333
1370,3i,150.0,24,1.346,22,145.19,True,-0.05000000000001137,0.7433000000000001,0.9679333333333333
1375,3i,150.0,24,1.2358,22,145.19,True,0.0,0.6384,0.9679333333333333
1380,3i,150.0,23,0.2477,22,145.19,True,0.0,0.195,0.9679333333333333
1385,3i,150.0,21,0.0702,20,145.19,True,0.0,0.0702,0.9679333333333333
1390,3i,150.0,20,0.7101,16,145.19,True,0.0,0.7101,0.9679333333333333
1395,3i,150.0,20,0.8365,13,145.19,True,0.0,0.8365,0.9679333333333333
1400,3i,150.0,21,1.4978,13,145.19,True,0.0,0.15179999999999993,0.9679333333333333
1405,3i,150.0,21,1.474,11,145.1,True,-0.09000000000000341,0.23819999999999997,0.9673333333333333
1410,3i,150.0,22,1.8428,12,74.92,False,-70.27,1.5951,0.49946666666666667
1415,3i,150.0,23,1.0922,16,86.92,False,-58.269999999999996,1.022,0.5794666666666667
1420,3i,150.0,25,0.3582,21,114.92,False,-30.269999999999996,-0.35189999999999994,0.7661333333333333
1425,3i,150.0,26,0.0986,25,140.11,False,-5.079999999999984,-0.7379,0.9340666666666667
1430,3i,150.0,27,0.6109,26,146.61,True,1.420000000000016,-0.8869,0.9774
1435,3i,150.0,27,0.5551,26,146.48,True,1.3799999999999955,-0.9188999999999999,0.9765333333333333
1440,3i,150.0,27,0.1001,26,146.48,True,71.55999999999999,-1.7427,0.9765333333333333
1445,3i,150.0,24,0.1667,23,146.48,True,59.55999999999999,-0.9255000000000001,0.9765333333333333
1450,3i,150.0,23,0.0,23,146.48,True,31.559999999999988,-0.3582,0.9765333333333333
1455,3i,150.0,23,0.0,23,146.48,True,6.369999999999976,-0.0986,0.9765333333333333
1460,3i,150.0,25,1.2522,23,146.48,True,-0.13000000000002387,0.6413,0.9765333333333333
1465,3i,150.0,25,1.1633,23,146.48,True,0.0,0.6082,0.9765333333333333
1470,3i,150.0,24,0.2585,23,146.48,True,0.0,0.1584,0.9765333333333333
1475,3i,150.0,23,0.0555,23,146.48,True,0.0,-0.1112,0.9765333333333333
1480,3i,150.0,23,0.4157,19,146.48,True,0.0,0.4157,0.9765333333333333
1485,3i,150.0,23,0.4167,16,146.48,True,0.0,0.4167,0.9765333333333333
1490,3i,150.0,24,1.1247,17,146.48,True,0.0,-0.12749999999999995,0.9765333333333333
1495,3i,150.0,24,1.0076,19,146.48,True,0.0,-0.15569999999999995,0.9765333333333333
1500,3i,150.0,25,1.4649,18,145.27,True,-1.2099999999999795,1.2064000000000001,0.9684666666666667
1505,3i,150.0,25,0.798,19,101.08,False,-45.39999999999999,0.7425,0.6738666666666666
1510,3i,150.0,26,0.19,22,121.84,False,-24.639999999999986,-0.2257,0.8122666666666667
1515,3i,150.0,26,0.0209,26,145.52,True,-0.9599999999999795,-0.39580000000000004,0.9701333333333334
1520,3i,150.0,28,0.6422,27,149.19,True,2.710000000000008,-0.48250000000000004,0.9946
1525,3i,150.0,28,0.5161,27,149.16,True,2.680000000000007,-0.49150000000000005,0.9944
1530,3i,150.0,28,0.1698,27,149.16,True,3.8899999999999864,-1.2951000000000001,0.9944
1535,3i,150.0,25,0.1243,24,149.16,True,48.08,-0.6737000000000001,0.9944
1540,3i,150.0,24,0.0,24,149.16,True,27.319999999999993,-0.19,0.9944
1545,3i,150.0,25,0.9882,24,149.15,True,3.6299999999999955,0.9672999999999999,0.9943333333333334
1550,3i,150.0,26,1.3862,24,149.15,True,-0.03999999999999204,0.7440000000000001,0.9943333333333334
1555,3i,150.0,25,0.6103,24,149.15,True,-0.009999999999990905,0.09419999999999995,0.9943333333333334
1560,3i,150.0,25,0.1383,24,149.15,True,-0.009999999999990905,-0.0315,0.9943333333333334
1565,3i,150.0,23,0.0597,22,149.15,True,-0.009999999999990905,-0.06459999999999999,0.9943333333333334
1570,3i,150.0,22,0.6107,18,149.15,True,-0.009999999999990905,0.6107,0.9943333333333334
1575,3i,150.0,22,0.5801,16,149.15,True,0.0,-0.4081,0.9943333333333334
1580,3i,150.0,23,1.2766,16,149.15,True,0.0,-0.10960000000000014,0.9943333333333334
1585,3i,150.0,23,1.403,15,149.15,True,0.0,0.7927000000000001,0.9943333333333334
1590,3i,150.0,24,1.7592,13,148.37,True,-0.7800000000000011,1.6209,0.9891333333333333
1595,3i,150.0,24,0.9889,17,87.08,False,-62.07000000000001,0.9292,0.5805333333333333
1600,3i,150.0,25,0.2147,20,105.08,False,-44.07000000000001,-0.396,0.7005333333333333
1605,3i,150.0,27,0.0927,25,136.17,False,-12.980000000000018,-0.48739999999999994,0.9077999999999999
1610,3i,150.0,28,0.6471,27,146.73,True,-2.420000000000016,-0.6295,0.9782
1615,3i,150.0,28,0.4976,27,146.45,True,-2.700000000000017,-0.9054,0.9763333333333333
1620,3i,150.0,28,0.0275,27,146.45,True,-1.920000000000016,-1.7317,0.9763333333333333
1625,3i,150.0,25,0.194,24,146.45,True,59.36999999999999,-0.7948999999999999,0.9763333333333333
1630,3i,150.0,24,0.0,24,146.44,True,41.36,-0.2147,0.9762666666666666
1635,3i,150.0,24,0.0,24,146.44,True,10.27000000000001,-0.0927,0.9762666666666666
1640,3i,150.0,26,1.3264,24,146.44,True,-0.28999999999999204,0.6793,0.9762666666666666
1645,3i,150.0,26,1.1866,24,146.44,True,-0.009999999999990905,0.6890000000000001,0.9762666666666666
1650,3i,150.0,26,0.3229,24,146.44,True,-0.009999999999990905,0.2954,0.9762666666666666
1655,3i,150.0,25,0.2352,23,146.44,True,-0.009999999999990905,0.04119999999999999,0.9762666666666666
1660,3i,150.0,23,0.5968,19,146.44,True,0.0,0.5968,0.9762666666666666
1665,3i,150.0,23,0.5137,19,146.44,True,0.0,0.5137,0.9762666666666666
1670,3i,150.0,24,1.0662,17,146.44,True,0.0,-0.2602,0.9762666666666666
1675,3i,150.0,24,1.2562,17,146.44,True,0.0,0.06959999999999988,0.9762666666666666
1680,3i,150.0,24,0.7302,16,145.61,True,-0.8299999999999841,0.40729999999999994,0.9707333333333334
1685,3i,150.0,26,1.106,19,94.18,False,-52.25999999999999,0.8708000000000001,0.6278666666666667
1690,3i,150.0,28,0.6542,22,117.8,False,-28.64,0.05740000000000001,0.7853333333333333
1695,3i,150.0,28,0.1972,27,141.73,False,-4.710000000000008,-0.31650000000000006,0.9448666666666666
1700,3i,150.0,30,0.5299,29,147.69,True,1.25,-0.5363,0.9846
1705,3i,150.0,30,0.5498,29,147.45,True,1.009999999999991,-0.7064,0.9829999999999999
1710,3i,150.0,30,0.1934,29,147.45,True,1.839999999999975,-0.5367999999999999,0.9829999999999999
1715,3i,150.0,26,0.6674,25,147.45,True,53.26999999999998,-0.4386000000000001,0.9829999999999999
1720,3i,150.0,26,0.6526,25,147.45,True,29.64999999999999,-0.0016000000000000458,0.9829999999999999
1725,3i,150.0,27,0.9815,25,147.45,True,5.719999999999999,0.7843,0.9829999999999999
1730,3i,150.0,28,1.18,26,147.45,True,-0.2400000000000091,0.6500999999999999,0.9829999999999999
1735,3i,150.0,27,0.5694,26,147.45,True,0.0,0.019600000000000062,0.9829999999999999
1740,3i,150.0,27,0.0891,26,147.45,True,0.0,-0.10429999999999999,0.9829999999999999
1745,3i,150.0,26,0.2929,22,147.45,True,0.0,-0.3745,0.9829999999999999
1750,3i,150.0,24,0.4554,19,147.45,True,0.0,-0.19719999999999993,0.9829999999999999
1755,3i,150.0,24,0.4037,20,147.45,True,0.0,-0.5778000000000001,0.9829999999999999
1760,3i,150.0,25,1.0834,19,147.45,True,0.0,-0.09660000000000002,0.9829999999999999
1765,3i,150.0,25,0.9852,17,147.45,True,0.0,0.41579999999999995,0.9829999999999999
1770,3i,150.0,26,1.524,19,147.32,True,-0.12999999999999545,1.4349,0.9821333333333333
1775,3i,150.0,26,0.752,20,144.21,False,-3.2399999999999807,0.4591,0.9614
1780,3i,150.0,26,0.1382,23,123.2,False,-24.249999999999986,-0.31720000000000004,0.8213333333333334
1785,3i,150.0,27,0.0372,27,148.01,True,0.5600000000000023,-0.3665,0.9867333333333332
1790,3i,150.0,28,0.4999,27,147.51,True,0.060000000000002274,-0.5834999999999999,0.9833999999999999
1795,3i,150.0,28,0.6238,27,147.49,True,0.040000000000020464,-0.36139999999999994,0.9832666666666667
1800,3i,150.0,28,0.226,27,147.48,True,0.1599999999999966,-1.298,0.9832
1805,3i,150.0,24,0.0,24,147.48,True,3.269999999999982,-0.752,0.9832
1810,3i,150.0,24,0.0,24,147.48,True,24.279999999999987,-0.1382,0.9832
1815,3i,150.0,25,0.9369,24,147.48,True,-0.5300000000000011,0.8996999999999999,0.9832
1820,3i,150.0,26,1.3417,24,147.48,True,-0.030000000000001137,0.8417999999999999,0.9832
1825,3i,150.0,25,0.5787,24,147.48,True,-0.010000000000019327,-0.04510000000000003,0.9832
1830,3i,150.0,25,0.2725,24,147.48,True,0.0,0.046500000000000014,0.9832
1835,3i,150.0,24,0.2505,22,147.48,True,0.0,0.2505,0.9832
1840,3i,150.0,22,0.435,19,147.48,True,0.0,0.435,0.9832
1845,3i,150.0,22,0.5289,16,147.48,True,0.0,-0.4079999999999999,0.9832
1850,3i,150.0,23,1.1802,16,147.48,True,0.0,-0.16149999999999998,0.9832
1855,3i,150.0,23,1.086,16,147.48,True,0.0,0.5073000000000001,0.9832
1860,3i,150.0,24,1.7067,16,146.72,True,-0.7599999999999909,1.4342000000000001,0.9781333333333333
1865,3i,150.0,25,0.9787,18,104.1,False,-43.379999999999995,0.7282,0.694
1870,3i,150.0,26,0.3033,23,142.8,False,-4.679999999999978,-0.13169999999999998,0.9520000000000001
1875,3i,150.0,27,0.0587,27,148.49,True,1.0100000000000193,-0.47020000000000006,0.9899333333333334
1880,3i,150.0,28,0.5635,27,147.58,True,0.10000000000002274,-0.6166999999999999,0.9838666666666668
1885,3i,150.0,28,0.4912,27,147.49,True,0.010000000000019327,-0.5948,0.9832666666666667
1890,3i,150.0,28,0.018,27,147.48,True,0.7599999999999909,-1.6887,0.9832
1895,3i,150.0,25,0.1669,24,147.48,True,43.379999999999995,-0.8118000000000001,0.9832
1900,3i,150.0,24,0.0,24,147.48,True,4.679999999999978,-0.3033,0.9832
1905,3i,150.0,25,1.1072,24,147.48,True,-1.0100000000000193,1.0485,0.9832
1910,3i,150.0,26,1.1302,24,147.48,True,-0.10000000000002274,0.5667000000000001,0.9832
1915,3i,150.0,25,0.5596,24,147.48,True,-0.010000000000019327,0.06839999999999996,0.9832
1920,3i,150.0,25,0.2708,24,147.48,True,0.0,0.25279999999999997,0.9832
1925,3i,150.0,24,0.1283,23,147.48,True,0.0,-0.038599999999999995,0.9832
1930,3i,150.0,23,0.6085,19,147.48,True,0.0,0.6085,0.9832
1935,3i,150.0,23,0.5389,17,147.48,True,0.0,-0.5682999999999999,0.9832
1940,3i,150.0,24,1.1342,18,147.48,True,0.0,0.0040000000000000036,0.9832
1945,3i,150.0,24,1.2192,17,147.48,True,0.0,0.6596000000000001,0.9832
1950,3i,150.0,25,1.7374,16,147.05,True,-0.4299999999999784,1.4666000000000001,0.9803333333333334
1955,3i,150.0,26,1.0019,19,95.4,False,-52.079999999999984,0.8736,0.636
1960,3i,150.0,27,0.3505,22,123.3,False,-24.179999999999993,-0.25800000000000006,0.822
1965,3i,150.0,28,0.0512,27,139.65,False,-7.829999999999984,-0.4877,0.931
1970,3i,150.0,29,0.0166,29,147.13,True,-0.3499999999999943,-1.1176000000000001,0.9808666666666667
1975,3i,150.0,30,0.6338,29,146.81,True,-0.6699999999999875,-0.5854,0.9787333333333333
1980,3i,150.0,30,0.215,29,146.78,True,-0.27000000000001023,-1.5224,0.9785333333333334
1985,3i,150.0,27,0.7102,26,146.78,True,51.379999999999995,-0.29169999999999996,0.9785333333333334
1990,3i,150.0,28,1.2979,26,146.78,True,23.480000000000004,0.9474,0.9785333333333334
1995,3i,150.0,30,1.9585,26,146.78,True,7.1299999999999955,1.9073,0.9785333333333334
2000,3i,150.0,30,0.9929,27,146.78,True,-0.3499999999999943,0.9763000000000001,0.9785333333333334
2005,3i,150.0,30,0.6041,28,146.78,True,-0.030000000000001137,-0.02970000000000006,0.9785333333333334
2010,3i,150.0,30,0.1803,29,146.78,True,0.0,-0.03470000000000001,0.9785333333333334
2015,3i,150.0,29,0.1284,26,146.78,True,0.0,-0.5818000000000001,0.9785333333333334
2020,3i,150.0,27,0.3132,22,146.78,True,0.0,-0.9847000000000001,0.9785333333333334
2025,3i,150.0,27,0.2013,25,146.78,True,0.0,-1.7571999999999999,0.9785333333333334
2030,3i,150.0,28,0.8911,24,146.78,True,0.0,-0.1018,0.9785333333333334
2035,3i,150.0,28,0.7151,25,146.78,True,0.0,0.11099999999999999,0.9785333333333334
2040,3i,150.0,29,1.048,27,146.74,True,-0.03999999999999204,0.8677,0.9782666666666667
2045,3i,150.0,30,0.6011,28,149.62,True,2.8400000000000034,0.4727,0.9974666666666667
2050,3i,150.0,30,0.1389,29,146.92,True,0.13999999999998636,-0.17429999999999998,0.9794666666666666
2055,3i,150.0,30,0.0128,30,144.22,False,-2.5600000000000023,-0.1885,0.9614666666666667
2060,3i,150.0,30,0.0014,30,143.8,False,-2.9799999999999898,-0.8897,0.9586666666666668
2065,3i,150.0,31,0.3672,30,143.78,False,-3.0,-0.34789999999999993,0.9585333333333333
2070,3i,150.0,31,0.222,30,143.78,False,-2.960000000000008,-0.8260000000000001,0.9585333333333333
2075,3i,150.0,30,0.0794,29,143.78,False,-5.840000000000003,-0.5216999999999999,0.9585333333333333
2080,3i,150.0,30,0.0,30,143.78,False,-3.1399999999999864,-0.1389,0.9585333333333333
2085,3i,150.0,31,0.7139,30,143.78,False,-0.4399999999999977,0.7011,0.9585333333333333
2090,3i,150.0,31,0.4624,30,143.78,False,-0.020000000000010232,0.46099999999999997,0.9585333333333333
2095,3i,150.0,31,0.3299,30,143.78,False,0.0,-0.0373,0.9585333333333333
2100,3i,150.0,31,0.1851,30,143.78,False,0.0,-0.036900000000000016,0.9585333333333333
2105,3i,150.0,29,0.11,27,143.78,False,0.0,0.030600000000000002,0.9585333333333333
2110,3i,150.0,28,0.521,21,143.78,False,0.0,0.521,0.9585333333333333
2115,3i,150.0,28,0.3558,23,143.78,False,0.0,-0.3581,0.9585333333333333
2120,3i,150.0,28,0.2909,23,143.78,False,0.0,-0.17149999999999999,0.9585333333333333
2125,3i,150.0,29,0.755,23,143.78,False,0.0,0.4251,0.9585333333333333
2130,3i,150.0,30,1.0134,24,143.76,False,-0.020000000000010232,0.8283,0.9583999999999999
2135,3i,150.0,30,0.7514,23,121.44,False,-22.340000000000003,0.6414,0.8096
2140,3i,150.0,31,0.1844,27,145.6,True,1.8199999999999932,-0.3366,0.9706666666666667
2145,3i,150.0,31,0.0522,30,133.39,False,-10.390000000000015,-0.3036,0.8892666666666665
2150,3i,150.0,32,0.4772,31,139.81,False,-3.969999999999999,0.18630000000000002,0.9320666666666667
2155,3i,150.0,32,0.3624,31,139.78,False,-4.0,-0.3926,0.9318666666666666
2160,3i,150.0,32,0.0004,31,139.78,False,-3.9799999999999898,-1.0130000000000001,0.9318666666666666
2165,3i,150.0,29,0.1321,27,139.78,False,18.340000000000003,-0.6193,0.9318666666666666
2170,3i,150.0,28,0.4057,25,139.78,False,-5.819999999999993,0.2213,0.9318666666666666
2175,3i,150.0,26,0.3151,25,139.78,False,6.390000000000015,0.26289999999999997,0.9318666666666666
2180,3i,150.0,27,1.4351,25,139.78,False,-0.030000000000001137,0.9579,0.9318666666666666
2185,3i,150.0,26,0.618,25,139.78,False,0.0,0.2556,0.9318666666666666
2190,3i,150.0,26,0.2001,25,139.78,False,0.0,0.1997,0.9318666666666666
2195,3i,150.0,24,0.0856,23,139.78,False,0.0,-0.0465,0.9318666666666666
2200,3i,150.0,23,0.5065,19,139.78,False,0.0,0.10079999999999995,0.9318666666666666
2205,3i,150.0,23,0.6029,17,139.78,False,0.0,0.2878,0.9318666666666666
2210,3i,150.0,24,1.1721,16,139.78,False,0.0,-0.2630000000000001,0.9318666666666666
2215,3i,150.0,24,1.2518,16,139.78,False,0.0,0.6338,0.9318666666666666
2220,3i,150.0,24,0.755,16,139.36,False,-0.4199999999999875,0.5549,0.9290666666666667
2225,3i,150.0,25,1.0869,17,90.93,False,-48.849999999999994,1.0013,0.6062000000000001
2230,3i,150.0,26,0.8538,21,106.99,False,-32.790000000000006,0.34730000000000005,0.7132666666666666
2235,3i,150.0,27,0.1558,24,121.98,False,-17.799999999999997,-0.4471,0.8132
2240,3i,150.0,28,0.7007,27,141.52,False,1.740000000000009,-0.47139999999999993,0.9434666666666668
2245,3i,150.0,28,0.5433,27,141.49,False,1.710000000000008,-0.7085,0.9432666666666667
2250,3i,150.0,28,0.1512,27,141.49,False,2.1299999999999955,-0.6038,0.9432666666666667
2255,3i,150.0,24,0.0,24,141.49,False,50.56,-1.0869,0.9432666666666667
2260,3i,150.0,27,1.8638,24,141.49,False,34.500000000000014,1.0099999999999998,0.9432666666666667
2265,3i,150.0,30,2.6626,24,141.49,False,19.510000000000005,2.5067999999999997,0.9432666666666667
2270,3i,150.0,31,1.1584,26,141.49,False,-0.030000000000001137,0.4577000000000001,0.9432666666666667
2275,3i,150.0,32,0.7772,30,141.49,False,0.0,0.2339,0.9432666666666667
2280,3i,150.0,31,0.0606,30,141.48,False,-0.010000000000019327,-0.0906,0.9431999999999999
2285,3i,150.0,29,0.0271,29,141.48,False,-0.010000000000019327,0.0271,0.9431999999999999
2290,3i,150.0,28,0.288,24,141.48,False,-0.010000000000019327,-1.5757999999999999,0.9431999999999999
2295,3i,150.0,28,0.2016,25,141.48,False,-0.010000000000019327,-2.461,0.9431999999999999
2300,3i,150.0,29,0.5503,28,141.48,False,-0.010000000000019327,-0.6081000000000001,0.9431999999999999
2305,3i,150.0,29,0.6069,28,141.48,False,-0.010000000000019327,-0.1703,0.9431999999999999
2310,3i,150.0,29,0.1725,28,141.48,False,0.0,0.11189999999999999,0.9431999999999999
2315,3i,150.0,30,0.6233,29,141.29,False,-0.18999999999999773,0.5962,0.9419333333333333
2320,3i,150.0,30,0.5428,29,139.45,False,-2.030000000000001,0.25479999999999997,0.9296666666666666
2325,3i,150.0,30,0.0302,29,138.61,False,-2.869999999999976,-0.1714,0.9240666666666667
2330,3i,150.0,30,0.0005,30,138.49,False,-2.9899999999999807,-0.5498000000000001,0.9232666666666667
2335,3i,150.0,31,0.4922,30,138.49,False,-2.9899999999999807,-0.11469999999999997,0.9232666666666667
2340,3i,150.0,31,0.0609,30,138.48,False,-3.0,-0.11159999999999998,0.9231999999999999
2345,3i,150.0,30,0.0,30,138.48,False,-2.8100000000000023,-0.6233,0.9231999999999999
2350,3i,150.0,30,0.0,30,138.48,False,-0.9699999999999989,-0.5428,0.9231999999999999
2355,3i,150.0,31,0.7708,30,138.48,False,-0.13000000000002387,0.7406,0.9231999999999999
2360,3i,150.0,32,0.9898,30,138.48,False,-0.010000000000019327,0.9893000000000001,0.9231999999999999
2365,3i,150.0,31,0.39,30,138.48,False,-0.010000000000019327,-0.10220000000000001,0.9231999999999999
2370,3i,150.0,31,0.0217,30,138.48,False,0.0,-0.0392,0.9231999999999999
2375,3i,150.0,30,0.1564,28,138.48,False,0.0,0.1564,0.9231999999999999
2380,3i,150.0,28,0.6497,22,138.48,False,0.0,0.6497,0.9231999999999999
2385,3i,150.0,28,0.6627,22,138.48,False,0.0,-0.10810000000000008,0.9231999999999999
2390,3i,150.0,29,0.8128,23,138.48,False,0.0,-0.17700000000000005,0.9231999999999999
2395,3i,150.0,29,0.7372,26,138.48,False,0.0,0.34719999999999995,0.9231999999999999
2400,3i,150.0,30,1.1349,28,138.21,False,-0.2699999999999818,1.1132,0.9214000000000001
2405,3i,150.0,30,0.7517,28,136.43,False,-2.049999999999983,0.5953,0.9095333333333334
2410,3i,150.0,31,0.2004,28,148.79,True,10.310000000000002,-0.44930000000000003,0.9919333333333333
2415,3i,150.0,31,0.0543,31,144.96,False,6.480000000000018,-0.6083999999999999,0.9664
2420,3i,150.0,32,0.6003,31,143.88,False,5.400000000000006,-0.21250000000000002,0.9591999999999999
2425,3i,150.0,32,0.4401,31,143.82,False,5.340000000000003,-0.2971,0.9588
2430,3i,150.0,32,0.0478,31,143.82,False,5.609999999999985,-1.0871,0.9588
2435,3i,150.0,29,0.3285,27,143.82,False,7.389999999999986,-0.4232,0.9588
2440,3i,150.0,26,0.3183,25,143.82,False,-4.969999999999999,0.11790000000000003,0.9588
2445,3i,150.0,26,1.0351,25,143.82,False,-1.1400000000000148,0.9807999999999999,0.9588
2450,3i,150.0,26,0.5415,25,143.82,False,-0.060000000000002274,-0.05879999999999996,0.9588
2455,3i,150.0,26,0.6349,25,143.82,False,0.0,0.19480000000000003,0.9588
2460,3i,150.0,26,0.2353,25,143.82,False,0.0,0.1875,0.9588
2465,3i,150.0,24,0.0617,23,143.82,False,0.0,-0.26680000000000004,0.9588
2470,3i,150.0,23,0.3806,19,143.82,False,0.0,0.062299999999999967,0.9588
2475,3i,150.0,23,0.3515,18,143.82,False,0.0,-0.6836,0.9588
2480,3i,150.0,24,1.1093,18,143.82,False,0.0,0.5678,0.9588
2485,3i,150.0,24,1.0738,16,143.82,False,0.0,0.43890000000000007,0.9588
2490,3i,150.0,25,1.4183,18,143.61,False,-0.20999999999997954,1.1829999999999998,0.9574000000000001
2495,3i,150.0,25,0.794,19,87.65,False,-56.16999999999999,0.7323000000000001,0.5843333333333334
2500,3i,150.0,26,0.1138,24,134.24,False,-9.579999999999984,-0.2668,0.8949333333333334
2505,3i,150.0,27,0.0412,27,149.66,True,5.840000000000003,-0.31029999999999996,0.9977333333333334
2510,3i,150.0,27,0.0016,27,148.56,True,4.740000000000009,-1.1077,0.9904000000000001
2515,3i,150.0,28,0.5448,27,148.53,True,4.710000000000008,-0.5290000000000001,0.9902
2520,3i,150.0,28,0.1767,27,148.53,True,4.9199999999999875,-1.2415999999999998,0.9902
2525,3i,150.0,26,0.379,24,148.53,True,60.879999999999995,-0.41500000000000004,0.9902
2530,3i,150.0,24,0.0,24,148.53,True,14.289999999999992,-0.1138,0.9902
2535,3i,150.0,25,0.9784,24,148.53,True,-1.1299999999999955,0.9372,0.9902
2540,3i,150.0,26,1.3407,24,148.53,True,-0.030000000000001137,1.3391,0.9902
2545,3i,150.0,25,0.6433,24,148.53,True,0.0,0.09850000000000003,0.9902
2550,3i,150.0,25,0.2052,24,148.53,True,0.0,0.028499999999999998,0.9902
2555,3i,150.0,24,0.2372,22,148.53,True,0.0,-0.1418,0.9902
2560,3i,150.0,22,0.6071,19,148.53,True,0.0,0.6071,0.9902
2565,3i,150.0,22,0.5331,17,148.53,True,0.0,-0.44530000000000003,0.9902
2570,3i,150.0,23,1.2739,16,148.53,True,0.0,-0.06679999999999997,0.9902
2575,3i,150.0,23,1.3214,16,148.53,True,0.0,0.6780999999999999,0.9902
2580,3i,150.0,24,1.6812,16,148.0,True,-0.5300000000000011,1.476,0.9866666666666667
2585,3i,150.0,24,1.027,17,73.37,False,-75.16,0.7898,0.48913333333333336
2590,3i,150.0,26,1.0726,20,100.19,False,-48.34,0.4655,0.6679333333333333
2595,3i,150.0,31,1.9554,24,130.71,False,-17.819999999999993,1.4223,0.8714000000000001
2600,3i,150.0,31,0.7912,27,145.71,True,-2.819999999999993,-0.4827,0.9714
2605,3i,150.0,33,0.8774,29,145.53,True,-3.0,-0.44399999999999995,0.9702000000000001
2610,3i,150.0,36,1.3826,31,145.53,True,-2.469999999999999,-0.2986,0.9702000000000001
2615,3i,150.0,35,1.3708,28,145.53,True,72.16,0.3438000000000001,0.9702000000000001
2620,3i,150.0,35,0.4052,30,145.53,True,45.34,-0.6674,0.9702000000000001
2625,3i,150.0,36,0.6184,33,145.53,True,14.819999999999993,-1.3370000000000002,0.9702000000000001
2630,3i,150.0,37,0.9583,35,145.53,True,-0.18000000000000682,0.16710000000000003,0.9702000000000001
2635,3i,150.0,36,0.1624,35,145.53,True,0.0,-0.715,0.9702000000000001
2640,3i,150.0,36,0.0012,36,145.53,True,0.0,-1.3814,0.9702000000000001
2645,3i,150.0,35,0.1228,34,145.53,True,0.0,-1.248,0.9702000000000001
2650,3i,150.0,33,0.112,31,145.53,True,0.0,-0.2932,0.9702000000000001
2655,3i,150.0,33,0.0279,33,145.53,True,0.0,-0.5904999999999999,0.9702000000000001
2660,3i,150.0,34,0.6225,31,145.53,True,0.0,-0.3358,0.9702000000000001
2665,3i,150.0,34,0.2389,33,145.53,True,0.0,0.07650000000000001,0.9702000000000001
2670,3i,150.0,34,0.2636,29,145.53,True,0.0,0.2624,0.9702000000000001
2675,3i,150.0,35,0.4965,32,145.53,True,0.0,0.3737,0.9702000000000001
2680,3i,150.0,35,0.5906,33,145.53,True,0.0,0.4786,0.9702000000000001
2685,3i,150.0,35,0.1143,32,145.53,True,0.0,0.0864,0.9702000000000001
2690,3i,150.0,36,0.6125,34,145.53,True,0.0,-0.010000000000000009,0.9702000000000001
2695,3i,150.0,36,0.5196,30,145.01,True,-0.5200000000000102,0.28069999999999995,0.9667333333333332
2700,3i,150.0,36,0.1169,33,144.61,False,-0.9199999999999875,-0.1467,0.9640666666666667
2705,3i,150.0,35,0.0671,33,133.94,False,-11.590000000000003,-0.4294,0.8929333333333334
2710,3i,150.0,36,0.0104,36,148.85,True,3.319999999999993,-0.5802,0.9923333333333333
2715,3i,150.0,37,0.4886,36,148.53,True,3.0,0.37429999999999997,0.9902
2720,3i,150.0,38,0.9133,36,148.53,True,3.0,0.30079999999999996,0.9902
2725,3i,150.0,37,0.1633,36,148.53,True,3.5200000000000102,-0.35629999999999995,0.9902
2730,3i,150.0,37,0.0001,37,148.53,True,3.9199999999999875,-0.1168,0.9902
2735,3i,150.0,35,0.0298,34,148.53,True,14.590000000000003,-0.03730000000000001,0.9902
2740,3i,150.0,34,0.1674,29,148.53,True,-0.3199999999999932,0.157,0.9902
2745,3i,150.0,34,0.0022,34,148.53,True,0.0,-0.4864,0.9902
2750,3i,150.0,34,0.211,30,148.53,True,0.0,-0.7023,0.9902
2755,3i,150.0,35,0.2843,32,148.53,True,0.0,0.121,0.9902
2760,3i,150.0,36,0.6427,33,148.53,True,0.0,0.6426000000000001,0.9902
2765,3i,150.0,36,0.5514,32,148.53,True,0.0,0.5216,0.9902
2770,3i,150.0,36,0.2911,34,147.65,True,-0.8799999999999955,0.12370000000000003,0.9843333333333334
2775,3i,150.0,36,0.0611,36,146.74,True,-1.789999999999992,0.0589,0.9782666666666667
2780,3i,150.0,37,0.4674,36,145.63,True,-2.9000000000000057,0.25639999999999996,0.9708666666666667
2785,3i,150.0,37,0.1509,36,143.8,False,-4.72999999999999,-0.1334,0.9586666666666668
2790,3i,150.0,37,0.0028,37,143.63,False,-4.900000000000006,-0.6399,0.9575333333333333
2795,3i,150.0,36,0.0001,36,143.62,False,-4.909999999999997,-0.5513,0.9574666666666667
2800,3i,150.0,36,0.0,36,143.62,False,-4.030000000000001,-0.2911,0.9574666666666667
2805,3i,150.0,37,0.5365,36,143.62,False,-3.1200000000000045,0.4754,0.9574666666666667
2810,3i,150.0,37,0.4119,36,143.62,False,-2.009999999999991,-0.055499999999999994,0.9574666666666667
2815,3i,150.0,38,0.4258,36,143.62,False,-0.18000000000000682,0.27490000000000003,0.9574666666666667
2820,3i,150.0,37,0.0004,37,143.62,False,-0.009999999999990905,-0.0024,0.9574666666666667
2825,3i,150.0,35,0.0584,34,143.62,False,0.0,0.0583,0.9574666666666667
2830,3i,150.0,34,0.2614,31,143.62,False,0.0,0.2614,0.9574666666666667
2835,3i,150.0,34,0.6425,28,143.62,False,0.0,0.10599999999999998,0.9574666666666667
2840,3i,150.0,34,0.3064,33,143.62,False,0.0,-0.10549999999999998,0.9574666666666667
2845,3i,150.0,35,0.2281,34,143.62,False,0.0,-0.19770000000000001,0.9574666666666667
2850,3i,150.0,36,0.467,34,143.62,False,0.0,0.4666,0.9574666666666667
2855,3i,150.0,36,0.4703,34,143.62,False,0.0,0.4119,0.9574666666666667
2860,3i,150.0,36,0.0779,35,143.62,False,0.0,-0.18350000000000002,0.9574666666666667
2865,3i,150.0,36,0.4302,29,143.62,False,0.0,-0.21229999999999993,0.9574666666666667
2870,3i,150.0,37,0.7229,29,143.62,False,0.0,0.4165,0.9574666666666667
2875,3i,150.0,37,0.3398,32,143.3,False,-0.3199999999999932,0.1117,0.9553333333333334
2880,3i,150.0,38,0.0727,36,131.36,False,-12.259999999999991,-0.39430000000000004,0.8757333333333335
2885,3i,150.0,37,0.1817,34,144.72,False,1.0999999999999943,-0.28859999999999997,0.9648
2890,3i,150.0,34,0.0384,34,144.53,False,0.9099999999999966,-0.0395,0.9635333333333334
2895,3i,150.0,34,0.0367,34,144.52,False,0.9000000000000057,-0.3935,0.9634666666666667
2900,3i,150.0,36,0.9817,34,144.52,False,0.9000000000000057,0.25880000000000003,0.9634666666666667
2905,3i,150.0,36,0.5494,34,144.52,False,1.2199999999999989,0.2096,0.9634666666666667
2910,3i,150.0,36,0.0978,35,144.52,False,13.159999999999997,0.025099999999999997,0.9634666666666667
2915,3i,150.0,35,0.1084,33,144.52,False,-0.19999999999998863,-0.0733,0.9634666666666667
2920,3i,150.0,35,0.1774,32,144.52,False,-0.009999999999990905,0.139,0.9634666666666667
2925,3i,150.0,35,0.4231,29,144.52,False,0.0,0.38639999999999997,0.9634666666666667
2930,3i,150.0,36,0.8022,31,144.52,False,0.0,-0.1795,0.9634666666666667
2935,3i,150.0,36,0.288,35,144.52,False,0.0,-0.2614,0.9634666666666667
2940,3i,150.0,37,0.67,34,144.29,False,-0.2300000000000182,0.5722,0.9619333333333333
2945,3i,150.0,37,0.5068,36,142.63,False,-1.8900000000000148,0.39840000000000003,0.9508666666666666
2950,3i,150.0,37,0.1863,34,140.56,False,-3.960000000000008,0.008899999999999991,0.9370666666666667
2955,3i,150.0,37,0.1172,35,139.87,False,-4.650000000000006,-0.30589999999999995,0.9324666666666667
2960,3i,150.0,37,0.0646,37,138.76,False,-5.760000000000019,-0.7376,0.9250666666666666
2965,3i,150.0,38,0.2161,37,137.74,False,-6.780000000000001,-0.07189999999999999,0.9182666666666667
2970,3i,150.0,38,0.004,38,137.29,False,-7.0,-0.666,0.9152666666666666
2975,3i,150.0,36,0.0004,36,149.91,True,7.280000000000001,-0.5064000000000001,0.9994
2980,3i,150.0,36,0.0,36,149.9,True,9.340000000000003,-0.1863,0.9993333333333334
2985,3i,150.0,37,0.437,36,149.9,True,10.030000000000001,0.3198,0.9993333333333334
2990,3i,150.0,38,0.9483,36,149.9,True,11.140000000000015,0.8837,0.9993333333333334
2995,3i,150.0,37,0.101,36,149.9,True,12.159999999999997,-0.11509999999999998,0.9993333333333334
3000,3i,150.0,37,0.0001,37,149.9,True,12.610000000000014,-0.0039000000000000003,0.9993333333333334
3005,3i,150.0,35,0.0617,34,149.9,True,-0.009999999999990905,0.0613,0.9993333333333334
3010,3i,150.0,34,0.3629,28,149.9,True,0.0,0.3629,0.9993333333333334
3015,3i,150.0,34,0.8549,26,149.9,True,0.0,0.4179,0.9993333333333334
3020,3i,150.0,35,0.8857,25,149.9,True,0.0,-0.06259999999999999,0.9993333333333334
3025,3i,150.0,35,0.3608,29,149.9,True,0.0,0.25980000000000003,0.9993333333333334
3030,3i,150.0,36,0.6534,33,149.27,True,-0.6299999999999955,0.6533,0.9951333333333334
3035,3i,150.0,36,0.5183,35,145.45,True,-4.450000000000017,0.4566,0.9696666666666666
3040,3i,150.0,37,0.1706,36,148.4,True,-1.5,-0.1923,0.9893333333333334
3045,3i,150.0,37,0.0266,37,148.05,True,-1.8499999999999943,-0.8283,0.9870000000000001
3050,3i,150.0,37,0.0177,37,147.37,True,-2.530000000000001,-0.868,0.9824666666666667
3055,3i,150.0,38,0.1961,37,146.84,True,-3.0600000000000023,-0.1647,0.9789333333333333
3060,3i,150.0,38,0.0164,37,146.7,True,-2.5700000000000216,-0.637,0.9779999999999999
3065,3i,150.0,36,0.0001,36,146.69,True,1.240000000000009,-0.5182,0.9779333333333333
3070,3i,150.0,36,0.0,36,146.69,True,-1.710000000000008,-0.1706,0.9779333333333333
3075,3i,150.0,36,0.0,36,146.69,True,-1.3600000000000136,-0.0266,0.9779333333333333
3080,3i,150.0,37,0.4415,36,146.69,True,-0.6800000000000068,0.4238,0.9779333333333333
3085,3i,150.0,37,0.1348,36,146.69,True,-0.15000000000000568,-0.06129999999999999,0.9779333333333333
3090,3i,150.0,37,0.0003,37,146.69,True,-0.009999999999990905,-0.0161,0.9779333333333333
3095,3i,150.0,35,0.151,33,146.69,True,0.0,0.1509,0.9779333333333333
3100,3i,150.0,34,0.7659,24,146.69,True,0.0,0.7659,0.9779333333333333
3105,3i,150.0,34,1.2221,20,146.69,True,0.0,1.2221,0.9779333333333333
3110,3i,150.0,34,0.5092,24,146.69,True,0.0,0.06769999999999998,0.9779333333333333
3115,3i,150.0,35,0.5102,29,146.69,True,0.0,0.37539999999999996,0.9779333333333333
3120,3i,150.0,36,0.7314,31,146.3,True,-0.38999999999998636,0.7311000000000001,0.9753333333333334
3125,3i,150.0,36,0.5718,30,143.53,False,-3.1599999999999966,0.42079999999999995,0.9568666666666666
3130,3i,150.0,36,0.1373,35,138.76,False,-7.930000000000007,-0.6286,0.9250666666666666
3135,3i,150.0,37,0.015,37,149.53,True,2.8400000000000034,-1.2071,0.9968666666666667
3140,3i,150.0,37,0.0014,37,148.94,True,2.25,-0.5078,0.9929333333333333
3145,3i,150.0,38,0.2017,37,148.9,True,2.210000000000008,-0.3085,0.9926666666666667
3150,3i,150.0,38,0.0875,37,148.9,True,2.5999999999999943,-0.6439,0.9926666666666667
3155,3i,150.0,36,0.2178,32,148.9,True,5.3700000000000045,-0.354,0.9926666666666667
3160,3i,150.0,33,0.2383,31,148.9,True,10.140000000000015,0.101,0.9926666666666667
3165,3i,150.0,31,0.5888,27,148.9,True,-0.6299999999999955,0.5738,0.9926666666666667
3170,3i,150.0,30,1.578,24,148.9,True,-0.03999999999999204,1.5766,0.9926666666666667
3175,3i,150.0,28,1.4813,23,148.9,True,0.0,1.2796,0.9926666666666667
3180,3i,150.0,27,0.6677,24,148.9,True,0.0,0.5801999999999999,0.9926666666666667
3185,3i,150.0,25,0.3286,22,148.9,True,0.0,0.11080000000000001,0.9926666666666667
3190,3i,150.0,23,0.4901,20,148.9,True,0.0,0.25179999999999997,0.9926666666666667
3195,3i,150.0,23,0.4277,18,148.9,True,0.0,-0.16109999999999997,0.9926666666666667
3200,3i,150.0,23,0.4656,18,148.9,True,0.0,-1.1124,0.9926666666666667
3205,3i,150.0,24,0.8857,17,148.9,True,0.0,-0.5956,0.9926666666666667
3210,3i,150.0,25,1.4554,16,147.13,True,-1.7700000000000102,0.7877000000000001,0.9808666666666667
3215,3i,150.0,25,1.015,19,96.72,False,-52.18000000000001,0.6863999999999999,0.6448
3220,3i,150.0,26,0.2113,23,120.34,False,-28.560000000000002,-0.2788,0.8022666666666667
3225,3i,150.0,26,0.002,26,139.96,False,-8.939999999999998,-0.4257,0.9330666666666667
3230,3i,150.0,27,0.5448,26,139.9,False,-9.0,0.07919999999999994,0.9326666666666668
3235,3i,150.0,29,1.461,26,139.9,False,-9.0,0.5753,0.9326666666666668
3240,3i,150.0,32,1.6416,27,139.9,False,-7.22999999999999,0.18619999999999992,0.9326666666666668
3245,3i,150.0,33,1.9159,24,139.9,False,43.18000000000001,0.9009,0.9326666666666668
3250,3i,150.0,33,1.0102,25,139.9,False,19.560000000000002,0.7988999999999999,0.9326666666666668
3255,3i,150.0,32,1.2867,26,139.9,False,-0.060000000000002274,1.2847,0.9326666666666668
3260,3i,150.0,31,1.8951,22,139.9,False,0.0,1.3503,0.9326666666666668
3265,3i,150.0,31,1.3911,24,139.9,False,0.0,-0.06990000000000007,0.9326666666666668
3270,3i,150.0,31,0.3637,28,139.9,False,0.0,-1.2778999999999998,0.9326666666666668
3275,3i,150.0,29,0.358,25,139.9,False,0.0,-1.5579,0.9326666666666668
3280,3i,150.0,28,0.2179,23,139.9,False,0.0,-0.7923,0.9326666666666668
3285,3i,150.0,28,0.0066,28,139.9,False,0.0,-1.2801,0.9326666666666668
3290,3i,150.0,28,0.0352,27,139.9,False,0.0,-1.8599,0.9326666666666668
3295,3i,150.0,29,0.3624,28,139.9,False,0.0,-1.0287,0.9326666666666668
3300,3i,150.0,29,0.4014,24,139.9,False,0.0,0.037699999999999956,0.9326666666666668
3305,3i,150.0,30,0.6214,28,139.9,False,0.0,0.26339999999999997,0.9326666666666668
3310,3i,150.0,30,0.74,26,139.9,False,0.0,0.5221,0.9326666666666668
3315,3i,150.0,30,0.1633,28,139.18,False,-0.7199999999999989,0.1567,0.9278666666666667
3320,3i,150.0,31,0.5705,30,138.16,False,-1.740000000000009,0.5353,0.9210666666666666
3325,3i,150.0,31,0.2945,30,137.98,False,-1.920000000000016,-0.06790000000000002,0.9198666666666666
3330,3i,150.0,31,0.0008,31,137.98,False,-1.920000000000016,-0.40059999999999996,0.9198666666666666
3335,3i,150.0,30,0.0,30,137.98,False,-1.920000000000016,-0.6214,0.9198666666666666
3340,3i,150.0,30,0.0,30,137.98,False,-1.920000000000016,-0.74,0.9198666666666666
3345,3i,150.0,31,0.6162,30,137.98,False,-1.200000000000017,0.45289999999999997,0.9198666666666666
3350,3i,150.0,31,0.5248,30,137.98,False,-0.18000000000000682,-0.04569999999999996,0.9198666666666666
3355,3i,150.0,31,0.3612,30,137.98,False,0.0,0.06670000000000004,0.9198666666666666
3360,3i,150.0,31,0.0246,30,137.98,False,0.0,0.0238,0.9198666666666666
3365,3i,150.0,29,0.0322,29,137.98,False,0.0,0.0322,0.9198666666666666
3370,3i,150.0,28,0.1134,26,137.98,False,0.0,0.1134,0.9198666666666666
3375,3i,150.0,28,0.0246,28,137.98,False,0.0,-0.5916,0.9198666666666666
3380,3i,150.0,28,0.0001,28,137.98,False,0.0,-0.5247,0.9198666666666666
3385,3i,150.0,29,0.3462,28,137.98,False,0.0,-0.015000000000000013,0.9198666666666666
3390,3i,150.0,30,0.6183,28,137.98,False,0.0,0.5937,0.9198666666666666
3395,3i,150.0,30,0.5068,29,137.98,False,0.0,0.4746,0.9198666666666666
3400,3i,150.0,30,0.1317,29,137.84,False,-0.13999999999998636,0.01830000000000001,0.9189333333333334
3405,3i,150.0,30,0.0015,30,137.59,False,-0.38999999999998636,-0.0231,0.9172666666666667
3410,3i,150.0,31,0.4801,30,137.57,False,-0.4099999999999966,0.48000000000000004,0.9171333333333332
3415,3i,150.0,31,0.2529,30,137.57,False,-0.4099999999999966,-0.0933,0.9171333333333332
3420,3i,150.0,31,0.0001,31,137.57,False,-0.4099999999999966,-0.6182,0.9171333333333332
3425,3i,150.0,30,0.0,30,137.57,False,-0.4099999999999966,-0.5068,0.9171333333333332
3430,3i,150.0,30,0.0,30,137.57,False,-0.27000000000001023,-0.1317,0.9171333333333332
3435,3i,150.0,31,0.669,30,137.57,False,-0.020000000000010232,0.6675000000000001,0.9171333333333332
3440,3i,150.0,32,1.1395,30,137.57,False,0.0,0.6594,0.9171333333333332
3445,3i,150.0,32,0.4497,30,137.57,False,0.0,0.19679999999999997,0.9171333333333332
3450,3i,150.0,31,0.0,31,137.57,False,0.0,-0.0001,0.9171333333333332
3455,3i,150.0,29,0.0321,29,137.57,False,0.0,0.0321,0.9171333333333332
3460,3i,150.0,28,0.311,26,137.57,False,0.0,0.311,0.9171333333333332
3465,3i,150.0,28,0.5514,26,137.57,False,0.0,-0.11760000000000004,0.9171333333333332
3470,3i,150.0,29,0.788,24,137.57,False,0.0,-0.3514999999999999,0.9171333333333332
3475,3i,150.0,29,0.3978,26,137.57,False,0.0,-0.0519,0.9171333333333332
3480,3i,150.0,30,0.6956,29,137.51,False,-0.060000000000002274,0.6956,0.9167333333333333
3485,3i,150.0,30,0.7117,27,136.62,False,-0.9499999999999886,0.6796,0.9108
3490,3i,150.0,31,0.3434,26,149.36,True,11.79000000000002,0.032399999999999984,0.9957333333333335
3495,3i,150.0,31,0.1776,27,148.55,True,10.980000000000018,-0.3738,0.9903333333333334
3500,3i,150.0,31,0.016,31,148.25,True,10.680000000000007,-0.772,0.9883333333333333
3505,3i,150.0,32,0.3424,31,148.19,True,10.620000000000005,-0.055400000000000005,0.9879333333333333
3510,3i,150.0,32,0.004,32,148.18,True,10.670000000000016,-0.6916,0.9878666666666667
3515,3i,150.0,32,0.0,32,148.18,True,11.560000000000002,-0.7117,0.9878666666666667
3520,3i,150.0,32,0.0,32,148.18,True,-1.1800000000000068,-0.3434,0.9878666666666667
3525,3i,150.0,32,0.0,32,148.18,True,-0.37000000000000455,-0.1776,0.9878666666666667
3530,3i,150.0,34,1.066,32,148.18,True,-0.06999999999999318,1.05,0.9878666666666667
3535,3i,150.0,34,0.6098,32,148.18,True,-0.009999999999990905,0.2674,0.9878666666666667
3540,3i,150.0,34,0.1362,33,148.18,True,0.0,0.13219999999999998,0.9878666666666667
3545,3i,150.0,32,0.1775,29,148.18,True,0.0,0.1775,0.9878666666666667
3550,3i,150.0,31,0.1572,27,148.18,True,0.0,0.1572,0.9878666666666667
3555,3i,150.0,31,0.1612,28,148.18,True,0.0,0.1612,0.9878666666666667
3560,3i,150.0,31,0.1623,28,148.18,True,0.0,-0.9037000000000001,0.9878666666666667
3565,3i,150.0,32,0.443,31,148.09,True,-0.09000000000000341,-0.1668,0.9872666666666667
3570,3i,150.0,32,0.139,30,145.9,True,-2.280000000000001,0.0028000000000000247,0.9726666666666667
3575,3i,150.0,33,0.4926,32,142.35,False,-5.8300000000000125,0.3151,0.949
3580,3i,150.0,34,0.318,33,148.48,True,0.29999999999998295,0.1608,0.9898666666666666
3585,3i,150.0,34,0.1779,33,148.31,True,0.12999999999999545,0.016699999999999993,0.9887333333333334
3590,3i,150.0,34,0.0461,33,148.26,True,0.07999999999998408,-0.1162,0.9884
3595,3i,150.0,35,0.2478,34,148.21,True,0.12000000000000455,-0.1952,0.9880666666666668
3600,3i,150.0,35,0.009,35,148.16,True,2.259999999999991,-0.13,0.9877333333333334
0,4i,150.0,0,0.0,0,0.0,False,,,0.0
5,4i,150.0,0,0.0,0,0.0,False,,,0.0
10,4i,150.0,0,0.0,0,0.0,False,,,0.0
15,4i,150.0,3,24.6636,0,0.0,False,,,0.0
20,4i,150.0,3,15.5764,0,0.0,False,,,0.0
25,4i,150.0,1,2.4095,0,0.0,False,,,0.0
30,4i,150.0,1,0.0,1,1.0,False,1.0,0.0,0.006666666666666667
35,4i,150.0,1,20.0587,0,0.0,False,0.0,20.0587,0.0
40,4i,150.0,0,0.0,0,0.0,False,0.0,0.0,0.0
45,4i,150.0,1,23.6755,0,0.0,False,0.0,-0.9880999999999993,0.0
50,4i,150.0,2,21.6037,0,0.0,False,0.0,6.0273,0.0
55,4i,150.0,2,7.9907,0,0.0,False,0.0,5.581200000000001,0.0
60,4i,150.0,2,0.0,1,1.0,False,0.0,0.0,0.006666666666666667
65,4i,150.0,3,5.5411,2,1.0,False,1.0,-14.517600000000002,0.006666666666666667
70,4i,150.0,4,9.3881,2,1.0,False,1.0,9.3881,0.006666666666666667
75,4i,150.0,5,6.7586,2,1.0,False,1.0,-16.9169,0.006666666666666667
80,4i,150.0,5,2.1441,4,5.0,False,5.0,-19.459600000000002,0.03333333333333333
85,4i,150.0,5,0.0731,4,5.0,False,5.0,-7.9176,0.03333333333333333
90,4i,150.0,6,2.7319,5,8.0,False,7.0,2.7319,0.05333333333333334
95,4i,150.0,3,0.797,2,5.0,False,4.0,-4.7441,0.03333333333333333
100,4i,150.0,3,0.0001,3,9.0,False,8.0,-9.388,0.06
105,4i,150.0,5,10.2386,3,9.0,False,8.0,3.4799999999999995,0.06
110,4i,150.0,6,7.9033,3,9.0,False,4.0,5.7592,0.06
115,4i,150.0,4,2.6303,3,9.0,False,4.0,2.5572,0.06
120,4i,150.0,4,0.9594,3,9.0,False,1.0,-1.7725,0.06
125,4i,150.0,2,0.9251,1,13.01,False,8.01,0.1281,0.08673333333333333
130,4i,150.0,2,6.8302,0,0.0,False,-9.0,6.8301,0.0
135,4i,150.0,3,9.5086,1,1.0,False,-8.0,-0.7300000000000004,0.006666666666666667
140,4i,150.0,3,6.4189,1,1.0,False,-8.0,-1.4844,0.006666666666666667
145,4i,150.0,4,4.0239,2,13.71,False,4.710000000000001,1.3936000000000002,0.09140000000000001
150,4i,150.0,5,7.1211,3,13.71,False,4.710000000000001,6.1617,0.09140000000000001
155,4i,150.0,5,3.4997,3,13.71,False,0.7000000000000011,2.5745999999999998,0.09140000000000001
160,4i,150.0,6,3.2997,4,13.71,False,13.71,-3.5304999999999995,0.09140000000000001
165,4i,150.0,7,4.1966,5,27.75,False,26.75,-5.311999999999999,0.185
170,4i,150.0,7,2.3315,6,41.8,False,40.8,-4.0874,0.2786666666666667
175,4i,150.0,7,0.5056,6,41.79,False,28.08,-3.5183,0.2786
180,4i,150.0,8,1.6391,7,41.79,False,28.08,-5.482,0.2786
185,4i,150.0,5,0.1177,4,41.79,False,28.08,-3.3819999999999997,0.2786
190,4i,150.0,5,0.0002,5,45.8,False,32.089999999999996,-3.2995,0.3053333333333333
195,4i,150.0,8,8.3832,5,45.8,False,18.049999999999997,4.1866,0.3053333333333333
200,4i,150.0,8,5.0935,5,45.8,False,4.0,2.7619999999999996,0.3053333333333333
205,4i,150.0,6,0.0046,6,49.8,False,8.009999999999998,-0.501,0.33199999999999996
210,4i,150.0,6,0.0,6,49.8,False,8.009999999999998,-1.6391,0.33199999999999996
215,4i,150.0,6,2.9266,4,49.8,False,8.009999999999998,2.8089,0.33199999999999996
220,4i,150.0,5,2.9182,0,0.0,False,-45.8,2.918,0.0
225,4i,150.0,6,5.388,1,1.0,False,-44.8,-2.9952000000000005,0.006666666666666667
230,4i,150.0,6,3.2165,4,23.26,False,-22.539999999999996,-1.8769999999999998,0.15506666666666669
235,4i,150.0,7,2.6914,5,27.05,False,-22.749999999999996,2.6868,0.18033333333333335
240,4i,150.0,8,3.3459,6,27.05,False,-22.749999999999996,3.3459,0.18033333333333335
245,4i,150.0,8,1.4854,7,31.05,False,-18.749999999999996,-1.4412,0.20700000000000002
250,4i,150.0,9,2.6208,7,31.05,False,31.05,-0.2974000000000001,0.20700000000000002
255,4i,150.0,10,3.3741,8,31.05,False,30.05,-2.0139,0.20700000000000002
260,4i,150.0,10,1.6671,9,38.05,False,14.789999999999996,-1.5493999999999999,0.25366666666666665
265,4i,150.0,10,0.2927,9,38.05,False,10.999999999999996,-2.3987,0.25366666666666665
270,4i,150.0,11,1.2147,10,38.05,False,10.999999999999996,-2.1311999999999998,0.25366666666666665
275,4i,150.0,8,0.0934,7,38.05,False,6.9999999999999964,-1.3920000000000001,0.25366666666666665
280,4i,150.0,8,0.0,8,45.05,False,13.999999999999996,-2.6208,0.30033333333333334
285,4i,150.0,10,4.7299,8,45.05,False,13.999999999999996,1.3558,0.30033333333333334
290,4i,150.0,11,3.6009,8,45.05,False,7.0,1.9338000000000002,0.30033333333333334
295,4i,150.0,10,1.7555,9,49.05,False,11.0,1.4628,0.32699999999999996
300,4i,150.0,9,0.0,9,49.05,False,11.0,-1.2147,0.32699999999999996
305,4i,150.0,9,1.9138,7,49.05,False,11.0,1.8204,0.32699999999999996
310,4i,150.0,9,1.2178,3,49.05,False,4.0,1.2178,0.32699999999999996
315,4i,150.0,10,3.0629,5,51.11,False,6.060000000000002,-1.6669999999999998,0.34073333333333333
320,4i,150.0,11,3.7668,7,31.44,False,-13.609999999999996,0.16589999999999971,0.2096
325,4i,150.0,11,1.1831,9,39.05,False,-10.0,-0.5724,0.2603333333333333
330,4i,150.0,11,0.0103,11,43.01,False,-6.039999999999999,0.0103,0.28673333333333334
335,4i,150.0,12,1.4008,11,43.01,False,-6.039999999999999,-0.5129999999999999,0.28673333333333334
340,4i,150.0,13,2.6332,11,43.01,False,-6.039999999999999,1.4154,0.28673333333333334
345,4i,150.0,14,2.1642,11,43.01,False,-8.100000000000001,-0.8986999999999998,0.28673333333333334
350,4i,150.0,14,1.1758,13,47.01,False,15.569999999999997,-2.591,0.3134
355,4i,150.0,14,0.2862,13,47.01,False,7.960000000000001,-0.8969,0.3134
360,4i,150.0,15,0.8281,14,47.01,False,4.0,0.8178,0.3134
365,4i,150.0,12,0.0469,11,47.01,False,4.0,-1.3539,0.3134
370,4i,150.0,12,0.0,12,51.01,False,8.0,-2.6332,0.34006666666666663
375,4i,150.0,14,3.5961,12,51.01,False,8.0,1.4318999999999997,0.34006666666666663
380,4i,150.0,15,2.6236,12,51.01,False,4.0,1.4478000000000002,0.34006666666666663
385,4i,150.0,14,1.2213,13,55.04,False,8.030000000000001,0.9351,0.36693333333333333
390,4i,150.0,13,0.0,13,55.01,False,8.0,-0.8281,0.3667333333333333
395,4i,150.0,12,1.329,10,55.01,False,8.0,1.2821,0.3667333333333333
400,4i,150.0,11,0.8817,6,55.01,False,4.0,0.8817,0.3667333333333333
405,4i,150.0,12,2.2769,5,62.01,False,11.0,-1.3192,0.4134
410,4i,150.0,13,3.5601,7,31.35,False,-19.659999999999997,0.9364999999999997,0.20900000000000002
415,4i,150.0,13,0.8634,11,50.77,False,-4.269999999999996,-0.3579000000000001,0.3384666666666667
420,4i,150.0,14,1.8624,13,54.14,False,-0.8699999999999974,1.8624,0.36093333333333333
425,4i,150.0,14,0.8318,13,54.01,False,-1.0,-0.4972,0.36006666666666665
430,4i,150.0,15,1.1528,13,54.01,False,-1.0,0.2711,0.36006666666666665
435,4i,150.0,16,1.4345,14,54.01,False,-8.0,-0.8423999999999998,0.36006666666666665
440,4i,150.0,16,0.927,15,58.01,False,26.659999999999997,-2.6330999999999998,0.3867333333333333
445,4i,150.0,16,0.2136,15,58.01,False,7.239999999999995,-0.6497999999999999,0.3867333333333333
450,4i,150.0,17,0.8267,16,58.01,False,3.8699999999999974,-1.0357,0.3867333333333333
455,4i,150.0,14,0.092,13,58.01,False,4.0,-0.7398,0.3867333333333333
460,4i,150.0,14,0.0,14,62.01,False,8.0,-1.1528,0.4134
465,4i,150.0,15,1.6083,14,62.01,False,8.0,0.17379999999999995,0.4134
470,4i,150.0,17,2.7562,14,62.01,False,4.0,1.8292000000000002,0.4134
475,4i,150.0,16,1.6111,14,62.01,False,4.0,1.3975,0.4134
480,4i,150.0,16,0.4464,14,62.01,False,4.0,-0.38029999999999997,0.4134
485,4i,150.0,15,1.0405,13,69.02,False,11.009999999999998,0.9485,0.4601333333333333
490,4i,150.0,14,1.0509,10,69.02,False,7.009999999999998,1.0509,0.4601333333333333
495,4i,150.0,15,1.9079,8,83.06,False,21.050000000000004,0.29959999999999987,0.5537333333333333
500,4i,150.0,15,1.8163,9,82.25,False,20.240000000000002,-0.9399000000000002,0.5483333333333333
505,4i,150.0,16,1.1539,10,36.63,False,-25.379999999999995,-0.45720000000000005,0.24420000000000003
510,4i,150.0,17,1.6713,14,51.29,False,-10.719999999999999,1.2248999999999999,0.3419333333333333
515,4i,150.0,17,0.8647,16,72.1,False,3.0799999999999983,-0.17579999999999996,0.48066666666666663
520,4i,150.0,18,1.0782,16,72.05,False,3.030000000000001,0.027300000000000102,0.48033333333333333
525,4i,150.0,18,0.26,17,72.05,False,-11.010000000000005,-1.6479,0.48033333333333333
530,4i,150.0,19,0.798,18,79.06,False,-3.1899999999999977,-1.0183,0.5270666666666667
535,4i,150.0,19,0.5611,18,79.06,False,42.43,-0.5927999999999999,0.5270666666666667
540,4i,150.0,19,0.3242,18,79.06,False,27.770000000000003,-1.3471,0.5270666666666667
545,4i,150.0,17,0.7377,15,79.06,False,6.960000000000008,-0.127,0.5270666666666667
550,4i,150.0,16,0.0539,15,79.06,False,7.010000000000005,-1.0243,0.5270666666666667
555,4i,150.0,18,2.3485,16,86.06,False,14.010000000000005,2.0885,0.5737333333333333
560,4i,150.0,18,1.747,16,86.06,False,7.0,0.9490000000000001,0.5737333333333333
565,4i,150.0,17,0.3536,16,86.06,False,7.0,-0.20750000000000002,0.5737333333333333
570,4i,150.0,17,0.0955,16,86.06,False,7.0,-0.2287,0.5737333333333333
575,4i,150.0,15,0.1196,14,98.77,False,19.709999999999994,-0.6181,0.6584666666666666
580,4i,150.0,14,1.3999,10,98.77,False,19.709999999999994,1.3459999999999999,0.6584666666666666
585,4i,150.0,14,1.0421,8,98.77,False,12.709999999999994,-1.3064,0.6584666666666666
590,4i,150.0,15,1.9241,9,112.81,False,26.75,0.1770999999999998,0.7520666666666667
595,4i,150.0,16,1.3119,9,49.72,False,-36.34,0.9583,0.33146666666666663
600,4i,150.0,17,1.8037,12,63.14,False,-22.92,1.7082000000000002,0.4209333333333333
605,4i,150.0,17,0.707,16,111.28,False,12.510000000000005,0.5873999999999999,0.7418666666666667
610,4i,150.0,18,0.6475,16,110.85,False,12.079999999999998,-0.7524,0.739
615,4i,150.0,18,0.0032,18,114.85,False,16.08,-1.0389,0.7656666666666666
620,4i,150.0,19,1.0376,18,114.85,False,2.039999999999992,-0.8864999999999998,0.7656666666666666
625,4i,150.0,19,0.309,18,114.85,False,65.13,-1.0029000000000001,0.7656666666666666
630,4i,150.0,20,0.3842,19,114.85,False,51.709999999999994,-1.4195000000000002,0.7656666666666666
635,4i,150.0,17,0.0134,17,118.86,False,7.579999999999998,-0.6936,0.7924
640,4i,150.0,17,0.0,17,118.85,False,8.0,-0.6475,0.7923333333333333
645,4i,150.0,18,1.0114,17,118.85,False,4.0,1.0082,0.7923333333333333
650,4i,150.0,19,1.7381,17,118.85,False,4.0,0.7004999999999999,0.7923333333333333
655,4i,150.0,19,0.847,17,118.85,False,4.0,0.538,0.7923333333333333
660,4i,150.0,19,0.1716,18,125.85,False,11.0,-0.21259999999999998,0.839
665,4i,150.0,18,0.5309,16,125.85,False,6.989999999999995,0.5175000000000001,0.839
670,4i,150.0,17,0.6451,13,138.56,False,19.710000000000008,0.6451,0.9237333333333333
675,4i,150.0,17,0.4957,13,138.56,False,19.710000000000008,-0.5157,0.9237333333333333
680,4i,150.0,18,1.5516,12,138.56,False,19.710000000000008,-0.1864999999999999,0.9237333333333333
685,4i,150.0,19,1.0323,10,137.39,False,18.539999999999992,0.18530000000000002,0.9159333333333333
690,4i,150.0,20,1.5287,14,96.53,False,-29.319999999999993,1.3571,0.6435333333333333
695,4i,150.0,20,0.6754,17,124.97,False,-0.8799999999999955,0.14449999999999996,0.8331333333333333
700,4i,150.0,21,0.4629,20,130.64,False,-7.920000000000016,-0.18220000000000003,0.8709333333333332
705,4i,150.0,21,0.0015,21,134.57,False,-3.990000000000009,-0.4942,0.8971333333333333
710,4i,150.0,22,0.806,21,134.56,False,-4.0,-0.7456,0.8970666666666667
715,4i,150.0,22,0.2845,21,134.56,False,-2.829999999999984,-0.7478,0.8970666666666667
720,4i,150.0,23,0.2298,22,134.56,False,38.03,-1.2989,0.8970666666666667
725,4i,150.0,19,0.0004,19,138.56,False,13.590000000000003,-0.675,0.9237333333333333
730,4i,150.0,19,0.0,19,138.56,False,7.920000000000016,-0.4629,0.9237333333333333
735,4i,150.0,20,1.3163,19,138.56,False,3.990000000000009,1.3148,0.9237333333333333
740,4i,150.0,22,1.3649,19,138.56,False,4.0,0.5589,0.9237333333333333
745,4i,150.0,21,0.8235,20,145.56,True,11.0,0.539,0.9704
750,4i,150.0,21,0.1643,20,145.56,True,11.0,-0.0655,0.9704
755,4i,150.0,19,0.0903,18,145.56,True,7.0,0.08990000000000001,0.9704
760,4i,150.0,19,0.3717,15,149.56,True,11.0,0.3717,0.9970666666666667
765,4i,150.0,19,0.336,14,149.56,True,11.0,-0.9803,0.9970666666666667
770,4i,150.0,20,1.3223,15,149.56,True,11.0,-0.04259999999999997,0.9970666666666667
775,4i,150.0,20,0.7635,15,149.28,True,3.719999999999999,-0.06000000000000005,0.9952
780,4i,150.0,21,1.483,16,146.67,True,1.1099999999999852,1.3187000000000002,0.9777999999999999
785,4i,150.0,22,0.7339,18,127.39,False,-18.17,0.6436,0.8492666666666667
790,4i,150.0,22,0.0532,21,142.23,False,-7.3300000000000125,-0.3185,0.9481999999999999
795,4i,150.0,22,0.001,22,141.57,False,-7.990000000000009,-0.335,0.9438
800,4i,150.0,23,0.7779,22,141.56,False,-8.0,-0.5444,0.9437333333333333
805,4i,150.0,23,0.2471,22,141.56,False,-7.719999999999999,-0.5164,0.9437333333333333
810,4i,150.0,23,0.0,23,141.56,False,-5.109999999999985,-1.483,0.9437333333333333
815,4i,150.0,20,0.1855,19,141.56,False,14.170000000000002,-0.5484,0.9437333333333333
820,4i,150.0,19,0.0,19,141.56,False,-0.6699999999999875,-0.0532,0.9437333333333333
825,4i,150.0,19,0.0,19,141.56,False,-0.009999999999990905,-0.001,0.9437333333333333
830,4i,150.0,21,1.6372,19,141.56,False,0.0,0.8593,0.9437333333333333
835,4i,150.0,20,0.5337,19,141.56,False,0.0,0.28659999999999997,0.9437333333333333
840,4i,150.0,19,0.0,19,141.56,False,0.0,0.0,0.9437333333333333
845,4i,150.0,18,0.1255,17,141.56,False,0.0,-0.06,0.9437333333333333
850,4i,150.0,17,0.8525,13,141.56,False,0.0,0.8525,0.9437333333333333
855,4i,150.0,17,0.7118,11,141.56,False,0.0,0.7118,0.9437333333333333
860,4i,150.0,18,1.7763,10,141.56,False,0.0,0.1391,0.9437333333333333
865,4i,150.0,18,1.5241,10,141.13,False,-0.4300000000000068,0.9904000000000001,0.9408666666666666
870,4i,150.0,20,1.8756,11,90.72,False,-50.84,1.8756,0.6048
875,4i,150.0,21,0.9138,15,105.72,False,-35.84,0.7883,0.7048
880,4i,150.0,22,0.2425,18,120.72,False,-20.840000000000003,-0.6100000000000001,0.8048
885,4i,150.0,23,0.0451,22,144.47,False,2.9099999999999966,-0.6667,0.9631333333333333
890,4i,150.0,24,0.7589,23,148.24,True,6.680000000000007,-1.0173999999999999,0.9882666666666667
895,4i,150.0,24,0.5467,23,148.23,True,7.099999999999994,-0.9774,0.9882
900,4i,150.0,24,0.2342,23,148.23,True,57.50999999999999,-1.6414,0.9882
905,4i,150.0,21,0.0,21,148.23,True,42.50999999999999,-0.9138,0.9882
910,4i,150.0,21,0.0,21,148.23,True,27.50999999999999,-0.2425,0.9882
915,4i,150.0,21,0.0,21,148.23,True,3.759999999999991,-0.0451,0.9882
920,4i,150.0,23,1.4778,21,148.23,True,-0.010000000000019327,0.7189,0.9882
925,4i,150.0,22,0.589,21,148.23,True,0.0,0.042300000000000004,0.9882
930,4i,150.0,22,0.1143,21,148.23,True,0.0,-0.11989999999999999,0.9882
935,4i,150.0,21,0.3154,19,148.23,True,0.0,0.3154,0.9882
940,4i,150.0,19,0.738,15,148.23,True,0.0,0.738,0.9882
945,4i,150.0,19,0.9015,12,148.23,True,0.0,0.9015,0.9882
950,4i,150.0,20,1.5255,12,148.23,True,0.0,0.047700000000000076,0.9882
955,4i,150.0,20,1.2488,13,147.87,True,-0.3599999999999852,0.6597999999999999,0.9858
960,4i,150.0,21,1.7501,14,92.13,False,-56.099999999999994,1.6358,0.6142
965,4i,150.0,23,1.016,16,99.69,False,-48.53999999999999,0.7006,0.6646
970,4i,150.0,23,0.1639,21,134.76,False,-13.469999999999999,-0.5741,0.8984
975,4i,150.0,23,0.0051,23,138.3,False,-9.929999999999978,-0.8964,0.922
980,4i,150.0,24,0.7783,23,138.23,False,-10.0,-0.7472000000000001,0.9215333333333333
985,4i,150.0,24,0.5194,23,138.23,False,-9.640000000000015,-0.7293999999999999,0.9215333333333333
990,4i,150.0,24,0.0445,23,138.23,False,46.099999999999994,-1.7056,0.9215333333333333
995,4i,150.0,21,0.0997,20,138.23,False,38.53999999999999,-0.9163,0.9215333333333333
1000,4i,150.0,20,0.0,20,138.23,False,3.469999999999999,-0.1639,0.9215333333333333
1005,4i,150.0,21,1.2978,20,138.23,False,-0.0700000000000216,1.2927,0.9215333333333333
1010,4i,150.0,22,1.3175,20,138.23,False,0.0,0.5391999999999999,0.9215333333333333
1015,4i,150.0,21,0.8458,20,138.23,False,0.0,0.3264,0.9215333333333333
1020,4i,150.0,20,0.0,20,138.23,False,0.0,-0.0445,0.9215333333333333
1025,4i,150.0,19,0.1156,18,138.23,False,0.0,0.015899999999999997,0.9215333333333333
1030,4i,150.0,18,0.5886,14,138.23,False,0.0,0.5886,0.9215333333333333
1035,4i,150.0,18,1.0229,12,138.23,False,0.0,-0.27490000000000014,0.9215333333333333
1040,4i,150.0,19,1.8347,11,138.23,False,0.0,0.5172000000000001,0.9215333333333333
1045,4i,150.0,19,1.6847,10,138.01,False,-0.21999999999999886,0.8389000000000001,0.9200666666666666
1050,4i,150.0,20,0.7917,11,64.97,False,-73.25999999999999,0.7917,0.4331333333333333
1055,4i,150.0,22,1.2374,15,98.63,False,-39.599999999999994,1.1218000000000001,0.6575333333333333
1060,4i,150.0,22,0.9431,18,107.9,False,-30.329999999999984,0.35450000000000004,0.7193333333333334
1065,4i,150.0,23,0.1562,20,124.31,False,-13.919999999999987,-0.8666999999999999,0.8287333333333333
1070,4i,150.0,25,0.7179,24,146.45,True,8.219999999999999,-1.1168,0.9763333333333333
1075,4i,150.0,25,0.5701,24,146.23,True,8.219999999999999,-1.1146,0.9748666666666665
1080,4i,150.0,25,0.0922,24,146.23,True,81.25999999999999,-0.6995,0.9748666666666665
1085,4i,150.0,22,0.0,22,146.23,True,47.599999999999994,-1.2374,0.9748666666666665
1090,4i,150.0,22,0.0,22,146.23,True,38.329999999999984,-0.9431,0.9748666666666665
1095,4i,150.0,23,1.039,22,146.23,True,21.919999999999987,0.8827999999999999,0.9748666666666665
1100,4i,150.0,24,1.4276,22,146.23,True,-0.21999999999999886,0.7097,0.9748666666666665
1105,4i,150.0,23,0.6165,22,146.23,True,0.0,0.0464,0.9748666666666665
1110,4i,150.0,23,0.0731,22,146.23,True,0.0,-0.019100000000000006,0.9748666666666665
1115,4i,150.0,22,0.1049,21,146.23,True,0.0,0.1049,0.9748666666666665
1120,4i,150.0,22,0.5156,17,146.23,True,0.0,0.5156,0.9748666666666665
1125,4i,150.0,22,0.4407,16,146.23,True,0.0,-0.5982999999999999,0.9748666666666665
1130,4i,150.0,23,1.092,17,146.23,True,0.0,-0.3355999999999999,0.9748666666666665
1135,4i,150.0,23,0.8975,16,146.21,True,-0.01999999999998181,0.2809999999999999,0.9747333333333333
1140,4i,150.0,24,1.4309,18,144.6,False,-1.6299999999999955,1.3578000000000001,0.964
1145,4i,150.0,24,0.7687,19,98.07,False,-48.16,0.6638000000000001,0.6537999999999999
1150,4i,150.0,25,0.1204,23,149.67,True,3.4399999999999977,-0.39519999999999994,0.9977999999999999
1155,4i,150.0,25,0.0084,25,146.42,True,0.18999999999999773,-0.43229999999999996,0.9761333333333333
1160,4i,150.0,26,0.7073,25,146.24,True,0.010000000000019327,-0.38470000000000004,0.9749333333333334
1165,4i,150.0,26,0.4983,25,146.23,True,0.01999999999998181,-0.39919999999999994,0.9748666666666665
1170,4i,150.0,26,0.2098,25,146.23,True,1.6299999999999955,-1.2211,0.9748666666666665
1175,4i,150.0,23,0.2128,22,146.23,True,48.16,-0.5559000000000001,0.9748666666666665
1180,4i,150.0,22,0.0,22,146.23,True,-3.4399999999999977,-0.1204,0.9748666666666665
1185,4i,150.0,23,1.1069,22,146.23,True,-0.18999999999999773,1.0985,0.9748666666666665
1190,4i,150.0,24,1.2075,22,146.23,True,-0.010000000000019327,0.5002,0.9748666666666665
1195,4i,150.0,23,0.7429,22,146.23,True,0.0,0.24459999999999998,0.9748666666666665
1200,4i,150.0,22,0.0,22,146.23,True,0.0,-0.2098,0.9748666666666665
1205,4i,150.0,20,0.1214,19,146.23,True,0.0,-0.0914,0.9748666666666665
1210,4i,150.0,19,0.583,15,146.23,True,0.0,0.583,0.9748666666666665
1215,4i,150.0,19,0.583,12,146.23,True,0.0,-0.5239,0.9748666666666665
1220,4i,150.0,20,1.4006,12,146.23,True,0.0,0.19310000000000005,0.9748666666666665
1225,4i,150.0,20,1.3623,14,146.18,True,-0.04999999999998295,0.6194000000000001,0.9745333333333334
1230,4i,150.0,21,0.6852,14,148.07,True,1.8400000000000034,0.6852,0.9871333333333333
1235,4i,150.0,22,1.0186,17,99.95,False,-46.27999999999999,0.8972,0.6663333333333333
1240,4i,150.0,22,0.3367,19,117.58,False,-28.64999999999999,-0.24629999999999996,0.7838666666666666
1245,4i,150.0,23,0.0238,23,149.54,True,3.3100000000000023,-0.5591999999999999,0.9969333333333332
1250,4i,150.0,24,0.6386,23,149.27,True,3.0400000000000205,-0.7620000000000001,0.9951333333333334
1255,4i,150.0,24,0.5171,23,149.27,True,3.0900000000000034,-0.8452000000000001,0.9951333333333334
1260,4i,150.0,24,0.0126,23,149.27,True,1.200000000000017,-0.6726000000000001,0.9951333333333334
1265,4i,150.0,22,0.1056,21,149.27,True,49.32000000000001,-0.9129999999999999,0.9951333333333334
1270,4i,150.0,21,0.0,21,149.27,True,31.690000000000012,-0.3367,0.9951333333333334
1275,4i,150.0,21,0.0,21,149.27,True,-0.2699999999999818,-0.0238,0.9951333333333334
1280,4i,150.0,23,1.543,21,149.27,True,0.0,0.9044,0.9951333333333334
1285,4i,150.0,23,1.3695,21,149.27,True,0.0,0.8523999999999999,0.9951333333333334
1290,4i,150.0,23,0.4709,21,149.27,True,0.0,0.4583,0.9951333333333334
1295,4i,150.0,22,0.1667,20,149.27,True,0.0,0.06109999999999999,0.9951333333333334
1300,4i,150.0,21,0.6843,16,149.27,True,0.0,0.6843,0.9951333333333334
1305,4i,150.0,21,0.5532,15,149.27,True,0.0,0.5532,0.9951333333333334
1310,4i,150.0,22,1.369,13,149.27,True,0.0,-0.17399999999999993,0.9951333333333334
1315,4i,150.0,22,1.1527,13,149.12,True,-0.15000000000000568,-0.21679999999999988,0.9941333333333333
1320,4i,150.0,23,1.5008,16,146.06,True,-3.210000000000008,1.0299,0.9737333333333333
1325,4i,150.0,24,0.8941,17,79.57,False,-69.70000000000002,0.7274,0.5304666666666666
1330,4i,150.0,25,0.2352,20,111.59,False,-37.68000000000001,-0.44910000000000005,0.7439333333333333
1335,4i,150.0,25,0.0231,25,143.93,False,-5.340000000000003,-0.5301,0.9595333333333333
1340,4i,150.0,26,0.6125,25,143.56,False,-5.710000000000008,-0.7565,0.9570666666666667
1345,4i,150.0,26,0.4862,25,143.56,False,-5.560000000000002,-0.6665000000000001,0.9570666666666667
1350,4i,150.0,26,0.1978,25,143.56,False,-2.5,-1.303,0.9570666666666667
1355,4i,150.0,23,0.2263,21,143.56,False,63.99000000000001,-0.6678,0.9570666666666667
1360,4i,150.0,21,0.0,21,143.56,False,31.97,-0.2352,0.9570666666666667
1365,4i,150.0,22,1.1029,21,143.56,False,-0.37000000000000455,1.0798,0.9570666666666667
1370,4i,150.0,23,1.5124,21,143.56,False,0.0,0.8998999999999999,0.9570666666666667
1375,4i,150.0,22,0.8614,21,143.56,False,0.0,0.37520000000000003,0.9570666666666667
1380,4i,150.0,21,0.0,21,143.56,False,0.0,-0.1978,0.9570666666666667
1385,4i,150.0,19,0.0968,18,143.56,False,0.0,-0.1295,0.9570666666666667
1390,4i,150.0,18,0.5392,14,143.56,False,0.0,0.5392,0.9570666666666667
1395,4i,150.0,18,0.5609,14,143.56,False,0.0,-0.542,0.9570666666666667
1400,4i,150.0,19,1.4261,13,143.56,False,0.0,-0.08630000000000004,0.9570666666666667
1405,4i,150.0,19,1.3636,13,143.25,False,-0.3100000000000023,0.5021999999999999,0.955
1410,4i,150.0,20,0.5363,14,148.56,True,5.0,0.5363,0.9904000000000001
1415,4i,150.0,21,1.0546,16,100.66,False,-42.900000000000006,0.9578,0.6710666666666666
1420,4i,150.0,22,0.8127,20,135.96,False,-7.599999999999994,0.27349999999999997,0.9064000000000001
1425,4i,150.0,22,0.0556,21,142.58,False,-0.9799999999999898,-0.5053,0.9505333333333335
1430,4i,150.0,23,0.84,22,142.56,False,-1.0,-0.5861,0.9504
1435,4i,150.0,23,0.5977,22,142.56,False,-0.6899999999999977,-0.7658999999999999,0.9504
1440,4i,150.0,23,0.0197,22,142.56,False,-6.0,-0.5166,0.9504
1445,4i,150.0,20,0.0,20,142.56,False,41.900000000000006,-1.0546,0.9504
1450,4i,150.0,20,0.0,20,142.56,False,6.599999999999994,-0.8127,0.9504
1455,4i,150.0,20,0.0,20,142.56,False,-0.020000000000010232,-0.0556,0.9504
1460,4i,150.0,22,1.544,20,142.56,False,0.0,0.7040000000000001,0.9504
1465,4i,150.0,22,1.4397,20,142.56,False,0.0,0.842,0.9504
1470,4i,150.0,21,0.15,20,142.56,False,0.0,0.1303,0.9504
1475,4i,150.0,19,0.0476,19,142.56,False,0.0,0.0476,0.9504
1480,4i,150.0,18,0.7449,15,142.56,False,0.0,0.7449,0.9504
1485,4i,150.0,18,0.7184,14,142.56,False,0.0,0.7184,0.9504
1490,4i,150.0,19,1.6404,13,142.56,False,0.0,0.09640000000000004,0.9504
1495,4i,150.0,19,1.2663,11,142.23,False,-0.3300000000000125,-0.1734,0.9481999999999999
1500,4i,150.0,20,1.8438,11,62.19,False,-80.37,1.6938000000000002,0.41459999999999997
1505,4i,150.0,21,1.0961,15,94.25,False,-48.31,1.0485,0.6283333333333333
1510,4i,150.0,22,0.2889,18,115.12,False,-27.439999999999998,-0.456,0.7674666666666667
1515,4i,150.0,23,0.0517,23,144.6,False,2.039999999999992,-0.6667000000000001,0.964
1520,4i,150.0,25,0.5953,24,147.92,True,5.359999999999985,-1.0451000000000001,0.9861333333333332
1525,4i,150.0,26,1.2454,24,147.89,True,5.659999999999997,-0.02089999999999992,0.9859333333333332
1530,4i,150.0,26,0.7017,24,147.89,True,85.69999999999999,-1.1421000000000001,0.9859333333333332
1535,4i,150.0,22,0.1019,21,147.89,True,53.639999999999986,-0.9942000000000001,0.9859333333333332
1540,4i,150.0,22,0.1384,21,147.89,True,32.76999999999998,-0.1505,0.9859333333333332
1545,4i,150.0,23,1.1043,22,147.89,True,3.289999999999992,1.0526,0.9859333333333332
1550,4i,150.0,24,1.2308,22,147.89,True,-0.030000000000001137,0.6354999999999998,0.9859333333333332
1555,4i,150.0,23,0.5668,22,147.89,True,0.0,-0.6786000000000001,0.9859333333333332
1560,4i,150.0,23,0.0138,22,147.89,True,0.0,-0.6879,0.9859333333333332
1565,4i,150.0,22,0.2677,18,147.89,True,0.0,0.1658,0.9859333333333332
1570,4i,150.0,20,0.4115,16,147.89,True,0.0,0.2731,0.9859333333333332
1575,4i,150.0,20,0.3847,16,147.89,True,0.0,-0.7196,0.9859333333333332
1580,4i,150.0,21,1.1202,16,147.89,True,0.0,-0.11059999999999981,0.9859333333333332
1585,4i,150.0,21,1.0485,15,147.82,True,-0.06999999999999318,0.4817,0.9854666666666666
1590,4i,150.0,22,1.4856,17,145.68,True,-2.2099999999999795,1.4718,0.9712000000000001
1595,4i,150.0,23,0.7461,21,146.44,True,-1.4499999999999886,0.4784,0.9762666666666666
1600,4i,150.0,24,0.1046,23,147.75,True,-0.13999999999998636,-0.30689999999999995,0.985
1605,4i,150.0,24,0.0159,24,145.1,True,-2.789999999999992,-0.36879999999999996,0.9673333333333333
1610,4i,150.0,25,0.637,24,144.9,False,-2.9899999999999807,-0.4832000000000001,0.9660000000000001
1615,4i,150.0,25,0.5407,24,144.89,False,-2.930000000000007,-0.5078,0.9659333333333332
1620,4i,150.0,25,0.0243,24,144.89,False,-0.7900000000000205,-1.4613,0.9659333333333332
1625,4i,150.0,21,0.0,21,144.89,False,-1.5500000000000114,-0.7461,0.9659333333333332
1630,4i,150.0,21,0.0,21,144.89,False,-2.8600000000000136,-0.1046,0.9659333333333332
1635,4i,150.0,22,1.1739,21,144.89,False,-0.21000000000000796,1.158,0.9659333333333332
1640,4i,150.0,23,1.2966,21,144.89,False,-0.010000000000019327,0.6596,0.9659333333333332
1645,4i,150.0,22,0.8645,21,144.89,False,0.0,0.3238000000000001,0.9659333333333332
1650,4i,150.0,21,0.0,21,144.89,False,0.0,-0.0243,0.9659333333333332
1655,4i,150.0,19,0.122,18,144.89,False,0.0,0.122,0.9659333333333332
1660,4i,150.0,18,0.581,14,144.89,False,0.0,0.581,0.9659333333333332
1665,4i,150.0,18,0.5609,13,144.89,False,0.0,-0.613,0.9659333333333332
1670,4i,150.0,19,1.2885,12,144.89,False,0.0,-0.008099999999999996,0.9659333333333332
1675,4i,150.0,19,1.4219,11,144.44,False,-0.44999999999998863,0.5573999999999999,0.9629333333333333
1680,4i,150.0,21,1.7758,13,149.77,True,4.880000000000024,1.7758,0.9984666666666667
1685,4i,150.0,22,0.8962,16,118.55,False,-26.33999999999999,0.7742,0.7903333333333333
1690,4i,150.0,23,0.1743,20,137.63,False,-7.259999999999991,-0.40669999999999995,0.9175333333333333
1695,4i,150.0,24,0.0142,24,149.3,True,4.410000000000025,-0.5467,0.9953333333333334
1700,4i,150.0,25,0.582,24,148.91,True,4.02000000000001,-0.7065,0.9927333333333334
1705,4i,150.0,25,0.6351,24,148.89,True,4.449999999999989,-0.7867999999999999,0.9925999999999999
1710,4i,150.0,25,0.1733,24,148.89,True,-0.8800000000000239,-1.6025,0.9925999999999999
1715,4i,150.0,22,0.0,22,148.89,True,30.33999999999999,-0.8962,0.9925999999999999
1720,4i,150.0,22,0.0,22,148.89,True,11.259999999999991,-0.1743,0.9925999999999999
1725,4i,150.0,23,1.0427,22,148.89,True,-0.410000000000025,1.0285,0.9925999999999999
1730,4i,150.0,24,1.444,22,148.89,True,-0.020000000000010232,0.862,0.9925999999999999
1735,4i,150.0,23,0.7531,22,148.89,True,0.0,0.118,0.9925999999999999
1740,4i,150.0,23,0.1988,22,148.89,True,0.0,0.025499999999999995,0.9925999999999999
1745,4i,150.0,22,0.1759,21,148.89,True,0.0,0.1759,0.9925999999999999
1750,4i,150.0,21,0.564,18,148.89,True,0.0,0.564,0.9925999999999999
1755,4i,150.0,21,0.4468,16,148.89,True,0.0,-0.5959,0.9925999999999999
1760,4i,150.0,22,1.3953,14,148.89,True,0.0,-0.048699999999999966,0.9925999999999999
1765,4i,150.0,22,1.2272,13,148.88,True,-0.009999999999990905,0.4741000000000001,0.9925333333333333
1770,4i,150.0,23,1.7399,13,122.25,False,-26.639999999999986,1.5411,0.815
1775,4i,150.0,24,0.9465,17,109.75,False,-39.139999999999986,0.7706,0.7316666666666667
1780,4i,150.0,25,0.3688,20,124.58,False,-24.309999999999988,-0.19519999999999993,0.8305333333333333
1785,4i,150.0,26,0.0568,26,148.98,True,0.09000000000000341,-0.38999999999999996,0.9932
1790,4i,150.0,27,0.7296,26,147.26,True,-1.6299999999999955,-0.6657,0.9817333333333332
1795,4i,150.0,27,0.608,26,147.19,True,-1.6899999999999977,-0.6192000000000001,0.9812666666666666
1800,4i,150.0,30,1.8131,26,147.18,True,24.930000000000007,0.07319999999999993,0.9812000000000001
1805,4i,150.0,29,2.1647,23,147.18,True,37.43000000000001,1.2182,0.9812000000000001
1810,4i,150.0,28,0.6536,23,147.18,True,22.60000000000001,0.28479999999999994,0.9812000000000001
1815,4i,150.0,29,1.0139,25,147.18,True,-1.799999999999983,0.9571000000000001,0.9812000000000001
1820,4i,150.0,30,1.1114,27,147.18,True,-0.07999999999998408,0.3817999999999999,0.9812000000000001
1825,4i,150.0,29,0.474,28,147.18,True,-0.009999999999990905,-0.134,0.9812000000000001
1830,4i,150.0,29,0.0351,28,147.18,True,0.0,-1.778,0.9812000000000001
1835,4i,150.0,28,0.0117,28,147.18,True,0.0,-2.153,0.9812000000000001
1840,4i,150.0,27,0.2337,25,147.18,True,0.0,-0.41989999999999994,0.9812000000000001
1845,4i,150.0,27,0.0636,26,147.18,True,0.0,-0.9503,0.9812000000000001
1850,4i,150.0,28,0.5951,27,147.18,True,0.0,-0.5163,0.9812000000000001
1855,4i,150.0,28,0.5758,25,147.18,True,0.0,0.1018,0.9812000000000001
1860,4i,150.0,29,1.0602,23,147.18,True,0.0,1.0251000000000001,0.9812000000000001
1865,4i,150.0,29,0.7563,25,147.18,True,0.0,0.7445999999999999,0.9812000000000001
1870,4i,150.0,29,0.1749,26,147.18,True,0.0,-0.05879999999999999,0.9812000000000001
1875,4i,150.0,29,0.171,28,147.16,True,-0.020000000000010232,0.10740000000000001,0.9810666666666666
1880,4i,150.0,30,0.1278,30,149.89,True,2.7099999999999795,-0.46729999999999994,0.9992666666666665
1885,4i,150.0,31,0.4291,30,147.59,True,0.4099999999999966,-0.1467,0.9839333333333333
1890,4i,150.0,32,0.2366,31,149.89,True,2.7099999999999795,-0.8236,0.9992666666666665
1895,4i,150.0,31,0.0781,30,149.19,True,2.009999999999991,-0.6781999999999999,0.9946
1900,4i,150.0,31,0.0003,31,149.15,True,1.9699999999999989,-0.1746,0.9943333333333334
1905,4i,150.0,32,0.7548,31,149.15,True,1.990000000000009,0.5838,0.9943333333333334
1910,4i,150.0,33,0.98,31,149.15,True,-0.7399999999999807,0.8522,0.9943333333333334
1915,4i,150.0,32,0.3211,31,149.15,True,1.5600000000000023,-0.10799999999999998,0.9943333333333334
1920,4i,150.0,32,0.0067,31,149.15,True,-0.7399999999999807,-0.2299,0.9943333333333334
1925,4i,150.0,30,0.1011,28,149.15,True,-0.03999999999999204,0.022999999999999993,0.9943333333333334
1930,4i,150.0,29,0.3811,24,149.15,True,0.0,0.38079999999999997,0.9943333333333334
1935,4i,150.0,29,0.2368,26,149.15,True,0.0,-0.518,0.9943333333333334
1940,4i,150.0,30,0.7516,26,149.15,True,0.0,-0.22839999999999994,0.9943333333333334
1945,4i,150.0,30,0.5414,28,149.15,True,0.0,0.2203,0.9943333333333334
1950,4i,150.0,30,0.2173,27,149.12,True,-0.030000000000001137,0.21059999999999998,0.9941333333333333
1955,4i,150.0,31,0.7142,28,148.33,True,-0.8199999999999932,0.6131,0.9888666666666668
1960,4i,150.0,32,0.5954,29,144.32,False,-4.8300000000000125,0.21430000000000005,0.9621333333333333
1965,4i,150.0,32,0.0663,31,145.88,True,-3.2700000000000102,-0.1705,0.9725333333333332
1970,4i,150.0,34,0.4386,33,149.22,True,0.06999999999999318,-0.31300000000000006,0.9948
1975,4i,150.0,34,0.3701,33,149.15,True,0.0,-0.1713,0.9943333333333334
1980,4i,150.0,34,0.0005,33,149.15,True,0.030000000000001137,-0.2168,0.9943333333333334
1985,4i,150.0,33,0.0,33,149.15,True,0.8199999999999932,-0.7142,0.9943333333333334
1990,4i,150.0,33,0.0,33,149.15,True,4.8300000000000125,-0.5954,0.9943333333333334
1995,4i,150.0,34,0.6356,33,149.15,True,3.2700000000000102,0.5693,0.9943333333333334
2000,4i,150.0,35,0.8943,33,149.15,True,-0.06999999999999318,0.4557,0.9943333333333334
2005,4i,150.0,34,0.2842,33,149.15,True,0.0,-0.08589999999999998,0.9943333333333334
2010,4i,150.0,34,0.0089,34,149.15,True,0.0,0.0084,0.9943333333333334
2015,4i,150.0,32,0.0792,31,149.15,True,0.0,0.0792,0.9943333333333334
2020,4i,150.0,31,0.3007,28,149.15,True,0.0,0.3007,0.9943333333333334
2025,4i,150.0,31,0.3611,26,149.15,True,0.0,-0.2745000000000001,0.9943333333333334
2030,4i,150.0,32,0.9618,25,149.15,True,0.0,0.0675,0.9943333333333334
2035,4i,150.0,32,0.7636,24,149.15,True,0.0,0.47939999999999994,0.9943333333333334
2040,4i,150.0,32,0.4616,23,149.14,True,-0.010000000000019327,0.4527,0.9942666666666665
2045,4i,150.0,33,0.866,24,148.36,True,-0.789999999999992,0.7867999999999999,0.9890666666666668
2050,4i,150.0,34,0.7982,26,105.25,False,-43.900000000000006,0.4975,0.7016666666666667
2055,4i,150.0,34,0.2414,29,119.69,False,-29.460000000000008,-0.11969999999999997,0.7979333333333333
2060,4i,150.0,37,0.5585,34,136.51,False,-12.640000000000015,-0.4033,0.9100666666666666
2065,4i,150.0,37,0.3312,36,146.47,True,-2.680000000000007,-0.43239999999999995,0.9764666666666667
2070,4i,150.0,37,0.004,36,146.14,True,-3.0,-0.4576,0.9742666666666666
2075,4i,150.0,34,0.1548,32,146.11,True,-2.25,-0.7112,0.9740666666666667
2080,4i,150.0,33,0.9229,28,146.11,True,40.860000000000014,0.12470000000000003,0.9740666666666667
2085,4i,150.0,33,1.6568,27,146.11,True,26.420000000000016,1.4154,0.9740666666666667
2090,4i,150.0,33,2.3513,27,146.11,True,9.600000000000023,1.7928000000000002,0.9740666666666667
2095,4i,150.0,33,1.1703,29,146.11,True,-0.3599999999999852,0.8391,0.9740666666666667
2100,4i,150.0,32,0.0583,31,146.11,True,-0.029999999999972715,0.0543,0.9740666666666667
2105,4i,150.0,31,0.0837,30,146.11,True,0.0,-0.0711,0.9740666666666667
2110,4i,150.0,30,0.1915,28,146.11,True,0.0,-0.7314,0.9740666666666667
2115,4i,150.0,30,0.4315,25,146.11,True,0.0,-1.2253,0.9740666666666667
2120,4i,150.0,31,0.6113,27,146.11,True,0.0,-1.7400000000000002,0.9740666666666667
2125,4i,150.0,31,0.6669,29,146.11,True,0.0,-0.5033999999999998,0.9740666666666667
2130,4i,150.0,32,1.0751,28,146.11,True,0.0,1.0168,0.9740666666666667
2135,4i,150.0,32,0.697,29,146.11,True,0.0,0.6133,0.9740666666666667
2140,4i,150.0,32,0.2245,29,145.54,True,-0.5700000000000216,0.033,0.9702666666666666
2145,4i,150.0,32,0.0854,32,142.3,False,-3.8100000000000023,-0.34609999999999996,0.9486666666666668
2150,4i,150.0,34,0.4619,33,147.5,True,1.3899999999999864,-0.14939999999999998,0.9833333333333333
2155,4i,150.0,34,0.4588,33,147.11,True,1.0,-0.20810000000000006,0.9807333333333335
2160,4i,150.0,34,0.076,33,147.07,True,0.9599999999999795,-0.9991,0.9804666666666666
2165,4i,150.0,33,0.0,33,147.07,True,0.9599999999999795,-0.697,0.9804666666666666
2170,4i,150.0,33,0.0,33,147.07,True,1.5300000000000011,-0.2245,0.9804666666666666
2175,4i,150.0,34,0.6726,33,147.07,True,4.769999999999982,0.5871999999999999,0.9804666666666666
2180,4i,150.0,35,0.8886,33,147.07,True,-0.4300000000000068,0.42669999999999997,0.9804666666666666
2185,4i,150.0,34,0.3577,33,147.07,True,-0.040000000000020464,-0.10109999999999997,0.9804666666666666
2190,4i,150.0,34,0.149,33,147.07,True,0.0,0.073,0.9804666666666666
2195,4i,150.0,32,0.0684,31,147.07,True,0.0,0.0684,0.9804666666666666
2200,4i,150.0,31,0.6251,24,147.07,True,0.0,0.6251,0.9804666666666666
2205,4i,150.0,31,0.2659,26,147.07,True,0.0,-0.40669999999999995,0.9804666666666666
2210,4i,150.0,31,0.2811,27,147.07,True,0.0,-0.6074999999999999,0.9804666666666666
2215,4i,150.0,32,0.5916,25,147.07,True,0.0,0.2339,0.9804666666666666
2220,4i,150.0,32,0.4421,25,147.07,True,0.0,0.2931,0.9804666666666666
2225,4i,150.0,33,0.8108,26,146.97,True,-0.09999999999999432,0.7424,0.9798
2230,4i,150.0,33,0.6836,27,145.32,True,-1.75,0.058499999999999996,0.9688
2235,4i,150.0,34,0.1815,31,148.68,True,1.6100000000000136,-0.08440000000000003,0.9912000000000001
2240,4i,150.0,35,0.5051,33,136.32,False,-10.75,0.22399999999999998,0.9087999999999999
2245,4i,150.0,35,0.3654,34,143.09,False,-3.9799999999999898,-0.2262,0.9539333333333334
2250,4i,150.0,35,0.0057,34,143.07,False,-4.0,-0.4364,0.9538
2255,4i,150.0,32,0.2214,30,143.07,False,-3.9000000000000057,-0.5893999999999999,0.9538
2260,4i,150.0,30,0.2642,28,143.07,False,-2.25,-0.4194,0.9538
2265,4i,150.0,30,1.102,28,143.07,False,-5.610000000000014,0.9205000000000001,0.9538
2270,4i,150.0,30,1.0088,28,143.07,False,6.75,0.5036999999999999,0.9538
2275,4i,150.0,29,0.4841,28,143.07,False,-0.020000000000010232,0.11869999999999997,0.9538
2280,4i,150.0,29,0.243,28,143.07,False,0.0,0.23729999999999998,0.9538
2285,4i,150.0,27,0.0562,26,143.07,False,0.0,-0.1652,0.9538
2290,4i,150.0,26,0.392,22,143.07,False,0.0,0.12780000000000002,0.9538
2295,4i,150.0,26,0.3933,21,143.07,False,0.0,-0.7087000000000001,0.9538
2300,4i,150.0,27,1.0844,21,143.07,False,0.0,0.07560000000000011,0.9538
2305,4i,150.0,27,0.9724,20,143.07,False,0.0,0.48830000000000007,0.9538
2310,4i,150.0,28,1.3908,19,143.07,False,0.0,1.1478000000000002,0.9538
2315,4i,150.0,29,0.8884,21,149.68,True,6.610000000000014,0.8321999999999999,0.9978666666666667
2320,4i,150.0,29,0.3858,22,146.85,True,3.780000000000001,-0.006200000000000039,0.979
2325,4i,150.0,30,0.1986,28,130.45,False,-12.620000000000005,-0.19469999999999998,0.8696666666666666
2330,4i,150.0,30,0.0426,30,142.96,False,-0.10999999999998522,-1.0418,0.9530666666666667
2335,4i,150.0,32,0.5352,31,149.19,True,6.1200000000000045,-0.43720000000000003,0.9946
2340,4i,150.0,32,0.1584,31,149.07,True,6.0,-1.2324,0.9937999999999999
2345,4i,150.0,29,0.2002,28,149.07,True,-0.6100000000000136,-0.6881999999999999,0.9937999999999999
2350,4i,150.0,29,0.5285,28,149.07,True,2.219999999999999,0.1427,0.9937999999999999
2355,4i,150.0,31,1.3054,28,149.07,True,18.620000000000005,1.1067999999999998,0.9937999999999999
2360,4i,150.0,32,1.4078,29,149.07,True,6.109999999999985,1.3652,0.9937999999999999
2365,4i,150.0,33,0.7536,30,149.07,True,-0.12000000000000455,0.21840000000000004,0.9937999999999999
2370,4i,150.0,32,0.2246,31,149.07,True,0.0,0.06619999999999998,0.9937999999999999
2375,4i,150.0,30,0.0689,28,149.07,True,0.0,-0.13129999999999997,0.9937999999999999
2380,4i,150.0,29,0.3454,24,149.07,True,0.0,-0.18309999999999998,0.9937999999999999
2385,4i,150.0,29,0.1861,25,149.07,True,0.0,-1.1193,0.9937999999999999
2390,4i,150.0,29,0.1672,25,149.07,True,0.0,-1.2406,0.9937999999999999
2395,4i,150.0,30,0.5493,28,149.07,True,0.0,-0.20430000000000004,0.9937999999999999
2400,4i,150.0,31,1.1446,28,149.07,True,0.0,0.92,0.9937999999999999
2405,4i,150.0,31,0.8273,28,149.01,True,-0.060000000000002274,0.7584000000000001,0.9934
2410,4i,150.0,31,0.2718,28,148.22,True,-0.8499999999999943,-0.0736,0.9881333333333333
2415,4i,150.0,31,0.0822,31,144.6,False,-4.469999999999999,-0.10389999999999999,0.964
2420,4i,150.0,33,0.5354,32,149.98,True,0.9099999999999966,0.36819999999999997,0.9998666666666666
2425,4i,150.0,33,0.4277,32,149.42,True,0.3499999999999943,-0.12159999999999999,0.9961333333333332
2430,4i,150.0,33,0.053,32,149.38,True,0.3100000000000023,-1.0916000000000001,0.9958666666666667
2435,4i,150.0,31,0.195,29,149.38,True,0.37000000000000455,-0.6323000000000001,0.9958666666666667
2440,4i,150.0,29,0.0,29,149.38,True,1.1599999999999966,-0.2718,0.9958666666666667
2445,4i,150.0,30,0.8749,29,149.38,True,4.780000000000001,0.7927,0.9958666666666667
2450,4i,150.0,31,1.0457,29,149.38,True,-0.5999999999999943,0.5103000000000001,0.9958666666666667
2455,4i,150.0,30,0.5,29,149.38,True,-0.03999999999999204,0.07229999999999998,0.9958666666666667
2460,4i,150.0,30,0.237,29,149.38,True,0.0,0.184,0.9958666666666667
2465,4i,150.0,28,0.0211,28,149.38,True,0.0,-0.1739,0.9958666666666667
2470,4i,150.0,28,0.193,25,149.38,True,0.0,0.193,0.9958666666666667
2475,4i,150.0,28,0.2252,24,149.38,True,0.0,-0.6496999999999999,0.9958666666666667
2480,4i,150.0,29,0.7184,24,149.38,True,0.0,-0.32730000000000004,0.9958666666666667
2485,4i,150.0,29,0.8186,25,149.38,True,0.0,0.3186,0.9958666666666667
2490,4i,150.0,30,1.1651,25,149.38,True,0.0,0.9281,0.9958666666666667
2495,4i,150.0,30,0.6227,26,149.15,True,-0.22999999999998977,0.6016,0.9943333333333334
2500,4i,150.0,30,0.1431,26,146.78,True,-2.5999999999999943,-0.0499,0.9785333333333334
2505,4i,150.0,30,0.0382,30,142.29,False,-7.090000000000003,-0.187,0.9486
2510,4i,150.0,30,0.0028,30,141.44,False,-7.939999999999998,-0.7156,0.9429333333333333
2515,4i,150.0,31,0.4535,30,141.35,False,-8.030000000000001,-0.3651,0.9423333333333332
2520,4i,150.0,31,0.2217,30,141.35,False,-8.030000000000001,-0.9434,0.9423333333333332
2525,4i,150.0,28,0.1907,27,141.35,False,-7.800000000000011,-0.43200000000000005,0.9423333333333332
2530,4i,150.0,27,0.0,27,141.35,False,-5.430000000000007,-0.1431,0.9423333333333332
2535,4i,150.0,27,0.0,27,141.35,False,-0.9399999999999977,-0.0382,0.9423333333333332
2540,4i,150.0,29,1.0893,27,141.35,False,-0.09000000000000341,1.0865,0.9423333333333332
2545,4i,150.0,29,1.0058,27,141.35,False,0.0,0.5523,0.9423333333333332
2550,4i,150.0,29,0.3514,27,141.35,False,0.0,0.12969999999999998,0.9423333333333332
2555,4i,150.0,28,0.0575,27,141.35,False,0.0,-0.1332,0.9423333333333332
2560,4i,150.0,28,0.3119,23,141.35,False,0.0,0.3119,0.9423333333333332
2565,4i,150.0,28,0.4005,22,141.35,False,0.0,0.4005,0.9423333333333332
2570,4i,150.0,29,0.8919,23,141.35,False,0.0,-0.1973999999999999,0.9423333333333332
2575,4i,150.0,29,0.8514,23,141.35,False,0.0,-0.15439999999999998,0.9423333333333332
2580,4i,150.0,30,1.2258,23,141.34,False,-0.009999999999990905,0.8744000000000001,0.9422666666666667
2585,4i,150.0,30,0.627,25,140.48,False,-0.8700000000000045,0.5695,0.9365333333333332
2590,4i,150.0,30,0.2552,27,108.94,False,-32.41,-0.05670000000000003,0.7262666666666666
2595,4i,150.0,31,0.0948,30,129.37,False,-11.97999999999999,-0.3057,0.8624666666666667
2600,4i,150.0,33,0.6004,32,149.75,True,8.400000000000006,-0.2915,0.9983333333333333
2605,4i,150.0,33,0.495,32,149.1,True,7.75,-0.35640000000000005,0.994
2610,4i,150.0,33,0.136,32,149.07,True,7.72999999999999,-1.0897999999999999,0.9937999999999999
2615,4i,150.0,29,0.0656,28,149.07,True,8.590000000000003,-0.5614,0.9937999999999999
2620,4i,150.0,28,0.0,28,149.07,True,40.129999999999995,-0.2552,0.9937999999999999
2625,4i,150.0,29,0.8344,28,149.07,True,19.69999999999999,0.7396,0.9937999999999999
2630,4i,150.0,29,0.5989,28,149.07,True,-0.6800000000000068,-0.0015000000000000568,0.9937999999999999
2635,4i,150.0,29,0.5605,28,149.07,True,-0.030000000000001137,0.0655,0.9937999999999999
2640,4i,150.0,29,0.2724,28,149.07,True,0.0,0.13639999999999997,0.9937999999999999
2645,4i,150.0,27,0.0467,26,149.07,True,0.0,-0.018900000000000007,0.9937999999999999
2650,4i,150.0,26,0.3318,22,149.07,True,0.0,0.3318,0.9937999999999999
2655,4i,150.0,26,0.3373,21,149.07,True,0.0,-0.49710000000000004,0.9937999999999999
2660,4i,150.0,27,0.9235,21,149.07,True,0.0,0.3246,0.9937999999999999
2665,4i,150.0,27,0.9772,20,149.07,True,0.0,0.41669999999999996,0.9937999999999999
2670,4i,150.0,28,1.3231,22,149.07,True,0.0,1.0507,0.9937999999999999
2675,4i,150.0,28,0.8384,22,148.31,True,-0.7599999999999909,0.7917000000000001,0.9887333333333334
2680,4i,150.0,29,0.3588,24,109.81,False,-39.25999999999999,0.027000000000000024,0.7320666666666666
2685,4i,150.0,30,0.0996,27,130.12,False,-18.94999999999999,-0.2377,0.8674666666666667
2690,4i,150.0,32,0.532,31,149.18,True,0.11000000000001364,-0.39149999999999996,0.9945333333333334
2695,4i,150.0,32,0.4885,31,148.55,True,-0.5199999999999818,-0.48869999999999997,0.9903333333333334
2700,4i,150.0,32,0.1319,31,148.46,True,-0.6099999999999852,-1.1912,0.9897333333333334
2705,4i,150.0,29,0.1628,28,148.46,True,0.15000000000000568,-0.6756,0.9897333333333334
2710,4i,150.0,28,0.0,28,148.46,True,38.650000000000006,-0.3588,0.9897333333333334
2715,4i,150.0,28,0.0,28,148.46,True,18.340000000000003,-0.0996,0.9897333333333334
2720,4i,150.0,29,0.6598,28,148.46,True,-0.7199999999999989,0.12780000000000002,0.9897333333333334
2725,4i,150.0,30,1.0202,28,148.46,True,-0.09000000000000341,0.5317000000000001,0.9897333333333334
2730,4i,150.0,30,0.27,28,148.46,True,0.0,0.13810000000000003,0.9897333333333334
2735,4i,150.0,28,0.047,27,148.46,True,0.0,-0.1158,0.9897333333333334
2740,4i,150.0,27,0.397,23,148.46,True,0.0,0.397,0.9897333333333334
2745,4i,150.0,27,0.4007,22,148.46,True,0.0,0.4007,0.9897333333333334
2750,4i,150.0,28,0.9579,22,148.46,True,0.0,0.2980999999999999,0.9897333333333334
2755,4i,150.0,28,0.8924,21,148.46,True,0.0,-0.12780000000000002,0.9897333333333334
2760,4i,150.0,28,0.5377,22,148.46,True,0.0,0.26769999999999994,0.9897333333333334
2765,4i,150.0,29,0.8068,21,147.57,True,-0.8900000000000148,0.7597999999999999,0.9838
2770,4i,150.0,29,0.5814,23,130.69,False,-17.77000000000001,0.1844,0.8712666666666666
2775,4i,150.0,29,0.2581,27,131.03,False,-17.430000000000007,-0.1426,0.8735333333333334
2780,4i,150.0,30,0.0524,29,147.0,True,-1.460000000000008,-0.9055,0.98
2785,4i,150.0,31,0.5309,30,146.79,True,-1.670000000000016,-0.36149999999999993,0.9785999999999999
2790,4i,150.0,31,0.1549,30,146.78,True,-1.6800000000000068,-0.3827999999999999,0.9785333333333334
2795,4i,150.0,28,0.3088,26,146.78,True,-0.789999999999992,-0.49799999999999994,0.9785333333333334
2800,4i,150.0,26,0.0,26,146.78,True,16.090000000000003,-0.5814,0.9785333333333334
2805,4i,150.0,27,0.8703,26,146.78,True,15.75,0.6122,0.9785333333333334
2810,4i,150.0,27,0.6566,26,146.78,True,-0.21999999999999886,0.6042,0.9785333333333334
2815,4i,150.0,27,0.6382,26,146.78,True,-0.009999999999990905,0.10729999999999995,0.9785333333333334
2820,4i,150.0,27,0.3126,26,146.78,True,0.0,0.15769999999999998,0.9785333333333334
2825,4i,150.0,25,0.0574,24,146.78,True,0.0,-0.2514,0.9785333333333334
2830,4i,150.0,24,0.3365,21,146.78,True,0.0,0.3365,0.9785333333333334
2835,4i,150.0,24,0.3577,20,146.78,True,0.0,-0.5126,0.9785333333333334
2840,4i,150.0,25,1.0286,19,146.78,True,0.0,0.372,0.9785333333333334
2845,4i,150.0,25,0.9645,20,146.78,True,0.0,0.32630000000000003,0.9785333333333334
2850,4i,150.0,25,0.5761,20,146.67,True,-0.11000000000001364,0.26349999999999996,0.9777999999999999
2855,4i,150.0,27,0.9385,20,149.73,True,2.9499999999999886,0.8811,0.9982
2860,4i,150.0,28,0.7762,24,124.36,False,-22.42,0.4397,0.8290666666666666
2865,4i,150.0,28,0.1235,26,144.4,False,-2.3799999999999955,-0.23420000000000002,0.9626666666666667
2870,4i,150.0,29,0.0143,29,149.98,True,3.1999999999999886,-1.0143,0.9998666666666666
2875,4i,150.0,30,0.456,29,149.78,True,3.0,-0.5085,0.9985333333333334
2880,4i,150.0,30,0.2352,29,149.78,True,3.1100000000000136,-0.3409,0.9985333333333334
2885,4i,150.0,27,0.209,26,149.78,True,0.05000000000001137,-0.7295,0.9985333333333334
2890,4i,150.0,26,0.0,26,149.78,True,25.42,-0.7762,0.9985333333333334
2895,4i,150.0,27,0.9672,26,149.78,True,5.3799999999999955,0.8436999999999999,0.9985333333333334
2900,4i,150.0,28,1.0547,26,149.78,True,-0.19999999999998863,1.0404,0.9985333333333334
2905,4i,150.0,27,0.6412,26,149.78,True,0.0,0.18519999999999998,0.9985333333333334
2910,4i,150.0,27,0.1849,26,149.78,True,0.0,-0.050299999999999984,0.9985333333333334
2915,4i,150.0,25,0.0516,24,149.78,True,0.0,-0.15739999999999998,0.9985333333333334
2920,4i,150.0,24,0.4593,20,149.78,True,0.0,0.4593,0.9985333333333334
2925,4i,150.0,24,0.4576,19,149.78,True,0.0,-0.5095999999999999,0.9985333333333334
2930,4i,150.0,24,0.4692,18,149.78,True,0.0,-0.5854999999999999,0.9985333333333334
2935,4i,150.0,25,1.1018,17,149.78,True,0.0,0.4605999999999999,0.9985333333333334
2940,4i,150.0,26,1.5975,19,149.62,True,-0.1599999999999966,1.4125999999999999,0.9974666666666667
2945,4i,150.0,26,0.8226,19,146.88,True,-2.9000000000000057,0.771,0.9792
2950,4i,150.0,28,0.8061,21,107.29,False,-42.489999999999995,0.34680000000000005,0.7152666666666667
2955,4i,150.0,30,1.1544,27,142.57,False,-7.210000000000008,0.6968000000000001,0.9504666666666666
2960,4i,150.0,32,1.704,28,145.93,True,-3.8499999999999943,1.2348,0.9728666666666667
2965,4i,150.0,35,1.9772,29,145.78,True,-4.0,0.8754000000000002,0.9718666666666667
2970,4i,150.0,37,1.6751,32,145.78,True,-3.8400000000000034,0.07760000000000011,0.9718666666666667
2975,4i,150.0,34,0.3863,31,145.78,True,-1.0999999999999943,-0.4363,0.9718666666666667
2980,4i,150.0,35,0.3961,34,145.78,True,38.489999999999995,-0.41000000000000003,0.9718666666666667
2985,4i,150.0,36,0.6807,34,145.78,True,3.210000000000008,-0.4737000000000001,0.9718666666666667
2990,4i,150.0,36,0.4381,35,145.78,True,-0.15000000000000568,-1.2659,0.9718666666666667
2995,4i,150.0,36,0.3376,35,145.78,True,0.0,-1.6396000000000002,0.9718666666666667
3000,4i,150.0,36,0.0154,35,145.78,True,0.0,-1.6597,0.9718666666666667
3005,4i,150.0,34,0.1002,32,145.78,True,0.0,-0.28609999999999997,0.9718666666666667
3010,4i,150.0,33,0.2146,28,145.78,True,0.0,-0.1815,0.9718666666666667
3015,4i,150.0,33,0.0021,33,145.78,True,0.0,-0.6786,0.9718666666666667
3020,4i,150.0,33,0.1691,31,145.78,True,0.0,-0.269,0.9718666666666667
3025,4i,150.0,34,0.4727,30,145.78,True,0.0,0.1351,0.9718666666666667
3030,4i,150.0,35,0.7057,31,145.78,True,0.0,0.6903,0.9718666666666667
3035,4i,150.0,35,0.4936,33,145.78,True,0.0,0.39339999999999997,0.9718666666666667
3040,4i,150.0,35,0.081,34,145.78,True,0.0,-0.1336,0.9718666666666667
3045,4i,150.0,35,0.0329,34,145.78,True,0.0,0.030799999999999998,0.9718666666666667
3050,4i,150.0,35,0.2757,33,145.78,True,0.0,0.1066,0.9718666666666667
3055,4i,150.0,36,0.3578,32,145.78,True,0.0,-0.1149,0.9718666666666667
3060,4i,150.0,36,0.1787,33,145.78,True,0.0,-0.527,0.9718666666666667
3065,4i,150.0,35,0.189,31,145.74,True,-0.03999999999999204,-0.3046,0.9716
3070,4i,150.0,35,0.0695,34,143.88,False,-1.9000000000000057,-0.011499999999999996,0.9591999999999999
3075,4i,150.0,35,0.0107,35,141.46,False,-4.319999999999993,-0.022199999999999998,0.9430666666666667
3080,4i,150.0,37,0.9335,35,141.19,False,-4.590000000000003,0.6577999999999999,0.9412666666666667
3085,4i,150.0,37,0.5463,35,141.18,False,-4.599999999999994,0.1885,0.9412
3090,4i,150.0,37,0.1192,36,141.18,False,-4.599999999999994,-0.0595,0.9412
3095,4i,150.0,35,0.085,34,141.18,False,-4.560000000000002,-0.104,0.9412
3100,4i,150.0,34,0.1531,31,141.18,False,-2.6999999999999886,0.08360000000000001,0.9412
3105,4i,150.0,34,0.0162,34,141.18,False,-0.28000000000000114,0.0055,0.9412
3110,4i,150.0,34,0.0,34,141.18,False,-0.009999999999990905,-0.9335,0.9412
3115,4i,150.0,35,0.2694,34,141.18,False,0.0,-0.27690000000000003,0.9412
3120,4i,150.0,35,0.3526,30,141.18,False,0.0,0.23340000000000002,0.9412
3125,4i,150.0,36,0.5012,35,141.18,False,0.0,0.41619999999999996,0.9412
3130,4i,150.0,36,0.3916,34,141.18,False,0.0,0.2385,0.9412
3135,4i,150.0,36,0.2685,33,141.15,False,-0.030000000000001137,0.2523,0.9410000000000001
3140,4i,150.0,37,0.6994,33,139.77,False,-1.4099999999999966,0.6994,0.9318000000000001
3145,4i,150.0,37,0.2429,36,139.42,False,-1.7600000000000193,-0.026499999999999968,0.9294666666666666
3150,4i,150.0,37,0.0337,37,139.28,False,-1.9000000000000057,-0.3189,0.9285333333333333
3155,4i,150.0,33,0.0101,33,138.13,False,-3.0500000000000114,-0.4911,0.9208666666666666
3160,4i,150.0,33,0.0013,33,137.81,False,-3.3700000000000045,-0.3903,0.9187333333333334
3165,4i,150.0,33,0.0,33,137.77,False,-3.3799999999999955,-0.2685,0.9184666666666668
3170,4i,150.0,35,0.9418,33,137.77,False,-2.0,0.24239999999999995,0.9184666666666668
3175,4i,150.0,35,0.6189,33,137.77,False,-1.6499999999999773,0.376,0.9184666666666668
3180,4i,150.0,35,0.1349,34,137.77,False,-1.509999999999991,0.10119999999999998,0.9184666666666668
3185,4i,150.0,33,0.1169,31,137.77,False,-0.3599999999999852,0.1068,0.9184666666666668
3190,4i,150.0,31,0.2041,29,137.77,False,-0.03999999999999204,0.2028,0.9184666666666668
3195,4i,150.0,31,0.6401,25,137.77,False,0.0,0.6401,0.9184666666666668
3200,4i,150.0,31,0.108,31,137.77,False,0.0,-0.8338,0.9184666666666668
3205,4i,150.0,32,0.3568,31,137.77,False,0.0,-0.2621,0.9184666666666668
3210,4i,150.0,32,0.4964,28,137.77,False,0.0,0.36150000000000004,0.9184666666666668
3215,4i,150.0,33,0.8824,27,137.14,False,-0.6300000000000239,0.7655,0.9142666666666666
3220,4i,150.0,34,0.2954,32,147.8,True,10.030000000000001,0.09129999999999999,0.9853333333333334
3225,4i,150.0,34,0.0138,34,146.34,True,8.569999999999993,-0.6263,0.9756
3230,4i,150.0,35,0.5229,34,146.16,True,8.389999999999986,0.41490000000000005,0.9743999999999999
3235,4i,150.0,35,0.1825,34,146.14,True,8.369999999999976,-0.1743,0.9742666666666666
3240,4i,150.0,35,0.0036,35,146.14,True,8.369999999999976,-0.4928,0.9742666666666666
3245,4i,150.0,34,0.0661,33,146.14,True,9.0,-0.8162999999999999,0.9742666666666666
3250,4i,150.0,33,0.0,33,146.14,True,-1.660000000000025,-0.2954,0.9742666666666666
3255,4i,150.0,33,0.0,33,146.14,True,-0.20000000000001705,-0.0138,0.9742666666666666
3260,4i,150.0,35,0.9136,33,146.14,True,-0.020000000000010232,0.39069999999999994,0.9742666666666666
3265,4i,150.0,35,0.6556,33,146.14,True,0.0,0.47309999999999997,0.9742666666666666
3270,4i,150.0,35,0.1204,34,146.14,True,0.0,0.11679999999999999,0.9742666666666666
3275,4i,150.0,34,0.2188,31,146.14,True,0.0,0.1527,0.9742666666666666
3280,4i,150.0,32,0.3945,23,146.14,True,0.0,0.3945,0.9742666666666666
3285,4i,150.0,32,0.335,26,146.14,True,0.0,0.335,0.9742666666666666
3290,4i,150.0,32,0.3368,24,146.14,True,0.0,-0.5768,0.9742666666666666
3295,4i,150.0,33,0.5702,30,146.14,True,0.0,-0.08539999999999992,0.9742666666666666
3300,4i,150.0,34,0.8779,29,145.5,True,-0.6399999999999864,0.7575000000000001,0.97
3305,4i,150.0,35,0.6443,33,149.96,True,3.8200000000000216,0.4255,0.9997333333333334
3310,4i,150.0,35,0.2262,34,146.56,True,0.4200000000000159,-0.1683,0.9770666666666666
3315,4i,150.0,36,0.0508,36,149.38,True,3.240000000000009,-0.2842,0.9958666666666667
3320,4i,150.0,36,0.0178,36,147.64,True,1.5,-0.319,0.9842666666666666
3325,4i,150.0,37,0.212,36,147.18,True,1.0400000000000205,-0.3582000000000001,0.9812000000000001
3330,4i,150.0,37,0.0024,37,147.14,True,1.6399999999999864,-0.8755000000000001,0.9809333333333332
3335,4i,150.0,34,0.0,34,147.14,True,-2.8200000000000216,-0.6443,0.9809333333333332
3340,4i,150.0,34,0.0,34,147.14,True,0.5799999999999841,-0.2262,0.9809333333333332
3345,4i,150.0,35,0.4809,34,147.14,True,-2.240000000000009,0.4301,0.9809333333333332
3350,4i,150.0,35,0.5654,34,147.14,True,-0.5,0.5476,0.9809333333333332
3355,4i,150.0,35,0.1856,34,147.14,True,-0.040000000000020464,-0.026400000000000007,0.9809333333333332
3360,4i,150.0,35,0.0002,35,147.14,True,0.0,-0.0021999999999999997,0.9809333333333332
3365,4i,150.0,33,0.0023,33,147.14,True,0.0,0.0023,0.9809333333333332
3370,4i,150.0,31,0.492,25,147.14,True,0.0,0.492,0.9809333333333332
3375,4i,150.0,31,0.4504,24,147.14,True,0.0,-0.03049999999999997,0.9809333333333332
3380,4i,150.0,32,1.0512,19,147.14,True,0.0,0.4857999999999999,0.9809333333333332
3385,4i,150.0,32,0.578,24,147.14,True,0.0,0.39239999999999997,0.9809333333333332
3390,4i,150.0,33,0.8451,24,146.35,True,-0.789999999999992,0.8449,0.9756666666666667
3395,4i,150.0,34,0.7302,27,97.31,False,-49.829999999999984,0.7279,0.6487333333333334
3400,4i,150.0,35,0.238,31,134.27,False,-12.869999999999976,-0.254,0.8951333333333334
3405,4i,150.0,36,0.4577,35,143.52,False,-3.619999999999976,0.007299999999999973,0.9568000000000001
3410,4i,150.0,38,0.6653,35,142.51,False,-4.6299999999999955,-0.3858999999999999,0.9500666666666666
3415,4i,150.0,40,0.5265,37,142.48,False,-4.659999999999997,-0.05149999999999999,0.9498666666666666
3420,4i,150.0,43,0.4282,39,142.48,False,-3.8700000000000045,-0.41689999999999994,0.9498666666666666
3425,4i,150.0,41,0.1517,38,142.48,False,45.16999999999999,-0.5785,0.9498666666666666
3430,4i,150.0,39,0.377,35,142.48,False,8.20999999999998,0.139,0.9498666666666666
3435,4i,150.0,39,1.5383,26,142.48,False,-1.0400000000000205,1.0806,0.9498666666666666
3440,4i,150.0,37,1.8406,24,142.48,False,-0.030000000000001137,1.1753,0.9498666666666666
3445,4i,150.0,36,1.7309,22,142.48,False,0.0,1.2044000000000001,0.9498666666666666
3450,4i,150.0,35,1.0827,25,142.48,False,0.0,0.6545,0.9498666666666666
3455,4i,150.0,33,0.7185,27,142.48,False,0.0,0.5668,0.9498666666666666
3460,4i,150.0,32,0.6211,24,142.48,False,0.0,0.24409999999999998,0.9498666666666666
3465,4i,150.0,32,0.3004,29,142.48,False,0.0,-1.2379,0.9498666666666666
3470,4i,150.0,32,0.0083,32,142.48,False,0.0,-1.8323,0.9498666666666666
3475,4i,150.0,33,0.2775,32,142.48,False,0.0,-1.4534,0.9498666666666666
3480,4i,150.0,34,0.747,29,142.48,False,0.0,-0.3357,0.9498666666666666
3485,4i,150.0,34,0.4715,33,142.48,False,0.0,-0.24700000000000005,0.9498666666666666
3490,4i,150.0,34,0.5937,29,142.48,False,0.0,-0.02739999999999998,0.9498666666666666
3495,4i,150.0,34,0.1087,33,142.16,False,-0.3199999999999932,-0.19169999999999998,0.9477333333333333
3500,4i,150.0,35,0.5325,34,141.41,False,-1.0699999999999932,0.5242,0.9427333333333333
3505,4i,150.0,35,0.3587,34,141.01,False,-1.4699999999999989,0.0812,0.9400666666666666
3510,4i,150.0,35,0.0169,34,140.57,False,-1.9099999999999966,-0.7301,0.9371333333333333
3515,4i,150.0,31,0.2205,29,140.49,False,-1.9899999999999807,-0.251,0.9366000000000001
3520,4i,150.0,30,0.4462,25,140.48,False,-2.0,-0.14750000000000002,0.9365333333333332
3525,4i,150.0,31,0.922,26,140.48,False,-1.6800000000000068,0.8133,0.9365333333333332
3530,4i,150.0,31,0.5055,30,140.48,False,-0.9300000000000068,-0.027000000000000024,0.9365333333333332
3535,4i,150.0,31,0.4564,30,140.48,False,-0.5300000000000011,0.09769999999999995,0.9365333333333332
3540,4i,150.0,31,0.0364,30,140.48,False,-0.09000000000000341,0.019500000000000003,0.9365333333333332
3545,4i,150.0,30,0.1777,27,140.48,False,-0.010000000000019327,-0.042800000000000005,0.9365333333333332
3550,4i,150.0,28,0.1204,26,140.48,False,0.0,-0.3258,0.9365333333333332
3555,4i,150.0,28,0.4144,25,140.48,False,0.0,-0.5076,0.9365333333333332
3560,4i,150.0,29,0.5735,28,140.48,False,0.0,0.06800000000000006,0.9365333333333332
3565,4i,150.0,29,0.7781,25,140.48,False,0.0,0.32170000000000004,0.9365333333333332
3570,4i,150.0,30,1.0239,27,140.48,False,0.0,0.9875,0.9365333333333332
3575,4i,150.0,30,0.6274,29,140.05,False,-0.4299999999999784,0.4497,0.9336666666666668
3580,4i,150.0,30,0.1743,29,138.66,False,-1.8199999999999932,0.05390000000000002,0.9244
3585,4i,150.0,30,0.0083,30,137.73,False,-2.75,-0.4061,0.9181999999999999
3590,4i,150.0,31,0.4605,30,137.5,False,-2.9799999999999898,-0.11299999999999999,0.9166666666666666
3595,4i,150.0,31,0.4452,30,137.48,False,-3.0,-0.33290000000000003,0.9165333333333333
3600,4i,150.0,31,0.0132,30,137.48,False,-3.0,-1.0107,0.9165333333333333
