timestamp,approach_edge,camera_range_m,visible_vehicle_count,visible_mean_speed_mps,visible_queue_count,visible_queue_length_m,queue_reaches_camera_edge,visible_queue_length_m_change_30s,visible_mean_speed_mps_change_30s,visible_occupancy_fraction
0,1i,150.0,0,0.0,0,0.0,False,,,0.0
5,1i,150.0,0,0.0,0,0.0,False,,,0.0
10,1i,150.0,0,0.0,0,0.0,False,,,0.0
15,1i,150.0,3,25.1631,0,0.0,False,,,0.0
20,1i,150.0,3,13.5338,0,0.0,False,,,0.0
25,1i,150.0,3,0.5526,2,1.0,False,,,0.006666666666666667
30,1i,150.0,3,0.0,3,1.0,False,1.0,0.0,0.006666666666666667
35,1i,150.0,3,0.0,3,1.0,False,1.0,0.0,0.006666666666666667
40,1i,150.0,3,0.0,3,1.0,False,1.0,0.0,0.006666666666666667
45,1i,150.0,3,0.0,3,1.0,False,1.0,-25.1631,0.006666666666666667
50,1i,150.0,1,0.0,1,1.0,False,1.0,-13.5338,0.006666666666666667
55,1i,150.0,1,0.0,1,1.0,False,0.0,-0.5526,0.006666666666666667
60,1i,150.0,1,0.0,1,1.0,False,0.0,0.0,0.006666666666666667
65,1i,150.0,1,0.0,1,1.0,False,0.0,0.0,0.006666666666666667
70,1i,150.0,3,16.0553,1,1.0,False,0.0,16.0553,0.006666666666666667
75,1i,150.0,4,9.9066,1,1.0,False,0.0,9.9066,0.006666666666666667
80,1i,150.0,2,7.7382,1,1.0,False,0.0,7.7382,0.006666666666666667
85,1i,150.0,2,0.2382,1,1.0,False,0.0,0.2382,0.006666666666666667
90,1i,150.0,2,0.0,2,1.0,False,0.0,0.0,0.006666666666666667
95,1i,150.0,2,0.0,2,1.0,False,0.0,0.0,0.006666666666666667
100,1i,150.0,2,0.0,2,1.0,False,0.0,-16.0553,0.006666666666666667
105,1i,150.0,2,0.0,2,1.0,False,0.0,-9.9066,0.006666666666666667
110,1i,150.0,2,0.0,2,1.0,False,0.0,-7.7382,0.006666666666666667
115,1i,150.0,2,0.0,2,1.0,False,0.0,-0.2382,0.006666666666666667
120,1i,150.0,3,8.6911,2,1.0,False,0.0,8.6911,0.006666666666666667
125,1i,150.0,4,9.5603,2,1.0,False,0.0,9.5603,0.006666666666666667
130,1i,150.0,5,6.1394,2,1.0,False,0.0,6.1394,0.006666666666666667
135,1i,150.0,5,2.9484,4,15.05,False,14.05,2.9484,0.10033333333333334
140,1i,150.0,2,1.0995,0,0.0,False,-1.0,1.0995,0.0
145,1i,150.0,1,0.0,1,1.0,False,0.0,0.0,0.006666666666666667
150,1i,150.0,1,0.0,1,1.0,False,0.0,-8.6911,0.006666666666666667
155,1i,150.0,1,0.0,1,1.0,False,0.0,-9.5603,0.006666666666666667
160,1i,150.0,1,0.0,1,1.0,False,0.0,-6.1394,0.006666666666666667
165,1i,150.0,1,0.0,1,1.0,False,-14.05,-2.9484,0.006666666666666667
170,1i,150.0,0,0.0,0,0.0,False,0.0,-1.0995,0.0
175,1i,150.0,0,0.0,0,0.0,False,-1.0,0.0,0.0
180,1i,150.0,3,20.9938,0,0.0,False,-1.0,20.9938,0.0
185,1i,150.0,3,13.0885,0,0.0,False,-1.0,13.0885,0.0
190,1i,150.0,3,0.9054,1,1.0,False,0.0,0.9054,0.006666666666666667
195,1i,150.0,3,0.0,3,1.0,False,0.0,0.0,0.006666666666666667
200,1i,150.0,3,0.0,3,1.0,False,1.0,0.0,0.006666666666666667
205,1i,150.0,3,0.0,3,1.0,False,1.0,0.0,0.006666666666666667
210,1i,150.0,3,0.0,3,1.0,False,1.0,-20.9938,0.006666666666666667
215,1i,150.0,3,0.0,3,1.0,False,1.0,-13.0885,0.006666666666666667
220,1i,150.0,3,0.0,3,1.0,False,0.0,-0.9054,0.006666666666666667
225,1i,150.0,3,0.0,3,1.0,False,0.0,0.0,0.006666666666666667
230,1i,150.0,2,8.0976,1,1.0,False,0.0,8.0976,0.006666666666666667
235,1i,150.0,3,15.0344,1,1.0,False,0.0,15.0344,0.006666666666666667
240,1i,150.0,3,6.0272,1,1.0,False,0.0,6.0272,0.006666666666666667
245,1i,150.0,2,0.0367,2,8.05,False,7.050000000000001,0.0367,0.05366666666666667
250,1i,150.0,2,0.0001,2,8.0,False,7.0,0.0001,0.05333333333333334
255,1i,150.0,2,0.0,2,8.0,False,7.0,0.0,0.05333333333333334
260,1i,150.0,1,3.0902,0,0.0,False,-1.0,-5.0074000000000005,0.0
265,1i,150.0,0,0.0,0,0.0,False,-1.0,-15.0344,0.0
270,1i,150.0,0,0.0,0,0.0,False,-1.0,-6.0272,0.0
275,1i,150.0,0,0.0,0,0.0,False,-8.05,-0.0367,0.0
280,1i,150.0,1,26.2276,0,0.0,False,-8.0,26.2275,0.0
285,1i,150.0,1,11.6928,0,0.0,False,-8.0,11.6928,0.0
290,1i,150.0,3,13.1977,1,1.0,False,1.0,10.1075,0.006666666666666667
295,1i,150.0,3,4.2366,1,1.0,False,1.0,4.2366,0.006666666666666667
300,1i,150.0,3,0.0,3,1.0,False,1.0,0.0,0.006666666666666667
305,1i,150.0,3,0.0,3,1.0,False,1.0,0.0,0.006666666666666667
310,1i,150.0,3,0.0,3,1.0,False,1.0,-26.2276,0.006666666666666667
315,1i,150.0,3,0.0,3,1.0,False,1.0,-11.6928,0.006666666666666667
320,1i,150.0,1,0.0,1,1.0,False,0.0,-13.1977,0.006666666666666667
325,1i,150.0,1,0.0,1,1.0,False,0.0,-4.2366,0.006666666666666667
330,1i,150.0,1,0.0,1,1.0,False,0.0,0.0,0.006666666666666667
335,1i,150.0,1,0.0,1,1.0,False,0.0,0.0,0.006666666666666667
340,1i,150.0,2,8.3859,1,1.0,False,0.0,8.3859,0.006666666666666667
345,1i,150.0,4,13.5575,1,1.0,False,0.0,13.5575,0.006666666666666667
350,1i,150.0,3,6.7641,1,1.0,False,0.0,6.7641,0.006666666666666667
355,1i,150.0,2,0.0,2,1.0,False,0.0,0.0,0.006666666666666667
360,1i,150.0,2,0.0,2,1.0,False,0.0,0.0,0.006666666666666667
365,1i,150.0,2,0.0,2,1.0,False,0.0,0.0,0.006666666666666667
370,1i,150.0,2,0.0,2,1.0,False,0.0,-8.3859,0.006666666666666667
375,1i,150.0,2,0.0,2,1.0,False,0.0,-13.5575,0.006666666666666667
380,1i,150.0,2,0.0,2,1.0,False,0.0,-6.7641,0.006666666666666667
385,1i,150.0,3,8.9513,2,1.0,False,0.0,8.9513,0.006666666666666667
390,1i,150.0,3,4.3681,2,1.0,False,0.0,4.3681,0.006666666666666667
395,1i,150.0,3,0.0406,2,1.0,False,0.0,0.0406,0.006666666666666667
400,1i,150.0,5,7.4044,3,15.04,False,14.04,7.4044,0.10026666666666666
405,1i,150.0,5,2.3961,3,15.04,False,14.04,2.3961,0.10026666666666666
410,1i,150.0,2,1.8251,1,1.0,False,0.0,1.8251,0.006666666666666667
415,1i,150.0,1,0.0,1,1.0,False,0.0,-8.9513,0.006666666666666667
420,1i,150.0,1,0.0,1,1.0,False,0.0,-4.3681,0.006666666666666667
425,1i,150.0,1,0.0,1,1.0,False,0.0,-0.0406,0.006666666666666667
430,1i,150.0,1,0.0,1,1.0,False,-14.04,-7.4044,0.006666666666666667
435,1i,150.0,1,0.0,1,1.0,False,-14.04,-2.3961,0.006666666666666667
440,1i,150.0,1,22.7004,0,0.0,False,-1.0,20.8753,0.0
445,1i,150.0,1,9.4579,0,0.0,False,-1.0,9.4579,0.0
450,1i,150.0,1,0.0,1,1.0,False,0.0,0.0,0.006666666666666667
455,1i,150.0,3,11.5966,1,1.0,False,0.0,11.5966,0.006666666666666667
460,1i,150.0,3,2.0408,1,1.0,False,0.0,2.0408,0.006666666666666667
465,1i,150.0,3,0.0002,3,1.0,False,0.0,0.0002,0.006666666666666667
470,1i,150.0,3,0.0,3,1.0,False,1.0,-22.7004,0.006666666666666667
475,1i,150.0,3,0.0,3,1.0,False,1.0,-9.4579,0.006666666666666667
480,1i,150.0,3,0.0,3,1.0,False,0.0,0.0,0.006666666666666667
485,1i,150.0,3,0.0,3,1.0,False,0.0,-11.5966,0.006666666666666667
490,1i,150.0,3,0.0,3,1.0,False,0.0,-2.0408,0.006666666666666667
495,1i,150.0,4,4.2639,3,1.0,False,0.0,4.263699999999999,0.006666666666666667
500,1i,150.0,1,0.0,1,1.0,False,0.0,0.0,0.006666666666666667
505,1i,150.0,3,18.221,1,1.0,False,0.0,18.221,0.006666666666666667
510,1i,150.0,3,9.9779,1,1.0,False,0.0,9.9779,0.006666666666666667
515,1i,150.0,2,0.5834,1,1.0,False,0.0,0.5834,0.006666666666666667
520,1i,150.0,2,0.0001,2,5.0,False,4.0,0.0001,0.03333333333333333
525,1i,150.0,2,0.0,2,5.0,False,4.0,-4.2639,0.03333333333333333
530,1i,150.0,0,0.0,0,0.0,False,-1.0,0.0,0.0
535,1i,150.0,0,0.0,0,0.0,False,-1.0,-18.221,0.0
540,1i,150.0,0,0.0,0,0.0,False,-1.0,-9.9779,0.0
545,1i,150.0,1,25.2291,0,0.0,False,-1.0,24.645699999999998,0.0
550,1i,150.0,1,12.3486,0,0.0,False,-5.0,12.3485,0.0
555,1i,150.0,1,0.0,1,1.0,False,-4.0,0.0,0.006666666666666667
560,1i,150.0,2,13.3632,1,1.0,False,1.0,13.3632,0.006666666666666667
565,1i,150.0,3,10.9518,1,1.0,False,1.0,10.9518,0.006666666666666667
570,1i,150.0,3,6.068,1,1.0,False,1.0,6.068,0.006666666666666667
575,1i,150.0,3,0.836,2,1.0,False,1.0,-24.3931,0.006666666666666667
580,1i,150.0,3,0.0,3,1.0,False,1.0,-12.3486,0.006666666666666667
585,1i,150.0,3,0.0,3,1.0,False,0.0,0.0,0.006666666666666667
590,1i,150.0,1,0.0,1,1.0,False,0.0,-13.3632,0.006666666666666667
595,1i,150.0,1,0.0,1,1.0,False,0.0,-10.9518,0.006666666666666667
600,1i,150.0,2,11.3729,1,1.0,False,0.0,5.3049,0.006666666666666667
605,1i,150.0,2,9.6286,1,1.0,False,0.0,8.7926,0.006666666666666667
610,1i,150.0,1,0.0,1,1.0,False,0.0,0.0,0.006666666666666667
615,1i,150.0,2,12.3729,1,1.0,False,0.0,12.3729,0.006666666666666667
620,1i,150.0,2,16.513,0,0.0,False,-1.0,16.513,0.0
625,1i,150.0,1,13.134,0,0.0,False,-1.0,13.134,0.0
630,1i,150.0,1,0.0,0,0.0,False,-1.0,-11.3729,0.0
635,1i,150.0,1,0.0,1,1.0,False,0.0,-9.6286,0.006666666666666667
640,1i,150.0,1,0.0,1,1.0,False,0.0,0.0,0.006666666666666667
645,1i,150.0,1,0.0,1,1.0,False,0.0,-12.3729,0.006666666666666667
650,1i,150.0,2,13.0658,1,1.0,False,1.0,-3.4472000000000023,0.006666666666666667
655,1i,150.0,2,7.3095,1,1.0,False,1.0,-5.8245000000000005,0.006666666666666667
660,1i,150.0,2,0.4525,1,1.0,False,1.0,0.4525,0.006666666666666667
665,1i,150.0,2,0.0,2,1.0,False,0.0,0.0,0.006666666666666667
670,1i,150.0,4,12.1215,2,1.0,False,0.0,12.1215,0.006666666666666667
675,1i,150.0,4,6.6948,2,1.0,False,0.0,6.6948,0.006666666666666667
680,1i,150.0,2,1.8647,0,0.0,False,-1.0,-11.2011,0.0
685,1i,150.0,1,0.0,1,1.0,False,0.0,-7.3095,0.006666666666666667
690,1i,150.0,1,0.0,1,1.0,False,0.0,-0.4525,0.006666666666666667
695,1i,150.0,1,0.0,1,1.0,False,0.0,0.0,0.006666666666666667
700,1i,150.0,1,0.0,1,1.0,False,0.0,-12.1215,0.006666666666666667
705,1i,150.0,1,0.0,1,1.0,False,0.0,-6.6948,0.006666666666666667
710,1i,150.0,1,19.3273,0,0.0,False,0.0,17.462600000000002,0.0
715,1i,150.0,1,11.6286,0,0.0,False,-1.0,11.6286,0.0
720,1i,150.0,1,0.0,1,1.0,False,0.0,0.0,0.006666666666666667
725,1i,150.0,3,16.1101,1,1.0,False,0.0,16.1101,0.006666666666666667
730,1i,150.0,3,9.6863,1,1.0,False,0.0,9.6863,0.006666666666666667
735,1i,150.0,3,0.6413,1,1.0,False,0.0,0.6413,0.006666666666666667
740,1i,150.0,3,0.0,3,1.0,False,1.0,-19.3273,0.006666666666666667
745,1i,150.0,3,0.0,3,1.0,False,1.0,-11.6286,0.006666666666666667
750,1i,150.0,3,0.0,3,1.0,False,0.0,0.0,0.006666666666666667
755,1i,150.0,3,0.0,3,1.0,False,0.0,-16.1101,0.006666666666666667
760,1i,150.0,4,4.7263,3,1.0,False,0.0,-4.959999999999999,0.006666666666666667
765,1i,150.0,4,1.4966,3,1.0,False,0.0,0.8553,0.006666666666666667
770,1i,150.0,1,0.0,1,1.0,False,0.0,0.0,0.006666666666666667
775,1i,150.0,1,0.0,1,1.0,False,0.0,0.0,0.006666666666666667
780,1i,150.0,2,11.9019,1,1.0,False,0.0,11.9019,0.006666666666666667
785,1i,150.0,3,8.0519,1,1.0,False,0.0,8.0519,0.006666666666666667
790,1i,150.0,2,4.6894,1,1.0,False,0.0,-0.036900000000000155,0.006666666666666667
795,1i,150.0,2,2.4394,1,1.0,False,0.0,0.9428000000000001,0.006666666666666667
800,1i,150.0,1,2.8574,0,0.0,False,-1.0,2.8574,0.0
805,1i,150.0,0,0.0,0,0.0,False,-1.0,0.0,0.0
810,1i,150.0,1,26.5892,0,0.0,False,-1.0,14.687300000000002,0.0
815,1i,150.0,1,11.8981,0,0.0,False,-1.0,3.8461999999999996,0.0
820,1i,150.0,1,0.0,1,1.0,False,0.0,-4.6894,0.006666666666666667
825,1i,150.0,1,0.0,1,1.0,False,0.0,-2.4394,0.006666666666666667
830,1i,150.0,1,0.0,1,1.0,False,1.0,-2.8574,0.006666666666666667
835,1i,150.0,2,12.7393,1,1.0,False,1.0,12.7393,0.006666666666666667
840,1i,150.0,3,9.179,1,1.0,False,1.0,-17.410200000000003,0.006666666666666667
845,1i,150.0,3,4.4457,2,1.0,False,1.0,-7.452399999999999,0.006666666666666667
850,1i,150.0,3,0.0,2,1.0,False,0.0,0.0,0.006666666666666667
855,1i,150.0,3,0.0,3,1.0,False,0.0,0.0,0.006666666666666667
860,1i,150.0,1,0.0,1,1.0,False,0.0,0.0,0.006666666666666667
865,1i,150.0,1,0.0,1,1.0,False,0.0,-12.7393,0.006666666666666667
870,1i,150.0,2,8.2676,1,1.0,False,0.0,-0.9114000000000004,0.006666666666666667
875,1i,150.0,2,8.6306,1,1.0,False,0.0,4.184899999999999,0.006666666666666667
880,1i,150.0,1,0.0,1,1.0,False,0.0,0.0,0.006666666666666667
885,1i,150.0,1,0.0,1,1.0,False,0.0,0.0,0.006666666666666667
890,1i,150.0,1,19.6732,0,0.0,False,-1.0,19.6732,0.0
895,1i,150.0,1,18.8936,0,0.0,False,-1.0,18.8936,0.0
900,1i,150.0,1,7.107,0,0.0,False,-1.0,-1.1605999999999996,0.0
905,1i,150.0,1,0.0,1,1.0,False,0.0,-8.6306,0.006666666666666667
910,1i,150.0,1,0.0,1,1.0,False,0.0,0.0,0.006666666666666667
915,1i,150.0,2,12.2701,1,1.0,False,0.0,12.2701,0.006666666666666667
920,1i,150.0,2,8.084,1,1.0,False,1.0,-11.589200000000002,0.006666666666666667
925,1i,150.0,2,0.584,1,1.0,False,1.0,-18.3096,0.006666666666666667
930,1i,150.0,2,0.0,2,1.0,False,1.0,-7.107,0.006666666666666667
935,1i,150.0,2,0.0,2,1.0,False,0.0,0.0,0.006666666666666667
940,1i,150.0,2,0.0,2,1.0,False,0.0,0.0,0.006666666666666667
945,1i,150.0,4,11.7881,2,1.0,False,0.0,-0.4819999999999993,0.006666666666666667
950,1i,150.0,2,9.9525,0,0.0,False,-1.0,1.868500000000001,0.0
955,1i,150.0,1,0.0,1,1.0,False,0.0,-0.584,0.006666666666666667
960,1i,150.0,1,0.0,1,1.0,False,0.0,0.0,0.006666666666666667
965,1i,150.0,1,0.0,1,1.0,False,0.0,0.0,0.006666666666666667
970,1i,150.0,1,0.0,1,1.0,False,0.0,0.0,0.006666666666666667
975,1i,150.0,2,8.1282,1,1.0,False,0.0,-3.6599000000000004,0.006666666666666667
980,1i,150.0,1,10.2741,0,0.0,False,0.0,0.3216000000000001,0.0
985,1i,150.0,1,0.0,1,1.0,False,0.0,0.0,0.006666666666666667
990,1i,150.0,1,0.0,1,1.0,False,0.0,0.0,0.006666666666666667
995,1i,150.0,1,0.0,1,1.0,False,0.0,0.0,0.006666666666666667
1000,1i,150.0,3,11.1926,1,1.0,False,0.0,11.1926,0.006666666666666667
1005,1i,150.0,3,2.703,1,1.0,False,0.0,-5.4252,0.006666666666666667
1010,1i,150.0,3,0.0,3,1.0,False,1.0,-10.2741,0.006666666666666667
1015,1i,150.0,3,0.0,3,1.0,False,0.0,0.0,0.006666666666666667
1020,1i,150.0,4,6.6193,3,1.0,False,0.0,6.6193,0.006666666666666667
1025,1i,150.0,4,3.3174,3,1.0,False,0.0,3.3174,0.006666666666666667
1030,1i,150.0,4,0.144,3,1.0,False,0.0,-11.0486,0.006666666666666667
1035,1i,150.0,4,0.0,4,15.04,False,14.04,-2.703,0.10026666666666666
1040,1i,150.0,2,1.2553,1,1.0,False,0.0,1.2553,0.006666666666666667
1045,1i,150.0,1,0.0,1,1.0,False,0.0,0.0,0.006666666666666667
1050,1i,150.0,1,0.0,1,1.0,False,0.0,-6.6193,0.006666666666666667
1055,1i,150.0,2,11.1422,1,1.0,False,0.0,7.824800000000001,0.006666666666666667
1060,1i,150.0,3,7.6378,1,1.0,False,0.0,7.4938,0.006666666666666667
1065,1i,150.0,2,3.557,1,1.0,False,-14.04,3.557,0.006666666666666667
1070,1i,150.0,1,3.2761,0,0.0,False,-1.0,2.0208,0.0
1075,1i,150.0,1,24.5555,0,0.0,False,-1.0,24.5555,0.0
1080,1i,150.0,1,13.1569,0,0.0,False,-1.0,13.1569,0.0
1085,1i,150.0,1,0.0,0,0.0,False,-1.0,-11.1422,0.0
1090,1i,150.0,1,0.0,1,1.0,False,0.0,-7.6378,0.006666666666666667
1095,1i,150.0,1,0.0,1,1.0,False,0.0,-3.557,0.006666666666666667
1100,1i,150.0,1,0.0,1,1.0,False,1.0,-3.2761,0.006666666666666667
1105,1i,150.0,2,13.5383,1,1.0,False,1.0,-11.017199999999999,0.006666666666666667
1110,1i,150.0,3,10.8251,1,1.0,False,1.0,-2.3317999999999994,0.006666666666666667
1115,1i,150.0,3,5.6578,1,1.0,False,1.0,5.6578,0.006666666666666667
1120,1i,150.0,3,1.2854,2,1.0,False,0.0,1.2854,0.006666666666666667
1125,1i,150.0,3,0.0,3,1.0,False,0.0,0.0,0.006666666666666667
1130,1i,150.0,2,10.4458,1,1.0,False,0.0,10.4458,0.006666666666666667
1135,1i,150.0,1,0.0,1,1.0,False,0.0,-13.5383,0.006666666666666667
1140,1i,150.0,1,0.0,1,1.0,False,0.0,-10.8251,0.006666666666666667
1145,1i,150.0,1,0.0,1,1.0,False,0.0,-5.6578,0.006666666666666667
1150,1i,150.0,1,0.0,1,1.0,False,0.0,-1.2854,0.006666666666666667
1155,1i,150.0,1,0.0,1,1.0,False,0.0,0.0,0.006666666666666667
1160,1i,150.0,1,26.5137,0,0.0,False,-1.0,16.0679,0.0
1165,1i,150.0,2,17.1134,0,0.0,False,-1.0,17.1134,0.0
1170,1i,150.0,2,2.221,0,0.0,False,-1.0,2.221,0.0
1175,1i,150.0,2,0.0,2,1.0,False,0.0,0.0,0.006666666666666667
1180,1i,150.0,3,8.3732,2,1.0,False,0.0,8.3732,0.006666666666666667
1185,1i,150.0,3,3.9112,2,1.0,False,0.0,3.9112,0.006666666666666667
1190,1i,150.0,3,0.0948,2,1.0,False,1.0,-26.4189,0.006666666666666667
1195,1i,150.0,3,0.0,3,1.0,False,1.0,-17.1134,0.006666666666666667
1200,1i,150.0,3,0.0,3,1.0,False,1.0,-2.221,0.006666666666666667
1205,1i,150.0,3,0.0,3,1.0,False,0.0,0.0,0.006666666666666667
1210,1i,150.0,3,0.0,3,1.0,False,0.0,-8.3732,0.006666666666666667
1215,1i,150.0,4,6.2135,3,1.0,False,0.0,2.3023,0.006666666666666667
1220,1i,150.0,3,9.4431,1,1.0,False,0.0,9.3483,0.006666666666666667
1225,1i,150.0,3,4.3346,2,8.08,False,7.08,4.3346,0.05386666666666667
1230,1i,150.0,2,0.0001,2,8.0,False,7.0,0.0001,0.05333333333333334
1235,1i,150.0,3,6.287,2,8.0,False,7.0,6.287,0.05333333333333334
1240,1i,150.0,2,0.0,2,8.0,False,7.0,0.0,0.05333333333333334
1245,1i,150.0,2,0.0,2,8.0,False,7.0,-6.2135,0.05333333333333334
1250,1i,150.0,1,3.6958,0,0.0,False,-1.0,-5.747299999999999,0.0
1255,1i,150.0,0,0.0,0,0.0,False,-8.08,-4.3346,0.0
1260,1i,150.0,0,0.0,0,0.0,False,-8.0,-0.0001,0.0
1265,1i,150.0,0,0.0,0,0.0,False,-8.0,-6.287,0.0
1270,1i,150.0,2,24.8184,0,0.0,False,-8.0,24.8184,0.0
1275,1i,150.0,2,14.2691,0,0.0,False,-8.0,14.2691,0.0
1280,1i,150.0,2,1.0546,1,1.0,False,1.0,-2.6412000000000004,0.006666666666666667
1285,1i,150.0,3,8.8283,2,1.0,False,1.0,8.8283,0.006666666666666667
1290,1i,150.0,3,4.8444,2,1.0,False,1.0,4.8444,0.006666666666666667
1295,1i,150.0,3,0.4696,2,1.0,False,1.0,0.4696,0.006666666666666667
1300,1i,150.0,3,0.0003,3,1.0,False,1.0,-24.8181,0.006666666666666667
1305,1i,150.0,3,0.0,3,1.0,False,1.0,-14.2691,0.006666666666666667
1310,1i,150.0,1,0.0,1,1.0,False,0.0,-1.0546,0.006666666666666667
1315,1i,150.0,1,0.0,1,1.0,False,0.0,-8.8283,0.006666666666666667
1320,1i,150.0,1,0.0,1,1.0,False,0.0,-4.8444,0.006666666666666667
1325,1i,150.0,3,17.062,1,1.0,False,0.0,16.5924,0.006666666666666667
1330,1i,150.0,3,9.796,1,1.0,False,0.0,9.7957,0.006666666666666667
1335,1i,150.0,2,0.7493,1,1.0,False,0.0,0.7493,0.006666666666666667
1340,1i,150.0,1,24.5403,0,0.0,False,-1.0,24.5403,0.0
1345,1i,150.0,1,12.8216,0,0.0,False,-1.0,12.8216,0.0
1350,1i,150.0,1,0.0,0,0.0,False,-1.0,0.0,0.0
1355,1i,150.0,1,0.0,1,1.0,False,0.0,-17.062,0.006666666666666667
1360,1i,150.0,1,0.0,1,1.0,False,0.0,-9.796,0.006666666666666667
1365,1i,150.0,1,0.0,1,1.0,False,0.0,-0.7493,0.006666666666666667
1370,1i,150.0,1,0.0,1,1.0,False,1.0,-24.5403,0.006666666666666667
1375,1i,150.0,1,0.0,1,1.0,False,1.0,-12.8216,0.006666666666666667
1380,1i,150.0,2,11.7497,1,1.0,False,1.0,11.7497,0.006666666666666667
1385,1i,150.0,3,8.3071,1,1.0,False,0.0,8.3071,0.006666666666666667
1390,1i,150.0,3,4.3948,2,1.0,False,0.0,4.3948,0.006666666666666667
1395,1i,150.0,4,4.1037,2,1.0,False,0.0,4.1037,0.006666666666666667
1400,1i,150.0,1,0.0,1,1.0,False,0.0,0.0,0.006666666666666667
1405,1i,150.0,1,0.0,1,1.0,False,0.0,0.0,0.006666666666666667
1410,1i,150.0,1,0.0,1,1.0,False,0.0,-11.7497,0.006666666666666667
1415,1i,150.0,1,0.0,1,1.0,False,0.0,-8.3071,0.006666666666666667
1420,1i,150.0,1,0.0,1,1.0,False,0.0,-4.3948,0.006666666666666667
1425,1i,150.0,1,0.0,1,1.0,False,0.0,-4.1037,0.006666666666666667
1430,1i,150.0,0,0.0,0,0.0,False,-1.0,0.0,0.0
1435,1i,150.0,2,24.7279,0,0.0,False,-1.0,24.7279,0.0
1440,1i,150.0,2,13.495,0,0.0,False,-1.0,13.495,0.0
1445,1i,150.0,3,8.4522,0,0.0,False,-1.0,8.4522,0.0
1450,1i,150.0,3,4.1145,2,1.0,False,0.0,4.1145,0.006666666666666667
1455,1i,150.0,3,0.0,2,1.0,False,0.0,0.0,0.006666666666666667
1460,1i,150.0,3,0.0,3,1.0,False,1.0,0.0,0.006666666666666667
1465,1i,150.0,3,0.0,3,1.0,False,1.0,-24.7279,0.006666666666666667
1470,1i,150.0,3,0.0,3,1.0,False,1.0,-13.495,0.006666666666666667
1475,1i,150.0,3,0.0,3,1.0,False,1.0,-8.4522,0.006666666666666667
1480,1i,150.0,3,0.0,3,1.0,False,0.0,-4.1145,0.006666666666666667
1485,1i,150.0,3,0.0,3,1.0,False,0.0,0.0,0.006666666666666667
1490,1i,150.0,3,14.5529,1,1.0,False,0.0,14.5529,0.006666666666666667
1495,1i,150.0,3,5.6686,1,1.0,False,0.0,5.6686,0.006666666666666667
1500,1i,150.0,2,0.0138,2,8.01,False,7.01,0.0138,0.053399999999999996
1505,1i,150.0,3,5.4831,2,8.0,False,7.0,5.4831,0.05333333333333334
1510,1i,150.0,3,5.8019,2,8.0,False,7.0,5.8019,0.05333333333333334
1515,1i,150.0,2,0.0,2,8.0,False,7.0,0.0,0.05333333333333334
1520,1i,150.0,1,4.1981,0,0.0,False,-1.0,-10.3548,0.0
1525,1i,150.0,0,0.0,0,0.0,False,-1.0,-5.6686,0.0
1530,1i,150.0,0,0.0,0,0.0,False,-8.01,-0.0138,0.0
1535,1i,150.0,0,0.0,0,0.0,False,-8.0,-5.4831,0.0
1540,1i,150.0,0,0.0,0,0.0,False,-8.0,-5.8019,0.0
1545,1i,150.0,2,22.5024,0,0.0,False,-8.0,22.5024,0.0
1550,1i,150.0,2,8.0358,0,0.0,False,0.0,3.8377,0.0
1555,1i,150.0,3,6.039,2,1.0,False,1.0,6.039,0.006666666666666667
1560,1i,150.0,3,1.7157,2,1.0,False,1.0,1.7157,0.006666666666666667
1565,1i,150.0,3,0.0008,3,1.0,False,1.0,0.0008,0.006666666666666667
1570,1i,150.0,3,0.0,3,1.0,False,1.0,0.0,0.006666666666666667
1575,1i,150.0,3,0.0,3,1.0,False,1.0,-22.5024,0.006666666666666667
1580,1i,150.0,1,0.0,1,1.0,False,1.0,-8.0358,0.006666666666666667
1585,1i,150.0,1,0.0,1,1.0,False,0.0,-6.039,0.006666666666666667
1590,1i,150.0,1,0.0,1,1.0,False,0.0,-1.7157,0.006666666666666667
1595,1i,150.0,1,0.0,1,1.0,False,0.0,-0.0008,0.006666666666666667
1600,1i,150.0,2,9.5373,1,1.0,False,0.0,9.5373,0.006666666666666667
1605,1i,150.0,3,11.2496,1,1.0,False,0.0,11.2496,0.006666666666666667
1610,1i,150.0,2,11.0245,0,0.0,False,-1.0,11.0245,0.0
1615,1i,150.0,1,1.0109,0,0.0,False,-1.0,1.0109,0.0
1620,1i,150.0,1,0.0,1,1.0,False,0.0,0.0,0.006666666666666667
1625,1i,150.0,1,0.0,1,1.0,False,0.0,0.0,0.006666666666666667
1630,1i,150.0,1,0.0,1,1.0,False,0.0,-9.5373,0.006666666666666667
1635,1i,150.0,1,0.0,1,1.0,False,0.0,-11.2496,0.006666666666666667
1640,1i,150.0,1,0.0,1,1.0,False,1.0,-11.0245,0.006666666666666667
1645,1i,150.0,1,0.0,1,1.0,False,1.0,-1.0109,0.006666666666666667
1650,1i,150.0,1,0.0,1,1.0,False,0.0,0.0,0.006666666666666667
1655,1i,150.0,3,11.5625,1,1.0,False,0.0,11.5625,0.006666666666666667
1660,1i,150.0,4,5.7727,1,1.0,False,0.0,5.7727,0.006666666666666667
1665,1i,150.0,4,0.6981,3,1.0,False,0.0,0.6981,0.006666666666666667
1670,1i,150.0,1,0.0,1,1.0,False,0.0,0.0,0.006666666666666667
1675,1i,150.0,1,0.0,1,1.0,False,0.0,0.0,0.006666666666666667
1680,1i,150.0,1,0.0,1,1.0,False,0.0,0.0,0.006666666666666667
1685,1i,150.0,1,0.0,1,1.0,False,0.0,-11.5625,0.006666666666666667
1690,1i,150.0,1,0.0,1,1.0,False,0.0,-5.7727,0.006666666666666667
1695,1i,150.0,1,0.0,1,1.0,False,0.0,-0.6981,0.006666666666666667
1700,1i,150.0,0,0.0,0,0.0,False,-1.0,0.0,0.0
1705,1i,150.0,1,27.3726,0,0.0,False,-1.0,27.3726,0.0
1710,1i,150.0,2,17.0279,0,0.0,False,-1.0,17.0279,0.0
1715,1i,150.0,3,11.0589,0,0.0,False,-1.0,11.0589,0.0
1720,1i,150.0,3,5.6877,1,1.0,False,0.0,5.6877,0.006666666666666667
1725,1i,150.0,3,0.4861,2,1.0,False,0.0,0.4861,0.006666666666666667
1730,1i,150.0,3,0.0,3,1.0,False,1.0,0.0,0.006666666666666667
1735,1i,150.0,3,0.0,3,1.0,False,1.0,-27.3726,0.006666666666666667
1740,1i,150.0,3,0.0,3,1.0,False,1.0,-17.0279,0.006666666666666667
1745,1i,150.0,3,0.0,3,1.0,False,1.0,-11.0589,0.006666666666666667
1750,1i,150.0,3,0.0,3,1.0,False,0.0,-5.6877,0.006666666666666667
1755,1i,150.0,3,0.0,3,1.0,False,0.0,-0.4861,0.006666666666666667
1760,1i,150.0,2,13.6642,1,1.0,False,0.0,13.6642,0.006666666666666667
1765,1i,150.0,3,11.4735,1,1.0,False,0.0,11.4735,0.006666666666666667
1770,1i,150.0,3,5.6364,1,1.0,False,0.0,5.6364,0.006666666666666667
1775,1i,150.0,2,0.0,2,5.0,False,4.0,0.0,0.03333333333333333
1780,1i,150.0,2,0.0,2,5.0,False,4.0,0.0,0.03333333333333333
1785,1i,150.0,2,0.0,2,5.0,False,4.0,0.0,0.03333333333333333
1790,1i,150.0,0,0.0,0,0.0,False,-1.0,-13.6642,0.0
1795,1i,150.0,0,0.0,0,0.0,False,-1.0,-11.4735,0.0
1800,1i,150.0,0,0.0,0,0.0,False,-1.0,-5.6364,0.0
1805,1i,150.0,0,0.0,0,0.0,False,-5.0,0.0,0.0
1810,1i,150.0,0,0.0,0,0.0,False,-5.0,0.0,0.0
1815,1i,150.0,1,26.8667,0,0.0,False,-5.0,26.8667,0.0
1820,1i,150.0,3,16.8272,0,0.0,False,0.0,16.8272,0.0
1825,1i,150.0,3,9.6367,1,1.0,False,1.0,9.6367,0.006666666666666667
1830,1i,150.0,3,0.0,1,1.0,False,1.0,0.0,0.006666666666666667
1835,1i,150.0,3,0.0,3,1.0,False,1.0,0.0,0.006666666666666667
1840,1i,150.0,3,0.0,3,1.0,False,1.0,0.0,0.006666666666666667
1845,1i,150.0,3,0.0,3,1.0,False,1.0,-26.8667,0.006666666666666667
1850,1i,150.0,1,0.0,1,1.0,False,1.0,-16.8272,0.006666666666666667
1855,1i,150.0,1,0.0,1,1.0,False,0.0,-9.6367,0.006666666666666667
1860,1i,150.0,1,0.0,1,1.0,False,0.0,0.0,0.006666666666666667
1865,1i,150.0,1,0.0,1,1.0,False,0.0,0.0,0.006666666666666667
1870,1i,150.0,4,16.8337,1,1.0,False,0.0,16.8337,0.006666666666666667
1875,1i,150.0,4,8.579,1,1.0,False,0.0,8.579,0.006666666666666667
1880,1i,150.0,3,1.1808,1,1.01,False,0.010000000000000009,1.1808,0.006733333333333333
1885,1i,150.0,2,0.0,2,1.0,False,0.0,0.0,0.006666666666666667
1890,1i,150.0,2,0.0,2,1.0,False,0.0,0.0,0.006666666666666667
1895,1i,150.0,2,0.0,2,1.0,False,0.0,0.0,0.006666666666666667
1900,1i,150.0,2,0.0,2,1.0,False,0.0,-16.8337,0.006666666666666667
1905,1i,150.0,2,0.0001,2,1.0,False,0.0,-8.5789,0.006666666666666667
1910,1i,150.0,2,0.0,2,1.0,False,-0.010000000000000009,-1.1808,0.006666666666666667
1915,1i,150.0,2,0.0,2,1.0,False,0.0,0.0,0.006666666666666667
1920,1i,150.0,2,0.0,2,1.0,False,0.0,0.0,0.006666666666666667
1925,1i,150.0,5,12.983,2,1.0,False,0.0,12.983,0.006666666666666667
1930,1i,150.0,5,6.6753,2,1.0,False,0.0,6.6753,0.006666666666666667
1935,1i,150.0,5,0.7505,3,5.0,False,4.0,0.7504,0.03333333333333333
1940,1i,150.0,1,0.0,1,1.0,False,0.0,0.0,0.006666666666666667
1945,1i,150.0,1,0.0,1,1.0,False,0.0,0.0,0.006666666666666667
1950,1i,150.0,1,0.0,1,1.0,False,0.0,0.0,0.006666666666666667
1955,1i,150.0,1,0.0,1,1.0,False,0.0,-12.983,0.006666666666666667
1960,1i,150.0,1,0.0,1,1.0,False,0.0,-6.6753,0.006666666666666667
1965,1i,150.0,1,0.0,1,1.0,False,-4.0,-0.7505,0.006666666666666667
1970,1i,150.0,0,0.0,0,0.0,False,-1.0,0.0,0.0
1975,1i,150.0,1,23.7221,0,0.0,False,-1.0,23.7221,0.0
1980,1i,150.0,3,18.5098,0,0.0,False,-1.0,18.5098,0.0
1985,1i,150.0,3,7.5862,1,1.0,False,0.0,7.5862,0.006666666666666667
1990,1i,150.0,3,0.0,2,1.0,False,0.0,0.0,0.006666666666666667
1995,1i,150.0,3,0.0,3,1.0,False,0.0,0.0,0.006666666666666667
2000,1i,150.0,3,0.0,3,1.0,False,1.0,0.0,0.006666666666666667
2005,1i,150.0,3,0.0,3,1.0,False,1.0,-23.7221,0.006666666666666667
2010,1i,150.0,3,0.0,3,1.0,False,1.0,-18.5098,0.006666666666666667
2015,1i,150.0,3,0.0,3,1.0,False,0.0,-7.5862,0.006666666666666667
2020,1i,150.0,3,0.0,3,1.0,False,0.0,0.0,0.006666666666666667
2025,1i,150.0,3,0.0,3,1.0,False,0.0,0.0,0.006666666666666667
2030,1i,150.0,2,8.4054,1,1.0,False,0.0,8.4054,0.006666666666666667
2035,1i,150.0,3,16.6013,1,1.0,False,0.0,16.6013,0.006666666666666667
2040,1i,150.0,3,8.9311,1,1.0,False,0.0,8.9311,0.006666666666666667
2045,1i,150.0,2,0.0711,1,1.0,False,0.0,0.0711,0.006666666666666667
2050,1i,150.0,2,0.0005,2,8.0,False,7.0,0.0005,0.05333333333333334
2055,1i,150.0,2,0.0,2,8.0,False,7.0,0.0,0.05333333333333334
2060,1i,150.0,0,0.0,0,0.0,False,-1.0,-8.4054,0.0
2065,1i,150.0,0,0.0,0,0.0,False,-1.0,-16.6013,0.0
2070,1i,150.0,0,0.0,0,0.0,False,-1.0,-8.9311,0.0
2075,1i,150.0,0,0.0,0,0.0,False,-1.0,-0.0711,0.0
2080,1i,150.0,1,26.4055,0,0.0,False,-8.0,26.405,0.0
2085,1i,150.0,1,11.7743,0,0.0,False,-8.0,11.7743,0.0
2090,1i,150.0,3,16.2363,1,1.0,False,1.0,16.2363,0.006666666666666667
2095,1i,150.0,3,6.9169,1,1.0,False,1.0,6.9169,0.006666666666666667
2100,1i,150.0,3,0.0184,3,1.04,False,1.04,0.0184,0.006933333333333334
2105,1i,150.0,3,0.0,3,1.0,False,1.0,0.0,0.006666666666666667
2110,1i,150.0,3,0.0,3,1.0,False,1.0,-26.4055,0.006666666666666667
2115,1i,150.0,3,0.0,3,1.0,False,1.0,-11.7743,0.006666666666666667
2120,1i,150.0,1,0.0,1,1.0,False,0.0,-16.2363,0.006666666666666667
2125,1i,150.0,1,0.0,1,1.0,False,0.0,-6.9169,0.006666666666666667
2130,1i,150.0,1,0.0,1,1.0,False,-0.040000000000000036,-0.0184,0.006666666666666667
2135,1i,150.0,2,11.828,1,1.0,False,0.0,11.828,0.006666666666666667
2140,1i,150.0,2,7.7716,1,1.0,False,0.0,7.7716,0.006666666666666667
2145,1i,150.0,3,14.5922,1,1.0,False,0.0,14.5922,0.006666666666666667
2150,1i,150.0,2,8.1286,0,0.0,False,-1.0,8.1286,0.0
2155,1i,150.0,1,0.0,1,1.0,False,0.0,0.0,0.006666666666666667
2160,1i,150.0,1,0.0,1,1.0,False,0.0,0.0,0.006666666666666667
2165,1i,150.0,1,0.0,1,1.0,False,0.0,-11.828,0.006666666666666667
2170,1i,150.0,1,0.0,1,1.0,False,0.0,-7.7716,0.006666666666666667
2175,1i,150.0,1,0.0,1,1.0,False,0.0,-14.5922,0.006666666666666667
2180,1i,150.0,1,0.0,1,1.0,False,1.0,-8.1286,0.006666666666666667
2185,1i,150.0,2,13.0742,1,1.0,False,0.0,13.0742,0.006666666666666667
2190,1i,150.0,2,7.5068,1,1.0,False,0.0,7.5068,0.006666666666666667
2195,1i,150.0,2,0.5265,1,1.0,False,0.0,0.5265,0.006666666666666667
2200,1i,150.0,3,6.4693,2,1.0,False,0.0,6.4693,0.006666666666666667
2205,1i,150.0,4,7.7749,2,1.0,False,0.0,7.7749,0.006666666666666667
2210,1i,150.0,2,7.2043,0,0.0,False,-1.0,7.2043,0.0
2215,1i,150.0,1,0.0,1,1.0,False,0.0,-13.0742,0.006666666666666667
2220,1i,150.0,1,0.0,1,1.0,False,0.0,-7.5068,0.006666666666666667
2225,1i,150.0,1,0.0,1,1.0,False,0.0,-0.5265,0.006666666666666667
2230,1i,150.0,1,0.0,1,1.0,False,0.0,-6.4693,0.006666666666666667
2235,1i,150.0,1,0.0,1,1.0,False,0.0,-7.7749,0.006666666666666667
2240,1i,150.0,0,0.0,0,0.0,False,0.0,-7.2043,0.0
2245,1i,150.0,1,18.5725,0,0.0,False,-1.0,18.5725,0.0
2250,1i,150.0,1,11.4935,0,0.0,False,-1.0,11.4935,0.0
2255,1i,150.0,3,12.4038,1,1.0,False,0.0,12.4038,0.006666666666666667
2260,1i,150.0,3,3.7283,1,1.0,False,0.0,3.7283,0.006666666666666667
2265,1i,150.0,3,0.0,3,1.0,False,0.0,0.0,0.006666666666666667
2270,1i,150.0,3,0.0,3,1.0,False,1.0,0.0,0.006666666666666667
2275,1i,150.0,3,0.0,3,1.0,False,1.0,-18.5725,0.006666666666666667
2280,1i,150.0,3,0.0,3,1.0,False,1.0,-11.4935,0.006666666666666667
2285,1i,150.0,3,0.0,3,1.0,False,0.0,-12.4038,0.006666666666666667
2290,1i,150.0,3,0.0,3,1.0,False,0.0,-3.7283,0.006666666666666667
2295,1i,150.0,4,3.9168,3,1.0,False,0.0,3.9168,0.006666666666666667
2300,1i,150.0,2,4.4854,1,1.0,False,0.0,4.4854,0.006666666666666667
2305,1i,150.0,1,0.0,1,1.0,False,0.0,0.0,0.006666666666666667
2310,1i,150.0,3,12.697,1,1.0,False,0.0,12.697,0.006666666666666667
2315,1i,150.0,2,2.0286,1,1.0,False,0.0,2.0286,0.006666666666666667
2320,1i,150.0,2,0.0023,2,5.0,False,4.0,0.0023,0.03333333333333333
2325,1i,150.0,2,0.0,2,5.0,False,4.0,-3.9168,0.03333333333333333
2330,1i,150.0,0,0.0,0,0.0,False,-1.0,-4.4854,0.0
2335,1i,150.0,0,0.0,0,0.0,False,-1.0,0.0,0.0
2340,1i,150.0,0,0.0,0,0.0,False,-1.0,-12.697,0.0
2345,1i,150.0,1,23.9514,0,0.0,False,-1.0,21.9228,0.0
2350,1i,150.0,1,16.0687,0,0.0,False,-5.0,16.066399999999998,0.0
2355,1i,150.0,1,1.253,0,0.0,False,-5.0,1.253,0.0
2360,1i,150.0,2,13.6645,1,1.0,False,1.0,13.6645,0.006666666666666667
2365,1i,150.0,3,11.0975,1,1.0,False,1.0,11.0975,0.006666666666666667
2370,1i,150.0,3,2.1045,1,1.0,False,1.0,2.1045,0.006666666666666667
2375,1i,150.0,3,0.0,3,1.0,False,1.0,-23.9514,0.006666666666666667
2380,1i,150.0,3,0.0,3,1.0,False,1.0,-16.0687,0.006666666666666667
2385,1i,150.0,3,0.0,3,1.0,False,1.0,-1.253,0.006666666666666667
2390,1i,150.0,1,0.0,1,1.0,False,0.0,-13.6645,0.006666666666666667
2395,1i,150.0,1,0.0,1,1.0,False,0.0,-11.0975,0.006666666666666667
2400,1i,150.0,1,0.0,1,1.0,False,0.0,-2.1045,0.006666666666666667
2405,1i,150.0,2,8.0616,1,1.0,False,0.0,8.0616,0.006666666666666667
2410,1i,150.0,1,0.0,1,1.0,False,0.0,0.0,0.006666666666666667
2415,1i,150.0,3,17.2082,1,1.0,False,0.0,17.2082,0.006666666666666667
2420,1i,150.0,2,12.3918,0,0.0,False,-1.0,12.3918,0.0
2425,1i,150.0,1,0.0,1,1.0,False,0.0,0.0,0.006666666666666667
2430,1i,150.0,1,0.0,1,1.0,False,0.0,0.0,0.006666666666666667
2435,1i,150.0,1,0.0,1,1.0,False,0.0,-8.0616,0.006666666666666667
2440,1i,150.0,1,0.0,1,1.0,False,0.0,0.0,0.006666666666666667
2445,1i,150.0,1,0.0,1,1.0,False,0.0,-17.2082,0.006666666666666667
2450,1i,150.0,1,0.0,1,1.0,False,1.0,-12.3918,0.006666666666666667
2455,1i,150.0,2,8.9869,1,1.0,False,0.0,8.9869,0.006666666666666667
2460,1i,150.0,2,2.468,1,1.0,False,0.0,2.468,0.006666666666666667
2465,1i,150.0,2,0.0289,2,1.01,False,0.010000000000000009,0.0289,0.006733333333333333
2470,1i,150.0,3,7.8773,2,1.0,False,0.0,7.8773,0.006666666666666667
2475,1i,150.0,4,8.5725,2,1.0,False,0.0,8.5725,0.006666666666666667
2480,1i,150.0,1,14.3838,0,0.0,False,-1.0,14.3838,0.0
2485,1i,150.0,1,0.0,0,0.0,False,-1.0,-8.9869,0.0
2490,1i,150.0,1,0.0,1,1.0,False,0.0,-2.468,0.006666666666666667
2495,1i,150.0,1,0.0,1,1.0,False,-0.010000000000000009,-0.0289,0.006666666666666667
2500,1i,150.0,1,0.0,1,1.0,False,0.0,-7.8773,0.006666666666666667
2505,1i,150.0,2,10.9063,1,1.0,False,0.0,2.3338,0.006666666666666667
2510,1i,150.0,1,9.4399,0,0.0,False,0.0,-4.943900000000001,0.0
2515,1i,150.0,1,0.0029,1,1.0,False,1.0,0.0029,0.006666666666666667
2520,1i,150.0,1,0.0,1,1.0,False,0.0,0.0,0.006666666666666667
2525,1i,150.0,3,16.5663,1,1.0,False,0.0,16.5663,0.006666666666666667
2530,1i,150.0,3,9.1776,1,1.0,False,0.0,9.1776,0.006666666666666667
2535,1i,150.0,3,0.516,2,1.0,False,0.0,-10.3903,0.006666666666666667
2540,1i,150.0,3,0.0004,3,1.0,False,1.0,-9.439499999999999,0.006666666666666667
2545,1i,150.0,3,0.0,3,1.0,False,0.0,-0.0029,0.006666666666666667
2550,1i,150.0,3,0.0,3,1.0,False,0.0,0.0,0.006666666666666667
2555,1i,150.0,3,0.0,3,1.0,False,0.0,-16.5663,0.006666666666666667
2560,1i,150.0,4,5.0269,3,1.0,False,0.0,-4.1507,0.006666666666666667
2565,1i,150.0,4,1.8664,3,1.0,False,0.0,1.3504,0.006666666666666667
2570,1i,150.0,1,0.0,1,1.0,False,0.0,-0.0004,0.006666666666666667
2575,1i,150.0,1,0.0,1,1.0,False,0.0,0.0,0.006666666666666667
2580,1i,150.0,3,15.3298,1,1.0,False,0.0,15.3298,0.006666666666666667
2585,1i,150.0,3,7.4888,1,1.0,False,0.0,7.4888,0.006666666666666667
2590,1i,150.0,2,0.0028,2,8.0,False,7.0,-5.024100000000001,0.05333333333333334
2595,1i,150.0,2,0.0,2,8.0,False,7.0,-1.8664,0.05333333333333334
2600,1i,150.0,1,4.3304,0,0.0,False,-1.0,4.3304,0.0
2605,1i,150.0,0,0.0,0,0.0,False,-1.0,0.0,0.0
2610,1i,150.0,1,24.2224,0,0.0,False,-1.0,8.8926,0.0
2615,1i,150.0,1,16.4687,0,0.0,False,-1.0,8.979899999999997,0.0
2620,1i,150.0,1,1.4687,0,0.0,False,-8.0,1.4659,0.0
2625,1i,150.0,1,0.0,1,1.0,False,-7.0,0.0,0.006666666666666667
2630,1i,150.0,1,0.0,1,1.0,False,1.0,-4.3304,0.006666666666666667
2635,1i,150.0,2,12.0004,1,1.0,False,1.0,12.0004,0.006666666666666667
2640,1i,150.0,3,10.0331,1,1.0,False,1.0,-14.189300000000001,0.006666666666666667
2645,1i,150.0,3,4.2284,2,1.0,False,1.0,-12.240299999999998,0.006666666666666667
2650,1i,150.0,3,0.0,3,1.0,False,1.0,-1.4687,0.006666666666666667
2655,1i,150.0,3,0.0,3,1.0,False,0.0,0.0,0.006666666666666667
2660,1i,150.0,1,0.0,1,1.0,False,0.0,0.0,0.006666666666666667
2665,1i,150.0,2,9.7675,1,1.0,False,0.0,-2.2329000000000008,0.006666666666666667
2670,1i,150.0,1,0.0,1,1.0,False,0.0,-10.0331,0.006666666666666667
2675,1i,150.0,1,0.0,1,1.0,False,0.0,-4.2284,0.006666666666666667
2680,1i,150.0,1,0.0,1,1.0,False,0.0,0.0,0.006666666666666667
2685,1i,150.0,1,0.0,1,1.0,False,0.0,0.0,0.006666666666666667
2690,1i,150.0,1,20.0096,0,0.0,False,-1.0,20.0096,0.0
2695,1i,150.0,2,12.4679,0,0.0,False,-1.0,2.7004,0.0
2700,1i,150.0,2,4.1706,1,1.0,False,0.0,4.1706,0.006666666666666667
2705,1i,150.0,2,0.0,2,1.0,False,0.0,0.0,0.006666666666666667
2710,1i,150.0,2,0.0,2,1.0,False,0.0,0.0,0.006666666666666667
2715,1i,150.0,3,8.0837,2,1.0,False,0.0,8.0837,0.006666666666666667
2720,1i,150.0,3,4.1813,2,1.0,False,1.0,-15.828299999999999,0.006666666666666667
2725,1i,150.0,3,0.1724,2,1.0,False,1.0,-12.2955,0.006666666666666667
2730,1i,150.0,3,0.0001,3,1.0,False,0.0,-4.1705000000000005,0.006666666666666667
2735,1i,150.0,3,0.0,3,1.0,False,0.0,0.0,0.006666666666666667
2740,1i,150.0,3,0.0,3,1.0,False,0.0,0.0,0.006666666666666667
2745,1i,150.0,5,7.5688,3,1.0,False,0.0,-0.5148999999999999,0.006666666666666667
2750,1i,150.0,3,4.641,1,1.0,False,0.0,0.4596999999999998,0.006666666666666667
2755,1i,150.0,2,0.0001,2,13.71,False,12.71,-0.1723,0.09140000000000001
2760,1i,150.0,2,0.0,2,13.71,False,12.71,-0.0001,0.09140000000000001
2765,1i,150.0,2,0.0,2,13.71,False,12.71,0.0,0.09140000000000001
2770,1i,150.0,3,7.5385,2,13.71,False,12.71,7.5385,0.09140000000000001
2775,1i,150.0,3,3.977,2,13.71,False,12.71,-3.5918000000000005,0.09140000000000001
2780,1i,150.0,2,1.2623,1,1.0,False,0.0,-3.3787000000000003,0.006666666666666667
2785,1i,150.0,1,0.0,1,1.0,False,-12.71,-0.0001,0.006666666666666667
2790,1i,150.0,1,0.0,1,1.0,False,-12.71,0.0,0.006666666666666667
2795,1i,150.0,1,0.0,1,1.0,False,-12.71,0.0,0.006666666666666667
2800,1i,150.0,3,11.5084,1,1.0,False,-12.71,3.9699,0.006666666666666667
2805,1i,150.0,3,2.372,1,1.0,False,-12.71,-1.605,0.006666666666666667
2810,1i,150.0,3,0.0074,3,1.01,False,0.010000000000000009,-1.2549,0.006733333333333333
2815,1i,150.0,3,0.0,3,1.0,False,0.0,0.0,0.006666666666666667
2820,1i,150.0,3,0.0,3,1.0,False,0.0,0.0,0.006666666666666667
2825,1i,150.0,4,4.4093,3,1.0,False,0.0,4.4093,0.006666666666666667
2830,1i,150.0,4,0.9757,3,1.0,False,0.0,-10.5327,0.006666666666666667
2835,1i,150.0,4,0.0072,4,8.0,False,7.0,-2.3648,0.05333333333333334
2840,1i,150.0,1,0.0,1,1.0,False,-0.010000000000000009,-0.0074,0.006666666666666667
2845,1i,150.0,1,0.0,1,1.0,False,0.0,0.0,0.006666666666666667
2850,1i,150.0,1,0.0,1,1.0,False,0.0,0.0,0.006666666666666667
2855,1i,150.0,3,13.2106,1,1.0,False,0.0,8.8013,0.006666666666666667
2860,1i,150.0,3,4.1347,1,1.0,False,0.0,3.159,0.006666666666666667
2865,1i,150.0,2,0.0,2,5.0,False,-3.0,-0.0072,0.03333333333333333
2870,1i,150.0,0,0.0,0,0.0,False,-1.0,0.0,0.0
2875,1i,150.0,1,23.793,0,0.0,False,-1.0,23.793,0.0
2880,1i,150.0,1,13.6051,0,0.0,False,-1.0,13.6051,0.0
2885,1i,150.0,1,0.0,0,0.0,False,-1.0,-13.2106,0.0
2890,1i,150.0,1,0.0,1,1.0,False,0.0,-4.1347,0.006666666666666667
2895,1i,150.0,1,0.0,1,1.0,False,-4.0,0.0,0.006666666666666667
2900,1i,150.0,1,0.0,1,1.0,False,1.0,0.0,0.006666666666666667
2905,1i,150.0,2,13.6362,1,1.0,False,1.0,-10.156799999999999,0.006666666666666667
2910,1i,150.0,3,10.8836,1,1.0,False,1.0,-2.7215000000000007,0.006666666666666667
2915,1i,150.0,3,1.8086,1,1.0,False,1.0,1.8086,0.006666666666666667
2920,1i,150.0,3,0.0077,3,1.0,False,0.0,0.0077,0.006666666666666667
2925,1i,150.0,3,0.0,3,1.0,False,0.0,0.0,0.006666666666666667
2930,1i,150.0,2,10.3299,1,1.0,False,0.0,10.3299,0.006666666666666667
2935,1i,150.0,1,0.0,1,1.0,False,0.0,-13.6362,0.006666666666666667
2940,1i,150.0,1,0.0,1,1.0,False,0.0,-10.8836,0.006666666666666667
2945,1i,150.0,1,0.0,1,1.0,False,0.0,-1.8086,0.006666666666666667
2950,1i,150.0,1,0.0,1,1.0,False,0.0,-0.0077,0.006666666666666667
2955,1i,150.0,1,0.0,1,1.0,False,0.0,0.0,0.006666666666666667
2960,1i,150.0,0,0.0,0,0.0,False,-1.0,-10.3299,0.0
2965,1i,150.0,2,18.9805,0,0.0,False,-1.0,18.9805,0.0
2970,1i,150.0,2,11.0922,0,0.0,False,-1.0,11.0922,0.0
2975,1i,150.0,2,1.2684,1,1.0,False,0.0,1.2684,0.006666666666666667
2980,1i,150.0,2,0.0,2,1.0,False,0.0,0.0,0.006666666666666667
2985,1i,150.0,3,6.1648,2,1.0,False,0.0,6.1648,0.006666666666666667
2990,1i,150.0,3,5.088,2,1.0,False,1.0,5.088,0.006666666666666667
2995,1i,150.0,3,0.4051,2,1.0,False,1.0,-18.5754,0.006666666666666667
3000,1i,150.0,3,0.0,3,1.0,False,1.0,-11.0922,0.006666666666666667
3005,1i,150.0,3,0.0,3,1.0,False,0.0,-1.2684,0.006666666666666667
3010,1i,150.0,3,0.0,3,1.0,False,0.0,0.0,0.006666666666666667
3015,1i,150.0,5,9.8019,3,1.0,False,0.0,3.6371,0.006666666666666667
3020,1i,150.0,3,8.244,1,1.0,False,0.0,3.1559999999999997,0.006666666666666667
3025,1i,150.0,2,0.018,2,13.71,False,12.71,-0.3871,0.09140000000000001
3030,1i,150.0,2,0.0,2,13.71,False,12.71,0.0,0.09140000000000001
3035,1i,150.0,3,7.4782,2,13.71,False,12.71,7.4782,0.09140000000000001
3040,1i,150.0,3,4.8704,2,13.71,False,12.71,4.8704,0.09140000000000001
3045,1i,150.0,2,0.0,2,13.71,False,12.71,-9.8019,0.09140000000000001
3050,1i,150.0,1,2.9638,0,0.0,False,-1.0,-5.2802,0.0
3055,1i,150.0,0,0.0,0,0.0,False,-13.71,-0.018,0.0
3060,1i,150.0,0,0.0,0,0.0,False,-13.71,0.0,0.0
3065,1i,150.0,0,0.0,0,0.0,False,-13.71,-7.4782,0.0
3070,1i,150.0,2,24.7088,0,0.0,False,-13.71,19.8384,0.0
3075,1i,150.0,2,14.0745,0,0.0,False,-13.71,14.0745,0.0
3080,1i,150.0,2,0.6598,1,1.0,False,1.0,-2.304,0.006666666666666667
3085,1i,150.0,3,9.0152,2,1.0,False,1.0,9.0152,0.006666666666666667
3090,1i,150.0,3,4.6796,2,1.0,False,1.0,4.6796,0.006666666666666667
3095,1i,150.0,3,0.3513,2,1.0,False,1.0,0.3513,0.006666666666666667
3100,1i,150.0,3,0.0,3,1.0,False,1.0,-24.7088,0.006666666666666667
3105,1i,150.0,3,0.0,3,1.0,False,1.0,-14.0745,0.006666666666666667
3110,1i,150.0,1,0.0,1,1.0,False,0.0,-0.6598,0.006666666666666667
3115,1i,150.0,1,0.0,1,1.0,False,0.0,-9.0152,0.006666666666666667
3120,1i,150.0,1,0.0,1,1.0,False,0.0,-4.6796,0.006666666666666667
3125,1i,150.0,3,16.4484,1,1.0,False,0.0,16.0971,0.006666666666666667
3130,1i,150.0,3,10.5679,1,1.0,False,0.0,10.5679,0.006666666666666667
3135,1i,150.0,2,0.4189,1,1.0,False,0.0,0.4189,0.006666666666666667
3140,1i,150.0,2,13.7581,0,0.0,False,-1.0,13.7581,0.0
3145,1i,150.0,1,13.2527,0,0.0,False,-1.0,13.2527,0.0
3150,1i,150.0,1,0.0485,0,0.0,False,-1.0,0.0485,0.0
3155,1i,150.0,1,0.0,1,1.0,False,0.0,-16.4484,0.006666666666666667
3160,1i,150.0,1,0.0,1,1.0,False,0.0,-10.5679,0.006666666666666667
3165,1i,150.0,1,0.0,1,1.0,False,0.0,-0.4189,0.006666666666666667
3170,1i,150.0,1,0.0,1,1.0,False,1.0,-13.7581,0.006666666666666667
3175,1i,150.0,1,0.0,1,1.0,False,1.0,-13.2527,0.006666666666666667
3180,1i,150.0,2,11.7127,1,1.0,False,1.0,11.6642,0.006666666666666667
3185,1i,150.0,3,10.6722,1,1.0,False,0.0,10.6722,0.006666666666666667
3190,1i,150.0,3,4.0474,1,1.0,False,0.0,4.0474,0.006666666666666667
3195,1i,150.0,4,4.9171,3,1.0,False,0.0,4.9171,0.006666666666666667
3200,1i,150.0,2,7.7373,1,1.0,False,0.0,7.7373,0.006666666666666667
3205,1i,150.0,1,0.0,1,1.0,False,0.0,0.0,0.006666666666666667
3210,1i,150.0,1,0.0,1,1.0,False,0.0,-11.7127,0.006666666666666667
3215,1i,150.0,1,0.0,1,1.0,False,0.0,-10.6722,0.006666666666666667
3220,1i,150.0,1,0.0,1,1.0,False,0.0,-4.0474,0.006666666666666667
3225,1i,150.0,1,0.0,1,1.0,False,0.0,-4.9171,0.006666666666666667
3230,1i,150.0,0,0.0,0,0.0,False,-1.0,-7.7373,0.0
3235,1i,150.0,2,23.7304,0,0.0,False,-1.0,23.7304,0.0
3240,1i,150.0,2,13.3712,0,0.0,False,-1.0,13.3712,0.0
3245,1i,150.0,3,8.3893,0,0.0,False,-1.0,8.3893,0.0
3250,1i,150.0,3,4.9715,2,1.0,False,0.0,4.9715,0.006666666666666667
3255,1i,150.0,3,0.7251,2,1.0,False,0.0,0.7251,0.006666666666666667
3260,1i,150.0,3,0.0,3,1.0,False,1.0,0.0,0.006666666666666667
3265,1i,150.0,3,0.0,3,1.0,False,1.0,-23.7304,0.006666666666666667
3270,1i,150.0,3,0.0,3,1.0,False,1.0,-13.3712,0.006666666666666667
3275,1i,150.0,3,0.0,3,1.0,False,1.0,-8.3893,0.006666666666666667
3280,1i,150.0,3,0.0,3,1.0,False,0.0,-4.9715,0.006666666666666667
3285,1i,150.0,3,0.0,3,1.0,False,0.0,-0.7251,0.006666666666666667
3290,1i,150.0,3,15.7225,1,1.0,False,0.0,15.7225,0.006666666666666667
3295,1i,150.0,3,6.9428,1,1.0,False,0.0,6.9428,0.006666666666666667
3300,1i,150.0,3,6.2608,2,8.01,False,7.01,6.2608,0.053399999999999996
3305,1i,150.0,2,0.0,2,8.0,False,7.0,0.0,0.05333333333333334
3310,1i,150.0,2,0.0,2,8.0,False,7.0,0.0,0.05333333333333334
3315,1i,150.0,2,0.0,2,8.0,False,7.0,0.0,0.05333333333333334
3320,1i,150.0,1,4.3184,0,0.0,False,-1.0,-11.4041,0.0
3325,1i,150.0,0,0.0,0,0.0,False,-1.0,-6.9428,0.0
3330,1i,150.0,0,0.0,0,0.0,False,-8.01,-6.2608,0.0
3335,1i,150.0,0,0.0,0,0.0,False,-8.0,0.0,0.0
3340,1i,150.0,0,0.0,0,0.0,False,-8.0,0.0,0.0
3345,1i,150.0,1,20.7936,0,0.0,False,-8.0,20.7936,0.0
3350,1i,150.0,2,12.5145,0,0.0,False,0.0,8.196100000000001,0.0
3355,1i,150.0,3,8.3088,1,1.0,False,1.0,8.3088,0.006666666666666667
3360,1i,150.0,3,1.7203,2,1.0,False,1.0,1.7203,0.006666666666666667
3365,1i,150.0,3,0.0,3,1.0,False,1.0,0.0,0.006666666666666667
3370,1i,150.0,3,0.0,3,1.0,False,1.0,0.0,0.006666666666666667
3375,1i,150.0,3,0.0,3,1.0,False,1.0,-20.7936,0.006666666666666667
3380,1i,150.0,1,0.0,1,1.0,False,1.0,-12.5145,0.006666666666666667
3385,1i,150.0,1,0.0,1,1.0,False,0.0,-8.3088,0.006666666666666667
3390,1i,150.0,1,0.0,1,1.0,False,0.0,-1.7203,0.006666666666666667
3395,1i,150.0,1,0.0,1,1.0,False,0.0,0.0,0.006666666666666667
3400,1i,150.0,3,11.9818,1,1.0,False,0.0,11.9818,0.006666666666666667
3405,1i,150.0,3,8.5985,1,1.0,False,0.0,8.5985,0.006666666666666667
3410,1i,150.0,1,9.9944,0,0.0,False,-1.0,9.9944,0.0
3415,1i,150.0,1,0.0031,1,1.0,False,0.0,0.0031,0.006666666666666667
3420,1i,150.0,1,0.0,1,1.0,False,0.0,0.0,0.006666666666666667
3425,1i,150.0,1,0.0,1,1.0,False,0.0,0.0,0.006666666666666667
3430,1i,150.0,1,0.0,1,1.0,False,0.0,-11.9818,0.006666666666666667
3435,1i,150.0,1,0.0,1,1.0,False,0.0,-8.5985,0.006666666666666667
3440,1i,150.0,1,0.0,1,1.0,False,1.0,-9.9944,0.006666666666666667
3445,1i,150.0,1,0.0,1,1.0,False,0.0,-0.0031,0.006666666666666667
3450,1i,150.0,1,0.0,1,1.0,False,0.0,0.0,0.006666666666666667
3455,1i,150.0,3,13.0849,1,1.0,False,0.0,13.0849,0.006666666666666667
3460,1i,150.0,4,8.0987,1,1.0,False,0.0,8.0987,0.006666666666666667
3465,1i,150.0,4,1.8587,3,1.01,False,0.010000000000000009,1.8587,0.006733333333333333
3470,1i,150.0,1,0.0,1,1.0,False,0.0,0.0,0.006666666666666667
3475,1i,150.0,1,0.0,1,1.0,False,0.0,0.0,0.006666666666666667
3480,1i,150.0,1,0.0,1,1.0,False,0.0,0.0,0.006666666666666667
3485,1i,150.0,1,0.0,1,1.0,False,0.0,-13.0849,0.006666666666666667
3490,1i,150.0,1,0.0,1,1.0,False,0.0,-8.0987,0.006666666666666667
3495,1i,150.0,1,0.0,1,1.0,False,-0.010000000000000009,-1.8587,0.006666666666666667
3500,1i,150.0,0,0.0,0,0.0,False,-1.0,0.0,0.0
3505,1i,150.0,0,0.0,0,0.0,False,-1.0,0.0,0.0
3510,1i,150.0,2,18.7292,0,0.0,False,-1.0,18.7292,0.0
3515,1i,150.0,3,18.0538,0,0.0,False,-1.0,18.0538,0.0
3520,1i,150.0,3,4.3904,0,0.0,False,-1.0,4.3904,0.0
3525,1i,150.0,3,0.0,3,1.0,False,0.0,0.0,0.006666666666666667
3530,1i,150.0,3,0.0,3,1.0,False,1.0,0.0,0.006666666666666667
3535,1i,150.0,3,0.0,3,1.0,False,1.0,0.0,0.006666666666666667
3540,1i,150.0,3,0.0,3,1.0,False,1.0,-18.7292,0.006666666666666667
3545,1i,150.0,3,0.0,3,1.0,False,1.0,-18.0538,0.006666666666666667
3550,1i,150.0,3,0.0,3,1.0,False,1.0,-4.3904,0.006666666666666667
3555,1i,150.0,3,0.0,3,1.0,False,0.0,0.0,0.006666666666666667
3560,1i,150.0,1,0.0,1,1.0,False,0.0,0.0,0.006666666666666667
3565,1i,150.0,3,11.6747,1,1.0,False,0.0,11.6747,0.006666666666666667
3570,1i,150.0,3,8.3316,1,1.0,False,0.0,8.3316,0.006666666666666667
3575,1i,150.0,3,7.1026,1,1.0,False,0.0,7.1026,0.006666666666666667
3580,1i,150.0,2,1.0346,1,1.0,False,0.0,1.0346,0.006666666666666667
3585,1i,150.0,2,0.001,2,13.71,False,12.71,0.001,0.09140000000000001
3590,1i,150.0,1,1.7636,0,0.0,False,-1.0,1.7636,0.0
3595,1i,150.0,0,0.0,0,0.0,False,-1.0,-11.6747,0.0
3600,1i,150.0,0,0.0,0,0.0,False,-1.0,-8.3316,0.0
0,2i,150.0,0,0.0,0,0.0,False,,,0.0
5,2i,150.0,0,0.0,0,0.0,False,,,0.0
10,2i,150.0,0,0.0,0,0.0,False,,,0.0
15,2i,150.0,3,25.4158,0,0.0,False,,,0.0
20,2i,150.0,3,13.1392,0,0.0,False,,,0.0
25,2i,150.0,3,0.5437,2,1.0,False,,,0.006666666666666667
30,2i,150.0,3,0.0001,3,1.0,False,1.0,0.0001,0.006666666666666667
35,2i,150.0,3,0.0,3,1.0,False,1.0,0.0,0.006666666666666667
40,2i,150.0,3,0.0,3,1.0,False,1.0,0.0,0.006666666666666667
45,2i,150.0,3,0.0,3,1.0,False,1.0,-25.4158,0.006666666666666667
50,2i,150.0,1,0.0,1,1.0,False,1.0,-13.1392,0.006666666666666667
55,2i,150.0,1,0.0,1,1.0,False,0.0,-0.5437,0.006666666666666667
60,2i,150.0,1,0.0,1,1.0,False,0.0,-0.0001,0.006666666666666667
65,2i,150.0,1,0.0,1,1.0,False,0.0,0.0,0.006666666666666667
70,2i,150.0,2,9.7598,1,1.0,False,0.0,9.7598,0.006666666666666667
75,2i,150.0,4,10.0877,1,1.0,False,0.0,10.0877,0.006666666666666667
80,2i,150.0,3,8.9289,1,1.0,False,0.0,8.9289,0.006666666666666667
85,2i,150.0,3,2.8172,1,1.0,False,0.0,2.8172,0.006666666666666667
90,2i,150.0,3,0.0,3,1.0,False,0.0,0.0,0.006666666666666667
95,2i,150.0,3,0.0,3,1.0,False,0.0,0.0,0.006666666666666667
100,2i,150.0,3,0.0,3,1.0,False,0.0,-9.7598,0.006666666666666667
105,2i,150.0,3,0.0,3,1.0,False,0.0,-10.0877,0.006666666666666667
110,2i,150.0,3,0.0,3,1.0,False,0.0,-8.9289,0.006666666666666667
115,2i,150.0,3,0.0,3,1.0,False,0.0,-2.8172,0.006666666666666667
120,2i,150.0,3,0.0,3,1.0,False,0.0,0.0,0.006666666666666667
125,2i,150.0,5,8.4427,3,1.0,False,0.0,8.4427,0.006666666666666667
130,2i,150.0,6,7.0777,3,1.0,False,0.0,7.0777,0.006666666666666667
135,2i,150.0,6,2.1645,4,15.04,False,14.04,2.1645,0.10026666666666666
140,2i,150.0,2,0.0,2,15.04,False,14.04,0.0,0.10026666666666666
145,2i,150.0,2,0.0,2,15.04,False,14.04,0.0,0.10026666666666666
150,2i,150.0,2,0.0,2,15.04,False,14.04,0.0,0.10026666666666666
155,2i,150.0,2,0.0,2,15.04,False,14.04,-8.4427,0.10026666666666666
160,2i,150.0,2,0.0,2,15.04,False,14.04,-7.0777,0.10026666666666666
165,2i,150.0,2,0.0,2,15.04,False,0.0,-2.1645,0.10026666666666666
170,2i,150.0,1,2.0146,0,0.0,False,-15.04,2.0146,0.0
175,2i,150.0,2,12.0629,0,0.0,False,-15.04,12.0629,0.0
180,2i,150.0,4,14.5622,1,1.0,False,-14.04,14.5622,0.006666666666666667
185,2i,150.0,4,5.399,1,1.0,False,-14.04,5.399,0.006666666666666667
190,2i,150.0,4,0.0079,4,5.03,False,-10.009999999999998,0.0079,0.03353333333333333
195,2i,150.0,4,0.0,4,5.0,False,-10.04,0.0,0.03333333333333333
200,2i,150.0,4,0.0,4,5.0,False,5.0,-2.0146,0.03333333333333333
205,2i,150.0,4,0.0,4,5.0,False,5.0,-12.0629,0.03333333333333333
210,2i,150.0,4,0.0,4,5.0,False,4.0,-14.5622,0.03333333333333333
215,2i,150.0,4,0.0,4,5.0,False,4.0,-5.399,0.03333333333333333
220,2i,150.0,4,0.0,4,5.0,False,-0.03000000000000025,-0.0079,0.03333333333333333
225,2i,150.0,4,0.0,4,5.0,False,0.0,0.0,0.03333333333333333
230,2i,150.0,3,5.558,2,5.0,False,0.0,5.558,0.03333333333333333
235,2i,150.0,3,7.8488,2,5.0,False,0.0,7.8488,0.03333333333333333
240,2i,150.0,4,6.3579,2,5.0,False,0.0,6.3579,0.03333333333333333
245,2i,150.0,3,3.0586,2,5.0,False,0.0,3.0586,0.03333333333333333
250,2i,150.0,3,1.5813,2,5.0,False,0.0,1.5813,0.03333333333333333
255,2i,150.0,3,0.1311,2,5.0,False,0.0,0.1311,0.03333333333333333
260,2i,150.0,1,0.6285,1,11.37,False,6.369999999999999,-4.9295,0.07579999999999999
265,2i,150.0,1,0.0,0,0.0,False,-5.0,-7.8488,0.0
270,2i,150.0,1,0.0,1,1.0,False,-4.0,-6.3579,0.006666666666666667
275,2i,150.0,1,0.0,1,1.0,False,-4.0,-3.0586,0.006666666666666667
280,2i,150.0,2,12.0352,1,1.0,False,-4.0,10.453899999999999,0.006666666666666667
285,2i,150.0,2,6.1522,1,1.0,False,-4.0,6.0211,0.006666666666666667
290,2i,150.0,3,5.961,1,1.0,False,-10.37,5.3325000000000005,0.006666666666666667
295,2i,150.0,4,5.5422,2,1.0,False,1.0,5.5422,0.006666666666666667
300,2i,150.0,4,2.5896,3,15.04,False,14.04,2.5896,0.10026666666666666
305,2i,150.0,4,0.0,4,15.04,False,14.04,0.0,0.10026666666666666
310,2i,150.0,4,0.0,4,15.04,False,14.04,-12.0352,0.10026666666666666
315,2i,150.0,4,0.0,4,15.04,False,14.04,-6.1522,0.10026666666666666
320,2i,150.0,2,0.0,2,15.04,False,14.04,-5.961,0.10026666666666666
325,2i,150.0,2,0.0,2,15.04,False,14.04,-5.5422,0.10026666666666666
330,2i,150.0,2,0.0,2,15.04,False,0.0,-2.5896,0.10026666666666666
335,2i,150.0,3,6.2024,2,15.04,False,0.0,6.2024,0.10026666666666666
340,2i,150.0,2,0.0,2,15.04,False,0.0,0.0,0.10026666666666666
345,2i,150.0,3,7.2248,2,15.04,False,0.0,7.2248,0.10026666666666666
350,2i,150.0,3,9.6956,0,0.0,False,-15.04,9.6956,0.0
355,2i,150.0,3,3.5232,1,1.2,False,-13.84,3.5232,0.008
360,2i,150.0,3,0.001,3,5.0,False,-10.04,0.001,0.03333333333333333
365,2i,150.0,3,0.0,3,5.0,False,-10.04,-6.2024,0.03333333333333333
370,2i,150.0,3,0.0,3,5.0,False,-10.04,0.0,0.03333333333333333
375,2i,150.0,3,0.0,3,5.0,False,-10.04,-7.2248,0.03333333333333333
380,2i,150.0,3,0.0,3,5.0,False,5.0,-9.6956,0.03333333333333333
385,2i,150.0,4,6.6428,3,5.0,False,3.8,3.1196,0.03333333333333333
390,2i,150.0,4,3.9896,3,5.0,False,0.0,3.9886,0.03333333333333333
395,2i,150.0,4,0.3188,3,5.0,False,0.0,0.3188,0.03333333333333333
400,2i,150.0,6,5.9077,4,5.0,False,0.0,5.9077,0.03333333333333333
405,2i,150.0,6,1.494,4,5.0,False,0.0,1.494,0.03333333333333333
410,2i,150.0,4,0.3995,3,12.0,False,7.0,0.3995,0.08
415,2i,150.0,3,0.0,3,12.0,False,7.0,-6.6428,0.08
420,2i,150.0,3,0.0,3,12.0,False,7.0,-3.9896,0.08
425,2i,150.0,3,0.0,3,12.0,False,7.0,-0.3188,0.08
430,2i,150.0,3,0.0,3,12.0,False,7.0,-5.9077,0.08
435,2i,150.0,3,0.0,3,12.0,False,7.0,-1.494,0.08
440,2i,150.0,2,11.4568,0,0.0,False,-12.0,11.0573,0.0
445,2i,150.0,1,9.9024,0,0.0,False,-12.0,9.9024,0.0
450,2i,150.0,1,0.0,1,1.0,False,-11.0,0.0,0.006666666666666667
455,2i,150.0,3,14.0022,1,1.0,False,-11.0,14.0022,0.006666666666666667
460,2i,150.0,3,5.2611,1,1.0,False,-11.0,5.2611,0.006666666666666667
465,2i,150.0,3,0.0,3,1.0,False,-11.0,0.0,0.006666666666666667
470,2i,150.0,3,0.0,3,1.0,False,1.0,-11.4568,0.006666666666666667
475,2i,150.0,3,0.0,3,1.0,False,1.0,-9.9024,0.006666666666666667
480,2i,150.0,3,0.0,3,1.0,False,0.0,0.0,0.006666666666666667
485,2i,150.0,3,0.0,3,1.0,False,0.0,-14.0022,0.006666666666666667
490,2i,150.0,3,0.0,3,1.0,False,0.0,-5.2611,0.006666666666666667
495,2i,150.0,4,5.2669,3,1.0,False,0.0,5.2669,0.006666666666666667
500,2i,150.0,1,0.0,1,1.0,False,0.0,0.0,0.006666666666666667
505,2i,150.0,1,0.0,1,1.0,False,0.0,0.0,0.006666666666666667
510,2i,150.0,3,11.6946,1,1.0,False,0.0,11.6946,0.006666666666666667
515,2i,150.0,2,5.6172,1,1.0,False,0.0,5.6172,0.006666666666666667
520,2i,150.0,2,3.3672,1,1.0,False,0.0,3.3672,0.006666666666666667
525,2i,150.0,2,1.1172,1,1.0,False,0.0,-4.149699999999999,0.006666666666666667
530,2i,150.0,1,2.1404,0,0.0,False,-1.0,2.1404,0.0
535,2i,150.0,0,0.0,0,0.0,False,-1.0,0.0,0.0
540,2i,150.0,0,0.0,0,0.0,False,-1.0,-11.6946,0.0
545,2i,150.0,0,0.0,0,0.0,False,-1.0,-5.6172,0.0
550,2i,150.0,1,19.3469,0,0.0,False,-1.0,15.979700000000001,0.0
555,2i,150.0,1,14.6829,0,0.0,False,-1.0,13.5657,0.0
560,2i,150.0,2,13.3026,0,0.0,False,0.0,11.1622,0.0
565,2i,150.0,3,10.9108,1,1.0,False,1.0,10.9108,0.006666666666666667
570,2i,150.0,3,6.3839,1,1.0,False,1.0,6.3839,0.006666666666666667
575,2i,150.0,3,0.7895,2,1.0,False,1.0,0.7895,0.006666666666666667
580,2i,150.0,3,0.0,3,1.0,False,1.0,-19.3469,0.006666666666666667
585,2i,150.0,3,0.0,3,1.0,False,1.0,-14.6829,0.006666666666666667
590,2i,150.0,1,0.0,1,1.0,False,1.0,-13.3026,0.006666666666666667
595,2i,150.0,1,0.0,1,1.0,False,0.0,-10.9108,0.006666666666666667
600,2i,150.0,2,9.3333,1,1.0,False,0.0,2.9494,0.006666666666666667
605,2i,150.0,1,0.0,1,1.0,False,0.0,-0.7895,0.006666666666666667
610,2i,150.0,1,0.0,1,1.0,False,0.0,0.0,0.006666666666666667
615,2i,150.0,3,16.5888,1,1.0,False,0.0,16.5888,0.006666666666666667
620,2i,150.0,2,11.9473,0,0.0,False,-1.0,11.9473,0.0
625,2i,150.0,1,0.0,1,1.0,False,0.0,0.0,0.006666666666666667
630,2i,150.0,1,0.0,1,1.0,False,0.0,-9.3333,0.006666666666666667
635,2i,150.0,1,0.0,1,1.0,False,0.0,0.0,0.006666666666666667
640,2i,150.0,1,0.0,1,1.0,False,0.0,0.0,0.006666666666666667
645,2i,150.0,1,0.0,1,1.0,False,0.0,-16.5888,0.006666666666666667
650,2i,150.0,1,0.0,1,1.0,False,1.0,-11.9473,0.006666666666666667
655,2i,150.0,2,9.1829,1,1.0,False,0.0,9.1829,0.006666666666666667
660,2i,150.0,2,8.8307,1,1.0,False,0.0,8.8307,0.006666666666666667
665,2i,150.0,2,1.4673,1,1.0,False,0.0,1.4673,0.006666666666666667
670,2i,150.0,4,12.0998,2,1.0,False,0.0,12.0998,0.006666666666666667
675,2i,150.0,4,6.7002,2,1.0,False,0.0,6.7002,0.006666666666666667
680,2i,150.0,1,0.0,1,1.0,False,0.0,0.0,0.006666666666666667
685,2i,150.0,1,0.0,1,1.0,False,0.0,-9.1829,0.006666666666666667
690,2i,150.0,1,0.0,1,1.0,False,0.0,-8.8307,0.006666666666666667
695,2i,150.0,1,0.0,1,1.0,False,0.0,-1.4673,0.006666666666666667
700,2i,150.0,1,0.0,1,1.0,False,0.0,-12.0998,0.006666666666666667
705,2i,150.0,2,11.2137,1,1.0,False,0.0,4.5135,0.006666666666666667
710,2i,150.0,1,8.7804,0,0.0,False,-1.0,8.7804,0.0
715,2i,150.0,1,0.0478,1,1.01,False,0.010000000000000009,0.0478,0.006733333333333333
720,2i,150.0,1,0.0,1,1.0,False,0.0,0.0,0.006666666666666667
725,2i,150.0,3,16.6849,1,1.0,False,0.0,16.6849,0.006666666666666667
730,2i,150.0,3,9.2919,1,1.0,False,0.0,9.2919,0.006666666666666667
735,2i,150.0,3,0.359,1,1.0,False,0.0,-10.8547,0.006666666666666667
740,2i,150.0,3,0.0,3,1.0,False,1.0,-8.7804,0.006666666666666667
745,2i,150.0,3,0.0,3,1.0,False,-0.010000000000000009,-0.0478,0.006666666666666667
750,2i,150.0,3,0.0,3,1.0,False,0.0,0.0,0.006666666666666667
755,2i,150.0,3,0.0,3,1.0,False,0.0,-16.6849,0.006666666666666667
760,2i,150.0,4,4.1867,3,1.0,False,0.0,-5.1052,0.006666666666666667
765,2i,150.0,4,0.9611,3,1.0,False,0.0,0.6021,0.006666666666666667
770,2i,150.0,1,0.0,1,1.0,False,0.0,0.0,0.006666666666666667
775,2i,150.0,1,0.0,1,1.0,False,0.0,0.0,0.006666666666666667
780,2i,150.0,2,12.1538,1,1.0,False,0.0,12.1538,0.006666666666666667
785,2i,150.0,3,9.4044,1,1.0,False,0.0,9.4044,0.006666666666666667
790,2i,150.0,2,4.7392,1,1.0,False,0.0,0.5525000000000002,0.006666666666666667
795,2i,150.0,2,2.4892,1,1.0,False,0.0,1.5280999999999998,0.006666666666666667
800,2i,150.0,1,2.607,0,0.0,False,-1.0,2.607,0.0
805,2i,150.0,0,0.0,0,0.0,False,-1.0,0.0,0.0
810,2i,150.0,1,26.5684,0,0.0,False,-1.0,14.4146,0.0
815,2i,150.0,1,11.7961,0,0.0,False,-1.0,2.3916999999999984,0.0
820,2i,150.0,1,0.0,1,1.0,False,0.0,-4.7392,0.006666666666666667
825,2i,150.0,1,0.0,1,1.0,False,0.0,-2.4892,0.006666666666666667
830,2i,150.0,1,0.0,1,1.0,False,1.0,-2.607,0.006666666666666667
835,2i,150.0,3,16.2862,1,1.0,False,1.0,16.2862,0.006666666666666667
840,2i,150.0,3,8.564,1,1.0,False,1.0,-18.0044,0.006666666666666667
845,2i,150.0,3,0.4772,1,1.0,False,1.0,-11.3189,0.006666666666666667
850,2i,150.0,3,0.0001,3,1.0,False,0.0,0.0001,0.006666666666666667
855,2i,150.0,3,0.0,3,1.0,False,0.0,0.0,0.006666666666666667
860,2i,150.0,1,0.0,1,1.0,False,0.0,0.0,0.006666666666666667
865,2i,150.0,2,9.7611,1,1.0,False,0.0,-6.5251,0.006666666666666667
870,2i,150.0,1,0.0,1,1.0,False,0.0,-8.564,0.006666666666666667
875,2i,150.0,1,0.0,1,1.0,False,0.0,-0.4772,0.006666666666666667
880,2i,150.0,1,0.0,1,1.0,False,0.0,-0.0001,0.006666666666666667
885,2i,150.0,1,0.0,1,1.0,False,0.0,0.0,0.006666666666666667
890,2i,150.0,2,22.3928,0,0.0,False,-1.0,22.3928,0.0
895,2i,150.0,2,9.8058,0,0.0,False,-1.0,0.04469999999999885,0.0
900,2i,150.0,1,0.0,1,1.0,False,0.0,0.0,0.006666666666666667
905,2i,150.0,1,0.0,1,1.0,False,0.0,0.0,0.006666666666666667
910,2i,150.0,1,0.0,1,1.0,False,0.0,0.0,0.006666666666666667
915,2i,150.0,2,11.8767,1,1.0,False,0.0,11.8767,0.006666666666666667
920,2i,150.0,2,8.014,1,1.0,False,1.0,-14.378800000000002,0.006666666666666667
925,2i,150.0,2,0.5141,1,1.0,False,1.0,-9.291699999999999,0.006666666666666667
930,2i,150.0,2,0.0,2,1.0,False,0.0,0.0,0.006666666666666667
935,2i,150.0,2,0.0,2,1.0,False,0.0,0.0,0.006666666666666667
940,2i,150.0,2,0.0,2,1.0,False,0.0,0.0,0.006666666666666667
945,2i,150.0,4,10.9473,2,1.0,False,0.0,-0.9293999999999993,0.006666666666666667
950,2i,150.0,2,10.6745,0,0.0,False,-1.0,2.6605000000000008,0.0
955,2i,150.0,1,0.0,1,1.0,False,0.0,-0.5141,0.006666666666666667
960,2i,150.0,1,0.0,1,1.0,False,0.0,0.0,0.006666666666666667
965,2i,150.0,1,0.0,1,1.0,False,0.0,0.0,0.006666666666666667
970,2i,150.0,1,0.0,1,1.0,False,0.0,0.0,0.006666666666666667
975,2i,150.0,2,8.3348,1,1.0,False,0.0,-2.6125000000000007,0.006666666666666667
980,2i,150.0,1,10.2009,0,0.0,False,0.0,-0.47359999999999935,0.0
985,2i,150.0,1,0.0,1,1.0,False,0.0,0.0,0.006666666666666667
990,2i,150.0,1,0.0,1,1.0,False,0.0,0.0,0.006666666666666667
995,2i,150.0,1,0.0,1,1.0,False,0.0,0.0,0.006666666666666667
1000,2i,150.0,2,10.8559,1,1.0,False,0.0,10.8559,0.006666666666666667
1005,2i,150.0,3,8.2028,1,1.0,False,0.0,-0.13199999999999967,0.006666666666666667
1010,2i,150.0,3,2.4441,2,1.0,False,1.0,-7.7568,0.006666666666666667
1015,2i,150.0,3,0.0,3,1.0,False,0.0,0.0,0.006666666666666667
1020,2i,150.0,3,0.0,3,1.0,False,0.0,0.0,0.006666666666666667
1025,2i,150.0,4,4.2284,3,1.0,False,0.0,4.2284,0.006666666666666667
1030,2i,150.0,4,0.7285,3,1.0,False,0.0,-10.1274,0.006666666666666667
1035,2i,150.0,4,0.0,4,15.04,False,14.04,-8.2028,0.10026666666666666
1040,2i,150.0,2,1.1027,1,1.0,False,0.0,-1.3414000000000001,0.006666666666666667
1045,2i,150.0,1,0.0,1,1.0,False,0.0,0.0,0.006666666666666667
1050,2i,150.0,1,0.0,1,1.0,False,0.0,0.0,0.006666666666666667
1055,2i,150.0,2,11.7583,1,1.0,False,0.0,7.5299000000000005,0.006666666666666667
1060,2i,150.0,2,6.0186,1,1.0,False,0.0,5.2901,0.006666666666666667
1065,2i,150.0,2,3.7685,1,1.0,False,-14.04,3.7685,0.006666666666666667
1070,2i,150.0,1,4.5902,0,0.0,False,-1.0,3.4875000000000003,0.0
1075,2i,150.0,1,23.5298,0,0.0,False,-1.0,23.5298,0.0
1080,2i,150.0,1,12.9947,0,0.0,False,-1.0,12.9947,0.0
1085,2i,150.0,1,0.0,1,1.0,False,0.0,-11.7583,0.006666666666666667
1090,2i,150.0,1,0.0,1,1.0,False,0.0,-6.0186,0.006666666666666667
1095,2i,150.0,1,0.0,1,1.0,False,0.0,-3.7685,0.006666666666666667
1100,2i,150.0,1,0.0,1,1.0,False,1.0,-4.5902,0.006666666666666667
1105,2i,150.0,2,13.7851,1,1.0,False,1.0,-9.744700000000002,0.006666666666666667
1110,2i,150.0,3,11.0209,1,1.0,False,1.0,-1.9738000000000007,0.006666666666666667
1115,2i,150.0,3,2.0981,1,1.0,False,0.0,2.0981,0.006666666666666667
1120,2i,150.0,3,0.0,3,1.0,False,0.0,0.0,0.006666666666666667
1125,2i,150.0,3,0.0,3,1.0,False,0.0,0.0,0.006666666666666667
1130,2i,150.0,1,0.0,1,1.0,False,0.0,0.0,0.006666666666666667
1135,2i,150.0,2,8.0118,1,1.0,False,0.0,-5.773300000000001,0.006666666666666667
1140,2i,150.0,1,0.0,1,1.0,False,0.0,-11.0209,0.006666666666666667
1145,2i,150.0,1,0.0,1,1.0,False,0.0,-2.0981,0.006666666666666667
1150,2i,150.0,1,0.0,1,1.0,False,0.0,0.0,0.006666666666666667
1155,2i,150.0,1,0.0,1,1.0,False,0.0,0.0,0.006666666666666667
1160,2i,150.0,2,27.0275,0,0.0,False,-1.0,27.0275,0.0
1165,2i,150.0,2,16.0447,0,0.0,False,-1.0,8.0329,0.0
1170,2i,150.0,1,1.0982,0,0.0,False,-1.0,1.0982,0.0
1175,2i,150.0,1,0.0,1,1.0,False,0.0,0.0,0.006666666666666667
1180,2i,150.0,2,12.7391,1,1.0,False,0.0,12.7391,0.006666666666666667
1185,2i,150.0,2,6.173,1,1.0,False,0.0,6.173,0.006666666666666667
1190,2i,150.0,2,0.0,2,1.0,False,1.0,-27.0275,0.006666666666666667
1195,2i,150.0,2,0.0,2,1.0,False,1.0,-16.0447,0.006666666666666667
1200,2i,150.0,2,0.0,2,1.0,False,1.0,-1.0982,0.006666666666666667
1205,2i,150.0,2,0.0,2,1.0,False,0.0,0.0,0.006666666666666667
1210,2i,150.0,2,0.0,2,1.0,False,0.0,-12.7391,0.006666666666666667
1215,2i,150.0,3,8.7513,2,1.0,False,0.0,2.5783000000000005,0.006666666666666667
1220,2i,150.0,2,15.4165,0,0.0,False,-1.0,15.4165,0.0
1225,2i,150.0,2,6.7892,1,1.0,False,0.0,6.7892,0.006666666666666667
1230,2i,150.0,1,0.0,1,1.0,False,0.0,0.0,0.006666666666666667
1235,2i,150.0,1,0.0,1,1.0,False,0.0,0.0,0.006666666666666667
1240,2i,150.0,2,8.1768,1,1.0,False,0.0,8.1768,0.006666666666666667
1245,2i,150.0,2,5.0928,1,1.0,False,0.0,-3.6585,0.006666666666666667
1250,2i,150.0,1,0.0,1,1.0,False,1.0,-15.4165,0.006666666666666667
1255,2i,150.0,1,0.0,1,1.0,False,0.0,-6.7892,0.006666666666666667
1260,2i,150.0,1,0.0,1,1.0,False,0.0,0.0,0.006666666666666667
1265,2i,150.0,1,0.0,1,1.0,False,0.0,0.0,0.006666666666666667
1270,2i,150.0,3,16.3014,1,1.0,False,0.0,8.124600000000001,0.006666666666666667
1275,2i,150.0,3,10.2426,1,1.0,False,0.0,5.149799999999999,0.006666666666666667
1280,2i,150.0,3,1.5219,1,1.0,False,0.0,1.5219,0.006666666666666667
1285,2i,150.0,4,6.4578,3,1.0,False,0.0,6.4578,0.006666666666666667
1290,2i,150.0,4,3.4557,3,1.0,False,0.0,3.4557,0.006666666666666667
1295,2i,150.0,4,0.1357,3,1.0,False,0.0,0.1357,0.006666666666666667
1300,2i,150.0,4,0.0,4,15.04,False,14.04,-16.3014,0.10026666666666666
1305,2i,150.0,4,0.0,4,15.04,False,14.04,-10.2426,0.10026666666666666
1310,2i,150.0,2,1.5291,1,1.0,False,0.0,0.007199999999999873,0.006666666666666667
1315,2i,150.0,1,0.0,1,1.0,False,0.0,-6.4578,0.006666666666666667
1320,2i,150.0,1,0.0,1,1.0,False,0.0,-3.4557,0.006666666666666667
1325,2i,150.0,3,15.9774,1,1.0,False,0.0,15.8417,0.006666666666666667
1330,2i,150.0,3,9.6486,1,1.0,False,-14.04,9.6486,0.006666666666666667
1335,2i,150.0,2,0.0418,2,8.05,False,-6.989999999999998,0.0418,0.05366666666666667
1340,2i,150.0,1,4.4442,0,0.0,False,-1.0,2.9151000000000007,0.0
1345,2i,150.0,1,19.1852,0,0.0,False,-1.0,19.1852,0.0
1350,2i,150.0,1,10.3945,0,0.0,False,-1.0,10.3945,0.0
1355,2i,150.0,1,0.0,1,1.0,False,0.0,-15.9774,0.006666666666666667
1360,2i,150.0,1,0.0,1,1.0,False,0.0,-9.6486,0.006666666666666667
1365,2i,150.0,1,0.0,1,1.0,False,-7.050000000000001,-0.0418,0.006666666666666667
1370,2i,150.0,1,0.0,1,1.0,False,1.0,-4.4442,0.006666666666666667
1375,2i,150.0,1,0.0,1,1.0,False,1.0,-19.1852,0.006666666666666667
1380,2i,150.0,3,15.2837,1,1.0,False,1.0,4.889199999999999,0.006666666666666667
1385,2i,150.0,3,7.8006,1,1.0,False,0.0,7.8006,0.006666666666666667
1390,2i,150.0,3,0.0,2,1.0,False,0.0,0.0,0.006666666666666667
1395,2i,150.0,3,0.0,3,1.0,False,0.0,0.0,0.006666666666666667
1400,2i,150.0,2,7.2913,1,1.0,False,0.0,7.2913,0.006666666666666667
1405,2i,150.0,2,6.1063,1,1.0,False,0.0,6.1063,0.006666666666666667
1410,2i,150.0,1,0.0,1,1.0,False,0.0,-15.2837,0.006666666666666667
1415,2i,150.0,1,0.0,1,1.0,False,0.0,-7.8006,0.006666666666666667
1420,2i,150.0,1,0.0,1,1.0,False,0.0,0.0,0.006666666666666667
1425,2i,150.0,1,0.0,1,1.0,False,0.0,0.0,0.006666666666666667
1430,2i,150.0,0,0.0,0,0.0,False,-1.0,-7.2913,0.0
1435,2i,150.0,2,23.3572,0,0.0,False,-1.0,17.250899999999998,0.0
1440,2i,150.0,2,8.9458,0,0.0,False,-1.0,8.9458,0.0
1445,2i,150.0,2,0.0722,2,1.06,False,0.06000000000000005,0.0722,0.007066666666666667
1450,2i,150.0,3,5.4842,2,1.0,False,0.0,5.4842,0.006666666666666667
1455,2i,150.0,3,5.3614,2,1.0,False,0.0,5.3614,0.006666666666666667
1460,2i,150.0,3,0.4005,2,1.0,False,1.0,0.4005,0.006666666666666667
1465,2i,150.0,3,0.0,3,1.0,False,1.0,-23.3572,0.006666666666666667
1470,2i,150.0,3,0.0,3,1.0,False,1.0,-8.9458,0.006666666666666667
1475,2i,150.0,3,0.0,3,1.0,False,-0.06000000000000005,-0.0722,0.006666666666666667
1480,2i,150.0,3,0.0,3,1.0,False,0.0,-5.4842,0.006666666666666667
1485,2i,150.0,3,0.0,3,1.0,False,0.0,-5.3614,0.006666666666666667
1490,2i,150.0,1,0.0,1,1.0,False,0.0,-0.4005,0.006666666666666667
1495,2i,150.0,3,10.0593,1,1.0,False,0.0,10.0593,0.006666666666666667
1500,2i,150.0,4,8.8241,1,1.0,False,0.0,8.8241,0.006666666666666667
1505,2i,150.0,3,6.2795,1,1.0,False,0.0,6.2795,0.006666666666666667
1510,2i,150.0,2,0.0923,2,5.0,False,4.0,0.0923,0.03333333333333333
1515,2i,150.0,2,0.0,2,5.0,False,4.0,0.0,0.03333333333333333
1520,2i,150.0,1,1.66,0,0.0,False,-1.0,1.66,0.0
1525,2i,150.0,0,0.0,0,0.0,False,-1.0,-10.0593,0.0
1530,2i,150.0,0,0.0,0,0.0,False,-1.0,-8.8241,0.0
1535,2i,150.0,0,0.0,0,0.0,False,-1.0,-6.2795,0.0
1540,2i,150.0,0,0.0,0,0.0,False,-5.0,-0.0923,0.0
1545,2i,150.0,1,20.5879,0,0.0,False,-5.0,20.5879,0.0
1550,2i,150.0,3,16.497,0,0.0,False,0.0,14.837,0.0
1555,2i,150.0,3,7.2602,1,1.0,False,1.0,7.2602,0.006666666666666667
1560,2i,150.0,3,0.9512,2,1.0,False,1.0,0.9512,0.006666666666666667
1565,2i,150.0,3,0.0,3,1.0,False,1.0,0.0,0.006666666666666667
1570,2i,150.0,3,0.0,3,1.0,False,1.0,0.0,0.006666666666666667
1575,2i,150.0,3,0.0,3,1.0,False,1.0,-20.5879,0.006666666666666667
1580,2i,150.0,1,0.0,1,1.0,False,1.0,-16.497,0.006666666666666667
1585,2i,150.0,1,0.0,1,1.0,False,0.0,-7.2602,0.006666666666666667
1590,2i,150.0,1,0.0,1,1.0,False,0.0,-0.9512,0.006666666666666667
1595,2i,150.0,1,0.0,1,1.0,False,0.0,0.0,0.006666666666666667
1600,2i,150.0,3,12.8578,1,1.0,False,0.0,12.8578,0.006666666666666667
1605,2i,150.0,2,3.3378,1,1.0,False,0.0,3.3378,0.006666666666666667
1610,2i,150.0,2,8.791,0,0.0,False,-1.0,8.791,0.0
1615,2i,150.0,2,6.7213,0,0.0,False,-1.0,6.7213,0.0
1620,2i,150.0,2,0.0,1,0.81,False,-0.18999999999999995,0.0,0.0054
1625,2i,150.0,2,0.0,2,1.0,False,0.0,0.0,0.006666666666666667
1630,2i,150.0,2,0.0,2,1.0,False,0.0,-12.8578,0.006666666666666667
1635,2i,150.0,2,0.0,2,1.0,False,0.0,-3.3378,0.006666666666666667
1640,2i,150.0,2,0.0,2,1.0,False,1.0,-8.791,0.006666666666666667
1645,2i,150.0,2,0.0,2,1.0,False,1.0,-6.7213,0.006666666666666667
1650,2i,150.0,2,0.0,2,1.0,False,0.18999999999999995,0.0,0.006666666666666667
1655,2i,150.0,4,8.3063,2,1.0,False,0.0,8.3063,0.006666666666666667
1660,2i,150.0,5,4.9366,2,1.0,False,0.0,4.9366,0.006666666666666667
1665,2i,150.0,5,0.6154,4,7.81,False,6.81,0.6154,0.052066666666666664
1670,2i,150.0,2,0.0,2,7.81,False,6.81,0.0,0.052066666666666664
1675,2i,150.0,2,0.0,2,7.81,False,6.81,0.0,0.052066666666666664
1680,2i,150.0,2,0.0,2,7.81,False,6.81,0.0,0.052066666666666664
1685,2i,150.0,2,0.0,2,7.81,False,6.81,-8.3063,0.052066666666666664
1690,2i,150.0,2,0.0,2,7.81,False,6.81,-4.9366,0.052066666666666664
1695,2i,150.0,2,0.0,2,7.81,False,0.0,-0.6154,0.052066666666666664
1700,2i,150.0,1,4.903,0,0.0,False,-7.81,4.903,0.0
1705,2i,150.0,1,26.513,0,0.0,False,-7.81,26.513,0.0
1710,2i,150.0,3,19.0353,0,0.0,False,-7.81,19.0353,0.0
1715,2i,150.0,3,10.9609,0,0.0,False,-7.81,10.9609,0.0
1720,2i,150.0,3,1.3032,1,1.0,False,-6.81,1.3032,0.006666666666666667
1725,2i,150.0,3,0.0,3,1.0,False,-6.81,0.0,0.006666666666666667
1730,2i,150.0,3,0.0,3,1.0,False,1.0,-4.903,0.006666666666666667
1735,2i,150.0,3,0.0,3,1.0,False,1.0,-26.513,0.006666666666666667
1740,2i,150.0,3,0.0,3,1.0,False,1.0,-19.0353,0.006666666666666667
1745,2i,150.0,3,0.0,3,1.0,False,1.0,-10.9609,0.006666666666666667
1750,2i,150.0,3,0.0,3,1.0,False,0.0,-1.3032,0.006666666666666667
1755,2i,150.0,3,0.0,3,1.0,False,0.0,0.0,0.006666666666666667
1760,2i,150.0,3,18.2333,1,1.0,False,0.0,18.2333,0.006666666666666667
1765,2i,150.0,3,9.9441,1,1.0,False,0.0,9.9441,0.006666666666666667
1770,2i,150.0,3,5.8771,1,1.0,False,0.0,5.8771,0.006666666666666667
1775,2i,150.0,2,0.0001,2,5.0,False,4.0,0.0001,0.03333333333333333
1780,2i,150.0,2,0.0,2,5.0,False,4.0,0.0,0.03333333333333333
1785,2i,150.0,2,0.0,2,5.0,False,4.0,0.0,0.03333333333333333
1790,2i,150.0,1,3.1707,0,0.0,False,-1.0,-15.0626,0.0
1795,2i,150.0,0,0.0,0,0.0,False,-1.0,-9.9441,0.0
1800,2i,150.0,0,0.0,0,0.0,False,-1.0,-5.8771,0.0
1805,2i,150.0,0,0.0,0,0.0,False,-5.0,-0.0001,0.0
1810,2i,150.0,0,0.0,0,0.0,False,-5.0,0.0,0.0
1815,2i,150.0,3,24.6767,0,0.0,False,-5.0,24.6767,0.0
1820,2i,150.0,3,13.449,0,0.0,False,0.0,10.2783,0.0
1825,2i,150.0,3,0.3076,2,1.0,False,1.0,0.3076,0.006666666666666667
1830,2i,150.0,3,0.0,3,1.0,False,1.0,0.0,0.006666666666666667
1835,2i,150.0,3,0.0,3,1.0,False,1.0,0.0,0.006666666666666667
1840,2i,150.0,3,0.0,3,1.0,False,1.0,0.0,0.006666666666666667
1845,2i,150.0,3,0.0,3,1.0,False,1.0,-24.6767,0.006666666666666667
1850,2i,150.0,1,0.0,1,1.0,False,1.0,-13.449,0.006666666666666667
1855,2i,150.0,1,0.0,1,1.0,False,0.0,-0.3076,0.006666666666666667
1860,2i,150.0,1,0.0,1,1.0,False,0.0,0.0,0.006666666666666667
1865,2i,150.0,1,0.0,1,1.0,False,0.0,0.0,0.006666666666666667
1870,2i,150.0,3,14.8445,1,1.0,False,0.0,14.8445,0.006666666666666667
1875,2i,150.0,4,9.1085,1,1.0,False,0.0,9.1085,0.006666666666666667
1880,2i,150.0,3,6.7525,1,1.0,False,0.0,6.7525,0.006666666666666667
1885,2i,150.0,2,0.162,1,1.0,False,0.0,0.162,0.006666666666666667
1890,2i,150.0,2,0.0,2,1.0,False,0.0,0.0,0.006666666666666667
1895,2i,150.0,2,0.0,2,1.0,False,0.0,0.0,0.006666666666666667
1900,2i,150.0,2,0.0,2,1.0,False,0.0,-14.8445,0.006666666666666667
1905,2i,150.0,2,0.0,2,1.0,False,0.0,-9.1085,0.006666666666666667
1910,2i,150.0,2,0.0,2,1.0,False,0.0,-6.7525,0.006666666666666667
1915,2i,150.0,2,0.0,2,1.0,False,0.0,-0.162,0.006666666666666667
1920,2i,150.0,3,8.9441,2,1.0,False,0.0,8.9441,0.006666666666666667
1925,2i,150.0,5,12.8031,2,1.0,False,0.0,12.8031,0.006666666666666667
1930,2i,150.0,5,4.7726,2,1.0,False,0.0,4.7726,0.006666666666666667
1935,2i,150.0,5,0.0481,4,5.0,False,4.0,0.0481,0.03333333333333333
1940,2i,150.0,2,2.6157,1,1.0,False,0.0,2.6157,0.006666666666666667
1945,2i,150.0,1,0.0,1,1.0,False,0.0,0.0,0.006666666666666667
1950,2i,150.0,1,0.0,1,1.0,False,0.0,-8.9441,0.006666666666666667
1955,2i,150.0,1,0.0,1,1.0,False,0.0,-12.8031,0.006666666666666667
1960,2i,150.0,1,0.0,1,1.0,False,0.0,-4.7726,0.006666666666666667
1965,2i,150.0,1,0.0,1,1.0,False,-4.0,-0.0481,0.006666666666666667
1970,2i,150.0,0,0.0,0,0.0,False,-1.0,-2.6157,0.0
1975,2i,150.0,0,0.0,0,0.0,False,-1.0,0.0,0.0
1980,2i,150.0,2,20.0195,0,0.0,False,-1.0,20.0195,0.0
1985,2i,150.0,3,14.5592,0,0.0,False,-1.0,14.5592,0.0
1990,2i,150.0,3,4.1782,1,1.0,False,0.0,4.1782,0.006666666666666667
1995,2i,150.0,3,0.0,3,1.0,False,0.0,0.0,0.006666666666666667
2000,2i,150.0,3,0.0,3,1.0,False,1.0,0.0,0.006666666666666667
2005,2i,150.0,3,0.0,3,1.0,False,1.0,0.0,0.006666666666666667
2010,2i,150.0,3,0.0,3,1.0,False,1.0,-20.0195,0.006666666666666667
2015,2i,150.0,3,0.0,3,1.0,False,1.0,-14.5592,0.006666666666666667
2020,2i,150.0,3,0.0,3,1.0,False,0.0,-4.1782,0.006666666666666667
2025,2i,150.0,3,0.0,3,1.0,False,0.0,0.0,0.006666666666666667
2030,2i,150.0,2,9.9308,1,1.0,False,0.0,9.9308,0.006666666666666667
2035,2i,150.0,3,16.0751,1,1.0,False,0.0,16.0751,0.006666666666666667
2040,2i,150.0,3,7.6506,1,1.0,False,0.0,7.6506,0.006666666666666667
2045,2i,150.0,2,0.0434,2,15.08,False,14.08,0.0434,0.10053333333333334
2050,2i,150.0,2,0.0,2,15.04,False,14.04,0.0,0.10026666666666666
2055,2i,150.0,2,0.0,2,15.04,False,14.04,0.0,0.10026666666666666
2060,2i,150.0,1,1.7059,0,0.0,False,-1.0,-8.2249,0.0
2065,2i,150.0,1,0.1314,0,0.0,False,-1.0,-15.9437,0.0
2070,2i,150.0,1,0.0004,1,1.0,False,0.0,-7.6502,0.006666666666666667
2075,2i,150.0,1,0.0,1,1.0,False,-14.08,-0.0434,0.006666666666666667
2080,2i,150.0,2,12.5255,1,1.0,False,-14.04,12.5255,0.006666666666666667
2085,2i,150.0,2,6.0182,1,1.0,False,-14.04,6.0182,0.006666666666666667
2090,2i,150.0,4,10.7411,1,1.0,False,1.0,9.0352,0.006666666666666667
2095,2i,150.0,4,4.0351,2,1.0,False,1.0,3.9036999999999997,0.006666666666666667
2100,2i,150.0,4,0.0008,4,8.0,False,7.0,0.0004,0.05333333333333334
2105,2i,150.0,4,0.0,4,8.0,False,7.0,0.0,0.05333333333333334
2110,2i,150.0,4,0.0,4,8.0,False,7.0,-12.5255,0.05333333333333334
2115,2i,150.0,4,0.0,4,8.0,False,7.0,-6.0182,0.05333333333333334
2120,2i,150.0,2,0.0,2,8.0,False,7.0,-10.7411,0.05333333333333334
2125,2i,150.0,2,0.0,2,8.0,False,7.0,-4.0351,0.05333333333333334
2130,2i,150.0,2,0.0,2,8.0,False,0.0,-0.0008,0.05333333333333334
2135,2i,150.0,3,7.5082,2,8.0,False,0.0,7.5082,0.05333333333333334
2140,2i,150.0,3,6.3717,2,8.0,False,0.0,6.3717,0.05333333333333334
2145,2i,150.0,4,10.8526,2,8.0,False,0.0,10.8526,0.05333333333333334
2150,2i,150.0,3,6.4578,0,0.0,False,-8.0,6.4578,0.0
2155,2i,150.0,1,0.0,1,1.0,False,-7.0,0.0,0.006666666666666667
2160,2i,150.0,1,0.0,1,1.0,False,-7.0,0.0,0.006666666666666667
2165,2i,150.0,1,0.0,1,1.0,False,-7.0,-7.5082,0.006666666666666667
2170,2i,150.0,1,0.0,1,1.0,False,-7.0,-6.3717,0.006666666666666667
2175,2i,150.0,1,0.0,1,1.0,False,-7.0,-10.8526,0.006666666666666667
2180,2i,150.0,1,0.0,1,1.0,False,1.0,-6.4578,0.006666666666666667
2185,2i,150.0,2,13.5252,1,1.0,False,0.0,13.5252,0.006666666666666667
2190,2i,150.0,2,7.1966,1,1.0,False,0.0,7.1966,0.006666666666666667
2195,2i,150.0,2,0.0,1,1.0,False,0.0,0.0,0.006666666666666667
2200,2i,150.0,4,8.6812,2,1.0,False,0.0,8.6812,0.006666666666666667
2205,2i,150.0,4,1.671,2,1.0,False,0.0,1.671,0.006666666666666667
2210,2i,150.0,1,0.0,1,1.0,False,0.0,0.0,0.006666666666666667
2215,2i,150.0,1,0.0,1,1.0,False,0.0,-13.5252,0.006666666666666667
2220,2i,150.0,1,0.0,1,1.0,False,0.0,-7.1966,0.006666666666666667
2225,2i,150.0,1,0.0,1,1.0,False,0.0,0.0,0.006666666666666667
2230,2i,150.0,1,0.0,1,1.0,False,0.0,-8.6812,0.006666666666666667
2235,2i,150.0,1,0.0,1,1.0,False,0.0,-1.671,0.006666666666666667
2240,2i,150.0,1,24.2087,0,0.0,False,-1.0,24.2087,0.0
2245,2i,150.0,1,10.4516,0,0.0,False,-1.0,10.4516,0.0
2250,2i,150.0,1,0.0,1,1.0,False,0.0,0.0,0.006666666666666667
2255,2i,150.0,3,13.335,1,1.0,False,0.0,13.335,0.006666666666666667
2260,2i,150.0,3,8.6162,1,1.0,False,0.0,8.6162,0.006666666666666667
2265,2i,150.0,3,1.3818,2,1.01,False,0.010000000000000009,1.3818,0.006733333333333333
2270,2i,150.0,3,0.0,3,1.0,False,1.0,-24.2087,0.006666666666666667
2275,2i,150.0,3,0.0,3,1.0,False,1.0,-10.4516,0.006666666666666667
2280,2i,150.0,3,0.0,3,1.0,False,0.0,0.0,0.006666666666666667
2285,2i,150.0,3,0.0,3,1.0,False,0.0,-13.335,0.006666666666666667
2290,2i,150.0,3,0.0,3,1.0,False,0.0,-8.6162,0.006666666666666667
2295,2i,150.0,4,5.0151,3,1.0,False,-0.010000000000000009,3.6333,0.006666666666666667
2300,2i,150.0,2,7.1145,1,1.0,False,0.0,7.1145,0.006666666666666667
2305,2i,150.0,2,13.6889,1,1.0,False,0.0,13.6889,0.006666666666666667
2310,2i,150.0,3,10.5797,1,1.0,False,0.0,10.5797,0.006666666666666667
2315,2i,150.0,2,5.4515,1,1.0,False,0.0,5.4515,0.006666666666666667
2320,2i,150.0,2,3.2014,1,1.0,False,0.0,3.2014,0.006666666666666667
2325,2i,150.0,2,0.9598,1,1.0,False,0.0,-4.055300000000001,0.006666666666666667
2330,2i,150.0,1,1.3841,0,0.0,False,-1.0,-5.7303999999999995,0.0
2335,2i,150.0,1,0.0,0,0.0,False,-1.0,-13.6889,0.0
2340,2i,150.0,1,0.0,1,1.0,False,0.0,-10.5797,0.006666666666666667
2345,2i,150.0,2,12.1318,1,1.0,False,0.0,6.6803,0.006666666666666667
2350,2i,150.0,2,6.554,1,1.0,False,0.0,3.3526000000000002,0.006666666666666667
2355,2i,150.0,2,0.0,1,1.0,False,0.0,-0.9598,0.006666666666666667
2360,2i,150.0,3,9.061,2,1.0,False,1.0,7.6769,0.006666666666666667
2365,2i,150.0,4,7.8001,2,1.0,False,1.0,7.8001,0.006666666666666667
2370,2i,150.0,4,1.1664,2,1.0,False,0.0,1.1664,0.006666666666666667
2375,2i,150.0,4,0.0004,4,15.04,False,14.04,-12.1314,0.10026666666666666
2380,2i,150.0,4,0.0,4,15.04,False,14.04,-6.554,0.10026666666666666
2385,2i,150.0,4,0.0,4,15.04,False,14.04,0.0,0.10026666666666666
2390,2i,150.0,2,0.0,2,15.04,False,14.04,-9.061,0.10026666666666666
2395,2i,150.0,2,0.0,2,15.04,False,14.04,-7.8001,0.10026666666666666
2400,2i,150.0,3,7.2648,2,15.04,False,14.04,6.0984,0.10026666666666666
2405,2i,150.0,3,6.304,2,15.04,False,0.0,6.3036,0.10026666666666666
2410,2i,150.0,2,0.0,2,15.04,False,0.0,0.0,0.10026666666666666
2415,2i,150.0,3,8.5552,2,15.04,False,0.0,8.5552,0.10026666666666666
2420,2i,150.0,3,10.3095,0,0.0,False,-15.04,10.3095,0.0
2425,2i,150.0,3,4.0619,1,1.0,False,-14.04,4.0619,0.006666666666666667
2430,2i,150.0,3,1.4983,2,1.0,False,-14.04,-5.766500000000001,0.006666666666666667
2435,2i,150.0,3,0.017,3,8.0,False,-7.039999999999999,-6.287,0.05333333333333334
2440,2i,150.0,3,0.0,3,8.0,False,-7.039999999999999,0.0,0.05333333333333334
2445,2i,150.0,3,0.0,3,8.0,False,-7.039999999999999,-8.5552,0.05333333333333334
2450,2i,150.0,3,0.0,3,8.0,False,8.0,-10.3095,0.05333333333333334
2455,2i,150.0,4,4.6158,3,8.0,False,7.0,0.5539000000000005,0.05333333333333334
2460,2i,150.0,4,3.9172,3,8.0,False,7.0,2.4189,0.05333333333333334
2465,2i,150.0,4,0.9844,3,8.0,False,0.0,0.9674,0.05333333333333334
2470,2i,150.0,6,8.037,4,8.0,False,0.0,8.037,0.05333333333333334
2475,2i,150.0,6,4.2774,4,8.0,False,0.0,4.2774,0.05333333333333334
2480,2i,150.0,3,0.4548,2,8.0,False,0.0,0.4548,0.05333333333333334
2485,2i,150.0,3,0.0001,3,20.71,False,12.71,-4.6157,0.13806666666666667
2490,2i,150.0,3,0.0,3,20.71,False,12.71,-3.9172,0.13806666666666667
2495,2i,150.0,3,0.0,3,20.71,False,12.71,-0.9844,0.13806666666666667
2500,2i,150.0,3,0.0,3,20.71,False,12.71,-8.037,0.13806666666666667
2505,2i,150.0,4,6.0945,3,20.71,False,12.71,1.8171,0.13806666666666667
2510,2i,150.0,3,6.4021,0,0.0,False,-8.0,5.9473,0.0
2515,2i,150.0,2,0.9351,0,0.0,False,-20.71,0.935,0.0
2520,2i,150.0,2,0.0,2,1.0,False,-19.71,0.0,0.006666666666666667
2525,2i,150.0,4,12.3937,2,1.0,False,-19.71,12.3937,0.006666666666666667
2530,2i,150.0,4,6.7704,2,1.0,False,-19.71,6.7704,0.006666666666666667
2535,2i,150.0,4,0.6325,2,1.0,False,-19.71,-5.462,0.006666666666666667
2540,2i,150.0,4,0.0003,4,7.86,False,7.86,-6.4018,0.0524
2545,2i,150.0,4,0.0,4,7.86,False,7.86,-0.9351,0.0524
2550,2i,150.0,4,0.0,4,7.86,False,6.86,0.0,0.0524
2555,2i,150.0,4,0.0,4,7.86,False,6.86,-12.3937,0.0524
2560,2i,150.0,5,3.9392,4,7.86,False,6.86,-2.8312000000000004,0.0524
2565,2i,150.0,5,1.403,4,7.86,False,6.86,0.7705000000000001,0.0524
2570,2i,150.0,2,0.0,2,7.86,False,0.0,-0.0003,0.0524
2575,2i,150.0,2,0.0,2,7.86,False,0.0,0.0,0.0524
2580,2i,150.0,3,7.0012,2,7.86,False,0.0,7.0012,0.0524
2585,2i,150.0,4,5.8311,2,7.86,False,0.0,5.8311,0.0524
2590,2i,150.0,4,2.8352,3,14.92,False,7.06,-1.104,0.09946666666666666
2595,2i,150.0,4,0.317,3,14.86,False,6.999999999999999,-1.086,0.09906666666666666
2600,2i,150.0,3,2.4411,1,1.0,False,-6.86,2.4411,0.006666666666666667
2605,2i,150.0,1,0.0,1,1.0,False,-6.86,0.0,0.006666666666666667
2610,2i,150.0,1,0.0,1,1.0,False,-6.86,-7.0012,0.006666666666666667
2615,2i,150.0,2,9.4499,1,1.0,False,-6.86,3.6187999999999994,0.006666666666666667
2620,2i,150.0,2,6.486,1,1.0,False,-13.92,3.6508,0.006666666666666667
2625,2i,150.0,2,0.0,2,1.0,False,-13.86,-0.317,0.006666666666666667
2630,2i,150.0,2,0.0,2,1.0,False,0.0,-2.4411,0.006666666666666667
2635,2i,150.0,4,11.338,2,1.0,False,0.0,11.338,0.006666666666666667
2640,2i,150.0,4,4.1738,2,1.0,False,0.0,4.1738,0.006666666666666667
2645,2i,150.0,4,0.006,4,15.05,False,14.05,-9.4439,0.10033333333333334
2650,2i,150.0,4,0.0,4,15.04,False,14.04,-6.486,0.10026666666666666
2655,2i,150.0,4,0.0,4,15.04,False,14.04,0.0,0.10026666666666666
2660,2i,150.0,2,1.8701,1,1.0,False,0.0,1.8701,0.006666666666666667
2665,2i,150.0,2,9.7765,1,1.0,False,0.0,-1.5614999999999988,0.006666666666666667
2670,2i,150.0,1,0.0,1,1.0,False,0.0,-4.1738,0.006666666666666667
2675,2i,150.0,1,0.0,1,1.0,False,-14.05,-0.006,0.006666666666666667
2680,2i,150.0,1,0.0,1,1.0,False,-14.04,0.0,0.006666666666666667
2685,2i,150.0,1,0.0,1,1.0,False,-14.04,0.0,0.006666666666666667
2690,2i,150.0,2,22.6248,0,0.0,False,-1.0,20.7547,0.0
2695,2i,150.0,1,10.1149,0,0.0,False,-1.0,0.33840000000000003,0.0
2700,2i,150.0,1,0.0,1,1.0,False,0.0,0.0,0.006666666666666667
2705,2i,150.0,1,0.0,1,1.0,False,0.0,0.0,0.006666666666666667
2710,2i,150.0,1,0.0,1,1.0,False,0.0,0.0,0.006666666666666667
2715,2i,150.0,2,13.3925,1,1.0,False,0.0,13.3925,0.006666666666666667
2720,2i,150.0,2,5.9199,1,1.0,False,1.0,-16.704900000000002,0.006666666666666667
2725,2i,150.0,2,0.0,2,1.0,False,1.0,-10.1149,0.006666666666666667
2730,2i,150.0,2,0.0,2,1.0,False,0.0,0.0,0.006666666666666667
2735,2i,150.0,2,0.0,2,1.0,False,0.0,0.0,0.006666666666666667
2740,2i,150.0,2,0.0,2,1.0,False,0.0,0.0,0.006666666666666667
2745,2i,150.0,4,11.6873,2,1.0,False,0.0,-1.7051999999999996,0.006666666666666667
2750,2i,150.0,2,11.3269,0,0.0,False,-1.0,5.407,0.0
2755,2i,150.0,1,0.0,1,1.0,False,0.0,0.0,0.006666666666666667
2760,2i,150.0,1,0.0,1,1.0,False,0.0,0.0,0.006666666666666667
2765,2i,150.0,1,0.0,1,1.0,False,0.0,0.0,0.006666666666666667
2770,2i,150.0,2,9.7723,1,1.0,False,0.0,9.7723,0.006666666666666667
2775,2i,150.0,2,3.5118,1,1.0,False,0.0,-8.1755,0.006666666666666667
2780,2i,150.0,1,0.0,1,1.0,False,1.0,-11.3269,0.006666666666666667
2785,2i,150.0,1,0.0,1,1.0,False,0.0,0.0,0.006666666666666667
2790,2i,150.0,1,0.0,1,1.0,False,0.0,0.0,0.006666666666666667
2795,2i,150.0,1,0.0,1,1.0,False,0.0,0.0,0.006666666666666667
2800,2i,150.0,3,11.5312,1,1.0,False,0.0,1.7589000000000006,0.006666666666666667
2805,2i,150.0,3,2.0793,1,1.0,False,0.0,-1.4325,0.006666666666666667
2810,2i,150.0,3,0.0,3,1.0,False,0.0,0.0,0.006666666666666667
2815,2i,150.0,3,0.0,3,1.0,False,0.0,0.0,0.006666666666666667
2820,2i,150.0,3,0.0,3,1.0,False,0.0,0.0,0.006666666666666667
2825,2i,150.0,4,4.5285,3,1.0,False,0.0,4.5285,0.006666666666666667
2830,2i,150.0,4,1.2045,3,1.0,False,0.0,-10.3267,0.006666666666666667
2835,2i,150.0,4,0.0037,4,5.01,False,4.01,-2.0756,0.0334
2840,2i,150.0,1,0.0,1,1.0,False,0.0,0.0,0.006666666666666667
2845,2i,150.0,1,0.0,1,1.0,False,0.0,0.0,0.006666666666666667
2850,2i,150.0,1,0.0,1,1.0,False,0.0,0.0,0.006666666666666667
2855,2i,150.0,3,13.322,1,1.0,False,0.0,8.793499999999998,0.006666666666666667
2860,2i,150.0,2,3.5543,1,1.0,False,0.0,2.3498,0.006666666666666667
2865,2i,150.0,2,0.0004,2,5.0,False,-0.009999999999999787,-0.0033,0.03333333333333333
2870,2i,150.0,0,0.0,0,0.0,False,-1.0,0.0,0.0
2875,2i,150.0,1,24.9301,0,0.0,False,-1.0,24.9301,0.0
2880,2i,150.0,1,12.4078,0,0.0,False,-1.0,12.4078,0.0
2885,2i,150.0,1,0.1309,0,0.0,False,-1.0,-13.191099999999999,0.0
2890,2i,150.0,1,0.0,1,1.0,False,0.0,-3.5543,0.006666666666666667
2895,2i,150.0,1,0.0,1,1.0,False,-4.0,-0.0004,0.006666666666666667
2900,2i,150.0,1,0.0,1,1.0,False,1.0,0.0,0.006666666666666667
2905,2i,150.0,3,17.5778,1,1.0,False,1.0,-7.3523,0.006666666666666667
2910,2i,150.0,3,9.557,1,1.0,False,1.0,-2.8507999999999996,0.006666666666666667
2915,2i,150.0,3,0.7417,1,1.0,False,1.0,0.6108,0.006666666666666667
2920,2i,150.0,3,0.0007,3,1.0,False,0.0,0.0007,0.006666666666666667
2925,2i,150.0,3,0.0,3,1.0,False,0.0,0.0,0.006666666666666667
2930,2i,150.0,2,10.6192,1,1.0,False,0.0,10.6192,0.006666666666666667
2935,2i,150.0,1,0.0,1,1.0,False,0.0,-17.5778,0.006666666666666667
2940,2i,150.0,1,0.0,1,1.0,False,0.0,-9.557,0.006666666666666667
2945,2i,150.0,1,0.0,1,1.0,False,0.0,-0.7417,0.006666666666666667
2950,2i,150.0,1,0.0,1,1.0,False,0.0,-0.0007,0.006666666666666667
2955,2i,150.0,1,0.0,1,1.0,False,0.0,0.0,0.006666666666666667
2960,2i,150.0,1,26.4532,0,0.0,False,-1.0,15.834,0.0
2965,2i,150.0,2,17.541,0,0.0,False,-1.0,17.541,0.0
2970,2i,150.0,1,5.0225,0,0.0,False,-1.0,5.0225,0.0
2975,2i,150.0,1,0.0,1,1.0,False,0.0,0.0,0.006666666666666667
2980,2i,150.0,1,0.0,1,1.0,False,0.0,0.0,0.006666666666666667
2985,2i,150.0,2,9.2997,1,1.0,False,0.0,9.2997,0.006666666666666667
2990,2i,150.0,2,7.1319,1,1.0,False,1.0,-19.3213,0.006666666666666667
2995,2i,150.0,2,0.0,1,1.0,False,1.0,-17.541,0.006666666666666667
3000,2i,150.0,2,0.0,2,1.0,False,1.0,-5.0225,0.006666666666666667
3005,2i,150.0,2,0.0,2,1.0,False,0.0,0.0,0.006666666666666667
3010,2i,150.0,2,0.0,2,1.0,False,0.0,0.0,0.006666666666666667
3015,2i,150.0,4,12.3315,2,1.0,False,0.0,3.0318000000000005,0.006666666666666667
3020,2i,150.0,2,14.9741,0,0.0,False,-1.0,7.8422,0.0
3025,2i,150.0,1,0.6959,0,0.0,False,-1.0,0.6959,0.0
3030,2i,150.0,1,0.0,1,1.0,False,0.0,0.0,0.006666666666666667
3035,2i,150.0,2,9.8725,1,1.0,False,0.0,9.8725,0.006666666666666667
3040,2i,150.0,1,0.0,1,1.0,False,0.0,0.0,0.006666666666666667
3045,2i,150.0,1,0.0,1,1.0,False,0.0,-12.3315,0.006666666666666667
3050,2i,150.0,0,0.0,0,0.0,False,0.0,-14.9741,0.0
3055,2i,150.0,0,0.0,0,0.0,False,0.0,-0.6959,0.0
3060,2i,150.0,0,0.0,0,0.0,False,-1.0,0.0,0.0
3065,2i,150.0,0,0.0,0,0.0,False,-1.0,-9.8725,0.0
3070,2i,150.0,2,25.3749,0,0.0,False,-1.0,25.3749,0.0
3075,2i,150.0,2,12.0862,0,0.0,False,-1.0,12.0862,0.0
3080,2i,150.0,2,0.0,2,1.0,False,1.0,0.0,0.006666666666666667
3085,2i,150.0,2,0.0,2,1.0,False,1.0,0.0,0.006666666666666667
3090,2i,150.0,3,5.2976,2,1.0,False,1.0,5.2976,0.006666666666666667
3095,2i,150.0,3,5.6677,2,1.0,False,1.0,5.6677,0.006666666666666667
3100,2i,150.0,3,1.4852,2,1.0,False,1.0,-23.8897,0.006666666666666667
3105,2i,150.0,3,0.0,3,1.0,False,1.0,-12.0862,0.006666666666666667
3110,2i,150.0,1,0.0,1,1.0,False,0.0,0.0,0.006666666666666667
3115,2i,150.0,1,0.0,1,1.0,False,0.0,0.0,0.006666666666666667
3120,2i,150.0,1,0.0,1,1.0,False,0.0,-5.2976,0.006666666666666667
3125,2i,150.0,3,17.1114,1,1.0,False,0.0,11.4437,0.006666666666666667
3130,2i,150.0,3,8.2012,1,1.0,False,0.0,6.716,0.006666666666666667
3135,2i,150.0,2,0.1285,2,5.15,False,4.15,0.1285,0.034333333333333334
3140,2i,150.0,1,22.3632,0,0.0,False,-1.0,22.3632,0.0
3145,2i,150.0,1,9.0282,0,0.0,False,-1.0,9.0282,0.0
3150,2i,150.0,1,0.0,1,1.0,False,0.0,0.0,0.006666666666666667
3155,2i,150.0,1,0.0,1,1.0,False,0.0,-17.1114,0.006666666666666667
3160,2i,150.0,1,0.0,1,1.0,False,0.0,-8.2012,0.006666666666666667
3165,2i,150.0,1,0.0,1,1.0,False,-4.15,-0.1285,0.006666666666666667
3170,2i,150.0,1,0.0,1,1.0,False,1.0,-22.3632,0.006666666666666667
3175,2i,150.0,1,0.0,1,1.0,False,1.0,-9.0282,0.006666666666666667
3180,2i,150.0,3,15.414,1,1.0,False,0.0,15.414,0.006666666666666667
3185,2i,150.0,3,6.1113,1,1.0,False,0.0,6.1113,0.006666666666666667
3190,2i,150.0,3,0.0383,3,1.03,False,0.030000000000000027,0.0383,0.006866666666666667
3195,2i,150.0,3,0.0,3,1.0,False,0.0,0.0,0.006666666666666667
3200,2i,150.0,2,7.2312,1,1.0,False,0.0,7.2312,0.006666666666666667
3205,2i,150.0,2,7.9215,1,1.0,False,0.0,7.9215,0.006666666666666667
3210,2i,150.0,1,0.0,1,1.0,False,0.0,-15.414,0.006666666666666667
3215,2i,150.0,1,0.0,1,1.0,False,0.0,-6.1113,0.006666666666666667
3220,2i,150.0,1,0.0,1,1.0,False,-0.030000000000000027,-0.0383,0.006666666666666667
3225,2i,150.0,1,0.0,1,1.0,False,0.0,0.0,0.006666666666666667
3230,2i,150.0,0,0.0,0,0.0,False,-1.0,-7.2312,0.0
3235,2i,150.0,1,23.4147,0,0.0,False,-1.0,15.4932,0.0
3240,2i,150.0,2,13.5816,0,0.0,False,-1.0,13.5816,0.0
3245,2i,150.0,3,12.256,1,1.0,False,0.0,12.256,0.006666666666666667
3250,2i,150.0,3,5.1784,2,1.0,False,0.0,5.1784,0.006666666666666667
3255,2i,150.0,3,1.0627,2,1.0,False,0.0,1.0627,0.006666666666666667
3260,2i,150.0,3,0.0005,3,1.0,False,1.0,0.0005,0.006666666666666667
3265,2i,150.0,3,0.0,3,1.0,False,1.0,-23.4147,0.006666666666666667
3270,2i,150.0,3,0.0,3,1.0,False,1.0,-13.5816,0.006666666666666667
3275,2i,150.0,3,0.0,3,1.0,False,0.0,-12.256,0.006666666666666667
3280,2i,150.0,3,0.0,3,1.0,False,0.0,-5.1784,0.006666666666666667
3285,2i,150.0,3,0.0,3,1.0,False,0.0,-1.0627,0.006666666666666667
3290,2i,150.0,2,9.9843,1,1.0,False,0.0,9.983799999999999,0.006666666666666667
3295,2i,150.0,2,6.5284,1,1.0,False,0.0,6.5284,0.006666666666666667
3300,2i,150.0,3,8.2479,1,1.0,False,0.0,8.2479,0.006666666666666667
3305,2i,150.0,3,7.9369,1,1.0,False,0.0,7.9369,0.006666666666666667
3310,2i,150.0,2,0.0592,2,5.09,False,4.09,0.0592,0.03393333333333333
3315,2i,150.0,2,0.0001,2,5.0,False,4.0,0.0001,0.03333333333333333
3320,2i,150.0,1,1.7595,0,0.0,False,-1.0,-8.224799999999998,0.0
3325,2i,150.0,0,0.0,0,0.0,False,-1.0,-6.5284,0.0
3330,2i,150.0,0,0.0,0,0.0,False,-1.0,-8.2479,0.0
3335,2i,150.0,0,0.0,0,0.0,False,-1.0,-7.9369,0.0
3340,2i,150.0,0,0.0,0,0.0,False,-5.09,-0.0592,0.0
3345,2i,150.0,2,20.1868,0,0.0,False,-5.0,20.186700000000002,0.0
3350,2i,150.0,2,6.1063,0,0.0,False,0.0,4.3468,0.0
3355,2i,150.0,3,6.0922,2,1.0,False,1.0,6.0922,0.006666666666666667
3360,2i,150.0,3,5.3025,2,1.0,False,1.0,5.3025,0.006666666666666667
3365,2i,150.0,3,1.3006,2,1.0,False,1.0,1.3006,0.006666666666666667
3370,2i,150.0,3,0.0,3,1.0,False,1.0,0.0,0.006666666666666667
3375,2i,150.0,3,0.0,3,1.0,False,1.0,-20.1868,0.006666666666666667
3380,2i,150.0,1,0.0,1,1.0,False,1.0,-6.1063,0.006666666666666667
3385,2i,150.0,1,0.0,1,1.0,False,0.0,-6.0922,0.006666666666666667
3390,2i,150.0,1,0.0,1,1.0,False,0.0,-5.3025,0.006666666666666667
3395,2i,150.0,1,0.0,1,1.0,False,0.0,-1.3006,0.006666666666666667
3400,2i,150.0,3,12.0147,1,1.0,False,0.0,12.0147,0.006666666666666667
3405,2i,150.0,2,1.7718,1,1.0,False,0.0,1.7718,0.006666666666666667
3410,2i,150.0,1,17.2941,0,0.0,False,-1.0,17.2941,0.0
3415,2i,150.0,1,11.5158,0,0.0,False,-1.0,11.5158,0.0
3420,2i,150.0,1,0.0,1,1.0,False,0.0,0.0,0.006666666666666667
3425,2i,150.0,1,0.0,1,1.0,False,0.0,0.0,0.006666666666666667
3430,2i,150.0,1,0.0,1,1.0,False,0.0,-12.0147,0.006666666666666667
3435,2i,150.0,1,0.0,1,1.0,False,0.0,-1.7718,0.006666666666666667
3440,2i,150.0,1,0.0,1,1.0,False,1.0,-17.2941,0.006666666666666667
3445,2i,150.0,1,0.0,1,1.0,False,1.0,-11.5158,0.006666666666666667
3450,2i,150.0,1,0.0,1,1.0,False,0.0,0.0,0.006666666666666667
3455,2i,150.0,3,11.294,1,1.0,False,0.0,11.294,0.006666666666666667
3460,2i,150.0,4,5.7029,1,1.0,False,0.0,5.7029,0.006666666666666667
3465,2i,150.0,4,0.7247,3,1.0,False,0.0,0.7247,0.006666666666666667
3470,2i,150.0,1,0.0,1,1.0,False,0.0,0.0,0.006666666666666667
3475,2i,150.0,1,0.0,1,1.0,False,0.0,0.0,0.006666666666666667
3480,2i,150.0,1,0.0,1,1.0,False,0.0,0.0,0.006666666666666667
3485,2i,150.0,1,0.0,1,1.0,False,0.0,-11.294,0.006666666666666667
3490,2i,150.0,1,0.0,1,1.0,False,0.0,-5.7029,0.006666666666666667
3495,2i,150.0,1,0.0,1,1.0,False,0.0,-0.7247,0.006666666666666667
3500,2i,150.0,0,0.0,0,0.0,False,-1.0,0.0,0.0
3505,2i,150.0,1,27.6138,0,0.0,False,-1.0,27.6138,0.0
3510,2i,150.0,3,19.5521,0,0.0,False,-1.0,19.5521,0.0
3515,2i,150.0,3,5.1633,0,0.0,False,-1.0,5.1633,0.0
3520,2i,150.0,3,0.0,2,1.0,False,0.0,0.0,0.006666666666666667
3525,2i,150.0,3,0.0,3,1.0,False,0.0,0.0,0.006666666666666667
3530,2i,150.0,3,0.0,3,1.0,False,1.0,0.0,0.006666666666666667
3535,2i,150.0,3,0.0,3,1.0,False,1.0,-27.6138,0.006666666666666667
3540,2i,150.0,3,0.0,3,1.0,False,1.0,-19.5521,0.006666666666666667
3545,2i,150.0,3,0.0,3,1.0,False,1.0,-5.1633,0.006666666666666667
3550,2i,150.0,3,0.0,3,1.0,False,0.0,0.0,0.006666666666666667
3555,2i,150.0,3,0.0,3,1.0,False,0.0,0.0,0.006666666666666667
3560,2i,150.0,1,0.0,1,1.0,False,0.0,0.0,0.006666666666666667
3565,2i,150.0,3,12.1301,1,1.0,False,0.0,12.1301,0.006666666666666667
3570,2i,150.0,4,11.0122,1,1.0,False,0.0,11.0122,0.006666666666666667
3575,2i,150.0,4,7.4103,1,1.0,False,0.0,7.4103,0.006666666666666667
3580,2i,150.0,2,0.0069,2,8.01,False,7.01,0.0069,0.053399999999999996
3585,2i,150.0,2,0.0,2,8.0,False,7.0,0.0,0.05333333333333334
3590,2i,150.0,1,3.0588,0,0.0,False,-1.0,3.0588,0.0
3595,2i,150.0,0,0.0,0,0.0,False,-1.0,-12.1301,0.0
3600,2i,150.0,0,0.0,0,0.0,False,-1.0,-11.0122,0.0
0,3i,150.0,0,0.0,0,0.0,False,,,0.0
5,3i,150.0,0,0.0,0,0.0,False,,,0.0
10,3i,150.0,0,0.0,0,0.0,False,,,0.0
15,3i,150.0,2,26.3069,0,0.0,False,,,0.0
20,3i,150.0,2,15.5303,0,0.0,False,,,0.0
25,3i,150.0,2,7.021,1,1.0,False,,,0.006666666666666667
30,3i,150.0,2,0.2644,1,1.0,False,1.0,0.2644,0.006666666666666667
35,3i,150.0,1,0.0,1,1.0,False,1.0,0.0,0.006666666666666667
40,3i,150.0,1,0.0,1,1.0,False,1.0,0.0,0.006666666666666667
45,3i,150.0,1,0.0,1,1.0,False,1.0,-26.3069,0.006666666666666667
50,3i,150.0,1,0.0,1,1.0,False,1.0,-15.5303,0.006666666666666667
55,3i,150.0,1,0.0,1,1.0,False,0.0,-7.021,0.006666666666666667
60,3i,150.0,1,0.0,1,1.0,False,0.0,-0.2644,0.006666666666666667
65,3i,150.0,1,0.0,1,1.0,False,0.0,0.0,0.006666666666666667
70,3i,150.0,3,15.0066,1,1.0,False,0.0,15.0066,0.006666666666666667
75,3i,150.0,4,8.872,1,1.0,False,0.0,8.872,0.006666666666666667
80,3i,150.0,4,3.7307,3,13.74,False,12.74,3.7307,0.0916
85,3i,150.0,4,0.0,3,13.71,False,12.71,0.0,0.09140000000000001
90,3i,150.0,4,0.0,4,13.71,False,12.71,0.0,0.09140000000000001
95,3i,150.0,1,0.0,1,1.0,False,0.0,0.0,0.006666666666666667
100,3i,150.0,1,0.0,1,1.0,False,0.0,-15.0066,0.006666666666666667
105,3i,150.0,1,0.0,1,1.0,False,0.0,-8.872,0.006666666666666667
110,3i,150.0,1,0.0,1,1.0,False,-12.74,-3.7307,0.006666666666666667
115,3i,150.0,1,0.0,1,1.0,False,-12.71,0.0,0.006666666666666667
120,3i,150.0,1,0.0,1,1.0,False,-12.71,0.0,0.006666666666666667
125,3i,150.0,1,18.9344,0,0.0,False,-1.0,18.9344,0.0
130,3i,150.0,3,19.005,0,0.0,False,-1.0,19.005,0.0
135,3i,150.0,3,8.798,0,0.0,False,-1.0,8.798,0.0
140,3i,150.0,3,0.0,2,1.0,False,0.0,0.0,0.006666666666666667
145,3i,150.0,3,0.0,3,1.0,False,0.0,0.0,0.006666666666666667
150,3i,150.0,3,0.0,3,1.0,False,0.0,0.0,0.006666666666666667
155,3i,150.0,3,0.0,3,1.0,False,1.0,-18.9344,0.006666666666666667
160,3i,150.0,3,0.0,3,1.0,False,1.0,-19.005,0.006666666666666667
165,3i,150.0,3,0.0,3,1.0,False,1.0,-8.798,0.006666666666666667
170,3i,150.0,3,0.0,3,1.0,False,0.0,0.0,0.006666666666666667
175,3i,150.0,4,5.8871,3,1.0,False,0.0,5.8871,0.006666666666666667
180,3i,150.0,6,9.3711,3,1.0,False,0.0,9.3711,0.006666666666666667
185,3i,150.0,4,7.9014,1,1.0,False,0.0,7.9014,0.006666666666666667
190,3i,150.0,2,0.03,2,13.75,False,12.75,0.03,0.09166666666666666
195,3i,150.0,2,0.0,2,13.71,False,12.71,0.0,0.09140000000000001
200,3i,150.0,2,0.0,2,13.71,False,12.71,0.0,0.09140000000000001
205,3i,150.0,2,0.0,2,13.71,False,12.71,-5.8871,0.09140000000000001
210,3i,150.0,2,0.0,2,13.71,False,12.71,-9.3711,0.09140000000000001
215,3i,150.0,1,2.5814,0,0.0,False,-1.0,-5.32,0.0
220,3i,150.0,0,0.0,0,0.0,False,-13.75,-0.03,0.0
225,3i,150.0,0,0.0,0,0.0,False,-13.71,0.0,0.0
230,3i,150.0,1,17.8622,0,0.0,False,-13.71,17.8622,0.0
235,3i,150.0,2,13.2492,0,0.0,False,-13.71,13.2492,0.0
240,3i,150.0,3,8.447,1,1.0,False,-12.71,8.447,0.006666666666666667
245,3i,150.0,3,4.398,2,1.0,False,1.0,1.8165999999999998,0.006666666666666667
250,3i,150.0,3,0.0,2,1.0,False,1.0,0.0,0.006666666666666667
255,3i,150.0,3,0.0,3,1.0,False,1.0,0.0,0.006666666666666667
260,3i,150.0,3,0.0,3,1.0,False,1.0,-17.8622,0.006666666666666667
265,3i,150.0,3,0.0,3,1.0,False,1.0,-13.2492,0.006666666666666667
270,3i,150.0,3,0.0,3,1.0,False,0.0,-8.447,0.006666666666666667
275,3i,150.0,1,0.0,1,1.0,False,0.0,-4.398,0.006666666666666667
280,3i,150.0,2,12.6024,1,1.0,False,0.0,12.6024,0.006666666666666667
285,3i,150.0,2,8.6669,1,1.0,False,0.0,8.6669,0.006666666666666667
290,3i,150.0,3,14.5497,1,1.0,False,0.0,14.5497,0.006666666666666667
295,3i,150.0,2,5.0287,1,1.0,False,0.0,5.0287,0.006666666666666667
300,3i,150.0,2,0.311,2,5.0,False,4.0,0.311,0.03333333333333333
305,3i,150.0,0,0.0,0,0.0,False,-1.0,0.0,0.0
310,3i,150.0,0,0.0,0,0.0,False,-1.0,-12.6024,0.0
315,3i,150.0,0,0.0,0,0.0,False,-1.0,-8.6669,0.0
320,3i,150.0,0,0.0,0,0.0,False,-1.0,-14.5497,0.0
325,3i,150.0,0,0.0,0,0.0,False,-1.0,-5.0287,0.0
330,3i,150.0,0,0.0,0,0.0,False,-5.0,-0.311,0.0
335,3i,150.0,1,20.9581,0,0.0,False,0.0,20.9581,0.0
340,3i,150.0,1,5.9581,0,0.0,False,0.0,5.9581,0.0
345,3i,150.0,3,14.8042,1,1.0,False,1.0,14.8042,0.006666666666666667
350,3i,150.0,3,5.5175,1,1.0,False,1.0,5.5175,0.006666666666666667
355,3i,150.0,3,0.0,3,1.0,False,1.0,0.0,0.006666666666666667
360,3i,150.0,3,0.0,3,1.0,False,1.0,0.0,0.006666666666666667
365,3i,150.0,1,0.0,1,1.0,False,1.0,-20.9581,0.006666666666666667
370,3i,150.0,1,0.0,1,1.0,False,1.0,-5.9581,0.006666666666666667
375,3i,150.0,1,0.0,1,1.0,False,0.0,-14.8042,0.006666666666666667
380,3i,150.0,1,0.0,1,1.0,False,0.0,-5.5175,0.006666666666666667
385,3i,150.0,2,13.6402,1,1.0,False,0.0,13.6402,0.006666666666666667
390,3i,150.0,2,7.3421,1,1.0,False,0.0,7.3421,0.006666666666666667
395,3i,150.0,1,1.537,0,0.0,False,-1.0,1.537,0.0
400,3i,150.0,3,12.3128,1,1.0,False,0.0,12.3128,0.006666666666666667
405,3i,150.0,2,1.9146,1,1.0,False,0.0,1.9146,0.006666666666666667
410,3i,150.0,2,0.0,2,1.0,False,0.0,0.0,0.006666666666666667
415,3i,150.0,2,0.0,2,1.0,False,0.0,-13.6402,0.006666666666666667
420,3i,150.0,2,0.0,2,1.0,False,0.0,-7.3421,0.006666666666666667
425,3i,150.0,2,0.0,2,1.0,False,1.0,-1.537,0.006666666666666667
430,3i,150.0,2,0.0,2,1.0,False,0.0,-12.3128,0.006666666666666667
435,3i,150.0,2,0.0,2,1.0,False,0.0,-1.9146,0.006666666666666667
440,3i,150.0,3,7.3159,2,1.0,False,0.0,7.3159,0.006666666666666667
445,3i,150.0,3,3.138,2,1.0,False,0.0,3.138,0.006666666666666667
450,3i,150.0,3,0.0076,3,5.0,False,4.0,0.0076,0.03333333333333333
455,3i,150.0,2,22.9136,0,0.0,False,-1.0,22.9136,0.0
460,3i,150.0,2,8.6602,0,0.0,False,-1.0,8.6602,0.0
465,3i,150.0,1,0.0,1,1.0,False,0.0,0.0,0.006666666666666667
470,3i,150.0,1,0.0,1,1.0,False,0.0,-7.3159,0.006666666666666667
475,3i,150.0,1,0.0,1,1.0,False,0.0,-3.138,0.006666666666666667
480,3i,150.0,1,0.0,1,1.0,False,-4.0,-0.0076,0.006666666666666667
485,3i,150.0,0,0.0,0,0.0,False,0.0,-22.9136,0.0
490,3i,150.0,0,0.0,0,0.0,False,0.0,-8.6602,0.0
495,3i,150.0,1,18.1757,0,0.0,False,-1.0,18.1757,0.0
500,3i,150.0,1,3.1757,0,0.0,False,-1.0,3.1757,0.0
505,3i,150.0,2,13.5947,1,1.0,False,0.0,13.5947,0.006666666666666667
510,3i,150.0,3,11.3824,1,1.0,False,0.0,11.3824,0.006666666666666667
515,3i,150.0,3,6.374,1,1.0,False,1.0,6.374,0.006666666666666667
520,3i,150.0,3,0.7138,2,1.0,False,1.0,0.7138,0.006666666666666667
525,3i,150.0,3,0.0,3,1.0,False,1.0,-18.1757,0.006666666666666667
530,3i,150.0,3,0.0,3,1.0,False,1.0,-3.1757,0.006666666666666667
535,3i,150.0,3,0.0,3,1.0,False,0.0,-13.5947,0.006666666666666667
540,3i,150.0,3,0.0,3,1.0,False,0.0,-11.3824,0.006666666666666667
545,3i,150.0,2,11.7897,1,1.0,False,0.0,5.4157,0.006666666666666667
550,3i,150.0,2,7.2451,1,1.0,False,0.0,6.5313,0.006666666666666667
555,3i,150.0,1,0.0,1,1.0,False,0.0,0.0,0.006666666666666667
560,3i,150.0,2,12.8212,1,1.0,False,0.0,12.8212,0.006666666666666667
565,3i,150.0,3,11.1046,1,1.0,False,0.0,11.1046,0.006666666666666667
570,3i,150.0,2,0.0838,1,1.0,False,0.0,0.0838,0.006666666666666667
575,3i,150.0,1,3.8692,0,0.0,False,-1.0,-7.9205,0.0
580,3i,150.0,0,0.0,0,0.0,False,-1.0,-7.2451,0.0
585,3i,150.0,0,0.0,0,0.0,False,-1.0,0.0,0.0
590,3i,150.0,0,0.0,0,0.0,False,-1.0,-12.8212,0.0
595,3i,150.0,0,0.0,0,0.0,False,-1.0,-11.1046,0.0
600,3i,150.0,0,0.0,0,0.0,False,-1.0,-0.0838,0.0
605,3i,150.0,1,18.5933,0,0.0,False,0.0,14.7241,0.0
610,3i,150.0,1,8.4962,0,0.0,False,0.0,8.4962,0.0
615,3i,150.0,3,17.1464,1,1.0,False,1.0,17.1464,0.006666666666666667
620,3i,150.0,3,8.3341,1,1.0,False,1.0,8.3341,0.006666666666666667
625,3i,150.0,3,0.0,2,1.0,False,1.0,0.0,0.006666666666666667
630,3i,150.0,3,0.0,3,1.0,False,1.0,0.0,0.006666666666666667
635,3i,150.0,1,0.0,1,1.0,False,1.0,-18.5933,0.006666666666666667
640,3i,150.0,1,0.0,1,1.0,False,1.0,-8.4962,0.006666666666666667
645,3i,150.0,1,0.0,1,1.0,False,0.0,-17.1464,0.006666666666666667
650,3i,150.0,2,13.5211,1,1.0,False,0.0,5.187000000000001,0.006666666666666667
655,3i,150.0,2,6.9409,1,1.0,False,0.0,6.9409,0.006666666666666667
660,3i,150.0,2,0.827,1,1.0,False,0.0,0.827,0.006666666666666667
665,3i,150.0,1,0.0,1,1.0,False,0.0,0.0,0.006666666666666667
670,3i,150.0,3,16.7326,1,1.0,False,0.0,16.7326,0.006666666666666667
675,3i,150.0,3,9.2824,1,1.0,False,0.0,9.2824,0.006666666666666667
680,3i,150.0,3,0.3971,1,1.0,False,0.0,-13.124,0.006666666666666667
685,3i,150.0,3,0.0,3,1.0,False,0.0,-6.9409,0.006666666666666667
690,3i,150.0,3,0.0,3,1.0,False,0.0,-0.827,0.006666666666666667
695,3i,150.0,3,0.0,3,1.0,False,0.0,0.0,0.006666666666666667
700,3i,150.0,3,0.0,3,1.0,False,0.0,-16.7326,0.006666666666666667
705,3i,150.0,4,5.8227,3,1.0,False,0.0,-3.4597000000000007,0.006666666666666667
710,3i,150.0,4,3.1101,3,1.0,False,0.0,2.713,0.006666666666666667
715,3i,150.0,4,0.1611,3,1.0,False,0.0,0.1611,0.006666666666666667
720,3i,150.0,4,0.0011,4,5.01,False,4.01,0.0011,0.0334
725,3i,150.0,2,12.5465,1,1.0,False,0.0,12.5465,0.006666666666666667
730,3i,150.0,3,9.9228,1,1.0,False,0.0,9.9228,0.006666666666666667
735,3i,150.0,3,4.6911,2,8.05,False,7.050000000000001,-1.1316000000000006,0.05366666666666667
740,3i,150.0,2,0.0,2,8.0,False,7.0,-3.1101,0.05333333333333334
745,3i,150.0,2,0.0,2,8.0,False,7.0,-0.1611,0.05333333333333334
750,3i,150.0,2,0.0,2,8.0,False,2.99,-0.0011,0.05333333333333334
755,3i,150.0,1,4.6297,0,0.0,False,-1.0,-7.9168,0.0
760,3i,150.0,1,18.0476,0,0.0,False,-1.0,8.124799999999999,0.0
765,3i,150.0,1,3.0476,0,0.0,False,-8.05,-1.6434999999999995,0.0
770,3i,150.0,1,0.0,1,1.0,False,-7.0,0.0,0.006666666666666667
775,3i,150.0,1,0.0,1,1.0,False,-7.0,0.0,0.006666666666666667
780,3i,150.0,3,15.5329,1,1.0,False,-7.0,15.5329,0.006666666666666667
785,3i,150.0,3,7.3307,1,1.0,False,1.0,2.7010000000000005,0.006666666666666667
790,3i,150.0,3,0.068,2,1.02,False,1.02,-17.979599999999998,0.0068000000000000005
795,3i,150.0,3,0.0,3,1.0,False,1.0,-3.0476,0.006666666666666667
800,3i,150.0,3,0.0,3,1.0,False,0.0,0.0,0.006666666666666667
805,3i,150.0,3,0.0,3,1.0,False,0.0,0.0,0.006666666666666667
810,3i,150.0,4,6.0273,3,1.0,False,0.0,-9.5056,0.006666666666666667
815,3i,150.0,2,7.5065,1,1.0,False,0.0,0.17579999999999973,0.006666666666666667
820,3i,150.0,1,0.0,1,1.0,False,-0.020000000000000018,-0.068,0.006666666666666667
825,3i,150.0,1,0.0,1,1.0,False,0.0,0.0,0.006666666666666667
830,3i,150.0,1,0.0,1,1.0,False,0.0,0.0,0.006666666666666667
835,3i,150.0,3,15.1266,1,1.0,False,0.0,15.1266,0.006666666666666667
840,3i,150.0,3,7.447,1,1.0,False,0.0,1.4196999999999997,0.006666666666666667
845,3i,150.0,2,1.7884,0,0.0,False,-1.0,-5.7181,0.0
850,3i,150.0,1,0.0,1,1.0,False,0.0,0.0,0.006666666666666667
855,3i,150.0,1,0.0,1,1.0,False,0.0,0.0,0.006666666666666667
860,3i,150.0,1,0.0,1,1.0,False,0.0,0.0,0.006666666666666667
865,3i,150.0,2,9.8813,1,1.0,False,0.0,-5.2453,0.006666666666666667
870,3i,150.0,2,2.9768,1,1.0,False,0.0,-4.4702,0.006666666666666667
875,3i,150.0,2,0.0,2,1.0,False,1.0,-1.7884,0.006666666666666667
880,3i,150.0,2,0.0,2,1.0,False,0.0,0.0,0.006666666666666667
885,3i,150.0,2,0.0,2,1.0,False,0.0,0.0,0.006666666666666667
890,3i,150.0,4,10.9161,2,1.0,False,0.0,10.9161,0.006666666666666667
895,3i,150.0,4,3.8431,2,1.0,False,0.0,-6.0382,0.006666666666666667
900,3i,150.0,4,0.0389,4,8.07,False,7.07,-2.9379,0.0538
905,3i,150.0,1,0.0,1,1.0,False,0.0,0.0,0.006666666666666667
910,3i,150.0,1,0.0,1,1.0,False,0.0,0.0,0.006666666666666667
915,3i,150.0,1,0.0,1,1.0,False,0.0,0.0,0.006666666666666667
920,3i,150.0,2,8.5196,1,1.0,False,0.0,-2.3964999999999996,0.006666666666666667
925,3i,150.0,2,8.3291,1,1.0,False,0.0,4.486000000000001,0.006666666666666667
930,3i,150.0,1,0.0,1,1.0,False,-7.07,-0.0389,0.006666666666666667
935,3i,150.0,0,0.0,0,0.0,False,-1.0,0.0,0.0
940,3i,150.0,0,0.0,0,0.0,False,-1.0,0.0,0.0
945,3i,150.0,1,23.4326,0,0.0,False,-1.0,23.4326,0.0
950,3i,150.0,2,14.6055,0,0.0,False,-1.0,6.085899999999999,0.0
955,3i,150.0,2,3.5566,1,1.0,False,0.0,-4.772500000000001,0.006666666666666667
960,3i,150.0,2,0.0,2,1.0,False,0.0,0.0,0.006666666666666667
965,3i,150.0,2,0.0,2,1.0,False,1.0,0.0,0.006666666666666667
970,3i,150.0,3,6.5464,2,1.0,False,1.0,6.5464,0.006666666666666667
975,3i,150.0,3,2.2037,2,1.0,False,1.0,-21.2289,0.006666666666666667
980,3i,150.0,3,0.0013,3,1.0,False,1.0,-14.604199999999999,0.006666666666666667
985,3i,150.0,3,0.0,3,1.0,False,0.0,-3.5566,0.006666666666666667
990,3i,150.0,3,0.0,3,1.0,False,0.0,0.0,0.006666666666666667
995,3i,150.0,1,0.0,1,1.0,False,0.0,0.0,0.006666666666666667
1000,3i,150.0,3,11.3392,1,1.0,False,0.0,4.7928,0.006666666666666667
1005,3i,150.0,2,1.2865,1,1.0,False,0.0,-0.9172,0.006666666666666667
1010,3i,150.0,2,0.0001,2,8.0,False,7.0,-0.0012,0.05333333333333334
1015,3i,150.0,2,0.0,2,8.0,False,7.0,0.0,0.05333333333333334
1020,3i,150.0,2,0.0,2,8.0,False,7.0,0.0,0.05333333333333334
1025,3i,150.0,2,10.7025,0,0.0,False,-1.0,10.7025,0.0
1030,3i,150.0,1,5.0802,0,0.0,False,-1.0,-6.259,0.0
1035,3i,150.0,1,0.0176,1,1.01,False,0.010000000000000009,-1.2689,0.006733333333333333
1040,3i,150.0,1,0.0,1,1.0,False,-7.0,-0.0001,0.006666666666666667
1045,3i,150.0,1,0.0,1,1.0,False,-7.0,0.0,0.006666666666666667
1050,3i,150.0,1,0.0,1,1.0,False,-7.0,0.0,0.006666666666666667
1055,3i,150.0,3,11.3698,1,1.0,False,1.0,0.6672999999999991,0.006666666666666667
1060,3i,150.0,3,2.144,1,1.0,False,1.0,-2.9361999999999995,0.006666666666666667
1065,3i,150.0,3,0.0006,3,1.0,False,-0.010000000000000009,-0.017,0.006666666666666667
1070,3i,150.0,3,0.0,3,1.0,False,0.0,0.0,0.006666666666666667
1075,3i,150.0,4,6.1758,3,1.0,False,0.0,6.1758,0.006666666666666667
1080,3i,150.0,4,3.0157,3,1.0,False,0.0,3.0157,0.006666666666666667
1085,3i,150.0,1,0.0,1,1.0,False,0.0,-11.3698,0.006666666666666667
1090,3i,150.0,1,0.0,1,1.0,False,0.0,-2.144,0.006666666666666667
1095,3i,150.0,1,0.0,1,1.0,False,0.0,-0.0006,0.006666666666666667
1100,3i,150.0,1,0.0,1,1.0,False,0.0,0.0,0.006666666666666667
1105,3i,150.0,2,13.0716,1,1.0,False,0.0,6.8958,0.006666666666666667
1110,3i,150.0,3,10.7761,1,1.0,False,0.0,7.7604,0.006666666666666667
1115,3i,150.0,2,4.1667,0,0.0,False,-1.0,4.1667,0.0
1120,3i,150.0,1,0.0,1,1.0,False,0.0,0.0,0.006666666666666667
1125,3i,150.0,1,0.0,1,1.0,False,0.0,0.0,0.006666666666666667
1130,3i,150.0,2,8.7448,1,1.0,False,0.0,8.7448,0.006666666666666667
1135,3i,150.0,2,1.2448,1,1.0,False,0.0,-11.8268,0.006666666666666667
1140,3i,150.0,2,0.0,2,1.0,False,0.0,-10.7761,0.006666666666666667
1145,3i,150.0,2,0.0,2,1.0,False,1.0,-4.1667,0.006666666666666667
1150,3i,150.0,2,0.0,2,1.0,False,0.0,0.0,0.006666666666666667
1155,3i,150.0,2,0.0,2,1.0,False,0.0,0.0,0.006666666666666667
1160,3i,150.0,4,13.2568,2,1.0,False,0.0,4.5120000000000005,0.006666666666666667
1165,3i,150.0,4,7.1914,2,1.0,False,0.0,5.9466,0.006666666666666667
1170,3i,150.0,4,0.2956,2,1.0,False,0.0,0.2956,0.006666666666666667
1175,3i,150.0,1,0.0,1,1.0,False,0.0,0.0,0.006666666666666667
1180,3i,150.0,2,12.1407,1,1.0,False,0.0,12.1407,0.006666666666666667
1185,3i,150.0,2,7.7793,1,1.0,False,0.0,7.7793,0.006666666666666667
1190,3i,150.0,1,0.0,1,1.0,False,0.0,-13.2568,0.006666666666666667
1195,3i,150.0,1,0.0,1,1.0,False,0.0,-7.1914,0.006666666666666667
1200,3i,150.0,1,0.0,1,1.0,False,0.0,-0.2956,0.006666666666666667
1205,3i,150.0,0,0.0,0,0.0,False,-1.0,0.0,0.0
1210,3i,150.0,0,0.0,0,0.0,False,-1.0,-12.1407,0.0
1215,3i,150.0,2,24.809,0,0.0,False,-1.0,17.029700000000002,0.0
1220,3i,150.0,2,14.1136,0,0.0,False,-1.0,14.1136,0.0
1225,3i,150.0,2,0.7208,1,1.0,False,0.0,0.7208,0.006666666666666667
1230,3i,150.0,2,0.0,2,1.0,False,0.0,0.0,0.006666666666666667
1235,3i,150.0,3,6.5887,2,1.0,False,1.0,6.5887,0.006666666666666667
1240,3i,150.0,3,2.1989,2,1.0,False,1.0,2.1989,0.006666666666666667
1245,3i,150.0,3,0.0,3,1.0,False,1.0,-24.809,0.006666666666666667
1250,3i,150.0,3,0.0,3,1.0,False,1.0,-14.1136,0.006666666666666667
1255,3i,150.0,3,0.0,3,1.0,False,0.0,-0.7208,0.006666666666666667
1260,3i,150.0,3,0.0,3,1.0,False,0.0,0.0,0.006666666666666667
1265,3i,150.0,1,0.0,1,1.0,False,0.0,-6.5887,0.006666666666666667
1270,3i,150.0,3,17.0886,1,1.0,False,0.0,14.8897,0.006666666666666667
1275,3i,150.0,3,9.6931,1,1.0,False,0.0,9.6931,0.006666666666666667
1280,3i,150.0,2,1.3839,1,1.0,False,0.0,1.3839,0.006666666666666667
1285,3i,150.0,3,9.1075,2,5.0,False,4.0,9.1075,0.03333333333333333
1290,3i,150.0,3,5.004,2,5.0,False,4.0,5.004,0.03333333333333333
1295,3i,150.0,1,1.0508,0,0.0,False,-1.0,1.0508,0.0
1300,3i,150.0,1,0.0,1,1.0,False,0.0,-17.0886,0.006666666666666667
1305,3i,150.0,1,0.0,1,1.0,False,0.0,-9.6931,0.006666666666666667
1310,3i,150.0,1,0.0,1,1.0,False,0.0,-1.3839,0.006666666666666667
1315,3i,150.0,1,0.0,1,1.0,False,-4.0,-9.1075,0.006666666666666667
1320,3i,150.0,1,0.0,1,1.0,False,-4.0,-5.004,0.006666666666666667
1325,3i,150.0,3,17.1765,1,1.0,False,1.0,16.125700000000002,0.006666666666666667
1330,3i,150.0,3,7.8254,1,1.0,False,0.0,7.8254,0.006666666666666667
1335,3i,150.0,3,0.0406,2,1.0,False,0.0,0.0406,0.006666666666666667
1340,3i,150.0,4,6.0528,3,1.0,False,0.0,6.0528,0.006666666666666667
1345,3i,150.0,4,3.0389,3,1.0,False,0.0,3.0389,0.006666666666666667
1350,3i,150.0,4,0.1119,3,1.0,False,0.0,0.1119,0.006666666666666667
1355,3i,150.0,1,0.0,1,1.0,False,0.0,-17.1765,0.006666666666666667
1360,3i,150.0,1,0.0,1,1.0,False,0.0,-7.8254,0.006666666666666667
1365,3i,150.0,1,0.0,1,1.0,False,0.0,-0.0406,0.006666666666666667
1370,3i,150.0,1,0.0,1,1.0,False,0.0,-6.0528,0.006666666666666667
1375,3i,150.0,1,0.0,1,1.0,False,0.0,-3.0389,0.006666666666666667
1380,3i,150.0,3,15.7135,1,1.0,False,0.0,15.6016,0.006666666666666667
1385,3i,150.0,2,11.8125,0,0.0,False,-1.0,11.8125,0.0
1390,3i,150.0,1,0.0107,1,1.0,False,0.0,0.0107,0.006666666666666667
1395,3i,150.0,2,9.6814,1,1.0,False,0.0,9.6814,0.006666666666666667
1400,3i,150.0,2,9.3568,1,1.0,False,0.0,9.3568,0.006666666666666667
1405,3i,150.0,2,2.0505,1,1.0,False,0.0,2.0505,0.006666666666666667
1410,3i,150.0,2,0.0,2,1.0,False,0.0,-15.7135,0.006666666666666667
1415,3i,150.0,2,0.0,2,1.0,False,1.0,-11.8125,0.006666666666666667
1420,3i,150.0,2,0.0,2,1.0,False,0.0,-0.0107,0.006666666666666667
1425,3i,150.0,2,0.0,2,1.0,False,0.0,-9.6814,0.006666666666666667
1430,3i,150.0,2,0.0,2,1.0,False,0.0,-9.3568,0.006666666666666667
1435,3i,150.0,4,12.0913,2,1.0,False,0.0,10.0408,0.006666666666666667
1440,3i,150.0,4,5.302,2,1.0,False,0.0,5.302,0.006666666666666667
1445,3i,150.0,2,12.8173,1,1.0,False,0.0,12.8173,0.006666666666666667
1450,3i,150.0,2,8.2005,1,1.0,False,0.0,8.2005,0.006666666666666667
1455,3i,150.0,1,0.0,1,1.0,False,0.0,0.0,0.006666666666666667
1460,3i,150.0,1,0.0,1,1.0,False,0.0,0.0,0.006666666666666667
1465,3i,150.0,1,0.0,1,1.0,False,0.0,-12.0913,0.006666666666666667
1470,3i,150.0,1,0.0,1,1.0,False,0.0,-5.302,0.006666666666666667
1475,3i,150.0,0,0.0,0,0.0,False,-1.0,-12.8173,0.0
1480,3i,150.0,0,0.0,0,0.0,False,-1.0,-8.2005,0.0
1485,3i,150.0,0,0.0,0,0.0,False,-1.0,0.0,0.0
1490,3i,150.0,2,20.6258,0,0.0,False,-1.0,20.6258,0.0
1495,3i,150.0,2,6.4506,0,0.0,False,-1.0,6.4506,0.0
1500,3i,150.0,3,7.7827,2,1.0,False,0.0,7.7827,0.006666666666666667
1505,3i,150.0,3,3.4913,2,1.0,False,1.0,3.4913,0.006666666666666667
1510,3i,150.0,3,0.0558,3,1.08,False,1.08,0.0558,0.007200000000000001
1515,3i,150.0,3,0.0001,3,1.0,False,1.0,0.0001,0.006666666666666667
1520,3i,150.0,3,0.0,3,1.0,False,1.0,-20.6258,0.006666666666666667
1525,3i,150.0,3,0.0,3,1.0,False,1.0,-6.4506,0.006666666666666667
1530,3i,150.0,3,0.0,3,1.0,False,0.0,-7.7827,0.006666666666666667
1535,3i,150.0,1,0.0,1,1.0,False,0.0,-3.4913,0.006666666666666667
1540,3i,150.0,1,0.0,1,1.0,False,-0.08000000000000007,-0.0558,0.006666666666666667
1545,3i,150.0,3,13.8754,1,1.0,False,0.0,13.875300000000001,0.006666666666666667
1550,3i,150.0,2,2.835,1,1.0,False,0.0,2.835,0.006666666666666667
1555,3i,150.0,3,5.8805,2,5.0,False,4.0,5.8805,0.03333333333333333
1560,3i,150.0,3,1.7333,2,5.0,False,4.0,1.7333,0.03333333333333333
1565,3i,150.0,1,0.0095,1,1.01,False,0.010000000000000009,0.0095,0.006733333333333333
1570,3i,150.0,1,0.0,1,1.0,False,0.0,0.0,0.006666666666666667
1575,3i,150.0,1,0.0,1,1.0,False,0.0,-13.8754,0.006666666666666667
1580,3i,150.0,1,0.0,1,1.0,False,0.0,-2.835,0.006666666666666667
1585,3i,150.0,1,0.0,1,1.0,False,-4.0,-5.8805,0.006666666666666667
1590,3i,150.0,1,0.0,1,1.0,False,-4.0,-1.7333,0.006666666666666667
1595,3i,150.0,1,0.0,1,1.0,False,-0.010000000000000009,-0.0095,0.006666666666666667
1600,3i,150.0,2,8.515,1,1.0,False,0.0,8.515,0.006666666666666667
1605,3i,150.0,4,11.4789,1,1.0,False,0.0,11.4789,0.006666666666666667
1610,3i,150.0,4,4.0492,2,1.0,False,0.0,4.0492,0.006666666666666667
1615,3i,150.0,4,0.0117,3,1.0,False,0.0,0.0117,0.006666666666666667
1620,3i,150.0,4,0.0,4,8.0,False,7.0,0.0,0.05333333333333334
1625,3i,150.0,1,0.0,1,1.0,False,0.0,0.0,0.006666666666666667
1630,3i,150.0,1,0.0,1,1.0,False,0.0,-8.515,0.006666666666666667
1635,3i,150.0,1,0.0,1,1.0,False,0.0,-11.4789,0.006666666666666667
1640,3i,150.0,1,0.0,1,1.0,False,0.0,-4.0492,0.006666666666666667
1645,3i,150.0,1,0.0,1,1.0,False,0.0,-0.0117,0.006666666666666667
1650,3i,150.0,1,0.0,1,1.0,False,-7.0,0.0,0.006666666666666667
1655,3i,150.0,2,19.6105,0,0.0,False,-1.0,19.6105,0.0
1660,3i,150.0,3,11.159,0,0.0,False,-1.0,11.159,0.0
1665,3i,150.0,2,1.7245,1,1.0,False,0.0,1.7245,0.006666666666666667
1670,3i,150.0,2,0.0,2,1.0,False,0.0,0.0,0.006666666666666667
1675,3i,150.0,2,0.0,2,1.0,False,0.0,0.0,0.006666666666666667
1680,3i,150.0,2,0.0,2,1.0,False,0.0,0.0,0.006666666666666667
1685,3i,150.0,2,0.0,2,1.0,False,1.0,-19.6105,0.006666666666666667
1690,3i,150.0,2,0.0,2,1.0,False,1.0,-11.159,0.006666666666666667
1695,3i,150.0,2,0.0,2,1.0,False,0.0,-1.7245,0.006666666666666667
1700,3i,150.0,2,0.0,2,1.0,False,0.0,0.0,0.006666666666666667
1705,3i,150.0,3,9.2261,2,1.0,False,0.0,9.2261,0.006666666666666667
1710,3i,150.0,5,11.3329,2,1.0,False,0.0,11.3329,0.006666666666666667
1715,3i,150.0,3,8.1401,0,0.0,False,-1.0,8.1401,0.0
1720,3i,150.0,1,0.0,1,1.0,False,0.0,0.0,0.006666666666666667
1725,3i,150.0,1,0.0,1,1.0,False,0.0,0.0,0.006666666666666667
1730,3i,150.0,1,0.0,1,1.0,False,0.0,0.0,0.006666666666666667
1735,3i,150.0,1,0.0,1,1.0,False,0.0,-9.2261,0.006666666666666667
1740,3i,150.0,1,0.0,1,1.0,False,0.0,-11.3329,0.006666666666666667
1745,3i,150.0,0,0.0,0,0.0,False,0.0,-8.1401,0.0
1750,3i,150.0,0,0.0,0,0.0,False,-1.0,0.0,0.0
1755,3i,150.0,0,0.0,0,0.0,False,-1.0,0.0,0.0
1760,3i,150.0,1,27.7547,0,0.0,False,-1.0,27.7547,0.0
1765,3i,150.0,2,16.7201,0,0.0,False,-1.0,16.7201,0.0
1770,3i,150.0,3,6.5324,0,0.0,False,-1.0,6.5324,0.0
1775,3i,150.0,3,3.2139,2,1.0,False,1.0,3.2139,0.006666666666666667
1780,3i,150.0,3,0.0,3,1.0,False,1.0,0.0,0.006666666666666667
1785,3i,150.0,3,0.0,3,1.0,False,1.0,0.0,0.006666666666666667
1790,3i,150.0,3,0.0,3,1.0,False,1.0,-27.7547,0.006666666666666667
1795,3i,150.0,3,0.0,3,1.0,False,1.0,-16.7201,0.006666666666666667
1800,3i,150.0,3,0.0,3,1.0,False,1.0,-6.5324,0.006666666666666667
1805,3i,150.0,1,0.0,1,1.0,False,0.0,-3.2139,0.006666666666666667
1810,3i,150.0,1,0.0,1,1.0,False,0.0,0.0,0.006666666666666667
1815,3i,150.0,3,17.0363,1,1.0,False,0.0,17.0363,0.006666666666666667
1820,3i,150.0,4,11.8422,1,1.0,False,0.0,11.8422,0.006666666666666667
1825,3i,150.0,2,5.8004,1,1.0,False,0.0,5.8004,0.006666666666666667
1830,3i,150.0,2,2.1763,1,1.0,False,0.0,2.1763,0.006666666666666667
1835,3i,150.0,1,3.208,0,0.0,False,-1.0,3.208,0.0
1840,3i,150.0,0,0.0,0,0.0,False,-1.0,0.0,0.0
1845,3i,150.0,0,0.0,0,0.0,False,-1.0,-17.0363,0.0
1850,3i,150.0,0,0.0,0,0.0,False,-1.0,-11.8422,0.0
1855,3i,150.0,0,0.0,0,0.0,False,-1.0,-5.8004,0.0
1860,3i,150.0,0,0.0,0,0.0,False,-1.0,-2.1763,0.0
1865,3i,150.0,0,0.0,0,0.0,False,0.0,-3.208,0.0
1870,3i,150.0,3,24.3025,0,0.0,False,0.0,24.3025,0.0
1875,3i,150.0,3,12.2649,0,0.0,False,0.0,12.2649,0.0
1880,3i,150.0,3,0.7469,2,1.0,False,1.0,0.7469,0.006666666666666667
1885,3i,150.0,3,0.0003,3,1.0,False,1.0,0.0003,0.006666666666666667
1890,3i,150.0,3,0.0,3,1.0,False,1.0,0.0,0.006666666666666667
1895,3i,150.0,1,0.0,1,1.0,False,1.0,0.0,0.006666666666666667
1900,3i,150.0,1,0.0,1,1.0,False,1.0,-24.3025,0.006666666666666667
1905,3i,150.0,1,0.0,1,1.0,False,1.0,-12.2649,0.006666666666666667
1910,3i,150.0,1,0.0,1,1.0,False,0.0,-0.7469,0.006666666666666667
1915,3i,150.0,1,0.0,1,1.0,False,0.0,-0.0003,0.006666666666666667
1920,3i,150.0,1,0.0,1,1.0,False,0.0,0.0,0.006666666666666667
1925,3i,150.0,2,22.0341,0,0.0,False,-1.0,22.0341,0.0
1930,3i,150.0,3,16.8863,0,0.0,False,-1.0,16.8863,0.0
1935,3i,150.0,2,5.6991,0,0.0,False,-1.0,5.6991,0.0
1940,3i,150.0,2,0.0,2,1.0,False,0.0,0.0,0.006666666666666667
1945,3i,150.0,2,0.0,2,1.0,False,0.0,0.0,0.006666666666666667
1950,3i,150.0,2,0.0,2,1.0,False,0.0,0.0,0.006666666666666667
1955,3i,150.0,2,0.0,2,1.0,False,1.0,-22.0341,0.006666666666666667
1960,3i,150.0,2,0.0,2,1.0,False,1.0,-16.8863,0.006666666666666667
1965,3i,150.0,2,0.0,2,1.0,False,1.0,-5.6991,0.006666666666666667
1970,3i,150.0,2,0.0,2,1.0,False,0.0,0.0,0.006666666666666667
1975,3i,150.0,3,7.2242,2,1.0,False,0.0,7.2242,0.006666666666666667
1980,3i,150.0,5,11.2664,2,1.0,False,0.0,11.2664,0.006666666666666667
1985,3i,150.0,3,11.8272,0,0.0,False,-1.0,11.8272,0.0
1990,3i,150.0,1,0.0,0,0.0,False,-1.0,0.0,0.0
1995,3i,150.0,1,0.0,1,1.0,False,0.0,0.0,0.006666666666666667
2000,3i,150.0,1,0.0,1,1.0,False,0.0,0.0,0.006666666666666667
2005,3i,150.0,1,0.0,1,1.0,False,0.0,-7.2242,0.006666666666666667
2010,3i,150.0,1,0.0,1,1.0,False,0.0,-11.2664,0.006666666666666667
2015,3i,150.0,0,0.0,0,0.0,False,0.0,-11.8272,0.0
2020,3i,150.0,0,0.0,0,0.0,False,0.0,0.0,0.0
2025,3i,150.0,0,0.0,0,0.0,False,-1.0,0.0,0.0
2030,3i,150.0,1,17.8028,0,0.0,False,-1.0,17.8028,0.0
2035,3i,150.0,2,14.2495,0,0.0,False,-1.0,14.2495,0.0
2040,3i,150.0,3,10.3024,1,1.0,False,0.0,10.3024,0.006666666666666667
2045,3i,150.0,3,4.3114,1,1.0,False,1.0,4.3114,0.006666666666666667
2050,3i,150.0,3,0.0,3,1.0,False,1.0,0.0,0.006666666666666667
2055,3i,150.0,3,0.0,3,1.0,False,1.0,0.0,0.006666666666666667
2060,3i,150.0,3,0.0,3,1.0,False,1.0,-17.8028,0.006666666666666667
2065,3i,150.0,3,0.0,3,1.0,False,1.0,-14.2495,0.006666666666666667
2070,3i,150.0,3,0.0,3,1.0,False,0.0,-10.3024,0.006666666666666667
2075,3i,150.0,1,0.0,1,1.0,False,0.0,-4.3114,0.006666666666666667
2080,3i,150.0,2,12.6209,1,1.0,False,0.0,12.6209,0.006666666666666667
2085,3i,150.0,2,8.5628,1,1.0,False,0.0,8.5628,0.006666666666666667
2090,3i,150.0,3,15.5901,1,1.0,False,0.0,15.5901,0.006666666666666667
2095,3i,150.0,3,7.2861,1,1.0,False,0.0,7.2861,0.006666666666666667
2100,3i,150.0,2,0.2152,1,1.0,False,0.0,0.2152,0.006666666666666667
2105,3i,150.0,1,3.3514,0,0.0,False,-1.0,3.3514,0.0
2110,3i,150.0,0,0.0,0,0.0,False,-1.0,-12.6209,0.0
2115,3i,150.0,0,0.0,0,0.0,False,-1.0,-8.5628,0.0
2120,3i,150.0,0,0.0,0,0.0,False,-1.0,-15.5901,0.0
2125,3i,150.0,0,0.0,0,0.0,False,-1.0,-7.2861,0.0
2130,3i,150.0,0,0.0,0,0.0,False,-1.0,-0.2152,0.0
2135,3i,150.0,1,20.5908,0,0.0,False,0.0,17.239400000000003,0.0
2140,3i,150.0,1,5.5908,0,0.0,False,0.0,5.5908,0.0
2145,3i,150.0,3,14.7126,1,1.0,False,1.0,14.7126,0.006666666666666667
2150,3i,150.0,3,5.5911,1,1.0,False,1.0,5.5911,0.006666666666666667
2155,3i,150.0,3,0.0041,3,1.01,False,1.01,0.0041,0.006733333333333333
2160,3i,150.0,3,0.0,3,1.0,False,1.0,0.0,0.006666666666666667
2165,3i,150.0,1,0.0,1,1.0,False,1.0,-20.5908,0.006666666666666667
2170,3i,150.0,1,0.0,1,1.0,False,1.0,-5.5908,0.006666666666666667
2175,3i,150.0,1,0.0,1,1.0,False,0.0,-14.7126,0.006666666666666667
2180,3i,150.0,1,0.0,1,1.0,False,0.0,-5.5911,0.006666666666666667
2185,3i,150.0,1,0.0,1,1.0,False,-0.010000000000000009,-0.0041,0.006666666666666667
2190,3i,150.0,2,8.6967,1,1.0,False,0.0,8.6967,0.006666666666666667
2195,3i,150.0,1,4.8095,0,0.0,False,-1.0,4.8095,0.0
2200,3i,150.0,2,9.6997,1,1.0,False,0.0,9.6997,0.006666666666666667
2205,3i,150.0,2,8.6318,1,1.0,False,0.0,8.6318,0.006666666666666667
2210,3i,150.0,2,3.4959,1,1.0,False,0.0,3.4959,0.006666666666666667
2215,3i,150.0,2,0.0,2,1.0,False,0.0,0.0,0.006666666666666667
2220,3i,150.0,2,0.0,2,1.0,False,0.0,-8.6967,0.006666666666666667
2225,3i,150.0,2,0.0,2,1.0,False,1.0,-4.8095,0.006666666666666667
2230,3i,150.0,2,0.0,2,1.0,False,0.0,-9.6997,0.006666666666666667
2235,3i,150.0,2,0.0,2,1.0,False,0.0,-8.6318,0.006666666666666667
2240,3i,150.0,3,7.4508,2,1.0,False,0.0,3.9549000000000003,0.006666666666666667
2245,3i,150.0,3,2.7841,2,1.0,False,0.0,2.7841,0.006666666666666667
2250,3i,150.0,3,0.0082,3,8.0,False,7.0,0.0082,0.05333333333333334
2255,3i,150.0,1,17.0247,0,0.0,False,-1.0,17.0247,0.0
2260,3i,150.0,2,10.057,0,0.0,False,-1.0,10.057,0.0
2265,3i,150.0,2,4.8145,1,1.0,False,0.0,4.8145,0.006666666666666667
2270,3i,150.0,1,0.0,1,1.0,False,0.0,-7.4508,0.006666666666666667
2275,3i,150.0,1,0.0,1,1.0,False,0.0,-2.7841,0.006666666666666667
2280,3i,150.0,1,0.0,1,1.0,False,-7.0,-0.0082,0.006666666666666667
2285,3i,150.0,0,0.0,0,0.0,False,0.0,-17.0247,0.0
2290,3i,150.0,0,0.0,0,0.0,False,0.0,-10.057,0.0
2295,3i,150.0,1,19.0565,0,0.0,False,-1.0,14.242,0.0
2300,3i,150.0,1,18.7622,0,0.0,False,-1.0,18.7622,0.0
2305,3i,150.0,3,19.288,0,0.0,False,-1.0,19.288,0.0
2310,3i,150.0,3,10.1027,1,1.0,False,0.0,10.1027,0.006666666666666667
2315,3i,150.0,3,0.3894,1,1.0,False,1.0,0.3894,0.006666666666666667
2320,3i,150.0,3,0.0,3,1.0,False,1.0,0.0,0.006666666666666667
2325,3i,150.0,3,0.0,3,1.0,False,1.0,-19.0565,0.006666666666666667
2330,3i,150.0,3,0.0,3,1.0,False,1.0,-18.7622,0.006666666666666667
2335,3i,150.0,3,0.0,3,1.0,False,1.0,-19.288,0.006666666666666667
2340,3i,150.0,3,0.0,3,1.0,False,0.0,-10.1027,0.006666666666666667
2345,3i,150.0,1,0.0,1,1.0,False,0.0,-0.3894,0.006666666666666667
2350,3i,150.0,2,8.4923,1,1.0,False,0.0,8.4923,0.006666666666666667
2355,3i,150.0,2,8.0274,1,1.0,False,0.0,8.0274,0.006666666666666667
2360,3i,150.0,3,17.8681,1,1.0,False,0.0,17.8681,0.006666666666666667
2365,3i,150.0,3,10.0058,1,1.0,False,0.0,10.0058,0.006666666666666667
2370,3i,150.0,2,0.3154,1,1.0,False,0.0,0.3154,0.006666666666666667
2375,3i,150.0,0,0.0,0,0.0,False,-1.0,0.0,0.0
2380,3i,150.0,0,0.0,0,0.0,False,-1.0,-8.4923,0.0
2385,3i,150.0,0,0.0,0,0.0,False,-1.0,-8.0274,0.0
2390,3i,150.0,0,0.0,0,0.0,False,-1.0,-17.8681,0.0
2395,3i,150.0,0,0.0,0,0.0,False,-1.0,-10.0058,0.0
2400,3i,150.0,1,20.9053,0,0.0,False,-1.0,20.5899,0.0
2405,3i,150.0,1,5.9053,0,0.0,False,0.0,5.9053,0.0
2410,3i,150.0,1,0.0,1,1.0,False,1.0,0.0,0.006666666666666667
2415,3i,150.0,2,12.6793,1,1.0,False,1.0,12.6793,0.006666666666666667
2420,3i,150.0,3,10.2279,1,1.0,False,1.0,10.2279,0.006666666666666667
2425,3i,150.0,3,5.1446,2,1.0,False,1.0,5.1446,0.006666666666666667
2430,3i,150.0,3,0.2375,2,1.0,False,1.0,-20.6678,0.006666666666666667
2435,3i,150.0,1,0.0,1,1.0,False,1.0,-5.9053,0.006666666666666667
2440,3i,150.0,1,0.0,1,1.0,False,0.0,0.0,0.006666666666666667
2445,3i,150.0,1,0.0,1,1.0,False,0.0,-12.6793,0.006666666666666667
2450,3i,150.0,2,13.1095,1,1.0,False,0.0,2.8816000000000006,0.006666666666666667
2455,3i,150.0,2,7.3101,1,1.0,False,0.0,2.1655000000000006,0.006666666666666667
2460,3i,150.0,2,0.6518,1,1.0,False,0.0,0.41430000000000006,0.006666666666666667
2465,3i,150.0,1,0.0002,1,1.0,False,0.0,0.0002,0.006666666666666667
2470,3i,150.0,2,13.1951,1,1.0,False,0.0,13.1951,0.006666666666666667
2475,3i,150.0,3,10.2732,1,1.0,False,0.0,10.2732,0.006666666666666667
2480,3i,150.0,3,4.9843,2,1.0,False,0.0,-8.1252,0.006666666666666667
2485,3i,150.0,3,0.2505,2,1.0,False,0.0,-7.0596000000000005,0.006666666666666667
2490,3i,150.0,3,0.0,3,1.0,False,0.0,-0.6518,0.006666666666666667
2495,3i,150.0,3,0.0,3,1.0,False,0.0,-0.0002,0.006666666666666667
2500,3i,150.0,3,0.0,3,1.0,False,0.0,-13.1951,0.006666666666666667
2505,3i,150.0,3,0.0,3,1.0,False,0.0,-10.2732,0.006666666666666667
2510,3i,150.0,4,3.5244,3,1.0,False,0.0,-1.4599000000000002,0.006666666666666667
2515,3i,150.0,4,2.4041,3,1.0,False,0.0,2.1536,0.006666666666666667
2520,3i,150.0,4,1.2791,3,1.0,False,0.0,1.2791,0.006666666666666667
2525,3i,150.0,3,16.0178,1,1.0,False,0.0,16.0178,0.006666666666666667
2530,3i,150.0,3,9.6558,1,1.0,False,0.0,9.6558,0.006666666666666667
2535,3i,150.0,2,0.0457,2,5.09,False,4.09,0.0457,0.03393333333333333
2540,3i,150.0,2,0.0002,2,5.0,False,4.0,-3.5242,0.03333333333333333
2545,3i,150.0,2,0.0,2,5.0,False,4.0,-2.4041,0.03333333333333333
2550,3i,150.0,2,0.0,2,5.0,False,4.0,-1.2791,0.03333333333333333
2555,3i,150.0,1,3.5749,0,0.0,False,-1.0,-12.442900000000002,0.0
2560,3i,150.0,1,17.9114,0,0.0,False,-1.0,8.255600000000001,0.0
2565,3i,150.0,1,3.1739,0,0.0,False,-5.09,3.1282,0.0
2570,3i,150.0,1,0.0,1,1.0,False,-4.0,-0.0002,0.006666666666666667
2575,3i,150.0,1,0.0,1,1.0,False,-4.0,0.0,0.006666666666666667
2580,3i,150.0,2,11.5576,1,1.0,False,-4.0,11.5576,0.006666666666666667
2585,3i,150.0,3,8.3034,1,1.0,False,1.0,4.7285,0.006666666666666667
2590,3i,150.0,3,4.4335,2,1.0,False,1.0,-13.4779,0.006666666666666667
2595,3i,150.0,3,0.0,2,1.0,False,1.0,-3.1739,0.006666666666666667
2600,3i,150.0,3,0.0,3,1.0,False,0.0,0.0,0.006666666666666667
2605,3i,150.0,3,0.0,3,1.0,False,0.0,0.0,0.006666666666666667
2610,3i,150.0,4,6.2157,3,1.0,False,0.0,-5.341900000000001,0.006666666666666667
2615,3i,150.0,2,7.8935,1,1.0,False,0.0,-0.4098999999999995,0.006666666666666667
2620,3i,150.0,1,0.0,1,1.0,False,0.0,-4.4335,0.006666666666666667
2625,3i,150.0,1,0.0,1,1.0,False,0.0,0.0,0.006666666666666667
2630,3i,150.0,1,0.0,1,1.0,False,0.0,0.0,0.006666666666666667
2635,3i,150.0,1,0.0,1,1.0,False,0.0,0.0,0.006666666666666667
2640,3i,150.0,3,11.0489,1,1.0,False,0.0,4.8332,0.006666666666666667
2645,3i,150.0,2,11.1395,0,0.0,False,-1.0,3.2459999999999996,0.0
2650,3i,150.0,2,2.7048,1,1.0,False,0.0,2.7048,0.006666666666666667
2655,3i,150.0,2,0.0,2,1.0,False,0.0,0.0,0.006666666666666667
2660,3i,150.0,2,0.0,2,1.0,False,0.0,0.0,0.006666666666666667
2665,3i,150.0,3,6.2615,2,1.0,False,0.0,6.2615,0.006666666666666667
2670,3i,150.0,3,2.3961,2,1.0,False,0.0,-8.6528,0.006666666666666667
2675,3i,150.0,3,0.0,3,1.0,False,1.0,-11.1395,0.006666666666666667
2680,3i,150.0,3,0.0,3,1.0,False,0.0,-2.7048,0.006666666666666667
2685,3i,150.0,3,0.0,3,1.0,False,0.0,0.0,0.006666666666666667
2690,3i,150.0,5,8.8617,3,1.0,False,0.0,8.8617,0.006666666666666667
2695,3i,150.0,5,3.6404,3,1.0,False,0.0,-2.6210999999999998,0.006666666666666667
2700,3i,150.0,5,0.0149,5,15.04,False,14.04,-2.3812,0.10026666666666666
2705,3i,150.0,2,0.0,2,15.04,False,14.04,0.0,0.10026666666666666
2710,3i,150.0,2,0.0,2,15.04,False,14.04,0.0,0.10026666666666666
2715,3i,150.0,3,7.8092,2,15.04,False,14.04,7.8092,0.10026666666666666
2720,3i,150.0,3,5.1489,2,15.04,False,14.04,-3.7128000000000005,0.10026666666666666
2725,3i,150.0,2,0.0,2,15.04,False,14.04,-3.6404,0.10026666666666666
2730,3i,150.0,2,0.0,2,15.04,False,0.0,-0.0149,0.10026666666666666
2735,3i,150.0,1,1.5984,0,0.0,False,-15.04,1.5984,0.0
2740,3i,150.0,1,0.6866,0,0.0,False,-15.04,0.6866,0.0
2745,3i,150.0,2,11.6265,1,1.0,False,-14.04,3.8173000000000004,0.006666666666666667
2750,3i,150.0,3,9.2391,1,1.0,False,-14.04,4.0902,0.006666666666666667
2755,3i,150.0,3,2.806,2,8.0,False,-7.039999999999999,2.806,0.05333333333333334
2760,3i,150.0,3,0.0,3,8.0,False,-7.039999999999999,0.0,0.05333333333333334
2765,3i,150.0,3,0.0,3,8.0,False,8.0,-1.5984,0.05333333333333334
2770,3i,150.0,4,4.6838,3,8.0,False,8.0,3.9972,0.05333333333333334
2775,3i,150.0,4,1.6765,3,8.0,False,7.0,-9.95,0.05333333333333334
2780,3i,150.0,4,0.0108,4,8.0,False,7.0,-9.2283,0.05333333333333334
2785,3i,150.0,4,0.0,4,8.0,False,0.0,-2.806,0.05333333333333334
2790,3i,150.0,4,0.0,4,8.0,False,0.0,0.0,0.05333333333333334
2795,3i,150.0,2,0.0,2,8.0,False,0.0,0.0,0.05333333333333334
2800,3i,150.0,4,9.6029,2,8.0,False,0.0,4.9191,0.05333333333333334
2805,3i,150.0,4,5.3679,2,8.0,False,0.0,3.6914,0.05333333333333334
2810,3i,150.0,4,2.5241,3,15.0,False,7.0,2.5132999999999996,0.1
2815,3i,150.0,3,0.0,3,15.0,False,7.0,0.0,0.1
2820,3i,150.0,3,0.0,3,15.0,False,7.0,0.0,0.1
2825,3i,150.0,3,7.6524,1,14.13,False,6.130000000000001,7.6524,0.0942
2830,3i,150.0,1,17.1281,0,0.0,False,-8.0,7.5252,0.0
2835,3i,150.0,1,3.5462,0,0.0,False,-8.0,-1.8216999999999999,0.0
2840,3i,150.0,1,0.0,1,1.0,False,-14.0,-2.5241,0.006666666666666667
2845,3i,150.0,1,0.0,1,1.0,False,-14.0,0.0,0.006666666666666667
2850,3i,150.0,1,0.0,1,1.0,False,-14.0,0.0,0.006666666666666667
2855,3i,150.0,3,11.4453,1,1.0,False,-13.13,3.7928999999999995,0.006666666666666667
2860,3i,150.0,3,2.5492,1,1.0,False,1.0,-14.5789,0.006666666666666667
2865,3i,150.0,3,0.0002,3,1.0,False,1.0,-3.546,0.006666666666666667
2870,3i,150.0,3,0.0,3,1.0,False,0.0,0.0,0.006666666666666667
2875,3i,150.0,4,5.388,3,1.0,False,0.0,5.388,0.006666666666666667
2880,3i,150.0,4,1.888,3,1.0,False,0.0,1.888,0.006666666666666667
2885,3i,150.0,1,0.0,1,1.0,False,0.0,-11.4453,0.006666666666666667
2890,3i,150.0,1,0.0,1,1.0,False,0.0,-2.5492,0.006666666666666667
2895,3i,150.0,1,0.0,1,1.0,False,0.0,-0.0002,0.006666666666666667
2900,3i,150.0,1,0.0,1,1.0,False,0.0,0.0,0.006666666666666667
2905,3i,150.0,2,13.6723,1,1.0,False,0.0,8.2843,0.006666666666666667
2910,3i,150.0,3,10.6787,1,1.0,False,0.0,8.7907,0.006666666666666667
2915,3i,150.0,1,4.6991,0,0.0,False,-1.0,4.6991,0.0
2920,3i,150.0,1,0.0,1,1.0,False,0.0,0.0,0.006666666666666667
2925,3i,150.0,1,0.0,1,1.0,False,0.0,0.0,0.006666666666666667
2930,3i,150.0,2,10.5571,1,1.0,False,0.0,10.5571,0.006666666666666667
2935,3i,150.0,2,3.7151,1,1.0,False,0.0,-9.9572,0.006666666666666667
2940,3i,150.0,2,0.0,2,1.0,False,0.0,-10.6787,0.006666666666666667
2945,3i,150.0,2,0.0,2,1.0,False,1.0,-4.6991,0.006666666666666667
2950,3i,150.0,2,0.0,2,1.0,False,0.0,0.0,0.006666666666666667
2955,3i,150.0,2,0.0,2,1.0,False,0.0,0.0,0.006666666666666667
2960,3i,150.0,3,8.7765,2,1.0,False,0.0,-1.7805999999999997,0.006666666666666667
2965,3i,150.0,4,8.199,2,1.0,False,0.0,4.4839,0.006666666666666667
2970,3i,150.0,4,1.088,2,1.0,False,0.0,1.088,0.006666666666666667
2975,3i,150.0,1,0.0,1,1.0,False,0.0,0.0,0.006666666666666667
2980,3i,150.0,2,12.5079,1,1.0,False,0.0,12.5079,0.006666666666666667
2985,3i,150.0,2,7.8171,1,1.0,False,0.0,7.8171,0.006666666666666667
2990,3i,150.0,1,0.0,1,1.0,False,0.0,-8.7765,0.006666666666666667
2995,3i,150.0,1,0.0,1,1.0,False,0.0,-8.199,0.006666666666666667
3000,3i,150.0,1,0.0,1,1.0,False,0.0,-1.088,0.006666666666666667
3005,3i,150.0,0,0.0,0,0.0,False,-1.0,0.0,0.0
3010,3i,150.0,0,0.0,0,0.0,False,-1.0,-12.5079,0.0
3015,3i,150.0,1,26.5148,0,0.0,False,-1.0,18.6977,0.0
3020,3i,150.0,2,15.177,0,0.0,False,-1.0,15.177,0.0
3025,3i,150.0,2,7.2915,1,1.0,False,0.0,7.2915,0.006666666666666667
3030,3i,150.0,2,0.0,1,1.0,False,0.0,0.0,0.006666666666666667
3035,3i,150.0,3,7.6584,2,1.0,False,1.0,7.6584,0.006666666666666667
3040,3i,150.0,3,3.7985,2,1.0,False,1.0,3.7985,0.006666666666666667
3045,3i,150.0,3,0.0,3,1.0,False,1.0,-26.5148,0.006666666666666667
3050,3i,150.0,3,0.0,3,1.0,False,1.0,-15.177,0.006666666666666667
3055,3i,150.0,3,0.0,3,1.0,False,0.0,-7.2915,0.006666666666666667
3060,3i,150.0,3,0.0,3,1.0,False,0.0,0.0,0.006666666666666667
3065,3i,150.0,1,0.0,1,1.0,False,0.0,-7.6584,0.006666666666666667
3070,3i,150.0,3,16.6394,1,1.0,False,0.0,12.840899999999998,0.006666666666666667
3075,3i,150.0,3,9.2221,1,1.0,False,0.0,9.2221,0.006666666666666667
3080,3i,150.0,2,0.7359,1,1.0,False,0.0,0.7359,0.006666666666666667
3085,3i,150.0,3,8.8021,2,13.71,False,12.71,8.8021,0.09140000000000001
3090,3i,150.0,3,4.9486,2,13.71,False,12.71,4.9486,0.09140000000000001
3095,3i,150.0,2,2.8373,0,0.0,False,-1.0,2.8373,0.0
3100,3i,150.0,1,0.0,1,1.0,False,0.0,-16.6394,0.006666666666666667
3105,3i,150.0,1,0.0,1,1.0,False,0.0,-9.2221,0.006666666666666667
3110,3i,150.0,1,0.0,1,1.0,False,0.0,-0.7359,0.006666666666666667
3115,3i,150.0,1,0.0,1,1.0,False,-12.71,-8.8021,0.006666666666666667
3120,3i,150.0,1,0.0,1,1.0,False,-12.71,-4.9486,0.006666666666666667
3125,3i,150.0,3,16.8582,1,1.0,False,1.0,14.020900000000001,0.006666666666666667
3130,3i,150.0,3,8.0324,1,1.0,False,0.0,8.0324,0.006666666666666667
3135,3i,150.0,3,0.1252,2,1.0,False,0.0,0.1252,0.006666666666666667
3140,3i,150.0,4,5.595,3,1.0,False,0.0,5.595,0.006666666666666667
3145,3i,150.0,4,2.1529,3,1.0,False,0.0,2.1529,0.006666666666666667
3150,3i,150.0,4,0.0143,4,5.03,False,4.03,0.0143,0.03353333333333333
3155,3i,150.0,1,0.0,1,1.0,False,0.0,-16.8582,0.006666666666666667
3160,3i,150.0,1,0.0,1,1.0,False,0.0,-8.0324,0.006666666666666667
3165,3i,150.0,1,0.0,1,1.0,False,0.0,-0.1252,0.006666666666666667
3170,3i,150.0,1,0.0,1,1.0,False,0.0,-5.595,0.006666666666666667
3175,3i,150.0,1,0.0,1,1.0,False,0.0,-2.1529,0.006666666666666667
3180,3i,150.0,3,15.4927,1,1.0,False,-4.03,15.478399999999999,0.006666666666666667
3185,3i,150.0,2,9.452,0,0.0,False,-1.0,9.452,0.0
3190,3i,150.0,1,0.0,1,1.0,False,0.0,0.0,0.006666666666666667
3195,3i,150.0,2,8.8758,1,1.0,False,0.0,8.8758,0.006666666666666667
3200,3i,150.0,2,1.3759,1,1.0,False,0.0,1.3759,0.006666666666666667
3205,3i,150.0,2,0.0,2,1.0,False,0.0,0.0,0.006666666666666667
3210,3i,150.0,2,0.0,2,1.0,False,0.0,-15.4927,0.006666666666666667
3215,3i,150.0,2,0.0,2,1.0,False,1.0,-9.452,0.006666666666666667
3220,3i,150.0,2,0.0,2,1.0,False,0.0,0.0,0.006666666666666667
3225,3i,150.0,2,0.0,2,1.0,False,0.0,-8.8758,0.006666666666666667
3230,3i,150.0,2,0.0,2,1.0,False,0.0,-1.3759,0.006666666666666667
3235,3i,150.0,4,11.2687,2,1.0,False,0.0,11.2687,0.006666666666666667
3240,3i,150.0,4,4.5278,2,1.0,False,0.0,4.5278,0.006666666666666667
3245,3i,150.0,2,11.656,1,1.0,False,0.0,11.656,0.006666666666666667
3250,3i,150.0,2,7.6657,1,1.0,False,0.0,7.6657,0.006666666666666667
3255,3i,150.0,1,0.0,1,1.0,False,0.0,0.0,0.006666666666666667
3260,3i,150.0,1,0.0,1,1.0,False,0.0,0.0,0.006666666666666667
3265,3i,150.0,1,0.0,1,1.0,False,0.0,-11.2687,0.006666666666666667
3270,3i,150.0,1,0.0,1,1.0,False,0.0,-4.5278,0.006666666666666667
3275,3i,150.0,0,0.0,0,0.0,False,-1.0,-11.656,0.0
3280,3i,150.0,0,0.0,0,0.0,False,-1.0,-7.6657,0.0
3285,3i,150.0,0,0.0,0,0.0,False,-1.0,0.0,0.0
3290,3i,150.0,2,22.2228,0,0.0,False,-1.0,22.2228,0.0
3295,3i,150.0,2,8.2569,0,0.0,False,-1.0,8.2569,0.0
3300,3i,150.0,2,0.0,2,1.0,False,0.0,0.0,0.006666666666666667
3305,3i,150.0,3,5.394,2,1.0,False,1.0,5.394,0.006666666666666667
3310,3i,150.0,3,3.3864,2,1.0,False,1.0,3.3864,0.006666666666666667
3315,3i,150.0,3,0.0,3,1.0,False,1.0,0.0,0.006666666666666667
3320,3i,150.0,3,0.0,3,1.0,False,1.0,-22.2228,0.006666666666666667
3325,3i,150.0,3,0.0,3,1.0,False,1.0,-8.2569,0.006666666666666667
3330,3i,150.0,3,0.0,3,1.0,False,0.0,0.0,0.006666666666666667
3335,3i,150.0,1,0.0,1,1.0,False,0.0,-5.394,0.006666666666666667
3340,3i,150.0,1,0.0,1,1.0,False,0.0,-3.3864,0.006666666666666667
3345,3i,150.0,2,10.1689,1,1.0,False,0.0,10.1689,0.006666666666666667
3350,3i,150.0,2,6.458,1,1.0,False,0.0,6.458,0.006666666666666667
3355,3i,150.0,3,8.0131,1,1.0,False,0.0,8.0131,0.006666666666666667
3360,3i,150.0,3,3.7602,1,1.0,False,0.0,3.7602,0.006666666666666667
3365,3i,150.0,2,1.3543,1,1.0,False,0.0,1.3543,0.006666666666666667
3370,3i,150.0,1,0.0,1,1.0,False,0.0,0.0,0.006666666666666667
3375,3i,150.0,1,0.0,1,1.0,False,0.0,-10.1689,0.006666666666666667
3380,3i,150.0,1,0.0,1,1.0,False,0.0,-6.458,0.006666666666666667
3385,3i,150.0,1,0.0,1,1.0,False,0.0,-8.0131,0.006666666666666667
3390,3i,150.0,1,0.0,1,1.0,False,0.0,-3.7602,0.006666666666666667
3395,3i,150.0,1,0.0,1,1.0,False,0.0,-1.3543,0.006666666666666667
3400,3i,150.0,3,12.8811,1,1.0,False,0.0,12.8811,0.006666666666666667
3405,3i,150.0,4,8.2102,1,1.0,False,0.0,8.2102,0.006666666666666667
3410,3i,150.0,4,2.1433,3,1.0,False,0.0,2.1433,0.006666666666666667
3415,3i,150.0,4,0.0154,4,5.03,False,4.03,0.0154,0.03353333333333333
3420,3i,150.0,4,0.0001,4,5.0,False,4.0,0.0001,0.03333333333333333
3425,3i,150.0,1,0.0,1,1.0,False,0.0,0.0,0.006666666666666667
3430,3i,150.0,1,0.0,1,1.0,False,0.0,-12.8811,0.006666666666666667
3435,3i,150.0,1,0.0,1,1.0,False,0.0,-8.2102,0.006666666666666667
3440,3i,150.0,1,0.0,1,1.0,False,0.0,-2.1433,0.006666666666666667
3445,3i,150.0,1,0.0,1,1.0,False,-4.03,-0.0154,0.006666666666666667
3450,3i,150.0,1,0.0,1,1.0,False,-4.0,-0.0001,0.006666666666666667
3455,3i,150.0,1,21.3744,0,0.0,False,-1.0,21.3744,0.0
3460,3i,150.0,2,13.4111,0,0.0,False,-1.0,13.4111,0.0
3465,3i,150.0,3,6.9504,1,1.0,False,0.0,6.9504,0.006666666666666667
3470,3i,150.0,3,2.1027,2,1.0,False,0.0,2.1027,0.006666666666666667
3475,3i,150.0,3,0.0,3,1.0,False,0.0,0.0,0.006666666666666667
3480,3i,150.0,3,0.0,3,1.0,False,0.0,0.0,0.006666666666666667
3485,3i,150.0,3,0.0,3,1.0,False,1.0,-21.3744,0.006666666666666667
3490,3i,150.0,3,0.0,3,1.0,False,1.0,-13.4111,0.006666666666666667
3495,3i,150.0,3,0.0,3,1.0,False,0.0,-6.9504,0.006666666666666667
3500,3i,150.0,3,0.0,3,1.0,False,0.0,-2.1027,0.006666666666666667
3505,3i,150.0,5,10.8864,3,1.0,False,0.0,10.8864,0.006666666666666667
3510,3i,150.0,6,8.5954,3,1.0,False,0.0,8.5954,0.006666666666666667
3515,3i,150.0,3,4.754,1,1.0,False,0.0,4.754,0.006666666666666667
3520,3i,150.0,2,0.0001,2,13.71,False,12.71,0.0001,0.09140000000000001
3525,3i,150.0,2,0.0,2,13.71,False,12.71,0.0,0.09140000000000001
3530,3i,150.0,2,0.0,2,13.71,False,12.71,0.0,0.09140000000000001
3535,3i,150.0,2,0.0,2,13.71,False,12.71,-10.8864,0.09140000000000001
3540,3i,150.0,2,0.0,2,13.71,False,12.71,-8.5954,0.09140000000000001
3545,3i,150.0,1,2.2682,0,0.0,False,-1.0,-2.4857999999999993,0.0
3550,3i,150.0,0,0.0,0,0.0,False,-13.71,-0.0001,0.0
3555,3i,150.0,0,0.0,0,0.0,False,-13.71,0.0,0.0
3560,3i,150.0,0,0.0,0,0.0,False,-13.71,0.0,0.0
3565,3i,150.0,3,20.1892,0,0.0,False,-13.71,20.1892,0.0
3570,3i,150.0,3,5.8074,0,0.0,False,-13.71,5.8074,0.0
3575,3i,150.0,3,0.0539,3,1.07,False,1.07,-2.2143,0.0071333333333333335
3580,3i,150.0,3,0.0002,3,1.0,False,1.0,0.0002,0.006666666666666667
3585,3i,150.0,3,0.0,3,1.0,False,1.0,0.0,0.006666666666666667
3590,3i,150.0,3,0.0,3,1.0,False,1.0,0.0,0.006666666666666667
3595,3i,150.0,3,0.0,3,1.0,False,1.0,-20.1892,0.006666666666666667
3600,3i,150.0,3,0.0,3,1.0,False,1.0,-5.8074,0.006666666666666667
0,4i,150.0,0,0.0,0,0.0,False,,,0.0
5,4i,150.0,0,0.0,0,0.0,False,,,0.0
10,4i,150.0,0,0.0,0,0.0,False,,,0.0
15,4i,150.0,2,25.4506,0,0.0,False,,,0.0
20,4i,150.0,3,16.5056,0,0.0,False,,,0.0
25,4i,150.0,2,9.6055,0,0.0,False,,,0.0
30,4i,150.0,1,0.0,1,1.0,False,1.0,0.0,0.006666666666666667
35,4i,150.0,0,0.0,0,0.0,False,0.0,0.0,0.0
40,4i,150.0,0,0.0,0,0.0,False,0.0,0.0,0.0
45,4i,150.0,0,0.0,0,0.0,False,0.0,-25.4506,0.0
50,4i,150.0,0,0.0,0,0.0,False,0.0,-16.5056,0.0
55,4i,150.0,0,0.0,0,0.0,False,0.0,-9.6055,0.0
60,4i,150.0,0,0.0,0,0.0,False,-1.0,0.0,0.0
65,4i,150.0,0,0.0,0,0.0,False,0.0,0.0,0.0
70,4i,150.0,1,26.6645,0,0.0,False,0.0,26.6645,0.0
75,4i,150.0,3,15.9872,0,0.0,False,0.0,15.9872,0.0
80,4i,150.0,3,6.9713,1,1.0,False,1.0,6.9713,0.006666666666666667
85,4i,150.0,3,0.1266,2,1.0,False,1.0,0.1266,0.006666666666666667
90,4i,150.0,3,0.0,3,1.0,False,1.0,0.0,0.006666666666666667
95,4i,150.0,1,0.0,1,1.0,False,1.0,0.0,0.006666666666666667
100,4i,150.0,1,0.0,1,1.0,False,1.0,-26.6645,0.006666666666666667
105,4i,150.0,1,0.0,1,1.0,False,1.0,-15.9872,0.006666666666666667
110,4i,150.0,1,0.0,1,1.0,False,0.0,-6.9713,0.006666666666666667
115,4i,150.0,1,0.0,1,1.0,False,0.0,-0.1266,0.006666666666666667
120,4i,150.0,1,0.0,1,1.0,False,0.0,0.0,0.006666666666666667
125,4i,150.0,3,22.7976,0,0.0,False,-1.0,22.7976,0.0
130,4i,150.0,3,10.1402,0,0.0,False,-1.0,10.1402,0.0
135,4i,150.0,2,0.0,2,1.0,False,0.0,0.0,0.006666666666666667
140,4i,150.0,2,0.0,2,1.0,False,0.0,0.0,0.006666666666666667
145,4i,150.0,2,0.0,2,1.0,False,0.0,0.0,0.006666666666666667
150,4i,150.0,2,0.0,2,1.0,False,0.0,0.0,0.006666666666666667
155,4i,150.0,2,0.0,2,1.0,False,1.0,-22.7976,0.006666666666666667
160,4i,150.0,2,0.0,2,1.0,False,1.0,-10.1402,0.006666666666666667
165,4i,150.0,2,0.0,2,1.0,False,0.0,0.0,0.006666666666666667
170,4i,150.0,2,0.0,2,1.0,False,0.0,0.0,0.006666666666666667
175,4i,150.0,3,7.8753,2,1.0,False,0.0,7.8753,0.006666666666666667
180,4i,150.0,4,8.9713,2,1.0,False,0.0,8.9713,0.006666666666666667
185,4i,150.0,2,13.8314,0,0.0,False,-1.0,13.8314,0.0
190,4i,150.0,2,6.291,1,1.0,False,0.0,6.291,0.006666666666666667
195,4i,150.0,1,0.0,1,1.0,False,0.0,0.0,0.006666666666666667
200,4i,150.0,1,0.0,1,1.0,False,0.0,0.0,0.006666666666666667
205,4i,150.0,1,0.0,1,1.0,False,0.0,-7.8753,0.006666666666666667
210,4i,150.0,1,0.0,1,1.0,False,0.0,-8.9713,0.006666666666666667
215,4i,150.0,0,0.0,0,0.0,False,0.0,-13.8314,0.0
220,4i,150.0,0,0.0,0,0.0,False,-1.0,-6.291,0.0
225,4i,150.0,0,0.0,0,0.0,False,-1.0,0.0,0.0
230,4i,150.0,0,0.0,0,0.0,False,-1.0,0.0,0.0
235,4i,150.0,3,21.3868,0,0.0,False,-1.0,21.3868,0.0
240,4i,150.0,3,9.7624,0,0.0,False,-1.0,9.7624,0.0
245,4i,150.0,3,0.0,2,1.0,False,1.0,0.0,0.006666666666666667
250,4i,150.0,3,0.0,3,1.0,False,1.0,0.0,0.006666666666666667
255,4i,150.0,3,0.0,3,1.0,False,1.0,0.0,0.006666666666666667
260,4i,150.0,3,0.0,3,1.0,False,1.0,0.0,0.006666666666666667
265,4i,150.0,3,0.0,3,1.0,False,1.0,-21.3868,0.006666666666666667
270,4i,150.0,3,0.0,3,1.0,False,1.0,-9.7624,0.006666666666666667
275,4i,150.0,1,0.0,1,1.0,False,0.0,0.0,0.006666666666666667
280,4i,150.0,2,12.2483,1,1.0,False,0.0,12.2483,0.006666666666666667
285,4i,150.0,2,7.5915,1,1.0,False,0.0,7.5915,0.006666666666666667
290,4i,150.0,3,13.5539,1,1.0,False,0.0,13.5539,0.006666666666666667
295,4i,150.0,2,3.0585,1,1.0,False,0.0,3.0585,0.006666666666666667
300,4i,150.0,2,0.0014,2,5.0,False,4.0,0.0014,0.03333333333333333
305,4i,150.0,0,0.0,0,0.0,False,-1.0,0.0,0.0
310,4i,150.0,0,0.0,0,0.0,False,-1.0,-12.2483,0.0
315,4i,150.0,0,0.0,0,0.0,False,-1.0,-7.5915,0.0
320,4i,150.0,0,0.0,0,0.0,False,-1.0,-13.5539,0.0
325,4i,150.0,0,0.0,0,0.0,False,-1.0,-3.0585,0.0
330,4i,150.0,0,0.0,0,0.0,False,-5.0,-0.0014,0.0
335,4i,150.0,1,24.7293,0,0.0,False,0.0,24.7293,0.0
340,4i,150.0,1,10.4294,0,0.0,False,0.0,10.4294,0.0
345,4i,150.0,1,0.0,1,1.0,False,1.0,0.0,0.006666666666666667
350,4i,150.0,3,11.5746,1,1.0,False,1.0,11.5746,0.006666666666666667
355,4i,150.0,3,5.5913,1,1.0,False,1.0,5.5913,0.006666666666666667
360,4i,150.0,3,0.0,3,1.0,False,1.0,0.0,0.006666666666666667
365,4i,150.0,1,0.0,1,1.0,False,1.0,-24.7293,0.006666666666666667
370,4i,150.0,1,0.0,1,1.0,False,1.0,-10.4294,0.006666666666666667
375,4i,150.0,1,0.0,1,1.0,False,0.0,0.0,0.006666666666666667
380,4i,150.0,1,0.0,1,1.0,False,0.0,-11.5746,0.006666666666666667
385,4i,150.0,1,0.0,1,1.0,False,0.0,-5.5913,0.006666666666666667
390,4i,150.0,2,8.5342,1,1.0,False,0.0,8.5342,0.006666666666666667
395,4i,150.0,1,5.7665,0,0.0,False,-1.0,5.7665,0.0
400,4i,150.0,3,11.5916,1,1.0,False,0.0,11.5916,0.006666666666666667
405,4i,150.0,3,2.6313,1,1.0,False,0.0,2.6313,0.006666666666666667
410,4i,150.0,3,0.0,3,1.0,False,0.0,0.0,0.006666666666666667
415,4i,150.0,3,0.0,3,1.0,False,0.0,0.0,0.006666666666666667
420,4i,150.0,3,0.0,3,1.0,False,0.0,-8.5342,0.006666666666666667
425,4i,150.0,3,0.0,3,1.0,False,1.0,-5.7665,0.006666666666666667
430,4i,150.0,3,0.0,3,1.0,False,0.0,-11.5916,0.006666666666666667
435,4i,150.0,3,0.0,3,1.0,False,0.0,-2.6313,0.006666666666666667
440,4i,150.0,3,0.0,3,1.0,False,0.0,0.0,0.006666666666666667
445,4i,150.0,4,3.4535,3,1.0,False,0.0,3.4535,0.006666666666666667
450,4i,150.0,4,2.363,3,1.0,False,0.0,2.363,0.006666666666666667
455,4i,150.0,4,10.4269,1,1.0,False,0.0,10.4269,0.006666666666666667
460,4i,150.0,3,3.8494,1,1.0,False,0.0,3.8494,0.006666666666666667
465,4i,150.0,2,0.0,2,5.0,False,4.0,0.0,0.03333333333333333
470,4i,150.0,2,0.0,2,5.0,False,4.0,0.0,0.03333333333333333
475,4i,150.0,2,0.0,2,5.0,False,4.0,-3.4535,0.03333333333333333
480,4i,150.0,2,0.0,2,5.0,False,4.0,-2.363,0.03333333333333333
485,4i,150.0,0,0.0,0,0.0,False,-1.0,-10.4269,0.0
490,4i,150.0,0,0.0,0,0.0,False,-1.0,-3.8494,0.0
495,4i,150.0,1,20.3745,0,0.0,False,-5.0,20.3745,0.0
500,4i,150.0,1,7.646,0,0.0,False,-5.0,7.646,0.0
505,4i,150.0,2,13.5938,1,1.0,False,-4.0,13.5938,0.006666666666666667
510,4i,150.0,3,11.1681,1,1.0,False,-4.0,11.1681,0.006666666666666667
515,4i,150.0,3,2.1059,1,1.0,False,1.0,2.1059,0.006666666666666667
520,4i,150.0,3,0.0,3,1.0,False,1.0,0.0,0.006666666666666667
525,4i,150.0,3,0.0,3,1.0,False,1.0,-20.3745,0.006666666666666667
530,4i,150.0,3,0.0,3,1.0,False,1.0,-7.646,0.006666666666666667
535,4i,150.0,3,0.0,3,1.0,False,0.0,-13.5938,0.006666666666666667
540,4i,150.0,3,0.0,3,1.0,False,0.0,-11.1681,0.006666666666666667
545,4i,150.0,2,11.8887,1,1.0,False,0.0,9.7828,0.006666666666666667
550,4i,150.0,2,7.5451,1,1.0,False,0.0,7.5451,0.006666666666666667
555,4i,150.0,1,0.0,1,1.0,False,0.0,0.0,0.006666666666666667
560,4i,150.0,2,13.3289,1,1.0,False,0.0,13.3289,0.006666666666666667
565,4i,150.0,3,11.077,1,1.0,False,0.0,11.077,0.006666666666666667
570,4i,150.0,3,1.6608,1,1.0,False,0.0,1.6608,0.006666666666666667
575,4i,150.0,2,1.846,1,1.0,False,0.0,-10.0427,0.006666666666666667
580,4i,150.0,1,0.0,1,1.0,False,0.0,-7.5451,0.006666666666666667
585,4i,150.0,1,0.0,1,1.0,False,0.0,0.0,0.006666666666666667
590,4i,150.0,1,0.0,1,1.0,False,0.0,-13.3289,0.006666666666666667
595,4i,150.0,1,0.0,1,1.0,False,0.0,-11.077,0.006666666666666667
600,4i,150.0,2,10.4071,1,1.0,False,0.0,8.7463,0.006666666666666667
605,4i,150.0,2,2.9071,1,1.0,False,0.0,1.0610999999999997,0.006666666666666667
610,4i,150.0,2,0.0,2,1.0,False,0.0,0.0,0.006666666666666667
615,4i,150.0,4,12.5747,2,1.0,False,0.0,12.5747,0.006666666666666667
620,4i,150.0,4,5.5519,2,1.0,False,0.0,5.5519,0.006666666666666667
625,4i,150.0,4,0.0157,4,8.06,False,7.0600000000000005,0.0157,0.053733333333333334
630,4i,150.0,4,0.0,4,8.0,False,7.0,-10.4071,0.05333333333333334
635,4i,150.0,1,0.0,1,1.0,False,0.0,-2.9071,0.006666666666666667
640,4i,150.0,1,0.0,1,1.0,False,0.0,0.0,0.006666666666666667
645,4i,150.0,1,0.0,1,1.0,False,0.0,-12.5747,0.006666666666666667
650,4i,150.0,2,13.3461,1,1.0,False,0.0,7.7942,0.006666666666666667
655,4i,150.0,2,7.357,1,1.0,False,-7.0600000000000005,7.3413,0.006666666666666667
660,4i,150.0,2,1.0033,1,1.0,False,-7.0,1.0033,0.006666666666666667
665,4i,150.0,1,0.0004,1,1.0,False,0.0,0.0004,0.006666666666666667
670,4i,150.0,3,17.1367,1,1.0,False,0.0,17.1367,0.006666666666666667
675,4i,150.0,3,7.9085,1,1.0,False,0.0,7.9085,0.006666666666666667
680,4i,150.0,3,0.1561,2,1.0,False,0.0,-13.19,0.006666666666666667
685,4i,150.0,3,0.0008,3,1.0,False,0.0,-7.3562,0.006666666666666667
690,4i,150.0,3,0.0,3,1.0,False,0.0,-1.0033,0.006666666666666667
695,4i,150.0,3,0.0,3,1.0,False,0.0,-0.0004,0.006666666666666667
700,4i,150.0,3,0.0,3,1.0,False,0.0,-17.1367,0.006666666666666667
705,4i,150.0,4,5.6084,3,1.0,False,0.0,-2.3001000000000005,0.006666666666666667
710,4i,150.0,4,2.1444,3,1.0,False,0.0,1.9883000000000002,0.006666666666666667
715,4i,150.0,4,0.0113,4,5.04,False,4.04,0.010499999999999999,0.0336
720,4i,150.0,4,0.0,4,5.0,False,4.0,0.0,0.03333333333333333
725,4i,150.0,2,12.7028,1,1.0,False,0.0,12.7028,0.006666666666666667
730,4i,150.0,3,9.497,1,1.0,False,0.0,9.497,0.006666666666666667
735,4i,150.0,3,4.2353,2,5.1,False,4.1,-1.3731,0.033999999999999996
740,4i,150.0,2,0.0,2,5.0,False,4.0,-2.1444,0.03333333333333333
745,4i,150.0,2,0.0,2,5.0,False,-0.040000000000000036,-0.0113,0.03333333333333333
750,4i,150.0,2,0.0,2,5.0,False,0.0,0.0,0.03333333333333333
755,4i,150.0,0,0.0,0,0.0,False,-1.0,-12.7028,0.0
760,4i,150.0,1,17.5241,0,0.0,False,-1.0,8.0271,0.0
765,4i,150.0,1,3.3297,0,0.0,False,-5.1,-0.9055999999999997,0.0
770,4i,150.0,1,0.0,1,1.0,False,-4.0,0.0,0.006666666666666667
775,4i,150.0,1,0.0,1,1.0,False,-4.0,0.0,0.006666666666666667
780,4i,150.0,2,12.2995,1,1.0,False,-4.0,12.2995,0.006666666666666667
785,4i,150.0,3,10.3182,1,1.0,False,1.0,10.3182,0.006666666666666667
790,4i,150.0,3,4.4433,1,1.0,False,1.0,-13.0808,0.006666666666666667
795,4i,150.0,3,0.0,2,1.0,False,1.0,-3.3297,0.006666666666666667
800,4i,150.0,3,0.0,3,1.0,False,0.0,0.0,0.006666666666666667
805,4i,150.0,3,0.0,3,1.0,False,0.0,0.0,0.006666666666666667
810,4i,150.0,4,6.0479,3,1.0,False,0.0,-6.2516,0.006666666666666667
815,4i,150.0,2,7.6447,1,1.0,False,0.0,-2.673499999999999,0.006666666666666667
820,4i,150.0,1,0.0,1,1.0,False,0.0,-4.4433,0.006666666666666667
825,4i,150.0,1,0.0,1,1.0,False,0.0,0.0,0.006666666666666667
830,4i,150.0,1,0.0,1,1.0,False,0.0,0.0,0.006666666666666667
835,4i,150.0,3,16.1796,1,1.0,False,0.0,16.1796,0.006666666666666667
840,4i,150.0,3,7.9401,1,1.0,False,0.0,1.8921999999999999,0.006666666666666667
845,4i,150.0,1,5.1153,0,0.0,False,-1.0,-2.5294,0.0
850,4i,150.0,0,0.0,0,0.0,False,-1.0,0.0,0.0
855,4i,150.0,0,0.0,0,0.0,False,-1.0,0.0,0.0
860,4i,150.0,0,0.0,0,0.0,False,-1.0,0.0,0.0
865,4i,150.0,1,24.166,0,0.0,False,-1.0,7.9864,0.0
870,4i,150.0,1,10.6445,0,0.0,False,-1.0,2.7044000000000006,0.0
875,4i,150.0,1,0.0,1,1.0,False,1.0,-5.1153,0.006666666666666667
880,4i,150.0,1,0.0,1,1.0,False,1.0,0.0,0.006666666666666667
885,4i,150.0,1,0.0,1,1.0,False,1.0,0.0,0.006666666666666667
890,4i,150.0,2,10.4464,1,1.0,False,1.0,10.4464,0.006666666666666667
895,4i,150.0,3,7.5311,1,1.0,False,1.0,-16.634900000000002,0.006666666666666667
900,4i,150.0,3,3.4985,2,1.0,False,1.0,-7.146000000000001,0.006666666666666667
905,4i,150.0,1,0.0,1,1.0,False,0.0,0.0,0.006666666666666667
910,4i,150.0,1,0.0,1,1.0,False,0.0,0.0,0.006666666666666667
915,4i,150.0,1,0.0,1,1.0,False,0.0,0.0,0.006666666666666667
920,4i,150.0,2,8.3462,1,1.0,False,0.0,-2.100200000000001,0.006666666666666667
925,4i,150.0,2,7.9128,1,1.0,False,0.0,0.3816999999999995,0.006666666666666667
930,4i,150.0,2,0.5145,1,1.0,False,0.0,-2.984,0.006666666666666667
935,4i,150.0,1,0.0,1,1.0,False,0.0,0.0,0.006666666666666667
940,4i,150.0,1,0.0,1,1.0,False,0.0,0.0,0.006666666666666667
945,4i,150.0,3,14.4462,1,1.0,False,0.0,14.4462,0.006666666666666667
950,4i,150.0,3,5.606,1,1.0,False,0.0,-2.7401999999999997,0.006666666666666667
955,4i,150.0,3,0.0,3,1.0,False,0.0,-7.9128,0.006666666666666667
960,4i,150.0,3,0.0,3,1.0,False,0.0,-0.5145,0.006666666666666667
965,4i,150.0,3,0.0,3,1.0,False,0.0,0.0,0.006666666666666667
970,4i,150.0,3,0.0,3,1.0,False,0.0,0.0,0.006666666666666667
975,4i,150.0,4,3.7037,3,1.0,False,0.0,-10.7425,0.006666666666666667
980,4i,150.0,4,1.9606,3,1.0,False,0.0,-3.6454,0.006666666666666667
985,4i,150.0,4,0.3467,3,1.0,False,0.0,0.3467,0.006666666666666667
990,4i,150.0,4,0.0,4,15.04,False,14.04,0.0,0.10026666666666666
995,4i,150.0,2,1.5979,1,1.0,False,0.0,1.5979,0.006666666666666667
1000,4i,150.0,2,10.52,1,1.0,False,0.0,10.52,0.006666666666666667
1005,4i,150.0,3,7.056,1,1.0,False,0.0,3.3523,0.006666666666666667
1010,4i,150.0,2,3.8314,1,1.0,False,0.0,1.8708,0.006666666666666667
1015,4i,150.0,2,1.6784,1,1.0,False,0.0,1.3316999999999999,0.006666666666666667
1020,4i,150.0,3,8.9348,2,5.01,False,-10.03,8.9348,0.0334
1025,4i,150.0,2,8.8835,0,0.0,False,-1.0,7.2856,0.0
1030,4i,150.0,1,1.5205,0,0.0,False,-1.0,-8.9995,0.0
1035,4i,150.0,1,0.0,1,1.0,False,0.0,-7.056,0.006666666666666667
1040,4i,150.0,1,0.0,1,1.0,False,0.0,-3.8314,0.006666666666666667
1045,4i,150.0,1,0.0,1,1.0,False,0.0,-1.6784,0.006666666666666667
1050,4i,150.0,1,0.0,1,1.0,False,-4.01,-8.9348,0.006666666666666667
1055,4i,150.0,2,8.5279,1,1.0,False,1.0,-0.35559999999999903,0.006666666666666667
1060,4i,150.0,3,7.4811,1,1.0,False,1.0,5.9605999999999995,0.006666666666666667
1065,4i,150.0,3,1.9254,2,1.0,False,0.0,1.9254,0.006666666666666667
1070,4i,150.0,3,0.0,3,1.0,False,0.0,0.0,0.006666666666666667
1075,4i,150.0,4,5.8467,3,1.0,False,0.0,5.8467,0.006666666666666667
1080,4i,150.0,4,3.2468,3,1.0,False,0.0,3.2468,0.006666666666666667
1085,4i,150.0,1,0.0,1,1.0,False,0.0,-8.5279,0.006666666666666667
1090,4i,150.0,1,0.0,1,1.0,False,0.0,-7.4811,0.006666666666666667
1095,4i,150.0,1,0.0,1,1.0,False,0.0,-1.9254,0.006666666666666667
1100,4i,150.0,1,0.0,1,1.0,False,0.0,0.0,0.006666666666666667
1105,4i,150.0,3,17.6197,1,1.0,False,0.0,11.773000000000001,0.006666666666666667
1110,4i,150.0,3,9.4223,1,1.0,False,0.0,6.1754999999999995,0.006666666666666667
1115,4i,150.0,2,2.1062,0,0.0,False,-1.0,2.1062,0.0
1120,4i,150.0,1,0.0,1,1.0,False,0.0,0.0,0.006666666666666667
1125,4i,150.0,1,0.0,1,1.0,False,0.0,0.0,0.006666666666666667
1130,4i,150.0,2,8.738,1,1.0,False,0.0,8.738,0.006666666666666667
1135,4i,150.0,2,1.9219,1,1.0,False,0.0,-15.6978,0.006666666666666667
1140,4i,150.0,2,0.0,2,1.0,False,0.0,-9.4223,0.006666666666666667
1145,4i,150.0,2,0.0,2,1.0,False,1.0,-2.1062,0.006666666666666667
1150,4i,150.0,2,0.0,2,1.0,False,0.0,0.0,0.006666666666666667
1155,4i,150.0,2,0.0,2,1.0,False,0.0,0.0,0.006666666666666667
1160,4i,150.0,3,8.9361,2,1.0,False,0.0,0.19810000000000016,0.006666666666666667
1165,4i,150.0,4,8.366,2,1.0,False,0.0,6.4441,0.006666666666666667
1170,4i,150.0,4,1.3869,2,1.0,False,0.0,1.3869,0.006666666666666667
1175,4i,150.0,1,0.0,1,1.0,False,0.0,0.0,0.006666666666666667
1180,4i,150.0,1,0.0,1,1.0,False,0.0,0.0,0.006666666666666667
1185,4i,150.0,2,9.2476,1,1.0,False,0.0,9.2476,0.006666666666666667
1190,4i,150.0,2,8.6325,1,1.0,False,0.0,-0.3035999999999994,0.006666666666666667
1195,4i,150.0,1,0.0,1,1.0,False,0.0,-8.366,0.006666666666666667
1200,4i,150.0,1,0.0,1,1.0,False,0.0,-1.3869,0.006666666666666667
1205,4i,150.0,0,0.0,0,0.0,False,-1.0,0.0,0.0
1210,4i,150.0,0,0.0,0,0.0,False,-1.0,0.0,0.0
1215,4i,150.0,1,25.1972,0,0.0,False,-1.0,15.949599999999998,0.0
1220,4i,150.0,2,15.2578,0,0.0,False,-1.0,6.625299999999999,0.0
1225,4i,150.0,2,7.4116,1,1.0,False,0.0,7.4116,0.006666666666666667
1230,4i,150.0,2,0.0,1,1.0,False,0.0,0.0,0.006666666666666667
1235,4i,150.0,3,6.6603,2,1.0,False,1.0,6.6603,0.006666666666666667
1240,4i,150.0,3,2.1876,2,1.0,False,1.0,2.1876,0.006666666666666667
1245,4i,150.0,3,0.0004,3,1.0,False,1.0,-25.1968,0.006666666666666667
1250,4i,150.0,3,0.0,3,1.0,False,1.0,-15.2578,0.006666666666666667
1255,4i,150.0,3,0.0,3,1.0,False,0.0,-7.4116,0.006666666666666667
1260,4i,150.0,3,0.0,3,1.0,False,0.0,0.0,0.006666666666666667
1265,4i,150.0,1,0.0,1,1.0,False,0.0,-6.6603,0.006666666666666667
1270,4i,150.0,3,16.3572,1,1.0,False,0.0,14.169599999999999,0.006666666666666667
1275,4i,150.0,3,10.5114,1,1.0,False,0.0,10.511,0.006666666666666667
1280,4i,150.0,2,0.8238,1,1.0,False,0.0,0.8238,0.006666666666666667
1285,4i,150.0,3,8.8297,2,5.0,False,4.0,8.8297,0.03333333333333333
1290,4i,150.0,3,4.9765,2,5.0,False,4.0,4.9765,0.03333333333333333
1295,4i,150.0,1,1.0158,0,0.0,False,-1.0,1.0158,0.0
1300,4i,150.0,1,0.0,1,1.0,False,0.0,-16.3572,0.006666666666666667
1305,4i,150.0,1,0.0,1,1.0,False,0.0,-10.5114,0.006666666666666667
1310,4i,150.0,1,0.0,1,1.0,False,0.0,-0.8238,0.006666666666666667
1315,4i,150.0,1,0.0,1,1.0,False,-4.0,-8.8297,0.006666666666666667
1320,4i,150.0,1,0.0,1,1.0,False,-4.0,-4.9765,0.006666666666666667
1325,4i,150.0,3,17.1081,1,1.0,False,1.0,16.0923,0.006666666666666667
1330,4i,150.0,3,7.9833,1,1.0,False,0.0,7.9833,0.006666666666666667
1335,4i,150.0,3,0.0,3,1.0,False,0.0,0.0,0.006666666666666667
1340,4i,150.0,4,5.6816,3,1.0,False,0.0,5.6816,0.006666666666666667
1345,4i,150.0,4,2.2128,3,1.0,False,0.0,2.2128,0.006666666666666667
1350,4i,150.0,4,0.0095,4,5.02,False,4.02,0.0095,0.033466666666666665
1355,4i,150.0,1,0.0,1,1.0,False,0.0,-17.1081,0.006666666666666667
1360,4i,150.0,1,0.0,1,1.0,False,0.0,-7.9833,0.006666666666666667
1365,4i,150.0,1,0.0,1,1.0,False,0.0,0.0,0.006666666666666667
1370,4i,150.0,1,0.0,1,1.0,False,0.0,-5.6816,0.006666666666666667
1375,4i,150.0,1,0.0,1,1.0,False,0.0,-2.2128,0.006666666666666667
1380,4i,150.0,2,11.3305,1,1.0,False,-4.02,11.321000000000002,0.006666666666666667
1385,4i,150.0,2,15.0381,0,0.0,False,-1.0,15.0381,0.0
1390,4i,150.0,1,10.0388,0,0.0,False,-1.0,10.0388,0.0
1395,4i,150.0,2,9.0006,1,1.0,False,0.0,9.0006,0.006666666666666667
1400,4i,150.0,2,1.5006,1,1.0,False,0.0,1.5006,0.006666666666666667
1405,4i,150.0,2,0.0,2,1.0,False,0.0,0.0,0.006666666666666667
1410,4i,150.0,2,0.0,2,1.0,False,0.0,-11.3305,0.006666666666666667
1415,4i,150.0,2,0.0,2,1.0,False,1.0,-15.0381,0.006666666666666667
1420,4i,150.0,2,0.0,2,1.0,False,1.0,-10.0388,0.006666666666666667
1425,4i,150.0,2,0.0,2,1.0,False,0.0,-9.0006,0.006666666666666667
1430,4i,150.0,2,0.0,2,1.0,False,0.0,-1.5006,0.006666666666666667
1435,4i,150.0,3,7.5895,2,1.0,False,0.0,7.5895,0.006666666666666667
1440,4i,150.0,4,6.2978,2,1.0,False,0.0,6.2978,0.006666666666666667
1445,4i,150.0,3,11.8093,1,1.0,False,0.0,11.8093,0.006666666666666667
1450,4i,150.0,2,8.0649,1,1.0,False,0.0,8.0649,0.006666666666666667
1455,4i,150.0,1,0.0,1,1.0,False,0.0,0.0,0.006666666666666667
1460,4i,150.0,1,0.0,1,1.0,False,0.0,0.0,0.006666666666666667
1465,4i,150.0,1,0.0,1,1.0,False,0.0,-7.5895,0.006666666666666667
1470,4i,150.0,1,0.0,1,1.0,False,0.0,-6.2978,0.006666666666666667
1475,4i,150.0,0,0.0,0,0.0,False,-1.0,-11.8093,0.0
1480,4i,150.0,0,0.0,0,0.0,False,-1.0,-8.0649,0.0
1485,4i,150.0,0,0.0,0,0.0,False,-1.0,0.0,0.0
1490,4i,150.0,1,20.2766,0,0.0,False,-1.0,20.2766,0.0
1495,4i,150.0,2,11.8048,0,0.0,False,-1.0,11.8048,0.0
1500,4i,150.0,3,9.5503,1,1.0,False,0.0,9.5503,0.006666666666666667
1505,4i,150.0,3,2.1919,2,1.0,False,1.0,2.1919,0.006666666666666667
1510,4i,150.0,3,0.0,3,1.0,False,1.0,0.0,0.006666666666666667
1515,4i,150.0,3,0.0,3,1.0,False,1.0,0.0,0.006666666666666667
1520,4i,150.0,3,0.0,3,1.0,False,1.0,-20.2766,0.006666666666666667
1525,4i,150.0,3,0.0,3,1.0,False,1.0,-11.8048,0.006666666666666667
1530,4i,150.0,3,0.0,3,1.0,False,0.0,-9.5503,0.006666666666666667
1535,4i,150.0,1,0.0,1,1.0,False,0.0,-2.1919,0.006666666666666667
1540,4i,150.0,1,0.0,1,1.0,False,0.0,0.0,0.006666666666666667
1545,4i,150.0,2,11.0523,1,1.0,False,0.0,11.0523,0.006666666666666667
1550,4i,150.0,4,13.1521,1,1.0,False,0.0,13.1521,0.006666666666666667
1555,4i,150.0,4,7.6319,2,5.0,False,4.0,7.6319,0.03333333333333333
1560,4i,150.0,3,0.0,3,5.0,False,4.0,0.0,0.03333333333333333
1565,4i,150.0,1,0.0,1,1.0,False,0.0,0.0,0.006666666666666667
1570,4i,150.0,1,0.0,1,1.0,False,0.0,0.0,0.006666666666666667
1575,4i,150.0,1,0.0,1,1.0,False,0.0,-11.0523,0.006666666666666667
1580,4i,150.0,1,0.0,1,1.0,False,0.0,-13.1521,0.006666666666666667
1585,4i,150.0,1,0.0,1,1.0,False,-4.0,-7.6319,0.006666666666666667
1590,4i,150.0,1,0.0,1,1.0,False,-4.0,0.0,0.006666666666666667
1595,4i,150.0,1,0.0,1,1.0,False,0.0,0.0,0.006666666666666667
1600,4i,150.0,2,8.8222,1,1.0,False,0.0,8.8222,0.006666666666666667
1605,4i,150.0,4,9.417,1,1.0,False,0.0,9.417,0.006666666666666667
1610,4i,150.0,4,5.2115,2,1.0,False,0.0,5.2115,0.006666666666666667
1615,4i,150.0,4,0.7177,2,1.0,False,0.0,0.7177,0.006666666666666667
1620,4i,150.0,4,0.0027,4,15.05,False,14.05,0.0027,0.10033333333333334
1625,4i,150.0,2,1.5413,1,1.0,False,0.0,1.5413,0.006666666666666667
1630,4i,150.0,1,0.0,1,1.0,False,0.0,-8.8222,0.006666666666666667
1635,4i,150.0,1,0.0,1,1.0,False,0.0,-9.417,0.006666666666666667
1640,4i,150.0,1,0.0,1,1.0,False,0.0,-5.2115,0.006666666666666667
1645,4i,150.0,1,0.0,1,1.0,False,0.0,-0.7177,0.006666666666666667
1650,4i,150.0,1,0.0,1,1.0,False,-14.05,-0.0027,0.006666666666666667
1655,4i,150.0,2,20.2631,0,0.0,False,-1.0,18.7218,0.0
1660,4i,150.0,2,12.4025,0,0.0,False,-1.0,12.4025,0.0
1665,4i,150.0,2,1.3971,1,1.0,False,0.0,1.3971,0.006666666666666667
1670,4i,150.0,2,0.0,2,1.0,False,0.0,0.0,0.006666666666666667
1675,4i,150.0,2,0.0,2,1.0,False,0.0,0.0,0.006666666666666667
1680,4i,150.0,2,0.0,2,1.0,False,0.0,0.0,0.006666666666666667
1685,4i,150.0,2,0.0,2,1.0,False,1.0,-20.2631,0.006666666666666667
1690,4i,150.0,2,0.0,2,1.0,False,1.0,-12.4025,0.006666666666666667
1695,4i,150.0,2,0.0,2,1.0,False,0.0,-1.3971,0.006666666666666667
1700,4i,150.0,2,0.0,2,1.0,False,0.0,0.0,0.006666666666666667
1705,4i,150.0,4,13.1296,2,1.0,False,0.0,13.1296,0.006666666666666667
1710,4i,150.0,4,7.3198,2,1.0,False,0.0,7.3198,0.006666666666666667
1715,4i,150.0,2,9.7503,0,0.0,False,-1.0,9.7503,0.0
1720,4i,150.0,2,7.6697,1,1.0,False,0.0,7.6697,0.006666666666666667
1725,4i,150.0,1,0.0,1,1.0,False,0.0,0.0,0.006666666666666667
1730,4i,150.0,1,0.0,1,1.0,False,0.0,0.0,0.006666666666666667
1735,4i,150.0,1,0.0,1,1.0,False,0.0,-13.1296,0.006666666666666667
1740,4i,150.0,1,0.0,1,1.0,False,0.0,-7.3198,0.006666666666666667
1745,4i,150.0,0,0.0,0,0.0,False,0.0,-9.7503,0.0
1750,4i,150.0,0,0.0,0,0.0,False,-1.0,-7.6697,0.0
1755,4i,150.0,0,0.0,0,0.0,False,-1.0,0.0,0.0
1760,4i,150.0,0,0.0,0,0.0,False,-1.0,0.0,0.0
1765,4i,150.0,2,19.2807,0,0.0,False,-1.0,19.2807,0.0
1770,4i,150.0,3,13.2352,0,0.0,False,-1.0,13.2352,0.0
1775,4i,150.0,3,2.6254,1,1.0,False,1.0,2.6254,0.006666666666666667
1780,4i,150.0,3,0.0,3,1.0,False,1.0,0.0,0.006666666666666667
1785,4i,150.0,3,0.0,3,1.0,False,1.0,0.0,0.006666666666666667
1790,4i,150.0,3,0.0,3,1.0,False,1.0,0.0,0.006666666666666667
1795,4i,150.0,3,0.0,3,1.0,False,1.0,-19.2807,0.006666666666666667
1800,4i,150.0,3,0.0,3,1.0,False,1.0,-13.2352,0.006666666666666667
1805,4i,150.0,1,0.0,1,1.0,False,0.0,-2.6254,0.006666666666666667
1810,4i,150.0,1,0.0,1,1.0,False,0.0,0.0,0.006666666666666667
1815,4i,150.0,4,18.2231,1,1.0,False,0.0,18.2231,0.006666666666666667
1820,4i,150.0,4,11.9222,1,1.0,False,0.0,11.9222,0.006666666666666667
1825,4i,150.0,2,0.3301,1,1.0,False,0.0,0.3301,0.006666666666666667
1830,4i,150.0,2,0.0001,2,15.04,False,14.04,0.0001,0.10026666666666666
1835,4i,150.0,1,1.3124,0,0.0,False,-1.0,1.3124,0.0
1840,4i,150.0,1,0.3891,0,0.0,False,-1.0,0.3891,0.0
1845,4i,150.0,1,0.0,1,1.0,False,0.0,-18.2231,0.006666666666666667
1850,4i,150.0,1,0.0,1,1.0,False,0.0,-11.9222,0.006666666666666667
1855,4i,150.0,1,0.0,1,1.0,False,0.0,-0.3301,0.006666666666666667
1860,4i,150.0,1,0.0,1,1.0,False,-14.04,-0.0001,0.006666666666666667
1865,4i,150.0,1,0.0,1,1.0,False,1.0,-1.3124,0.006666666666666667
1870,4i,150.0,4,17.8129,1,1.0,False,1.0,17.4238,0.006666666666666667
1875,4i,150.0,4,8.9726,1,1.0,False,0.0,8.9726,0.006666666666666667
1880,4i,150.0,4,0.7695,2,1.0,False,0.0,0.7695,0.006666666666666667
1885,4i,150.0,4,0.0013,4,8.0,False,7.0,0.0013,0.05333333333333334
1890,4i,150.0,4,0.0,4,8.0,False,7.0,0.0,0.05333333333333334
1895,4i,150.0,2,0.0,2,8.0,False,7.0,0.0,0.05333333333333334
1900,4i,150.0,2,0.0,2,8.0,False,7.0,-17.8129,0.05333333333333334
1905,4i,150.0,2,0.0,2,8.0,False,7.0,-8.9726,0.05333333333333334
1910,4i,150.0,2,0.0,2,8.0,False,7.0,-0.7695,0.05333333333333334
1915,4i,150.0,2,0.0,2,8.0,False,0.0,-0.0013,0.05333333333333334
1920,4i,150.0,3,9.0319,2,8.0,False,0.0,9.0319,0.05333333333333334
1925,4i,150.0,3,14.0141,0,0.0,False,-8.0,14.0141,0.0
1930,4i,150.0,3,11.9357,0,0.0,False,-8.0,11.9357,0.0
1935,4i,150.0,3,5.436,1,1.0,False,-7.0,5.436,0.006666666666666667
1940,4i,150.0,3,0.0001,2,1.0,False,-7.0,0.0001,0.006666666666666667
1945,4i,150.0,3,0.0,3,1.0,False,-7.0,0.0,0.006666666666666667
1950,4i,150.0,3,0.0,3,1.0,False,-7.0,-9.0319,0.006666666666666667
1955,4i,150.0,3,0.0,3,1.0,False,1.0,-14.0141,0.006666666666666667
1960,4i,150.0,3,0.0,3,1.0,False,1.0,-11.9357,0.006666666666666667
1965,4i,150.0,3,0.0,3,1.0,False,0.0,-5.436,0.006666666666666667
1970,4i,150.0,3,0.0,3,1.0,False,0.0,-0.0001,0.006666666666666667
1975,4i,150.0,4,5.3919,3,1.0,False,0.0,5.3919,0.006666666666666667
1980,4i,150.0,6,8.6157,3,1.0,False,0.0,8.6157,0.006666666666666667
1985,4i,150.0,3,6.7916,1,1.0,False,0.0,6.7916,0.006666666666666667
1990,4i,150.0,2,0.0052,2,15.05,False,14.05,0.0052,0.10033333333333334
1995,4i,150.0,2,0.0,2,15.04,False,14.04,0.0,0.10026666666666666
2000,4i,150.0,2,0.0,2,15.04,False,14.04,0.0,0.10026666666666666
2005,4i,150.0,2,0.0,2,15.04,False,14.04,-5.3919,0.10026666666666666
2010,4i,150.0,2,0.0,2,15.04,False,14.04,-8.6157,0.10026666666666666
2015,4i,150.0,1,1.6435,0,0.0,False,-1.0,-5.1480999999999995,0.0
2020,4i,150.0,1,0.2376,0,0.0,False,-15.05,0.2324,0.0
2025,4i,150.0,1,0.0,1,1.0,False,-14.04,0.0,0.006666666666666667
2030,4i,150.0,2,8.4672,1,1.0,False,-14.04,8.4672,0.006666666666666667
2035,4i,150.0,3,8.9212,1,1.0,False,-14.04,8.9212,0.006666666666666667
2040,4i,150.0,4,5.7367,2,1.0,False,-14.04,5.7367,0.006666666666666667
2045,4i,150.0,4,2.368,3,1.01,False,1.01,0.7244999999999999,0.006733333333333333
2050,4i,150.0,4,1.2933,3,1.0,False,1.0,1.0556999999999999,0.006666666666666667
2055,4i,150.0,4,0.1683,3,1.0,False,0.0,0.1683,0.006666666666666667
2060,4i,150.0,4,0.0,4,5.0,False,4.0,-8.4672,0.03333333333333333
2065,4i,150.0,4,0.0,4,5.0,False,4.0,-8.9212,0.03333333333333333
2070,4i,150.0,4,0.0,4,5.0,False,4.0,-5.7367,0.03333333333333333
2075,4i,150.0,2,0.0,2,5.0,False,3.99,-2.368,0.03333333333333333
2080,4i,150.0,2,0.0,2,5.0,False,4.0,-1.2933,0.03333333333333333
2085,4i,150.0,3,6.0109,2,5.0,False,4.0,5.8426,0.03333333333333333
2090,4i,150.0,5,11.0992,2,5.0,False,0.0,11.0992,0.03333333333333333
2095,4i,150.0,4,3.406,2,5.0,False,0.0,3.406,0.03333333333333333
2100,4i,150.0,3,0.0002,3,19.04,False,14.04,0.0002,0.12693333333333331
2105,4i,150.0,2,1.2817,1,18.09,False,13.09,1.2817,0.1206
2110,4i,150.0,1,4.3535,0,0.0,False,-5.0,4.3535,0.0
2115,4i,150.0,1,0.0008,1,1.0,False,-4.0,-6.0101,0.006666666666666667
2120,4i,150.0,1,0.0,1,1.0,False,-4.0,-11.0992,0.006666666666666667
2125,4i,150.0,1,0.0,1,1.0,False,-4.0,-3.406,0.006666666666666667
2130,4i,150.0,1,0.0,1,1.0,False,-18.04,-0.0002,0.006666666666666667
2135,4i,150.0,2,11.8824,1,1.0,False,-17.09,10.6007,0.006666666666666667
2140,4i,150.0,2,5.3971,1,1.0,False,1.0,1.0435999999999996,0.006666666666666667
2145,4i,150.0,3,6.6325,2,1.0,False,0.0,6.6317,0.006666666666666667
2150,4i,150.0,4,5.4242,2,1.0,False,0.0,5.4242,0.006666666666666667
2155,4i,150.0,4,2.3861,3,5.01,False,4.01,2.3861,0.0334
2160,4i,150.0,4,0.0,4,5.0,False,4.0,0.0,0.03333333333333333
2165,4i,150.0,2,0.0,2,5.0,False,4.0,-11.8824,0.03333333333333333
2170,4i,150.0,2,0.0,2,5.0,False,4.0,-5.3971,0.03333333333333333
2175,4i,150.0,2,0.0,2,5.0,False,4.0,-6.6325,0.03333333333333333
2180,4i,150.0,2,0.0,2,5.0,False,4.0,-5.4242,0.03333333333333333
2185,4i,150.0,2,0.0,2,5.0,False,-0.009999999999999787,-2.3861,0.03333333333333333
2190,4i,150.0,3,5.9294,2,5.0,False,0.0,5.9294,0.03333333333333333
2195,4i,150.0,1,6.0637,0,0.0,False,-5.0,6.0637,0.0
2200,4i,150.0,3,13.2536,1,1.0,False,-4.0,13.2536,0.006666666666666667
2205,4i,150.0,2,3.8837,1,1.0,False,-4.0,3.8837,0.006666666666666667
2210,4i,150.0,2,0.0223,2,1.02,False,-3.98,0.0223,0.0068000000000000005
2215,4i,150.0,2,0.0,2,1.0,False,-4.0,0.0,0.006666666666666667
2220,4i,150.0,2,0.0,2,1.0,False,-4.0,-5.9294,0.006666666666666667
2225,4i,150.0,2,0.0,2,1.0,False,1.0,-6.0637,0.006666666666666667
2230,4i,150.0,2,0.0,2,1.0,False,0.0,-13.2536,0.006666666666666667
2235,4i,150.0,2,0.0,2,1.0,False,0.0,-3.8837,0.006666666666666667
2240,4i,150.0,3,8.1555,2,1.0,False,-0.020000000000000018,8.1332,0.006666666666666667
2245,4i,150.0,3,3.9328,2,1.0,False,0.0,3.9328,0.006666666666666667
2250,4i,150.0,3,0.3662,2,1.0,False,0.0,0.3662,0.006666666666666667
2255,4i,150.0,2,20.3036,0,0.0,False,-1.0,20.3036,0.0
2260,4i,150.0,1,7.2064,0,0.0,False,-1.0,7.2064,0.0
2265,4i,150.0,1,0.0,1,1.0,False,0.0,0.0,0.006666666666666667
2270,4i,150.0,1,0.0,1,1.0,False,0.0,-8.1555,0.006666666666666667
2275,4i,150.0,1,0.0,1,1.0,False,0.0,-3.9328,0.006666666666666667
2280,4i,150.0,1,0.0,1,1.0,False,0.0,-0.3662,0.006666666666666667
2285,4i,150.0,0,0.0,0,0.0,False,0.0,-20.3036,0.0
2290,4i,150.0,0,0.0,0,0.0,False,0.0,-7.2064,0.0
2295,4i,150.0,1,18.1825,0,0.0,False,-1.0,18.1825,0.0
2300,4i,150.0,1,3.1825,0,0.0,False,-1.0,3.1825,0.0
2305,4i,150.0,2,13.0195,1,1.0,False,0.0,13.0195,0.006666666666666667
2310,4i,150.0,3,10.2839,1,1.0,False,0.0,10.2839,0.006666666666666667
2315,4i,150.0,3,5.6197,1,1.0,False,1.0,5.6197,0.006666666666666667
2320,4i,150.0,3,1.4391,2,1.0,False,1.0,1.4391,0.006666666666666667
2325,4i,150.0,3,0.0,3,1.0,False,1.0,-18.1825,0.006666666666666667
2330,4i,150.0,3,0.0,3,1.0,False,1.0,-3.1825,0.006666666666666667
2335,4i,150.0,3,0.0,3,1.0,False,0.0,-13.0195,0.006666666666666667
2340,4i,150.0,3,0.0,3,1.0,False,0.0,-10.2839,0.006666666666666667
2345,4i,150.0,2,12.6728,1,1.0,False,0.0,7.053100000000001,0.006666666666666667
2350,4i,150.0,2,8.7187,1,1.0,False,0.0,7.2796,0.006666666666666667
2355,4i,150.0,1,0.0,1,1.0,False,0.0,0.0,0.006666666666666667
2360,4i,150.0,1,0.0,1,1.0,False,0.0,0.0,0.006666666666666667
2365,4i,150.0,3,11.6478,1,1.0,False,0.0,11.6478,0.006666666666666667
2370,4i,150.0,3,6.8848,1,1.0,False,0.0,6.8848,0.006666666666666667
2375,4i,150.0,1,1.4556,0,0.0,False,-1.0,-11.2172,0.0
2380,4i,150.0,1,0.0,1,1.0,False,0.0,-8.7187,0.006666666666666667
2385,4i,150.0,1,0.0,1,1.0,False,0.0,0.0,0.006666666666666667
2390,4i,150.0,1,0.0,1,1.0,False,0.0,0.0,0.006666666666666667
2395,4i,150.0,1,0.0,1,1.0,False,0.0,-11.6478,0.006666666666666667
2400,4i,150.0,2,10.4305,1,1.0,False,0.0,3.5457,0.006666666666666667
2405,4i,150.0,2,2.9591,1,1.0,False,1.0,1.5034999999999998,0.006666666666666667
2410,4i,150.0,2,0.0,2,1.0,False,0.0,0.0,0.006666666666666667
2415,4i,150.0,4,12.613,2,1.0,False,0.0,12.613,0.006666666666666667
2420,4i,150.0,4,6.4897,2,1.0,False,0.0,6.4897,0.006666666666666667
2425,4i,150.0,4,0.1395,3,1.0,False,0.0,0.1395,0.006666666666666667
2430,4i,150.0,4,0.0019,4,15.04,False,14.04,-10.428600000000001,0.10026666666666666
2435,4i,150.0,2,1.1548,1,1.0,False,0.0,-1.8042999999999998,0.006666666666666667
2440,4i,150.0,1,0.0,1,1.0,False,0.0,0.0,0.006666666666666667
2445,4i,150.0,1,0.0,1,1.0,False,0.0,-12.613,0.006666666666666667
2450,4i,150.0,1,0.0,1,1.0,False,0.0,-6.4897,0.006666666666666667
2455,4i,150.0,2,9.0954,1,1.0,False,0.0,8.9559,0.006666666666666667
2460,4i,150.0,2,2.4438,1,1.0,False,-14.04,2.4419,0.006666666666666667
2465,4i,150.0,1,0.0188,1,1.0,False,0.0,-1.1360000000000001,0.006666666666666667
2470,4i,150.0,2,12.5791,1,1.0,False,0.0,12.5791,0.006666666666666667
2475,4i,150.0,3,10.5046,1,1.0,False,0.0,10.5046,0.006666666666666667
2480,4i,150.0,3,4.8287,2,1.0,False,0.0,4.8287,0.006666666666666667
2485,4i,150.0,3,0.0,2,1.0,False,0.0,-9.0954,0.006666666666666667
2490,4i,150.0,3,0.0,3,1.0,False,0.0,-2.4438,0.006666666666666667
2495,4i,150.0,3,0.0,3,1.0,False,0.0,-0.0188,0.006666666666666667
2500,4i,150.0,3,0.0,3,1.0,False,0.0,-12.5791,0.006666666666666667
2505,4i,150.0,4,5.3763,3,1.0,False,0.0,-5.1283,0.006666666666666667
2510,4i,150.0,4,2.0795,3,1.0,False,0.0,-2.7492000000000005,0.006666666666666667
2515,4i,150.0,4,0.0155,4,8.06,False,7.0600000000000005,0.0155,0.053733333333333334
2520,4i,150.0,4,0.0001,4,8.0,False,7.0,0.0001,0.05333333333333334
2525,4i,150.0,3,16.666,1,1.0,False,0.0,16.666,0.006666666666666667
2530,4i,150.0,3,7.7493,1,1.0,False,0.0,7.7493,0.006666666666666667
2535,4i,150.0,2,0.0185,2,13.72,False,12.72,-5.357799999999999,0.09146666666666667
2540,4i,150.0,2,0.0,2,13.71,False,12.71,-2.0795,0.09140000000000001
2545,4i,150.0,2,0.0,2,13.71,False,5.65,-0.0155,0.09140000000000001
2550,4i,150.0,2,0.0,2,13.71,False,5.710000000000001,-0.0001,0.09140000000000001
2555,4i,150.0,1,2.293,0,0.0,False,-1.0,-14.373000000000001,0.0
2560,4i,150.0,1,17.5761,0,0.0,False,-1.0,9.8268,0.0
2565,4i,150.0,1,3.7821,0,0.0,False,-13.72,3.7636,0.0
2570,4i,150.0,1,0.0,1,1.0,False,-12.71,0.0,0.006666666666666667
2575,4i,150.0,1,0.0,1,1.0,False,-12.71,0.0,0.006666666666666667
2580,4i,150.0,3,15.8283,1,1.0,False,-12.71,15.8283,0.006666666666666667
2585,4i,150.0,3,7.8509,1,1.0,False,1.0,5.5579,0.006666666666666667
2590,4i,150.0,3,0.0,2,1.0,False,1.0,-17.5761,0.006666666666666667
2595,4i,150.0,3,0.0,3,1.0,False,1.0,-3.7821,0.006666666666666667
2600,4i,150.0,3,0.0,3,1.0,False,0.0,0.0,0.006666666666666667
2605,4i,150.0,3,0.0,3,1.0,False,0.0,0.0,0.006666666666666667
2610,4i,150.0,4,6.2455,3,1.0,False,0.0,-9.5828,0.006666666666666667
2615,4i,150.0,2,7.58,1,1.0,False,0.0,-0.27090000000000014,0.006666666666666667
2620,4i,150.0,1,0.0,1,1.0,False,0.0,0.0,0.006666666666666667
2625,4i,150.0,1,0.0,1,1.0,False,0.0,0.0,0.006666666666666667
2630,4i,150.0,1,0.0,1,1.0,False,0.0,0.0,0.006666666666666667
2635,4i,150.0,3,15.2865,1,1.0,False,0.0,15.2865,0.006666666666666667
2640,4i,150.0,3,6.4597,1,1.0,False,0.0,0.21419999999999995,0.006666666666666667
2645,4i,150.0,1,3.415,0,0.0,False,-1.0,-4.165,0.0
2650,4i,150.0,0,0.0,0,0.0,False,-1.0,0.0,0.0
2655,4i,150.0,0,0.0,0,0.0,False,-1.0,0.0,0.0
2660,4i,150.0,0,0.0,0,0.0,False,-1.0,0.0,0.0
2665,4i,150.0,1,20.8864,0,0.0,False,-1.0,5.599899999999998,0.0
2670,4i,150.0,1,5.8864,0,0.0,False,-1.0,-0.5732999999999997,0.0
2675,4i,150.0,1,0.0,1,1.0,False,1.0,-3.415,0.006666666666666667
2680,4i,150.0,1,0.0,1,1.0,False,1.0,0.0,0.006666666666666667
2685,4i,150.0,1,0.0,1,1.0,False,1.0,0.0,0.006666666666666667
2690,4i,150.0,3,13.6026,1,1.0,False,1.0,13.6026,0.006666666666666667
2695,4i,150.0,3,4.1495,1,1.0,False,1.0,-16.7369,0.006666666666666667
2700,4i,150.0,3,0.0002,3,1.0,False,1.0,-5.8862,0.006666666666666667
2705,4i,150.0,1,0.0,1,1.0,False,0.0,0.0,0.006666666666666667
2710,4i,150.0,1,0.0,1,1.0,False,0.0,0.0,0.006666666666666667
2715,4i,150.0,2,11.9124,1,1.0,False,0.0,11.9124,0.006666666666666667
2720,4i,150.0,2,7.7002,1,1.0,False,0.0,-5.902400000000001,0.006666666666666667
2725,4i,150.0,1,0.0,1,1.0,False,0.0,-4.1495,0.006666666666666667
2730,4i,150.0,1,0.0,1,1.0,False,0.0,-0.0002,0.006666666666666667
2735,4i,150.0,0,0.0,0,0.0,False,-1.0,0.0,0.0
2740,4i,150.0,0,0.0,0,0.0,False,-1.0,0.0,0.0
2745,4i,150.0,2,24.7065,0,0.0,False,-1.0,12.794099999999998,0.0
2750,4i,150.0,2,10.0732,0,0.0,False,-1.0,2.373,0.0
2755,4i,150.0,2,0.0,2,1.0,False,0.0,0.0,0.006666666666666667
2760,4i,150.0,2,0.0,2,1.0,False,0.0,0.0,0.006666666666666667
2765,4i,150.0,2,0.0,2,1.0,False,1.0,0.0,0.006666666666666667
2770,4i,150.0,3,6.4491,2,1.0,False,1.0,6.4491,0.006666666666666667
2775,4i,150.0,3,2.1615,2,1.0,False,1.0,-22.544999999999998,0.006666666666666667
2780,4i,150.0,3,0.0011,3,1.0,False,1.0,-10.0721,0.006666666666666667
2785,4i,150.0,3,0.0,3,1.0,False,0.0,0.0,0.006666666666666667
2790,4i,150.0,3,0.0,3,1.0,False,0.0,0.0,0.006666666666666667
2795,4i,150.0,1,0.0,1,1.0,False,0.0,0.0,0.006666666666666667
2800,4i,150.0,3,12.8086,1,1.0,False,0.0,6.359500000000001,0.006666666666666667
2805,4i,150.0,2,3.6976,1,1.0,False,0.0,1.5360999999999998,0.006666666666666667
2810,4i,150.0,2,0.0015,2,8.0,False,7.0,0.00039999999999999996,0.05333333333333334
2815,4i,150.0,2,0.0,2,8.0,False,7.0,0.0,0.05333333333333334
2820,4i,150.0,3,9.07,2,8.0,False,7.0,9.07,0.05333333333333334
2825,4i,150.0,2,9.9213,0,0.0,False,-1.0,9.9213,0.0
2830,4i,150.0,1,1.8518,0,0.0,False,-1.0,-10.956800000000001,0.0
2835,4i,150.0,1,0.001,1,1.0,False,0.0,-3.6966,0.006666666666666667
2840,4i,150.0,1,0.0,1,1.0,False,-7.0,-0.0015,0.006666666666666667
2845,4i,150.0,1,0.0,1,1.0,False,-7.0,0.0,0.006666666666666667
2850,4i,150.0,1,0.0,1,1.0,False,-7.0,-9.07,0.006666666666666667
2855,4i,150.0,3,12.9463,1,1.0,False,1.0,3.0250000000000004,0.006666666666666667
2860,4i,150.0,3,3.5614,1,1.0,False,1.0,1.7096,0.006666666666666667
2865,4i,150.0,3,0.0,3,1.0,False,0.0,-0.001,0.006666666666666667
2870,4i,150.0,3,0.0,3,1.0,False,0.0,0.0,0.006666666666666667
2875,4i,150.0,4,6.2099,3,1.0,False,0.0,6.2099,0.006666666666666667
2880,4i,150.0,4,3.2006,3,1.0,False,0.0,3.2006,0.006666666666666667
2885,4i,150.0,1,0.0,1,1.0,False,0.0,-12.9463,0.006666666666666667
2890,4i,150.0,1,0.0,1,1.0,False,0.0,-3.5614,0.006666666666666667
2895,4i,150.0,1,0.0,1,1.0,False,0.0,0.0,0.006666666666666667
2900,4i,150.0,1,0.0,1,1.0,False,0.0,0.0,0.006666666666666667
2905,4i,150.0,2,13.0181,1,1.0,False,0.0,6.8082,0.006666666666666667
2910,4i,150.0,3,10.8509,1,1.0,False,0.0,7.6503,0.006666666666666667
2915,4i,150.0,2,4.1585,0,0.0,False,-1.0,4.1585,0.0
2920,4i,150.0,1,0.0,1,1.0,False,0.0,0.0,0.006666666666666667
2925,4i,150.0,1,0.0,1,1.0,False,0.0,0.0,0.006666666666666667
2930,4i,150.0,2,8.9797,1,1.0,False,0.0,8.9797,0.006666666666666667
2935,4i,150.0,2,1.5144,1,1.0,False,0.0,-11.5037,0.006666666666666667
2940,4i,150.0,2,0.0,2,1.0,False,0.0,-10.8509,0.006666666666666667
2945,4i,150.0,2,0.0,2,1.0,False,1.0,-4.1585,0.006666666666666667
2950,4i,150.0,2,0.0,2,1.0,False,0.0,0.0,0.006666666666666667
2955,4i,150.0,2,0.0,2,1.0,False,0.0,0.0,0.006666666666666667
2960,4i,150.0,3,8.6886,2,1.0,False,0.0,-0.29110000000000014,0.006666666666666667
2965,4i,150.0,4,8.3238,2,1.0,False,0.0,6.8094,0.006666666666666667
2970,4i,150.0,4,1.177,2,1.0,False,0.0,1.177,0.006666666666666667
2975,4i,150.0,1,0.0,1,1.0,False,0.0,0.0,0.006666666666666667
2980,4i,150.0,1,0.0,1,1.0,False,0.0,0.0,0.006666666666666667
2985,4i,150.0,2,8.4343,1,1.0,False,0.0,8.4343,0.006666666666666667
2990,4i,150.0,2,7.9824,1,1.0,False,0.0,-0.706199999999999,0.006666666666666667
2995,4i,150.0,1,0.0,1,1.0,False,0.0,-8.3238,0.006666666666666667
3000,4i,150.0,1,0.0,1,1.0,False,0.0,-1.177,0.006666666666666667
3005,4i,150.0,0,0.0,0,0.0,False,-1.0,0.0,0.0
3010,4i,150.0,0,0.0,0,0.0,False,-1.0,0.0,0.0
3015,4i,150.0,2,25.0399,0,0.0,False,-1.0,16.6056,0.0
3020,4i,150.0,2,15.3078,0,0.0,False,-1.0,7.3254,0.0
3025,4i,150.0,2,0.9715,0,0.0,False,-1.0,0.9715,0.0
3030,4i,150.0,2,0.0,2,1.0,False,0.0,0.0,0.006666666666666667
3035,4i,150.0,3,7.8198,2,1.0,False,1.0,7.8198,0.006666666666666667
3040,4i,150.0,3,3.335,2,1.0,False,1.0,3.335,0.006666666666666667
3045,4i,150.0,3,0.0147,3,1.02,False,1.02,-25.025199999999998,0.0068000000000000005
3050,4i,150.0,3,0.0,3,1.0,False,1.0,-15.3078,0.006666666666666667
3055,4i,150.0,3,0.0,3,1.0,False,1.0,-0.9715,0.006666666666666667
3060,4i,150.0,3,0.0,3,1.0,False,0.0,0.0,0.006666666666666667
3065,4i,150.0,1,0.0,1,1.0,False,0.0,-7.8198,0.006666666666666667
3070,4i,150.0,2,12.0703,1,1.0,False,0.0,8.735299999999999,0.006666666666666667
3075,4i,150.0,3,11.4134,1,1.0,False,-0.020000000000000018,11.3987,0.006666666666666667
3080,4i,150.0,3,4.8934,1,1.0,False,0.0,4.8934,0.006666666666666667
3085,4i,150.0,2,0.0,2,8.0,False,7.0,0.0,0.05333333333333334
3090,4i,150.0,3,5.712,2,8.0,False,7.0,5.712,0.05333333333333334
3095,4i,150.0,2,4.5614,0,0.0,False,-1.0,4.5614,0.0
3100,4i,150.0,1,0.0061,1,1.0,False,0.0,-12.0642,0.006666666666666667
3105,4i,150.0,1,0.0,1,1.0,False,0.0,-11.4134,0.006666666666666667
3110,4i,150.0,1,0.0,1,1.0,False,0.0,-4.8934,0.006666666666666667
3115,4i,150.0,1,0.0,1,1.0,False,-7.0,0.0,0.006666666666666667
3120,4i,150.0,1,0.0,1,1.0,False,-7.0,-5.712,0.006666666666666667
3125,4i,150.0,3,15.7481,1,1.0,False,1.0,11.186700000000002,0.006666666666666667
3130,4i,150.0,3,10.5513,1,1.0,False,0.0,10.5452,0.006666666666666667
3135,4i,150.0,3,1.5722,1,1.0,False,0.0,1.5722,0.006666666666666667
3140,4i,150.0,4,5.4696,3,1.0,False,0.0,5.4696,0.006666666666666667
3145,4i,150.0,4,2.1921,3,1.0,False,0.0,2.1921,0.006666666666666667
3150,4i,150.0,4,0.0646,4,8.0,False,7.0,0.0646,0.05333333333333334
3155,4i,150.0,1,0.0,1,1.0,False,0.0,-15.7481,0.006666666666666667
3160,4i,150.0,1,0.0,1,1.0,False,0.0,-10.5513,0.006666666666666667
3165,4i,150.0,1,0.0,1,1.0,False,0.0,-1.5722,0.006666666666666667
3170,4i,150.0,1,0.0,1,1.0,False,0.0,-5.4696,0.006666666666666667
3175,4i,150.0,1,0.0,1,1.0,False,0.0,-2.1921,0.006666666666666667
3180,4i,150.0,3,15.9134,1,1.0,False,-7.0,15.848799999999999,0.006666666666666667
3185,4i,150.0,2,11.1784,0,0.0,False,-1.0,11.1784,0.0
3190,4i,150.0,1,0.0,1,1.0,False,0.0,0.0,0.006666666666666667
3195,4i,150.0,2,8.9268,1,1.0,False,0.0,8.9268,0.006666666666666667
3200,4i,150.0,2,1.4268,1,1.0,False,0.0,1.4268,0.006666666666666667
3205,4i,150.0,2,0.0,2,1.0,False,0.0,0.0,0.006666666666666667
3210,4i,150.0,2,0.0,2,1.0,False,0.0,-15.9134,0.006666666666666667
3215,4i,150.0,2,0.0,2,1.0,False,1.0,-11.1784,0.006666666666666667
3220,4i,150.0,2,0.0,2,1.0,False,0.0,0.0,0.006666666666666667
3225,4i,150.0,2,0.0,2,1.0,False,0.0,-8.9268,0.006666666666666667
3230,4i,150.0,2,0.0,2,1.0,False,0.0,-1.4268,0.006666666666666667
3235,4i,150.0,4,11.8359,2,1.0,False,0.0,11.8359,0.006666666666666667
3240,4i,150.0,4,6.5141,2,1.0,False,0.0,6.5141,0.006666666666666667
3245,4i,150.0,2,12.4616,0,0.0,False,-1.0,12.4616,0.0
3250,4i,150.0,2,7.4642,1,1.0,False,0.0,7.4642,0.006666666666666667
3255,4i,150.0,1,0.0,1,1.0,False,0.0,0.0,0.006666666666666667
3260,4i,150.0,1,0.0,1,1.0,False,0.0,0.0,0.006666666666666667
3265,4i,150.0,1,0.0,1,1.0,False,0.0,-11.8359,0.006666666666666667
3270,4i,150.0,1,0.0,1,1.0,False,0.0,-6.5141,0.006666666666666667
3275,4i,150.0,0,0.0,0,0.0,False,0.0,-12.4616,0.0
3280,4i,150.0,0,0.0,0,0.0,False,-1.0,-7.4642,0.0
3285,4i,150.0,0,0.0,0,0.0,False,-1.0,0.0,0.0
3290,4i,150.0,1,24.4014,0,0.0,False,-1.0,24.4014,0.0
3295,4i,150.0,2,15.0171,0,0.0,False,-1.0,15.0171,0.0
3300,4i,150.0,3,9.0188,1,1.0,False,0.0,9.0188,0.006666666666666667
3305,4i,150.0,3,2.2828,2,1.0,False,1.0,2.2828,0.006666666666666667
3310,4i,150.0,3,0.0047,3,1.0,False,1.0,0.0047,0.006666666666666667
3315,4i,150.0,3,0.0,3,1.0,False,1.0,0.0,0.006666666666666667
3320,4i,150.0,3,0.0,3,1.0,False,1.0,-24.4014,0.006666666666666667
3325,4i,150.0,3,0.0,3,1.0,False,1.0,-15.0171,0.006666666666666667
3330,4i,150.0,3,0.0,3,1.0,False,0.0,-9.0188,0.006666666666666667
3335,4i,150.0,1,0.0,1,1.0,False,0.0,-2.2828,0.006666666666666667
3340,4i,150.0,1,0.0,1,1.0,False,0.0,-0.0047,0.006666666666666667
3345,4i,150.0,3,15.2206,1,1.0,False,0.0,15.2206,0.006666666666666667
3350,4i,150.0,4,11.641,1,1.0,False,0.0,11.641,0.006666666666666667
3355,4i,150.0,3,6.0943,2,13.74,False,12.74,6.0943,0.0916
3360,4i,150.0,2,0.0,2,13.71,False,12.71,0.0,0.09140000000000001
3365,4i,150.0,1,2.6298,0,0.0,False,-1.0,2.6298,0.0
3370,4i,150.0,0,0.0,0,0.0,False,-1.0,0.0,0.0
3375,4i,150.0,0,0.0,0,0.0,False,-1.0,-15.2206,0.0
3380,4i,150.0,0,0.0,0,0.0,False,-1.0,-11.641,0.0
3385,4i,150.0,0,0.0,0,0.0,False,-13.74,-6.0943,0.0
3390,4i,150.0,0,0.0,0,0.0,False,-13.71,0.0,0.0
3395,4i,150.0,0,0.0,0,0.0,False,0.0,-2.6298,0.0
3400,4i,150.0,2,19.6733,0,0.0,False,0.0,19.6733,0.0
3405,4i,150.0,3,11.0493,0,0.0,False,0.0,11.0493,0.0
3410,4i,150.0,3,3.3252,2,1.01,False,1.01,3.3252,0.006733333333333333
3415,4i,150.0,3,0.0,3,1.0,False,1.0,0.0,0.006666666666666667
3420,4i,150.0,3,0.0,3,1.0,False,1.0,0.0,0.006666666666666667
3425,4i,150.0,1,0.0,1,1.0,False,1.0,0.0,0.006666666666666667
3430,4i,150.0,1,0.0,1,1.0,False,1.0,-19.6733,0.006666666666666667
3435,4i,150.0,1,0.0,1,1.0,False,1.0,-11.0493,0.006666666666666667
3440,4i,150.0,1,0.0,1,1.0,False,-0.010000000000000009,-3.3252,0.006666666666666667
3445,4i,150.0,1,0.0,1,1.0,False,0.0,0.0,0.006666666666666667
3450,4i,150.0,1,0.0,1,1.0,False,0.0,0.0,0.006666666666666667
3455,4i,150.0,2,21.2505,0,0.0,False,-1.0,21.2505,0.0
3460,4i,150.0,3,12.0492,0,0.0,False,-1.0,12.0492,0.0
3465,4i,150.0,2,1.5223,1,1.0,False,0.0,1.5223,0.006666666666666667
3470,4i,150.0,2,0.0,2,1.0,False,0.0,0.0,0.006666666666666667
3475,4i,150.0,2,0.0,2,1.0,False,0.0,0.0,0.006666666666666667
3480,4i,150.0,2,0.0,2,1.0,False,0.0,0.0,0.006666666666666667
3485,4i,150.0,2,0.0,2,1.0,False,1.0,-21.2505,0.006666666666666667
3490,4i,150.0,2,0.0,2,1.0,False,1.0,-12.0492,0.006666666666666667
3495,4i,150.0,2,0.0,2,1.0,False,0.0,-1.5223,0.006666666666666667
3500,4i,150.0,2,0.0,2,1.0,False,0.0,0.0,0.006666666666666667
3505,4i,150.0,4,13.2971,2,1.0,False,0.0,13.2971,0.006666666666666667
3510,4i,150.0,5,10.5306,2,1.0,False,0.0,10.5306,0.006666666666666667
3515,4i,150.0,2,7.8435,0,0.0,False,-1.0,7.8435,0.0
3520,4i,150.0,1,0.0,1,1.0,False,0.0,0.0,0.006666666666666667
3525,4i,150.0,1,0.0,1,1.0,False,0.0,0.0,0.006666666666666667
3530,4i,150.0,1,0.0,1,1.0,False,0.0,0.0,0.006666666666666667
3535,4i,150.0,1,0.0,1,1.0,False,0.0,-13.2971,0.006666666666666667
3540,4i,150.0,1,0.0,1,1.0,False,0.0,-10.5306,0.006666666666666667
3545,4i,150.0,0,0.0,0,0.0,False,0.0,-7.8435,0.0
3550,4i,150.0,0,0.0,0,0.0,False,-1.0,0.0,0.0
3555,4i,150.0,0,0.0,0,0.0,False,-1.0,0.0,0.0
3560,4i,150.0,0,0.0,0,0.0,False,-1.0,0.0,0.0
3565,4i,150.0,3,20.3496,0,0.0,False,-1.0,20.3496,0.0
3570,4i,150.0,3,6.387,0,0.0,False,-1.0,6.387,0.0
3575,4i,150.0,3,0.0,3,1.0,False,1.0,0.0,0.006666666666666667
3580,4i,150.0,3,0.0,3,1.0,False,1.0,0.0,0.006666666666666667
3585,4i,150.0,3,0.0,3,1.0,False,1.0,0.0,0.006666666666666667
3590,4i,150.0,3,0.0,3,1.0,False,1.0,0.0,0.006666666666666667
3595,4i,150.0,3,0.0,3,1.0,False,1.0,-20.3496,0.006666666666666667
3600,4i,150.0,3,0.0,3,1.0,False,1.0,-6.387,0.006666666666666667
