timestamp,approach_edge,camera_range_m,visible_vehicle_count,visible_mean_speed_mps,visible_queue_count,visible_queue_length_m,queue_reaches_camera_edge,probe_count,probe_mean_speed_mps,probe_min_distance_to_stopline_m,probe_max_distance_to_stopline_m,scenario_id,split,design_method,gps_penetration_rate_requested,visible_queue_length_m_change_30s,visible_mean_speed_mps_change_30s,visible_occupancy_fraction,probe_count_change_30s,probe_max_distance_to_stopline_m_change_30s,current_phase,phase_elapsed_s,is_green_for_approach,red_duration_s,estimated_density_k_veh_per_km,observed_flow_veh_per_hour,estimated_queue_front_propagation_m_per_s,estimated_hidden_queue_extension_m
0,1i,150.0,0,0.0,0,0.0,False,0,,,,scenario_straight_heavy,val,development,0.25,,,0.0,,,,,,,0.0,0.0,,
5,1i,150.0,0,0.0,0,0.0,False,1,19.4187,395.85,395.85,scenario_straight_heavy,val,development,0.25,,,0.0,,,0.0,4.0,True,,0.0,0.0,,
10,1i,150.0,0,0.0,0,0.0,False,1,19.3673,300.29,300.29,scenario_straight_heavy,val,development,0.25,,,0.0,,,0.0,9.0,True,,0.0,0.0,,
15,1i,150.0,1,25.3878,0,0.0,False,1,18.8523,205.04,205.04,scenario_straight_heavy,val,development,0.25,,,0.0,,,0.0,14.0,True,,6.666666666666667,609.3072,,
20,1i,150.0,3,16.8248,0,0.0,False,1,19.1068,109.32,109.32,scenario_straight_heavy,val,development,0.25,,,0.0,,,0.0,19.0,True,,20.0,1211.3856,,
25,1i,150.0,3,9.1784,1,1.0,False,1,13.0337,23.14,23.14,scenario_straight_heavy,val,development,0.25,,,0.006666666666666667,,,0.0,24.0,True,,20.0,660.8448,,
30,1i,150.0,4,6.0016,1,1.0,False,1,0.0,1.0,1.0,scenario_straight_heavy,val,development,0.25,1.0,6.0016,0.006666666666666667,1.0,,1.0,4.0,False,5,26.666666666666668,576.1536,0.03333333333333333,
35,1i,150.0,4,3.5702,3,1.0,False,1,0.0,1.0,1.0,scenario_straight_heavy,val,development,0.25,1.0,3.5702,0.006666666666666667,0.0,-394.85,2.0,2.0,True,,26.666666666666668,342.7392,0.03333333333333333,
40,1i,150.0,4,0.1864,3,1.0,False,1,0.0,1.0,1.0,scenario_straight_heavy,val,development,0.25,1.0,0.1864,0.006666666666666667,0.0,-299.29,3.0,1.0,False,5,26.666666666666668,17.894400000000005,0.03333333333333333,
45,1i,150.0,5,4.7283,4,15.04,False,1,0.0,1.0,1.0,scenario_straight_heavy,val,development,0.25,15.04,-20.659499999999998,0.10026666666666666,0.0,-204.04,3.0,6.0,False,10,33.333333333333336,567.3960000000001,0.5013333333333333,
50,1i,150.0,3,5.3343,1,1.0,False,0,,,,scenario_straight_heavy,val,development,0.25,1.0,-11.4905,0.006666666666666667,-1.0,,4.0,4.0,False,15,20.0,384.0696,0.03333333333333333,
55,1i,150.0,2,4.4761,1,1.0,False,0,,,,scenario_straight_heavy,val,development,0.25,0.0,-4.7023,0.006666666666666667,-1.0,,4.0,9.0,False,20,13.333333333333334,214.8528,0.0,
60,1i,150.0,2,12.0312,1,1.0,False,0,,,,scenario_straight_heavy,val,development,0.25,0.0,6.0296,0.006666666666666667,-1.0,,4.0,14.0,False,25,13.333333333333334,577.4976,0.0,
65,1i,150.0,4,11.8016,1,1.0,False,1,26.9291,376.55,376.55,scenario_straight_heavy,val,development,0.25,0.0,8.2314,0.006666666666666667,0.0,375.55,4.0,19.0,False,30,26.666666666666668,1132.9536000000003,0.0,
70,1i,150.0,4,7.8464,2,13.77,False,1,27.2184,241.03,241.03,scenario_straight_heavy,val,development,0.25,12.77,7.66,0.09179999999999999,0.0,240.03,4.0,24.0,False,35,26.666666666666668,753.2544,0.42566666666666664,
75,1i,150.0,4,6.5333,2,13.71,False,1,23.9874,108.81,108.81,scenario_straight_heavy,val,development,0.25,-1.3299999999999983,1.8049999999999997,0.09140000000000001,0.0,107.81,5.0,4.0,False,40,26.666666666666668,627.1968,-0.04433333333333327,
80,1i,150.0,3,5.5515,1,1.0,False,1,12.6961,26.22,26.22,scenario_straight_heavy,val,development,0.25,0.0,0.21720000000000006,0.006666666666666667,1.0,,6.0,2.0,False,45,20.0,399.70799999999997,0.0,
85,1i,150.0,2,0.0629,1,1.0,False,1,0.1258,1.02,1.02,scenario_straight_heavy,val,development,0.25,0.0,-4.4132,0.006666666666666667,1.0,,7.0,1.0,False,50,13.333333333333334,3.0192,0.0,
90,1i,150.0,3,8.2849,2,1.0,False,1,0.0,1.0,1.0,scenario_straight_heavy,val,development,0.25,0.0,-3.7462999999999997,0.006666666666666667,1.0,,7.0,6.0,False,55,20.0,596.5128000000001,0.0,
95,1i,150.0,3,3.8461,2,1.0,False,2,13.6655,1.0,377.06,scenario_straight_heavy,val,development,0.25,0.0,-7.955500000000001,0.006666666666666667,1.0,0.5099999999999909,0.0,4.0,True,,20.0,276.9192,0.0,
100,1i,150.0,3,0.0215,3,5.05,False,2,13.6227,1.0,240.89,scenario_straight_heavy,val,development,0.25,-8.719999999999999,-7.8249,0.033666666666666664,1.0,-0.14000000000001478,0.0,9.0,True,,20.0,1.548,-0.29066666666666663,
105,1i,150.0,6,12.369,3,5.0,False,2,11.973,1.0,110.83,scenario_straight_heavy,val,development,0.25,-8.71,5.8357,0.03333333333333333,1.0,2.019999999999996,0.0,14.0,True,,40.0,1781.136,-0.2903333333333334,
110,1i,150.0,6,6.5007,3,5.0,False,2,5.2309,1.0,30.52,scenario_straight_heavy,val,development,0.25,4.0,0.9492000000000003,0.03333333333333333,1.0,4.300000000000001,0.0,19.0,True,,40.0,936.1008000000002,0.13333333333333333,
115,1i,150.0,6,0.2609,4,13.71,False,2,0.0022,1.0,13.71,scenario_straight_heavy,val,development,0.25,12.71,0.198,0.09140000000000001,1.0,12.690000000000001,0.0,24.0,True,,40.0,37.5696,0.4236666666666667,
120,1i,150.0,7,3.3511,6,13.71,False,2,0.0,1.0,13.71,scenario_straight_heavy,val,development,0.25,12.71,-4.9338,0.09140000000000001,1.0,12.71,1.0,4.0,False,5,46.66666666666667,562.9848000000002,0.4236666666666667,
125,1i,150.0,7,1.616,6,13.71,False,2,0.0,1.0,13.71,scenario_straight_heavy,val,development,0.25,12.71,-2.2300999999999997,0.09140000000000001,0.0,-363.35,2.0,2.0,True,,46.66666666666667,271.48800000000006,0.4236666666666667,
130,1i,150.0,7,0.0272,7,16.18,False,2,0.0,1.0,13.71,scenario_straight_heavy,val,development,0.25,11.129999999999999,0.0057,0.10786666666666667,0.0,-227.17999999999998,3.0,1.0,False,5,46.66666666666667,4.5696,0.37099999999999994,
135,1i,150.0,8,2.9268,7,16.0,False,2,0.0,1.0,13.71,scenario_straight_heavy,val,development,0.25,11.0,-9.4422,0.10666666666666667,0.0,-97.12,3.0,6.0,False,10,53.333333333333336,561.9456000000001,0.36666666666666664,
140,1i,150.0,5,4.3976,1,1.0,False,2,15.182,0.21,384.07,scenario_straight_heavy,val,development,0.25,-4.0,-2.1031000000000004,0.006666666666666667,0.0,353.55,4.0,4.0,False,15,33.333333333333336,527.712,-0.13333333333333333,
145,1i,150.0,1,0.0,1,1.0,False,1,22.3009,274.21,274.21,scenario_straight_heavy,val,development,0.25,-12.71,-0.2609,0.006666666666666667,-1.0,260.5,4.0,9.0,False,20,6.666666666666667,0.0,-0.4236666666666667,
150,1i,150.0,3,17.1125,1,1.0,False,1,22.8251,161.47,161.47,scenario_straight_heavy,val,development,0.25,-12.71,13.7614,0.006666666666666667,-1.0,147.76,4.0,14.0,False,25,20.0,1232.1000000000001,-0.4236666666666667,
155,1i,150.0,4,11.2633,1,1.0,False,2,17.8514,56.14,396.82,scenario_straight_heavy,val,development,0.25,-12.71,9.6473,0.006666666666666667,0.0,383.11,4.0,19.0,False,30,26.666666666666668,1081.2768,-0.4236666666666667,
160,1i,150.0,2,0.7431,1,1.0,False,1,18.9079,300.82,300.82,scenario_straight_heavy,val,development,0.25,-15.18,0.7159,0.006666666666666667,-1.0,287.11,4.0,24.0,False,35,13.333333333333334,35.668800000000005,-0.506,
165,1i,150.0,2,0.0,2,5.0,False,1,19.0942,205.08,205.08,scenario_straight_heavy,val,development,0.25,-11.0,-2.9268,0.03333333333333333,-1.0,191.37,5.0,4.0,False,40,13.333333333333334,0.0,-0.36666666666666664,
170,1i,150.0,1,16.1773,0,0.0,False,1,16.1773,119.94,119.94,scenario_straight_heavy,val,development,0.25,-1.0,11.779699999999998,0.0,-1.0,-264.13,6.0,2.0,False,45,6.666666666666667,388.2552,-0.03333333333333333,
175,1i,150.0,1,15.3443,0,0.0,False,1,15.3443,32.72,32.72,scenario_straight_heavy,val,development,0.25,-1.0,15.3443,0.0,0.0,-241.48999999999998,7.0,1.0,False,50,6.666666666666667,368.26320000000004,-0.03333333333333333,
180,1i,150.0,2,12.2758,0,0.0,False,1,0.3443,1.0,1.0,scenario_straight_heavy,val,development,0.25,-1.0,-4.8367,0.0,0.0,-160.47,7.0,6.0,False,55,13.333333333333334,589.2384000000001,-0.03333333333333333,
185,1i,150.0,2,5.4764,1,1.0,False,1,0.0,1.0,1.0,scenario_straight_heavy,val,development,0.25,0.0,-5.786899999999999,0.006666666666666667,-1.0,-395.82,0.0,4.0,True,,13.333333333333334,262.8672,0.0,
190,1i,150.0,2,0.0421,2,15.05,False,1,0.0,1.0,1.0,scenario_straight_heavy,val,development,0.25,14.05,-0.701,0.10033333333333334,0.0,-299.82,0.0,9.0,True,,13.333333333333334,2.0208,0.4683333333333334,
195,1i,150.0,5,14.5801,2,15.04,False,1,0.0,1.0,1.0,scenario_straight_heavy,val,development,0.25,10.04,14.5801,0.10026666666666666,0.0,-204.08,0.0,14.0,True,,33.333333333333336,1749.612,0.3346666666666666,
200,1i,150.0,5,7.9645,2,15.04,False,1,0.0,1.0,1.0,scenario_straight_heavy,val,development,0.25,15.04,-8.212799999999998,0.10026666666666666,0.0,-118.94,0.0,19.0,True,,33.333333333333336,955.7400000000001,0.5013333333333333,
205,1i,150.0,5,0.7383,4,19.06,False,1,0.0,1.0,1.0,scenario_straight_heavy,val,development,0.25,19.06,-14.606,0.12706666666666666,0.0,-31.72,0.0,24.0,True,,33.333333333333336,88.596,0.6353333333333333,
210,1i,150.0,6,3.923,5,19.04,False,1,0.0,1.0,1.0,scenario_straight_heavy,val,development,0.25,19.04,-8.3528,0.12693333333333331,0.0,0.0,1.0,4.0,False,5,40.0,564.912,0.6346666666666666,
215,1i,150.0,6,2.2113,5,19.04,False,1,0.0,1.0,1.0,scenario_straight_heavy,val,development,0.25,18.04,-3.2651,0.12693333333333331,0.0,0.0,2.0,2.0,True,,40.0,318.42719999999997,0.6013333333333333,
220,1i,150.0,6,0.0699,5,19.04,False,1,0.0,1.0,1.0,scenario_straight_heavy,val,development,0.25,3.9899999999999984,0.027800000000000005,0.12693333333333331,0.0,0.0,3.0,1.0,False,5,40.0,10.065600000000002,0.13299999999999995,
225,1i,150.0,7,3.1416,6,23.04,False,1,0.0,1.0,1.0,scenario_straight_heavy,val,development,0.25,8.0,-11.4385,0.1536,0.0,0.0,3.0,6.0,False,10,46.66666666666667,527.7888,0.26666666666666666,
230,1i,150.0,5,2.9327,2,21.97,False,1,23.3785,384.61,384.61,scenario_straight_heavy,val,development,0.25,6.93,-5.0318000000000005,0.14646666666666666,0.0,383.61,4.0,4.0,False,15,33.333333333333336,351.92400000000004,0.23099999999999998,
235,1i,150.0,3,3.6045,1,1.0,False,1,23.3683,264.63,264.63,scenario_straight_heavy,val,development,0.25,-18.06,2.8662,0.006666666666666667,0.0,263.63,4.0,9.0,False,20,20.0,259.524,-0.602,
240,1i,150.0,3,16.2038,1,1.0,False,1,23.3624,145.96,145.96,scenario_straight_heavy,val,development,0.25,-18.04,12.280800000000001,0.006666666666666667,0.0,144.96,4.0,14.0,False,25,20.0,1166.6736,-0.6013333333333333,
245,1i,150.0,4,11.9301,1,1.0,False,1,15.0952,44.54,44.54,scenario_straight_heavy,val,development,0.25,-18.04,9.7188,0.006666666666666667,0.0,43.54,4.0,19.0,False,30,26.666666666666668,1145.2896,-0.6013333333333333,
250,1i,150.0,3,4.8408,1,1.0,False,1,2.1593,5.74,5.74,scenario_straight_heavy,val,development,0.25,-18.04,4.7709,0.006666666666666667,0.0,4.74,4.0,24.0,False,35,20.0,348.5376,-0.6013333333333333,
255,1i,150.0,4,6.6522,2,5.0,False,1,0.0065,5.0,5.0,scenario_straight_heavy,val,development,0.25,-18.04,3.5105999999999997,0.03333333333333333,0.0,4.0,5.0,4.0,False,40,26.666666666666668,638.6112,-0.6013333333333333,
260,1i,150.0,2,7.6287,1,1.0,False,1,26.36,375.34,375.34,scenario_straight_heavy,val,development,0.25,-20.97,4.696,0.006666666666666667,0.0,-9.270000000000039,6.0,2.0,False,45,13.333333333333334,366.17760000000004,-0.699,
265,1i,150.0,2,1.0191,1,1.0,False,1,26.6152,241.42,241.42,scenario_straight_heavy,val,development,0.25,0.0,-2.5854,0.006666666666666667,0.0,-23.210000000000008,7.0,1.0,False,50,13.333333333333334,48.9168,0.0,
270,1i,150.0,3,8.2228,2,1.0,False,1,24.6674,108.41,108.41,scenario_straight_heavy,val,development,0.25,0.0,-7.981000000000002,0.006666666666666667,0.0,-37.55000000000001,7.0,6.0,False,55,20.0,592.0415999999999,0.0,
275,1i,150.0,3,3.8918,2,1.0,False,2,19.4919,25.39,375.25,scenario_straight_heavy,val,development,0.25,0.0,-8.0383,0.006666666666666667,1.0,330.71,0.0,4.0,True,,20.0,280.20959999999997,0.0,
280,1i,150.0,3,0.0922,2,1.0,False,2,13.6903,5.1,238.21,scenario_straight_heavy,val,development,0.25,0.0,-4.7486,0.006666666666666667,1.0,232.47,0.0,9.0,True,,20.0,6.638400000000001,0.0,
285,1i,150.0,6,12.5439,3,5.0,False,2,12.1508,5.0,107.13,scenario_straight_heavy,val,development,0.25,0.0,5.891700000000001,0.03333333333333333,1.0,102.13,0.0,14.0,True,,40.0,1806.3216000000002,0.0,
290,1i,150.0,6,6.0383,3,5.0,False,2,5.3925,5.0,25.2,scenario_straight_heavy,val,development,0.25,4.0,-1.5904000000000007,0.03333333333333333,1.0,-350.14,0.0,19.0,True,,40.0,869.5152,0.13333333333333333,
295,1i,150.0,6,0.1172,5,9.02,False,2,0.0546,5.0,9.02,scenario_straight_heavy,val,development,0.25,8.02,-0.9018999999999999,0.06013333333333333,1.0,-232.39999999999998,0.0,24.0,True,,40.0,16.8768,0.2673333333333333,
300,1i,150.0,7,3.3453,6,15.04,False,2,0.0,5.0,9.0,scenario_straight_heavy,val,development,0.25,14.04,-4.8774999999999995,0.10026666666666666,1.0,-99.41,1.0,4.0,False,5,46.66666666666667,562.0104,0.46799999999999997,
305,1i,150.0,7,1.598,6,15.04,False,2,0.0,5.0,9.0,scenario_straight_heavy,val,development,0.25,14.04,-2.2938,0.10026666666666666,0.0,-366.25,2.0,2.0,True,,46.66666666666667,268.46400000000006,0.46799999999999997,
310,1i,150.0,7,0.0183,7,15.04,False,2,0.0,5.0,9.0,scenario_straight_heavy,val,development,0.25,14.04,-0.07390000000000001,0.10026666666666666,0.0,-229.21,3.0,1.0,False,5,46.66666666666667,3.0744000000000007,0.46799999999999997,
315,1i,150.0,8,2.8752,7,15.04,False,2,0.0,5.0,9.0,scenario_straight_heavy,val,development,0.25,10.04,-9.668700000000001,0.10026666666666666,0.0,-98.13,3.0,6.0,False,10,53.333333333333336,552.0384,0.3346666666666666,
320,1i,150.0,4,4.6592,1,1.0,False,0,,,,scenario_straight_heavy,val,development,0.25,-4.0,-1.3790999999999993,0.006666666666666667,-2.0,,4.0,4.0,False,15,26.666666666666668,447.2832000000001,-0.13333333333333333,
325,1i,150.0,1,0.0,1,1.0,False,0,,,,scenario_straight_heavy,val,development,0.25,-8.02,-0.1172,0.006666666666666667,-2.0,,4.0,9.0,False,20,6.666666666666667,0.0,-0.2673333333333333,
330,1i,150.0,3,17.1399,1,1.0,False,0,,,,scenario_straight_heavy,val,development,0.25,-14.04,13.7946,0.006666666666666667,-2.0,,4.0,14.0,False,25,20.0,1234.0728000000001,-0.46799999999999997,
335,1i,150.0,4,11.158,1,1.0,False,0,,,,scenario_straight_heavy,val,development,0.25,-14.04,9.559999999999999,0.006666666666666667,-2.0,,4.0,19.0,False,30,26.666666666666668,1071.168,-0.46799999999999997,
340,1i,150.0,2,1.151,1,1.0,False,0,,,,scenario_straight_heavy,val,development,0.25,-14.04,1.1327,0.006666666666666667,-2.0,,4.0,24.0,False,35,13.333333333333334,55.248000000000005,-0.46799999999999997,
345,1i,150.0,2,0.0003,2,5.0,False,0,,,,scenario_straight_heavy,val,development,0.25,-10.04,-2.8749,0.03333333333333333,-2.0,,5.0,4.0,False,40,13.333333333333334,0.014400000000000001,-0.3346666666666666,
350,1i,150.0,1,18.7098,0,0.0,False,0,,,,scenario_straight_heavy,val,development,0.25,-1.0,14.050600000000001,0.0,0.0,,6.0,2.0,False,45,6.666666666666667,449.0352000000001,-0.03333333333333333,
355,1i,150.0,1,14.834,0,0.0,False,0,,,,scenario_straight_heavy,val,development,0.25,-1.0,14.834,0.0,0.0,,7.0,1.0,False,50,6.666666666666667,356.016,-0.03333333333333333,
360,1i,150.0,2,12.0983,0,0.0,False,0,,,,scenario_straight_heavy,val,development,0.25,-1.0,-5.041600000000001,0.0,0.0,,7.0,6.0,False,55,13.333333333333334,580.7184,-0.03333333333333333,
365,1i,150.0,2,5.0966,1,1.0,False,1,24.8748,385.41,385.41,scenario_straight_heavy,val,development,0.25,0.0,-6.0614,0.006666666666666667,1.0,,0.0,4.0,True,,13.333333333333334,244.63679999999997,0.0,
370,1i,150.0,2,0.0,2,13.71,False,1,24.1242,264.8,264.8,scenario_straight_heavy,val,development,0.25,12.71,-1.151,0.09140000000000001,1.0,,0.0,9.0,True,,13.333333333333334,0.0,0.4236666666666667,
375,1i,150.0,4,12.2764,2,13.71,False,1,24.2566,143.81,143.81,scenario_straight_heavy,val,development,0.25,8.71,12.276100000000001,0.09140000000000001,1.0,,0.0,14.0,True,,26.666666666666668,1178.5344000000002,0.2903333333333334,
380,1i,150.0,5,8.0428,2,13.71,False,1,14.0472,45.95,45.95,scenario_straight_heavy,val,development,0.25,13.71,-10.667000000000002,0.09140000000000001,1.0,,0.0,19.0,True,,33.333333333333336,965.1360000000001,0.457,
385,1i,150.0,5,2.5953,3,13.71,False,1,3.0443,1.05,1.05,scenario_straight_heavy,val,development,0.25,13.71,-12.2387,0.09140000000000001,1.0,,0.0,24.0,True,,33.333333333333336,311.43600000000004,0.457,
390,1i,150.0,5,1.0864,4,13.71,False,1,0.0,1.0,1.0,scenario_straight_heavy,val,development,0.25,13.71,-11.0119,0.09140000000000001,1.0,,1.0,4.0,False,5,33.333333333333336,130.36800000000002,0.457,
395,1i,150.0,6,2.9131,4,13.71,False,1,0.0,1.0,1.0,scenario_straight_heavy,val,development,0.25,12.71,-2.1834999999999996,0.09140000000000001,0.0,-384.41,2.0,2.0,True,,40.0,419.48640000000006,0.4236666666666667,
400,1i,150.0,6,1.5469,5,17.71,False,1,0.0,1.0,1.0,scenario_straight_heavy,val,development,0.25,4.0,1.5469,0.11806666666666667,0.0,-263.8,3.0,1.0,False,5,40.0,222.7536,0.13333333333333333,
405,1i,150.0,7,3.5733,5,17.71,False,1,0.0,1.0,1.0,scenario_straight_heavy,val,development,0.25,4.0,-8.703100000000001,0.11806666666666667,0.0,-142.81,3.0,6.0,False,10,46.66666666666667,600.3144000000001,0.13333333333333333,
410,1i,150.0,4,3.7413,1,1.0,False,1,24.2445,383.62,383.62,scenario_straight_heavy,val,development,0.25,-12.71,-4.3015,0.006666666666666667,0.0,337.67,4.0,4.0,False,15,26.666666666666668,359.1648,-0.4236666666666667,
415,1i,150.0,3,3.9894,1,1.0,False,1,23.9563,262.77,262.77,scenario_straight_heavy,val,development,0.25,-12.71,1.3941,0.006666666666666667,0.0,261.71999999999997,4.0,9.0,False,20,20.0,287.23679999999996,-0.4236666666666667,
420,1i,150.0,3,16.7521,1,1.0,False,1,24.823,142.25,142.25,scenario_straight_heavy,val,development,0.25,-12.71,15.6657,0.006666666666666667,0.0,141.25,4.0,14.0,False,25,20.0,1206.1511999999998,-0.4236666666666667,
425,1i,150.0,4,12.8195,1,1.0,False,1,15.1698,41.36,41.36,scenario_straight_heavy,val,development,0.25,-12.71,9.9064,0.006666666666666667,0.0,40.36,4.0,19.0,False,30,26.666666666666668,1230.672,-0.4236666666666667,
430,1i,150.0,3,5.0613,1,1.0,False,1,1.763,5.03,5.03,scenario_straight_heavy,val,development,0.25,-16.71,3.5144,0.006666666666666667,0.0,4.03,4.0,24.0,False,35,20.0,364.41360000000003,-0.557,
435,1i,150.0,4,6.1244,2,5.0,False,1,0.0002,5.0,5.0,scenario_straight_heavy,val,development,0.25,-12.71,2.5510999999999995,0.03333333333333333,0.0,4.0,5.0,4.0,False,40,26.666666666666668,587.9424,-0.4236666666666667,
440,1i,150.0,2,7.3787,1,1.0,False,0,,,,scenario_straight_heavy,val,development,0.25,0.0,3.6374000000000004,0.006666666666666667,-1.0,,6.0,2.0,False,45,13.333333333333334,354.17760000000004,0.0,
445,1i,150.0,2,1.2436,1,1.0,False,0,,,,scenario_straight_heavy,val,development,0.25,0.0,-2.7458,0.006666666666666667,-1.0,,7.0,1.0,False,50,13.333333333333334,59.692800000000005,0.0,
450,1i,150.0,3,8.2419,2,1.0,False,0,,,,scenario_straight_heavy,val,development,0.25,0.0,-8.5102,0.006666666666666667,-1.0,,7.0,6.0,False,55,20.0,593.4168,0.0,
455,1i,150.0,3,3.6379,2,1.0,False,2,23.7939,383.69,384.4,scenario_straight_heavy,val,development,0.25,0.0,-9.1816,0.006666666666666667,1.0,343.03999999999996,0.0,4.0,True,,20.0,261.9288,0.0,
460,1i,150.0,3,0.0167,3,8.04,False,2,24.1491,262.49,264.11,scenario_straight_heavy,val,development,0.25,7.039999999999999,-5.0446,0.053599999999999995,1.0,259.08000000000004,0.0,9.0,True,,20.0,1.2024,0.23466666666666663,
465,1i,150.0,5,9.4607,3,8.0,False,2,23.6516,143.01,144.87,scenario_straight_heavy,val,development,0.25,3.0,3.3362999999999996,0.05333333333333334,1.0,139.87,0.0,14.0,True,,33.333333333333336,1135.284,0.1,
470,1i,150.0,6,7.9083,3,8.0,False,2,15.4483,37.13,47.25,scenario_straight_heavy,val,development,0.25,7.0,0.5295999999999994,0.05333333333333334,2.0,,0.0,19.0,True,,40.0,1138.7952,0.23333333333333334,
475,1i,150.0,6,1.2479,3,8.0,False,2,1.6614,1.0,12.61,scenario_straight_heavy,val,development,0.25,7.0,0.0042999999999999705,0.05333333333333334,2.0,,0.0,24.0,True,,40.0,179.69760000000002,0.23333333333333334,
480,1i,150.0,6,0.0005,6,13.71,False,2,0.0013,1.0,12.01,scenario_straight_heavy,val,development,0.25,12.71,-8.241399999999999,0.09140000000000001,2.0,,1.0,4.0,False,5,40.0,0.07200000000000001,0.4236666666666667,
485,1i,150.0,7,2.4383,6,13.71,False,3,8.7062,1.0,375.15,scenario_straight_heavy,val,development,0.25,12.71,-1.1996000000000002,0.09140000000000001,1.0,-9.25,2.0,2.0,True,,46.66666666666667,409.6344,0.4236666666666667,
490,1i,150.0,7,1.4893,6,13.71,False,3,8.9314,1.0,239.26,scenario_straight_heavy,val,development,0.25,5.670000000000002,1.4726000000000001,0.09140000000000001,1.0,-24.850000000000023,3.0,1.0,False,5,46.66666666666667,250.20240000000004,0.18900000000000006,
495,1i,150.0,8,3.0704,6,13.71,False,3,7.0645,1.0,114.32,scenario_straight_heavy,val,development,0.25,5.710000000000001,-6.3903,0.09140000000000001,1.0,-30.55000000000001,3.0,6.0,False,10,53.333333333333336,589.5168,0.19033333333333335,
500,1i,150.0,4,4.6374,1,1.0,False,3,5.165,0.63,42.59,scenario_straight_heavy,val,development,0.25,-7.0,-3.2708999999999993,0.006666666666666667,1.0,-4.659999999999997,4.0,4.0,False,15,26.666666666666668,445.1904000000001,-0.23333333333333334,
505,1i,150.0,2,4.5991,1,1.0,False,2,4.5991,1.0,6.73,scenario_straight_heavy,val,development,0.25,-7.0,3.3512,0.006666666666666667,0.0,-5.879999999999999,4.0,9.0,False,20,13.333333333333334,220.75680000000003,-0.23333333333333334,
510,1i,150.0,2,12.1689,1,1.0,False,1,0.0,1.0,1.0,scenario_straight_heavy,val,development,0.25,-12.71,12.1684,0.006666666666666667,-1.0,-11.01,4.0,14.0,False,25,13.333333333333334,584.1072000000001,-0.4236666666666667,
515,1i,150.0,4,11.2735,1,1.0,False,1,0.0,1.0,1.0,scenario_straight_heavy,val,development,0.25,-12.71,8.8352,0.006666666666666667,-2.0,-374.15,4.0,19.0,False,30,26.666666666666668,1082.256,-0.4236666666666667,
520,1i,150.0,4,8.0603,1,1.0,False,1,0.0,1.0,1.0,scenario_straight_heavy,val,development,0.25,-12.71,6.571,0.006666666666666667,-2.0,-238.26,4.0,24.0,False,35,26.666666666666668,773.7888,-0.4236666666666667,
525,1i,150.0,3,1.4878,2,8.0,False,1,0.0,1.0,1.0,scenario_straight_heavy,val,development,0.25,-5.710000000000001,-1.5825999999999998,0.05333333333333334,-2.0,-113.32,5.0,4.0,False,40,20.0,107.1216,-0.19033333333333335,
530,1i,150.0,3,6.9649,1,1.0,False,0,,,,scenario_straight_heavy,val,development,0.25,0.0,2.3274999999999997,0.006666666666666667,-3.0,,6.0,2.0,False,45,20.0,501.4728,0.0,
535,1i,150.0,2,7.4174,1,1.0,False,0,,,,scenario_straight_heavy,val,development,0.25,0.0,2.8183,0.006666666666666667,-2.0,,7.0,1.0,False,50,13.333333333333334,356.0352,0.0,
540,1i,150.0,3,7.8853,1,1.0,False,0,,,,scenario_straight_heavy,val,development,0.25,0.0,-4.283600000000001,0.006666666666666667,-1.0,,7.0,6.0,False,55,20.0,567.7416000000001,0.0,
545,1i,150.0,3,3.4981,2,1.0,False,0,,,,scenario_straight_heavy,val,development,0.25,0.0,-7.7754,0.006666666666666667,-1.0,,0.0,4.0,True,,20.0,251.8632,0.0,
550,1i,150.0,3,0.0111,3,15.06,False,0,,,,scenario_straight_heavy,val,development,0.25,14.06,-8.049199999999999,0.1004,-1.0,,0.0,9.0,True,,20.0,0.7992,0.4686666666666667,
555,1i,150.0,5,9.8137,3,15.04,False,0,,,,scenario_straight_heavy,val,development,0.25,7.039999999999999,8.3259,0.10026666666666666,-1.0,,0.0,14.0,True,,33.333333333333336,1177.6440000000002,0.23466666666666663,
560,1i,150.0,6,6.2223,3,15.04,False,1,27.6069,376.19,376.19,scenario_straight_heavy,val,development,0.25,14.04,-0.7426000000000004,0.10026666666666666,1.0,,0.0,19.0,True,,40.0,896.0111999999999,0.46799999999999997,
565,1i,150.0,6,1.7413,4,15.04,False,1,26.1709,243.41,243.41,scenario_straight_heavy,val,development,0.25,14.04,-5.6761,0.10026666666666666,1.0,,0.0,24.0,True,,40.0,250.74720000000002,0.46799999999999997,
570,1i,150.0,7,4.1417,5,19.04,False,1,23.0481,113.27,113.27,scenario_straight_heavy,val,development,0.25,18.04,-3.7436,0.12693333333333331,1.0,,1.0,4.0,False,5,46.66666666666667,695.8056000000001,0.6013333333333333,
575,1i,150.0,7,1.6104,5,19.04,False,2,14.4476,38.58,396.42,scenario_straight_heavy,val,development,0.25,18.04,-1.8877,0.12693333333333331,2.0,,2.0,2.0,True,,46.66666666666667,270.54720000000003,0.6013333333333333,
580,1i,150.0,7,0.0003,7,23.05,False,2,9.7138,23.05,300.91,scenario_straight_heavy,val,development,0.25,7.99,-0.0108,0.15366666666666667,2.0,,3.0,1.0,False,5,46.66666666666667,0.05040000000000001,0.26633333333333337,
585,1i,150.0,7,0.0,7,23.04,False,2,9.0236,23.04,206.42,scenario_straight_heavy,val,development,0.25,8.0,-9.8137,0.1536,2.0,,3.0,6.0,False,10,46.66666666666667,0.0,0.26666666666666666,
590,1i,150.0,5,3.9166,2,21.85,False,2,7.2997,21.85,128.84,scenario_straight_heavy,val,development,0.25,6.810000000000002,-2.3057,0.14566666666666667,1.0,-247.35,4.0,4.0,False,15,33.333333333333336,469.992,0.22700000000000006,
595,1i,150.0,3,5.1643,1,1.0,False,2,7.7465,4.77,71.69,scenario_straight_heavy,val,development,0.25,-14.04,3.423,0.006666666666666667,1.0,-171.72,4.0,9.0,False,20,20.0,371.8296,-0.46799999999999997,
600,1i,150.0,5,16.1241,1,1.0,False,1,9.5191,22.79,22.79,scenario_straight_heavy,val,development,0.25,-18.04,11.982399999999998,0.006666666666666667,0.0,-90.47999999999999,4.0,14.0,False,25,33.333333333333336,1934.892,-0.6013333333333333,
605,1i,150.0,4,11.8663,1,1.0,False,1,27.0953,375.48,375.48,scenario_straight_heavy,val,development,0.25,-18.04,10.2559,0.006666666666666667,-1.0,-20.939999999999998,4.0,19.0,False,30,26.666666666666668,1139.1648000000002,-0.6013333333333333,
610,1i,150.0,2,0.9859,1,1.0,False,1,27.169,242.45,242.45,scenario_straight_heavy,val,development,0.25,-22.05,0.9856,0.006666666666666667,-1.0,-58.460000000000036,4.0,24.0,False,35,13.333333333333334,47.32320000000001,-0.735,
615,1i,150.0,3,8.2754,2,5.0,False,1,24.8226,109.79,109.79,scenario_straight_heavy,val,development,0.25,-18.04,8.2754,0.03333333333333333,-1.0,-96.62999999999998,5.0,4.0,False,40,20.0,595.8288,-0.6013333333333333,
620,1i,150.0,2,8.1552,0,0.0,False,2,16.0272,23.2,396.31,scenario_straight_heavy,val,development,0.25,-21.85,4.238600000000001,0.0,0.0,267.47,6.0,2.0,False,45,13.333333333333334,391.44960000000003,-0.7283333333333334,
625,1i,150.0,1,0.0,0,0.0,False,2,9.7008,1.0,299.9,scenario_straight_heavy,val,development,0.25,-1.0,-5.1643,0.0,0.0,228.20999999999998,7.0,1.0,False,50,6.666666666666667,0.0,-0.03333333333333333,
630,1i,150.0,1,0.0,1,1.0,False,2,9.6227,1.0,204.22,scenario_straight_heavy,val,development,0.25,0.0,-16.1241,0.006666666666666667,1.0,181.43,7.0,6.0,False,55,6.666666666666667,0.0,0.0,
635,1i,150.0,2,7.4127,1,1.0,False,3,13.807,1.0,375.22,scenario_straight_heavy,val,development,0.25,0.0,-4.453600000000001,0.006666666666666667,2.0,-0.2599999999999909,0.0,4.0,True,,13.333333333333334,355.8096,0.0,
640,1i,150.0,2,5.1627,1,1.0,False,3,12.2595,1.0,239.31,scenario_straight_heavy,val,development,0.25,0.0,4.1768,0.006666666666666667,2.0,-3.1399999999999864,0.0,9.0,True,,13.333333333333334,247.80960000000005,0.0,
645,1i,150.0,5,15.814,1,1.0,False,3,10.7917,1.0,106.51,scenario_straight_heavy,val,development,0.25,-4.0,7.538600000000001,0.006666666666666667,2.0,-3.280000000000001,0.0,14.0,True,,33.333333333333336,1897.68,-0.13333333333333333,
650,1i,150.0,5,8.3227,1,1.0,False,4,9.8672,1.0,377.66,scenario_straight_heavy,val,development,0.25,1.0,0.16749999999999865,0.006666666666666667,2.0,-18.649999999999977,0.0,19.0,True,,33.333333333333336,998.724,0.03333333333333333,
655,1i,150.0,5,0.2845,3,5.0,False,4,6.7689,1.0,243.85,scenario_straight_heavy,val,development,0.25,5.0,0.2845,0.03333333333333333,2.0,-56.04999999999998,0.0,24.0,True,,33.333333333333336,34.14,0.16666666666666666,
660,1i,150.0,6,3.8138,5,19.04,False,4,5.7206,1.0,115.47,scenario_straight_heavy,val,development,0.25,18.04,3.8138,0.12693333333333331,2.0,-88.75,1.0,4.0,False,5,40.0,549.1872,0.6013333333333333,
665,1i,150.0,6,1.621,5,19.04,False,4,2.4314,1.0,40.53,scenario_straight_heavy,val,development,0.25,18.04,-5.7917000000000005,0.12693333333333331,1.0,-334.69000000000005,2.0,2.0,True,,40.0,233.424,0.6013333333333333,
670,1i,150.0,6,0.0451,6,26.19,False,4,0.0677,1.0,26.19,scenario_straight_heavy,val,development,0.25,25.19,-5.1176,0.1746,1.0,-213.12,3.0,1.0,False,5,40.0,6.494400000000001,0.8396666666666667,
675,1i,150.0,7,3.201,6,26.04,False,4,0.0001,1.0,26.04,scenario_straight_heavy,val,development,0.25,25.04,-12.613,0.1736,1.0,-80.47,3.0,6.0,False,10,46.66666666666667,537.768,0.8346666666666667,
680,1i,150.0,4,3.2613,1,1.0,False,2,0.6905,1.0,24.32,scenario_straight_heavy,val,development,0.25,0.0,-5.061399999999999,0.006666666666666667,-2.0,-353.34000000000003,4.0,4.0,False,15,26.666666666666668,313.0848,0.0,
685,1i,150.0,3,4.0009,1,1.0,False,2,3.6707,1.0,4.13,scenario_straight_heavy,val,development,0.25,-4.0,3.7163999999999997,0.006666666666666667,-2.0,-239.72,4.0,9.0,False,20,20.0,288.0648,-0.13333333333333333,
690,1i,150.0,3,17.0338,1,1.0,False,1,0.0,1.0,1.0,scenario_straight_heavy,val,development,0.25,-18.04,13.219999999999999,0.006666666666666667,-3.0,-114.47,4.0,14.0,False,25,20.0,1226.4336,-0.6013333333333333,
695,1i,150.0,4,11.8261,1,1.0,False,2,9.1639,1.0,399.22,scenario_straight_heavy,val,development,0.25,-18.04,10.2051,0.006666666666666667,-2.0,358.69000000000005,4.0,19.0,False,30,26.666666666666668,1135.3056000000001,-0.6013333333333333,
700,1i,150.0,2,5.2352,1,1.0,False,2,9.3796,1.0,304.93,scenario_straight_heavy,val,development,0.25,-25.19,5.1901,0.006666666666666667,-2.0,278.74,4.0,24.0,False,35,13.333333333333334,251.28960000000004,-0.8396666666666667,
705,1i,150.0,2,2.9905,1,1.0,False,2,9.7102,1.0,209.25,scenario_straight_heavy,val,development,0.25,-25.04,-0.21050000000000013,0.006666666666666667,-2.0,183.21,5.0,4.0,False,40,13.333333333333334,143.544,-0.8346666666666667,
710,1i,150.0,2,10.663,0,0.0,False,2,18.1819,116.23,398.62,scenario_straight_heavy,val,development,0.25,-1.0,7.4017,0.0,0.0,374.3,6.0,2.0,False,45,13.333333333333334,511.824,-0.03333333333333333,
715,1i,150.0,1,15.3311,0,0.0,False,2,16.803,32.66,305.31,scenario_straight_heavy,val,development,0.25,-1.0,11.3302,0.0,0.0,301.18,7.0,1.0,False,50,6.666666666666667,367.94640000000004,-0.03333333333333333,
720,1i,150.0,1,0.3311,0,0.0,False,2,9.6182,1.0,211.23,scenario_straight_heavy,val,development,0.25,-1.0,-16.7027,0.0,1.0,210.23,7.0,6.0,False,55,6.666666666666667,7.9464000000000015,-0.03333333333333333,
725,1i,150.0,2,8.6586,1,1.0,False,2,8.6586,1.0,119.68,scenario_straight_heavy,val,development,0.25,0.0,-3.1675000000000004,0.006666666666666667,0.0,-279.54,0.0,4.0,True,,13.333333333333334,415.61280000000005,0.0,
730,1i,150.0,2,5.5972,1,1.0,False,2,5.5972,1.0,50.52,scenario_straight_heavy,val,development,0.25,0.0,0.3620000000000001,0.006666666666666667,0.0,-254.41,0.0,9.0,True,,13.333333333333334,268.66560000000004,0.0,
735,1i,150.0,4,12.4035,1,1.0,False,2,1.8472,1.0,17.05,scenario_straight_heavy,val,development,0.25,0.0,9.413,0.006666666666666667,0.0,-192.2,0.0,14.0,True,,26.666666666666668,1190.736,0.0,
740,1i,150.0,5,9.3034,2,13.72,False,2,0.0043,1.0,13.72,scenario_straight_heavy,val,development,0.25,13.72,-1.3596000000000004,0.09146666666666667,0.0,-384.9,0.0,19.0,True,,33.333333333333336,1116.4080000000001,0.45733333333333337,
745,1i,150.0,5,3.7559,3,26.43,False,2,0.0,1.0,13.71,scenario_straight_heavy,val,development,0.25,26.43,-11.575199999999999,0.1762,0.0,-291.6,0.0,24.0,True,,33.333333333333336,450.708,0.881,
750,1i,150.0,6,3.719,4,26.42,False,2,0.0,1.0,13.71,scenario_straight_heavy,val,development,0.25,26.42,3.3878999999999997,0.17613333333333334,0.0,-197.51999999999998,1.0,4.0,False,5,40.0,535.536,0.8806666666666667,
755,1i,150.0,6,1.5293,5,26.42,False,2,0.0,1.0,13.71,scenario_straight_heavy,val,development,0.25,25.42,-7.1293,0.17613333333333334,0.0,-105.97,2.0,2.0,True,,40.0,220.2192,0.8473333333333334,
760,1i,150.0,6,0.0021,6,30.44,False,2,0.0,1.0,13.71,scenario_straight_heavy,val,development,0.25,29.44,-5.5950999999999995,0.20293333333333335,0.0,-36.81,3.0,1.0,False,5,40.0,0.3024,0.9813333333333334,
765,1i,150.0,7,3.1006,6,30.42,False,2,0.0,1.0,13.71,scenario_straight_heavy,val,development,0.25,29.42,-9.3029,0.2028,0.0,-3.34,3.0,6.0,False,10,46.66666666666667,520.9008,0.9806666666666667,
770,1i,150.0,4,3.7003,1,1.0,False,0,,,,scenario_straight_heavy,val,development,0.25,-12.72,-5.6030999999999995,0.006666666666666667,-2.0,,4.0,4.0,False,15,26.666666666666668,355.22880000000004,-0.42400000000000004,
775,1i,150.0,2,4.0487,1,1.0,False,0,,,,scenario_straight_heavy,val,development,0.25,-25.43,0.29280000000000017,0.006666666666666667,-2.0,,4.0,9.0,False,20,13.333333333333334,194.33760000000004,-0.8476666666666667,
780,1i,150.0,4,18.2248,1,1.0,False,0,,,,scenario_straight_heavy,val,development,0.25,-25.42,14.505799999999999,0.006666666666666667,-2.0,,4.0,14.0,False,25,26.666666666666668,1749.5808,-0.8473333333333334,
785,1i,150.0,4,11.3647,1,1.0,False,1,23.2502,385.1,385.1,scenario_straight_heavy,val,development,0.25,-25.42,9.8354,0.006666666666666667,-1.0,371.39000000000004,4.0,19.0,False,30,26.666666666666668,1091.0112000000001,-0.8473333333333334,
790,1i,150.0,2,0.0583,2,13.72,False,1,24.9917,263.83,263.83,scenario_straight_heavy,val,development,0.25,-16.72,0.0562,0.09146666666666667,-1.0,250.11999999999998,4.0,24.0,False,35,13.333333333333334,2.7984,-0.5573333333333333,
795,1i,150.0,3,7.9438,2,13.71,False,1,23.8313,142.33,142.33,scenario_straight_heavy,val,development,0.25,-16.71,4.8432,0.09140000000000001,-1.0,128.62,5.0,4.0,False,40,20.0,571.9536,-0.557,
800,1i,150.0,2,8.6818,0,0.0,False,1,14.1877,45.15,45.15,scenario_straight_heavy,val,development,0.25,-1.0,4.9815000000000005,0.0,1.0,,6.0,2.0,False,45,13.333333333333334,416.72640000000007,-0.03333333333333333,
805,1i,150.0,1,3.2134,0,0.0,False,1,3.2134,2.16,2.16,scenario_straight_heavy,val,development,0.25,-1.0,-0.8353000000000002,0.0,1.0,,7.0,1.0,False,50,6.666666666666667,77.12160000000002,-0.03333333333333333,
810,1i,150.0,2,12.0008,1,1.0,False,1,0.0005,1.0,1.0,scenario_straight_heavy,val,development,0.25,0.0,-6.223999999999998,0.006666666666666667,1.0,,7.0,6.0,False,55,13.333333333333334,576.0384,0.0,
815,1i,150.0,2,5.6148,1,1.0,False,2,11.6811,1.0,383.47,scenario_straight_heavy,val,development,0.25,0.0,-5.749899999999999,0.006666666666666667,1.0,-1.6299999999999955,0.0,4.0,True,,13.333333333333334,269.5104,0.0,
820,1i,150.0,2,0.036,2,8.01,False,2,11.8442,1.0,262.61,scenario_straight_heavy,val,development,0.25,-5.710000000000001,-0.0223,0.053399999999999996,1.0,-1.2199999999999704,0.0,9.0,True,,13.333333333333334,1.728,-0.19033333333333335,
825,1i,150.0,5,14.6624,2,8.0,False,2,11.7838,1.0,142.05,scenario_straight_heavy,val,development,0.25,-5.710000000000001,6.7185999999999995,0.05333333333333334,1.0,-0.28000000000000114,0.0,14.0,True,,33.333333333333336,1759.4880000000003,-0.19033333333333335,
830,1i,150.0,5,7.4508,2,8.0,False,2,6.9662,1.0,46.19,scenario_straight_heavy,val,development,0.25,8.0,-1.2310000000000008,0.05333333333333334,1.0,1.0399999999999991,0.0,19.0,True,,33.333333333333336,894.0960000000001,0.26666666666666666,
835,1i,150.0,5,0.7761,4,12.03,False,2,1.8715,1.0,1.95,scenario_straight_heavy,val,development,0.25,12.03,-2.4373,0.0802,1.0,-0.2100000000000002,0.0,24.0,True,,33.333333333333336,93.13200000000002,0.40099999999999997,
840,1i,150.0,6,3.9917,5,12.0,False,2,0.0001,1.0,1.0,scenario_straight_heavy,val,development,0.25,11.0,-8.0091,0.08,1.0,0.0,1.0,4.0,False,5,40.0,574.8048,0.36666666666666664,
845,1i,150.0,6,2.335,5,12.0,False,2,0.0,1.0,1.0,scenario_straight_heavy,val,development,0.25,11.0,-3.2798,0.08,0.0,-382.47,2.0,2.0,True,,40.0,336.24,0.36666666666666664,
850,1i,150.0,6,0.1935,5,12.0,False,2,0.0,1.0,1.0,scenario_straight_heavy,val,development,0.25,3.99,0.1575,0.08,0.0,-261.61,3.0,1.0,False,5,40.0,27.864,0.133,
855,1i,150.0,7,3.5366,6,16.0,False,2,0.0,1.0,1.0,scenario_straight_heavy,val,development,0.25,8.0,-11.1258,0.10666666666666667,0.0,-141.05,3.0,6.0,False,10,46.66666666666667,594.1488,0.26666666666666666,
860,1i,150.0,4,4.8051,1,1.0,False,1,26.471,375.31,375.31,scenario_straight_heavy,val,development,0.25,-7.0,-2.6456999999999997,0.006666666666666667,-1.0,329.12,4.0,4.0,False,15,26.666666666666668,461.28960000000006,-0.23333333333333334,
865,1i,150.0,1,0.0,1,1.0,False,1,26.0602,243.07,243.07,scenario_straight_heavy,val,development,0.25,-11.03,-0.7761,0.006666666666666667,-1.0,241.12,4.0,9.0,False,20,6.666666666666667,0.0,-0.36766666666666664,
870,1i,150.0,3,16.8819,1,1.0,False,1,25.4309,109.86,109.86,scenario_straight_heavy,val,development,0.25,-11.0,12.890200000000002,0.006666666666666667,-1.0,108.86,4.0,14.0,False,25,20.0,1215.4968000000001,-0.36666666666666664,
875,1i,150.0,4,11.2521,1,1.0,False,2,19.2909,23.96,376.63,scenario_straight_heavy,val,development,0.25,-11.0,8.917100000000001,0.006666666666666667,0.0,375.63,4.0,19.0,False,30,26.666666666666668,1080.2016,-0.36666666666666664,
880,1i,150.0,3,4.2325,2,5.03,False,2,13.6022,5.03,241.87,scenario_straight_heavy,val,development,0.25,-6.97,4.039,0.03353333333333333,0.0,240.87,4.0,24.0,False,35,20.0,304.74,-0.23233333333333334,
885,1i,150.0,4,6.8844,2,5.0,False,2,12.6295,5.0,110.33,scenario_straight_heavy,val,development,0.25,-11.0,3.3478000000000003,0.03333333333333333,0.0,109.33,5.0,4.0,False,40,26.666666666666668,660.9024000000001,-0.36666666666666664,
890,1i,150.0,2,6.3203,1,1.0,False,1,12.6406,24.66,24.66,scenario_straight_heavy,val,development,0.25,0.0,1.5151999999999992,0.006666666666666667,0.0,-350.65,6.0,2.0,False,45,13.333333333333334,303.37440000000004,0.0,
895,1i,150.0,2,0.4854,1,1.0,False,1,0.9709,1.12,1.12,scenario_straight_heavy,val,development,0.25,0.0,0.4854,0.006666666666666667,0.0,-241.95,7.0,1.0,False,50,13.333333333333334,23.299200000000003,0.0,
900,1i,150.0,3,8.2295,2,1.0,False,1,0.0012,1.0,1.0,scenario_straight_heavy,val,development,0.25,0.0,-8.652400000000002,0.006666666666666667,0.0,-108.86,7.0,6.0,False,55,20.0,592.524,0.0,
905,1i,150.0,3,4.0043,2,1.0,False,1,0.0,1.0,1.0,scenario_straight_heavy,val,development,0.25,0.0,-7.247800000000001,0.006666666666666667,-1.0,-375.63,0.0,4.0,True,,20.0,288.3096,0.0,
910,1i,150.0,3,0.0137,2,1.0,False,1,0.0,1.0,1.0,scenario_straight_heavy,val,development,0.25,-4.03,-4.2188,0.006666666666666667,-1.0,-240.87,0.0,9.0,True,,20.0,0.9864,-0.13433333333333333,
915,1i,150.0,5,9.7158,3,5.0,False,1,0.0,1.0,1.0,scenario_straight_heavy,val,development,0.25,0.0,2.8313999999999995,0.03333333333333333,-1.0,-109.33,0.0,14.0,True,,33.333333333333336,1165.8960000000002,0.0,
920,1i,150.0,6,6.2286,3,5.0,False,2,13.7343,1.0,374.16,scenario_straight_heavy,val,development,0.25,4.0,-0.09169999999999945,0.03333333333333333,1.0,349.5,0.0,19.0,True,,40.0,896.9184,0.13333333333333333,
925,1i,150.0,6,1.6991,5,15.05,False,2,13.2311,1.0,240.95,scenario_straight_heavy,val,development,0.25,14.05,1.2137,0.10033333333333334,1.0,239.82999999999998,0.0,24.0,True,,40.0,244.6704,0.4683333333333334,
930,1i,150.0,7,3.7516,5,15.04,False,2,10.1752,1.0,117.29,scenario_straight_heavy,val,development,0.25,14.04,-4.4779,0.10026666666666666,1.0,116.29,1.0,4.0,False,5,46.66666666666667,630.2688,0.46799999999999997,
935,1i,150.0,7,1.7222,5,15.04,False,2,5.3221,1.0,44.04,scenario_straight_heavy,val,development,0.25,14.04,-2.2821,0.10026666666666666,1.0,43.04,2.0,2.0,True,,46.66666666666667,289.3296,0.46799999999999997,
940,1i,150.0,7,0.1161,6,15.04,False,2,0.4062,1.0,23.1,scenario_straight_heavy,val,development,0.25,14.04,0.10239999999999999,0.10026666666666666,1.0,22.1,3.0,1.0,False,5,46.66666666666667,19.504800000000003,0.46799999999999997,
945,1i,150.0,8,2.8173,7,23.04,False,2,0.0003,1.0,23.04,scenario_straight_heavy,val,development,0.25,18.04,-6.8985,0.1536,1.0,22.04,3.0,6.0,False,10,53.333333333333336,540.9216,0.6013333333333333,
950,1i,150.0,5,3.2906,1,1.0,False,2,13.9764,21.13,375.72,scenario_straight_heavy,val,development,0.25,-4.0,-2.938,0.006666666666666667,0.0,1.5600000000000023,4.0,4.0,False,15,33.333333333333336,394.872,-0.13333333333333333,
955,1i,150.0,3,3.7352,1,1.0,False,2,15.8086,0.42,242.03,scenario_straight_heavy,val,development,0.25,-14.05,2.0361,0.006666666666666667,0.0,1.0800000000000125,4.0,9.0,False,20,20.0,268.9344,-0.4683333333333334,
960,1i,150.0,3,16.04,1,1.0,False,1,24.4761,109.07,109.07,scenario_straight_heavy,val,development,0.25,-14.04,12.2884,0.006666666666666667,-1.0,-8.220000000000013,4.0,14.0,False,25,20.0,1154.88,-0.46799999999999997,
965,1i,150.0,4,10.4742,1,1.0,False,2,17.6833,26.32,382.17,scenario_straight_heavy,val,development,0.25,-14.04,8.751999999999999,0.006666666666666667,0.0,338.13,4.0,19.0,False,30,26.666666666666668,1005.5232000000001,-0.46799999999999997,
970,1i,150.0,2,0.1272,1,1.0,False,2,12.1861,5.01,262.44,scenario_straight_heavy,val,development,0.25,-14.04,0.011100000000000013,0.006666666666666667,0.0,239.34,4.0,24.0,False,35,13.333333333333334,6.105600000000001,-0.46799999999999997,
975,1i,150.0,3,8.3098,2,5.0,False,2,12.4647,5.0,141.9,scenario_straight_heavy,val,development,0.25,-18.04,5.4925,0.03333333333333333,0.0,118.86000000000001,5.0,4.0,False,40,20.0,598.3056,-0.6013333333333333,
980,1i,150.0,1,15.0556,0,0.0,False,1,15.0556,41.09,41.09,scenario_straight_heavy,val,development,0.25,-1.0,11.765,0.0,-1.0,-334.63,6.0,2.0,False,45,6.666666666666667,361.3344,-0.03333333333333333,
985,1i,150.0,1,2.0282,0,0.0,False,1,2.0282,1.0,1.0,scenario_straight_heavy,val,development,0.25,-1.0,-1.7069999999999999,0.0,-1.0,-241.03,7.0,1.0,False,50,6.666666666666667,48.6768,-0.03333333333333333,
990,1i,150.0,1,0.0,1,1.0,False,1,0.0,1.0,1.0,scenario_straight_heavy,val,development,0.25,0.0,-16.04,0.006666666666666667,0.0,-108.07,7.0,6.0,False,55,6.666666666666667,0.0,0.0,
995,1i,150.0,2,7.3698,1,1.0,False,2,9.4671,1.0,399.65,scenario_straight_heavy,val,development,0.25,0.0,-3.1044,0.006666666666666667,0.0,17.47999999999996,0.0,4.0,True,,13.333333333333334,353.7504,0.0,
1000,1i,150.0,2,5.1198,1,1.0,False,2,9.4746,1.0,305.26,scenario_straight_heavy,val,development,0.25,0.0,4.9925999999999995,0.006666666666666667,0.0,42.81999999999999,0.0,9.0,True,,13.333333333333334,245.7504,0.0,
1005,1i,150.0,4,14.0641,1,1.0,False,2,9.6706,1.0,209.42,scenario_straight_heavy,val,development,0.25,-4.0,5.754300000000001,0.006666666666666667,0.0,67.51999999999998,0.0,14.0,True,,26.666666666666668,1350.1536,-0.13333333333333333,
1010,1i,150.0,5,9.4961,1,1.0,False,2,8.5961,1.0,118.32,scenario_straight_heavy,val,development,0.25,1.0,-5.5595,0.006666666666666667,1.0,77.22999999999999,0.0,19.0,True,,33.333333333333336,1139.5320000000002,0.03333333333333333,
1015,1i,150.0,5,2.6198,3,8.0,False,2,5.0046,1.0,53.59,scenario_straight_heavy,val,development,0.25,8.0,0.5916000000000001,0.05333333333333334,1.0,52.59,0.0,24.0,True,,33.333333333333336,314.37600000000003,0.26666666666666666,
1020,1i,150.0,6,4.0316,4,8.0,False,2,1.5196,1.0,23.99,scenario_straight_heavy,val,development,0.25,7.0,4.0316,0.05333333333333334,1.0,22.99,1.0,4.0,False,5,40.0,580.5504000000001,0.23333333333333334,
1025,1i,150.0,6,1.3258,5,22.04,False,3,6.3356,1.0,399.25,scenario_straight_heavy,val,development,0.25,21.04,-6.044,0.14693333333333333,1.0,-0.39999999999997726,2.0,2.0,True,,40.0,190.91520000000003,0.7013333333333333,
1030,1i,150.0,6,0.0714,6,34.86,False,3,6.2067,1.0,306.76,scenario_straight_heavy,val,development,0.25,33.86,-5.0484,0.2324,1.0,1.5,3.0,1.0,False,5,40.0,10.281600000000001,1.1286666666666667,
1035,1i,150.0,6,0.0,6,34.75,False,3,6.156,1.0,213.48,scenario_straight_heavy,val,development,0.25,33.75,-14.0641,0.23166666666666666,1.0,4.060000000000002,3.0,6.0,False,10,40.0,0.0,1.125,
1040,1i,150.0,4,5.0946,1,1.0,False,2,9.5942,16.59,122.6,scenario_straight_heavy,val,development,0.25,0.0,-4.4015,0.006666666666666667,0.0,4.280000000000001,4.0,4.0,False,15,26.666666666666668,489.08160000000004,0.0,
1045,1i,150.0,3,5.6745,1,1.0,False,1,11.4499,59.66,59.66,scenario_straight_heavy,val,development,0.25,-7.0,3.0547,0.006666666666666667,-1.0,6.069999999999993,4.0,9.0,False,20,20.0,408.564,-0.23333333333333334,
1050,1i,150.0,5,16.7108,1,1.0,False,1,10.7895,9.0,9.0,scenario_straight_heavy,val,development,0.25,-7.0,12.679199999999998,0.006666666666666667,-1.0,-14.989999999999998,4.0,14.0,False,25,33.333333333333336,2005.296,-0.23333333333333334,
1055,1i,150.0,4,9.6123,1,1.0,False,0,,,,scenario_straight_heavy,val,development,0.25,-21.04,8.2865,0.006666666666666667,-3.0,,4.0,19.0,False,30,26.666666666666668,922.7807999999999,-0.7013333333333333,
1060,1i,150.0,2,0.0194,2,5.0,False,0,,,,scenario_straight_heavy,val,development,0.25,-29.86,-0.052000000000000005,0.03333333333333333,-3.0,,4.0,24.0,False,35,13.333333333333334,0.9312,-0.9953333333333333,
1065,1i,150.0,3,8.4677,2,5.0,False,0,,,,scenario_straight_heavy,val,development,0.25,-29.75,8.4677,0.03333333333333333,-3.0,,5.0,4.0,False,40,20.0,609.6744,-0.9916666666666667,
1070,1i,150.0,1,12.0783,0,0.0,False,0,,,,scenario_straight_heavy,val,development,0.25,-1.0,6.983700000000001,0.0,-2.0,,6.0,2.0,False,45,6.666666666666667,289.8792,-0.03333333333333333,
1075,1i,150.0,1,0.0,0,0.0,False,0,,,,scenario_straight_heavy,val,development,0.25,-1.0,-5.6745,0.0,-1.0,,7.0,1.0,False,50,6.666666666666667,0.0,-0.03333333333333333,
1080,1i,150.0,2,12.6533,1,1.0,False,0,,,,scenario_straight_heavy,val,development,0.25,0.0,-4.057499999999999,0.006666666666666667,-1.0,,7.0,6.0,False,55,13.333333333333334,607.3584,0.0,
1085,1i,150.0,2,5.6533,1,1.0,False,1,23.6932,384.23,384.23,scenario_straight_heavy,val,development,0.25,0.0,-3.9589999999999996,0.006666666666666667,1.0,,0.0,4.0,True,,13.333333333333334,271.3584,0.0,
1090,1i,150.0,2,0.0374,2,5.04,False,1,23.3585,266.44,266.44,scenario_straight_heavy,val,development,0.25,0.040000000000000036,0.018000000000000002,0.0336,1.0,,0.0,9.0,True,,13.333333333333334,1.7952000000000001,0.0013333333333333346,
1095,1i,150.0,5,14.1205,2,5.0,False,1,23.4866,146.9,146.9,scenario_straight_heavy,val,development,0.25,0.0,5.652799999999999,0.03333333333333333,1.0,,0.0,14.0,True,,33.333333333333336,1694.4600000000003,0.0,
1100,1i,150.0,5,9.3509,2,5.0,False,1,15.4397,46.14,46.14,scenario_straight_heavy,val,development,0.25,5.0,-2.727400000000001,0.03333333333333333,1.0,,0.0,19.0,True,,33.333333333333336,1122.1080000000002,0.16666666666666666,
1105,1i,150.0,5,1.2267,2,5.0,False,1,2.227,9.34,9.34,scenario_straight_heavy,val,development,0.25,5.0,1.2267,0.03333333333333333,1.0,,0.0,24.0,True,,33.333333333333336,147.20399999999998,0.16666666666666666,
1110,1i,150.0,6,3.9537,5,9.0,False,1,0.005,9.0,9.0,scenario_straight_heavy,val,development,0.25,8.0,-8.6996,0.06,1.0,,1.0,4.0,False,5,40.0,569.3328,0.26666666666666666,
1115,1i,150.0,6,1.8034,5,9.0,False,2,9.4275,9.0,396.78,scenario_straight_heavy,val,development,0.25,8.0,-3.8499,0.06,1.0,12.549999999999955,2.0,2.0,True,,40.0,259.6896,0.26666666666666666,
1120,1i,150.0,6,0.0426,6,16.26,False,2,9.6806,9.0,301.2,scenario_straight_heavy,val,development,0.25,11.220000000000002,0.005199999999999996,0.10840000000000001,1.0,34.75999999999999,3.0,1.0,False,5,40.0,6.134399999999999,0.37400000000000005,
1125,1i,150.0,6,0.0,6,16.0,False,2,9.3102,9.0,205.87,scenario_straight_heavy,val,development,0.25,11.0,-14.1205,0.10666666666666667,1.0,58.97,3.0,6.0,False,10,40.0,0.0,0.36666666666666664,
1130,1i,150.0,4,5.2148,1,1.0,False,2,9.48,1.02,126.27,scenario_straight_heavy,val,development,0.25,-4.0,-4.136099999999999,0.006666666666666667,1.0,80.13,4.0,4.0,False,15,26.666666666666668,500.6208000000001,-0.13333333333333333,
1135,1i,150.0,2,6.5175,1,1.0,False,1,13.035,61.74,61.74,scenario_straight_heavy,val,development,0.25,-4.0,5.2908,0.006666666666666667,0.0,52.400000000000006,4.0,9.0,False,20,13.333333333333334,312.84000000000003,-0.13333333333333333,
1140,1i,150.0,2,12.1941,1,1.0,False,0,,,,scenario_straight_heavy,val,development,0.25,-8.0,8.240400000000001,0.006666666666666667,-1.0,,4.0,14.0,False,25,13.333333333333334,585.3168000000001,-0.26666666666666666,
1145,1i,150.0,4,12.8194,1,1.0,False,0,,,,scenario_straight_heavy,val,development,0.25,-8.0,11.016,0.006666666666666667,-2.0,,4.0,19.0,False,30,26.666666666666668,1230.6624,-0.26666666666666666,
1150,1i,150.0,3,9.2226,1,1.0,False,0,,,,scenario_straight_heavy,val,development,0.25,-15.260000000000002,9.18,0.006666666666666667,-2.0,,4.0,24.0,False,35,20.0,664.0272,-0.5086666666666667,
1155,1i,150.0,2,2.0983,1,1.0,False,0,,,,scenario_straight_heavy,val,development,0.25,-15.0,2.0983,0.006666666666666667,-2.0,,5.0,4.0,False,40,13.333333333333334,100.7184,-0.5,
1160,1i,150.0,2,10.1195,0,0.0,False,0,,,,scenario_straight_heavy,val,development,0.25,-1.0,4.9047,0.0,-2.0,,6.0,2.0,False,45,13.333333333333334,485.736,-0.03333333333333333,
1165,1i,150.0,1,15.957,0,0.0,False,0,,,,scenario_straight_heavy,val,development,0.25,-1.0,9.4395,0.0,-1.0,,7.0,1.0,False,50,6.666666666666667,382.9680000000001,-0.03333333333333333,
1170,1i,150.0,2,11.9491,0,0.0,False,0,,,,scenario_straight_heavy,val,development,0.25,-1.0,-0.245000000000001,0.0,0.0,,7.0,6.0,False,55,13.333333333333334,573.5568,-0.03333333333333333,
1175,1i,150.0,2,5.2676,1,1.0,False,0,,,,scenario_straight_heavy,val,development,0.25,0.0,-7.5518,0.006666666666666667,0.0,,0.0,4.0,True,,13.333333333333334,252.84480000000002,0.0,
1180,1i,150.0,2,0.0072,2,15.05,False,0,,,,scenario_straight_heavy,val,development,0.25,14.05,-9.2154,0.10033333333333334,0.0,,0.0,9.0,True,,13.333333333333334,0.3456,0.4683333333333334,
1185,1i,150.0,5,14.3823,2,15.04,False,0,,,,scenario_straight_heavy,val,development,0.25,14.04,12.284,0.10026666666666666,0.0,,0.0,14.0,True,,33.333333333333336,1725.8760000000004,0.46799999999999997,
1190,1i,150.0,5,7.1287,2,15.04,False,0,,,,scenario_straight_heavy,val,development,0.25,15.04,-2.9908,0.10026666666666666,0.0,,0.0,19.0,True,,33.333333333333336,855.4440000000002,0.5013333333333333,
1195,1i,150.0,5,0.0282,4,19.09,False,0,,,,scenario_straight_heavy,val,development,0.25,19.09,-15.9288,0.12726666666666667,0.0,,0.0,24.0,True,,33.333333333333336,3.3840000000000003,0.6363333333333333,
1200,1i,150.0,6,3.8459,5,19.04,False,0,,,,scenario_straight_heavy,val,development,0.25,19.04,-8.1032,0.12693333333333331,0.0,,1.0,4.0,False,5,40.0,553.8096,0.6346666666666666,
1205,1i,150.0,6,1.5552,5,19.04,False,0,,,,scenario_straight_heavy,val,development,0.25,18.04,-3.7123999999999997,0.12693333333333331,0.0,,2.0,2.0,True,,40.0,223.9488,0.6013333333333333,
1210,1i,150.0,6,0.0032,6,23.05,False,0,,,,scenario_straight_heavy,val,development,0.25,8.0,-0.004,0.15366666666666667,0.0,,3.0,1.0,False,5,40.0,0.46080000000000004,0.26666666666666666,
1215,1i,150.0,6,0.0,6,23.04,False,0,,,,scenario_straight_heavy,val,development,0.25,8.0,-14.3823,0.1536,0.0,,3.0,6.0,False,10,40.0,0.0,0.26666666666666666,
1220,1i,150.0,5,4.0409,2,21.78,False,0,,,,scenario_straight_heavy,val,development,0.25,6.740000000000002,-3.0878000000000005,0.1452,0.0,,4.0,4.0,False,15,33.333333333333336,484.908,0.22466666666666674,
1225,1i,150.0,3,5.23,1,1.0,False,0,,,,scenario_straight_heavy,val,development,0.25,-18.09,5.2018,0.006666666666666667,0.0,,4.0,9.0,False,20,20.0,376.56000000000006,-0.603,
1230,1i,150.0,2,4.7561,1,1.0,False,0,,,,scenario_straight_heavy,val,development,0.25,-18.04,0.9102000000000001,0.006666666666666667,0.0,,4.0,14.0,False,25,13.333333333333334,228.29280000000003,-0.6013333333333333,
1235,1i,150.0,4,12.4108,1,1.0,False,0,,,,scenario_straight_heavy,val,development,0.25,-18.04,10.8556,0.006666666666666667,0.0,,4.0,19.0,False,30,26.666666666666668,1191.4368,-0.6013333333333333,
1240,1i,150.0,4,10.5188,1,1.0,False,0,,,,scenario_straight_heavy,val,development,0.25,-22.05,10.515600000000001,0.006666666666666667,0.0,,4.0,24.0,False,35,26.666666666666668,1009.8048,-0.735,
1245,1i,150.0,4,3.2343,1,1.0,False,0,,,,scenario_straight_heavy,val,development,0.25,-22.04,3.2343,0.006666666666666667,0.0,,5.0,4.0,False,40,26.666666666666668,310.49280000000005,-0.7346666666666667,
1250,1i,150.0,4,4.7065,2,1.0,False,0,,,,scenario_straight_heavy,val,development,0.25,-20.78,0.6656000000000004,0.006666666666666667,0.0,,6.0,2.0,False,45,26.666666666666668,451.824,-0.6926666666666667,
1255,1i,150.0,3,3.4762,2,1.0,False,0,,,,scenario_straight_heavy,val,development,0.25,0.0,-1.7538000000000005,0.006666666666666667,0.0,,7.0,1.0,False,50,20.0,250.2864,0.0,
1260,1i,150.0,3,1.9871,2,1.0,False,0,,,,scenario_straight_heavy,val,development,0.25,0.0,-2.769,0.006666666666666667,0.0,,7.0,6.0,False,55,20.0,143.0712,0.0,
1265,1i,150.0,4,3.9227,2,1.0,False,0,,,,scenario_straight_heavy,val,development,0.25,0.0,-8.4881,0.006666666666666667,0.0,,0.0,4.0,True,,26.666666666666668,376.5792,0.0,
1270,1i,150.0,4,2.4493,3,8.0,False,0,,,,scenario_straight_heavy,val,development,0.25,7.0,-8.069500000000001,0.05333333333333334,0.0,,0.0,9.0,True,,26.666666666666668,235.1328,0.23333333333333334,
1275,1i,150.0,7,10.2278,3,8.0,False,0,,,,scenario_straight_heavy,val,development,0.25,7.0,6.9935,0.05333333333333334,0.0,,0.0,14.0,True,,46.66666666666667,1718.2704000000003,0.23333333333333334,
1280,1i,150.0,7,5.5927,3,8.0,False,0,,,,scenario_straight_heavy,val,development,0.25,7.0,0.8861999999999997,0.05333333333333334,0.0,,0.0,19.0,True,,46.66666666666667,939.5736,0.23333333333333334,
1285,1i,150.0,7,0.1803,5,36.09,False,0,,,,scenario_straight_heavy,val,development,0.25,35.09,-3.2959,0.24060000000000004,0.0,,0.0,24.0,True,,46.66666666666667,30.2904,1.1696666666666669,
1290,1i,150.0,8,2.7373,7,36.08,False,0,,,,scenario_straight_heavy,val,development,0.25,35.08,0.7501999999999998,0.24053333333333332,0.0,,1.0,4.0,False,5,53.333333333333336,525.5616,1.1693333333333333,
1295,1i,150.0,8,1.0218,7,36.08,False,1,19.1166,399.29,399.29,scenario_straight_heavy,val,development,0.25,35.08,-2.9009,0.24053333333333332,1.0,,2.0,2.0,True,,53.333333333333336,196.18560000000002,1.1693333333333333,
1300,1i,150.0,8,0.0058,8,40.09,False,1,18.8625,305.77,305.77,scenario_straight_heavy,val,development,0.25,32.09,-2.4435000000000002,0.2672666666666667,1.0,,3.0,1.0,False,5,53.333333333333336,1.1136,1.0696666666666668,
1305,1i,150.0,8,0.0,8,40.09,False,1,18.6859,210.88,210.88,scenario_straight_heavy,val,development,0.25,32.09,-10.2278,0.2672666666666667,1.0,,3.0,6.0,False,10,53.333333333333336,0.0,1.0696666666666668,
1310,1i,150.0,5,3.9034,2,39.67,False,2,20.2219,121.59,384.95,scenario_straight_heavy,val,development,0.25,31.67,-1.6892999999999998,0.2644666666666667,2.0,,4.0,4.0,False,15,33.333333333333336,468.408,1.0556666666666668,
1315,1i,150.0,4,4.9442,1,1.0,False,2,14.8756,63.7,277.36,scenario_straight_heavy,val,development,0.25,-35.09,4.7639000000000005,0.006666666666666667,2.0,,4.0,9.0,False,20,26.666666666666668,474.6432000000001,-1.1696666666666669,
1320,1i,150.0,4,14.2388,1,1.0,False,2,15.6841,20.35,166.73,scenario_straight_heavy,val,development,0.25,-35.08,11.5015,0.006666666666666667,2.0,,4.0,14.0,False,25,26.666666666666668,1366.9248,-1.1693333333333333,
1325,1i,150.0,4,12.5585,1,1.0,False,1,18.1597,62.24,62.24,scenario_straight_heavy,val,development,0.25,-35.08,11.5367,0.006666666666666667,0.0,-337.05,4.0,19.0,False,30,26.666666666666668,1205.616,-1.1693333333333333,
1330,1i,150.0,2,0.5029,1,1.0,False,0,,,,scenario_straight_heavy,val,development,0.25,-39.09,0.4971,0.006666666666666667,-1.0,,4.0,24.0,False,35,13.333333333333334,24.139200000000002,-1.3030000000000002,
1335,1i,150.0,3,8.2663,2,8.0,False,0,,,,scenario_straight_heavy,val,development,0.25,-32.09,8.2663,0.05333333333333334,-1.0,,5.0,4.0,False,40,20.0,595.1736,-1.0696666666666668,
1340,1i,150.0,2,9.3255,0,0.0,False,1,26.439,377.78,377.78,scenario_straight_heavy,val,development,0.25,-39.67,5.4221,0.0,-1.0,-7.170000000000016,6.0,2.0,False,45,13.333333333333334,447.6240000000001,-1.3223333333333334,
1345,1i,150.0,1,2.8148,0,0.0,False,1,26.5077,242.9,242.9,scenario_straight_heavy,val,development,0.25,-1.0,-2.1294000000000004,0.0,-1.0,-34.46000000000001,7.0,1.0,False,50,6.666666666666667,67.55520000000001,-0.03333333333333333,
1350,1i,150.0,2,12.1837,1,1.0,False,1,24.3646,111.72,111.72,scenario_straight_heavy,val,development,0.25,0.0,-2.0550999999999995,0.006666666666666667,-1.0,-55.00999999999999,7.0,6.0,False,55,13.333333333333334,584.8176,0.0,
1355,1i,150.0,2,5.6198,1,1.0,False,2,17.6216,27.52,383.95,scenario_straight_heavy,val,development,0.25,0.0,-6.938700000000001,0.006666666666666667,1.0,321.71,0.0,4.0,True,,13.333333333333334,269.7504,0.0,
1360,1i,150.0,2,0.0348,1,1.0,False,2,11.9535,8.01,263.45,scenario_straight_heavy,val,development,0.25,0.0,-0.4681,0.006666666666666667,2.0,,0.0,9.0,True,,13.333333333333334,1.6704,0.0,
1365,1i,150.0,5,15.0824,2,8.0,False,2,12.2427,8.0,142.45,scenario_straight_heavy,val,development,0.25,0.0,6.8161000000000005,0.05333333333333334,2.0,,0.0,14.0,True,,33.333333333333336,1809.8880000000001,0.0,
1370,1i,150.0,5,7.7535,2,8.0,False,2,8.1741,8.0,44.84,scenario_straight_heavy,val,development,0.25,8.0,-1.572,0.05333333333333334,1.0,-332.93999999999994,0.0,19.0,True,,33.333333333333336,930.4200000000001,0.26666666666666666,
1375,1i,150.0,5,0.6526,4,12.08,False,2,1.5089,1.75,8.0,scenario_straight_heavy,val,development,0.25,12.08,-2.1622,0.08053333333333333,1.0,-234.9,0.0,24.0,True,,33.333333333333336,78.312,0.4026666666666667,
1380,1i,150.0,6,4.0183,5,12.0,False,2,0.0019,1.0,8.0,scenario_straight_heavy,val,development,0.25,11.0,-8.1654,0.08,1.0,-103.72,1.0,4.0,False,5,40.0,578.6352,0.36666666666666664,
1385,1i,150.0,6,1.6843,5,12.0,False,3,7.7972,1.0,386.09,scenario_straight_heavy,val,development,0.25,11.0,-3.9354999999999998,0.08,1.0,2.1399999999999864,2.0,2.0,True,,40.0,242.5392,0.36666666666666664,
1390,1i,150.0,6,0.0131,6,16.01,False,3,7.9089,1.0,266.07,scenario_straight_heavy,val,development,0.25,15.010000000000002,-0.021699999999999997,0.10673333333333335,1.0,2.6200000000000045,3.0,1.0,False,5,40.0,1.8864,0.5003333333333334,
1395,1i,150.0,7,3.3488,6,16.0,False,3,7.8138,1.0,146.21,scenario_straight_heavy,val,development,0.25,8.0,-11.7336,0.10666666666666667,1.0,3.7600000000000193,3.0,6.0,False,10,46.66666666666667,562.5984000000001,0.26666666666666666,
1400,1i,150.0,3,5.8094,1,1.0,False,2,16.0364,49.79,399.36,scenario_straight_heavy,val,development,0.25,-7.0,-1.9440999999999997,0.006666666666666667,0.0,354.52,4.0,4.0,False,15,20.0,418.2768,-0.23333333333333334,
1405,1i,150.0,1,0.0,1,1.0,False,1,18.4549,305.61,305.61,scenario_straight_heavy,val,development,0.25,-11.08,-0.6526,0.006666666666666667,-1.0,297.61,4.0,9.0,False,20,6.666666666666667,0.0,-0.36933333333333335,
1410,1i,150.0,3,16.5916,1,1.0,False,1,19.3161,211.75,211.75,scenario_straight_heavy,val,development,0.25,-11.0,12.5733,0.006666666666666667,-1.0,203.75,4.0,14.0,False,25,20.0,1194.5952,-0.36666666666666664,
1415,1i,150.0,4,11.8018,1,1.0,False,1,18.2988,116.68,116.68,scenario_straight_heavy,val,development,0.25,-11.0,10.1175,0.006666666666666667,-2.0,-269.40999999999997,4.0,19.0,False,30,26.666666666666668,1132.9728,-0.36666666666666664,
1420,1i,150.0,3,6.5882,1,1.0,False,1,17.7723,32.56,32.56,scenario_straight_heavy,val,development,0.25,-15.010000000000002,6.5751,0.006666666666666667,-2.0,-233.51,4.0,24.0,False,35,20.0,474.35040000000004,-0.5003333333333334,
1425,1i,150.0,2,0.0,2,5.0,False,0,,,,scenario_straight_heavy,val,development,0.25,-11.0,-3.3488,0.03333333333333333,-3.0,,5.0,4.0,False,40,13.333333333333334,0.0,-0.36666666666666664,
1430,1i,150.0,1,16.2932,0,0.0,False,0,,,,scenario_straight_heavy,val,development,0.25,-1.0,10.483799999999999,0.0,-2.0,,6.0,2.0,False,45,6.666666666666667,391.03679999999997,-0.03333333333333333,
1435,1i,150.0,1,15.3094,0,0.0,False,0,,,,scenario_straight_heavy,val,development,0.25,-1.0,15.3094,0.0,-1.0,,7.0,1.0,False,50,6.666666666666667,367.42560000000003,-0.03333333333333333,
1440,1i,150.0,2,12.3803,0,0.0,False,0,,,,scenario_straight_heavy,val,development,0.25,-1.0,-4.2113,0.0,-1.0,,7.0,6.0,False,55,13.333333333333334,594.2544,-0.03333333333333333,
1445,1i,150.0,2,5.2131,1,1.0,False,0,,,,scenario_straight_heavy,val,development,0.25,0.0,-6.5887,0.006666666666666667,-1.0,,0.0,4.0,True,,13.333333333333334,250.2288,0.0,
1450,1i,150.0,2,0.0,2,15.04,False,0,,,,scenario_straight_heavy,val,development,0.25,14.04,-6.5882,0.10026666666666666,-1.0,,0.0,9.0,True,,13.333333333333334,0.0,0.46799999999999997,
1455,1i,150.0,4,11.8173,2,15.04,False,0,,,,scenario_straight_heavy,val,development,0.25,10.04,11.8173,0.10026666666666666,0.0,,0.0,14.0,True,,26.666666666666668,1134.4608,0.3346666666666666,
1460,1i,150.0,5,9.7223,2,15.04,False,0,,,,scenario_straight_heavy,val,development,0.25,15.04,-6.570899999999998,0.10026666666666666,0.0,,0.0,19.0,True,,33.333333333333336,1166.6760000000002,0.5013333333333333,
1465,1i,150.0,5,3.6885,2,15.04,False,0,,,,scenario_straight_heavy,val,development,0.25,15.04,-11.6209,0.10026666666666666,0.0,,0.0,24.0,True,,33.333333333333336,442.62,0.5013333333333333,
1470,1i,150.0,6,3.6828,4,19.04,False,0,,,,scenario_straight_heavy,val,development,0.25,19.04,-8.6975,0.12693333333333331,0.0,,1.0,4.0,False,5,40.0,530.3232,0.6346666666666666,
1475,1i,150.0,6,1.6312,5,19.04,False,0,,,,scenario_straight_heavy,val,development,0.25,18.04,-3.5819,0.12693333333333331,0.0,,2.0,2.0,True,,40.0,234.89280000000002,0.6013333333333333,
1480,1i,150.0,6,0.0185,6,26.1,False,0,,,,scenario_straight_heavy,val,development,0.25,11.060000000000002,0.0185,0.17400000000000002,0.0,,3.0,1.0,False,5,40.0,2.6639999999999997,0.36866666666666675,
1485,1i,150.0,6,0.0,6,26.04,False,0,,,,scenario_straight_heavy,val,development,0.25,11.0,-11.8173,0.1736,0.0,,3.0,6.0,False,10,40.0,0.0,0.36666666666666664,
1490,1i,150.0,5,4.7134,2,24.98,False,1,27.32,379.37,379.37,scenario_straight_heavy,val,development,0.25,9.940000000000001,-5.008900000000001,0.16653333333333334,1.0,,4.0,4.0,False,15,33.333333333333336,565.6080000000001,0.33133333333333337,
1495,1i,150.0,3,5.5035,1,1.0,False,1,26.982,245.38,245.38,scenario_straight_heavy,val,development,0.25,-14.04,1.815,0.006666666666666667,1.0,,4.0,9.0,False,20,20.0,396.252,-0.46799999999999997,
1500,1i,150.0,4,15.3451,1,1.0,False,1,25.4473,111.81,111.81,scenario_straight_heavy,val,development,0.25,-18.04,11.6623,0.006666666666666667,1.0,,4.0,14.0,False,25,26.666666666666668,1473.1296000000002,-0.6013333333333333,
1505,1i,150.0,4,10.9845,1,1.0,False,1,14.2319,16.1,16.1,scenario_straight_heavy,val,development,0.25,-18.04,9.3533,0.006666666666666667,1.0,,4.0,19.0,False,30,26.666666666666668,1054.5120000000002,-0.6013333333333333,
1510,1i,150.0,3,5.9683,2,8.09,False,0,,,,scenario_straight_heavy,val,development,0.25,-18.01,5.9498,0.05393333333333333,0.0,,4.0,24.0,False,35,20.0,429.71760000000006,-0.6003333333333334,
1515,1i,150.0,3,7.821,2,8.0,False,0,,,,scenario_straight_heavy,val,development,0.25,-18.04,7.821,0.05333333333333334,0.0,,5.0,4.0,False,40,20.0,563.112,-0.6013333333333333,
1520,1i,150.0,2,9.4129,0,0.0,False,0,,,,scenario_straight_heavy,val,development,0.25,-24.98,4.6995000000000005,0.0,-1.0,,6.0,2.0,False,45,13.333333333333334,451.8192,-0.8326666666666667,
1525,1i,150.0,1,2.9846,0,0.0,False,0,,,,scenario_straight_heavy,val,development,0.25,-1.0,-2.5189,0.0,-1.0,,7.0,1.0,False,50,6.666666666666667,71.63040000000001,-0.03333333333333333,
1530,1i,150.0,2,12.413,1,1.0,False,0,,,,scenario_straight_heavy,val,development,0.25,0.0,-2.9321,0.006666666666666667,-1.0,,7.0,6.0,False,55,13.333333333333334,595.8240000000001,0.0,
1535,1i,150.0,2,5.409,1,1.0,False,2,26.7957,375.46,376.72,scenario_straight_heavy,val,development,0.25,0.0,-5.575500000000001,0.006666666666666667,1.0,360.62,0.0,4.0,True,,13.333333333333334,259.632,0.0,
1540,1i,150.0,2,0.0491,1,1.0,False,2,26.3583,242.44,243.79,scenario_straight_heavy,val,development,0.25,-7.09,-5.9192,0.006666666666666667,2.0,,0.0,9.0,True,,13.333333333333334,2.3568000000000002,-0.23633333333333334,
1545,1i,150.0,5,15.0729,2,8.0,False,2,24.5773,109.71,112.61,scenario_straight_heavy,val,development,0.25,0.0,7.251900000000001,0.05333333333333334,2.0,,0.0,14.0,True,,33.333333333333336,1808.7480000000003,0.0,
1550,1i,150.0,5,7.0637,2,8.0,False,2,11.8391,23.95,30.47,scenario_straight_heavy,val,development,0.25,8.0,-2.3492000000000006,0.05333333333333334,2.0,,0.0,19.0,True,,33.333333333333336,847.6440000000001,0.26666666666666666,
1555,1i,150.0,5,0.1115,4,12.26,False,2,0.2787,1.03,12.26,scenario_straight_heavy,val,development,0.25,12.26,-2.8731,0.08173333333333334,2.0,,0.0,24.0,True,,33.333333333333336,13.380000000000003,0.4086666666666667,
1560,1i,150.0,6,3.8525,5,12.0,False,2,0.0001,1.0,12.0,scenario_straight_heavy,val,development,0.25,11.0,-8.560500000000001,0.08,2.0,,1.0,4.0,False,5,40.0,554.76,0.36666666666666664,
1565,1i,150.0,6,1.7225,5,12.0,False,2,0.0,1.0,12.0,scenario_straight_heavy,val,development,0.25,11.0,-3.6864999999999997,0.08,0.0,-364.72,2.0,2.0,True,,40.0,248.04,0.36666666666666664,
1570,1i,150.0,6,0.0111,6,16.01,False,2,0.0,1.0,12.0,scenario_straight_heavy,val,development,0.25,15.010000000000002,-0.038,0.10673333333333335,0.0,-231.79,3.0,1.0,False,5,40.0,1.5984,0.5003333333333334,
1575,1i,150.0,7,3.2993,6,16.0,False,2,0.0,1.0,12.0,scenario_straight_heavy,val,development,0.25,8.0,-11.7736,0.10666666666666667,0.0,-100.61,3.0,6.0,False,10,46.66666666666667,554.2824,0.26666666666666666,
1580,1i,150.0,4,5.0961,1,1.0,False,2,16.4813,0.36,376.24,scenario_straight_heavy,val,development,0.25,-7.0,-1.9676,0.006666666666666667,0.0,345.77,4.0,4.0,False,15,26.666666666666668,489.22560000000004,-0.23333333333333334,
1585,1i,150.0,1,0.0,1,1.0,False,1,26.5393,242.17,242.17,scenario_straight_heavy,val,development,0.25,-11.26,-0.1115,0.006666666666666667,-1.0,229.91,4.0,9.0,False,20,6.666666666666667,0.0,-0.37533333333333335,
1590,1i,150.0,3,16.2948,1,1.0,False,1,24.9468,108.94,108.94,scenario_straight_heavy,val,development,0.25,-11.0,12.4423,0.006666666666666667,-1.0,96.94,4.0,14.0,False,25,20.0,1173.2256,-0.36666666666666664,
1595,1i,150.0,4,10.5496,1,1.0,False,1,11.363,24.7,24.7,scenario_straight_heavy,val,development,0.25,-11.0,8.8271,0.006666666666666667,-1.0,12.7,4.0,19.0,False,30,26.666666666666668,1012.7616,-0.36666666666666664,
1600,1i,150.0,3,4.0783,1,1.0,False,1,0.2464,5.17,5.17,scenario_straight_heavy,val,development,0.25,-15.010000000000002,4.0672,0.006666666666666667,-1.0,-6.83,4.0,24.0,False,35,20.0,293.6376,-0.5003333333333334,
1605,1i,150.0,3,1.2052,2,5.0,False,1,0.0002,5.0,5.0,scenario_straight_heavy,val,development,0.25,-11.0,-2.0941,0.03333333333333333,-1.0,-7.0,5.0,4.0,False,40,20.0,86.77440000000001,-0.36666666666666664,
1610,1i,150.0,2,9.602,1,1.0,False,0,,,,scenario_straight_heavy,val,development,0.25,0.0,4.5059000000000005,0.006666666666666667,-2.0,,6.0,2.0,False,45,13.333333333333334,460.896,0.0,
1615,1i,150.0,2,7.4543,1,1.0,False,0,,,,scenario_straight_heavy,val,development,0.25,0.0,7.4543,0.006666666666666667,-1.0,,7.0,1.0,False,50,13.333333333333334,357.8064,0.0,
1620,1i,150.0,3,8.0294,1,1.0,False,0,,,,scenario_straight_heavy,val,development,0.25,0.0,-8.265399999999998,0.006666666666666667,-1.0,,7.0,6.0,False,55,20.0,578.1168000000001,0.0,
1625,1i,150.0,3,4.7644,2,1.0,False,2,26.7383,374.89,375.81,scenario_straight_heavy,val,development,0.25,0.0,-5.7852,0.006666666666666667,1.0,351.11,0.0,4.0,True,,20.0,343.03679999999997,0.0,
1630,1i,150.0,3,0.194,2,1.0,False,2,27.1236,241.75,242.38,scenario_straight_heavy,val,development,0.25,0.0,-3.8842999999999996,0.006666666666666667,1.0,237.21,0.0,9.0,True,,20.0,13.968,0.0,
1635,1i,150.0,6,12.3588,3,13.71,False,2,25.1097,109.06,111.99,scenario_straight_heavy,val,development,0.25,8.71,11.1536,0.09140000000000001,1.0,106.99,0.0,14.0,True,,40.0,1779.6672,0.2903333333333334,
1640,1i,150.0,6,5.3865,3,13.71,False,3,15.4379,19.06,382.02,scenario_straight_heavy,val,development,0.25,12.71,-4.2155000000000005,0.09140000000000001,3.0,,0.0,19.0,True,,40.0,775.6560000000001,0.4236666666666667,
1645,1i,150.0,6,0.0732,5,20.92,False,3,8.1953,1.0,262.16,scenario_straight_heavy,val,development,0.25,19.92,-7.3811,0.13946666666666668,3.0,,0.0,24.0,True,,40.0,10.5408,0.664,
1650,1i,150.0,7,3.5612,6,20.71,False,3,8.3093,1.0,142.12,scenario_straight_heavy,val,development,0.25,19.71,-4.468200000000001,0.13806666666666667,3.0,,1.0,4.0,False,5,46.66666666666667,598.2816000000001,0.657,
1655,1i,150.0,7,1.9057,6,20.71,False,4,8.0845,1.0,396.88,scenario_straight_heavy,val,development,0.25,19.71,-2.8587000000000002,0.13806666666666667,2.0,21.069999999999993,2.0,2.0,True,,46.66666666666667,320.15760000000006,0.657,
1660,1i,150.0,7,0.0432,6,20.71,False,4,4.8214,1.0,301.27,scenario_straight_heavy,val,development,0.25,19.71,-0.1508,0.13806666666666667,2.0,58.889999999999986,3.0,1.0,False,5,46.66666666666667,7.257600000000002,0.657,
1665,1i,150.0,7,0.0001,7,24.71,False,4,4.5482,1.0,206.64,scenario_straight_heavy,val,development,0.25,11.0,-12.3587,0.16473333333333334,2.0,94.64999999999999,3.0,6.0,False,10,46.66666666666667,0.016800000000000002,0.36666666666666664,
1670,1i,150.0,5,4.2408,1,1.0,False,4,4.5456,1.0,129.18,scenario_straight_heavy,val,development,0.25,-12.71,-1.1456999999999997,0.006666666666666667,1.0,-252.83999999999997,4.0,4.0,False,15,33.333333333333336,508.8960000000001,-0.4236666666666667,
1675,1i,150.0,2,5.9965,1,1.0,False,2,5.9965,1.0,69.46,scenario_straight_heavy,val,development,0.25,-19.92,5.9233,0.006666666666666667,-1.0,-192.70000000000005,4.0,9.0,False,20,13.333333333333334,287.83200000000005,-0.664,
1680,1i,150.0,5,18.4144,1,1.0,False,2,7.2991,1.0,2.14,scenario_straight_heavy,val,development,0.25,-19.71,14.853200000000001,0.006666666666666667,-1.0,-139.98000000000002,4.0,14.0,False,25,33.333333333333336,2209.7280000000005,-0.657,
1685,1i,150.0,4,10.9341,1,1.0,False,1,0.0,1.0,1.0,scenario_straight_heavy,val,development,0.25,-19.71,9.028400000000001,0.006666666666666667,-3.0,-395.88,4.0,19.0,False,30,26.666666666666668,1049.6736,-0.657,
1690,1i,150.0,2,0.047,2,5.06,False,1,0.0,1.0,1.0,scenario_straight_heavy,val,development,0.25,-15.650000000000002,0.003799999999999998,0.03373333333333333,-3.0,-300.27,4.0,24.0,False,35,13.333333333333334,2.2560000000000002,-0.5216666666666667,
1695,1i,150.0,2,0.0,2,5.0,False,1,0.0,1.0,1.0,scenario_straight_heavy,val,development,0.25,-19.71,-0.0001,0.03333333333333333,-3.0,-205.64,5.0,4.0,False,40,13.333333333333334,0.0,-0.657,
1700,1i,150.0,1,16.7612,0,0.0,False,1,26.1734,375.63,375.63,scenario_straight_heavy,val,development,0.25,-1.0,12.520399999999999,0.0,-3.0,246.45,6.0,2.0,False,45,6.666666666666667,402.2688,-0.03333333333333333,
1705,1i,150.0,1,15.6998,0,0.0,False,1,26.0408,242.37,242.37,scenario_straight_heavy,val,development,0.25,-1.0,9.703299999999999,0.0,-1.0,172.91000000000003,7.0,1.0,False,50,6.666666666666667,376.7952,-0.03333333333333333,
1710,1i,150.0,2,12.1501,0,0.0,False,1,23.6003,111.55,111.55,scenario_straight_heavy,val,development,0.25,-1.0,-6.2643,0.0,-1.0,109.41,7.0,6.0,False,55,13.333333333333334,583.2048000000001,-0.03333333333333333,
1715,1i,150.0,2,5.258,1,1.0,False,1,10.516,31.81,31.81,scenario_straight_heavy,val,development,0.25,0.0,-5.676100000000001,0.006666666666666667,0.0,30.81,0.0,4.0,True,,13.333333333333334,252.384,0.0,
1720,1i,150.0,2,0.1173,1,1.0,False,1,0.2347,15.24,15.24,scenario_straight_heavy,val,development,0.25,-4.06,0.0703,0.006666666666666667,0.0,14.24,0.0,9.0,True,,13.333333333333334,5.6304,-0.13533333333333333,
1725,1i,150.0,5,15.2889,2,15.04,False,1,0.0021,15.04,15.04,scenario_straight_heavy,val,development,0.25,10.04,15.2889,0.10026666666666666,0.0,14.04,0.0,14.0,True,,33.333333333333336,1834.6680000000001,0.3346666666666666,
1730,1i,150.0,5,6.8714,2,15.04,False,1,0.0,15.04,15.04,scenario_straight_heavy,val,development,0.25,15.04,-9.889799999999997,0.10026666666666666,0.0,-360.59,0.0,19.0,True,,33.333333333333336,824.5680000000001,0.5013333333333333,
1735,1i,150.0,5,0.0559,5,19.06,False,1,0.0,15.04,15.04,scenario_straight_heavy,val,development,0.25,19.06,-15.6439,0.12706666666666666,0.0,-227.33,0.0,24.0,True,,33.333333333333336,6.708,0.6353333333333333,
1740,1i,150.0,6,3.914,5,19.04,False,1,0.0,15.04,15.04,scenario_straight_heavy,val,development,0.25,19.04,-8.2361,0.12693333333333331,0.0,-96.50999999999999,1.0,4.0,False,5,40.0,563.616,0.6346666666666666,
1745,1i,150.0,6,1.5807,5,19.04,False,1,0.0,15.04,15.04,scenario_straight_heavy,val,development,0.25,18.04,-3.6773,0.12693333333333331,0.0,-16.77,2.0,2.0,True,,40.0,227.6208,0.6013333333333333,
1750,1i,150.0,6,0.0065,6,23.06,False,1,0.0,15.04,15.04,scenario_straight_heavy,val,development,0.25,22.06,-0.1108,0.15373333333333333,0.0,-0.20000000000000107,3.0,1.0,False,5,40.0,0.936,0.7353333333333333,
1755,1i,150.0,7,3.2254,6,23.04,False,1,0.0,15.04,15.04,scenario_straight_heavy,val,development,0.25,8.0,-12.0635,0.1536,0.0,0.0,3.0,6.0,False,10,46.66666666666667,541.8672,0.26666666666666666,
1760,1i,150.0,5,3.0193,1,1.0,False,2,11.1716,6.88,397.15,scenario_straight_heavy,val,development,0.25,-14.04,-3.8521000000000005,0.006666666666666667,1.0,382.10999999999996,4.0,4.0,False,15,33.333333333333336,362.31600000000003,-0.46799999999999997,
1765,1i,150.0,3,3.5488,1,1.0,False,1,19.031,301.89,301.89,scenario_straight_heavy,val,development,0.25,-18.06,3.4929,0.006666666666666667,0.0,286.84999999999997,4.0,9.0,False,20,20.0,255.5136,-0.602,
1770,1i,150.0,3,16.2285,1,1.0,False,1,18.8861,206.67,206.67,scenario_straight_heavy,val,development,0.25,-18.04,12.3145,0.006666666666666667,0.0,191.63,4.0,14.0,False,25,20.0,1168.452,-0.6013333333333333,
1775,1i,150.0,4,12.2897,1,1.0,False,2,17.9642,115.18,398.89,scenario_straight_heavy,val,development,0.25,-18.04,10.709,0.006666666666666667,1.0,383.84999999999997,4.0,19.0,False,30,26.666666666666668,1179.8112,-0.6013333333333333,
1780,1i,150.0,3,4.8489,1,1.0,False,2,15.3717,44.19,305.74,scenario_straight_heavy,val,development,0.25,-22.06,4.8424000000000005,0.006666666666666667,1.0,290.7,4.0,24.0,False,35,20.0,349.12080000000003,-0.7353333333333333,
1785,1i,150.0,3,1.0077,2,5.0,False,2,10.939,1.01,212.82,scenario_straight_heavy,val,development,0.25,-18.04,-2.2177,0.03333333333333333,1.0,197.78,5.0,4.0,False,40,20.0,72.5544,-0.6013333333333333,
1790,1i,150.0,2,9.4034,1,1.0,False,2,9.4034,1.0,119.61,scenario_straight_heavy,val,development,0.25,0.0,6.3841,0.006666666666666667,0.0,-277.53999999999996,6.0,2.0,False,45,13.333333333333334,451.36320000000006,0.0,
1795,1i,150.0,2,7.6047,1,1.0,False,2,7.6047,1.0,32.05,scenario_straight_heavy,val,development,0.25,0.0,4.0559,0.006666666666666667,1.0,-269.84,7.0,1.0,False,50,13.333333333333334,365.02560000000005,0.0,
1800,1i,150.0,3,8.1117,1,1.0,False,2,0.1047,1.0,1.0,scenario_straight_heavy,val,development,0.25,0.0,-8.1168,0.006666666666666667,1.0,-205.67,7.0,6.0,False,55,20.0,584.0424,0.0,
1805,1i,150.0,3,3.5759,2,1.0,False,2,0.0,1.0,1.0,scenario_straight_heavy,val,development,0.25,0.0,-8.713799999999999,0.006666666666666667,0.0,-397.89,0.0,4.0,True,,20.0,257.46479999999997,0.0,
1810,1i,150.0,3,0.0749,3,13.75,False,2,0.0,1.0,1.0,scenario_straight_heavy,val,development,0.25,12.75,-4.774,0.09166666666666666,0.0,-304.74,0.0,9.0,True,,20.0,5.392799999999999,0.425,
1815,1i,150.0,6,12.4027,3,13.71,False,2,0.0,1.0,1.0,scenario_straight_heavy,val,development,0.25,8.71,11.395,0.09140000000000001,0.0,-211.82,0.0,14.0,True,,40.0,1785.9888,0.2903333333333334,
1820,1i,150.0,6,6.5633,3,13.71,False,2,0.0,1.0,1.0,scenario_straight_heavy,val,development,0.25,12.71,-2.8400999999999996,0.09140000000000001,0.0,-118.61,0.0,19.0,True,,40.0,945.1152000000001,0.4236666666666667,
1825,1i,150.0,6,0.2506,4,13.71,False,2,0.0,1.0,1.0,scenario_straight_heavy,val,development,0.25,12.71,-7.3541,0.09140000000000001,0.0,-31.049999999999997,0.0,24.0,True,,40.0,36.0864,0.4236666666666667,
1830,1i,150.0,7,3.2829,6,17.71,False,2,0.0,1.0,1.0,scenario_straight_heavy,val,development,0.25,16.71,-4.828800000000001,0.11806666666666667,0.0,0.0,1.0,4.0,False,5,46.66666666666667,551.5272000000001,0.557,
1835,1i,150.0,7,1.4042,6,17.71,False,2,0.0,1.0,1.0,scenario_straight_heavy,val,development,0.25,16.71,-2.1717,0.11806666666666667,0.0,0.0,2.0,2.0,True,,46.66666666666667,235.9056,0.557,
1840,1i,150.0,7,0.002,7,24.72,False,2,0.0,1.0,1.0,scenario_straight_heavy,val,development,0.25,10.969999999999999,-0.07289999999999999,0.1648,0.0,0.0,3.0,1.0,False,5,46.66666666666667,0.3360000000000001,0.36566666666666664,
1845,1i,150.0,8,2.8476,7,24.71,False,2,0.0,1.0,1.0,scenario_straight_heavy,val,development,0.25,11.0,-9.5551,0.16473333333333334,0.0,0.0,3.0,6.0,False,10,53.333333333333336,546.7392,0.36666666666666664,
1850,1i,150.0,5,4.1262,1,1.0,False,0,,,,scenario_straight_heavy,val,development,0.25,-12.71,-2.4371,0.006666666666666667,-2.0,,4.0,4.0,False,15,33.333333333333336,495.144,-0.4236666666666667,
1855,1i,150.0,2,4.2524,1,1.0,False,0,,,,scenario_straight_heavy,val,development,0.25,-12.71,4.001799999999999,0.006666666666666667,-2.0,,4.0,9.0,False,20,13.333333333333334,204.1152,-0.4236666666666667,
1860,1i,150.0,1,0.0,1,1.0,False,0,,,,scenario_straight_heavy,val,development,0.25,-16.71,-3.2829,0.006666666666666667,-2.0,,4.0,14.0,False,25,6.666666666666667,0.0,-0.557,
1865,1i,150.0,4,12.6977,1,1.0,False,0,,,,scenario_straight_heavy,val,development,0.25,-16.71,11.2935,0.006666666666666667,-2.0,,4.0,19.0,False,30,26.666666666666668,1218.9792,-0.557,
1870,1i,150.0,4,10.3993,1,1.0,False,0,,,,scenario_straight_heavy,val,development,0.25,-23.72,10.3973,0.006666666666666667,-2.0,,4.0,24.0,False,35,26.666666666666668,998.3328,-0.7906666666666666,
1875,1i,150.0,5,6.4274,1,1.0,False,0,,,,scenario_straight_heavy,val,development,0.25,-23.71,3.5797999999999996,0.006666666666666667,-2.0,,5.0,4.0,False,40,33.333333333333336,771.288,-0.7903333333333333,
1880,1i,150.0,4,4.3647,2,1.0,False,0,,,,scenario_straight_heavy,val,development,0.25,0.0,0.23850000000000016,0.006666666666666667,0.0,,6.0,2.0,False,45,26.666666666666668,419.01120000000003,0.0,
1885,1i,150.0,3,0.4964,2,1.0,False,0,,,,scenario_straight_heavy,val,development,0.25,0.0,-3.756,0.006666666666666667,0.0,,7.0,1.0,False,50,20.0,35.7408,0.0,
1890,1i,150.0,4,6.1898,3,15.04,False,0,,,,scenario_straight_heavy,val,development,0.25,14.04,6.1898,0.10026666666666666,0.0,,7.0,6.0,False,55,26.666666666666668,594.2208,0.46799999999999997,
1895,1i,150.0,4,3.3362,3,15.04,False,0,,,,scenario_straight_heavy,val,development,0.25,14.04,-9.3615,0.10026666666666666,0.0,,0.0,4.0,True,,26.666666666666668,320.27520000000004,0.46799999999999997,
1900,1i,150.0,4,0.3125,3,15.04,False,0,,,,scenario_straight_heavy,val,development,0.25,14.04,-10.0868,0.10026666666666666,0.0,,0.0,9.0,True,,26.666666666666668,30.0,0.46799999999999997,
1905,1i,150.0,6,8.3176,4,22.04,False,0,,,,scenario_straight_heavy,val,development,0.25,21.04,1.890200000000001,0.14693333333333333,0.0,,0.0,14.0,True,,40.0,1197.7344,0.7013333333333333,
1910,1i,150.0,7,5.3882,4,22.04,False,0,,,,scenario_straight_heavy,val,development,0.25,21.04,1.0235000000000003,0.14693333333333333,0.0,,0.0,19.0,True,,46.66666666666667,905.2176000000001,0.7013333333333333,
1915,1i,150.0,7,1.3685,5,22.04,False,0,,,,scenario_straight_heavy,val,development,0.25,21.04,0.8721000000000001,0.14693333333333333,0.0,,0.0,24.0,True,,46.66666666666667,229.90800000000004,0.7013333333333333,
1920,1i,150.0,8,3.1513,6,22.04,False,0,,,,scenario_straight_heavy,val,development,0.25,7.0,-3.0385,0.14693333333333333,0.0,,1.0,4.0,False,5,53.333333333333336,605.0496,0.23333333333333334,
1925,1i,150.0,8,1.1761,6,22.04,False,0,,,,scenario_straight_heavy,val,development,0.25,7.0,-2.1601,0.14693333333333333,0.0,,2.0,2.0,True,,53.333333333333336,225.81119999999999,0.23333333333333334,
1930,1i,150.0,8,0.0029,8,43.1,False,0,,,,scenario_straight_heavy,val,development,0.25,28.060000000000002,-0.3096,0.28733333333333333,0.0,,3.0,1.0,False,5,53.333333333333336,0.5568,0.9353333333333335,
1935,1i,150.0,9,2.3353,8,43.09,False,0,,,,scenario_straight_heavy,val,development,0.25,21.050000000000004,-5.9823,0.28726666666666667,0.0,,3.0,6.0,False,10,60.0,504.4248,0.7016666666666668,
1940,1i,150.0,6,2.0289,3,42.91,False,1,26.3724,376.11,376.11,scenario_straight_heavy,val,development,0.25,20.869999999999997,-3.3593,0.28606666666666664,1.0,,4.0,4.0,False,15,40.0,292.1616,0.6956666666666665,
1945,1i,150.0,4,2.0025,1,1.0,False,1,27.2952,241.42,241.42,scenario_straight_heavy,val,development,0.25,-21.04,0.6339999999999999,0.006666666666666667,1.0,,4.0,9.0,False,20,26.666666666666668,192.24,-0.7013333333333333,
1950,1i,150.0,5,11.373,1,1.0,False,1,22.7881,112.81,112.81,scenario_straight_heavy,val,development,0.25,-21.04,8.221699999999998,0.006666666666666667,1.0,,4.0,14.0,False,25,33.333333333333336,1364.76,-0.7013333333333333,
1955,1i,150.0,4,12.1117,1,1.0,False,2,19.9008,23.92,383.71,scenario_straight_heavy,val,development,0.25,-21.04,10.9356,0.006666666666666667,2.0,,4.0,19.0,False,30,26.666666666666668,1162.7232000000001,-0.7013333333333333,
1960,1i,150.0,2,0.7569,1,1.0,False,1,24.5365,261.55,261.55,scenario_straight_heavy,val,development,0.25,-42.1,0.754,0.006666666666666667,1.0,,4.0,24.0,False,35,13.333333333333334,36.3312,-1.4033333333333333,
1965,1i,150.0,3,8.2793,2,5.0,False,1,24.838,140.39,140.39,scenario_straight_heavy,val,development,0.25,-38.09,5.943999999999999,0.03333333333333333,1.0,,5.0,4.0,False,40,20.0,596.1096,-1.2696666666666667,
1970,1i,150.0,1,14.7385,0,0.0,False,1,14.7385,41.16,41.16,scenario_straight_heavy,val,development,0.25,-42.91,12.7096,0.0,0.0,-334.95000000000005,6.0,2.0,False,45,6.666666666666667,353.724,-1.4303333333333332,
1975,1i,150.0,1,2.3236,0,0.0,False,1,2.3236,1.0,1.0,scenario_straight_heavy,val,development,0.25,-1.0,0.32109999999999994,0.0,0.0,-240.42,7.0,1.0,False,50,6.666666666666667,55.766400000000004,-0.03333333333333333,
1980,1i,150.0,2,12.3076,1,1.0,False,1,0.0,1.0,1.0,scenario_straight_heavy,val,development,0.25,0.0,0.9346000000000014,0.006666666666666667,0.0,-111.81,7.0,6.0,False,55,13.333333333333334,590.7648,0.0,
1985,1i,150.0,2,5.3584,1,1.0,False,2,13.4756,1.0,373.57,scenario_straight_heavy,val,development,0.25,0.0,-6.753300000000001,0.006666666666666667,0.0,-10.139999999999986,0.0,4.0,True,,13.333333333333334,257.20320000000004,0.0,
1990,1i,150.0,2,0.0653,2,8.06,False,2,13.4726,1.0,238.6,scenario_straight_heavy,val,development,0.25,7.0600000000000005,-0.6916,0.053733333333333334,1.0,-22.950000000000017,0.0,9.0,True,,13.333333333333334,3.1344,0.23533333333333334,
1995,1i,150.0,5,14.5526,2,8.0,False,2,12.163,1.0,105.81,scenario_straight_heavy,val,development,0.25,3.0,6.273300000000001,0.05333333333333334,1.0,-34.579999999999984,0.0,14.0,True,,33.333333333333336,1746.3120000000004,0.1,
2000,1i,150.0,5,8.3812,2,8.0,False,2,6.1742,1.0,22.14,scenario_straight_heavy,val,development,0.25,8.0,-6.3573,0.05333333333333334,1.0,-19.019999999999996,0.0,19.0,True,,33.333333333333336,1005.744,0.26666666666666666,
2005,1i,150.0,5,0.5176,3,8.0,False,2,0.0,1.0,1.0,scenario_straight_heavy,val,development,0.25,8.0,-1.806,0.05333333333333334,1.0,0.0,0.0,24.0,True,,33.333333333333336,62.112,0.26666666666666666,
2010,1i,150.0,6,3.9393,5,12.01,False,2,0.0,1.0,1.0,scenario_straight_heavy,val,development,0.25,11.01,-8.368300000000001,0.08006666666666666,1.0,0.0,1.0,4.0,False,5,40.0,567.2592,0.367,
2015,1i,150.0,6,2.2336,5,12.0,False,2,0.0,1.0,1.0,scenario_straight_heavy,val,development,0.25,11.0,-3.1247999999999996,0.08,0.0,-372.57,2.0,2.0,True,,40.0,321.6384,0.36666666666666664,
2020,1i,150.0,6,0.1787,5,12.0,False,2,0.0,1.0,1.0,scenario_straight_heavy,val,development,0.25,3.9399999999999995,0.1134,0.08,0.0,-237.6,3.0,1.0,False,5,40.0,25.7328,0.13133333333333333,
2025,1i,150.0,7,3.3821,6,19.0,False,2,0.0,1.0,1.0,scenario_straight_heavy,val,development,0.25,11.0,-11.1705,0.12666666666666668,0.0,-104.81,3.0,6.0,False,10,46.66666666666667,568.1928,0.36666666666666664,
2030,1i,150.0,3,5.6331,1,1.0,False,1,26.892,375.38,375.38,scenario_straight_heavy,val,development,0.25,-7.0,-2.7481,0.006666666666666667,-1.0,353.24,4.0,4.0,False,15,20.0,405.58320000000003,-0.23333333333333334,
2035,1i,150.0,1,0.0,1,1.0,False,1,26.9667,240.38,240.38,scenario_straight_heavy,val,development,0.25,-7.0,-0.5176,0.006666666666666667,-1.0,239.38,4.0,9.0,False,20,6.666666666666667,0.0,-0.23333333333333334,
2040,1i,150.0,3,16.5809,1,1.0,False,1,24.8775,108.65,108.65,scenario_straight_heavy,val,development,0.25,-11.01,12.6416,0.006666666666666667,-1.0,107.65,4.0,14.0,False,25,20.0,1193.8248,-0.367,
2045,1i,150.0,4,10.9494,1,1.0,False,1,10.8775,26.26,26.26,scenario_straight_heavy,val,development,0.25,-11.0,8.715800000000002,0.006666666666666667,-1.0,25.26,4.0,19.0,False,30,26.666666666666668,1051.1424000000002,-0.36666666666666664,
2050,1i,150.0,3,4.0083,2,8.23,False,1,0.2382,8.23,8.23,scenario_straight_heavy,val,development,0.25,-3.7699999999999996,3.8296,0.05486666666666667,-1.0,7.23,4.0,24.0,False,35,20.0,288.5976,-0.12566666666666665,
2055,1i,150.0,3,1.2091,2,8.0,False,1,0.0002,8.0,8.0,scenario_straight_heavy,val,development,0.25,-11.0,-2.173,0.05333333333333334,-1.0,7.0,5.0,4.0,False,40,20.0,87.0552,-0.36666666666666664,
2060,1i,150.0,3,7.8538,1,1.0,False,1,4.8108,1.25,1.25,scenario_straight_heavy,val,development,0.25,0.0,2.2207,0.006666666666666667,0.0,-374.13,6.0,2.0,False,45,20.0,565.4736,0.0,
2065,1i,150.0,2,7.4774,1,1.0,False,0,,,,scenario_straight_heavy,val,development,0.25,0.0,7.4774,0.006666666666666667,-1.0,,7.0,1.0,False,50,13.333333333333334,358.9152,0.0,
2070,1i,150.0,3,7.9423,1,1.0,False,0,,,,scenario_straight_heavy,val,development,0.25,0.0,-8.6386,0.006666666666666667,-1.0,,7.0,6.0,False,55,20.0,571.8456000000001,0.0,
2075,1i,150.0,3,3.5383,2,1.0,False,0,,,,scenario_straight_heavy,val,development,0.25,0.0,-7.411100000000001,0.006666666666666667,-1.0,,0.0,4.0,True,,20.0,254.75760000000002,0.0,
2080,1i,150.0,3,0.0381,3,13.76,False,0,,,,scenario_straight_heavy,val,development,0.25,5.529999999999999,-3.9702,0.09173333333333333,-1.0,,0.0,9.0,True,,20.0,2.7432,0.18433333333333332,
2085,1i,150.0,5,9.7408,3,13.71,False,0,,,,scenario_straight_heavy,val,development,0.25,5.710000000000001,8.5317,0.09140000000000001,-1.0,,0.0,14.0,True,,33.333333333333336,1168.8960000000002,0.19033333333333335,
2090,1i,150.0,6,6.6331,3,13.71,False,0,,,,scenario_straight_heavy,val,development,0.25,12.71,-1.2207,0.09140000000000001,-1.0,,0.0,19.0,True,,40.0,955.1664,0.4236666666666667,
2095,1i,150.0,6,2.2058,5,17.71,False,0,,,,scenario_straight_heavy,val,development,0.25,16.71,-5.2716,0.11806666666666667,0.0,,0.0,24.0,True,,40.0,317.6352,0.557,
2100,1i,150.0,7,3.4549,5,17.71,False,0,,,,scenario_straight_heavy,val,development,0.25,16.71,-4.487400000000001,0.11806666666666667,0.0,,1.0,4.0,False,5,46.66666666666667,580.4232000000001,0.557,
2105,1i,150.0,7,1.9299,6,17.71,False,0,,,,scenario_straight_heavy,val,development,0.25,16.71,-1.6084,0.11806666666666667,0.0,,2.0,2.0,True,,46.66666666666667,324.2232,0.557,
2110,1i,150.0,7,0.0356,6,17.71,False,0,,,,scenario_straight_heavy,val,development,0.25,3.950000000000001,-0.0025000000000000022,0.11806666666666667,0.0,,3.0,1.0,False,5,46.66666666666667,5.9808,0.1316666666666667,
2115,1i,150.0,8,2.7344,7,21.71,False,0,,,,scenario_straight_heavy,val,development,0.25,8.0,-7.0064,0.14473333333333335,0.0,,3.0,6.0,False,10,53.333333333333336,525.0048,0.26666666666666666,
2120,1i,150.0,6,4.1013,2,20.32,False,0,,,,scenario_straight_heavy,val,development,0.25,6.609999999999999,-2.5317999999999996,0.13546666666666668,0.0,,4.0,4.0,False,15,40.0,590.5872,0.22033333333333333,
2125,1i,150.0,2,4.4812,1,1.0,False,0,,,,scenario_straight_heavy,val,development,0.25,-16.71,2.2754000000000003,0.006666666666666667,0.0,,4.0,9.0,False,20,13.333333333333334,215.0976,-0.557,
2130,1i,150.0,4,18.0829,1,1.0,False,0,,,,scenario_straight_heavy,val,development,0.25,-16.71,14.627999999999998,0.006666666666666667,0.0,,4.0,14.0,False,25,26.666666666666668,1735.9584,-0.557,
2135,1i,150.0,4,9.5799,1,1.0,False,0,,,,scenario_straight_heavy,val,development,0.25,-16.71,7.65,0.006666666666666667,0.0,,4.0,19.0,False,30,26.666666666666668,919.6704,-0.557,
2140,1i,150.0,2,0.0925,2,15.1,False,0,,,,scenario_straight_heavy,val,development,0.25,-2.610000000000001,0.0569,0.10066666666666667,0.0,,4.0,24.0,False,35,13.333333333333334,4.44,-0.08700000000000004,
2145,1i,150.0,2,0.0,2,15.04,False,0,,,,scenario_straight_heavy,val,development,0.25,-6.670000000000002,-2.7344,0.10026666666666666,0.0,,5.0,4.0,False,40,13.333333333333334,0.0,-0.22233333333333338,
2150,1i,150.0,2,9.5863,0,0.0,False,0,,,,scenario_straight_heavy,val,development,0.25,-20.32,5.484999999999999,0.0,0.0,,6.0,2.0,False,45,13.333333333333334,460.1424,-0.6773333333333333,
2155,1i,150.0,2,7.9169,0,0.0,False,0,,,,scenario_straight_heavy,val,development,0.25,-1.0,3.4356999999999998,0.0,0.0,,7.0,1.0,False,50,13.333333333333334,380.01120000000003,-0.03333333333333333,
2160,1i,150.0,3,8.1085,1,1.0,False,0,,,,scenario_straight_heavy,val,development,0.25,0.0,-9.9744,0.006666666666666667,0.0,,7.0,6.0,False,55,20.0,583.812,0.0,
2165,1i,150.0,3,3.5071,2,1.0,False,1,27.316,375.92,375.92,scenario_straight_heavy,val,development,0.25,0.0,-6.072800000000001,0.006666666666666667,1.0,,0.0,4.0,True,,20.0,252.5112,0.0,
2170,1i,150.0,3,0.0067,3,13.71,False,1,26.3224,241.84,241.84,scenario_straight_heavy,val,development,0.25,-1.3899999999999988,-0.0858,0.09140000000000001,1.0,,0.0,9.0,True,,20.0,0.48240000000000005,-0.046333333333333296,
2175,1i,150.0,6,12.2862,3,13.71,False,1,24.164,110.22,110.22,scenario_straight_heavy,val,development,0.25,-1.3299999999999983,12.2862,0.09140000000000001,1.0,,0.0,14.0,True,,40.0,1769.2128,-0.04433333333333327,
2180,1i,150.0,6,6.3166,3,13.71,False,1,12.051,27.63,27.63,scenario_straight_heavy,val,development,0.25,13.71,-3.2696999999999994,0.09140000000000001,1.0,,0.0,19.0,True,,40.0,909.5904,0.457,
2185,1i,150.0,6,0.1545,4,13.71,False,1,0.2488,1.02,1.02,scenario_straight_heavy,val,development,0.25,13.71,-7.7624,0.09140000000000001,1.0,,0.0,24.0,True,,40.0,22.248,0.457,
2190,1i,150.0,7,3.5423,6,17.71,False,1,0.0,1.0,1.0,scenario_straight_heavy,val,development,0.25,16.71,-4.566199999999999,0.11806666666666667,1.0,,1.0,4.0,False,5,46.66666666666667,595.1064000000001,0.557,
2195,1i,150.0,7,1.7976,6,17.71,False,1,0.0,1.0,1.0,scenario_straight_heavy,val,development,0.25,16.71,-1.7094999999999998,0.11806666666666667,0.0,-374.92,2.0,2.0,True,,46.66666666666667,301.99680000000006,0.557,
2200,1i,150.0,7,0.0628,6,17.71,False,1,0.0,1.0,1.0,scenario_straight_heavy,val,development,0.25,4.0,0.0561,0.11806666666666667,0.0,-240.84,3.0,1.0,False,5,46.66666666666667,10.5504,0.13333333333333333,
2205,1i,150.0,8,2.753,7,24.71,False,1,0.0,1.0,1.0,scenario_straight_heavy,val,development,0.25,11.0,-9.533199999999999,0.16473333333333334,0.0,-109.22,3.0,6.0,False,10,53.333333333333336,528.576,0.36666666666666664,
2210,1i,150.0,5,2.7253,2,5.0,False,0,,,,scenario_straight_heavy,val,development,0.25,-8.71,-3.5913000000000004,0.03333333333333333,-1.0,,4.0,4.0,False,15,33.333333333333336,327.03600000000006,-0.2903333333333334,
2215,1i,150.0,3,3.3717,2,5.0,False,0,,,,scenario_straight_heavy,val,development,0.25,-8.71,3.2172,0.03333333333333333,-1.0,,4.0,9.0,False,20,20.0,242.7624,-0.2903333333333334,
2220,1i,150.0,5,15.2086,2,5.0,False,0,,,,scenario_straight_heavy,val,development,0.25,-12.71,11.6663,0.03333333333333333,-1.0,,4.0,14.0,False,25,33.333333333333336,1825.0320000000004,-0.4236666666666667,
2225,1i,150.0,5,8.769,2,5.0,False,0,,,,scenario_straight_heavy,val,development,0.25,-12.71,6.9714,0.03333333333333333,-1.0,,4.0,19.0,False,30,33.333333333333336,1052.2800000000002,-0.4236666666666667,
2230,1i,150.0,3,0.007,2,5.0,False,0,,,,scenario_straight_heavy,val,development,0.25,-12.71,-0.055799999999999995,0.03333333333333333,-1.0,,4.0,24.0,False,35,20.0,0.504,-0.4236666666666667,
2235,1i,150.0,3,0.0,3,9.0,False,0,,,,scenario_straight_heavy,val,development,0.25,-15.71,-2.753,0.06,-1.0,,5.0,4.0,False,40,20.0,0.0,-0.5236666666666667,
2240,1i,150.0,2,9.8854,0,0.0,False,0,,,,scenario_straight_heavy,val,development,0.25,-5.0,7.160100000000001,0.0,0.0,,6.0,2.0,False,45,13.333333333333334,474.49920000000003,-0.16666666666666666,
2245,1i,150.0,1,15.5771,0,0.0,False,0,,,,scenario_straight_heavy,val,development,0.25,-5.0,12.2054,0.0,0.0,,7.0,1.0,False,50,6.666666666666667,373.8504,-0.16666666666666666,
2250,1i,150.0,2,12.0243,0,0.0,False,0,,,,scenario_straight_heavy,val,development,0.25,-5.0,-3.1843000000000004,0.0,0.0,,7.0,6.0,False,55,13.333333333333334,577.1664000000001,-0.16666666666666666,
2255,1i,150.0,2,6.9279,1,1.0,False,0,,,,scenario_straight_heavy,val,development,0.25,-4.0,-1.8411,0.006666666666666667,0.0,,0.0,4.0,True,,13.333333333333334,332.53920000000005,-0.13333333333333333,
2260,1i,150.0,2,0.6115,1,1.0,False,0,,,,scenario_straight_heavy,val,development,0.25,-4.0,0.6045,0.006666666666666667,0.0,,0.0,9.0,True,,13.333333333333334,29.352,-0.13333333333333333,
2265,1i,150.0,3,7.9175,2,13.71,False,0,,,,scenario_straight_heavy,val,development,0.25,4.710000000000001,7.9175,0.09140000000000001,0.0,,0.0,14.0,True,,20.0,570.0600000000001,0.15700000000000003,
2270,1i,150.0,5,9.7116,2,13.71,False,0,,,,scenario_straight_heavy,val,development,0.25,13.71,-0.17379999999999995,0.09140000000000001,0.0,,0.0,19.0,True,,33.333333333333336,1165.3920000000003,0.457,
2275,1i,150.0,5,5.3205,2,13.71,False,0,,,,scenario_straight_heavy,val,development,0.25,13.71,-10.256599999999999,0.09140000000000001,0.0,,0.0,24.0,True,,33.333333333333336,638.46,0.457,
2280,1i,150.0,6,4.9386,3,13.71,False,0,,,,scenario_straight_heavy,val,development,0.25,13.71,-7.0857,0.09140000000000001,0.0,,1.0,4.0,False,5,40.0,711.1584,0.457,
2285,1i,150.0,6,1.8671,4,13.71,False,0,,,,scenario_straight_heavy,val,development,0.25,12.71,-5.0608,0.09140000000000001,0.0,,2.0,2.0,True,,40.0,268.8624,0.4236666666666667,
2290,1i,150.0,6,0.0121,6,34.79,False,0,,,,scenario_straight_heavy,val,development,0.25,33.79,-0.5994,0.23193333333333332,0.0,,3.0,1.0,False,5,40.0,1.7424,1.1263333333333334,
2295,1i,150.0,7,3.0995,6,34.75,False,0,,,,scenario_straight_heavy,val,development,0.25,21.04,-4.8180000000000005,0.23166666666666666,0.0,,3.0,6.0,False,10,46.66666666666667,520.7160000000001,0.7013333333333333,
2300,1i,150.0,4,2.8888,1,1.0,False,1,24.1795,383.52,383.52,scenario_straight_heavy,val,development,0.25,-12.71,-6.822800000000001,0.006666666666666667,1.0,,4.0,4.0,False,15,26.666666666666668,277.32480000000004,-0.4236666666666667,
2305,1i,150.0,3,3.7618,1,1.0,False,1,24.9911,261.48,261.48,scenario_straight_heavy,val,development,0.25,-12.71,-1.5587,0.006666666666666667,1.0,,4.0,9.0,False,20,20.0,270.8496,-0.4236666666666667,
2310,1i,150.0,3,16.6944,1,1.0,False,1,24.9236,140.08,140.08,scenario_straight_heavy,val,development,0.25,-12.71,11.7558,0.006666666666666667,1.0,,4.0,14.0,False,25,20.0,1201.9968000000001,-0.4236666666666667,
2315,1i,150.0,4,10.3887,1,1.0,False,1,14.2447,41.94,41.94,scenario_straight_heavy,val,development,0.25,-12.71,8.5216,0.006666666666666667,1.0,,4.0,19.0,False,30,26.666666666666668,997.3152000000001,-0.4236666666666667,
2320,1i,150.0,2,0.0226,2,8.02,False,0,,,,scenario_straight_heavy,val,development,0.25,-26.77,0.010499999999999999,0.05346666666666666,0.0,,4.0,24.0,False,35,13.333333333333334,1.0848,-0.8923333333333333,
2325,1i,150.0,3,8.1256,2,8.0,False,0,,,,scenario_straight_heavy,val,development,0.25,-26.75,5.0261000000000005,0.05333333333333334,0.0,,5.0,4.0,False,40,20.0,585.0432000000001,-0.8916666666666667,
2330,1i,150.0,2,9.9215,0,0.0,False,0,,,,scenario_straight_heavy,val,development,0.25,-1.0,7.0327,0.0,-1.0,,6.0,2.0,False,45,13.333333333333334,476.23199999999997,-0.03333333333333333,
2335,1i,150.0,1,2.9408,0,0.0,False,0,,,,scenario_straight_heavy,val,development,0.25,-1.0,-0.8210000000000002,0.0,-1.0,,7.0,1.0,False,50,6.666666666666667,70.5792,-0.03333333333333333,
2340,1i,150.0,1,0.0,1,1.0,False,0,,,,scenario_straight_heavy,val,development,0.25,0.0,-16.6944,0.006666666666666667,-1.0,,7.0,6.0,False,55,6.666666666666667,0.0,0.0,
2345,1i,150.0,2,7.4093,1,1.0,False,1,27.465,374.2,374.2,scenario_straight_heavy,val,development,0.25,0.0,-2.9794,0.006666666666666667,0.0,332.26,0.0,4.0,True,,13.333333333333334,355.6464,0.0,
2350,1i,150.0,2,5.1593,1,1.0,False,1,26.6299,240.59,240.59,scenario_straight_heavy,val,development,0.25,-7.02,5.1367,0.006666666666666667,1.0,,0.0,9.0,True,,13.333333333333334,247.6464,-0.23399999999999999,
2355,1i,150.0,5,15.2388,1,1.0,False,1,21.9123,117.07,117.07,scenario_straight_heavy,val,development,0.25,-7.0,7.113199999999999,0.006666666666666667,1.0,,0.0,14.0,True,,33.333333333333336,1828.656,-0.23333333333333334,
2360,1i,150.0,5,8.3306,1,1.0,False,2,18.4414,42.32,376.23,scenario_straight_heavy,val,development,0.25,1.0,-1.5908999999999995,0.006666666666666667,2.0,,0.0,19.0,True,,33.333333333333336,999.6720000000001,0.03333333333333333,
2365,1i,150.0,5,1.0461,3,8.0,False,2,14.2923,22.42,240.3,scenario_straight_heavy,val,development,0.25,8.0,-1.8946999999999998,0.05333333333333334,2.0,,0.0,24.0,True,,33.333333333333336,125.53200000000001,0.26666666666666666,
2370,1i,150.0,6,3.8634,5,22.05,False,2,11.59,22.05,113.23,scenario_straight_heavy,val,development,0.25,21.05,3.8634,0.147,2.0,,1.0,4.0,False,5,40.0,556.3296,0.7016666666666667,
2375,1i,150.0,6,1.5595,5,22.04,False,2,4.6786,22.04,39.17,scenario_straight_heavy,val,development,0.25,21.04,-5.8498,0.14693333333333333,1.0,-335.03,2.0,2.0,True,,40.0,224.568,0.7013333333333333,
2380,1i,150.0,6,0.0212,6,26.07,False,2,0.0636,22.04,26.07,scenario_straight_heavy,val,development,0.25,25.07,-5.1381,0.1738,1.0,-214.52,3.0,1.0,False,5,40.0,3.0528,0.8356666666666667,
2385,1i,150.0,7,3.0741,6,26.04,False,2,0.0,22.04,26.04,scenario_straight_heavy,val,development,0.25,25.04,-12.1647,0.1736,1.0,-91.03,3.0,6.0,False,10,46.66666666666667,516.4488000000001,0.8346666666666667,
2390,1i,150.0,4,3.2688,2,24.53,False,3,7.4849,16.95,399.59,scenario_straight_heavy,val,development,0.25,23.53,-5.0618,0.16353333333333334,1.0,23.359999999999957,4.0,4.0,False,15,26.666666666666668,313.8048,0.7843333333333333,
2395,1i,150.0,3,3.247,1,1.0,False,2,12.3733,4.0,304.05,scenario_straight_heavy,val,development,0.25,-7.0,2.2009,0.006666666666666667,0.0,63.75,4.0,9.0,False,20,20.0,233.784,-0.23333333333333334,
2400,1i,150.0,3,17.1357,1,1.0,False,1,18.2268,209.51,209.51,scenario_straight_heavy,val,development,0.25,-21.05,13.2723,0.006666666666666667,-1.0,96.27999999999999,4.0,14.0,False,25,20.0,1233.7704,-0.7016666666666667,
2405,1i,150.0,4,11.8039,1,1.0,False,1,18.4945,115.25,115.25,scenario_straight_heavy,val,development,0.25,-21.04,10.2444,0.006666666666666667,-1.0,76.08,4.0,19.0,False,30,26.666666666666668,1133.1744,-0.7013333333333333,
2410,1i,150.0,2,5.7054,1,1.0,False,1,11.4107,43.6,43.6,scenario_straight_heavy,val,development,0.25,-25.07,5.6842,0.006666666666666667,-1.0,17.53,4.0,24.0,False,35,13.333333333333334,273.8592,-0.8356666666666667,
2415,1i,150.0,3,9.2258,1,1.0,False,1,3.9178,9.04,9.04,scenario_straight_heavy,val,development,0.25,-25.04,6.1517,0.006666666666666667,-1.0,-17.0,5.0,4.0,False,40,20.0,664.2575999999999,-0.8346666666666667,
2420,1i,150.0,2,8.6375,0,0.0,False,1,3.5173,0.43,0.43,scenario_straight_heavy,val,development,0.25,-24.53,5.368699999999999,0.0,-2.0,-399.15999999999997,6.0,2.0,False,45,13.333333333333334,414.6,-0.8176666666666667,
2425,1i,150.0,1,0.0,0,0.0,False,0,,,,scenario_straight_heavy,val,development,0.25,-1.0,-3.247,0.0,-2.0,,7.0,1.0,False,50,6.666666666666667,0.0,-0.03333333333333333,
2430,1i,150.0,2,12.3334,1,1.0,False,0,,,,scenario_straight_heavy,val,development,0.25,0.0,-4.802300000000001,0.006666666666666667,-1.0,,7.0,6.0,False,55,13.333333333333334,592.0032,0.0,
2435,1i,150.0,2,5.9863,1,1.0,False,0,,,,scenario_straight_heavy,val,development,0.25,0.0,-5.8176000000000005,0.006666666666666667,-1.0,,0.0,4.0,True,,13.333333333333334,287.3424,0.0,
2440,1i,150.0,2,0.1295,1,1.0,False,0,,,,scenario_straight_heavy,val,development,0.25,0.0,-5.5759,0.006666666666666667,-1.0,,0.0,9.0,True,,13.333333333333334,6.216,0.0,
2445,1i,150.0,3,8.476,2,5.0,False,0,,,,scenario_straight_heavy,val,development,0.25,4.0,-0.7497999999999987,0.03333333333333333,-1.0,,0.0,14.0,True,,20.0,610.272,0.13333333333333333,
2450,1i,150.0,5,9.7051,2,5.0,False,1,19.1852,397.31,397.31,scenario_straight_heavy,val,development,0.25,5.0,1.0676000000000005,0.03333333333333333,0.0,396.88,0.0,19.0,True,,33.333333333333336,1164.612,0.16666666666666666,
2455,1i,150.0,5,5.3809,3,5.0,False,1,18.985,302.09,302.09,scenario_straight_heavy,val,development,0.25,5.0,5.3809,0.03333333333333333,1.0,,0.0,24.0,True,,33.333333333333336,645.7080000000001,0.16666666666666666,
2460,1i,150.0,5,0.9805,3,5.0,False,1,18.119,207.42,207.42,scenario_straight_heavy,val,development,0.25,4.0,-11.3529,0.03333333333333333,1.0,,1.0,4.0,False,5,33.333333333333336,117.66000000000001,0.13333333333333333,
2465,1i,150.0,6,2.3514,5,9.0,False,2,20.1695,128.59,376.11,scenario_straight_heavy,val,development,0.25,8.0,-3.6349,0.06,2.0,,2.0,2.0,True,,40.0,338.6016,0.26666666666666666,
2470,1i,150.0,6,1.6251,5,9.0,False,2,18.6698,71.4,241.46,scenario_straight_heavy,val,development,0.25,8.0,1.4956,0.06,2.0,,3.0,1.0,False,5,40.0,234.01440000000002,0.26666666666666666,
2475,1i,150.0,7,3.7553,5,9.0,False,2,13.1434,35.93,120.63,scenario_straight_heavy,val,development,0.25,4.0,-4.720700000000001,0.06,2.0,,3.0,6.0,False,10,46.66666666666667,630.8904000000001,0.13333333333333333,
2480,1i,150.0,3,4.2788,1,1.0,False,2,6.4181,18.91,51.96,scenario_straight_heavy,val,development,0.25,-4.0,-5.4262999999999995,0.006666666666666667,1.0,-345.35,4.0,4.0,False,15,20.0,308.07360000000006,-0.13333333333333333,
2485,1i,150.0,2,3.7926,1,1.0,False,1,7.5852,14.17,14.17,scenario_straight_heavy,val,development,0.25,-4.0,-1.5882999999999994,0.006666666666666667,0.0,-287.91999999999996,4.0,9.0,False,20,13.333333333333334,182.0448,-0.13333333333333333,
2490,1i,150.0,3,16.7053,1,1.0,False,0,,,,scenario_straight_heavy,val,development,0.25,-4.0,15.724800000000002,0.006666666666666667,-1.0,,4.0,14.0,False,25,20.0,1202.7816000000003,-0.13333333333333333,
2495,1i,150.0,4,12.6055,1,1.0,False,0,,,,scenario_straight_heavy,val,development,0.25,-8.0,10.2541,0.006666666666666667,-2.0,,4.0,19.0,False,30,26.666666666666668,1210.128,-0.26666666666666666,
2500,1i,150.0,3,5.1429,1,1.0,False,0,,,,scenario_straight_heavy,val,development,0.25,-8.0,3.5178000000000003,0.006666666666666667,-2.0,,4.0,24.0,False,35,20.0,370.28880000000004,-0.26666666666666666,
2505,1i,150.0,4,6.5062,2,5.0,False,0,,,,scenario_straight_heavy,val,development,0.25,-4.0,2.7508999999999997,0.03333333333333333,-2.0,,5.0,4.0,False,40,26.666666666666668,624.5952,-0.13333333333333333,
2510,1i,150.0,3,5.7509,1,1.0,False,1,18.9649,400.26,400.26,scenario_straight_heavy,val,development,0.25,0.0,1.4720999999999993,0.006666666666666667,-1.0,348.3,6.0,2.0,False,45,20.0,414.0648,0.0,
2515,1i,150.0,2,0.0,1,1.0,False,1,19.0821,306.57,306.57,scenario_straight_heavy,val,development,0.25,0.0,-3.7926,0.006666666666666667,0.0,292.4,7.0,1.0,False,50,13.333333333333334,0.0,0.0,
2520,1i,150.0,2,0.0,2,1.0,False,1,18.8711,213.12,213.12,scenario_straight_heavy,val,development,0.25,0.0,-16.7053,0.006666666666666667,1.0,,7.0,6.0,False,55,13.333333333333334,0.0,0.0,
2525,1i,150.0,3,6.0921,2,1.0,False,1,18.2762,120.44,120.44,scenario_straight_heavy,val,development,0.25,0.0,-6.513399999999999,0.006666666666666667,1.0,,0.0,4.0,True,,20.0,438.63120000000004,0.0,
2530,1i,150.0,3,3.9281,2,1.0,False,1,11.7842,46.51,46.51,scenario_straight_heavy,val,development,0.25,0.0,-1.2147999999999999,0.006666666666666667,1.0,,0.0,9.0,True,,20.0,282.82320000000004,0.0,
2535,1i,150.0,6,13.2542,2,1.0,False,1,4.4641,9.73,9.73,scenario_straight_heavy,val,development,0.25,-4.0,6.748000000000001,0.006666666666666667,1.0,,0.0,14.0,True,,40.0,1908.6048000000003,-0.13333333333333333,
2540,1i,150.0,6,6.6671,3,5.0,False,1,0.0022,5.0,5.0,scenario_straight_heavy,val,development,0.25,4.0,0.9161999999999999,0.03333333333333333,0.0,-395.26,0.0,19.0,True,,40.0,960.0623999999999,0.13333333333333333,
2545,1i,150.0,6,0.2195,4,5.0,False,1,0.0,5.0,5.0,scenario_straight_heavy,val,development,0.25,4.0,0.2195,0.03333333333333333,0.0,-301.57,0.0,24.0,True,,40.0,31.608,0.13333333333333333,
2550,1i,150.0,7,3.2256,6,17.71,False,1,0.0,5.0,5.0,scenario_straight_heavy,val,development,0.25,16.71,3.2256,0.11806666666666667,0.0,-208.12,1.0,4.0,False,5,46.66666666666667,541.9008000000001,0.557,
2555,1i,150.0,7,1.3777,6,17.71,False,1,0.0,5.0,5.0,scenario_straight_heavy,val,development,0.25,16.71,-4.7144,0.11806666666666667,0.0,-115.44,2.0,2.0,True,,46.66666666666667,231.45360000000002,0.557,
2560,1i,150.0,7,0.0004,7,24.71,False,1,0.0,5.0,5.0,scenario_straight_heavy,val,development,0.25,23.71,-3.9277,0.16473333333333334,0.0,-41.51,3.0,1.0,False,5,46.66666666666667,0.06720000000000001,0.7903333333333333,
2565,1i,150.0,8,2.8028,7,24.71,False,1,0.0,5.0,5.0,scenario_straight_heavy,val,development,0.25,23.71,-10.451400000000001,0.16473333333333334,0.0,-4.73,3.0,6.0,False,10,53.333333333333336,538.1376,0.7903333333333333,
2570,1i,150.0,4,4.2689,1,1.0,False,1,24.7182,384.2,384.2,scenario_straight_heavy,val,development,0.25,-4.0,-2.398199999999999,0.006666666666666667,0.0,379.2,4.0,4.0,False,15,26.666666666666668,409.8144000000001,-0.13333333333333333,
2575,1i,150.0,1,0.0,1,1.0,False,1,23.9081,263.28,263.28,scenario_straight_heavy,val,development,0.25,-4.0,-0.2195,0.006666666666666667,0.0,258.28,4.0,9.0,False,20,6.666666666666667,0.0,-0.13333333333333333,
2580,1i,150.0,3,16.6863,1,1.0,False,1,24.0777,141.46,141.46,scenario_straight_heavy,val,development,0.25,-16.71,13.4607,0.006666666666666667,0.0,136.46,4.0,14.0,False,25,20.0,1201.4135999999999,-0.557,
2585,1i,150.0,4,11.3575,1,1.0,False,1,15.3343,39.98,39.98,scenario_straight_heavy,val,development,0.25,-16.71,9.979800000000001,0.006666666666666667,0.0,34.98,4.0,19.0,False,30,26.666666666666668,1090.3200000000002,-0.557,
2590,1i,150.0,2,0.6676,1,1.0,False,1,1.3353,5.31,5.31,scenario_straight_heavy,val,development,0.25,-23.71,0.6672,0.006666666666666667,0.0,0.3099999999999996,4.0,24.0,False,35,13.333333333333334,32.0448,-0.7903333333333333,
2595,1i,150.0,3,7.7651,2,5.0,False,1,0.0002,5.0,5.0,scenario_straight_heavy,val,development,0.25,-19.71,4.962300000000001,0.03333333333333333,0.0,0.0,5.0,4.0,False,40,20.0,559.0872,-0.657,
2600,1i,150.0,1,15.0844,0,0.0,False,0,,,,scenario_straight_heavy,val,development,0.25,-1.0,10.8155,0.0,-1.0,,6.0,2.0,False,45,6.666666666666667,362.0256,-0.03333333333333333,
2605,1i,150.0,1,3.4435,0,0.0,False,0,,,,scenario_straight_heavy,val,development,0.25,-1.0,3.4435,0.0,-1.0,,7.0,1.0,False,50,6.666666666666667,82.644,-0.03333333333333333,
2610,1i,150.0,1,0.0009,1,1.0,False,0,,,,scenario_straight_heavy,val,development,0.25,0.0,-16.685399999999998,0.006666666666666667,-1.0,,7.0,6.0,False,55,6.666666666666667,0.0216,0.0,
2615,1i,150.0,2,9.1089,1,1.0,False,2,21.1996,382.55,399.56,scenario_straight_heavy,val,development,0.25,0.0,-2.2485999999999997,0.006666666666666667,1.0,359.58,0.0,4.0,True,,13.333333333333334,437.22720000000004,0.0,
2620,1i,150.0,2,5.7349,1,1.0,False,2,21.5678,262.38,304.27,scenario_straight_heavy,val,development,0.25,0.0,5.0672999999999995,0.006666666666666667,1.0,298.96,0.0,9.0,True,,13.333333333333334,275.27520000000004,0.0,
2625,1i,150.0,4,12.8235,1,1.0,False,2,21.3917,142.22,210.58,scenario_straight_heavy,val,development,0.25,-4.0,5.058399999999999,0.006666666666666667,1.0,205.58,0.0,14.0,True,,26.666666666666668,1231.056,-0.13333333333333333,
2630,1i,150.0,5,8.7,2,8.0,False,2,16.638,36.99,117.59,scenario_straight_heavy,val,development,0.25,8.0,-6.384400000000001,0.05333333333333334,2.0,,0.0,19.0,True,,33.333333333333336,1044.0,0.26666666666666666,
2635,1i,150.0,5,3.3896,2,8.0,False,2,8.3037,1.0,37.27,scenario_straight_heavy,val,development,0.25,8.0,-0.053899999999999615,0.05333333333333334,2.0,,0.0,24.0,True,,33.333333333333336,406.752,0.26666666666666666,
2640,1i,150.0,6,4.0558,4,20.71,False,2,0.6266,1.0,1.0,scenario_straight_heavy,val,development,0.25,19.71,4.0549,0.13806666666666667,2.0,,1.0,4.0,False,5,40.0,584.0351999999999,0.657,
2645,1i,150.0,6,1.572,5,20.71,False,2,0.0,1.0,1.0,scenario_straight_heavy,val,development,0.25,19.71,-7.5369,0.13806666666666667,0.0,-398.56,2.0,2.0,True,,40.0,226.368,0.657,
2650,1i,150.0,6,0.0032,6,24.72,False,2,0.0,1.0,1.0,scenario_straight_heavy,val,development,0.25,23.72,-5.7317,0.1648,0.0,-303.27,3.0,1.0,False,5,40.0,0.46080000000000004,0.7906666666666666,
2655,1i,150.0,7,3.2496,6,24.71,False,2,0.0,1.0,1.0,scenario_straight_heavy,val,development,0.25,23.71,-9.573899999999998,0.16473333333333334,0.0,-209.58,3.0,6.0,False,10,46.66666666666667,545.9328,0.7903333333333333,
2660,1i,150.0,4,4.0046,1,1.0,False,1,0.0,1.0,1.0,scenario_straight_heavy,val,development,0.25,-7.0,-4.695399999999999,0.006666666666666667,-1.0,-116.59,4.0,4.0,False,15,26.666666666666668,384.44160000000005,-0.23333333333333334,
2665,1i,150.0,2,4.6552,1,1.0,False,1,0.0,1.0,1.0,scenario_straight_heavy,val,development,0.25,-7.0,1.2655999999999996,0.006666666666666667,-1.0,-36.27,4.0,9.0,False,20,13.333333333333334,223.4496,-0.23333333333333334,
2670,1i,150.0,3,16.98,1,1.0,False,1,0.0,1.0,1.0,scenario_straight_heavy,val,development,0.25,-19.71,12.9242,0.006666666666666667,-1.0,0.0,4.0,14.0,False,25,20.0,1222.56,-0.657,
2675,1i,150.0,4,11.4264,1,1.0,False,2,13.7882,1.0,376.5,scenario_straight_heavy,val,development,0.25,-19.71,9.854399999999998,0.006666666666666667,0.0,375.5,4.0,19.0,False,30,26.666666666666668,1096.9343999999999,-0.657,
2680,1i,150.0,2,5.1491,1,1.0,False,2,13.7168,1.0,241.23,scenario_straight_heavy,val,development,0.25,-23.72,5.1459,0.006666666666666667,0.0,240.23,4.0,24.0,False,35,13.333333333333334,247.15680000000003,-0.7906666666666666,
2685,1i,150.0,3,9.2815,1,1.0,False,2,11.0231,1.0,114.82,scenario_straight_heavy,val,development,0.25,-23.71,6.031899999999999,0.006666666666666667,0.0,113.82,5.0,4.0,False,40,20.0,668.2679999999999,-0.7903333333333333,
2690,1i,150.0,2,9.4376,0,0.0,False,2,19.7502,29.89,383.14,scenario_straight_heavy,val,development,0.25,-1.0,5.433,0.0,1.0,382.14,6.0,2.0,False,45,13.333333333333334,453.00480000000005,-0.03333333333333333,
2695,1i,150.0,1,0.0,0,0.0,False,2,12.3853,1.0,262.42,scenario_straight_heavy,val,development,0.25,-1.0,-4.6552,0.0,1.0,261.42,7.0,1.0,False,50,6.666666666666667,0.0,-0.03333333333333333,
2700,1i,150.0,2,11.8928,1,1.0,False,2,11.8928,1.0,142.86,scenario_straight_heavy,val,development,0.25,0.0,-5.087200000000001,0.006666666666666667,1.0,141.86,7.0,6.0,False,55,13.333333333333334,570.8543999999999,0.0,
2705,1i,150.0,2,7.5763,1,1.0,False,3,11.3676,1.0,396.27,scenario_straight_heavy,val,development,0.25,0.0,-3.8500999999999994,0.006666666666666667,1.0,19.769999999999982,0.0,4.0,True,,13.333333333333334,363.6624,0.0,
2710,1i,150.0,2,1.0991,1,1.0,False,3,7.0711,1.0,300.88,scenario_straight_heavy,val,development,0.25,0.0,-4.05,0.006666666666666667,1.0,59.650000000000006,0.0,9.0,True,,13.333333333333334,52.756800000000005,0.0,
2715,1i,150.0,2,0.0013,2,5.0,False,3,6.1797,1.0,205.69,scenario_straight_heavy,val,development,0.25,4.0,-9.280199999999999,0.03333333333333333,1.0,90.87,0.0,14.0,True,,13.333333333333334,0.062400000000000004,0.13333333333333333,
2720,1i,150.0,5,9.7836,2,5.0,False,3,4.7998,1.0,124.7,scenario_straight_heavy,val,development,0.25,5.0,0.3460000000000001,0.03333333333333333,1.0,-258.44,0.0,19.0,True,,33.333333333333336,1174.032,0.16666666666666666,
2725,1i,150.0,5,8.0464,2,5.0,False,3,3.4034,1.0,64.96,scenario_straight_heavy,val,development,0.25,5.0,8.0464,0.03333333333333333,1.0,-197.46000000000004,0.0,24.0,True,,33.333333333333336,965.5680000000001,0.16666666666666666,
2730,1i,150.0,6,5.2505,2,5.0,False,3,1.9034,1.0,27.41,scenario_straight_heavy,val,development,0.25,4.0,-6.6423,0.03333333333333333,1.0,-115.45000000000002,1.0,4.0,False,5,40.0,756.0719999999999,0.13333333333333333,
2735,1i,150.0,6,1.9239,4,5.0,False,3,0.4034,1.0,12.36,scenario_straight_heavy,val,development,0.25,4.0,-5.6524,0.03333333333333333,0.0,-383.90999999999997,2.0,2.0,True,,40.0,277.04159999999996,0.13333333333333333,
2740,1i,150.0,6,0.0025,5,12.0,False,3,0.0001,1.0,12.0,scenario_straight_heavy,val,development,0.25,11.0,-1.0966,0.08,0.0,-288.88,3.0,1.0,False,5,40.0,0.36000000000000004,0.36666666666666664,
2745,1i,150.0,7,3.2592,6,26.04,False,3,0.0,1.0,12.0,scenario_straight_heavy,val,development,0.25,21.04,3.2579,0.1736,0.0,-193.69,3.0,6.0,False,10,46.66666666666667,547.5456,0.7013333333333333,
2750,1i,150.0,4,3.2636,1,1.0,False,2,13.731,6.23,384.5,scenario_straight_heavy,val,development,0.25,-4.0,-6.52,0.006666666666666667,-1.0,259.8,4.0,4.0,False,15,26.666666666666668,313.3056,-0.13333333333333333,
2755,1i,150.0,3,3.9119,1,1.0,False,1,24.5006,263.64,263.64,scenario_straight_heavy,val,development,0.25,-4.0,-4.1345,0.006666666666666667,-2.0,198.68,4.0,9.0,False,20,20.0,281.65680000000003,-0.13333333333333333,
2760,1i,150.0,3,16.3495,1,1.0,False,1,23.3929,145.21,145.21,scenario_straight_heavy,val,development,0.25,-4.0,11.099,0.006666666666666667,-2.0,117.80000000000001,4.0,14.0,False,25,20.0,1177.164,-0.13333333333333333,
2765,1i,150.0,4,11.0102,1,1.0,False,2,20.3108,46.66,376.4,scenario_straight_heavy,val,development,0.25,-4.0,9.0863,0.006666666666666667,-1.0,364.03999999999996,4.0,19.0,False,30,26.666666666666668,1056.9792,-0.13333333333333333,
2770,1i,150.0,2,0.3802,1,1.0,False,2,14.2507,15.1,240.75,scenario_straight_heavy,val,development,0.25,-11.0,0.3777,0.006666666666666667,-1.0,228.75,4.0,24.0,False,35,13.333333333333334,18.2496,-0.36666666666666664,
2775,1i,150.0,3,7.9313,2,15.04,False,2,11.8969,15.04,111.59,scenario_straight_heavy,val,development,0.25,-11.0,4.6721,0.10026666666666666,-1.0,99.59,5.0,4.0,False,40,20.0,571.0536000000001,-0.36666666666666664,
2780,1i,150.0,2,7.4751,0,0.0,False,2,7.4751,12.59,27.49,scenario_straight_heavy,val,development,0.25,-1.0,4.211500000000001,0.0,0.0,-357.01,6.0,2.0,False,45,13.333333333333334,358.8048,-0.03333333333333333,
2785,1i,150.0,1,0.0358,0,0.0,False,1,0.0358,1.02,1.02,scenario_straight_heavy,val,development,0.25,-1.0,-3.8761,0.0,0.0,-262.62,7.0,1.0,False,50,6.666666666666667,0.8592,-0.03333333333333333,
2790,1i,150.0,2,12.3494,1,1.0,False,1,0.0,1.0,1.0,scenario_straight_heavy,val,development,0.25,0.0,-4.0001,0.006666666666666667,0.0,-144.21,7.0,6.0,False,55,13.333333333333334,592.7712,0.0,
2795,1i,150.0,2,7.3941,1,1.0,False,3,15.9883,1.0,384.82,scenario_straight_heavy,val,development,0.25,0.0,-3.6160999999999994,0.006666666666666667,1.0,8.420000000000016,0.0,4.0,True,,13.333333333333334,354.9168,0.0,
2800,1i,150.0,2,1.1388,1,1.0,False,3,15.4039,1.0,277.32,scenario_straight_heavy,val,development,0.25,0.0,0.7586,0.006666666666666667,1.0,36.56999999999999,0.0,9.0,True,,13.333333333333334,54.662400000000005,0.0,
2805,1i,150.0,4,11.7592,2,5.0,False,3,15.433,1.0,165.28,scenario_straight_heavy,val,development,0.25,-10.04,3.8278999999999996,0.03333333333333333,1.0,53.69,0.0,14.0,True,,26.666666666666668,1128.8832,-0.3346666666666666,
2810,1i,150.0,5,9.6477,2,5.0,False,3,10.6021,1.0,63.58,scenario_straight_heavy,val,development,0.25,5.0,2.1726,0.03333333333333333,1.0,36.09,0.0,19.0,True,,33.333333333333336,1157.7240000000002,0.16666666666666666,
2815,1i,150.0,5,1.9453,2,5.0,False,3,2.7646,1.0,12.64,scenario_straight_heavy,val,development,0.25,5.0,1.9095,0.03333333333333333,2.0,11.620000000000001,0.0,24.0,True,,33.333333333333336,233.43600000000004,0.16666666666666666,
2820,1i,150.0,6,3.9096,5,12.0,False,3,0.0036,1.0,12.0,scenario_straight_heavy,val,development,0.25,11.0,-8.439799999999998,0.08,2.0,11.0,1.0,4.0,False,5,40.0,562.9824000000001,0.36666666666666664,
2825,1i,150.0,6,1.6415,5,12.0,False,3,0.0,1.0,12.0,scenario_straight_heavy,val,development,0.25,11.0,-5.7526,0.08,0.0,-372.82,2.0,2.0,True,,40.0,236.37599999999998,0.36666666666666664,
2830,1i,150.0,6,0.0534,6,19.04,False,3,0.0,1.0,12.0,scenario_straight_heavy,val,development,0.25,18.04,-1.0854,0.12693333333333331,0.0,-265.32,3.0,1.0,False,5,40.0,7.6896,0.6013333333333333,
2835,1i,150.0,7,3.2457,6,19.0,False,3,0.0,1.0,12.0,scenario_straight_heavy,val,development,0.25,14.0,-8.5135,0.12666666666666668,0.0,-153.28,3.0,6.0,False,10,46.66666666666667,545.2776,0.4666666666666667,
2840,1i,150.0,4,4.6941,1,1.0,False,1,6.619,1.22,1.22,scenario_straight_heavy,val,development,0.25,-4.0,-4.953600000000001,0.006666666666666667,-2.0,-62.36,4.0,4.0,False,15,26.666666666666668,450.6336,-0.13333333333333333,
2845,1i,150.0,1,0.0,1,1.0,False,0,,,,scenario_straight_heavy,val,development,0.25,-4.0,-1.9453,0.006666666666666667,-3.0,,4.0,9.0,False,20,6.666666666666667,0.0,-0.13333333333333333,
2850,1i,150.0,3,16.7932,1,1.0,False,0,,,,scenario_straight_heavy,val,development,0.25,-11.0,12.883599999999998,0.006666666666666667,-3.0,,4.0,14.0,False,25,20.0,1209.1104,-0.36666666666666664,
2855,1i,150.0,4,11.2755,1,1.0,False,0,,,,scenario_straight_heavy,val,development,0.25,-11.0,9.633999999999999,0.006666666666666667,-3.0,,4.0,19.0,False,30,26.666666666666668,1082.448,-0.36666666666666664,
2860,1i,150.0,2,0.943,1,1.0,False,0,,,,scenario_straight_heavy,val,development,0.25,-18.04,0.8896,0.006666666666666667,-3.0,,4.0,24.0,False,35,13.333333333333334,45.264,-0.6013333333333333,
2865,1i,150.0,3,8.0492,2,8.0,False,0,,,,scenario_straight_heavy,val,development,0.25,-11.0,4.803500000000001,0.05333333333333334,-3.0,,5.0,4.0,False,40,20.0,579.5424,-0.36666666666666664,
2870,1i,150.0,2,8.543,0,0.0,False,0,,,,scenario_straight_heavy,val,development,0.25,-1.0,3.8488999999999995,0.0,-1.0,,6.0,2.0,False,45,13.333333333333334,410.064,-0.03333333333333333,
2875,1i,150.0,1,0.0,0,0.0,False,0,,,,scenario_straight_heavy,val,development,0.25,-1.0,0.0,0.0,0.0,,7.0,1.0,False,50,6.666666666666667,0.0,-0.03333333333333333,
2880,1i,150.0,2,12.3553,1,1.0,False,0,,,,scenario_straight_heavy,val,development,0.25,0.0,-4.437899999999999,0.006666666666666667,0.0,,7.0,6.0,False,55,13.333333333333334,593.0544000000001,0.0,
2885,1i,150.0,2,5.5059,1,1.0,False,1,26.2963,382.09,382.09,scenario_straight_heavy,val,development,0.25,0.0,-5.7696,0.006666666666666667,1.0,,0.0,4.0,True,,13.333333333333334,264.2832,0.0,
2890,1i,150.0,2,0.0103,2,5.01,False,1,26.9803,248.69,248.69,scenario_straight_heavy,val,development,0.25,4.01,-0.9327,0.0334,1.0,,0.0,9.0,True,,13.333333333333334,0.49440000000000006,0.13366666666666666,
2895,1i,150.0,4,12.156,2,5.0,False,1,24.5832,115.52,115.52,scenario_straight_heavy,val,development,0.25,-3.0,4.1068,0.03333333333333333,1.0,,0.0,14.0,True,,26.666666666666668,1166.976,-0.1,
2900,1i,150.0,5,9.1183,2,5.0,False,1,12.2164,29.96,29.96,scenario_straight_heavy,val,development,0.25,5.0,0.5753000000000004,0.03333333333333333,1.0,,0.0,19.0,True,,33.333333333333336,1094.196,0.16666666666666666,
2905,1i,150.0,5,3.4042,2,5.0,False,1,0.0846,9.01,9.01,scenario_straight_heavy,val,development,0.25,5.0,3.4042,0.03333333333333333,1.0,,0.0,24.0,True,,33.333333333333336,408.504,0.16666666666666666,
2910,1i,150.0,6,4.1189,4,9.0,False,1,0.0,9.0,9.0,scenario_straight_heavy,val,development,0.25,8.0,-8.2364,0.06,1.0,,1.0,4.0,False,5,40.0,593.1216,0.26666666666666666,
2915,1i,150.0,6,1.7855,5,9.0,False,1,0.0,9.0,9.0,scenario_straight_heavy,val,development,0.25,8.0,-3.7203999999999997,0.06,0.0,-373.09,2.0,2.0,True,,40.0,257.112,0.26666666666666666,
2920,1i,150.0,6,0.1011,5,9.0,False,1,0.0,9.0,9.0,scenario_straight_heavy,val,development,0.25,3.99,0.09079999999999999,0.06,0.0,-239.69,3.0,1.0,False,5,40.0,14.5584,0.133,
2925,1i,150.0,7,3.3899,6,13.0,False,1,0.0,9.0,9.0,scenario_straight_heavy,val,development,0.25,8.0,-8.766100000000002,0.08666666666666667,0.0,-106.52,3.0,6.0,False,10,46.66666666666667,569.5032000000001,0.26666666666666666,
2930,1i,150.0,3,6.2397,1,1.0,False,0,,,,scenario_straight_heavy,val,development,0.25,-4.0,-2.8785999999999996,0.006666666666666667,-1.0,,4.0,4.0,False,15,20.0,449.2584,-0.13333333333333333,
2935,1i,150.0,1,0.0,1,1.0,False,0,,,,scenario_straight_heavy,val,development,0.25,-4.0,-3.4042,0.006666666666666667,-1.0,,4.0,9.0,False,20,6.666666666666667,0.0,-0.13333333333333333,
2940,1i,150.0,4,18.5217,1,1.0,False,0,,,,scenario_straight_heavy,val,development,0.25,-8.0,14.4028,0.006666666666666667,-1.0,,4.0,14.0,False,25,26.666666666666668,1778.0831999999998,-0.26666666666666666,
2945,1i,150.0,4,12.0013,1,1.0,False,0,,,,scenario_straight_heavy,val,development,0.25,-8.0,10.2158,0.006666666666666667,-1.0,,4.0,19.0,False,30,26.666666666666668,1152.1248,-0.26666666666666666,
2950,1i,150.0,2,0.5331,1,1.0,False,0,,,,scenario_straight_heavy,val,development,0.25,-8.0,0.43200000000000005,0.006666666666666667,-1.0,,4.0,24.0,False,35,13.333333333333334,25.588800000000003,-0.26666666666666666,
2955,1i,150.0,3,7.9175,2,15.04,False,0,,,,scenario_straight_heavy,val,development,0.25,2.039999999999999,4.5276000000000005,0.10026666666666666,-1.0,,5.0,4.0,False,40,20.0,570.0600000000001,0.06799999999999998,
2960,1i,150.0,2,7.275,0,0.0,False,0,,,,scenario_straight_heavy,val,development,0.25,-1.0,1.0353000000000003,0.0,0.0,,6.0,2.0,False,45,13.333333333333334,349.20000000000005,-0.03333333333333333,
2965,1i,150.0,2,0.1824,0,0.0,False,0,,,,scenario_straight_heavy,val,development,0.25,-1.0,0.1824,0.0,0.0,,7.0,1.0,False,50,13.333333333333334,8.7552,-0.03333333333333333,
2970,1i,150.0,3,8.1523,2,1.0,False,0,,,,scenario_straight_heavy,val,development,0.25,0.0,-10.369399999999999,0.006666666666666667,0.0,,7.0,6.0,False,55,20.0,586.9656,0.0,
2975,1i,150.0,3,3.9074,2,1.0,False,1,26.2162,376.45,376.45,scenario_straight_heavy,val,development,0.25,0.0,-8.093900000000001,0.006666666666666667,1.0,,0.0,4.0,True,,20.0,281.3328,0.0,
2980,1i,150.0,3,0.3503,2,1.0,False,1,27.7561,241.34,241.34,scenario_straight_heavy,val,development,0.25,0.0,-0.18280000000000002,0.006666666666666667,1.0,,0.0,9.0,True,,20.0,25.2216,0.0,
2985,1i,150.0,5,9.8812,3,5.0,False,1,24.4926,109.74,109.74,scenario_straight_heavy,val,development,0.25,-10.04,1.9636999999999993,0.03333333333333333,1.0,,0.0,14.0,True,,33.333333333333336,1185.744,-0.3346666666666666,
2990,1i,150.0,6,6.6856,3,5.0,False,1,11.4257,26.48,26.48,scenario_straight_heavy,val,development,0.25,5.0,-0.5894000000000004,0.03333333333333333,1.0,,0.0,19.0,True,,40.0,962.7264,0.16666666666666666,
2995,1i,150.0,6,2.5253,5,9.22,False,1,0.0516,8.05,8.05,scenario_straight_heavy,val,development,0.25,9.22,2.3429,0.06146666666666667,1.0,,0.0,24.0,True,,40.0,363.6432,0.30733333333333335,
3000,1i,150.0,7,3.3518,5,9.0,False,1,0.0002,8.0,8.0,scenario_straight_heavy,val,development,0.25,8.0,-4.8005,0.06,1.0,,1.0,4.0,False,5,46.66666666666667,563.1024000000001,0.26666666666666666,
3005,1i,150.0,7,1.5082,6,9.0,False,2,13.7262,8.0,373.5,scenario_straight_heavy,val,development,0.25,8.0,-2.3992,0.06,1.0,-2.9499999999999886,2.0,2.0,True,,46.66666666666667,253.37760000000003,0.26666666666666666,
3010,1i,150.0,7,0.0111,7,13.02,False,2,13.0488,8.0,239.82,scenario_straight_heavy,val,development,0.25,12.02,-0.3392,0.0868,1.0,-1.5200000000000102,3.0,1.0,False,5,46.66666666666667,1.8648000000000002,0.40066666666666667,
3015,1i,150.0,8,2.9887,7,13.0,False,2,11.9548,8.0,109.09,scenario_straight_heavy,val,development,0.25,8.0,-6.8925,0.08666666666666667,1.0,-0.6499999999999915,3.0,6.0,False,10,53.333333333333336,573.8304,0.26666666666666666,
3020,1i,150.0,4,3.1189,2,8.0,False,3,12.4873,8.0,373.86,scenario_straight_heavy,val,development,0.25,3.0,-3.5667,0.05333333333333334,2.0,347.38,4.0,4.0,False,15,26.666666666666668,299.4144,0.1,
3025,1i,150.0,2,0.0,2,8.0,False,2,13.6142,8.0,240.29,scenario_straight_heavy,val,development,0.25,-1.2200000000000006,-2.5253,0.05333333333333334,1.0,232.23999999999998,4.0,9.0,False,20,13.333333333333334,0.0,-0.04066666666666669,
3030,1i,150.0,4,12.3476,2,8.0,False,2,12.254,8.0,108.54,scenario_straight_heavy,val,development,0.25,-1.0,8.9958,0.05333333333333334,1.0,100.54,4.0,14.0,False,25,26.666666666666668,1185.3696,-0.03333333333333333,
3035,1i,150.0,5,8.4442,2,8.0,False,2,5.254,8.0,28.0,scenario_straight_heavy,val,development,0.25,-1.0,6.936,0.05333333333333334,0.0,-345.5,4.0,19.0,False,30,33.333333333333336,1013.3040000000002,-0.03333333333333333,
3040,1i,150.0,4,3.3683,3,12.04,False,2,0.1442,8.0,12.04,scenario_straight_heavy,val,development,0.25,-0.9800000000000004,3.3572,0.08026666666666667,0.0,-227.78,4.0,24.0,False,35,26.666666666666668,323.3568,-0.032666666666666684,
3045,1i,150.0,4,0.5619,3,12.0,False,2,0.0001,8.0,12.0,scenario_straight_heavy,val,development,0.25,-1.0,-2.4268,0.08,0.0,-97.09,5.0,4.0,False,40,26.666666666666668,53.9424,-0.03333333333333333,
3050,1i,150.0,4,5.7723,1,1.0,False,2,3.4832,0.9,9.99,scenario_straight_heavy,val,development,0.25,-7.0,2.6534000000000004,0.006666666666666667,-1.0,-363.87,6.0,2.0,False,45,26.666666666666668,554.1408,-0.23333333333333334,
3055,1i,150.0,2,8.0938,1,1.0,False,0,,,,scenario_straight_heavy,val,development,0.25,-7.0,8.0938,0.006666666666666667,-2.0,,7.0,1.0,False,50,13.333333333333334,388.5024,-0.23333333333333334,
3060,1i,150.0,3,8.4397,1,1.0,False,0,,,,scenario_straight_heavy,val,development,0.25,-7.0,-3.9078999999999997,0.006666666666666667,-2.0,,7.0,6.0,False,55,20.0,607.6584,-0.23333333333333334,
3065,1i,150.0,3,4.4262,2,1.0,False,1,24.9671,383.4,383.4,scenario_straight_heavy,val,development,0.25,-7.0,-4.018000000000001,0.006666666666666667,-1.0,355.4,0.0,4.0,True,,20.0,318.6864,-0.23333333333333334,
3070,1i,150.0,3,0.5002,2,1.0,False,1,24.9488,261.53,261.53,scenario_straight_heavy,val,development,0.25,-11.04,-2.8681,0.006666666666666667,-1.0,249.48999999999998,0.0,9.0,True,,20.0,36.014399999999995,-0.368,
3075,1i,150.0,5,9.5101,3,15.04,False,1,24.0033,141.87,141.87,scenario_straight_heavy,val,development,0.25,3.039999999999999,8.9482,0.10026666666666666,-1.0,129.87,0.0,14.0,True,,33.333333333333336,1141.212,0.1013333333333333,
3080,1i,150.0,6,7.43,3,15.04,False,1,15.9945,35.97,35.97,scenario_straight_heavy,val,development,0.25,14.04,1.6576999999999993,0.10026666666666666,-1.0,25.979999999999997,0.0,19.0,True,,40.0,1069.92,0.46799999999999997,
3085,1i,150.0,6,1.1325,3,15.04,False,1,0.9945,1.0,1.0,scenario_straight_heavy,val,development,0.25,14.04,-6.9613,0.10026666666666666,1.0,,0.0,24.0,True,,40.0,163.07999999999998,0.46799999999999997,
3090,1i,150.0,7,3.2021,6,22.04,False,1,0.0,1.0,1.0,scenario_straight_heavy,val,development,0.25,21.04,-5.2376000000000005,0.14693333333333333,1.0,,1.0,4.0,False,5,46.66666666666667,537.9528000000001,0.7013333333333333,
3095,1i,150.0,7,1.3679,6,22.04,False,2,13.829,1.0,374.18,scenario_straight_heavy,val,development,0.25,21.04,-3.0583,0.14693333333333333,1.0,-9.21999999999997,2.0,2.0,True,,46.66666666666667,229.80720000000002,0.7013333333333333,
3100,1i,150.0,7,0.0076,7,29.05,False,2,13.7838,1.0,238.0,scenario_straight_heavy,val,development,0.25,28.05,-0.4926,0.19366666666666668,1.0,-23.529999999999973,3.0,1.0,False,5,46.66666666666667,1.2768000000000002,0.935,
3105,1i,150.0,8,2.7667,7,29.04,False,2,11.0666,1.0,111.81,scenario_straight_heavy,val,development,0.25,14.0,-6.743399999999999,0.1936,1.0,-30.060000000000002,3.0,6.0,False,10,53.333333333333336,531.2064000000001,0.4666666666666667,
3110,1i,150.0,5,2.9426,2,27.81,False,4,15.5533,1.0,377.05,scenario_straight_heavy,val,development,0.25,12.77,-4.487399999999999,0.18539999999999998,3.0,341.08000000000004,4.0,4.0,False,15,33.333333333333336,353.112,0.42566666666666664,
3115,1i,150.0,3,2.8094,1,1.0,False,4,13.9823,1.0,245.25,scenario_straight_heavy,val,development,0.25,-14.04,1.6769,0.006666666666666667,3.0,244.25,4.0,9.0,False,20,20.0,202.27680000000004,-0.46799999999999997,
3120,1i,150.0,3,17.7251,1,1.0,False,3,17.7251,1.0,115.84,scenario_straight_heavy,val,development,0.25,-21.04,14.523000000000001,0.006666666666666667,2.0,114.84,4.0,14.0,False,25,20.0,1276.2072,-0.7013333333333333,
3125,1i,150.0,4,11.3326,1,1.0,False,3,10.2132,1.0,20.4,scenario_straight_heavy,val,development,0.25,-21.04,9.964699999999999,0.006666666666666667,1.0,-353.78000000000003,4.0,19.0,False,30,26.666666666666668,1087.9296,-0.7013333333333333,
3130,1i,150.0,2,5.1143,1,1.0,False,1,0.0,1.0,1.0,scenario_straight_heavy,val,development,0.25,-28.05,5.1067,0.006666666666666667,-1.0,-237.0,4.0,24.0,False,35,13.333333333333334,245.48640000000003,-0.935,
3135,1i,150.0,3,9.2361,1,1.0,False,1,0.0,1.0,1.0,scenario_straight_heavy,val,development,0.25,-28.04,6.4694,0.006666666666666667,-1.0,-110.81,5.0,4.0,False,40,20.0,664.9992,-0.9346666666666666,
3140,1i,150.0,2,9.0719,0,0.0,False,0,,,,scenario_straight_heavy,val,development,0.25,-27.81,6.129299999999999,0.0,-4.0,,6.0,2.0,False,45,13.333333333333334,435.4512,-0.9269999999999999,
3145,1i,150.0,1,0.0,0,0.0,False,0,,,,scenario_straight_heavy,val,development,0.25,-1.0,-2.8094,0.0,-4.0,,7.0,1.0,False,50,6.666666666666667,0.0,-0.03333333333333333,
3150,1i,150.0,2,12.4292,1,1.0,False,0,,,,scenario_straight_heavy,val,development,0.25,0.0,-5.295900000000001,0.006666666666666667,-3.0,,7.0,6.0,False,55,13.333333333333334,596.6016000000001,0.0,
3155,1i,150.0,2,5.4976,1,1.0,False,2,25.787,375.66,383.55,scenario_straight_heavy,val,development,0.25,0.0,-5.834999999999999,0.006666666666666667,-1.0,363.15000000000003,0.0,4.0,True,,13.333333333333334,263.88480000000004,0.0,
3160,1i,150.0,2,0.218,1,1.0,False,2,26.5662,241.5,257.74,scenario_straight_heavy,val,development,0.25,0.0,-4.8963,0.006666666666666667,1.0,256.74,0.0,9.0,True,,13.333333333333334,10.464,0.0,
3165,1i,150.0,4,11.9726,2,5.0,False,2,23.9453,110.93,133.91,scenario_straight_heavy,val,development,0.25,4.0,2.7364999999999995,0.03333333333333333,1.0,132.91,0.0,14.0,True,,26.666666666666668,1149.3696,0.13333333333333333,
3170,1i,150.0,5,8.7328,2,5.0,False,2,13.1829,28.59,33.34,scenario_straight_heavy,val,development,0.25,5.0,-0.3391000000000002,0.03333333333333333,2.0,,0.0,19.0,True,,33.333333333333336,1047.9360000000001,0.16666666666666666,
3175,1i,150.0,5,3.0515,3,9.04,False,2,0.3418,1.0,9.04,scenario_straight_heavy,val,development,0.25,9.04,3.0515,0.06026666666666666,2.0,,0.0,24.0,True,,33.333333333333336,366.18,0.3013333333333333,
3180,1i,150.0,5,0.0,4,9.0,False,2,0.0,1.0,9.0,scenario_straight_heavy,val,development,0.25,8.0,-12.4292,0.06,2.0,,1.0,4.0,False,5,33.333333333333336,0.0,0.26666666666666666,
3185,1i,150.0,6,2.4283,5,9.0,False,2,0.0,1.0,9.0,scenario_straight_heavy,val,development,0.25,8.0,-3.0693,0.06,0.0,-374.55,2.0,2.0,True,,40.0,349.6752,0.26666666666666666,
3190,1i,150.0,6,1.6797,5,9.0,False,2,0.0,1.0,9.0,scenario_straight_heavy,val,development,0.25,8.0,1.4617,0.06,0.0,-248.74,3.0,1.0,False,5,40.0,241.8768,0.26666666666666666,
3195,1i,150.0,7,3.8541,5,9.0,False,2,0.0,1.0,9.0,scenario_straight_heavy,val,development,0.25,4.0,-8.118500000000001,0.06,0.0,-124.91,3.0,6.0,False,10,46.66666666666667,647.4888000000001,0.13333333333333333,
3200,1i,150.0,3,4.4005,1,1.0,False,3,17.7145,1.0,376.15,scenario_straight_heavy,val,development,0.25,-4.0,-4.332299999999999,0.006666666666666667,1.0,342.80999999999995,4.0,4.0,False,15,20.0,316.836,-0.13333333333333333,
3205,1i,150.0,2,3.0223,1,1.0,False,3,17.6289,1.0,241.52,scenario_straight_heavy,val,development,0.25,-8.04,-0.029199999999999893,0.006666666666666667,1.0,232.48000000000002,4.0,9.0,False,20,13.333333333333334,145.0704,-0.26799999999999996,
3210,1i,150.0,4,19.0827,1,1.0,False,3,16.7162,1.0,109.75,scenario_straight_heavy,val,development,0.25,-8.0,19.0827,0.006666666666666667,1.0,100.75,4.0,14.0,False,25,26.666666666666668,1831.9392000000003,-0.26666666666666666,
3215,1i,150.0,4,10.6042,1,1.0,False,3,9.6845,1.0,25.12,scenario_straight_heavy,val,development,0.25,-8.0,8.1759,0.006666666666666667,1.0,16.12,4.0,19.0,False,30,26.666666666666668,1018.0032,-0.26666666666666666,
3220,1i,150.0,2,0.0425,1,1.0,False,2,0.0425,1.0,5.04,scenario_straight_heavy,val,development,0.25,-8.0,-1.6372,0.006666666666666667,0.0,-3.96,4.0,24.0,False,35,13.333333333333334,2.0400000000000005,-0.26666666666666666,
3225,1i,150.0,3,7.8646,2,5.0,False,2,0.0001,1.0,5.0,scenario_straight_heavy,val,development,0.25,-4.0,4.0105,0.03333333333333333,0.0,-4.0,5.0,4.0,False,40,20.0,566.2512,-0.13333333333333333,
3230,1i,150.0,1,15.2667,0,0.0,False,0,,,,scenario_straight_heavy,val,development,0.25,-1.0,10.8662,0.0,-3.0,,6.0,2.0,False,45,6.666666666666667,366.40080000000006,-0.03333333333333333,
3235,1i,150.0,1,2.8562,0,0.0,False,0,,,,scenario_straight_heavy,val,development,0.25,-1.0,-0.16610000000000014,0.0,-3.0,,7.0,1.0,False,50,6.666666666666667,68.5488,-0.03333333333333333,
3240,1i,150.0,1,0.0012,1,1.0,False,0,,,,scenario_straight_heavy,val,development,0.25,0.0,-19.0815,0.006666666666666667,-3.0,,7.0,6.0,False,55,6.666666666666667,0.028800000000000003,0.0,
3245,1i,150.0,2,7.382,1,1.0,False,1,24.5859,383.09,383.09,scenario_straight_heavy,val,development,0.25,0.0,-3.222200000000001,0.006666666666666667,-2.0,357.96999999999997,0.0,4.0,True,,13.333333333333334,354.336,0.0,
3250,1i,150.0,2,5.132,1,1.0,False,1,24.7172,262.23,262.23,scenario_straight_heavy,val,development,0.25,0.0,5.089499999999999,0.006666666666666667,-1.0,257.19,0.0,9.0,True,,13.333333333333334,246.336,0.0,
3255,1i,150.0,4,14.1597,1,1.0,False,1,24.9842,139.81,139.81,scenario_straight_heavy,val,development,0.25,-4.0,6.295100000000001,0.006666666666666667,-1.0,134.81,0.0,14.0,True,,26.666666666666668,1359.3312,-0.13333333333333333,
3260,1i,150.0,5,8.6626,1,1.0,False,2,20.0739,51.07,375.89,scenario_straight_heavy,val,development,0.25,1.0,-6.604100000000001,0.006666666666666667,2.0,,0.0,19.0,True,,33.333333333333336,1039.512,0.03333333333333333,
3265,1i,150.0,5,3.3543,3,8.0,False,2,13.9596,22.95,242.16,scenario_straight_heavy,val,development,0.25,8.0,0.4981,0.05333333333333334,2.0,,0.0,24.0,True,,33.333333333333336,402.516,0.26666666666666666,
3270,1i,150.0,6,3.9751,4,22.04,False,2,10.9774,22.04,116.45,scenario_straight_heavy,val,development,0.25,21.04,3.9739,0.14693333333333333,2.0,,1.0,4.0,False,5,40.0,572.4144,0.7013333333333333,
3275,1i,150.0,6,1.5644,5,22.04,False,2,4.6931,22.04,41.57,scenario_straight_heavy,val,development,0.25,21.04,-5.8176,0.14693333333333333,1.0,-341.52,2.0,2.0,True,,40.0,225.27360000000002,0.7013333333333333,
3280,1i,150.0,6,0.0377,6,29.12,False,2,0.1132,22.04,29.12,scenario_straight_heavy,val,development,0.25,28.12,-5.0943,0.19413333333333335,1.0,-233.11,3.0,1.0,False,5,40.0,5.428800000000001,0.9373333333333334,
3285,1i,150.0,7,3.1272,6,29.04,False,2,0.0,22.04,29.04,scenario_straight_heavy,val,development,0.25,28.04,-11.0325,0.1936,1.0,-110.77000000000001,3.0,6.0,False,10,46.66666666666667,525.3696000000001,0.9346666666666666,
3290,1i,150.0,4,3.1545,1,1.0,False,2,2.0097,17.27,26.89,scenario_straight_heavy,val,development,0.25,0.0,-5.508099999999999,0.006666666666666667,0.0,-349.0,4.0,4.0,False,15,26.666666666666668,302.83200000000005,0.0,
3295,1i,150.0,3,3.7315,1,1.0,False,1,6.4065,8.96,8.96,scenario_straight_heavy,val,development,0.25,-7.0,0.3772000000000002,0.006666666666666667,-1.0,-233.2,4.0,9.0,False,20,20.0,268.668,-0.23333333333333334,
3300,1i,150.0,4,18.6115,1,1.0,False,0,,,,scenario_straight_heavy,val,development,0.25,-21.04,14.6364,0.006666666666666667,-2.0,,4.0,14.0,False,25,26.666666666666668,1786.7040000000002,-0.7013333333333333,
3305,1i,150.0,4,11.4947,1,1.0,False,0,,,,scenario_straight_heavy,val,development,0.25,-21.04,9.930299999999999,0.006666666666666667,-2.0,,4.0,19.0,False,30,26.666666666666668,1103.4912000000002,-0.7013333333333333,
3310,1i,150.0,2,1.1221,1,1.0,False,0,,,,scenario_straight_heavy,val,development,0.25,-28.12,1.0844,0.006666666666666667,-2.0,,4.0,24.0,False,35,13.333333333333334,53.86080000000001,-0.9373333333333334,
3315,1i,150.0,3,7.8083,2,5.0,False,0,,,,scenario_straight_heavy,val,development,0.25,-24.04,4.6811,0.03333333333333333,-2.0,,5.0,4.0,False,40,20.0,562.1976,-0.8013333333333333,
3320,1i,150.0,1,14.8997,0,0.0,False,0,,,,scenario_straight_heavy,val,development,0.25,-1.0,11.745199999999999,0.0,-2.0,,6.0,2.0,False,45,6.666666666666667,357.5928,-0.03333333333333333,
3325,1i,150.0,1,2.4509,0,0.0,False,0,,,,scenario_straight_heavy,val,development,0.25,-1.0,-1.2806000000000002,0.0,-1.0,,7.0,1.0,False,50,6.666666666666667,58.821600000000004,-0.03333333333333333,
3330,1i,150.0,2,11.7756,1,1.0,False,0,,,,scenario_straight_heavy,val,development,0.25,0.0,-6.835899999999999,0.006666666666666667,0.0,,7.0,6.0,False,55,13.333333333333334,565.2288000000001,0.0,
3335,1i,150.0,2,7.569,1,1.0,False,0,,,,scenario_straight_heavy,val,development,0.25,0.0,-3.9257,0.006666666666666667,0.0,,0.0,4.0,True,,13.333333333333334,363.312,0.0,
3340,1i,150.0,2,0.7426,1,1.0,False,0,,,,scenario_straight_heavy,val,development,0.25,0.0,-0.37950000000000006,0.006666666666666667,0.0,,0.0,9.0,True,,13.333333333333334,35.644800000000004,0.0,
3345,1i,150.0,2,0.0001,2,8.0,False,0,,,,scenario_straight_heavy,val,development,0.25,3.0,-7.8082,0.05333333333333334,0.0,,0.0,14.0,True,,13.333333333333334,0.0048000000000000004,0.1,
3350,1i,150.0,5,10.7383,2,8.0,False,0,,,,scenario_straight_heavy,val,development,0.25,8.0,-4.161399999999999,0.05333333333333334,0.0,,0.0,19.0,True,,33.333333333333336,1288.5960000000002,0.26666666666666666,
3355,1i,150.0,5,8.8979,2,8.0,False,0,,,,scenario_straight_heavy,val,development,0.25,8.0,6.447,0.05333333333333334,0.0,,0.0,24.0,True,,33.333333333333336,1067.748,0.26666666666666666,
3360,1i,150.0,5,0.5619,3,8.0,False,0,,,,scenario_straight_heavy,val,development,0.25,7.0,-11.213700000000001,0.05333333333333334,0.0,,1.0,4.0,False,5,33.333333333333336,67.428,0.23333333333333334,
3365,1i,150.0,6,2.8331,5,15.0,False,0,,,,scenario_straight_heavy,val,development,0.25,14.0,-4.7359,0.1,0.0,,2.0,2.0,True,,40.0,407.9664,0.4666666666666667,
3370,1i,150.0,6,1.7535,5,15.0,False,0,,,,scenario_straight_heavy,val,development,0.25,14.0,1.0109,0.1,0.0,,3.0,1.0,False,5,40.0,252.50400000000002,0.4666666666666667,
3375,1i,150.0,7,3.8243,5,15.0,False,0,,,,scenario_straight_heavy,val,development,0.25,7.0,3.8242,0.1,0.0,,3.0,6.0,False,10,46.66666666666667,642.4824000000001,0.23333333333333334,
3380,1i,150.0,4,5.0978,1,1.0,False,0,,,,scenario_straight_heavy,val,development,0.25,-7.0,-5.6405,0.006666666666666667,0.0,,4.0,4.0,False,15,26.666666666666668,489.38880000000006,-0.23333333333333334,
3385,1i,150.0,2,4.6816,1,1.0,False,0,,,,scenario_straight_heavy,val,development,0.25,-7.0,-4.2162999999999995,0.006666666666666667,0.0,,4.0,9.0,False,20,13.333333333333334,224.71680000000003,-0.23333333333333334,
3390,1i,150.0,4,18.2105,1,1.0,False,0,,,,scenario_straight_heavy,val,development,0.25,-7.0,17.6486,0.006666666666666667,0.0,,4.0,14.0,False,25,26.666666666666668,1748.208,-0.23333333333333334,
3395,1i,150.0,4,11.1713,1,1.0,False,1,26.8642,376.16,376.16,scenario_straight_heavy,val,development,0.25,-14.0,8.3382,0.006666666666666667,1.0,,4.0,19.0,False,30,26.666666666666668,1072.4448000000002,-0.4666666666666667,
3400,1i,150.0,2,0.0072,2,15.04,False,1,27.2612,243.51,243.51,scenario_straight_heavy,val,development,0.25,0.03999999999999915,-1.7463,0.10026666666666666,1.0,,4.0,24.0,False,35,13.333333333333334,0.3456,0.0013333333333333049,
3405,1i,150.0,3,8.1261,2,15.04,False,1,24.3784,113.27,113.27,scenario_straight_heavy,val,development,0.25,0.03999999999999915,4.301799999999999,0.10026666666666666,1.0,,5.0,4.0,False,40,20.0,585.0792,0.0013333333333333049,
3410,1i,150.0,2,7.5743,0,0.0,False,1,13.8488,26.4,26.4,scenario_straight_heavy,val,development,0.25,-1.0,2.4764999999999997,0.0,1.0,,6.0,2.0,False,45,13.333333333333334,363.5664,-0.03333333333333333,
3415,1i,150.0,2,0.2091,0,0.0,False,1,0.0,1.0,1.0,scenario_straight_heavy,val,development,0.25,-1.0,-4.4725,0.0,1.0,,7.0,1.0,False,50,13.333333333333334,10.036800000000001,-0.03333333333333333,
3420,1i,150.0,3,8.2635,2,1.0,False,1,0.0,1.0,1.0,scenario_straight_heavy,val,development,0.25,0.0,-9.947,0.006666666666666667,1.0,,7.0,6.0,False,55,20.0,594.9720000000001,0.0,
3425,1i,150.0,3,3.782,2,1.0,False,1,0.0,1.0,1.0,scenario_straight_heavy,val,development,0.25,0.0,-7.3893,0.006666666666666667,0.0,-375.16,0.0,4.0,True,,20.0,272.304,0.0,
3430,1i,150.0,3,0.0858,3,5.18,False,1,0.0,1.0,1.0,scenario_straight_heavy,val,development,0.25,-9.86,0.0786,0.03453333333333333,0.0,-242.51,0.0,9.0,True,,20.0,6.1776,-0.32866666666666666,
3435,1i,150.0,6,12.3195,3,5.0,False,1,0.0,1.0,1.0,scenario_straight_heavy,val,development,0.25,-10.04,4.1934000000000005,0.03333333333333333,0.0,-112.27,0.0,14.0,True,,40.0,1774.008,-0.3346666666666666,
3440,1i,150.0,6,6.3776,3,5.0,False,1,0.0,1.0,1.0,scenario_straight_heavy,val,development,0.25,5.0,-1.1966999999999999,0.03333333333333333,0.0,-25.4,0.0,19.0,True,,40.0,918.3744,0.16666666666666666,
3445,1i,150.0,6,0.5699,3,5.0,False,1,0.0,1.0,1.0,scenario_straight_heavy,val,development,0.25,5.0,0.36079999999999995,0.03333333333333333,0.0,0.0,0.0,24.0,True,,40.0,82.06559999999999,0.16666666666666666,
3450,1i,150.0,7,3.3166,6,9.0,False,1,0.0,1.0,1.0,scenario_straight_heavy,val,development,0.25,8.0,-4.9469,0.06,0.0,0.0,1.0,4.0,False,5,46.66666666666667,557.1888000000001,0.26666666666666666,
3455,1i,150.0,7,1.5671,6,9.0,False,1,0.0,1.0,1.0,scenario_straight_heavy,val,development,0.25,8.0,-2.2149,0.06,0.0,0.0,2.0,2.0,True,,46.66666666666667,263.2728,0.26666666666666666,
3460,1i,150.0,7,0.004,7,16.01,False,1,0.0,1.0,1.0,scenario_straight_heavy,val,development,0.25,10.830000000000002,-0.0818,0.10673333333333335,0.0,0.0,3.0,1.0,False,5,46.66666666666667,0.6720000000000002,0.36100000000000004,
3465,1i,150.0,7,0.0,7,16.0,False,1,0.0,1.0,1.0,scenario_straight_heavy,val,development,0.25,11.0,-12.3195,0.10666666666666667,0.0,0.0,3.0,6.0,False,10,46.66666666666667,0.0,0.36666666666666664,
3470,1i,150.0,4,4.443,2,5.0,False,0,,,,scenario_straight_heavy,val,development,0.25,0.0,-1.9346000000000005,0.03333333333333333,-1.0,,4.0,4.0,False,15,26.666666666666668,426.528,0.0,
3475,1i,150.0,3,4.7146,2,5.0,False,0,,,,scenario_straight_heavy,val,development,0.25,0.0,4.1447,0.03333333333333333,-1.0,,4.0,9.0,False,20,20.0,339.45120000000003,0.0,
3480,1i,150.0,3,8.9297,2,5.0,False,0,,,,scenario_straight_heavy,val,development,0.25,-4.0,5.6131,0.03333333333333333,-1.0,,4.0,14.0,False,25,20.0,642.9384,-0.13333333333333333,
3485,1i,150.0,5,9.3751,2,5.0,False,0,,,,scenario_straight_heavy,val,development,0.25,-4.0,7.808,0.03333333333333333,-1.0,,4.0,19.0,False,30,33.333333333333336,1125.0120000000002,-0.13333333333333333,
3490,1i,150.0,4,6.7522,2,5.0,False,0,,,,scenario_straight_heavy,val,development,0.25,-11.010000000000002,6.748200000000001,0.03333333333333333,-1.0,,4.0,24.0,False,35,26.666666666666668,648.2112000000001,-0.36700000000000005,
3495,1i,150.0,5,6.3582,2,5.0,False,0,,,,scenario_straight_heavy,val,development,0.25,-11.0,6.3582,0.03333333333333333,-1.0,,5.0,4.0,False,40,33.333333333333336,762.984,-0.36666666666666664,
3500,1i,150.0,3,4.9664,1,1.0,False,0,,,,scenario_straight_heavy,val,development,0.25,-4.0,0.5234000000000005,0.006666666666666667,0.0,,6.0,2.0,False,45,20.0,357.5808,-0.13333333333333333,
3505,1i,150.0,2,0.2827,1,1.0,False,0,,,,scenario_straight_heavy,val,development,0.25,-4.0,-4.4319,0.006666666666666667,0.0,,7.0,1.0,False,50,13.333333333333334,13.5696,-0.13333333333333333,
3510,1i,150.0,3,7.9635,2,8.0,False,0,,,,scenario_straight_heavy,val,development,0.25,3.0,-0.9662000000000006,0.05333333333333334,0.0,,7.0,6.0,False,55,20.0,573.3720000000001,0.1,
3515,1i,150.0,3,3.5204,2,8.0,False,0,,,,scenario_straight_heavy,val,development,0.25,3.0,-5.854699999999999,0.05333333333333334,0.0,,0.0,4.0,True,,20.0,253.4688,0.1,
3520,1i,150.0,3,0.0727,2,8.0,False,0,,,,scenario_straight_heavy,val,development,0.25,3.0,-6.6795,0.05333333333333334,0.0,,0.0,9.0,True,,20.0,5.2344,0.1,
3525,1i,150.0,5,9.6417,3,12.0,False,0,,,,scenario_straight_heavy,val,development,0.25,7.0,3.2835,0.08,0.0,,0.0,14.0,True,,33.333333333333336,1157.0040000000001,0.23333333333333334,
3530,1i,150.0,6,7.0985,3,12.0,False,0,,,,scenario_straight_heavy,val,development,0.25,11.0,2.1320999999999994,0.08,0.0,,0.0,19.0,True,,40.0,1022.184,0.36666666666666664,
3535,1i,150.0,6,2.2209,4,16.01,False,0,,,,scenario_straight_heavy,val,development,0.25,15.010000000000002,1.9382,0.10673333333333335,0.0,,0.0,24.0,True,,40.0,319.8096,0.5003333333333334,
3540,1i,150.0,7,3.5591,5,16.0,False,0,,,,scenario_straight_heavy,val,development,0.25,8.0,-4.4044,0.10666666666666667,0.0,,1.0,4.0,False,5,46.66666666666667,597.9288000000001,0.26666666666666666,
3545,1i,150.0,7,2.0034,6,16.0,False,0,,,,scenario_straight_heavy,val,development,0.25,8.0,-1.517,0.10666666666666667,0.0,,2.0,2.0,True,,46.66666666666667,336.57120000000003,0.26666666666666666,
3550,1i,150.0,7,0.0273,6,16.0,False,0,,,,scenario_straight_heavy,val,development,0.25,8.0,-0.045399999999999996,0.10666666666666667,0.0,,3.0,1.0,False,5,46.66666666666667,4.586400000000001,0.26666666666666666,
3555,1i,150.0,8,3.1177,7,20.01,False,0,,,,scenario_straight_heavy,val,development,0.25,8.010000000000002,-6.524,0.13340000000000002,0.0,,3.0,6.0,False,10,53.333333333333336,598.5984000000001,0.26700000000000007,
3560,1i,150.0,5,4.4219,2,19.63,False,1,26.1654,376.39,376.39,scenario_straight_heavy,val,development,0.25,7.629999999999999,-2.6765999999999996,0.13086666666666666,1.0,,4.0,4.0,False,15,33.333333333333336,530.628,0.2543333333333333,
3565,1i,150.0,2,4.1626,1,1.0,False,1,27.4662,240.59,240.59,scenario_straight_heavy,val,development,0.25,-15.010000000000002,1.9417000000000004,0.006666666666666667,1.0,,4.0,9.0,False,20,13.333333333333334,199.80480000000003,-0.5003333333333334,
3570,1i,150.0,4,18.6221,1,1.0,False,1,23.5896,109.97,109.97,scenario_straight_heavy,val,development,0.25,-15.0,15.062999999999999,0.006666666666666667,1.0,,4.0,14.0,False,25,26.666666666666668,1787.7215999999999,-0.5,
3575,1i,150.0,4,11.0807,1,1.0,False,1,10.3497,30.36,30.36,scenario_straight_heavy,val,development,0.25,-15.0,9.077300000000001,0.006666666666666667,1.0,,4.0,19.0,False,30,26.666666666666668,1063.7472,-0.5,
3580,1i,150.0,2,0.0176,2,15.06,False,1,0.0352,15.06,15.06,scenario_straight_heavy,val,development,0.25,-0.9399999999999995,-0.0097,0.1004,1.0,,4.0,24.0,False,35,13.333333333333334,0.8448,-0.03133333333333332,
3585,1i,150.0,2,0.0001,2,15.04,False,1,0.0001,15.04,15.04,scenario_straight_heavy,val,development,0.25,-4.970000000000002,-3.1176,0.10026666666666666,1.0,,5.0,4.0,False,40,13.333333333333334,0.0048000000000000004,-0.16566666666666674,
3590,1i,150.0,2,9.7417,0,0.0,False,1,1.3271,12.96,12.96,scenario_straight_heavy,val,development,0.25,-19.63,5.3198,0.0,0.0,-363.43,6.0,2.0,False,45,13.333333333333334,467.6016000000001,-0.6543333333333333,
3595,1i,150.0,2,8.0395,0,0.0,False,1,0.1121,1.02,1.02,scenario_straight_heavy,val,development,0.25,-1.0,3.8769,0.0,0.0,-239.57,7.0,1.0,False,50,13.333333333333334,385.8960000000001,-0.03333333333333333,
3600,1i,150.0,2,0.6114,1,1.0,False,1,0.0,1.0,1.0,scenario_straight_heavy,val,development,0.25,0.0,-18.0107,0.006666666666666667,0.0,-108.97,7.0,6.0,False,55,13.333333333333334,29.347200000000004,0.0,
0,2i,150.0,0,0.0,0,0.0,False,0,,,,scenario_straight_heavy,val,development,0.25,,,0.0,,,,,,,0.0,0.0,,
5,2i,150.0,0,0.0,0,0.0,False,3,26.0824,376.23,384.2,scenario_straight_heavy,val,development,0.25,,,0.0,,,0.0,4.0,True,,0.0,0.0,,
10,2i,150.0,0,0.0,0,0.0,False,3,26.3249,242.06,263.3,scenario_straight_heavy,val,development,0.25,,,0.0,,,0.0,9.0,True,,0.0,0.0,,
15,2i,150.0,3,25.5834,0,0.0,False,3,25.5834,107.67,141.39,scenario_straight_heavy,val,development,0.25,,,0.0,,,0.0,14.0,True,,20.0,1842.0048,,
20,2i,150.0,3,13.311,0,0.0,False,3,13.311,18.5,38.04,scenario_straight_heavy,val,development,0.25,,,0.0,,,0.0,19.0,True,,20.0,958.392,,
25,2i,150.0,3,0.4948,2,1.0,False,3,0.4948,1.0,1.0,scenario_straight_heavy,val,development,0.25,,,0.006666666666666667,,,0.0,24.0,True,,20.0,35.625600000000006,,
30,2i,150.0,4,6.0855,3,1.0,False,3,0.0,1.0,1.0,scenario_straight_heavy,val,development,0.25,1.0,6.0855,0.006666666666666667,3.0,,1.0,4.0,False,5,26.666666666666668,584.208,0.03333333333333333,
35,2i,150.0,4,3.8002,3,1.0,False,4,4.6499,1.0,401.06,scenario_straight_heavy,val,development,0.25,1.0,3.8002,0.006666666666666667,1.0,16.860000000000014,2.0,2.0,True,,26.666666666666668,364.81919999999997,0.03333333333333333,
40,2i,150.0,4,0.3347,3,1.0,False,4,4.5512,1.0,307.28,scenario_straight_heavy,val,development,0.25,1.0,0.3347,0.006666666666666667,1.0,43.97999999999996,3.0,1.0,False,5,26.666666666666668,32.1312,0.03333333333333333,
45,2i,150.0,4,0.0,4,8.0,False,4,4.6021,1.0,214.07,scenario_straight_heavy,val,development,0.25,8.0,-25.5834,0.05333333333333334,1.0,72.68,3.0,6.0,False,10,26.666666666666668,0.0,0.26666666666666666,
50,2i,150.0,2,9.6736,1,1.0,False,3,15.2194,1.0,376.41,scenario_straight_heavy,val,development,0.25,1.0,-3.6373999999999995,0.006666666666666667,0.0,338.37,4.0,4.0,False,15,13.333333333333334,464.3328000000001,0.03333333333333333,
55,2i,150.0,2,7.7283,1,1.0,False,3,14.1896,1.0,240.84,scenario_straight_heavy,val,development,0.25,0.0,7.2335,0.006666666666666667,0.0,239.84,4.0,9.0,False,20,13.333333333333334,370.95840000000004,0.0,
60,2i,150.0,4,18.9847,1,1.0,False,2,11.9444,1.0,109.39,scenario_straight_heavy,val,development,0.25,0.0,12.8992,0.006666666666666667,-1.0,108.39,4.0,14.0,False,25,26.666666666666668,1822.5312000000001,0.0,
65,2i,150.0,4,10.6733,1,1.0,False,2,5.8174,1.0,23.79,scenario_straight_heavy,val,development,0.25,0.0,6.873099999999999,0.006666666666666667,-2.0,-377.27,4.0,19.0,False,30,26.666666666666668,1024.6368,0.0,
70,2i,150.0,2,0.0872,2,5.02,False,2,0.0872,1.0,5.02,scenario_straight_heavy,val,development,0.25,4.02,-0.2475,0.033466666666666665,-2.0,-302.26,4.0,24.0,False,35,13.333333333333334,4.185600000000001,0.13399999999999998,
75,2i,150.0,3,8.3249,2,5.0,False,2,0.0,1.0,5.0,scenario_straight_heavy,val,development,0.25,-3.0,8.3249,0.03333333333333333,-2.0,-209.07,5.0,4.0,False,40,20.0,599.3928,-0.1,
80,2i,150.0,1,12.3244,0,0.0,False,0,,,,scenario_straight_heavy,val,development,0.25,-1.0,2.6508000000000003,0.0,-3.0,,6.0,2.0,False,45,6.666666666666667,295.78560000000004,-0.03333333333333333,
85,2i,150.0,1,0.0745,0,0.0,False,0,,,,scenario_straight_heavy,val,development,0.25,-1.0,-7.6538,0.0,-3.0,,7.0,1.0,False,50,6.666666666666667,1.788,-0.03333333333333333,
90,2i,150.0,2,12.1389,1,1.0,False,0,,,,scenario_straight_heavy,val,development,0.25,0.0,-6.8458000000000006,0.006666666666666667,-2.0,,7.0,6.0,False,55,13.333333333333334,582.6672000000001,0.0,
95,2i,150.0,2,5.6101,1,1.0,False,1,19.2808,396.72,396.72,scenario_straight_heavy,val,development,0.25,0.0,-5.063199999999999,0.006666666666666667,-1.0,372.93,0.0,4.0,True,,13.333333333333334,269.2848,0.0,
100,2i,150.0,2,0.0872,1,1.0,False,1,18.8437,300.82,300.82,scenario_straight_heavy,val,development,0.25,-4.02,0.0,0.006666666666666667,-1.0,295.8,0.0,9.0,True,,13.333333333333334,4.185600000000001,-0.13399999999999998,
105,2i,150.0,4,12.1777,2,5.0,False,1,19.2213,205.3,205.3,scenario_straight_heavy,val,development,0.25,0.0,3.8528000000000002,0.03333333333333333,-1.0,200.3,0.0,14.0,True,,26.666666666666668,1169.0592000000001,0.0,
110,2i,150.0,5,9.885,2,5.0,False,1,18.0005,110.64,110.64,scenario_straight_heavy,val,development,0.25,5.0,-2.439400000000001,0.03333333333333333,1.0,,0.0,19.0,True,,33.333333333333336,1186.2,0.16666666666666666,
115,2i,150.0,5,3.5212,2,5.0,False,1,14.7002,29.8,29.8,scenario_straight_heavy,val,development,0.25,5.0,3.4467,0.03333333333333333,1.0,,0.0,24.0,True,,33.333333333333336,422.54400000000004,0.16666666666666666,
120,2i,150.0,5,0.0013,4,9.01,False,1,0.0,1.0,1.0,scenario_straight_heavy,val,development,0.25,8.01,-12.137599999999999,0.060066666666666664,1.0,,1.0,4.0,False,5,33.333333333333336,0.15600000000000003,0.267,
125,2i,150.0,6,3.0496,5,9.0,False,2,13.1817,1.0,376.08,scenario_straight_heavy,val,development,0.25,8.0,-2.5605,0.06,1.0,-20.640000000000043,2.0,2.0,True,,40.0,439.1424,0.26666666666666666,
130,2i,150.0,6,1.7996,5,9.0,False,2,13.5646,1.0,243.14,scenario_straight_heavy,val,development,0.25,8.0,1.7124000000000001,0.06,1.0,-57.68000000000001,3.0,1.0,False,5,40.0,259.1424,0.26666666666666666,
135,2i,150.0,7,3.671,5,9.0,False,2,11.1996,1.0,115.36,scenario_straight_heavy,val,development,0.25,4.0,-8.5067,0.06,1.0,-89.94000000000001,3.0,6.0,False,10,46.66666666666667,616.7280000000001,0.13333333333333333,
140,2i,150.0,3,4.3581,1,1.0,False,2,16.9353,41.21,384.27,scenario_straight_heavy,val,development,0.25,-4.0,-5.5268999999999995,0.006666666666666667,1.0,273.63,4.0,4.0,False,15,20.0,313.7832,-0.13333333333333333,
145,2i,150.0,2,5.0968,1,1.0,False,2,17.5939,0.54,263.54,scenario_straight_heavy,val,development,0.25,-4.0,1.5756000000000001,0.006666666666666667,1.0,233.74,4.0,9.0,False,20,13.333333333333334,244.64640000000003,-0.13333333333333333,
150,2i,150.0,3,16.5709,1,1.0,False,1,24.6609,140.92,140.92,scenario_straight_heavy,val,development,0.25,-8.01,16.5696,0.006666666666666667,0.0,139.92,4.0,14.0,False,25,20.0,1193.1048,-0.267,
155,2i,150.0,4,12.4923,1,1.0,False,1,14.8275,41.37,41.37,scenario_straight_heavy,val,development,0.25,-8.0,9.4427,0.006666666666666667,-1.0,-334.71,4.0,19.0,False,30,26.666666666666668,1199.2608000000002,-0.26666666666666666,
160,2i,150.0,3,4.9042,1,1.0,False,1,1.2146,8.07,8.07,scenario_straight_heavy,val,development,0.25,-8.0,3.1046000000000005,0.006666666666666667,-1.0,-235.07,4.0,24.0,False,35,20.0,353.1024,-0.26666666666666666,
165,2i,150.0,4,6.3578,2,8.0,False,1,0.0,8.0,8.0,scenario_straight_heavy,val,development,0.25,-1.0,2.6868000000000003,0.05333333333333334,-1.0,-107.36,5.0,4.0,False,40,26.666666666666668,610.3488000000001,-0.03333333333333333,
170,2i,150.0,3,6.0254,1,1.0,False,1,5.2732,0.77,0.77,scenario_straight_heavy,val,development,0.25,0.0,1.6673,0.006666666666666667,-1.0,-383.5,6.0,2.0,False,45,20.0,433.8288,0.0,
175,2i,150.0,2,0.1561,1,1.0,False,0,,,,scenario_straight_heavy,val,development,0.25,0.0,-4.9407,0.006666666666666667,-2.0,,7.0,1.0,False,50,13.333333333333334,7.492800000000001,0.0,
180,2i,150.0,3,8.3503,2,1.0,False,0,,,,scenario_straight_heavy,val,development,0.25,0.0,-8.220600000000001,0.006666666666666667,-1.0,,7.0,6.0,False,55,20.0,601.2216000000001,0.0,
185,2i,150.0,3,3.9165,2,1.0,False,0,,,,scenario_straight_heavy,val,development,0.25,0.0,-8.575800000000001,0.006666666666666667,-1.0,,0.0,4.0,True,,20.0,281.988,0.0,
190,2i,150.0,3,0.0309,3,5.05,False,0,,,,scenario_straight_heavy,val,development,0.25,4.05,-4.8733,0.033666666666666664,-1.0,,0.0,9.0,True,,20.0,2.2248,0.13499999999999998,
195,2i,150.0,5,9.8973,3,5.0,False,0,,,,scenario_straight_heavy,val,development,0.25,-3.0,3.5394999999999994,0.03333333333333333,-1.0,,0.0,14.0,True,,33.333333333333336,1187.6760000000002,-0.1,
200,2i,150.0,6,6.3533,3,5.0,False,0,,,,scenario_straight_heavy,val,development,0.25,4.0,0.32789999999999964,0.03333333333333333,-1.0,,0.0,19.0,True,,40.0,914.8752000000001,0.13333333333333333,
205,2i,150.0,6,1.7636,4,5.0,False,0,,,,scenario_straight_heavy,val,development,0.25,4.0,1.6075000000000002,0.03333333333333333,0.0,,0.0,24.0,True,,40.0,253.95839999999998,0.13333333333333333,
210,2i,150.0,7,3.8335,5,13.71,False,0,,,,scenario_straight_heavy,val,development,0.25,12.71,-4.516800000000001,0.09140000000000001,0.0,,1.0,4.0,False,5,46.66666666666667,644.028,0.4236666666666667,
215,2i,150.0,7,1.5995,5,13.71,False,0,,,,scenario_straight_heavy,val,development,0.25,12.71,-2.317,0.09140000000000001,0.0,,2.0,2.0,True,,46.66666666666667,268.716,0.4236666666666667,
220,2i,150.0,7,0.084,6,13.71,False,0,,,,scenario_straight_heavy,val,development,0.25,8.66,0.05310000000000001,0.09140000000000001,0.0,,3.0,1.0,False,5,46.66666666666667,14.112000000000002,0.2886666666666667,
225,2i,150.0,7,0.0,7,23.04,False,0,,,,scenario_straight_heavy,val,development,0.25,18.04,-9.8973,0.1536,0.0,,3.0,6.0,False,10,46.66666666666667,0.0,0.6013333333333333,
230,2i,150.0,4,5.1949,1,1.0,False,1,24.2959,386.64,386.64,scenario_straight_heavy,val,development,0.25,-4.0,-1.1584000000000003,0.006666666666666667,1.0,,4.0,4.0,False,15,26.666666666666668,498.71039999999994,-0.13333333333333333,
235,2i,150.0,3,5.9774,1,1.0,False,1,23.3318,265.31,265.31,scenario_straight_heavy,val,development,0.25,-4.0,4.2138,0.006666666666666667,1.0,,4.0,9.0,False,20,20.0,430.37280000000004,-0.13333333333333333,
240,2i,150.0,3,16.8948,1,1.0,False,1,24.7099,144.21,144.21,scenario_straight_heavy,val,development,0.25,-12.71,13.0613,0.006666666666666667,1.0,,4.0,14.0,False,25,20.0,1216.4256,-0.4236666666666667,
245,2i,150.0,4,12.1272,1,1.0,False,1,15.6487,41.25,41.25,scenario_straight_heavy,val,development,0.25,-12.71,10.5277,0.006666666666666667,1.0,,4.0,19.0,False,30,26.666666666666668,1164.2112000000002,-0.4236666666666667,
250,2i,150.0,2,5.6716,1,1.0,False,0,,,,scenario_straight_heavy,val,development,0.25,-12.71,5.5876,0.006666666666666667,0.0,,4.0,24.0,False,35,13.333333333333334,272.2368,-0.4236666666666667,
255,2i,150.0,2,2.0498,1,1.0,False,0,,,,scenario_straight_heavy,val,development,0.25,-22.04,2.0498,0.006666666666666667,0.0,,5.0,4.0,False,40,13.333333333333334,98.3904,-0.7346666666666667,
260,2i,150.0,2,10.443,0,0.0,False,0,,,,scenario_straight_heavy,val,development,0.25,-1.0,5.2481,0.0,-1.0,,6.0,2.0,False,45,13.333333333333334,501.264,-0.03333333333333333,
265,2i,150.0,1,15.3546,0,0.0,False,0,,,,scenario_straight_heavy,val,development,0.25,-1.0,9.377199999999998,0.0,-1.0,,7.0,1.0,False,50,6.666666666666667,368.5104,-0.03333333333333333,
270,2i,150.0,2,12.1294,0,0.0,False,0,,,,scenario_straight_heavy,val,development,0.25,-1.0,-4.7654,0.0,-1.0,,7.0,6.0,False,55,13.333333333333334,582.2112000000001,-0.03333333333333333,
275,2i,150.0,2,5.3385,1,1.0,False,1,24.0993,384.38,384.38,scenario_straight_heavy,val,development,0.25,0.0,-6.7887,0.006666666666666667,0.0,343.13,0.0,4.0,True,,13.333333333333334,256.248,0.0,
280,2i,150.0,2,0.0011,2,13.71,False,1,24.1894,264.82,264.82,scenario_straight_heavy,val,development,0.25,12.71,-5.6705,0.09140000000000001,1.0,,0.0,9.0,True,,13.333333333333334,0.0528,0.4236666666666667,
285,2i,150.0,5,14.2157,2,13.71,False,1,23.7538,144.71,144.71,scenario_straight_heavy,val,development,0.25,12.71,12.1659,0.09140000000000001,1.0,,0.0,14.0,True,,33.333333333333336,1705.8840000000002,0.4236666666666667,
290,2i,150.0,5,8.657,2,13.71,False,1,16.9288,47.07,47.07,scenario_straight_heavy,val,development,0.25,13.71,-1.7859999999999996,0.09140000000000001,1.0,,0.0,19.0,True,,33.333333333333336,1038.8400000000001,0.457,
295,2i,150.0,5,1.1937,3,17.83,False,1,3.8167,2.65,2.65,scenario_straight_heavy,val,development,0.25,17.83,-14.1609,0.11886666666666666,1.0,,0.0,24.0,True,,33.333333333333336,143.244,0.5943333333333333,
300,2i,150.0,6,3.9844,5,17.71,False,1,0.0008,1.0,1.0,scenario_straight_heavy,val,development,0.25,17.71,-8.145,0.11806666666666667,1.0,,1.0,4.0,False,5,40.0,573.7536,0.5903333333333334,
305,2i,150.0,6,2.3237,5,17.71,False,1,0.0,1.0,1.0,scenario_straight_heavy,val,development,0.25,16.71,-3.0147999999999997,0.11806666666666667,0.0,-383.38,2.0,2.0,True,,40.0,334.6128,0.557,
310,2i,150.0,6,0.0469,5,17.71,False,1,0.0,1.0,1.0,scenario_straight_heavy,val,development,0.25,4.0,0.0458,0.11806666666666667,0.0,-263.82,3.0,1.0,False,5,40.0,6.7536,0.13333333333333333,
315,2i,150.0,6,0.0,6,21.71,False,1,0.0,1.0,1.0,scenario_straight_heavy,val,development,0.25,8.0,-14.2157,0.14473333333333335,0.0,-143.71,3.0,6.0,False,10,40.0,0.0,0.26666666666666666,
320,2i,150.0,4,5.7408,1,1.0,False,1,27.1843,376.73,376.73,scenario_straight_heavy,val,development,0.25,-12.71,-2.9162,0.006666666666666667,0.0,329.66,4.0,4.0,False,15,26.666666666666668,551.1168000000001,-0.4236666666666667,
325,2i,150.0,2,6.4985,1,1.0,False,1,26.1458,243.22,243.22,scenario_straight_heavy,val,development,0.25,-16.83,5.3048,0.006666666666666667,0.0,240.57,4.0,9.0,False,20,13.333333333333334,311.928,-0.5609999999999999,
330,2i,150.0,4,18.7289,1,1.0,False,1,25.0577,111.37,111.37,scenario_straight_heavy,val,development,0.25,-16.71,14.744499999999999,0.006666666666666667,0.0,110.37,4.0,14.0,False,25,26.666666666666668,1797.9744000000003,-0.557,
335,2i,150.0,4,12.0685,1,1.0,False,1,11.7604,27.38,27.38,scenario_straight_heavy,val,development,0.25,-16.71,9.7448,0.006666666666666667,0.0,26.38,4.0,19.0,False,30,26.666666666666668,1158.5760000000002,-0.557,
340,2i,150.0,2,0.0364,2,8.05,False,1,0.0727,8.05,8.05,scenario_straight_heavy,val,development,0.25,-9.66,-0.010499999999999995,0.05366666666666667,0.0,7.050000000000001,4.0,24.0,False,35,13.333333333333334,1.7472000000000003,-0.322,
345,2i,150.0,3,8.2115,2,8.0,False,1,0.0,8.0,8.0,scenario_straight_heavy,val,development,0.25,-13.71,8.2115,0.05333333333333334,0.0,7.0,5.0,4.0,False,40,20.0,591.228,-0.457,
350,2i,150.0,2,8.5185,0,0.0,False,1,4.1482,2.39,2.39,scenario_straight_heavy,val,development,0.25,-1.0,2.7776999999999994,0.0,0.0,-374.34000000000003,6.0,2.0,False,45,13.333333333333334,408.888,-0.03333333333333333,
355,2i,150.0,1,0.0,1,1.0,False,0,,,,scenario_straight_heavy,val,development,0.25,0.0,-6.4985,0.006666666666666667,-1.0,,7.0,1.0,False,50,6.666666666666667,0.0,0.0,
360,2i,150.0,2,11.9268,1,1.0,False,0,,,,scenario_straight_heavy,val,development,0.25,0.0,-6.802099999999999,0.006666666666666667,-1.0,,7.0,6.0,False,55,13.333333333333334,572.4864000000001,0.0,
365,2i,150.0,2,5.6875,1,1.0,False,0,,,,scenario_straight_heavy,val,development,0.25,0.0,-6.381,0.006666666666666667,-1.0,,0.0,4.0,True,,13.333333333333334,273.00000000000006,0.0,
370,2i,150.0,2,0.0885,2,5.11,False,0,,,,scenario_straight_heavy,val,development,0.25,-2.9400000000000004,0.052099999999999994,0.03406666666666667,-1.0,,0.0,9.0,True,,13.333333333333334,4.248,-0.09800000000000002,
375,2i,150.0,4,12.2782,2,5.0,False,0,,,,scenario_straight_heavy,val,development,0.25,-3.0,4.066700000000001,0.03333333333333333,-1.0,,0.0,14.0,True,,26.666666666666668,1178.7072,-0.1,
380,2i,150.0,5,9.7934,2,5.0,False,0,,,,scenario_straight_heavy,val,development,0.25,5.0,1.2749000000000006,0.03333333333333333,-1.0,,0.0,19.0,True,,33.333333333333336,1175.208,0.16666666666666666,
385,2i,150.0,5,1.6064,2,5.0,False,0,,,,scenario_straight_heavy,val,development,0.25,4.0,1.6064,0.03333333333333333,0.0,,0.0,24.0,True,,33.333333333333336,192.76800000000003,0.13333333333333333,
390,2i,150.0,6,3.9401,5,9.0,False,0,,,,scenario_straight_heavy,val,development,0.25,8.0,-7.9867,0.06,0.0,,1.0,4.0,False,5,40.0,567.3744,0.26666666666666666,
395,2i,150.0,6,1.8172,5,9.0,False,1,24.3223,384.09,384.09,scenario_straight_heavy,val,development,0.25,8.0,-3.8703000000000003,0.06,1.0,,2.0,2.0,True,,40.0,261.6768,0.26666666666666666,
400,2i,150.0,6,0.0373,5,9.0,False,1,23.8942,263.79,263.79,scenario_straight_heavy,val,development,0.25,3.8899999999999997,-0.051199999999999996,0.06,1.0,,3.0,1.0,False,5,40.0,5.3712,0.12966666666666665,
405,2i,150.0,7,3.4635,6,13.0,False,1,24.2447,144.62,144.62,scenario_straight_heavy,val,development,0.25,8.0,-8.8147,0.08666666666666667,1.0,,3.0,6.0,False,10,46.66666666666667,581.868,0.26666666666666666,
410,2i,150.0,3,5.75,1,1.0,False,3,22.349,46.06,377.15,scenario_straight_heavy,val,development,0.25,-4.0,-4.0434,0.006666666666666667,3.0,,4.0,4.0,False,15,20.0,414.0,-0.13333333333333333,
415,2i,150.0,1,0.0,1,1.0,False,2,27.2689,241.36,242.28,scenario_straight_heavy,val,development,0.25,-4.0,-1.6064,0.006666666666666667,2.0,,4.0,9.0,False,20,6.666666666666667,0.0,-0.13333333333333333,
420,2i,150.0,4,18.9926,1,1.0,False,2,25.5212,108.79,110.98,scenario_straight_heavy,val,development,0.25,-8.0,15.052499999999998,0.006666666666666667,2.0,,4.0,14.0,False,25,26.666666666666668,1823.2896000000003,-0.26666666666666666,
425,2i,150.0,4,10.1993,1,1.0,False,2,12.0236,18.78,26.93,scenario_straight_heavy,val,development,0.25,-8.0,8.3821,0.006666666666666667,1.0,-357.15999999999997,4.0,19.0,False,30,26.666666666666668,979.1327999999999,-0.26666666666666666,
430,2i,150.0,2,0.1178,2,8.11,False,1,0.2356,8.11,8.11,scenario_straight_heavy,val,development,0.25,-0.8900000000000006,0.0805,0.054066666666666666,0.0,-255.68,4.0,24.0,False,35,13.333333333333334,5.654400000000001,-0.029666666666666685,
435,2i,150.0,3,8.344,2,8.0,False,1,0.0,8.0,8.0,scenario_straight_heavy,val,development,0.25,-5.0,4.8805,0.05333333333333334,0.0,-136.62,5.0,4.0,False,40,20.0,600.768,-0.16666666666666666,
440,2i,150.0,2,8.1176,0,0.0,False,2,13.8142,3.37,384.53,scenario_straight_heavy,val,development,0.25,-1.0,2.3675999999999995,0.0,-1.0,7.3799999999999955,6.0,2.0,False,45,13.333333333333334,389.64480000000003,-0.03333333333333333,
445,2i,150.0,1,0.069,0,0.0,False,1,24.9852,262.62,262.62,scenario_straight_heavy,val,development,0.25,-1.0,0.069,0.0,-1.0,20.340000000000003,7.0,1.0,False,50,6.666666666666667,1.6560000000000004,-0.03333333333333333,
450,2i,150.0,2,11.6452,1,1.0,False,1,23.2904,143.01,143.01,scenario_straight_heavy,val,development,0.25,0.0,-7.347399999999999,0.006666666666666667,-1.0,32.02999999999999,7.0,6.0,False,55,13.333333333333334,558.9696000000001,0.0,
455,2i,150.0,2,7.8643,1,1.0,False,2,17.4831,41.65,396.37,scenario_straight_heavy,val,development,0.25,0.0,-2.334999999999999,0.006666666666666667,0.0,369.44,0.0,4.0,True,,13.333333333333334,377.4864,0.0,
460,2i,150.0,2,0.8643,1,1.0,False,2,10.494,5.01,300.13,scenario_straight_heavy,val,development,0.25,-7.109999999999999,0.7464999999999999,0.006666666666666667,1.0,292.02,0.0,9.0,True,,13.333333333333334,41.486399999999996,-0.237,
465,2i,150.0,4,12.862,2,5.0,False,2,9.3164,5.0,205.24,scenario_straight_heavy,val,development,0.25,-3.0,4.518000000000001,0.03333333333333333,1.0,197.24,0.0,14.0,True,,26.666666666666668,1234.7520000000002,-0.1,
470,2i,150.0,5,7.8712,2,5.0,False,2,7.2166,5.0,124.3,scenario_straight_heavy,val,development,0.25,5.0,-0.2463999999999995,0.03333333333333333,0.0,-260.22999999999996,0.0,19.0,True,,33.333333333333336,944.5440000000001,0.16666666666666666,
475,2i,150.0,5,2.0348,3,5.0,False,2,5.0468,5.0,65.06,scenario_straight_heavy,val,development,0.25,5.0,1.9658000000000002,0.03333333333333333,1.0,-197.56,0.0,24.0,True,,33.333333333333336,244.17600000000004,0.16666666666666666,
480,2i,150.0,6,5.03,4,5.0,False,2,2.7967,5.0,28.09,scenario_straight_heavy,val,development,0.25,4.0,-6.615200000000001,0.03333333333333333,1.0,-114.91999999999999,1.0,4.0,False,5,40.0,724.32,0.13333333333333333,
485,2i,150.0,6,2.3525,4,5.0,False,2,0.6243,5.0,13.03,scenario_straight_heavy,val,development,0.25,4.0,-5.5118,0.03333333333333333,0.0,-383.34000000000003,2.0,2.0,True,,40.0,338.76000000000005,0.13333333333333333,
490,2i,150.0,6,0.2723,5,12.0,False,2,0.0001,5.0,12.0,scenario_straight_heavy,val,development,0.25,11.0,-0.592,0.08,0.0,-288.13,3.0,1.0,False,5,40.0,39.2112,0.36666666666666664,
495,2i,150.0,7,3.5628,6,26.04,False,2,0.0,5.0,12.0,scenario_straight_heavy,val,development,0.25,21.04,-9.299199999999999,0.1736,0.0,-193.24,3.0,6.0,False,10,46.66666666666667,598.5504000000001,0.7013333333333333,
500,2i,150.0,4,4.2482,1,1.0,False,1,2.7422,6.46,6.46,scenario_straight_heavy,val,development,0.25,-4.0,-3.623,0.006666666666666667,-1.0,-117.84,4.0,4.0,False,15,26.666666666666668,407.8272,-0.13333333333333333,
505,2i,150.0,3,4.4524,1,1.0,False,0,,,,scenario_straight_heavy,val,development,0.25,-4.0,2.4175999999999997,0.006666666666666667,-2.0,,4.0,9.0,False,20,20.0,320.5728,-0.13333333333333333,
510,2i,150.0,4,19.4054,1,1.0,False,0,,,,scenario_straight_heavy,val,development,0.25,-4.0,14.375399999999999,0.006666666666666667,-2.0,,4.0,14.0,False,25,26.666666666666668,1862.9184000000002,-0.13333333333333333,
515,2i,150.0,4,11.8542,1,1.0,False,0,,,,scenario_straight_heavy,val,development,0.25,-4.0,9.5017,0.006666666666666667,-2.0,,4.0,19.0,False,30,26.666666666666668,1138.0032,-0.13333333333333333,
520,2i,150.0,2,0.8766,1,1.0,False,0,,,,scenario_straight_heavy,val,development,0.25,-11.0,0.6043000000000001,0.006666666666666667,-2.0,,4.0,24.0,False,35,13.333333333333334,42.076800000000006,-0.36666666666666664,
525,2i,150.0,2,0.0,2,5.0,False,0,,,,scenario_straight_heavy,val,development,0.25,-21.04,-3.5628,0.03333333333333333,-2.0,,5.0,4.0,False,40,13.333333333333334,0.0,-0.7013333333333333,
530,2i,150.0,2,9.8062,0,0.0,False,0,,,,scenario_straight_heavy,val,development,0.25,-1.0,5.558000000000001,0.0,-1.0,,6.0,2.0,False,45,13.333333333333334,470.6976,-0.03333333333333333,
535,2i,150.0,1,15.0521,0,0.0,False,0,,,,scenario_straight_heavy,val,development,0.25,-1.0,10.599699999999999,0.0,0.0,,7.0,1.0,False,50,6.666666666666667,361.2504,-0.03333333333333333,
540,2i,150.0,2,12.3037,0,0.0,False,0,,,,scenario_straight_heavy,val,development,0.25,-1.0,-7.101700000000001,0.0,0.0,,7.0,6.0,False,55,13.333333333333334,590.5776000000001,-0.03333333333333333,
545,2i,150.0,2,7.103,1,1.0,False,1,26.2475,377.78,377.78,scenario_straight_heavy,val,development,0.25,0.0,-4.751200000000001,0.006666666666666667,1.0,,0.0,4.0,True,,13.333333333333334,340.944,0.0,
550,2i,150.0,2,0.4939,1,1.0,False,1,26.3709,244.66,244.66,scenario_straight_heavy,val,development,0.25,0.0,-0.38270000000000004,0.006666666666666667,1.0,,0.0,9.0,True,,13.333333333333334,23.7072,0.0,
555,2i,150.0,5,14.7704,2,15.04,False,1,22.9343,117.28,117.28,scenario_straight_heavy,val,development,0.25,10.04,14.7704,0.10026666666666666,1.0,,0.0,14.0,True,,33.333333333333336,1772.448,0.3346666666666666,
560,2i,150.0,5,7.3733,2,15.04,False,1,10.6627,37.63,37.63,scenario_straight_heavy,val,development,0.25,15.04,-2.4329,0.10026666666666666,1.0,,0.0,19.0,True,,33.333333333333336,884.7960000000002,0.5013333333333333,
565,2i,150.0,5,0.0084,4,22.05,False,1,0.0419,22.05,22.05,scenario_straight_heavy,val,development,0.25,22.05,-15.0437,0.147,1.0,,0.0,24.0,True,,33.333333333333336,1.008,0.735,
570,2i,150.0,5,0.0,5,22.04,False,1,0.0,22.04,22.04,scenario_straight_heavy,val,development,0.25,22.04,-12.3037,0.14693333333333333,1.0,,1.0,4.0,False,5,33.333333333333336,0.0,0.7346666666666667,
575,2i,150.0,6,2.3294,5,22.04,False,1,0.0,22.04,22.04,scenario_straight_heavy,val,development,0.25,21.04,-4.7736,0.14693333333333333,0.0,-355.73999999999995,2.0,2.0,True,,40.0,335.4336,0.7013333333333333,
580,2i,150.0,6,1.5794,5,22.04,False,1,0.0,22.04,22.04,scenario_straight_heavy,val,development,0.25,21.04,1.0855,0.14693333333333333,0.0,-222.62,3.0,1.0,False,5,40.0,227.43359999999998,0.7013333333333333,
585,2i,150.0,7,4.1197,5,22.04,False,1,0.0,22.04,22.04,scenario_straight_heavy,val,development,0.25,7.0,-10.6507,0.14693333333333333,0.0,-95.24000000000001,3.0,6.0,False,10,46.66666666666667,692.1096000000001,0.23333333333333334,
590,2i,150.0,5,3.819,1,1.0,False,1,1.5113,18.6,18.6,scenario_straight_heavy,val,development,0.25,-14.04,-3.5543000000000005,0.006666666666666667,0.0,-19.03,4.0,4.0,False,15,33.333333333333336,458.28000000000003,-0.46799999999999997,
595,2i,150.0,3,3.1694,1,1.0,False,0,,,,scenario_straight_heavy,val,development,0.25,-21.05,3.161,0.006666666666666667,-1.0,,4.0,9.0,False,20,20.0,228.19680000000002,-0.7016666666666667,
600,2i,150.0,4,14.2408,1,1.0,False,0,,,,scenario_straight_heavy,val,development,0.25,-21.04,14.2408,0.006666666666666667,-1.0,,4.0,14.0,False,25,26.666666666666668,1367.1168,-0.7013333333333333,
605,2i,150.0,4,12.6354,1,1.0,False,1,26.1733,377.34,377.34,scenario_straight_heavy,val,development,0.25,-21.04,10.306000000000001,0.006666666666666667,0.0,355.29999999999995,4.0,19.0,False,30,26.666666666666668,1212.9984000000002,-0.7013333333333333,
610,2i,150.0,3,5.2385,1,1.0,False,1,27.7457,243.21,243.21,scenario_straight_heavy,val,development,0.25,-21.04,3.6591000000000005,0.006666666666666667,0.0,221.17000000000002,4.0,24.0,False,35,20.0,377.172,-0.7013333333333333,
615,2i,150.0,4,6.4254,2,5.0,False,1,24.8528,110.03,110.03,scenario_straight_heavy,val,development,0.25,-17.04,2.3057,0.03333333333333333,0.0,87.99000000000001,5.0,4.0,False,40,26.666666666666668,616.8384000000001,-0.568,
620,2i,150.0,2,6.0643,1,1.0,False,1,12.1286,25.82,25.82,scenario_straight_heavy,val,development,0.25,0.0,2.2453000000000003,0.006666666666666667,0.0,7.219999999999999,6.0,2.0,False,45,13.333333333333334,291.0864,0.0,
625,2i,150.0,2,0.3056,1,1.0,False,1,0.6112,1.49,1.49,scenario_straight_heavy,val,development,0.25,0.0,-2.8638,0.006666666666666667,1.0,,7.0,1.0,False,50,13.333333333333334,14.668800000000001,0.0,
630,2i,150.0,3,8.3043,2,1.01,False,1,0.0097,1.01,1.01,scenario_straight_heavy,val,development,0.25,0.010000000000000009,-5.9365000000000006,0.006733333333333333,1.0,,7.0,6.0,False,55,20.0,597.9096,0.00033333333333333365,
635,2i,150.0,3,3.6726,2,1.0,False,2,12.1562,1.0,384.63,scenario_straight_heavy,val,development,0.25,0.0,-8.962800000000001,0.006666666666666667,1.0,7.2900000000000205,0.0,4.0,True,,20.0,264.4272,0.0,
640,2i,150.0,3,0.3059,2,1.0,False,2,11.8356,1.0,265.26,scenario_straight_heavy,val,development,0.25,0.0,-4.9326,0.006666666666666667,1.0,22.049999999999983,0.0,9.0,True,,20.0,22.0248,0.0,
645,2i,150.0,6,12.1703,3,5.0,False,2,11.831,1.0,146.01,scenario_straight_heavy,val,development,0.25,0.0,5.7448999999999995,0.03333333333333333,1.0,35.97999999999999,0.0,14.0,True,,40.0,1752.5232,0.0,
650,2i,150.0,6,6.8394,3,5.0,False,3,13.6503,1.0,377.5,scenario_straight_heavy,val,development,0.25,4.0,0.7751000000000001,0.03333333333333333,2.0,351.68,0.0,19.0,True,,40.0,984.8736000000001,0.13333333333333333,
655,2i,150.0,6,0.634,4,5.0,False,3,9.3166,1.0,243.85,scenario_straight_heavy,val,development,0.25,4.0,0.3284,0.03333333333333333,2.0,242.35999999999999,0.0,24.0,True,,40.0,91.29599999999999,0.13333333333333333,
660,2i,150.0,7,3.4432,6,13.71,False,3,8.0342,1.0,112.73,scenario_straight_heavy,val,development,0.25,12.700000000000001,-4.8610999999999995,0.09140000000000001,2.0,111.72,1.0,4.0,False,5,46.66666666666667,578.4576000000001,0.4233333333333334,
665,2i,150.0,7,1.5154,6,13.71,False,4,7.3515,1.0,399.19,scenario_straight_heavy,val,development,0.25,12.71,-2.1572,0.09140000000000001,2.0,14.560000000000002,2.0,2.0,True,,46.66666666666667,254.58720000000005,0.4236666666666667,
670,2i,150.0,7,0.0001,7,16.0,False,4,4.6715,1.0,305.58,scenario_straight_heavy,val,development,0.25,15.0,-0.3058,0.10666666666666667,2.0,40.31999999999999,3.0,1.0,False,5,46.66666666666667,0.016800000000000002,0.5,
675,2i,150.0,7,0.0,7,16.0,False,4,4.7364,1.0,212.44,scenario_straight_heavy,val,development,0.25,11.0,-12.1703,0.10666666666666667,2.0,66.43,3.0,6.0,False,10,46.66666666666667,0.0,0.36666666666666664,
680,2i,150.0,4,6.4071,1,1.0,False,4,17.9371,12.31,383.66,scenario_straight_heavy,val,development,0.25,-4.0,-0.4323000000000006,0.006666666666666667,1.0,6.160000000000025,4.0,4.0,False,15,26.666666666666668,615.0816000000001,-0.13333333333333333,
685,2i,150.0,2,7.4745,1,1.0,False,3,21.5557,42.45,265.63,scenario_straight_heavy,val,development,0.25,-4.0,6.8405,0.006666666666666667,0.0,21.78,4.0,9.0,False,20,13.333333333333334,358.776,-0.13333333333333333,
690,2i,150.0,4,17.7833,1,1.0,False,2,23.8967,106.76,147.67,scenario_straight_heavy,val,development,0.25,-12.71,14.3401,0.006666666666666667,-1.0,34.93999999999998,4.0,14.0,False,25,26.666666666666668,1707.1968000000002,-0.4236666666666667,
695,2i,150.0,4,10.7755,1,1.0,False,2,14.2062,24.4,39.7,scenario_straight_heavy,val,development,0.25,-12.71,9.2601,0.006666666666666667,-2.0,-359.49,4.0,19.0,False,30,26.666666666666668,1034.4479999999999,-0.4236666666666667,
700,2i,150.0,2,0.0279,1,1.0,False,1,0.0559,5.02,5.02,scenario_straight_heavy,val,development,0.25,-15.0,0.027800000000000002,0.006666666666666667,-3.0,-300.56,4.0,24.0,False,35,13.333333333333334,1.3392000000000002,-0.5,
705,2i,150.0,3,8.2538,2,5.0,False,1,0.0,5.0,5.0,scenario_straight_heavy,val,development,0.25,-11.0,8.2538,0.03333333333333333,-3.0,-207.44,5.0,4.0,False,40,20.0,594.2736,-0.36666666666666664,
710,2i,150.0,1,12.0358,0,0.0,False,1,19.2843,399.65,399.65,scenario_straight_heavy,val,development,0.25,-1.0,5.6287,0.0,-3.0,15.989999999999952,6.0,2.0,False,45,6.666666666666667,288.8592,-0.03333333333333333,
715,2i,150.0,1,0.5412,0,0.0,False,1,19.0493,305.07,305.07,scenario_straight_heavy,val,development,0.25,-1.0,-6.9333,0.0,-2.0,39.44,7.0,1.0,False,50,6.666666666666667,12.988800000000001,-0.03333333333333333,
720,2i,150.0,1,0.0,1,1.0,False,1,19.3045,210.97,210.97,scenario_straight_heavy,val,development,0.25,0.0,-17.7833,0.006666666666666667,-1.0,63.30000000000001,7.0,6.0,False,55,6.666666666666667,0.0,0.0,
725,2i,150.0,2,9.266,1,1.0,False,1,18.5319,117.99,117.99,scenario_straight_heavy,val,development,0.25,0.0,-1.5094999999999992,0.006666666666666667,-1.0,78.28999999999999,0.0,4.0,True,,13.333333333333334,444.768,0.0,
730,2i,150.0,2,5.8878,1,1.0,False,1,11.7756,45.6,45.6,scenario_straight_heavy,val,development,0.25,0.0,5.8599000000000006,0.006666666666666667,0.0,40.58,0.0,9.0,True,,13.333333333333334,282.61440000000005,0.0,
735,2i,150.0,4,13.4628,1,1.0,False,1,4.301,9.19,9.19,scenario_straight_heavy,val,development,0.25,-4.0,5.209,0.006666666666666667,0.0,4.1899999999999995,0.0,14.0,True,,26.666666666666668,1292.4288,-0.13333333333333333,
740,2i,150.0,5,8.1289,2,5.0,False,1,0.0043,5.0,5.0,scenario_straight_heavy,val,development,0.25,5.0,-3.9069000000000003,0.03333333333333333,0.0,-394.65,0.0,19.0,True,,33.333333333333336,975.4680000000001,0.16666666666666666,
745,2i,150.0,5,2.7856,2,5.0,False,1,0.0,5.0,5.0,scenario_straight_heavy,val,development,0.25,5.0,2.2444,0.03333333333333333,0.0,-300.07,0.0,24.0,True,,33.333333333333336,334.272,0.16666666666666666,
750,2i,150.0,6,4.409,4,5.0,False,1,0.0,5.0,5.0,scenario_straight_heavy,val,development,0.25,4.0,4.409,0.03333333333333333,0.0,-205.97,1.0,4.0,False,5,40.0,634.896,0.13333333333333333,
755,2i,150.0,6,1.7035,4,5.0,False,1,0.0,5.0,5.0,scenario_straight_heavy,val,development,0.25,4.0,-7.5625,0.03333333333333333,0.0,-112.99,2.0,2.0,True,,40.0,245.304,0.13333333333333333,
760,2i,150.0,6,0.0669,6,31.76,False,1,0.0,5.0,5.0,scenario_straight_heavy,val,development,0.25,30.76,-5.8209,0.21173333333333336,0.0,-40.6,3.0,1.0,False,5,40.0,9.6336,1.0253333333333334,
765,2i,150.0,7,3.0088,6,31.75,False,1,0.0,5.0,5.0,scenario_straight_heavy,val,development,0.25,30.75,-10.454,0.21166666666666667,0.0,-4.1899999999999995,3.0,6.0,False,10,46.66666666666667,505.4784000000001,1.025,
770,2i,150.0,4,3.2864,1,1.0,False,2,26.2733,375.8,381.77,scenario_straight_heavy,val,development,0.25,-4.0,-4.842499999999999,0.006666666666666667,1.0,376.77,4.0,4.0,False,15,26.666666666666668,315.4944,-0.13333333333333333,
775,2i,150.0,3,3.3926,1,1.0,False,2,25.9171,242.34,256.91,scenario_straight_heavy,val,development,0.25,-4.0,0.6069999999999998,0.006666666666666667,1.0,251.91000000000003,4.0,9.0,False,20,20.0,244.2672,-0.13333333333333333,
780,2i,150.0,4,18.547,1,1.0,False,2,24.9374,108.34,130.8,scenario_straight_heavy,val,development,0.25,-4.0,14.138000000000002,0.006666666666666667,1.0,125.80000000000001,4.0,14.0,False,25,26.666666666666668,1780.512,-0.13333333333333333,
785,2i,150.0,4,11.6242,1,1.0,False,2,14.9753,25.61,29.41,scenario_straight_heavy,val,development,0.25,-4.0,9.9207,0.006666666666666667,1.0,24.41,4.0,19.0,False,30,26.666666666666668,1115.9232000000002,-0.13333333333333333,
790,2i,150.0,2,0.0226,1,1.0,False,1,0.0451,5.02,5.02,scenario_straight_heavy,val,development,0.25,-30.76,-0.044300000000000006,0.006666666666666667,0.0,0.019999999999999574,4.0,24.0,False,35,13.333333333333334,1.0848,-1.0253333333333334,
795,2i,150.0,3,8.4463,2,5.0,False,1,0.0001,5.0,5.0,scenario_straight_heavy,val,development,0.25,-26.75,5.437500000000001,0.03333333333333333,0.0,0.0,5.0,4.0,False,40,20.0,608.1336000000001,-0.8916666666666667,
800,2i,150.0,1,12.354,0,0.0,False,0,,,,scenario_straight_heavy,val,development,0.25,-1.0,9.067599999999999,0.0,-2.0,,6.0,2.0,False,45,6.666666666666667,296.496,-0.03333333333333333,
805,2i,150.0,1,0.6491,0,0.0,False,0,,,,scenario_straight_heavy,val,development,0.25,-1.0,-2.7435,0.0,-2.0,,7.0,1.0,False,50,6.666666666666667,15.5784,-0.03333333333333333,
810,2i,150.0,2,12.4963,1,1.0,False,0,,,,scenario_straight_heavy,val,development,0.25,0.0,-6.050700000000001,0.006666666666666667,-2.0,,7.0,6.0,False,55,13.333333333333334,599.8224,0.0,
815,2i,150.0,2,5.5803,1,1.0,False,0,,,,scenario_straight_heavy,val,development,0.25,0.0,-6.0439,0.006666666666666667,-2.0,,0.0,4.0,True,,13.333333333333334,267.85440000000006,0.0,
820,2i,150.0,2,0.1629,1,1.0,False,0,,,,scenario_straight_heavy,val,development,0.25,0.0,0.14029999999999998,0.006666666666666667,-1.0,,0.0,9.0,True,,13.333333333333334,7.8191999999999995,0.0,
825,2i,150.0,5,14.8673,2,5.0,False,0,,,,scenario_straight_heavy,val,development,0.25,0.0,6.420999999999999,0.03333333333333333,-1.0,,0.0,14.0,True,,33.333333333333336,1784.0760000000002,0.0,
830,2i,150.0,5,7.0087,2,5.0,False,0,,,,scenario_straight_heavy,val,development,0.25,5.0,-5.345299999999999,0.03333333333333333,0.0,,0.0,19.0,True,,33.333333333333336,841.0440000000001,0.16666666666666666,
835,2i,150.0,5,0.1118,4,9.11,False,0,,,,scenario_straight_heavy,val,development,0.25,9.11,-0.5373,0.06073333333333333,0.0,,0.0,24.0,True,,33.333333333333336,13.416,0.30366666666666664,
840,2i,150.0,6,4.0633,5,9.0,False,0,,,,scenario_straight_heavy,val,development,0.25,8.0,-8.433,0.06,0.0,,1.0,4.0,False,5,40.0,585.1152,0.26666666666666666,
845,2i,150.0,6,1.7323,5,9.0,False,0,,,,scenario_straight_heavy,val,development,0.25,8.0,-3.8480000000000003,0.06,0.0,,2.0,2.0,True,,40.0,249.4512,0.26666666666666666,
850,2i,150.0,6,0.0008,6,13.01,False,0,,,,scenario_straight_heavy,val,development,0.25,12.01,-0.1621,0.08673333333333333,0.0,,3.0,1.0,False,5,40.0,0.11520000000000001,0.4003333333333333,
855,2i,150.0,6,0.0,6,13.0,False,0,,,,scenario_straight_heavy,val,development,0.25,8.0,-14.8673,0.08666666666666667,0.0,,3.0,6.0,False,10,40.0,0.0,0.26666666666666666,
860,2i,150.0,3,7.0565,1,1.0,False,0,,,,scenario_straight_heavy,val,development,0.25,-4.0,0.04779999999999962,0.006666666666666667,0.0,,4.0,4.0,False,15,20.0,508.06800000000004,-0.13333333333333333,
865,2i,150.0,2,7.8456,1,1.0,False,0,,,,scenario_straight_heavy,val,development,0.25,-8.11,7.7338000000000005,0.006666666666666667,0.0,,4.0,9.0,False,20,13.333333333333334,376.58880000000005,-0.2703333333333333,
870,2i,150.0,3,16.632,1,1.0,False,0,,,,scenario_straight_heavy,val,development,0.25,-8.0,12.568700000000002,0.006666666666666667,0.0,,4.0,14.0,False,25,20.0,1197.5040000000001,-0.26666666666666666,
875,2i,150.0,4,11.7537,1,1.0,False,0,,,,scenario_straight_heavy,val,development,0.25,-8.0,10.0214,0.006666666666666667,0.0,,4.0,19.0,False,30,26.666666666666668,1128.3552000000002,-0.26666666666666666,
880,2i,150.0,2,5.1936,1,1.0,False,0,,,,scenario_straight_heavy,val,development,0.25,-12.01,5.1928,0.006666666666666667,0.0,,4.0,24.0,False,35,13.333333333333334,249.29280000000003,-0.4003333333333333,
885,2i,150.0,3,10.0272,1,1.0,False,0,,,,scenario_straight_heavy,val,development,0.25,-12.0,10.0272,0.006666666666666667,0.0,,5.0,4.0,False,40,20.0,721.9584,-0.4,
890,2i,150.0,2,10.1964,0,0.0,False,0,,,,scenario_straight_heavy,val,development,0.25,-1.0,3.139900000000001,0.0,0.0,,6.0,2.0,False,45,13.333333333333334,489.4272000000001,-0.03333333333333333,
895,2i,150.0,1,3.3732,0,0.0,False,0,,,,scenario_straight_heavy,val,development,0.25,-1.0,-4.4724,0.0,0.0,,7.0,1.0,False,50,6.666666666666667,80.9568,-0.03333333333333333,
900,2i,150.0,2,12.0428,1,1.0,False,0,,,,scenario_straight_heavy,val,development,0.25,0.0,-4.589200000000002,0.006666666666666667,0.0,,7.0,6.0,False,55,13.333333333333334,578.0544000000001,0.0,
905,2i,150.0,2,5.8201,1,1.0,False,0,,,,scenario_straight_heavy,val,development,0.25,0.0,-5.9336,0.006666666666666667,0.0,,0.0,4.0,True,,13.333333333333334,279.36480000000006,0.0,
910,2i,150.0,2,0.0549,2,8.04,False,0,,,,scenario_straight_heavy,val,development,0.25,7.039999999999999,-5.1387,0.053599999999999995,0.0,,0.0,9.0,True,,13.333333333333334,2.6351999999999998,0.23466666666666663,
915,2i,150.0,5,14.6,2,8.0,False,0,,,,scenario_straight_heavy,val,development,0.25,7.0,4.572799999999999,0.05333333333333334,0.0,,0.0,14.0,True,,33.333333333333336,1752.0000000000002,0.23333333333333334,
920,2i,150.0,5,8.5073,2,8.0,False,1,26.9313,375.86,375.86,scenario_straight_heavy,val,development,0.25,8.0,-1.6890999999999998,0.05333333333333334,1.0,,0.0,19.0,True,,33.333333333333336,1020.8760000000002,0.26666666666666666,
925,2i,150.0,5,1.0534,3,8.0,False,1,26.3231,241.14,241.14,scenario_straight_heavy,val,development,0.25,8.0,-2.3198000000000003,0.05333333333333334,1.0,,0.0,24.0,True,,33.333333333333336,126.408,0.26666666666666666,
930,2i,150.0,6,3.8791,5,12.0,False,1,23.256,111.23,111.23,scenario_straight_heavy,val,development,0.25,11.0,-8.163699999999999,0.08,1.0,,1.0,4.0,False,5,40.0,558.5904,0.36666666666666664,
935,2i,150.0,6,1.7101,5,12.0,False,2,18.1998,33.21,376.77,scenario_straight_heavy,val,development,0.25,11.0,-4.11,0.08,2.0,,2.0,2.0,True,,40.0,246.2544,0.36666666666666664,
940,2i,150.0,6,0.0046,6,19.01,False,2,13.0557,19.01,243.63,scenario_straight_heavy,val,development,0.25,10.970000000000002,-0.0503,0.12673333333333334,2.0,,3.0,1.0,False,5,40.0,0.6624000000000001,0.36566666666666675,
945,2i,150.0,7,3.3482,6,19.0,False,2,11.7186,19.0,113.07,scenario_straight_heavy,val,development,0.25,11.0,-11.2518,0.12666666666666668,2.0,,3.0,6.0,False,10,46.66666666666667,562.4976,0.36666666666666664,
950,2i,150.0,3,4.315,1,1.0,False,2,6.4725,14.0,36.78,scenario_straight_heavy,val,development,0.25,-7.0,-4.1923,0.006666666666666667,1.0,-339.08000000000004,4.0,4.0,False,15,20.0,310.68000000000006,-0.23333333333333334,
955,2i,150.0,1,0.0,1,1.0,False,0,,,,scenario_straight_heavy,val,development,0.25,-7.0,-1.0534,0.006666666666666667,-1.0,,4.0,9.0,False,20,6.666666666666667,0.0,-0.23333333333333334,
960,2i,150.0,3,17.1243,1,1.0,False,0,,,,scenario_straight_heavy,val,development,0.25,-11.0,13.2452,0.006666666666666667,-1.0,,4.0,14.0,False,25,20.0,1232.9496000000001,-0.36666666666666664,
965,2i,150.0,4,11.9262,1,1.0,False,0,,,,scenario_straight_heavy,val,development,0.25,-11.0,10.216099999999999,0.006666666666666667,-2.0,,4.0,19.0,False,30,26.666666666666668,1144.9152000000001,-0.36666666666666664,
970,2i,150.0,2,5.5304,1,1.0,False,0,,,,scenario_straight_heavy,val,development,0.25,-18.01,5.5258,0.006666666666666667,-2.0,,4.0,24.0,False,35,13.333333333333334,265.4592,-0.6003333333333334,
975,2i,150.0,3,9.2962,1,1.0,False,0,,,,scenario_straight_heavy,val,development,0.25,-18.0,5.948,0.006666666666666667,-2.0,,5.0,4.0,False,40,20.0,669.3264,-0.6,
980,2i,150.0,2,8.7433,0,0.0,False,0,,,,scenario_straight_heavy,val,development,0.25,-1.0,4.428299999999999,0.0,-2.0,,6.0,2.0,False,45,13.333333333333334,419.6784,-0.03333333333333333,
985,2i,150.0,1,3.3517,0,0.0,False,0,,,,scenario_straight_heavy,val,development,0.25,-1.0,3.3517,0.0,0.0,,7.0,1.0,False,50,6.666666666666667,80.44080000000001,-0.03333333333333333,
990,2i,150.0,2,12.3072,1,1.0,False,0,,,,scenario_straight_heavy,val,development,0.25,0.0,-4.817100000000002,0.006666666666666667,0.0,,7.0,6.0,False,55,13.333333333333334,590.7456000000001,0.0,
995,2i,150.0,2,5.5419,1,1.0,False,0,,,,scenario_straight_heavy,val,development,0.25,0.0,-6.3843,0.006666666666666667,0.0,,0.0,4.0,True,,13.333333333333334,266.01120000000003,0.0,
1000,2i,150.0,2,0.1008,2,8.16,False,0,,,,scenario_straight_heavy,val,development,0.25,7.16,-5.429600000000001,0.054400000000000004,0.0,,0.0,9.0,True,,13.333333333333334,4.838400000000001,0.23866666666666667,
1005,2i,150.0,4,11.8632,2,8.0,False,0,,,,scenario_straight_heavy,val,development,0.25,7.0,2.567,0.05333333333333334,0.0,,0.0,14.0,True,,26.666666666666668,1138.8672000000001,0.23333333333333334,
1010,2i,150.0,5,9.7112,2,8.0,False,0,,,,scenario_straight_heavy,val,development,0.25,8.0,0.9679000000000002,0.05333333333333334,0.0,,0.0,19.0,True,,33.333333333333336,1165.3440000000003,0.26666666666666666,
1015,2i,150.0,5,3.3623,2,8.0,False,0,,,,scenario_straight_heavy,val,development,0.25,8.0,0.01059999999999972,0.05333333333333334,0.0,,0.0,24.0,True,,33.333333333333336,403.476,0.26666666666666666,
1020,2i,150.0,6,4.031,4,12.0,False,0,,,,scenario_straight_heavy,val,development,0.25,11.0,-8.2762,0.08,0.0,,1.0,4.0,False,5,40.0,580.4639999999999,0.36666666666666664,
1025,2i,150.0,6,1.669,5,12.0,False,0,,,,scenario_straight_heavy,val,development,0.25,11.0,-3.8729,0.08,0.0,,2.0,2.0,True,,40.0,240.336,0.36666666666666664,
1030,2i,150.0,6,0.0001,6,19.0,False,0,,,,scenario_straight_heavy,val,development,0.25,10.84,-0.1007,0.12666666666666668,0.0,,3.0,1.0,False,5,40.0,0.014400000000000001,0.36133333333333334,
1035,2i,150.0,7,3.3446,6,19.0,False,0,,,,scenario_straight_heavy,val,development,0.25,11.0,-8.518600000000001,0.12666666666666668,0.0,,3.0,6.0,False,10,46.66666666666667,561.8928000000001,0.36666666666666664,
1040,2i,150.0,4,5.0793,1,1.0,False,1,18.5977,399.49,399.49,scenario_straight_heavy,val,development,0.25,-7.0,-4.6319,0.006666666666666667,1.0,,4.0,4.0,False,15,26.666666666666668,487.6128,-0.23333333333333334,
1045,2i,150.0,2,6.181,1,1.0,False,1,18.5784,305.96,305.96,scenario_straight_heavy,val,development,0.25,-7.0,2.8187,0.006666666666666667,1.0,,4.0,9.0,False,20,13.333333333333334,296.688,-0.23333333333333334,
1050,2i,150.0,3,16.0391,1,1.0,False,1,18.4377,212.24,212.24,scenario_straight_heavy,val,development,0.25,-11.0,12.008100000000002,0.006666666666666667,1.0,,4.0,14.0,False,25,20.0,1154.8152000000002,-0.36666666666666664,
1055,2i,150.0,4,12.6651,1,1.0,False,1,18.5653,118.81,118.81,scenario_straight_heavy,val,development,0.25,-11.0,10.9961,0.006666666666666667,1.0,,4.0,19.0,False,30,26.666666666666668,1215.8496,-0.36666666666666664,
1060,2i,150.0,2,5.6757,1,1.0,False,1,11.3515,47.06,47.06,scenario_straight_heavy,val,development,0.25,-18.0,5.6756,0.006666666666666667,1.0,,4.0,24.0,False,35,13.333333333333334,272.4336,-0.6,
1065,2i,150.0,3,9.3572,1,1.0,False,1,3.8955,12.62,12.62,scenario_straight_heavy,val,development,0.25,-18.0,6.012600000000001,0.006666666666666667,1.0,,5.0,4.0,False,40,20.0,673.7184000000001,-0.6,
1070,2i,150.0,2,9.6961,0,0.0,False,2,11.089,3.51,399.15,scenario_straight_heavy,val,development,0.25,-1.0,4.6168,0.0,1.0,-0.34000000000003183,6.0,2.0,False,45,13.333333333333334,465.4128,-0.03333333333333333,
1075,2i,150.0,1,3.2933,0,0.0,False,1,18.8314,304.69,304.69,scenario_straight_heavy,val,development,0.25,-1.0,-2.8877,0.0,0.0,-1.2699999999999818,7.0,1.0,False,50,6.666666666666667,79.0392,-0.03333333333333333,
1080,2i,150.0,1,0.0,1,1.0,False,1,18.9138,211.28,211.28,scenario_straight_heavy,val,development,0.25,0.0,-16.0391,0.006666666666666667,0.0,-0.960000000000008,7.0,6.0,False,55,6.666666666666667,0.0,0.0,
1085,2i,150.0,2,8.9614,1,1.0,False,2,22.5643,118.03,376.76,scenario_straight_heavy,val,development,0.25,0.0,-3.7037000000000013,0.006666666666666667,1.0,257.95,0.0,4.0,True,,13.333333333333334,430.14720000000005,0.0,
1090,2i,150.0,2,5.5419,1,1.0,False,2,19.0851,48.15,242.44,scenario_straight_heavy,val,development,0.25,0.0,-0.13379999999999992,0.006666666666666667,1.0,195.38,0.0,9.0,True,,13.333333333333334,266.01120000000003,0.0,
1095,2i,150.0,4,13.4707,1,1.0,False,2,13.7391,13.19,112.6,scenario_straight_heavy,val,development,0.25,0.0,4.1135,0.006666666666666667,1.0,99.97999999999999,0.0,14.0,True,,26.666666666666668,1293.1872,0.0,
1100,2i,150.0,5,7.8876,2,8.05,False,2,4.8635,8.05,37.16,scenario_straight_heavy,val,development,0.25,8.05,-1.8084999999999996,0.05366666666666667,0.0,-361.99,0.0,19.0,True,,33.333333333333336,946.5120000000001,0.26833333333333337,
1105,2i,150.0,5,3.3538,4,20.84,False,2,0.2392,8.0,20.84,scenario_straight_heavy,val,development,0.25,20.84,0.06050000000000022,0.13893333333333333,1.0,-283.85,0.0,24.0,True,,33.333333333333336,402.4560000000001,0.6946666666666667,
1110,2i,150.0,6,4.1655,4,20.71,False,2,0.0,8.0,20.71,scenario_straight_heavy,val,development,0.25,19.71,4.1655,0.13806666666666667,1.0,-190.57,1.0,4.0,False,5,40.0,599.832,0.657,
1115,2i,150.0,6,1.5532,5,20.71,False,2,0.0,8.0,20.71,scenario_straight_heavy,val,development,0.25,19.71,-7.408199999999999,0.13806666666666667,0.0,-356.05,2.0,2.0,True,,40.0,223.6608,0.657,
1120,2i,150.0,6,0.0028,6,24.73,False,2,0.0,8.0,20.71,scenario_straight_heavy,val,development,0.25,23.73,-5.5391,0.16486666666666666,0.0,-221.73,3.0,1.0,False,5,40.0,0.4032,0.791,
1125,2i,150.0,7,3.1504,6,24.71,False,2,0.0,8.0,20.71,scenario_straight_heavy,val,development,0.25,23.71,-10.320300000000001,0.16473333333333334,0.0,-91.88999999999999,3.0,6.0,False,10,46.66666666666667,529.2672000000001,0.7903333333333333,
1130,2i,150.0,4,4.2492,1,1.0,False,2,12.1828,11.68,397.32,scenario_straight_heavy,val,development,0.25,-7.050000000000001,-3.6384,0.006666666666666667,0.0,360.15999999999997,4.0,4.0,False,15,26.666666666666668,407.92320000000007,-0.23500000000000001,
1135,2i,150.0,1,0.0,1,1.0,False,1,18.899,301.86,301.86,scenario_straight_heavy,val,development,0.25,-19.84,-3.3538,0.006666666666666667,-1.0,281.02000000000004,4.0,9.0,False,20,6.666666666666667,0.0,-0.6613333333333333,
1140,2i,150.0,3,16.0838,1,1.0,False,1,19.2114,205.96,205.96,scenario_straight_heavy,val,development,0.25,-19.71,11.9183,0.006666666666666667,-1.0,185.25,4.0,14.0,False,25,20.0,1158.0336,-0.657,
1145,2i,150.0,4,11.9962,1,1.0,False,2,20.8666,122.54,378.54,scenario_straight_heavy,val,development,0.25,-19.71,10.443,0.006666666666666667,0.0,357.83000000000004,4.0,19.0,False,30,26.666666666666668,1151.6352000000002,-0.657,
1150,2i,150.0,2,5.2171,1,1.0,False,2,18.3163,61.37,244.56,scenario_straight_heavy,val,development,0.25,-23.73,5.214300000000001,0.006666666666666667,0.0,223.85,4.0,24.0,False,35,13.333333333333334,250.42080000000004,-0.791,
1155,2i,150.0,3,9.5357,1,1.0,False,2,14.3035,22.69,117.98,scenario_straight_heavy,val,development,0.25,-23.71,6.385300000000001,0.006666666666666667,0.0,97.27000000000001,5.0,4.0,False,40,20.0,686.5704000000001,-0.7903333333333333,
1160,2i,150.0,2,8.9965,0,0.0,False,2,8.9965,3.51,31.89,scenario_straight_heavy,val,development,0.25,-1.0,4.747299999999999,0.0,0.0,-365.43,6.0,2.0,False,45,13.333333333333334,431.832,-0.03333333333333333,
1165,2i,150.0,1,0.3654,0,0.0,False,1,0.3654,1.0,1.0,scenario_straight_heavy,val,development,0.25,-1.0,0.3654,0.0,0.0,-300.86,7.0,1.0,False,50,6.666666666666667,8.7696,-0.03333333333333333,
1170,2i,150.0,1,0.0,1,1.0,False,1,0.0,1.0,1.0,scenario_straight_heavy,val,development,0.25,0.0,-16.0838,0.006666666666666667,0.0,-204.96,7.0,6.0,False,55,6.666666666666667,0.0,0.0,
1175,2i,150.0,2,9.3153,1,1.0,False,1,0.0,1.0,1.0,scenario_straight_heavy,val,development,0.25,0.0,-2.6808999999999994,0.006666666666666667,-1.0,-377.54,0.0,4.0,True,,13.333333333333334,447.1344,0.0,
1180,2i,150.0,2,5.7473,1,1.0,False,1,0.0,1.0,1.0,scenario_straight_heavy,val,development,0.25,0.0,0.5301999999999998,0.006666666666666667,-1.0,-243.56,0.0,9.0,True,,13.333333333333334,275.8704,0.0,
1185,2i,150.0,4,13.6686,1,1.0,False,1,0.0,1.0,1.0,scenario_straight_heavy,val,development,0.25,0.0,4.132899999999999,0.006666666666666667,-1.0,-116.98,0.0,14.0,True,,26.666666666666668,1312.1856,0.0,
1190,2i,150.0,5,8.9006,2,5.04,False,1,0.0,1.0,1.0,scenario_straight_heavy,val,development,0.25,5.04,-0.09589999999999854,0.0336,-1.0,-30.89,0.0,19.0,True,,33.333333333333336,1068.0720000000001,0.168,
1195,2i,150.0,5,2.7337,3,5.0,False,1,0.0,1.0,1.0,scenario_straight_heavy,val,development,0.25,5.0,2.3682999999999996,0.03333333333333333,0.0,0.0,0.0,24.0,True,,33.333333333333336,328.044,0.16666666666666666,
1200,2i,150.0,6,4.2392,4,5.0,False,1,0.0,1.0,1.0,scenario_straight_heavy,val,development,0.25,4.0,4.2392,0.03333333333333333,0.0,0.0,1.0,4.0,False,5,40.0,610.4448000000001,0.13333333333333333,
1205,2i,150.0,6,1.5757,5,17.71,False,1,0.0,1.0,1.0,scenario_straight_heavy,val,development,0.25,16.71,-7.7396,0.11806666666666667,0.0,0.0,2.0,2.0,True,,40.0,226.9008,0.557,
1210,2i,150.0,6,0.0308,6,30.5,False,1,0.0,1.0,1.0,scenario_straight_heavy,val,development,0.25,29.5,-5.7165,0.20333333333333334,0.0,0.0,3.0,1.0,False,5,40.0,4.4352,0.9833333333333333,
1215,2i,150.0,7,3.3995,6,30.42,False,1,0.0,1.0,1.0,scenario_straight_heavy,val,development,0.25,29.42,-10.2691,0.2028,0.0,0.0,3.0,6.0,False,10,46.66666666666667,571.1160000000001,0.9806666666666667,
1220,2i,150.0,4,4.5807,1,1.0,False,1,23.3205,383.98,383.98,scenario_straight_heavy,val,development,0.25,-4.04,-4.3199000000000005,0.006666666666666667,0.0,382.98,4.0,4.0,False,15,26.666666666666668,439.7472,-0.13466666666666666,
1225,2i,150.0,2,3.7242,1,1.0,False,1,23.3556,262.49,262.49,scenario_straight_heavy,val,development,0.25,-4.0,0.9905000000000004,0.006666666666666667,0.0,261.49,4.0,9.0,False,20,13.333333333333334,178.76160000000002,-0.13333333333333333,
1230,2i,150.0,3,16.8276,1,1.0,False,1,24.317,141.66,141.66,scenario_straight_heavy,val,development,0.25,-4.0,12.5884,0.006666666666666667,0.0,140.66,4.0,14.0,False,25,20.0,1211.5872,-0.13333333333333333,
1235,2i,150.0,4,12.5022,1,1.0,False,2,19.7312,40.45,384.36,scenario_straight_heavy,val,development,0.25,-16.71,10.9265,0.006666666666666667,1.0,383.36,4.0,19.0,False,30,26.666666666666668,1200.2112,-0.557,
1240,2i,150.0,3,4.4335,1,1.0,False,2,12.4515,5.4,265.08,scenario_straight_heavy,val,development,0.25,-29.5,4.4027,0.006666666666666667,1.0,264.08,4.0,24.0,False,35,20.0,319.21200000000005,-0.9833333333333333,
1245,2i,150.0,4,6.9081,2,5.0,False,2,11.8142,5.0,143.84,scenario_straight_heavy,val,development,0.25,-25.42,3.5086,0.03333333333333333,1.0,142.84,5.0,4.0,False,40,26.666666666666668,663.1776000000001,-0.8473333333333334,
1250,2i,150.0,2,7.561,1,1.0,False,1,15.122,43.8,43.8,scenario_straight_heavy,val,development,0.25,0.0,2.9802999999999997,0.006666666666666667,0.0,-340.18,6.0,2.0,False,45,13.333333333333334,362.928,0.0,
1255,2i,150.0,2,1.4835,1,1.0,False,1,2.967,2.01,2.01,scenario_straight_heavy,val,development,0.25,0.0,-2.2407000000000004,0.006666666666666667,0.0,-260.48,7.0,1.0,False,50,13.333333333333334,71.20800000000001,0.0,
1260,2i,150.0,3,8.3109,2,1.0,False,1,0.0,1.0,1.0,scenario_straight_heavy,val,development,0.25,0.0,-8.5167,0.006666666666666667,0.0,-140.66,7.0,6.0,False,55,20.0,598.3848,0.0,
1265,2i,150.0,3,3.6442,2,1.0,False,3,14.5355,1.0,397.05,scenario_straight_heavy,val,development,0.25,0.0,-8.858,0.006666666666666667,1.0,12.689999999999998,0.0,4.0,True,,20.0,262.3824,0.0,
1270,2i,150.0,3,0.129,2,1.0,False,3,14.6152,1.0,301.67,scenario_straight_heavy,val,development,0.25,0.0,-4.304500000000001,0.006666666666666667,1.0,36.59000000000003,0.0,9.0,True,,20.0,9.288,0.0,
1275,2i,150.0,5,10.2836,3,8.0,False,3,14.5671,1.0,205.81,scenario_straight_heavy,val,development,0.25,3.0,3.3754999999999997,0.05333333333333334,1.0,61.97,0.0,14.0,True,,33.333333333333336,1234.0320000000002,0.1,
1280,2i,150.0,6,6.6838,3,8.0,False,3,9.4739,1.0,124.78,scenario_straight_heavy,val,development,0.25,7.0,-0.8772000000000002,0.05333333333333334,2.0,80.98,0.0,19.0,True,,40.0,962.4671999999999,0.23333333333333334,
1285,2i,150.0,6,1.7695,4,8.0,False,3,3.5391,1.0,66.08,scenario_straight_heavy,val,development,0.25,7.0,0.28600000000000003,0.05333333333333334,2.0,64.07,0.0,24.0,True,,40.0,254.80800000000002,0.23333333333333334,
1290,2i,150.0,7,4.1972,5,12.0,False,3,1.8139,1.0,29.87,scenario_straight_heavy,val,development,0.25,11.0,-4.113700000000001,0.08,2.0,28.87,1.0,4.0,False,5,46.66666666666667,705.1296,0.36666666666666664,
1295,2i,150.0,7,2.2067,5,12.0,False,3,0.4188,1.0,15.54,scenario_straight_heavy,val,development,0.25,11.0,-1.4375,0.08,0.0,-381.51,2.0,2.0,True,,46.66666666666667,370.7256000000001,0.36666666666666664,
1300,2i,150.0,7,0.1321,6,15.04,False,3,0.0007,1.0,15.04,scenario_straight_heavy,val,development,0.25,14.04,0.0030999999999999917,0.10026666666666666,0.0,-286.63,3.0,1.0,False,5,46.66666666666667,22.192800000000002,0.46799999999999997,
1305,2i,150.0,7,0.0,7,19.0,False,3,0.0,1.0,15.04,scenario_straight_heavy,val,development,0.25,11.0,-10.2836,0.12666666666666668,0.0,-190.77,3.0,6.0,False,10,46.66666666666667,0.0,0.36666666666666664,
1310,2i,150.0,4,6.0278,1,1.0,False,1,2.4462,9.42,9.42,scenario_straight_heavy,val,development,0.25,-7.0,-0.6559999999999997,0.006666666666666667,-2.0,-115.36,4.0,4.0,False,15,26.666666666666668,578.6688,-0.23333333333333334,
1315,2i,150.0,2,8.1227,1,1.0,False,0,,,,scenario_straight_heavy,val,development,0.25,-7.0,6.3532,0.006666666666666667,-3.0,,4.0,9.0,False,20,13.333333333333334,389.88960000000003,-0.23333333333333334,
1320,2i,150.0,4,19.0362,1,1.0,False,0,,,,scenario_straight_heavy,val,development,0.25,-11.0,14.839000000000002,0.006666666666666667,-3.0,,4.0,14.0,False,25,26.666666666666668,1827.4752,-0.36666666666666664,
1325,2i,150.0,4,11.1321,1,1.0,False,0,,,,scenario_straight_heavy,val,development,0.25,-11.0,8.9254,0.006666666666666667,-3.0,,4.0,19.0,False,30,26.666666666666668,1068.6816,-0.36666666666666664,
1330,2i,150.0,2,0.9093,1,1.0,False,0,,,,scenario_straight_heavy,val,development,0.25,-14.04,0.7772,0.006666666666666667,-3.0,,4.0,24.0,False,35,13.333333333333334,43.64640000000001,-0.46799999999999997,
1335,2i,150.0,3,7.8435,2,5.0,False,0,,,,scenario_straight_heavy,val,development,0.25,-14.0,7.8435,0.03333333333333333,-3.0,,5.0,4.0,False,40,20.0,564.732,-0.4666666666666667,
1340,2i,150.0,1,14.5845,0,0.0,False,1,27.699,375.28,375.28,scenario_straight_heavy,val,development,0.25,-1.0,8.5567,0.0,0.0,365.85999999999996,6.0,2.0,False,45,6.666666666666667,350.028,-0.03333333333333333,
1345,2i,150.0,1,3.3021,0,0.0,False,1,26.5547,240.84,240.84,scenario_straight_heavy,val,development,0.25,-1.0,-4.820600000000001,0.0,1.0,,7.0,1.0,False,50,6.666666666666667,79.2504,-0.03333333333333333,
1350,2i,150.0,2,12.2479,1,1.0,False,1,24.4933,106.62,106.62,scenario_straight_heavy,val,development,0.25,0.0,-6.788300000000001,0.006666666666666667,1.0,,7.0,6.0,False,55,13.333333333333334,587.8992,0.0,
1355,2i,150.0,2,5.3335,1,1.0,False,1,10.6671,25.59,25.59,scenario_straight_heavy,val,development,0.25,0.0,-5.7985999999999995,0.006666666666666667,1.0,,0.0,4.0,True,,13.333333333333334,256.00800000000004,0.0,
1360,2i,150.0,2,0.0711,2,8.14,False,1,0.1422,8.14,8.14,scenario_straight_heavy,val,development,0.25,7.140000000000001,-0.8382000000000001,0.05426666666666667,1.0,,0.0,9.0,True,,13.333333333333334,3.4128000000000003,0.23800000000000002,
1365,2i,150.0,5,14.9231,2,8.0,False,1,0.0,8.0,8.0,scenario_straight_heavy,val,development,0.25,3.0,7.0796,0.05333333333333334,1.0,,0.0,14.0,True,,33.333333333333336,1790.7720000000002,0.1,
1370,2i,150.0,5,7.2784,2,8.0,False,1,0.0,8.0,8.0,scenario_straight_heavy,val,development,0.25,8.0,-7.3061,0.05333333333333334,0.0,-367.28,0.0,19.0,True,,33.333333333333336,873.4080000000001,0.26666666666666666,
1375,2i,150.0,5,0.6103,4,12.07,False,1,0.0,8.0,8.0,scenario_straight_heavy,val,development,0.25,12.07,-2.6917999999999997,0.08046666666666667,0.0,-232.84,0.0,24.0,True,,33.333333333333336,73.23599999999999,0.4023333333333333,
1380,2i,150.0,6,4.0592,5,12.0,False,1,0.0,8.0,8.0,scenario_straight_heavy,val,development,0.25,11.0,-8.1887,0.08,0.0,-98.62,1.0,4.0,False,5,40.0,584.5247999999999,0.36666666666666664,
1385,2i,150.0,6,1.7496,5,12.0,False,1,0.0,8.0,8.0,scenario_straight_heavy,val,development,0.25,11.0,-3.5839,0.08,0.0,-17.59,2.0,2.0,True,,40.0,251.94240000000002,0.36666666666666664,
1390,2i,150.0,6,0.0347,5,12.0,False,1,0.0,8.0,8.0,scenario_straight_heavy,val,development,0.25,3.8599999999999994,-0.036399999999999995,0.08,0.0,-0.14000000000000057,3.0,1.0,False,5,40.0,4.9968,0.12866666666666665,
1395,2i,150.0,7,3.311,6,16.0,False,1,0.0,8.0,8.0,scenario_straight_heavy,val,development,0.25,8.0,-11.6121,0.10666666666666667,0.0,0.0,3.0,6.0,False,10,46.66666666666667,556.248,0.26666666666666666,
1400,2i,150.0,4,4.0198,1,1.0,False,1,27.3991,375.2,375.2,scenario_straight_heavy,val,development,0.25,-7.0,-3.2586000000000004,0.006666666666666667,0.0,367.2,4.0,4.0,False,15,26.666666666666668,385.9008,-0.23333333333333334,
1405,2i,150.0,1,0.0,1,1.0,False,1,26.8612,241.52,241.52,scenario_straight_heavy,val,development,0.25,-11.07,-0.6103,0.006666666666666667,0.0,233.52,4.0,9.0,False,20,6.666666666666667,0.0,-0.369,
1410,2i,150.0,2,12.5563,1,1.0,False,1,25.1126,110.36,110.36,scenario_straight_heavy,val,development,0.25,-11.0,8.4971,0.006666666666666667,0.0,102.36,4.0,14.0,False,25,13.333333333333334,602.7024,-0.36666666666666664,
1415,2i,150.0,4,12.0729,1,1.0,False,2,18.9714,24.77,376.86,scenario_straight_heavy,val,development,0.25,-11.0,10.3233,0.006666666666666667,1.0,368.86,4.0,19.0,False,30,26.666666666666668,1158.9984000000002,-0.36666666666666664,
1420,2i,150.0,3,5.798,2,5.07,False,2,13.7556,5.07,240.04,scenario_straight_heavy,val,development,0.25,-6.93,5.7633,0.033800000000000004,1.0,232.04,4.0,24.0,False,35,20.0,417.456,-0.23099999999999998,
1425,2i,150.0,3,8.2914,2,5.0,False,2,12.4372,5.0,107.2,scenario_straight_heavy,val,development,0.25,-11.0,4.9803999999999995,0.03333333333333333,1.0,99.2,5.0,4.0,False,40,20.0,596.9807999999999,-0.36666666666666664,
1430,2i,150.0,1,11.5111,0,0.0,False,1,11.5111,23.91,23.91,scenario_straight_heavy,val,development,0.25,-1.0,7.491300000000001,0.0,0.0,-351.28999999999996,6.0,2.0,False,45,6.666666666666667,276.26640000000003,-0.03333333333333333,
1435,2i,150.0,1,0.0,0,0.0,False,1,0.0,1.0,1.0,scenario_straight_heavy,val,development,0.25,-1.0,0.0,0.0,0.0,-240.52,7.0,1.0,False,50,6.666666666666667,0.0,-0.03333333333333333,
1440,2i,150.0,2,11.8549,1,1.0,False,1,0.0,1.0,1.0,scenario_straight_heavy,val,development,0.25,0.0,-0.7013999999999996,0.006666666666666667,0.0,-109.36,7.0,6.0,False,55,13.333333333333334,569.0352,0.0,
1445,2i,150.0,2,7.7264,1,1.0,False,1,0.0,1.0,1.0,scenario_straight_heavy,val,development,0.25,0.0,-4.346500000000001,0.006666666666666667,-1.0,-375.86,0.0,4.0,True,,13.333333333333334,370.8672,0.0,
1450,2i,150.0,2,1.0531,1,1.0,False,1,0.0,1.0,1.0,scenario_straight_heavy,val,development,0.25,-4.07,-4.7449,0.006666666666666667,-1.0,-239.04,0.0,9.0,True,,13.333333333333334,50.5488,-0.13566666666666669,
1455,2i,150.0,5,14.6128,2,5.0,False,1,0.0,1.0,1.0,scenario_straight_heavy,val,development,0.25,0.0,6.321400000000001,0.03333333333333333,-1.0,-106.2,0.0,14.0,True,,33.333333333333336,1753.536,0.0,
1460,2i,150.0,5,8.6895,2,5.0,False,1,0.0,1.0,1.0,scenario_straight_heavy,val,development,0.25,5.0,-2.8216,0.03333333333333333,0.0,-22.91,0.0,19.0,True,,33.333333333333336,1042.7400000000002,0.16666666666666666,
1465,2i,150.0,5,0.8258,2,5.0,False,1,0.0,1.0,1.0,scenario_straight_heavy,val,development,0.25,5.0,0.8258,0.03333333333333333,0.0,0.0,0.0,24.0,True,,33.333333333333336,99.096,0.16666666666666666,
1470,2i,150.0,6,3.8641,5,12.0,False,1,0.0,1.0,1.0,scenario_straight_heavy,val,development,0.25,11.0,-7.9908,0.08,0.0,0.0,1.0,4.0,False,5,40.0,556.4304,0.36666666666666664,
1475,2i,150.0,6,1.7575,5,12.0,False,1,0.0,1.0,1.0,scenario_straight_heavy,val,development,0.25,11.0,-5.9689,0.08,0.0,0.0,2.0,2.0,True,,40.0,253.07999999999998,0.36666666666666664,
1480,2i,150.0,6,0.0023,6,16.01,False,1,0.0,1.0,1.0,scenario_straight_heavy,val,development,0.25,15.010000000000002,-1.0508,0.10673333333333335,0.0,0.0,3.0,1.0,False,5,40.0,0.33120000000000005,0.5003333333333334,
1485,2i,150.0,7,3.3566,6,16.0,False,1,0.0,1.0,1.0,scenario_straight_heavy,val,development,0.25,11.0,-11.2562,0.10666666666666667,0.0,0.0,3.0,6.0,False,10,46.66666666666667,563.9088,0.36666666666666664,
1490,2i,150.0,4,5.4507,1,1.0,False,0,,,,scenario_straight_heavy,val,development,0.25,-4.0,-3.2388000000000003,0.006666666666666667,-1.0,,4.0,4.0,False,15,26.666666666666668,523.2672000000001,-0.13333333333333333,
1495,2i,150.0,1,0.0,1,1.0,False,0,,,,scenario_straight_heavy,val,development,0.25,-4.0,-0.8258,0.006666666666666667,-1.0,,4.0,9.0,False,20,6.666666666666667,0.0,-0.13333333333333333,
1500,2i,150.0,4,19.7028,1,1.0,False,0,,,,scenario_straight_heavy,val,development,0.25,-11.0,15.8387,0.006666666666666667,-1.0,,4.0,14.0,False,25,26.666666666666668,1891.4688,-0.36666666666666664,
1505,2i,150.0,4,11.1574,1,1.0,False,1,27.5974,374.22,374.22,scenario_straight_heavy,val,development,0.25,-11.0,9.3999,0.006666666666666667,0.0,373.22,4.0,19.0,False,30,26.666666666666668,1071.1104,-0.36666666666666664,
1510,2i,150.0,2,0.0097,2,8.02,False,1,26.3862,240.93,240.93,scenario_straight_heavy,val,development,0.25,-7.990000000000002,0.0074,0.05346666666666666,0.0,239.93,4.0,24.0,False,35,13.333333333333334,0.4656,-0.2663333333333334,
1515,2i,150.0,3,8.2343,2,8.0,False,1,24.7028,108.83,108.83,scenario_straight_heavy,val,development,0.25,-8.0,4.877699999999999,0.05333333333333334,0.0,107.83,5.0,4.0,False,40,20.0,592.8696,-0.26666666666666666,
1520,2i,150.0,2,8.2274,0,0.0,False,1,12.4429,24.3,24.3,scenario_straight_heavy,val,development,0.25,-1.0,2.776699999999999,0.0,1.0,,6.0,2.0,False,45,13.333333333333334,394.9152,-0.03333333333333333,
1525,2i,150.0,1,0.0,0,0.0,False,1,0.0,1.0,1.0,scenario_straight_heavy,val,development,0.25,-1.0,0.0,0.0,1.0,,7.0,1.0,False,50,6.666666666666667,0.0,-0.03333333333333333,
1530,2i,150.0,2,12.7037,1,1.0,False,1,0.0,1.0,1.0,scenario_straight_heavy,val,development,0.25,0.0,-6.9991,0.006666666666666667,1.0,,7.0,6.0,False,55,13.333333333333334,609.7776,0.0,
1535,2i,150.0,2,5.7321,1,1.0,False,2,13.6014,1.0,374.02,scenario_straight_heavy,val,development,0.25,0.0,-5.425300000000001,0.006666666666666667,1.0,-0.20000000000004547,0.0,4.0,True,,13.333333333333334,275.1408,0.0,
1540,2i,150.0,2,0.3861,1,1.0,False,2,13.6828,1.0,239.37,scenario_straight_heavy,val,development,0.25,-7.02,0.3764,0.006666666666666667,1.0,-1.5600000000000023,0.0,9.0,True,,13.333333333333334,18.5328,-0.23399999999999999,
1545,2i,150.0,5,15.1418,2,5.0,False,2,12.7598,1.0,104.97,scenario_straight_heavy,val,development,0.25,-3.0,6.907500000000001,0.03333333333333333,1.0,-3.8599999999999994,0.0,14.0,True,,33.333333333333336,1817.016,-0.1,
1550,2i,150.0,5,8.0175,2,5.0,False,2,5.8435,1.0,19.04,scenario_straight_heavy,val,development,0.25,5.0,-0.2098999999999993,0.03333333333333333,1.0,-5.260000000000002,0.0,19.0,True,,33.333333333333336,962.1,0.16666666666666666,
1555,2i,150.0,5,0.2636,3,5.0,False,2,0.0,1.0,1.0,scenario_straight_heavy,val,development,0.25,5.0,0.2636,0.03333333333333333,1.0,0.0,0.0,24.0,True,,33.333333333333336,31.632,0.16666666666666666,
1560,2i,150.0,5,0.0,5,9.0,False,2,0.0,1.0,1.0,scenario_straight_heavy,val,development,0.25,8.0,-12.7037,0.06,1.0,0.0,1.0,4.0,False,5,33.333333333333336,0.0,0.26666666666666666,
1565,2i,150.0,6,2.3675,5,9.0,False,3,6.1952,1.0,400.38,scenario_straight_heavy,val,development,0.25,8.0,-3.3646,0.06,1.0,26.360000000000014,2.0,2.0,True,,40.0,340.9200000000001,0.26666666666666666,
1570,2i,150.0,6,1.666,5,9.0,False,3,6.1954,1.0,306.5,scenario_straight_heavy,val,development,0.25,8.0,1.2799,0.06,1.0,67.13,3.0,1.0,False,5,40.0,239.904,0.26666666666666666,
1575,2i,150.0,6,0.9269,5,9.0,False,3,6.3113,1.0,212.45,scenario_straight_heavy,val,development,0.25,4.0,-14.2149,0.06,1.0,107.47999999999999,3.0,6.0,False,10,40.0,133.4736,0.13333333333333333,
1580,2i,150.0,3,6.4951,1,1.0,False,3,13.732,1.0,381.75,scenario_straight_heavy,val,development,0.25,-4.0,-1.5224000000000002,0.006666666666666667,1.0,362.71,4.0,4.0,False,15,20.0,467.6472,-0.13333333333333333,
1585,2i,150.0,2,6.4338,1,1.0,False,3,12.2138,1.0,261.91,scenario_straight_heavy,val,development,0.25,-4.0,6.1701999999999995,0.006666666666666667,1.0,260.91,4.0,9.0,False,20,13.333333333333334,308.8224,-0.13333333333333333,
1590,2i,150.0,3,15.8383,1,1.0,False,2,11.7477,1.0,141.4,scenario_straight_heavy,val,development,0.25,-8.0,15.8383,0.006666666666666667,0.0,140.4,4.0,14.0,False,25,20.0,1140.3576,-0.26666666666666666,
1595,2i,150.0,4,11.9811,1,1.0,False,2,8.211,1.0,36.54,scenario_straight_heavy,val,development,0.25,-8.0,9.6136,0.006666666666666667,-1.0,-363.84,4.0,19.0,False,30,26.666666666666668,1150.1856,-0.26666666666666666,
1600,2i,150.0,2,1.0646,1,1.0,False,1,0.0,1.0,1.0,scenario_straight_heavy,val,development,0.25,-8.0,-0.6013999999999999,0.006666666666666667,-2.0,-305.5,4.0,24.0,False,35,13.333333333333334,51.1008,-0.26666666666666666,
1605,2i,150.0,2,0.0,2,5.0,False,1,0.0,1.0,1.0,scenario_straight_heavy,val,development,0.25,-4.0,-0.9269,0.03333333333333333,-2.0,-211.45,5.0,4.0,False,40,13.333333333333334,0.0,-0.13333333333333333,
1610,2i,150.0,1,16.6202,0,0.0,False,0,,,,scenario_straight_heavy,val,development,0.25,-1.0,10.1251,0.0,-3.0,,6.0,2.0,False,45,6.666666666666667,398.88480000000004,-0.03333333333333333,
1615,2i,150.0,1,14.953,0,0.0,False,0,,,,scenario_straight_heavy,val,development,0.25,-1.0,8.5192,0.0,-3.0,,7.0,1.0,False,50,6.666666666666667,358.872,-0.03333333333333333,
1620,2i,150.0,2,12.234,0,0.0,False,0,,,,scenario_straight_heavy,val,development,0.25,-1.0,-3.6043000000000003,0.0,-2.0,,7.0,6.0,False,55,13.333333333333334,587.2320000000001,-0.03333333333333333,
1625,2i,150.0,2,7.0434,1,1.0,False,0,,,,scenario_straight_heavy,val,development,0.25,0.0,-4.9376999999999995,0.006666666666666667,-2.0,,0.0,4.0,True,,13.333333333333334,338.08320000000003,0.0,
1630,2i,150.0,2,0.1341,1,1.0,False,0,,,,scenario_straight_heavy,val,development,0.25,0.0,-0.9305,0.006666666666666667,-1.0,,0.0,9.0,True,,13.333333333333334,6.436800000000001,0.0,
1635,2i,150.0,5,14.297,2,15.04,False,0,,,,scenario_straight_heavy,val,development,0.25,10.04,14.297,0.10026666666666666,-1.0,,0.0,14.0,True,,33.333333333333336,1715.64,0.3346666666666666,
1640,2i,150.0,5,8.8371,2,15.04,False,0,,,,scenario_straight_heavy,val,development,0.25,15.04,-7.783100000000001,0.10026666666666666,0.0,,0.0,19.0,True,,33.333333333333336,1060.452,0.5013333333333333,
1645,2i,150.0,5,0.446,2,15.04,False,0,,,,scenario_straight_heavy,val,development,0.25,15.04,-14.507,0.10026666666666666,0.0,,0.0,24.0,True,,33.333333333333336,53.52000000000001,0.5013333333333333,
1650,2i,150.0,5,0.0002,5,22.04,False,0,,,,scenario_straight_heavy,val,development,0.25,22.04,-12.2338,0.14693333333333333,0.0,,1.0,4.0,False,5,33.333333333333336,0.024000000000000004,0.7346666666666667,
1655,2i,150.0,6,2.765,5,22.04,False,1,26.7761,375.59,375.59,scenario_straight_heavy,val,development,0.25,21.04,-4.2783999999999995,0.14693333333333333,1.0,,2.0,2.0,True,,40.0,398.16,0.7013333333333333,
1660,2i,150.0,6,1.6151,5,22.04,False,1,26.7267,240.6,240.6,scenario_straight_heavy,val,development,0.25,21.04,1.4809999999999999,0.14693333333333333,1.0,,3.0,1.0,False,5,40.0,232.5744,0.7013333333333333,
1665,2i,150.0,7,3.2161,5,22.04,False,1,20.3221,117.09,117.09,scenario_straight_heavy,val,development,0.25,7.0,-11.0809,0.14693333333333333,1.0,,3.0,6.0,False,10,46.66666666666667,540.3048000000001,0.23333333333333334,
1670,2i,150.0,5,2.8395,2,27.85,False,1,8.4365,51.27,51.27,scenario_straight_heavy,val,development,0.25,12.810000000000002,-5.997599999999999,0.18566666666666667,1.0,,4.0,4.0,False,15,33.333333333333336,340.74000000000007,0.4270000000000001,
1675,2i,150.0,3,3.2087,1,1.0,False,1,4.1471,30.14,30.14,scenario_straight_heavy,val,development,0.25,-14.04,2.7626999999999997,0.006666666666666667,1.0,,4.0,9.0,False,20,20.0,231.02640000000002,-0.46799999999999997,
1680,2i,150.0,4,18.077,1,1.0,False,0,,,,scenario_straight_heavy,val,development,0.25,-21.04,18.076800000000002,0.006666666666666667,0.0,,4.0,14.0,False,25,26.666666666666668,1735.3920000000003,-0.7013333333333333,
1685,2i,150.0,4,12.1757,1,1.0,False,0,,,,scenario_straight_heavy,val,development,0.25,-21.04,9.4107,0.006666666666666667,-1.0,,4.0,19.0,False,30,26.666666666666668,1168.8672000000001,-0.7013333333333333,
1690,2i,150.0,2,0.6234,1,1.0,False,0,,,,scenario_straight_heavy,val,development,0.25,-21.04,-0.9917,0.006666666666666667,-1.0,,4.0,24.0,False,35,13.333333333333334,29.9232,-0.7013333333333333,
1695,2i,150.0,3,7.8945,2,8.0,False,0,,,,scenario_straight_heavy,val,development,0.25,-14.04,4.6784,0.05333333333333334,-1.0,,5.0,4.0,False,40,20.0,568.404,-0.46799999999999997,
1700,2i,150.0,2,9.3026,0,0.0,False,1,23.5289,383.3,383.3,scenario_straight_heavy,val,development,0.25,-27.85,6.4631,0.0,0.0,332.03000000000003,6.0,2.0,False,45,13.333333333333334,446.52479999999997,-0.9283333333333333,
1705,2i,150.0,1,2.991,0,0.0,False,1,24.4002,262.82,262.82,scenario_straight_heavy,val,development,0.25,-1.0,-0.21769999999999978,0.0,0.0,232.68,7.0,1.0,False,50,6.666666666666667,71.784,-0.03333333333333333,
1710,2i,150.0,2,11.7246,1,1.0,False,1,23.4491,144.74,144.74,scenario_straight_heavy,val,development,0.25,0.0,-6.352400000000001,0.006666666666666667,1.0,,7.0,6.0,False,55,13.333333333333334,562.7808000000001,0.0,
1715,2i,150.0,2,7.6307,1,1.0,False,3,19.5448,44.46,396.53,scenario_straight_heavy,val,development,0.25,0.0,-4.545000000000001,0.006666666666666667,3.0,,0.0,4.0,True,,13.333333333333334,366.27360000000004,0.0,
1720,2i,150.0,2,0.9613,1,1.0,False,3,15.0393,8.26,300.7,scenario_straight_heavy,val,development,0.25,0.0,0.3379000000000001,0.006666666666666667,3.0,,0.0,9.0,True,,13.333333333333334,46.14240000000001,0.0,
1725,2i,150.0,4,12.5251,2,8.0,False,3,14.7479,8.0,205.2,scenario_straight_heavy,val,development,0.25,0.0,4.6306,0.05333333333333334,3.0,,0.0,14.0,True,,26.666666666666668,1202.4096000000002,0.0,
1730,2i,150.0,5,8.8016,2,8.0,False,4,14.0206,8.0,383.77,scenario_straight_heavy,val,development,0.25,8.0,-0.5009999999999994,0.05333333333333334,3.0,0.46999999999997044,0.0,19.0,True,,33.333333333333336,1056.1920000000002,0.26666666666666666,
1735,2i,150.0,5,3.1157,3,8.0,False,4,9.7689,8.0,263.55,scenario_straight_heavy,val,development,0.25,8.0,0.12469999999999981,0.05333333333333334,3.0,0.7300000000000182,0.0,24.0,True,,33.333333333333336,373.884,0.26666666666666666,
1740,2i,150.0,6,3.8953,4,15.0,False,4,5.843,1.0,142.47,scenario_straight_heavy,val,development,0.25,14.0,-7.8293,0.1,3.0,-2.2700000000000102,1.0,4.0,False,5,40.0,560.9232,0.4666666666666667,
1745,2i,150.0,6,2.3025,5,15.0,False,4,3.4538,1.0,50.23,scenario_straight_heavy,val,development,0.25,14.0,-5.3282,0.1,1.0,-346.29999999999995,2.0,2.0,True,,40.0,331.56000000000006,0.4666666666666667,
1750,2i,150.0,6,0.061,5,15.0,False,4,0.0915,1.0,22.34,scenario_straight_heavy,val,development,0.25,14.0,-0.9003000000000001,0.1,1.0,-278.36,3.0,1.0,False,5,40.0,8.783999999999999,0.4666666666666667,
1755,2i,150.0,7,3.5584,6,22.0,False,4,0.0001,1.0,22.0,scenario_straight_heavy,val,development,0.25,14.0,-8.9667,0.14666666666666667,1.0,-183.2,3.0,6.0,False,10,46.66666666666667,597.8112000000001,0.4666666666666667,
1760,2i,150.0,4,6.17,1,1.0,False,3,12.1616,0.99,383.12,scenario_straight_heavy,val,development,0.25,-7.0,-2.6316000000000006,0.006666666666666667,-1.0,-0.6499999999999773,4.0,4.0,False,15,26.666666666666668,592.32,-0.23333333333333334,
1765,2i,150.0,1,0.0,1,1.0,False,1,24.7288,262.96,262.96,scenario_straight_heavy,val,development,0.25,-7.0,-3.1157,0.006666666666666667,-3.0,-0.5900000000000318,4.0,9.0,False,20,6.666666666666667,0.0,-0.23333333333333334,
1770,2i,150.0,4,19.2437,1,1.0,False,1,24.8164,140.62,140.62,scenario_straight_heavy,val,development,0.25,-14.0,15.3484,0.006666666666666667,-3.0,-1.8499999999999943,4.0,14.0,False,25,26.666666666666668,1847.3952000000002,-0.4666666666666667,
1775,2i,150.0,4,11.5711,1,1.0,False,1,15.4158,40.67,40.67,scenario_straight_heavy,val,development,0.25,-14.0,9.2686,0.006666666666666667,-3.0,-9.559999999999995,4.0,19.0,False,30,26.666666666666668,1110.8256000000001,-0.4666666666666667,
1780,2i,150.0,2,0.8193,1,1.0,False,1,1.6385,5.15,5.15,scenario_straight_heavy,val,development,0.25,-14.0,0.7583,0.006666666666666667,-3.0,-17.189999999999998,4.0,24.0,False,35,13.333333333333334,39.32640000000001,-0.4666666666666667,
1785,2i,150.0,2,0.0,2,5.0,False,1,0.0,5.0,5.0,scenario_straight_heavy,val,development,0.25,-17.0,-3.5584,0.03333333333333333,-3.0,-17.0,5.0,4.0,False,40,13.333333333333334,0.0,-0.5666666666666667,
1790,2i,150.0,1,16.6177,0,0.0,False,0,,,,scenario_straight_heavy,val,development,0.25,-1.0,10.4477,0.0,-3.0,,6.0,2.0,False,45,6.666666666666667,398.82480000000004,-0.03333333333333333,
1795,2i,150.0,1,14.9157,0,0.0,False,0,,,,scenario_straight_heavy,val,development,0.25,-1.0,14.9157,0.0,-1.0,,7.0,1.0,False,50,6.666666666666667,357.9768,-0.03333333333333333,
1800,2i,150.0,1,0.0,0,0.0,False,0,,,,scenario_straight_heavy,val,development,0.25,-1.0,-19.2437,0.0,-1.0,,7.0,6.0,False,55,6.666666666666667,0.0,-0.03333333333333333,
1805,2i,150.0,2,7.2099,1,1.0,False,2,25.3803,376.31,385.76,scenario_straight_heavy,val,development,0.25,0.0,-4.361199999999999,0.006666666666666667,1.0,345.09,0.0,4.0,True,,13.333333333333334,346.07520000000005,0.0,
1810,2i,150.0,2,4.9911,1,1.0,False,2,24.8753,243.15,264.16,scenario_straight_heavy,val,development,0.25,0.0,4.1718,0.006666666666666667,1.0,259.01000000000005,0.0,9.0,True,,13.333333333333334,239.57280000000003,0.0,
1815,2i,150.0,5,15.3619,1,1.0,False,2,24.8618,108.62,142.38,scenario_straight_heavy,val,development,0.25,-4.0,15.3619,0.006666666666666667,1.0,137.38,0.0,14.0,True,,33.333333333333336,1843.4280000000003,-0.13333333333333333,
1820,2i,150.0,5,8.2662,1,1.0,False,3,17.4319,19.33,375.43,scenario_straight_heavy,val,development,0.25,1.0,-8.3515,0.006666666666666667,3.0,,0.0,19.0,True,,33.333333333333336,991.944,0.03333333333333333,
1825,2i,150.0,5,0.252,3,15.04,False,3,9.3063,1.0,241.03,scenario_straight_heavy,val,development,0.25,15.04,-14.663699999999999,0.10026666666666666,3.0,,0.0,24.0,True,,33.333333333333336,30.240000000000002,0.5013333333333333,
1830,2i,150.0,6,3.6659,5,29.08,False,3,7.3318,1.0,114.48,scenario_straight_heavy,val,development,0.25,29.08,3.6659,0.19386666666666666,3.0,,1.0,4.0,False,5,40.0,527.8896,0.9693333333333333,
1835,2i,150.0,6,1.4108,5,29.08,False,3,2.8217,1.0,45.1,scenario_straight_heavy,val,development,0.25,28.08,-5.7991,0.19386666666666666,1.0,-340.65999999999997,2.0,2.0,True,,40.0,203.15520000000004,0.9359999999999999,
1840,2i,150.0,6,0.0047,6,36.09,False,3,0.0093,1.0,36.09,scenario_straight_heavy,val,development,0.25,35.09,-4.986400000000001,0.24060000000000004,1.0,-228.07000000000002,3.0,1.0,False,5,40.0,0.6768000000000001,1.1696666666666669,
1845,2i,150.0,7,2.9911,6,36.08,False,3,0.0,1.0,36.08,scenario_straight_heavy,val,development,0.25,35.08,-12.370800000000001,0.24053333333333332,1.0,-106.3,3.0,6.0,False,10,46.66666666666667,502.50480000000005,1.1693333333333333,
1850,2i,150.0,5,2.8171,1,1.0,False,3,1.0428,1.0,34.33,scenario_straight_heavy,val,development,0.25,0.0,-5.4491,0.006666666666666667,0.0,-341.1,4.0,4.0,False,15,33.333333333333336,338.052,0.0,
1855,2i,150.0,4,4.5883,1,1.0,False,3,4.4817,0.12,15.72,scenario_straight_heavy,val,development,0.25,-14.04,4.3363000000000005,0.006666666666666667,0.0,-225.31,4.0,9.0,False,20,26.666666666666668,440.4768000000001,-0.46799999999999997,
1860,2i,150.0,3,16.8251,1,1.0,False,1,0.0,1.0,1.0,scenario_straight_heavy,val,development,0.25,-28.08,13.159199999999998,0.006666666666666667,-2.0,-113.48,4.0,14.0,False,25,20.0,1211.4072,-0.9359999999999999,
1865,2i,150.0,4,11.8584,1,1.0,False,2,13.0335,1.0,375.36,scenario_straight_heavy,val,development,0.25,-28.08,10.4476,0.006666666666666667,-1.0,330.26,4.0,19.0,False,30,26.666666666666668,1138.4064,-0.9359999999999999,
1870,2i,150.0,2,5.5653,1,1.0,False,2,13.7957,1.0,241.32,scenario_straight_heavy,val,development,0.25,-35.09,5.5606,0.006666666666666667,-1.0,205.23,4.0,24.0,False,35,13.333333333333334,267.1344,-1.1696666666666669,
1875,2i,150.0,3,9.4406,1,1.0,False,2,11.6445,1.0,111.42,scenario_straight_heavy,val,development,0.25,-35.08,6.4495000000000005,0.006666666666666667,-1.0,75.34,5.0,4.0,False,40,20.0,679.7231999999999,-1.1693333333333333,
1880,2i,150.0,2,8.1577,0,0.0,False,1,12.8936,28.05,28.05,scenario_straight_heavy,val,development,0.25,-1.0,5.3406,0.0,-2.0,-6.279999999999998,6.0,2.0,False,45,13.333333333333334,391.56960000000004,-0.03333333333333333,
1885,2i,150.0,1,0.5379,0,0.0,False,1,0.5379,1.28,1.28,scenario_straight_heavy,val,development,0.25,-1.0,-4.0504,0.0,-2.0,-14.440000000000001,7.0,1.0,False,50,6.666666666666667,12.909600000000001,-0.03333333333333333,
1890,2i,150.0,2,12.3374,1,1.0,False,1,0.0,1.0,1.0,scenario_straight_heavy,val,development,0.25,0.0,-4.4876999999999985,0.006666666666666667,0.0,0.0,7.0,6.0,False,55,13.333333333333334,592.1952000000001,0.0,
1895,2i,150.0,2,5.8319,1,1.0,False,2,9.5351,1.0,396.84,scenario_straight_heavy,val,development,0.25,0.0,-6.0264999999999995,0.006666666666666667,0.0,21.47999999999996,0.0,4.0,True,,13.333333333333334,279.9312,0.0,
1900,2i,150.0,2,0.016,2,5.03,False,2,9.4583,1.0,301.99,scenario_straight_heavy,val,development,0.25,4.03,-5.5493,0.03353333333333333,0.0,60.670000000000016,0.0,9.0,True,,13.333333333333334,0.7680000000000001,0.13433333333333333,
1905,2i,150.0,2,0.0,2,5.0,False,2,9.5848,1.0,206.7,scenario_straight_heavy,val,development,0.25,4.0,-9.4406,0.03333333333333333,0.0,95.27999999999999,0.0,14.0,True,,13.333333333333334,0.0,0.13333333333333333,
1910,2i,150.0,5,10.472,2,5.0,False,2,7.3694,1.0,124.18,scenario_straight_heavy,val,development,0.25,5.0,2.3142999999999994,0.03333333333333333,1.0,96.13000000000001,0.0,19.0,True,,33.333333333333336,1256.64,0.16666666666666666,
1915,2i,150.0,5,7.7923,2,5.0,False,2,5.1737,1.0,63.66,scenario_straight_heavy,val,development,0.25,5.0,7.2544,0.03333333333333333,1.0,62.379999999999995,0.0,24.0,True,,33.333333333333336,935.076,0.16666666666666666,
1920,2i,150.0,6,4.6579,2,5.0,False,2,2.9237,1.0,25.43,scenario_straight_heavy,val,development,0.25,4.0,-7.679500000000001,0.03333333333333333,1.0,24.43,1.0,4.0,False,5,40.0,670.7375999999999,0.13333333333333333,
1925,2i,150.0,6,1.9663,4,5.0,False,2,0.6737,1.0,9.69,scenario_straight_heavy,val,development,0.25,4.0,-3.8656,0.03333333333333333,0.0,-387.15,2.0,2.0,True,,40.0,283.1472,0.13333333333333333,
1930,2i,150.0,6,0.2609,5,9.0,False,2,0.0027,1.0,9.0,scenario_straight_heavy,val,development,0.25,3.9699999999999998,0.2449,0.06,0.0,-292.99,3.0,1.0,False,5,40.0,37.5696,0.13233333333333333,
1935,2i,150.0,6,0.0001,6,23.04,False,2,0.0,1.0,9.0,scenario_straight_heavy,val,development,0.25,18.04,0.0001,0.1536,0.0,-197.7,3.0,6.0,False,10,40.0,0.014400000000000001,0.6013333333333333,
1940,2i,150.0,4,5.208,1,1.0,False,3,18.0323,4.38,382.99,scenario_straight_heavy,val,development,0.25,-4.0,-5.263999999999999,0.006666666666666667,1.0,258.81,4.0,4.0,False,15,26.666666666666668,499.9680000000001,-0.13333333333333333,
1945,2i,150.0,3,6.0006,1,1.0,False,2,25.5358,240.14,262.34,scenario_straight_heavy,val,development,0.25,-4.0,-1.7916999999999996,0.006666666666666667,0.0,198.67999999999998,4.0,9.0,False,20,20.0,432.0432,-0.13333333333333333,
1950,2i,150.0,4,18.1582,1,1.0,False,2,23.8001,109.36,144.25,scenario_straight_heavy,val,development,0.25,-4.0,13.500300000000001,0.006666666666666667,0.0,118.82,4.0,14.0,False,25,26.666666666666668,1743.1872000000003,-0.13333333333333333,
1955,2i,150.0,4,9.113,1,1.0,False,2,12.1395,29.79,47.5,scenario_straight_heavy,val,development,0.25,-4.0,7.146699999999999,0.006666666666666667,0.0,37.81,4.0,19.0,False,30,26.666666666666668,874.8480000000001,-0.13333333333333333,
1960,2i,150.0,2,0.0436,2,15.08,False,1,0.0872,15.08,15.08,scenario_straight_heavy,val,development,0.25,6.08,-0.21730000000000002,0.10053333333333334,-1.0,6.08,4.0,24.0,False,35,13.333333333333334,2.0928000000000004,0.20266666666666666,
1965,2i,150.0,3,8.0284,2,15.04,False,1,0.0,15.04,15.04,scenario_straight_heavy,val,development,0.25,-8.0,8.0283,0.10026666666666666,-1.0,6.039999999999999,5.0,4.0,False,40,20.0,578.0448,-0.26666666666666666,
1970,2i,150.0,2,8.8035,0,0.0,False,1,1.6191,12.53,12.53,scenario_straight_heavy,val,development,0.25,-1.0,3.5954999999999995,0.0,-2.0,-370.46000000000004,6.0,2.0,False,45,13.333333333333334,422.568,-0.03333333333333333,
1975,2i,150.0,2,1.5625,0,0.0,False,1,0.106,1.03,1.03,scenario_straight_heavy,val,development,0.25,-1.0,-4.4381,0.0,-1.0,-261.31,7.0,1.0,False,50,13.333333333333334,75.0,-0.03333333333333333,
1980,2i,150.0,3,7.9861,2,1.0,False,1,0.0,1.0,1.0,scenario_straight_heavy,val,development,0.25,0.0,-10.1721,0.006666666666666667,-1.0,-143.25,7.0,6.0,False,55,20.0,574.9992,0.0,
1985,2i,150.0,3,3.9016,2,1.0,False,2,13.3475,1.0,375.32,scenario_straight_heavy,val,development,0.25,0.0,-5.211399999999999,0.006666666666666667,0.0,327.82,0.0,4.0,True,,20.0,280.9152,0.0,
1990,2i,150.0,3,0.0437,2,1.0,False,2,13.861,1.0,241.59,scenario_straight_heavy,val,development,0.25,-14.08,0.00010000000000000286,0.006666666666666667,1.0,226.51,0.0,9.0,True,,20.0,3.1464000000000003,-0.4693333333333333,
1995,2i,150.0,6,12.5473,3,8.0,False,2,12.4563,1.0,110.5,scenario_straight_heavy,val,development,0.25,-7.039999999999999,4.5189,0.05333333333333334,1.0,95.46000000000001,0.0,14.0,True,,40.0,1806.8111999999999,-0.23466666666666663,
2000,2i,150.0,6,5.8713,3,8.0,False,2,6.3519,1.0,25.17,scenario_straight_heavy,val,development,0.25,8.0,-2.9322,0.05333333333333334,1.0,12.640000000000002,0.0,19.0,True,,40.0,845.4671999999999,0.26666666666666666,
2005,2i,150.0,6,0.1216,4,8.0,False,2,0.1016,1.0,1.11,scenario_straight_heavy,val,development,0.25,8.0,-1.4409,0.05333333333333334,1.0,0.08000000000000007,0.0,24.0,True,,40.0,17.5104,0.26666666666666666,
2010,2i,150.0,7,3.6481,6,12.0,False,2,0.0,1.0,1.0,scenario_straight_heavy,val,development,0.25,11.0,-4.338000000000001,0.08,1.0,0.0,1.0,4.0,False,5,46.66666666666667,612.8808,0.36666666666666664,
2015,2i,150.0,7,1.7225,6,12.0,False,3,8.1131,1.0,384.46,scenario_straight_heavy,val,development,0.25,11.0,-2.1791,0.08,1.0,9.139999999999986,2.0,2.0,True,,46.66666666666667,289.38,0.36666666666666664,
2020,2i,150.0,7,0.0085,6,12.0,False,3,8.1655,1.0,263.2,scenario_straight_heavy,val,development,0.25,11.0,-0.0352,0.08,1.0,21.609999999999985,3.0,1.0,False,5,46.66666666666667,1.4280000000000002,0.36666666666666664,
2025,2i,150.0,8,2.9898,7,16.0,False,3,7.9727,1.0,144.33,scenario_straight_heavy,val,development,0.25,8.0,-9.557500000000001,0.10666666666666667,1.0,33.83000000000001,3.0,6.0,False,10,53.333333333333336,574.0416,0.26666666666666666,
2030,2i,150.0,5,4.5422,2,5.0,False,2,7.0366,1.0,48.67,scenario_straight_heavy,val,development,0.25,-3.0,-1.3290999999999995,0.03333333333333333,0.0,23.5,4.0,4.0,False,15,33.333333333333336,545.0640000000001,-0.1,
2035,2i,150.0,2,0.0,2,5.0,False,1,0.0,1.0,1.0,scenario_straight_heavy,val,development,0.25,-3.0,-0.1216,0.03333333333333333,-1.0,-0.1100000000000001,4.0,9.0,False,20,13.333333333333334,0.0,-0.1,
2040,2i,150.0,4,12.9365,2,5.0,False,1,0.0,1.0,1.0,scenario_straight_heavy,val,development,0.25,-7.0,9.288400000000001,0.03333333333333333,-1.0,0.0,4.0,14.0,False,25,26.666666666666668,1241.9040000000002,-0.23333333333333334,
2045,2i,150.0,5,8.96,2,5.0,False,2,12.1641,1.0,381.95,scenario_straight_heavy,val,development,0.25,-7.0,7.237500000000001,0.03333333333333333,-1.0,-2.509999999999991,4.0,19.0,False,30,33.333333333333336,1075.2000000000003,-0.23333333333333334,
2050,2i,150.0,3,3.4594,2,5.0,False,2,12.1827,1.0,261.82,scenario_straight_heavy,val,development,0.25,-7.0,3.4509,0.03333333333333333,-1.0,-1.3799999999999955,4.0,24.0,False,35,20.0,249.0768,-0.23333333333333334,
2055,2i,150.0,4,7.3267,2,5.0,False,2,11.6887,1.0,139.73,scenario_straight_heavy,val,development,0.25,-11.0,4.3369,0.03333333333333333,-1.0,-4.600000000000023,5.0,4.0,False,40,26.666666666666668,703.3632,-0.36666666666666664,
2060,2i,150.0,2,9.4371,0,0.0,False,1,17.1045,46.02,46.02,scenario_straight_heavy,val,development,0.25,-5.0,4.894899999999999,0.0,-1.0,-2.6499999999999986,6.0,2.0,False,45,13.333333333333334,452.9808,-0.16666666666666666,
2065,2i,150.0,1,3.3346,0,0.0,False,1,3.3346,1.34,1.34,scenario_straight_heavy,val,development,0.25,-5.0,3.3346,0.0,0.0,0.3400000000000001,7.0,1.0,False,50,6.666666666666667,80.0304,-0.16666666666666666,
2070,2i,150.0,2,12.042,1,1.0,False,1,0.0,1.0,1.0,scenario_straight_heavy,val,development,0.25,-4.0,-0.8945000000000007,0.006666666666666667,0.0,0.0,7.0,6.0,False,55,13.333333333333334,578.016,-0.13333333333333333,
2075,2i,150.0,2,5.9165,1,1.0,False,2,11.7047,1.0,383.99,scenario_straight_heavy,val,development,0.25,-4.0,-3.0435000000000008,0.006666666666666667,0.0,2.0400000000000205,0.0,4.0,True,,13.333333333333334,283.992,-0.13333333333333333,
2080,2i,150.0,2,0.0716,2,8.03,False,2,11.6929,1.0,264.97,scenario_straight_heavy,val,development,0.25,3.0299999999999994,-3.3878,0.05353333333333333,0.0,3.150000000000034,0.0,9.0,True,,13.333333333333334,3.4368,0.10099999999999998,
2085,2i,150.0,5,14.4734,2,8.0,False,2,11.9921,1.0,145.3,scenario_straight_heavy,val,development,0.25,3.0,7.1467,0.05333333333333334,0.0,5.570000000000022,0.0,14.0,True,,33.333333333333336,1736.808,0.1,
2090,2i,150.0,5,9.3769,2,8.0,False,3,14.3602,1.0,376.56,scenario_straight_heavy,val,development,0.25,8.0,-0.06020000000000003,0.05333333333333334,2.0,330.54,0.0,19.0,True,,33.333333333333336,1125.228,0.26666666666666666,
2095,2i,150.0,5,0.9696,2,8.0,False,3,9.7771,1.0,242.09,scenario_straight_heavy,val,development,0.25,8.0,-2.365,0.05333333333333334,2.0,240.75,0.0,24.0,True,,33.333333333333336,116.35200000000002,0.26666666666666666,
2100,2i,150.0,6,4.0002,5,12.0,False,3,7.9987,1.0,110.74,scenario_straight_heavy,val,development,0.25,11.0,-8.041799999999999,0.08,2.0,109.74,1.0,4.0,False,5,40.0,576.0288,0.36666666666666664,
2105,2i,150.0,6,1.666,5,12.0,False,3,3.332,1.0,32.76,scenario_straight_heavy,val,development,0.25,11.0,-4.250500000000001,0.08,1.0,-351.23,2.0,2.0,True,,40.0,239.904,0.36666666666666664,
2110,2i,150.0,6,0.002,6,19.01,False,3,0.0041,1.0,19.01,scenario_straight_heavy,val,development,0.25,10.980000000000002,-0.0696,0.12673333333333334,1.0,-245.96000000000004,3.0,1.0,False,5,40.0,0.28800000000000003,0.36600000000000005,
2115,2i,150.0,7,3.1998,6,19.0,False,3,0.0,1.0,19.0,scenario_straight_heavy,val,development,0.25,11.0,-11.2736,0.12666666666666668,1.0,-126.30000000000001,3.0,6.0,False,10,46.66666666666667,537.5664,0.36666666666666664,
2120,2i,150.0,4,4.0798,1,1.0,False,1,1.3258,16.41,16.41,scenario_straight_heavy,val,development,0.25,-7.0,-5.2970999999999995,0.006666666666666667,-2.0,-360.15,4.0,4.0,False,15,26.666666666666668,391.6608,-0.23333333333333334,
2125,2i,150.0,1,0.0,1,1.0,False,0,,,,scenario_straight_heavy,val,development,0.25,-7.0,-0.9696,0.006666666666666667,-3.0,,4.0,9.0,False,20,6.666666666666667,0.0,-0.23333333333333334,
2130,2i,150.0,3,17.5128,1,1.0,False,0,,,,scenario_straight_heavy,val,development,0.25,-11.0,13.512599999999999,0.006666666666666667,-3.0,,4.0,14.0,False,25,20.0,1260.9216,-0.36666666666666664,
2135,2i,150.0,4,11.1081,1,1.0,False,0,,,,scenario_straight_heavy,val,development,0.25,-11.0,9.4421,0.006666666666666667,-3.0,,4.0,19.0,False,30,26.666666666666668,1066.3776000000003,-0.36666666666666664,
2140,2i,150.0,2,5.1768,1,1.0,False,0,,,,scenario_straight_heavy,val,development,0.25,-18.01,5.1748,0.006666666666666667,-3.0,,4.0,24.0,False,35,13.333333333333334,248.48640000000003,-0.6003333333333334,
2145,2i,150.0,3,9.2668,1,1.0,False,0,,,,scenario_straight_heavy,val,development,0.25,-18.0,6.067,0.006666666666666667,-3.0,,5.0,4.0,False,40,20.0,667.2096,-0.6,
2150,2i,150.0,2,8.9991,0,0.0,False,0,,,,scenario_straight_heavy,val,development,0.25,-1.0,4.919300000000001,0.0,-1.0,,6.0,2.0,False,45,13.333333333333334,431.95680000000004,-0.03333333333333333,
2155,2i,150.0,1,0.0,0,0.0,False,0,,,,scenario_straight_heavy,val,development,0.25,-1.0,0.0,0.0,0.0,,7.0,1.0,False,50,6.666666666666667,0.0,-0.03333333333333333,
2160,2i,150.0,2,12.1425,1,1.0,False,0,,,,scenario_straight_heavy,val,development,0.25,0.0,-5.3702999999999985,0.006666666666666667,0.0,,7.0,6.0,False,55,13.333333333333334,582.84,0.0,
2165,2i,150.0,2,7.7531,1,1.0,False,0,,,,scenario_straight_heavy,val,development,0.25,0.0,-3.3550000000000004,0.006666666666666667,0.0,,0.0,4.0,True,,13.333333333333334,372.1488,0.0,
2170,2i,150.0,2,0.9506,1,1.0,False,0,,,,scenario_straight_heavy,val,development,0.25,0.0,-4.2262,0.006666666666666667,0.0,,0.0,9.0,True,,13.333333333333334,45.6288,0.0,
2175,2i,150.0,5,14.6879,2,5.0,False,0,,,,scenario_straight_heavy,val,development,0.25,4.0,5.421100000000001,0.03333333333333333,0.0,,0.0,14.0,True,,33.333333333333336,1762.5480000000002,0.13333333333333333,
2180,2i,150.0,5,8.4044,2,5.0,False,0,,,,scenario_straight_heavy,val,development,0.25,5.0,-0.5946999999999996,0.03333333333333333,0.0,,0.0,19.0,True,,33.333333333333336,1008.5280000000001,0.16666666666666666,
2185,2i,150.0,5,0.7944,3,5.0,False,0,,,,scenario_straight_heavy,val,development,0.25,5.0,0.7944,0.03333333333333333,0.0,,0.0,24.0,True,,33.333333333333336,95.32800000000002,0.16666666666666666,
2190,2i,150.0,6,3.8379,5,12.0,False,0,,,,scenario_straight_heavy,val,development,0.25,11.0,-8.3046,0.08,0.0,,1.0,4.0,False,5,40.0,552.6576,0.36666666666666664,
2195,2i,150.0,6,1.7415,5,12.0,False,0,,,,scenario_straight_heavy,val,development,0.25,11.0,-6.0116,0.08,0.0,,2.0,2.0,True,,40.0,250.776,0.36666666666666664,
2200,2i,150.0,6,0.0034,6,19.02,False,0,,,,scenario_straight_heavy,val,development,0.25,18.02,-0.9472,0.1268,0.0,,3.0,1.0,False,5,40.0,0.4896,0.6006666666666667,
2205,2i,150.0,7,3.4947,6,19.0,False,0,,,,scenario_straight_heavy,val,development,0.25,14.0,-11.193200000000001,0.12666666666666668,0.0,,3.0,6.0,False,10,46.66666666666667,587.1096000000001,0.4666666666666667,
2210,2i,150.0,4,5.2467,1,1.0,False,0,,,,scenario_straight_heavy,val,development,0.25,-4.0,-3.157700000000001,0.006666666666666667,0.0,,4.0,4.0,False,15,26.666666666666668,503.68320000000006,-0.13333333333333333,
2215,2i,150.0,1,0.0,1,1.0,False,0,,,,scenario_straight_heavy,val,development,0.25,-4.0,-0.7944,0.006666666666666667,0.0,,4.0,9.0,False,20,6.666666666666667,0.0,-0.13333333333333333,
2220,2i,150.0,3,15.8613,1,1.0,False,0,,,,scenario_straight_heavy,val,development,0.25,-11.0,12.0234,0.006666666666666667,0.0,,4.0,14.0,False,25,20.0,1142.0136,-0.36666666666666664,
2225,2i,150.0,4,11.9581,1,1.0,False,0,,,,scenario_straight_heavy,val,development,0.25,-11.0,10.2166,0.006666666666666667,0.0,,4.0,19.0,False,30,26.666666666666668,1147.9776000000002,-0.36666666666666664,
2230,2i,150.0,2,0.8037,1,1.0,False,0,,,,scenario_straight_heavy,val,development,0.25,-18.02,0.8003,0.006666666666666667,0.0,,4.0,24.0,False,35,13.333333333333334,38.577600000000004,-0.6006666666666667,
2235,2i,150.0,3,8.2351,2,5.0,False,0,,,,scenario_straight_heavy,val,development,0.25,-14.0,4.740399999999999,0.03333333333333333,0.0,,5.0,4.0,False,40,20.0,592.9272,-0.4666666666666667,
2240,2i,150.0,1,12.601,0,0.0,False,0,,,,scenario_straight_heavy,val,development,0.25,-1.0,7.354300000000001,0.0,0.0,,6.0,2.0,False,45,6.666666666666667,302.42400000000004,-0.03333333333333333,
2245,2i,150.0,1,0.0668,0,0.0,False,0,,,,scenario_straight_heavy,val,development,0.25,-1.0,0.0668,0.0,0.0,,7.0,1.0,False,50,6.666666666666667,1.6032,-0.03333333333333333,
2250,2i,150.0,2,12.7125,1,1.0,False,0,,,,scenario_straight_heavy,val,development,0.25,0.0,-3.1487999999999996,0.006666666666666667,0.0,,7.0,6.0,False,55,13.333333333333334,610.2,0.0,
2255,2i,150.0,2,5.7124,1,1.0,False,1,23.9505,385.27,385.27,scenario_straight_heavy,val,development,0.25,0.0,-6.2457,0.006666666666666667,1.0,,0.0,4.0,True,,13.333333333333334,274.1952,0.0,
2260,2i,150.0,2,0.0109,2,5.01,False,1,23.4572,265.97,265.97,scenario_straight_heavy,val,development,0.25,4.01,-0.7928,0.0334,1.0,,0.0,9.0,True,,13.333333333333334,0.5232000000000001,0.13366666666666666,
2265,2i,150.0,5,14.4718,2,5.0,False,1,23.6712,145.96,145.96,scenario_straight_heavy,val,development,0.25,0.0,6.236700000000001,0.03333333333333333,1.0,,0.0,14.0,True,,33.333333333333336,1736.6160000000002,0.0,
2270,2i,150.0,5,9.3099,2,5.0,False,1,15.3129,43.57,43.57,scenario_straight_heavy,val,development,0.25,5.0,-3.2911,0.03333333333333333,1.0,,0.0,19.0,True,,33.333333333333336,1117.1880000000003,0.16666666666666666,
2275,2i,150.0,5,1.3064,2,5.0,False,1,3.0248,1.03,1.03,scenario_straight_heavy,val,development,0.25,5.0,1.2396,0.03333333333333333,1.0,,0.0,24.0,True,,33.333333333333336,156.76800000000003,0.16666666666666666,
2280,2i,150.0,6,3.8972,5,9.0,False,1,0.0,1.0,1.0,scenario_straight_heavy,val,development,0.25,8.0,-8.8153,0.06,1.0,,1.0,4.0,False,5,40.0,561.1968,0.26666666666666666,
2285,2i,150.0,6,1.7211,5,9.0,False,1,0.0,1.0,1.0,scenario_straight_heavy,val,development,0.25,8.0,-3.9913,0.06,0.0,-384.27,2.0,2.0,True,,40.0,247.8384,0.26666666666666666,
2290,2i,150.0,6,0.0001,6,16.0,False,1,0.0,1.0,1.0,scenario_straight_heavy,val,development,0.25,10.99,-0.0108,0.10666666666666667,0.0,-264.97,3.0,1.0,False,5,40.0,0.014400000000000001,0.36633333333333334,
2295,2i,150.0,7,3.4018,6,16.0,False,1,0.0,1.0,1.0,scenario_straight_heavy,val,development,0.25,11.0,-11.07,0.10666666666666667,0.0,-144.96,3.0,6.0,False,10,46.66666666666667,571.5024000000001,0.36666666666666664,
2300,2i,150.0,3,4.1735,1,1.0,False,2,25.3403,378.15,384.49,scenario_straight_heavy,val,development,0.25,-4.0,-5.136400000000001,0.006666666666666667,1.0,340.92,4.0,4.0,False,15,20.0,300.49199999999996,-0.13333333333333333,
2305,2i,150.0,1,0.0,1,1.0,False,2,24.9895,244.79,262.12,scenario_straight_heavy,val,development,0.25,-4.0,-1.3064,0.006666666666666667,1.0,261.09000000000003,4.0,9.0,False,20,6.666666666666667,0.0,-0.13333333333333333,
2310,2i,150.0,4,18.3554,1,1.0,False,2,24.4454,112.06,142.12,scenario_straight_heavy,val,development,0.25,-8.0,14.4582,0.006666666666666667,1.0,141.12,4.0,14.0,False,25,26.666666666666668,1762.1184000000003,-0.26666666666666666,
2315,2i,150.0,4,11.7881,1,1.0,False,2,15.7959,20.73,42.54,scenario_straight_heavy,val,development,0.25,-8.0,10.067,0.006666666666666667,1.0,41.54,4.0,19.0,False,30,26.666666666666668,1131.6576,-0.26666666666666666,
2320,2i,150.0,2,0.7803,1,1.0,False,0,,,,scenario_straight_heavy,val,development,0.25,-15.0,0.7802,0.006666666666666667,-1.0,,4.0,24.0,False,35,13.333333333333334,37.45440000000001,-0.5,
2325,2i,150.0,3,8.2325,2,8.0,False,0,,,,scenario_straight_heavy,val,development,0.25,-8.0,4.8307,0.05333333333333334,-1.0,,5.0,4.0,False,40,20.0,592.74,-0.26666666666666666,
2330,2i,150.0,2,8.5904,0,0.0,False,0,,,,scenario_straight_heavy,val,development,0.25,-1.0,4.416900000000001,0.0,-2.0,,6.0,2.0,False,45,13.333333333333334,412.33920000000006,-0.03333333333333333,
2335,2i,150.0,1,0.0,0,0.0,False,0,,,,scenario_straight_heavy,val,development,0.25,-1.0,0.0,0.0,-2.0,,7.0,1.0,False,50,6.666666666666667,0.0,-0.03333333333333333,
2340,2i,150.0,2,12.0381,1,1.0,False,0,,,,scenario_straight_heavy,val,development,0.25,0.0,-6.3172999999999995,0.006666666666666667,-2.0,,7.0,6.0,False,55,13.333333333333334,577.8288000000001,0.0,
2345,2i,150.0,2,7.5609,1,1.0,False,0,,,,scenario_straight_heavy,val,development,0.25,0.0,-4.2272,0.006666666666666667,-2.0,,0.0,4.0,True,,13.333333333333334,362.92320000000007,0.0,
2350,2i,150.0,2,1.0553,1,1.0,False,0,,,,scenario_straight_heavy,val,development,0.25,0.0,0.2749999999999999,0.006666666666666667,0.0,,0.0,9.0,True,,13.333333333333334,50.654399999999995,0.0,
2355,2i,150.0,4,12.4693,2,5.0,False,0,,,,scenario_straight_heavy,val,development,0.25,-3.0,4.236800000000001,0.03333333333333333,0.0,,0.0,14.0,True,,26.666666666666668,1197.0528000000002,-0.1,
2360,2i,150.0,5,8.2661,2,5.0,False,0,,,,scenario_straight_heavy,val,development,0.25,5.0,-0.3243000000000009,0.03333333333333333,0.0,,0.0,19.0,True,,33.333333333333336,991.9320000000001,0.16666666666666666,
2365,2i,150.0,5,2.9611,4,12.04,False,0,,,,scenario_straight_heavy,val,development,0.25,12.04,2.9611,0.08026666666666667,0.0,,0.0,24.0,True,,33.333333333333336,355.332,0.4013333333333333,
2370,2i,150.0,6,4.0052,4,12.0,False,0,,,,scenario_straight_heavy,val,development,0.25,11.0,-8.0329,0.08,0.0,,1.0,4.0,False,5,40.0,576.7488000000001,0.36666666666666664,
2375,2i,150.0,6,2.3756,5,12.0,False,1,27.6111,375.41,375.41,scenario_straight_heavy,val,development,0.25,11.0,-5.1853,0.08,1.0,,2.0,2.0,True,,40.0,342.0864,0.36666666666666664,
2380,2i,150.0,6,0.1098,5,12.0,False,1,26.7496,240.95,240.95,scenario_straight_heavy,val,development,0.25,11.0,-0.9454999999999999,0.08,1.0,,3.0,1.0,False,5,40.0,15.8112,0.36666666666666664,
2385,2i,150.0,7,3.2572,6,16.0,False,1,22.8006,112.48,112.48,scenario_straight_heavy,val,development,0.25,11.0,-9.2121,0.10666666666666667,1.0,,3.0,6.0,False,10,46.66666666666667,547.2096,0.36666666666666664,
2390,2i,150.0,3,4.995,1,1.0,False,2,14.642,35.73,396.61,scenario_straight_heavy,val,development,0.25,-4.0,-3.2710999999999997,0.006666666666666667,2.0,,4.0,4.0,False,15,20.0,359.64,-0.13333333333333333,
2395,2i,150.0,1,0.0,1,1.0,False,1,19.1465,300.97,300.97,scenario_straight_heavy,val,development,0.25,-11.04,-2.9611,0.006666666666666667,1.0,,4.0,9.0,False,20,6.666666666666667,0.0,-0.368,
2400,2i,150.0,2,12.7139,1,1.0,False,1,19.186,205.13,205.13,scenario_straight_heavy,val,development,0.25,-11.0,8.7087,0.006666666666666667,1.0,,4.0,14.0,False,25,13.333333333333334,610.2672,-0.36666666666666664,
2405,2i,150.0,4,11.6809,1,1.0,False,1,17.5921,111.38,111.38,scenario_straight_heavy,val,development,0.25,-11.0,9.305299999999999,0.006666666666666667,0.0,-264.03000000000003,4.0,19.0,False,30,26.666666666666668,1121.3664,-0.36666666666666664,
2410,2i,150.0,4,9.0495,1,1.0,False,1,16.6416,29.43,29.43,scenario_straight_heavy,val,development,0.25,-11.0,8.9397,0.006666666666666667,0.0,-211.51999999999998,4.0,24.0,False,35,26.666666666666668,868.7520000000001,-0.36666666666666664,
2415,2i,150.0,2,0.0,2,5.0,False,0,,,,scenario_straight_heavy,val,development,0.25,-11.0,-3.2572,0.03333333333333333,-1.0,,5.0,4.0,False,40,13.333333333333334,0.0,-0.36666666666666664,
2420,2i,150.0,1,18.8684,0,0.0,False,0,,,,scenario_straight_heavy,val,development,0.25,-1.0,13.8734,0.0,-2.0,,6.0,2.0,False,45,6.666666666666667,452.8416000000001,-0.03333333333333333,
2425,2i,150.0,1,14.5359,0,0.0,False,0,,,,scenario_straight_heavy,val,development,0.25,-1.0,14.5359,0.0,-1.0,,7.0,1.0,False,50,6.666666666666667,348.8616,-0.03333333333333333,
2430,2i,150.0,1,0.0,0,0.0,False,0,,,,scenario_straight_heavy,val,development,0.25,-1.0,-12.7139,0.0,-1.0,,7.0,6.0,False,55,6.666666666666667,0.0,-0.03333333333333333,
2435,2i,150.0,2,7.2463,1,1.0,False,2,22.7993,379.52,399.45,scenario_straight_heavy,val,development,0.25,0.0,-4.4346,0.006666666666666667,1.0,288.07,0.0,4.0,True,,13.333333333333334,347.8224,0.0,
2440,2i,150.0,2,4.9963,1,1.0,False,2,22.7537,243.68,305.77,scenario_straight_heavy,val,development,0.25,0.0,-4.0532,0.006666666666666667,1.0,276.34,0.0,9.0,True,,13.333333333333334,239.82240000000002,0.0,
2445,2i,150.0,4,11.9995,1,1.0,False,2,19.6297,121.67,211.4,scenario_straight_heavy,val,development,0.25,-4.0,11.9995,0.006666666666666667,2.0,,0.0,14.0,True,,26.666666666666668,1151.952,-0.13333333333333333,
2450,2i,150.0,5,9.1584,1,1.0,False,2,14.6843,47.25,117.79,scenario_straight_heavy,val,development,0.25,1.0,-9.71,0.006666666666666667,2.0,,0.0,19.0,True,,33.333333333333336,1099.0080000000003,0.03333333333333333,
2455,2i,150.0,5,3.1259,3,27.89,False,2,7.6114,27.89,30.72,scenario_straight_heavy,val,development,0.25,27.89,-11.41,0.18593333333333334,2.0,,0.0,24.0,True,,33.333333333333336,375.108,0.9296666666666666,
2460,2i,150.0,6,3.7145,4,27.75,False,2,0.0001,1.0,27.75,scenario_straight_heavy,val,development,0.25,27.75,3.7145,0.185,2.0,,1.0,4.0,False,5,40.0,534.888,0.925,
2465,2i,150.0,6,1.453,5,27.75,False,2,0.0,1.0,27.75,scenario_straight_heavy,val,development,0.25,26.75,-5.7932999999999995,0.185,0.0,-371.7,2.0,2.0,True,,40.0,209.23200000000003,0.8916666666666667,
2470,2i,150.0,6,0.006,6,31.76,False,2,0.0,1.0,27.75,scenario_straight_heavy,val,development,0.25,30.76,-4.9902999999999995,0.21173333333333336,0.0,-278.02,3.0,1.0,False,5,40.0,0.8640000000000001,1.0253333333333334,
2475,2i,150.0,7,3.1181,6,31.75,False,2,0.0,1.0,27.75,scenario_straight_heavy,val,development,0.25,30.75,-8.8814,0.21166666666666667,0.0,-183.65,3.0,6.0,False,10,46.66666666666667,523.8408000000001,1.025,
2480,2i,150.0,5,2.9791,1,1.0,False,2,1.2302,1.0,23.35,scenario_straight_heavy,val,development,0.25,0.0,-6.1793000000000005,0.006666666666666667,0.0,-94.44,4.0,4.0,False,15,33.333333333333336,357.492,0.0,
2485,2i,150.0,3,3.2328,1,1.0,False,1,0.0,1.0,1.0,scenario_straight_heavy,val,development,0.25,-26.89,0.1069,0.006666666666666667,-1.0,-29.72,4.0,9.0,False,20,20.0,232.76160000000002,-0.8963333333333333,
2490,2i,150.0,3,16.2473,1,1.0,False,1,0.0,1.0,1.0,scenario_straight_heavy,val,development,0.25,-26.75,12.532799999999998,0.006666666666666667,-1.0,-26.75,4.0,14.0,False,25,20.0,1169.8056,-0.8916666666666667,
2495,2i,150.0,4,11.63,1,1.0,False,2,9.3552,1.0,399.6,scenario_straight_heavy,val,development,0.25,-26.75,10.177000000000001,0.006666666666666667,0.0,371.85,4.0,19.0,False,30,26.666666666666668,1116.48,-0.8916666666666667,
2500,2i,150.0,3,4.177,2,13.73,False,2,9.4254,1.0,304.94,scenario_straight_heavy,val,development,0.25,-18.03,4.170999999999999,0.09153333333333334,0.0,277.19,4.0,24.0,False,35,20.0,300.74399999999997,-0.6010000000000001,
2505,2i,150.0,3,0.9096,2,13.71,False,2,9.6706,1.0,209.63,scenario_straight_heavy,val,development,0.25,-18.04,-2.2085,0.09140000000000001,0.0,181.88,5.0,4.0,False,40,20.0,65.4912,-0.6013333333333333,
2510,2i,150.0,3,7.2785,1,1.0,False,2,18.6155,115.79,396.68,scenario_straight_heavy,val,development,0.25,0.0,4.2994,0.006666666666666667,0.0,373.33,6.0,2.0,False,45,20.0,524.052,0.0,
2515,2i,150.0,2,7.6323,1,1.0,False,2,17.3194,32.32,300.25,scenario_straight_heavy,val,development,0.25,0.0,4.3995,0.006666666666666667,1.0,299.25,7.0,1.0,False,50,13.333333333333334,366.3504,0.0,
2520,2i,150.0,2,0.1323,1,1.0,False,2,9.63,1.0,204.5,scenario_straight_heavy,val,development,0.25,0.0,-16.115,0.006666666666666667,1.0,203.5,7.0,6.0,False,55,13.333333333333334,6.3504000000000005,0.0,
2525,2i,150.0,3,4.8284,2,1.0,False,3,12.7883,1.0,383.49,scenario_straight_heavy,val,development,0.25,0.0,-6.8016000000000005,0.006666666666666667,1.0,-16.110000000000014,0.0,4.0,True,,20.0,347.64480000000003,0.0,
2530,2i,150.0,3,3.3284,2,1.0,False,3,11.1154,1.0,262.52,scenario_straight_heavy,val,development,0.25,-12.73,-0.8485999999999998,0.006666666666666667,1.0,-42.420000000000016,0.0,9.0,True,,20.0,239.64479999999998,-0.42433333333333334,
2535,2i,150.0,6,12.5749,2,1.0,False,3,9.6711,1.0,143.29,scenario_straight_heavy,val,development,0.25,-12.71,11.6653,0.006666666666666667,1.0,-66.34,0.0,14.0,True,,40.0,1810.7856000000002,-0.4236666666666667,
2540,2i,150.0,6,7.2983,2,1.0,False,3,5.7544,1.0,54.52,scenario_straight_heavy,val,development,0.25,0.0,0.01980000000000004,0.006666666666666667,1.0,-342.16,0.0,19.0,True,,40.0,1050.9552,0.0,
2545,2i,150.0,6,0.6727,4,27.78,False,3,0.7594,1.0,15.13,scenario_straight_heavy,val,development,0.25,26.78,-6.9596,0.1852,1.0,-285.12,0.0,24.0,True,,40.0,96.86880000000001,0.8926666666666667,
2550,2i,150.0,7,3.3718,6,27.75,False,3,0.0,1.0,15.04,scenario_straight_heavy,val,development,0.25,26.75,3.2395,0.185,1.0,-189.46,1.0,4.0,False,5,46.66666666666667,566.4624,0.8916666666666667,
2555,2i,150.0,7,1.7514,6,27.75,False,3,0.0,1.0,15.04,scenario_straight_heavy,val,development,0.25,26.75,-3.077,0.185,0.0,-368.45,2.0,2.0,True,,46.66666666666667,294.2352,0.8916666666666667,
2560,2i,150.0,7,0.0207,6,27.75,False,3,0.0,1.0,15.04,scenario_straight_heavy,val,development,0.25,26.75,-3.3076999999999996,0.185,0.0,-247.48,3.0,1.0,False,5,46.66666666666667,3.4776000000000007,0.8916666666666667,
2565,2i,150.0,8,2.729,7,31.75,False,3,0.0,1.0,15.04,scenario_straight_heavy,val,development,0.25,30.75,-9.8459,0.21166666666666667,0.0,-128.25,3.0,6.0,False,10,53.333333333333336,523.9680000000001,1.025,
2570,2i,150.0,6,3.0654,2,30.44,False,2,3.7201,5.39,7.63,scenario_straight_heavy,val,development,0.25,29.44,-4.232900000000001,0.20293333333333335,-1.0,-46.89,4.0,4.0,False,15,40.0,441.4176,0.9813333333333334,
2575,2i,150.0,3,3.6496,1,1.0,False,0,,,,scenario_straight_heavy,val,development,0.25,-26.78,2.9769,0.006666666666666667,-3.0,,4.0,9.0,False,20,20.0,262.7712,-0.8926666666666667,
2580,2i,150.0,3,16.6236,1,1.0,False,0,,,,scenario_straight_heavy,val,development,0.25,-26.75,13.2518,0.006666666666666667,-3.0,,4.0,14.0,False,25,20.0,1196.8992,-0.8916666666666667,
2585,2i,150.0,4,10.6888,1,1.0,False,1,27.4497,375.15,375.15,scenario_straight_heavy,val,development,0.25,-26.75,8.9374,0.006666666666666667,-2.0,360.10999999999996,4.0,19.0,False,30,26.666666666666668,1026.1248,-0.8916666666666667,
2590,2i,150.0,2,5.1617,1,1.0,False,1,26.2607,240.34,240.34,scenario_straight_heavy,val,development,0.25,-26.75,5.141,0.006666666666666667,-2.0,225.3,4.0,24.0,False,35,13.333333333333334,247.76160000000002,-0.8916666666666667,
2595,2i,150.0,3,9.2362,1,1.0,False,1,21.8851,113.74,113.74,scenario_straight_heavy,val,development,0.25,-30.75,6.5072,0.006666666666666667,-2.0,98.69999999999999,5.0,4.0,False,40,20.0,665.0064,-1.025,
2600,2i,150.0,2,8.7837,0,0.0,False,2,20.6963,30.83,375.34,scenario_straight_heavy,val,development,0.25,-30.44,5.718299999999999,0.0,0.0,367.71,6.0,2.0,False,45,13.333333333333334,421.61760000000004,-1.0146666666666666,
2605,2i,150.0,1,0.1216,0,0.0,False,2,13.8769,1.0,239.7,scenario_straight_heavy,val,development,0.25,-1.0,-3.528,0.0,2.0,,7.0,1.0,False,50,6.666666666666667,2.9184,-0.03333333333333333,
2610,2i,150.0,2,12.3521,1,1.0,False,2,12.3521,1.0,106.65,scenario_straight_heavy,val,development,0.25,0.0,-4.2715,0.006666666666666667,2.0,,7.0,6.0,False,55,13.333333333333334,592.9008,0.0,
2615,2i,150.0,2,5.6345,1,1.0,False,4,15.8103,1.0,383.53,scenario_straight_heavy,val,development,0.25,0.0,-5.0543000000000005,0.006666666666666667,3.0,8.379999999999995,0.0,4.0,True,,13.333333333333334,270.456,0.0,
2620,2i,150.0,2,0.0237,2,5.0,False,4,12.8386,1.0,263.16,scenario_straight_heavy,val,development,0.25,4.0,-5.138,0.03333333333333333,3.0,22.82000000000002,0.0,9.0,True,,13.333333333333334,1.1376,0.13333333333333333,
2625,2i,150.0,5,14.3582,2,5.0,False,4,11.7879,1.0,144.1,scenario_straight_heavy,val,development,0.25,4.0,5.122,0.03333333333333333,3.0,30.36,0.0,14.0,True,,33.333333333333336,1722.9840000000002,0.13333333333333333,
2630,2i,150.0,5,7.5624,2,5.0,False,4,6.5359,1.0,45.8,scenario_straight_heavy,val,development,0.25,5.0,-1.2212999999999994,0.03333333333333333,2.0,-329.53999999999996,0.0,19.0,True,,33.333333333333336,907.488,0.16666666666666666,
2635,2i,150.0,5,0.6318,3,5.0,False,4,0.7898,1.0,9.07,scenario_straight_heavy,val,development,0.25,5.0,0.5102,0.03333333333333333,2.0,-230.63,0.0,24.0,True,,33.333333333333336,75.816,0.16666666666666666,
2640,2i,150.0,6,4.0802,5,9.0,False,4,0.0,1.0,9.0,scenario_straight_heavy,val,development,0.25,8.0,-8.2719,0.06,2.0,-97.65,1.0,4.0,False,5,40.0,587.5487999999999,0.26666666666666666,
2645,2i,150.0,6,1.8016,5,9.0,False,4,0.0,1.0,9.0,scenario_straight_heavy,val,development,0.25,8.0,-3.8329,0.06,0.0,-374.53,2.0,2.0,True,,40.0,259.4304,0.26666666666666666,
2650,2i,150.0,6,0.0063,6,13.0,False,4,0.0,1.0,9.0,scenario_straight_heavy,val,development,0.25,8.0,-0.0174,0.08666666666666667,0.0,-254.16000000000003,3.0,1.0,False,5,40.0,0.9072000000000001,0.26666666666666666,
2655,2i,150.0,7,3.3717,6,13.0,False,4,0.0,1.0,9.0,scenario_straight_heavy,val,development,0.25,8.0,-10.9865,0.08666666666666667,0.0,-135.1,3.0,6.0,False,10,46.66666666666667,566.4456000000001,0.26666666666666666,
2660,2i,150.0,3,4.6109,1,1.0,False,2,22.4949,377.08,399.93,scenario_straight_heavy,val,development,0.25,-4.0,-2.9515000000000002,0.006666666666666667,-2.0,354.13,4.0,4.0,False,15,20.0,331.98480000000006,-0.13333333333333333,
2665,2i,150.0,1,0.0,1,1.0,False,2,23.1437,240.99,305.15,scenario_straight_heavy,val,development,0.25,-4.0,-0.6318,0.006666666666666667,-2.0,296.08,4.0,9.0,False,20,6.666666666666667,0.0,-0.13333333333333333,
2670,2i,150.0,3,16.3997,1,1.0,False,2,21.9774,107.25,211.42,scenario_straight_heavy,val,development,0.25,-8.0,12.3195,0.006666666666666667,-2.0,202.42,4.0,14.0,False,25,20.0,1180.7784,-0.26666666666666666,
2675,2i,150.0,4,12.7189,1,1.0,False,2,18.1653,16.24,117.17,scenario_straight_heavy,val,development,0.25,-8.0,10.9173,0.006666666666666667,-2.0,108.17,4.0,19.0,False,30,26.666666666666668,1221.0144,-0.26666666666666666,
2680,2i,150.0,3,5.5292,1,1.0,False,1,13.893,33.44,33.44,scenario_straight_heavy,val,development,0.25,-12.0,5.5229,0.006666666666666667,-3.0,24.439999999999998,4.0,24.0,False,35,20.0,398.1024,-0.4,
2685,2i,150.0,4,6.3772,2,5.0,False,1,0.5113,1.0,1.0,scenario_straight_heavy,val,development,0.25,-8.0,3.0055,0.03333333333333333,-3.0,-8.0,5.0,4.0,False,40,26.666666666666668,612.2112000000001,-0.26666666666666666,
2690,2i,150.0,2,6.4404,1,1.0,False,1,0.0,1.0,1.0,scenario_straight_heavy,val,development,0.25,0.0,1.8295000000000003,0.006666666666666667,-1.0,-398.93,6.0,2.0,False,45,13.333333333333334,309.1392000000001,0.0,
2695,2i,150.0,2,0.0,1,1.0,False,1,0.0,1.0,1.0,scenario_straight_heavy,val,development,0.25,0.0,0.0,0.006666666666666667,-1.0,-304.15,7.0,1.0,False,50,13.333333333333334,0.0,0.0,
2700,2i,150.0,3,8.3118,2,1.0,False,1,0.0,1.0,1.0,scenario_straight_heavy,val,development,0.25,0.0,-8.0879,0.006666666666666667,-1.0,-210.42,7.0,6.0,False,55,20.0,598.4496,0.0,
2705,2i,150.0,3,4.9908,2,1.0,False,2,11.8376,1.0,382.9,scenario_straight_heavy,val,development,0.25,0.0,-7.7280999999999995,0.006666666666666667,0.0,265.72999999999996,0.0,4.0,True,,20.0,359.3376,0.0,
2710,2i,150.0,3,0.7196,2,1.0,False,2,12.0052,1.0,261.01,scenario_straight_heavy,val,development,0.25,0.0,-4.8096000000000005,0.006666666666666667,1.0,227.57,0.0,9.0,True,,20.0,51.8112,0.0,
2715,2i,150.0,6,12.4149,3,5.0,False,2,12.1184,1.0,138.26,scenario_straight_heavy,val,development,0.25,0.0,6.037699999999999,0.03333333333333333,1.0,137.26,0.0,14.0,True,,40.0,1787.7456000000002,0.0,
2720,2i,150.0,6,6.0987,3,5.0,False,2,6.9016,1.0,42.52,scenario_straight_heavy,val,development,0.25,4.0,-0.34170000000000034,0.03333333333333333,1.0,41.52,0.0,19.0,True,,40.0,878.2128,0.13333333333333333,
2725,2i,150.0,6,0.1691,5,13.72,False,2,0.4949,1.0,12.86,scenario_straight_heavy,val,development,0.25,12.72,0.1691,0.09146666666666667,1.0,11.86,0.0,24.0,True,,40.0,24.3504,0.42400000000000004,
2730,2i,150.0,7,3.332,6,13.71,False,2,0.0003,1.0,12.0,scenario_straight_heavy,val,development,0.25,12.71,-4.9798,0.09140000000000001,1.0,11.0,1.0,4.0,False,5,46.66666666666667,559.7760000000001,0.4236666666666667,
2735,2i,150.0,7,1.4738,6,13.71,False,2,0.0,1.0,12.0,scenario_straight_heavy,val,development,0.25,12.71,-3.5170000000000003,0.09140000000000001,0.0,-370.9,2.0,2.0,True,,46.66666666666667,247.59840000000003,0.4236666666666667,
2740,2i,150.0,7,0.004,7,19.03,False,2,0.0,1.0,12.0,scenario_straight_heavy,val,development,0.25,18.03,-0.7156,0.12686666666666668,0.0,-249.01,3.0,1.0,False,5,46.66666666666667,0.6720000000000002,0.6010000000000001,
2745,2i,150.0,8,2.922,7,19.0,False,2,0.0,1.0,12.0,scenario_straight_heavy,val,development,0.25,14.0,-9.492899999999999,0.12666666666666668,0.0,-126.25999999999999,3.0,6.0,False,10,53.333333333333336,561.0240000000001,0.4666666666666667,
2750,2i,150.0,4,4.3442,1,1.0,False,2,14.6669,2.19,382.72,scenario_straight_heavy,val,development,0.25,-4.0,-1.7545000000000002,0.006666666666666667,0.0,340.20000000000005,4.0,4.0,False,15,26.666666666666668,417.0432,-0.13333333333333333,
2755,2i,150.0,1,0.0,1,1.0,False,1,23.5839,264.42,264.42,scenario_straight_heavy,val,development,0.25,-12.72,-0.1691,0.006666666666666667,-1.0,251.56,4.0,9.0,False,20,6.666666666666667,0.0,-0.42400000000000004,
2760,2i,150.0,2,12.3164,1,1.0,False,1,24.6329,141.92,141.92,scenario_straight_heavy,val,development,0.25,-12.71,8.9844,0.006666666666666667,-1.0,129.92,4.0,14.0,False,25,13.333333333333334,591.1872,-0.4236666666666667,
2765,2i,150.0,4,12.6532,1,1.0,False,1,15.2477,39.24,39.24,scenario_straight_heavy,val,development,0.25,-12.71,11.1794,0.006666666666666667,-1.0,27.240000000000002,4.0,19.0,False,30,26.666666666666668,1214.7072,-0.4236666666666667,
2770,2i,150.0,3,5.5981,1,1.0,False,0,,,,scenario_straight_heavy,val,development,0.25,-18.03,5.5941,0.006666666666666667,-2.0,,4.0,24.0,False,35,20.0,403.0632,-0.6010000000000001,
2775,2i,150.0,4,6.5079,2,5.0,False,0,,,,scenario_straight_heavy,val,development,0.25,-14.0,3.5859,0.03333333333333333,-2.0,,5.0,4.0,False,40,26.666666666666668,624.7584,-0.4666666666666667,
2780,2i,150.0,2,6.2469,1,1.0,False,1,18.8974,399.91,399.91,scenario_straight_heavy,val,development,0.25,0.0,1.9027000000000003,0.006666666666666667,-1.0,17.189999999999998,6.0,2.0,False,45,13.333333333333334,299.8512,0.0,
2785,2i,150.0,2,0.2505,1,1.0,False,1,18.6182,306.59,306.59,scenario_straight_heavy,val,development,0.25,0.0,0.2505,0.006666666666666667,0.0,42.16999999999996,7.0,1.0,False,50,13.333333333333334,12.024000000000001,0.0,
2790,2i,150.0,2,0.0,2,1.0,False,1,19.1199,213.89,213.89,scenario_straight_heavy,val,development,0.25,0.0,-12.3164,0.006666666666666667,0.0,71.97,7.0,6.0,False,55,13.333333333333334,0.0,0.0,
2795,2i,150.0,3,6.2275,2,1.0,False,1,18.6824,120.25,120.25,scenario_straight_heavy,val,development,0.25,0.0,-6.4257,0.006666666666666667,0.0,81.00999999999999,0.0,4.0,True,,20.0,448.38,0.0,
2800,2i,150.0,3,3.9422,2,1.0,False,1,11.8265,47.56,47.56,scenario_straight_heavy,val,development,0.25,0.0,-1.6558999999999995,0.006666666666666667,1.0,,0.0,9.0,True,,20.0,283.83840000000004,0.0,
2805,2i,150.0,6,13.205,2,1.0,False,1,4.756,10.5,10.5,scenario_straight_heavy,val,development,0.25,-4.0,6.6971,0.006666666666666667,1.0,,0.0,14.0,True,,40.0,1901.5200000000002,-0.13333333333333333,
2810,2i,150.0,6,6.5618,3,5.0,False,2,13.619,5.0,375.93,scenario_straight_heavy,val,development,0.25,4.0,0.31489999999999974,0.03333333333333333,1.0,-23.980000000000018,0.0,19.0,True,,40.0,944.8992,0.13333333333333333,
2815,2i,150.0,6,0.5285,4,5.0,False,2,13.0348,5.0,242.17,scenario_straight_heavy,val,development,0.25,4.0,0.27799999999999997,0.03333333333333333,1.0,-64.41999999999999,0.0,24.0,True,,40.0,76.104,0.13333333333333333,
2820,2i,150.0,7,3.2483,6,17.71,False,2,11.3689,5.0,112.18,scenario_straight_heavy,val,development,0.25,16.71,3.2483,0.11806666666666667,1.0,-101.70999999999998,1.0,4.0,False,5,46.66666666666667,545.7144000000001,0.557,
2825,2i,150.0,7,1.3648,6,17.71,False,2,4.7768,5.0,38.47,scenario_straight_heavy,val,development,0.25,16.71,-4.8627,0.11806666666666667,1.0,-81.78,2.0,2.0,True,,46.66666666666667,229.28640000000004,0.557,
2830,2i,150.0,7,0.019,7,24.74,False,2,0.0667,5.0,24.74,scenario_straight_heavy,val,development,0.25,23.74,-3.9232,0.16493333333333332,1.0,-22.820000000000004,3.0,1.0,False,5,46.66666666666667,3.1920000000000006,0.7913333333333333,
2835,2i,150.0,7,0.0,7,24.71,False,2,0.0,5.0,24.71,scenario_straight_heavy,val,development,0.25,23.71,-13.205,0.16473333333333334,1.0,14.21,3.0,6.0,False,10,46.66666666666667,0.0,0.7903333333333333,
2840,2i,150.0,4,6.2644,1,1.0,False,3,16.4664,20.54,396.91,scenario_straight_heavy,val,development,0.25,-4.0,-0.29739999999999966,0.006666666666666667,1.0,20.980000000000018,4.0,4.0,False,15,26.666666666666668,601.3824000000001,-0.13333333333333333,
2845,2i,150.0,2,7.2279,1,1.0,False,2,23.3814,242.73,300.77,scenario_straight_heavy,val,development,0.25,-4.0,6.6994,0.006666666666666667,0.0,58.599999999999994,4.0,9.0,False,20,13.333333333333334,346.9392,-0.13333333333333333,
2850,2i,150.0,3,17.333,1,1.0,False,2,22.2743,108.62,204.85,scenario_straight_heavy,val,development,0.25,-16.71,14.084699999999998,0.006666666666666667,0.0,92.66999999999999,4.0,14.0,False,25,20.0,1247.9759999999999,-0.557,
2855,2i,150.0,4,11.2404,1,1.0,False,2,15.8064,17.81,122.07,scenario_straight_heavy,val,development,0.25,-16.71,9.875599999999999,0.006666666666666667,0.0,83.6,4.0,19.0,False,30,26.666666666666668,1079.0784,-0.557,
2860,2i,150.0,2,5.2375,1,1.0,False,1,10.4751,60.93,60.93,scenario_straight_heavy,val,development,0.25,-23.74,5.2185,0.006666666666666667,-1.0,36.19,4.0,24.0,False,35,13.333333333333334,251.4,-0.7913333333333333,
2865,2i,150.0,2,2.9876,1,1.0,False,1,5.9751,22.05,22.05,scenario_straight_heavy,val,development,0.25,-23.71,2.9876,0.006666666666666667,-1.0,-2.66,5.0,4.0,False,40,13.333333333333334,143.4048,-0.7903333333333333,
2870,2i,150.0,2,10.8185,0,0.0,False,2,14.1334,3.17,383.38,scenario_straight_heavy,val,development,0.25,-1.0,4.5541,0.0,-1.0,-13.53000000000003,6.0,2.0,False,45,13.333333333333334,519.2880000000001,-0.03333333333333333,
2875,2i,150.0,1,15.5059,0,0.0,False,1,23.9979,263.09,263.09,scenario_straight_heavy,val,development,0.25,-1.0,8.278,0.0,-1.0,-37.68000000000001,7.0,1.0,False,50,6.666666666666667,372.14160000000004,-0.03333333333333333,
2880,2i,150.0,2,12.7352,0,0.0,False,1,24.9645,141.85,141.85,scenario_straight_heavy,val,development,0.25,-1.0,-4.597799999999998,0.0,-1.0,-63.0,7.0,6.0,False,55,13.333333333333334,611.2896000000001,-0.03333333333333333,
2885,2i,150.0,2,7.3921,1,1.0,False,1,14.7841,46.17,46.17,scenario_straight_heavy,val,development,0.25,0.0,-3.848299999999999,0.006666666666666667,-1.0,-75.89999999999999,0.0,4.0,True,,13.333333333333334,354.8208,0.0,
2890,2i,150.0,2,0.6253,1,1.0,False,1,1.2507,13.79,13.79,scenario_straight_heavy,val,development,0.25,0.0,-4.6122,0.006666666666666667,0.0,-47.14,0.0,9.0,True,,13.333333333333334,30.014400000000002,0.0,
2895,2i,150.0,5,14.4021,2,13.71,False,1,0.0004,13.71,13.71,scenario_straight_heavy,val,development,0.25,12.71,11.4145,0.09140000000000001,0.0,-8.34,0.0,14.0,True,,33.333333333333336,1728.2520000000002,0.4236666666666667,
2900,2i,150.0,5,8.8099,2,13.71,False,2,13.4996,13.71,375.04,scenario_straight_heavy,val,development,0.25,13.71,-2.0085999999999995,0.09140000000000001,0.0,-8.339999999999975,0.0,19.0,True,,33.333333333333336,1057.188,0.457,
2905,2i,150.0,5,0.7193,2,13.71,False,2,13.6766,13.71,239.98,scenario_straight_heavy,val,development,0.25,13.71,-14.7866,0.09140000000000001,1.0,-23.109999999999985,0.0,24.0,True,,33.333333333333336,86.31600000000002,0.457,
2910,2i,150.0,6,3.7436,5,20.71,False,2,11.2308,13.71,110.43,scenario_straight_heavy,val,development,0.25,20.71,-8.991600000000002,0.13806666666666667,1.0,-31.419999999999987,1.0,4.0,False,5,40.0,539.0784,0.6903333333333334,
2915,2i,150.0,6,1.4718,5,20.71,False,2,4.4154,13.71,39.75,scenario_straight_heavy,val,development,0.25,19.71,-5.9203,0.13806666666666667,1.0,-6.420000000000002,2.0,2.0,True,,40.0,211.93920000000003,0.657,
2920,2i,150.0,6,0.0478,6,27.91,False,2,0.1435,13.71,27.91,scenario_straight_heavy,val,development,0.25,26.91,-0.5775,0.18606666666666666,1.0,14.120000000000001,3.0,1.0,False,5,40.0,6.8832,0.897,
2925,2i,150.0,7,3.264,6,27.71,False,2,0.0,13.71,27.71,scenario_straight_heavy,val,development,0.25,14.0,-11.138100000000001,0.18473333333333333,1.0,14.0,3.0,6.0,False,10,46.66666666666667,548.352,0.4666666666666667,
2930,2i,150.0,5,3.9733,1,1.0,False,3,11.5206,0.62,376.3,scenario_straight_heavy,val,development,0.25,-12.71,-4.836600000000001,0.006666666666666667,1.0,1.259999999999991,4.0,4.0,False,15,33.333333333333336,476.79600000000005,-0.4236666666666667,
2935,2i,150.0,2,3.9771,1,1.0,False,1,26.0325,243.47,243.47,scenario_straight_heavy,val,development,0.25,-12.71,3.2578,0.006666666666666667,-1.0,3.490000000000009,4.0,9.0,False,20,13.333333333333334,190.9008,-0.4236666666666667,
2940,2i,150.0,3,16.0672,1,1.0,False,1,24.8611,111.31,111.31,scenario_straight_heavy,val,development,0.25,-19.71,12.323599999999999,0.006666666666666667,-1.0,0.8799999999999955,4.0,14.0,False,25,20.0,1156.8384,-0.657,
2945,2i,150.0,4,12.1281,1,1.0,False,2,19.5092,26.91,375.42,scenario_straight_heavy,val,development,0.25,-19.71,10.6563,0.006666666666666667,0.0,335.67,4.0,19.0,False,30,26.666666666666668,1164.2976,-0.657,
2950,2i,150.0,3,5.7393,2,8.03,False,2,13.6326,8.03,240.71,scenario_straight_heavy,val,development,0.25,-19.880000000000003,5.6915000000000004,0.05353333333333333,0.0,212.8,4.0,24.0,False,35,20.0,413.2296,-0.6626666666666667,
2955,2i,150.0,3,8.2152,2,8.0,False,2,12.3228,8.0,108.37,scenario_straight_heavy,val,development,0.25,-19.71,4.9512,0.05333333333333334,0.0,80.66,5.0,4.0,False,40,20.0,591.4944,-0.657,
2960,2i,150.0,2,8.3415,0,0.0,False,2,8.3415,3.04,22.72,scenario_straight_heavy,val,development,0.25,-1.0,4.3682,0.0,-1.0,-353.58000000000004,6.0,2.0,False,45,13.333333333333334,400.392,-0.03333333333333333,
2965,2i,150.0,1,0.0,1,1.0,False,1,0.0,1.0,1.0,scenario_straight_heavy,val,development,0.25,0.0,-3.9771,0.006666666666666667,0.0,-242.47,7.0,1.0,False,50,6.666666666666667,0.0,0.0,
2970,2i,150.0,2,12.0344,1,1.0,False,1,0.0,1.0,1.0,scenario_straight_heavy,val,development,0.25,0.0,-4.0328,0.006666666666666667,0.0,-110.31,7.0,6.0,False,55,13.333333333333334,577.6512,0.0,
2975,2i,150.0,2,7.2181,1,1.0,False,1,0.0,1.0,1.0,scenario_straight_heavy,val,development,0.25,0.0,-4.91,0.006666666666666667,-1.0,-374.42,0.0,4.0,True,,13.333333333333334,346.46880000000004,0.0,
2980,2i,150.0,2,1.1105,1,1.0,False,1,0.0,1.0,1.0,scenario_straight_heavy,val,development,0.25,-7.029999999999999,-4.6288,0.006666666666666667,-1.0,-239.71,0.0,9.0,True,,13.333333333333334,53.304,-0.2343333333333333,
2985,2i,150.0,4,12.2088,2,5.0,False,1,0.0,1.0,1.0,scenario_straight_heavy,val,development,0.25,-3.0,3.9936000000000007,0.03333333333333333,-1.0,-107.37,0.0,14.0,True,,26.666666666666668,1172.0448000000001,-0.1,
2990,2i,150.0,5,9.3966,2,5.0,False,1,0.0,1.0,1.0,scenario_straight_heavy,val,development,0.25,5.0,1.0550999999999995,0.03333333333333333,-1.0,-21.72,0.0,19.0,True,,33.333333333333336,1127.592,0.16666666666666666,
2995,2i,150.0,5,3.3337,2,5.0,False,1,0.0,1.0,1.0,scenario_straight_heavy,val,development,0.25,4.0,3.3337,0.03333333333333333,0.0,0.0,0.0,24.0,True,,33.333333333333336,400.04400000000004,0.13333333333333333,
3000,2i,150.0,5,0.0,4,12.0,False,1,0.0,1.0,1.0,scenario_straight_heavy,val,development,0.25,11.0,-12.0344,0.08,0.0,0.0,1.0,4.0,False,5,33.333333333333336,0.0,0.36666666666666664,
3005,2i,150.0,6,2.3697,5,12.0,False,1,0.0,1.0,1.0,scenario_straight_heavy,val,development,0.25,11.0,-4.8484,0.08,0.0,0.0,2.0,2.0,True,,40.0,341.2368,0.36666666666666664,
3010,2i,150.0,6,1.6197,5,12.0,False,1,0.0,1.0,1.0,scenario_straight_heavy,val,development,0.25,11.0,0.5091999999999999,0.08,0.0,0.0,3.0,1.0,False,5,40.0,233.2368,0.36666666666666664,
3015,2i,150.0,6,0.8733,5,12.0,False,1,0.0,1.0,1.0,scenario_straight_heavy,val,development,0.25,7.0,-11.3355,0.08,0.0,0.0,3.0,6.0,False,10,40.0,125.75519999999999,0.23333333333333334,
3020,2i,150.0,4,5.3986,1,1.0,False,1,27.2725,376.13,376.13,scenario_straight_heavy,val,development,0.25,-4.0,-3.9979999999999993,0.006666666666666667,0.0,375.13,4.0,4.0,False,15,26.666666666666668,518.2656000000001,-0.13333333333333333,
3025,2i,150.0,2,5.8783,1,1.0,False,1,27.3901,241.29,241.29,scenario_straight_heavy,val,development,0.25,-4.0,2.5446000000000004,0.006666666666666667,0.0,240.29,4.0,9.0,False,20,13.333333333333334,282.15840000000003,-0.13333333333333333,
3030,2i,150.0,4,15.2973,1,1.0,False,1,24.6115,109.16,109.16,scenario_straight_heavy,val,development,0.25,-11.0,15.2973,0.006666666666666667,0.0,108.16,4.0,14.0,False,25,26.666666666666668,1468.5408000000002,-0.36666666666666664,
3035,2i,150.0,4,11.2154,1,1.0,False,1,14.0728,12.86,12.86,scenario_straight_heavy,val,development,0.25,-11.0,8.8457,0.006666666666666667,0.0,11.86,4.0,19.0,False,30,26.666666666666668,1076.6784000000002,-0.36666666666666664,
3040,2i,150.0,2,0.6751,1,1.0,False,0,,,,scenario_straight_heavy,val,development,0.25,-11.0,-0.9445999999999999,0.006666666666666667,-1.0,,4.0,24.0,False,35,13.333333333333334,32.40480000000001,-0.36666666666666664,
3045,2i,150.0,3,7.9416,2,13.71,False,0,,,,scenario_straight_heavy,val,development,0.25,1.7100000000000009,7.068300000000001,0.09140000000000001,-1.0,,5.0,4.0,False,40,20.0,571.7952,0.05700000000000003,
3050,2i,150.0,2,9.6173,0,0.0,False,0,,,,scenario_straight_heavy,val,development,0.25,-1.0,4.2187,0.0,-1.0,,6.0,2.0,False,45,13.333333333333334,461.63040000000007,-0.03333333333333333,
3055,2i,150.0,1,3.1166,0,0.0,False,0,,,,scenario_straight_heavy,val,development,0.25,-1.0,-2.7617000000000003,0.0,-1.0,,7.0,1.0,False,50,6.666666666666667,74.79840000000002,-0.03333333333333333,
3060,2i,150.0,2,11.9419,1,1.0,False,0,,,,scenario_straight_heavy,val,development,0.25,0.0,-3.3553999999999995,0.006666666666666667,-1.0,,7.0,6.0,False,55,13.333333333333334,573.2112000000001,0.0,
3065,2i,150.0,2,5.4733,1,1.0,False,0,,,,scenario_straight_heavy,val,development,0.25,0.0,-5.742100000000001,0.006666666666666667,-1.0,,0.0,4.0,True,,13.333333333333334,262.71840000000003,0.0,
3070,2i,150.0,2,0.1204,2,8.07,False,0,,,,scenario_straight_heavy,val,development,0.25,7.07,-0.5547000000000001,0.0538,0.0,,0.0,9.0,True,,13.333333333333334,5.7792,0.23566666666666666,
3075,2i,150.0,5,14.6649,2,8.0,False,0,,,,scenario_straight_heavy,val,development,0.25,-5.710000000000001,6.723299999999999,0.05333333333333334,0.0,,0.0,14.0,True,,33.333333333333336,1759.788,-0.19033333333333335,
3080,2i,150.0,5,7.618,2,8.0,False,1,27.0588,375.31,375.31,scenario_straight_heavy,val,development,0.25,8.0,-1.9992999999999999,0.05333333333333334,1.0,,0.0,19.0,True,,33.333333333333336,914.1600000000001,0.26666666666666666,
3085,2i,150.0,5,0.2082,4,12.01,False,1,26.1601,240.66,240.66,scenario_straight_heavy,val,development,0.25,12.01,-2.9084,0.08006666666666666,1.0,,0.0,24.0,True,,33.333333333333336,24.984,0.4003333333333333,
3090,2i,150.0,6,3.8901,5,12.0,False,1,23.3404,111.12,111.12,scenario_straight_heavy,val,development,0.25,11.0,-8.0518,0.08,1.0,,1.0,4.0,False,5,40.0,560.1744,0.36666666666666664,
3095,2i,150.0,6,1.7851,5,12.0,False,1,10.7104,32.67,32.67,scenario_straight_heavy,val,development,0.25,11.0,-3.6882,0.08,1.0,,2.0,2.0,True,,40.0,257.0544,0.36666666666666664,
3100,2i,150.0,6,0.0271,6,16.04,False,1,0.1625,16.04,16.04,scenario_straight_heavy,val,development,0.25,7.969999999999999,-0.0933,0.10693333333333332,1.0,,3.0,1.0,False,5,40.0,3.9023999999999996,0.2656666666666666,
3105,2i,150.0,6,0.0,6,16.0,False,1,0.0,16.0,16.0,scenario_straight_heavy,val,development,0.25,8.0,-14.6649,0.10666666666666667,1.0,,3.0,6.0,False,10,40.0,0.0,0.26666666666666666,
3110,2i,150.0,3,6.096,1,1.0,False,1,4.0807,10.06,10.06,scenario_straight_heavy,val,development,0.25,-7.0,-1.5220000000000002,0.006666666666666667,0.0,-365.25,4.0,4.0,False,15,20.0,438.91200000000003,-0.23333333333333334,
3115,2i,150.0,2,6.8145,1,1.0,False,0,,,,scenario_straight_heavy,val,development,0.25,-11.01,6.6063,0.006666666666666667,-1.0,,4.0,9.0,False,20,13.333333333333334,327.096,-0.367,
3120,2i,150.0,3,15.7898,1,1.0,False,0,,,,scenario_straight_heavy,val,development,0.25,-11.0,11.8997,0.006666666666666667,-1.0,,4.0,14.0,False,25,20.0,1136.8656,-0.36666666666666664,
3125,2i,150.0,4,10.1997,1,1.0,False,0,,,,scenario_straight_heavy,val,development,0.25,-11.0,8.4146,0.006666666666666667,-1.0,,4.0,19.0,False,30,26.666666666666668,979.1712000000001,-0.36666666666666664,
3130,2i,150.0,2,0.4541,1,1.0,False,0,,,,scenario_straight_heavy,val,development,0.25,-15.04,0.427,0.006666666666666667,-1.0,,4.0,24.0,False,35,13.333333333333334,21.7968,-0.5013333333333333,
3135,2i,150.0,2,0.0006,2,8.0,False,0,,,,scenario_straight_heavy,val,development,0.25,-8.0,0.0006,0.05333333333333334,-1.0,,5.0,4.0,False,40,13.333333333333334,0.028800000000000003,-0.26666666666666666,
3140,2i,150.0,2,10.1929,0,0.0,False,0,,,,scenario_straight_heavy,val,development,0.25,-1.0,4.0969,0.0,-1.0,,6.0,2.0,False,45,13.333333333333334,489.2592,-0.03333333333333333,
3145,2i,150.0,1,15.0704,0,0.0,False,0,,,,scenario_straight_heavy,val,development,0.25,-1.0,8.2559,0.0,0.0,,7.0,1.0,False,50,6.666666666666667,361.6896,-0.03333333333333333,
3150,2i,150.0,1,0.0704,0,0.0,False,0,,,,scenario_straight_heavy,val,development,0.25,-1.0,-15.7194,0.0,0.0,,7.0,6.0,False,55,6.666666666666667,1.6896,-0.03333333333333333,
3155,2i,150.0,2,8.9389,1,1.0,False,0,,,,scenario_straight_heavy,val,development,0.25,0.0,-1.2607999999999997,0.006666666666666667,0.0,,0.0,4.0,True,,13.333333333333334,429.06720000000007,0.0,
3160,2i,150.0,2,5.447,1,1.0,False,0,,,,scenario_straight_heavy,val,development,0.25,0.0,4.9929,0.006666666666666667,0.0,,0.0,9.0,True,,13.333333333333334,261.456,0.0,
3165,2i,150.0,5,15.5245,1,1.0,False,0,,,,scenario_straight_heavy,val,development,0.25,-7.0,15.5239,0.006666666666666667,0.0,,0.0,14.0,True,,33.333333333333336,1862.94,-0.23333333333333334,
3170,2i,150.0,5,7.8425,2,15.04,False,0,,,,scenario_straight_heavy,val,development,0.25,15.04,-2.3503999999999996,0.10026666666666666,0.0,,0.0,19.0,True,,33.333333333333336,941.1000000000001,0.5013333333333333,
3175,2i,150.0,5,0.6978,4,27.78,False,0,,,,scenario_straight_heavy,val,development,0.25,27.78,-14.372599999999998,0.1852,0.0,,0.0,24.0,True,,33.333333333333336,83.736,0.926,
3180,2i,150.0,6,4.0837,5,27.75,False,0,,,,scenario_straight_heavy,val,development,0.25,27.75,4.0133,0.185,0.0,,1.0,4.0,False,5,40.0,588.0528,0.925,
3185,2i,150.0,6,2.0731,5,27.75,False,1,27.5053,374.18,374.18,scenario_straight_heavy,val,development,0.25,26.75,-6.8658,0.185,1.0,,2.0,2.0,True,,40.0,298.5264,0.8916666666666667,
3190,2i,150.0,6,0.0218,5,27.75,False,1,26.3309,240.88,240.88,scenario_straight_heavy,val,development,0.25,26.75,-5.4252,0.185,1.0,,3.0,1.0,False,5,40.0,3.1392,0.8916666666666667,
3195,2i,150.0,7,3.0174,6,31.75,False,1,21.1218,116.34,116.34,scenario_straight_heavy,val,development,0.25,30.75,-12.5071,0.21166666666666667,1.0,,3.0,6.0,False,10,46.66666666666667,506.9232,1.025,
3200,2i,150.0,5,2.9473,2,30.62,False,1,8.3525,49.35,49.35,scenario_straight_heavy,val,development,0.25,15.580000000000002,-4.895200000000001,0.20413333333333333,1.0,,4.0,4.0,False,15,33.333333333333336,353.676,0.5193333333333334,
3205,2i,150.0,4,3.3086,1,1.0,False,1,2.1671,27.86,27.86,scenario_straight_heavy,val,development,0.25,-26.78,2.6108000000000002,0.006666666666666667,1.0,,4.0,9.0,False,20,26.666666666666668,317.6256,-0.8926666666666667,
3210,2i,150.0,4,18.8414,1,1.0,False,0,,,,scenario_straight_heavy,val,development,0.25,-26.75,14.7577,0.006666666666666667,0.0,,4.0,14.0,False,25,26.666666666666668,1808.7744000000002,-0.8916666666666667,
3215,2i,150.0,4,10.8982,1,1.0,False,0,,,,scenario_straight_heavy,val,development,0.25,-26.75,8.825099999999999,0.006666666666666667,-1.0,,4.0,19.0,False,30,26.666666666666668,1046.2272,-0.8916666666666667,
3220,2i,150.0,2,0.3943,1,1.0,False,0,,,,scenario_straight_heavy,val,development,0.25,-26.75,0.3725,0.006666666666666667,-1.0,,4.0,24.0,False,35,13.333333333333334,18.9264,-0.8916666666666667,
3225,2i,150.0,3,8.3055,2,5.0,False,0,,,,scenario_straight_heavy,val,development,0.25,-26.75,5.2881,0.03333333333333333,-1.0,,5.0,4.0,False,40,20.0,597.9960000000001,-0.8916666666666667,
3230,2i,150.0,1,12.6009,0,0.0,False,1,24.3414,382.79,382.79,scenario_straight_heavy,val,development,0.25,-30.62,9.653599999999999,0.0,0.0,333.44,6.0,2.0,False,45,6.666666666666667,302.4216,-1.0206666666666666,
3235,2i,150.0,1,0.0,1,1.0,False,1,23.4045,261.66,261.66,scenario_straight_heavy,val,development,0.25,0.0,-3.3086,0.006666666666666667,0.0,233.8,7.0,1.0,False,50,6.666666666666667,0.0,0.0,
3240,2i,150.0,2,11.9648,1,1.0,False,1,23.9295,142.2,142.2,scenario_straight_heavy,val,development,0.25,0.0,-6.8766,0.006666666666666667,1.0,,7.0,6.0,False,55,13.333333333333334,574.3104000000001,0.0,
3245,2i,150.0,2,7.6576,1,1.0,False,1,15.3152,41.04,41.04,scenario_straight_heavy,val,development,0.25,0.0,-3.240599999999999,0.006666666666666667,1.0,,0.0,4.0,True,,13.333333333333334,367.56480000000005,0.0,
3250,2i,150.0,2,0.7892,1,1.0,False,1,1.5784,5.3,5.3,scenario_straight_heavy,val,development,0.25,0.0,0.39490000000000003,0.006666666666666667,1.0,,0.0,9.0,True,,13.333333333333334,37.881600000000006,0.0,
3255,2i,150.0,4,12.3443,2,5.0,False,1,0.0074,5.0,5.0,scenario_straight_heavy,val,development,0.25,0.0,4.0388,0.03333333333333333,1.0,,0.0,14.0,True,,26.666666666666668,1185.0528000000002,0.0,
3260,2i,150.0,5,9.4139,2,5.0,False,1,0.0,5.0,5.0,scenario_straight_heavy,val,development,0.25,5.0,-3.1869999999999994,0.03333333333333333,0.0,-377.79,0.0,19.0,True,,33.333333333333336,1129.6680000000001,0.16666666666666666,
3265,2i,150.0,5,3.3856,2,5.0,False,1,0.0,5.0,5.0,scenario_straight_heavy,val,development,0.25,4.0,3.3856,0.03333333333333333,0.0,-256.66,0.0,24.0,True,,33.333333333333336,406.2720000000001,0.13333333333333333,
3270,2i,150.0,6,3.7229,4,12.0,False,1,0.0,5.0,5.0,scenario_straight_heavy,val,development,0.25,11.0,-8.241900000000001,0.08,0.0,-137.2,1.0,4.0,False,5,40.0,536.0976,0.36666666666666664,
3275,2i,150.0,6,1.6358,5,12.0,False,2,13.1129,5.0,376.48,scenario_straight_heavy,val,development,0.25,11.0,-6.021800000000001,0.08,1.0,335.44,2.0,2.0,True,,40.0,235.55519999999999,0.36666666666666664,
3280,2i,150.0,6,0.0044,6,19.01,False,2,13.7022,5.0,242.16,scenario_straight_heavy,val,development,0.25,18.01,-0.7848,0.12673333333333334,1.0,236.85999999999999,3.0,1.0,False,5,40.0,0.6335999999999999,0.6003333333333334,
3285,2i,150.0,7,3.3566,6,19.0,False,2,11.7482,5.0,112.53,scenario_straight_heavy,val,development,0.25,14.0,-8.9877,0.12666666666666668,1.0,107.53,3.0,6.0,False,10,46.66666666666667,563.9088,0.4666666666666667,
3290,2i,150.0,4,4.7584,1,1.0,False,1,9.5863,36.87,36.87,scenario_straight_heavy,val,development,0.25,-4.0,-4.6555,0.006666666666666667,0.0,31.869999999999997,4.0,4.0,False,15,26.666666666666668,456.80640000000005,-0.13333333333333333,
3295,2i,150.0,1,0.0,1,1.0,False,0,,,,scenario_straight_heavy,val,development,0.25,-4.0,-3.3856,0.006666666666666667,-1.0,,4.0,9.0,False,20,6.666666666666667,0.0,-0.13333333333333333,
3300,2i,150.0,4,18.7775,1,1.0,False,0,,,,scenario_straight_heavy,val,development,0.25,-11.0,15.0546,0.006666666666666667,-1.0,,4.0,14.0,False,25,26.666666666666668,1802.64,-0.36666666666666664,
3305,2i,150.0,4,10.7253,1,1.0,False,0,,,,scenario_straight_heavy,val,development,0.25,-11.0,9.089500000000001,0.006666666666666667,-2.0,,4.0,19.0,False,30,26.666666666666668,1029.6288000000002,-0.36666666666666664,
3310,2i,150.0,2,0.0246,2,13.72,False,0,,,,scenario_straight_heavy,val,development,0.25,-5.290000000000001,0.0202,0.09146666666666667,-2.0,,4.0,24.0,False,35,13.333333333333334,1.1808,-0.17633333333333337,
3315,2i,150.0,3,8.0738,2,13.71,False,0,,,,scenario_straight_heavy,val,development,0.25,-5.289999999999999,4.7172,0.09140000000000001,-2.0,,5.0,4.0,False,40,20.0,581.3136,-0.17633333333333331,
3320,2i,150.0,2,7.8502,0,0.0,False,0,,,,scenario_straight_heavy,val,development,0.25,-1.0,3.0918,0.0,-1.0,,6.0,2.0,False,45,13.333333333333334,376.8096,-0.03333333333333333,
3325,2i,150.0,1,0.3942,0,0.0,False,0,,,,scenario_straight_heavy,val,development,0.25,-1.0,0.3942,0.0,0.0,,7.0,1.0,False,50,6.666666666666667,9.4608,-0.03333333333333333,
3330,2i,150.0,2,12.5224,1,1.0,False,0,,,,scenario_straight_heavy,val,development,0.25,0.0,-6.2551000000000005,0.006666666666666667,0.0,,7.0,6.0,False,55,13.333333333333334,601.0752,0.0,
3335,2i,150.0,2,5.6931,1,1.0,False,0,,,,scenario_straight_heavy,val,development,0.25,0.0,-5.0322000000000005,0.006666666666666667,0.0,,0.0,4.0,True,,13.333333333333334,273.26880000000006,0.0,
3340,2i,150.0,2,0.1483,2,5.17,False,0,,,,scenario_straight_heavy,val,development,0.25,-8.55,0.12369999999999999,0.034466666666666666,0.0,,0.0,9.0,True,,13.333333333333334,7.1184,-0.28500000000000003,
3345,2i,150.0,4,12.4016,2,5.0,False,0,,,,scenario_straight_heavy,val,development,0.25,-8.71,4.3278,0.03333333333333333,0.0,,0.0,14.0,True,,26.666666666666668,1190.5536000000002,-0.2903333333333334,
3350,2i,150.0,5,8.155,2,5.0,False,1,19.3937,396.57,396.57,scenario_straight_heavy,val,development,0.25,5.0,0.3047999999999993,0.03333333333333333,1.0,,0.0,19.0,True,,33.333333333333336,978.6,0.16666666666666666,
3355,2i,150.0,5,3.1563,3,5.0,False,1,19.0775,300.23,300.23,scenario_straight_heavy,val,development,0.25,5.0,2.7620999999999998,0.03333333333333333,1.0,,0.0,24.0,True,,33.333333333333336,378.75600000000003,0.16666666666666666,
3360,2i,150.0,5,0.2326,4,9.0,False,1,18.9504,204.88,204.88,scenario_straight_heavy,val,development,0.25,8.0,-12.2898,0.06,1.0,,1.0,4.0,False,5,33.333333333333336,27.912000000000003,0.26666666666666666,
3365,2i,150.0,6,2.4084,5,9.0,False,2,16.4764,123.63,399.92,scenario_straight_heavy,val,development,0.25,8.0,-3.2847000000000004,0.06,2.0,,2.0,2.0,True,,40.0,346.8096,0.26666666666666666,
3370,2i,150.0,6,1.6584,5,9.0,False,2,14.4697,64.87,306.2,scenario_straight_heavy,val,development,0.25,3.83,1.5101,0.06,2.0,,3.0,1.0,False,5,40.0,238.80960000000002,0.12766666666666668,
3375,2i,150.0,6,0.9282,5,9.0,False,2,12.3651,28.03,213.59,scenario_straight_heavy,val,development,0.25,4.0,-11.4734,0.06,2.0,,3.0,6.0,False,10,40.0,133.6608,0.13333333333333333,
3380,2i,150.0,3,6.5542,1,1.0,False,3,14.6046,11.77,385.08,scenario_straight_heavy,val,development,0.25,-4.0,-1.6007999999999996,0.006666666666666667,2.0,-11.490000000000009,4.0,4.0,False,15,20.0,471.90240000000006,-0.13333333333333333,
3385,2i,150.0,2,6.6506,1,1.0,False,2,18.0535,52.59,277.77,scenario_straight_heavy,val,development,0.25,-4.0,3.4943,0.006666666666666667,1.0,-22.460000000000036,4.0,9.0,False,20,13.333333333333334,319.22880000000004,-0.13333333333333333,
3390,2i,150.0,3,16.6409,1,1.0,False,1,22.8625,164.13,164.13,scenario_straight_heavy,val,development,0.25,-8.0,16.408299999999997,0.006666666666666667,0.0,-40.75,4.0,14.0,False,25,20.0,1198.1447999999998,-0.26666666666666666,
3395,2i,150.0,4,11.2047,1,1.0,False,1,16.5387,60.61,60.61,scenario_straight_heavy,val,development,0.25,-8.0,8.7963,0.006666666666666667,-1.0,-339.31,4.0,19.0,False,30,26.666666666666668,1075.6512000000002,-0.26666666666666666,
3400,2i,150.0,2,1.0488,1,1.0,False,0,,,,scenario_straight_heavy,val,development,0.25,-8.0,-0.6096000000000001,0.006666666666666667,-2.0,,4.0,24.0,False,35,13.333333333333334,50.3424,-0.26666666666666666,
3405,2i,150.0,2,0.0006,2,5.0,False,0,,,,scenario_straight_heavy,val,development,0.25,-4.0,-0.9276,0.03333333333333333,-2.0,,5.0,4.0,False,40,13.333333333333334,0.028800000000000003,-0.13333333333333333,
3410,2i,150.0,1,16.3525,0,0.0,False,1,27.317,375.91,375.91,scenario_straight_heavy,val,development,0.25,-1.0,9.7983,0.0,-2.0,-9.169999999999959,6.0,2.0,False,45,6.666666666666667,392.46000000000004,-0.03333333333333333,
3415,2i,150.0,1,15.1591,0,0.0,False,1,26.2755,243.06,243.06,scenario_straight_heavy,val,development,0.25,-1.0,8.508500000000002,0.0,-1.0,-34.70999999999998,7.0,1.0,False,50,6.666666666666667,363.81840000000005,-0.03333333333333333,
3420,2i,150.0,2,12.12,0,0.0,False,1,24.081,110.61,110.61,scenario_straight_heavy,val,development,0.25,-1.0,-4.520899999999999,0.0,0.0,-53.519999999999996,7.0,6.0,False,55,13.333333333333334,581.76,-0.03333333333333333,
3425,2i,150.0,2,5.3431,1,1.0,False,1,10.6862,30.39,30.39,scenario_straight_heavy,val,development,0.25,0.0,-5.861600000000001,0.006666666666666667,0.0,-30.22,0.0,4.0,True,,13.333333333333334,256.46880000000004,0.0,
3430,2i,150.0,2,0.0004,2,15.04,False,1,0.0009,15.04,15.04,scenario_straight_heavy,val,development,0.25,14.04,-1.0484,0.10026666666666666,1.0,,0.0,9.0,True,,13.333333333333334,0.019200000000000002,0.46799999999999997,
3435,2i,150.0,5,14.6725,2,15.04,False,1,0.0,15.04,15.04,scenario_straight_heavy,val,development,0.25,10.04,14.671899999999999,0.10026666666666666,1.0,,0.0,14.0,True,,33.333333333333336,1760.7,0.3346666666666666,
3440,2i,150.0,5,7.0687,2,15.04,False,1,0.0,15.04,15.04,scenario_straight_heavy,val,development,0.25,15.04,-9.2838,0.10026666666666666,0.0,-360.87,0.0,19.0,True,,33.333333333333336,848.2440000000001,0.5013333333333333,
3445,2i,150.0,5,0.141,4,19.04,False,1,0.0,15.04,15.04,scenario_straight_heavy,val,development,0.25,19.04,-15.0181,0.12693333333333331,0.0,-228.02,0.0,24.0,True,,33.333333333333336,16.919999999999998,0.6346666666666666,
3450,2i,150.0,6,4.0756,5,19.04,False,1,0.0,15.04,15.04,scenario_straight_heavy,val,development,0.25,19.04,-8.0444,0.12693333333333331,0.0,-95.57,1.0,4.0,False,5,40.0,586.8864,0.6346666666666666,
3455,2i,150.0,6,2.2599,5,19.04,False,1,0.0,15.04,15.04,scenario_straight_heavy,val,development,0.25,18.04,-3.0831999999999997,0.12693333333333331,0.0,-15.350000000000001,2.0,2.0,True,,40.0,325.42560000000003,0.6013333333333333,
3460,2i,150.0,6,0.1403,5,19.04,False,1,0.0,15.04,15.04,scenario_straight_heavy,val,development,0.25,4.0,0.1399,0.12693333333333331,0.0,0.0,3.0,1.0,False,5,40.0,20.203200000000002,0.13333333333333333,
3465,2i,150.0,7,3.25,6,23.04,False,1,0.0,15.04,15.04,scenario_straight_heavy,val,development,0.25,8.0,-11.4225,0.1536,0.0,0.0,3.0,6.0,False,10,46.66666666666667,546.0000000000001,0.26666666666666666,
3470,2i,150.0,5,3.0469,1,1.0,False,3,18.3249,6.16,382.92,scenario_straight_heavy,val,development,0.25,-14.04,-4.0218,0.006666666666666667,2.0,367.88,4.0,4.0,False,15,33.333333333333336,365.62800000000004,-0.46799999999999997,
3475,2i,150.0,3,3.9671,1,1.0,False,2,24.7919,245.5,262.14,scenario_straight_heavy,val,development,0.25,-18.04,3.8261,0.006666666666666667,1.0,247.1,4.0,9.0,False,20,20.0,285.6312,-0.6013333333333333,
3480,2i,150.0,3,16.5492,1,1.0,False,2,24.8239,113.3,142.17,scenario_straight_heavy,val,development,0.25,-18.04,12.4736,0.006666666666666667,1.0,127.13,4.0,14.0,False,25,20.0,1191.5424,-0.6013333333333333,
3485,2i,150.0,4,12.0276,1,1.0,False,3,20.1338,18.87,375.79,scenario_straight_heavy,val,development,0.25,-18.04,9.7677,0.006666666666666667,2.0,360.75,4.0,19.0,False,30,26.666666666666668,1154.6496,-0.6013333333333333,
3490,2i,150.0,2,5.2288,1,1.0,False,1,26.4789,242.37,242.37,scenario_straight_heavy,val,development,0.25,-18.04,5.0885,0.006666666666666667,0.0,227.33,4.0,24.0,False,35,13.333333333333334,250.9824,-0.6013333333333333,
3495,2i,150.0,3,9.4162,1,1.0,False,1,22.2911,115.43,115.43,scenario_straight_heavy,val,development,0.25,-22.04,6.1662,0.006666666666666667,0.0,100.39000000000001,5.0,4.0,False,40,20.0,677.9664,-0.7346666666666667,
3500,2i,150.0,2,9.2186,0,0.0,False,1,14.7392,30.94,30.94,scenario_straight_heavy,val,development,0.25,-1.0,6.1717,0.0,-2.0,-351.98,6.0,2.0,False,45,13.333333333333334,442.4928,-0.03333333333333333,
3505,2i,150.0,1,0.0005,0,0.0,False,1,0.0005,1.0,1.0,scenario_straight_heavy,val,development,0.25,-1.0,-3.9665999999999997,0.0,-1.0,-261.14,7.0,1.0,False,50,6.666666666666667,0.012000000000000002,-0.03333333333333333,
3510,2i,150.0,2,12.4853,1,1.0,False,1,0.0,1.0,1.0,scenario_straight_heavy,val,development,0.25,0.0,-4.0638999999999985,0.006666666666666667,-1.0,-141.17,7.0,6.0,False,55,13.333333333333334,599.2944,0.0,
3515,2i,150.0,2,5.4852,1,1.0,False,2,9.3118,1.0,399.09,scenario_straight_heavy,val,development,0.25,0.0,-6.5424,0.006666666666666667,-1.0,23.299999999999955,0.0,4.0,True,,13.333333333333334,263.2896,0.0,
3520,2i,150.0,2,0.2328,2,5.0,False,2,9.3446,1.0,306.14,scenario_straight_heavy,val,development,0.25,4.0,-4.9959999999999996,0.03333333333333333,1.0,63.76999999999998,0.0,9.0,True,,13.333333333333334,11.1744,0.13333333333333333,
3525,2i,150.0,3,8.3172,2,5.0,False,2,9.313,1.0,212.66,scenario_straight_heavy,val,development,0.25,4.0,-1.0990000000000002,0.03333333333333333,1.0,97.22999999999999,0.0,14.0,True,,20.0,598.8384,0.13333333333333333,
3530,2i,150.0,5,9.9791,2,5.0,False,2,9.6303,1.0,118.31,scenario_straight_heavy,val,development,0.25,5.0,0.7605000000000004,0.03333333333333333,1.0,87.37,0.0,19.0,True,,33.333333333333336,1197.4920000000002,0.16666666666666666,
3535,2i,150.0,5,5.1427,3,5.0,False,2,7.4605,1.0,30.69,scenario_straight_heavy,val,development,0.25,5.0,5.1422,0.03333333333333333,1.0,29.69,0.0,24.0,True,,33.333333333333336,617.124,0.16666666666666666,
3540,2i,150.0,6,4.684,3,5.0,False,2,0.0,1.0,1.0,scenario_straight_heavy,val,development,0.25,4.0,-7.8013,0.03333333333333333,1.0,0.0,1.0,4.0,False,5,40.0,674.4960000000001,0.13333333333333333,
3545,2i,150.0,6,2.1703,5,9.01,False,2,0.0,1.0,1.0,scenario_straight_heavy,val,development,0.25,8.01,-3.3148999999999997,0.060066666666666664,0.0,-398.09,2.0,2.0,True,,40.0,312.52320000000003,0.267,
3550,2i,150.0,6,0.0999,5,9.0,False,2,0.0,1.0,1.0,scenario_straight_heavy,val,development,0.25,4.0,-0.13290000000000002,0.06,0.0,-305.14,3.0,1.0,False,5,40.0,14.3856,0.13333333333333333,
3555,2i,150.0,7,3.5401,6,21.71,False,2,0.0,1.0,1.0,scenario_straight_heavy,val,development,0.25,16.71,-4.7771,0.14473333333333335,0.0,-211.66,3.0,6.0,False,10,46.66666666666667,594.7368000000001,0.557,
3560,2i,150.0,4,5.1454,1,1.0,False,2,13.6244,1.0,376.95,scenario_straight_heavy,val,development,0.25,-4.0,-4.8337,0.006666666666666667,0.0,258.64,4.0,4.0,False,15,26.666666666666668,493.95840000000004,-0.13333333333333333,
3565,2i,150.0,2,5.1098,1,1.0,False,2,13.4373,1.0,242.99,scenario_straight_heavy,val,development,0.25,-4.0,-0.03289999999999971,0.006666666666666667,0.0,212.3,4.0,9.0,False,20,13.333333333333334,245.2704,-0.13333333333333333,
3570,2i,150.0,3,17.1458,1,1.0,False,2,12.3124,1.0,109.91,scenario_straight_heavy,val,development,0.25,-4.0,12.4618,0.006666666666666667,0.0,108.91,4.0,14.0,False,25,20.0,1234.4976000000001,-0.13333333333333333,
3575,2i,150.0,4,11.8695,1,1.0,False,2,7.6626,1.0,19.39,scenario_straight_heavy,val,development,0.25,-8.01,9.699200000000001,0.006666666666666667,0.0,18.39,4.0,19.0,False,30,26.666666666666668,1139.4720000000002,-0.267,
3580,2i,150.0,2,5.4765,1,1.0,False,1,0.0,1.0,1.0,scenario_straight_heavy,val,development,0.25,-8.0,5.3766,0.006666666666666667,-1.0,0.0,4.0,24.0,False,35,13.333333333333334,262.872,-0.26666666666666666,
3585,2i,150.0,2,1.7266,1,1.0,False,1,0.0,1.0,1.0,scenario_straight_heavy,val,development,0.25,-20.71,-1.8135,0.006666666666666667,-1.0,0.0,5.0,4.0,False,40,13.333333333333334,82.8768,-0.6903333333333334,
3590,2i,150.0,2,10.6167,0,0.0,False,0,,,,scenario_straight_heavy,val,development,0.25,-1.0,5.471299999999999,0.0,-2.0,,6.0,2.0,False,45,13.333333333333334,509.6016,-0.03333333333333333,
3595,2i,150.0,1,15.4523,0,0.0,False,0,,,,scenario_straight_heavy,val,development,0.25,-1.0,10.3425,0.0,-2.0,,7.0,1.0,False,50,6.666666666666667,370.85519999999997,-0.03333333333333333,
3600,2i,150.0,2,11.9116,0,0.0,False,0,,,,scenario_straight_heavy,val,development,0.25,-1.0,-5.234200000000001,0.0,-2.0,,7.0,6.0,False,55,13.333333333333334,571.7568,-0.03333333333333333,
0,3i,150.0,0,0.0,0,0.0,False,0,,,,scenario_straight_heavy,val,development,0.25,,,0.0,,,,,,,0.0,0.0,,
5,3i,150.0,0,0.0,0,0.0,False,1,23.6298,386.12,386.12,scenario_straight_heavy,val,development,0.25,,,0.0,,,0.0,4.0,False,5,0.0,0.0,,
10,3i,150.0,0,0.0,0,0.0,False,1,23.3913,267.92,267.92,scenario_straight_heavy,val,development,0.25,,,0.0,,,0.0,9.0,False,10,0.0,0.0,,
15,3i,150.0,3,25.4425,0,0.0,False,1,23.6767,145.96,145.96,scenario_straight_heavy,val,development,0.25,,,0.0,,,0.0,14.0,False,15,20.0,1831.8600000000001,,
20,3i,150.0,2,15.0006,0,0.0,False,1,16.7752,41.03,41.03,scenario_straight_heavy,val,development,0.25,,,0.0,,,0.0,19.0,False,20,13.333333333333334,720.0288,,
25,3i,150.0,1,2.0127,0,0.0,False,1,2.0127,1.0,1.0,scenario_straight_heavy,val,development,0.25,,,0.0,,,0.0,24.0,False,25,6.666666666666667,48.30480000000001,,
30,3i,150.0,2,12.4613,1,1.0,False,1,0.0,1.0,1.0,scenario_straight_heavy,val,development,0.25,1.0,12.4613,0.006666666666666667,1.0,,1.0,4.0,False,30,13.333333333333334,598.1424000000001,0.03333333333333333,
35,3i,150.0,1,11.6712,0,0.0,False,1,18.5928,400.1,400.1,scenario_straight_heavy,val,development,0.25,0.0,11.6712,0.0,0.0,13.980000000000018,2.0,2.0,False,35,6.666666666666667,280.10880000000003,0.0,
40,3i,150.0,1,0.7522,0,0.0,False,1,19.2201,305.96,305.96,scenario_straight_heavy,val,development,0.25,0.0,0.7522,0.0,0.0,38.039999999999964,3.0,1.0,False,40,6.666666666666667,18.0528,0.0,
45,3i,150.0,1,0.0005,1,1.0,False,1,18.7889,211.5,211.5,scenario_straight_heavy,val,development,0.25,1.0,-25.442,0.006666666666666667,0.0,65.53999999999999,3.0,6.0,False,45,6.666666666666667,0.012000000000000002,0.03333333333333333,
50,3i,150.0,2,9.5092,1,1.0,False,1,19.0184,116.61,116.61,scenario_straight_heavy,val,development,0.25,1.0,-5.4914000000000005,0.006666666666666667,0.0,75.58,4.0,4.0,True,,13.333333333333334,456.4416,0.03333333333333333,
55,3i,150.0,2,5.7592,1,1.0,False,1,11.5184,44.01,44.01,scenario_straight_heavy,val,development,0.25,1.0,3.7464999999999997,0.006666666666666667,0.0,43.01,4.0,9.0,True,,13.333333333333334,276.4416,0.03333333333333333,
60,3i,150.0,4,13.3309,1,1.0,False,1,4.0184,8.92,8.92,scenario_straight_heavy,val,development,0.25,0.0,0.8696000000000002,0.006666666666666667,0.0,7.92,4.0,14.0,True,,26.666666666666668,1279.7664,0.0,
65,3i,150.0,5,8.0922,2,5.0,False,1,0.0037,5.0,5.0,scenario_straight_heavy,val,development,0.25,5.0,-3.5790000000000006,0.03333333333333333,0.0,-395.1,4.0,19.0,True,,33.333333333333336,971.0640000000001,0.16666666666666666,
70,3i,150.0,5,3.1464,4,17.72,False,1,0.0,5.0,5.0,scenario_straight_heavy,val,development,0.25,17.72,2.3941999999999997,0.11813333333333333,0.0,-300.96,4.0,24.0,True,,33.333333333333336,377.56800000000004,0.5906666666666667,
75,3i,150.0,5,0.1346,4,17.71,False,1,0.0,5.0,5.0,scenario_straight_heavy,val,development,0.25,16.71,0.1341,0.11806666666666667,0.0,-206.5,5.0,4.0,False,5,33.333333333333336,16.152,0.557,
80,3i,150.0,6,2.346,5,17.71,False,2,13.4365,5.0,376.29,scenario_straight_heavy,val,development,0.25,16.71,-7.1632,0.11806666666666667,1.0,259.68,6.0,2.0,True,,40.0,337.824,0.557,
85,3i,150.0,6,1.596,5,17.71,False,2,13.3521,5.0,241.07,scenario_straight_heavy,val,development,0.25,16.71,-4.1632,0.11806666666666667,1.0,197.06,7.0,1.0,False,5,40.0,229.824,0.557,
90,3i,150.0,7,3.642,5,17.71,False,2,10.1945,5.0,118.42,scenario_straight_heavy,val,development,0.25,16.71,-9.6889,0.11806666666666667,1.0,109.5,7.0,6.0,False,10,46.66666666666667,611.8560000000001,0.557,
95,3i,150.0,4,4.29,1,1.0,False,1,9.0339,49.95,49.95,scenario_straight_heavy,val,development,0.25,-4.0,-3.8022,0.006666666666666667,0.0,44.95,0.0,4.0,False,15,26.666666666666668,411.84000000000003,-0.13333333333333333,
100,3i,150.0,2,2.9952,1,1.0,False,1,5.9903,17.94,17.94,scenario_straight_heavy,val,development,0.25,-16.72,-0.15119999999999978,0.006666666666666667,0.0,12.940000000000001,0.0,9.0,False,20,13.333333333333334,143.76960000000003,-0.5573333333333333,
105,3i,150.0,4,18.8295,1,1.0,False,0,,,,scenario_straight_heavy,val,development,0.25,-16.71,18.6949,0.006666666666666667,-1.0,,0.0,14.0,False,25,26.666666666666668,1807.6319999999998,-0.557,
110,3i,150.0,4,11.8102,1,1.0,False,0,,,,scenario_straight_heavy,val,development,0.25,-16.71,9.4642,0.006666666666666667,-2.0,,0.0,19.0,False,30,26.666666666666668,1133.7792,-0.557,
115,3i,150.0,2,0.1324,2,5.07,False,0,,,,scenario_straight_heavy,val,development,0.25,-12.64,-1.4636,0.033800000000000004,-2.0,,0.0,24.0,False,35,13.333333333333334,6.3552,-0.42133333333333334,
120,3i,150.0,3,8.3508,2,5.0,False,0,,,,scenario_straight_heavy,val,development,0.25,-12.71,4.7088,0.03333333333333333,-2.0,,1.0,4.0,False,40,20.0,601.2576,-0.4236666666666667,
125,3i,150.0,1,12.5726,0,0.0,False,0,,,,scenario_straight_heavy,val,development,0.25,-1.0,8.282599999999999,0.0,-1.0,,2.0,2.0,False,45,6.666666666666667,301.7424,-0.03333333333333333,
130,3i,150.0,1,0.0098,0,0.0,False,0,,,,scenario_straight_heavy,val,development,0.25,-1.0,-2.9854000000000003,0.0,-1.0,,3.0,1.0,False,50,6.666666666666667,0.2352,-0.03333333333333333,
135,3i,150.0,2,12.7853,1,1.0,False,0,,,,scenario_straight_heavy,val,development,0.25,0.0,-6.0442,0.006666666666666667,0.0,,3.0,6.0,False,55,13.333333333333334,613.6944,0.0,
140,3i,150.0,2,5.7854,1,1.0,False,1,27.152,376.55,376.55,scenario_straight_heavy,val,development,0.25,0.0,-6.0248,0.006666666666666667,1.0,,4.0,4.0,True,,13.333333333333334,277.6992,0.0,
145,3i,150.0,2,0.2231,2,5.39,False,1,27.5691,241.4,241.4,scenario_straight_heavy,val,development,0.25,0.3199999999999994,0.0907,0.03593333333333333,1.0,,4.0,9.0,True,,13.333333333333334,10.7088,0.010666666666666647,
150,3i,150.0,5,14.6831,2,5.0,False,1,25.9622,107.71,107.71,scenario_straight_heavy,val,development,0.25,0.0,6.3323,0.03333333333333333,1.0,,4.0,14.0,True,,33.333333333333336,1761.9720000000002,0.0,
155,3i,150.0,5,8.5294,2,5.0,False,1,12.0188,19.61,19.61,scenario_straight_heavy,val,development,0.25,5.0,-4.043199999999999,0.03333333333333333,1.0,,4.0,19.0,True,,33.333333333333336,1023.5280000000001,0.16666666666666666,
160,3i,150.0,5,0.9665,3,5.0,False,1,0.0,1.0,1.0,scenario_straight_heavy,val,development,0.25,5.0,0.9567,0.03333333333333333,1.0,,4.0,24.0,True,,33.333333333333336,115.98,0.16666666666666666,
165,3i,150.0,6,3.9729,5,9.0,False,1,0.0,1.0,1.0,scenario_straight_heavy,val,development,0.25,8.0,-8.8124,0.06,1.0,,5.0,4.0,False,5,40.0,572.0976,0.26666666666666666,
170,3i,150.0,6,1.7509,5,9.0,False,1,0.0,1.0,1.0,scenario_straight_heavy,val,development,0.25,8.0,-4.0345,0.06,0.0,-375.55,6.0,2.0,True,,40.0,252.12959999999998,0.26666666666666666,
175,3i,150.0,6,0.0503,6,16.06,False,1,0.0,1.0,1.0,scenario_straight_heavy,val,development,0.25,10.669999999999998,-0.1728,0.10706666666666666,0.0,-240.4,7.0,1.0,False,5,40.0,7.2432,0.35566666666666663,
180,3i,150.0,7,3.248,6,16.0,False,1,0.0,1.0,1.0,scenario_straight_heavy,val,development,0.25,11.0,-11.435099999999998,0.10666666666666667,0.0,-106.71,7.0,6.0,False,10,46.66666666666667,545.6640000000001,0.36666666666666664,
185,3i,150.0,3,4.1681,1,1.0,False,1,0.0,1.0,1.0,scenario_straight_heavy,val,development,0.25,-4.0,-4.361300000000001,0.006666666666666667,0.0,-18.61,0.0,4.0,False,15,20.0,300.1032,-0.13333333333333333,
190,3i,150.0,1,0.0,1,1.0,False,1,0.0,1.0,1.0,scenario_straight_heavy,val,development,0.25,-4.0,-0.9665,0.006666666666666667,0.0,0.0,0.0,9.0,False,20,6.666666666666667,0.0,-0.13333333333333333,
195,3i,150.0,2,12.4331,1,1.0,False,1,0.0,1.0,1.0,scenario_straight_heavy,val,development,0.25,-8.0,8.4602,0.006666666666666667,0.0,0.0,0.0,14.0,False,25,13.333333333333334,596.7888,-0.26666666666666666,
200,3i,150.0,4,12.7722,1,1.0,False,1,0.0,1.0,1.0,scenario_straight_heavy,val,development,0.25,-8.0,11.0213,0.006666666666666667,0.0,0.0,0.0,19.0,False,30,26.666666666666668,1226.1312,-0.26666666666666666,
205,3i,150.0,3,9.1586,1,1.0,False,1,0.0,1.0,1.0,scenario_straight_heavy,val,development,0.25,-15.059999999999999,9.1083,0.006666666666666667,0.0,0.0,0.0,24.0,False,35,20.0,659.4191999999999,-0.502,
210,3i,150.0,4,8.3068,1,1.0,False,1,0.0,1.0,1.0,scenario_straight_heavy,val,development,0.25,-15.0,5.058800000000001,0.006666666666666667,0.0,0.0,1.0,4.0,False,40,26.666666666666668,797.4528000000001,-0.5,
215,3i,150.0,3,5.5207,1,1.0,False,0,,,,scenario_straight_heavy,val,development,0.25,0.0,1.3525999999999998,0.006666666666666667,-1.0,,2.0,2.0,False,45,20.0,397.4904,0.0,
220,3i,150.0,2,0.954,1,1.0,False,0,,,,scenario_straight_heavy,val,development,0.25,0.0,0.954,0.006666666666666667,-1.0,,3.0,1.0,False,50,13.333333333333334,45.792,0.0,
225,3i,150.0,3,8.1083,2,5.0,False,0,,,,scenario_straight_heavy,val,development,0.25,4.0,-4.3248,0.03333333333333333,-1.0,,3.0,6.0,False,55,20.0,583.7976,0.13333333333333333,
230,3i,150.0,3,3.8317,2,5.0,False,0,,,,scenario_straight_heavy,val,development,0.25,4.0,-8.9405,0.03333333333333333,-1.0,,4.0,4.0,True,,20.0,275.8824,0.13333333333333333,
235,3i,150.0,3,0.0044,3,9.0,False,0,,,,scenario_straight_heavy,val,development,0.25,8.0,-9.1542,0.06,-1.0,,4.0,9.0,True,,20.0,0.31679999999999997,0.26666666666666666,
240,3i,150.0,6,12.1586,3,9.0,False,0,,,,scenario_straight_heavy,val,development,0.25,8.0,3.851799999999999,0.06,-1.0,,4.0,14.0,True,,40.0,1750.8384,0.26666666666666666,
245,3i,150.0,6,6.6118,3,9.0,False,0,,,,scenario_straight_heavy,val,development,0.25,8.0,1.0911,0.06,0.0,,4.0,19.0,True,,40.0,952.0992,0.26666666666666666,
250,3i,150.0,6,0.1713,5,13.01,False,0,,,,scenario_straight_heavy,val,development,0.25,12.01,-0.7827,0.08673333333333333,0.0,,4.0,24.0,True,,40.0,24.6672,0.4003333333333333,
255,3i,150.0,7,3.455,6,13.0,False,0,,,,scenario_straight_heavy,val,development,0.25,8.0,-4.6533,0.08666666666666667,0.0,,5.0,4.0,False,5,46.66666666666667,580.44,0.26666666666666666,
260,3i,150.0,7,1.4574,6,13.0,False,0,,,,scenario_straight_heavy,val,development,0.25,8.0,-2.3743,0.08666666666666667,0.0,,6.0,2.0,True,,46.66666666666667,244.84320000000002,0.26666666666666666,
265,3i,150.0,7,0.0238,7,17.01,False,0,,,,scenario_straight_heavy,val,development,0.25,8.010000000000002,0.0194,0.11340000000000001,0.0,,7.0,1.0,False,5,46.66666666666667,3.9984000000000006,0.26700000000000007,
270,3i,150.0,8,2.906,7,17.01,False,0,,,,scenario_straight_heavy,val,development,0.25,8.010000000000002,-9.2526,0.11340000000000001,0.0,,7.0,6.0,False,10,53.333333333333336,557.9520000000001,0.26700000000000007,
275,3i,150.0,4,3.6704,2,16.37,False,1,23.8088,384.35,384.35,scenario_straight_heavy,val,development,0.25,7.370000000000001,-2.9414,0.10913333333333335,1.0,,0.0,4.0,False,15,26.666666666666668,352.3584,0.2456666666666667,
280,3i,150.0,2,4.0146,1,1.0,False,1,24.0917,264.08,264.08,scenario_straight_heavy,val,development,0.25,-12.01,3.8432999999999997,0.006666666666666667,1.0,,0.0,9.0,False,20,13.333333333333334,192.70080000000002,-0.4003333333333333,
285,3i,150.0,3,16.3949,1,1.0,False,1,24.7768,142.58,142.58,scenario_straight_heavy,val,development,0.25,-12.0,12.9399,0.006666666666666667,1.0,,0.0,14.0,False,25,20.0,1180.4328,-0.4,
290,3i,150.0,4,12.6291,1,1.0,False,1,15.3541,43.97,43.97,scenario_straight_heavy,val,development,0.25,-12.0,11.1717,0.006666666666666667,1.0,,0.0,19.0,False,30,26.666666666666668,1212.3936,-0.4,
295,3i,150.0,3,6.6013,1,1.0,False,1,1.5398,8.63,8.63,scenario_straight_heavy,val,development,0.25,-16.01,6.577500000000001,0.006666666666666667,1.0,,0.0,24.0,False,35,20.0,475.2936,-0.5336666666666667,
300,3i,150.0,3,8.1612,2,8.0,False,1,0.0018,8.0,8.0,scenario_straight_heavy,val,development,0.25,-9.010000000000002,5.2551999999999985,0.05333333333333334,1.0,,1.0,4.0,False,40,20.0,587.6063999999999,-0.3003333333333334,
305,3i,150.0,2,8.2951,0,0.0,False,1,4.1381,2.19,2.19,scenario_straight_heavy,val,development,0.25,-16.37,4.6247,0.0,0.0,-382.16,2.0,2.0,False,45,13.333333333333334,398.1648,-0.5456666666666667,
310,3i,150.0,1,0.0,0,0.0,False,0,,,,scenario_straight_heavy,val,development,0.25,-1.0,-4.0146,0.0,-1.0,,3.0,1.0,False,50,6.666666666666667,0.0,-0.03333333333333333,
315,3i,150.0,2,12.721,1,1.0,False,0,,,,scenario_straight_heavy,val,development,0.25,0.0,-3.6738999999999997,0.006666666666666667,-1.0,,3.0,6.0,False,55,13.333333333333334,610.6080000000001,0.0,
320,3i,150.0,2,5.7506,1,1.0,False,2,26.7557,375.78,376.8,scenario_straight_heavy,val,development,0.25,0.0,-6.878499999999999,0.006666666666666667,1.0,332.83000000000004,4.0,4.0,True,,13.333333333333334,276.02880000000005,0.0,
325,3i,150.0,2,0.1459,2,5.03,False,2,26.4856,242.42,243.08,scenario_straight_heavy,val,development,0.25,4.03,-6.4554,0.03353333333333333,1.0,234.45000000000002,4.0,9.0,True,,13.333333333333334,7.0032000000000005,0.13433333333333333,
330,3i,150.0,5,15.3688,2,5.0,False,2,25.2904,110.44,110.71,scenario_straight_heavy,val,development,0.25,-3.0,7.207600000000001,0.03333333333333333,1.0,102.71,4.0,14.0,True,,33.333333333333336,1844.256,-0.1,
335,3i,150.0,5,6.9872,2,5.0,False,2,11.5473,24.55,27.18,scenario_straight_heavy,val,development,0.25,5.0,-1.3079,0.03333333333333333,1.0,24.99,4.0,19.0,True,,33.333333333333336,838.464,0.16666666666666666,
340,3i,150.0,5,0.2389,4,9.09,False,2,0.5971,1.79,9.09,scenario_straight_heavy,val,development,0.25,9.09,0.2389,0.0606,2.0,,4.0,24.0,True,,33.333333333333336,28.668000000000003,0.303,
345,3i,150.0,5,0.0004,5,9.0,False,2,0.0011,1.0,9.0,scenario_straight_heavy,val,development,0.25,8.0,-12.7206,0.06,2.0,,5.0,4.0,False,5,33.333333333333336,0.04800000000000001,0.26666666666666666,
350,3i,150.0,6,2.4313,5,9.0,False,2,0.0,1.0,9.0,scenario_straight_heavy,val,development,0.25,8.0,-3.3193000000000006,0.06,0.0,-367.8,6.0,2.0,True,,40.0,350.1072,0.26666666666666666,
355,3i,150.0,6,1.6813,5,9.0,False,2,0.0,1.0,9.0,scenario_straight_heavy,val,development,0.25,3.9699999999999998,1.5354,0.06,0.0,-234.08,7.0,1.0,False,5,40.0,242.10720000000003,0.13233333333333333,
360,3i,150.0,6,0.9313,5,9.0,False,2,0.0,1.0,9.0,scenario_straight_heavy,val,development,0.25,4.0,-14.4375,0.06,0.0,-101.71,7.0,6.0,False,10,40.0,134.1072,0.13333333333333333,
365,3i,150.0,3,5.6186,1,1.0,False,0,,,,scenario_straight_heavy,val,development,0.25,-4.0,-1.3685999999999998,0.006666666666666667,-2.0,,0.0,4.0,False,15,20.0,404.53919999999994,-0.13333333333333333,
370,3i,150.0,2,6.2979,1,1.0,False,0,,,,scenario_straight_heavy,val,development,0.25,-8.09,6.059,0.006666666666666667,-2.0,,0.0,9.0,False,20,13.333333333333334,302.29920000000004,-0.26966666666666667,
375,3i,150.0,3,16.8154,1,1.0,False,0,,,,scenario_straight_heavy,val,development,0.25,-8.0,16.815,0.006666666666666667,-2.0,,0.0,14.0,False,25,20.0,1210.7088,-0.26666666666666666,
380,3i,150.0,4,12.6628,1,1.0,False,0,,,,scenario_straight_heavy,val,development,0.25,-8.0,10.2315,0.006666666666666667,-2.0,,0.0,19.0,False,30,26.666666666666668,1215.6288000000002,-0.26666666666666666,
385,3i,150.0,2,5.619,1,1.0,False,0,,,,scenario_straight_heavy,val,development,0.25,-8.0,3.9376999999999995,0.006666666666666667,-2.0,,0.0,24.0,False,35,13.333333333333334,269.71200000000005,-0.26666666666666666,
390,3i,150.0,3,9.2841,1,1.0,False,0,,,,scenario_straight_heavy,val,development,0.25,-8.0,8.3528,0.006666666666666667,-2.0,,1.0,4.0,False,40,20.0,668.4552000000001,-0.26666666666666666,
395,3i,150.0,2,8.3683,0,0.0,False,0,,,,scenario_straight_heavy,val,development,0.25,-1.0,2.7497,0.0,0.0,,2.0,2.0,False,45,13.333333333333334,401.6784,-0.03333333333333333,
400,3i,150.0,1,0.0,0,0.0,False,0,,,,scenario_straight_heavy,val,development,0.25,-1.0,-6.2979,0.0,0.0,,3.0,1.0,False,50,6.666666666666667,0.0,-0.03333333333333333,
405,3i,150.0,2,12.4502,1,1.0,False,0,,,,scenario_straight_heavy,val,development,0.25,0.0,-4.3652,0.006666666666666667,0.0,,3.0,6.0,False,55,13.333333333333334,597.6096,0.0,
410,3i,150.0,2,5.787,1,1.0,False,2,25.9097,378.99,382.35,scenario_straight_heavy,val,development,0.25,0.0,-6.875800000000001,0.006666666666666667,2.0,,4.0,4.0,True,,13.333333333333334,277.776,0.0,
415,3i,150.0,2,0.0354,2,5.02,False,2,25.3979,242.81,261.88,scenario_straight_heavy,val,development,0.25,4.02,-5.5836,0.033466666666666665,2.0,,4.0,9.0,True,,13.333333333333334,1.6992,0.13399999999999998,
420,3i,150.0,4,12.2199,2,5.0,False,2,24.4398,110.62,140.29,scenario_straight_heavy,val,development,0.25,4.0,2.9358000000000004,0.03333333333333333,2.0,,4.0,14.0,True,,26.666666666666668,1173.1104000000003,0.13333333333333333,
425,3i,150.0,5,8.8887,2,5.0,False,2,12.9994,27.3,43.61,scenario_straight_heavy,val,development,0.25,5.0,0.5204000000000004,0.03333333333333333,2.0,,4.0,19.0,True,,33.333333333333336,1066.644,0.16666666666666666,
430,3i,150.0,5,3.376,3,9.07,False,2,1.4143,1.88,9.07,scenario_straight_heavy,val,development,0.25,9.07,3.376,0.06046666666666667,2.0,,4.0,24.0,True,,33.333333333333336,405.12,0.30233333333333334,
435,3i,150.0,6,3.9694,4,9.0,False,2,0.0,1.0,9.0,scenario_straight_heavy,val,development,0.25,8.0,-8.4808,0.06,2.0,,5.0,4.0,False,5,40.0,571.5936,0.26666666666666666,
440,3i,150.0,6,1.8659,5,9.0,False,2,0.0,1.0,9.0,scenario_straight_heavy,val,development,0.25,8.0,-3.9211,0.06,0.0,-373.35,6.0,2.0,True,,40.0,268.6896,0.26666666666666666,
445,3i,150.0,6,0.0001,6,13.0,False,2,0.0,1.0,9.0,scenario_straight_heavy,val,development,0.25,7.98,-0.0353,0.08666666666666667,0.0,-252.88,7.0,1.0,False,5,40.0,0.014400000000000001,0.266,
450,3i,150.0,7,3.46,6,13.0,False,2,0.0,1.0,9.0,scenario_straight_heavy,val,development,0.25,8.0,-8.759900000000002,0.08666666666666667,0.0,-131.29,7.0,6.0,False,10,46.66666666666667,581.2800000000001,0.26666666666666666,
455,3i,150.0,3,4.1223,1,1.0,False,2,21.5206,383.58,396.64,scenario_straight_heavy,val,development,0.25,-4.0,-4.7664,0.006666666666666667,0.0,353.03,0.0,4.0,False,15,20.0,296.8056,-0.13333333333333333,
460,3i,150.0,1,0.0,1,1.0,False,2,21.2118,263.16,301.09,scenario_straight_heavy,val,development,0.25,-8.07,-3.376,0.006666666666666667,0.0,292.02,0.0,9.0,False,20,6.666666666666667,0.0,-0.269,
465,3i,150.0,2,12.3772,1,1.0,False,2,21.8184,143.11,205.63,scenario_straight_heavy,val,development,0.25,-8.0,8.4078,0.006666666666666667,0.0,196.63,0.0,14.0,False,25,13.333333333333334,594.1056000000001,-0.26666666666666666,
470,3i,150.0,4,11.5269,1,1.0,False,2,15.2462,48.91,115.74,scenario_straight_heavy,val,development,0.25,-8.0,9.661,0.006666666666666667,0.0,106.74,0.0,19.0,False,30,26.666666666666668,1106.5824,-0.26666666666666666,
475,3i,150.0,3,4.719,1,1.0,False,2,7.0785,13.74,46.82,scenario_straight_heavy,val,development,0.25,-12.0,4.7189000000000005,0.006666666666666667,0.0,37.82,0.0,24.0,False,35,20.0,339.76800000000003,-0.4,
480,3i,150.0,4,7.1887,2,13.71,False,2,1.7845,1.57,13.71,scenario_straight_heavy,val,development,0.25,0.7100000000000009,3.7287,0.09140000000000001,0.0,4.710000000000001,1.0,4.0,False,40,26.666666666666668,690.1152000000001,0.023666666666666693,
485,3i,150.0,3,5.7181,1,1.0,False,2,1.3346,1.0,9.52,scenario_straight_heavy,val,development,0.25,0.0,1.5957999999999997,0.006666666666666667,0.0,-387.12,2.0,2.0,False,45,20.0,411.7032,0.0,
490,3i,150.0,2,0.5417,1,1.0,False,1,0.0,1.0,1.0,scenario_straight_heavy,val,development,0.25,0.0,0.5417,0.006666666666666667,-1.0,-300.09,3.0,1.0,False,50,13.333333333333334,26.0016,0.0,
495,3i,150.0,2,0.0014,2,1.0,False,1,0.0,1.0,1.0,scenario_straight_heavy,val,development,0.25,0.0,-12.3758,0.006666666666666667,-1.0,-204.63,3.0,6.0,False,55,13.333333333333334,0.06720000000000001,0.0,
500,3i,150.0,3,6.2398,2,1.0,False,1,0.0,1.0,1.0,scenario_straight_heavy,val,development,0.25,0.0,-5.2871,0.006666666666666667,-1.0,-114.74,4.0,4.0,True,,20.0,449.2656,0.0,
505,3i,150.0,3,3.8208,2,1.0,False,1,0.0,1.0,1.0,scenario_straight_heavy,val,development,0.25,0.0,-0.8982000000000001,0.006666666666666667,-1.0,-45.82,4.0,9.0,True,,20.0,275.09760000000006,0.0,
510,3i,150.0,6,13.1446,2,1.0,False,1,0.0,1.0,1.0,scenario_straight_heavy,val,development,0.25,-12.71,5.955900000000001,0.006666666666666667,-1.0,-12.71,4.0,14.0,True,,40.0,1892.8224,-0.4236666666666667,
515,3i,150.0,6,6.095,3,5.0,False,1,0.0,1.0,1.0,scenario_straight_heavy,val,development,0.25,4.0,0.3769,0.03333333333333333,-1.0,-8.52,4.0,19.0,True,,40.0,877.6800000000001,0.13333333333333333,
520,3i,150.0,6,0.0847,5,15.05,False,1,0.0,1.0,1.0,scenario_straight_heavy,val,development,0.25,14.05,-0.45699999999999996,0.10033333333333334,0.0,0.0,4.0,24.0,True,,40.0,12.196800000000001,0.4683333333333334,
525,3i,150.0,7,3.5586,6,17.71,False,1,0.0,1.0,1.0,scenario_straight_heavy,val,development,0.25,16.71,3.5572000000000004,0.11806666666666667,0.0,0.0,5.0,4.0,False,5,46.66666666666667,597.8448000000001,0.557,
530,3i,150.0,7,1.856,6,17.71,False,1,0.0,1.0,1.0,scenario_straight_heavy,val,development,0.25,16.71,-4.3838,0.11806666666666667,0.0,0.0,6.0,2.0,True,,46.66666666666667,311.80800000000005,0.557,
535,3i,150.0,7,0.0429,6,17.71,False,1,0.0,1.0,1.0,scenario_straight_heavy,val,development,0.25,16.71,-3.7779000000000003,0.11806666666666667,0.0,0.0,7.0,1.0,False,5,46.66666666666667,7.2072,0.557,
540,3i,150.0,8,2.7236,7,24.71,False,1,0.0,1.0,1.0,scenario_straight_heavy,val,development,0.25,23.71,-10.421000000000001,0.16473333333333334,0.0,0.0,7.0,6.0,False,10,53.333333333333336,522.9312,0.7903333333333333,
545,3i,150.0,5,3.9922,1,1.0,False,1,19.3952,396.78,396.78,scenario_straight_heavy,val,development,0.25,-4.0,-2.1028,0.006666666666666667,0.0,395.78,0.0,4.0,False,15,33.333333333333336,479.064,-0.13333333333333333,
550,3i,150.0,1,0.0,1,1.0,False,1,18.8631,302.3,302.3,scenario_straight_heavy,val,development,0.25,-14.05,-0.0847,0.006666666666666667,0.0,301.3,0.0,9.0,False,20,6.666666666666667,0.0,-0.4683333333333334,
555,3i,150.0,2,12.2606,1,1.0,False,1,18.892,206.78,206.78,scenario_straight_heavy,val,development,0.25,-16.71,8.702,0.006666666666666667,0.0,205.78,0.0,14.0,False,25,13.333333333333334,588.5088000000001,-0.557,
560,3i,150.0,4,12.4517,1,1.0,False,1,16.9004,115.43,115.43,scenario_straight_heavy,val,development,0.25,-16.71,10.5957,0.006666666666666667,0.0,114.43,0.0,19.0,False,30,26.666666666666668,1195.3632000000002,-0.557,
565,3i,150.0,3,5.0204,1,1.0,False,1,12.6099,43.38,43.38,scenario_straight_heavy,val,development,0.25,-16.71,4.9775,0.006666666666666667,0.0,42.38,0.0,24.0,False,35,20.0,361.46880000000004,-0.557,
570,3i,150.0,3,0.9265,2,5.0,False,1,2.7791,1.0,1.0,scenario_straight_heavy,val,development,0.25,-19.71,-1.7971,0.03333333333333333,0.0,0.0,1.0,4.0,False,40,20.0,66.708,-0.657,
575,3i,150.0,3,6.4239,1,1.0,False,1,0.0,1.0,1.0,scenario_straight_heavy,val,development,0.25,0.0,2.4316999999999998,0.006666666666666667,0.0,-395.78,2.0,2.0,False,45,20.0,462.5208,0.0,
580,3i,150.0,2,7.9437,1,1.0,False,1,0.0,1.0,1.0,scenario_straight_heavy,val,development,0.25,0.0,7.9437,0.006666666666666667,0.0,-301.3,3.0,1.0,False,50,13.333333333333334,381.2976,0.0,
585,3i,150.0,3,8.4709,1,1.0,False,1,0.0,1.0,1.0,scenario_straight_heavy,val,development,0.25,0.0,-3.7897,0.006666666666666667,0.0,-205.78,3.0,6.0,False,55,20.0,609.9048,0.0,
590,3i,150.0,3,4.7625,2,1.0,False,1,0.0,1.0,1.0,scenario_straight_heavy,val,development,0.25,0.0,-7.6892000000000005,0.006666666666666667,0.0,-114.43,4.0,4.0,True,,20.0,342.9,0.0,
595,3i,150.0,3,0.1323,2,1.0,False,1,0.0,1.0,1.0,scenario_straight_heavy,val,development,0.25,0.0,-4.8881000000000006,0.006666666666666667,0.0,-42.38,4.0,9.0,True,,20.0,9.5256,0.0,
600,3i,150.0,6,12.3471,3,15.04,False,1,0.0,1.0,1.0,scenario_straight_heavy,val,development,0.25,10.04,11.420599999999999,0.10026666666666666,0.0,0.0,4.0,14.0,True,,40.0,1777.9823999999999,0.3346666666666666,
605,3i,150.0,6,6.094,3,15.04,False,1,0.0,1.0,1.0,scenario_straight_heavy,val,development,0.25,14.04,-0.3298999999999994,0.10026666666666666,0.0,0.0,4.0,19.0,True,,40.0,877.5360000000001,0.46799999999999997,
610,3i,150.0,6,0.3888,5,22.08,False,1,0.0,1.0,1.0,scenario_straight_heavy,val,development,0.25,21.08,-7.5549,0.1472,0.0,0.0,4.0,24.0,True,,40.0,55.9872,0.7026666666666667,
615,3i,150.0,6,0.0,6,22.04,False,1,0.0,1.0,1.0,scenario_straight_heavy,val,development,0.25,21.04,-8.4709,0.14693333333333333,0.0,0.0,5.0,4.0,False,5,40.0,0.0,0.7013333333333333,
620,3i,150.0,7,2.4499,6,22.04,False,1,0.0,1.0,1.0,scenario_straight_heavy,val,development,0.25,21.04,-2.3126,0.14693333333333333,0.0,0.0,6.0,2.0,True,,46.66666666666667,411.58320000000003,0.7013333333333333,
625,3i,150.0,7,1.4337,6,22.04,False,1,0.0,1.0,1.0,scenario_straight_heavy,val,development,0.25,21.04,1.3014,0.14693333333333333,0.0,0.0,7.0,1.0,False,5,46.66666666666667,240.8616,0.7013333333333333,
630,3i,150.0,8,3.3879,6,22.04,False,1,0.0,1.0,1.0,scenario_straight_heavy,val,development,0.25,7.0,-8.9592,0.14693333333333333,0.0,0.0,7.0,6.0,False,10,53.333333333333336,650.4768,0.23333333333333334,
635,3i,150.0,6,3.3787,2,24.66,False,0,,,,scenario_straight_heavy,val,development,0.25,9.620000000000001,-2.7153000000000005,0.1644,-1.0,,0.0,4.0,False,15,40.0,486.53279999999995,0.3206666666666667,
640,3i,150.0,3,3.0217,1,1.0,False,0,,,,scenario_straight_heavy,val,development,0.25,-21.08,2.6329000000000002,0.006666666666666667,-1.0,,0.0,9.0,False,20,20.0,217.56240000000003,-0.7026666666666667,
645,3i,150.0,3,17.1965,1,1.0,False,0,,,,scenario_straight_heavy,val,development,0.25,-21.04,17.1965,0.006666666666666667,-1.0,,0.0,14.0,False,25,20.0,1238.1480000000001,-0.7013333333333333,
650,3i,150.0,4,10.3626,1,1.0,False,0,,,,scenario_straight_heavy,val,development,0.25,-21.04,7.912700000000001,0.006666666666666667,-1.0,,0.0,19.0,False,30,26.666666666666668,994.8096,-0.7013333333333333,
655,3i,150.0,3,5.7341,2,5.03,False,0,,,,scenario_straight_heavy,val,development,0.25,-17.009999999999998,4.3004,0.03353333333333333,-1.0,,0.0,24.0,False,35,20.0,412.85519999999997,-0.567,
660,3i,150.0,3,8.1293,2,5.0,False,0,,,,scenario_straight_heavy,val,development,0.25,-17.04,4.7414000000000005,0.03333333333333333,-1.0,,1.0,4.0,False,40,20.0,585.3096,-0.568,
665,3i,150.0,1,15.4476,0,0.0,False,0,,,,scenario_straight_heavy,val,development,0.25,-24.66,12.0689,0.0,0.0,,2.0,2.0,False,45,6.666666666666667,370.7424,-0.822,
670,3i,150.0,1,2.4727,0,0.0,False,0,,,,scenario_straight_heavy,val,development,0.25,-1.0,-0.5489999999999999,0.0,0.0,,3.0,1.0,False,50,6.666666666666667,59.344800000000006,-0.03333333333333333,
675,3i,150.0,1,0.0,1,1.0,False,0,,,,scenario_straight_heavy,val,development,0.25,0.0,-17.1965,0.006666666666666667,0.0,,3.0,6.0,False,55,6.666666666666667,0.0,0.0,
680,3i,150.0,2,8.795,1,1.0,False,1,26.3186,377.2,377.2,scenario_straight_heavy,val,development,0.25,0.0,-1.5676000000000005,0.006666666666666667,1.0,,4.0,4.0,True,,13.333333333333334,422.16,0.0,
685,3i,150.0,2,5.6132,1,1.0,False,1,26.1254,243.86,243.86,scenario_straight_heavy,val,development,0.25,-4.03,-0.12089999999999979,0.006666666666666667,1.0,,4.0,9.0,True,,13.333333333333334,269.4336,-0.13433333333333333,
690,3i,150.0,5,14.863,1,1.0,False,1,22.1477,116.72,116.72,scenario_straight_heavy,val,development,0.25,-4.0,6.733699999999999,0.006666666666666667,1.0,,4.0,14.0,True,,33.333333333333336,1783.5600000000002,-0.13333333333333333,
695,3i,150.0,5,7.1133,2,8.0,False,2,18.903,39.85,374.58,scenario_straight_heavy,val,development,0.25,8.0,-8.334299999999999,0.05333333333333334,2.0,,4.0,19.0,True,,33.333333333333336,853.596,0.26666666666666666,
700,3i,150.0,5,0.0145,4,20.73,False,2,13.4924,20.73,240.82,scenario_straight_heavy,val,development,0.25,20.73,-2.4582,0.1382,2.0,,4.0,24.0,True,,33.333333333333336,1.7400000000000002,0.6910000000000001,
705,3i,150.0,6,3.8273,5,20.71,False,2,11.4818,20.71,111.24,scenario_straight_heavy,val,development,0.25,19.71,3.8273,0.13806666666666667,2.0,,5.0,4.0,False,5,40.0,551.1312,0.657,
710,3i,150.0,6,1.5632,5,20.71,False,2,4.6895,20.71,36.35,scenario_straight_heavy,val,development,0.25,19.71,-7.2318,0.13806666666666667,1.0,-340.84999999999997,6.0,2.0,True,,40.0,225.1008,0.657,
715,3i,150.0,6,0.0013,6,24.72,False,2,0.0038,20.71,24.72,scenario_straight_heavy,val,development,0.25,23.72,-5.6119,0.1648,1.0,-219.14000000000001,7.0,1.0,False,5,40.0,0.1872,0.7906666666666666,
720,3i,150.0,7,3.1436,6,24.71,False,2,0.0,20.71,24.71,scenario_straight_heavy,val,development,0.25,23.71,-11.7194,0.16473333333333334,1.0,-92.00999999999999,7.0,6.0,False,10,46.66666666666667,528.1248000000002,0.7903333333333333,
725,3i,150.0,4,4.2293,1,1.0,False,3,10.6677,9.83,384.3,scenario_straight_heavy,val,development,0.25,-7.0,-2.8839999999999995,0.006666666666666667,1.0,9.720000000000027,0.0,4.0,False,15,26.666666666666668,406.0128,-0.23333333333333334,
730,3i,150.0,2,5.067,1,1.0,False,1,24.5464,263.69,263.69,scenario_straight_heavy,val,development,0.25,-19.73,5.0525,0.006666666666666667,-1.0,22.870000000000005,0.0,9.0,False,20,13.333333333333334,243.21600000000004,-0.6576666666666667,
735,3i,150.0,3,16.1295,1,1.0,False,1,24.3144,141.79,141.79,scenario_straight_heavy,val,development,0.25,-19.71,12.3022,0.006666666666666667,-1.0,30.549999999999997,0.0,14.0,False,25,20.0,1161.324,-0.657,
740,3i,150.0,4,12.3179,1,1.0,False,1,15.2775,39.39,39.39,scenario_straight_heavy,val,development,0.25,-19.71,10.7547,0.006666666666666667,-1.0,3.039999999999999,0.0,19.0,False,30,26.666666666666668,1182.5184,-0.657,
745,3i,150.0,3,5.5826,1,1.0,False,0,,,,scenario_straight_heavy,val,development,0.25,-23.72,5.581300000000001,0.006666666666666667,-2.0,,0.0,24.0,False,35,20.0,401.94720000000007,-0.7906666666666666,
750,3i,150.0,4,6.3089,2,5.0,False,0,,,,scenario_straight_heavy,val,development,0.25,-19.71,3.1653000000000002,0.03333333333333333,-2.0,,1.0,4.0,False,40,26.666666666666668,605.6544000000001,-0.657,
755,3i,150.0,2,7.6368,1,1.0,False,0,,,,scenario_straight_heavy,val,development,0.25,0.0,3.4074999999999998,0.006666666666666667,-3.0,,2.0,2.0,False,45,13.333333333333334,366.56640000000004,0.0,
760,3i,150.0,2,1.4216,1,1.0,False,0,,,,scenario_straight_heavy,val,development,0.25,0.0,-3.6454000000000004,0.006666666666666667,-1.0,,3.0,1.0,False,50,13.333333333333334,68.2368,0.0,
765,3i,150.0,3,7.7648,2,1.0,False,0,,,,scenario_straight_heavy,val,development,0.25,0.0,-8.3647,0.006666666666666667,-1.0,,3.0,6.0,False,55,20.0,559.0656,0.0,
770,3i,150.0,3,3.606,2,1.0,False,1,27.0029,376.63,376.63,scenario_straight_heavy,val,development,0.25,0.0,-8.7119,0.006666666666666667,0.0,337.24,4.0,4.0,True,,20.0,259.632,0.0,
775,3i,150.0,3,0.0025,2,1.0,False,1,27.6163,240.67,240.67,scenario_straight_heavy,val,development,0.25,0.0,-5.5801,0.006666666666666667,1.0,,4.0,9.0,True,,20.0,0.18000000000000002,0.0,
780,3i,150.0,6,12.5134,3,8.0,False,1,25.3891,108.14,108.14,scenario_straight_heavy,val,development,0.25,3.0,6.2045,0.05333333333333334,1.0,,4.0,14.0,True,,40.0,1801.9296000000004,0.1,
785,3i,150.0,6,6.2353,3,8.0,False,2,19.9213,20.06,374.99,scenario_straight_heavy,val,development,0.25,7.0,-1.4015000000000004,0.05333333333333334,2.0,,4.0,19.0,True,,40.0,897.8832,0.23333333333333334,
790,3i,150.0,6,0.1762,5,12.01,False,2,13.4411,1.0,239.8,scenario_straight_heavy,val,development,0.25,11.01,-1.2454,0.08006666666666666,2.0,,4.0,24.0,True,,40.0,25.372799999999998,0.367,
795,3i,150.0,7,3.3709,6,13.71,False,2,11.7979,1.0,109.76,scenario_straight_heavy,val,development,0.25,12.71,-4.3939,0.09140000000000001,2.0,,5.0,4.0,False,5,46.66666666666667,566.3112,0.4236666666666667,
800,3i,150.0,7,1.5194,6,13.71,False,2,5.3178,1.0,32.13,scenario_straight_heavy,val,development,0.25,12.71,-2.0866,0.09140000000000001,1.0,-344.5,6.0,2.0,True,,46.66666666666667,255.25920000000005,0.4236666666666667,
805,3i,150.0,7,0.0089,7,16.01,False,2,0.0312,1.0,16.01,scenario_straight_heavy,val,development,0.25,15.010000000000002,0.0063999999999999994,0.10673333333333335,1.0,-224.66,7.0,1.0,False,5,46.66666666666667,1.4952,0.5003333333333334,
810,3i,150.0,8,2.941,7,16.0,False,2,0.0,1.0,16.0,scenario_straight_heavy,val,development,0.25,8.0,-9.572400000000002,0.10666666666666667,1.0,-92.14,7.0,6.0,False,10,53.333333333333336,564.672,0.26666666666666666,
815,3i,150.0,4,4.4483,1,1.0,False,3,8.7781,1.0,384.92,scenario_straight_heavy,val,development,0.25,-7.0,-1.787,0.006666666666666667,1.0,9.930000000000007,0.0,4.0,False,15,26.666666666666668,427.0368,-0.23333333333333334,
820,3i,150.0,1,0.0,1,1.0,False,2,11.7259,1.0,266.04,scenario_straight_heavy,val,development,0.25,-11.01,-0.1762,0.006666666666666667,0.0,26.24000000000001,0.0,9.0,False,20,6.666666666666667,0.0,-0.367,
825,3i,150.0,3,16.5326,1,1.0,False,2,12.0515,1.0,144.85,scenario_straight_heavy,val,development,0.25,-12.71,13.1617,0.006666666666666667,0.0,35.08999999999999,0.0,14.0,False,25,20.0,1190.3472,-0.4236666666666667,
830,3i,150.0,4,12.0923,1,1.0,False,2,7.8418,1.0,41.72,scenario_straight_heavy,val,development,0.25,-12.71,10.5729,0.006666666666666667,0.0,9.589999999999996,0.0,19.0,False,30,26.666666666666668,1160.8608000000002,-0.4236666666666667,
835,3i,150.0,3,4.5665,1,1.0,False,2,0.8418,1.0,5.31,scenario_straight_heavy,val,development,0.25,-15.010000000000002,4.5576,0.006666666666666667,0.0,-10.700000000000003,0.0,24.0,False,35,20.0,328.788,-0.5003333333333334,
840,3i,150.0,4,7.1076,2,5.0,False,2,0.0,1.0,5.0,scenario_straight_heavy,val,development,0.25,-11.0,4.1666,0.03333333333333333,0.0,-11.0,1.0,4.0,False,40,26.666666666666668,682.3296,-0.36666666666666664,
845,3i,150.0,2,6.2477,1,1.0,False,0,,,,scenario_straight_heavy,val,development,0.25,0.0,1.7994000000000003,0.006666666666666667,-3.0,,2.0,2.0,False,45,13.333333333333334,299.88960000000003,0.0,
850,3i,150.0,2,0.3033,1,1.0,False,0,,,,scenario_straight_heavy,val,development,0.25,0.0,0.3033,0.006666666666666667,-2.0,,3.0,1.0,False,50,13.333333333333334,14.558400000000002,0.0,
855,3i,150.0,3,8.3199,2,1.0,False,0,,,,scenario_straight_heavy,val,development,0.25,0.0,-8.212699999999998,0.006666666666666667,-2.0,,3.0,6.0,False,55,20.0,599.0328000000001,0.0,
860,3i,150.0,3,3.7526,2,1.0,False,0,,,,scenario_straight_heavy,val,development,0.25,0.0,-8.3397,0.006666666666666667,-2.0,,4.0,4.0,True,,20.0,270.1872,0.0,
865,3i,150.0,3,0.1835,3,5.03,False,0,,,,scenario_straight_heavy,val,development,0.25,4.03,-4.382999999999999,0.03353333333333333,-2.0,,4.0,9.0,True,,20.0,13.212,0.13433333333333333,
870,3i,150.0,6,12.7347,3,5.0,False,0,,,,scenario_straight_heavy,val,development,0.25,0.0,5.6271,0.03333333333333333,-2.0,,4.0,14.0,True,,40.0,1833.7968,0.0,
875,3i,150.0,6,6.2224,3,5.0,False,1,19.2613,396.53,396.53,scenario_straight_heavy,val,development,0.25,4.0,-0.025299999999999656,0.03333333333333333,1.0,,4.0,19.0,True,,40.0,896.0256000000002,0.13333333333333333,
880,3i,150.0,6,0.272,5,9.01,False,1,18.9679,300.48,300.48,scenario_straight_heavy,val,development,0.25,8.01,-0.031299999999999994,0.060066666666666664,1.0,,4.0,24.0,True,,40.0,39.168000000000006,0.267,
885,3i,150.0,6,0.0001,6,15.04,False,1,18.737,205.31,205.31,scenario_straight_heavy,val,development,0.25,14.04,-8.3198,0.10026666666666666,1.0,,5.0,4.0,False,5,40.0,0.014400000000000001,0.46799999999999997,
890,3i,150.0,7,2.0807,6,15.04,False,1,14.5648,123.66,123.66,scenario_straight_heavy,val,development,0.25,14.04,-1.6719,0.10026666666666666,1.0,,6.0,2.0,True,,46.66666666666667,349.5576000000001,0.46799999999999997,
895,3i,150.0,7,1.4378,6,15.04,False,1,10.0648,64.34,64.34,scenario_straight_heavy,val,development,0.25,10.009999999999998,1.2543,0.10026666666666666,1.0,,7.0,1.0,False,5,46.66666666666667,241.55040000000002,0.3336666666666666,
900,3i,150.0,8,3.7139,6,15.04,False,1,5.5648,27.51,27.51,scenario_straight_heavy,val,development,0.25,10.04,-9.0208,0.10026666666666666,1.0,,7.0,6.0,False,10,53.333333333333336,713.0688000000001,0.3346666666666666,
905,3i,150.0,4,4.9147,1,1.0,False,2,13.828,10.11,384.25,scenario_straight_heavy,val,development,0.25,-4.0,-1.3077000000000005,0.006666666666666667,1.0,-12.279999999999973,0.0,4.0,False,15,26.666666666666668,471.81120000000004,-0.13333333333333333,
910,3i,150.0,2,4.3806,1,1.0,False,1,23.3385,265.42,265.42,scenario_straight_heavy,val,development,0.25,-8.01,4.1086,0.006666666666666667,0.0,-35.06,0.0,9.0,False,20,13.333333333333334,210.26880000000003,-0.267,
915,3i,150.0,4,19.131,1,1.0,False,1,24.4949,145.86,145.86,scenario_straight_heavy,val,development,0.25,-14.04,19.1309,0.006666666666666667,0.0,-59.44999999999999,0.0,14.0,False,25,26.666666666666668,1836.576,-0.46799999999999997,
920,3i,150.0,4,11.524,1,1.0,False,2,19.9865,43.35,383.4,scenario_straight_heavy,val,development,0.25,-14.04,9.443299999999999,0.006666666666666667,1.0,259.74,0.0,19.0,False,30,26.666666666666668,1106.3039999999999,-0.46799999999999997,
925,3i,150.0,2,1.1003,1,1.0,False,2,12.7664,5.1,264.97,scenario_straight_heavy,val,development,0.25,-14.04,-0.3374999999999999,0.006666666666666667,1.0,200.63000000000002,0.0,24.0,False,35,13.333333333333334,52.814400000000006,-0.46799999999999997,
930,3i,150.0,3,7.8879,2,5.0,False,2,11.8319,5.0,146.01,scenario_straight_heavy,val,development,0.25,-10.04,4.1739999999999995,0.03333333333333333,1.0,118.49999999999999,1.0,4.0,False,40,20.0,567.9288,-0.3346666666666666,
935,3i,150.0,1,15.5361,0,0.0,False,1,15.5361,45.07,45.07,scenario_straight_heavy,val,development,0.25,-1.0,10.6214,0.0,-1.0,-339.18,2.0,2.0,False,45,6.666666666666667,372.8664,-0.03333333333333333,
940,3i,150.0,1,3.7526,0,0.0,False,1,3.7526,2.04,2.04,scenario_straight_heavy,val,development,0.25,-1.0,-0.6280000000000001,0.0,0.0,-263.38,3.0,1.0,False,50,6.666666666666667,90.06240000000001,-0.03333333333333333,
945,3i,150.0,2,12.3574,1,1.0,False,1,0.003,1.0,1.0,scenario_straight_heavy,val,development,0.25,0.0,-6.7736,0.006666666666666667,0.0,-144.86,3.0,6.0,False,55,13.333333333333334,593.1552,0.0,
950,3i,150.0,2,7.2596,1,1.0,False,3,17.287,1.0,382.33,scenario_straight_heavy,val,development,0.25,0.0,-4.264399999999999,0.006666666666666667,1.0,-1.0699999999999932,4.0,4.0,True,,13.333333333333334,348.4608,0.0,
955,3i,150.0,2,0.5053,1,1.0,False,3,17.4739,1.0,260.13,scenario_straight_heavy,val,development,0.25,0.0,-0.5950000000000001,0.006666666666666667,1.0,-4.840000000000032,4.0,9.0,True,,13.333333333333334,24.2544,0.0,
960,3i,150.0,5,14.1293,2,8.0,False,3,15.5996,1.0,142.55,scenario_straight_heavy,val,development,0.25,3.0,6.2414000000000005,0.05333333333333334,1.0,-3.4599999999999795,4.0,14.0,True,,33.333333333333336,1695.5160000000003,0.1,
965,3i,150.0,5,8.22,2,8.0,False,3,8.1786,1.0,47.89,scenario_straight_heavy,val,development,0.25,8.0,-7.316099999999999,0.05333333333333334,2.0,2.8200000000000003,4.0,19.0,True,,33.333333333333336,986.4000000000001,0.26666666666666666,
970,3i,150.0,5,1.0037,3,15.03,False,3,1.1399,1.0,15.03,scenario_straight_heavy,val,development,0.25,15.03,-2.7489,0.1002,2.0,12.989999999999998,4.0,24.0,True,,33.333333333333336,120.44400000000002,0.501,
975,3i,150.0,6,4.109,5,15.0,False,3,0.0,1.0,15.0,scenario_straight_heavy,val,development,0.25,14.0,-8.2484,0.1,2.0,14.0,5.0,4.0,False,5,40.0,591.696,0.4666666666666667,
980,3i,150.0,6,2.3927,5,15.0,False,3,0.0,1.0,15.0,scenario_straight_heavy,val,development,0.25,14.0,-4.866899999999999,0.1,0.0,-367.33,6.0,2.0,True,,40.0,344.5488,0.4666666666666667,
985,3i,150.0,6,0.0964,5,15.0,False,3,0.0,1.0,15.0,scenario_straight_heavy,val,development,0.25,14.0,-0.4089,0.1,0.0,-245.13,7.0,1.0,False,5,40.0,13.8816,0.4666666666666667,
990,3i,150.0,7,3.347,6,19.0,False,3,0.0,1.0,15.0,scenario_straight_heavy,val,development,0.25,11.0,-10.782300000000001,0.12666666666666668,0.0,-127.55000000000001,7.0,6.0,False,10,46.66666666666667,562.296,0.36666666666666664,
995,3i,150.0,4,4.958,1,1.0,False,1,6.0831,0.98,0.98,scenario_straight_heavy,val,development,0.25,-7.0,-3.2620000000000005,0.006666666666666667,-2.0,-46.910000000000004,0.0,4.0,False,15,26.666666666666668,475.968,-0.23333333333333334,
1000,3i,150.0,1,0.0,1,1.0,False,0,,,,scenario_straight_heavy,val,development,0.25,-14.03,-1.0037,0.006666666666666667,-3.0,,0.0,9.0,False,20,6.666666666666667,0.0,-0.4676666666666666,
1005,3i,150.0,2,11.7297,1,1.0,False,0,,,,scenario_straight_heavy,val,development,0.25,-14.0,7.620699999999999,0.006666666666666667,-3.0,,0.0,14.0,False,25,13.333333333333334,563.0256,-0.4666666666666667,
1010,3i,150.0,4,11.573,1,1.0,False,1,24.7697,384.5,384.5,scenario_straight_heavy,val,development,0.25,-14.0,9.1803,0.006666666666666667,-2.0,369.5,0.0,19.0,False,30,26.666666666666668,1111.0080000000003,-0.4666666666666667,
1015,3i,150.0,4,7.3819,2,8.04,False,1,24.0751,264.6,264.6,scenario_straight_heavy,val,development,0.25,-6.960000000000001,7.2855,0.053599999999999995,-2.0,249.60000000000002,0.0,24.0,False,35,26.666666666666668,708.6624,-0.23200000000000004,
1020,3i,150.0,4,6.5485,2,8.0,False,1,24.2069,144.24,144.24,scenario_straight_heavy,val,development,0.25,-11.0,3.2015,0.05333333333333334,-2.0,129.24,1.0,4.0,False,40,26.666666666666668,628.6560000000001,-0.36666666666666664,
1025,3i,150.0,3,6.4709,1,1.0,False,1,15.0342,43.99,43.99,scenario_straight_heavy,val,development,0.25,0.0,1.5129000000000001,0.006666666666666667,0.0,43.010000000000005,2.0,2.0,False,45,20.0,465.9048000000001,0.0,
1030,3i,150.0,2,1.6095,1,1.0,False,1,3.2189,1.27,1.27,scenario_straight_heavy,val,development,0.25,0.0,1.6095,0.006666666666666667,1.0,,3.0,1.0,False,50,13.333333333333334,77.256,0.0,
1035,3i,150.0,3,8.2445,2,1.0,False,1,0.0,1.0,1.0,scenario_straight_heavy,val,development,0.25,0.0,-3.485199999999999,0.006666666666666667,1.0,,3.0,6.0,False,55,20.0,593.604,0.0,
1040,3i,150.0,3,3.7331,2,1.0,False,1,0.0,1.0,1.0,scenario_straight_heavy,val,development,0.25,0.0,-7.8399,0.006666666666666667,0.0,-383.5,4.0,4.0,True,,20.0,268.78319999999997,0.0,
1045,3i,150.0,3,0.0145,3,8.03,False,1,0.0,1.0,1.0,scenario_straight_heavy,val,development,0.25,-0.009999999999999787,-7.3674,0.05353333333333333,0.0,-263.6,4.0,9.0,True,,20.0,1.044,-0.0003333333333333262,
1050,3i,150.0,6,12.2981,3,8.0,False,1,0.0,1.0,1.0,scenario_straight_heavy,val,development,0.25,0.0,5.7496,0.05333333333333334,0.0,-143.24,4.0,14.0,True,,40.0,1770.9263999999998,0.0,
1055,3i,150.0,6,6.1992,3,8.0,False,2,13.3699,1.0,375.85,scenario_straight_heavy,val,development,0.25,7.0,-0.27170000000000005,0.05333333333333334,1.0,331.86,4.0,19.0,True,,40.0,892.6848000000001,0.23333333333333334,
1060,3i,150.0,6,0.2031,4,12.04,False,2,13.8173,1.0,241.55,scenario_straight_heavy,val,development,0.25,11.04,-1.4063999999999999,0.08026666666666667,1.0,240.28,4.0,24.0,True,,40.0,29.2464,0.368,
1065,3i,150.0,7,3.3252,6,13.71,False,2,11.6379,1.0,112.25,scenario_straight_heavy,val,development,0.25,12.71,-4.9193,0.09140000000000001,1.0,111.25,5.0,4.0,False,5,46.66666666666667,558.6336,0.4236666666666667,
1070,3i,150.0,7,1.507,6,13.71,False,3,12.2579,1.0,377.04,scenario_straight_heavy,val,development,0.25,12.71,-2.2260999999999997,0.09140000000000001,2.0,376.04,6.0,2.0,True,,46.66666666666667,253.176,0.4236666666666667,
1075,3i,150.0,7,0.0163,7,16.1,False,3,8.9916,1.0,241.77,scenario_straight_heavy,val,development,0.25,8.070000000000002,0.0017999999999999978,0.10733333333333334,2.0,240.77,7.0,1.0,False,5,46.66666666666667,2.7384,0.2690000000000001,
1080,3i,150.0,8,2.9107,7,16.0,False,3,7.762,1.0,112.7,scenario_straight_heavy,val,development,0.25,8.0,-9.3874,0.10666666666666667,2.0,111.7,7.0,6.0,False,10,53.333333333333336,558.8544,0.26666666666666666,
1085,3i,150.0,4,4.9841,1,1.0,False,2,6.9804,12.22,35.26,scenario_straight_heavy,val,development,0.25,-7.0,-1.2151000000000005,0.006666666666666667,0.0,-340.59000000000003,0.0,4.0,False,15,26.666666666666668,478.47360000000003,-0.23333333333333334,
1090,3i,150.0,1,0.0,1,1.0,False,0,,,,scenario_straight_heavy,val,development,0.25,-11.04,-0.2031,0.006666666666666667,-2.0,,0.0,9.0,False,20,6.666666666666667,0.0,-0.368,
1095,3i,150.0,3,17.4468,1,1.0,False,0,,,,scenario_straight_heavy,val,development,0.25,-12.71,14.121599999999999,0.006666666666666667,-2.0,,0.0,14.0,False,25,20.0,1256.1696000000002,-0.4236666666666667,
1100,3i,150.0,4,11.3589,1,1.0,False,0,,,,scenario_straight_heavy,val,development,0.25,-12.71,9.8519,0.006666666666666667,-3.0,,0.0,19.0,False,30,26.666666666666668,1090.4544,-0.4236666666666667,
1105,3i,150.0,3,6.1955,1,1.0,False,0,,,,scenario_straight_heavy,val,development,0.25,-15.100000000000001,6.1792,0.006666666666666667,-3.0,,0.0,24.0,False,35,20.0,446.07599999999996,-0.5033333333333334,
1110,3i,150.0,3,8.3479,2,8.0,False,0,,,,scenario_straight_heavy,val,development,0.25,-8.0,5.437199999999999,0.05333333333333334,-3.0,,1.0,4.0,False,40,20.0,601.0487999999999,-0.26666666666666666,
1115,3i,150.0,2,8.3354,0,0.0,False,1,19.1282,396.98,396.98,scenario_straight_heavy,val,development,0.25,-1.0,3.3513,0.0,-1.0,361.72,2.0,2.0,False,45,13.333333333333334,400.0992,-0.03333333333333333,
1120,3i,150.0,1,0.3113,0,0.0,False,1,19.0954,300.65,300.65,scenario_straight_heavy,val,development,0.25,-1.0,0.3113,0.0,1.0,,3.0,1.0,False,50,6.666666666666667,7.471200000000001,-0.03333333333333333,
1125,3i,150.0,1,0.0014,1,1.0,False,1,19.2317,204.81,204.81,scenario_straight_heavy,val,development,0.25,0.0,-17.4454,0.006666666666666667,1.0,,3.0,6.0,False,55,6.666666666666667,0.033600000000000005,0.0,
1130,3i,150.0,2,7.4283,1,1.0,False,1,14.8565,121.52,121.52,scenario_straight_heavy,val,development,0.25,0.0,-3.9306,0.006666666666666667,1.0,,4.0,4.0,True,,13.333333333333334,356.55840000000006,0.0,
1135,3i,150.0,2,5.1783,1,1.0,False,1,10.3565,60.74,60.74,scenario_straight_heavy,val,development,0.25,0.0,-1.0171999999999999,0.006666666666666667,1.0,,4.0,9.0,True,,13.333333333333334,248.5584,0.0,
1140,3i,150.0,3,9.4761,1,1.0,False,1,5.8565,22.46,22.46,scenario_straight_heavy,val,development,0.25,-7.0,1.1282000000000014,0.006666666666666667,1.0,,4.0,14.0,True,,20.0,682.2792000000002,-0.23333333333333334,
1145,3i,150.0,5,10.6581,1,1.0,False,1,1.6307,5.79,5.79,scenario_straight_heavy,val,development,0.25,1.0,2.3226999999999993,0.006666666666666667,0.0,-391.19,4.0,19.0,True,,33.333333333333336,1278.9720000000002,0.03333333333333333,
1150,3i,150.0,5,5.8813,2,5.0,False,1,0.0008,5.0,5.0,scenario_straight_heavy,val,development,0.25,5.0,5.57,0.03333333333333333,0.0,-295.65,4.0,24.0,True,,33.333333333333336,705.7560000000002,0.16666666666666666,
1155,3i,150.0,5,0.0951,4,5.0,False,1,0.0,5.0,5.0,scenario_straight_heavy,val,development,0.25,4.0,0.0937,0.03333333333333333,0.0,-199.81,5.0,4.0,False,5,33.333333333333336,11.412,0.13333333333333333,
1160,3i,150.0,6,2.3284,5,19.04,False,1,0.0,5.0,5.0,scenario_straight_heavy,val,development,0.25,18.04,-5.0999,0.12693333333333331,0.0,-116.52,6.0,2.0,True,,40.0,335.28959999999995,0.6013333333333333,
1165,3i,150.0,6,1.5783,5,19.04,False,1,0.0,5.0,5.0,scenario_straight_heavy,val,development,0.25,18.04,-3.6,0.12693333333333331,0.0,-55.74,7.0,1.0,False,5,40.0,227.2752,0.6013333333333333,
1170,3i,150.0,7,3.8733,5,19.04,False,1,0.0,5.0,5.0,scenario_straight_heavy,val,development,0.25,18.04,-5.6028,0.12693333333333331,0.0,-17.46,7.0,6.0,False,10,46.66666666666667,650.7144000000001,0.6013333333333333,
1175,3i,150.0,4,3.8421,1,1.0,False,0,,,,scenario_straight_heavy,val,development,0.25,0.0,-6.815999999999999,0.006666666666666667,-1.0,,0.0,4.0,False,15,26.666666666666668,368.8416,0.0,
1180,3i,150.0,3,3.3709,1,1.0,False,0,,,,scenario_straight_heavy,val,development,0.25,-4.0,-2.5104000000000006,0.006666666666666667,-1.0,,0.0,9.0,False,20,20.0,242.70479999999998,-0.13333333333333333,
1185,3i,150.0,3,16.9016,1,1.0,False,0,,,,scenario_straight_heavy,val,development,0.25,-4.0,16.8065,0.006666666666666667,-1.0,,0.0,14.0,False,25,20.0,1216.9152,-0.13333333333333333,
1190,3i,150.0,4,10.6736,1,1.0,False,0,,,,scenario_straight_heavy,val,development,0.25,-18.04,8.3452,0.006666666666666667,-1.0,,0.0,19.0,False,30,26.666666666666668,1024.6656000000003,-0.6013333333333333,
1195,3i,150.0,2,5.0164,1,1.0,False,0,,,,scenario_straight_heavy,val,development,0.25,-18.04,3.4381,0.006666666666666667,-1.0,,0.0,24.0,False,35,13.333333333333334,240.7872,-0.6013333333333333,
1200,3i,150.0,3,9.9296,1,1.0,False,0,,,,scenario_straight_heavy,val,development,0.25,-18.04,6.0563,0.006666666666666667,-1.0,,1.0,4.0,False,40,20.0,714.9312,-0.6013333333333333,
1205,3i,150.0,2,9.8839,0,0.0,False,0,,,,scenario_straight_heavy,val,development,0.25,-1.0,6.0418,0.0,0.0,,2.0,2.0,False,45,13.333333333333334,474.4272000000001,-0.03333333333333333,
1210,3i,150.0,2,1.8943,0,0.0,False,0,,,,scenario_straight_heavy,val,development,0.25,-1.0,-1.4765999999999997,0.0,0.0,,3.0,1.0,False,50,13.333333333333334,90.92640000000002,-0.03333333333333333,
1215,3i,150.0,3,8.162,2,1.0,False,0,,,,scenario_straight_heavy,val,development,0.25,0.0,-8.739599999999998,0.006666666666666667,0.0,,3.0,6.0,False,55,20.0,587.664,0.0,
1220,3i,150.0,3,3.7995,2,1.0,False,1,26.4321,377.0,377.0,scenario_straight_heavy,val,development,0.25,0.0,-6.8741,0.006666666666666667,1.0,,4.0,4.0,True,,20.0,273.564,0.0,
1225,3i,150.0,3,0.1203,2,1.0,False,1,26.4214,243.38,243.38,scenario_straight_heavy,val,development,0.25,0.0,-4.8961,0.006666666666666667,1.0,,4.0,9.0,True,,20.0,8.6616,0.0,
1230,3i,150.0,6,12.1382,3,8.0,False,1,24.9225,110.58,110.58,scenario_straight_heavy,val,development,0.25,7.0,2.208599999999999,0.05333333333333334,1.0,,4.0,14.0,True,,40.0,1747.9008,0.23333333333333334,
1235,3i,150.0,6,5.6392,3,8.0,False,2,19.9892,24.9,375.72,scenario_straight_heavy,val,development,0.25,8.0,-4.244700000000001,0.05333333333333334,2.0,,4.0,19.0,True,,40.0,812.0448,0.26666666666666666,
1240,3i,150.0,6,0.1622,5,15.08,False,2,13.76,1.15,241.01,scenario_straight_heavy,val,development,0.25,15.08,-1.7321,0.10053333333333334,2.0,,4.0,24.0,True,,40.0,23.356800000000003,0.5026666666666667,
1245,3i,150.0,7,3.3103,6,15.04,False,2,11.586,1.0,111.04,scenario_straight_heavy,val,development,0.25,14.04,-4.851700000000001,0.10026666666666666,2.0,,5.0,4.0,False,5,46.66666666666667,556.1304000000001,0.46799999999999997,
1250,3i,150.0,7,1.4722,6,15.04,False,2,5.1527,1.0,33.16,scenario_straight_heavy,val,development,0.25,14.04,-2.3273,0.10026666666666666,1.0,-343.84000000000003,6.0,2.0,True,,46.66666666666667,247.32960000000003,0.46799999999999997,
1255,3i,150.0,7,0.0299,7,16.16,False,2,0.1047,1.0,16.16,scenario_straight_heavy,val,development,0.25,15.16,-0.09040000000000001,0.10773333333333333,1.0,-227.22,7.0,1.0,False,5,46.66666666666667,5.0232,0.5053333333333333,
1260,3i,150.0,8,2.993,7,16.0,False,2,0.0,1.0,16.0,scenario_straight_heavy,val,development,0.25,8.0,-9.145199999999999,0.10666666666666667,1.0,-94.58,7.0,6.0,False,10,53.333333333333336,574.656,0.26666666666666666,
1265,3i,150.0,5,3.2067,2,15.04,False,2,14.7466,12.84,373.88,scenario_straight_heavy,val,development,0.25,7.039999999999999,-2.4324999999999997,0.10026666666666666,0.0,-1.8400000000000318,0.0,4.0,False,15,33.333333333333336,384.8040000000001,0.23466666666666663,
1270,3i,150.0,2,0.0,2,15.04,False,1,27.309,239.68,239.68,scenario_straight_heavy,val,development,0.25,-0.040000000000000924,-0.1622,0.10026666666666666,-1.0,-1.329999999999984,0.0,9.0,False,20,13.333333333333334,0.0,-0.001333333333333364,
1275,3i,150.0,4,11.6746,2,15.04,False,1,22.9409,111.02,111.02,scenario_straight_heavy,val,development,0.25,0.0,8.3643,0.10026666666666666,-1.0,-0.020000000000010232,0.0,14.0,False,25,26.666666666666668,1120.7616,0.0,
1280,3i,150.0,5,9.0215,2,15.04,False,1,10.7742,34.75,34.75,scenario_straight_heavy,val,development,0.25,0.0,7.5493,0.10026666666666666,-1.0,1.5900000000000034,0.0,19.0,False,30,33.333333333333336,1082.5800000000002,0.0,
1285,3i,150.0,4,4.0659,3,19.05,False,1,0.0103,19.05,19.05,scenario_straight_heavy,val,development,0.25,2.8900000000000006,4.0360000000000005,0.127,-1.0,2.8900000000000006,0.0,24.0,False,35,26.666666666666668,390.32640000000004,0.09633333333333335,
1290,3i,150.0,4,0.3127,3,19.04,False,1,0.0,19.04,19.04,scenario_straight_heavy,val,development,0.25,3.039999999999999,-2.6803,0.12693333333333331,-1.0,3.039999999999999,1.0,4.0,False,40,26.666666666666668,30.0192,0.1013333333333333,
1295,3i,150.0,4,3.9422,2,18.78,False,1,0.259,18.78,18.78,scenario_straight_heavy,val,development,0.25,3.740000000000002,0.7355,0.1252,-1.0,-355.1,2.0,2.0,False,45,26.666666666666668,378.45120000000003,0.12466666666666673,
1300,3i,150.0,4,3.6744,1,0.24,False,1,4.0286,6.81,6.81,scenario_straight_heavy,val,development,0.25,-14.799999999999999,3.6744,0.0015999999999999999,0.0,-232.87,3.0,1.0,False,50,26.666666666666668,352.74240000000003,-0.4933333333333333,
1305,3i,150.0,5,5.9706,3,5.01,False,1,0.0103,5.01,5.01,scenario_straight_heavy,val,development,0.25,-10.03,-5.704,0.0334,0.0,-106.00999999999999,3.0,6.0,False,55,33.333333333333336,716.4720000000001,-0.3343333333333333,
1310,3i,150.0,5,2.7739,3,5.0,False,2,13.6686,5.0,373.72,scenario_straight_heavy,val,development,0.25,-10.04,-6.2476,0.03333333333333333,1.0,338.97,4.0,4.0,True,,33.333333333333336,332.868,-0.3346666666666666,
1315,3i,150.0,5,0.3578,4,12.95,False,2,13.1832,5.0,238.83,scenario_straight_heavy,val,development,0.25,-6.100000000000001,-3.7081,0.08633333333333333,1.0,219.78,4.0,9.0,True,,33.333333333333336,42.93600000000001,-0.2033333333333334,
1320,3i,150.0,8,8.5543,5,26.99,False,2,11.0343,5.0,110.07,scenario_straight_heavy,val,development,0.25,7.949999999999999,8.2416,0.17993333333333333,1.0,91.03,4.0,14.0,True,,53.333333333333336,1642.4256,0.26499999999999996,
1325,3i,150.0,8,4.1555,5,26.99,False,2,6.7664,5.0,25.13,scenario_straight_heavy,val,development,0.25,8.209999999999997,0.21329999999999982,0.17993333333333333,1.0,6.349999999999998,4.0,19.0,True,,53.333333333333336,797.856,0.27366666666666656,
1330,3i,150.0,8,0.043,7,34.0,False,2,0.0,1.0,5.0,scenario_straight_heavy,val,development,0.25,33.76,-3.6313999999999997,0.22666666666666666,1.0,-1.8099999999999996,4.0,24.0,True,,53.333333333333336,8.256,1.1253333333333333,
1335,3i,150.0,9,2.6846,8,33.99,False,2,0.0,1.0,5.0,scenario_straight_heavy,val,development,0.25,28.980000000000004,-3.286,0.22660000000000002,1.0,-0.009999999999999787,5.0,4.0,False,5,60.0,579.8736,0.9660000000000001,
1340,3i,150.0,9,1.2539,8,33.99,False,2,0.0,1.0,5.0,scenario_straight_heavy,val,development,0.25,28.990000000000002,-1.5199999999999998,0.22660000000000002,0.0,-368.72,6.0,2.0,True,,60.0,270.84240000000005,0.9663333333333334,
1345,3i,150.0,9,0.0116,8,33.99,False,2,0.0,1.0,5.0,scenario_straight_heavy,val,development,0.25,21.040000000000003,-0.3462,0.22660000000000002,0.0,-233.83,7.0,1.0,False,5,60.0,2.5056,0.7013333333333335,
1350,3i,150.0,9,0.0,9,37.99,False,2,0.0,1.0,5.0,scenario_straight_heavy,val,development,0.25,11.000000000000004,-8.5543,0.2532666666666667,0.0,-105.07,7.0,6.0,False,10,60.0,0.0,0.3666666666666668,
1355,3i,150.0,8,2.433,5,37.49,False,2,11.8153,5.0,383.77,scenario_straight_heavy,val,development,0.25,10.500000000000004,-1.7225000000000001,0.24993333333333334,0.0,358.64,0.0,4.0,False,15,53.333333333333336,467.13599999999997,0.35000000000000014,
1360,3i,150.0,6,3.2414,3,9.0,False,2,11.8136,5.0,262.65,scenario_straight_heavy,val,development,0.25,-25.0,3.1984,0.06,0.0,257.65,0.0,9.0,False,20,40.0,466.76160000000004,-0.8333333333333334,
1365,3i,150.0,6,9.138,3,9.0,False,2,12.3544,5.0,141.62,scenario_straight_heavy,val,development,0.25,-24.990000000000002,6.4534,0.06,0.0,136.62,0.0,14.0,False,25,40.0,1315.8719999999998,-0.8330000000000001,
1370,3i,150.0,6,7.8571,3,9.0,False,2,7.191,5.0,43.06,scenario_straight_heavy,val,development,0.25,-24.990000000000002,6.6032,0.06,0.0,38.06,0.0,19.0,False,30,40.0,1131.4224,-0.8330000000000001,
1375,3i,150.0,4,0.0978,3,9.0,False,2,0.1956,5.0,13.1,scenario_straight_heavy,val,development,0.25,-24.990000000000002,0.0862,0.06,0.0,8.1,0.0,24.0,False,35,26.666666666666668,9.3888,-0.8330000000000001,
1380,3i,150.0,4,0.0,4,13.0,False,2,0.0,5.0,13.0,scenario_straight_heavy,val,development,0.25,-24.990000000000002,0.0,0.08666666666666667,0.0,8.0,1.0,4.0,False,40,26.666666666666668,0.0,-0.8330000000000001,
1385,3i,150.0,3,5.8556,1,13.0,False,1,0.0,13.0,13.0,scenario_straight_heavy,val,development,0.25,-24.490000000000002,3.4226,0.08666666666666667,-1.0,-370.77,2.0,2.0,False,45,20.0,421.6032,-0.8163333333333334,
1390,3i,150.0,2,8.9352,0,0.0,False,1,1.6978,1.01,1.01,scenario_straight_heavy,val,development,0.25,-9.0,5.6937999999999995,0.0,-1.0,-261.64,3.0,1.0,False,50,13.333333333333334,428.8896,-0.3,
1395,3i,150.0,3,8.5573,1,1.0,False,1,0.0,1.0,1.0,scenario_straight_heavy,val,development,0.25,-8.0,-0.5807000000000002,0.006666666666666667,-1.0,-140.62,3.0,6.0,False,55,20.0,616.1256000000001,-0.26666666666666666,
1400,3i,150.0,3,4.5403,2,1.0,False,2,13.4696,1.0,375.28,scenario_straight_heavy,val,development,0.25,-8.0,-3.3167999999999997,0.006666666666666667,0.0,332.21999999999997,4.0,4.0,True,,20.0,326.90160000000003,-0.26666666666666666,
1405,3i,150.0,3,0.3192,2,1.0,False,2,13.7661,1.0,240.19,scenario_straight_heavy,val,development,0.25,-8.0,0.22139999999999999,0.006666666666666667,0.0,227.09,4.0,9.0,True,,20.0,22.9824,-0.26666666666666666,
1410,3i,150.0,5,9.4889,3,15.05,False,2,11.737,1.0,109.04,scenario_straight_heavy,val,development,0.25,2.0500000000000007,9.4889,0.10033333333333334,0.0,96.04,4.0,14.0,True,,33.333333333333336,1138.668,0.06833333333333336,
1415,3i,150.0,6,7.3902,3,15.04,False,2,6.3279,1.0,27.31,scenario_straight_heavy,val,development,0.25,2.039999999999999,1.5346000000000002,0.10026666666666666,1.0,14.309999999999999,4.0,19.0,True,,40.0,1064.1888,0.06799999999999998,
1420,3i,150.0,6,0.7607,3,15.04,False,2,0.403,1.0,1.55,scenario_straight_heavy,val,development,0.25,15.04,-8.1745,0.10026666666666666,1.0,0.54,4.0,24.0,True,,40.0,109.54080000000002,0.5013333333333333,
1425,3i,150.0,7,3.3905,6,22.05,False,2,0.0018,1.0,1.0,scenario_straight_heavy,val,development,0.25,21.05,-5.1668,0.147,1.0,0.0,5.0,4.0,False,5,46.66666666666667,569.604,0.7016666666666667,
1430,3i,150.0,7,1.8561,6,22.04,False,2,0.0,1.0,1.0,scenario_straight_heavy,val,development,0.25,21.04,-2.6842,0.14693333333333333,0.0,-374.28,6.0,2.0,True,,46.66666666666667,311.82480000000004,0.7013333333333333,
1435,3i,150.0,7,0.0548,6,22.04,False,2,0.0,1.0,1.0,scenario_straight_heavy,val,development,0.25,21.04,-0.26439999999999997,0.14693333333333333,0.0,-239.19,7.0,1.0,False,5,46.66666666666667,9.206400000000002,0.7013333333333333,
1440,3i,150.0,8,2.7535,7,26.04,False,2,0.0,1.0,1.0,scenario_straight_heavy,val,development,0.25,10.989999999999998,-6.735399999999999,0.1736,0.0,-108.04,7.0,6.0,False,10,53.333333333333336,528.672,0.3663333333333333,
1445,3i,150.0,6,2.4195,2,8.0,False,1,0.0,1.0,1.0,scenario_straight_heavy,val,development,0.25,-7.039999999999999,-4.9707,0.05333333333333334,-1.0,-26.31,0.0,4.0,False,15,40.0,348.408,-0.23466666666666663,
1450,3i,150.0,4,3.1889,2,8.0,False,1,0.0,1.0,1.0,scenario_straight_heavy,val,development,0.25,-7.039999999999999,2.4282,0.05333333333333334,-1.0,-0.55,0.0,9.0,False,20,26.666666666666668,306.13439999999997,-0.23466666666666663,
1455,3i,150.0,4,12.8859,2,8.0,False,1,0.0,1.0,1.0,scenario_straight_heavy,val,development,0.25,-14.05,9.4954,0.05333333333333334,-1.0,0.0,0.0,14.0,False,25,26.666666666666668,1237.0464000000002,-0.4683333333333334,
1460,3i,150.0,5,9.0857,2,8.0,False,1,0.0,1.0,1.0,scenario_straight_heavy,val,development,0.25,-14.04,7.2296,0.05333333333333334,-1.0,0.0,0.0,19.0,False,30,33.333333333333336,1090.284,-0.46799999999999997,
1465,3i,150.0,3,3.5152,2,8.0,False,1,0.0,1.0,1.0,scenario_straight_heavy,val,development,0.25,-14.04,3.4604,0.05333333333333334,-1.0,0.0,0.0,24.0,False,35,20.0,253.0944,-0.46799999999999997,
1470,3i,150.0,4,6.8312,2,8.0,False,1,0.0,1.0,1.0,scenario_straight_heavy,val,development,0.25,-18.04,4.0777,0.05333333333333334,-1.0,0.0,1.0,4.0,False,40,26.666666666666668,655.7952,-0.6013333333333333,
1475,3i,150.0,3,7.6549,0,0.0,False,0,,,,scenario_straight_heavy,val,development,0.25,-8.0,5.235399999999999,0.0,-1.0,,2.0,2.0,False,45,20.0,551.1528,-0.26666666666666666,
1480,3i,150.0,1,3.0779,0,0.0,False,0,,,,scenario_straight_heavy,val,development,0.25,-8.0,-0.11099999999999977,0.0,-1.0,,3.0,1.0,False,50,6.666666666666667,73.8696,-0.26666666666666666,
1485,3i,150.0,2,11.9687,1,1.0,False,0,,,,scenario_straight_heavy,val,development,0.25,-7.0,-0.9171999999999993,0.006666666666666667,-1.0,,3.0,6.0,False,55,13.333333333333334,574.4976,-0.23333333333333334,
1490,3i,150.0,2,5.7721,1,1.0,False,0,,,,scenario_straight_heavy,val,development,0.25,-7.0,-3.313599999999999,0.006666666666666667,-1.0,,4.0,4.0,True,,13.333333333333334,277.06080000000003,-0.23333333333333334,
1495,3i,150.0,2,0.0027,1,1.0,False,0,,,,scenario_straight_heavy,val,development,0.25,-7.0,-3.5125,0.006666666666666667,-1.0,,4.0,9.0,True,,13.333333333333334,0.12960000000000002,-0.23333333333333334,
1500,3i,150.0,5,14.8487,2,8.0,False,0,,,,scenario_straight_heavy,val,development,0.25,0.0,8.017499999999998,0.05333333333333334,-1.0,,4.0,14.0,True,,33.333333333333336,1781.844,0.0,
1505,3i,150.0,5,7.7039,2,8.0,False,1,18.7392,398.97,398.97,scenario_straight_heavy,val,development,0.25,8.0,0.04900000000000038,0.05333333333333334,1.0,,4.0,19.0,True,,33.333333333333336,924.4680000000001,0.26666666666666666,
1510,3i,150.0,5,0.2373,3,12.01,False,1,18.9442,304.37,304.37,scenario_straight_heavy,val,development,0.25,12.01,-2.8406000000000002,0.08006666666666666,1.0,,4.0,24.0,True,,33.333333333333336,28.476000000000003,0.4003333333333333,
1515,3i,150.0,5,0.0,5,12.0,False,1,18.382,210.16,210.16,scenario_straight_heavy,val,development,0.25,11.0,-11.9687,0.08,1.0,,5.0,4.0,False,5,33.333333333333336,0.0,0.36666666666666664,
1520,3i,150.0,6,2.9063,5,12.0,False,2,18.1519,117.79,397.14,scenario_straight_heavy,val,development,0.25,11.0,-2.8658,0.08,2.0,,6.0,2.0,True,,40.0,418.5072,0.36666666666666664,
1525,3i,150.0,6,1.7823,5,12.0,False,2,14.9371,49.32,300.84,scenario_straight_heavy,val,development,0.25,11.0,1.7796,0.08,2.0,,7.0,1.0,False,5,40.0,256.6512,0.36666666666666664,
1530,3i,150.0,6,0.5398,5,12.0,False,2,10.5718,18.26,206.93,scenario_straight_heavy,val,development,0.25,4.0,-14.3089,0.08,2.0,,7.0,6.0,False,10,40.0,77.7312,0.13333333333333333,
1535,3i,150.0,3,5.4731,1,1.0,False,2,8.2097,12.4,129.04,scenario_straight_heavy,val,development,0.25,-7.0,-2.2308000000000003,0.006666666666666667,1.0,-269.93000000000006,0.0,4.0,False,15,20.0,394.0632,-0.23333333333333334,
1540,3i,150.0,2,6.5255,1,1.0,False,1,13.0511,65.28,65.28,scenario_straight_heavy,val,development,0.25,-11.01,6.2882,0.006666666666666667,0.0,-239.09,0.0,9.0,False,20,13.333333333333334,313.22400000000005,-0.367,
1545,3i,150.0,3,16.3702,1,1.0,False,0,,,,scenario_straight_heavy,val,development,0.25,-11.0,16.3702,0.006666666666666667,-1.0,,0.0,14.0,False,25,20.0,1178.6544000000001,-0.36666666666666664,
1550,3i,150.0,4,11.9316,1,1.0,False,0,,,,scenario_straight_heavy,val,development,0.25,-11.0,9.0253,0.006666666666666667,-2.0,,0.0,19.0,False,30,26.666666666666668,1145.4336,-0.36666666666666664,
1555,3i,150.0,3,4.6093,1,1.0,False,0,,,,scenario_straight_heavy,val,development,0.25,-11.0,2.827,0.006666666666666667,-2.0,,0.0,24.0,False,35,20.0,331.8696,-0.36666666666666664,
1560,3i,150.0,4,6.9441,2,8.0,False,0,,,,scenario_straight_heavy,val,development,0.25,-4.0,6.4043,0.05333333333333334,-2.0,,1.0,4.0,False,40,26.666666666666668,666.6336,-0.13333333333333333,
1565,3i,150.0,3,6.3381,1,1.0,False,0,,,,scenario_straight_heavy,val,development,0.25,0.0,0.8650000000000002,0.006666666666666667,-2.0,,2.0,2.0,False,45,20.0,456.3432,0.0,
1570,3i,150.0,2,1.5373,1,1.0,False,0,,,,scenario_straight_heavy,val,development,0.25,0.0,-4.9882,0.006666666666666667,-1.0,,3.0,1.0,False,50,13.333333333333334,73.79040000000002,0.0,
1575,3i,150.0,3,8.3213,2,1.0,False,0,,,,scenario_straight_heavy,val,development,0.25,0.0,-8.0489,0.006666666666666667,0.0,,3.0,6.0,False,55,20.0,599.1336,0.0,
1580,3i,150.0,3,4.9114,2,1.0,False,1,18.5222,399.53,399.53,scenario_straight_heavy,val,development,0.25,0.0,-7.020199999999999,0.006666666666666667,1.0,,4.0,4.0,True,,20.0,353.62080000000003,0.0,
1585,3i,150.0,3,0.6871,2,1.0,False,1,18.503,305.55,305.55,scenario_straight_heavy,val,development,0.25,0.0,-3.9222,0.006666666666666667,1.0,,4.0,9.0,True,,20.0,49.47120000000001,0.0,
1590,3i,150.0,4,6.1231,3,8.0,False,1,18.5916,212.09,212.09,scenario_straight_heavy,val,development,0.25,0.0,-0.8209999999999997,0.05333333333333334,1.0,,4.0,14.0,True,,26.666666666666668,587.8176000000001,0.0,
1595,3i,150.0,6,7.4206,3,8.0,False,1,18.8945,118.42,118.42,scenario_straight_heavy,val,development,0.25,7.0,1.0825000000000005,0.05333333333333334,1.0,,4.0,19.0,True,,40.0,1068.5664000000002,0.23333333333333334,
1600,3i,150.0,6,4.1267,4,15.04,False,1,14.7248,29.9,29.9,scenario_straight_heavy,val,development,0.25,14.04,2.5893999999999995,0.10026666666666666,1.0,,4.0,24.0,True,,40.0,594.2447999999999,0.46799999999999997,
1605,3i,150.0,7,4.1061,4,15.04,False,1,0.0,1.0,1.0,scenario_straight_heavy,val,development,0.25,14.04,-4.215200000000001,0.10026666666666666,1.0,,5.0,4.0,False,5,46.66666666666667,689.8248000000001,0.46799999999999997,
1610,3i,150.0,7,2.0029,5,15.04,False,2,13.8305,1.0,375.64,scenario_straight_heavy,val,development,0.25,14.04,-2.9085000000000005,0.10026666666666666,1.0,-23.889999999999986,6.0,2.0,True,,46.66666666666667,336.48720000000003,0.46799999999999997,
1615,3i,150.0,7,0.0811,6,15.04,False,2,13.6481,1.0,242.09,scenario_straight_heavy,val,development,0.25,14.04,-0.6060000000000001,0.10026666666666666,1.0,-63.46000000000001,7.0,1.0,False,5,46.66666666666667,13.624800000000004,0.46799999999999997,
1620,3i,150.0,8,2.8014,7,29.04,False,2,11.2053,1.0,115.31,scenario_straight_heavy,val,development,0.25,21.04,-3.3217,0.1936,1.0,-96.78,7.0,6.0,False,10,53.333333333333336,537.8688000000001,0.7013333333333333,
1625,3i,150.0,5,2.9503,1,1.0,False,3,11.6154,1.0,377.59,scenario_straight_heavy,val,development,0.25,-7.0,-4.4703,0.006666666666666667,2.0,259.16999999999996,0.0,4.0,False,15,33.333333333333336,354.036,-0.23333333333333334,
1630,3i,150.0,3,3.4488,1,1.0,False,3,10.7138,1.0,241.32,scenario_straight_heavy,val,development,0.25,-14.04,-0.6778999999999997,0.006666666666666667,2.0,211.42,0.0,9.0,False,20,20.0,248.3136,-0.46799999999999997,
1635,3i,150.0,3,16.8103,1,1.0,False,2,12.1689,1.0,109.97,scenario_straight_heavy,val,development,0.25,-14.04,12.704200000000002,0.006666666666666667,1.0,108.97,0.0,14.0,False,25,20.0,1210.3416000000002,-0.46799999999999997,
1640,3i,150.0,4,10.4869,1,1.0,False,2,5.1944,1.0,30.13,scenario_straight_heavy,val,development,0.25,-14.04,8.484,0.006666666666666667,0.0,-345.51,0.0,19.0,False,30,26.666666666666668,1006.7424,-0.46799999999999997,
1645,3i,150.0,3,5.7701,2,13.8,False,2,0.0692,1.0,13.8,scenario_straight_heavy,val,development,0.25,-1.2399999999999984,5.689,0.092,0.0,-228.29,0.0,24.0,False,35,20.0,415.44720000000007,-0.041333333333333284,
1650,3i,150.0,3,8.0674,2,13.71,False,2,0.0001,1.0,13.71,scenario_straight_heavy,val,development,0.25,-15.329999999999998,5.265999999999999,0.09140000000000001,0.0,-101.6,1.0,4.0,False,40,20.0,580.8528,-0.5109999999999999,
1655,3i,150.0,2,7.4954,0,0.0,False,1,2.7399,8.82,8.82,scenario_straight_heavy,val,development,0.25,-1.0,4.5451,0.0,-2.0,-368.77,2.0,2.0,False,45,13.333333333333334,359.77920000000006,-0.03333333333333333,
1660,3i,150.0,1,1.5521,0,0.0,False,0,,,,scenario_straight_heavy,val,development,0.25,-1.0,-1.8966999999999998,0.0,-3.0,,3.0,1.0,False,50,6.666666666666667,37.2504,-0.03333333333333333,
1665,3i,150.0,2,12.2882,1,1.0,False,0,,,,scenario_straight_heavy,val,development,0.25,0.0,-4.522100000000002,0.006666666666666667,-2.0,,3.0,6.0,False,55,13.333333333333334,589.8336,0.0,
1670,3i,150.0,2,5.9878,1,1.0,False,1,27.5497,380.03,380.03,scenario_straight_heavy,val,development,0.25,0.0,-4.4991,0.006666666666666667,-1.0,349.9,4.0,4.0,True,,13.333333333333334,287.41440000000006,0.0,
1675,3i,150.0,2,0.0915,1,1.0,False,1,26.8898,244.64,244.64,scenario_straight_heavy,val,development,0.25,-12.8,-5.6786,0.006666666666666667,-1.0,230.83999999999997,4.0,9.0,True,,13.333333333333334,4.392,-0.4266666666666667,
1680,3i,150.0,3,8.1979,2,5.0,False,1,24.5928,111.59,111.59,scenario_straight_heavy,val,development,0.25,-8.71,0.1305000000000014,0.03333333333333333,-1.0,97.88,4.0,14.0,True,,20.0,590.2488000000001,-0.2903333333333334,
1685,3i,150.0,5,9.5183,2,5.0,False,1,11.5415,27.17,27.17,scenario_straight_heavy,val,development,0.25,5.0,2.0229,0.03333333333333333,0.0,18.35,4.0,19.0,True,,33.333333333333336,1142.1960000000001,0.16666666666666666,
1690,3i,150.0,5,5.9856,3,9.0,False,1,0.0022,9.0,9.0,scenario_straight_heavy,val,development,0.25,9.0,4.4334999999999996,0.06,1.0,,4.0,24.0,True,,33.333333333333336,718.272,0.3,
1695,3i,150.0,6,4.1757,3,9.0,False,1,0.0,9.0,9.0,scenario_straight_heavy,val,development,0.25,8.0,-8.1125,0.06,1.0,,5.0,4.0,False,5,40.0,601.3008,0.26666666666666666,
1700,3i,150.0,6,2.3464,5,9.0,False,1,0.0,9.0,9.0,scenario_straight_heavy,val,development,0.25,8.0,-3.6414,0.06,0.0,-371.03,6.0,2.0,True,,40.0,337.88160000000005,0.26666666666666666,
1705,3i,150.0,6,0.2828,5,9.0,False,1,0.0,9.0,9.0,scenario_straight_heavy,val,development,0.25,8.0,0.1913,0.06,0.0,-235.64,7.0,1.0,False,5,40.0,40.723200000000006,0.26666666666666666,
1710,3i,150.0,7,3.3387,6,13.01,False,1,0.0,9.0,9.0,scenario_straight_heavy,val,development,0.25,8.01,-4.859200000000001,0.08673333333333333,0.0,-102.59,7.0,6.0,False,10,46.66666666666667,560.9016,0.267,
1715,3i,150.0,4,4.1443,1,1.0,False,3,18.8968,0.29,377.13,scenario_straight_heavy,val,development,0.25,-4.0,-5.374,0.006666666666666667,2.0,349.96,0.0,4.0,False,15,26.666666666666668,397.85280000000006,-0.13333333333333333,
1720,3i,150.0,1,0.0,1,1.0,False,2,26.6774,242.29,245.38,scenario_straight_heavy,val,development,0.25,-8.0,-5.9856,0.006666666666666667,1.0,236.38,0.0,9.0,False,20,6.666666666666667,0.0,-0.26666666666666666,
1725,3i,150.0,4,18.7565,1,1.0,False,2,25.2912,111.34,113.55,scenario_straight_heavy,val,development,0.25,-8.0,14.5808,0.006666666666666667,1.0,104.55,0.0,14.0,False,25,26.666666666666668,1800.624,-0.26666666666666666,
1730,3i,150.0,4,10.4939,1,1.0,False,3,19.4858,16.24,376.3,scenario_straight_heavy,val,development,0.25,-8.0,8.1475,0.006666666666666667,2.0,367.3,0.0,19.0,False,30,26.666666666666668,1007.4144000000001,-0.26666666666666666,
1735,3i,150.0,2,0.0396,2,13.73,False,1,26.4015,241.94,241.94,scenario_straight_heavy,val,development,0.25,4.73,-0.2432,0.09153333333333334,0.0,232.94,0.0,24.0,False,35,13.333333333333334,1.9008000000000003,0.15766666666666668,
1740,3i,150.0,3,8.0365,2,13.71,False,1,24.1096,109.79,109.79,scenario_straight_heavy,val,development,0.25,0.7000000000000011,4.697800000000001,0.09140000000000001,0.0,100.79,1.0,4.0,False,40,20.0,578.628,0.02333333333333337,
1745,3i,150.0,2,8.9375,0,0.0,False,2,16.2587,25.71,398.4,scenario_straight_heavy,val,development,0.25,-1.0,4.7932,0.0,-1.0,21.269999999999982,2.0,2.0,False,45,13.333333333333334,429.00000000000006,-0.03333333333333333,
1750,3i,150.0,1,0.0052,0,0.0,False,2,9.5298,1.0,303.57,scenario_straight_heavy,val,development,0.25,-1.0,0.0052,0.0,0.0,58.19,3.0,1.0,False,50,6.666666666666667,0.12480000000000001,-0.03333333333333333,
1755,3i,150.0,1,0.0,1,1.0,False,2,9.1007,1.0,209.85,scenario_straight_heavy,val,development,0.25,0.0,-18.7565,0.006666666666666667,0.0,96.3,3.0,6.0,False,55,6.666666666666667,0.0,0.0,
1760,3i,150.0,2,8.9083,1,1.0,False,2,8.9083,1.0,117.29,scenario_straight_heavy,val,development,0.25,0.0,-1.5855999999999995,0.006666666666666667,-1.0,-259.01,4.0,4.0,True,,13.333333333333334,427.5984000000001,0.0,
1765,3i,150.0,2,5.7976,1,1.0,False,2,5.7976,1.0,46.25,scenario_straight_heavy,val,development,0.25,-12.73,5.758,0.006666666666666667,1.0,-195.69,4.0,9.0,True,,13.333333333333334,278.2848,-0.42433333333333334,
1770,3i,150.0,4,12.8646,1,1.0,False,2,2.1867,1.0,9.38,scenario_straight_heavy,val,development,0.25,-12.71,4.828099999999999,0.006666666666666667,1.0,-100.41000000000001,4.0,14.0,True,,26.666666666666668,1235.0016,-0.4236666666666667,
1775,3i,150.0,5,8.5886,2,5.0,False,3,7.9445,1.0,384.4,scenario_straight_heavy,val,development,0.25,5.0,-0.34890000000000043,0.03333333333333333,1.0,-14.0,4.0,19.0,True,,33.333333333333336,1030.632,0.16666666666666666,
1780,3i,150.0,5,2.7721,3,17.99,False,3,8.2415,1.0,262.81,scenario_straight_heavy,val,development,0.25,17.99,2.7669,0.11993333333333332,1.0,-40.75999999999999,4.0,24.0,True,,33.333333333333336,332.65200000000004,0.5996666666666666,
1785,3i,150.0,6,4.161,4,17.71,False,3,8.321,1.0,142.4,scenario_straight_heavy,val,development,0.25,16.71,4.161,0.11806666666666667,1.0,-67.44999999999999,5.0,4.0,False,5,40.0,599.184,0.557,
1790,3i,150.0,6,2.211,5,17.71,False,3,4.4219,1.0,48.07,scenario_straight_heavy,val,development,0.25,16.71,-6.6973,0.11806666666666667,1.0,-69.22,6.0,2.0,True,,40.0,318.384,0.557,
1795,3i,150.0,6,0.0169,5,17.71,False,3,0.0337,1.0,21.75,scenario_straight_heavy,val,development,0.25,16.71,-5.7807,0.11806666666666667,1.0,-24.5,7.0,1.0,False,5,40.0,2.4335999999999998,0.557,
1800,3i,150.0,7,3.5486,6,21.71,False,3,0.0,1.0,21.71,scenario_straight_heavy,val,development,0.25,20.71,-9.315999999999999,0.14473333333333335,1.0,12.33,7.0,6.0,False,10,46.66666666666667,596.1648,0.6903333333333334,
1805,3i,150.0,4,4.7261,1,1.0,False,1,1.8664,18.91,18.91,scenario_straight_heavy,val,development,0.25,-4.0,-3.8625,0.006666666666666667,-2.0,-365.48999999999995,0.0,4.0,False,15,26.666666666666668,453.70560000000006,-0.13333333333333333,
1810,3i,150.0,2,5.0536,1,1.0,False,0,,,,scenario_straight_heavy,val,development,0.25,-16.99,2.2815000000000003,0.006666666666666667,-3.0,,0.0,9.0,False,20,13.333333333333334,242.57280000000006,-0.5663333333333332,
1815,3i,150.0,3,17.2805,1,1.0,False,0,,,,scenario_straight_heavy,val,development,0.25,-16.71,13.1195,0.006666666666666667,-3.0,,0.0,14.0,False,25,20.0,1244.196,-0.557,
1820,3i,150.0,4,11.8994,1,1.0,False,0,,,,scenario_straight_heavy,val,development,0.25,-16.71,9.6884,0.006666666666666667,-3.0,,0.0,19.0,False,30,26.666666666666668,1142.3424,-0.557,
1825,3i,150.0,2,5.361,1,1.0,False,0,,,,scenario_straight_heavy,val,development,0.25,-16.71,5.3441,0.006666666666666667,-3.0,,0.0,24.0,False,35,13.333333333333334,257.328,-0.557,
1830,3i,150.0,2,1.6576,1,1.0,False,0,,,,scenario_straight_heavy,val,development,0.25,-20.71,-1.891,0.006666666666666667,-3.0,,1.0,4.0,False,40,13.333333333333334,79.5648,-0.6903333333333334,
1835,3i,150.0,2,9.268,0,0.0,False,0,,,,scenario_straight_heavy,val,development,0.25,-1.0,4.541900000000001,0.0,-1.0,,2.0,2.0,False,45,13.333333333333334,444.86400000000003,-0.03333333333333333,
1840,3i,150.0,2,8.6329,0,0.0,False,0,,,,scenario_straight_heavy,val,development,0.25,-1.0,3.579299999999999,0.0,0.0,,3.0,1.0,False,50,13.333333333333334,414.37919999999997,-0.03333333333333333,
1845,3i,150.0,3,8.5939,1,1.0,False,0,,,,scenario_straight_heavy,val,development,0.25,0.0,-8.6866,0.006666666666666667,0.0,,3.0,6.0,False,55,20.0,618.7608,0.0,
1850,3i,150.0,3,4.7727,2,1.0,False,2,22.526,379.12,396.73,scenario_straight_heavy,val,development,0.25,0.0,-7.1267,0.006666666666666667,2.0,,4.0,4.0,True,,20.0,343.6344,0.0,
1855,3i,150.0,3,0.299,2,1.0,False,2,22.9213,244.62,300.95,scenario_straight_heavy,val,development,0.25,0.0,-5.061999999999999,0.006666666666666667,2.0,,4.0,9.0,True,,20.0,21.528,0.0,
1860,3i,150.0,5,9.4185,3,15.04,False,2,21.0904,111.86,206.04,scenario_straight_heavy,val,development,0.25,14.04,7.7608999999999995,0.10026666666666666,2.0,,4.0,14.0,True,,33.333333333333336,1130.22,0.46799999999999997,
1865,3i,150.0,6,7.0842,3,15.04,False,2,13.9562,26.49,127.19,scenario_straight_heavy,val,development,0.25,15.04,-2.1838000000000006,0.10026666666666666,2.0,,4.0,19.0,True,,40.0,1020.1247999999999,0.5013333333333333,
1870,3i,150.0,6,1.8473,3,15.04,False,2,4.8369,1.0,70.11,scenario_straight_heavy,val,development,0.25,15.04,-6.7856,0.10026666666666666,2.0,,4.0,24.0,True,,40.0,266.0112,0.5013333333333333,
1875,3i,150.0,6,0.8631,5,15.04,False,2,2.5869,1.0,35.24,scenario_straight_heavy,val,development,0.25,14.04,-7.7307999999999995,0.10026666666666666,2.0,,5.0,4.0,False,5,40.0,124.2864,0.46799999999999997,
1880,3i,150.0,7,2.0544,5,15.04,False,2,0.4809,1.0,22.43,scenario_straight_heavy,val,development,0.25,14.04,-2.7183000000000006,0.10026666666666666,0.0,-374.3,6.0,2.0,True,,46.66666666666667,345.1392,0.46799999999999997,
1885,3i,150.0,7,1.2901,6,22.04,False,2,0.0,1.0,22.04,scenario_straight_heavy,val,development,0.25,21.04,0.9911000000000001,0.14693333333333333,0.0,-278.90999999999997,7.0,1.0,False,5,46.66666666666667,216.73680000000002,0.7013333333333333,
1890,3i,150.0,7,0.6472,6,22.04,False,2,0.0,1.0,22.04,scenario_straight_heavy,val,development,0.25,7.0,-8.7713,0.14693333333333333,0.0,-184.0,7.0,6.0,False,10,46.66666666666667,108.7296,0.23333333333333334,
1895,3i,150.0,6,3.3545,3,35.38,False,4,20.4261,19.16,376.72,scenario_straight_heavy,val,development,0.25,20.340000000000003,-3.7297000000000002,0.2358666666666667,2.0,249.53000000000003,0.0,4.0,False,15,40.0,483.048,0.6780000000000002,
1900,3i,150.0,5,3.6271,2,13.71,False,4,21.0726,1.77,243.85,scenario_straight_heavy,val,development,0.25,-1.3299999999999983,1.7798,0.09140000000000001,2.0,173.74,0.0,9.0,False,20,33.333333333333336,435.25200000000007,-0.04433333333333327,
1905,3i,150.0,6,12.6541,2,13.71,False,3,22.3971,111.89,120.66,scenario_straight_heavy,val,development,0.25,-1.3299999999999983,11.791,0.09140000000000001,1.0,85.41999999999999,0.0,14.0,False,25,40.0,1822.1904,-0.04433333333333327,
1910,3i,150.0,5,8.3954,2,13.71,False,3,13.9923,24.68,34.91,scenario_straight_heavy,val,development,0.25,-1.3299999999999983,6.341000000000001,0.09140000000000001,1.0,12.479999999999997,0.0,19.0,False,30,33.333333333333336,1007.4480000000002,-0.04433333333333327,
1915,3i,150.0,3,0.0139,3,20.72,False,1,0.0418,20.72,20.72,scenario_straight_heavy,val,development,0.25,-1.3200000000000003,-1.2762,0.13813333333333333,-1.0,-1.3200000000000003,0.0,24.0,False,35,20.0,1.0008,-0.04400000000000001,
1920,3i,150.0,4,6.0777,3,20.71,False,1,0.0,20.71,20.71,scenario_straight_heavy,val,development,0.25,-1.3299999999999983,5.4305,0.13806666666666667,-1.0,-1.3299999999999983,1.0,4.0,False,40,26.666666666666668,583.4592000000001,-0.04433333333333327,
1925,3i,150.0,3,6.7076,0,0.0,False,2,13.402,18.88,382.05,scenario_straight_heavy,val,development,0.25,-35.38,3.3531000000000004,0.0,-2.0,5.329999999999984,2.0,2.0,False,45,20.0,482.94720000000007,-1.1793333333333333,
1930,3i,150.0,2,2.5294,0,0.0,False,2,13.393,1.0,262.47,scenario_straight_heavy,val,development,0.25,-13.71,-1.0977000000000001,0.0,-2.0,18.620000000000033,3.0,1.0,False,50,13.333333333333334,121.41120000000001,-0.457,
1935,3i,150.0,3,7.7853,2,1.0,False,2,11.6768,1.0,141.91,scenario_straight_heavy,val,development,0.25,-12.71,-4.868799999999999,0.006666666666666667,-1.0,21.25,3.0,6.0,False,55,20.0,560.5416,-0.4236666666666667,
1940,3i,150.0,3,4.9675,2,1.0,False,2,7.4512,1.0,41.68,scenario_straight_heavy,val,development,0.25,-12.71,-3.4279,0.006666666666666667,-1.0,6.770000000000003,4.0,4.0,True,,20.0,357.6600000000001,-0.4236666666666667,
1945,3i,150.0,3,0.6799,2,1.0,False,2,1.0198,1.0,8.03,scenario_straight_heavy,val,development,0.25,-19.72,0.6659999999999999,0.006666666666666667,1.0,-12.69,4.0,9.0,True,,20.0,48.952799999999996,-0.6573333333333333,
1950,3i,150.0,5,9.8607,3,8.0,False,2,0.0001,1.0,8.0,scenario_straight_heavy,val,development,0.25,-12.71,3.7829999999999995,0.05333333333333334,1.0,-12.71,4.0,14.0,True,,33.333333333333336,1183.284,-0.4236666666666667,
1955,3i,150.0,6,6.7283,3,8.0,False,2,0.0,1.0,8.0,scenario_straight_heavy,val,development,0.25,8.0,0.02069999999999972,0.05333333333333334,0.0,-374.05,4.0,19.0,True,,40.0,968.8752,0.26666666666666666,
1960,3i,150.0,6,2.678,4,15.05,False,2,0.0,1.0,8.0,scenario_straight_heavy,val,development,0.25,15.05,0.14860000000000007,0.10033333333333334,0.0,-254.47000000000003,4.0,24.0,True,,40.0,385.632,0.5016666666666667,
1965,3i,150.0,7,3.4803,5,15.0,False,2,0.0,1.0,8.0,scenario_straight_heavy,val,development,0.25,14.0,-4.305,0.1,0.0,-133.91,5.0,4.0,False,5,46.66666666666667,584.6904000000001,0.4666666666666667,
1970,3i,150.0,7,1.9351,6,15.0,False,2,0.0,1.0,8.0,scenario_straight_heavy,val,development,0.25,14.0,-3.0324,0.1,0.0,-33.68,6.0,2.0,True,,46.66666666666667,325.09680000000003,0.4666666666666667,
1975,3i,150.0,7,0.1262,6,15.0,False,2,0.0,1.0,8.0,scenario_straight_heavy,val,development,0.25,14.0,-0.5537,0.1,0.0,-0.02999999999999936,7.0,1.0,False,5,46.66666666666667,21.201600000000006,0.4666666666666667,
1980,3i,150.0,8,3.0514,7,19.0,False,2,0.0,1.0,8.0,scenario_straight_heavy,val,development,0.25,11.0,-6.8092999999999995,0.12666666666666668,0.0,0.0,7.0,6.0,False,10,53.333333333333336,585.8688000000001,0.36666666666666664,
1985,3i,150.0,5,4.7166,2,5.0,False,1,0.0,1.0,1.0,scenario_straight_heavy,val,development,0.25,-3.0,-2.0117000000000003,0.03333333333333333,-1.0,-7.0,0.0,4.0,False,15,33.333333333333336,565.992,-0.1,
1990,3i,150.0,2,0.0,2,5.0,False,1,0.0,1.0,1.0,scenario_straight_heavy,val,development,0.25,-10.05,-2.678,0.03333333333333333,-1.0,-7.0,0.0,9.0,False,20,13.333333333333334,0.0,-0.335,
1995,3i,150.0,4,13.0522,2,5.0,False,1,0.0,1.0,1.0,scenario_straight_heavy,val,development,0.25,-10.0,9.5719,0.03333333333333333,-1.0,-7.0,0.0,14.0,False,25,26.666666666666668,1253.0112,-0.3333333333333333,
2000,3i,150.0,5,9.392,2,5.0,False,2,11.8697,1.0,383.56,scenario_straight_heavy,val,development,0.25,-10.0,7.456899999999999,0.03333333333333333,0.0,375.56,0.0,19.0,False,30,33.333333333333336,1127.04,-0.3333333333333333,
2005,3i,150.0,4,3.227,3,9.01,False,2,12.0595,1.0,265.25,scenario_straight_heavy,val,development,0.25,-5.99,3.1008,0.060066666666666664,0.0,257.25,0.0,24.0,False,35,26.666666666666668,309.79200000000003,-0.1996666666666667,
2010,3i,150.0,5,5.4766,3,9.0,False,2,12.4913,1.0,142.66,scenario_straight_heavy,val,development,0.25,-10.0,2.4252000000000002,0.06,0.0,134.66,1.0,4.0,False,40,33.333333333333336,657.1920000000001,-0.3333333333333333,
2015,3i,150.0,4,4.7078,2,8.19,False,2,19.5205,43.8,383.02,scenario_straight_heavy,val,development,0.25,3.1899999999999995,-0.008799999999999919,0.054599999999999996,1.0,382.02,2.0,2.0,False,45,26.666666666666668,451.94880000000006,0.10633333333333332,
2020,3i,150.0,2,1.579,1,1.0,False,2,13.8939,1.53,262.55,scenario_straight_heavy,val,development,0.25,-4.0,1.579,0.006666666666666667,1.0,261.55,3.0,1.0,False,50,13.333333333333334,75.792,-0.13333333333333333,
2025,3i,150.0,3,8.1561,2,1.0,False,2,12.2342,1.0,142.28,scenario_straight_heavy,val,development,0.25,-4.0,-4.896099999999999,0.006666666666666667,1.0,141.28,3.0,6.0,False,55,20.0,587.2392000000001,-0.13333333333333333,
2030,3i,150.0,3,4.999,2,1.0,False,4,16.519,1.0,384.45,scenario_straight_heavy,val,development,0.25,-4.0,-4.393,0.006666666666666667,2.0,0.8899999999999864,4.0,4.0,True,,20.0,359.92799999999994,-0.13333333333333333,
2035,3i,150.0,3,0.3792,2,1.0,False,4,12.7114,1.0,264.92,scenario_straight_heavy,val,development,0.25,-8.01,-2.8478,0.006666666666666667,2.0,-0.3299999999999841,4.0,9.0,True,,20.0,27.3024,-0.267,
2040,3i,150.0,6,12.466,3,8.0,False,4,12.5718,1.0,144.8,scenario_straight_heavy,val,development,0.25,-1.0,6.989399999999999,0.05333333333333334,2.0,2.140000000000015,4.0,14.0,True,,40.0,1795.104,-0.03333333333333333,
2045,3i,150.0,6,6.1051,3,8.0,False,4,6.5304,1.0,47.6,scenario_straight_heavy,val,development,0.25,-0.1899999999999995,1.3973000000000004,0.05333333333333334,2.0,-335.41999999999996,4.0,19.0,True,,40.0,879.1344000000001,-0.006333333333333317,
2050,3i,150.0,6,0.169,5,15.02,False,4,0.2283,1.0,15.73,scenario_straight_heavy,val,development,0.25,14.02,-1.41,0.10013333333333332,2.0,-246.82000000000002,4.0,24.0,True,,40.0,24.336000000000002,0.4673333333333333,
2055,3i,150.0,7,3.3276,6,15.04,False,4,0.0005,1.0,15.04,scenario_straight_heavy,val,development,0.25,14.04,-4.8285,0.10026666666666666,2.0,-127.24000000000001,5.0,4.0,False,5,46.66666666666667,559.0368000000001,0.46799999999999997,
2060,3i,150.0,7,1.3747,6,15.04,False,4,0.0,1.0,15.04,scenario_straight_heavy,val,development,0.25,14.04,-3.6243,0.10026666666666666,0.0,-369.40999999999997,6.0,2.0,True,,46.66666666666667,230.94960000000003,0.46799999999999997,
2065,3i,150.0,7,0.0159,6,15.04,False,4,0.0,1.0,15.04,scenario_straight_heavy,val,development,0.25,14.04,-0.36329999999999996,0.10026666666666666,0.0,-249.88000000000002,7.0,1.0,False,5,46.66666666666667,2.6712000000000007,0.46799999999999997,
2070,3i,150.0,8,2.8315,7,19.0,False,4,0.0,1.0,15.04,scenario_straight_heavy,val,development,0.25,11.0,-9.6345,0.12666666666666668,0.0,-129.76000000000002,7.0,6.0,False,10,53.333333333333336,543.648,0.36666666666666664,
2075,3i,150.0,5,4.0847,1,1.0,False,2,1.2247,1.0,7.53,scenario_straight_heavy,val,development,0.25,-7.0,-2.0204000000000004,0.006666666666666667,-2.0,-40.07,0.0,4.0,False,15,33.333333333333336,490.16400000000004,-0.23333333333333334,
2080,3i,150.0,1,0.0,1,1.0,False,1,0.0,1.0,1.0,scenario_straight_heavy,val,development,0.25,-14.02,-0.169,0.006666666666666667,-3.0,-14.73,0.0,9.0,False,20,6.666666666666667,0.0,-0.4673333333333333,
2085,3i,150.0,3,16.8831,1,1.0,False,1,0.0,1.0,1.0,scenario_straight_heavy,val,development,0.25,-14.04,13.555499999999999,0.006666666666666667,-3.0,-14.04,0.0,14.0,False,25,20.0,1215.5832,-0.46799999999999997,
2090,3i,150.0,4,10.6461,1,1.0,False,1,0.0,1.0,1.0,scenario_straight_heavy,val,development,0.25,-14.04,9.2714,0.006666666666666667,-3.0,-14.04,0.0,19.0,False,30,26.666666666666668,1022.0256,-0.46799999999999997,
2095,3i,150.0,3,6.3277,1,1.0,False,1,0.0,1.0,1.0,scenario_straight_heavy,val,development,0.25,-14.04,6.3118,0.006666666666666667,-3.0,-14.04,0.0,24.0,False,35,20.0,455.5944,-0.46799999999999997,
2100,3i,150.0,3,8.468,2,5.0,False,1,0.0,1.0,1.0,scenario_straight_heavy,val,development,0.25,-14.0,5.6365,0.03333333333333333,-3.0,-14.04,1.0,4.0,False,40,20.0,609.696,-0.4666666666666667,
2105,3i,150.0,1,12.363,0,0.0,False,1,24.7674,384.13,384.13,scenario_straight_heavy,val,development,0.25,-1.0,8.2783,0.0,-1.0,376.6,2.0,2.0,False,45,6.666666666666667,296.712,-0.03333333333333333,
2110,3i,150.0,1,0.3288,0,0.0,False,1,23.8093,265.62,265.62,scenario_straight_heavy,val,development,0.25,-1.0,0.3288,0.0,0.0,264.62,3.0,1.0,False,50,6.666666666666667,7.8912,-0.03333333333333333,
2115,3i,150.0,2,12.4202,1,1.0,False,1,24.8404,143.56,143.56,scenario_straight_heavy,val,development,0.25,0.0,-4.462899999999999,0.006666666666666667,0.0,142.56,3.0,6.0,False,55,13.333333333333334,596.1696,0.0,
2120,3i,150.0,2,7.7488,1,1.0,False,2,21.0164,40.97,375.72,scenario_straight_heavy,val,development,0.25,0.0,-2.8973000000000004,0.006666666666666667,1.0,374.72,4.0,4.0,True,,13.333333333333334,371.9424,0.0,
2125,3i,150.0,2,0.7616,1,1.0,False,2,13.8271,5.46,242.38,scenario_straight_heavy,val,development,0.25,0.0,-5.5661000000000005,0.006666666666666667,1.0,241.38,4.0,9.0,True,,13.333333333333334,36.5568,0.0,
2130,3i,150.0,5,15.1288,2,5.0,False,2,13.1532,5.0,110.63,scenario_straight_heavy,val,development,0.25,0.0,6.6608,0.03333333333333333,1.0,109.63,4.0,14.0,True,,33.333333333333336,1815.4560000000004,0.0,
2135,3i,150.0,5,8.1007,2,5.0,False,3,11.9693,5.0,384.1,scenario_straight_heavy,val,development,0.25,5.0,-4.2623,0.03333333333333333,2.0,-0.029999999999972715,4.0,19.0,True,,33.333333333333336,972.0840000000001,0.16666666666666666,
2140,3i,150.0,5,0.478,3,5.0,False,3,8.1083,1.0,263.54,scenario_straight_heavy,val,development,0.25,5.0,0.1492,0.03333333333333333,2.0,-2.079999999999984,4.0,24.0,True,,33.333333333333336,57.36,0.16666666666666666,
2145,3i,150.0,6,3.9417,5,12.0,False,3,7.8832,1.0,143.37,scenario_straight_heavy,val,development,0.25,11.0,-8.4785,0.08,2.0,-0.18999999999999773,5.0,4.0,False,5,40.0,567.6048000000001,0.36666666666666664,
2150,3i,150.0,6,2.3268,5,12.0,False,4,9.6653,1.0,385.12,scenario_straight_heavy,val,development,0.25,11.0,-5.422000000000001,0.08,2.0,9.399999999999977,6.0,2.0,True,,40.0,335.05920000000003,0.36666666666666664,
2155,3i,150.0,6,0.0009,5,12.0,False,4,6.2144,1.0,263.7,scenario_straight_heavy,val,development,0.25,11.0,-0.7607,0.08,2.0,21.319999999999993,7.0,1.0,False,5,40.0,0.1296,0.36666666666666664,
2160,3i,150.0,7,3.3467,6,19.0,False,4,5.8567,1.0,142.45,scenario_straight_heavy,val,development,0.25,14.0,-11.7821,0.12666666666666668,2.0,31.819999999999993,7.0,6.0,False,10,46.66666666666667,562.2456,0.4666666666666667,
2165,3i,150.0,4,4.9589,1,1.0,False,4,8.5489,1.0,400.05,scenario_straight_heavy,val,development,0.25,-4.0,-3.1418,0.006666666666666667,1.0,15.949999999999989,0.0,4.0,False,15,26.666666666666668,476.0544,-0.13333333333333333,
2170,3i,150.0,2,5.9541,1,1.0,False,3,10.287,1.0,305.58,scenario_straight_heavy,val,development,0.25,-4.0,5.476100000000001,0.006666666666666667,0.0,42.039999999999964,0.0,9.0,False,20,13.333333333333334,285.7968,-0.13333333333333333,
2175,3i,150.0,3,16.0086,1,1.0,False,2,9.562,1.0,210.23,scenario_straight_heavy,val,development,0.25,-11.0,12.0669,0.006666666666666667,-1.0,66.85999999999999,0.0,14.0,False,25,20.0,1152.6192,-0.36666666666666664,
2180,3i,150.0,4,10.9865,1,1.0,False,2,8.8953,1.0,117.81,scenario_straight_heavy,val,development,0.25,-11.0,8.659699999999999,0.006666666666666667,-2.0,-267.31,0.0,19.0,False,30,26.666666666666668,1054.7040000000002,-0.36666666666666664,
2185,3i,150.0,3,4.7187,1,1.0,False,2,6.9657,1.0,36.68,scenario_straight_heavy,val,development,0.25,-11.0,4.7178,0.006666666666666667,-2.0,-227.01999999999998,0.0,24.0,False,35,20.0,339.7464,-0.36666666666666664,
2190,3i,150.0,4,6.6385,2,5.0,False,2,0.5759,1.0,1.0,scenario_straight_heavy,val,development,0.25,-14.0,3.2918,0.03333333333333333,-2.0,-141.45,1.0,4.0,False,40,26.666666666666668,637.2959999999999,-0.4666666666666667,
2195,3i,150.0,2,6.393,1,1.0,False,1,0.0,1.0,1.0,scenario_straight_heavy,val,development,0.25,0.0,1.4341,0.006666666666666667,-3.0,-399.05,2.0,2.0,False,45,13.333333333333334,306.86400000000003,0.0,
2200,3i,150.0,2,0.0505,1,1.0,False,1,0.0,1.0,1.0,scenario_straight_heavy,val,development,0.25,0.0,-5.9036,0.006666666666666667,-2.0,-304.58,3.0,1.0,False,50,13.333333333333334,2.4240000000000004,0.0,
2205,3i,150.0,3,7.9502,2,1.0,False,1,0.0,1.0,1.0,scenario_straight_heavy,val,development,0.25,0.0,-8.058400000000002,0.006666666666666667,-1.0,-209.23,3.0,6.0,False,55,20.0,572.4144,0.0,
2210,3i,150.0,3,3.839,2,1.0,False,1,0.0,1.0,1.0,scenario_straight_heavy,val,development,0.25,0.0,-7.147499999999999,0.006666666666666667,-1.0,-116.81,4.0,4.0,True,,20.0,276.408,0.0,
2215,3i,150.0,3,0.1619,3,5.25,False,1,0.0,1.0,1.0,scenario_straight_heavy,val,development,0.25,4.25,-4.5568,0.035,-1.0,-35.68,4.0,9.0,True,,20.0,11.6568,0.14166666666666666,
2220,3i,150.0,4,6.0771,3,5.0,False,1,0.0,1.0,1.0,scenario_straight_heavy,val,development,0.25,0.0,-0.5613999999999999,0.03333333333333333,-1.0,0.0,4.0,14.0,True,,26.666666666666668,583.4016,0.0,
2225,3i,150.0,6,7.3706,3,5.0,False,1,0.0,1.0,1.0,scenario_straight_heavy,val,development,0.25,4.0,0.9775999999999998,0.03333333333333333,0.0,0.0,4.0,19.0,True,,40.0,1061.3663999999999,0.13333333333333333,
2230,3i,150.0,6,4.1666,4,13.71,False,1,0.0,1.0,1.0,scenario_straight_heavy,val,development,0.25,12.71,4.116099999999999,0.09140000000000001,0.0,0.0,4.0,24.0,True,,40.0,599.9904,0.4236666666666667,
2235,3i,150.0,7,3.9169,4,13.71,False,1,0.0,1.0,1.0,scenario_straight_heavy,val,development,0.25,12.71,-4.0333,0.09140000000000001,0.0,0.0,5.0,4.0,False,5,46.66666666666667,658.0392,0.4236666666666667,
2240,3i,150.0,7,1.7087,5,13.71,False,1,0.0,1.0,1.0,scenario_straight_heavy,val,development,0.25,12.71,-2.1303,0.09140000000000001,0.0,0.0,6.0,2.0,True,,46.66666666666667,287.06160000000006,0.4236666666666667,
2245,3i,150.0,7,0.0419,7,23.2,False,1,0.0,1.0,1.0,scenario_straight_heavy,val,development,0.25,17.95,-0.12,0.15466666666666667,0.0,0.0,7.0,1.0,False,5,46.66666666666667,7.039200000000001,0.5983333333333333,
2250,3i,150.0,8,2.7605,7,23.04,False,1,0.0,1.0,1.0,scenario_straight_heavy,val,development,0.25,18.04,-3.3165999999999998,0.1536,0.0,0.0,7.0,6.0,False,10,53.333333333333336,530.016,0.6013333333333333,
2255,3i,150.0,4,3.5477,1,1.0,False,1,19.1473,398.73,398.73,scenario_straight_heavy,val,development,0.25,-4.0,-3.8228999999999997,0.006666666666666667,0.0,397.73,0.0,4.0,False,15,26.666666666666668,340.5792,-0.13333333333333333,
2260,3i,150.0,2,2.893,1,1.0,False,1,18.3259,305.87,305.87,scenario_straight_heavy,val,development,0.25,-12.71,-1.2736,0.006666666666666667,0.0,304.87,0.0,9.0,False,20,13.333333333333334,138.864,-0.4236666666666667,
2265,3i,150.0,3,16.8491,1,1.0,False,1,18.5691,211.54,211.54,scenario_straight_heavy,val,development,0.25,-12.71,12.9322,0.006666666666666667,0.0,210.54,0.0,14.0,False,25,20.0,1213.1352,-0.4236666666666667,
2270,3i,150.0,4,11.8702,1,1.0,False,1,18.8654,117.19,117.19,scenario_straight_heavy,val,development,0.25,-12.71,10.1615,0.006666666666666667,0.0,116.19,0.0,19.0,False,30,26.666666666666668,1139.5392000000002,-0.4236666666666667,
2275,3i,150.0,3,4.4387,2,13.73,False,1,13.1875,37.44,37.44,scenario_straight_heavy,val,development,0.25,-9.469999999999999,4.3968,0.09153333333333334,0.0,36.44,0.0,24.0,False,35,20.0,319.58639999999997,-0.31566666666666665,
2280,3i,150.0,4,6.2974,2,13.71,False,1,1.3429,1.0,1.0,scenario_straight_heavy,val,development,0.25,-9.329999999999998,3.5368999999999997,0.09140000000000001,0.0,0.0,1.0,4.0,False,40,26.666666666666668,604.5504,-0.31099999999999994,
2285,3i,150.0,3,5.3012,1,1.0,False,1,0.0,1.0,1.0,scenario_straight_heavy,val,development,0.25,0.0,1.7534999999999998,0.006666666666666667,0.0,-397.73,2.0,2.0,False,45,20.0,381.68639999999994,0.0,
2290,3i,150.0,2,0.0,1,1.0,False,1,0.0,1.0,1.0,scenario_straight_heavy,val,development,0.25,0.0,-2.893,0.006666666666666667,0.0,-304.87,3.0,1.0,False,50,13.333333333333334,0.0,0.0,
2295,3i,150.0,3,7.8369,2,1.0,False,1,0.0,1.0,1.0,scenario_straight_heavy,val,development,0.25,0.0,-9.0122,0.006666666666666667,0.0,-210.54,3.0,6.0,False,55,20.0,564.2568,0.0,
2300,3i,150.0,3,5.131,2,1.0,False,2,12.0713,1.0,384.43,scenario_straight_heavy,val,development,0.25,0.0,-6.7392,0.006666666666666667,1.0,267.24,4.0,4.0,True,,20.0,369.432,0.0,
2305,3i,150.0,3,0.5598,2,1.0,False,2,11.6957,1.0,264.77,scenario_straight_heavy,val,development,0.25,-12.73,-3.8789,0.006666666666666667,1.0,227.32999999999998,4.0,9.0,True,,20.0,40.3056,-0.42433333333333334,
2310,3i,150.0,4,5.837,3,5.0,False,2,11.6737,1.0,146.04,scenario_straight_heavy,val,development,0.25,-8.71,-0.4603999999999999,0.03333333333333333,1.0,145.04,4.0,14.0,True,,26.666666666666668,560.3520000000001,-0.2903333333333334,
2315,3i,150.0,6,8.6379,3,5.0,False,2,8.24,1.0,40.68,scenario_straight_heavy,val,development,0.25,4.0,3.3367000000000004,0.03333333333333333,1.0,39.68,4.0,19.0,True,,40.0,1243.8576,0.13333333333333333,
2320,3i,150.0,6,3.9695,3,5.0,False,2,1.0196,1.0,1.0,scenario_straight_heavy,val,development,0.25,4.0,3.9695,0.03333333333333333,1.0,0.0,4.0,24.0,True,,40.0,571.6080000000001,0.13333333333333333,
2325,3i,150.0,6,1.157,4,5.0,False,2,0.0,1.0,1.0,scenario_straight_heavy,val,development,0.25,4.0,-6.6799,0.03333333333333333,1.0,0.0,5.0,4.0,False,5,40.0,166.608,0.13333333333333333,
2330,3i,150.0,7,2.4994,6,13.72,False,2,0.0,1.0,1.0,scenario_straight_heavy,val,development,0.25,12.72,-2.6316,0.09146666666666667,0.0,-383.43,6.0,2.0,True,,46.66666666666667,419.89920000000006,0.42400000000000004,
2335,3i,150.0,7,1.4247,6,13.71,False,2,0.0,1.0,1.0,scenario_straight_heavy,val,development,0.25,12.71,0.8649000000000001,0.09140000000000001,0.0,-263.77,7.0,1.0,False,5,46.66666666666667,239.34960000000007,0.4236666666666667,
2340,3i,150.0,8,3.0217,6,13.71,False,2,0.0,1.0,1.0,scenario_straight_heavy,val,development,0.25,8.71,-2.8152999999999997,0.09140000000000001,0.0,-145.04,7.0,6.0,False,10,53.333333333333336,580.1664000000001,0.2903333333333334,
2345,3i,150.0,4,3.562,1,1.0,False,2,13.5251,1.0,375.97,scenario_straight_heavy,val,development,0.25,-4.0,-5.075900000000001,0.006666666666666667,0.0,335.29,0.0,4.0,False,15,26.666666666666668,341.952,-0.13333333333333333,
2350,3i,150.0,2,3.8432,1,1.0,False,2,13.4132,1.0,241.46,scenario_straight_heavy,val,development,0.25,-4.0,-0.12630000000000008,0.006666666666666667,0.0,240.46,0.0,9.0,False,20,13.333333333333334,184.4736,-0.13333333333333333,
2355,3i,150.0,3,17.4339,1,1.0,False,2,13.2982,1.0,107.78,scenario_straight_heavy,val,development,0.25,-4.0,16.2769,0.006666666666666667,0.0,106.78,0.0,14.0,False,25,20.0,1255.2408,-0.13333333333333333,
2360,3i,150.0,4,11.1275,1,1.0,False,3,13.6022,1.0,375.94,scenario_straight_heavy,val,development,0.25,-12.72,8.6281,0.006666666666666667,1.0,374.94,0.0,19.0,False,30,26.666666666666668,1068.24,-0.42400000000000004,
2365,3i,150.0,2,5.1639,1,1.0,False,2,13.1802,1.0,240.74,scenario_straight_heavy,val,development,0.25,-12.71,3.7392,0.006666666666666667,0.0,239.74,0.0,24.0,False,35,13.333333333333334,247.86720000000003,-0.4236666666666667,
2370,3i,150.0,3,9.309,1,1.0,False,2,11.0263,1.0,115.51,scenario_straight_heavy,val,development,0.25,-12.71,6.287299999999999,0.006666666666666667,0.0,114.51,1.0,4.0,False,40,20.0,670.248,-0.4236666666666667,
2375,3i,150.0,2,8.7539,0,0.0,False,1,14.0046,32.07,32.07,scenario_straight_heavy,val,development,0.25,-1.0,5.1919,0.0,-1.0,-343.90000000000003,2.0,2.0,False,45,13.333333333333334,420.1872,-0.03333333333333333,
2380,3i,150.0,1,0.3177,0,0.0,False,1,0.3177,1.0,1.0,scenario_straight_heavy,val,development,0.25,-1.0,-3.5255,0.0,-1.0,-240.46,3.0,1.0,False,50,6.666666666666667,7.6248000000000005,-0.03333333333333333,
2385,3i,150.0,2,12.0268,1,1.0,False,1,0.0,1.0,1.0,scenario_straight_heavy,val,development,0.25,0.0,-5.407100000000002,0.006666666666666667,-1.0,-106.78,3.0,6.0,False,55,13.333333333333334,577.2864000000001,0.0,
2390,3i,150.0,2,5.9684,1,1.0,False,1,0.0,1.0,1.0,scenario_straight_heavy,val,development,0.25,0.0,-5.1591,0.006666666666666667,-2.0,-374.94,4.0,4.0,True,,13.333333333333334,286.4832,0.0,
2395,3i,150.0,2,0.0428,1,1.0,False,1,0.0,1.0,1.0,scenario_straight_heavy,val,development,0.25,0.0,-5.1211,0.006666666666666667,-1.0,-239.74,4.0,9.0,True,,13.333333333333334,2.0544000000000002,0.0,
2400,3i,150.0,3,8.4765,2,5.0,False,1,0.0,1.0,1.0,scenario_straight_heavy,val,development,0.25,4.0,-0.8324999999999996,0.03333333333333333,-1.0,-114.51,4.0,14.0,True,,20.0,610.308,0.13333333333333333,
2405,3i,150.0,5,9.0535,2,5.0,False,2,13.1534,1.0,375.1,scenario_straight_heavy,val,development,0.25,5.0,0.29959999999999987,0.03333333333333333,1.0,343.03000000000003,4.0,19.0,True,,33.333333333333336,1086.42,0.16666666666666666,
2410,3i,150.0,5,4.9235,2,5.0,False,2,13.7212,1.0,240.09,scenario_straight_heavy,val,development,0.25,5.0,4.6057999999999995,0.03333333333333333,1.0,239.09,4.0,24.0,True,,33.333333333333336,590.82,0.16666666666666666,
2415,3i,150.0,6,5.4859,3,5.0,False,2,10.9238,1.0,115.93,scenario_straight_heavy,val,development,0.25,4.0,-6.5409,0.03333333333333333,1.0,114.93,5.0,4.0,False,5,40.0,789.9696,0.13333333333333333,
2420,3i,150.0,6,1.9168,4,5.0,False,2,5.0848,1.0,42.24,scenario_straight_heavy,val,development,0.25,4.0,-4.0516,0.03333333333333333,1.0,41.24,6.0,2.0,True,,40.0,276.0192,0.13333333333333333,
2425,3i,150.0,6,0.0459,5,9.0,False,2,0.1375,1.0,23.15,scenario_straight_heavy,val,development,0.25,8.0,0.0031000000000000055,0.06,1.0,22.15,7.0,1.0,False,5,40.0,6.609600000000001,0.26666666666666666,
2430,3i,150.0,6,0.0,6,23.04,False,2,0.0,1.0,23.04,scenario_straight_heavy,val,development,0.25,18.04,-8.4765,0.1536,1.0,22.04,7.0,6.0,False,10,40.0,0.0,0.6013333333333333,
2435,3i,150.0,4,5.4571,1,1.0,False,2,14.1056,20.09,377.64,scenario_straight_heavy,val,development,0.25,-4.0,-3.5964,0.006666666666666667,0.0,2.5399999999999636,0.0,4.0,False,15,26.666666666666668,523.8816,-0.13333333333333333,
2440,3i,150.0,2,6.333,1,1.0,False,1,26.1232,243.83,243.83,scenario_straight_heavy,val,development,0.25,-4.0,1.4095000000000004,0.006666666666666667,-1.0,3.740000000000009,0.0,9.0,False,20,13.333333333333334,303.98400000000004,-0.13333333333333333,
2445,3i,150.0,4,19.1553,1,1.0,False,1,24.7503,110.77,110.77,scenario_straight_heavy,val,development,0.25,-4.0,13.6694,0.006666666666666667,-1.0,-5.160000000000011,0.0,14.0,False,25,26.666666666666668,1838.9088000000002,-0.13333333333333333,
2450,3i,150.0,4,11.5236,1,1.0,False,1,17.4544,18.31,18.31,scenario_straight_heavy,val,development,0.25,-4.0,9.6068,0.006666666666666667,-1.0,-23.930000000000003,0.0,19.0,False,30,26.666666666666668,1106.2656000000002,-0.13333333333333333,
2455,3i,150.0,2,0.6797,1,1.0,False,0,,,,scenario_straight_heavy,val,development,0.25,-8.0,0.6337999999999999,0.006666666666666667,-2.0,,0.0,24.0,False,35,13.333333333333334,32.6256,-0.26666666666666666,
2460,3i,150.0,3,8.0294,2,5.0,False,0,,,,scenario_straight_heavy,val,development,0.25,-18.04,8.0294,0.03333333333333333,-2.0,,1.0,4.0,False,40,20.0,578.1168000000001,-0.6013333333333333,
2465,3i,150.0,1,14.9434,0,0.0,False,0,,,,scenario_straight_heavy,val,development,0.25,-1.0,9.4863,0.0,-2.0,,2.0,2.0,False,45,6.666666666666667,358.64160000000004,-0.03333333333333333,
2470,3i,150.0,1,2.5607,0,0.0,False,0,,,,scenario_straight_heavy,val,development,0.25,-1.0,-3.7723,0.0,-1.0,,3.0,1.0,False,50,6.666666666666667,61.456800000000015,-0.03333333333333333,
2475,3i,150.0,2,12.0391,1,1.0,False,0,,,,scenario_straight_heavy,val,development,0.25,0.0,-7.116200000000001,0.006666666666666667,-1.0,,3.0,6.0,False,55,13.333333333333334,577.8768,0.0,
2480,3i,150.0,2,5.1859,1,1.0,False,1,24.447,383.71,383.71,scenario_straight_heavy,val,development,0.25,0.0,-6.3377,0.006666666666666667,0.0,365.4,4.0,4.0,True,,13.333333333333334,248.92320000000004,0.0,
2485,3i,150.0,2,0.0611,1,1.0,False,1,23.9211,262.89,262.89,scenario_straight_heavy,val,development,0.25,0.0,-0.6185999999999999,0.006666666666666667,1.0,,4.0,9.0,True,,13.333333333333334,2.9328000000000003,0.0,
2490,3i,150.0,5,14.7654,2,8.0,False,1,24.0429,142.51,142.51,scenario_straight_heavy,val,development,0.25,3.0,6.735999999999999,0.05333333333333334,1.0,,4.0,14.0,True,,33.333333333333336,1771.8480000000002,0.1,
2495,3i,150.0,5,7.8264,2,8.0,False,1,16.0456,39.85,39.85,scenario_straight_heavy,val,development,0.25,8.0,-7.117000000000001,0.05333333333333334,1.0,,4.0,19.0,True,,33.333333333333336,939.168,0.26666666666666666,
2500,3i,150.0,5,0.3669,4,12.01,False,1,1.8169,1.0,1.0,scenario_straight_heavy,val,development,0.25,12.01,-2.1938000000000004,0.08006666666666666,1.0,,4.0,24.0,True,,33.333333333333336,44.028000000000006,0.4003333333333333,
2505,3i,150.0,6,3.866,5,12.0,False,1,0.0,1.0,1.0,scenario_straight_heavy,val,development,0.25,11.0,-8.1731,0.08,1.0,,5.0,4.0,False,5,40.0,556.704,0.36666666666666664,
2510,3i,150.0,6,1.7315,5,12.0,False,1,0.0,1.0,1.0,scenario_straight_heavy,val,development,0.25,11.0,-3.4544,0.08,0.0,-382.71,6.0,2.0,True,,40.0,249.336,0.36666666666666664,
2515,3i,150.0,6,0.0037,6,16.0,False,1,0.0,1.0,1.0,scenario_straight_heavy,val,development,0.25,15.0,-0.0574,0.10666666666666667,0.0,-261.89,7.0,1.0,False,5,40.0,0.5328,0.5,
2520,3i,150.0,6,0.0,6,16.0,False,1,0.0,1.0,1.0,scenario_straight_heavy,val,development,0.25,8.0,-14.7654,0.10666666666666667,0.0,-141.51,7.0,6.0,False,10,40.0,0.0,0.26666666666666666,
2525,3i,150.0,3,7.155,1,1.0,False,3,15.053,1.0,398.64,scenario_straight_heavy,val,development,0.25,-7.0,-0.6713999999999993,0.006666666666666667,2.0,358.78999999999996,0.0,4.0,False,15,20.0,515.1600000000001,-0.23333333333333334,
2530,3i,150.0,2,7.9436,1,1.0,False,3,15.3802,1.0,306.1,scenario_straight_heavy,val,development,0.25,-11.01,7.5767,0.006666666666666667,2.0,305.1,0.0,9.0,False,20,13.333333333333334,381.2928,-0.367,
2535,3i,150.0,2,13.4842,1,1.0,False,3,15.0975,1.0,212.84,scenario_straight_heavy,val,development,0.25,-11.0,9.6182,0.006666666666666667,2.0,211.84,0.0,14.0,False,25,13.333333333333334,647.2416000000001,-0.36666666666666664,
2540,3i,150.0,4,12.5353,1,1.0,False,4,12.7117,1.0,399.23,scenario_straight_heavy,val,development,0.25,-11.0,10.803799999999999,0.006666666666666667,3.0,398.23,0.0,19.0,False,30,26.666666666666668,1203.3888,-0.36666666666666664,
2545,3i,150.0,3,9.0168,1,1.0,False,3,11.5113,1.0,304.82,scenario_straight_heavy,val,development,0.25,-15.0,9.0131,0.006666666666666667,2.0,303.82,0.0,24.0,False,35,20.0,649.2096000000001,-0.5,
2550,3i,150.0,3,1.6814,1,1.0,False,3,6.7024,1.0,209.91,scenario_straight_heavy,val,development,0.25,-15.0,1.6814,0.006666666666666667,2.0,208.91,1.0,4.0,False,40,20.0,121.0608,-0.5,
2555,3i,150.0,3,7.4095,1,1.0,False,2,8.9671,1.0,116.76,scenario_straight_heavy,val,development,0.25,0.0,0.25450000000000017,0.006666666666666667,-1.0,-281.88,2.0,2.0,False,45,20.0,533.484,0.0,
2560,3i,150.0,2,5.3007,1,1.0,False,2,5.3007,1.0,48.92,scenario_straight_heavy,val,development,0.25,0.0,-2.6429,0.006666666666666667,-1.0,-257.18,3.0,1.0,False,50,13.333333333333334,254.43359999999998,0.0,
2565,3i,150.0,3,9.1651,1,1.0,False,2,1.7585,1.0,16.75,scenario_straight_heavy,val,development,0.25,0.0,-4.319099999999999,0.006666666666666667,-1.0,-196.09,3.0,6.0,False,55,20.0,659.8872,0.0,
2570,3i,150.0,3,4.187,2,13.72,False,2,0.0131,1.0,13.72,scenario_straight_heavy,val,development,0.25,12.72,-8.348299999999998,0.09146666666666667,-2.0,-385.51,4.0,4.0,True,,20.0,301.46400000000006,0.42400000000000004,
2575,3i,150.0,3,0.2548,2,13.71,False,2,0.0,1.0,13.71,scenario_straight_heavy,val,development,0.25,12.71,-8.762,0.09140000000000001,-1.0,-291.11,4.0,9.0,True,,20.0,18.3456,0.4236666666666667,
2580,3i,150.0,5,9.1064,3,26.42,False,2,0.0,1.0,13.71,scenario_straight_heavy,val,development,0.25,25.42,7.425000000000001,0.17613333333333334,-1.0,-196.2,4.0,14.0,True,,33.333333333333336,1092.7680000000003,0.8473333333333334,
2585,3i,150.0,6,7.2101,3,26.42,False,2,0.0,1.0,13.71,scenario_straight_heavy,val,development,0.25,25.42,-0.1994000000000007,0.17613333333333334,0.0,-103.05000000000001,4.0,19.0,True,,40.0,1038.2544,0.8473333333333334,
2590,3i,150.0,6,2.6555,3,26.42,False,2,0.0,1.0,13.71,scenario_straight_heavy,val,development,0.25,25.42,-2.6452,0.17613333333333334,0.0,-35.21,4.0,24.0,True,,40.0,382.39200000000005,0.8473333333333334,
2595,3i,150.0,6,0.0002,5,33.42,False,2,0.0,1.0,13.71,scenario_straight_heavy,val,development,0.25,32.42,-9.164900000000001,0.2228,0.0,-3.039999999999999,5.0,4.0,False,5,40.0,0.028800000000000003,1.0806666666666667,
2600,3i,150.0,7,1.8928,6,33.42,False,2,0.0,1.0,13.71,scenario_straight_heavy,val,development,0.25,19.700000000000003,-2.2942,0.2228,0.0,-0.009999999999999787,6.0,2.0,True,,46.66666666666667,317.9904000000001,0.6566666666666667,
2605,3i,150.0,7,1.2499,6,33.42,False,2,0.0,1.0,13.71,scenario_straight_heavy,val,development,0.25,19.71,0.9951,0.2228,0.0,0.0,7.0,1.0,False,5,46.66666666666667,209.98320000000004,0.657,
2610,3i,150.0,8,2.9524,6,33.42,False,2,0.0,1.0,13.71,scenario_straight_heavy,val,development,0.25,7.0,-6.154000000000001,0.2228,0.0,0.0,7.0,6.0,False,10,53.333333333333336,566.8608,0.23333333333333334,
2615,3i,150.0,5,3.1656,1,1.0,False,1,18.3499,400.31,400.31,scenario_straight_heavy,val,development,0.25,-25.42,-4.044499999999999,0.006666666666666667,-1.0,386.6,0.0,4.0,False,15,33.333333333333336,379.872,-0.8473333333333334,
2620,3i,150.0,3,3.4432,1,1.0,False,1,18.4253,307.73,307.73,scenario_straight_heavy,val,development,0.25,-25.42,0.7877000000000001,0.006666666666666667,-1.0,294.02000000000004,0.0,9.0,False,20,20.0,247.91040000000004,-0.8473333333333334,
2625,3i,150.0,3,11.9043,1,1.0,False,1,18.5149,214.89,214.89,scenario_straight_heavy,val,development,0.25,-32.42,11.9041,0.006666666666666667,-1.0,201.17999999999998,0.0,14.0,False,25,20.0,857.1096,-1.0806666666666667,
2630,3i,150.0,4,12.7918,1,1.0,False,1,19.3855,121.1,121.1,scenario_straight_heavy,val,development,0.25,-32.42,10.899000000000001,0.006666666666666667,-1.0,107.38999999999999,0.0,19.0,False,30,26.666666666666668,1228.0128,-1.0806666666666667,
2635,3i,150.0,3,9.5463,1,1.0,False,1,17.8636,34.35,34.35,scenario_straight_heavy,val,development,0.25,-32.42,8.2964,0.006666666666666667,-1.0,20.64,0.0,24.0,False,35,20.0,687.3336,-1.0806666666666667,
2640,3i,150.0,3,9.3867,1,1.0,False,0,,,,scenario_straight_heavy,val,development,0.25,-32.42,6.4342999999999995,0.006666666666666667,-2.0,,1.0,4.0,False,40,20.0,675.8424,-1.0806666666666667,
2645,3i,150.0,2,10.4292,0,0.0,False,0,,,,scenario_straight_heavy,val,development,0.25,-1.0,7.2636,0.0,-1.0,,2.0,2.0,False,45,13.333333333333334,500.60159999999996,-0.03333333333333333,
2650,3i,150.0,1,3.4974,0,0.0,False,0,,,,scenario_straight_heavy,val,development,0.25,-1.0,0.054199999999999804,0.0,-1.0,,3.0,1.0,False,50,6.666666666666667,83.9376,-0.03333333333333333,
2655,3i,150.0,2,12.0859,1,1.0,False,0,,,,scenario_straight_heavy,val,development,0.25,0.0,0.18160000000000132,0.006666666666666667,-1.0,,3.0,6.0,False,55,13.333333333333334,580.1232000000001,0.0,
2660,3i,150.0,2,5.6364,1,1.0,False,1,23.6084,385.84,385.84,scenario_straight_heavy,val,development,0.25,0.0,-7.1554,0.006666666666666667,0.0,264.74,4.0,4.0,True,,13.333333333333334,270.54720000000003,0.0,
2665,3i,150.0,2,0.0374,1,1.0,False,1,23.7524,264.89,264.89,scenario_straight_heavy,val,development,0.25,0.0,-9.5089,0.006666666666666667,0.0,230.54,4.0,9.0,True,,13.333333333333334,1.7952000000000001,0.0,
2670,3i,150.0,5,14.5137,2,8.0,False,1,24.8501,143.49,143.49,scenario_straight_heavy,val,development,0.25,7.0,5.127000000000001,0.05333333333333334,1.0,,4.0,14.0,True,,33.333333333333336,1741.6440000000002,0.23333333333333334,
2675,3i,150.0,5,8.2241,2,8.0,False,1,16.1467,37.17,37.17,scenario_straight_heavy,val,development,0.25,8.0,-2.2051,0.05333333333333334,1.0,,4.0,19.0,True,,33.333333333333336,986.8920000000002,0.26666666666666666,
2680,3i,150.0,5,0.915,3,12.0,False,1,1.234,1.0,1.0,scenario_straight_heavy,val,development,0.25,12.0,-2.5824,0.08,1.0,,4.0,24.0,True,,33.333333333333336,109.80000000000001,0.4,
2685,3i,150.0,6,3.9219,5,12.0,False,1,0.0,1.0,1.0,scenario_straight_heavy,val,development,0.25,11.0,-8.164000000000001,0.08,1.0,,5.0,4.0,False,5,40.0,564.7536,0.36666666666666664,
2690,3i,150.0,6,2.3324,5,12.0,False,1,0.0,1.0,1.0,scenario_straight_heavy,val,development,0.25,11.0,-3.3040000000000003,0.08,0.0,-384.84,6.0,2.0,True,,40.0,335.8656,0.36666666666666664,
2695,3i,150.0,6,0.0189,5,12.0,False,1,0.0,1.0,1.0,scenario_straight_heavy,val,development,0.25,11.0,-0.018500000000000003,0.08,0.0,-263.89,7.0,1.0,False,5,40.0,2.7216,0.36666666666666664,
2700,3i,150.0,7,3.2438,6,16.0,False,1,0.0,1.0,1.0,scenario_straight_heavy,val,development,0.25,8.0,-11.2699,0.10666666666666667,0.0,-142.49,7.0,6.0,False,10,46.66666666666667,544.9584,0.26666666666666666,
2705,3i,150.0,4,4.6216,1,1.0,False,2,9.6946,1.0,395.86,scenario_straight_heavy,val,development,0.25,-7.0,-3.6025,0.006666666666666667,1.0,358.69,0.0,4.0,False,15,26.666666666666668,443.6736,-0.23333333333333334,
2710,3i,150.0,1,0.0,1,1.0,False,2,9.7078,1.0,300.31,scenario_straight_heavy,val,development,0.25,-11.0,-0.915,0.006666666666666667,1.0,299.31,0.0,9.0,False,20,6.666666666666667,0.0,-0.36666666666666664,
2715,3i,150.0,2,13.1644,1,1.0,False,2,9.669,1.0,204.94,scenario_straight_heavy,val,development,0.25,-11.0,9.2425,0.006666666666666667,1.0,203.94,0.0,14.0,False,25,13.333333333333334,631.8912,-0.36666666666666664,
2720,3i,150.0,4,11.1146,1,1.0,False,3,14.7623,1.0,374.67,scenario_straight_heavy,val,development,0.25,-11.0,8.7822,0.006666666666666667,2.0,373.67,0.0,19.0,False,30,26.666666666666668,1067.0016,-0.36666666666666664,
2725,3i,150.0,3,8.7699,1,1.0,False,3,14.5617,1.0,239.42,scenario_straight_heavy,val,development,0.25,-11.0,8.751,0.006666666666666667,2.0,238.42,0.0,24.0,False,35,20.0,631.4327999999999,-0.36666666666666664,
2730,3i,150.0,4,7.1714,1,1.0,False,3,7.6529,0.87,114.39,scenario_straight_heavy,val,development,0.25,-15.0,3.9276000000000004,0.006666666666666667,2.0,113.39,1.0,4.0,False,40,26.666666666666668,688.4544000000001,-0.5,
2735,3i,150.0,3,5.0934,1,0.87,False,2,5.6725,0.87,36.71,scenario_straight_heavy,val,development,0.25,-0.13,0.4718,0.0058,0.0,-359.15000000000003,2.0,2.0,False,45,20.0,366.7248,-0.004333333333333333,
2740,3i,150.0,2,0.3595,1,0.87,False,2,0.3595,0.87,15.3,scenario_straight_heavy,val,development,0.25,-0.13,0.3595,0.0058,0.0,-285.01,3.0,1.0,False,50,13.333333333333334,17.256,-0.004333333333333333,
2745,3i,150.0,3,8.1213,2,14.91,False,2,0.0002,0.87,14.91,scenario_straight_heavy,val,development,0.25,13.91,-5.043100000000001,0.0994,0.0,-190.03,3.0,6.0,False,55,20.0,584.7336,0.46366666666666667,
2750,3i,150.0,3,4.7507,2,14.91,False,3,8.0734,0.87,384.88,scenario_straight_heavy,val,development,0.25,13.91,-6.363899999999999,0.0994,0.0,10.20999999999998,4.0,4.0,True,,20.0,342.0504,0.46366666666666667,
2755,3i,150.0,3,0.3911,2,14.91,False,3,8.3225,0.87,262.87,scenario_straight_heavy,val,development,0.25,13.91,-8.3788,0.0994,0.0,23.450000000000017,4.0,9.0,True,,20.0,28.159200000000002,0.46366666666666667,
2760,3i,150.0,6,11.9473,3,18.91,False,3,7.9851,0.87,143.37,scenario_straight_heavy,val,development,0.25,17.91,4.7759,0.12606666666666666,0.0,28.980000000000004,4.0,14.0,True,,40.0,1720.4112,0.597,
2765,3i,150.0,6,7.2138,3,18.91,False,3,5.4017,0.87,37.03,scenario_straight_heavy,val,development,0.25,18.04,2.1204,0.12606666666666666,1.0,0.3200000000000003,4.0,19.0,True,,40.0,1038.7872,0.6013333333333333,
2770,3i,150.0,6,0.247,3,18.91,False,3,0.4017,0.87,14.91,scenario_straight_heavy,val,development,0.25,18.04,-0.11249999999999999,0.12606666666666666,1.0,-0.39000000000000057,4.0,24.0,True,,40.0,35.568,0.6013333333333333,
2775,3i,150.0,7,3.1764,6,25.92,False,3,0.0,0.87,14.91,scenario_straight_heavy,val,development,0.25,11.010000000000002,-4.9449,0.1728,1.0,0.0,5.0,4.0,False,5,46.66666666666667,533.6352,0.36700000000000005,
2780,3i,150.0,7,1.2933,6,25.92,False,3,0.0,0.87,14.91,scenario_straight_heavy,val,development,0.25,11.010000000000002,-3.4574000000000003,0.1728,0.0,-369.96999999999997,6.0,2.0,True,,46.66666666666667,217.2744,0.36700000000000005,
2785,3i,150.0,7,0.008,7,32.92,False,3,0.0,0.87,14.91,scenario_straight_heavy,val,development,0.25,18.01,-0.3831,0.21946666666666667,0.0,-247.96,7.0,1.0,False,5,46.66666666666667,1.3440000000000003,0.6003333333333334,
2790,3i,150.0,8,3.0357,7,32.92,False,3,0.0,0.87,14.91,scenario_straight_heavy,val,development,0.25,14.010000000000002,-8.9116,0.21946666666666667,0.0,-128.46,7.0,6.0,False,10,53.333333333333336,582.8543999999999,0.467,
2795,3i,150.0,6,3.0911,2,32.76,False,2,1.224,1.0,7.45,scenario_straight_heavy,val,development,0.25,13.849999999999998,-4.1227,0.21839999999999998,-1.0,-29.580000000000002,0.0,4.0,False,15,40.0,445.1184,0.4616666666666666,
2800,3i,150.0,4,2.7268,1,1.0,False,1,0.0,1.0,1.0,scenario_straight_heavy,val,development,0.25,-17.91,2.4798,0.006666666666666667,-2.0,-13.91,0.0,9.0,False,20,26.666666666666668,261.7728,-0.597,
2805,3i,150.0,5,16.1301,1,1.0,False,1,0.0,1.0,1.0,scenario_straight_heavy,val,development,0.25,-24.92,12.953699999999998,0.006666666666666667,-2.0,-13.91,0.0,14.0,False,25,33.333333333333336,1935.612,-0.8306666666666668,
2810,3i,150.0,4,11.6407,1,1.0,False,1,0.0,1.0,1.0,scenario_straight_heavy,val,development,0.25,-24.92,10.3474,0.006666666666666667,-2.0,-13.91,0.0,19.0,False,30,26.666666666666668,1117.5072,-0.8306666666666668,
2815,3i,150.0,2,0.0421,2,8.01,False,1,0.0,1.0,1.0,scenario_straight_heavy,val,development,0.25,-24.910000000000004,0.0341,0.053399999999999996,-2.0,-13.91,0.0,24.0,False,35,13.333333333333334,2.0208,-0.8303333333333335,
2820,3i,150.0,3,8.249,2,8.0,False,1,0.0,1.0,1.0,scenario_straight_heavy,val,development,0.25,-24.92,5.2133,0.05333333333333334,-2.0,-13.91,1.0,4.0,False,40,20.0,593.9280000000001,-0.8306666666666668,
2825,3i,150.0,2,8.7922,0,0.0,False,1,26.9149,376.97,376.97,scenario_straight_heavy,val,development,0.25,-32.76,5.701099999999999,0.0,-1.0,369.52000000000004,2.0,2.0,False,45,13.333333333333334,422.0256,-1.0919999999999999,
2830,3i,150.0,1,0.0,0,0.0,False,1,26.4398,240.55,240.55,scenario_straight_heavy,val,development,0.25,-1.0,-2.7268,0.0,0.0,239.55,3.0,1.0,False,50,6.666666666666667,0.0,-0.03333333333333333,
2835,3i,150.0,2,12.1257,1,1.0,False,1,24.2514,110.35,110.35,scenario_straight_heavy,val,development,0.25,0.0,-4.004399999999999,0.006666666666666667,0.0,109.35,3.0,6.0,False,55,13.333333333333334,582.0336000000001,0.0,
2840,3i,150.0,2,5.7992,1,1.0,False,1,11.5985,24.54,24.54,scenario_straight_heavy,val,development,0.25,0.0,-5.841500000000001,0.006666666666666667,0.0,23.54,4.0,4.0,True,,13.333333333333334,278.3616,0.0,
2845,3i,150.0,2,0.0377,2,5.0,False,1,0.0755,5.0,5.0,scenario_straight_heavy,val,development,0.25,-3.01,-0.004400000000000001,0.03333333333333333,0.0,4.0,4.0,9.0,True,,13.333333333333334,1.8096,-0.10033333333333333,
2850,3i,150.0,4,12.4859,2,5.0,False,1,0.0,5.0,5.0,scenario_straight_heavy,val,development,0.25,-3.0,4.2369,0.03333333333333333,0.0,4.0,4.0,14.0,True,,26.666666666666668,1198.6464,-0.1,
2855,3i,150.0,5,8.1677,2,5.0,False,1,0.0,5.0,5.0,scenario_straight_heavy,val,development,0.25,5.0,-0.6244999999999994,0.03333333333333333,0.0,-371.97,4.0,19.0,True,,33.333333333333336,980.124,0.16666666666666666,
2860,3i,150.0,5,3.0068,3,5.0,False,1,0.0,5.0,5.0,scenario_straight_heavy,val,development,0.25,5.0,3.0068,0.03333333333333333,0.0,-235.55,4.0,24.0,True,,33.333333333333336,360.8160000000001,0.16666666666666666,
2865,3i,150.0,6,4.1369,4,9.0,False,1,0.0,5.0,5.0,scenario_straight_heavy,val,development,0.25,8.0,-7.9888,0.06,0.0,-105.35,5.0,4.0,False,5,40.0,595.7136,0.26666666666666666,
2870,3i,150.0,6,2.3421,5,9.0,False,1,0.0,5.0,5.0,scenario_straight_heavy,val,development,0.25,8.0,-3.4571,0.06,0.0,-19.54,6.0,2.0,True,,40.0,337.26239999999996,0.26666666666666666,
2875,3i,150.0,6,0.2471,5,9.0,False,1,0.0,5.0,5.0,scenario_straight_heavy,val,development,0.25,4.0,0.20939999999999998,0.06,0.0,0.0,7.0,1.0,False,5,40.0,35.5824,0.13333333333333333,
2880,3i,150.0,7,3.4258,6,13.01,False,1,0.0,5.0,5.0,scenario_straight_heavy,val,development,0.25,8.01,-9.0601,0.08673333333333333,0.0,0.0,7.0,6.0,False,10,46.66666666666667,575.5344000000001,0.267,
2885,3i,150.0,4,4.1463,1,1.0,False,1,26.518,375.34,375.34,scenario_straight_heavy,val,development,0.25,-4.0,-4.0214,0.006666666666666667,0.0,370.34,0.0,4.0,False,15,26.666666666666668,398.04480000000007,-0.13333333333333333,
2890,3i,150.0,1,0.0,1,1.0,False,1,26.2815,242.0,242.0,scenario_straight_heavy,val,development,0.25,-4.0,-3.0068,0.006666666666666667,0.0,237.0,0.0,9.0,False,20,6.666666666666667,0.0,-0.13333333333333333,
2895,3i,150.0,3,17.4392,1,1.0,False,1,25.0321,109.3,109.3,scenario_straight_heavy,val,development,0.25,-8.0,13.302299999999999,0.006666666666666667,0.0,104.3,0.0,14.0,False,25,20.0,1255.6224,-0.26666666666666666,
2900,3i,150.0,4,10.8328,1,1.0,False,2,19.602,23.53,375.15,scenario_straight_heavy,val,development,0.25,-8.0,8.4907,0.006666666666666667,1.0,370.15,0.0,19.0,False,30,26.666666666666668,1039.9488000000001,-0.26666666666666666,
2905,3i,150.0,3,5.5689,2,5.01,False,2,13.1101,5.01,241.37,scenario_straight_heavy,val,development,0.25,-3.99,5.3218000000000005,0.0334,1.0,236.37,0.0,24.0,False,35,20.0,400.9608,-0.133,
2910,3i,150.0,3,8.4203,2,5.0,False,2,12.6305,5.0,110.35,scenario_straight_heavy,val,development,0.25,-8.01,4.994499999999999,0.03333333333333333,1.0,105.35,1.0,4.0,False,40,20.0,606.2616,-0.267,
2915,3i,150.0,1,12.3973,0,0.0,False,1,12.3973,24.91,24.91,scenario_straight_heavy,val,development,0.25,-1.0,8.251,0.0,0.0,-350.42999999999995,2.0,2.0,False,45,6.666666666666667,297.53520000000003,-0.03333333333333333,
2920,3i,150.0,1,0.409,0,0.0,False,1,0.409,1.24,1.24,scenario_straight_heavy,val,development,0.25,-1.0,0.409,0.0,0.0,-240.76,3.0,1.0,False,50,6.666666666666667,9.816,-0.03333333333333333,
2925,3i,150.0,2,12.3398,1,1.0,False,1,0.002,1.0,1.0,scenario_straight_heavy,val,development,0.25,0.0,-5.099399999999999,0.006666666666666667,0.0,-108.3,3.0,6.0,False,55,13.333333333333334,592.3104000000001,0.0,
2930,3i,150.0,2,7.539,1,1.0,False,3,17.7116,1.0,381.71,scenario_straight_heavy,val,development,0.25,0.0,-3.293800000000001,0.006666666666666667,1.0,6.560000000000002,4.0,4.0,True,,13.333333333333334,361.872,0.0,
2935,3i,150.0,2,0.8992,1,1.0,False,3,17.5731,1.0,246.22,scenario_straight_heavy,val,development,0.25,-4.01,-4.669700000000001,0.006666666666666667,1.0,4.849999999999994,4.0,9.0,True,,13.333333333333334,43.1616,-0.13366666666666666,
2940,3i,150.0,4,12.4991,2,5.0,False,3,16.6654,1.0,113.6,scenario_straight_heavy,val,development,0.25,0.0,4.078800000000001,0.03333333333333333,1.0,3.25,4.0,14.0,True,,26.666666666666668,1199.9136,0.0,
2945,3i,150.0,5,8.6665,2,5.0,False,3,8.0638,1.0,30.17,scenario_straight_heavy,val,development,0.25,5.0,-3.7308000000000003,0.03333333333333333,2.0,5.260000000000002,4.0,19.0,True,,33.333333333333336,1039.98,0.16666666666666666,
2950,3i,150.0,5,2.6778,3,12.1,False,3,0.0345,1.0,12.1,scenario_straight_heavy,val,development,0.25,12.1,2.2688,0.08066666666666666,2.0,10.86,4.0,24.0,True,,33.333333333333336,321.336,0.4033333333333333,
2955,3i,150.0,5,0.0001,4,12.0,False,3,0.0001,1.0,12.0,scenario_straight_heavy,val,development,0.25,11.0,-12.3397,0.08,2.0,11.0,5.0,4.0,False,5,33.333333333333336,0.012000000000000002,0.36666666666666664,
2960,3i,150.0,6,2.9183,5,12.0,False,4,6.7114,1.0,375.42,scenario_straight_heavy,val,development,0.25,11.0,-4.620699999999999,0.08,1.0,-6.289999999999964,6.0,2.0,True,,40.0,420.23519999999996,0.36666666666666664,
2965,3i,150.0,6,1.7697,5,12.0,False,4,6.7613,1.0,240.5,scenario_straight_heavy,val,development,0.25,11.0,0.8705,0.08,1.0,-5.719999999999999,7.0,1.0,False,5,40.0,254.83679999999998,0.36666666666666664,
2970,3i,150.0,7,3.54,5,12.0,False,4,5.3477,1.0,115.35,scenario_straight_heavy,val,development,0.25,7.0,-8.9591,0.08,1.0,1.75,7.0,6.0,False,10,46.66666666666667,594.72,0.23333333333333334,
2975,3i,150.0,4,4.5845,1,1.0,False,3,13.9017,0.8,375.71,scenario_straight_heavy,val,development,0.25,-4.0,-4.081999999999999,0.006666666666666667,0.0,345.53999999999996,0.0,4.0,False,15,26.666666666666668,440.112,-0.13333333333333333,
2980,3i,150.0,1,0.0,1,1.0,False,1,26.7232,243.48,243.48,scenario_straight_heavy,val,development,0.25,-11.1,-2.6778,0.006666666666666667,-2.0,231.38,0.0,9.0,False,20,6.666666666666667,0.0,-0.37,
2985,3i,150.0,3,17.0017,1,1.0,False,1,24.3234,113.78,113.78,scenario_straight_heavy,val,development,0.25,-11.0,17.0016,0.006666666666666667,-2.0,101.78,0.0,14.0,False,25,20.0,1224.1224,-0.36666666666666664,
2990,3i,150.0,4,10.2075,1,1.0,False,1,10.9121,31.22,31.22,scenario_straight_heavy,val,development,0.25,-11.0,7.289199999999999,0.006666666666666667,-3.0,-344.20000000000005,0.0,19.0,False,30,26.666666666666668,979.9200000000001,-0.36666666666666664,
2995,3i,150.0,3,5.4464,2,15.06,False,1,0.0202,15.06,15.06,scenario_straight_heavy,val,development,0.25,3.0600000000000005,3.6766999999999994,0.1004,-3.0,-225.44,0.0,24.0,False,35,20.0,392.14079999999996,0.10200000000000002,
3000,3i,150.0,3,8.2721,2,15.04,False,1,0.0001,15.04,15.04,scenario_straight_heavy,val,development,0.25,3.039999999999999,4.7321,0.10026666666666666,-3.0,-100.31,1.0,4.0,False,40,20.0,595.5912,0.1013333333333333,
3005,3i,150.0,2,9.2942,0,0.0,False,1,1.7801,12.49,12.49,scenario_straight_heavy,val,development,0.25,-1.0,4.7097,0.0,-2.0,-363.21999999999997,2.0,2.0,False,45,13.333333333333334,446.1216,-0.03333333333333333,
3010,3i,150.0,2,1.4102,0,0.0,False,1,0.5818,1.15,1.15,scenario_straight_heavy,val,development,0.25,-1.0,1.4102,0.0,0.0,-242.32999999999998,3.0,1.0,False,50,13.333333333333334,67.6896,-0.03333333333333333,
3015,3i,150.0,3,8.2201,2,1.0,False,1,0.0002,1.0,1.0,scenario_straight_heavy,val,development,0.25,0.0,-8.7816,0.006666666666666667,0.0,-112.78,3.0,6.0,False,55,20.0,591.8472,0.0,
3020,3i,150.0,3,3.6454,2,1.0,False,3,18.2242,1.0,376.54,scenario_straight_heavy,val,development,0.25,0.0,-6.562099999999999,0.006666666666666667,2.0,345.32000000000005,4.0,4.0,True,,20.0,262.4688,0.0,
3025,3i,150.0,3,0.2462,2,1.0,False,3,18.0769,1.0,241.93,scenario_straight_heavy,val,development,0.25,-14.06,-5.2002,0.006666666666666667,2.0,226.87,4.0,9.0,True,,20.0,17.726399999999998,-0.4686666666666667,
3030,3i,150.0,6,12.1407,3,8.0,False,3,16.126,1.0,109.67,scenario_straight_heavy,val,development,0.25,-7.039999999999999,3.8686000000000007,0.05333333333333334,2.0,94.63,4.0,14.0,True,,40.0,1748.2608000000002,-0.23466666666666663,
3035,3i,150.0,6,5.6798,3,8.0,False,3,7.3289,1.0,29.86,scenario_straight_heavy,val,development,0.25,8.0,-3.6144,0.05333333333333334,2.0,17.369999999999997,4.0,19.0,True,,40.0,817.8912000000001,0.26666666666666666,
3040,3i,150.0,6,0.0526,4,8.0,False,3,0.0462,1.0,12.01,scenario_straight_heavy,val,development,0.25,8.0,-1.3576,0.05333333333333334,2.0,10.86,4.0,24.0,True,,40.0,7.5744,0.26666666666666666,
3045,3i,150.0,7,3.4685,6,12.0,False,3,0.0004,1.0,12.0,scenario_straight_heavy,val,development,0.25,11.0,-4.7516,0.08,2.0,11.0,5.0,4.0,False,5,46.66666666666667,582.7080000000001,0.36666666666666664,
3050,3i,150.0,7,1.4913,6,12.0,False,3,0.0,1.0,12.0,scenario_straight_heavy,val,development,0.25,11.0,-2.1540999999999997,0.08,0.0,-364.54,6.0,2.0,True,,46.66666666666667,250.53840000000005,0.36666666666666664,
3055,3i,150.0,7,0.0014,7,16.0,False,3,0.0,1.0,12.0,scenario_straight_heavy,val,development,0.25,15.0,-0.2448,0.10666666666666667,0.0,-229.93,7.0,1.0,False,5,46.66666666666667,0.23520000000000002,0.5,
3060,3i,150.0,7,0.0,7,16.0,False,3,0.0,1.0,12.0,scenario_straight_heavy,val,development,0.25,8.0,-12.1407,0.10666666666666667,0.0,-97.67,7.0,6.0,False,10,46.66666666666667,0.0,0.26666666666666666,
3065,3i,150.0,5,5.1071,2,5.0,False,4,7.5298,1.0,385.38,scenario_straight_heavy,val,development,0.25,-3.0,-0.5727000000000002,0.03333333333333333,1.0,355.52,0.0,4.0,False,15,33.333333333333336,612.8520000000001,-0.1,
3070,3i,150.0,3,5.063,2,5.0,False,3,7.7683,1.0,263.73,scenario_straight_heavy,val,development,0.25,-3.0,5.0104,0.03333333333333333,0.0,251.72000000000003,0.0,9.0,False,20,20.0,364.536,-0.1,
3075,3i,150.0,4,12.2295,2,5.0,False,3,8.2441,1.0,141.75,scenario_straight_heavy,val,development,0.25,-7.0,8.761,0.03333333333333333,0.0,129.75,0.0,14.0,False,25,26.666666666666668,1174.0320000000002,-0.23333333333333334,
3080,3i,150.0,5,10.1296,2,5.0,False,3,5.7113,1.0,34.53,scenario_straight_heavy,val,development,0.25,-7.0,8.6383,0.03333333333333333,0.0,22.53,0.0,19.0,False,30,33.333333333333336,1215.5520000000001,-0.23333333333333334,
3085,3i,150.0,4,4.7935,2,5.0,False,2,0.0,1.0,5.0,scenario_straight_heavy,val,development,0.25,-11.0,4.7921,0.03333333333333333,-1.0,-7.0,0.0,24.0,False,35,26.666666666666668,460.176,-0.36666666666666664,
3090,3i,150.0,3,0.0,3,9.0,False,2,0.0,1.0,5.0,scenario_straight_heavy,val,development,0.25,-7.0,0.0,0.06,-1.0,-7.0,1.0,4.0,False,40,20.0,0.0,-0.23333333333333334,
3095,3i,150.0,2,8.7386,0,0.0,False,0,,,,scenario_straight_heavy,val,development,0.25,-5.0,3.6315,0.0,-4.0,,2.0,2.0,False,45,13.333333333333334,419.4528,-0.16666666666666666,
3100,3i,150.0,1,16.1187,0,0.0,False,0,,,,scenario_straight_heavy,val,development,0.25,-5.0,11.055700000000002,0.0,-3.0,,3.0,1.0,False,50,6.666666666666667,386.84880000000004,-0.16666666666666666,
3105,3i,150.0,1,1.1187,0,0.0,False,0,,,,scenario_straight_heavy,val,development,0.25,-5.0,-11.1108,0.0,-3.0,,3.0,6.0,False,55,6.666666666666667,26.848800000000004,-0.16666666666666666,
3110,3i,150.0,2,9.9931,1,1.0,False,0,,,,scenario_straight_heavy,val,development,0.25,-4.0,-0.13649999999999984,0.006666666666666667,-3.0,,4.0,4.0,True,,13.333333333333334,479.66880000000003,-0.13333333333333333,
3115,3i,150.0,2,3.5684,1,1.0,False,0,,,,scenario_straight_heavy,val,development,0.25,-4.0,-1.2250999999999999,0.006666666666666667,-2.0,,4.0,9.0,True,,13.333333333333334,171.2832,-0.13333333333333333,
3120,3i,150.0,4,12.247,2,15.05,False,0,,,,scenario_straight_heavy,val,development,0.25,6.050000000000001,12.247,0.10033333333333334,-2.0,,4.0,14.0,True,,26.666666666666668,1175.712,0.2016666666666667,
3125,3i,150.0,5,9.8306,2,15.04,False,0,,,,scenario_straight_heavy,val,development,0.25,15.04,1.0920000000000005,0.10026666666666666,0.0,,4.0,19.0,True,,33.333333333333336,1179.672,0.5013333333333333,
3130,3i,150.0,5,2.8883,2,15.04,False,0,,,,scenario_straight_heavy,val,development,0.25,15.04,-13.2304,0.10026666666666666,0.0,,4.0,24.0,True,,33.333333333333336,346.59600000000006,0.5013333333333333,
3135,3i,150.0,6,4.6757,4,15.04,False,0,,,,scenario_straight_heavy,val,development,0.25,15.04,3.557,0.10026666666666666,0.0,,5.0,4.0,False,5,40.0,673.3008,0.5013333333333333,
3140,3i,150.0,6,2.1115,5,19.05,False,0,,,,scenario_straight_heavy,val,development,0.25,18.05,-7.881600000000001,0.127,0.0,,6.0,2.0,True,,40.0,304.056,0.6016666666666667,
3145,3i,150.0,6,0.0333,5,19.04,False,0,,,,scenario_straight_heavy,val,development,0.25,18.04,-3.5351,0.12693333333333331,0.0,,7.0,1.0,False,5,40.0,4.7952,0.6013333333333333,
3150,3i,150.0,7,3.4814,6,31.75,False,0,,,,scenario_straight_heavy,val,development,0.25,16.7,-8.7656,0.21166666666666667,0.0,,7.0,6.0,False,10,46.66666666666667,584.8752000000001,0.5566666666666666,
3155,3i,150.0,5,3.5491,2,30.7,False,1,27.6509,375.21,375.21,scenario_straight_heavy,val,development,0.25,15.66,-6.2815,0.20466666666666666,1.0,,0.0,4.0,False,15,33.333333333333336,425.89200000000005,0.522,
3160,3i,150.0,3,3.2217,1,1.0,False,1,26.0884,242.43,242.43,scenario_straight_heavy,val,development,0.25,-14.04,0.3333999999999997,0.006666666666666667,1.0,,0.0,9.0,False,20,20.0,231.9624,-0.46799999999999997,
3165,3i,150.0,3,16.3749,1,1.0,False,1,25.4597,108.63,108.63,scenario_straight_heavy,val,development,0.25,-14.04,11.699200000000001,0.006666666666666667,1.0,,0.0,14.0,False,25,20.0,1178.9928,-0.46799999999999997,
3170,3i,150.0,4,10.4317,1,1.0,False,2,19.8524,16.98,375.5,scenario_straight_heavy,val,development,0.25,-18.05,8.3202,0.006666666666666667,2.0,,0.0,19.0,False,30,26.666666666666668,1001.4431999999999,-0.6016666666666667,
3175,3i,150.0,2,0.1724,2,8.05,False,1,26.1926,242.31,242.31,scenario_straight_heavy,val,development,0.25,-10.989999999999998,0.1391,0.05366666666666667,1.0,,0.0,24.0,False,35,13.333333333333334,8.2752,-0.3663333333333333,
3180,3i,150.0,3,8.1991,2,8.0,False,1,24.5973,107.98,107.98,scenario_straight_heavy,val,development,0.25,-23.75,4.7177,0.05333333333333334,1.0,,1.0,4.0,False,40,20.0,590.3352,-0.7916666666666666,
3185,3i,150.0,2,7.9806,0,0.0,False,1,12.8438,22.38,22.38,scenario_straight_heavy,val,development,0.25,-30.7,4.4315,0.0,0.0,-352.83,2.0,2.0,False,45,13.333333333333334,383.0688,-1.0233333333333332,
3190,3i,150.0,1,0.0,1,1.0,False,1,0.0,1.0,1.0,scenario_straight_heavy,val,development,0.25,0.0,-3.2217,0.006666666666666667,0.0,-241.43,3.0,1.0,False,50,6.666666666666667,0.0,0.0,
3195,3i,150.0,2,12.5298,1,1.0,False,1,0.0,1.0,1.0,scenario_straight_heavy,val,development,0.25,0.0,-3.8451000000000004,0.006666666666666667,0.0,-107.63,3.0,6.0,False,55,13.333333333333334,601.4304000000001,0.0,
3200,3i,150.0,2,5.77,1,1.0,False,2,13.5038,1.0,374.28,scenario_straight_heavy,val,development,0.25,0.0,-4.6617,0.006666666666666667,0.0,-1.2200000000000273,4.0,4.0,True,,13.333333333333334,276.96,0.0,
3205,3i,150.0,2,0.0301,1,1.0,False,2,13.1369,1.0,241.03,scenario_straight_heavy,val,development,0.25,-7.050000000000001,-0.1423,0.006666666666666667,1.0,-1.2800000000000011,4.0,9.0,True,,13.333333333333334,1.4448,-0.23500000000000001,
3210,3i,150.0,4,12.4201,2,5.0,False,2,12.2964,1.0,108.26,scenario_straight_heavy,val,development,0.25,-3.0,4.221,0.03333333333333333,1.0,0.28000000000000114,4.0,14.0,True,,26.666666666666668,1192.3296,-0.1,
3215,3i,150.0,5,8.2513,2,5.0,False,3,12.5583,1.0,376.53,scenario_straight_heavy,val,development,0.25,5.0,0.2707000000000006,0.03333333333333333,2.0,354.15,4.0,19.0,True,,33.333333333333336,990.1560000000002,0.16666666666666666,
3220,3i,150.0,5,3.1661,4,9.02,False,3,8.7684,1.0,241.87,scenario_straight_heavy,val,development,0.25,8.02,3.1661,0.06013333333333333,2.0,240.87,4.0,24.0,True,,33.333333333333336,379.9320000000001,0.2673333333333333,
3225,3i,150.0,6,4.2354,4,9.0,False,3,8.0354,1.0,110.34,scenario_straight_heavy,val,development,0.25,8.0,-8.2944,0.06,2.0,109.34,5.0,4.0,False,5,40.0,609.8976,0.26666666666666666,
3230,3i,150.0,6,1.78,5,9.0,False,3,3.5599,1.0,30.67,scenario_straight_heavy,val,development,0.25,8.0,-3.9899999999999993,0.06,1.0,-343.60999999999996,6.0,2.0,True,,40.0,256.32,0.26666666666666666,
3235,3i,150.0,6,0.0558,5,9.0,False,3,0.1116,1.0,13.32,scenario_straight_heavy,val,development,0.25,8.0,0.025700000000000004,0.06,1.0,-227.71,7.0,1.0,False,5,40.0,8.0352,0.26666666666666666,
3240,3i,150.0,7,3.3973,6,13.0,False,3,0.0003,1.0,13.0,scenario_straight_heavy,val,development,0.25,8.0,-9.0228,0.08666666666666667,1.0,-95.26,7.0,6.0,False,10,46.66666666666667,570.7464000000001,0.26666666666666666,
3245,3i,150.0,3,5.8181,1,1.0,False,1,2.8226,9.23,9.23,scenario_straight_heavy,val,development,0.25,-4.0,-2.4332000000000003,0.006666666666666667,-2.0,-367.29999999999995,0.0,4.0,False,15,20.0,418.9032,-0.13333333333333333,
3250,3i,150.0,1,0.0,1,1.0,False,0,,,,scenario_straight_heavy,val,development,0.25,-8.02,-3.1661,0.006666666666666667,-3.0,,0.0,9.0,False,20,6.666666666666667,0.0,-0.2673333333333333,
3255,3i,150.0,3,16.2022,1,1.0,False,0,,,,scenario_straight_heavy,val,development,0.25,-8.0,11.966800000000001,0.006666666666666667,-3.0,,0.0,14.0,False,25,20.0,1166.5584000000001,-0.26666666666666666,
3260,3i,150.0,4,11.9951,1,1.0,False,0,,,,scenario_straight_heavy,val,development,0.25,-8.0,10.215100000000001,0.006666666666666667,-3.0,,0.0,19.0,False,30,26.666666666666668,1151.5296,-0.26666666666666666,
3265,3i,150.0,2,0.8161,1,1.0,False,0,,,,scenario_straight_heavy,val,development,0.25,-8.0,0.7603000000000001,0.006666666666666667,-3.0,,0.0,24.0,False,35,13.333333333333334,39.17280000000001,-0.26666666666666666,
3270,3i,150.0,3,8.2982,2,5.0,False,0,,,,scenario_straight_heavy,val,development,0.25,-8.0,4.9009,0.03333333333333333,-3.0,,1.0,4.0,False,40,20.0,597.4703999999999,-0.26666666666666666,
3275,3i,150.0,1,12.6899,0,0.0,False,1,23.4419,385.42,385.42,scenario_straight_heavy,val,development,0.25,-1.0,6.8717999999999995,0.0,0.0,376.19,2.0,2.0,False,45,6.666666666666667,304.5576,-0.03333333333333333,
3280,3i,150.0,1,0.0,0,0.0,False,1,24.2819,264.37,264.37,scenario_straight_heavy,val,development,0.25,-1.0,0.0,0.0,1.0,,3.0,1.0,False,50,6.666666666666667,0.0,-0.03333333333333333,
3285,3i,150.0,2,11.8603,1,1.0,False,1,23.7206,144.35,144.35,scenario_straight_heavy,val,development,0.25,0.0,-4.341900000000001,0.006666666666666667,1.0,,3.0,6.0,False,55,13.333333333333334,569.2944,0.0,
3290,3i,150.0,2,7.8211,1,1.0,False,2,19.8029,42.21,384.84,scenario_straight_heavy,val,development,0.25,0.0,-4.174,0.006666666666666667,2.0,,4.0,4.0,True,,13.333333333333334,375.4128,0.0,
3295,3i,150.0,2,0.9555,1,1.0,False,2,13.3208,5.73,262.43,scenario_straight_heavy,val,development,0.25,0.0,0.13939999999999997,0.006666666666666667,2.0,,4.0,9.0,True,,13.333333333333334,45.864000000000004,0.0,
3300,3i,150.0,4,12.2725,2,5.0,False,2,12.1088,5.0,140.36,scenario_straight_heavy,val,development,0.25,0.0,3.9743000000000013,0.03333333333333333,2.0,,4.0,14.0,True,,26.666666666666668,1178.16,0.0,
3305,3i,150.0,5,8.9631,2,5.0,False,3,13.2899,5.0,384.86,scenario_straight_heavy,val,development,0.25,5.0,-3.726799999999999,0.03333333333333333,2.0,-0.5600000000000023,4.0,19.0,True,,33.333333333333336,1075.5720000000001,0.16666666666666666,
3310,3i,150.0,5,2.9502,2,5.0,False,3,8.9079,1.05,264.85,scenario_straight_heavy,val,development,0.25,5.0,2.9502,0.03333333333333333,2.0,0.4800000000000182,4.0,24.0,True,,33.333333333333336,354.02400000000006,0.16666666666666666,
3315,3i,150.0,6,4.9991,4,5.0,False,3,8.0988,1.0,143.7,scenario_straight_heavy,val,development,0.25,4.0,-6.8612,0.03333333333333333,2.0,-0.6500000000000057,5.0,4.0,False,5,40.0,719.8704,0.13333333333333333,
3320,3i,150.0,6,2.3601,4,5.0,False,3,4.3159,1.0,55.43,scenario_straight_heavy,val,development,0.25,4.0,-5.461,0.03333333333333333,1.0,-329.40999999999997,6.0,2.0,True,,40.0,339.85440000000006,0.13333333333333333,
3325,3i,150.0,6,0.4376,5,12.0,False,3,0.8752,1.0,26.15,scenario_straight_heavy,val,development,0.25,11.0,-0.5179,0.08,1.0,-236.28,7.0,1.0,False,5,40.0,63.0144,0.36666666666666664,
3330,3i,150.0,7,3.3509,6,26.04,False,3,0.0,1.0,26.04,scenario_straight_heavy,val,development,0.25,21.04,-8.921600000000002,0.1736,1.0,-114.32000000000002,7.0,6.0,False,10,46.66666666666667,562.9512000000001,0.7013333333333333,
3335,3i,150.0,4,4.0518,1,1.0,False,3,9.6098,1.0,374.74,scenario_straight_heavy,val,development,0.25,-4.0,-4.911300000000001,0.006666666666666667,0.0,-10.120000000000005,0.0,4.0,False,15,26.666666666666668,388.9728,-0.13333333333333333,
3340,3i,150.0,3,4.1253,1,1.0,False,3,11.0428,1.0,239.11,scenario_straight_heavy,val,development,0.25,-4.0,1.1751,0.006666666666666667,0.0,-25.74000000000001,0.0,9.0,False,20,20.0,297.02160000000003,-0.13333333333333333,
3345,3i,150.0,4,19.6768,1,1.0,False,2,12.4279,1.0,106.79,scenario_straight_heavy,val,development,0.25,-4.0,14.6777,0.006666666666666667,-1.0,-36.90999999999998,0.0,14.0,False,25,26.666666666666668,1888.9728000000002,-0.13333333333333333,
3350,3i,150.0,4,10.9872,1,1.0,False,2,5.5175,1.0,24.33,scenario_straight_heavy,val,development,0.25,-4.0,8.627099999999999,0.006666666666666667,-1.0,-31.1,0.0,19.0,False,30,26.666666666666668,1054.7712,-0.13333333333333333,
3355,3i,150.0,2,0.0019,2,8.0,False,2,0.0019,1.0,8.0,scenario_straight_heavy,val,development,0.25,-4.0,-0.4357,0.05333333333333334,-1.0,-18.15,0.0,24.0,False,35,13.333333333333334,0.0912,-0.13333333333333333,
3360,3i,150.0,3,7.9313,2,8.0,False,2,0.0,1.0,8.0,scenario_straight_heavy,val,development,0.25,-18.04,4.5804,0.05333333333333334,-1.0,-18.04,1.0,4.0,False,40,20.0,571.0536000000001,-0.6013333333333333,
3365,3i,150.0,2,9.2664,0,0.0,False,1,3.6824,2.81,2.81,scenario_straight_heavy,val,development,0.25,-1.0,5.214600000000001,0.0,-2.0,-371.93,2.0,2.0,False,45,13.333333333333334,444.7872000000001,-0.03333333333333333,
3370,3i,150.0,1,2.787,0,0.0,False,0,,,,scenario_straight_heavy,val,development,0.25,-1.0,-1.3383000000000003,0.0,-3.0,,3.0,1.0,False,50,6.666666666666667,66.888,-0.03333333333333333,
3375,3i,150.0,2,12.4428,1,1.0,False,0,,,,scenario_straight_heavy,val,development,0.25,0.0,-7.234,0.006666666666666667,-2.0,,3.0,6.0,False,55,13.333333333333334,597.2544,0.0,
3380,3i,150.0,2,7.2668,1,1.0,False,1,24.2873,384.13,384.13,scenario_straight_heavy,val,development,0.25,0.0,-3.7203999999999997,0.006666666666666667,-1.0,359.8,4.0,4.0,True,,13.333333333333334,348.8064,0.0,
3385,3i,150.0,2,1.0713,1,1.0,False,1,24.6091,264.45,264.45,scenario_straight_heavy,val,development,0.25,-7.0,1.0694,0.006666666666666667,-1.0,256.45,4.0,9.0,True,,13.333333333333334,51.4224,-0.23333333333333334,
3390,3i,150.0,4,12.1099,2,8.0,False,1,24.2595,144.7,144.7,scenario_straight_heavy,val,development,0.25,0.0,4.178599999999999,0.05333333333333334,-1.0,136.7,4.0,14.0,True,,26.666666666666668,1162.5504,0.0,
3395,3i,150.0,5,9.6175,2,8.0,False,1,13.8989,48.44,48.44,scenario_straight_heavy,val,development,0.25,8.0,0.35109999999999886,0.05333333333333334,0.0,45.629999999999995,4.0,19.0,True,,33.333333333333336,1154.1,0.26666666666666666,
3400,3i,150.0,5,3.3954,2,8.0,False,1,1.2766,15.29,15.29,scenario_straight_heavy,val,development,0.25,8.0,0.6084,0.05333333333333334,1.0,,4.0,24.0,True,,33.333333333333336,407.44800000000004,0.26666666666666666,
3405,3i,150.0,6,4.0962,4,15.0,False,1,0.0006,15.0,15.0,scenario_straight_heavy,val,development,0.25,14.0,-8.3466,0.1,1.0,,5.0,4.0,False,5,40.0,589.8528,0.4666666666666667,
3410,3i,150.0,6,2.2108,5,15.0,False,2,12.0292,15.0,383.46,scenario_straight_heavy,val,development,0.25,14.0,-5.056,0.1,1.0,-0.6700000000000159,6.0,2.0,True,,40.0,318.35519999999997,0.4666666666666667,
3415,3i,150.0,6,0.1386,5,15.0,False,2,12.4891,15.0,261.62,scenario_straight_heavy,val,development,0.25,14.0,-0.9326999999999999,0.1,1.0,-2.829999999999984,7.0,1.0,False,5,40.0,19.9584,0.4666666666666667,
3420,3i,150.0,7,3.557,6,22.0,False,2,12.4494,15.0,140.23,scenario_straight_heavy,val,development,0.25,14.0,-8.5529,0.14666666666666667,1.0,-4.469999999999999,7.0,6.0,False,10,46.66666666666667,597.576,0.4666666666666667,
3425,3i,150.0,4,5.2086,1,1.0,False,4,18.0624,4.83,376.49,scenario_straight_heavy,val,development,0.25,-7.0,-4.4089,0.006666666666666667,3.0,328.05,0.0,4.0,False,15,26.666666666666668,500.0256,-0.23333333333333334,
3430,3i,150.0,2,5.9394,1,1.0,False,3,21.8301,1.18,241.6,scenario_straight_heavy,val,development,0.25,-7.0,2.544,0.006666666666666667,2.0,226.31,0.0,9.0,False,20,13.333333333333334,285.0912,-0.23333333333333334,
3435,3i,150.0,3,16.3664,1,1.0,False,2,24.5496,106.95,110.03,scenario_straight_heavy,val,development,0.25,-14.0,12.270199999999999,0.006666666666666667,1.0,95.03,0.0,14.0,False,25,20.0,1178.3808,-0.4666666666666667,
3440,3i,150.0,4,11.4501,1,1.0,False,2,13.5945,14.21,27.16,scenario_straight_heavy,val,development,0.25,-14.0,9.2393,0.006666666666666667,0.0,-356.29999999999995,0.0,19.0,False,30,26.666666666666668,1099.2096000000001,-0.4666666666666667,
3445,3i,150.0,3,4.5793,2,8.15,False,1,0.368,8.15,8.15,scenario_straight_heavy,val,development,0.25,-6.85,4.4407,0.05433333333333334,-1.0,-253.47,0.0,24.0,False,35,20.0,329.70959999999997,-0.22833333333333333,
3450,3i,150.0,3,0.64,2,8.0,False,1,0.001,8.0,8.0,scenario_straight_heavy,val,development,0.25,-14.0,-2.917,0.05333333333333334,-1.0,-132.23,1.0,4.0,False,40,20.0,46.080000000000005,-0.4666666666666667,
3455,3i,150.0,3,6.7432,1,1.0,False,1,3.7913,3.26,3.26,scenario_straight_heavy,val,development,0.25,0.0,1.5346000000000002,0.006666666666666667,-3.0,-373.23,2.0,2.0,False,45,20.0,485.5104,0.0,
3460,3i,150.0,2,7.566,1,1.0,False,0,,,,scenario_straight_heavy,val,development,0.25,0.0,1.6265999999999998,0.006666666666666667,-3.0,,3.0,1.0,False,50,13.333333333333334,363.168,0.0,
3465,3i,150.0,3,8.1484,1,1.0,False,0,,,,scenario_straight_heavy,val,development,0.25,0.0,-8.217999999999998,0.006666666666666667,-2.0,,3.0,6.0,False,55,20.0,586.6848,0.0,
3470,3i,150.0,3,4.791,2,1.0,False,1,24.7261,382.17,382.17,scenario_straight_heavy,val,development,0.25,0.0,-6.6591000000000005,0.006666666666666667,-1.0,355.01,4.0,4.0,True,,20.0,344.95200000000006,0.0,
3475,3i,150.0,3,0.3064,2,1.0,False,1,23.7959,261.24,261.24,scenario_straight_heavy,val,development,0.25,-7.15,-4.2729,0.006666666666666667,0.0,253.09,4.0,9.0,True,,20.0,22.0608,-0.23833333333333334,
3480,3i,150.0,6,12.1277,3,15.04,False,1,23.4221,138.87,138.87,scenario_straight_heavy,val,development,0.25,7.039999999999999,11.4877,0.10026666666666666,0.0,130.87,4.0,14.0,True,,40.0,1746.3888000000002,0.23466666666666663,
3485,3i,150.0,6,7.205,3,15.04,False,1,15.9071,35.54,35.54,scenario_straight_heavy,val,development,0.25,14.04,0.4618000000000002,0.10026666666666666,0.0,32.28,4.0,19.0,True,,40.0,1037.52,0.46799999999999997,
3490,3i,150.0,6,0.6522,3,15.04,False,1,0.9071,1.0,1.0,scenario_straight_heavy,val,development,0.25,14.04,-6.9138,0.10026666666666666,1.0,,4.0,24.0,True,,40.0,93.91680000000001,0.46799999999999997,
3495,3i,150.0,7,3.2684,6,22.04,False,1,0.0,1.0,1.0,scenario_straight_heavy,val,development,0.25,21.04,-4.880000000000001,0.14693333333333333,1.0,,5.0,4.0,False,5,46.66666666666667,549.0912000000002,0.7013333333333333,
3500,3i,150.0,7,1.2682,6,22.04,False,2,13.0663,1.0,377.52,scenario_straight_heavy,val,development,0.25,21.04,-3.5228,0.14693333333333333,1.0,-4.650000000000034,6.0,2.0,True,,46.66666666666667,213.05760000000004,0.7013333333333333,
3505,3i,150.0,7,0.0139,7,29.07,False,2,13.8229,1.0,240.42,scenario_straight_heavy,val,development,0.25,28.07,-0.2925,0.1938,1.0,-20.82000000000002,7.0,1.0,False,5,46.66666666666667,2.3352000000000004,0.9356666666666666,
3510,3i,150.0,8,2.8168,7,29.04,False,2,11.2673,1.0,113.17,scenario_straight_heavy,val,development,0.25,14.0,-9.3109,0.1936,1.0,-25.700000000000003,7.0,6.0,False,10,53.333333333333336,540.8256,0.4666666666666667,
3515,3i,150.0,5,2.8006,1,1.0,False,3,8.9826,1.0,400.1,scenario_straight_heavy,val,development,0.25,-14.04,-4.4044,0.006666666666666667,2.0,364.56,0.0,4.0,False,15,33.333333333333336,336.07200000000006,-0.46799999999999997,
3520,3i,150.0,3,3.4884,1,1.0,False,3,7.8505,1.0,306.11,scenario_straight_heavy,val,development,0.25,-14.04,2.8362,0.006666666666666667,2.0,305.11,0.0,9.0,False,20,20.0,251.16479999999999,-0.46799999999999997,
3525,3i,150.0,2,12.6639,1,1.0,False,2,9.1522,1.0,213.12,scenario_straight_heavy,val,development,0.25,-21.04,9.3955,0.006666666666666667,1.0,212.12,0.0,14.0,False,25,13.333333333333334,607.8672,-0.7013333333333333,
3530,3i,150.0,4,13.5862,1,1.0,False,2,9.301,1.0,119.52,scenario_straight_heavy,val,development,0.25,-21.04,12.318,0.006666666666666667,0.0,-258.0,0.0,19.0,False,30,26.666666666666668,1304.2752,-0.7013333333333333,
3535,3i,150.0,3,8.2249,1,1.0,False,2,5.551,1.0,49.01,scenario_straight_heavy,val,development,0.25,-28.07,8.211,0.006666666666666667,0.0,-191.41,0.0,24.0,False,35,20.0,592.1928,-0.9356666666666666,
3540,3i,150.0,4,7.4994,1,1.0,False,2,2.1951,1.0,12.43,scenario_straight_heavy,val,development,0.25,-28.04,4.682599999999999,0.006666666666666667,0.0,-100.74000000000001,1.0,4.0,False,40,26.666666666666668,719.9424,-0.9346666666666666,
3545,3i,150.0,3,6.0565,1,1.0,False,1,2.3432,4.26,4.26,scenario_straight_heavy,val,development,0.25,0.0,3.2558999999999996,0.006666666666666667,-2.0,-395.84000000000003,2.0,2.0,False,45,20.0,436.068,0.0,
3550,3i,150.0,2,1.57,1,1.0,False,0,,,,scenario_straight_heavy,val,development,0.25,0.0,-1.9183999999999999,0.006666666666666667,-3.0,,3.0,1.0,False,50,13.333333333333334,75.36,0.0,
3555,3i,150.0,3,7.7592,2,1.0,False,0,,,,scenario_straight_heavy,val,development,0.25,0.0,-4.9047,0.006666666666666667,-2.0,,3.0,6.0,False,55,20.0,558.6623999999999,0.0,
3560,3i,150.0,3,3.678,2,1.0,False,2,25.0556,374.77,383.88,scenario_straight_heavy,val,development,0.25,0.0,-9.9082,0.006666666666666667,0.0,264.36,4.0,4.0,True,,20.0,264.81600000000003,0.0,
3565,3i,150.0,3,0.0752,2,1.0,False,2,25.7261,241.25,261.61,scenario_straight_heavy,val,development,0.25,0.0,-8.1497,0.006666666666666667,0.0,212.60000000000002,4.0,9.0,True,,20.0,5.4144000000000005,0.0,
3570,3i,150.0,6,12.3146,3,8.0,False,2,24.029,109.41,141.21,scenario_straight_heavy,val,development,0.25,7.0,4.815200000000001,0.05333333333333334,0.0,128.78,4.0,14.0,True,,40.0,1773.3024,0.23333333333333334,
3575,3i,150.0,6,6.2415,3,8.0,False,2,12.6289,29.59,45.94,scenario_straight_heavy,val,development,0.25,7.0,0.1850000000000005,0.05333333333333334,1.0,41.68,4.0,19.0,True,,40.0,898.7760000000001,0.23333333333333334,
3580,3i,150.0,6,0.3651,4,8.0,False,2,1.0954,12.0,14.84,scenario_straight_heavy,val,development,0.25,7.0,-1.2049,0.05333333333333334,2.0,,4.0,24.0,True,,40.0,52.5744,0.23333333333333334,
3585,3i,150.0,7,3.3477,6,13.71,False,2,0.0013,12.0,13.71,scenario_straight_heavy,val,development,0.25,12.71,-4.4115,0.09140000000000001,2.0,,5.0,4.0,False,5,46.66666666666667,562.4136000000001,0.4236666666666667,
3590,3i,150.0,7,2.0738,6,13.71,False,2,0.0,12.0,13.71,scenario_straight_heavy,val,development,0.25,12.71,-1.6042,0.09140000000000001,0.0,-370.17,6.0,2.0,True,,46.66666666666667,348.39840000000004,0.4236666666666667,
3595,3i,150.0,7,0.2321,6,13.71,False,2,0.0,12.0,13.71,scenario_straight_heavy,val,development,0.25,12.71,0.15689999999999998,0.09140000000000001,0.0,-247.9,7.0,1.0,False,5,46.66666666666667,38.9928,0.4236666666666667,
3600,3i,150.0,7,0.0,7,16.0,False,2,0.0,12.0,13.71,scenario_straight_heavy,val,development,0.25,8.0,-12.3146,0.10666666666666667,0.0,-127.5,7.0,6.0,False,10,46.66666666666667,0.0,0.26666666666666666,
0,4i,150.0,0,0.0,0,0.0,False,0,,,,scenario_straight_heavy,val,development,0.25,,,0.0,,,,,,,0.0,0.0,,
5,4i,150.0,0,0.0,0,0.0,False,1,19.319,397.86,397.86,scenario_straight_heavy,val,development,0.25,,,0.0,,,0.0,4.0,False,5,0.0,0.0,,
10,4i,150.0,0,0.0,0,0.0,False,1,18.2524,304.5,304.5,scenario_straight_heavy,val,development,0.25,,,0.0,,,0.0,9.0,False,10,0.0,0.0,,
15,4i,150.0,1,25.9414,0,0.0,False,1,18.8184,209.98,209.98,scenario_straight_heavy,val,development,0.25,,,0.0,,,0.0,14.0,False,15,6.666666666666667,622.5936,,
20,4i,150.0,3,17.011,0,0.0,False,1,18.2268,116.14,116.14,scenario_straight_heavy,val,development,0.25,,,0.0,,,0.0,19.0,False,20,20.0,1224.792,,
25,4i,150.0,2,15.8825,0,0.0,False,1,14.6252,29.5,29.5,scenario_straight_heavy,val,development,0.25,,,0.0,,,0.0,24.0,False,25,13.333333333333334,762.36,,
30,4i,150.0,2,12.0116,0,0.0,False,1,0.0,1.0,1.0,scenario_straight_heavy,val,development,0.25,0.0,12.0116,0.0,1.0,,1.0,4.0,False,30,13.333333333333334,576.5568000000001,0.0,
35,4i,150.0,1,15.6173,0,0.0,False,0,,,,scenario_straight_heavy,val,development,0.25,0.0,15.6173,0.0,-1.0,,2.0,2.0,False,35,6.666666666666667,374.81520000000006,0.0,
40,4i,150.0,1,2.428,0,0.0,False,0,,,,scenario_straight_heavy,val,development,0.25,0.0,2.428,0.0,-1.0,,3.0,1.0,False,40,6.666666666666667,58.272000000000006,0.0,
45,4i,150.0,1,0.0,1,1.0,False,0,,,,scenario_straight_heavy,val,development,0.25,1.0,-25.9414,0.006666666666666667,-1.0,,3.0,6.0,False,45,6.666666666666667,0.0,0.03333333333333333,
50,4i,150.0,2,9.0433,1,1.0,False,0,,,,scenario_straight_heavy,val,development,0.25,1.0,-7.967699999999999,0.006666666666666667,-1.0,,4.0,4.0,True,,13.333333333333334,434.07840000000004,0.03333333333333333,
55,4i,150.0,2,5.4131,1,1.0,False,0,,,,scenario_straight_heavy,val,development,0.25,1.0,-10.4694,0.006666666666666667,-1.0,,4.0,9.0,True,,13.333333333333334,259.8288,0.03333333333333333,
60,4i,150.0,4,13.7029,1,1.0,False,0,,,,scenario_straight_heavy,val,development,0.25,1.0,1.6913,0.006666666666666667,-1.0,,4.0,14.0,True,,26.666666666666668,1315.4784000000002,0.03333333333333333,
65,4i,150.0,5,8.5589,2,8.01,False,1,24.402,381.55,381.55,scenario_straight_heavy,val,development,0.25,8.01,-7.058400000000001,0.053399999999999996,1.0,,4.0,19.0,True,,33.333333333333336,1027.068,0.267,
70,4i,150.0,5,3.2158,3,8.0,False,1,24.9969,260.47,260.47,scenario_straight_heavy,val,development,0.25,8.0,0.7878000000000003,0.05333333333333334,1.0,,4.0,24.0,True,,33.333333333333336,385.8960000000001,0.26666666666666666,
75,4i,150.0,6,4.1669,4,20.71,False,1,24.1769,139.94,139.94,scenario_straight_heavy,val,development,0.25,19.71,4.1669,0.13806666666666667,1.0,,5.0,4.0,False,5,40.0,600.0336,0.657,
80,4i,150.0,6,2.0366,5,20.71,False,1,12.2194,50.97,50.97,scenario_straight_heavy,val,development,0.25,19.71,-7.0067,0.13806666666666667,1.0,,6.0,2.0,True,,40.0,293.2704,0.657,
85,4i,150.0,6,0.1565,5,20.71,False,1,0.9388,28.05,28.05,scenario_straight_heavy,val,development,0.25,19.71,-5.2566,0.13806666666666667,1.0,,7.0,1.0,False,5,40.0,22.536,0.657,
90,4i,150.0,7,3.2057,6,27.71,False,1,0.0016,27.71,27.71,scenario_straight_heavy,val,development,0.25,26.71,-10.4972,0.18473333333333333,1.0,,7.0,6.0,False,10,46.66666666666667,538.5576000000001,0.8903333333333333,
95,4i,150.0,4,3.3704,1,1.0,False,1,1.898,25.1,25.1,scenario_straight_heavy,val,development,0.25,-7.01,-5.1884999999999994,0.006666666666666667,0.0,-356.45,0.0,4.0,False,15,26.666666666666668,323.5584,-0.23366666666666666,
100,4i,150.0,2,4.035,1,1.0,False,0,,,,scenario_straight_heavy,val,development,0.25,-7.0,0.8191999999999999,0.006666666666666667,-1.0,,0.0,9.0,False,20,13.333333333333334,193.68000000000004,-0.23333333333333334,
105,4i,150.0,3,17.2122,1,1.0,False,0,,,,scenario_straight_heavy,val,development,0.25,-19.71,13.0453,0.006666666666666667,-1.0,,0.0,14.0,False,25,20.0,1239.2784000000001,-0.657,
110,4i,150.0,4,10.4596,1,1.0,False,0,,,,scenario_straight_heavy,val,development,0.25,-19.71,8.423,0.006666666666666667,-1.0,,0.0,19.0,False,30,26.666666666666668,1004.1216000000002,-0.657,
115,4i,150.0,2,0.1327,1,1.0,False,0,,,,scenario_straight_heavy,val,development,0.25,-19.71,-0.023799999999999988,0.006666666666666667,-1.0,,0.0,24.0,False,35,13.333333333333334,6.369600000000001,-0.657,
120,4i,150.0,3,8.3807,2,5.0,False,0,,,,scenario_straight_heavy,val,development,0.25,-22.71,5.174999999999999,0.03333333333333333,-1.0,,1.0,4.0,False,40,20.0,603.4104,-0.757,
125,4i,150.0,1,13.1024,0,0.0,False,0,,,,scenario_straight_heavy,val,development,0.25,-1.0,9.732,0.0,-1.0,,2.0,2.0,False,45,6.666666666666667,314.4576,-0.03333333333333333,
130,4i,150.0,1,0.0,0,0.0,False,0,,,,scenario_straight_heavy,val,development,0.25,-1.0,-4.035,0.0,0.0,,3.0,1.0,False,50,6.666666666666667,0.0,-0.03333333333333333,
135,4i,150.0,1,0.0,1,1.0,False,0,,,,scenario_straight_heavy,val,development,0.25,0.0,-17.2122,0.006666666666666667,0.0,,3.0,6.0,False,55,6.666666666666667,0.0,0.0,
140,4i,150.0,2,7.4394,1,1.0,False,0,,,,scenario_straight_heavy,val,development,0.25,0.0,-3.0202,0.006666666666666667,0.0,,4.0,4.0,True,,13.333333333333334,357.0912,0.0,
145,4i,150.0,2,5.1894,1,1.0,False,0,,,,scenario_straight_heavy,val,development,0.25,0.0,5.0567,0.006666666666666667,0.0,,4.0,9.0,True,,13.333333333333334,249.09120000000001,0.0,
150,4i,150.0,4,12.941,1,1.0,False,0,,,,scenario_straight_heavy,val,development,0.25,-4.0,4.560300000000002,0.006666666666666667,0.0,,4.0,14.0,True,,26.666666666666668,1242.336,-0.13333333333333333,
155,4i,150.0,5,9.614,1,1.0,False,1,18.249,399.19,399.19,scenario_straight_heavy,val,development,0.25,1.0,-3.4883999999999986,0.006666666666666667,1.0,,4.0,19.0,True,,33.333333333333336,1153.6800000000003,0.03333333333333333,
160,4i,150.0,5,1.1153,2,5.0,False,1,18.6864,305.22,305.22,scenario_straight_heavy,val,development,0.25,5.0,1.1153,0.03333333333333333,1.0,,4.0,24.0,True,,33.333333333333336,133.836,0.16666666666666666,
165,4i,150.0,5,0.0006,5,19.04,False,1,18.941,209.96,209.96,scenario_straight_heavy,val,development,0.25,18.04,0.0006,0.12693333333333331,1.0,,5.0,4.0,False,5,33.333333333333336,0.07200000000000001,0.6013333333333333,
170,4i,150.0,6,2.8674,5,19.04,False,2,21.6836,117.08,377.21,scenario_straight_heavy,val,development,0.25,18.04,-4.572,0.12693333333333331,2.0,,6.0,2.0,True,,40.0,412.9056,0.6013333333333333,
175,4i,150.0,6,1.6174,5,19.04,False,2,18.2062,53.56,242.84,scenario_straight_heavy,val,development,0.25,18.04,-3.572,0.12693333333333331,2.0,,7.0,1.0,False,5,40.0,232.9056,0.6013333333333333,
180,4i,150.0,7,3.6488,5,19.04,False,2,12.7707,25.31,119.37,scenario_straight_heavy,val,development,0.25,18.04,-9.292200000000001,0.12693333333333331,2.0,,7.0,6.0,False,10,46.66666666666667,612.9984000000001,0.6013333333333333,
185,4i,150.0,4,2.9903,2,21.69,False,2,4.9669,21.69,47.19,scenario_straight_heavy,val,development,0.25,20.69,-6.623700000000001,0.1446,1.0,-352.0,0.0,4.0,False,15,26.666666666666668,287.0688,0.6896666666666668,
190,4i,150.0,3,3.2432,1,1.0,False,2,4.8647,2.11,22.36,scenario_straight_heavy,val,development,0.25,-4.0,2.1279,0.006666666666666667,1.0,-282.86,0.0,9.0,False,20,20.0,233.5104,-0.13333333333333333,
195,4i,150.0,3,17.1522,1,1.0,False,0,,,,scenario_straight_heavy,val,development,0.25,-18.04,17.151600000000002,0.006666666666666667,-1.0,,0.0,14.0,False,25,20.0,1234.9584,-0.6013333333333333,
200,4i,150.0,4,10.9569,1,1.0,False,1,26.0546,376.85,376.85,scenario_straight_heavy,val,development,0.25,-18.04,8.0895,0.006666666666666667,-1.0,-0.3599999999999568,0.0,19.0,False,30,26.666666666666668,1051.8624,-0.6013333333333333,
205,4i,150.0,3,5.8339,2,8.15,False,1,26.9167,242.99,242.99,scenario_straight_heavy,val,development,0.25,-10.889999999999999,4.2165,0.05433333333333334,-1.0,0.15000000000000568,0.0,24.0,False,35,20.0,420.0408,-0.36299999999999993,
210,4i,150.0,3,8.3203,2,8.0,False,1,24.9609,110.89,110.89,scenario_straight_heavy,val,development,0.25,-11.04,4.6715,0.05333333333333334,-1.0,-8.480000000000004,1.0,4.0,False,40,20.0,599.0616,-0.368,
215,4i,150.0,2,8.1446,0,0.0,False,1,11.8479,26.53,26.53,scenario_straight_heavy,val,development,0.25,-21.69,5.154300000000001,0.0,-1.0,-20.659999999999997,2.0,2.0,False,45,13.333333333333334,390.9408000000001,-0.7230000000000001,
220,4i,150.0,1,0.0,0,0.0,False,1,0.0,1.0,1.0,scenario_straight_heavy,val,development,0.25,-1.0,-3.2432,0.0,-1.0,-21.36,3.0,1.0,False,50,6.666666666666667,0.0,-0.03333333333333333,
225,4i,150.0,2,12.6951,1,1.0,False,1,0.0,1.0,1.0,scenario_straight_heavy,val,development,0.25,0.0,-4.4571000000000005,0.006666666666666667,1.0,,3.0,6.0,False,55,13.333333333333334,609.3648000000001,0.0,
230,4i,150.0,2,5.6951,1,1.0,False,1,0.0,1.0,1.0,scenario_straight_heavy,val,development,0.25,0.0,-5.261799999999999,0.006666666666666667,0.0,-375.85,4.0,4.0,True,,13.333333333333334,273.3648,0.0,
235,4i,150.0,2,0.2046,1,1.0,False,1,0.0,1.0,1.0,scenario_straight_heavy,val,development,0.25,-7.15,-5.6293,0.006666666666666667,0.0,-241.99,4.0,9.0,True,,13.333333333333334,9.8208,-0.23833333333333334,
240,4i,150.0,4,11.9449,2,5.0,False,1,0.0,1.0,1.0,scenario_straight_heavy,val,development,0.25,-3.0,3.624600000000001,0.03333333333333333,0.0,-109.89,4.0,14.0,True,,26.666666666666668,1146.7104000000002,-0.1,
245,4i,150.0,5,9.1543,2,5.0,False,2,13.3181,1.0,377.83,scenario_straight_heavy,val,development,0.25,5.0,1.0096999999999987,0.03333333333333333,1.0,351.29999999999995,4.0,19.0,True,,33.333333333333336,1098.516,0.16666666666666666,
250,4i,150.0,5,2.9118,2,5.0,False,2,13.7863,1.0,241.98,scenario_straight_heavy,val,development,0.25,5.0,2.9118,0.03333333333333333,1.0,240.98,4.0,24.0,True,,33.333333333333336,349.41600000000005,0.16666666666666666,
255,4i,150.0,6,4.6449,4,5.0,False,2,11.0692,1.0,116.5,scenario_straight_heavy,val,development,0.25,4.0,-8.0502,0.03333333333333333,1.0,115.5,5.0,4.0,False,5,40.0,668.8656000000001,0.13333333333333333,
260,4i,150.0,6,2.001,4,5.0,False,3,12.405,1.0,376.97,scenario_straight_heavy,val,development,0.25,4.0,-3.6941,0.03333333333333333,2.0,375.97,6.0,2.0,True,,40.0,288.144,0.13333333333333333,
265,4i,150.0,6,0.0371,5,9.0,False,3,8.9083,1.0,244.67,scenario_straight_heavy,val,development,0.25,8.0,-0.1675,0.06,2.0,243.67,7.0,1.0,False,5,40.0,5.3424000000000005,0.26666666666666666,
270,4i,150.0,7,3.3176,6,23.04,False,3,7.7411,1.0,113.81,scenario_straight_heavy,val,development,0.25,18.04,-8.6273,0.1536,2.0,112.81,7.0,6.0,False,10,46.66666666666667,557.3568,0.6013333333333333,
275,4i,150.0,4,3.2625,1,1.0,False,4,13.5713,21.0,399.42,scenario_straight_heavy,val,development,0.25,-4.0,-5.891799999999999,0.006666666666666667,2.0,21.590000000000032,0.0,4.0,False,15,26.666666666666668,313.20000000000005,-0.13333333333333333,
280,4i,150.0,3,3.0475,1,1.0,False,4,13.2828,2.87,303.96,scenario_straight_heavy,val,development,0.25,-4.0,0.13569999999999993,0.006666666666666667,2.0,61.97999999999999,0.0,9.0,False,20,20.0,219.42000000000002,-0.13333333333333333,
285,4i,150.0,3,15.9188,1,1.0,False,2,21.5896,141.44,209.99,scenario_straight_heavy,val,development,0.25,-4.0,11.2739,0.006666666666666667,0.0,93.49000000000001,0.0,14.0,False,25,20.0,1146.1535999999999,-0.13333333333333333,
290,4i,150.0,4,12.4945,1,1.0,False,2,16.1809,43.48,116.18,scenario_straight_heavy,val,development,0.25,-4.0,10.493500000000001,0.006666666666666667,-1.0,-260.79,0.0,19.0,False,30,26.666666666666668,1199.4720000000002,-0.13333333333333333,
295,4i,150.0,3,6.2772,1,1.0,False,2,9.4158,8.8,32.06,scenario_straight_heavy,val,development,0.25,-8.0,6.2401,0.006666666666666667,-1.0,-212.60999999999999,0.0,24.0,False,35,20.0,451.9584,-0.26666666666666666,
300,4i,150.0,3,8.1637,2,8.0,False,1,0.0002,8.0,8.0,scenario_straight_heavy,val,development,0.25,-15.04,4.8461,0.05333333333333334,-2.0,-105.81,1.0,4.0,False,40,20.0,587.7864000000001,-0.5013333333333333,
305,4i,150.0,2,8.5099,0,0.0,False,1,4.444,0.92,0.92,scenario_straight_heavy,val,development,0.25,-1.0,5.2474,0.0,-3.0,-398.5,2.0,2.0,False,45,13.333333333333334,408.47520000000003,-0.03333333333333333,
310,4i,150.0,1,0.6618,0,0.0,False,0,,,,scenario_straight_heavy,val,development,0.25,-1.0,-2.3857,0.0,-4.0,,3.0,1.0,False,50,6.666666666666667,15.883200000000002,-0.03333333333333333,
315,4i,150.0,2,12.6453,1,1.0,False,0,,,,scenario_straight_heavy,val,development,0.25,0.0,-3.2734999999999985,0.006666666666666667,-2.0,,3.0,6.0,False,55,13.333333333333334,606.9744000000001,0.0,
320,4i,150.0,2,5.9031,1,1.0,False,1,27.2201,374.55,374.55,scenario_straight_heavy,val,development,0.25,0.0,-6.5914,0.006666666666666667,-1.0,258.37,4.0,4.0,True,,13.333333333333334,283.34880000000004,0.0,
325,4i,150.0,2,0.3565,1,1.0,False,1,27.3955,239.72,239.72,scenario_straight_heavy,val,development,0.25,0.0,-5.9207,0.006666666666666667,-1.0,207.66,4.0,9.0,True,,13.333333333333334,17.112,0.0,
330,4i,150.0,5,15.1621,2,5.0,False,1,26.1298,103.66,103.66,scenario_straight_heavy,val,development,0.25,-3.0,6.9984,0.03333333333333333,0.0,95.66,4.0,14.0,True,,33.333333333333336,1819.4520000000002,-0.1,
335,4i,150.0,5,7.0413,2,5.0,False,1,11.3323,17.0,17.0,scenario_straight_heavy,val,development,0.25,5.0,-1.4686000000000003,0.03333333333333333,0.0,16.08,4.0,19.0,True,,33.333333333333336,844.956,0.16666666666666666,
340,4i,150.0,5,0.0307,4,5.0,False,1,0.0,1.0,1.0,scenario_straight_heavy,val,development,0.25,5.0,-0.6311000000000001,0.03333333333333333,1.0,,4.0,24.0,True,,33.333333333333336,3.6840000000000006,0.16666666666666666,
345,4i,150.0,6,4.0325,5,9.0,False,1,0.0,1.0,1.0,scenario_straight_heavy,val,development,0.25,8.0,-8.6128,0.06,1.0,,5.0,4.0,False,5,40.0,580.68,0.26666666666666666,
350,4i,150.0,6,1.7848,5,9.0,False,2,13.0839,1.0,375.15,scenario_straight_heavy,val,development,0.25,8.0,-4.1183000000000005,0.06,1.0,0.5999999999999659,6.0,2.0,True,,40.0,257.0112,0.26666666666666666,
355,4i,150.0,6,0.0249,6,13.12,False,2,13.4237,1.0,241.23,scenario_straight_heavy,val,development,0.25,12.12,-0.3316,0.08746666666666666,1.0,1.509999999999991,7.0,1.0,False,5,40.0,3.5856,0.40399999999999997,
360,4i,150.0,7,3.448,6,13.0,False,2,12.068,1.0,110.98,scenario_straight_heavy,val,development,0.25,8.0,-11.7141,0.08666666666666667,1.0,7.320000000000007,7.0,6.0,False,10,46.66666666666667,579.2640000000001,0.26666666666666666,
365,4i,150.0,3,4.6881,1,1.0,False,2,5.0681,1.0,32.3,scenario_straight_heavy,val,development,0.25,-4.0,-2.3531999999999993,0.006666666666666667,1.0,15.299999999999997,0.0,4.0,False,15,20.0,337.54320000000007,-0.13333333333333333,
370,4i,150.0,1,0.0,1,1.0,False,1,0.0,1.0,1.0,scenario_straight_heavy,val,development,0.25,-4.0,-0.0307,0.006666666666666667,0.0,0.0,0.0,9.0,False,20,6.666666666666667,0.0,-0.13333333333333333,
375,4i,150.0,4,19.0102,1,1.0,False,1,0.0,1.0,1.0,scenario_straight_heavy,val,development,0.25,-8.0,14.977700000000002,0.006666666666666667,0.0,0.0,0.0,14.0,False,25,26.666666666666668,1824.9792000000002,-0.26666666666666666,
380,4i,150.0,4,10.9841,1,1.0,False,1,0.0,1.0,1.0,scenario_straight_heavy,val,development,0.25,-8.0,9.1993,0.006666666666666667,-1.0,-374.15,0.0,19.0,False,30,26.666666666666668,1054.4736,-0.26666666666666666,
385,4i,150.0,2,1.0543,1,1.0,False,1,0.0,1.0,1.0,scenario_straight_heavy,val,development,0.25,-12.12,1.0294,0.006666666666666667,-1.0,-240.23,0.0,24.0,False,35,13.333333333333334,50.6064,-0.40399999999999997,
390,4i,150.0,3,8.2284,2,5.0,False,1,0.0,1.0,1.0,scenario_straight_heavy,val,development,0.25,-8.0,4.7804,0.03333333333333333,-1.0,-109.98,1.0,4.0,False,40,20.0,592.4448,-0.26666666666666666,
395,4i,150.0,1,12.7764,0,0.0,False,0,,,,scenario_straight_heavy,val,development,0.25,-1.0,8.0883,0.0,-2.0,,2.0,2.0,False,45,6.666666666666667,306.63360000000006,-0.03333333333333333,
400,4i,150.0,1,0.0,0,0.0,False,0,,,,scenario_straight_heavy,val,development,0.25,-1.0,0.0,0.0,-1.0,,3.0,1.0,False,50,6.666666666666667,0.0,-0.03333333333333333,
405,4i,150.0,2,12.3676,1,1.0,False,0,,,,scenario_straight_heavy,val,development,0.25,0.0,-6.642600000000002,0.006666666666666667,-1.0,,3.0,6.0,False,55,13.333333333333334,593.6448,0.0,
410,4i,150.0,2,5.455,1,1.0,False,1,27.6598,376.26,376.26,scenario_straight_heavy,val,development,0.25,0.0,-5.5291,0.006666666666666667,0.0,375.26,4.0,4.0,True,,13.333333333333334,261.84000000000003,0.0,
415,4i,150.0,2,0.3161,1,1.0,False,1,27.0336,241.89,241.89,scenario_straight_heavy,val,development,0.25,0.0,-0.7382,0.006666666666666667,0.0,240.89,4.0,9.0,True,,13.333333333333334,15.172800000000002,0.0,
420,4i,150.0,4,12.5456,2,5.0,False,1,25.3339,111.01,111.01,scenario_straight_heavy,val,development,0.25,0.0,4.3172,0.03333333333333333,0.0,110.01,4.0,14.0,True,,26.666666666666668,1204.3776,0.0,
425,4i,150.0,5,8.8689,2,5.0,False,1,13.3298,24.34,24.34,scenario_straight_heavy,val,development,0.25,5.0,-3.9075000000000006,0.03333333333333333,1.0,,4.0,19.0,True,,33.333333333333336,1064.268,0.16666666666666666,
430,4i,150.0,5,2.6785,2,5.0,False,1,0.0,1.0,1.0,scenario_straight_heavy,val,development,0.25,5.0,2.6785,0.03333333333333333,1.0,,4.0,24.0,True,,33.333333333333336,321.42,0.16666666666666666,
435,4i,150.0,5,0.0001,4,9.0,False,1,0.0,1.0,1.0,scenario_straight_heavy,val,development,0.25,8.0,-12.3675,0.06,1.0,,5.0,4.0,False,5,33.333333333333336,0.012000000000000002,0.26666666666666666,
440,4i,150.0,6,2.4062,5,9.0,False,2,12.2127,1.0,384.27,scenario_straight_heavy,val,development,0.25,8.0,-3.0488,0.06,1.0,8.009999999999991,6.0,2.0,True,,40.0,346.49280000000005,0.26666666666666666,
445,4i,150.0,6,1.6661,5,9.0,False,2,12.3516,1.0,262.37,scenario_straight_heavy,val,development,0.25,8.0,1.3499999999999999,0.06,1.0,20.480000000000018,7.0,1.0,False,5,40.0,239.9184,0.26666666666666666,
450,4i,150.0,7,4.1223,5,9.0,False,2,11.6798,1.0,141.16,scenario_straight_heavy,val,development,0.25,4.0,-8.423300000000001,0.06,1.0,30.14999999999999,7.0,6.0,False,10,46.66666666666667,692.5464000000001,0.13333333333333333,
455,4i,150.0,3,5.1522,1,1.0,False,1,12.3915,54.2,54.2,scenario_straight_heavy,val,development,0.25,-4.0,-3.7167000000000003,0.006666666666666667,0.0,29.860000000000003,0.0,4.0,False,15,20.0,370.9584,-0.13333333333333333,
460,4i,150.0,2,4.3852,1,1.0,False,1,8.7703,10.67,10.67,scenario_straight_heavy,val,development,0.25,-4.0,1.7067,0.006666666666666667,0.0,9.67,0.0,9.0,False,20,13.333333333333334,210.48960000000002,-0.13333333333333333,
465,4i,150.0,4,18.6369,1,1.0,False,0,,,,scenario_straight_heavy,val,development,0.25,-8.0,18.6368,0.006666666666666667,-1.0,,0.0,14.0,False,25,26.666666666666668,1789.1424000000004,-0.26666666666666666,
470,4i,150.0,4,10.6117,1,1.0,False,0,,,,scenario_straight_heavy,val,development,0.25,-8.0,8.2055,0.006666666666666667,-2.0,,0.0,19.0,False,30,26.666666666666668,1018.7232,-0.26666666666666666,
475,4i,150.0,2,0.787,1,1.0,False,0,,,,scenario_straight_heavy,val,development,0.25,-8.0,-0.8790999999999999,0.006666666666666667,-2.0,,0.0,24.0,False,35,13.333333333333334,37.776,-0.26666666666666666,
480,4i,150.0,3,7.8322,2,15.04,False,0,,,,scenario_straight_heavy,val,development,0.25,6.039999999999999,3.7099,0.10026666666666666,-2.0,,1.0,4.0,False,40,20.0,563.9184,0.2013333333333333,
485,4i,150.0,2,7.169,0,0.0,False,0,,,,scenario_straight_heavy,val,development,0.25,-1.0,2.0168,0.0,-1.0,,2.0,2.0,False,45,13.333333333333334,344.112,-0.03333333333333333,
490,4i,150.0,2,0.2477,0,0.0,False,0,,,,scenario_straight_heavy,val,development,0.25,-1.0,-4.1375,0.0,-1.0,,3.0,1.0,False,50,13.333333333333334,11.889600000000002,-0.03333333333333333,
495,4i,150.0,3,8.3471,2,1.0,False,0,,,,scenario_straight_heavy,val,development,0.25,0.0,-10.289800000000001,0.006666666666666667,0.0,,3.0,6.0,False,55,20.0,600.9911999999999,0.0,
500,4i,150.0,3,3.8042,2,1.0,False,2,22.5794,376.71,398.58,scenario_straight_heavy,val,development,0.25,0.0,-6.807500000000001,0.006666666666666667,2.0,,4.0,4.0,True,,20.0,273.9024,0.0,
505,4i,150.0,3,0.0738,3,5.11,False,2,22.6679,241.48,304.97,scenario_straight_heavy,val,development,0.25,4.11,-0.7132000000000001,0.03406666666666667,2.0,,4.0,9.0,True,,20.0,5.313600000000001,0.137,
510,4i,150.0,4,5.9089,3,5.0,False,2,20.9403,110.19,212.43,scenario_straight_heavy,val,development,0.25,-10.04,-1.9233000000000002,0.03333333333333333,2.0,,4.0,14.0,True,,26.666666666666668,567.2544,-0.3346666666666666,
515,4i,150.0,6,7.2836,3,5.0,False,2,14.5282,28.18,123.94,scenario_straight_heavy,val,development,0.25,5.0,0.11460000000000026,0.03333333333333333,2.0,,4.0,19.0,True,,40.0,1048.8384,0.16666666666666666,
520,4i,150.0,6,4.306,3,5.0,False,2,7.8238,8.04,39.97,scenario_straight_heavy,val,development,0.25,5.0,4.0583,0.03333333333333333,2.0,,4.0,24.0,True,,40.0,620.064,0.16666666666666666,
525,4i,150.0,7,4.1627,4,8.0,False,2,0.897,1.0,8.0,scenario_straight_heavy,val,development,0.25,7.0,-4.184399999999999,0.05333333333333334,2.0,,5.0,4.0,False,5,46.66666666666667,699.3336,0.23333333333333334,
530,4i,150.0,7,1.7404,5,8.0,False,2,0.0,1.0,8.0,scenario_straight_heavy,val,development,0.25,7.0,-2.0637999999999996,0.05333333333333334,0.0,-390.58,6.0,2.0,True,,46.66666666666667,292.3872,0.23333333333333334,
535,4i,150.0,7,0.0365,6,9.0,False,2,0.0,1.0,8.0,scenario_straight_heavy,val,development,0.25,3.8899999999999997,-0.03730000000000001,0.06,0.0,-296.97,7.0,1.0,False,5,46.66666666666667,6.132,0.12966666666666665,
540,4i,150.0,8,3.1144,7,23.04,False,2,0.0,1.0,8.0,scenario_straight_heavy,val,development,0.25,18.04,-2.7945,0.1536,0.0,-204.43,7.0,6.0,False,10,53.333333333333336,597.9648000000001,0.6013333333333333,
545,4i,150.0,5,3.3919,2,8.0,False,3,15.5558,8.0,397.22,scenario_straight_heavy,val,development,0.25,3.0,-3.8916999999999997,0.05333333333333334,1.0,273.28000000000003,0.0,4.0,False,15,33.333333333333336,407.0280000000001,0.1,
550,4i,150.0,4,3.0356,2,8.0,False,3,15.5748,8.0,302.18,scenario_straight_heavy,val,development,0.25,3.0,-1.2704,0.05333333333333334,1.0,262.21000000000004,0.0,9.0,False,20,26.666666666666668,291.4176,0.1,
555,4i,150.0,4,12.5798,2,8.0,False,3,14.3091,8.0,205.84,scenario_straight_heavy,val,development,0.25,0.0,8.417100000000001,0.05333333333333334,1.0,197.84,0.0,14.0,False,25,26.666666666666668,1207.6608,0.0,
560,4i,150.0,5,8.2297,2,8.0,False,3,9.3693,8.0,112.74,scenario_straight_heavy,val,development,0.25,0.0,6.489299999999999,0.05333333333333334,1.0,104.74,0.0,19.0,False,30,33.333333333333336,987.564,0.0,
565,4i,150.0,4,4.1888,3,12.04,False,3,5.5851,8.0,28.18,scenario_straight_heavy,val,development,0.25,3.039999999999999,4.152299999999999,0.08026666666666667,1.0,20.18,0.0,24.0,False,35,26.666666666666668,402.1248,0.1013333333333333,
570,4i,150.0,4,6.0982,3,12.0,False,2,0.0,8.0,12.0,scenario_straight_heavy,val,development,0.25,-11.04,2.9838000000000005,0.08,0.0,4.0,1.0,4.0,False,40,26.666666666666668,585.4272000000001,-0.368,
575,4i,150.0,3,5.4516,1,11.21,False,2,2.0631,3.1,11.21,scenario_straight_heavy,val,development,0.25,3.210000000000001,2.0597,0.07473333333333333,-1.0,-386.01000000000005,2.0,2.0,False,45,20.0,392.5152,0.10700000000000003,
580,4i,150.0,1,0.0,0,0.0,False,0,,,,scenario_straight_heavy,val,development,0.25,-8.0,-3.0356,0.0,-3.0,,3.0,1.0,False,50,6.666666666666667,0.0,-0.26666666666666666,
585,4i,150.0,2,12.2287,1,1.0,False,0,,,,scenario_straight_heavy,val,development,0.25,-7.0,-0.35110000000000063,0.006666666666666667,-3.0,,3.0,6.0,False,55,13.333333333333334,586.9776,-0.23333333333333334,
590,4i,150.0,2,5.3354,1,1.0,False,1,27.3931,374.6,374.6,scenario_straight_heavy,val,development,0.25,-7.0,-2.8942999999999994,0.006666666666666667,-2.0,261.86,4.0,4.0,True,,13.333333333333334,256.09920000000005,-0.23333333333333334,
595,4i,150.0,2,0.1104,1,1.0,False,1,26.07,241.85,241.85,scenario_straight_heavy,val,development,0.25,-11.04,-4.078399999999999,0.006666666666666667,-2.0,213.67,4.0,9.0,True,,13.333333333333334,5.299200000000001,-0.368,
600,4i,150.0,5,14.9502,2,5.0,False,1,25.4347,110.79,110.79,scenario_straight_heavy,val,development,0.25,-7.0,8.852,0.03333333333333333,-1.0,98.79,4.0,14.0,True,,33.333333333333336,1794.0240000000001,-0.23333333333333334,
605,4i,150.0,5,7.3331,2,5.0,False,2,15.5726,19.98,399.07,scenario_straight_heavy,val,development,0.25,-6.210000000000001,1.8815,0.03333333333333333,0.0,387.86,4.0,19.0,True,,33.333333333333336,879.9720000000001,-0.20700000000000002,
610,4i,150.0,5,0.0821,5,9.05,False,2,9.4932,1.0,305.76,scenario_straight_heavy,val,development,0.25,9.05,0.0821,0.060333333333333336,2.0,,4.0,24.0,True,,33.333333333333336,9.852000000000002,0.3016666666666667,
615,4i,150.0,5,0.0,5,9.0,False,2,9.4177,1.0,212.83,scenario_straight_heavy,val,development,0.25,8.0,-12.2287,0.06,2.0,,5.0,4.0,False,5,33.333333333333336,0.0,0.26666666666666666,
620,4i,150.0,6,2.9642,5,9.0,False,2,8.8926,1.0,119.39,scenario_straight_heavy,val,development,0.25,8.0,-2.3712,0.06,1.0,-255.21000000000004,6.0,2.0,True,,40.0,426.8448,0.26666666666666666,
625,4i,150.0,6,1.8146,5,9.0,False,2,5.4439,1.0,51.83,scenario_straight_heavy,val,development,0.25,8.0,1.7042,0.06,1.0,-190.01999999999998,7.0,1.0,False,5,40.0,261.30240000000003,0.26666666666666666,
630,4i,150.0,7,4.1218,5,9.0,False,2,1.9604,1.0,17.82,scenario_straight_heavy,val,development,0.25,4.0,-10.8284,0.06,1.0,-92.97,7.0,6.0,False,10,46.66666666666667,692.4624000000002,0.13333333333333333,
635,4i,150.0,3,5.5634,1,1.0,False,5,16.031,1.0,385.74,scenario_straight_heavy,val,development,0.25,-4.0,-1.7697000000000003,0.006666666666666667,3.0,-13.329999999999984,0.0,4.0,False,15,20.0,400.5648,-0.13333333333333333,
640,4i,150.0,2,5.4921,1,1.0,False,4,18.9936,1.0,264.88,scenario_straight_heavy,val,development,0.25,-8.05,5.41,0.006666666666666667,2.0,-40.879999999999995,0.0,9.0,False,20,13.333333333333334,263.62080000000003,-0.26833333333333337,
645,4i,150.0,4,19.4924,1,1.0,False,4,19.4924,1.0,143.04,scenario_straight_heavy,val,development,0.25,-8.0,19.4924,0.006666666666666667,2.0,-69.79000000000002,0.0,14.0,False,25,26.666666666666668,1871.2704,-0.26666666666666666,
650,4i,150.0,4,11.8599,1,1.0,False,4,11.8599,1.0,41.72,scenario_straight_heavy,val,development,0.25,-8.0,8.8957,0.006666666666666667,2.0,-77.67,0.0,19.0,False,30,26.666666666666668,1138.5504,-0.26666666666666666,
655,4i,150.0,2,1.0958,1,1.0,False,2,1.0958,1.0,5.69,scenario_straight_heavy,val,development,0.25,-8.0,-0.7187999999999999,0.006666666666666667,0.0,-46.14,0.0,24.0,False,35,13.333333333333334,52.598400000000005,-0.26666666666666666,
660,4i,150.0,3,8.1597,2,5.0,False,2,0.0013,1.0,5.0,scenario_straight_heavy,val,development,0.25,-4.0,4.0379000000000005,0.03333333333333333,0.0,-12.82,1.0,4.0,False,40,20.0,587.4984000000001,-0.13333333333333333,
665,4i,150.0,1,12.0588,0,0.0,False,0,,,,scenario_straight_heavy,val,development,0.25,-1.0,6.4954,0.0,-5.0,,2.0,2.0,False,45,6.666666666666667,289.4112,-0.03333333333333333,
670,4i,150.0,1,0.0,0,0.0,False,0,,,,scenario_straight_heavy,val,development,0.25,-1.0,-5.4921,0.0,-4.0,,3.0,1.0,False,50,6.666666666666667,0.0,-0.03333333333333333,
675,4i,150.0,2,12.2573,1,1.0,False,0,,,,scenario_straight_heavy,val,development,0.25,0.0,-7.235099999999999,0.006666666666666667,-4.0,,3.0,6.0,False,55,13.333333333333334,588.3504,0.0,
680,4i,150.0,2,5.7674,1,1.0,False,1,19.2501,399.46,399.46,scenario_straight_heavy,val,development,0.25,0.0,-6.092499999999999,0.006666666666666667,-3.0,357.74,4.0,4.0,True,,13.333333333333334,276.83520000000004,0.0,
685,4i,150.0,2,0.0312,2,5.06,False,1,19.0366,305.39,305.39,scenario_straight_heavy,val,development,0.25,4.06,-1.0646000000000002,0.03373333333333333,-1.0,299.7,4.0,9.0,True,,13.333333333333334,1.4976,0.13533333333333333,
690,4i,150.0,4,12.0199,2,5.0,False,1,19.1679,210.49,210.49,scenario_straight_heavy,val,development,0.25,0.0,3.860199999999999,0.03333333333333333,-1.0,205.49,4.0,14.0,True,,26.666666666666668,1153.9104,0.0,
695,4i,150.0,5,9.96,2,5.0,False,1,18.6451,116.87,116.87,scenario_straight_heavy,val,development,0.25,5.0,-2.098799999999999,0.03333333333333333,1.0,,4.0,19.0,True,,33.333333333333336,1195.2,0.16666666666666666,
700,4i,150.0,5,3.3676,2,5.0,False,1,14.4155,28.66,28.66,scenario_straight_heavy,val,development,0.25,5.0,3.3676,0.03333333333333333,1.0,,4.0,24.0,True,,33.333333333333336,404.112,0.16666666666666666,
705,4i,150.0,6,3.8011,4,9.0,False,1,0.0,1.0,1.0,scenario_straight_heavy,val,development,0.25,8.0,-8.4562,0.06,1.0,,5.0,4.0,False,5,40.0,547.3584000000001,0.26666666666666666,
710,4i,150.0,6,1.6976,5,9.0,False,1,0.0,1.0,1.0,scenario_straight_heavy,val,development,0.25,8.0,-4.069800000000001,0.06,0.0,-398.46,6.0,2.0,True,,40.0,244.45440000000002,0.26666666666666666,
715,4i,150.0,6,0.0037,6,16.01,False,1,0.0,1.0,1.0,scenario_straight_heavy,val,development,0.25,10.950000000000003,-0.027499999999999997,0.10673333333333335,0.0,-304.39,7.0,1.0,False,5,40.0,0.5328,0.3650000000000001,
720,4i,150.0,6,0.0,6,16.0,False,1,0.0,1.0,1.0,scenario_straight_heavy,val,development,0.25,11.0,-12.0199,0.10666666666666667,0.0,-209.49,7.0,6.0,False,10,40.0,0.0,0.36666666666666664,
725,4i,150.0,4,5.4167,1,1.0,False,1,0.0,1.0,1.0,scenario_straight_heavy,val,development,0.25,-4.0,-4.543300000000001,0.006666666666666667,0.0,-115.87,0.0,4.0,False,15,26.666666666666668,520.0032,-0.13333333333333333,
730,4i,150.0,2,6.7549,1,1.0,False,1,0.0,1.0,1.0,scenario_straight_heavy,val,development,0.25,-4.0,3.3873,0.006666666666666667,0.0,-27.66,0.0,9.0,False,20,13.333333333333334,324.2352,-0.13333333333333333,
735,4i,150.0,2,11.8432,1,1.0,False,1,0.0,1.0,1.0,scenario_straight_heavy,val,development,0.25,-8.0,8.0421,0.006666666666666667,0.0,0.0,0.0,14.0,False,25,13.333333333333334,568.4736,-0.26666666666666666,
740,4i,150.0,4,11.5573,1,1.0,False,2,13.8552,1.0,375.88,scenario_straight_heavy,val,development,0.25,-8.0,9.8597,0.006666666666666667,1.0,374.88,0.0,19.0,False,30,26.666666666666668,1109.5008,-0.26666666666666666,
745,4i,150.0,3,5.921,1,1.0,False,2,13.0696,1.0,242.08,scenario_straight_heavy,val,development,0.25,-15.010000000000002,5.9173,0.006666666666666667,1.0,241.08,0.0,24.0,False,35,20.0,426.312,-0.5003333333333334,
750,4i,150.0,3,7.9975,2,13.71,False,2,11.996,1.0,108.85,scenario_straight_heavy,val,development,0.25,-2.289999999999999,7.9975,0.09140000000000001,1.0,107.85,1.0,4.0,False,40,20.0,575.82,-0.07633333333333331,
755,4i,150.0,2,7.7157,0,0.0,False,1,12.7755,25.32,25.32,scenario_straight_heavy,val,development,0.25,-1.0,2.2990000000000004,0.0,0.0,24.32,2.0,2.0,False,45,13.333333333333334,370.35360000000003,-0.03333333333333333,
760,4i,150.0,1,0.0,0,0.0,False,1,0.0,1.0,1.0,scenario_straight_heavy,val,development,0.25,-1.0,-6.7549,0.0,0.0,0.0,3.0,1.0,False,50,6.666666666666667,0.0,-0.03333333333333333,
765,4i,150.0,1,0.0,1,1.0,False,1,0.0,1.0,1.0,scenario_straight_heavy,val,development,0.25,0.0,-11.8432,0.006666666666666667,0.0,0.0,3.0,6.0,False,55,6.666666666666667,0.0,0.0,
770,4i,150.0,2,7.4734,1,1.0,False,1,0.0,1.0,1.0,scenario_straight_heavy,val,development,0.25,0.0,-4.0839,0.006666666666666667,-1.0,-374.88,4.0,4.0,True,,13.333333333333334,358.7232,0.0,
775,4i,150.0,2,5.2234,1,1.0,False,1,0.0,1.0,1.0,scenario_straight_heavy,val,development,0.25,0.0,-0.6976000000000004,0.006666666666666667,-1.0,-241.08,4.0,9.0,True,,13.333333333333334,250.72320000000002,0.0,
780,4i,150.0,5,15.2226,1,1.0,False,1,0.0,1.0,1.0,scenario_straight_heavy,val,development,0.25,-12.71,7.2251,0.006666666666666667,-1.0,-107.85,4.0,14.0,True,,33.333333333333336,1826.7120000000002,-0.4236666666666667,
785,4i,150.0,5,7.6856,1,1.0,False,1,0.0,1.0,1.0,scenario_straight_heavy,val,development,0.25,1.0,-0.030100000000000016,0.006666666666666667,0.0,-24.32,4.0,19.0,True,,33.333333333333336,922.272,0.03333333333333333,
790,4i,150.0,5,0.14,3,5.0,False,1,0.0,1.0,1.0,scenario_straight_heavy,val,development,0.25,5.0,0.14,0.03333333333333333,0.0,0.0,4.0,24.0,True,,33.333333333333336,16.800000000000004,0.16666666666666666,
795,4i,150.0,6,3.8529,5,19.04,False,1,0.0,1.0,1.0,scenario_straight_heavy,val,development,0.25,18.04,3.8529,0.12693333333333331,0.0,0.0,5.0,4.0,False,5,40.0,554.8176,0.6013333333333333,
800,4i,150.0,6,1.6439,5,19.04,False,1,0.0,1.0,1.0,scenario_straight_heavy,val,development,0.25,18.04,-5.8294999999999995,0.12693333333333331,0.0,0.0,6.0,2.0,True,,40.0,236.72159999999997,0.6013333333333333,
805,4i,150.0,6,0.0964,6,23.28,False,1,0.0,1.0,1.0,scenario_straight_heavy,val,development,0.25,22.28,-5.127,0.1552,0.0,0.0,7.0,1.0,False,5,40.0,13.8816,0.7426666666666667,
810,4i,150.0,7,3.126,6,23.05,False,1,0.0,1.0,1.0,scenario_straight_heavy,val,development,0.25,22.05,-12.0966,0.15366666666666667,0.0,0.0,7.0,6.0,False,10,46.66666666666667,525.1680000000001,0.735,
815,4i,150.0,4,3.2872,1,1.0,False,2,25.611,377.44,384.24,scenario_straight_heavy,val,development,0.25,0.0,-4.3984000000000005,0.006666666666666667,1.0,383.24,0.0,4.0,False,15,26.666666666666668,315.5712,0.0,
820,4i,150.0,3,3.4456,1,1.0,False,2,25.5217,243.22,263.07,scenario_straight_heavy,val,development,0.25,-4.0,3.3056,0.006666666666666667,1.0,262.07,0.0,9.0,False,20,20.0,248.08320000000003,-0.13333333333333333,
825,4i,150.0,4,18.8629,1,1.0,False,2,24.7565,109.39,141.89,scenario_straight_heavy,val,development,0.25,-18.04,15.01,0.006666666666666667,1.0,140.89,0.0,14.0,False,25,26.666666666666668,1810.8384,-0.6013333333333333,
830,4i,150.0,4,11.6359,1,1.0,False,2,16.5232,17.52,40.9,scenario_straight_heavy,val,development,0.25,-18.04,9.991999999999999,0.006666666666666667,1.0,39.9,0.0,19.0,False,30,26.666666666666668,1117.0464000000002,-0.6013333333333333,
835,4i,150.0,2,0.7859,1,1.0,False,1,1.5717,5.04,5.04,scenario_straight_heavy,val,development,0.25,-22.28,0.6895,0.006666666666666667,0.0,4.04,0.0,24.0,False,35,13.333333333333334,37.723200000000006,-0.7426666666666667,
840,4i,150.0,3,8.0896,2,5.0,False,1,0.0,5.0,5.0,scenario_straight_heavy,val,development,0.25,-18.05,4.963600000000001,0.03333333333333333,0.0,4.0,1.0,4.0,False,40,20.0,582.4512000000001,-0.6016666666666667,
845,4i,150.0,2,9.108,0,0.0,False,1,3.1976,0.38,0.38,scenario_straight_heavy,val,development,0.25,-1.0,5.8208,0.0,-1.0,-383.86,2.0,2.0,False,45,13.333333333333334,437.184,-0.03333333333333333,
850,4i,150.0,1,3.2066,0,0.0,False,0,,,,scenario_straight_heavy,val,development,0.25,-1.0,-0.23900000000000032,0.0,-2.0,,3.0,1.0,False,50,6.666666666666667,76.95840000000001,-0.03333333333333333,
855,4i,150.0,2,11.9659,1,1.0,False,0,,,,scenario_straight_heavy,val,development,0.25,0.0,-6.897,0.006666666666666667,-2.0,,3.0,6.0,False,55,13.333333333333334,574.3632,0.0,
860,4i,150.0,2,7.3515,1,1.0,False,2,27.3484,373.89,376.25,scenario_straight_heavy,val,development,0.25,0.0,-4.2844,0.006666666666666667,0.0,335.35,4.0,4.0,True,,13.333333333333334,352.872,0.0,
865,4i,150.0,2,1.0216,1,1.0,False,2,26.5421,239.25,239.83,scenario_straight_heavy,val,development,0.25,0.0,0.23570000000000002,0.006666666666666667,1.0,234.79000000000002,4.0,9.0,True,,13.333333333333334,49.03680000000001,0.0,
870,4i,150.0,4,12.3046,2,8.0,False,2,24.6044,106.77,107.58,scenario_straight_heavy,val,development,0.25,3.0,4.215,0.05333333333333334,1.0,102.58,4.0,14.0,True,,26.666666666666668,1181.2416000000003,0.1,
875,4i,150.0,5,7.8576,2,8.0,False,2,12.4144,20.27,22.98,scenario_straight_heavy,val,development,0.25,8.0,-1.2504000000000008,0.05333333333333334,1.0,22.6,4.0,19.0,True,,33.333333333333336,942.912,0.26666666666666666,
880,4i,150.0,5,1.9919,4,8.0,False,2,0.0,1.0,1.0,scenario_straight_heavy,val,development,0.25,8.0,-1.2147,0.05333333333333334,2.0,,4.0,24.0,True,,33.333333333333336,239.02800000000002,0.26666666666666666,
885,4i,150.0,6,4.4226,4,8.0,False,2,0.0,1.0,1.0,scenario_straight_heavy,val,development,0.25,7.0,-7.5432999999999995,0.05333333333333334,2.0,,5.0,4.0,False,5,40.0,636.8543999999999,0.23333333333333334,
890,4i,150.0,6,1.9341,4,8.0,False,3,6.4228,1.0,396.44,scenario_straight_heavy,val,development,0.25,7.0,-5.4174,0.05333333333333334,1.0,20.189999999999998,6.0,2.0,True,,40.0,278.5104,0.23333333333333334,
895,4i,150.0,6,0.0527,5,15.0,False,3,6.4031,1.0,300.51,scenario_straight_heavy,val,development,0.25,14.0,-0.9689000000000001,0.1,1.0,60.67999999999998,7.0,1.0,False,5,40.0,7.5888,0.4666666666666667,
900,4i,150.0,6,0.0,6,29.04,False,3,6.0219,1.0,205.91,scenario_straight_heavy,val,development,0.25,21.04,-12.3046,0.1936,1.0,98.33,7.0,6.0,False,10,40.0,0.0,0.7013333333333333,
905,4i,150.0,4,4.4988,1,1.0,False,3,10.8652,1.0,397.18,scenario_straight_heavy,val,development,0.25,-7.0,-3.3587999999999996,0.006666666666666667,1.0,374.2,0.0,4.0,False,15,26.666666666666668,431.8848,-0.23333333333333334,
910,4i,150.0,3,5.6098,1,1.0,False,3,9.8785,1.0,301.49,scenario_straight_heavy,val,development,0.25,-7.0,3.6178999999999997,0.006666666666666667,1.0,300.49,0.0,9.0,False,20,20.0,403.9056,-0.23333333333333334,
915,4i,150.0,3,11.3691,1,1.0,False,3,9.9839,1.0,205.68,scenario_straight_heavy,val,development,0.25,-7.0,6.9464999999999995,0.006666666666666667,1.0,204.68,0.0,14.0,False,25,20.0,818.5752,-0.23333333333333334,
920,4i,150.0,4,11.2834,1,1.0,False,3,13.9471,1.0,375.83,scenario_straight_heavy,val,development,0.25,-7.0,9.3493,0.006666666666666667,0.0,-20.610000000000014,0.0,19.0,False,30,26.666666666666668,1083.2064,-0.23333333333333334,
925,4i,150.0,3,9.4003,1,1.0,False,3,12.3859,1.0,242.11,scenario_straight_heavy,val,development,0.25,-14.0,9.3476,0.006666666666666667,0.0,-58.39999999999998,0.0,24.0,False,35,20.0,676.8216,-0.4666666666666667,
930,4i,150.0,4,8.3488,1,1.0,False,3,9.4223,1.0,114.84,scenario_straight_heavy,val,development,0.25,-28.04,8.3488,0.006666666666666667,0.0,-91.07,1.0,4.0,False,40,26.666666666666668,801.4848000000001,-0.9346666666666666,
935,4i,150.0,3,5.705,1,1.0,False,2,8.5571,2.61,32.53,scenario_straight_heavy,val,development,0.25,0.0,1.2062,0.006666666666666667,-1.0,-364.65,2.0,2.0,False,45,20.0,410.76,0.0,
940,4i,150.0,2,0.1635,1,1.0,False,1,0.3269,8.01,8.01,scenario_straight_heavy,val,development,0.25,0.0,-5.4463,0.006666666666666667,-2.0,-293.48,3.0,1.0,False,50,13.333333333333334,7.848000000000001,0.0,
945,4i,150.0,3,8.1998,2,8.0,False,1,0.0,8.0,8.0,scenario_straight_heavy,val,development,0.25,7.0,-3.1693,0.05333333333333334,-2.0,-197.68,3.0,6.0,False,55,20.0,590.3856,0.23333333333333334,
950,4i,150.0,3,3.6793,2,8.0,False,1,0.0,8.0,8.0,scenario_straight_heavy,val,development,0.25,7.0,-7.604100000000001,0.05333333333333334,-2.0,-367.83,4.0,4.0,True,,20.0,264.9096,0.23333333333333334,
955,4i,150.0,3,0.0078,3,12.01,False,1,0.0,8.0,8.0,scenario_straight_heavy,val,development,0.25,11.01,-9.3925,0.08006666666666666,-2.0,-234.11,4.0,9.0,True,,20.0,0.5616,0.367,
960,4i,150.0,6,12.1971,3,12.0,False,1,0.0,8.0,8.0,scenario_straight_heavy,val,development,0.25,11.0,3.8483,0.08,-2.0,-106.84,4.0,14.0,True,,40.0,1756.3824000000002,0.36666666666666664,
965,4i,150.0,6,6.6285,3,12.0,False,1,0.0,8.0,8.0,scenario_straight_heavy,val,development,0.25,11.0,0.9234999999999998,0.08,-1.0,-24.53,4.0,19.0,True,,40.0,954.504,0.36666666666666664,
970,4i,150.0,6,0.1656,4,12.0,False,1,0.0,8.0,8.0,scenario_straight_heavy,val,development,0.25,11.0,0.0020999999999999908,0.08,0.0,-0.009999999999999787,4.0,24.0,True,,40.0,23.846400000000003,0.36666666666666664,
975,4i,150.0,7,3.301,6,16.0,False,1,0.0,8.0,8.0,scenario_straight_heavy,val,development,0.25,8.0,-4.8988,0.10666666666666667,0.0,0.0,5.0,4.0,False,5,46.66666666666667,554.5680000000001,0.26666666666666666,
980,4i,150.0,7,1.3913,6,16.0,False,2,12.4983,8.0,384.35,scenario_straight_heavy,val,development,0.25,8.0,-2.2880000000000003,0.10666666666666667,1.0,376.35,6.0,2.0,True,,46.66666666666667,233.7384,0.26666666666666666,
985,4i,150.0,7,0.0026,7,23.01,False,2,12.384,8.0,264.14,scenario_straight_heavy,val,development,0.25,11.000000000000002,-0.0052,0.1534,1.0,256.14,7.0,1.0,False,5,46.66666666666667,0.4368000000000001,0.36666666666666675,
990,4i,150.0,8,3.0658,7,23.01,False,2,12.2631,8.0,141.99,scenario_straight_heavy,val,development,0.25,11.010000000000002,-9.131300000000001,0.1534,1.0,133.99,7.0,6.0,False,10,53.333333333333336,588.6336,0.36700000000000005,
995,4i,150.0,4,4.5327,1,1.0,False,1,12.7892,51.37,51.37,scenario_straight_heavy,val,development,0.25,-11.0,-2.0957999999999997,0.006666666666666667,0.0,43.37,0.0,4.0,False,15,26.666666666666668,435.1392000000001,-0.36666666666666664,
1000,4i,150.0,2,5.2614,1,1.0,False,1,10.5229,6.5,6.5,scenario_straight_heavy,val,development,0.25,-11.0,5.0958,0.006666666666666667,0.0,-1.5,0.0,9.0,False,20,13.333333333333334,252.54720000000003,-0.36666666666666664,
1005,4i,150.0,4,17.8446,1,1.0,False,0,,,,scenario_straight_heavy,val,development,0.25,-15.0,14.5436,0.006666666666666667,-1.0,,0.0,14.0,False,25,26.666666666666668,1713.0816000000002,-0.5,
1010,4i,150.0,4,12.4015,1,1.0,False,1,24.3519,382.72,382.72,scenario_straight_heavy,val,development,0.25,-15.0,11.010200000000001,0.006666666666666667,-1.0,-1.6299999999999955,0.0,19.0,False,30,26.666666666666668,1190.544,-0.5,
1015,4i,150.0,2,0.9587,1,1.0,False,1,23.4789,263.54,263.54,scenario_straight_heavy,val,development,0.25,-22.01,0.9561,0.006666666666666667,-1.0,-0.5999999999999659,0.0,24.0,False,35,13.333333333333334,46.0176,-0.7336666666666667,
1020,4i,150.0,3,8.2527,2,5.0,False,1,24.758,142.27,142.27,scenario_straight_heavy,val,development,0.25,-18.01,5.186900000000001,0.03333333333333333,-1.0,0.28000000000000114,1.0,4.0,False,40,20.0,594.1944000000001,-0.6003333333333334,
1025,4i,150.0,1,15.1295,0,0.0,False,2,20.9618,42.6,374.33,scenario_straight_heavy,val,development,0.25,-1.0,10.5968,0.0,1.0,322.96,2.0,2.0,False,45,6.666666666666667,363.108,-0.03333333333333333,
1030,4i,150.0,1,2.7252,0,0.0,False,2,14.5638,2.43,241.62,scenario_straight_heavy,val,development,0.25,-1.0,-2.5362,0.0,1.0,235.12,3.0,1.0,False,50,6.666666666666667,65.40480000000001,-0.03333333333333333,
1035,4i,150.0,2,12.2413,1,1.0,False,2,12.2413,1.0,109.35,scenario_straight_heavy,val,development,0.25,0.0,-5.603299999999999,0.006666666666666667,2.0,,3.0,6.0,False,55,13.333333333333334,587.5824,0.0,
1040,4i,150.0,2,5.7366,1,1.0,False,3,10.2098,1.0,396.87,scenario_straight_heavy,val,development,0.25,0.0,-6.6649,0.006666666666666667,2.0,14.149999999999977,4.0,4.0,True,,13.333333333333334,275.3568,0.0,
1045,4i,150.0,2,0.2026,2,8.13,False,3,6.5073,1.0,300.76,scenario_straight_heavy,val,development,0.25,7.130000000000001,-0.7561,0.054200000000000005,2.0,37.21999999999997,4.0,9.0,True,,13.333333333333334,9.7248,0.2376666666666667,
1050,4i,150.0,4,11.9772,2,8.0,False,3,6.3545,1.0,205.45,scenario_straight_heavy,val,development,0.25,3.0,3.724499999999999,0.05333333333333334,2.0,63.17999999999998,4.0,14.0,True,,26.666666666666668,1149.8112,0.1,
1055,4i,150.0,5,8.8356,2,8.0,False,4,11.0152,1.0,376.34,scenario_straight_heavy,val,development,0.25,8.0,-6.293900000000001,0.05333333333333334,2.0,2.009999999999991,4.0,19.0,True,,33.333333333333336,1060.272,0.26666666666666666,
1060,4i,150.0,5,3.3613,3,12.01,False,4,10.4441,1.0,242.76,scenario_straight_heavy,val,development,0.25,12.01,0.6360999999999999,0.08006666666666666,2.0,1.1399999999999864,4.0,24.0,True,,33.333333333333336,403.35600000000005,0.4003333333333333,
1065,4i,150.0,6,4.0873,4,12.0,False,4,6.131,1.0,110.48,scenario_straight_heavy,val,development,0.25,11.0,-8.154,0.08,2.0,1.1300000000000097,5.0,4.0,False,5,40.0,588.5712,0.36666666666666664,
1070,4i,150.0,6,1.7271,5,12.0,False,4,2.5907,1.0,30.66,scenario_straight_heavy,val,development,0.25,11.0,-4.0095,0.08,1.0,-366.21,6.0,2.0,True,,40.0,248.7024,0.36666666666666664,
1075,4i,150.0,6,0.0126,6,16.05,False,4,0.0189,1.0,16.05,scenario_straight_heavy,val,development,0.25,7.92,-0.19,0.107,1.0,-284.71,7.0,1.0,False,5,40.0,1.8144000000000002,0.264,
1080,4i,150.0,7,3.2211,6,16.0,False,4,0.0001,1.0,16.0,scenario_straight_heavy,val,development,0.25,8.0,-8.7561,0.10666666666666667,1.0,-189.45,7.0,6.0,False,10,46.66666666666667,541.1448,0.26666666666666666,
1085,4i,150.0,3,4.5389,1,1.0,False,1,3.4945,11.13,11.13,scenario_straight_heavy,val,development,0.25,-7.0,-4.2966999999999995,0.006666666666666667,-3.0,-365.21,0.0,4.0,False,15,20.0,326.80080000000004,-0.23333333333333334,
1090,4i,150.0,1,0.0,1,1.0,False,0,,,,scenario_straight_heavy,val,development,0.25,-11.01,-3.3613,0.006666666666666667,-4.0,,0.0,9.0,False,20,6.666666666666667,0.0,-0.367,
1095,4i,150.0,4,18.4485,1,1.0,False,0,,,,scenario_straight_heavy,val,development,0.25,-11.0,14.3612,0.006666666666666667,-4.0,,0.0,14.0,False,25,26.666666666666668,1771.0559999999998,-0.36666666666666664,
1100,4i,150.0,4,11.6154,1,1.0,False,0,,,,scenario_straight_heavy,val,development,0.25,-11.0,9.8883,0.006666666666666667,-4.0,,0.0,19.0,False,30,26.666666666666668,1115.0783999999999,-0.36666666666666664,
1105,4i,150.0,2,1.4364,1,1.0,False,0,,,,scenario_straight_heavy,val,development,0.25,-15.05,1.4238,0.006666666666666667,-4.0,,0.0,24.0,False,35,13.333333333333334,68.9472,-0.5016666666666667,
1110,4i,150.0,2,0.0003,2,8.0,False,0,,,,scenario_straight_heavy,val,development,0.25,-8.0,-3.2207999999999997,0.05333333333333334,-4.0,,1.0,4.0,False,40,13.333333333333334,0.014400000000000001,-0.26666666666666666,
1115,4i,150.0,2,9.9604,0,0.0,False,1,26.2283,376.58,376.58,scenario_straight_heavy,val,development,0.25,-1.0,5.4215,0.0,0.0,365.45,2.0,2.0,False,45,13.333333333333334,478.09920000000005,-0.03333333333333333,
1120,4i,150.0,1,15.7837,0,0.0,False,1,27.0501,241.94,241.94,scenario_straight_heavy,val,development,0.25,-1.0,15.7837,0.0,1.0,,3.0,1.0,False,50,6.666666666666667,378.8088,-0.03333333333333333,
1125,4i,150.0,2,12.3885,0,0.0,False,1,23.9932,109.68,109.68,scenario_straight_heavy,val,development,0.25,-1.0,-6.059999999999999,0.0,1.0,,3.0,6.0,False,55,13.333333333333334,594.6480000000001,-0.03333333333333333,
1130,4i,150.0,2,5.2434,1,1.0,False,3,20.2499,29.91,384.81,scenario_straight_heavy,val,development,0.25,0.0,-6.371999999999999,0.006666666666666667,3.0,,4.0,4.0,True,,13.333333333333334,251.68320000000006,0.0,
1135,4i,150.0,2,0.0132,2,15.04,False,3,17.3362,15.04,263.36,scenario_straight_heavy,val,development,0.25,14.04,-1.4231999999999998,0.10026666666666666,3.0,,4.0,9.0,True,,13.333333333333334,0.6336,0.46799999999999997,
1140,4i,150.0,4,12.0084,2,15.04,False,3,16.0113,15.04,142.59,scenario_straight_heavy,val,development,0.25,7.039999999999999,12.0081,0.10026666666666666,3.0,,4.0,14.0,True,,26.666666666666668,1152.8064000000002,0.23466666666666663,
1145,4i,150.0,5,9.3066,2,15.04,False,3,9.5698,15.04,36.04,scenario_straight_heavy,val,development,0.25,15.04,-0.6538000000000004,0.10026666666666666,2.0,-340.53999999999996,4.0,19.0,True,,33.333333333333336,1116.7920000000001,0.5013333333333333,
1150,4i,150.0,5,2.2664,2,15.04,False,3,0.3361,1.0,15.04,scenario_straight_heavy,val,development,0.25,15.04,-13.517299999999999,0.10026666666666666,2.0,-226.9,4.0,24.0,True,,33.333333333333336,271.9680000000001,0.5013333333333333,
1155,4i,150.0,5,0.5647,4,15.04,False,3,0.0,1.0,15.04,scenario_straight_heavy,val,development,0.25,15.04,-11.8238,0.10026666666666666,2.0,-94.64000000000001,5.0,4.0,False,5,33.333333333333336,67.764,0.5013333333333333,
1160,4i,150.0,6,2.2837,5,19.04,False,4,6.8681,1.0,375.1,scenario_straight_heavy,val,development,0.25,18.04,-2.9597,0.12693333333333331,1.0,-9.70999999999998,6.0,2.0,True,,40.0,328.8528,0.6013333333333333,
1165,4i,150.0,6,1.5336,5,19.04,False,4,6.542,1.0,241.55,scenario_straight_heavy,val,development,0.25,4.0,1.5204,0.12693333333333331,1.0,-21.810000000000002,7.0,1.0,False,5,40.0,220.83840000000004,0.13333333333333333,
1170,4i,150.0,7,3.4906,5,19.04,False,4,4.9331,1.0,121.79,scenario_straight_heavy,val,development,0.25,4.0,-8.5178,0.12693333333333331,1.0,-20.799999999999997,7.0,6.0,False,10,46.66666666666667,586.4208000000001,0.13333333333333333,
1175,4i,150.0,5,2.7007,1,1.0,False,3,3.7764,1.0,57.3,scenario_straight_heavy,val,development,0.25,-14.04,-6.6059,0.006666666666666667,0.0,21.259999999999998,0.0,4.0,False,15,33.333333333333336,324.084,-0.46799999999999997,
1180,4i,150.0,3,2.1231,1,1.0,False,2,1.17,1.0,37.85,scenario_straight_heavy,val,development,0.25,-14.04,-0.14329999999999998,0.006666666666666667,-1.0,22.810000000000002,0.0,9.0,False,20,20.0,152.8632,-0.46799999999999997,
1185,4i,150.0,4,13.8517,1,1.0,False,2,3.0037,1.0,10.14,scenario_straight_heavy,val,development,0.25,-14.04,13.286999999999999,0.006666666666666667,-1.0,-4.899999999999999,0.0,14.0,False,25,26.666666666666668,1329.7631999999999,-0.46799999999999997,
1190,4i,150.0,4,11.2191,1,1.0,False,1,0.0,1.0,1.0,scenario_straight_heavy,val,development,0.25,-18.04,8.9354,0.006666666666666667,-3.0,-374.1,0.0,19.0,False,30,26.666666666666668,1077.0336,-0.6013333333333333,
1195,4i,150.0,3,5.9472,1,1.0,False,1,0.0,1.0,1.0,scenario_straight_heavy,val,development,0.25,-18.04,4.4136,0.006666666666666667,-3.0,-240.55,0.0,24.0,False,35,20.0,428.1984,-0.6013333333333333,
1200,4i,150.0,4,6.2884,2,8.0,False,1,0.0,1.0,1.0,scenario_straight_heavy,val,development,0.25,-11.04,2.7978,0.05333333333333334,-3.0,-120.79,1.0,4.0,False,40,26.666666666666668,603.6864,-0.368,
1205,4i,150.0,3,4.7257,1,1.0,False,1,26.0442,376.64,376.64,scenario_straight_heavy,val,development,0.25,0.0,2.025,0.006666666666666667,-2.0,319.34,2.0,2.0,False,45,20.0,340.25039999999996,0.0,
1210,4i,150.0,2,0.004,2,15.05,False,1,27.2892,243.26,243.26,scenario_straight_heavy,val,development,0.25,14.05,-2.1191,0.10033333333333334,-1.0,205.41,3.0,1.0,False,50,13.333333333333334,0.19200000000000003,0.4683333333333334,
1215,4i,150.0,3,7.9084,2,15.04,False,1,23.7252,113.18,113.18,scenario_straight_heavy,val,development,0.25,14.04,-5.943299999999999,0.10026666666666666,-1.0,103.04,3.0,6.0,False,55,20.0,569.4048,0.46799999999999997,
1220,4i,150.0,3,3.2417,2,15.04,False,3,17.097,36.55,402.69,scenario_straight_heavy,val,development,0.25,14.04,-7.977399999999999,0.10026666666666666,2.0,401.69,4.0,4.0,True,,20.0,233.40239999999997,0.46799999999999997,
1225,4i,150.0,3,0.2933,2,15.04,False,3,15.4992,19.36,314.33,scenario_straight_heavy,val,development,0.25,14.04,-5.653899999999999,0.10026666666666666,2.0,313.33,4.0,9.0,True,,20.0,21.117600000000003,0.46799999999999997,
1230,4i,150.0,4,6.7363,3,19.04,False,3,14.737,19.04,227.28,scenario_straight_heavy,val,development,0.25,11.04,0.44789999999999974,0.12693333333333331,2.0,226.28,4.0,14.0,True,,26.666666666666668,646.6848,0.368,
1235,4i,150.0,6,7.4654,3,19.04,False,3,10.2601,19.04,142.04,scenario_straight_heavy,val,development,0.25,18.04,2.7397,0.12693333333333331,2.0,-234.6,4.0,19.0,True,,40.0,1075.0176000000001,0.6013333333333333,
1240,4i,150.0,6,4.2579,3,19.04,False,3,5.3451,1.0,61.22,scenario_straight_heavy,val,development,0.25,3.9899999999999984,4.253900000000001,0.12693333333333331,2.0,-182.04,4.0,24.0,True,,40.0,613.1376,0.13299999999999995,
1245,4i,150.0,6,1.8204,4,19.04,False,3,1.9019,1.0,19.04,scenario_straight_heavy,val,development,0.25,4.0,-6.088,0.12693333333333331,2.0,-94.14000000000001,5.0,4.0,False,5,40.0,262.1376,0.13333333333333333,
1250,4i,150.0,7,2.0294,5,19.04,False,3,0.0,1.0,19.04,scenario_straight_heavy,val,development,0.25,4.0,-1.2123,0.12693333333333331,0.0,-383.65,6.0,2.0,True,,46.66666666666667,340.9392,0.13333333333333333,
1255,4i,150.0,7,1.2842,6,23.04,False,3,0.0,1.0,19.04,scenario_straight_heavy,val,development,0.25,8.0,0.9909,0.1536,0.0,-295.28999999999996,7.0,1.0,False,5,46.66666666666667,215.74560000000002,0.26666666666666666,
1260,4i,150.0,8,3.03,6,23.04,False,3,0.0,1.0,19.04,scenario_straight_heavy,val,development,0.25,4.0,-3.7063,0.1536,0.0,-208.24,7.0,6.0,False,10,53.333333333333336,581.76,0.13333333333333333,
1265,4i,150.0,6,2.2063,2,22.23,False,4,11.8084,1.0,398.98,scenario_straight_heavy,val,development,0.25,3.1900000000000013,-5.2591,0.1482,1.0,256.94000000000005,0.0,4.0,False,15,40.0,317.70720000000006,0.10633333333333338,
1270,4i,150.0,4,2.1169,1,1.0,False,3,15.6727,1.0,305.41,scenario_straight_heavy,val,development,0.25,-18.04,-2.1410000000000005,0.006666666666666667,0.0,244.19000000000003,0.0,9.0,False,20,26.666666666666668,203.2224,-0.6013333333333333,
1275,4i,150.0,5,11.0811,1,1.0,False,3,13.3745,1.0,211.36,scenario_straight_heavy,val,development,0.25,-18.04,9.2607,0.006666666666666667,0.0,192.32000000000002,0.0,14.0,False,25,33.333333333333336,1329.732,-0.6013333333333333,
1280,4i,150.0,4,12.3092,1,1.0,False,3,10.9428,1.0,117.81,scenario_straight_heavy,val,development,0.25,-18.04,10.279800000000002,0.006666666666666667,0.0,98.77000000000001,0.0,19.0,False,30,26.666666666666668,1181.6832000000002,-0.6013333333333333,
1285,4i,150.0,2,5.7074,1,1.0,False,2,5.7074,1.0,47.59,scenario_straight_heavy,val,development,0.25,-22.04,4.4232,0.006666666666666667,-1.0,28.550000000000004,0.0,24.0,False,35,13.333333333333334,273.9552,-0.7346666666666667,
1290,4i,150.0,2,2.3215,1,1.0,False,2,2.3215,1.0,10.28,scenario_straight_heavy,val,development,0.25,-22.04,-0.7084999999999999,0.006666666666666667,-1.0,-8.76,1.0,4.0,False,40,13.333333333333334,111.432,-0.7346666666666667,
1295,4i,150.0,2,9.5968,0,0.0,False,1,2.9723,0.64,0.64,scenario_straight_heavy,val,development,0.25,-22.23,7.390499999999999,0.0,-3.0,-398.34000000000003,2.0,2.0,False,45,13.333333333333334,460.64639999999997,-0.741,
1300,4i,150.0,1,16.1216,0,0.0,False,0,,,,scenario_straight_heavy,val,development,0.25,-1.0,14.004700000000001,0.0,-3.0,,3.0,1.0,False,50,6.666666666666667,386.9184000000001,-0.03333333333333333,
1305,4i,150.0,1,1.1216,0,0.0,False,0,,,,scenario_straight_heavy,val,development,0.25,-1.0,-9.959499999999998,0.0,-3.0,,3.0,6.0,False,55,6.666666666666667,26.9184,-0.03333333333333333,
1310,4i,150.0,2,8.5638,1,1.0,False,1,26.442,376.99,376.99,scenario_straight_heavy,val,development,0.25,0.0,-3.7454,0.006666666666666667,-2.0,259.18,4.0,4.0,True,,13.333333333333334,411.0624000000001,0.0,
1315,4i,150.0,2,5.437,1,1.0,False,1,26.1037,244.44,244.44,scenario_straight_heavy,val,development,0.25,0.0,-0.27039999999999953,0.006666666666666667,-1.0,196.85,4.0,9.0,True,,13.333333333333334,260.976,0.0,
1320,4i,150.0,4,12.458,1,1.0,False,1,22.9225,114.12,114.12,scenario_straight_heavy,val,development,0.25,0.0,10.1365,0.006666666666666667,-1.0,103.84,4.0,14.0,True,,26.666666666666668,1195.968,0.0,
1325,4i,150.0,5,9.0651,2,15.04,False,2,20.5776,30.9,374.31,scenario_straight_heavy,val,development,0.25,15.04,-0.5317000000000007,0.10026666666666666,1.0,373.67,4.0,19.0,True,,33.333333333333336,1087.8120000000001,0.5013333333333333,
1330,4i,150.0,5,1.1053,2,15.04,False,2,14.1127,1.0,239.21,scenario_straight_heavy,val,development,0.25,15.04,-15.016300000000001,0.10026666666666666,2.0,,4.0,24.0,True,,33.333333333333336,132.636,0.5013333333333333,
1335,4i,150.0,6,3.6622,5,27.75,False,2,10.9863,1.0,111.4,scenario_straight_heavy,val,development,0.25,27.75,2.5406,0.185,2.0,,5.0,4.0,False,5,40.0,527.3568,0.925,
1340,4i,150.0,6,1.4137,5,27.75,False,2,4.241,1.0,41.15,scenario_straight_heavy,val,development,0.25,26.75,-7.1501,0.185,1.0,-335.84000000000003,6.0,2.0,True,,40.0,203.5728,0.8916666666666667,
1345,4i,150.0,6,0.0016,6,31.76,False,2,0.0048,1.0,31.76,scenario_straight_heavy,val,development,0.25,30.76,-5.4354000000000005,0.21173333333333336,1.0,-212.68,7.0,1.0,False,5,40.0,0.23040000000000002,1.0253333333333334,
1350,4i,150.0,7,3.0494,6,31.75,False,2,0.0,1.0,31.75,scenario_straight_heavy,val,development,0.25,30.75,-9.4086,0.21166666666666667,1.0,-82.37,7.0,6.0,False,10,46.66666666666667,512.2992,1.025,
1355,4i,150.0,5,2.9145,1,1.0,False,2,10.1699,30.47,396.35,scenario_straight_heavy,val,development,0.25,-14.04,-6.150599999999999,0.006666666666666667,0.0,22.04000000000002,0.0,4.0,False,15,33.333333333333336,349.74000000000007,-0.46799999999999997,
1360,4i,150.0,4,3.5469,1,1.0,False,2,11.7886,17.48,300.47,scenario_straight_heavy,val,development,0.25,-14.04,2.4416,0.006666666666666667,0.0,61.26000000000002,0.0,9.0,False,20,26.666666666666668,340.5024,-0.46799999999999997,
1365,4i,150.0,1,0.0,1,1.0,False,1,19.1166,204.65,204.65,scenario_straight_heavy,val,development,0.25,-26.75,-3.6622,0.006666666666666667,-1.0,93.25,0.0,14.0,False,25,6.666666666666667,0.0,-0.8916666666666667,
1370,4i,150.0,4,11.9558,1,1.0,False,2,21.6191,113.53,377.2,scenario_straight_heavy,val,development,0.25,-26.75,10.5421,0.006666666666666667,0.0,336.05,0.0,19.0,False,30,26.666666666666668,1147.7568,-0.8916666666666667,
1375,4i,150.0,4,10.4342,1,1.0,False,2,19.6761,43.67,242.8,scenario_straight_heavy,val,development,0.25,-30.76,10.4326,0.006666666666666667,0.0,211.04000000000002,0.0,24.0,False,35,26.666666666666668,1001.6832000000002,-1.0253333333333334,
1380,4i,150.0,5,7.0734,1,1.0,False,2,12.5489,1.0,116.37,scenario_straight_heavy,val,development,0.25,-30.75,4.024000000000001,0.006666666666666667,0.0,84.62,1.0,4.0,False,40,33.333333333333336,848.8080000000001,-1.025,
1385,4i,150.0,4,4.2935,2,1.0,False,3,13.1785,1.0,376.38,scenario_straight_heavy,val,development,0.25,0.0,1.379,0.006666666666666667,1.0,-19.970000000000027,2.0,2.0,False,45,26.666666666666668,412.176,0.0,
1390,4i,150.0,3,0.0227,2,1.0,False,3,9.139,1.0,241.77,scenario_straight_heavy,val,development,0.25,0.0,-3.5242,0.006666666666666667,1.0,-58.70000000000002,3.0,1.0,False,50,20.0,1.6344,0.0,
1395,4i,150.0,4,6.0549,3,8.0,False,3,8.0731,1.0,112.05,scenario_straight_heavy,val,development,0.25,7.0,6.0549,0.05333333333333334,2.0,-92.60000000000001,3.0,6.0,False,55,26.666666666666668,581.2704000000001,0.23333333333333334,
1400,4i,150.0,4,2.784,3,8.0,False,3,3.712,1.0,29.99,scenario_straight_heavy,val,development,0.25,7.0,-9.171800000000001,0.05333333333333334,1.0,-347.21,4.0,4.0,True,,26.666666666666668,267.264,0.23333333333333334,
1405,4i,150.0,4,0.0753,4,12.25,False,3,0.1004,1.0,12.25,scenario_straight_heavy,val,development,0.25,11.25,-10.3589,0.08166666666666667,1.0,-230.55,4.0,9.0,True,,26.666666666666668,7.2288000000000014,0.375,
1410,4i,150.0,4,0.0,4,12.0,False,3,0.0,1.0,12.0,scenario_straight_heavy,val,development,0.25,11.0,-7.0734,0.08,1.0,-104.37,4.0,14.0,True,,26.666666666666668,0.0,0.36666666666666664,
1415,4i,150.0,7,7.8167,4,12.0,False,3,0.0,1.0,12.0,scenario_straight_heavy,val,development,0.25,11.0,3.5232,0.08,0.0,-364.38,4.0,19.0,True,,46.66666666666667,1313.2056,0.36666666666666664,
1420,4i,150.0,7,4.8446,4,12.0,False,3,0.0,1.0,12.0,scenario_straight_heavy,val,development,0.25,11.0,4.821899999999999,0.08,0.0,-229.77,4.0,24.0,True,,46.66666666666667,813.8928000000002,0.36666666666666664,
1425,4i,150.0,8,3.67,5,12.0,False,3,0.0,1.0,12.0,scenario_straight_heavy,val,development,0.25,4.0,-2.3849,0.08,0.0,-100.05,5.0,4.0,False,5,53.333333333333336,704.64,0.13333333333333333,
1430,4i,150.0,8,1.1813,7,16.0,False,3,0.0,1.0,12.0,scenario_straight_heavy,val,development,0.25,8.0,-1.6026999999999998,0.10666666666666667,0.0,-17.99,6.0,2.0,True,,53.333333333333336,226.8096,0.26666666666666666,
1435,4i,150.0,8,0.0538,8,28.77,False,3,0.0,1.0,12.0,scenario_straight_heavy,val,development,0.25,16.52,-0.021500000000000005,0.1918,0.0,-0.25,7.0,1.0,False,5,53.333333333333336,10.329600000000001,0.5506666666666666,
1440,4i,150.0,8,0.0,8,28.72,False,3,0.0,1.0,12.0,scenario_straight_heavy,val,development,0.25,16.72,0.0,0.19146666666666665,0.0,0.0,7.0,6.0,False,10,53.333333333333336,0.0,0.5573333333333333,
1445,4i,150.0,6,4.8563,2,28.28,False,3,19.7373,2.04,375.33,scenario_straight_heavy,val,development,0.25,16.28,-2.9604,0.18853333333333333,0.0,363.33,0.0,4.0,False,15,40.0,699.3072000000001,0.5426666666666667,
1450,4i,150.0,3,6.7296,1,1.0,False,2,26.673,241.23,241.28,scenario_straight_heavy,val,development,0.25,-11.0,1.8849999999999998,0.006666666666666667,-1.0,229.28,0.0,9.0,False,20,20.0,484.5312,-0.36666666666666664,
1455,4i,150.0,4,18.4814,1,1.0,False,2,24.9746,109.65,110.15,scenario_straight_heavy,val,development,0.25,-11.0,14.8114,0.006666666666666667,-1.0,98.15,0.0,14.0,False,25,26.666666666666668,1774.2144,-0.36666666666666664,
1460,4i,150.0,4,10.6043,1,1.0,False,2,14.1292,14.18,31.16,scenario_straight_heavy,val,development,0.25,-15.0,9.423,0.006666666666666667,-1.0,19.16,0.0,19.0,False,30,26.666666666666668,1018.0128000000001,-0.5,
1465,4i,150.0,2,0.0808,2,15.09,False,1,0.1616,15.09,15.09,scenario_straight_heavy,val,development,0.25,-13.68,0.026999999999999996,0.1006,-2.0,3.09,0.0,24.0,False,35,13.333333333333334,3.8783999999999996,-0.456,
1470,4i,150.0,3,7.8446,2,15.04,False,1,0.0,15.04,15.04,scenario_straight_heavy,val,development,0.25,-13.68,7.8446,0.10026666666666666,-2.0,3.039999999999999,1.0,4.0,False,40,20.0,564.8112,-0.456,
1475,4i,150.0,2,7.6226,0,0.0,False,1,1.0301,13.61,13.61,scenario_straight_heavy,val,development,0.25,-28.28,2.7663,0.0,-2.0,-361.71999999999997,2.0,2.0,False,45,13.333333333333334,365.88480000000004,-0.9426666666666667,
1480,4i,150.0,2,2.2182,0,0.0,False,1,0.373,1.19,1.19,scenario_straight_heavy,val,development,0.25,-1.0,-4.5114,0.0,-1.0,-240.09,3.0,1.0,False,50,13.333333333333334,106.4736,-0.03333333333333333,
1485,4i,150.0,2,0.0003,2,1.0,False,1,0.0005,1.0,1.0,scenario_straight_heavy,val,development,0.25,0.0,-18.4811,0.006666666666666667,-1.0,-109.15,3.0,6.0,False,55,13.333333333333334,0.014400000000000001,0.0,
1490,4i,150.0,3,6.1002,2,1.0,False,1,0.0,1.0,1.0,scenario_straight_heavy,val,development,0.25,0.0,-4.5041,0.006666666666666667,-1.0,-30.16,4.0,4.0,True,,20.0,439.21440000000007,0.0,
1495,4i,150.0,3,3.8367,2,1.0,False,1,0.0,1.0,1.0,scenario_straight_heavy,val,development,0.25,-14.09,3.7559,0.006666666666666667,0.0,-14.09,4.0,9.0,True,,20.0,276.2424,-0.4696666666666667,
1500,4i,150.0,6,12.6474,2,1.0,False,1,0.0,1.0,1.0,scenario_straight_heavy,val,development,0.25,-14.04,4.8027999999999995,0.006666666666666667,0.0,-14.04,4.0,14.0,True,,40.0,1821.2256,-0.46799999999999997,
1505,4i,150.0,6,5.8037,3,8.0,False,1,0.0,1.0,1.0,scenario_straight_heavy,val,development,0.25,8.0,-1.8189000000000002,0.05333333333333334,0.0,-12.61,4.0,19.0,True,,40.0,835.7328,0.26666666666666666,
1510,4i,150.0,6,0.2452,5,20.8,False,1,0.0,1.0,1.0,scenario_straight_heavy,val,development,0.25,20.8,-1.9729999999999999,0.13866666666666666,0.0,-0.18999999999999995,4.0,24.0,True,,40.0,35.308800000000005,0.6933333333333334,
1515,4i,150.0,7,3.3809,6,20.71,False,1,0.0,1.0,1.0,scenario_straight_heavy,val,development,0.25,19.71,3.3806,0.13806666666666667,0.0,0.0,5.0,4.0,False,5,46.66666666666667,567.9912,0.657,
1520,4i,150.0,7,1.3808,6,20.71,False,2,11.7631,1.0,386.01,scenario_straight_heavy,val,development,0.25,19.71,-4.7194,0.13806666666666667,1.0,385.01,6.0,2.0,True,,46.66666666666667,231.97440000000003,0.657,
1525,4i,150.0,7,0.0093,7,24.77,False,2,12.4624,1.0,264.5,scenario_straight_heavy,val,development,0.25,23.77,-3.8274,0.16513333333333333,1.0,263.5,7.0,1.0,False,5,46.66666666666667,1.5624,0.7923333333333333,
1530,4i,150.0,8,3.0993,7,24.71,False,2,12.397,1.0,143.49,scenario_straight_heavy,val,development,0.25,23.71,-9.5481,0.16473333333333334,1.0,142.49,7.0,6.0,False,10,53.333333333333336,595.0656,0.7903333333333333,
1535,4i,150.0,5,3.7961,2,5.0,False,3,13.3489,1.0,380.59,scenario_straight_heavy,val,development,0.25,-3.0,-2.0076,0.03333333333333333,2.0,379.59,0.0,4.0,False,15,33.333333333333336,455.53200000000004,-0.1,
1540,4i,150.0,3,3.5258,2,5.0,False,3,12.584,1.0,244.66,scenario_straight_heavy,val,development,0.25,-15.8,3.2805999999999997,0.03333333333333333,2.0,243.66,0.0,9.0,False,20,20.0,253.8576,-0.5266666666666667,
1545,4i,150.0,4,12.6737,2,5.0,False,2,12.9445,1.0,111.79,scenario_straight_heavy,val,development,0.25,-15.71,9.2928,0.03333333333333333,1.0,110.79,0.0,14.0,False,25,26.666666666666668,1216.6752000000001,-0.5236666666666667,
1550,4i,150.0,5,8.4358,2,5.0,False,3,13.3492,1.0,376.66,scenario_straight_heavy,val,development,0.25,-15.71,7.055000000000001,0.03333333333333333,1.0,-9.349999999999966,0.0,19.0,False,30,33.333333333333336,1012.296,-0.5236666666666667,
1555,4i,150.0,4,4.1476,3,9.15,False,2,13.1441,1.0,240.55,scenario_straight_heavy,val,development,0.25,-15.62,4.1383,0.061000000000000006,0.0,-23.94999999999999,0.0,24.0,False,35,26.666666666666668,398.1696,-0.5206666666666666,
1560,4i,150.0,4,6.1456,3,9.0,False,2,12.2912,1.0,108.86,scenario_straight_heavy,val,development,0.25,-15.71,3.0463,0.06,0.0,-34.63000000000001,1.0,4.0,False,40,26.666666666666668,589.9776,-0.5236666666666667,
1565,4i,150.0,2,7.3015,0,0.0,False,1,12.7716,23.72,23.72,scenario_straight_heavy,val,development,0.25,-5.0,3.5054,0.0,-2.0,-356.87,2.0,2.0,False,45,13.333333333333334,350.472,-0.16666666666666666,
1570,4i,150.0,1,0.0,0,0.0,False,1,0.0,1.0,1.0,scenario_straight_heavy,val,development,0.25,-5.0,-3.5258,0.0,-2.0,-243.66,3.0,1.0,False,50,6.666666666666667,0.0,-0.16666666666666666,
1575,4i,150.0,2,12.201,1,1.0,False,1,0.0,1.0,1.0,scenario_straight_heavy,val,development,0.25,-4.0,-0.4726999999999997,0.006666666666666667,-1.0,-110.79,3.0,6.0,False,55,13.333333333333334,585.648,-0.13333333333333333,
1580,4i,150.0,2,5.5918,1,1.0,False,2,8.1259,1.0,401.5,scenario_straight_heavy,val,development,0.25,-4.0,-2.8440000000000003,0.006666666666666667,-1.0,24.839999999999975,4.0,4.0,True,,13.333333333333334,268.4064,-0.13333333333333333,
1585,4i,150.0,2,0.134,1,1.0,False,2,9.7708,1.0,311.83,scenario_straight_heavy,val,development,0.25,-8.15,-4.013599999999999,0.006666666666666667,0.0,71.27999999999997,4.0,9.0,True,,13.333333333333334,6.432000000000001,-0.27166666666666667,
1590,4i,150.0,3,7.7887,2,5.0,False,2,8.4661,1.0,224.59,scenario_straight_heavy,val,development,0.25,-4.0,1.6431000000000004,0.03333333333333333,0.0,115.73,4.0,14.0,True,,20.0,560.7864000000001,-0.13333333333333333,
1595,4i,150.0,5,10.4572,2,5.0,False,2,9.1329,1.0,135.55,scenario_straight_heavy,val,development,0.25,5.0,3.1557000000000004,0.03333333333333333,1.0,111.83000000000001,4.0,19.0,True,,33.333333333333336,1254.8640000000003,0.16666666666666666,
1600,4i,150.0,5,6.0502,2,5.0,False,2,7.6075,1.0,47.07,scenario_straight_heavy,val,development,0.25,5.0,6.0502,0.03333333333333333,1.0,46.07,4.0,24.0,True,,33.333333333333336,726.0240000000001,0.16666666666666666,
1605,4i,150.0,6,4.2626,4,5.0,False,2,0.9281,1.0,11.18,scenario_straight_heavy,val,development,0.25,4.0,-7.938400000000001,0.03333333333333333,1.0,10.18,5.0,4.0,False,5,40.0,613.8144,0.13333333333333333,
1610,4i,150.0,6,1.6889,5,9.0,False,2,0.0011,1.0,9.0,scenario_straight_heavy,val,development,0.25,8.0,-3.9029,0.06,0.0,-392.5,6.0,2.0,True,,40.0,243.2016,0.26666666666666666,
1615,4i,150.0,6,0.011,5,9.0,False,2,0.0,1.0,9.0,scenario_straight_heavy,val,development,0.25,8.0,-0.12300000000000001,0.06,0.0,-302.83,7.0,1.0,False,5,40.0,1.5839999999999999,0.26666666666666666,
1620,4i,150.0,7,3.5278,6,16.0,False,2,0.0,1.0,9.0,scenario_straight_heavy,val,development,0.25,11.0,-4.2609,0.10666666666666667,0.0,-215.59,7.0,6.0,False,10,46.66666666666667,592.6704000000001,0.36666666666666664,
1625,4i,150.0,3,5.611,1,1.0,False,0,,,,scenario_straight_heavy,val,development,0.25,-4.0,-4.8462000000000005,0.006666666666666667,-2.0,,0.0,4.0,False,15,20.0,403.992,-0.13333333333333333,
1630,4i,150.0,1,0.0,1,1.0,False,0,,,,scenario_straight_heavy,val,development,0.25,-4.0,-6.0502,0.006666666666666667,-2.0,,0.0,9.0,False,20,6.666666666666667,0.0,-0.13333333333333333,
1635,4i,150.0,3,16.6536,1,1.0,False,0,,,,scenario_straight_heavy,val,development,0.25,-4.0,12.391000000000002,0.006666666666666667,-2.0,,0.0,14.0,False,25,20.0,1199.0592000000001,-0.13333333333333333,
1640,4i,150.0,4,10.2048,1,1.0,False,1,23.797,382.84,382.84,scenario_straight_heavy,val,development,0.25,-8.0,8.5159,0.006666666666666667,-1.0,373.84,0.0,19.0,False,30,26.666666666666668,979.6608000000002,-0.26666666666666666,
1645,4i,150.0,3,5.7604,2,15.21,False,1,24.512,263.5,263.5,scenario_straight_heavy,val,development,0.25,6.210000000000001,5.7494,0.1014,-1.0,254.5,0.0,24.0,False,35,20.0,414.74879999999996,0.20700000000000002,
1650,4i,150.0,3,7.8251,2,15.04,False,1,23.4749,143.55,143.55,scenario_straight_heavy,val,development,0.25,-0.9600000000000009,4.2973,0.10026666666666666,-1.0,134.55,1.0,4.0,False,40,20.0,563.4072,-0.03200000000000003,
1655,4i,150.0,2,7.763,0,0.0,False,1,14.1847,47.12,47.12,scenario_straight_heavy,val,development,0.25,-1.0,2.152,0.0,1.0,,2.0,2.0,False,45,13.333333333333334,372.624,-0.03333333333333333,
1660,4i,150.0,1,3.6846,0,0.0,False,1,3.6846,2.04,2.04,scenario_straight_heavy,val,development,0.25,-1.0,3.6846,0.0,1.0,,3.0,1.0,False,50,6.666666666666667,88.4304,-0.03333333333333333,
1665,4i,150.0,2,12.2355,1,1.0,False,1,0.0002,1.0,1.0,scenario_straight_heavy,val,development,0.25,0.0,-4.418100000000001,0.006666666666666667,1.0,,3.0,6.0,False,55,13.333333333333334,587.3040000000001,0.0,
1670,4i,150.0,2,5.9331,1,1.0,False,3,14.1435,1.0,396.39,scenario_straight_heavy,val,development,0.25,0.0,-4.271700000000001,0.006666666666666667,2.0,13.550000000000011,4.0,4.0,True,,13.333333333333334,284.7888,0.0,
1675,4i,150.0,2,0.0887,2,8.01,False,3,14.2981,1.0,300.09,scenario_straight_heavy,val,development,0.25,-7.200000000000001,-5.6716999999999995,0.053399999999999996,2.0,36.589999999999975,4.0,9.0,True,,13.333333333333334,4.2576,-0.24000000000000005,
1680,4i,150.0,4,12.3375,2,8.0,False,3,14.3328,1.0,204.18,scenario_straight_heavy,val,development,0.25,-7.039999999999999,4.5124,0.05333333333333334,2.0,60.629999999999995,4.0,14.0,True,,26.666666666666668,1184.4,-0.23466666666666663,
1685,4i,150.0,5,8.7882,2,8.0,False,4,14.4188,1.0,376.64,scenario_straight_heavy,val,development,0.25,8.0,1.0252,0.05333333333333334,3.0,329.52,4.0,19.0,True,,33.333333333333336,1054.584,0.26666666666666666,
1690,4i,150.0,5,2.3632,2,8.0,False,4,9.6817,1.0,240.68,scenario_straight_heavy,val,development,0.25,8.0,-1.3214000000000001,0.05333333333333334,3.0,238.64000000000001,4.0,24.0,True,,33.333333333333336,283.584,0.26666666666666666,
1695,4i,150.0,6,4.4561,4,8.0,False,4,6.684,1.0,117.03,scenario_straight_heavy,val,development,0.25,7.0,-7.7794,0.05333333333333334,3.0,116.03,5.0,4.0,False,5,40.0,641.6784,0.23333333333333334,
1700,4i,150.0,6,1.8281,4,8.0,False,4,2.7421,1.0,43.7,scenario_straight_heavy,val,development,0.25,7.0,-4.1049999999999995,0.05333333333333334,1.0,-352.69,6.0,2.0,True,,40.0,263.2464,0.23333333333333334,
1705,4i,150.0,6,0.0656,5,12.0,False,4,0.0984,1.0,26.17,scenario_straight_heavy,val,development,0.25,3.99,-0.023099999999999996,0.08,1.0,-273.91999999999996,7.0,1.0,False,5,40.0,9.4464,0.133,
1710,4i,150.0,7,3.403,6,26.04,False,4,0.0,1.0,26.04,scenario_straight_heavy,val,development,0.25,18.04,-8.9345,0.1736,1.0,-178.14000000000001,7.0,6.0,False,10,46.66666666666667,571.7040000000001,0.6013333333333333,
1715,4i,150.0,4,4.3002,1,1.0,False,4,5.9919,1.0,398.65,scenario_straight_heavy,val,development,0.25,-7.0,-4.4879999999999995,0.006666666666666667,0.0,22.00999999999999,0.0,4.0,False,15,26.666666666666668,412.8192000000001,-0.23333333333333334,
1720,4i,150.0,3,3.6977,1,1.0,False,3,8.1774,1.0,304.61,scenario_straight_heavy,val,development,0.25,-7.0,1.3345000000000002,0.006666666666666667,-1.0,63.93000000000001,0.0,9.0,False,20,20.0,266.23440000000005,-0.23333333333333334,
1725,4i,150.0,2,12.0043,1,1.0,False,2,9.2561,1.0,211.41,scenario_straight_heavy,val,development,0.25,-7.0,7.5482000000000005,0.006666666666666667,-2.0,94.38,0.0,14.0,False,25,13.333333333333334,576.2064000000001,-0.23333333333333334,
1730,4i,150.0,4,12.2756,1,1.0,False,2,8.8903,1.0,119.57,scenario_straight_heavy,val,development,0.25,-7.0,10.447500000000002,0.006666666666666667,-2.0,75.86999999999999,0.0,19.0,False,30,26.666666666666668,1178.4576000000002,-0.23333333333333334,
1735,4i,150.0,3,7.5917,1,1.0,False,2,5.5943,1.0,50.11,scenario_straight_heavy,val,development,0.25,-11.0,7.5261000000000005,0.006666666666666667,-2.0,23.939999999999998,0.0,24.0,False,35,20.0,546.6024,-0.36666666666666664,
1740,4i,150.0,4,7.9361,1,1.0,False,2,2.1303,1.0,14.97,scenario_straight_heavy,val,development,0.25,-25.04,4.533099999999999,0.006666666666666667,-2.0,-11.069999999999999,1.0,4.0,False,40,26.666666666666668,761.8656,-0.8346666666666667,
1745,4i,150.0,3,5.7528,1,1.0,False,1,3.2701,3.71,3.71,scenario_straight_heavy,val,development,0.25,0.0,1.4525999999999994,0.006666666666666667,-3.0,-394.94,2.0,2.0,False,45,20.0,414.2016,0.0,
1750,4i,150.0,2,0.0,1,1.0,False,0,,,,scenario_straight_heavy,val,development,0.25,0.0,-3.6977,0.006666666666666667,-3.0,,3.0,1.0,False,50,13.333333333333334,0.0,0.0,
1755,4i,150.0,3,8.2759,2,1.0,False,0,,,,scenario_straight_heavy,val,development,0.25,0.0,-3.7284000000000006,0.006666666666666667,-2.0,,3.0,6.0,False,55,20.0,595.8648000000001,0.0,
1760,4i,150.0,3,3.6776,2,1.0,False,1,18.8856,396.79,396.79,scenario_straight_heavy,val,development,0.25,0.0,-8.598,0.006666666666666667,-1.0,277.22,4.0,4.0,True,,20.0,264.7872,0.0,
1765,4i,150.0,3,0.0425,3,5.02,False,1,19.1394,301.68,301.68,scenario_straight_heavy,val,development,0.25,4.02,-7.5492,0.033466666666666665,-1.0,251.57,4.0,9.0,True,,20.0,3.0600000000000005,0.13399999999999998,
1770,4i,150.0,4,6.1027,3,5.0,False,1,19.1323,206.67,206.67,scenario_straight_heavy,val,development,0.25,4.0,-1.8334000000000001,0.03333333333333333,-1.0,191.7,4.0,14.0,True,,26.666666666666668,585.8592,0.13333333333333333,
1775,4i,150.0,6,7.9547,3,5.0,False,1,19.3164,110.88,110.88,scenario_straight_heavy,val,development,0.25,4.0,2.2019,0.03333333333333333,0.0,107.17,4.0,19.0,True,,40.0,1145.4768,0.13333333333333333,
1780,4i,150.0,6,4.8199,4,15.05,False,1,13.2244,23.9,23.9,scenario_straight_heavy,val,development,0.25,14.05,4.8199,0.10033333333333334,1.0,,4.0,24.0,True,,40.0,694.0656,0.4683333333333334,
1785,4i,150.0,7,3.7514,4,15.04,False,1,0.0,1.0,1.0,scenario_straight_heavy,val,development,0.25,14.04,-4.5245,0.10026666666666666,1.0,,5.0,4.0,False,5,46.66666666666667,630.2352000000001,0.46799999999999997,
1790,4i,150.0,7,1.9221,6,15.04,False,2,12.3785,1.0,384.17,scenario_straight_heavy,val,development,0.25,14.04,-1.7555,0.10026666666666666,1.0,-12.620000000000005,6.0,2.0,True,,46.66666666666667,322.9128,0.46799999999999997,
1795,4i,150.0,7,0.2829,6,15.04,False,2,11.8946,1.0,264.73,scenario_straight_heavy,val,development,0.25,10.02,0.24039999999999997,0.10026666666666666,1.0,-36.94999999999999,7.0,1.0,False,5,46.66666666666667,47.52720000000001,0.33399999999999996,
1800,4i,150.0,8,2.9875,7,16.01,False,2,11.9428,1.0,142.89,scenario_straight_heavy,val,development,0.25,11.010000000000002,-3.1151999999999997,0.10673333333333335,1.0,-63.78,7.0,6.0,False,10,53.333333333333336,573.6,0.36700000000000005,
1805,4i,150.0,4,4.5465,1,1.0,False,3,13.2446,1.0,375.83,scenario_straight_heavy,val,development,0.25,-4.0,-3.4082,0.006666666666666667,2.0,264.95,0.0,4.0,False,15,26.666666666666668,436.464,-0.13333333333333333,
1810,4i,150.0,1,0.0,1,1.0,False,2,13.2665,1.0,241.5,scenario_straight_heavy,val,development,0.25,-14.05,-4.8199,0.006666666666666667,1.0,217.6,0.0,9.0,False,20,6.666666666666667,0.0,-0.4683333333333334,
1815,4i,150.0,3,17.0179,1,1.0,False,2,13.2376,1.0,108.53,scenario_straight_heavy,val,development,0.25,-14.04,13.2665,0.006666666666666667,1.0,107.53,0.0,14.0,False,25,20.0,1225.2888000000003,-0.46799999999999997,
1820,4i,150.0,4,10.9643,1,1.0,False,3,13.5912,1.0,374.82,scenario_straight_heavy,val,development,0.25,-14.04,9.0422,0.006666666666666667,1.0,-9.350000000000023,0.0,19.0,False,30,26.666666666666668,1052.5728000000001,-0.46799999999999997,
1825,4i,150.0,2,4.9513,1,1.0,False,2,13.1061,1.0,242.02,scenario_straight_heavy,val,development,0.25,-14.04,4.6684,0.006666666666666667,0.0,-22.710000000000008,0.0,24.0,False,35,13.333333333333334,237.66240000000002,-0.46799999999999997,
1830,4i,150.0,3,8.9951,1,1.0,False,2,10.7913,1.0,117.66,scenario_straight_heavy,val,development,0.25,-15.010000000000002,6.007600000000001,0.006666666666666667,0.0,-25.22999999999999,1.0,4.0,False,40,20.0,647.6472000000001,-0.5003333333333334,
1835,4i,150.0,2,8.5513,0,0.0,False,1,15.0259,33.67,33.67,scenario_straight_heavy,val,development,0.25,-1.0,4.0047999999999995,0.0,-2.0,-342.15999999999997,2.0,2.0,False,45,13.333333333333334,410.4624,-0.03333333333333333,
1840,4i,150.0,2,0.4096,0,0.0,False,1,0.6961,1.0,1.0,scenario_straight_heavy,val,development,0.25,-1.0,0.4096,0.0,-1.0,-240.5,3.0,1.0,False,50,13.333333333333334,19.660800000000002,-0.03333333333333333,
1845,4i,150.0,3,8.1103,2,1.0,False,1,0.0,1.0,1.0,scenario_straight_heavy,val,development,0.25,0.0,-8.9076,0.006666666666666667,-1.0,-107.53,3.0,6.0,False,55,20.0,583.9416000000001,0.0,
1850,4i,150.0,3,4.0213,2,1.0,False,1,0.0,1.0,1.0,scenario_straight_heavy,val,development,0.25,0.0,-6.943,0.006666666666666667,-2.0,-373.82,4.0,4.0,True,,20.0,289.5336,0.0,
1855,4i,150.0,3,0.012,2,1.0,False,1,0.0,1.0,1.0,scenario_straight_heavy,val,development,0.25,0.0,-4.9393,0.006666666666666667,-1.0,-241.02,4.0,9.0,True,,20.0,0.8640000000000001,0.0,
1860,4i,150.0,5,10.087,3,5.0,False,1,0.0,1.0,1.0,scenario_straight_heavy,val,development,0.25,4.0,1.091899999999999,0.03333333333333333,-1.0,-116.66,4.0,14.0,True,,33.333333333333336,1210.44,0.13333333333333333,
1865,4i,150.0,6,6.5662,3,5.0,False,1,0.0,1.0,1.0,scenario_straight_heavy,val,development,0.25,5.0,-1.9850999999999992,0.03333333333333333,0.0,-32.67,4.0,19.0,True,,40.0,945.5328,0.16666666666666666,
1870,4i,150.0,6,1.86,3,5.0,False,1,0.0,1.0,1.0,scenario_straight_heavy,val,development,0.25,5.0,1.4504000000000001,0.03333333333333333,0.0,0.0,4.0,24.0,True,,40.0,267.84000000000003,0.16666666666666666,
1875,4i,150.0,7,4.1628,5,9.0,False,1,0.0,1.0,1.0,scenario_straight_heavy,val,development,0.25,8.0,-3.9475000000000007,0.06,0.0,0.0,5.0,4.0,False,5,46.66666666666667,699.3504,0.26666666666666666,
1880,4i,150.0,7,2.2434,5,9.0,False,2,13.5902,1.0,374.23,scenario_straight_heavy,val,development,0.25,8.0,-1.7779000000000003,0.06,1.0,373.23,6.0,2.0,True,,46.66666666666667,376.8912,0.26666666666666666,
1885,4i,150.0,7,0.3351,6,15.04,False,2,13.2441,1.0,241.63,scenario_straight_heavy,val,development,0.25,14.04,0.3231,0.10026666666666666,1.0,240.63,7.0,1.0,False,5,46.66666666666667,56.29680000000001,0.46799999999999997,
1890,4i,150.0,8,2.8836,7,15.04,False,2,11.5343,1.0,112.83,scenario_straight_heavy,val,development,0.25,10.04,-7.2034,0.10026666666666666,1.0,111.83,7.0,6.0,False,10,53.333333333333336,553.6512,0.3346666666666666,
1895,4i,150.0,4,3.3,2,15.04,False,1,10.7516,36.87,36.87,scenario_straight_heavy,val,development,0.25,10.04,-3.2662000000000004,0.10026666666666666,0.0,35.87,0.0,4.0,False,15,26.666666666666668,316.8,0.3346666666666666,
1900,4i,150.0,2,0.0,2,15.04,False,0,,,,scenario_straight_heavy,val,development,0.25,10.04,-1.86,0.10026666666666666,-1.0,,0.0,9.0,False,20,13.333333333333334,0.0,0.3346666666666666,
1905,4i,150.0,5,14.8815,2,15.04,False,0,,,,scenario_straight_heavy,val,development,0.25,6.039999999999999,10.718700000000002,0.10026666666666666,-1.0,,0.0,14.0,False,25,33.333333333333336,1785.7800000000004,0.2013333333333333,
1910,4i,150.0,5,8.204,2,15.04,False,0,,,,scenario_straight_heavy,val,development,0.25,6.039999999999999,5.960600000000001,0.10026666666666666,-2.0,,0.0,19.0,False,30,33.333333333333336,984.4800000000001,0.2013333333333333,
1915,4i,150.0,3,0.0012,3,29.08,False,0,,,,scenario_straight_heavy,val,development,0.25,14.04,-0.33390000000000003,0.19386666666666666,-2.0,,0.0,24.0,False,35,20.0,0.0864,0.46799999999999997,
1920,4i,150.0,3,0.0,3,29.08,False,0,,,,scenario_straight_heavy,val,development,0.25,14.04,-2.8836,0.19386666666666666,-2.0,,1.0,4.0,False,40,20.0,0.0,0.46799999999999997,
1925,4i,150.0,3,6.4477,1,28.74,False,0,,,,scenario_straight_heavy,val,development,0.25,13.7,3.1477000000000004,0.1916,-1.0,,2.0,2.0,False,45,20.0,464.2344,0.45666666666666667,
1930,4i,150.0,3,6.333,0,0.0,False,0,,,,scenario_straight_heavy,val,development,0.25,-15.04,6.333,0.0,0.0,,3.0,1.0,False,50,20.0,455.976,-0.5013333333333333,
1935,4i,150.0,4,6.3911,2,15.04,False,0,,,,scenario_straight_heavy,val,development,0.25,0.0,-8.490400000000001,0.10026666666666666,0.0,,3.0,6.0,False,55,26.666666666666668,613.5456,0.0,
1940,4i,150.0,4,2.7715,3,15.04,False,1,19.3561,397.0,397.0,scenario_straight_heavy,val,development,0.25,0.0,-5.432500000000001,0.10026666666666666,1.0,,4.0,4.0,True,,26.666666666666668,266.064,0.0,
1945,4i,150.0,4,0.0078,4,15.04,False,1,19.3406,300.57,300.57,scenario_straight_heavy,val,development,0.25,-14.04,0.0066,0.10026666666666666,1.0,,4.0,9.0,True,,26.666666666666668,0.7488,-0.46799999999999997,
1950,4i,150.0,6,7.9823,4,15.04,False,1,19.1006,205.19,205.19,scenario_straight_heavy,val,development,0.25,-14.04,7.9823,0.10026666666666666,1.0,,4.0,14.0,True,,40.0,1149.4512,-0.46799999999999997,
1955,4i,150.0,7,6.4433,4,15.04,False,1,17.6236,111.24,111.24,scenario_straight_heavy,val,development,0.25,-13.7,-0.004400000000000404,0.10026666666666666,1.0,,4.0,19.0,True,,46.66666666666667,1082.4744,-0.45666666666666667,
1960,4i,150.0,7,2.2878,4,15.04,False,1,14.9577,30.83,30.83,scenario_straight_heavy,val,development,0.25,15.04,-4.0452,0.10026666666666666,1.0,,4.0,24.0,True,,46.66666666666667,384.35040000000004,0.5013333333333333,
1965,4i,150.0,8,2.8338,6,19.04,False,1,0.0,1.0,1.0,scenario_straight_heavy,val,development,0.25,4.0,-3.5572999999999997,0.12693333333333331,1.0,,5.0,4.0,False,5,53.333333333333336,544.0896000000001,0.13333333333333333,
1970,4i,150.0,8,1.1745,7,19.04,False,2,9.4312,1.0,396.91,scenario_straight_heavy,val,development,0.25,4.0,-1.597,0.12693333333333331,1.0,-0.08999999999997499,6.0,2.0,True,,53.333333333333336,225.50400000000002,0.13333333333333333,
1975,4i,150.0,8,0.0011,8,26.05,False,2,9.7027,1.0,301.47,scenario_straight_heavy,val,development,0.25,11.010000000000002,-0.006699999999999999,0.17366666666666666,1.0,0.9000000000000341,7.0,1.0,False,5,53.333333333333336,0.2112,0.36700000000000005,
1980,4i,150.0,8,0.0,8,26.04,False,2,9.0698,1.0,207.15,scenario_straight_heavy,val,development,0.25,11.0,-7.9823,0.1736,1.0,1.960000000000008,7.0,6.0,False,10,53.333333333333336,0.0,0.36666666666666664,
1985,4i,150.0,7,2.9321,3,19.04,False,2,20.4466,129.78,375.87,scenario_straight_heavy,val,development,0.25,4.0,-3.5111999999999997,0.12693333333333331,1.0,264.63,0.0,4.0,False,15,46.66666666666667,492.5928000000001,0.13333333333333333,
1990,4i,150.0,5,2.961,3,19.04,False,2,18.3634,72.28,242.92,scenario_straight_heavy,val,development,0.25,4.0,0.6732,0.12693333333333331,1.0,212.08999999999997,0.0,9.0,False,20,33.333333333333336,355.32,0.13333333333333333,
1995,4i,150.0,6,8.894,3,19.04,False,2,15.5842,24.43,119.84,scenario_straight_heavy,val,development,0.25,0.0,6.0602,0.12693333333333331,1.0,118.84,0.0,14.0,False,25,40.0,1280.7359999999999,0.0,
2000,4i,150.0,6,7.153,3,19.04,False,1,17.0604,30.86,30.86,scenario_straight_heavy,val,development,0.25,0.0,5.9784999999999995,0.12693333333333331,-1.0,-366.05,0.0,19.0,False,30,40.0,1030.032,0.0,
2005,4i,150.0,5,2.5066,4,26.06,False,0,,,,scenario_straight_heavy,val,development,0.25,0.00999999999999801,2.5055,0.17373333333333332,-2.0,,0.0,24.0,False,35,33.333333333333336,300.7920000000001,0.000333333333333267,
2010,4i,150.0,6,4.2548,4,26.04,False,0,,,,scenario_straight_heavy,val,development,0.25,0.0,4.2548,0.1736,-2.0,,1.0,4.0,False,40,40.0,612.6912000000001,0.0,
2015,4i,150.0,5,3.1042,3,26.04,False,0,,,,scenario_straight_heavy,val,development,0.25,7.0,0.17209999999999992,0.1736,-2.0,,2.0,2.0,False,45,33.333333333333336,372.504,0.23333333333333334,
2020,4i,150.0,5,1.274,1,1.0,False,0,,,,scenario_straight_heavy,val,development,0.25,-18.04,-1.6869999999999998,0.006666666666666667,-2.0,,3.0,1.0,False,50,33.333333333333336,152.88000000000002,-0.6013333333333333,
2025,4i,150.0,6,4.0577,5,12.0,False,0,,,,scenario_straight_heavy,val,development,0.25,-7.039999999999999,-4.8363000000000005,0.08,-2.0,,3.0,6.0,False,55,40.0,584.3087999999999,-0.23466666666666663,
2030,4i,150.0,6,1.8914,5,11.99,False,0,,,,scenario_straight_heavy,val,development,0.25,-7.049999999999999,-5.2616,0.07993333333333333,-1.0,,4.0,4.0,True,,40.0,272.3616,-0.23499999999999996,
2035,4i,150.0,6,0.0232,5,11.99,False,0,,,,scenario_straight_heavy,val,development,0.25,-14.069999999999999,-2.4834,0.07993333333333333,0.0,,4.0,9.0,True,,40.0,3.3407999999999998,-0.469,
2040,4i,150.0,8,5.9546,6,11.99,False,0,,,,scenario_straight_heavy,val,development,0.25,-14.049999999999999,1.6997999999999998,0.07993333333333333,0.0,,4.0,14.0,True,,53.333333333333336,1143.2832,-0.4683333333333333,
2045,4i,150.0,9,4.6835,6,11.99,False,0,,,,scenario_straight_heavy,val,development,0.25,-14.049999999999999,1.5793000000000004,0.07993333333333333,0.0,,4.0,19.0,True,,60.0,1011.6360000000001,-0.4683333333333333,
2050,4i,150.0,9,1.4854,7,15.99,False,0,,,,scenario_straight_heavy,val,development,0.25,14.99,0.21140000000000003,0.1066,0.0,,4.0,24.0,True,,60.0,320.8464,0.49966666666666665,
2055,4i,150.0,10,2.6105,8,15.99,False,0,,,,scenario_straight_heavy,val,development,0.25,3.99,-1.4471999999999996,0.1066,0.0,,5.0,4.0,False,5,66.66666666666667,626.5200000000001,0.133,
2060,4i,150.0,10,0.954,9,15.99,False,1,26.7216,375.12,375.12,scenario_straight_heavy,val,development,0.25,4.0,-0.9374,0.1066,1.0,,6.0,2.0,True,,66.66666666666667,228.96000000000004,0.13333333333333333,
2065,4i,150.0,10,0.0419,10,21.86,False,1,26.2721,239.99,239.99,scenario_straight_heavy,val,development,0.25,9.87,0.0187,0.14573333333333333,1.0,,7.0,1.0,False,5,66.66666666666667,10.056000000000001,0.32899999999999996,
2070,4i,150.0,11,2.061,10,21.71,False,1,22.6701,111.34,111.34,scenario_straight_heavy,val,development,0.25,9.72,-3.8936,0.14473333333333335,1.0,,7.0,6.0,False,10,73.33333333333334,544.104,0.324,
2075,4i,150.0,8,2.4001,4,15.99,False,2,16.7706,37.51,385.26,scenario_straight_heavy,val,development,0.25,4.0,-2.2834000000000003,0.1066,2.0,,0.0,4.0,False,15,53.333333333333336,460.8192000000001,0.13333333333333333,
2080,4i,150.0,5,1.9642,4,15.99,False,2,17.2718,1.09,262.99,scenario_straight_heavy,val,development,0.25,0.0,0.4787999999999999,0.1066,2.0,,0.0,9.0,False,20,33.333333333333336,235.704,0.0,
2085,4i,150.0,7,10.6208,4,15.99,False,1,24.3845,141.96,141.96,scenario_straight_heavy,val,development,0.25,0.0,8.010299999999999,0.1066,1.0,,0.0,14.0,False,25,46.66666666666667,1784.2944,0.0,
2090,4i,150.0,7,6.0961,4,15.99,False,1,13.488,49.52,49.52,scenario_straight_heavy,val,development,0.25,0.0,5.1421,0.1066,0.0,-325.6,0.0,19.0,False,30,46.66666666666667,1024.1448,0.0,
2095,4i,150.0,5,0.3308,4,15.99,False,1,1.6539,20.85,20.85,scenario_straight_heavy,val,development,0.25,-5.869999999999999,0.2889,0.1066,0.0,-219.14000000000001,0.0,24.0,False,35,33.333333333333336,39.696,-0.19566666666666663,
2100,4i,150.0,5,0.0,5,19.99,False,1,0.0001,19.99,19.99,scenario_straight_heavy,val,development,0.25,-1.7200000000000024,-2.061,0.13326666666666664,0.0,-91.35000000000001,1.0,4.0,False,40,33.333333333333336,0.0,-0.05733333333333342,
2105,4i,150.0,4,4.7058,2,19.99,False,2,9.4302,19.99,397.06,scenario_straight_heavy,val,development,0.25,3.9999999999999982,2.3057,0.13326666666666664,0.0,11.800000000000011,2.0,2.0,False,45,26.666666666666668,451.7568,0.13333333333333328,
2110,4i,150.0,3,6.944,0,0.0,False,2,11.7494,8.51,300.8,scenario_straight_heavy,val,development,0.25,-15.99,4.9798,0.0,0.0,37.81,3.0,1.0,False,50,20.0,499.968,-0.533,
2115,4i,150.0,3,0.439,2,5.0,False,2,9.3968,5.0,204.99,scenario_straight_heavy,val,development,0.25,-10.99,-10.181799999999999,0.03333333333333333,1.0,63.03,3.0,6.0,False,55,20.0,31.608,-0.36633333333333334,
2120,4i,150.0,4,3.6086,3,5.0,False,4,14.8546,5.0,399.82,scenario_straight_heavy,val,development,0.25,-10.99,-2.4875,0.03333333333333333,3.0,350.3,4.0,4.0,True,,26.666666666666668,346.42560000000003,-0.36633333333333334,
2125,4i,150.0,4,2.5059,3,5.0,False,4,13.8706,5.0,305.03,scenario_straight_heavy,val,development,0.25,-10.99,2.1751,0.03333333333333333,3.0,284.17999999999995,4.0,9.0,True,,26.666666666666668,240.56640000000002,-0.36633333333333334,
2130,4i,150.0,5,5.4787,3,5.0,False,4,11.4739,5.0,211.06,scenario_straight_heavy,val,development,0.25,-14.989999999999998,5.4787,0.03333333333333333,3.0,191.07,4.0,14.0,True,,33.333333333333336,657.4440000000001,-0.4996666666666666,
2135,4i,150.0,7,6.5234,3,5.0,False,4,7.2789,5.0,118.12,scenario_straight_heavy,val,development,0.25,-14.989999999999998,1.8175999999999997,0.03333333333333333,2.0,-278.94,4.0,19.0,True,,46.66666666666667,1095.9312,-0.4996666666666666,
2140,4i,150.0,7,3.7896,4,13.71,False,4,2.8276,5.0,47.87,scenario_straight_heavy,val,development,0.25,13.71,-3.1544,0.09140000000000001,2.0,-252.93,4.0,24.0,True,,46.66666666666667,636.6528000000002,0.457,
2145,4i,150.0,8,3.5019,5,27.75,False,4,0.9042,5.0,27.75,scenario_straight_heavy,val,development,0.25,22.75,3.0629,0.185,2.0,-177.24,5.0,4.0,False,5,53.333333333333336,672.3648000000001,0.7583333333333333,
2150,4i,150.0,8,1.1238,7,27.75,False,4,0.0001,5.0,27.75,scenario_straight_heavy,val,development,0.25,22.75,-2.4848,0.185,0.0,-372.07,6.0,2.0,True,,53.333333333333336,215.7696,0.7583333333333333,
2155,4i,150.0,8,0.0068,8,31.79,False,4,0.0,5.0,27.75,scenario_straight_heavy,val,development,0.25,26.79,-2.4991,0.21193333333333333,0.0,-277.28,7.0,1.0,False,5,53.333333333333336,1.3055999999999999,0.893,
2160,4i,150.0,9,2.3903,8,31.75,False,4,0.0,5.0,27.75,scenario_straight_heavy,val,development,0.25,26.75,-3.0884,0.21166666666666667,0.0,-183.31,7.0,6.0,False,10,60.0,516.3048,0.8916666666666667,
2165,4i,150.0,7,2.1602,3,12.0,False,4,1.2596,5.0,24.07,scenario_straight_heavy,val,development,0.25,7.0,-4.363199999999999,0.08,0.0,-94.05000000000001,0.0,4.0,False,15,46.66666666666667,362.9136000000001,0.23333333333333334,
2170,4i,150.0,6,2.549,3,12.0,False,3,2.0847,2.3,12.0,scenario_straight_heavy,val,development,0.25,-1.7100000000000009,-1.2406000000000001,0.08,-1.0,-35.87,0.0,9.0,False,20,40.0,367.056,-0.05700000000000003,
2175,4i,150.0,5,9.596,3,12.0,False,2,0.0,5.0,12.0,scenario_straight_heavy,val,development,0.25,-15.75,6.0941,0.08,-2.0,-15.75,0.0,14.0,False,25,33.333333333333336,1151.52,-0.525,
2180,4i,150.0,6,7.3682,3,12.0,False,2,0.0,5.0,12.0,scenario_straight_heavy,val,development,0.25,-15.75,6.2444,0.08,-2.0,-15.75,0.0,19.0,False,30,40.0,1061.0208,-0.525,
2185,4i,150.0,5,2.6035,3,12.0,False,2,0.0,5.0,12.0,scenario_straight_heavy,val,development,0.25,-19.79,2.5967,0.08,-2.0,-15.75,0.0,24.0,False,35,33.333333333333336,312.42,-0.6596666666666666,
2190,4i,150.0,6,4.5189,4,24.71,False,2,0.0,5.0,12.0,scenario_straight_heavy,val,development,0.25,-7.039999999999999,2.1286000000000005,0.16473333333333334,-2.0,-15.75,1.0,4.0,False,40,40.0,650.7216000000001,-0.23466666666666663,
2195,4i,150.0,4,4.6633,2,24.71,False,1,1.0208,10.98,10.98,scenario_straight_heavy,val,development,0.25,12.71,2.5030999999999994,0.16473333333333334,-3.0,-13.09,2.0,2.0,False,45,26.666666666666668,447.67679999999996,0.4236666666666667,
2200,4i,150.0,3,3.0803,1,1.0,False,0,,,,scenario_straight_heavy,val,development,0.25,-11.0,0.5312999999999999,0.006666666666666667,-3.0,,3.0,1.0,False,50,20.0,221.78159999999997,-0.36666666666666664,
2205,4i,150.0,4,6.0015,3,1.0,False,0,,,,scenario_straight_heavy,val,development,0.25,-11.0,-3.5945,0.006666666666666667,-2.0,,3.0,6.0,False,55,26.666666666666668,576.144,-0.36666666666666664,
2210,4i,150.0,4,2.7929,3,1.0,False,1,26.0494,376.66,376.66,scenario_straight_heavy,val,development,0.25,-11.0,-4.5753,0.006666666666666667,-1.0,364.66,4.0,4.0,True,,26.666666666666668,268.1184,-0.36666666666666664,
2215,4i,150.0,4,0.0066,4,8.01,False,1,26.9386,241.38,241.38,scenario_straight_heavy,val,development,0.25,-3.99,-2.5968999999999998,0.053399999999999996,-1.0,229.38,4.0,9.0,True,,26.666666666666668,0.6336,-0.133,
2220,4i,150.0,7,10.381,4,8.0,False,1,23.7705,110.17,110.17,scenario_straight_heavy,val,development,0.25,-16.71,5.8621,0.05333333333333334,-1.0,98.17,4.0,14.0,True,,46.66666666666667,1744.0080000000003,-0.557,
2225,4i,150.0,7,4.5573,4,8.0,False,1,10.2003,32.03,32.03,scenario_straight_heavy,val,development,0.25,-16.71,-0.10599999999999987,0.05333333333333334,0.0,21.05,4.0,19.0,True,,46.66666666666667,765.6264,-0.557,
2230,4i,150.0,7,0.018,5,15.06,False,1,0.0258,15.06,15.06,scenario_straight_heavy,val,development,0.25,14.06,-3.0623,0.1004,1.0,,4.0,24.0,True,,46.66666666666667,3.024,0.4686666666666667,
2235,4i,150.0,8,2.9445,7,15.04,False,1,0.0,15.04,15.04,scenario_straight_heavy,val,development,0.25,14.04,-3.057,0.10026666666666666,1.0,,5.0,4.0,False,5,53.333333333333336,565.344,0.46799999999999997,
2240,4i,150.0,8,1.6621,7,15.04,False,1,0.0,15.04,15.04,scenario_straight_heavy,val,development,0.25,14.04,-1.1308,0.10026666666666666,0.0,-361.62,6.0,2.0,True,,53.333333333333336,319.1232,0.46799999999999997,
2245,4i,150.0,8,0.2645,7,15.04,False,1,0.0,15.04,15.04,scenario_straight_heavy,val,development,0.25,7.029999999999999,0.2579,0.10026666666666666,0.0,-226.34,7.0,1.0,False,5,53.333333333333336,50.784000000000006,0.2343333333333333,
2250,4i,150.0,9,2.6715,8,16.01,False,1,0.0,15.04,15.04,scenario_straight_heavy,val,development,0.25,8.010000000000002,-7.7095,0.10673333333333335,0.0,-95.13,7.0,6.0,False,10,60.0,577.044,0.26700000000000007,
2255,4i,150.0,6,4.3296,2,8.0,False,2,13.5195,6.66,384.38,scenario_straight_heavy,val,development,0.25,0.0,-0.22769999999999957,0.05333333333333334,1.0,352.35,0.0,4.0,False,15,40.0,623.4624,0.0,
2260,4i,150.0,2,0.0,2,8.0,False,1,23.6242,264.5,264.5,scenario_straight_heavy,val,development,0.25,-7.0600000000000005,-0.018,0.05333333333333334,0.0,249.44,0.0,9.0,False,20,13.333333333333334,0.0,-0.23533333333333334,
2265,4i,150.0,5,14.3173,2,8.0,False,1,23.8394,145.22,145.22,scenario_straight_heavy,val,development,0.25,-7.039999999999999,11.3728,0.05333333333333334,0.0,130.18,0.0,14.0,False,25,33.333333333333336,1718.076,-0.23466666666666663,
2270,4i,150.0,5,9.1185,2,8.0,False,1,14.7323,45.84,45.84,scenario_straight_heavy,val,development,0.25,-7.039999999999999,7.4563999999999995,0.05333333333333334,0.0,30.800000000000004,0.0,19.0,False,30,33.333333333333336,1094.22,-0.23466666666666663,
2275,4i,150.0,3,0.6997,2,8.0,False,1,2.0992,12.64,12.64,scenario_straight_heavy,val,development,0.25,-7.039999999999999,0.4352,0.05333333333333334,0.0,-2.3999999999999986,0.0,24.0,False,35,20.0,50.3784,-0.23466666666666663,
2280,4i,150.0,4,6.2136,3,12.0,False,1,0.0,12.0,12.0,scenario_straight_heavy,val,development,0.25,-4.010000000000002,3.5420999999999996,0.08,0.0,-3.039999999999999,1.0,4.0,False,40,26.666666666666668,596.5056,-0.1336666666666667,
2285,4i,150.0,3,6.6697,0,0.0,False,1,1.221,10.78,10.78,scenario_straight_heavy,val,development,0.25,-8.0,2.3400999999999996,0.0,-1.0,-373.6,2.0,2.0,False,45,20.0,480.2184,-0.26666666666666666,
2290,4i,150.0,1,3.4884,0,0.0,False,0,,,,scenario_straight_heavy,val,development,0.25,-8.0,3.4884,0.0,-1.0,,3.0,1.0,False,50,6.666666666666667,83.7216,-0.26666666666666666,
2295,4i,150.0,1,0.0,1,1.0,False,0,,,,scenario_straight_heavy,val,development,0.25,-7.0,-14.3173,0.006666666666666667,-1.0,,3.0,6.0,False,55,6.666666666666667,0.0,-0.23333333333333334,
2300,4i,150.0,2,9.0565,1,1.0,False,1,24.7093,383.38,383.38,scenario_straight_heavy,val,development,0.25,-7.0,-0.06199999999999939,0.006666666666666667,0.0,337.53999999999996,4.0,4.0,True,,13.333333333333334,434.71200000000005,-0.23333333333333334,
2305,4i,150.0,2,5.7358,1,1.0,False,1,23.4661,262.91,262.91,scenario_straight_heavy,val,development,0.25,-7.0,5.0361,0.006666666666666667,0.0,250.27000000000004,4.0,9.0,True,,13.333333333333334,275.31840000000005,-0.23333333333333334,
2310,4i,150.0,5,15.3645,1,1.0,False,1,24.8761,143.44,143.44,scenario_straight_heavy,val,development,0.25,-11.0,9.1509,0.006666666666666667,0.0,131.44,4.0,14.0,True,,33.333333333333336,1843.74,-0.36666666666666664,
2315,4i,150.0,5,9.1163,2,8.0,False,1,13.843,48.98,48.98,scenario_straight_heavy,val,development,0.25,8.0,2.446600000000001,0.05333333333333334,0.0,38.199999999999996,4.0,19.0,True,,33.333333333333336,1093.9560000000001,0.26666666666666666,
2320,4i,150.0,5,0.9271,2,8.0,False,1,0.2869,20.91,20.91,scenario_straight_heavy,val,development,0.25,8.0,-2.5613,0.05333333333333334,1.0,,4.0,24.0,True,,33.333333333333336,111.25200000000002,0.26666666666666666,
2325,4i,150.0,6,3.819,5,20.71,False,1,0.0002,20.71,20.71,scenario_straight_heavy,val,development,0.25,19.71,3.819,0.13806666666666667,1.0,,5.0,4.0,False,5,40.0,549.936,0.657,
2330,4i,150.0,6,1.5206,5,20.71,False,1,0.0,20.71,20.71,scenario_straight_heavy,val,development,0.25,19.71,-7.5359,0.13806666666666667,0.0,-362.67,6.0,2.0,True,,40.0,218.96640000000002,0.657,
2335,4i,150.0,6,0.0002,6,27.71,False,1,0.0,20.71,20.71,scenario_straight_heavy,val,development,0.25,26.71,-5.7356,0.18473333333333333,0.0,-242.20000000000002,7.0,1.0,False,5,40.0,0.028800000000000003,0.8903333333333333,
2340,4i,150.0,7,3.488,6,27.71,False,1,0.0,20.71,20.71,scenario_straight_heavy,val,development,0.25,26.71,-11.8765,0.18473333333333333,0.0,-122.72999999999999,7.0,6.0,False,10,46.66666666666667,585.9840000000002,0.8903333333333333,
2345,4i,150.0,4,5.0488,1,1.0,False,2,15.8178,11.97,376.89,scenario_straight_heavy,val,development,0.25,-7.0,-4.067500000000001,0.006666666666666667,1.0,327.90999999999997,0.0,4.0,False,15,26.666666666666668,484.6848,-0.23333333333333334,
2350,4i,150.0,2,5.4711,1,1.0,False,1,26.4161,242.06,242.06,scenario_straight_heavy,val,development,0.25,-7.0,4.544,0.006666666666666667,0.0,221.15,0.0,9.0,False,20,13.333333333333334,262.6128,-0.23333333333333334,
2355,4i,150.0,3,17.1713,1,1.0,False,1,27.2631,112.98,112.98,scenario_straight_heavy,val,development,0.25,-19.71,13.3523,0.006666666666666667,0.0,92.27000000000001,0.0,14.0,False,25,20.0,1236.3336,-0.657,
2360,4i,150.0,4,11.6884,1,1.0,False,1,18.9598,12.97,12.97,scenario_straight_heavy,val,development,0.25,-19.71,10.1678,0.006666666666666667,0.0,-7.74,0.0,19.0,False,30,26.666666666666668,1122.0864000000001,-0.657,
2365,4i,150.0,3,4.0993,2,8.05,False,0,,,,scenario_straight_heavy,val,development,0.25,-19.66,4.0991,0.05366666666666667,-1.0,,0.0,24.0,False,35,20.0,295.1496,-0.6553333333333333,
2370,4i,150.0,4,6.8631,2,8.0,False,0,,,,scenario_straight_heavy,val,development,0.25,-19.71,3.3751,0.05333333333333334,-1.0,,1.0,4.0,False,40,26.666666666666668,658.8576,-0.657,
2375,4i,150.0,3,5.9037,1,1.0,False,1,27.4362,376.04,376.04,scenario_straight_heavy,val,development,0.25,0.0,0.8548999999999998,0.006666666666666667,-1.0,-0.8499999999999659,2.0,2.0,False,45,20.0,425.0664,0.0,
2380,4i,150.0,2,0.0,2,1.0,False,1,27.135,242.34,242.34,scenario_straight_heavy,val,development,0.25,0.0,-5.4711,0.006666666666666667,0.0,0.28000000000000114,3.0,1.0,False,50,13.333333333333334,0.0,0.0,
2385,4i,150.0,3,8.3894,2,1.0,False,1,25.1681,108.33,108.33,scenario_straight_heavy,val,development,0.25,0.0,-8.781899999999998,0.006666666666666667,0.0,-4.650000000000006,3.0,6.0,False,55,20.0,604.0368,0.0,
2390,4i,150.0,3,3.9016,2,1.0,False,2,17.7905,23.94,384.53,scenario_straight_heavy,val,development,0.25,0.0,-7.7867999999999995,0.006666666666666667,1.0,371.55999999999995,4.0,4.0,True,,20.0,280.9152,0.0,
2395,4i,150.0,3,0.0277,3,5.04,False,2,12.2446,5.04,263.49,scenario_straight_heavy,val,development,0.25,-3.0100000000000007,-4.0716,0.0336,2.0,,4.0,9.0,True,,20.0,1.9944000000000002,-0.10033333333333336,
2400,4i,150.0,5,9.6385,3,5.0,False,2,11.9709,5.0,142.57,scenario_straight_heavy,val,development,0.25,-3.0,2.7754000000000003,0.03333333333333333,2.0,,4.0,14.0,True,,33.333333333333336,1156.6200000000003,-0.1,
2405,4i,150.0,6,7.3402,3,5.0,False,2,7.0579,5.0,48.18,scenario_straight_heavy,val,development,0.25,4.0,1.4365000000000006,0.03333333333333333,1.0,-327.86,4.0,19.0,True,,40.0,1056.9888,0.13333333333333333,
2410,4i,150.0,6,2.4695,4,9.01,False,2,0.7159,5.0,15.82,scenario_straight_heavy,val,development,0.25,8.01,2.4695,0.060066666666666664,1.0,-226.52,4.0,24.0,True,,40.0,355.608,0.267,
2415,4i,150.0,6,0.0,5,15.04,False,2,0.0,5.0,15.04,scenario_straight_heavy,val,development,0.25,14.04,-8.3894,0.10026666666666666,1.0,-93.28999999999999,5.0,4.0,False,5,40.0,0.0,0.46799999999999997,
2420,4i,150.0,7,2.4987,6,15.04,False,2,0.0,5.0,15.04,scenario_straight_heavy,val,development,0.25,14.04,-1.4029000000000003,0.10026666666666666,0.0,-369.48999999999995,6.0,2.0,True,,46.66666666666667,419.7816,0.46799999999999997,
2425,4i,150.0,7,1.5894,6,15.04,False,2,0.0,5.0,15.04,scenario_straight_heavy,val,development,0.25,10.0,1.5616999999999999,0.10026666666666666,0.0,-248.45000000000002,7.0,1.0,False,5,46.66666666666667,267.0192,0.3333333333333333,
2430,4i,150.0,8,3.2019,6,15.04,False,2,0.0,5.0,15.04,scenario_straight_heavy,val,development,0.25,10.04,-6.4366,0.10026666666666666,0.0,-127.53,7.0,6.0,False,10,53.333333333333336,614.7648000000002,0.3346666666666666,
2435,4i,150.0,4,4.052,1,1.0,False,2,15.2375,7.53,378.0,scenario_straight_heavy,val,development,0.25,-4.0,-3.2882000000000007,0.006666666666666667,0.0,329.82,0.0,4.0,False,15,26.666666666666668,388.992,-0.13333333333333333,
2440,4i,150.0,1,0.0,1,1.0,False,1,26.5099,243.87,243.87,scenario_straight_heavy,val,development,0.25,-8.01,-2.4695,0.006666666666666667,-1.0,228.05,0.0,9.0,False,20,6.666666666666667,0.0,-0.267,
2445,4i,150.0,3,15.9954,1,1.0,False,1,24.0334,111.52,111.52,scenario_straight_heavy,val,development,0.25,-14.04,15.9954,0.006666666666666667,-1.0,96.47999999999999,0.0,14.0,False,25,20.0,1151.6688000000001,-0.46799999999999997,
2450,4i,150.0,4,11.4018,1,1.0,False,1,10.575,30.7,30.7,scenario_straight_heavy,val,development,0.25,-14.04,8.9031,0.006666666666666667,-1.0,15.66,0.0,19.0,False,30,26.666666666666668,1094.5728000000001,-0.46799999999999997,
2455,4i,150.0,3,5.6273,2,15.13,False,1,0.106,15.13,15.13,scenario_straight_heavy,val,development,0.25,0.09000000000000163,4.0379000000000005,0.10086666666666667,-1.0,0.09000000000000163,0.0,24.0,False,35,20.0,405.1656,0.0030000000000000543,
2460,4i,150.0,2,0.0,2,15.04,False,1,0.0,15.04,15.04,scenario_straight_heavy,val,development,0.25,0.0,-3.2019,0.10026666666666666,-1.0,0.0,1.0,4.0,False,40,13.333333333333334,0.0,0.0,
2465,4i,150.0,2,9.5795,0,0.0,False,2,13.8895,13.27,374.82,scenario_straight_heavy,val,development,0.25,-1.0,5.5275,0.0,0.0,-3.180000000000007,2.0,2.0,False,45,13.333333333333334,459.816,-0.03333333333333333,
2470,4i,150.0,2,8.3956,0,0.0,False,2,13.5248,1.14,240.25,scenario_straight_heavy,val,development,0.25,-1.0,8.3956,0.0,1.0,-3.6200000000000045,3.0,1.0,False,50,13.333333333333334,402.9888,-0.03333333333333333,
2475,4i,150.0,3,8.2668,1,1.0,False,2,11.7163,1.0,111.63,scenario_straight_heavy,val,development,0.25,0.0,-7.7286,0.006666666666666667,1.0,0.10999999999999943,3.0,6.0,False,55,20.0,595.2096,0.0,
2480,4i,150.0,3,3.6722,2,1.0,False,3,11.908,1.0,382.6,scenario_straight_heavy,val,development,0.25,0.0,-7.7296,0.006666666666666667,2.0,351.90000000000003,4.0,4.0,True,,20.0,264.3984,0.0,
2485,4i,150.0,3,0.1118,2,1.0,False,3,8.3946,1.0,262.1,scenario_straight_heavy,val,development,0.25,-14.13,-5.5155,0.006666666666666667,2.0,246.97000000000003,4.0,9.0,True,,20.0,8.0496,-0.47100000000000003,
2490,4i,150.0,5,9.5842,3,13.71,False,3,7.8593,1.0,140.86,scenario_straight_heavy,val,development,0.25,-1.3299999999999983,9.5842,0.09140000000000001,2.0,125.82000000000002,4.0,14.0,True,,33.333333333333336,1150.104,-0.04433333333333327,
2495,4i,150.0,6,8.304,3,13.71,False,4,8.9992,1.0,396.87,scenario_straight_heavy,val,development,0.25,13.71,-1.2754999999999992,0.09140000000000001,2.0,22.05000000000001,4.0,19.0,True,,40.0,1195.776,0.457,
2500,4i,150.0,6,2.4159,3,13.71,False,4,5.2385,1.0,300.95,scenario_straight_heavy,val,development,0.25,13.71,-5.979699999999999,0.09140000000000001,2.0,60.69999999999999,4.0,24.0,True,,40.0,347.88960000000003,0.457,
2505,4i,150.0,6,0.7126,5,17.71,False,4,4.6156,1.0,205.64,scenario_straight_heavy,val,development,0.25,16.71,-7.5542,0.11806666666666667,2.0,94.00999999999999,5.0,4.0,False,5,40.0,102.6144,0.557,
2510,4i,150.0,7,2.0015,6,17.71,False,4,3.4906,1.0,126.83,scenario_straight_heavy,val,development,0.25,16.71,-1.6707,0.11806666666666667,1.0,-255.77000000000004,6.0,2.0,True,,46.66666666666667,336.252,0.557,
2515,4i,150.0,7,1.3518,6,17.71,False,4,2.3656,1.0,70.52,scenario_straight_heavy,val,development,0.25,16.71,1.24,0.11806666666666667,1.0,-191.58000000000004,7.0,1.0,False,5,46.66666666666667,227.10240000000002,0.557,
2520,4i,150.0,8,3.1099,6,17.71,False,4,1.2563,1.0,36.39,scenario_straight_heavy,val,development,0.25,4.0,-6.4742999999999995,0.11806666666666667,1.0,-104.47000000000001,7.0,6.0,False,10,53.333333333333336,597.1008,0.13333333333333333,
2525,4i,150.0,5,3.1167,2,5.0,False,4,14.1703,1.0,376.37,scenario_straight_heavy,val,development,0.25,-8.71,-5.1873000000000005,0.03333333333333333,0.0,-20.5,0.0,4.0,False,15,33.333333333333336,374.004,-0.2903333333333334,
2530,4i,150.0,4,3.0573,2,5.0,False,4,14.6048,0.92,242.25,scenario_straight_heavy,val,development,0.25,-8.71,0.6414,0.03333333333333333,0.0,-58.69999999999999,0.0,9.0,False,20,26.666666666666668,293.5008,-0.2903333333333334,
2535,4i,150.0,5,14.303,2,5.0,False,3,15.839,1.0,113.29,scenario_straight_heavy,val,development,0.25,-12.71,13.5904,0.03333333333333333,-1.0,-92.34999999999998,0.0,14.0,False,25,33.333333333333336,1716.3600000000004,-0.4236666666666667,
2540,4i,150.0,5,8.066,2,5.0,False,3,8.8031,1.0,34.51,scenario_straight_heavy,val,development,0.25,-12.71,6.064500000000001,0.03333333333333333,-1.0,-92.32,0.0,19.0,False,30,33.333333333333336,967.9200000000002,-0.4236666666666667,
2545,4i,150.0,3,0.1019,3,18.01,False,2,0.1529,1.0,18.01,scenario_straight_heavy,val,development,0.25,0.3000000000000007,-1.2498999999999998,0.12006666666666668,-2.0,-52.50999999999999,0.0,24.0,False,35,20.0,7.3368,0.010000000000000024,
2550,4i,150.0,4,5.8838,3,17.71,False,2,0.0002,1.0,17.71,scenario_straight_heavy,val,development,0.25,0.0,2.7739,0.11806666666666667,-2.0,-18.68,1.0,4.0,False,40,26.666666666666668,564.8448000000001,0.0,
2555,4i,150.0,2,7.351,0,0.0,False,1,1.2004,16.51,16.51,scenario_straight_heavy,val,development,0.25,-5.0,4.2343,0.0,-3.0,-359.86,2.0,2.0,False,45,13.333333333333334,352.848,-0.16666666666666666,
2560,4i,150.0,1,0.0,0,0.0,False,0,,,,scenario_straight_heavy,val,development,0.25,-5.0,-3.0573,0.0,-4.0,,3.0,1.0,False,50,6.666666666666667,0.0,-0.16666666666666666,
2565,4i,150.0,2,12.5453,1,1.0,False,0,,,,scenario_straight_heavy,val,development,0.25,-4.0,-1.7577000000000016,0.006666666666666667,-3.0,,3.0,6.0,False,55,13.333333333333334,602.1744,-0.13333333333333333,
2570,4i,150.0,2,5.5454,1,1.0,False,0,,,,scenario_straight_heavy,val,development,0.25,-4.0,-2.520600000000001,0.006666666666666667,-3.0,,4.0,4.0,True,,13.333333333333334,266.1792,-0.13333333333333333,
2575,4i,150.0,2,0.0481,2,5.01,False,0,,,,scenario_straight_heavy,val,development,0.25,-13.000000000000002,-0.05380000000000001,0.0334,-2.0,,4.0,9.0,True,,13.333333333333334,2.3087999999999997,-0.4333333333333334,
2580,4i,150.0,4,12.6049,2,5.0,False,0,,,,scenario_straight_heavy,val,development,0.25,-12.71,6.721100000000001,0.03333333333333333,-2.0,,4.0,14.0,True,,26.666666666666668,1210.0704000000003,-0.4236666666666667,
2585,4i,150.0,5,8.3382,2,5.0,False,0,,,,scenario_straight_heavy,val,development,0.25,5.0,0.9872000000000005,0.03333333333333333,-1.0,,4.0,19.0,True,,33.333333333333336,1000.5840000000001,0.16666666666666666,
2590,4i,150.0,5,2.9762,2,5.0,False,0,,,,scenario_straight_heavy,val,development,0.25,5.0,2.9762,0.03333333333333333,0.0,,4.0,24.0,True,,33.333333333333336,357.14400000000006,0.16666666666666666,
2595,4i,150.0,5,0.0001,4,9.0,False,0,,,,scenario_straight_heavy,val,development,0.25,8.0,-12.5452,0.06,0.0,,5.0,4.0,False,5,33.333333333333336,0.012000000000000002,0.26666666666666666,
2600,4i,150.0,6,2.4117,5,9.0,False,1,26.2366,378.23,378.23,scenario_straight_heavy,val,development,0.25,8.0,-3.1336999999999997,0.06,1.0,,6.0,2.0,True,,40.0,347.2848,0.26666666666666666,
2605,4i,150.0,6,1.6935,5,9.0,False,1,27.5152,245.06,245.06,scenario_straight_heavy,val,development,0.25,3.99,1.6454,0.06,1.0,,7.0,1.0,False,5,40.0,243.86400000000003,0.133,
2610,4i,150.0,7,3.9461,5,9.0,False,1,21.962,119.35,119.35,scenario_straight_heavy,val,development,0.25,4.0,-8.658800000000001,0.06,1.0,,7.0,6.0,False,10,46.66666666666667,662.9448,0.13333333333333333,
2615,4i,150.0,3,4.1881,1,1.0,False,1,10.3099,45.34,45.34,scenario_straight_heavy,val,development,0.25,-4.0,-4.1501,0.006666666666666667,1.0,,0.0,4.0,False,15,20.0,301.5432,-0.13333333333333333,
2620,4i,150.0,2,3.0827,1,1.0,False,1,6.1654,11.13,11.13,scenario_straight_heavy,val,development,0.25,-4.0,0.10650000000000004,0.006666666666666667,1.0,,0.0,9.0,False,20,13.333333333333334,147.9696,-0.13333333333333333,
2625,4i,150.0,3,17.1869,1,1.0,False,0,,,,scenario_straight_heavy,val,development,0.25,-8.0,17.1868,0.006666666666666667,0.0,,0.0,14.0,False,25,20.0,1237.4568000000002,-0.26666666666666666,
2630,4i,150.0,4,10.236,1,1.0,False,0,,,,scenario_straight_heavy,val,development,0.25,-8.0,7.824300000000001,0.006666666666666667,-1.0,,0.0,19.0,False,30,26.666666666666668,982.6560000000001,-0.26666666666666666,
2635,4i,150.0,3,5.5698,2,13.71,False,0,,,,scenario_straight_heavy,val,development,0.25,4.710000000000001,3.8762999999999996,0.09140000000000001,-1.0,,0.0,24.0,False,35,20.0,401.02559999999994,0.15700000000000003,
2640,4i,150.0,3,8.0048,2,13.71,False,0,,,,scenario_straight_heavy,val,development,0.25,4.710000000000001,4.0587,0.09140000000000001,-1.0,,1.0,4.0,False,40,20.0,576.3456,0.15700000000000003,
2645,4i,150.0,2,8.8232,0,0.0,False,0,,,,scenario_straight_heavy,val,development,0.25,-1.0,4.6350999999999996,0.0,-1.0,,2.0,2.0,False,45,13.333333333333334,423.5136,-0.03333333333333333,
2650,4i,150.0,1,4.1896,0,0.0,False,0,,,,scenario_straight_heavy,val,development,0.25,-1.0,1.1069000000000004,0.0,-1.0,,3.0,1.0,False,50,6.666666666666667,100.55040000000002,-0.03333333333333333,
2655,4i,150.0,1,0.0,1,1.0,False,0,,,,scenario_straight_heavy,val,development,0.25,0.0,-17.1869,0.006666666666666667,0.0,,3.0,6.0,False,55,6.666666666666667,0.0,0.0,
2660,4i,150.0,2,8.8895,1,1.0,False,0,,,,scenario_straight_heavy,val,development,0.25,0.0,-1.3465000000000007,0.006666666666666667,0.0,,4.0,4.0,True,,13.333333333333334,426.696,0.0,
2665,4i,150.0,2,5.6691,1,1.0,False,0,,,,scenario_straight_heavy,val,development,0.25,-12.71,0.09930000000000039,0.006666666666666667,0.0,,4.0,9.0,True,,13.333333333333334,272.1168,-0.4236666666666667,
2670,4i,150.0,3,9.5059,1,1.0,False,0,,,,scenario_straight_heavy,val,development,0.25,-12.71,1.501100000000001,0.006666666666666667,0.0,,4.0,14.0,True,,20.0,684.4248,-0.4236666666666667,
2675,4i,150.0,5,9.7616,2,8.0,False,1,26.1494,375.61,375.61,scenario_straight_heavy,val,development,0.25,8.0,0.9383999999999997,0.05333333333333334,1.0,,4.0,19.0,True,,33.333333333333336,1171.392,0.26666666666666666,
2680,4i,150.0,5,3.4928,2,8.0,False,1,27.2308,240.93,240.93,scenario_straight_heavy,val,development,0.25,8.0,-0.6968000000000005,0.05333333333333334,1.0,,4.0,24.0,True,,33.333333333333336,419.136,0.26666666666666666,
2685,4i,150.0,6,3.8549,4,20.71,False,1,23.1284,110.96,110.96,scenario_straight_heavy,val,development,0.25,19.71,3.8549,0.13806666666666667,1.0,,5.0,4.0,False,5,40.0,555.1056000000001,0.657,
2690,4i,150.0,6,1.5214,5,20.71,False,2,18.1595,37.32,374.03,scenario_straight_heavy,val,development,0.25,19.71,-7.3681,0.13806666666666667,2.0,,6.0,2.0,True,,40.0,219.08160000000004,0.657,
2695,4i,150.0,6,0.0001,6,24.71,False,2,13.8208,24.71,238.03,scenario_straight_heavy,val,development,0.25,23.71,-5.6690000000000005,0.16473333333333334,2.0,,7.0,1.0,False,5,40.0,0.014400000000000001,0.7903333333333333,
2700,4i,150.0,7,3.2155,6,24.71,False,2,11.2544,24.71,108.8,scenario_straight_heavy,val,development,0.25,23.71,-6.2904,0.16473333333333334,2.0,,7.0,6.0,False,10,46.66666666666667,540.2040000000001,0.7903333333333333,
2705,4i,150.0,4,3.876,1,1.0,False,3,12.4817,21.51,375.14,scenario_straight_heavy,val,development,0.25,-7.0,-5.8856,0.006666666666666667,2.0,-0.4700000000000273,0.0,4.0,False,15,26.666666666666668,372.096,-0.23333333333333334,
2710,4i,150.0,2,4.6537,1,1.0,False,2,18.3713,3.64,240.21,scenario_straight_heavy,val,development,0.25,-7.0,1.1608999999999998,0.006666666666666667,1.0,-0.7199999999999989,0.0,9.0,False,20,13.333333333333334,223.3776,-0.23333333333333334,
2715,4i,150.0,3,16.17,1,1.0,False,1,24.1629,106.72,106.72,scenario_straight_heavy,val,development,0.25,-19.71,12.315100000000001,0.006666666666666667,0.0,-4.239999999999995,0.0,14.0,False,25,20.0,1164.2400000000002,-0.657,
2720,4i,150.0,4,10.988,1,1.0,False,1,10.9809,24.41,24.41,scenario_straight_heavy,val,development,0.25,-19.71,9.4666,0.006666666666666667,-1.0,-349.61999999999995,0.0,19.0,False,30,26.666666666666668,1054.8480000000002,-0.657,
2725,4i,150.0,3,4.445,2,8.01,False,1,0.0302,8.01,8.01,scenario_straight_heavy,val,development,0.25,-16.700000000000003,4.4449000000000005,0.053399999999999996,-1.0,-230.02,0.0,24.0,False,35,20.0,320.0400000000001,-0.5566666666666668,
2730,4i,150.0,4,6.439,2,8.0,False,1,0.0,8.0,8.0,scenario_straight_heavy,val,development,0.25,-16.71,3.2235,0.05333333333333334,-1.0,-100.8,1.0,4.0,False,40,26.666666666666668,618.1440000000001,-0.557,
2735,4i,150.0,3,6.1454,1,1.0,False,1,3.307,2.28,2.28,scenario_straight_heavy,val,development,0.25,0.0,2.2694000000000005,0.006666666666666667,-2.0,-372.86,2.0,2.0,False,45,20.0,442.46880000000004,0.0,
2740,4i,150.0,2,1.4292,1,1.0,False,0,,,,scenario_straight_heavy,val,development,0.25,0.0,-3.2245,0.006666666666666667,-2.0,,3.0,1.0,False,50,13.333333333333334,68.6016,0.0,
2745,4i,150.0,2,0.0,2,1.0,False,0,,,,scenario_straight_heavy,val,development,0.25,0.0,-16.17,0.006666666666666667,-1.0,,3.0,6.0,False,55,13.333333333333334,0.0,0.0,
2750,4i,150.0,3,4.9527,2,1.0,False,1,27.3443,374.7,374.7,scenario_straight_heavy,val,development,0.25,0.0,-6.035299999999999,0.006666666666666667,0.0,350.28999999999996,4.0,4.0,True,,20.0,356.59440000000006,0.0,
2755,4i,150.0,3,3.4527,2,1.0,False,1,27.2329,238.44,238.44,scenario_straight_heavy,val,development,0.25,-7.01,-0.9923000000000002,0.006666666666666667,0.0,230.43,4.0,9.0,True,,20.0,248.59440000000004,-0.23366666666666666,
2760,4i,150.0,6,12.5328,2,1.0,False,1,21.8352,113.51,113.51,scenario_straight_heavy,val,development,0.25,-7.0,6.0938,0.006666666666666667,0.0,105.51,4.0,14.0,True,,40.0,1804.7232,-0.23333333333333334,
2765,4i,150.0,6,5.9006,2,1.0,False,1,11.2473,36.29,36.29,scenario_straight_heavy,val,development,0.25,0.0,-0.24480000000000057,0.006666666666666667,0.0,34.01,4.0,19.0,True,,40.0,849.6863999999999,0.0,
2770,4i,150.0,6,0.197,4,8.0,False,1,0.2851,13.82,13.82,scenario_straight_heavy,val,development,0.25,7.0,-1.2322,0.05333333333333334,1.0,,4.0,24.0,True,,40.0,28.368000000000002,0.23333333333333334,
2775,4i,150.0,7,3.4554,6,22.04,False,1,0.0001,13.71,13.71,scenario_straight_heavy,val,development,0.25,21.04,3.4554,0.14693333333333333,1.0,,5.0,4.0,False,5,46.66666666666667,580.5072000000001,0.7013333333333333,
2780,4i,150.0,7,1.9141,6,22.04,False,1,0.0,13.71,13.71,scenario_straight_heavy,val,development,0.25,21.04,-3.0386,0.14693333333333333,0.0,-360.99,6.0,2.0,True,,46.66666666666667,321.56880000000007,0.7013333333333333,
2785,4i,150.0,7,0.0292,6,22.04,False,1,0.0,13.71,13.71,scenario_straight_heavy,val,development,0.25,21.04,-3.4235,0.14693333333333333,0.0,-224.73,7.0,1.0,False,5,46.66666666666667,4.905600000000001,0.7013333333333333,
2790,4i,150.0,8,2.8369,7,26.04,False,1,0.0,13.71,13.71,scenario_straight_heavy,val,development,0.25,25.04,-9.6959,0.1736,0.0,-99.80000000000001,7.0,6.0,False,10,53.333333333333336,544.6848,0.8346666666666667,
2795,4i,150.0,4,3.0128,1,1.0,False,1,24.3184,384.23,384.23,scenario_straight_heavy,val,development,0.25,0.0,-2.8878,0.006666666666666667,0.0,347.94,0.0,4.0,False,15,26.666666666666668,289.22880000000004,0.0,
2800,4i,150.0,3,4.3213,1,1.0,False,1,23.9965,264.11,264.11,scenario_straight_heavy,val,development,0.25,-7.0,4.1243,0.006666666666666667,0.0,250.29000000000002,0.0,9.0,False,20,20.0,311.1336,-0.23333333333333334,
2805,4i,150.0,4,18.7865,1,1.0,False,1,23.2713,144.52,144.52,scenario_straight_heavy,val,development,0.25,-21.04,15.3311,0.006666666666666667,0.0,130.81,0.0,14.0,False,25,26.666666666666668,1803.5040000000001,-0.7013333333333333,
2810,4i,150.0,4,11.1883,1,1.0,False,1,15.1219,42.83,42.83,scenario_straight_heavy,val,development,0.25,-21.04,9.2742,0.006666666666666667,0.0,29.119999999999997,0.0,19.0,False,30,26.666666666666668,1074.0768,-0.7013333333333333,
2815,4i,150.0,2,1.2096,1,1.0,False,1,2.4192,5.15,5.15,scenario_straight_heavy,val,development,0.25,-21.04,1.1804000000000001,0.006666666666666667,0.0,-8.56,0.0,24.0,False,35,13.333333333333334,58.06080000000001,-0.7013333333333333,
2820,4i,150.0,3,7.7542,2,5.0,False,1,0.0007,5.0,5.0,scenario_straight_heavy,val,development,0.25,-21.04,4.9173,0.03333333333333333,0.0,-8.71,1.0,4.0,False,40,20.0,558.3024,-0.7013333333333333,
2825,4i,150.0,1,14.8417,0,0.0,False,0,,,,scenario_straight_heavy,val,development,0.25,-1.0,11.828899999999999,0.0,-1.0,,2.0,2.0,False,45,6.666666666666667,356.2008,-0.03333333333333333,
2830,4i,150.0,1,3.1534,0,0.0,False,0,,,,scenario_straight_heavy,val,development,0.25,-1.0,-1.1679,0.0,-1.0,,3.0,1.0,False,50,6.666666666666667,75.6816,-0.03333333333333333,
2835,4i,150.0,1,0.0019,1,1.0,False,0,,,,scenario_straight_heavy,val,development,0.25,0.0,-18.7846,0.006666666666666667,-1.0,,3.0,6.0,False,55,6.666666666666667,0.0456,0.0,
2840,4i,150.0,2,7.3782,1,1.0,False,0,,,,scenario_straight_heavy,val,development,0.25,0.0,-3.8101000000000003,0.006666666666666667,-1.0,,4.0,4.0,True,,13.333333333333334,354.1536,0.0,
2845,4i,150.0,2,5.1282,1,1.0,False,0,,,,scenario_straight_heavy,val,development,0.25,0.0,3.9185999999999996,0.006666666666666667,-1.0,,4.0,9.0,True,,13.333333333333334,246.1536,0.0,
2850,4i,150.0,5,15.1076,1,1.0,False,0,,,,scenario_straight_heavy,val,development,0.25,-4.0,7.3534,0.006666666666666667,-1.0,,4.0,14.0,True,,33.333333333333336,1812.9120000000003,-0.13333333333333333,
2855,4i,150.0,5,7.8337,1,1.0,False,0,,,,scenario_straight_heavy,val,development,0.25,1.0,-7.007999999999999,0.006666666666666667,0.0,,4.0,19.0,True,,33.333333333333336,940.0440000000002,0.03333333333333333,
2860,4i,150.0,5,0.13,4,22.1,False,0,,,,scenario_straight_heavy,val,development,0.25,22.1,-3.0234,0.14733333333333334,0.0,,4.0,24.0,True,,33.333333333333336,15.600000000000001,0.7366666666666667,
2865,4i,150.0,6,4.0882,5,22.04,False,0,,,,scenario_straight_heavy,val,development,0.25,21.04,4.0863,0.14693333333333333,0.0,,5.0,4.0,False,5,40.0,588.7008,0.7013333333333333,
2870,4i,150.0,6,2.1476,5,22.04,False,1,19.1914,396.35,396.35,scenario_straight_heavy,val,development,0.25,21.04,-5.230599999999999,0.14693333333333333,1.0,,6.0,2.0,True,,40.0,309.25440000000003,0.7013333333333333,
2875,4i,150.0,6,0.0855,5,22.04,False,1,19.1695,300.24,300.24,scenario_straight_heavy,val,development,0.25,21.04,-5.0427,0.14693333333333333,1.0,,7.0,1.0,False,5,40.0,12.312000000000001,0.7013333333333333,
2880,4i,150.0,6,0.0,6,26.04,False,1,18.0799,206.42,206.42,scenario_straight_heavy,val,development,0.25,25.04,-15.1076,0.1736,1.0,,7.0,6.0,False,10,40.0,0.0,0.8346666666666667,
2885,4i,150.0,4,4.4112,1,1.0,False,2,18.61,129.46,385.03,scenario_straight_heavy,val,development,0.25,0.0,-3.4225000000000003,0.006666666666666667,2.0,,0.0,4.0,False,15,26.666666666666668,423.47520000000003,0.0,
2890,4i,150.0,3,4.7512,1,1.0,False,2,17.6425,72.36,265.8,scenario_straight_heavy,val,development,0.25,-21.1,4.6212,0.006666666666666667,2.0,,0.0,9.0,False,20,20.0,342.0864,-0.7033333333333334,
2895,4i,150.0,4,14.1589,1,1.0,False,2,17.1535,23.72,143.47,scenario_straight_heavy,val,development,0.25,-21.04,10.070699999999999,0.006666666666666667,2.0,,0.0,14.0,False,25,26.666666666666668,1359.2544,-0.7013333333333333,
2900,4i,150.0,4,12.6355,1,1.0,False,1,15.1427,41.24,41.24,scenario_straight_heavy,val,development,0.25,-21.04,10.4879,0.006666666666666667,0.0,-355.11,0.0,19.0,False,30,26.666666666666668,1213.008,-0.7013333333333333,
2905,4i,150.0,3,5.1193,1,1.0,False,1,2.1637,5.75,5.75,scenario_straight_heavy,val,development,0.25,-21.04,5.0338,0.006666666666666667,0.0,-294.49,0.0,24.0,False,35,20.0,368.5896,-0.7013333333333333,
2910,4i,150.0,4,6.6014,2,5.0,False,1,0.0014,5.0,5.0,scenario_straight_heavy,val,development,0.25,-21.04,6.6014,0.03333333333333333,0.0,-201.42,1.0,4.0,False,40,26.666666666666668,633.7344,-0.7013333333333333,
2915,4i,150.0,2,6.3799,1,1.0,False,1,27.2146,376.68,376.68,scenario_straight_heavy,val,development,0.25,0.0,1.9687000000000001,0.006666666666666667,-1.0,-8.349999999999966,2.0,2.0,False,45,13.333333333333334,306.2352,0.0,
2920,4i,150.0,2,0.0541,1,1.0,False,1,27.0572,242.55,242.55,scenario_straight_heavy,val,development,0.25,0.0,-4.6971,0.006666666666666667,-1.0,-23.25,3.0,1.0,False,50,13.333333333333334,2.5968000000000004,0.0,
2925,4i,150.0,3,8.4673,2,1.0,False,1,25.402,109.45,109.45,scenario_straight_heavy,val,development,0.25,0.0,-5.691599999999999,0.006666666666666667,-1.0,-34.019999999999996,3.0,6.0,False,55,20.0,609.6456,0.0,
2930,4i,150.0,3,3.8007,2,1.0,False,2,18.1279,24.44,384.32,scenario_straight_heavy,val,development,0.25,0.0,-8.834800000000001,0.006666666666666667,1.0,343.08,4.0,4.0,True,,20.0,273.6504,0.0,
2935,4i,150.0,3,0.0931,3,5.1,False,2,12.2735,5.1,264.67,scenario_straight_heavy,val,development,0.25,4.1,-5.0262,0.033999999999999996,1.0,258.92,4.0,9.0,True,,20.0,6.703200000000001,0.13666666666666666,
2940,4i,150.0,6,12.0874,3,5.0,False,2,12.2382,5.0,144.29,scenario_straight_heavy,val,development,0.25,0.0,5.486000000000001,0.03333333333333333,1.0,139.29,4.0,14.0,True,,40.0,1740.5855999999999,0.0,
2945,4i,150.0,6,7.5748,3,5.0,False,3,11.5735,5.0,396.91,scenario_straight_heavy,val,development,0.25,4.0,1.1948999999999996,0.03333333333333333,2.0,20.230000000000018,4.0,19.0,True,,40.0,1090.7712,0.13333333333333333,
2950,4i,150.0,6,0.7646,3,5.0,False,3,6.9276,5.0,301.16,scenario_straight_heavy,val,development,0.25,4.0,0.7104999999999999,0.03333333333333333,2.0,58.610000000000014,4.0,24.0,True,,40.0,110.10239999999999,0.13333333333333333,
2955,4i,150.0,6,0.0004,6,13.71,False,3,6.2392,5.0,206.1,scenario_straight_heavy,val,development,0.25,12.71,-8.466899999999999,0.09140000000000001,2.0,96.64999999999999,5.0,4.0,False,5,40.0,0.057600000000000005,0.4236666666666667,
2960,4i,150.0,7,2.0371,6,13.71,False,4,9.2185,5.0,391.94,scenario_straight_heavy,val,development,0.25,12.71,-1.7635999999999998,0.09140000000000001,2.0,7.6200000000000045,6.0,2.0,True,,46.66666666666667,342.23280000000005,0.4236666666666667,
2965,4i,150.0,7,1.4297,6,13.71,False,4,8.1254,5.0,276.55,scenario_straight_heavy,val,development,0.25,8.610000000000001,1.3366,0.09140000000000001,2.0,11.879999999999995,7.0,1.0,False,5,46.66666666666667,240.1896,0.28700000000000003,
2970,4i,150.0,7,0.7868,6,13.71,False,4,7.2913,5.0,160.31,scenario_straight_heavy,val,development,0.25,8.71,-11.300600000000001,0.09140000000000001,2.0,16.02000000000001,7.0,6.0,False,10,46.66666666666667,132.18240000000003,0.2903333333333334,
2975,4i,150.0,3,5.7104,1,1.0,False,2,8.5656,14.96,66.89,scenario_straight_heavy,val,development,0.25,-4.0,-1.8643999999999998,0.006666666666666667,-1.0,-330.02000000000004,0.0,4.0,False,15,20.0,411.1488,-0.13333333333333333,
2980,4i,150.0,2,4.5121,1,1.0,False,1,9.0242,16.63,16.63,scenario_straight_heavy,val,development,0.25,-4.0,3.7475000000000005,0.006666666666666667,-2.0,-284.53000000000003,0.0,9.0,False,20,13.333333333333334,216.58080000000004,-0.13333333333333333,
2985,4i,150.0,2,13.6086,1,1.0,False,0,,,,scenario_straight_heavy,val,development,0.25,-12.71,13.608199999999998,0.006666666666666667,-3.0,,0.0,14.0,False,25,13.333333333333334,653.2128,-0.4236666666666667,
2990,4i,150.0,4,12.5511,1,1.0,False,1,24.6938,382.18,382.18,scenario_straight_heavy,val,development,0.25,-12.71,10.514,0.006666666666666667,-3.0,-9.759999999999991,0.0,19.0,False,30,26.666666666666668,1204.9056,-0.4236666666666667,
2995,4i,150.0,3,9.0779,1,1.0,False,1,23.6237,262.29,262.29,scenario_straight_heavy,val,development,0.25,-12.71,7.648199999999999,0.006666666666666667,-3.0,-14.259999999999991,0.0,24.0,False,35,20.0,653.6088,-0.4236666666666667,
3000,4i,150.0,3,9.5216,1,1.0,False,1,24.7755,141.11,141.11,scenario_straight_heavy,val,development,0.25,-12.71,8.7348,0.006666666666666667,-3.0,-19.19999999999999,1.0,4.0,False,40,20.0,685.5552,-0.4236666666666667,
3005,4i,150.0,2,9.4039,0,0.0,False,1,16.4907,43.65,43.65,scenario_straight_heavy,val,development,0.25,-1.0,3.6935000000000002,0.0,-1.0,-23.240000000000002,2.0,2.0,False,45,13.333333333333334,451.38720000000006,-0.03333333333333333,
3010,4i,150.0,1,2.9826,0,0.0,False,1,2.9826,1.72,1.72,scenario_straight_heavy,val,development,0.25,-1.0,-1.5295,0.0,0.0,-14.909999999999998,3.0,1.0,False,50,6.666666666666667,71.5824,-0.03333333333333333,
3015,4i,150.0,1,0.0034,1,1.0,False,1,0.0034,1.0,1.0,scenario_straight_heavy,val,development,0.25,0.0,-13.6052,0.006666666666666667,1.0,,3.0,6.0,False,55,6.666666666666667,0.08159999999999999,0.0,
3020,4i,150.0,2,7.3544,1,1.0,False,1,0.0,1.0,1.0,scenario_straight_heavy,val,development,0.25,0.0,-5.1967,0.006666666666666667,0.0,-381.18,4.0,4.0,True,,13.333333333333334,353.01120000000003,0.0,
3025,4i,150.0,2,5.1044,1,1.0,False,1,0.0,1.0,1.0,scenario_straight_heavy,val,development,0.25,0.0,-3.9734999999999996,0.006666666666666667,0.0,-261.29,4.0,9.0,True,,13.333333333333334,245.0112,0.0,
3030,4i,150.0,4,12.7363,1,1.0,False,1,0.0,1.0,1.0,scenario_straight_heavy,val,development,0.25,0.0,3.2147000000000006,0.006666666666666667,0.0,-140.11,4.0,14.0,True,,26.666666666666668,1222.6848000000002,0.0,
3035,4i,150.0,5,9.8471,1,1.0,False,1,0.0,1.0,1.0,scenario_straight_heavy,val,development,0.25,1.0,0.44319999999999915,0.006666666666666667,0.0,-42.65,4.0,19.0,True,,33.333333333333336,1181.652,0.03333333333333333,
3040,4i,150.0,5,3.3568,2,8.01,False,1,0.0,1.0,1.0,scenario_straight_heavy,val,development,0.25,8.01,0.37419999999999964,0.053399999999999996,0.0,-0.72,4.0,24.0,True,,33.333333333333336,402.81600000000003,0.267,
3045,4i,150.0,5,0.0,5,22.04,False,1,0.0,1.0,1.0,scenario_straight_heavy,val,development,0.25,21.04,-0.0034,0.14693333333333333,0.0,0.0,5.0,4.0,False,5,33.333333333333336,0.0,0.7013333333333333,
3050,4i,150.0,6,2.3202,5,22.04,False,1,0.0,1.0,1.0,scenario_straight_heavy,val,development,0.25,21.04,-5.0342,0.14693333333333333,0.0,0.0,6.0,2.0,True,,40.0,334.1088,0.7013333333333333,
3055,4i,150.0,6,1.5702,5,22.04,False,1,0.0,1.0,1.0,scenario_straight_heavy,val,development,0.25,21.04,-3.5342000000000002,0.14693333333333333,0.0,0.0,7.0,1.0,False,5,40.0,226.10880000000003,0.7013333333333333,
3060,4i,150.0,7,3.8492,5,22.04,False,1,0.0,1.0,1.0,scenario_straight_heavy,val,development,0.25,21.04,-8.8871,0.14693333333333333,0.0,0.0,7.0,6.0,False,10,46.66666666666667,646.6656,0.7013333333333333,
3065,4i,150.0,4,3.8358,1,1.0,False,0,,,,scenario_straight_heavy,val,development,0.25,0.0,-6.011299999999999,0.006666666666666667,-1.0,,0.0,4.0,False,15,26.666666666666668,368.2368,0.0,
3070,4i,150.0,3,3.2906,1,1.0,False,0,,,,scenario_straight_heavy,val,development,0.25,-7.01,-0.06619999999999981,0.006666666666666667,-1.0,,0.0,9.0,False,20,20.0,236.92319999999998,-0.23366666666666666,
3075,4i,150.0,4,18.0966,1,1.0,False,0,,,,scenario_straight_heavy,val,development,0.25,-21.04,18.0966,0.006666666666666667,-1.0,,0.0,14.0,False,25,26.666666666666668,1737.2735999999998,-0.7013333333333333,
3080,4i,150.0,4,9.9682,1,1.0,False,0,,,,scenario_straight_heavy,val,development,0.25,-21.04,7.648,0.006666666666666667,-1.0,,0.0,19.0,False,30,26.666666666666668,956.9472000000001,-0.7013333333333333,
3085,4i,150.0,2,0.2335,2,15.15,False,0,,,,scenario_straight_heavy,val,development,0.25,-6.889999999999999,-1.3367,0.101,-1.0,,0.0,24.0,False,35,13.333333333333334,11.208,-0.22966666666666663,
3090,4i,150.0,3,7.8904,2,15.04,False,0,,,,scenario_straight_heavy,val,development,0.25,-7.0,4.0412,0.10026666666666666,-1.0,,1.0,4.0,False,40,20.0,568.1088,-0.23333333333333334,
3095,4i,150.0,2,7.83,0,0.0,False,0,,,,scenario_straight_heavy,val,development,0.25,-1.0,3.9942,0.0,0.0,,2.0,2.0,False,45,13.333333333333334,375.84000000000003,-0.03333333333333333,
3100,4i,150.0,2,1.7494,0,0.0,False,0,,,,scenario_straight_heavy,val,development,0.25,-1.0,-1.5412,0.0,0.0,,3.0,1.0,False,50,13.333333333333334,83.97120000000001,-0.03333333333333333,
3105,4i,150.0,3,8.1261,2,1.0,False,0,,,,scenario_straight_heavy,val,development,0.25,0.0,-9.9705,0.006666666666666667,0.0,,3.0,6.0,False,55,20.0,585.0792,0.0,
3110,4i,150.0,3,4.0042,2,1.0,False,0,,,,scenario_straight_heavy,val,development,0.25,0.0,-5.9639999999999995,0.006666666666666667,0.0,,4.0,4.0,True,,20.0,288.3024,0.0,
3115,4i,150.0,3,0.0094,2,1.0,False,0,,,,scenario_straight_heavy,val,development,0.25,-14.15,-0.22410000000000002,0.006666666666666667,0.0,,4.0,9.0,True,,20.0,0.6768000000000001,-0.4716666666666667,
3120,4i,150.0,4,5.9696,3,8.0,False,0,,,,scenario_straight_heavy,val,development,0.25,-7.039999999999999,-1.9207999999999998,0.05333333333333334,0.0,,4.0,14.0,True,,26.666666666666668,573.0816,-0.23466666666666663,
3125,4i,150.0,6,7.8391,3,8.0,False,1,27.6001,374.32,374.32,scenario_straight_heavy,val,development,0.25,8.0,0.009100000000000108,0.05333333333333334,1.0,,4.0,19.0,True,,40.0,1128.8304,0.26666666666666666,
3130,4i,150.0,6,4.604,3,8.0,False,1,26.495,238.92,238.92,scenario_straight_heavy,val,development,0.25,8.0,2.8546,0.05333333333333334,1.0,,4.0,24.0,True,,40.0,662.976,0.26666666666666666,
3135,4i,150.0,7,4.0953,4,12.0,False,1,23.3553,109.24,109.24,scenario_straight_heavy,val,development,0.25,11.0,-4.030799999999999,0.08,1.0,,5.0,4.0,False,5,46.66666666666667,688.0104000000001,0.36666666666666664,
3140,4i,150.0,7,1.4334,6,12.0,False,1,10.0323,31.79,31.79,scenario_straight_heavy,val,development,0.25,11.0,-2.5708,0.08,1.0,,6.0,2.0,True,,46.66666666666667,240.8112,0.36666666666666664,
3145,4i,150.0,7,0.0766,7,16.09,False,1,0.5361,16.09,16.09,scenario_straight_heavy,val,development,0.25,15.09,0.0672,0.10726666666666666,1.0,,7.0,1.0,False,5,46.66666666666667,12.868800000000002,0.503,
3150,4i,150.0,8,3.0998,7,16.0,False,1,0.0,16.0,16.0,scenario_straight_heavy,val,development,0.25,8.0,-2.8697999999999997,0.10666666666666667,1.0,,7.0,6.0,False,10,53.333333333333336,595.1616,0.26666666666666666,
3155,4i,150.0,5,4.4796,2,5.0,False,1,2.6805,12.1,12.1,scenario_straight_heavy,val,development,0.25,-3.0,-3.3595000000000006,0.03333333333333333,0.0,-362.21999999999997,0.0,4.0,False,15,33.333333333333336,537.552,-0.1,
3160,4i,150.0,2,0.0,2,5.0,False,0,,,,scenario_straight_heavy,val,development,0.25,-3.0,-4.604,0.03333333333333333,-1.0,,0.0,9.0,False,20,13.333333333333334,0.0,-0.1,
3165,4i,150.0,5,14.5566,2,5.0,False,0,,,,scenario_straight_heavy,val,development,0.25,-7.0,10.4613,0.03333333333333333,-1.0,,0.0,14.0,False,25,33.333333333333336,1746.7920000000001,-0.23333333333333334,
3170,4i,150.0,5,8.4261,2,5.0,False,1,26.7454,374.56,374.56,scenario_straight_heavy,val,development,0.25,-7.0,6.9927,0.03333333333333333,0.0,342.77,0.0,19.0,False,30,33.333333333333336,1011.1320000000001,-0.23333333333333334,
3175,4i,150.0,3,0.0155,3,17.73,False,1,26.1622,240.97,240.97,scenario_straight_heavy,val,development,0.25,1.6400000000000006,-0.0611,0.1182,0.0,224.88,0.0,24.0,False,35,20.0,1.116,0.05466666666666668,
3180,4i,150.0,4,5.953,3,17.71,False,1,23.8121,111.41,111.41,scenario_straight_heavy,val,development,0.25,1.7100000000000009,2.8532,0.11806666666666667,0.0,95.41,1.0,4.0,False,40,26.666666666666668,571.488,0.05700000000000003,
3185,4i,150.0,2,7.2241,0,0.0,False,1,13.3931,27.25,27.25,scenario_straight_heavy,val,development,0.25,-5.0,2.7445000000000004,0.0,0.0,15.15,2.0,2.0,False,45,13.333333333333334,346.7568,-0.16666666666666666,
3190,4i,150.0,1,0.4849,0,0.0,False,1,0.4849,1.04,1.04,scenario_straight_heavy,val,development,0.25,-5.0,0.4849,0.0,1.0,,3.0,1.0,False,50,6.666666666666667,11.6376,-0.16666666666666666,
3195,4i,150.0,2,12.2083,1,1.0,False,1,0.0,1.0,1.0,scenario_straight_heavy,val,development,0.25,-4.0,-2.3483,0.006666666666666667,1.0,,3.0,6.0,False,55,13.333333333333334,585.9984000000001,-0.13333333333333333,
3200,4i,150.0,2,5.9363,1,1.0,False,2,11.0272,1.0,386.83,scenario_straight_heavy,val,development,0.25,-4.0,-2.4898,0.006666666666666667,1.0,12.269999999999982,4.0,4.0,True,,13.333333333333334,284.9424,-0.13333333333333333,
3205,4i,150.0,2,0.1555,1,1.0,False,2,10.8857,1.0,278.92,scenario_straight_heavy,val,development,0.25,-16.73,0.14,0.006666666666666667,1.0,37.95000000000002,4.0,9.0,True,,13.333333333333334,7.4639999999999995,-0.5576666666666666,
3210,4i,150.0,4,12.7046,2,5.0,False,2,11.5516,1.0,163.82,scenario_straight_heavy,val,development,0.25,-12.71,6.751599999999999,0.03333333333333333,1.0,52.41,4.0,14.0,True,,26.666666666666668,1219.6416,-0.4236666666666667,
3215,4i,150.0,5,8.6692,2,5.0,False,2,8.345,1.0,59.21,scenario_straight_heavy,val,development,0.25,5.0,1.4451,0.03333333333333333,1.0,31.96,4.0,19.0,True,,33.333333333333336,1040.304,0.16666666666666666,
3220,4i,150.0,5,1.3855,3,5.0,False,2,2.9438,1.0,3.89,scenario_straight_heavy,val,development,0.25,5.0,0.9006,0.03333333333333333,1.0,2.85,4.0,24.0,True,,33.333333333333336,166.26000000000002,0.16666666666666666,
3225,4i,150.0,6,4.1545,5,9.0,False,2,0.0,1.0,1.0,scenario_straight_heavy,val,development,0.25,8.0,-8.053799999999999,0.06,1.0,0.0,5.0,4.0,False,5,40.0,598.2479999999999,0.26666666666666666,
3230,4i,150.0,6,2.2395,5,9.0,False,2,0.0,1.0,1.0,scenario_straight_heavy,val,development,0.25,8.0,-3.6968,0.06,0.0,-385.83,6.0,2.0,True,,40.0,322.48800000000006,0.26666666666666666,
3235,4i,150.0,6,0.5084,5,9.0,False,2,0.0,1.0,1.0,scenario_straight_heavy,val,development,0.25,8.0,0.3529,0.06,0.0,-277.92,7.0,1.0,False,5,40.0,73.2096,0.26666666666666666,
3240,4i,150.0,7,3.238,6,16.0,False,2,0.0,1.0,1.0,scenario_straight_heavy,val,development,0.25,11.0,-9.4666,0.10666666666666667,0.0,-162.82,7.0,6.0,False,10,46.66666666666667,543.984,0.36666666666666664,
3245,4i,150.0,4,4.4252,1,1.0,False,0,,,,scenario_straight_heavy,val,development,0.25,-4.0,-4.244,0.006666666666666667,-2.0,,0.0,4.0,False,15,26.666666666666668,424.8192,-0.13333333333333333,
3250,4i,150.0,1,0.0,1,1.0,False,0,,,,scenario_straight_heavy,val,development,0.25,-4.0,-1.3855,0.006666666666666667,-2.0,,0.0,9.0,False,20,6.666666666666667,0.0,-0.13333333333333333,
3255,4i,150.0,4,19.4124,1,1.0,False,0,,,,scenario_straight_heavy,val,development,0.25,-8.0,15.257900000000003,0.006666666666666667,-2.0,,0.0,14.0,False,25,26.666666666666668,1863.5904000000003,-0.26666666666666666,
3260,4i,150.0,4,10.7596,1,1.0,False,1,26.621,374.48,374.48,scenario_straight_heavy,val,development,0.25,-8.0,8.520100000000001,0.006666666666666667,-1.0,373.48,0.0,19.0,False,30,26.666666666666668,1032.9216000000001,-0.26666666666666666,
3265,4i,150.0,2,0.049,2,5.01,False,1,27.0218,238.81,238.81,scenario_straight_heavy,val,development,0.25,-3.99,-0.4594,0.0334,-1.0,237.81,0.0,24.0,False,35,13.333333333333334,2.3520000000000003,-0.133,
3270,4i,150.0,3,8.3241,2,5.0,False,1,24.9721,107.98,107.98,scenario_straight_heavy,val,development,0.25,-11.0,5.0861,0.03333333333333333,-1.0,106.98,1.0,4.0,False,40,20.0,599.3352,-0.36666666666666664,
3275,4i,150.0,1,12.4691,0,0.0,False,2,19.8694,22.13,375.84,scenario_straight_heavy,val,development,0.25,-1.0,8.043899999999999,0.0,2.0,,2.0,2.0,False,45,6.666666666666667,299.2584,-0.03333333333333333,
3280,4i,150.0,1,0.0,1,1.0,False,2,13.4423,1.0,242.14,scenario_straight_heavy,val,development,0.25,0.0,0.0,0.006666666666666667,2.0,,3.0,1.0,False,50,6.666666666666667,0.0,0.0,
3285,4i,150.0,2,12.5998,1,1.0,False,2,12.5998,1.0,109.27,scenario_straight_heavy,val,development,0.25,0.0,-6.8126000000000015,0.006666666666666667,2.0,,3.0,6.0,False,55,13.333333333333334,604.7904,0.0,
3290,4i,150.0,2,5.7637,1,1.0,False,3,12.8941,1.0,375.24,scenario_straight_heavy,val,development,0.25,0.0,-4.995900000000001,0.006666666666666667,2.0,0.7599999999999909,4.0,4.0,True,,13.333333333333334,276.6576,0.0,
3295,4i,150.0,2,0.0975,2,5.06,False,3,8.8836,1.0,240.49,scenario_straight_heavy,val,development,0.25,0.04999999999999982,0.0485,0.03373333333333333,2.0,1.6800000000000068,4.0,9.0,True,,13.333333333333334,4.680000000000001,0.0016666666666666607,
3300,4i,150.0,5,15.1831,2,5.0,False,3,8.6075,1.0,107.5,scenario_straight_heavy,val,development,0.25,0.0,6.859,0.03333333333333333,2.0,-0.480000000000004,4.0,14.0,True,,33.333333333333336,1821.9720000000002,0.0,
3305,4i,150.0,5,7.2817,2,5.0,False,4,9.8455,1.0,374.75,scenario_straight_heavy,val,development,0.25,5.0,-5.187399999999999,0.03333333333333333,2.0,-1.089999999999975,4.0,19.0,True,,33.333333333333336,873.8040000000001,0.16666666666666666,
3310,4i,150.0,5,0.0287,4,9.06,False,4,6.8392,1.0,239.65,scenario_straight_heavy,val,development,0.25,8.06,0.0287,0.0604,2.0,-2.4899999999999807,4.0,24.0,True,,33.333333333333336,3.444,0.26866666666666666,
3315,4i,150.0,6,4.0576,5,9.0,False,4,6.0865,1.0,109.91,scenario_straight_heavy,val,development,0.25,8.0,-8.542200000000001,0.06,2.0,0.6400000000000006,5.0,4.0,False,5,40.0,584.2944,0.26666666666666666,
3320,4i,150.0,6,1.7608,5,9.0,False,4,2.6412,1.0,29.96,scenario_straight_heavy,val,development,0.25,8.0,-4.0029,0.06,1.0,-345.28000000000003,6.0,2.0,True,,40.0,253.55519999999999,0.26666666666666666,
3325,4i,150.0,6,0.0381,6,13.07,False,4,0.0571,1.0,13.07,scenario_straight_heavy,val,development,0.25,8.010000000000002,-0.0594,0.08713333333333334,1.0,-227.42000000000002,7.0,1.0,False,5,40.0,5.4864,0.26700000000000007,
3330,4i,150.0,6,0.0,6,13.0,False,4,0.0,1.0,13.0,scenario_straight_heavy,val,development,0.25,8.0,-15.1831,0.08666666666666667,1.0,-94.5,7.0,6.0,False,10,40.0,0.0,0.26666666666666666,
3335,4i,150.0,3,6.2604,1,1.0,False,2,2.1722,1.0,7.21,scenario_straight_heavy,val,development,0.25,-4.0,-1.0213,0.006666666666666667,-2.0,-367.54,0.0,4.0,False,15,20.0,450.7488,-0.13333333333333333,
3340,4i,150.0,2,7.431,1,1.0,False,1,0.0,1.0,1.0,scenario_straight_heavy,val,development,0.25,-8.06,7.4023,0.006666666666666667,-3.0,-238.65,0.0,9.0,False,20,13.333333333333334,356.688,-0.26866666666666666,
3345,4i,150.0,4,18.9377,1,1.0,False,1,0.0,1.0,1.0,scenario_straight_heavy,val,development,0.25,-8.0,14.880099999999999,0.006666666666666667,-3.0,-108.91,0.0,14.0,False,25,26.666666666666668,1818.0192,-0.26666666666666666,
3350,4i,150.0,4,11.5737,1,1.0,False,1,0.0,1.0,1.0,scenario_straight_heavy,val,development,0.25,-8.0,9.8129,0.006666666666666667,-3.0,-28.96,0.0,19.0,False,30,26.666666666666668,1111.0752,-0.26666666666666666,
3355,4i,150.0,2,0.0792,2,5.08,False,1,0.0,1.0,1.0,scenario_straight_heavy,val,development,0.25,-7.99,0.041100000000000005,0.03386666666666667,-3.0,-12.07,0.0,24.0,False,35,13.333333333333334,3.8016000000000005,-0.26633333333333337,
3360,4i,150.0,3,8.4464,2,5.0,False,1,0.0,1.0,1.0,scenario_straight_heavy,val,development,0.25,-8.0,8.4464,0.03333333333333333,-3.0,-12.0,1.0,4.0,False,40,20.0,608.1408,-0.26666666666666666,
3365,4i,150.0,1,11.8111,0,0.0,False,0,,,,scenario_straight_heavy,val,development,0.25,-1.0,5.5507,0.0,-2.0,,2.0,2.0,False,45,6.666666666666667,283.4664,-0.03333333333333333,
3370,4i,150.0,1,0.0,0,0.0,False,0,,,,scenario_straight_heavy,val,development,0.25,-1.0,-7.431,0.0,-1.0,,3.0,1.0,False,50,6.666666666666667,0.0,-0.03333333333333333,
3375,4i,150.0,2,11.6501,1,1.0,False,0,,,,scenario_straight_heavy,val,development,0.25,0.0,-7.287599999999999,0.006666666666666667,-1.0,,3.0,6.0,False,55,13.333333333333334,559.2048,0.0,
3380,4i,150.0,2,7.7383,1,1.0,False,0,,,,scenario_straight_heavy,val,development,0.25,0.0,-3.835400000000001,0.006666666666666667,-1.0,,4.0,4.0,True,,13.333333333333334,371.4384,0.0,
3385,4i,150.0,2,1.0953,1,1.0,False,0,,,,scenario_straight_heavy,val,development,0.25,-4.08,1.0161,0.006666666666666667,-1.0,,4.0,9.0,True,,13.333333333333334,52.5744,-0.136,
3390,4i,150.0,3,7.9685,2,5.0,False,0,,,,scenario_straight_heavy,val,development,0.25,0.0,-0.4779000000000009,0.03333333333333333,-1.0,,4.0,14.0,True,,20.0,573.732,0.0,
3395,4i,150.0,5,9.8728,2,5.0,False,0,,,,scenario_straight_heavy,val,development,0.25,5.0,-1.9383,0.03333333333333333,0.0,,4.0,19.0,True,,33.333333333333336,1184.736,0.16666666666666666,
3400,4i,150.0,5,4.0453,2,5.0,False,0,,,,scenario_straight_heavy,val,development,0.25,5.0,4.0453,0.03333333333333333,0.0,,4.0,24.0,True,,33.333333333333336,485.4360000000001,0.16666666666666666,
3405,4i,150.0,5,0.0014,4,12.0,False,0,,,,scenario_straight_heavy,val,development,0.25,11.0,-11.6487,0.08,0.0,,5.0,4.0,False,5,33.333333333333336,0.168,0.36666666666666664,
3410,4i,150.0,6,2.9506,5,12.0,False,0,,,,scenario_straight_heavy,val,development,0.25,11.0,-4.787699999999999,0.08,0.0,,6.0,2.0,True,,40.0,424.88640000000004,0.36666666666666664,
3415,4i,150.0,6,1.7006,5,12.0,False,0,,,,scenario_straight_heavy,val,development,0.25,11.0,0.6053,0.08,0.0,,7.0,1.0,False,5,40.0,244.8864,0.36666666666666664,
3420,4i,150.0,7,3.615,5,12.0,False,0,,,,scenario_straight_heavy,val,development,0.25,7.0,-4.3534999999999995,0.08,0.0,,7.0,6.0,False,10,46.66666666666667,607.3200000000002,0.23333333333333334,
3425,4i,150.0,4,4.3549,1,1.0,False,0,,,,scenario_straight_heavy,val,development,0.25,-4.0,-5.5179,0.006666666666666667,0.0,,0.0,4.0,False,15,26.666666666666668,418.0704,-0.13333333333333333,
3430,4i,150.0,2,4.919,1,1.0,False,0,,,,scenario_straight_heavy,val,development,0.25,-4.0,0.8736999999999995,0.006666666666666667,0.0,,0.0,9.0,False,20,13.333333333333334,236.11199999999997,-0.13333333333333333,
3435,4i,150.0,4,18.1272,1,1.0,False,0,,,,scenario_straight_heavy,val,development,0.25,-11.0,18.125799999999998,0.006666666666666667,0.0,,0.0,14.0,False,25,26.666666666666668,1740.2112,-0.36666666666666664,
3440,4i,150.0,4,11.5281,1,1.0,False,0,,,,scenario_straight_heavy,val,development,0.25,-11.0,8.5775,0.006666666666666667,0.0,,0.0,19.0,False,30,26.666666666666668,1106.6976,-0.36666666666666664,
3445,4i,150.0,2,0.4226,1,1.0,False,0,,,,scenario_straight_heavy,val,development,0.25,-11.0,-1.278,0.006666666666666667,0.0,,0.0,24.0,False,35,13.333333333333334,20.2848,-0.36666666666666664,
3450,4i,150.0,3,7.8576,2,13.71,False,0,,,,scenario_straight_heavy,val,development,0.25,1.7100000000000009,4.2425999999999995,0.09140000000000001,0.0,,1.0,4.0,False,40,20.0,565.7472,0.05700000000000003,
3455,4i,150.0,2,8.472,0,0.0,False,0,,,,scenario_straight_heavy,val,development,0.25,-1.0,4.1171,0.0,0.0,,2.0,2.0,False,45,13.333333333333334,406.656,-0.03333333333333333,
3460,4i,150.0,1,0.0,0,0.0,False,0,,,,scenario_straight_heavy,val,development,0.25,-1.0,-4.919,0.0,0.0,,3.0,1.0,False,50,6.666666666666667,0.0,-0.03333333333333333,
3465,4i,150.0,1,0.0,1,1.0,False,0,,,,scenario_straight_heavy,val,development,0.25,0.0,-18.1272,0.006666666666666667,0.0,,3.0,6.0,False,55,6.666666666666667,0.0,0.0,
3470,4i,150.0,2,7.4762,1,1.0,False,0,,,,scenario_straight_heavy,val,development,0.25,0.0,-4.0519,0.006666666666666667,0.0,,4.0,4.0,True,,13.333333333333334,358.85760000000005,0.0,
3475,4i,150.0,2,5.2262,1,1.0,False,0,,,,scenario_straight_heavy,val,development,0.25,0.0,4.8036,0.006666666666666667,0.0,,4.0,9.0,True,,13.333333333333334,250.85760000000005,0.0,
3480,4i,150.0,5,15.6524,1,1.0,False,0,,,,scenario_straight_heavy,val,development,0.25,-12.71,7.7948,0.006666666666666667,0.0,,4.0,14.0,True,,33.333333333333336,1878.2880000000002,-0.4236666666666667,
3485,4i,150.0,5,8.2593,1,1.0,False,0,,,,scenario_straight_heavy,val,development,0.25,1.0,-0.2126999999999999,0.006666666666666667,0.0,,4.0,19.0,True,,33.333333333333336,991.1160000000001,0.03333333333333333,
3490,4i,150.0,5,1.1278,3,5.0,False,0,,,,scenario_straight_heavy,val,development,0.25,5.0,1.1278,0.03333333333333333,0.0,,4.0,24.0,True,,33.333333333333336,135.336,0.16666666666666666,
3495,4i,150.0,6,4.0691,5,19.04,False,0,,,,scenario_straight_heavy,val,development,0.25,18.04,4.0691,0.12693333333333331,0.0,,5.0,4.0,False,5,40.0,585.9504,0.6013333333333333,
3500,4i,150.0,6,2.1743,5,19.04,False,0,,,,scenario_straight_heavy,val,development,0.25,18.04,-5.3019,0.12693333333333331,0.0,,6.0,2.0,True,,40.0,313.0992,0.6013333333333333,
3505,4i,150.0,6,0.0705,5,19.04,False,0,,,,scenario_straight_heavy,val,development,0.25,18.04,-5.1557,0.12693333333333331,0.0,,7.0,1.0,False,5,40.0,10.152,0.6013333333333333,
3510,4i,150.0,7,3.0969,6,23.04,False,0,,,,scenario_straight_heavy,val,development,0.25,22.04,-12.5555,0.1536,0.0,,7.0,6.0,False,10,46.66666666666667,520.2792000000002,0.7346666666666667,
3515,4i,150.0,4,3.0381,2,21.76,False,1,18.8993,398.58,398.58,scenario_straight_heavy,val,development,0.25,20.76,-5.2212,0.14506666666666668,1.0,,0.0,4.0,False,15,26.666666666666668,291.6576,0.6920000000000001,
3520,4i,150.0,3,2.8624,1,1.0,False,1,18.4961,304.69,304.69,scenario_straight_heavy,val,development,0.25,-4.0,1.7346000000000001,0.006666666666666667,1.0,,0.0,9.0,False,20,20.0,206.0928,-0.13333333333333333,
3525,4i,150.0,3,16.1095,1,1.0,False,1,18.8662,210.98,210.98,scenario_straight_heavy,val,development,0.25,-18.04,12.040400000000002,0.006666666666666667,1.0,,0.0,14.0,False,25,20.0,1159.884,-0.6013333333333333,
3530,4i,150.0,4,11.9818,1,1.0,False,2,22.7885,117.76,376.42,scenario_straight_heavy,val,development,0.25,-18.04,9.8075,0.006666666666666667,2.0,,0.0,19.0,False,30,26.666666666666668,1150.2528000000002,-0.6013333333333333,
3535,4i,150.0,3,5.1039,2,5.0,False,2,21.4582,34.29,241.83,scenario_straight_heavy,val,development,0.25,-14.04,5.0334,0.03333333333333333,2.0,,0.0,24.0,False,35,20.0,367.48080000000004,-0.46799999999999997,
3540,4i,150.0,4,6.0082,2,5.0,False,2,12.0163,1.0,111.68,scenario_straight_heavy,val,development,0.25,-18.04,2.9113,0.03333333333333333,2.0,,1.0,4.0,False,40,26.666666666666668,576.7872000000001,-0.6013333333333333,
3545,4i,150.0,2,5.4333,1,1.0,False,3,11.5054,1.0,382.84,scenario_straight_heavy,val,development,0.25,-20.76,2.3952,0.006666666666666667,2.0,-15.740000000000009,2.0,2.0,False,45,13.333333333333334,260.7984,-0.6920000000000001,
3550,4i,150.0,2,0.0137,2,13.73,False,3,8.2323,1.0,261.35,scenario_straight_heavy,val,development,0.25,12.73,-2.8487,0.09153333333333334,2.0,-43.339999999999975,3.0,1.0,False,50,13.333333333333334,0.6576000000000001,0.42433333333333334,
3555,4i,150.0,3,8.0954,2,13.71,False,3,8.0954,1.0,139.05,scenario_straight_heavy,val,development,0.25,12.71,-8.014100000000001,0.09140000000000001,2.0,-71.92999999999998,3.0,6.0,False,55,20.0,582.8688,0.4236666666666667,
3560,4i,150.0,3,4.6152,2,13.71,False,4,8.0308,1.0,400.22,scenario_straight_heavy,val,development,0.25,12.71,-7.3666,0.09140000000000001,2.0,23.80000000000001,4.0,4.0,True,,20.0,332.2944,0.4236666666666667,
3565,4i,150.0,3,0.1539,2,13.71,False,4,4.7009,1.0,305.95,scenario_straight_heavy,val,development,0.25,8.71,-4.95,0.09140000000000001,2.0,64.11999999999998,4.0,9.0,True,,20.0,11.080800000000002,0.2903333333333334,
3570,4i,150.0,4,5.941,3,17.71,False,4,4.6944,1.0,211.94,scenario_straight_heavy,val,development,0.25,12.71,-0.06720000000000059,0.11806666666666667,2.0,100.25999999999999,4.0,14.0,True,,26.666666666666668,570.336,0.4236666666666667,
3575,4i,150.0,6,7.7638,3,17.71,False,4,4.8048,1.0,117.57,scenario_straight_heavy,val,development,0.25,16.71,2.3305,0.11806666666666667,1.0,-265.27,4.0,19.0,True,,40.0,1117.9872,0.557,
3580,4i,150.0,6,4.1636,3,17.71,False,4,3.6591,1.0,29.55,scenario_straight_heavy,val,development,0.25,3.9800000000000004,4.1499,0.11806666666666667,1.0,-231.8,4.0,24.0,True,,40.0,599.5583999999999,0.13266666666666668,
3585,4i,150.0,7,4.1116,4,17.71,False,4,0.0,1.0,17.71,scenario_straight_heavy,val,development,0.25,4.0,-3.9837999999999996,0.11806666666666667,1.0,-121.34,5.0,4.0,False,5,46.66666666666667,690.7488000000002,0.13333333333333333,
3590,4i,150.0,7,1.6932,5,17.71,False,4,0.0,1.0,17.71,scenario_straight_heavy,val,development,0.25,4.0,-2.9219999999999997,0.11806666666666667,0.0,-382.51000000000005,6.0,2.0,True,,46.66666666666667,284.45760000000007,0.13333333333333333,
3595,4i,150.0,7,0.0267,6,24.71,False,4,0.0,1.0,17.71,scenario_straight_heavy,val,development,0.25,11.0,-0.1272,0.16473333333333334,0.0,-288.24,7.0,1.0,False,5,46.66666666666667,4.485600000000001,0.36666666666666664,
3600,4i,150.0,8,3.0388,7,38.76,False,4,0.0,1.0,17.71,scenario_straight_heavy,val,development,0.25,21.049999999999997,-2.9021999999999997,0.25839999999999996,0.0,-194.23,7.0,6.0,False,10,53.333333333333336,583.4496,0.7016666666666665,
