timestamp,approach_edge,camera_range_m,visible_vehicle_count,visible_mean_speed_mps,visible_queue_count,visible_queue_length_m,queue_reaches_camera_edge,probe_count,probe_mean_speed_mps,probe_min_distance_to_stopline_m,probe_max_distance_to_stopline_m,scenario_id,split,design_method,gps_penetration_rate_requested
0,1i,150.0,0,0.0,0,0.0,False,0,,,,scenario_east_west_heavy,test,development,0.05
5,1i,150.0,0,0.0,0,0.0,False,0,,,,scenario_east_west_heavy,test,development,0.05
10,1i,150.0,0,0.0,0,0.0,False,0,,,,scenario_east_west_heavy,test,development,0.05
15,1i,150.0,2,24.67,0,0.0,False,0,,,,scenario_east_west_heavy,test,development,0.05
20,1i,150.0,3,15.5407,0,0.0,False,1,27.77,483.3,483.3,scenario_east_west_heavy,test,development,0.05
25,1i,150.0,3,5.5591,1,1.0,False,3,23.4942,350.72,399.48,scenario_east_west_heavy,test,development,0.05
30,1i,150.0,3,0.2076,2,1.0,False,3,23.4556,215.17,304.42,scenario_east_west_heavy,test,development,0.05
35,1i,150.0,5,8.9131,3,1.0,False,3,21.0936,91.57,210.88,scenario_east_west_heavy,test,development,0.05
40,1i,150.0,6,6.836,3,1.0,False,4,16.2201,24.29,456.44,scenario_east_west_heavy,test,development,0.05
45,1i,150.0,6,2.3628,4,13.71,False,4,9.4861,8.02,336.59,scenario_east_west_heavy,test,development,0.05
50,1i,150.0,2,2.1429,1,1.0,False,2,14.4398,9.42,216.43,scenario_east_west_heavy,test,development,0.05
55,1i,150.0,4,11.3278,2,5.0,False,2,11.9669,5.0,95.2,scenario_east_west_heavy,test,development,0.05
60,1i,150.0,5,7.656,2,5.0,False,2,7.2982,5.0,8.39,scenario_east_west_heavy,test,development,0.05
65,1i,150.0,4,2.9336,3,17.71,False,1,0.0,5.0,5.0,scenario_east_west_heavy,test,development,0.05
70,1i,150.0,3,0.0,3,17.71,False,1,0.0,5.0,5.0,scenario_east_west_heavy,test,development,0.05
75,1i,150.0,5,8.0157,3,17.71,False,1,0.0,5.0,5.0,scenario_east_west_heavy,test,development,0.05
80,1i,150.0,5,7.2971,1,16.95,False,1,2.814,0.88,0.88,scenario_east_west_heavy,test,development,0.05
85,1i,150.0,3,5.6924,1,1.01,False,0,,,,scenario_east_west_heavy,test,development,0.05
90,1i,150.0,3,0.0083,3,1.02,False,0,,,,scenario_east_west_heavy,test,development,0.05
95,1i,150.0,6,9.8819,3,1.0,False,0,,,,scenario_east_west_heavy,test,development,0.05
100,1i,150.0,6,3.2298,3,1.0,False,0,,,,scenario_east_west_heavy,test,development,0.05
105,1i,150.0,6,0.0068,6,15.07,False,0,,,,scenario_east_west_heavy,test,development,0.05
110,1i,150.0,7,3.4332,6,15.04,False,0,,,,scenario_east_west_heavy,test,development,0.05
115,1i,150.0,9,6.0135,6,15.04,False,0,,,,scenario_east_west_heavy,test,development,0.05
120,1i,150.0,9,1.7803,6,15.04,False,0,,,,scenario_east_west_heavy,test,development,0.05
125,1i,150.0,9,0.003,9,22.04,False,0,,,,scenario_east_west_heavy,test,development,0.05
130,1i,150.0,10,2.0834,9,22.04,False,0,,,,scenario_east_west_heavy,test,development,0.05
135,1i,150.0,12,3.0674,9,22.04,False,0,,,,scenario_east_west_heavy,test,development,0.05
140,1i,150.0,9,2.2398,3,9.0,False,0,,,,scenario_east_west_heavy,test,development,0.05
145,1i,150.0,5,1.3246,4,16.0,False,0,,,,scenario_east_west_heavy,test,development,0.05
150,1i,150.0,5,3.6959,4,16.0,False,0,,,,scenario_east_west_heavy,test,development,0.05
155,1i,150.0,5,3.591,4,16.0,False,0,,,,scenario_east_west_heavy,test,development,0.05
160,1i,150.0,5,2.6532,4,16.0,False,0,,,,scenario_east_west_heavy,test,development,0.05
165,1i,150.0,5,1.2214,4,16.0,False,0,,,,scenario_east_west_heavy,test,development,0.05
170,1i,150.0,5,8.0653,2,20.01,False,0,,,,scenario_east_west_heavy,test,development,0.05
175,1i,150.0,5,7.7856,0,0.0,False,0,,,,scenario_east_west_heavy,test,development,0.05
180,1i,150.0,5,3.7761,3,4.11,False,0,,,,scenario_east_west_heavy,test,development,0.05
185,1i,150.0,5,0.8714,4,16.81,False,0,,,,scenario_east_west_heavy,test,development,0.05
190,1i,150.0,7,5.9168,5,16.81,False,0,,,,scenario_east_west_heavy,test,development,0.05
195,1i,150.0,8,4.2447,5,16.81,False,1,18.1998,399.73,399.73,scenario_east_west_heavy,test,development,0.05
200,1i,150.0,8,0.4223,6,16.81,False,1,18.3212,307.2,307.2,scenario_east_west_heavy,test,development,0.05
205,1i,150.0,8,0.0002,8,20.82,False,1,18.3959,213.66,213.66,scenario_east_west_heavy,test,development,0.05
210,1i,150.0,10,4.1988,8,20.82,False,1,18.5737,119.6,119.6,scenario_east_west_heavy,test,development,0.05
215,1i,150.0,11,3.3947,8,20.82,False,1,11.0737,49.23,49.23,scenario_east_west_heavy,test,development,0.05
220,1i,150.0,11,0.8162,9,24.82,False,1,3.8997,15.53,15.53,scenario_east_west_heavy,test,development,0.05
225,1i,150.0,12,1.4706,11,24.82,False,1,0.0023,12.0,12.0,scenario_east_west_heavy,test,development,0.05
230,1i,150.0,11,5.6568,5,24.82,False,1,5.3546,1.71,1.71,scenario_east_west_heavy,test,development,0.05
235,1i,150.0,7,3.5423,5,24.82,False,0,,,,scenario_east_west_heavy,test,development,0.05
240,1i,150.0,6,0.0161,5,24.82,False,0,,,,scenario_east_west_heavy,test,development,0.05
245,1i,150.0,7,2.0074,6,28.82,False,0,,,,scenario_east_west_heavy,test,development,0.05
250,1i,150.0,8,5.4481,6,28.82,False,0,,,,scenario_east_west_heavy,test,development,0.05
255,1i,150.0,8,2.3186,6,28.82,False,0,,,,scenario_east_west_heavy,test,development,0.05
260,1i,150.0,6,0.2309,4,35.82,False,0,,,,scenario_east_west_heavy,test,development,0.05
265,1i,150.0,7,4.0233,1,1.0,False,0,,,,scenario_east_west_heavy,test,development,0.05
270,1i,150.0,9,6.9775,5,13.06,False,1,26.3375,375.94,375.94,scenario_east_west_heavy,test,development,0.05
275,1i,150.0,9,3.0433,6,19.76,False,1,27.4523,240.27,240.27,scenario_east_west_heavy,test,development,0.05
280,1i,150.0,10,2.393,8,23.79,False,1,22.718,112.22,112.22,scenario_east_west_heavy,test,development,0.05
285,1i,150.0,10,1.1933,9,23.76,False,2,19.851,34.01,483.3,scenario_east_west_heavy,test,development,0.05
290,1i,150.0,12,3.5173,10,23.76,False,2,13.8116,13.82,346.97,scenario_east_west_heavy,test,development,0.05
295,1i,150.0,12,1.3126,10,23.76,False,2,13.4153,13.71,211.6,scenario_east_west_heavy,test,development,0.05
300,1i,150.0,13,1.4596,12,30.76,False,2,9.4457,13.71,92.35,scenario_east_west_heavy,test,development,0.05
305,1i,150.0,13,0.6352,12,30.76,False,2,4.1288,13.71,26.42,scenario_east_west_heavy,test,development,0.05
310,1i,150.0,15,2.2753,13,30.76,False,2,0.0019,13.71,17.72,scenario_east_west_heavy,test,development,0.05
315,1i,150.0,15,0.5029,13,30.76,False,2,0.0,13.71,17.71,scenario_east_west_heavy,test,development,0.05
320,1i,150.0,11,1.2018,8,37.76,False,1,4.3065,8.97,8.97,scenario_east_west_heavy,test,development,0.05
325,1i,150.0,9,1.8216,8,37.76,False,0,,,,scenario_east_west_heavy,test,development,0.05
330,1i,150.0,11,4.2377,8,37.76,False,0,,,,scenario_east_west_heavy,test,development,0.05
335,1i,150.0,10,1.4702,8,37.76,False,0,,,,scenario_east_west_heavy,test,development,0.05
340,1i,150.0,11,2.5632,9,41.76,False,0,,,,scenario_east_west_heavy,test,development,0.05
345,1i,150.0,11,0.5719,10,41.76,False,0,,,,scenario_east_west_heavy,test,development,0.05
350,1i,150.0,11,3.2705,8,41.76,False,0,,,,scenario_east_west_heavy,test,development,0.05
355,1i,150.0,10,1.6738,4,41.76,False,0,,,,scenario_east_west_heavy,test,development,0.05
360,1i,150.0,11,2.2464,6,14.9,False,0,,,,scenario_east_west_heavy,test,development,0.05
365,1i,150.0,12,2.7324,9,30.11,False,0,,,,scenario_east_west_heavy,test,development,0.05
370,1i,150.0,13,2.2505,11,34.01,False,0,,,,scenario_east_west_heavy,test,development,0.05
375,1i,150.0,14,2.2777,11,34.01,False,0,,,,scenario_east_west_heavy,test,development,0.05
380,1i,150.0,14,1.2116,12,34.01,False,0,,,,scenario_east_west_heavy,test,development,0.05
385,1i,150.0,14,0.3659,13,41.01,False,0,,,,scenario_east_west_heavy,test,development,0.05
390,1i,150.0,16,1.7717,14,41.01,False,0,,,,scenario_east_west_heavy,test,development,0.05
395,1i,150.0,17,2.2545,14,41.01,False,0,,,,scenario_east_west_heavy,test,development,0.05
400,1i,150.0,17,1.4248,14,41.01,False,0,,,,scenario_east_west_heavy,test,development,0.05
405,1i,150.0,19,2.2995,15,53.75,False,0,,,,scenario_east_west_heavy,test,development,0.05
410,1i,150.0,15,1.5275,10,53.72,False,0,,,,scenario_east_west_heavy,test,development,0.05
415,1i,150.0,13,1.8581,10,67.76,False,0,,,,scenario_east_west_heavy,test,development,0.05
420,1i,150.0,12,1.9394,10,67.76,False,0,,,,scenario_east_west_heavy,test,development,0.05
425,1i,150.0,11,2.1528,10,67.76,False,0,,,,scenario_east_west_heavy,test,development,0.05
430,1i,150.0,12,2.4305,10,67.76,False,0,,,,scenario_east_west_heavy,test,development,0.05
435,1i,150.0,12,1.8582,10,67.76,False,0,,,,scenario_east_west_heavy,test,development,0.05
440,1i,150.0,11,2.0718,7,67.76,False,0,,,,scenario_east_west_heavy,test,development,0.05
445,1i,150.0,11,4.8807,4,71.77,False,0,,,,scenario_east_west_heavy,test,development,0.05
450,1i,150.0,12,3.3138,4,70.26,False,0,,,,scenario_east_west_heavy,test,development,0.05
455,1i,150.0,12,1.8084,7,23.01,False,0,,,,scenario_east_west_heavy,test,development,0.05
460,1i,150.0,12,0.314,10,53.91,False,0,,,,scenario_east_west_heavy,test,development,0.05
465,1i,150.0,14,2.6389,12,67.8,False,0,,,,scenario_east_west_heavy,test,development,0.05
470,1i,150.0,15,1.6841,12,67.8,False,0,,,,scenario_east_west_heavy,test,development,0.05
475,1i,150.0,15,0.8109,14,74.8,False,0,,,,scenario_east_west_heavy,test,development,0.05
480,1i,150.0,15,0.0159,14,74.8,False,0,,,,scenario_east_west_heavy,test,development,0.05
485,1i,150.0,17,2.0062,15,74.8,False,0,,,,scenario_east_west_heavy,test,development,0.05
490,1i,150.0,17,0.518,15,74.8,False,0,,,,scenario_east_west_heavy,test,development,0.05
495,1i,150.0,18,0.8849,17,78.8,False,0,,,,scenario_east_west_heavy,test,development,0.05
500,1i,150.0,12,0.7032,11,78.8,False,0,,,,scenario_east_west_heavy,test,development,0.05
505,1i,150.0,12,2.0261,11,78.8,False,0,,,,scenario_east_west_heavy,test,development,0.05
510,1i,150.0,14,2.8609,11,78.8,False,1,26.1548,431.09,431.09,scenario_east_west_heavy,test,development,0.05
515,1i,150.0,13,1.6509,11,78.8,False,1,27.6253,296.33,296.33,scenario_east_west_heavy,test,development,0.05
520,1i,150.0,12,0.055,11,78.8,False,1,26.3795,163.06,163.06,scenario_east_west_heavy,test,development,0.05
525,1i,150.0,14,2.08,12,82.8,False,1,18.1021,46.61,46.61,scenario_east_west_heavy,test,development,0.05
530,1i,150.0,14,1.8686,10,96.88,False,1,3.1021,1.1,1.1,scenario_east_west_heavy,test,development,0.05
535,1i,150.0,12,1.5578,8,96.84,False,1,0.0,1.0,1.0,scenario_east_west_heavy,test,development,0.05
540,1i,150.0,12,0.8245,7,96.78,False,1,0.0,1.0,1.0,scenario_east_west_heavy,test,development,0.05
545,1i,150.0,15,3.0896,6,34.8,False,1,0.0,1.0,1.0,scenario_east_west_heavy,test,development,0.05
550,1i,150.0,15,1.7274,10,64.07,False,1,0.0,1.0,1.0,scenario_east_west_heavy,test,development,0.05
555,1i,150.0,15,0.3286,14,89.0,False,1,0.0,1.0,1.0,scenario_east_west_heavy,test,development,0.05
560,1i,150.0,15,0.0005,15,88.84,False,1,0.0,1.0,1.0,scenario_east_west_heavy,test,development,0.05
565,1i,150.0,17,1.8098,15,88.84,False,1,0.0,1.0,1.0,scenario_east_west_heavy,test,development,0.05
570,1i,150.0,18,1.4269,15,88.84,False,1,0.0,1.0,1.0,scenario_east_west_heavy,test,development,0.05
575,1i,150.0,18,0.4957,17,92.91,False,1,0.0,1.0,1.0,scenario_east_west_heavy,test,development,0.05
580,1i,150.0,19,0.7741,18,92.84,False,1,0.0,1.0,1.0,scenario_east_west_heavy,test,development,0.05
585,1i,150.0,21,1.5979,18,92.84,False,1,0.0,1.0,1.0,scenario_east_west_heavy,test,development,0.05
590,1i,150.0,17,1.8776,13,105.55,False,0,,,,scenario_east_west_heavy,test,development,0.05
595,1i,150.0,14,0.7068,13,105.55,False,0,,,,scenario_east_west_heavy,test,development,0.05
600,1i,150.0,15,2.7038,13,105.55,False,0,,,,scenario_east_west_heavy,test,development,0.05
605,1i,150.0,15,0.9058,13,105.55,False,1,25.0,480.3,480.3,scenario_east_west_heavy,test,development,0.05
610,1i,150.0,15,1.106,14,109.55,False,1,23.596,360.79,360.79,scenario_east_west_heavy,test,development,0.05
615,1i,150.0,15,0.5491,14,109.55,False,1,23.7328,240.24,240.24,scenario_east_west_heavy,test,development,0.05
620,1i,150.0,16,2.6635,12,109.55,False,1,24.6157,119.33,119.33,scenario_east_west_heavy,test,development,0.05
625,1i,150.0,16,2.9017,9,109.55,False,1,14.1879,30.79,30.79,scenario_east_west_heavy,test,development,0.05
630,1i,150.0,16,1.6538,8,113.56,False,1,0.0,1.0,1.0,scenario_east_west_heavy,test,development,0.05
635,1i,150.0,16,1.1829,9,112.35,False,1,0.0,1.0,1.0,scenario_east_west_heavy,test,development,0.05
640,1i,150.0,18,2.7368,10,48.16,False,1,0.0,1.0,1.0,scenario_east_west_heavy,test,development,0.05
645,1i,150.0,19,1.7494,14,86.19,False,2,9.6446,1.0,453.97,scenario_east_west_heavy,test,development,0.05
650,1i,150.0,19,0.0727,17,101.2,False,2,9.5352,1.0,357.64,scenario_east_west_heavy,test,development,0.05
655,1i,150.0,19,0.0007,19,100.85,False,2,9.6688,1.0,262.28,scenario_east_west_heavy,test,development,0.05
660,1i,150.0,20,0.612,19,100.84,False,2,8.1162,1.0,173.04,scenario_east_west_heavy,test,development,0.05
665,1i,150.0,22,1.147,19,100.84,False,2,6.4898,1.0,99.91,scenario_east_west_heavy,test,development,0.05
670,1i,150.0,22,0.7211,20,104.85,False,2,4.2683,1.0,48.46,scenario_east_west_heavy,test,development,0.05
675,1i,150.0,22,0.312,20,104.85,False,2,2.0183,1.0,19.27,scenario_east_west_heavy,test,development,0.05
680,1i,150.0,20,0.974,15,104.85,False,1,3.852,4.94,4.94,scenario_east_west_heavy,test,development,0.05
685,1i,150.0,19,1.7148,16,111.87,False,0,,,,scenario_east_west_heavy,test,development,0.05
690,1i,150.0,18,1.3464,16,111.85,False,0,,,,scenario_east_west_heavy,test,development,0.05
695,1i,150.0,16,0.0,16,111.85,False,0,,,,scenario_east_west_heavy,test,development,0.05
700,1i,150.0,19,1.908,16,111.85,False,0,,,,scenario_east_west_heavy,test,development,0.05
705,1i,150.0,19,1.0907,17,115.85,False,0,,,,scenario_east_west_heavy,test,development,0.05
710,1i,150.0,18,0.1181,17,115.85,False,0,,,,scenario_east_west_heavy,test,development,0.05
715,1i,150.0,19,1.362,13,115.85,False,0,,,,scenario_east_west_heavy,test,development,0.05
720,1i,150.0,21,2.3294,14,115.85,False,0,,,,scenario_east_west_heavy,test,development,0.05
725,1i,150.0,21,1.2916,13,119.84,False,0,,,,scenario_east_west_heavy,test,development,0.05
730,1i,150.0,21,0.3953,16,118.42,False,0,,,,scenario_east_west_heavy,test,development,0.05
735,1i,150.0,22,1.1431,17,87.54,False,0,,,,scenario_east_west_heavy,test,development,0.05
740,1i,150.0,24,1.5755,21,106.69,False,1,26.1392,457.16,457.16,scenario_east_west_heavy,test,development,0.05
745,1i,150.0,24,0.5215,22,109.94,False,1,27.1562,322.58,322.58,scenario_east_west_heavy,test,development,0.05
750,1i,150.0,24,0.0015,24,109.81,False,1,22.5817,193.67,193.67,scenario_east_west_heavy,test,development,0.05
755,1i,150.0,25,0.5793,24,109.81,False,1,14.4822,110.96,110.96,scenario_east_west_heavy,test,development,0.05
760,1i,150.0,26,1.1786,24,109.81,False,1,11.4173,37.7,37.7,scenario_east_west_heavy,test,development,0.05
765,1i,150.0,27,0.6963,24,109.81,False,1,0.9226,16.14,16.14,scenario_east_west_heavy,test,development,0.05
770,1i,150.0,22,0.7163,18,109.81,False,1,3.1375,11.91,11.91,scenario_east_west_heavy,test,development,0.05
775,1i,150.0,20,0.9039,19,113.81,False,0,,,,scenario_east_west_heavy,test,development,0.05
780,1i,150.0,21,1.6046,19,113.81,False,0,,,,scenario_east_west_heavy,test,development,0.05
785,1i,150.0,21,0.9219,19,113.81,False,0,,,,scenario_east_west_heavy,test,development,0.05
790,1i,150.0,20,0.0315,19,113.81,False,0,,,,scenario_east_west_heavy,test,development,0.05
795,1i,150.0,22,1.7983,20,127.85,False,0,,,,scenario_east_west_heavy,test,development,0.05
800,1i,150.0,21,1.4471,18,127.85,False,0,,,,scenario_east_west_heavy,test,development,0.05
805,1i,150.0,21,0.888,15,127.85,False,0,,,,scenario_east_west_heavy,test,development,0.05
810,1i,150.0,21,0.5198,16,141.92,False,0,,,,scenario_east_west_heavy,test,development,0.05
815,1i,150.0,22,1.3448,15,141.89,False,0,,,,scenario_east_west_heavy,test,development,0.05
820,1i,150.0,23,1.9708,13,141.83,False,0,,,,scenario_east_west_heavy,test,development,0.05
825,1i,150.0,23,1.0028,13,69.0,False,0,,,,scenario_east_west_heavy,test,development,0.05
830,1i,150.0,25,1.1289,19,88.14,False,0,,,,scenario_east_west_heavy,test,development,0.05
835,1i,150.0,26,1.5191,22,110.62,False,0,,,,scenario_east_west_heavy,test,development,0.05
840,1i,150.0,27,0.5058,24,138.07,False,0,,,,scenario_east_west_heavy,test,development,0.05
845,1i,150.0,27,0.0264,26,141.91,False,0,,,,scenario_east_west_heavy,test,development,0.05
850,1i,150.0,28,0.6906,27,141.89,False,0,,,,scenario_east_west_heavy,test,development,0.05
855,1i,150.0,28,0.3252,27,141.89,False,0,,,,scenario_east_west_heavy,test,development,0.05
860,1i,150.0,26,0.9254,22,148.89,True,0,,,,scenario_east_west_heavy,test,development,0.05
865,1i,150.0,23,0.5197,22,148.89,True,0,,,,scenario_east_west_heavy,test,development,0.05
870,1i,150.0,23,0.677,22,148.89,True,0,,,,scenario_east_west_heavy,test,development,0.05
875,1i,150.0,24,1.5998,22,148.89,True,0,,,,scenario_east_west_heavy,test,development,0.05
880,1i,150.0,23,0.6199,22,148.89,True,1,27.4615,429.48,429.48,scenario_east_west_heavy,test,development,0.05
885,1i,150.0,22,0.0,22,148.89,True,1,27.7308,292.92,292.92,scenario_east_west_heavy,test,development,0.05
890,1i,150.0,22,0.9413,19,148.89,True,1,14.9027,193.31,193.31,scenario_east_west_heavy,test,development,0.05
895,1i,150.0,21,1.8579,15,148.89,True,1,1.31,159.98,159.98,scenario_east_west_heavy,test,development,0.05
900,1i,150.0,21,0.7374,14,148.89,True,1,0.0002,159.89,159.89,scenario_east_west_heavy,test,development,0.05
905,1i,150.0,21,0.5239,15,148.89,True,1,0.0,159.89,159.89,scenario_east_west_heavy,test,development,0.05
910,1i,150.0,22,1.1151,15,148.87,True,1,0.0,159.89,159.89,scenario_east_west_heavy,test,development,0.05
915,1i,150.0,23,1.5778,16,146.74,True,1,0.3918,159.35,159.35,scenario_east_west_heavy,test,development,0.05
920,1i,150.0,24,0.9602,17,94.89,False,1,1.7811,154.4,154.4,scenario_east_west_heavy,test,development,0.05
925,1i,150.0,26,0.8477,24,147.34,True,1,0.524,147.34,147.34,scenario_east_west_heavy,test,development,0.05
930,1i,150.0,28,1.4366,26,149.22,True,1,0.1022,145.08,145.08,scenario_east_west_heavy,test,development,0.05
935,1i,150.0,28,0.5486,26,148.9,True,1,0.0022,144.89,144.89,scenario_east_west_heavy,test,development,0.05
940,1i,150.0,28,0.0518,27,148.89,True,1,0.0,144.89,144.89,scenario_east_west_heavy,test,development,0.05
945,1i,150.0,29,0.6462,28,148.89,True,1,0.0,144.89,144.89,scenario_east_west_heavy,test,development,0.05
950,1i,150.0,24,0.5621,22,148.89,True,1,0.0,144.89,144.89,scenario_east_west_heavy,test,development,0.05
955,1i,150.0,24,1.0592,22,148.89,True,1,0.0,144.89,144.89,scenario_east_west_heavy,test,development,0.05
960,1i,150.0,22,0.0,22,148.89,True,1,0.0,144.89,144.89,scenario_east_west_heavy,test,development,0.05
965,1i,150.0,23,0.6279,22,148.89,True,1,0.0,144.89,144.89,scenario_east_west_heavy,test,development,0.05
970,1i,150.0,24,1.6584,22,148.89,True,1,0.0,144.89,144.89,scenario_east_west_heavy,test,development,0.05
975,1i,150.0,23,0.5557,22,148.89,True,1,0.0,144.89,144.89,scenario_east_west_heavy,test,development,0.05
980,1i,150.0,22,0.0832,21,148.89,True,1,0.0,144.89,144.89,scenario_east_west_heavy,test,development,0.05
985,1i,150.0,23,1.0264,18,148.89,True,1,0.0,144.89,144.89,scenario_east_west_heavy,test,development,0.05
990,1i,150.0,24,1.9274,17,148.89,True,1,0.0,144.89,144.89,scenario_east_west_heavy,test,development,0.05
995,1i,150.0,24,0.8766,17,148.89,True,1,0.0,144.89,144.89,scenario_east_west_heavy,test,development,0.05
1000,1i,150.0,24,0.3704,18,148.89,True,1,0.0321,144.86,144.86,scenario_east_west_heavy,test,development,0.05
1005,1i,150.0,25,0.9914,18,147.18,True,1,0.4376,142.51,142.51,scenario_east_west_heavy,test,development,0.05
1010,1i,150.0,25,0.5273,20,113.49,False,1,1.0652,135.87,135.87,scenario_east_west_heavy,test,development,0.05
1015,1i,150.0,26,0.754,24,131.34,False,1,0.3926,131.34,131.34,scenario_east_west_heavy,test,development,0.05
1020,1i,150.0,28,1.0247,26,147.67,True,1,0.0088,130.86,130.86,scenario_east_west_heavy,test,development,0.05
1025,1i,150.0,28,0.6564,26,147.57,True,1,0.0006,130.85,130.85,scenario_east_west_heavy,test,development,0.05
1030,1i,150.0,29,0.888,27,147.56,True,1,0.0,130.85,130.85,scenario_east_west_heavy,test,development,0.05
1035,1i,150.0,29,0.3793,28,147.56,True,1,0.0,130.85,130.85,scenario_east_west_heavy,test,development,0.05
1040,1i,150.0,25,0.9461,22,147.56,True,1,0.0,130.85,130.85,scenario_east_west_heavy,test,development,0.05
1045,1i,150.0,23,0.739,22,147.56,True,1,0.0,130.85,130.85,scenario_east_west_heavy,test,development,0.05
1050,1i,150.0,23,1.0387,22,147.56,True,1,0.0,130.85,130.85,scenario_east_west_heavy,test,development,0.05
1055,1i,150.0,23,0.5351,22,147.56,True,1,0.0,130.85,130.85,scenario_east_west_heavy,test,development,0.05
1060,1i,150.0,23,0.7114,22,147.56,True,1,0.0,130.85,130.85,scenario_east_west_heavy,test,development,0.05
1065,1i,150.0,23,0.3813,22,147.56,True,1,0.0,130.85,130.85,scenario_east_west_heavy,test,development,0.05
1070,1i,150.0,23,1.1269,21,147.56,True,1,0.0,130.85,130.85,scenario_east_west_heavy,test,development,0.05
1075,1i,150.0,21,1.0221,17,147.56,True,2,13.7934,130.85,428.82,scenario_east_west_heavy,test,development,0.05
1080,1i,150.0,22,1.5215,14,147.56,True,2,12.4606,130.85,295.09,scenario_east_west_heavy,test,development,0.05
1085,1i,150.0,22,0.9998,15,147.56,True,2,5.7626,130.85,210.61,scenario_east_west_heavy,test,development,0.05
1090,1i,150.0,23,1.4087,14,147.52,True,2,0.4974,129.97,191.43,scenario_east_west_heavy,test,development,0.05
1095,1i,150.0,25,1.5276,13,43.07,False,3,7.1578,122.98,418.73,scenario_east_west_heavy,test,development,0.05
1100,1i,150.0,25,1.138,18,89.76,False,3,7.0564,113.6,324.05,scenario_east_west_heavy,test,development,0.05
1105,1i,150.0,26,0.4488,21,107.48,False,3,6.7153,107.48,228.84,scenario_east_west_heavy,test,development,0.05
1110,1i,150.0,28,0.7551,25,128.43,False,3,6.8979,107.15,181.16,scenario_east_west_heavy,test,development,0.05
1115,1i,150.0,30,0.9849,28,148.97,True,3,4.6607,60.57,173.0,scenario_east_west_heavy,test,development,0.05
1120,1i,150.0,30,0.6406,28,148.57,True,3,1.8691,19.39,168.73,scenario_east_west_heavy,test,development,0.05
1125,1i,150.0,31,1.0177,29,148.56,True,3,0.0124,12.01,167.58,scenario_east_west_heavy,test,development,0.05
1130,1i,150.0,26,0.7915,23,148.56,True,3,1.6154,2.66,167.57,scenario_east_west_heavy,test,development,0.05
1135,1i,150.0,23,0.0,23,148.56,True,2,0.0,107.14,167.57,scenario_east_west_heavy,test,development,0.05
1140,1i,150.0,24,0.6687,23,148.56,True,2,0.0,107.14,167.57,scenario_east_west_heavy,test,development,0.05
1145,1i,150.0,23,0.0,23,148.56,True,2,0.0,107.14,167.57,scenario_east_west_heavy,test,development,0.05
1150,1i,150.0,24,0.7712,23,148.56,True,2,0.0,107.14,167.57,scenario_east_west_heavy,test,development,0.05
1155,1i,150.0,25,1.2765,23,148.56,True,2,0.0,107.14,167.57,scenario_east_west_heavy,test,development,0.05
1160,1i,150.0,23,0.5777,20,148.56,True,2,0.0,107.14,167.57,scenario_east_west_heavy,test,development,0.05
1165,1i,150.0,23,1.4912,19,148.56,True,2,0.0,107.14,167.57,scenario_east_west_heavy,test,development,0.05
1170,1i,150.0,24,1.6662,17,148.56,True,2,0.0,107.14,167.57,scenario_east_west_heavy,test,development,0.05
1175,1i,150.0,24,1.0517,18,148.56,True,2,0.0384,107.05,167.57,scenario_east_west_heavy,test,development,0.05
1180,1i,150.0,24,0.7274,17,148.56,True,2,0.9799,103.27,167.57,scenario_east_west_heavy,test,development,0.05
1185,1i,150.0,25,1.2444,18,147.27,True,2,0.4783,94.39,167.56,scenario_east_west_heavy,test,development,0.05
1190,1i,150.0,26,0.5965,19,96.38,False,2,0.2645,92.19,166.54,scenario_east_west_heavy,test,development,0.05
1195,1i,150.0,28,0.7371,23,125.8,False,2,0.8944,92.13,161.05,scenario_east_west_heavy,test,development,0.05
1200,1i,150.0,29,0.2287,28,146.32,True,2,0.4934,92.13,154.48,scenario_east_west_heavy,test,development,0.05
1205,1i,150.0,30,0.686,29,145.61,True,2,0.0537,92.13,152.63,scenario_east_west_heavy,test,development,0.05
1210,1i,150.0,31,0.803,29,145.56,True,2,0.0022,92.13,152.57,scenario_east_west_heavy,test,development,0.05
1215,1i,150.0,31,0.4504,30,145.56,True,2,0.0,92.13,152.57,scenario_east_west_heavy,test,development,0.05
1220,1i,150.0,27,0.5216,23,145.56,True,2,0.0,92.13,152.57,scenario_east_west_heavy,test,development,0.05
1225,1i,150.0,23,0.0,23,145.56,True,2,0.0,92.13,152.57,scenario_east_west_heavy,test,development,0.05
1230,1i,150.0,25,1.293,23,145.56,True,2,0.0,92.13,152.57,scenario_east_west_heavy,test,development,0.05
1235,1i,150.0,25,1.0796,23,145.56,True,2,0.0,92.13,152.57,scenario_east_west_heavy,test,development,0.05
1240,1i,150.0,23,0.0,23,145.56,True,2,0.0,92.13,152.57,scenario_east_west_heavy,test,development,0.05
1245,1i,150.0,24,0.8559,23,145.56,True,2,0.0,92.13,152.57,scenario_east_west_heavy,test,development,0.05
1250,1i,150.0,23,1.0253,20,145.56,True,2,0.0,92.13,152.57,scenario_east_west_heavy,test,development,0.05
1255,1i,150.0,22,1.0024,17,145.56,True,2,0.0,92.13,152.56,scenario_east_west_heavy,test,development,0.05
1260,1i,150.0,22,0.4978,17,145.56,True,2,0.0,92.13,152.56,scenario_east_west_heavy,test,development,0.05
1265,1i,150.0,24,1.9814,16,145.56,True,2,0.9024,88.74,152.56,scenario_east_west_heavy,test,development,0.05
1270,1i,150.0,24,1.2246,17,145.56,True,2,0.5655,79.38,152.56,scenario_east_west_heavy,test,development,0.05
1275,1i,150.0,24,0.7253,18,144.29,False,2,0.2223,77.14,152.0,scenario_east_west_heavy,test,development,0.05
1280,1i,150.0,25,0.3304,19,110.7,False,2,0.688,77.05,146.68,scenario_east_west_heavy,test,development,0.05
1285,1i,150.0,28,1.5811,23,127.14,False,2,0.7884,77.05,139.87,scenario_east_west_heavy,test,development,0.05
1290,1i,150.0,28,0.9919,25,137.66,False,3,7.9488,77.05,408.53,scenario_east_west_heavy,test,development,0.05
1295,1i,150.0,28,0.1151,27,141.49,False,3,8.0726,77.05,287.92,scenario_east_west_heavy,test,development,0.05
1300,1i,150.0,28,0.0001,28,141.48,False,3,8.271,77.05,167.67,scenario_east_west_heavy,test,development,0.05
1305,1i,150.0,30,1.0684,28,141.48,False,3,5.5097,60.61,137.48,scenario_east_west_heavy,test,development,0.05
1310,1i,150.0,24,0.8392,22,141.48,False,3,1.5551,15.8,137.48,scenario_east_west_heavy,test,development,0.05
1315,1i,150.0,22,0.0,22,141.48,False,2,0.0,77.05,137.48,scenario_east_west_heavy,test,development,0.05
1320,1i,150.0,22,0.0,22,141.48,False,2,0.0,77.05,137.48,scenario_east_west_heavy,test,development,0.05
1325,1i,150.0,24,1.4696,22,141.48,False,2,0.0,77.05,137.48,scenario_east_west_heavy,test,development,0.05
1330,1i,150.0,24,1.254,22,141.48,False,2,0.0,77.05,137.48,scenario_east_west_heavy,test,development,0.05
1335,1i,150.0,23,0.2133,22,141.48,False,2,0.0,77.05,137.48,scenario_east_west_heavy,test,development,0.05
1340,1i,150.0,21,0.079,20,141.48,False,2,0.0,77.05,137.48,scenario_east_west_heavy,test,development,0.05
1345,1i,150.0,22,1.8842,17,141.48,False,2,0.0,77.05,137.48,scenario_east_west_heavy,test,development,0.05
1350,1i,150.0,22,1.3016,15,141.48,False,2,0.5205,75.52,137.48,scenario_east_west_heavy,test,development,0.05
1355,1i,150.0,22,0.3511,16,141.48,False,2,0.8257,65.64,137.48,scenario_east_west_heavy,test,development,0.05
1360,1i,150.0,22,0.4125,17,141.46,False,2,0.0822,65.14,137.31,scenario_east_west_heavy,test,development,0.05
1365,1i,150.0,24,1.7382,18,138.92,False,2,0.7097,65.13,133.08,scenario_east_west_heavy,test,development,0.05
1370,1i,150.0,25,0.7678,20,127.42,False,2,0.4572,65.13,127.42,scenario_east_west_heavy,test,development,0.05
1375,1i,150.0,26,0.0485,26,147.4,True,2,0.0315,65.13,125.59,scenario_east_west_heavy,test,development,0.05
1380,1i,150.0,26,0.0019,26,146.29,True,2,0.0002,65.13,125.56,scenario_east_west_heavy,test,development,0.05
1385,1i,150.0,28,1.242,26,146.27,True,2,0.0,65.13,125.56,scenario_east_west_heavy,test,development,0.05
1390,1i,150.0,28,0.6562,26,146.27,True,2,0.0,65.13,125.56,scenario_east_west_heavy,test,development,0.05
1395,1i,150.0,28,0.0519,27,146.27,True,2,0.0,65.13,125.56,scenario_east_west_heavy,test,development,0.05
1400,1i,150.0,25,1.0973,21,146.27,True,2,0.0,65.13,125.56,scenario_east_west_heavy,test,development,0.05
1405,1i,150.0,23,1.5033,21,146.27,True,2,0.0,65.13,125.56,scenario_east_west_heavy,test,development,0.05
1410,1i,150.0,22,0.6232,21,146.27,True,2,0.0,65.13,125.56,scenario_east_west_heavy,test,development,0.05
1415,1i,150.0,21,0.0,21,146.27,True,2,0.0,65.13,125.56,scenario_east_west_heavy,test,development,0.05
1420,1i,150.0,23,1.3981,21,146.27,True,2,0.0,65.13,125.56,scenario_east_west_heavy,test,development,0.05
1425,1i,150.0,23,1.5066,21,146.27,True,2,0.0,65.13,125.56,scenario_east_west_heavy,test,development,0.05
1430,1i,150.0,22,0.3235,19,146.27,True,2,0.0,65.13,125.56,scenario_east_west_heavy,test,development,0.05
1435,1i,150.0,22,0.5008,17,146.27,True,2,0.0883,64.95,125.56,scenario_east_west_heavy,test,development,0.05
1440,1i,150.0,24,1.9634,15,146.27,True,2,1.4996,57.46,125.56,scenario_east_west_heavy,test,development,0.05
1445,1i,150.0,24,1.3144,18,146.27,True,2,0.049,51.16,125.55,scenario_east_west_heavy,test,development,0.05
1450,1i,150.0,24,0.492,18,146.15,True,2,0.4946,51.09,123.5,scenario_east_west_heavy,test,development,0.05
1455,1i,150.0,24,0.3777,18,144.06,False,2,1.2759,51.09,115.74,scenario_east_west_heavy,test,development,0.05
1460,1i,150.0,27,1.5794,21,111.69,False,2,0.0551,51.09,111.69,scenario_east_west_heavy,test,development,0.05
1465,1i,150.0,29,0.7236,26,144.45,False,3,8.9626,51.09,429.58,scenario_east_west_heavy,test,development,0.05
1470,1i,150.0,29,0.0132,29,147.36,True,3,8.2537,51.09,296.97,scenario_east_west_heavy,test,development,0.05
1475,1i,150.0,30,0.6193,29,147.24,True,3,6.9198,51.09,185.41,scenario_east_west_heavy,test,development,0.05
1480,1i,150.0,31,1.0715,29,147.23,True,3,6.3866,51.09,111.52,scenario_east_west_heavy,test,development,0.05
1485,1i,150.0,31,0.3255,29,147.23,True,3,2.8017,21.43,111.52,scenario_east_west_heavy,test,development,0.05
1490,1i,150.0,26,0.372,23,147.23,True,3,0.8342,8.89,111.52,scenario_east_west_heavy,test,development,0.05
1495,1i,150.0,24,0.7174,23,147.23,True,2,0.0,51.09,111.52,scenario_east_west_heavy,test,development,0.05
1500,1i,150.0,25,1.4553,23,147.23,True,2,0.0,51.09,111.52,scenario_east_west_heavy,test,development,0.05
1505,1i,150.0,24,0.4944,23,147.23,True,2,0.0,51.09,111.52,scenario_east_west_heavy,test,development,0.05
1510,1i,150.0,23,0.0,23,147.23,True,2,0.0,51.09,111.52,scenario_east_west_heavy,test,development,0.05
1515,1i,150.0,24,0.5894,23,147.23,True,2,0.0,51.09,111.52,scenario_east_west_heavy,test,development,0.05
1520,1i,150.0,23,0.6734,21,147.23,True,2,0.0,51.09,111.52,scenario_east_west_heavy,test,development,0.05
1525,1i,150.0,24,1.093,16,147.23,True,2,0.6004,49.79,111.52,scenario_east_west_heavy,test,development,0.05
1530,1i,150.0,24,0.7018,17,147.23,True,2,0.8236,41.92,111.52,scenario_east_west_heavy,test,development,0.05
1535,1i,150.0,25,0.9883,18,147.23,True,2,0.0871,36.89,111.41,scenario_east_west_heavy,test,development,0.05
1540,1i,150.0,26,1.4528,18,147.23,True,3,8.7753,36.85,480.3,scenario_east_west_heavy,test,development,0.05
1545,1i,150.0,26,0.781,19,146.35,True,3,7.5276,36.85,361.58,scenario_east_west_heavy,test,development,0.05
1550,1i,150.0,27,0.5437,20,121.4,False,3,2.5099,36.85,296.36,scenario_east_west_heavy,test,development,0.05
1555,1i,150.0,29,1.5382,23,125.39,False,3,0.0203,36.85,287.87,scenario_east_west_heavy,test,development,0.05
1560,1i,150.0,29,0.6079,27,137.23,False,3,0.001,36.85,287.84,scenario_east_west_heavy,test,development,0.05
1565,1i,150.0,30,0.0077,29,149.75,True,3,0.0212,36.85,287.66,scenario_east_west_heavy,test,development,0.05
1570,1i,150.0,30,0.0001,30,149.71,True,3,0.2798,36.85,285.63,scenario_east_west_heavy,test,development,0.05
1575,1i,150.0,31,0.4779,30,149.71,True,3,0.4477,36.85,281.24,scenario_east_west_heavy,test,development,0.05
1580,1i,150.0,28,1.0088,24,149.71,True,3,0.2387,36.85,276.42,scenario_east_west_heavy,test,development,0.05
1585,1i,150.0,26,0.6585,24,149.71,True,3,0.0713,36.85,273.98,scenario_east_west_heavy,test,development,0.05
1590,1i,150.0,25,0.2843,24,149.71,True,3,0.0022,36.85,273.61,scenario_east_west_heavy,test,development,0.05
1595,1i,150.0,26,1.3968,24,149.71,True,3,0.0,36.85,273.6,scenario_east_west_heavy,test,development,0.05
1600,1i,150.0,25,0.5703,24,149.71,True,3,0.0,36.85,273.6,scenario_east_west_heavy,test,development,0.05
1605,1i,150.0,24,0.0,24,149.71,True,3,0.0,36.85,273.6,scenario_east_west_heavy,test,development,0.05
1610,1i,150.0,24,0.772,22,149.71,True,3,0.0,36.85,273.6,scenario_east_west_heavy,test,development,0.05
1615,1i,150.0,25,1.8246,18,149.71,True,3,0.3786,35.29,273.6,scenario_east_west_heavy,test,development,0.05
1620,1i,150.0,25,0.7604,19,149.71,True,3,0.2787,23.38,273.6,scenario_east_west_heavy,test,development,0.05
1625,1i,150.0,25,0.416,18,149.71,True,3,0.0344,22.58,273.6,scenario_east_west_heavy,test,development,0.05
1630,1i,150.0,26,1.0578,19,149.71,True,3,0.3857,22.58,273.6,scenario_east_west_heavy,test,development,0.05
1635,1i,150.0,27,1.449,17,149.49,True,3,0.7947,22.58,273.6,scenario_east_west_heavy,test,development,0.05
1640,1i,150.0,27,0.538,20,145.86,True,3,0.013,22.58,273.6,scenario_east_west_heavy,test,development,0.05
1645,1i,150.0,28,0.1689,24,148.87,True,3,0.0002,22.58,273.6,scenario_east_west_heavy,test,development,0.05
1650,1i,150.0,30,0.6203,28,143.08,False,3,0.0007,22.58,273.6,scenario_east_west_heavy,test,development,0.05
1655,1i,150.0,31,0.8004,29,146.52,True,3,0.0431,22.58,273.33,scenario_east_west_heavy,test,development,0.05
1660,1i,150.0,31,0.1544,30,146.44,True,4,6.0608,22.58,407.46,scenario_east_west_heavy,test,development,0.05
1665,1i,150.0,32,0.466,31,146.44,True,4,3.1452,22.58,324.09,scenario_east_west_heavy,test,development,0.05
1670,1i,150.0,28,1.5665,25,146.44,True,4,0.4537,22.58,302.43,scenario_east_west_heavy,test,development,0.05
1675,1i,150.0,26,0.6791,25,146.44,True,4,0.2298,22.58,297.62,scenario_east_west_heavy,test,development,0.05
1680,1i,150.0,25,0.0,25,146.44,True,4,0.1432,22.58,294.06,scenario_east_west_heavy,test,development,0.05
1685,1i,150.0,26,0.6026,25,146.44,True,4,0.0119,22.58,292.44,scenario_east_west_heavy,test,development,0.05
1690,1i,150.0,27,1.5912,25,146.44,True,4,0.0012,22.58,292.35,scenario_east_west_heavy,test,development,0.05
1695,1i,150.0,26,0.5838,25,146.44,True,4,0.0,22.58,292.34,scenario_east_west_heavy,test,development,0.05
1700,1i,150.0,24,0.073,22,146.44,True,4,0.0,22.58,292.34,scenario_east_west_heavy,test,development,0.05
1705,1i,150.0,24,1.11,19,146.44,True,4,0.6018,11.3,292.34,scenario_east_west_heavy,test,development,0.05
1710,1i,150.0,25,1.8857,17,146.44,True,4,0.0063,8.02,292.34,scenario_east_west_heavy,test,development,0.05
1715,1i,150.0,25,0.968,18,146.44,True,4,0.1063,8.0,292.34,scenario_east_west_heavy,test,development,0.05
1720,1i,150.0,25,0.4103,19,146.44,True,4,0.4557,8.0,292.34,scenario_east_west_heavy,test,development,0.05
1725,1i,150.0,26,0.9443,20,146.23,True,4,0.0314,8.0,292.34,scenario_east_west_heavy,test,development,0.05
1730,1i,150.0,28,1.3651,20,101.38,False,4,0.0007,8.0,292.34,scenario_east_west_heavy,test,development,0.05
1735,1i,150.0,29,0.87,23,135.34,False,4,0.0,8.0,292.34,scenario_east_west_heavy,test,development,0.05
1740,1i,150.0,30,0.1451,26,136.58,False,4,0.0069,8.0,292.34,scenario_east_west_heavy,test,development,0.05
1745,1i,150.0,31,0.4802,30,147.14,True,4,0.2944,8.0,292.34,scenario_east_west_heavy,test,development,0.05
1750,1i,150.0,32,0.9253,30,146.87,True,4,0.1861,8.0,292.11,scenario_east_west_heavy,test,development,0.05
1755,1i,150.0,32,0.3917,31,146.87,True,4,0.4408,8.0,288.72,scenario_east_west_heavy,test,development,0.05
1760,1i,150.0,28,0.8586,25,146.87,True,4,0.2362,8.0,284.93,scenario_east_west_heavy,test,development,0.05
1765,1i,150.0,26,0.5591,25,146.87,True,4,0.0522,8.0,279.11,scenario_east_west_heavy,test,development,0.05
1770,1i,150.0,25,0.0,25,146.87,True,4,0.0255,8.0,278.05,scenario_east_west_heavy,test,development,0.05
1775,1i,150.0,26,0.6208,25,146.87,True,4,0.0052,8.0,277.79,scenario_east_west_heavy,test,development,0.05
1780,1i,150.0,27,1.0207,25,146.87,True,4,0.0002,8.0,277.76,scenario_east_west_heavy,test,development,0.05
1785,1i,150.0,27,0.5461,25,146.87,True,4,0.0,8.0,277.76,scenario_east_west_heavy,test,development,0.05
1790,1i,150.0,26,0.2285,24,146.87,True,4,0.6399,4.21,277.76,scenario_east_west_heavy,test,development,0.05
1795,1i,150.0,25,1.0477,21,146.87,True,3,0.0,68.43,277.76,scenario_east_west_heavy,test,development,0.05
1800,1i,150.0,26,1.5058,17,146.87,True,3,0.0752,68.07,277.76,scenario_east_west_heavy,test,development,0.05
1805,1i,150.0,26,1.0918,17,146.87,True,3,0.9768,60.35,277.76,scenario_east_west_heavy,test,development,0.05
1810,1i,150.0,27,1.4345,19,146.87,True,3,0.9548,48.36,277.76,scenario_east_west_heavy,test,development,0.05
1815,1i,150.0,27,0.7524,17,146.57,True,3,0.0513,44.8,277.76,scenario_east_west_heavy,test,development,0.05
1820,1i,150.0,29,0.9818,19,148.53,True,3,0.0001,44.72,277.76,scenario_east_west_heavy,test,development,0.05
1825,1i,150.0,29,0.6855,20,80.51,False,3,0.0016,44.72,277.76,scenario_east_west_heavy,test,development,0.05
1830,1i,150.0,30,0.2314,26,112.52,False,3,0.1011,44.72,277.76,scenario_east_west_heavy,test,development,0.05
1835,1i,150.0,31,0.413,29,127.47,False,3,0.2705,44.72,277.61,scenario_east_west_heavy,test,development,0.05
1840,1i,150.0,32,0.6935,30,139.91,False,3,0.4887,44.72,275.96,scenario_east_west_heavy,test,development,0.05
1845,1i,150.0,32,0.1982,30,139.87,False,3,0.8038,44.72,271.35,scenario_east_west_heavy,test,development,0.05
1850,1i,150.0,29,0.4475,25,139.87,False,3,0.9477,44.72,264.9,scenario_east_west_heavy,test,development,0.05
1855,1i,150.0,26,0.6357,24,139.86,False,4,6.3366,44.72,409.85,scenario_east_west_heavy,test,development,0.05
1860,1i,150.0,26,1.0927,24,139.86,False,4,6.1978,44.72,289.07,scenario_east_west_heavy,test,development,0.05
1865,1i,150.0,25,0.2911,24,139.86,False,4,6.1658,44.72,254.07,scenario_east_west_heavy,test,development,0.05
1870,1i,150.0,25,0.8276,24,139.86,False,4,5.1726,44.72,254.05,scenario_east_west_heavy,test,development,0.05
1875,1i,150.0,25,0.7192,24,139.86,False,3,0.0,44.72,254.05,scenario_east_west_heavy,test,development,0.05
1880,1i,150.0,23,0.6812,21,139.86,False,3,0.0,44.72,254.05,scenario_east_west_heavy,test,development,0.05
1885,1i,150.0,23,1.881,17,139.86,False,3,0.0,44.72,254.05,scenario_east_west_heavy,test,development,0.05
1890,1i,150.0,23,1.1956,16,139.86,False,3,1.0261,32.83,254.05,scenario_east_west_heavy,test,development,0.05
1895,1i,150.0,24,1.1384,17,139.86,False,3,0.1146,24.7,254.05,scenario_east_west_heavy,test,development,0.05
1900,1i,150.0,24,0.88,15,139.86,False,3,0.0053,24.01,254.05,scenario_east_west_heavy,test,development,0.05
1905,1i,150.0,25,1.6901,15,138.52,False,3,0.0,24.01,254.05,scenario_east_west_heavy,test,development,0.05
1910,1i,150.0,26,1.0113,17,134.57,False,3,0.0001,24.01,254.05,scenario_east_west_heavy,test,development,0.05
1915,1i,150.0,27,0.7724,21,98.77,False,4,5.8753,24.01,383.78,scenario_east_west_heavy,test,development,0.05
1920,1i,150.0,27,0.3729,24,106.5,False,4,6.273,24.01,262.66,scenario_east_west_heavy,test,development,0.05
1925,1i,150.0,29,0.8745,26,133.21,False,4,6.6784,24.01,252.5,scenario_east_west_heavy,test,development,0.05
1930,1i,150.0,30,1.0519,28,145.9,True,4,4.4143,24.01,249.38,scenario_east_west_heavy,test,development,0.05
1935,1i,150.0,30,0.5422,28,145.9,True,4,1.0756,9.17,242.99,scenario_east_west_heavy,test,development,0.05
1940,1i,150.0,25,0.1592,23,145.9,True,3,0.2327,24.01,236.17,scenario_east_west_heavy,test,development,0.05
1945,1i,150.0,25,1.2352,23,145.9,True,3,0.0306,24.01,233.62,scenario_east_west_heavy,test,development,0.05
1950,1i,150.0,25,1.2592,23,145.9,True,3,0.001,24.01,233.34,scenario_east_west_heavy,test,development,0.05
1955,1i,150.0,25,1.2964,23,145.9,True,3,0.0001,24.01,233.34,scenario_east_west_heavy,test,development,0.05
1960,1i,150.0,25,0.3908,23,145.9,True,3,0.0,24.01,233.34,scenario_east_west_heavy,test,development,0.05
1965,1i,150.0,25,0.0001,25,145.9,True,3,0.0,24.01,233.34,scenario_east_west_heavy,test,development,0.05
1970,1i,150.0,25,1.4992,22,145.9,True,4,5.9153,24.01,456.64,scenario_east_west_heavy,test,development,0.05
1975,1i,150.0,24,1.4331,18,145.9,True,4,3.3856,21.17,369.58,scenario_east_west_heavy,test,development,0.05
1980,1i,150.0,24,0.5483,17,145.9,True,4,0.0659,16.05,347.22,scenario_east_west_heavy,test,development,0.05
1985,1i,150.0,24,0.2297,20,145.9,True,4,0.0002,16.0,347.18,scenario_east_west_heavy,test,development,0.05
1990,1i,150.0,26,1.6746,19,145.9,True,4,0.0,16.0,347.18,scenario_east_west_heavy,test,development,0.05
1995,1i,150.0,26,0.8806,20,144.92,False,4,0.0,16.0,347.18,scenario_east_west_heavy,test,development,0.05
2000,1i,150.0,27,0.1279,25,126.58,False,4,0.0096,16.0,347.18,scenario_east_west_heavy,test,development,0.05
2005,1i,150.0,27,0.0186,27,145.46,True,4,0.1955,16.0,347.18,scenario_east_west_heavy,test,development,0.05
2010,1i,150.0,29,1.1278,27,144.92,False,4,0.3013,16.0,347.18,scenario_east_west_heavy,test,development,0.05
2015,1i,150.0,29,0.6747,27,144.9,False,4,0.1194,16.0,347.18,scenario_east_west_heavy,test,development,0.05
2020,1i,150.0,29,0.0188,29,144.9,False,4,0.1136,16.0,347.18,scenario_east_west_heavy,test,development,0.05
2025,1i,150.0,30,0.6684,29,144.9,False,4,0.0278,16.0,347.16,scenario_east_west_heavy,test,development,0.05
2030,1i,150.0,28,1.5422,22,144.9,False,4,0.0811,16.0,346.57,scenario_east_west_heavy,test,development,0.05
2035,1i,150.0,24,0.8317,22,144.9,False,4,0.2408,16.0,343.61,scenario_east_west_heavy,test,development,0.05
2040,1i,150.0,22,0.0,22,144.9,False,4,0.1952,16.0,340.89,scenario_east_west_heavy,test,development,0.05
2045,1i,150.0,23,0.6109,22,144.9,False,4,0.0423,16.0,339.43,scenario_east_west_heavy,test,development,0.05
2050,1i,150.0,24,1.4755,22,144.9,False,4,0.0044,16.0,339.21,scenario_east_west_heavy,test,development,0.05
2055,1i,150.0,24,0.51,22,144.9,False,4,0.0005,16.0,339.18,scenario_east_west_heavy,test,development,0.05
2060,1i,150.0,22,0.1008,21,144.9,False,4,0.0,16.0,339.18,scenario_east_west_heavy,test,development,0.05
2065,1i,150.0,22,1.0835,17,144.9,False,4,0.0169,0.6,339.18,scenario_east_west_heavy,test,development,0.05
2070,1i,150.0,23,1.7158,16,144.9,False,4,0.0,0.6,339.18,scenario_east_west_heavy,test,development,0.05
2075,1i,150.0,23,1.0118,15,144.9,False,4,0.0,0.6,339.18,scenario_east_west_heavy,test,development,0.05
2080,1i,150.0,23,0.5479,16,144.84,False,4,0.0001,0.6,339.18,scenario_east_west_heavy,test,development,0.05
2085,1i,150.0,25,1.5816,16,68.19,False,4,0.0002,0.6,339.18,scenario_east_west_heavy,test,development,0.05
2090,1i,150.0,27,0.9383,20,96.65,False,4,0.0561,0.6,339.18,scenario_east_west_heavy,test,development,0.05
2095,1i,150.0,27,0.3394,25,143.2,False,4,0.3083,0.6,339.18,scenario_east_west_heavy,test,development,0.05
2100,1i,150.0,28,0.1208,27,147.85,True,4,0.4927,0.6,339.18,scenario_east_west_heavy,test,development,0.05
2105,1i,150.0,30,1.0099,28,147.5,True,4,0.624,0.6,338.52,scenario_east_west_heavy,test,development,0.05
2110,1i,150.0,31,0.9827,28,147.5,True,4,0.412,0.6,333.23,scenario_east_west_heavy,test,development,0.05
2115,1i,150.0,31,0.2297,30,147.5,True,4,0.1643,0.6,330.29,scenario_east_west_heavy,test,development,0.05
2120,1i,150.0,29,1.3488,24,147.5,True,4,0.2303,0.6,327.44,scenario_east_west_heavy,test,development,0.05
2125,1i,150.0,28,1.9083,22,147.5,True,4,0.3171,0.6,322.23,scenario_east_west_heavy,test,development,0.05
2130,1i,150.0,26,0.6248,23,147.5,True,4,0.1331,0.6,317.08,scenario_east_west_heavy,test,development,0.05
2135,1i,150.0,25,0.0001,25,147.5,True,4,0.0073,0.6,315.83,scenario_east_west_heavy,test,development,0.05
2140,1i,150.0,26,0.6051,25,147.5,True,4,0.001,0.6,315.77,scenario_east_west_heavy,test,development,0.05
2145,1i,150.0,27,0.8996,25,147.5,True,4,0.0,0.6,315.77,scenario_east_west_heavy,test,development,0.05
2150,1i,150.0,25,0.4774,23,147.5,True,3,0.0,176.92,315.77,scenario_east_west_heavy,test,development,0.05
2155,1i,150.0,24,0.6106,18,147.5,True,3,0.0,176.92,315.77,scenario_east_west_heavy,test,development,0.05
2160,1i,150.0,26,1.7028,18,147.5,True,3,0.0,176.92,315.77,scenario_east_west_heavy,test,development,0.05
2165,1i,150.0,26,1.2297,18,147.5,True,3,0.0,176.92,315.77,scenario_east_west_heavy,test,development,0.05
2170,1i,150.0,26,0.373,19,147.5,True,3,0.0,176.92,315.77,scenario_east_west_heavy,test,development,0.05
2175,1i,150.0,26,0.3057,20,146.71,True,3,0.0081,176.86,315.77,scenario_east_west_heavy,test,development,0.05
2180,1i,150.0,28,0.7012,24,148.24,True,3,0.1913,175.1,315.77,scenario_east_west_heavy,test,development,0.05
2185,1i,150.0,29,0.8428,25,128.89,False,3,0.3344,171.49,315.77,scenario_east_west_heavy,test,development,0.05
2190,1i,150.0,29,0.4216,27,139.44,False,3,0.3506,166.23,315.77,scenario_east_west_heavy,test,development,0.05
2195,1i,150.0,29,0.1417,28,139.2,False,3,0.2018,164.71,315.77,scenario_east_west_heavy,test,development,0.05
2200,1i,150.0,31,1.0007,29,139.19,False,3,0.1592,164.62,315.55,scenario_east_west_heavy,test,development,0.05
2205,1i,150.0,31,0.3418,29,139.19,False,3,0.1125,164.61,314.31,scenario_east_west_heavy,test,development,0.05
2210,1i,150.0,27,0.4148,23,139.19,False,3,0.2925,164.61,310.38,scenario_east_west_heavy,test,development,0.05
2215,1i,150.0,25,1.0765,22,139.19,False,3,0.3326,164.61,305.9,scenario_east_west_heavy,test,development,0.05
2220,1i,150.0,24,1.4064,22,139.19,False,3,0.1516,164.61,303.68,scenario_east_west_heavy,test,development,0.05
2225,1i,150.0,23,0.468,22,139.19,False,4,6.615,164.61,402.34,scenario_east_west_heavy,test,development,0.05
2230,1i,150.0,22,0.0,22,139.19,False,4,6.2224,164.61,303.47,scenario_east_west_heavy,test,development,0.05
2235,1i,150.0,23,0.7803,22,139.19,False,4,4.8918,164.61,303.46,scenario_east_west_heavy,test,development,0.05
2240,1i,150.0,22,1.5565,19,139.19,False,4,4.6514,72.39,303.46,scenario_east_west_heavy,test,development,0.05
2245,1i,150.0,21,0.9331,15,139.19,False,4,2.0013,8.31,303.46,scenario_east_west_heavy,test,development,0.05
2250,1i,150.0,21,0.4712,16,139.19,False,4,0.0,1.0,303.46,scenario_east_west_heavy,test,development,0.05
2255,1i,150.0,23,2.1763,16,139.19,False,4,0.0,1.0,303.46,scenario_east_west_heavy,test,development,0.05
2260,1i,150.0,23,1.5587,15,139.1,False,4,0.0,1.0,303.46,scenario_east_west_heavy,test,development,0.05
2265,1i,150.0,24,0.6586,17,149.97,True,4,0.1211,1.0,303.46,scenario_east_west_heavy,test,development,0.05
2270,1i,150.0,24,0.2743,19,102.08,False,4,0.3908,1.0,303.46,scenario_east_west_heavy,test,development,0.05
2275,1i,150.0,26,1.3999,24,137.4,False,4,0.5045,1.0,303.46,scenario_east_west_heavy,test,development,0.05
2280,1i,150.0,27,0.862,25,149.38,True,4,0.3846,1.0,303.46,scenario_east_west_heavy,test,development,0.05
2285,1i,150.0,27,0.1589,25,149.34,True,4,0.121,1.0,303.41,scenario_east_west_heavy,test,development,0.05
2290,1i,150.0,28,0.5239,27,149.34,True,4,0.0525,1.0,302.29,scenario_east_west_heavy,test,development,0.05
2295,1i,150.0,29,0.9739,27,149.34,True,4,0.244,1.0,298.12,scenario_east_west_heavy,test,development,0.05
2300,1i,150.0,24,1.1379,21,149.34,True,3,0.1927,149.34,291.93,scenario_east_west_heavy,test,development,0.05
2305,1i,150.0,22,0.4189,21,149.34,True,3,0.2057,149.34,288.57,scenario_east_west_heavy,test,development,0.05
2310,1i,150.0,22,0.8311,21,149.34,True,3,0.004,149.34,288.22,scenario_east_west_heavy,test,development,0.05
2315,1i,150.0,23,1.6838,21,149.34,True,3,0.0003,149.34,288.19,scenario_east_west_heavy,test,development,0.05
2320,1i,150.0,22,0.6468,21,149.34,True,3,0.0,149.34,288.19,scenario_east_west_heavy,test,development,0.05
2325,1i,150.0,21,0.0,21,149.34,True,3,0.0,149.34,288.19,scenario_east_west_heavy,test,development,0.05
2330,1i,150.0,20,0.8584,18,149.34,True,3,0.0,149.34,288.19,scenario_east_west_heavy,test,development,0.05
2335,1i,150.0,20,2.142,14,149.34,True,3,0.0,149.34,288.19,scenario_east_west_heavy,test,development,0.05
2340,1i,150.0,20,0.9067,12,149.34,True,3,0.0,149.34,288.19,scenario_east_west_heavy,test,development,0.05
2345,1i,150.0,20,0.381,17,149.34,True,3,0.0,149.34,288.19,scenario_east_west_heavy,test,development,0.05
2350,1i,150.0,21,1.2326,15,149.12,True,4,4.6787,149.12,392.4,scenario_east_west_heavy,test,development,0.05
2355,1i,150.0,22,1.5969,17,145.76,True,4,3.9255,145.76,309.48,scenario_east_west_heavy,test,development,0.05
2360,1i,150.0,23,0.6243,19,112.5,False,4,4.7485,139.26,288.19,scenario_east_west_heavy,test,development,0.05
2365,1i,150.0,25,0.7602,24,149.14,True,4,5.184,137.64,288.19,scenario_east_west_heavy,test,development,0.05
2370,1i,150.0,25,0.6247,24,148.62,True,4,3.9966,60.66,288.16,scenario_east_west_heavy,test,development,0.05
2375,1i,150.0,26,0.9929,24,148.61,True,4,1.055,14.15,287.19,scenario_east_west_heavy,test,development,0.05
2380,1i,150.0,26,0.3579,25,148.61,True,4,0.132,12.01,283.98,scenario_east_west_heavy,test,development,0.05
2385,1i,150.0,27,0.6412,26,148.61,True,4,0.2667,12.0,279.22,scenario_east_west_heavy,test,development,0.05
2390,1i,150.0,23,1.1203,20,148.61,True,4,1.5644,1.1,276.67,scenario_east_west_heavy,test,development,0.05
2395,1i,150.0,21,0.9085,20,148.61,True,3,0.0044,137.61,276.47,scenario_east_west_heavy,test,development,0.05
2400,1i,150.0,20,0.0,20,148.61,True,3,0.0002,137.61,276.46,scenario_east_west_heavy,test,development,0.05
2405,1i,150.0,21,0.8197,20,148.61,True,3,0.0,137.61,276.46,scenario_east_west_heavy,test,development,0.05
2410,1i,150.0,21,0.9221,20,148.61,True,3,0.0,137.61,276.46,scenario_east_west_heavy,test,development,0.05
2415,1i,150.0,21,0.8977,20,148.61,True,3,0.0,137.61,276.46,scenario_east_west_heavy,test,development,0.05
2420,1i,150.0,20,1.1076,17,148.61,True,4,5.9582,137.61,408.98,scenario_east_west_heavy,test,development,0.05
2425,1i,150.0,20,1.7822,14,148.61,True,4,6.1508,137.61,288.05,scenario_east_west_heavy,test,development,0.05
2430,1i,150.0,20,1.2958,13,148.61,True,4,5.8345,137.61,276.46,scenario_east_west_heavy,test,development,0.05
2435,1i,150.0,21,1.4896,13,148.61,True,4,4.1896,62.1,276.46,scenario_east_west_heavy,test,development,0.05
2440,1i,150.0,21,0.8259,13,148.25,True,4,1.1933,16.33,276.46,scenario_east_west_heavy,test,development,0.05
2445,1i,150.0,23,1.1601,15,81.79,False,4,0.3555,15.04,276.46,scenario_east_west_heavy,test,development,0.05
2450,1i,150.0,25,1.6313,17,92.52,False,4,0.6872,15.04,276.46,scenario_east_west_heavy,test,development,0.05
2455,1i,150.0,25,0.5786,23,133.91,False,4,0.2698,15.04,276.46,scenario_east_west_heavy,test,development,0.05
2460,1i,150.0,26,0.0201,25,147.1,True,4,0.1931,15.04,276.2,scenario_east_west_heavy,test,development,0.05
2465,1i,150.0,28,1.1351,26,146.9,True,4,0.1026,15.04,274.35,scenario_east_west_heavy,test,development,0.05
2470,1i,150.0,29,1.0162,26,146.9,True,4,0.3131,15.04,268.31,scenario_east_west_heavy,test,development,0.05
2475,1i,150.0,32,1.7455,28,146.9,True,4,0.3598,15.04,261.17,scenario_east_west_heavy,test,development,0.05
2480,1i,150.0,30,1.9602,22,146.9,True,4,0.7832,8.13,257.14,scenario_east_west_heavy,test,development,0.05
2485,1i,150.0,27,0.7942,22,146.9,True,3,0.0084,117.9,256.78,scenario_east_west_heavy,test,development,0.05
2490,1i,150.0,27,1.2472,23,146.9,True,3,0.0004,117.9,256.75,scenario_east_west_heavy,test,development,0.05
2495,1i,150.0,27,0.5917,25,146.9,True,3,0.0,117.9,256.75,scenario_east_west_heavy,test,development,0.05
2500,1i,150.0,27,0.5823,26,146.9,True,3,0.0,117.9,256.75,scenario_east_west_heavy,test,development,0.05
2505,1i,150.0,27,0.3171,26,146.9,True,3,0.0,117.9,256.75,scenario_east_west_heavy,test,development,0.05
2510,1i,150.0,26,0.8661,22,146.9,True,3,0.0,117.9,256.75,scenario_east_west_heavy,test,development,0.05
2515,1i,150.0,25,0.6511,22,146.9,True,3,0.0,117.9,256.75,scenario_east_west_heavy,test,development,0.05
2520,1i,150.0,26,0.62,25,146.9,True,3,0.0,117.9,256.75,scenario_east_west_heavy,test,development,0.05
2525,1i,150.0,26,0.3005,24,146.9,True,3,0.0,117.9,256.75,scenario_east_west_heavy,test,development,0.05
2530,1i,150.0,27,1.0712,24,146.9,True,3,0.1536,116.97,256.75,scenario_east_west_heavy,test,development,0.05
2535,1i,150.0,27,0.6346,26,146.51,True,3,0.074,116.14,256.75,scenario_east_west_heavy,test,development,0.05
2540,1i,150.0,29,0.5891,27,149.54,True,3,0.1536,115.21,256.75,scenario_east_west_heavy,test,development,0.05
2545,1i,150.0,29,0.137,28,148.83,True,3,0.0755,113.96,256.75,scenario_east_west_heavy,test,development,0.05
2550,1i,150.0,30,0.5563,29,147.52,True,3,0.0788,113.9,256.67,scenario_east_west_heavy,test,development,0.05
2555,1i,150.0,31,0.762,29,146.93,True,3,0.0713,113.9,255.84,scenario_east_west_heavy,test,development,0.05
2560,1i,150.0,31,0.3409,30,146.9,True,3,0.0369,113.9,255.06,scenario_east_west_heavy,test,development,0.05
2565,1i,150.0,31,0.0987,30,146.9,True,3,0.1075,113.9,253.98,scenario_east_west_heavy,test,development,0.05
2570,1i,150.0,30,0.7147,28,146.9,True,3,0.0228,113.9,253.02,scenario_east_west_heavy,test,development,0.05
2575,1i,150.0,30,0.9222,28,146.9,True,4,6.6653,113.9,429.08,scenario_east_west_heavy,test,development,0.05
2580,1i,150.0,29,0.27,28,146.9,True,4,6.6598,113.9,293.7,scenario_east_west_heavy,test,development,0.05
2585,1i,150.0,29,0.0343,28,146.9,True,4,6.1669,113.9,252.75,scenario_east_west_heavy,test,development,0.05
2590,1i,150.0,30,0.5347,29,146.9,True,4,4.0105,68.46,252.75,scenario_east_west_heavy,test,development,0.05
2595,1i,150.0,31,0.6664,29,146.9,True,4,1.7212,6.04,252.75,scenario_east_west_heavy,test,development,0.05
2600,1i,150.0,29,0.0869,27,146.9,True,4,0.0,1.0,252.75,scenario_east_west_heavy,test,development,0.05
2605,1i,150.0,28,0.3747,21,146.9,True,4,0.0,1.0,252.75,scenario_east_west_heavy,test,development,0.05
2610,1i,150.0,29,0.9709,20,146.9,True,4,0.0,1.0,252.75,scenario_east_west_heavy,test,development,0.05
2615,1i,150.0,30,0.8739,24,146.9,True,4,0.0741,1.0,252.75,scenario_east_west_heavy,test,development,0.05
2620,1i,150.0,30,0.1993,28,146.86,True,4,0.2481,1.0,252.75,scenario_east_west_heavy,test,development,0.05
2625,1i,150.0,30,0.1477,28,145.27,True,4,0.2553,1.0,252.75,scenario_east_west_heavy,test,development,0.05
2630,1i,150.0,33,1.1268,30,141.63,False,4,0.1222,1.0,252.75,scenario_east_west_heavy,test,development,0.05
2635,1i,150.0,34,0.5891,32,148.46,True,4,0.0224,1.0,252.72,scenario_east_west_heavy,test,development,0.05
2640,1i,150.0,34,0.0157,33,147.92,True,4,0.0366,1.0,252.19,scenario_east_west_heavy,test,development,0.05
2645,1i,150.0,34,0.0001,34,147.9,True,4,0.1845,1.0,248.96,scenario_east_west_heavy,test,development,0.05
2650,1i,150.0,36,0.9195,34,147.9,True,4,0.1489,1.0,246.72,scenario_east_west_heavy,test,development,0.05
2655,1i,150.0,36,0.6599,34,147.9,True,4,0.0043,1.0,245.81,scenario_east_west_heavy,test,development,0.05
2660,1i,150.0,32,0.6279,27,147.9,True,3,0.0013,106.89,245.75,scenario_east_west_heavy,test,development,0.05
2665,1i,150.0,28,0.6341,24,147.9,True,3,0.0,106.89,245.74,scenario_east_west_heavy,test,development,0.05
2670,1i,150.0,28,2.3101,22,147.9,True,4,5.3767,106.89,434.49,scenario_east_west_heavy,test,development,0.05
2675,1i,150.0,25,1.4477,22,147.9,True,4,4.817,106.89,344.66,scenario_east_west_heavy,test,development,0.05
2680,1i,150.0,23,0.3991,22,147.9,True,4,4.0826,106.89,256.91,scenario_east_west_heavy,test,development,0.05
2685,1i,150.0,22,0.0,22,147.9,True,4,4.3292,106.89,245.74,scenario_east_west_heavy,test,development,0.05
2690,1i,150.0,22,1.5881,19,147.9,True,4,3.592,90.75,245.74,scenario_east_west_heavy,test,development,0.05
2695,1i,150.0,21,1.5506,15,147.9,True,4,2.7766,17.48,245.74,scenario_east_west_heavy,test,development,0.05
2700,1i,150.0,21,0.4735,16,147.9,True,4,0.0,1.0,245.74,scenario_east_west_heavy,test,development,0.05
2705,1i,150.0,22,1.1506,18,147.9,True,4,0.2472,1.0,245.74,scenario_east_west_heavy,test,development,0.05
2710,1i,150.0,23,1.8547,15,147.88,True,4,0.3016,1.0,245.74,scenario_east_west_heavy,test,development,0.05
2715,1i,150.0,23,1.0258,15,106.2,False,4,0.3375,1.0,245.74,scenario_east_west_heavy,test,development,0.05
2720,1i,150.0,24,0.4515,20,128.33,False,4,0.0941,1.0,245.74,scenario_east_west_heavy,test,development,0.05
2725,1i,150.0,25,0.8099,23,143.19,False,4,0.0286,1.0,245.56,scenario_east_west_heavy,test,development,0.05
2730,1i,150.0,26,1.284,24,142.91,False,4,0.2384,1.0,242.78,scenario_east_west_heavy,test,development,0.05
2735,1i,150.0,26,0.2952,24,142.9,False,4,0.239,1.0,237.1,scenario_east_west_heavy,test,development,0.05
2740,1i,150.0,26,0.0,26,142.9,False,4,0.0394,1.0,234.01,scenario_east_west_heavy,test,development,0.05
2745,1i,150.0,28,1.2088,26,142.9,False,4,0.0015,1.0,233.75,scenario_east_west_heavy,test,development,0.05
2750,1i,150.0,24,1.3431,20,142.9,False,3,0.0001,94.89,233.74,scenario_east_west_heavy,test,development,0.05
2755,1i,150.0,21,0.3529,20,142.9,False,3,0.0,94.89,233.74,scenario_east_west_heavy,test,development,0.05
2760,1i,150.0,20,0.0,20,142.9,False,3,0.0,94.89,233.74,scenario_east_west_heavy,test,development,0.05
2765,1i,150.0,22,1.5353,20,142.9,False,3,0.0,94.89,233.74,scenario_east_west_heavy,test,development,0.05
2770,1i,150.0,22,1.5579,20,142.9,False,3,0.0,94.89,233.74,scenario_east_west_heavy,test,development,0.05
2775,1i,150.0,20,0.0,20,142.9,False,3,0.0,94.89,233.74,scenario_east_west_heavy,test,development,0.05
2780,1i,150.0,19,0.1236,18,142.9,False,3,0.0,94.89,233.74,scenario_east_west_heavy,test,development,0.05
2785,1i,150.0,20,2.5483,14,142.9,False,4,3.8205,94.89,402.37,scenario_east_west_heavy,test,development,0.05
2790,1i,150.0,20,2.006,12,142.9,False,4,4.0187,93.91,321.04,scenario_east_west_heavy,test,development,0.05
2795,1i,150.0,20,0.8563,13,142.9,False,4,5.3944,84.08,233.74,scenario_east_west_heavy,test,development,0.05
2800,1i,150.0,21,1.6898,12,142.44,False,4,5.0207,71.82,233.74,scenario_east_west_heavy,test,development,0.05
2805,1i,150.0,22,2.4529,12,75.51,False,4,5.4876,59.72,233.74,scenario_east_west_heavy,test,development,0.05
2810,1i,150.0,23,1.1159,15,90.31,False,4,1.6106,9.44,233.7,scenario_east_west_heavy,test,development,0.05
2815,1i,150.0,24,0.2976,20,105.26,False,4,0.1399,5.01,232.18,scenario_east_west_heavy,test,development,0.05
2820,1i,150.0,27,0.777,24,133.11,False,4,0.1912,5.0,227.6,scenario_east_west_heavy,test,development,0.05
2825,1i,150.0,28,1.209,26,143.93,False,4,0.4452,5.0,219.27,scenario_east_west_heavy,test,development,0.05
2830,1i,150.0,29,1.0144,26,143.87,False,5,3.4525,5.0,399.88,scenario_east_west_heavy,test,development,0.05
2835,1i,150.0,29,0.5308,28,143.86,False,5,3.7428,5.0,312.94,scenario_east_west_heavy,test,development,0.05
2840,1i,150.0,26,1.6289,22,143.86,False,4,3.728,68.14,230.2,scenario_east_west_heavy,test,development,0.05
2845,1i,150.0,28,2.4462,23,143.86,False,4,4.1292,68.14,206.99,scenario_east_west_heavy,test,development,0.05
2850,1i,150.0,30,2.0032,24,143.86,False,4,4.8308,63.05,206.99,scenario_east_west_heavy,test,development,0.05
2855,1i,150.0,30,0.522,27,143.86,False,4,1.9875,0.76,206.99,scenario_east_west_heavy,test,development,0.05
2860,1i,150.0,31,1.1622,29,143.86,False,3,0.0,68.14,206.99,scenario_east_west_heavy,test,development,0.05
2865,1i,150.0,31,0.6696,29,143.86,False,3,0.0,68.14,206.99,scenario_east_west_heavy,test,development,0.05
2870,1i,150.0,30,0.2895,27,143.86,False,3,0.0,68.14,206.99,scenario_east_west_heavy,test,development,0.05
2875,1i,150.0,28,0.4351,23,143.86,False,3,0.0,68.14,206.99,scenario_east_west_heavy,test,development,0.05
2880,1i,150.0,30,1.4463,24,143.86,False,3,0.3002,67.08,206.99,scenario_east_west_heavy,test,development,0.05
2885,1i,150.0,30,0.8,24,143.86,False,3,0.3902,62.56,206.99,scenario_east_west_heavy,test,development,0.05
2890,1i,150.0,30,0.2714,27,143.86,False,3,0.451,59.9,206.99,scenario_east_west_heavy,test,development,0.05
2895,1i,150.0,31,1.1041,25,143.66,False,3,0.2387,59.43,206.99,scenario_east_west_heavy,test,development,0.05
2900,1i,150.0,32,1.0195,27,140.5,False,3,0.0488,59.31,206.97,scenario_east_west_heavy,test,development,0.05
2905,1i,150.0,32,0.5643,29,136.99,False,3,0.099,59.22,205.84,scenario_east_west_heavy,test,development,0.05
2910,1i,150.0,33,0.297,29,149.69,True,3,0.2139,57.95,201.96,scenario_east_west_heavy,test,development,0.05
2915,1i,150.0,34,0.5835,33,149.17,True,4,6.1131,57.94,433.17,scenario_east_west_heavy,test,development,0.05
2920,1i,150.0,35,0.7288,33,149.02,True,4,3.6678,57.94,347.13,scenario_east_west_heavy,test,development,0.05
2925,1i,150.0,35,0.2648,34,147.99,True,4,4.3794,57.94,262.01,scenario_east_west_heavy,test,development,0.05
2930,1i,150.0,32,0.0978,31,147.73,True,4,3.7846,57.94,197.5,scenario_east_west_heavy,test,development,0.05
2935,1i,150.0,32,0.5586,31,147.71,True,4,4.4722,57.94,196.83,scenario_east_west_heavy,test,development,0.05
2940,1i,150.0,33,0.6251,31,147.7,True,4,1.2891,47.8,196.8,scenario_east_west_heavy,test,development,0.05
2945,1i,150.0,33,0.3349,32,147.7,True,4,0.0116,44.2,196.79,scenario_east_west_heavy,test,development,0.05
2950,1i,150.0,32,0.0,32,147.7,True,4,0.0,44.18,196.79,scenario_east_west_heavy,test,development,0.05
2955,1i,150.0,33,0.4904,32,147.7,True,4,0.0,44.18,196.79,scenario_east_west_heavy,test,development,0.05
2960,1i,150.0,32,0.6235,30,147.7,True,4,0.0,44.18,196.79,scenario_east_west_heavy,test,development,0.05
2965,1i,150.0,30,0.6598,25,147.7,True,4,0.0,44.18,196.79,scenario_east_west_heavy,test,development,0.05
2970,1i,150.0,30,0.8059,21,147.7,True,4,0.4708,42.31,196.79,scenario_east_west_heavy,test,development,0.05
2975,1i,150.0,31,0.7899,23,147.7,True,4,0.591,41.0,196.79,scenario_east_west_heavy,test,development,0.05
2980,1i,150.0,32,0.8672,29,147.7,True,4,0.4979,32.69,196.79,scenario_east_west_heavy,test,development,0.05
2985,1i,150.0,32,0.3795,30,147.59,True,4,0.2303,31.01,196.79,scenario_east_west_heavy,test,development,0.05
2990,1i,150.0,33,0.5699,31,146.93,True,4,0.0386,31.01,196.73,scenario_east_west_heavy,test,development,0.05
2995,1i,150.0,34,1.06,32,144.12,False,4,0.0701,31.01,196.28,scenario_east_west_heavy,test,development,0.05
3000,1i,150.0,34,0.4534,33,142.49,False,4,0.1348,31.01,194.46,scenario_east_west_heavy,test,development,0.05
3005,1i,150.0,34,0.0965,33,142.2,False,4,0.0617,31.01,192.02,scenario_east_west_heavy,test,development,0.05
3010,1i,150.0,35,0.497,34,142.19,False,4,0.0117,31.01,191.32,scenario_east_west_heavy,test,development,0.05
3015,1i,150.0,35,0.2464,34,142.19,False,4,0.0003,31.01,191.28,scenario_east_west_heavy,test,development,0.05
3020,1i,150.0,30,0.6858,28,142.19,False,4,0.0,31.01,191.28,scenario_east_west_heavy,test,development,0.05
3025,1i,150.0,28,0.9347,24,142.19,False,4,1.2755,19.91,191.28,scenario_east_west_heavy,test,development,0.05
3030,1i,150.0,25,1.0668,22,142.19,False,3,0.0,52.43,191.28,scenario_east_west_heavy,test,development,0.05
3035,1i,150.0,24,1.6804,22,142.19,False,3,0.0,52.43,191.28,scenario_east_west_heavy,test,development,0.05
3040,1i,150.0,23,0.5609,22,142.19,False,3,0.0,52.43,191.28,scenario_east_west_heavy,test,development,0.05
3045,1i,150.0,22,0.0,22,142.19,False,3,0.0,52.43,191.28,scenario_east_west_heavy,test,development,0.05
3050,1i,150.0,21,0.8949,19,142.19,False,3,0.0,52.43,191.28,scenario_east_west_heavy,test,development,0.05
3055,1i,150.0,21,1.8477,15,142.19,False,3,0.2575,51.66,191.28,scenario_east_west_heavy,test,development,0.05
3060,1i,150.0,21,1.268,15,142.19,False,3,0.9366,39.85,191.28,scenario_east_west_heavy,test,development,0.05
3065,1i,150.0,22,1.3065,14,142.19,False,3,0.9603,37.46,191.28,scenario_east_west_heavy,test,development,0.05
3070,1i,150.0,22,1.1344,15,142.16,False,3,0.3819,37.43,191.28,scenario_east_west_heavy,test,development,0.05
3075,1i,150.0,22,0.6868,15,78.96,False,3,0.0236,37.43,191.27,scenario_east_west_heavy,test,development,0.05
3080,1i,150.0,24,0.961,20,110.57,False,3,0.2883,37.43,189.58,scenario_east_west_heavy,test,development,0.05
3085,1i,150.0,25,1.0441,22,127.57,False,3,0.4133,37.43,184.32,scenario_east_west_heavy,test,development,0.05
3090,1i,150.0,26,0.7192,24,148.3,True,3,0.2665,37.43,178.78,scenario_east_west_heavy,test,development,0.05
3095,1i,150.0,27,0.9314,25,148.23,True,3,0.0411,37.43,176.4,scenario_east_west_heavy,test,development,0.05
3100,1i,150.0,27,0.2946,26,148.23,True,3,0.0009,37.43,176.28,scenario_east_west_heavy,test,development,0.05
3105,1i,150.0,28,0.5112,27,148.23,True,3,0.0,37.43,176.28,scenario_east_west_heavy,test,development,0.05
3110,1i,150.0,24,1.5053,21,148.23,True,3,0.0,37.43,176.27,scenario_east_west_heavy,test,development,0.05
3115,1i,150.0,24,1.6241,21,148.23,True,3,0.0,37.43,176.27,scenario_east_west_heavy,test,development,0.05
3120,1i,150.0,27,2.621,21,148.23,True,3,0.0,37.43,176.27,scenario_east_west_heavy,test,development,0.05
3125,1i,150.0,28,1.5487,23,148.23,True,3,0.0,37.43,176.27,scenario_east_west_heavy,test,development,0.05
3130,1i,150.0,27,0.2798,26,148.23,True,3,0.0,37.43,176.27,scenario_east_west_heavy,test,development,0.05
3135,1i,150.0,28,0.6278,27,148.23,True,3,0.0,37.43,176.27,scenario_east_west_heavy,test,development,0.05
3140,1i,150.0,28,1.1797,22,148.23,True,4,6.9425,37.43,483.3,scenario_east_west_heavy,test,development,0.05
3145,1i,150.0,26,0.6234,23,148.23,True,4,3.9848,37.43,375.6,scenario_east_west_heavy,test,development,0.05
3150,1i,150.0,26,0.1797,25,148.23,True,4,5.0703,35.48,285.25,scenario_east_west_heavy,test,development,0.05
3155,1i,150.0,27,0.72,26,148.23,True,4,4.241,34.43,206.38,scenario_east_west_heavy,test,development,0.05
3160,1i,150.0,28,0.9957,24,148.23,True,4,3.8301,34.43,176.27,scenario_east_west_heavy,test,development,0.05
3165,1i,150.0,28,0.4695,27,148.21,True,4,2.7376,34.43,176.27,scenario_east_west_heavy,test,development,0.05
3170,1i,150.0,28,0.0543,27,147.04,True,4,0.0153,34.43,176.15,scenario_east_west_heavy,test,development,0.05
3175,1i,150.0,29,0.537,28,145.4,True,4,0.08,34.43,174.48,scenario_east_west_heavy,test,development,0.05
3180,1i,150.0,30,0.8967,28,145.24,True,4,0.0207,34.43,173.37,scenario_east_west_heavy,test,development,0.05
3185,1i,150.0,30,0.5026,28,145.23,True,4,0.0012,34.43,173.28,scenario_east_west_heavy,test,development,0.05
3190,1i,150.0,30,0.104,28,145.23,True,4,0.0,34.43,173.28,scenario_east_west_heavy,test,development,0.05
3195,1i,150.0,31,0.4684,30,145.23,True,4,0.0,34.43,173.28,scenario_east_west_heavy,test,development,0.05
3200,1i,150.0,30,0.9342,27,145.23,True,4,0.0,34.43,173.28,scenario_east_west_heavy,test,development,0.05
3205,1i,150.0,29,0.3826,27,145.23,True,4,0.0,34.43,173.28,scenario_east_west_heavy,test,development,0.05
3210,1i,150.0,29,0.7078,28,145.23,True,4,0.0,34.43,173.28,scenario_east_west_heavy,test,development,0.05
3215,1i,150.0,29,0.5961,28,145.23,True,4,0.0,34.43,173.28,scenario_east_west_heavy,test,development,0.05
3220,1i,150.0,29,0.411,28,145.23,True,4,0.0,34.43,173.28,scenario_east_west_heavy,test,development,0.05
3225,1i,150.0,29,0.0223,28,145.23,True,4,0.0,34.43,173.28,scenario_east_west_heavy,test,development,0.05
3230,1i,150.0,28,0.9055,26,145.23,True,4,0.0,34.43,173.28,scenario_east_west_heavy,test,development,0.05
3235,1i,150.0,28,1.642,18,145.23,True,4,0.3605,30.78,173.28,scenario_east_west_heavy,test,development,0.05
3240,1i,150.0,28,1.3859,17,145.23,True,4,1.2565,13.28,173.28,scenario_east_west_heavy,test,development,0.05
3245,1i,150.0,28,0.549,19,145.23,True,4,0.3321,12.01,173.28,scenario_east_west_heavy,test,development,0.05
3250,1i,150.0,29,0.9857,24,145.16,True,4,0.3468,12.0,173.28,scenario_east_west_heavy,test,development,0.05
3255,1i,150.0,30,1.1271,23,143.63,False,5,4.7282,12.0,456.86,scenario_east_west_heavy,test,development,0.05
3260,1i,150.0,31,0.6427,25,94.17,False,5,3.0641,12.0,371.16,scenario_east_west_heavy,test,development,0.05
3265,1i,150.0,31,0.1334,27,111.76,False,5,3.4656,12.0,290.7,scenario_east_west_heavy,test,development,0.05
3270,1i,150.0,32,0.0207,31,139.75,False,5,4.0803,12.0,201.71,scenario_east_west_heavy,test,development,0.05
3275,1i,150.0,34,1.0019,32,146.53,True,5,3.3785,12.0,160.62,scenario_east_west_heavy,test,development,0.05
3280,1i,150.0,34,0.5576,32,146.52,True,5,1.2568,12.0,160.56,scenario_east_west_heavy,test,development,0.05
3285,1i,150.0,34,0.164,33,146.52,True,5,0.002,12.0,160.56,scenario_east_west_heavy,test,development,0.05
3290,1i,150.0,30,0.3312,27,146.52,True,5,0.9011,4.37,160.56,scenario_east_west_heavy,test,development,0.05
3295,1i,150.0,29,1.7957,23,146.52,True,4,0.1009,21.71,160.56,scenario_east_west_heavy,test,development,0.05
3300,1i,150.0,26,1.6099,22,146.52,True,4,2.2672,21.71,160.56,scenario_east_west_heavy,test,development,0.05
3305,1i,150.0,22,0.0,22,146.52,True,3,0.0,21.71,160.56,scenario_east_west_heavy,test,development,0.05
3310,1i,150.0,22,0.0,22,146.52,True,3,0.0,21.71,160.56,scenario_east_west_heavy,test,development,0.05
3315,1i,150.0,24,1.5042,22,146.52,True,3,0.0,21.71,160.56,scenario_east_west_heavy,test,development,0.05
3320,1i,150.0,22,0.834,19,146.52,True,3,0.0,21.71,160.56,scenario_east_west_heavy,test,development,0.05
3325,1i,150.0,21,0.8239,17,146.52,True,3,1.3014,1.92,160.56,scenario_east_west_heavy,test,development,0.05
3330,1i,150.0,22,1.473,15,146.52,True,3,0.9615,1.0,160.56,scenario_east_west_heavy,test,development,0.05
3335,1i,150.0,23,1.8315,14,146.52,True,3,0.7384,1.0,160.56,scenario_east_west_heavy,test,development,0.05
3340,1i,150.0,23,1.1489,14,146.43,True,3,0.0074,1.0,160.56,scenario_east_west_heavy,test,development,0.05
3345,1i,150.0,23,0.7567,14,61.78,False,3,0.3603,1.0,158.12,scenario_east_west_heavy,test,development,0.05
3350,1i,150.0,25,1.709,17,76.79,False,3,0.3085,1.0,151.69,scenario_east_west_heavy,test,development,0.05
3355,1i,150.0,26,1.2128,22,118.9,False,3,0.8544,1.0,142.69,scenario_east_west_heavy,test,development,0.05
3360,1i,150.0,27,0.1322,25,147.12,True,3,0.0185,1.0,139.89,scenario_east_west_heavy,test,development,0.05
3365,1i,150.0,27,0.0005,27,146.85,True,3,0.0003,1.0,139.85,scenario_east_west_heavy,test,development,0.05
3370,1i,150.0,29,0.9947,27,146.85,True,3,0.0,1.0,139.85,scenario_east_west_heavy,test,development,0.05
3375,1i,150.0,29,0.7245,27,146.85,True,3,0.0,1.0,139.85,scenario_east_west_heavy,test,development,0.05
3380,1i,150.0,25,0.6701,21,146.85,True,3,0.0,1.0,139.85,scenario_east_west_heavy,test,development,0.05
3385,1i,150.0,22,0.3028,21,146.85,True,3,0.0,1.0,139.85,scenario_east_west_heavy,test,development,0.05
3390,1i,150.0,23,1.4351,21,146.85,True,3,0.0,1.0,139.85,scenario_east_west_heavy,test,development,0.05
3395,1i,150.0,25,2.735,21,146.85,True,4,5.5931,1.0,387.09,scenario_east_west_heavy,test,development,0.05
3400,1i,150.0,25,1.2497,21,146.85,True,4,4.9949,1.0,283.23,scenario_east_west_heavy,test,development,0.05
3405,1i,150.0,24,0.0529,23,146.85,True,4,4.3793,1.0,191.29,scenario_east_west_heavy,test,development,0.05
3410,1i,150.0,24,1.3776,21,146.85,True,3,6.6746,34.01,139.85,scenario_east_west_heavy,test,development,0.05
3415,1i,150.0,23,0.9907,19,146.85,True,3,4.2451,25.62,139.85,scenario_east_west_heavy,test,development,0.05
3420,1i,150.0,23,0.3688,19,146.85,True,3,0.1828,1.0,139.85,scenario_east_west_heavy,test,development,0.05
3425,1i,150.0,24,0.7563,23,146.85,True,3,0.026,1.0,139.85,scenario_east_west_heavy,test,development,0.05
3430,1i,150.0,25,1.3279,23,146.85,True,3,0.0014,1.0,139.85,scenario_east_west_heavy,test,development,0.05
3435,1i,150.0,25,0.3967,23,146.83,True,3,0.046,1.0,139.68,scenario_east_west_heavy,test,development,0.05
3440,1i,150.0,25,0.0594,25,145.26,True,3,0.1491,1.0,137.78,scenario_east_west_heavy,test,development,0.05
3445,1i,150.0,26,0.7424,25,144.06,False,3,0.0128,1.0,136.95,scenario_east_west_heavy,test,development,0.05
3450,1i,150.0,27,0.928,25,143.86,False,3,0.0007,1.0,136.86,scenario_east_west_heavy,test,development,0.05
3455,1i,150.0,27,0.3723,26,143.85,False,3,0.0,1.0,136.85,scenario_east_west_heavy,test,development,0.05
3460,1i,150.0,27,0.0867,26,143.85,False,3,0.0,1.0,136.85,scenario_east_west_heavy,test,development,0.05
3465,1i,150.0,29,1.1857,27,143.85,False,3,0.0,1.0,136.85,scenario_east_west_heavy,test,development,0.05
3470,1i,150.0,26,1.2536,21,143.85,False,2,0.0,31.01,136.85,scenario_east_west_heavy,test,development,0.05
3475,1i,150.0,23,0.6157,21,143.85,False,2,0.0,31.01,136.85,scenario_east_west_heavy,test,development,0.05
3480,1i,150.0,21,0.0,21,143.85,False,2,0.0,31.01,136.85,scenario_east_west_heavy,test,development,0.05
3485,1i,150.0,23,1.4532,21,143.85,False,2,0.0,31.01,136.85,scenario_east_west_heavy,test,development,0.05
3490,1i,150.0,22,0.6687,21,143.85,False,2,0.0,31.01,136.85,scenario_east_west_heavy,test,development,0.05
3495,1i,150.0,21,0.0,21,143.85,False,2,0.0,31.01,136.85,scenario_east_west_heavy,test,development,0.05
3500,1i,150.0,19,0.0847,18,143.85,False,2,0.0,31.01,136.85,scenario_east_west_heavy,test,development,0.05
3505,1i,150.0,20,2.1502,15,143.85,False,2,0.4413,29.7,136.85,scenario_east_west_heavy,test,development,0.05
3510,1i,150.0,20,1.5094,13,143.85,False,2,0.5535,19.78,136.85,scenario_east_west_heavy,test,development,0.05
3515,1i,150.0,20,0.455,15,143.85,False,2,0.0021,19.01,136.85,scenario_east_west_heavy,test,development,0.05
3520,1i,150.0,21,1.129,15,143.69,False,2,0.1838,19.0,136.24,scenario_east_west_heavy,test,development,0.05
3525,1i,150.0,22,1.6167,16,98.29,False,2,0.6214,19.0,131.12,scenario_east_west_heavy,test,development,0.05
3530,1i,150.0,23,0.8157,17,103.94,False,2,0.5534,19.0,125.73,scenario_east_west_heavy,test,development,0.05
3535,1i,150.0,24,0.0696,21,144.88,False,2,0.0187,19.0,124.87,scenario_east_west_heavy,test,development,0.05
3540,1i,150.0,25,0.5665,24,148.59,True,2,0.0006,19.0,124.85,scenario_east_west_heavy,test,development,0.05
3545,1i,150.0,26,0.9255,24,148.56,True,2,0.0,19.0,124.85,scenario_east_west_heavy,test,development,0.05
3550,1i,150.0,26,0.2571,25,148.56,True,2,0.0,19.0,124.85,scenario_east_west_heavy,test,development,0.05
3555,1i,150.0,26,0.0016,26,148.56,True,2,0.0,19.0,124.85,scenario_east_west_heavy,test,development,0.05
3560,1i,150.0,24,1.1056,20,148.56,True,2,0.0,19.0,124.85,scenario_east_west_heavy,test,development,0.05
3565,1i,150.0,23,1.408,20,148.56,True,2,0.0,19.0,124.85,scenario_east_west_heavy,test,development,0.05
3570,1i,150.0,21,0.4326,20,148.56,True,2,0.0,19.0,124.85,scenario_east_west_heavy,test,development,0.05
3575,1i,150.0,21,0.8728,20,148.56,True,2,0.0,19.0,124.85,scenario_east_west_heavy,test,development,0.05
3580,1i,150.0,22,1.7882,20,148.56,True,2,0.0,19.0,124.85,scenario_east_west_heavy,test,development,0.05
3585,1i,150.0,22,1.0131,20,148.56,True,2,0.0,19.0,124.85,scenario_east_west_heavy,test,development,0.05
3590,1i,150.0,21,0.402,18,148.56,True,2,0.0,19.0,124.85,scenario_east_west_heavy,test,development,0.05
3595,1i,150.0,20,1.4237,15,148.56,True,2,1.298,1.33,124.85,scenario_east_west_heavy,test,development,0.05
3600,1i,150.0,21,2.4037,14,148.56,True,2,0.0002,1.0,124.85,scenario_east_west_heavy,test,development,0.05
0,2i,150.0,0,0.0,0,0.0,False,0,,,,scenario_east_west_heavy,test,development,0.05
5,2i,150.0,0,0.0,0,0.0,False,1,24.0752,384.26,384.26,scenario_east_west_heavy,test,development,0.05
10,2i,150.0,0,0.0,0,0.0,False,1,23.9252,262.58,262.58,scenario_east_west_heavy,test,development,0.05
15,2i,150.0,3,25.2298,0,0.0,False,1,24.5166,142.01,142.01,scenario_east_west_heavy,test,development,0.05
20,2i,150.0,3,13.4989,0,0.0,False,1,16.2021,38.33,38.33,scenario_east_west_heavy,test,development,0.05
25,2i,150.0,3,0.4935,1,1.0,False,1,1.4805,1.0,1.0,scenario_east_west_heavy,test,development,0.05
30,2i,150.0,3,0.0,3,1.0,False,1,0.0,1.0,1.0,scenario_east_west_heavy,test,development,0.05
35,2i,150.0,6,11.6276,3,1.0,False,1,0.0,1.0,1.0,scenario_east_west_heavy,test,development,0.05
40,2i,150.0,6,6.0707,3,1.0,False,1,0.0,1.0,1.0,scenario_east_west_heavy,test,development,0.05
45,2i,150.0,6,0.3439,4,5.02,False,1,0.0,1.0,1.0,scenario_east_west_heavy,test,development,0.05
50,2i,150.0,2,0.0,2,8.0,False,1,0.0,1.0,1.0,scenario_east_west_heavy,test,development,0.05
55,2i,150.0,4,9.9444,2,8.0,False,1,0.0,1.0,1.0,scenario_east_west_heavy,test,development,0.05
60,2i,150.0,4,6.266,2,8.0,False,1,0.0,1.0,1.0,scenario_east_west_heavy,test,development,0.05
65,2i,150.0,4,2.9325,3,15.0,False,1,0.0,1.0,1.0,scenario_east_west_heavy,test,development,0.05
70,2i,150.0,3,0.0,3,15.0,False,1,0.0,1.0,1.0,scenario_east_west_heavy,test,development,0.05
75,2i,150.0,6,9.4761,3,15.0,False,1,0.0,1.0,1.0,scenario_east_west_heavy,test,development,0.05
80,2i,150.0,5,5.7726,0,0.0,False,0,,,,scenario_east_west_heavy,test,development,0.05
85,2i,150.0,3,1.1676,2,1.0,False,0,,,,scenario_east_west_heavy,test,development,0.05
90,2i,150.0,4,6.7555,3,1.0,False,0,,,,scenario_east_west_heavy,test,development,0.05
95,2i,150.0,6,9.531,3,1.0,False,0,,,,scenario_east_west_heavy,test,development,0.05
100,2i,150.0,6,2.9797,3,1.0,False,0,,,,scenario_east_west_heavy,test,development,0.05
105,2i,150.0,6,0.0057,6,5.0,False,0,,,,scenario_east_west_heavy,test,development,0.05
110,2i,150.0,7,3.4348,6,5.0,False,0,,,,scenario_east_west_heavy,test,development,0.05
115,2i,150.0,7,1.5114,6,5.0,False,0,,,,scenario_east_west_heavy,test,development,0.05
120,2i,150.0,9,3.1939,6,5.0,False,0,,,,scenario_east_west_heavy,test,development,0.05
125,2i,150.0,9,1.8602,7,9.0,False,0,,,,scenario_east_west_heavy,test,development,0.05
130,2i,150.0,10,2.4853,7,9.0,False,0,,,,scenario_east_west_heavy,test,development,0.05
135,2i,150.0,12,3.4302,9,12.0,False,0,,,,scenario_east_west_heavy,test,development,0.05
140,2i,150.0,7,1.8104,3,9.0,False,0,,,,scenario_east_west_heavy,test,development,0.05
145,2i,150.0,4,0.0,4,23.04,False,0,,,,scenario_east_west_heavy,test,development,0.05
150,2i,150.0,4,0.0,4,23.04,False,0,,,,scenario_east_west_heavy,test,development,0.05
155,2i,150.0,7,7.5726,4,23.04,False,0,,,,scenario_east_west_heavy,test,development,0.05
160,2i,150.0,6,3.3752,4,23.04,False,0,,,,scenario_east_west_heavy,test,development,0.05
165,2i,150.0,5,0.0,5,27.05,False,0,,,,scenario_east_west_heavy,test,development,0.05
170,2i,150.0,6,10.7552,3,27.05,False,0,,,,scenario_east_west_heavy,test,development,0.05
175,2i,150.0,6,6.0677,1,0.31,False,0,,,,scenario_east_west_heavy,test,development,0.05
180,2i,150.0,6,0.4183,4,18.36,False,0,,,,scenario_east_west_heavy,test,development,0.05
185,2i,150.0,7,3.6903,6,25.35,False,0,,,,scenario_east_west_heavy,test,development,0.05
190,2i,150.0,8,5.1862,6,25.35,False,0,,,,scenario_east_west_heavy,test,development,0.05
195,2i,150.0,9,3.5898,6,25.35,False,0,,,,scenario_east_west_heavy,test,development,0.05
200,2i,150.0,9,0.5004,7,25.35,False,1,19.0523,396.3,396.3,scenario_east_west_heavy,test,development,0.05
205,2i,150.0,10,2.3567,9,29.36,False,1,19.4071,300.25,300.25,scenario_east_west_heavy,test,development,0.05
210,2i,150.0,11,3.4021,9,29.36,False,1,17.6499,206.82,206.82,scenario_east_west_heavy,test,development,0.05
215,2i,150.0,12,2.3169,9,29.36,False,1,13.4101,131.02,131.02,scenario_east_west_heavy,test,development,0.05
220,2i,150.0,12,0.7575,10,29.36,False,1,8.9101,77.47,77.47,scenario_east_west_heavy,test,development,0.05
225,2i,150.0,12,0.3675,11,29.36,False,1,4.4101,46.42,46.42,scenario_east_west_heavy,test,development,0.05
230,2i,150.0,9,6.3117,5,29.36,False,1,0.6102,36.41,36.41,scenario_east_west_heavy,test,development,0.05
235,2i,150.0,9,4.6508,6,36.36,False,1,0.0,36.36,36.36,scenario_east_west_heavy,test,development,0.05
240,2i,150.0,7,0.0002,7,50.4,False,1,0.0,36.36,36.36,scenario_east_west_heavy,test,development,0.05
245,2i,150.0,7,0.0,7,50.4,False,1,0.0,36.36,36.36,scenario_east_west_heavy,test,development,0.05
250,2i,150.0,9,3.7537,7,50.4,False,1,0.0,36.36,36.36,scenario_east_west_heavy,test,development,0.05
255,2i,150.0,10,3.1398,7,50.4,False,1,0.0,36.36,36.36,scenario_east_west_heavy,test,development,0.05
260,2i,150.0,10,3.6429,7,54.4,False,1,0.0,36.36,36.36,scenario_east_west_heavy,test,development,0.05
265,2i,150.0,10,2.2807,4,54.24,False,1,1.5423,34.08,34.08,scenario_east_west_heavy,test,development,0.05
270,2i,150.0,11,2.7279,5,12.14,False,1,1.6616,25.26,25.26,scenario_east_west_heavy,test,development,0.05
275,2i,150.0,12,1.9085,10,41.57,False,1,0.007,23.02,23.02,scenario_east_west_heavy,test,development,0.05
280,2i,150.0,13,1.9633,11,41.05,False,1,0.0,23.01,23.01,scenario_east_west_heavy,test,development,0.05
285,2i,150.0,13,0.9557,11,41.05,False,1,0.0,23.01,23.01,scenario_east_west_heavy,test,development,0.05
290,2i,150.0,14,1.2224,12,45.05,False,1,0.0,23.01,23.01,scenario_east_west_heavy,test,development,0.05
295,2i,150.0,15,1.2519,13,45.05,False,1,0.0,23.01,23.01,scenario_east_west_heavy,test,development,0.05
300,2i,150.0,16,1.5063,14,57.76,False,1,0.0,23.01,23.01,scenario_east_west_heavy,test,development,0.05
305,2i,150.0,16,0.7092,14,57.76,False,1,0.0,23.01,23.01,scenario_east_west_heavy,test,development,0.05
310,2i,150.0,18,1.9187,16,57.76,False,1,0.0,23.01,23.01,scenario_east_west_heavy,test,development,0.05
315,2i,150.0,18,0.3825,16,57.76,False,2,9.6419,23.01,436.96,scenario_east_west_heavy,test,development,0.05
320,2i,150.0,16,1.8182,10,64.76,False,2,9.1706,23.01,342.96,scenario_east_west_heavy,test,development,0.05
325,2i,150.0,13,1.7281,10,64.76,False,2,9.5233,23.01,249.8,scenario_east_west_heavy,test,development,0.05
330,2i,150.0,10,0.0,10,64.76,False,2,9.1472,23.01,156.17,scenario_east_west_heavy,test,development,0.05
335,2i,150.0,12,2.1657,10,64.76,False,2,8.3584,23.01,64.92,scenario_east_west_heavy,test,development,0.05
340,2i,150.0,13,2.0038,10,64.76,False,2,4.6085,3.84,23.01,scenario_east_west_heavy,test,development,0.05
345,2i,150.0,12,0.8828,11,71.76,False,1,0.0,23.01,23.01,scenario_east_west_heavy,test,development,0.05
350,2i,150.0,11,1.6698,9,71.76,False,1,0.0,23.01,23.01,scenario_east_west_heavy,test,development,0.05
355,2i,150.0,11,1.8408,6,71.76,False,1,2.5067,15.76,15.76,scenario_east_west_heavy,test,development,0.05
360,2i,150.0,12,2.5939,5,70.74,False,1,0.3624,8.07,8.07,scenario_east_west_heavy,test,development,0.05
365,2i,150.0,12,1.599,7,30.31,False,1,0.0003,8.0,8.0,scenario_east_west_heavy,test,development,0.05
370,2i,150.0,14,2.6167,10,56.92,False,1,0.0,8.0,8.0,scenario_east_west_heavy,test,development,0.05
375,2i,150.0,15,1.8377,12,83.53,False,2,13.4205,8.0,403.21,scenario_east_west_heavy,test,development,0.05
380,2i,150.0,15,0.932,14,83.51,False,2,13.4145,8.0,269.58,scenario_east_west_heavy,test,development,0.05
385,2i,150.0,16,1.7577,14,83.51,False,2,13.1525,8.0,134.45,scenario_east_west_heavy,test,development,0.05
390,2i,150.0,16,0.8424,15,83.51,False,2,6.7389,8.0,43.51,scenario_east_west_heavy,test,development,0.05
395,2i,150.0,17,0.5339,15,83.51,False,2,0.8334,8.0,12.07,scenario_east_west_heavy,test,development,0.05
400,2i,150.0,18,1.0771,16,83.51,False,2,0.0003,8.0,12.0,scenario_east_west_heavy,test,development,0.05
405,2i,150.0,19,1.027,17,87.52,False,2,0.0,8.0,12.0,scenario_east_west_heavy,test,development,0.05
410,2i,150.0,15,1.396,12,87.51,False,1,0.0,8.0,8.0,scenario_east_west_heavy,test,development,0.05
415,2i,150.0,15,2.5004,12,101.55,False,1,0.0,8.0,8.0,scenario_east_west_heavy,test,development,0.05
420,2i,150.0,13,1.1059,12,101.55,False,1,0.0,8.0,8.0,scenario_east_west_heavy,test,development,0.05
425,2i,150.0,14,2.8931,12,101.55,False,1,0.0,8.0,8.0,scenario_east_west_heavy,test,development,0.05
430,2i,150.0,14,1.1109,12,101.55,False,2,9.72,8.0,473.26,scenario_east_west_heavy,test,development,0.05
435,2i,150.0,14,1.2226,13,105.55,False,2,9.5154,8.0,377.18,scenario_east_west_heavy,test,development,0.05
440,2i,150.0,13,1.0887,10,105.55,False,2,10.419,5.13,281.13,scenario_east_west_heavy,test,development,0.05
445,2i,150.0,12,1.2558,8,105.55,False,1,18.3476,186.26,186.26,scenario_east_west_heavy,test,development,0.05
450,2i,150.0,14,2.8469,7,105.41,False,1,17.5265,100.75,100.75,scenario_east_west_heavy,test,development,0.05
455,2i,150.0,15,2.7803,6,28.87,False,1,12.6968,21.79,21.79,scenario_east_west_heavy,test,development,0.05
460,2i,150.0,15,1.1143,9,48.45,False,1,0.0,1.0,1.0,scenario_east_west_heavy,test,development,0.05
465,2i,150.0,17,2.2208,14,84.98,False,1,0.0,1.0,1.0,scenario_east_west_heavy,test,development,0.05
470,2i,150.0,18,1.5572,15,88.54,False,1,0.0,1.0,1.0,scenario_east_west_heavy,test,development,0.05
475,2i,150.0,18,0.9848,16,101.22,False,1,0.0,1.0,1.0,scenario_east_west_heavy,test,development,0.05
480,2i,150.0,18,0.2036,17,101.22,False,1,0.0,1.0,1.0,scenario_east_west_heavy,test,development,0.05
485,2i,150.0,20,1.3542,18,101.22,False,1,0.0,1.0,1.0,scenario_east_west_heavy,test,development,0.05
490,2i,150.0,21,0.9358,19,105.23,False,1,0.0,1.0,1.0,scenario_east_west_heavy,test,development,0.05
495,2i,150.0,21,0.5217,20,105.22,False,1,0.0,1.0,1.0,scenario_east_west_heavy,test,development,0.05
500,2i,150.0,18,0.8608,14,105.22,False,0,,,,scenario_east_west_heavy,test,development,0.05
505,2i,150.0,16,1.9263,14,105.22,False,0,,,,scenario_east_west_heavy,test,development,0.05
510,2i,150.0,17,1.4175,15,109.27,False,0,,,,scenario_east_west_heavy,test,development,0.05
515,2i,150.0,16,0.9006,15,109.23,False,1,27.0611,402.03,402.03,scenario_east_west_heavy,test,development,0.05
520,2i,150.0,15,0.0,15,109.23,False,1,27.0313,268.94,268.94,scenario_east_west_heavy,test,development,0.05
525,2i,150.0,17,1.4732,15,109.23,False,1,16.3337,160.61,160.61,scenario_east_west_heavy,test,development,0.05
530,2i,150.0,17,2.199,14,116.23,False,1,14.0091,79.53,79.53,scenario_east_west_heavy,test,development,0.05
535,2i,150.0,15,1.7175,10,116.23,False,1,9.1,11.58,11.58,scenario_east_west_heavy,test,development,0.05
540,2i,150.0,16,2.2508,11,116.23,False,1,0.0045,1.0,1.0,scenario_east_west_heavy,test,development,0.05
545,2i,150.0,17,1.7987,10,116.04,False,1,0.0,1.0,1.0,scenario_east_west_heavy,test,development,0.05
550,2i,150.0,18,1.6106,9,59.96,False,1,0.0,1.0,1.0,scenario_east_west_heavy,test,development,0.05
555,2i,150.0,18,1.0024,12,67.91,False,1,0.0,1.0,1.0,scenario_east_west_heavy,test,development,0.05
560,2i,150.0,18,0.1173,17,95.89,False,1,0.0,1.0,1.0,scenario_east_west_heavy,test,development,0.05
565,2i,150.0,21,1.6888,18,99.57,False,1,0.0,1.0,1.0,scenario_east_west_heavy,test,development,0.05
570,2i,150.0,21,0.9018,19,106.52,False,1,0.0,1.0,1.0,scenario_east_west_heavy,test,development,0.05
575,2i,150.0,21,0.1399,20,106.52,False,1,0.0,1.0,1.0,scenario_east_west_heavy,test,development,0.05
580,2i,150.0,22,0.6751,21,106.52,False,1,0.0,1.0,1.0,scenario_east_west_heavy,test,development,0.05
585,2i,150.0,24,1.3803,21,106.52,False,1,0.0,1.0,1.0,scenario_east_west_heavy,test,development,0.05
590,2i,150.0,21,1.6542,16,110.52,False,0,,,,scenario_east_west_heavy,test,development,0.05
595,2i,150.0,17,0.3552,16,110.52,False,0,,,,scenario_east_west_heavy,test,development,0.05
600,2i,150.0,17,1.541,16,110.52,False,0,,,,scenario_east_west_heavy,test,development,0.05
605,2i,150.0,17,0.7818,16,110.52,False,1,19.44,473.26,473.26,scenario_east_west_heavy,test,development,0.05
610,2i,150.0,18,1.3687,16,110.52,False,1,19.2705,377.36,377.36,scenario_east_west_heavy,test,development,0.05
615,2i,150.0,18,0.5672,16,110.52,False,1,17.1286,285.14,285.14,scenario_east_west_heavy,test,development,0.05
620,2i,150.0,17,0.3264,15,114.52,False,1,12.6979,212.93,212.93,scenario_east_west_heavy,test,development,0.05
625,2i,150.0,17,2.5787,12,114.52,False,1,8.1979,162.94,162.94,scenario_east_west_heavy,test,development,0.05
630,2i,150.0,18,2.7231,10,114.52,False,1,3.7689,135.09,135.09,scenario_east_west_heavy,test,development,0.05
635,2i,150.0,18,1.2836,10,128.65,False,1,0.1841,128.65,128.65,scenario_east_west_heavy,test,development,0.05
640,2i,150.0,20,2.5521,10,126.91,False,1,0.7741,126.91,126.91,scenario_east_west_heavy,test,development,0.05
645,2i,150.0,21,1.9871,11,57.82,False,1,2.3842,118.72,118.72,scenario_east_west_heavy,test,development,0.05
650,2i,150.0,21,0.6245,15,79.89,False,1,2.8472,107.69,107.69,scenario_east_west_heavy,test,development,0.05
655,2i,150.0,21,0.0592,20,101.92,False,1,0.4807,101.92,101.92,scenario_east_west_heavy,test,development,0.05
660,2i,150.0,24,1.7595,21,115.9,False,1,0.0026,101.85,101.85,scenario_east_west_heavy,test,development,0.05
665,2i,150.0,24,0.5667,22,119.89,False,1,0.0,101.85,101.85,scenario_east_west_heavy,test,development,0.05
670,2i,150.0,24,0.0146,23,119.89,False,1,0.0,101.85,101.85,scenario_east_west_heavy,test,development,0.05
675,2i,150.0,24,0.0,24,119.89,False,1,0.0,101.85,101.85,scenario_east_west_heavy,test,development,0.05
680,2i,150.0,22,1.8136,17,119.89,False,1,0.0,101.85,101.85,scenario_east_west_heavy,test,development,0.05
685,2i,150.0,20,1.5284,18,123.93,False,1,0.0,101.85,101.85,scenario_east_west_heavy,test,development,0.05
690,2i,150.0,19,0.6037,18,123.89,False,1,0.0,101.85,101.85,scenario_east_west_heavy,test,development,0.05
695,2i,150.0,18,0.0,18,123.89,False,1,0.0,101.85,101.85,scenario_east_west_heavy,test,development,0.05
700,2i,150.0,20,1.0357,18,123.89,False,1,0.0,101.85,101.85,scenario_east_west_heavy,test,development,0.05
705,2i,150.0,21,1.536,19,130.89,False,2,9.5389,101.85,399.28,scenario_east_west_heavy,test,development,0.05
710,2i,150.0,20,0.723,17,130.89,False,2,9.1475,101.85,304.96,scenario_east_west_heavy,test,development,0.05
715,2i,150.0,20,0.4205,16,130.89,False,2,9.4067,101.85,210.17,scenario_east_west_heavy,test,development,0.05
720,2i,150.0,22,1.5754,14,130.89,False,2,8.3846,101.85,123.12,scenario_east_west_heavy,test,development,0.05
725,2i,150.0,23,1.7821,15,134.89,False,2,5.9361,53.57,101.11,scenario_east_west_heavy,test,development,0.05
730,2i,150.0,23,0.8998,16,134.65,False,2,2.5793,18.62,96.01,scenario_east_west_heavy,test,development,0.05
735,2i,150.0,24,1.1513,16,69.97,False,2,0.4752,15.04,89.73,scenario_east_west_heavy,test,development,0.05
740,2i,150.0,26,1.338,21,120.23,False,2,0.0342,15.04,87.83,scenario_east_west_heavy,test,development,0.05
745,2i,150.0,26,0.3222,24,129.48,False,2,0.0004,15.04,87.81,scenario_east_west_heavy,test,development,0.05
750,2i,150.0,26,0.0021,26,127.89,False,2,0.0001,15.04,87.8,scenario_east_west_heavy,test,development,0.05
755,2i,150.0,27,0.627,26,127.85,False,2,0.0,15.04,87.8,scenario_east_west_heavy,test,development,0.05
760,2i,150.0,29,0.9744,26,127.85,False,2,0.0,15.04,87.8,scenario_east_west_heavy,test,development,0.05
765,2i,150.0,29,0.1868,28,131.85,False,2,0.0,15.04,87.8,scenario_east_west_heavy,test,development,0.05
770,2i,150.0,25,0.3798,21,131.85,False,2,1.3163,8.34,87.8,scenario_east_west_heavy,test,development,0.05
775,2i,150.0,24,1.2609,21,131.85,False,1,0.0,87.8,87.8,scenario_east_west_heavy,test,development,0.05
780,2i,150.0,24,1.3802,21,131.85,False,1,0.0,87.8,87.8,scenario_east_west_heavy,test,development,0.05
785,2i,150.0,22,0.0,22,135.85,False,2,13.0905,87.8,375.71,scenario_east_west_heavy,test,development,0.05
790,2i,150.0,22,0.0,22,135.85,False,2,12.2113,87.8,243.28,scenario_east_west_heavy,test,development,0.05
795,2i,150.0,24,1.6618,22,135.85,False,2,5.6163,87.8,161.7,scenario_east_west_heavy,test,development,0.05
800,2i,150.0,24,1.2213,21,142.87,False,2,0.0351,87.8,142.87,scenario_east_west_heavy,test,development,0.05
805,2i,150.0,23,0.6665,17,142.85,False,2,0.0,87.8,142.85,scenario_east_west_heavy,test,development,0.05
810,2i,150.0,23,0.5434,17,142.85,False,2,0.0,87.8,142.85,scenario_east_west_heavy,test,development,0.05
815,2i,150.0,25,1.8906,17,142.85,False,2,0.4317,85.62,142.85,scenario_east_west_heavy,test,development,0.05
820,2i,150.0,25,1.4597,18,142.85,False,2,0.9107,77.46,142.85,scenario_east_west_heavy,test,development,0.05
825,2i,150.0,26,0.5673,18,146.58,True,2,0.6189,70.74,141.89,scenario_east_west_heavy,test,development,0.05
830,2i,150.0,27,1.0313,20,100.77,False,2,1.4413,69.78,135.08,scenario_east_west_heavy,test,development,0.05
835,2i,150.0,27,0.8078,24,120.27,False,2,0.3392,69.76,128.24,scenario_east_west_heavy,test,development,0.05
840,2i,150.0,29,0.7108,26,129.62,False,2,0.1343,69.76,125.18,scenario_east_west_heavy,test,development,0.05
845,2i,150.0,29,0.3407,28,141.59,False,2,0.0043,69.76,124.82,scenario_east_west_heavy,test,development,0.05
850,2i,150.0,30,0.7735,28,141.53,False,2,0.0001,69.76,124.81,scenario_east_west_heavy,test,development,0.05
855,2i,150.0,30,0.3552,28,141.52,False,2,0.0,69.76,124.81,scenario_east_west_heavy,test,development,0.05
860,2i,150.0,28,0.8797,24,145.52,True,3,9.0703,69.76,456.09,scenario_east_west_heavy,test,development,0.05
865,2i,150.0,25,0.4536,24,145.52,True,3,8.8292,69.76,321.56,scenario_east_west_heavy,test,development,0.05
870,2i,150.0,25,0.6622,24,145.52,True,3,9.1226,69.76,186.0,scenario_east_west_heavy,test,development,0.05
875,2i,150.0,25,0.8181,24,145.52,True,3,6.8178,65.11,124.81,scenario_east_west_heavy,test,development,0.05
880,2i,150.0,25,0.2951,24,145.52,True,4,8.3952,0.51,430.81,scenario_east_west_heavy,test,development,0.05
885,2i,150.0,24,0.0,24,145.52,True,3,9.1869,69.76,295.02,scenario_east_west_heavy,test,development,0.05
890,2i,150.0,23,0.7958,21,145.52,True,3,5.177,69.76,192.63,scenario_east_west_heavy,test,development,0.05
895,2i,150.0,22,1.1799,17,145.52,True,3,0.5103,69.76,156.97,scenario_east_west_heavy,test,development,0.05
900,2i,150.0,23,1.2638,18,145.52,True,3,0.1206,69.34,156.53,scenario_east_west_heavy,test,development,0.05
905,2i,150.0,24,1.6415,15,145.52,True,3,1.0068,59.14,156.53,scenario_east_west_heavy,test,development,0.05
910,2i,150.0,24,1.2712,16,145.52,True,3,0.387,49.69,156.53,scenario_east_west_heavy,test,development,0.05
915,2i,150.0,25,1.4886,15,144.73,False,3,0.5953,49.05,156.43,scenario_east_west_heavy,test,development,0.05
920,2i,150.0,26,0.4774,17,82.21,False,3,0.7352,49.05,153.81,scenario_east_west_heavy,test,development,0.05
925,2i,150.0,27,0.364,21,97.13,False,3,1.2874,49.05,145.03,scenario_east_west_heavy,test,development,0.05
930,2i,150.0,29,0.6829,25,125.11,False,3,0.5157,49.05,138.01,scenario_east_west_heavy,test,development,0.05
935,2i,150.0,30,0.8517,28,140.08,False,3,0.0405,49.05,135.9,scenario_east_west_heavy,test,development,0.05
940,2i,150.0,31,0.5279,28,139.83,False,3,0.0009,49.05,135.82,scenario_east_west_heavy,test,development,0.05
945,2i,150.0,32,0.8121,30,143.82,False,3,0.0,49.05,135.81,scenario_east_west_heavy,test,development,0.05
950,2i,150.0,29,0.8032,25,143.82,False,3,0.0,49.05,135.81,scenario_east_west_heavy,test,development,0.05
955,2i,150.0,27,0.8793,25,143.82,False,3,0.0,49.05,135.81,scenario_east_west_heavy,test,development,0.05
960,2i,150.0,26,0.5915,25,143.82,False,3,0.0,49.05,135.81,scenario_east_west_heavy,test,development,0.05
965,2i,150.0,26,0.6513,25,143.82,False,3,0.0,49.05,135.81,scenario_east_west_heavy,test,development,0.05
970,2i,150.0,27,1.379,25,143.82,False,3,0.0,49.05,135.81,scenario_east_west_heavy,test,development,0.05
975,2i,150.0,27,0.6198,25,143.82,False,3,0.0,49.05,135.81,scenario_east_west_heavy,test,development,0.05
980,2i,150.0,25,0.143,23,143.82,False,3,0.0,49.05,135.81,scenario_east_west_heavy,test,development,0.05
985,2i,150.0,25,1.0651,21,143.82,False,3,0.0,49.05,135.81,scenario_east_west_heavy,test,development,0.05
990,2i,150.0,26,1.6207,20,143.82,False,3,0.8509,42.67,135.81,scenario_east_west_heavy,test,development,0.05
995,2i,150.0,26,1.024,19,143.82,False,3,0.2468,34.58,135.81,scenario_east_west_heavy,test,development,0.05
1000,2i,150.0,26,0.4537,19,143.82,False,3,0.3561,34.05,135.81,scenario_east_west_heavy,test,development,0.05
1005,2i,150.0,27,0.9692,20,143.7,False,3,0.616,34.05,134.4,scenario_east_west_heavy,test,development,0.05
1010,2i,150.0,28,1.4337,20,140.55,False,3,0.4585,34.05,128.29,scenario_east_west_heavy,test,development,0.05
1015,2i,150.0,29,0.5851,23,109.91,False,3,0.3895,34.05,121.48,scenario_east_west_heavy,test,development,0.05
1020,2i,150.0,30,0.5108,28,129.16,False,3,0.0085,34.05,120.84,scenario_east_west_heavy,test,development,0.05
1025,2i,150.0,30,0.5481,29,141.55,False,3,0.0001,34.05,120.81,scenario_east_west_heavy,test,development,0.05
1030,2i,150.0,30,0.1243,29,141.52,False,3,0.0,34.05,120.81,scenario_east_west_heavy,test,development,0.05
1035,2i,150.0,31,0.423,30,141.52,False,3,0.0,34.05,120.81,scenario_east_west_heavy,test,development,0.05
1040,2i,150.0,26,0.635,23,141.52,False,3,0.0,34.05,120.81,scenario_east_west_heavy,test,development,0.05
1045,2i,150.0,25,1.0332,23,141.52,False,3,0.0,34.05,120.81,scenario_east_west_heavy,test,development,0.05
1050,2i,150.0,24,0.8565,23,141.52,False,3,0.0,34.05,120.81,scenario_east_west_heavy,test,development,0.05
1055,2i,150.0,24,0.3429,23,141.52,False,3,0.0,34.05,120.81,scenario_east_west_heavy,test,development,0.05
1060,2i,150.0,24,0.6534,23,141.52,False,3,0.0,34.05,120.81,scenario_east_west_heavy,test,development,0.05
1065,2i,150.0,24,0.4882,23,141.52,False,3,0.0,34.05,120.81,scenario_east_west_heavy,test,development,0.05
1070,2i,150.0,23,0.8183,21,141.52,False,3,0.0,34.05,120.81,scenario_east_west_heavy,test,development,0.05
1075,2i,150.0,22,0.5409,17,141.52,False,3,0.793,29.89,120.81,scenario_east_west_heavy,test,development,0.05
1080,2i,150.0,23,1.184,17,141.52,False,3,0.2705,19.94,120.81,scenario_east_west_heavy,test,development,0.05
1085,2i,150.0,23,0.7026,16,141.52,False,3,0.1527,19.04,120.81,scenario_east_west_heavy,test,development,0.05
1090,2i,150.0,24,1.1361,16,141.52,False,3,0.5632,19.04,120.45,scenario_east_west_heavy,test,development,0.05
1095,2i,150.0,25,1.2727,16,140.52,False,3,0.2786,19.04,114.69,scenario_east_west_heavy,test,development,0.05
1100,2i,150.0,26,0.9066,19,94.92,False,3,0.409,19.04,107.25,scenario_east_west_heavy,test,development,0.05
1105,2i,150.0,27,0.2904,23,114.07,False,3,0.0091,19.04,105.83,scenario_east_west_heavy,test,development,0.05
1110,2i,150.0,29,0.6191,27,144.88,False,3,0.0003,19.04,105.81,scenario_east_west_heavy,test,development,0.05
1115,2i,150.0,30,0.7266,28,148.6,True,3,0.0,19.04,105.81,scenario_east_west_heavy,test,development,0.05
1120,2i,150.0,30,0.3916,29,148.57,True,4,5.8745,19.04,407.93,scenario_east_west_heavy,test,development,0.05
1125,2i,150.0,30,0.0046,29,148.56,True,4,6.1508,19.04,286.6,scenario_east_west_heavy,test,development,0.05
1130,2i,150.0,26,0.9791,23,148.56,True,4,4.1239,19.04,196.68,scenario_east_west_heavy,test,development,0.05
1135,2i,150.0,24,0.7099,23,148.56,True,4,4.2591,19.04,112.64,scenario_east_west_heavy,test,development,0.05
1140,2i,150.0,24,0.7701,23,148.56,True,4,4.6208,19.04,105.81,scenario_east_west_heavy,test,development,0.05
1145,2i,150.0,24,1.0882,23,148.56,True,3,0.0,19.04,105.81,scenario_east_west_heavy,test,development,0.05
1150,2i,150.0,24,0.51,23,148.56,True,3,0.0,19.04,105.81,scenario_east_west_heavy,test,development,0.05
1155,2i,150.0,24,0.7331,23,148.56,True,3,0.0,19.04,105.81,scenario_east_west_heavy,test,development,0.05
1160,2i,150.0,23,0.5709,21,148.56,True,3,0.2164,18.39,105.81,scenario_east_west_heavy,test,development,0.05
1165,2i,150.0,22,0.6237,17,148.56,True,3,1.4774,3.25,105.81,scenario_east_west_heavy,test,development,0.05
1170,2i,150.0,23,1.4081,15,148.56,True,3,0.0671,1.0,105.81,scenario_east_west_heavy,test,development,0.05
1175,2i,150.0,24,2.0261,15,148.56,True,3,1.4217,1.0,105.71,scenario_east_west_heavy,test,development,0.05
1180,2i,150.0,24,0.8207,16,148.56,True,3,0.7195,1.0,102.1,scenario_east_west_heavy,test,development,0.05
1185,2i,150.0,24,0.5457,18,147.54,True,3,1.0551,1.0,93.15,scenario_east_west_heavy,test,development,0.05
1190,2i,150.0,26,0.8942,19,92.31,False,3,0.0601,1.0,87.97,scenario_east_west_heavy,test,development,0.05
1195,2i,150.0,28,1.2339,20,95.82,False,3,0.0023,1.0,87.77,scenario_east_west_heavy,test,development,0.05
1200,2i,150.0,29,0.4369,25,134.92,False,3,0.0,1.0,87.77,scenario_east_west_heavy,test,development,0.05
1205,2i,150.0,30,0.0245,29,146.76,True,3,0.0,1.0,87.77,scenario_east_west_heavy,test,development,0.05
1210,2i,150.0,32,0.9557,30,146.54,True,3,0.0,1.0,87.77,scenario_east_west_heavy,test,development,0.05
1215,2i,150.0,32,0.7014,30,146.53,True,3,0.0,1.0,87.77,scenario_east_west_heavy,test,development,0.05
1220,2i,150.0,28,0.3921,25,146.53,True,3,0.0,1.0,87.77,scenario_east_west_heavy,test,development,0.05
1225,2i,150.0,26,0.3066,25,146.53,True,3,0.0,1.0,87.77,scenario_east_west_heavy,test,development,0.05
1230,2i,150.0,27,1.2191,25,146.53,True,3,0.0,1.0,87.77,scenario_east_west_heavy,test,development,0.05
1235,2i,150.0,27,1.1048,25,146.53,True,3,0.0,1.0,87.77,scenario_east_west_heavy,test,development,0.05
1240,2i,150.0,25,0.0,25,146.53,True,3,0.0,1.0,87.77,scenario_east_west_heavy,test,development,0.05
1245,2i,150.0,26,0.9154,25,146.53,True,3,0.0,1.0,87.77,scenario_east_west_heavy,test,development,0.05
1250,2i,150.0,26,1.1513,23,146.53,True,2,0.0,56.05,87.77,scenario_east_west_heavy,test,development,0.05
1255,2i,150.0,26,1.1076,19,146.53,True,2,0.0,56.05,87.77,scenario_east_west_heavy,test,development,0.05
1260,2i,150.0,26,0.5324,20,146.53,True,2,0.4918,54.03,87.77,scenario_east_west_heavy,test,development,0.05
1265,2i,150.0,27,0.8911,20,146.53,True,2,0.6643,45.05,87.09,scenario_east_west_heavy,test,development,0.05
1270,2i,150.0,28,1.3719,19,146.53,True,2,0.7571,42.09,81.45,scenario_east_west_heavy,test,development,0.05
1275,2i,150.0,28,0.7335,23,146.37,True,2,0.3589,42.01,74.61,scenario_east_west_heavy,test,development,0.05
1280,2i,150.0,28,0.4625,22,144.45,False,2,0.0019,42.01,73.73,scenario_east_west_heavy,test,development,0.05
1285,2i,150.0,31,1.2451,24,117.03,False,2,0.0,42.01,73.72,scenario_east_west_heavy,test,development,0.05
1290,2i,150.0,32,0.9831,28,133.53,False,3,8.2713,42.01,406.82,scenario_east_west_heavy,test,development,0.05
1295,2i,150.0,32,0.1286,30,143.75,False,3,7.2837,42.01,288.62,scenario_east_west_heavy,test,development,0.05
1300,2i,150.0,32,0.0001,32,143.49,False,3,6.3937,42.01,198.99,scenario_east_west_heavy,test,development,0.05
1305,2i,150.0,34,0.9434,32,143.49,False,3,5.3745,42.01,112.17,scenario_east_west_heavy,test,development,0.05
1310,2i,150.0,30,0.7628,26,143.49,False,3,3.9142,35.15,73.72,scenario_east_west_heavy,test,development,0.05
1315,2i,150.0,27,0.2774,26,143.49,False,2,0.0,42.01,73.72,scenario_east_west_heavy,test,development,0.05
1320,2i,150.0,26,0.0,26,143.49,False,2,0.0,42.01,73.72,scenario_east_west_heavy,test,development,0.05
1325,2i,150.0,28,1.162,26,143.49,False,2,0.0,42.01,73.72,scenario_east_west_heavy,test,development,0.05
1330,2i,150.0,28,1.2173,26,143.49,False,2,0.0,42.01,73.72,scenario_east_west_heavy,test,development,0.05
1335,2i,150.0,27,0.254,26,143.49,False,2,0.0,42.01,73.72,scenario_east_west_heavy,test,development,0.05
1340,2i,150.0,26,0.1721,25,143.49,False,2,0.0,42.01,73.72,scenario_east_west_heavy,test,development,0.05
1345,2i,150.0,26,1.742,20,143.49,False,2,0.0,42.01,73.72,scenario_east_west_heavy,test,development,0.05
1350,2i,150.0,26,1.118,19,143.49,False,2,1.0049,34.98,73.72,scenario_east_west_heavy,test,development,0.05
1355,2i,150.0,26,0.5674,20,143.49,False,2,0.9714,27.11,70.58,scenario_east_west_heavy,test,development,0.05
1360,2i,150.0,26,0.3867,20,143.49,False,2,1.4256,27.01,60.79,scenario_east_west_heavy,test,development,0.05
1365,2i,150.0,28,1.5829,19,143.45,False,2,0.029,27.01,58.78,scenario_east_west_heavy,test,development,0.05
1370,2i,150.0,29,0.8013,22,149.19,True,2,0.0001,27.01,58.72,scenario_east_west_heavy,test,development,0.05
1375,2i,150.0,30,0.2684,24,109.69,False,2,0.0,27.01,58.72,scenario_east_west_heavy,test,development,0.05
1380,2i,150.0,32,0.5728,27,124.72,False,2,0.0,27.01,58.72,scenario_east_west_heavy,test,development,0.05
1385,2i,150.0,34,0.9224,31,143.94,False,3,9.2567,27.01,483.3,scenario_east_west_heavy,test,development,0.05
1390,2i,150.0,34,0.2076,32,147.54,True,3,6.7564,27.01,367.88,scenario_east_west_heavy,test,development,0.05
1395,2i,150.0,34,0.0012,34,147.49,True,3,5.7619,27.01,276.06,scenario_east_west_heavy,test,development,0.05
1400,2i,150.0,31,0.3573,28,147.49,True,3,5.659,27.01,186.26,scenario_east_west_heavy,test,development,0.05
1405,2i,150.0,30,1.2724,27,147.49,True,3,5.0953,27.01,102.47,scenario_east_west_heavy,test,development,0.05
1410,2i,150.0,28,0.4902,27,147.49,True,3,4.5755,21.87,58.72,scenario_east_west_heavy,test,development,0.05
1415,2i,150.0,27,0.0,27,147.49,True,2,0.0,27.01,58.72,scenario_east_west_heavy,test,development,0.05
1420,2i,150.0,28,0.5877,27,147.49,True,2,0.0,27.01,58.72,scenario_east_west_heavy,test,development,0.05
1425,2i,150.0,29,1.1279,27,147.49,True,2,0.0,27.01,58.72,scenario_east_west_heavy,test,development,0.05
1430,2i,150.0,27,0.6633,24,147.49,True,2,0.0,27.01,58.72,scenario_east_west_heavy,test,development,0.05
1435,2i,150.0,26,0.3667,22,147.49,True,2,1.1112,21.92,58.72,scenario_east_west_heavy,test,development,0.05
1440,2i,150.0,28,1.7442,21,147.49,True,2,0.6043,12.07,57.01,scenario_east_west_heavy,test,development,0.05
1445,2i,150.0,28,1.1372,21,147.49,True,2,0.5904,12.0,47.6,scenario_east_west_heavy,test,development,0.05
1450,2i,150.0,28,0.4358,22,147.49,True,2,0.0019,12.0,43.72,scenario_east_west_heavy,test,development,0.05
1455,2i,150.0,28,0.372,23,147.46,True,2,0.0,12.0,43.72,scenario_east_west_heavy,test,development,0.05
1460,2i,150.0,30,1.462,20,146.23,True,2,0.0,12.0,43.72,scenario_east_west_heavy,test,development,0.05
1465,2i,150.0,31,1.1029,22,102.64,False,2,0.0,12.0,43.72,scenario_east_west_heavy,test,development,0.05
1470,2i,150.0,32,0.4239,27,143.1,False,2,0.0,12.0,43.72,scenario_east_west_heavy,test,development,0.05
1475,2i,150.0,32,0.0497,31,144.27,False,2,0.0001,12.0,43.72,scenario_east_west_heavy,test,development,0.05
1480,2i,150.0,34,0.7991,32,143.51,False,2,0.0,12.0,43.72,scenario_east_west_heavy,test,development,0.05
1485,2i,150.0,34,0.6147,32,143.49,False,2,0.0,12.0,43.72,scenario_east_west_heavy,test,development,0.05
1490,2i,150.0,31,0.6367,26,143.49,False,2,0.0,12.0,43.72,scenario_east_west_heavy,test,development,0.05
1495,2i,150.0,27,0.1456,26,143.49,False,2,0.0,12.0,43.72,scenario_east_west_heavy,test,development,0.05
1500,2i,150.0,28,1.1161,26,143.49,False,2,0.0,12.0,43.72,scenario_east_west_heavy,test,development,0.05
1505,2i,150.0,28,1.0913,26,143.49,False,2,0.0,12.0,43.72,scenario_east_west_heavy,test,development,0.05
1510,2i,150.0,26,0.0,26,143.49,False,2,0.0,12.0,43.72,scenario_east_west_heavy,test,development,0.05
1515,2i,150.0,27,0.7079,26,143.49,False,2,0.0,12.0,43.72,scenario_east_west_heavy,test,development,0.05
1520,2i,150.0,26,1.1576,23,143.49,False,2,0.7892,10.42,43.72,scenario_east_west_heavy,test,development,0.05
1525,2i,150.0,25,1.1157,20,143.49,False,1,0.3526,43.37,43.37,scenario_east_west_heavy,test,development,0.05
1530,2i,150.0,26,1.2952,20,143.49,False,1,2.0198,32.87,32.87,scenario_east_west_heavy,test,development,0.05
1535,2i,150.0,27,1.8071,20,143.49,False,1,0.072,28.78,28.78,scenario_east_west_heavy,test,development,0.05
1540,2i,150.0,27,1.0773,17,143.49,False,1,0.0001,28.72,28.72,scenario_east_west_heavy,test,development,0.05
1545,2i,150.0,27,0.4747,19,143.42,False,1,0.0,28.72,28.72,scenario_east_west_heavy,test,development,0.05
1550,2i,150.0,28,0.8994,20,140.53,False,1,0.0,28.72,28.72,scenario_east_west_heavy,test,development,0.05
1555,2i,150.0,30,1.5239,24,114.31,False,1,0.0,28.72,28.72,scenario_east_west_heavy,test,development,0.05
1560,2i,150.0,31,0.5765,29,148.18,True,1,0.0,28.72,28.72,scenario_east_west_heavy,test,development,0.05
1565,2i,150.0,31,0.017,30,145.31,True,1,0.0,28.72,28.72,scenario_east_west_heavy,test,development,0.05
1570,2i,150.0,32,0.59,31,145.2,True,1,0.0,28.72,28.72,scenario_east_west_heavy,test,development,0.05
1575,2i,150.0,33,1.1149,31,145.2,True,1,0.0,28.72,28.72,scenario_east_west_heavy,test,development,0.05
1580,2i,150.0,29,0.7439,25,145.2,True,1,0.0,28.72,28.72,scenario_east_west_heavy,test,development,0.05
1585,2i,150.0,25,0.0,25,145.2,True,1,0.0,28.72,28.72,scenario_east_west_heavy,test,development,0.05
1590,2i,150.0,26,0.6453,25,145.2,True,1,0.0,28.72,28.72,scenario_east_west_heavy,test,development,0.05
1595,2i,150.0,27,1.5065,25,145.2,True,1,0.0,28.72,28.72,scenario_east_west_heavy,test,development,0.05
1600,2i,150.0,26,0.4427,25,145.2,True,1,0.0,28.72,28.72,scenario_east_west_heavy,test,development,0.05
1605,2i,150.0,25,0.0,25,145.2,True,1,0.0,28.72,28.72,scenario_east_west_heavy,test,development,0.05
1610,2i,150.0,25,0.8134,22,145.2,True,1,0.0,28.72,28.72,scenario_east_west_heavy,test,development,0.05
1615,2i,150.0,24,0.9802,18,145.2,True,1,5.6251,16.96,16.96,scenario_east_west_heavy,test,development,0.05
1620,2i,150.0,25,1.0463,19,145.2,True,1,0.1344,11.2,11.2,scenario_east_west_heavy,test,development,0.05
1625,2i,150.0,25,0.9502,17,145.2,True,1,0.0006,11.1,11.1,scenario_east_west_heavy,test,development,0.05
1630,2i,150.0,26,1.0004,18,145.2,True,1,0.0,11.1,11.1,scenario_east_west_heavy,test,development,0.05
1635,2i,150.0,27,1.4353,19,144.94,False,1,0.0,11.1,11.1,scenario_east_west_heavy,test,development,0.05
1640,2i,150.0,27,0.5198,18,88.19,False,1,0.0,11.1,11.1,scenario_east_west_heavy,test,development,0.05
1645,2i,150.0,29,0.8058,24,107.32,False,1,0.0,11.1,11.1,scenario_east_west_heavy,test,development,0.05
1650,2i,150.0,29,0.6474,27,128.09,False,1,0.0,11.1,11.1,scenario_east_west_heavy,test,development,0.05
1655,2i,150.0,31,0.7929,29,147.47,True,1,0.0,11.1,11.1,scenario_east_west_heavy,test,development,0.05
1660,2i,150.0,31,0.1831,30,147.3,True,1,0.0,11.1,11.1,scenario_east_west_heavy,test,development,0.05
1665,2i,150.0,32,0.5831,31,147.3,True,1,0.0,11.1,11.1,scenario_east_west_heavy,test,development,0.05
1670,2i,150.0,28,0.6352,25,147.3,True,1,0.0,11.1,11.1,scenario_east_west_heavy,test,development,0.05
1675,2i,150.0,26,0.7242,25,147.3,True,1,0.0,11.1,11.1,scenario_east_west_heavy,test,development,0.05
1680,2i,150.0,25,0.0,25,147.3,True,1,0.0,11.1,11.1,scenario_east_west_heavy,test,development,0.05
1685,2i,150.0,26,0.5659,25,147.3,True,1,0.0,11.1,11.1,scenario_east_west_heavy,test,development,0.05
1690,2i,150.0,27,1.6538,25,147.3,True,1,0.0,11.1,11.1,scenario_east_west_heavy,test,development,0.05
1695,2i,150.0,26,0.5573,25,147.3,True,1,0.0,11.1,11.1,scenario_east_west_heavy,test,development,0.05
1700,2i,150.0,25,0.3158,22,147.3,True,1,1.5568,9.55,9.55,scenario_east_west_heavy,test,development,0.05
1705,2i,150.0,24,0.8626,19,147.3,True,0,,,,scenario_east_west_heavy,test,development,0.05
1710,2i,150.0,25,1.6579,18,147.3,True,0,,,,scenario_east_west_heavy,test,development,0.05
1715,2i,150.0,25,1.0657,20,147.3,True,0,,,,scenario_east_west_heavy,test,development,0.05
1720,2i,150.0,25,0.4552,19,147.3,True,0,,,,scenario_east_west_heavy,test,development,0.05
1725,2i,150.0,26,1.09,19,147.06,True,1,26.8472,403.05,403.05,scenario_east_west_heavy,test,development,0.05
1730,2i,150.0,27,0.6435,21,149.06,True,1,13.9803,306.73,306.73,scenario_east_west_heavy,test,development,0.05
1735,2i,150.0,29,0.7676,23,109.89,False,1,15.7628,225.54,225.54,scenario_east_west_heavy,test,development,0.05
1740,2i,150.0,31,0.8754,26,133.64,False,1,14.1291,139.23,139.23,scenario_east_west_heavy,test,development,0.05
1745,2i,150.0,32,0.6711,29,145.46,True,1,15.2415,55.34,55.34,scenario_east_west_heavy,test,development,0.05
1750,2i,150.0,33,0.7453,30,149.24,True,1,4.0609,10.86,10.86,scenario_east_west_heavy,test,development,0.05
1755,2i,150.0,33,0.1978,32,149.2,True,1,0.0047,9.0,9.0,scenario_east_west_heavy,test,development,0.05
1760,2i,150.0,29,0.7084,26,149.2,True,0,,,,scenario_east_west_heavy,test,development,0.05
1765,2i,150.0,28,0.9215,26,149.2,True,0,,,,scenario_east_west_heavy,test,development,0.05
1770,2i,150.0,26,0.0,26,149.2,True,0,,,,scenario_east_west_heavy,test,development,0.05
1775,2i,150.0,27,0.6961,26,149.2,True,0,,,,scenario_east_west_heavy,test,development,0.05
1780,2i,150.0,28,1.0397,26,149.2,True,0,,,,scenario_east_west_heavy,test,development,0.05
1785,2i,150.0,28,0.5047,27,149.2,True,0,,,,scenario_east_west_heavy,test,development,0.05
1790,2i,150.0,26,0.0412,24,149.2,True,0,,,,scenario_east_west_heavy,test,development,0.05
1795,2i,150.0,27,0.9076,22,149.2,True,0,,,,scenario_east_west_heavy,test,development,0.05
1800,2i,150.0,28,1.3153,21,149.2,True,0,,,,scenario_east_west_heavy,test,development,0.05
1805,2i,150.0,28,1.0408,20,149.2,True,0,,,,scenario_east_west_heavy,test,development,0.05
1810,2i,150.0,29,1.0962,21,149.2,True,0,,,,scenario_east_west_heavy,test,development,0.05
1815,2i,150.0,29,0.6692,22,149.17,True,1,18.9256,436.74,436.74,scenario_east_west_heavy,test,development,0.05
1820,2i,150.0,30,0.8821,22,147.01,True,1,14.3932,351.23,351.23,scenario_east_west_heavy,test,development,0.05
1825,2i,150.0,31,0.437,24,109.81,False,1,6.8932,301.76,301.76,scenario_east_west_heavy,test,development,0.05
1830,2i,150.0,33,0.654,29,128.8,False,1,0.0838,288.73,288.73,scenario_east_west_heavy,test,development,0.05
1835,2i,150.0,34,0.1455,33,145.3,True,1,0.0002,288.68,288.68,scenario_east_west_heavy,test,development,0.05
1840,2i,150.0,36,0.4747,35,148.57,True,2,8.8204,288.67,395.97,scenario_east_west_heavy,test,development,0.05
1845,2i,150.0,36,0.1084,35,148.49,True,2,7.4071,288.3,316.89,scenario_east_west_heavy,test,development,0.05
1850,2i,150.0,34,0.8259,29,148.49,True,2,8.3913,237.64,286.28,scenario_east_west_heavy,test,development,0.05
1855,2i,150.0,31,0.4923,28,148.49,True,2,9.4681,151.05,280.62,scenario_east_west_heavy,test,development,0.05
1860,2i,150.0,30,0.8727,28,148.49,True,2,9.976,65.33,274.69,scenario_east_west_heavy,test,development,0.05
1865,2i,150.0,29,0.9077,28,148.49,True,1,0.4816,272.19,272.19,scenario_east_west_heavy,test,development,0.05
1870,2i,150.0,29,0.5871,28,148.49,True,1,0.0062,271.98,271.98,scenario_east_west_heavy,test,development,0.05
1875,2i,150.0,29,0.6058,28,148.49,True,1,0.0002,271.97,271.97,scenario_east_west_heavy,test,development,0.05
1880,2i,150.0,28,0.5249,26,148.49,True,1,0.0,271.97,271.97,scenario_east_west_heavy,test,development,0.05
1885,2i,150.0,29,1.2488,22,148.49,True,1,0.0,271.97,271.97,scenario_east_west_heavy,test,development,0.05
1890,2i,150.0,29,0.9,22,148.49,True,1,0.0,271.97,271.97,scenario_east_west_heavy,test,development,0.05
1895,2i,150.0,30,0.9175,22,148.49,True,1,0.0,271.97,271.97,scenario_east_west_heavy,test,development,0.05
1900,2i,150.0,30,0.5833,23,148.49,True,1,0.0,271.97,271.97,scenario_east_west_heavy,test,development,0.05
1905,2i,150.0,31,1.0501,26,148.49,True,1,0.0,271.97,271.97,scenario_east_west_heavy,test,development,0.05
1910,2i,150.0,31,0.7389,24,148.14,True,1,0.0,271.97,271.97,scenario_east_west_heavy,test,development,0.05
1915,2i,150.0,32,0.7435,23,145.07,True,1,0.0,271.97,271.97,scenario_east_west_heavy,test,development,0.05
1920,2i,150.0,32,0.312,28,122.99,False,1,0.0,271.97,271.97,scenario_east_west_heavy,test,development,0.05
1925,2i,150.0,34,0.7435,33,148.09,True,1,0.0007,271.97,271.97,scenario_east_west_heavy,test,development,0.05
1930,2i,150.0,35,0.7733,33,147.27,True,1,0.0424,271.9,271.9,scenario_east_west_heavy,test,development,0.05
1935,2i,150.0,35,0.4079,33,147.16,True,1,0.2356,270.96,270.96,scenario_east_west_heavy,test,development,0.05
1940,2i,150.0,31,0.4211,28,147.16,True,1,0.6807,267.26,267.26,scenario_east_west_heavy,test,development,0.05
1945,2i,150.0,28,0.0,28,147.16,True,1,0.8611,263.03,263.03,scenario_east_west_heavy,test,development,0.05
1950,2i,150.0,30,1.1066,28,147.16,True,1,0.2127,258.84,258.84,scenario_east_west_heavy,test,development,0.05
1955,2i,150.0,30,0.9711,28,147.16,True,1,0.0387,258.03,258.03,scenario_east_west_heavy,test,development,0.05
1960,2i,150.0,28,0.0,28,147.16,True,1,0.0063,257.93,257.93,scenario_east_west_heavy,test,development,0.05
1965,2i,150.0,28,0.0,28,147.16,True,1,0.0004,257.93,257.93,scenario_east_west_heavy,test,development,0.05
1970,2i,150.0,28,1.2477,25,147.16,True,1,0.0,257.93,257.93,scenario_east_west_heavy,test,development,0.05
1975,2i,150.0,27,1.3906,22,147.16,True,1,0.0,257.93,257.93,scenario_east_west_heavy,test,development,0.05
1980,2i,150.0,27,0.3214,21,147.16,True,1,0.0,257.93,257.93,scenario_east_west_heavy,test,development,0.05
1985,2i,150.0,27,0.2958,21,147.16,True,1,0.0,257.93,257.93,scenario_east_west_heavy,test,development,0.05
1990,2i,150.0,29,1.4035,24,147.16,True,1,0.0,257.93,257.93,scenario_east_west_heavy,test,development,0.05
1995,2i,150.0,29,1.0517,23,147.15,True,1,0.0,257.93,257.93,scenario_east_west_heavy,test,development,0.05
2000,2i,150.0,29,0.4994,24,146.69,True,1,0.0,257.93,257.93,scenario_east_west_heavy,test,development,0.05
2005,2i,150.0,30,0.2367,25,148.2,True,1,0.0,257.93,257.93,scenario_east_west_heavy,test,development,0.05
2010,2i,150.0,33,1.0326,28,123.38,False,1,0.0,257.93,257.93,scenario_east_west_heavy,test,development,0.05
2015,2i,150.0,33,0.5449,31,143.75,False,1,0.005,257.92,257.92,scenario_east_west_heavy,test,development,0.05
2020,2i,150.0,33,0.0233,32,143.19,False,1,0.1025,257.66,257.66,scenario_east_west_heavy,test,development,0.05
2025,2i,150.0,34,0.4264,33,143.16,False,1,0.459,255.6,255.6,scenario_east_west_heavy,test,development,0.05
2030,2i,150.0,32,1.2336,27,143.16,False,1,1.0205,251.12,251.12,scenario_east_west_heavy,test,development,0.05
2035,2i,150.0,29,0.6521,27,143.16,False,1,0.7801,246.81,246.81,scenario_east_west_heavy,test,development,0.05
2040,2i,150.0,27,0.0,27,143.16,False,1,0.0814,246.03,246.03,scenario_east_west_heavy,test,development,0.05
2045,2i,150.0,29,1.1236,27,143.16,False,1,0.0029,245.93,245.93,scenario_east_west_heavy,test,development,0.05
2050,2i,150.0,29,1.2719,27,143.16,False,1,0.0001,245.92,245.92,scenario_east_west_heavy,test,development,0.05
2055,2i,150.0,28,0.1687,27,143.16,False,1,0.0,245.92,245.92,scenario_east_west_heavy,test,development,0.05
2060,2i,150.0,26,0.0814,25,143.16,False,1,0.0,245.92,245.92,scenario_east_west_heavy,test,development,0.05
2065,2i,150.0,25,1.1738,21,143.16,False,1,0.0,245.92,245.92,scenario_east_west_heavy,test,development,0.05
2070,2i,150.0,26,1.4617,18,143.16,False,2,10.6626,245.92,387.77,scenario_east_west_heavy,test,development,0.05
2075,2i,150.0,26,0.8121,17,143.16,False,2,9.5066,245.92,284.95,scenario_east_west_heavy,test,development,0.05
2080,2i,150.0,26,0.6996,17,143.16,False,2,10.1084,186.49,245.92,scenario_east_west_heavy,test,development,0.05
2085,2i,150.0,28,1.6931,18,143.15,False,2,8.5045,95.91,245.92,scenario_east_west_heavy,test,development,0.05
2090,2i,150.0,29,1.0589,19,149.17,True,2,4.1437,31.09,245.92,scenario_east_west_heavy,test,development,0.05
2095,2i,150.0,29,0.2974,22,96.43,False,2,0.0244,22.05,245.92,scenario_east_west_heavy,test,development,0.05
2100,2i,150.0,31,0.7098,26,116.58,False,2,0.0,22.04,245.92,scenario_east_west_heavy,test,development,0.05
2105,2i,150.0,33,1.0238,30,139.31,False,2,0.0635,22.04,245.67,scenario_east_west_heavy,test,development,0.05
2110,2i,150.0,34,0.3686,32,146.44,True,2,0.3718,22.04,243.54,scenario_east_west_heavy,test,development,0.05
2115,2i,150.0,34,0.0007,34,146.17,True,2,0.4968,22.04,238.4,scenario_east_west_heavy,test,development,0.05
2120,2i,150.0,30,0.6482,28,146.16,True,2,2.6256,16.24,231.11,scenario_east_west_heavy,test,development,0.05
2125,2i,150.0,30,1.2419,27,146.16,True,1,0.2506,227.38,227.38,scenario_east_west_heavy,test,development,0.05
2130,2i,150.0,28,0.4243,27,146.16,True,1,0.0372,226.98,226.98,scenario_east_west_heavy,test,development,0.05
2135,2i,150.0,27,0.0,27,146.16,True,1,0.0033,226.92,226.92,scenario_east_west_heavy,test,development,0.05
2140,2i,150.0,28,0.632,27,146.16,True,1,0.0,226.92,226.92,scenario_east_west_heavy,test,development,0.05
2145,2i,150.0,29,1.2003,27,146.16,True,1,0.0,226.92,226.92,scenario_east_west_heavy,test,development,0.05
2150,2i,150.0,27,0.361,24,146.16,True,1,0.0,226.92,226.92,scenario_east_west_heavy,test,development,0.05
2155,2i,150.0,26,0.4071,22,146.16,True,1,0.0,226.92,226.92,scenario_east_west_heavy,test,development,0.05
2160,2i,150.0,28,1.4404,21,146.16,True,1,0.0,226.92,226.92,scenario_east_west_heavy,test,development,0.05
2165,2i,150.0,28,1.3281,20,146.16,True,1,0.0,226.92,226.92,scenario_east_west_heavy,test,development,0.05
2170,2i,150.0,28,0.5861,19,146.16,True,1,0.0,226.92,226.92,scenario_east_west_heavy,test,development,0.05
2175,2i,150.0,28,0.3361,23,146.14,True,1,0.0,226.92,226.92,scenario_east_west_heavy,test,development,0.05
2180,2i,150.0,30,1.5841,20,144.47,False,1,0.0,226.92,226.92,scenario_east_west_heavy,test,development,0.05
2185,2i,150.0,30,0.831,24,109.58,False,1,0.0002,226.92,226.92,scenario_east_west_heavy,test,development,0.05
2190,2i,150.0,31,0.1116,27,123.36,False,1,0.1282,226.71,226.71,scenario_east_west_heavy,test,development,0.05
2195,2i,150.0,31,0.0058,31,144.05,False,1,0.5564,224.82,224.82,scenario_east_west_heavy,test,development,0.05
2200,2i,150.0,32,0.5045,31,143.87,False,1,1.2873,219.76,219.76,scenario_east_west_heavy,test,development,0.05
2205,2i,150.0,33,0.5103,31,143.87,False,1,1.2199,213.69,213.69,scenario_east_west_heavy,test,development,0.05
2210,2i,150.0,28,0.5456,25,143.87,False,1,0.1452,212.09,212.09,scenario_east_west_heavy,test,development,0.05
2215,2i,150.0,27,0.9365,25,143.87,False,1,0.0071,211.92,211.92,scenario_east_west_heavy,test,development,0.05
2220,2i,150.0,27,1.3135,25,143.87,False,1,0.0,211.92,211.92,scenario_east_west_heavy,test,development,0.05
2225,2i,150.0,26,0.4652,25,143.87,False,1,0.0,211.92,211.92,scenario_east_west_heavy,test,development,0.05
2230,2i,150.0,25,0.0,25,143.87,False,1,0.0,211.92,211.92,scenario_east_west_heavy,test,development,0.05
2235,2i,150.0,26,0.7087,25,143.87,False,1,0.0,211.92,211.92,scenario_east_west_heavy,test,development,0.05
2240,2i,150.0,25,1.421,23,143.87,False,1,0.0,211.92,211.92,scenario_east_west_heavy,test,development,0.05
2245,2i,150.0,24,1.1482,19,143.87,False,1,0.0,211.92,211.92,scenario_east_west_heavy,test,development,0.05
2250,2i,150.0,24,0.5962,18,143.87,False,1,0.0,211.92,211.92,scenario_east_west_heavy,test,development,0.05
2255,2i,150.0,25,1.1324,18,143.87,False,1,0.0,211.92,211.92,scenario_east_west_heavy,test,development,0.05
2260,2i,150.0,26,1.5054,19,143.87,False,1,0.0,211.92,211.92,scenario_east_west_heavy,test,development,0.05
2265,2i,150.0,26,0.5866,17,143.27,False,1,0.0,211.92,211.92,scenario_east_west_heavy,test,development,0.05
2270,2i,150.0,28,1.0219,20,148.26,True,1,0.0,211.92,211.92,scenario_east_west_heavy,test,development,0.05
2275,2i,150.0,30,1.5661,24,113.65,False,1,0.0955,211.81,211.81,scenario_east_west_heavy,test,development,0.05
2280,2i,150.0,31,0.6129,28,141.54,False,1,0.9291,210.13,210.13,scenario_east_west_heavy,test,development,0.05
2285,2i,150.0,31,0.0245,31,147.05,True,1,1.4762,205.68,205.68,scenario_east_west_heavy,test,development,0.05
2290,2i,150.0,32,0.5347,31,146.87,True,1,0.9195,199.8,199.8,scenario_east_west_heavy,test,development,0.05
2295,2i,150.0,33,1.0384,31,146.87,True,1,0.4957,197.17,197.17,scenario_east_west_heavy,test,development,0.05
2300,2i,150.0,29,1.0824,25,146.87,True,1,0.0102,196.93,196.93,scenario_east_west_heavy,test,development,0.05
2305,2i,150.0,26,0.3598,25,146.87,True,1,0.0004,196.91,196.91,scenario_east_west_heavy,test,development,0.05
2310,2i,150.0,26,0.6366,25,146.87,True,1,0.0,196.91,196.91,scenario_east_west_heavy,test,development,0.05
2315,2i,150.0,27,1.5272,25,146.87,True,1,0.0,196.91,196.91,scenario_east_west_heavy,test,development,0.05
2320,2i,150.0,26,0.5754,25,146.87,True,1,0.0,196.91,196.91,scenario_east_west_heavy,test,development,0.05
2325,2i,150.0,25,0.0,25,146.87,True,1,0.0,196.91,196.91,scenario_east_west_heavy,test,development,0.05
2330,2i,150.0,24,0.8501,22,146.87,True,1,0.0,196.91,196.91,scenario_east_west_heavy,test,development,0.05
2335,2i,150.0,24,2.0634,18,146.87,True,1,0.0,196.91,196.91,scenario_east_west_heavy,test,development,0.05
2340,2i,150.0,24,1.1718,17,146.87,True,1,0.0,196.91,196.91,scenario_east_west_heavy,test,development,0.05
2345,2i,150.0,25,1.3543,17,146.87,True,1,0.0,196.91,196.91,scenario_east_west_heavy,test,development,0.05
2350,2i,150.0,25,1.1091,17,146.87,True,1,0.0,196.91,196.91,scenario_east_west_heavy,test,development,0.05
2355,2i,150.0,26,1.6219,16,146.65,True,1,0.0,196.91,196.91,scenario_east_west_heavy,test,development,0.05
2360,2i,150.0,27,0.8084,17,73.74,False,1,0.0034,196.91,196.91,scenario_east_west_heavy,test,development,0.05
2365,2i,150.0,28,1.0156,21,91.65,False,1,0.362,196.3,196.3,scenario_east_west_heavy,test,development,0.05
2370,2i,150.0,29,0.677,25,119.86,False,1,0.5213,192.53,192.53,scenario_east_west_heavy,test,development,0.05
2375,2i,150.0,31,1.3021,28,145.18,True,1,1.1772,186.04,186.04,scenario_east_west_heavy,test,development,0.05
2380,2i,150.0,32,1.3209,29,144.2,False,1,0.6661,178.38,178.38,scenario_east_west_heavy,test,development,0.05
2385,2i,150.0,36,2.2338,30,144.19,False,1,0.0793,176.26,176.26,scenario_east_west_heavy,test,development,0.05
2390,2i,150.0,33,1.9159,26,144.19,False,1,0.0025,176.2,176.2,scenario_east_west_heavy,test,development,0.05
2395,2i,150.0,32,0.8383,26,144.19,False,1,0.0003,176.2,176.2,scenario_east_west_heavy,test,development,0.05
2400,2i,150.0,32,0.7606,26,144.19,False,1,0.0,176.2,176.2,scenario_east_west_heavy,test,development,0.05
2405,2i,150.0,32,0.4707,30,144.19,False,1,0.0,176.2,176.2,scenario_east_west_heavy,test,development,0.05
2410,2i,150.0,32,0.2904,31,144.19,False,1,0.0,176.2,176.2,scenario_east_west_heavy,test,development,0.05
2415,2i,150.0,33,0.5966,32,144.19,False,1,0.0,176.2,176.2,scenario_east_west_heavy,test,development,0.05
2420,2i,150.0,32,0.4313,28,144.19,False,1,0.0,176.2,176.2,scenario_east_west_heavy,test,development,0.05
2425,2i,150.0,32,0.5394,29,144.19,False,1,0.0,176.2,176.2,scenario_east_west_heavy,test,development,0.05
2430,2i,150.0,33,0.9774,31,144.19,False,1,0.0,176.2,176.2,scenario_east_west_heavy,test,development,0.05
2435,2i,150.0,33,0.8409,29,144.19,False,1,0.0,176.2,176.2,scenario_east_west_heavy,test,development,0.05
2440,2i,150.0,33,0.1715,31,144.19,False,1,0.0,176.2,176.2,scenario_east_west_heavy,test,development,0.05
2445,2i,150.0,34,0.7238,30,144.19,False,1,0.0,176.2,176.2,scenario_east_west_heavy,test,development,0.05
2450,2i,150.0,35,0.9781,31,144.19,False,1,0.0,176.2,176.2,scenario_east_west_heavy,test,development,0.05
2455,2i,150.0,35,0.5892,34,144.19,False,1,0.0,176.2,176.2,scenario_east_west_heavy,test,development,0.05
2460,2i,150.0,36,0.5905,34,143.55,False,1,0.0005,176.2,176.2,scenario_east_west_heavy,test,development,0.05
2465,2i,150.0,37,0.4282,36,148.84,True,1,0.2146,175.85,175.85,scenario_east_west_heavy,test,development,0.05
2470,2i,150.0,38,0.624,36,147.51,True,1,0.36,174.14,174.14,scenario_east_west_heavy,test,development,0.05
2475,2i,150.0,38,0.3409,37,146.26,True,1,0.3198,172.65,172.65,scenario_east_west_heavy,test,development,0.05
2480,2i,150.0,37,0.6126,34,145.99,True,1,0.1691,171.32,171.32,scenario_east_west_heavy,test,development,0.05
2485,2i,150.0,35,0.3199,34,145.98,True,1,0.0191,171.01,171.01,scenario_east_west_heavy,test,development,0.05
2490,2i,150.0,35,0.0086,35,145.98,True,1,0.0013,170.99,170.99,scenario_east_west_heavy,test,development,0.05
2495,2i,150.0,36,0.4343,35,145.98,True,1,0.0,170.99,170.99,scenario_east_west_heavy,test,development,0.05
2500,2i,150.0,37,0.7727,35,145.98,True,1,0.0002,170.99,170.99,scenario_east_west_heavy,test,development,0.05
2505,2i,150.0,37,0.1044,35,145.98,True,1,0.0,170.99,170.99,scenario_east_west_heavy,test,development,0.05
2510,2i,150.0,36,0.614,32,145.98,True,1,0.0,170.99,170.99,scenario_east_west_heavy,test,development,0.05
2515,2i,150.0,35,0.5019,29,145.98,True,1,0.0,170.99,170.99,scenario_east_west_heavy,test,development,0.05
2520,2i,150.0,36,0.5385,30,145.98,True,1,0.0,170.99,170.99,scenario_east_west_heavy,test,development,0.05
2525,2i,150.0,36,0.3309,32,145.98,True,1,0.0,170.99,170.99,scenario_east_west_heavy,test,development,0.05
2530,2i,150.0,36,0.2146,35,145.98,True,1,0.0,170.99,170.99,scenario_east_west_heavy,test,development,0.05
2535,2i,150.0,38,0.9679,36,145.97,True,1,0.0,170.99,170.99,scenario_east_west_heavy,test,development,0.05
2540,2i,150.0,38,0.5465,35,143.96,False,1,0.0336,170.94,170.94,scenario_east_west_heavy,test,development,0.05
2545,2i,150.0,39,0.123,37,140.56,False,1,0.259,168.99,168.99,scenario_east_west_heavy,test,development,0.05
2550,2i,150.0,40,0.4307,39,146.84,True,1,0.447,165.85,165.85,scenario_east_west_heavy,test,development,0.05
2555,2i,150.0,41,0.5058,39,146.53,True,1,0.0269,164.73,164.73,scenario_east_west_heavy,test,development,0.05
2560,2i,150.0,41,0.1977,40,146.26,True,1,0.0564,164.49,164.49,scenario_east_west_heavy,test,development,0.05
2565,2i,150.0,41,0.0865,40,146.15,True,1,0.0571,164.22,164.22,scenario_east_west_heavy,test,development,0.05
2570,2i,150.0,39,0.1272,37,146.15,True,1,0.0025,164.16,164.16,scenario_east_west_heavy,test,development,0.05
2575,2i,150.0,40,0.922,37,146.15,True,1,0.0,164.15,164.15,scenario_east_west_heavy,test,development,0.05
2580,2i,150.0,39,0.3349,37,146.15,True,1,0.0,164.15,164.15,scenario_east_west_heavy,test,development,0.05
2585,2i,150.0,38,0.0001,38,146.15,True,1,0.0,164.15,164.15,scenario_east_west_heavy,test,development,0.05
2590,2i,150.0,39,0.392,38,146.15,True,1,0.0,164.15,164.15,scenario_east_west_heavy,test,development,0.05
2595,2i,150.0,40,0.5036,38,146.15,True,1,0.0,164.15,164.15,scenario_east_west_heavy,test,development,0.05
2600,2i,150.0,38,0.0838,36,146.15,True,1,0.0,164.15,164.15,scenario_east_west_heavy,test,development,0.05
2605,2i,150.0,36,0.447,29,146.15,True,1,0.0,164.15,164.15,scenario_east_west_heavy,test,development,0.05
2610,2i,150.0,37,0.9253,27,146.15,True,1,0.0,164.15,164.15,scenario_east_west_heavy,test,development,0.05
2615,2i,150.0,38,0.8895,26,146.15,True,1,0.0,164.15,164.15,scenario_east_west_heavy,test,development,0.05
2620,2i,150.0,38,0.3637,31,146.15,True,1,0.0,164.15,164.15,scenario_east_west_heavy,test,development,0.05
2625,2i,150.0,38,0.2697,33,146.11,True,1,0.0,164.15,164.15,scenario_east_west_heavy,test,development,0.05
2630,2i,150.0,40,0.9661,32,144.6,False,1,0.0477,164.07,164.07,scenario_east_west_heavy,test,development,0.05
2635,2i,150.0,41,0.5055,37,147.78,True,1,1.5449,160.75,160.75,scenario_east_west_heavy,test,development,0.05
2640,2i,150.0,42,0.2412,39,134.85,False,1,1.4916,156.03,156.03,scenario_east_west_heavy,test,development,0.05
2645,2i,150.0,42,0.0687,41,145.66,True,1,0.2664,152.72,152.72,scenario_east_west_heavy,test,development,0.05
2650,2i,150.0,43,0.4415,42,145.49,True,1,0.0287,152.5,152.5,scenario_east_west_heavy,test,development,0.05
2655,2i,150.0,44,0.4699,42,145.49,True,1,0.0001,152.49,152.49,scenario_east_west_heavy,test,development,0.05
2660,2i,150.0,40,0.42,35,145.49,True,1,0.0,152.49,152.49,scenario_east_west_heavy,test,development,0.05
2665,2i,150.0,35,0.3526,32,145.49,True,1,0.0,152.49,152.49,scenario_east_west_heavy,test,development,0.05
2670,2i,150.0,35,1.2695,28,145.49,True,1,0.0,152.49,152.49,scenario_east_west_heavy,test,development,0.05
2675,2i,150.0,34,1.5371,25,145.49,True,1,0.0,152.49,152.49,scenario_east_west_heavy,test,development,0.05
2680,2i,150.0,31,1.1565,25,145.49,True,1,0.0,152.49,152.49,scenario_east_west_heavy,test,development,0.05
2685,2i,150.0,31,0.6491,26,145.49,True,1,0.0,152.49,152.49,scenario_east_west_heavy,test,development,0.05
2690,2i,150.0,31,1.2877,27,145.49,True,1,0.0,152.49,152.49,scenario_east_west_heavy,test,development,0.05
2695,2i,150.0,30,0.8408,24,145.49,True,1,0.0,152.49,152.49,scenario_east_west_heavy,test,development,0.05
2700,2i,150.0,30,0.2579,26,145.49,True,1,0.0,152.49,152.49,scenario_east_west_heavy,test,development,0.05
2705,2i,150.0,31,0.7851,26,145.49,True,1,0.0,152.49,152.49,scenario_east_west_heavy,test,development,0.05
2710,2i,150.0,32,1.0394,25,145.49,True,1,0.0,152.49,152.49,scenario_east_west_heavy,test,development,0.05
2715,2i,150.0,32,0.5388,27,145.31,True,1,0.0598,152.4,152.4,scenario_east_west_heavy,test,development,0.05
2720,2i,150.0,32,0.237,28,142.22,False,1,0.8134,150.37,150.37,scenario_east_west_heavy,test,development,0.05
2725,2i,150.0,34,0.6396,31,131.35,False,1,0.8245,144.59,144.59,scenario_east_west_heavy,test,development,0.05
2730,2i,150.0,35,0.8277,33,140.96,False,1,0.4108,140.96,140.96,scenario_east_west_heavy,test,development,0.05
2735,2i,150.0,35,0.2103,34,140.49,False,1,0.046,140.49,140.49,scenario_east_west_heavy,test,development,0.05
2740,2i,150.0,35,0.0007,35,140.48,False,1,0.0002,140.48,140.48,scenario_east_west_heavy,test,development,0.05
2745,2i,150.0,37,0.9073,35,140.48,False,1,0.0,140.48,140.48,scenario_east_west_heavy,test,development,0.05
2750,2i,150.0,32,0.8827,28,140.48,False,2,12.0209,140.48,433.18,scenario_east_west_heavy,test,development,0.05
2755,2i,150.0,29,0.528,25,140.48,False,2,10.3214,140.48,323.53,scenario_east_west_heavy,test,development,0.05
2760,2i,150.0,27,0.9074,23,140.48,False,2,9.1359,140.48,227.91,scenario_east_west_heavy,test,development,0.05
2765,2i,150.0,26,1.5638,23,140.48,False,2,8.5214,136.94,140.48,scenario_east_west_heavy,test,development,0.05
2770,2i,150.0,25,1.3424,23,140.48,False,2,9.3171,51.72,140.48,scenario_east_west_heavy,test,development,0.05
2775,2i,150.0,25,0.1591,23,140.48,False,2,1.9883,1.98,140.48,scenario_east_west_heavy,test,development,0.05
2780,2i,150.0,23,0.0487,22,140.48,False,2,0.0,1.0,140.48,scenario_east_west_heavy,test,development,0.05
2785,2i,150.0,23,0.921,18,140.48,False,2,0.0,1.0,140.48,scenario_east_west_heavy,test,development,0.05
2790,2i,150.0,24,1.335,17,140.48,False,2,0.0,1.0,140.48,scenario_east_west_heavy,test,development,0.05
2795,2i,150.0,24,0.8718,18,140.48,False,2,0.0,1.0,140.48,scenario_east_west_heavy,test,development,0.05
2800,2i,150.0,25,0.9409,18,140.48,False,2,0.0001,1.0,140.48,scenario_east_west_heavy,test,development,0.05
2805,2i,150.0,25,0.973,19,139.0,False,2,0.2784,1.0,139.0,scenario_east_west_heavy,test,development,0.05
2810,2i,150.0,27,0.748,21,110.14,False,2,0.5415,1.0,133.27,scenario_east_west_heavy,test,development,0.05
2815,2i,150.0,27,0.3244,25,128.13,False,2,0.064,1.0,128.13,scenario_east_west_heavy,test,development,0.05
2820,2i,150.0,28,0.7129,26,140.46,False,2,0.0075,1.0,127.73,scenario_east_west_heavy,test,development,0.05
2825,2i,150.0,29,0.9742,27,140.43,False,2,0.0001,1.0,127.72,scenario_east_west_heavy,test,development,0.05
2830,2i,150.0,29,0.1084,28,140.43,False,2,0.0,1.0,127.72,scenario_east_west_heavy,test,development,0.05
2835,2i,150.0,29,0.0005,29,140.43,False,2,0.0,1.0,127.72,scenario_east_west_heavy,test,development,0.05
2840,2i,150.0,27,0.9718,22,140.43,False,1,0.0,127.72,127.72,scenario_east_west_heavy,test,development,0.05
2845,2i,150.0,25,1.5935,21,140.43,False,1,0.0,127.72,127.72,scenario_east_west_heavy,test,development,0.05
2850,2i,150.0,23,1.0961,21,140.43,False,1,0.0,127.72,127.72,scenario_east_west_heavy,test,development,0.05
2855,2i,150.0,21,0.0,21,140.43,False,1,0.0,127.72,127.72,scenario_east_west_heavy,test,development,0.05
2860,2i,150.0,22,0.7699,21,140.43,False,1,0.0,127.72,127.72,scenario_east_west_heavy,test,development,0.05
2865,2i,150.0,23,1.3362,21,140.43,False,1,0.0,127.72,127.72,scenario_east_west_heavy,test,development,0.05
2870,2i,150.0,21,0.3512,19,140.43,False,1,0.0,127.72,127.72,scenario_east_west_heavy,test,development,0.05
2875,2i,150.0,20,0.6075,16,140.43,False,1,0.0,127.72,127.72,scenario_east_west_heavy,test,development,0.05
2880,2i,150.0,22,2.3849,15,140.43,False,2,9.5609,127.72,390.01,scenario_east_west_heavy,test,development,0.05
2885,2i,150.0,22,1.4705,14,140.43,False,2,7.6598,127.72,306.42,scenario_east_west_heavy,test,development,0.05
2890,2i,150.0,22,0.6392,13,140.28,False,2,8.0765,127.38,223.15,scenario_east_west_heavy,test,development,0.05
2895,2i,150.0,23,1.2239,15,62.18,False,2,9.1,121.8,141.03,scenario_east_west_heavy,test,development,0.05
2900,2i,150.0,25,1.8713,19,98.08,False,2,8.8462,62.96,113.86,scenario_east_west_heavy,test,development,0.05
2905,2i,150.0,26,0.7963,22,121.53,False,2,1.678,19.47,108.14,scenario_east_west_heavy,test,development,0.05
2910,2i,150.0,27,0.0685,26,146.35,True,2,0.0024,19.04,107.77,scenario_east_west_heavy,test,development,0.05
2915,2i,150.0,29,0.607,28,149.56,True,2,0.0,19.04,107.77,scenario_east_west_heavy,test,development,0.05
2920,2i,150.0,30,0.9568,28,149.52,True,2,0.0,19.04,107.77,scenario_east_west_heavy,test,development,0.05
2925,2i,150.0,30,0.2387,29,149.52,True,2,0.0,19.04,107.77,scenario_east_west_heavy,test,development,0.05
2930,2i,150.0,26,0.3861,23,149.52,True,2,1.2246,14.82,107.77,scenario_east_west_heavy,test,development,0.05
2935,2i,150.0,24,0.9403,22,149.52,True,1,0.0,107.77,107.77,scenario_east_west_heavy,test,development,0.05
2940,2i,150.0,23,0.7392,22,149.52,True,1,0.0,107.77,107.77,scenario_east_west_heavy,test,development,0.05
2945,2i,150.0,26,2.6453,22,149.52,True,1,0.0,107.77,107.77,scenario_east_west_heavy,test,development,0.05
2950,2i,150.0,29,3.3977,22,149.52,True,1,0.0,107.77,107.77,scenario_east_west_heavy,test,development,0.05
2955,2i,150.0,29,1.7163,23,149.52,True,2,9.3169,107.77,391.97,scenario_east_west_heavy,test,development,0.05
2960,2i,150.0,28,0.9232,23,149.52,True,2,8.2669,107.77,305.23,scenario_east_west_heavy,test,development,0.05
2965,2i,150.0,27,0.5431,22,149.52,True,2,9.5826,107.77,216.95,scenario_east_west_heavy,test,development,0.05
2970,2i,150.0,28,0.653,27,149.52,True,3,13.9336,107.77,480.3,scenario_east_west_heavy,test,development,0.05
2975,2i,150.0,28,0.4444,27,149.52,True,3,9.4901,57.39,384.11,scenario_east_west_heavy,test,development,0.05
2980,2i,150.0,29,0.7609,27,149.52,True,3,5.3447,39.18,301.76,scenario_east_west_heavy,test,development,0.05
2985,2i,150.0,29,0.3236,28,149.26,True,4,10.7657,39.13,407.55,scenario_east_west_heavy,test,development,0.05
2990,2i,150.0,30,0.5782,29,148.2,True,4,9.7029,39.13,285.37,scenario_east_west_heavy,test,development,0.05
2995,2i,150.0,30,0.8148,24,147.52,True,4,8.7751,39.13,166.54,scenario_east_west_heavy,test,development,0.05
3000,2i,150.0,31,0.8817,27,145.62,True,4,6.0589,27.71,103.11,scenario_east_west_heavy,test,development,0.05
3005,2i,150.0,32,0.2455,31,149.02,True,5,6.5531,14.95,403.53,scenario_east_west_heavy,test,development,0.05
3010,2i,150.0,33,0.4458,32,148.86,True,5,5.447,9.01,268.26,scenario_east_west_heavy,test,development,0.05
3015,2i,150.0,34,0.8905,32,148.05,True,5,4.0443,9.0,148.7,scenario_east_west_heavy,test,development,0.05
3020,2i,150.0,31,0.683,29,146.68,True,4,4.1484,25.19,100.77,scenario_east_west_heavy,test,development,0.05
3025,2i,150.0,31,0.2854,30,146.52,True,4,2.208,1.8,100.77,scenario_east_west_heavy,test,development,0.05
3030,2i,150.0,31,0.4522,30,146.52,True,3,0.0,25.19,100.77,scenario_east_west_heavy,test,development,0.05
3035,2i,150.0,31,0.078,30,146.52,True,3,0.0,25.19,100.77,scenario_east_west_heavy,test,development,0.05
3040,2i,150.0,32,0.4963,31,146.52,True,3,0.0,25.19,100.77,scenario_east_west_heavy,test,development,0.05
3045,2i,150.0,32,0.5338,31,146.52,True,3,0.0,25.19,100.77,scenario_east_west_heavy,test,development,0.05
3050,2i,150.0,31,0.5917,28,146.52,True,3,0.0,25.19,100.77,scenario_east_west_heavy,test,development,0.05
3055,2i,150.0,31,0.8683,24,146.52,True,3,0.2726,24.22,100.77,scenario_east_west_heavy,test,development,0.05
3060,2i,150.0,31,0.5463,29,146.52,True,3,0.0031,23.4,100.77,scenario_east_west_heavy,test,development,0.05
3065,2i,150.0,32,0.9073,27,146.52,True,3,0.0864,23.25,100.61,scenario_east_west_heavy,test,development,0.05
3070,2i,150.0,32,0.4287,30,146.52,True,3,0.1758,21.29,98.31,scenario_east_west_heavy,test,development,0.05
3075,2i,150.0,32,0.2615,28,145.55,True,3,0.0239,21.28,97.8,scenario_east_west_heavy,test,development,0.05
3080,2i,150.0,34,0.5807,33,148.2,True,3,0.2789,17.68,96.45,scenario_east_west_heavy,test,development,0.05
3085,2i,150.0,35,0.78,33,147.45,True,3,0.026,17.66,95.7,scenario_east_west_heavy,test,development,0.05
3090,2i,150.0,35,0.4556,33,146.16,True,3,0.0577,17.66,94.32,scenario_east_west_heavy,test,development,0.05
3095,2i,150.0,36,0.5304,34,145.33,True,3,0.0091,17.66,93.79,scenario_east_west_heavy,test,development,0.05
3100,2i,150.0,36,0.1771,35,144.07,False,3,0.0002,17.66,93.77,scenario_east_west_heavy,test,development,0.05
3105,2i,150.0,37,0.3116,36,143.56,False,3,0.0,17.66,93.77,scenario_east_west_heavy,test,development,0.05
3110,2i,150.0,36,0.3158,33,143.52,False,3,0.0,17.66,93.77,scenario_east_west_heavy,test,development,0.05
3115,2i,150.0,35,0.6673,32,143.52,False,3,0.0,17.66,93.77,scenario_east_west_heavy,test,development,0.05
3120,2i,150.0,34,0.373,33,143.52,False,3,0.0,17.66,93.77,scenario_east_west_heavy,test,development,0.05
3125,2i,150.0,34,0.2967,33,143.52,False,3,0.0,17.66,93.77,scenario_east_west_heavy,test,development,0.05
3130,2i,150.0,34,0.0023,34,143.52,False,3,0.0,17.66,93.77,scenario_east_west_heavy,test,development,0.05
3135,2i,150.0,35,0.4807,34,143.52,False,3,0.0,17.66,93.77,scenario_east_west_heavy,test,development,0.05
3140,2i,150.0,33,0.5118,29,143.52,False,3,0.0,17.66,93.77,scenario_east_west_heavy,test,development,0.05
3145,2i,150.0,33,0.5583,26,143.52,False,3,0.6629,13.52,93.77,scenario_east_west_heavy,test,development,0.05
3150,2i,150.0,33,0.3118,27,143.52,False,3,0.0376,11.02,93.77,scenario_east_west_heavy,test,development,0.05
3155,2i,150.0,34,0.7621,28,143.52,False,3,0.0979,11.0,93.16,scenario_east_west_heavy,test,development,0.05
3160,2i,150.0,34,0.4937,29,143.52,False,3,0.3188,11.0,88.09,scenario_east_west_heavy,test,development,0.05
3165,2i,150.0,36,0.3751,31,149.97,True,3,0.0192,11.0,85.81,scenario_east_west_heavy,test,development,0.05
3170,2i,150.0,36,0.1532,33,133.07,False,3,0.0003,11.0,85.76,scenario_east_west_heavy,test,development,0.05
3175,2i,150.0,37,0.4873,36,143.0,False,3,0.0,11.0,85.76,scenario_east_west_heavy,test,development,0.05
3180,2i,150.0,38,0.5432,36,142.53,False,3,0.0,11.0,85.76,scenario_east_west_heavy,test,development,0.05
3185,2i,150.0,38,0.0087,37,142.52,False,3,0.0,11.0,85.76,scenario_east_west_heavy,test,development,0.05
3190,2i,150.0,38,0.0,38,142.52,False,3,0.0,11.0,85.76,scenario_east_west_heavy,test,development,0.05
3195,2i,150.0,39,0.4018,38,142.52,False,3,0.0,11.0,85.76,scenario_east_west_heavy,test,development,0.05
3200,2i,150.0,38,0.5271,35,142.52,False,3,0.0,11.0,85.76,scenario_east_west_heavy,test,development,0.05
3205,2i,150.0,36,0.0013,36,142.52,False,3,0.0,11.0,85.76,scenario_east_west_heavy,test,development,0.05
3210,2i,150.0,37,0.3835,36,142.52,False,3,0.0,11.0,85.76,scenario_east_west_heavy,test,development,0.05
3215,2i,150.0,37,0.4407,36,142.52,False,3,0.0,11.0,85.76,scenario_east_west_heavy,test,development,0.05
3220,2i,150.0,37,0.1105,36,142.52,False,3,0.0,11.0,85.76,scenario_east_west_heavy,test,development,0.05
3225,2i,150.0,37,0.0,37,142.52,False,3,0.0,11.0,85.76,scenario_east_west_heavy,test,development,0.05
3230,2i,150.0,35,0.0972,34,142.52,False,3,0.0,11.0,85.76,scenario_east_west_heavy,test,development,0.05
3235,2i,150.0,36,1.1954,31,142.52,False,3,0.0728,8.01,85.76,scenario_east_west_heavy,test,development,0.05
3240,2i,150.0,36,0.782,29,142.52,False,3,0.0,8.0,85.76,scenario_east_west_heavy,test,development,0.05
3245,2i,150.0,36,0.5226,28,142.52,False,3,0.6633,8.0,83.09,scenario_east_west_heavy,test,development,0.05
3250,2i,150.0,37,0.8554,30,142.5,False,3,0.6512,8.0,75.6,scenario_east_west_heavy,test,development,0.05
3255,2i,150.0,37,0.6501,28,141.32,False,3,0.0753,8.0,69.67,scenario_east_west_heavy,test,development,0.05
3260,2i,150.0,39,0.3878,30,115.14,False,3,0.0087,8.0,69.08,scenario_east_west_heavy,test,development,0.05
3265,2i,150.0,40,0.1288,36,122.14,False,3,0.0001,8.0,69.05,scenario_east_west_heavy,test,development,0.05
3270,2i,150.0,40,0.0169,39,138.75,False,3,0.0,8.0,69.05,scenario_east_west_heavy,test,development,0.05
3275,2i,150.0,41,0.3533,40,142.56,False,3,0.0,8.0,69.05,scenario_east_west_heavy,test,development,0.05
3280,2i,150.0,42,0.3947,40,142.52,False,3,0.0,8.0,69.05,scenario_east_west_heavy,test,development,0.05
3285,2i,150.0,42,0.0391,41,142.52,False,3,0.0,8.0,69.05,scenario_east_west_heavy,test,development,0.05
3290,2i,150.0,38,0.1614,35,142.52,False,1,0.0,69.05,69.05,scenario_east_west_heavy,test,development,0.05
3295,2i,150.0,37,0.8455,32,148.9,True,1,0.0,69.05,69.05,scenario_east_west_heavy,test,development,0.05
3300,2i,150.0,36,1.0798,28,148.89,True,1,0.0,69.05,69.05,scenario_east_west_heavy,test,development,0.05
3305,2i,150.0,32,0.7699,25,148.88,True,1,0.0,69.05,69.05,scenario_east_west_heavy,test,development,0.05
3310,2i,150.0,31,1.4327,22,146.56,True,1,0.0,69.05,69.05,scenario_east_west_heavy,test,development,0.05
3315,2i,150.0,32,1.8087,22,142.52,False,1,0.0,69.05,69.05,scenario_east_west_heavy,test,development,0.05
3320,2i,150.0,33,2.3,19,142.52,False,1,0.0,69.05,69.05,scenario_east_west_heavy,test,development,0.05
3325,2i,150.0,34,1.4456,20,142.52,False,1,0.0,69.05,69.05,scenario_east_west_heavy,test,development,0.05
3330,2i,150.0,35,1.1436,21,142.52,False,1,0.2572,68.47,68.47,scenario_east_west_heavy,test,development,0.05
3335,2i,150.0,37,1.0361,26,142.52,False,2,14.5976,61.55,430.12,scenario_east_west_heavy,test,development,0.05
3340,2i,150.0,37,0.3167,31,142.46,False,2,10.0861,51.3,326.9,scenario_east_west_heavy,test,development,0.05
3345,2i,150.0,37,0.1016,33,141.6,False,2,9.6041,51.05,232.33,scenario_east_west_heavy,test,development,0.05
3350,2i,150.0,39,0.8112,36,141.15,False,2,8.0828,51.05,146.21,scenario_east_west_heavy,test,development,0.05
3355,2i,150.0,39,0.5012,32,141.04,False,2,5.6734,51.05,69.52,scenario_east_west_heavy,test,development,0.05
3360,2i,150.0,39,0.0783,37,120.01,False,2,0.2434,51.05,51.11,scenario_east_west_heavy,test,development,0.05
3365,2i,150.0,40,0.0055,40,149.33,True,2,0.0,51.05,51.1,scenario_east_west_heavy,test,development,0.05
3370,2i,150.0,42,0.6386,40,149.24,True,2,0.0,51.05,51.1,scenario_east_west_heavy,test,development,0.05
3375,2i,150.0,42,0.2956,40,149.23,True,2,0.0,51.05,51.1,scenario_east_west_heavy,test,development,0.05
3380,2i,150.0,39,0.112,37,149.23,True,2,0.0,51.05,51.1,scenario_east_west_heavy,test,development,0.05
3385,2i,150.0,38,0.5841,33,149.23,True,2,0.0,51.05,51.1,scenario_east_west_heavy,test,development,0.05
3390,2i,150.0,37,1.6593,28,149.23,True,3,9.4001,30.36,391.96,scenario_east_west_heavy,test,development,0.05
3395,2i,150.0,35,0.9177,26,149.23,True,2,8.0745,51.05,307.15,scenario_east_west_heavy,test,development,0.05
3400,2i,150.0,34,0.8811,24,149.23,True,2,8.7429,51.05,222.54,scenario_east_west_heavy,test,development,0.05
3405,2i,150.0,34,0.7864,27,149.23,True,2,7.3568,51.05,142.53,scenario_east_west_heavy,test,development,0.05
3410,2i,150.0,34,0.8028,28,149.23,True,2,1.99,51.05,99.67,scenario_east_west_heavy,test,development,0.05
3415,2i,150.0,33,0.771,25,149.23,True,2,0.5937,50.68,89.09,scenario_east_west_heavy,test,development,0.05
3420,2i,150.0,33,0.4099,28,149.23,True,2,0.3491,49.21,88.61,scenario_east_west_heavy,test,development,0.05
3425,2i,150.0,34,0.6228,29,149.23,True,2,0.6395,43.19,88.6,scenario_east_west_heavy,test,development,0.05
3430,2i,150.0,35,0.6717,29,149.18,True,2,0.0382,41.04,87.69,scenario_east_west_heavy,test,development,0.05
3435,2i,150.0,35,0.398,29,148.59,True,2,0.0008,41.01,87.64,scenario_east_west_heavy,test,development,0.05
3440,2i,150.0,35,0.4273,29,145.45,True,2,0.0,41.01,87.64,scenario_east_west_heavy,test,development,0.05
3445,2i,150.0,36,0.6072,30,141.37,False,2,1.5772,41.01,81.38,scenario_east_west_heavy,test,development,0.05
3450,2i,150.0,37,0.6476,33,139.38,False,2,0.2948,41.01,74.27,scenario_east_west_heavy,test,development,0.05
3455,2i,150.0,37,0.3305,35,139.2,False,2,0.003,41.01,73.48,scenario_east_west_heavy,test,development,0.05
3460,2i,150.0,37,0.0039,37,139.19,False,2,0.0,41.01,73.47,scenario_east_west_heavy,test,development,0.05
3465,2i,150.0,38,0.2899,37,139.19,False,2,0.0,41.01,73.47,scenario_east_west_heavy,test,development,0.05
3470,2i,150.0,35,0.6555,31,139.19,False,2,0.0,41.01,73.47,scenario_east_west_heavy,test,development,0.05
3475,2i,150.0,34,1.0677,27,139.19,False,2,0.0233,41.01,73.42,scenario_east_west_heavy,test,development,0.05
3480,2i,150.0,32,0.6238,24,139.19,False,2,0.7245,41.01,67.67,scenario_east_west_heavy,test,development,0.05
3485,2i,150.0,34,1.0926,26,139.19,False,2,1.5728,41.01,52.37,scenario_east_west_heavy,test,development,0.05
3490,2i,150.0,34,0.7029,29,139.19,False,2,0.0202,41.01,44.53,scenario_east_west_heavy,test,development,0.05
3495,2i,150.0,34,0.16,31,139.19,False,2,0.0003,41.01,44.49,scenario_east_west_heavy,test,development,0.05
3500,2i,150.0,32,0.0008,32,139.19,False,3,0.2982,41.01,483.3,scenario_east_west_heavy,test,development,0.05
3505,2i,150.0,33,1.1149,24,139.19,False,3,0.2534,41.01,480.33,scenario_east_west_heavy,test,development,0.05
3510,2i,150.0,33,0.85,23,139.19,False,3,0.9721,34.6,477.69,scenario_east_west_heavy,test,development,0.05
3515,2i,150.0,33,0.337,25,139.19,False,3,0.0515,30.02,477.19,scenario_east_west_heavy,test,development,0.05
3520,2i,150.0,34,0.5961,28,139.19,False,3,0.01,30.01,477.06,scenario_east_west_heavy,test,development,0.05
3525,2i,150.0,35,0.9104,29,137.74,False,3,0.0004,30.01,477.03,scenario_east_west_heavy,test,development,0.05
3530,2i,150.0,36,0.4351,31,99.51,False,3,0.0,30.01,477.03,scenario_east_west_heavy,test,development,0.05
3535,2i,150.0,36,0.0405,36,142.4,False,3,0.0,30.01,477.03,scenario_east_west_heavy,test,development,0.05
3540,2i,150.0,37,0.2547,36,140.97,False,3,0.0,30.01,477.03,scenario_east_west_heavy,test,development,0.05
3545,2i,150.0,37,0.0002,37,140.9,False,3,0.0,30.01,477.03,scenario_east_west_heavy,test,development,0.05
3550,2i,150.0,38,0.3701,37,140.9,False,3,0.0,30.01,477.03,scenario_east_west_heavy,test,development,0.05
3555,2i,150.0,38,0.1913,37,140.9,False,3,0.0,30.01,477.03,scenario_east_west_heavy,test,development,0.05
3560,2i,150.0,34,0.5876,30,140.9,False,3,0.0,30.01,477.03,scenario_east_west_heavy,test,development,0.05
3565,2i,150.0,32,1.2331,27,140.9,False,3,1.7357,19.45,477.03,scenario_east_west_heavy,test,development,0.05
3570,2i,150.0,29,1.0247,23,140.9,False,2,0.0001,30.01,477.03,scenario_east_west_heavy,test,development,0.05
3575,2i,150.0,28,1.9371,21,140.9,False,2,0.0112,30.01,477.0,scenario_east_west_heavy,test,development,0.05
3580,2i,150.0,25,1.363,21,140.9,False,2,0.0935,30.01,476.63,scenario_east_west_heavy,test,development,0.05
3585,2i,150.0,26,1.3009,21,140.9,False,2,0.1431,30.01,474.66,scenario_east_west_heavy,test,development,0.05
3590,2i,150.0,25,0.9163,22,140.9,False,2,0.2396,30.01,471.76,scenario_east_west_heavy,test,development,0.05
3595,2i,150.0,24,1.4621,19,140.9,False,2,1.4271,26.04,468.6,scenario_east_west_heavy,test,development,0.05
3600,2i,150.0,24,0.9627,18,140.9,False,2,0.8364,12.52,466.8,scenario_east_west_heavy,test,development,0.05
0,3i,150.0,0,0.0,0,0.0,False,0,,,,scenario_east_west_heavy,test,development,0.05
5,3i,150.0,0,0.0,0,0.0,False,1,19.0815,396.88,396.88,scenario_east_west_heavy,test,development,0.05
10,3i,150.0,0,0.0,0,0.0,False,1,19.3264,301.28,301.28,scenario_east_west_heavy,test,development,0.05
15,3i,150.0,2,24.2928,0,0.0,False,1,19.3888,205.28,205.28,scenario_east_west_heavy,test,development,0.05
20,3i,150.0,3,14.7489,0,0.0,False,1,16.9308,113.51,113.51,scenario_east_west_heavy,test,development,0.05
25,3i,150.0,2,6.282,1,1.0,False,1,12.5641,41.88,41.88,scenario_east_west_heavy,test,development,0.05
30,3i,150.0,2,1.1801,1,1.0,False,1,2.3602,1.0,1.0,scenario_east_west_heavy,test,development,0.05
35,3i,150.0,1,0.0,1,1.0,False,1,0.0,1.0,1.0,scenario_east_west_heavy,test,development,0.05
40,3i,150.0,1,0.0,1,1.0,False,1,0.0,1.0,1.0,scenario_east_west_heavy,test,development,0.05
45,3i,150.0,1,0.0,1,1.0,False,1,0.0,1.0,1.0,scenario_east_west_heavy,test,development,0.05
50,3i,150.0,1,0.0,1,1.0,False,1,0.0,1.0,1.0,scenario_east_west_heavy,test,development,0.05
55,3i,150.0,1,0.0,1,1.0,False,1,0.0,1.0,1.0,scenario_east_west_heavy,test,development,0.05
60,3i,150.0,2,11.7853,1,1.0,False,1,0.0,1.0,1.0,scenario_east_west_heavy,test,development,0.05
65,3i,150.0,4,12.7121,1,1.0,False,1,0.0,1.0,1.0,scenario_east_west_heavy,test,development,0.05
70,3i,150.0,4,7.3986,1,1.0,False,1,0.0,1.0,1.0,scenario_east_west_heavy,test,development,0.05
75,3i,150.0,4,2.2384,2,1.0,False,1,0.0,1.0,1.0,scenario_east_west_heavy,test,development,0.05
80,3i,150.0,4,0.4626,3,1.0,False,1,0.0,1.0,1.0,scenario_east_west_heavy,test,development,0.05
85,3i,150.0,4,0.0,4,15.04,False,1,0.0,1.0,1.0,scenario_east_west_heavy,test,development,0.05
90,3i,150.0,4,0.0,4,15.04,False,1,0.0,1.0,1.0,scenario_east_west_heavy,test,development,0.05
95,3i,150.0,2,1.5378,1,1.0,False,0,,,,scenario_east_west_heavy,test,development,0.05
100,3i,150.0,1,0.0,1,1.0,False,0,,,,scenario_east_west_heavy,test,development,0.05
105,3i,150.0,3,16.5789,1,1.0,False,0,,,,scenario_east_west_heavy,test,development,0.05
110,3i,150.0,4,11.5573,1,1.0,False,0,,,,scenario_east_west_heavy,test,development,0.05
115,3i,150.0,2,0.4735,1,1.0,False,0,,,,scenario_east_west_heavy,test,development,0.05
120,3i,150.0,2,0.0,2,13.71,False,0,,,,scenario_east_west_heavy,test,development,0.05
125,3i,150.0,1,2.1415,0,0.0,False,0,,,,scenario_east_west_heavy,test,development,0.05
130,3i,150.0,0,0.0,0,0.0,False,0,,,,scenario_east_west_heavy,test,development,0.05
135,3i,150.0,0,0.0,0,0.0,False,0,,,,scenario_east_west_heavy,test,development,0.05
140,3i,150.0,0,0.0,0,0.0,False,0,,,,scenario_east_west_heavy,test,development,0.05
145,3i,150.0,0,0.0,0,0.0,False,0,,,,scenario_east_west_heavy,test,development,0.05
150,3i,150.0,1,20.6315,0,0.0,False,0,,,,scenario_east_west_heavy,test,development,0.05
155,3i,150.0,2,11.543,0,0.0,False,0,,,,scenario_east_west_heavy,test,development,0.05
160,3i,150.0,3,7.0274,1,1.0,False,0,,,,scenario_east_west_heavy,test,development,0.05
165,3i,150.0,3,2.0844,2,1.0,False,0,,,,scenario_east_west_heavy,test,development,0.05
170,3i,150.0,3,0.0,3,1.0,False,0,,,,scenario_east_west_heavy,test,development,0.05
175,3i,150.0,3,0.0,3,1.0,False,0,,,,scenario_east_west_heavy,test,development,0.05
180,3i,150.0,3,0.0,3,1.0,False,0,,,,scenario_east_west_heavy,test,development,0.05
185,3i,150.0,1,0.0,1,1.0,False,0,,,,scenario_east_west_heavy,test,development,0.05
190,3i,150.0,1,0.0,1,1.0,False,0,,,,scenario_east_west_heavy,test,development,0.05
195,3i,150.0,2,10.6883,1,1.0,False,0,,,,scenario_east_west_heavy,test,development,0.05
200,3i,150.0,3,12.3663,1,1.0,False,0,,,,scenario_east_west_heavy,test,development,0.05
205,3i,150.0,2,1.6758,1,1.0,False,0,,,,scenario_east_west_heavy,test,development,0.05
210,3i,150.0,2,0.0006,2,5.0,False,0,,,,scenario_east_west_heavy,test,development,0.05
215,3i,150.0,1,3.345,0,0.0,False,0,,,,scenario_east_west_heavy,test,development,0.05
220,3i,150.0,0,0.0,0,0.0,False,0,,,,scenario_east_west_heavy,test,development,0.05
225,3i,150.0,0,0.0,0,0.0,False,0,,,,scenario_east_west_heavy,test,development,0.05
230,3i,150.0,0,0.0,0,0.0,False,0,,,,scenario_east_west_heavy,test,development,0.05
235,3i,150.0,1,27.5254,0,0.0,False,0,,,,scenario_east_west_heavy,test,development,0.05
240,3i,150.0,1,15.0047,0,0.0,False,0,,,,scenario_east_west_heavy,test,development,0.05
245,3i,150.0,2,10.4665,0,0.0,False,0,,,,scenario_east_west_heavy,test,development,0.05
250,3i,150.0,3,7.707,1,1.0,False,0,,,,scenario_east_west_heavy,test,development,0.05
255,3i,150.0,3,3.3375,2,1.0,False,0,,,,scenario_east_west_heavy,test,development,0.05
260,3i,150.0,3,0.0,3,1.0,False,0,,,,scenario_east_west_heavy,test,development,0.05
265,3i,150.0,3,0.0,3,1.0,False,0,,,,scenario_east_west_heavy,test,development,0.05
270,3i,150.0,3,0.0,3,1.0,False,0,,,,scenario_east_west_heavy,test,development,0.05
275,3i,150.0,1,0.0,1,1.0,False,0,,,,scenario_east_west_heavy,test,development,0.05
280,3i,150.0,2,12.7185,1,1.0,False,0,,,,scenario_east_west_heavy,test,development,0.05
285,3i,150.0,2,8.3286,1,1.0,False,0,,,,scenario_east_west_heavy,test,development,0.05
290,3i,150.0,3,13.5726,1,1.0,False,0,,,,scenario_east_west_heavy,test,development,0.05
295,3i,150.0,2,3.1644,1,1.0,False,0,,,,scenario_east_west_heavy,test,development,0.05
300,3i,150.0,2,0.0006,2,5.0,False,0,,,,scenario_east_west_heavy,test,development,0.05
305,3i,150.0,0,0.0,0,0.0,False,0,,,,scenario_east_west_heavy,test,development,0.05
310,3i,150.0,0,0.0,0,0.0,False,0,,,,scenario_east_west_heavy,test,development,0.05
315,3i,150.0,0,0.0,0,0.0,False,0,,,,scenario_east_west_heavy,test,development,0.05
320,3i,150.0,0,0.0,0,0.0,False,0,,,,scenario_east_west_heavy,test,development,0.05
325,3i,150.0,1,23.265,0,0.0,False,0,,,,scenario_east_west_heavy,test,development,0.05
330,3i,150.0,1,8.559,0,0.0,False,0,,,,scenario_east_west_heavy,test,development,0.05
335,3i,150.0,2,12.1297,1,1.0,False,0,,,,scenario_east_west_heavy,test,development,0.05
340,3i,150.0,3,10.198,1,1.0,False,0,,,,scenario_east_west_heavy,test,development,0.05
345,3i,150.0,3,4.1721,1,1.0,False,0,,,,scenario_east_west_heavy,test,development,0.05
350,3i,150.0,3,0.0,3,1.0,False,0,,,,scenario_east_west_heavy,test,development,0.05
355,3i,150.0,3,0.0,3,1.0,False,0,,,,scenario_east_west_heavy,test,development,0.05
360,3i,150.0,3,0.0,3,1.0,False,0,,,,scenario_east_west_heavy,test,development,0.05
365,3i,150.0,1,0.0,1,1.0,False,0,,,,scenario_east_west_heavy,test,development,0.05
370,3i,150.0,2,11.7562,1,1.0,False,0,,,,scenario_east_west_heavy,test,development,0.05
375,3i,150.0,2,7.2669,1,1.0,False,0,,,,scenario_east_west_heavy,test,development,0.05
380,3i,150.0,3,15.522,1,1.0,False,0,,,,scenario_east_west_heavy,test,development,0.05
385,3i,150.0,3,6.6463,1,1.0,False,0,,,,scenario_east_west_heavy,test,development,0.05
390,3i,150.0,2,0.0,2,8.0,False,0,,,,scenario_east_west_heavy,test,development,0.05
395,3i,150.0,1,5.1335,0,0.0,False,0,,,,scenario_east_west_heavy,test,development,0.05
400,3i,150.0,0,0.0,0,0.0,False,0,,,,scenario_east_west_heavy,test,development,0.05
405,3i,150.0,0,0.0,0,0.0,False,0,,,,scenario_east_west_heavy,test,development,0.05
410,3i,150.0,0,0.0,0,0.0,False,0,,,,scenario_east_west_heavy,test,development,0.05
415,3i,150.0,1,20.8299,0,0.0,False,0,,,,scenario_east_west_heavy,test,development,0.05
420,3i,150.0,1,5.8299,0,0.0,False,0,,,,scenario_east_west_heavy,test,development,0.05
425,3i,150.0,3,17.2795,1,1.0,False,0,,,,scenario_east_west_heavy,test,development,0.05
430,3i,150.0,3,7.8653,1,1.0,False,0,,,,scenario_east_west_heavy,test,development,0.05
435,3i,150.0,3,0.551,2,1.0,False,0,,,,scenario_east_west_heavy,test,development,0.05
440,3i,150.0,3,0.0003,3,1.0,False,0,,,,scenario_east_west_heavy,test,development,0.05
445,3i,150.0,3,0.0,3,1.0,False,0,,,,scenario_east_west_heavy,test,development,0.05
450,3i,150.0,3,0.0,3,1.0,False,0,,,,scenario_east_west_heavy,test,development,0.05
455,3i,150.0,1,0.0,1,1.0,False,0,,,,scenario_east_west_heavy,test,development,0.05
460,3i,150.0,2,10.7845,1,1.0,False,0,,,,scenario_east_west_heavy,test,development,0.05
465,3i,150.0,1,0.0,1,1.0,False,0,,,,scenario_east_west_heavy,test,development,0.05
470,3i,150.0,3,17.2224,1,1.0,False,0,,,,scenario_east_west_heavy,test,development,0.05
475,3i,150.0,3,9.6008,1,1.0,False,0,,,,scenario_east_west_heavy,test,development,0.05
480,3i,150.0,2,1.3862,1,1.0,False,0,,,,scenario_east_west_heavy,test,development,0.05
485,3i,150.0,0,0.0,0,0.0,False,0,,,,scenario_east_west_heavy,test,development,0.05
490,3i,150.0,0,0.0,0,0.0,False,0,,,,scenario_east_west_heavy,test,development,0.05
495,3i,150.0,0,0.0,0,0.0,False,0,,,,scenario_east_west_heavy,test,development,0.05
500,3i,150.0,0,0.0,0,0.0,False,0,,,,scenario_east_west_heavy,test,development,0.05
505,3i,150.0,1,18.9155,0,0.0,False,0,,,,scenario_east_west_heavy,test,development,0.05
510,3i,150.0,1,3.9155,0,0.0,False,0,,,,scenario_east_west_heavy,test,development,0.05
515,3i,150.0,3,18.0933,1,1.0,False,0,,,,scenario_east_west_heavy,test,development,0.05
520,3i,150.0,3,9.8936,1,1.0,False,0,,,,scenario_east_west_heavy,test,development,0.05
525,3i,150.0,3,0.5406,1,1.0,False,0,,,,scenario_east_west_heavy,test,development,0.05
530,3i,150.0,3,0.0003,3,1.0,False,0,,,,scenario_east_west_heavy,test,development,0.05
535,3i,150.0,3,0.0,3,1.0,False,0,,,,scenario_east_west_heavy,test,development,0.05
540,3i,150.0,3,0.0,3,1.0,False,0,,,,scenario_east_west_heavy,test,development,0.05
545,3i,150.0,1,0.0,1,1.0,False,0,,,,scenario_east_west_heavy,test,development,0.05
550,3i,150.0,2,9.1556,1,1.0,False,0,,,,scenario_east_west_heavy,test,development,0.05
555,3i,150.0,2,9.0189,1,1.0,False,0,,,,scenario_east_west_heavy,test,development,0.05
560,3i,150.0,2,13.3491,1,1.0,False,0,,,,scenario_east_west_heavy,test,development,0.05
565,3i,150.0,3,11.3351,1,1.0,False,0,,,,scenario_east_west_heavy,test,development,0.05
570,3i,150.0,2,0.453,1,1.0,False,0,,,,scenario_east_west_heavy,test,development,0.05
575,3i,150.0,0,0.0,0,0.0,False,0,,,,scenario_east_west_heavy,test,development,0.05
580,3i,150.0,0,0.0,0,0.0,False,0,,,,scenario_east_west_heavy,test,development,0.05
585,3i,150.0,0,0.0,0,0.0,False,0,,,,scenario_east_west_heavy,test,development,0.05
590,3i,150.0,1,23.5959,0,0.0,False,0,,,,scenario_east_west_heavy,test,development,0.05
595,3i,150.0,1,9.451,0,0.0,False,0,,,,scenario_east_west_heavy,test,development,0.05
600,3i,150.0,1,0.0,1,1.0,False,0,,,,scenario_east_west_heavy,test,development,0.05
605,3i,150.0,2,13.4519,1,1.0,False,0,,,,scenario_east_west_heavy,test,development,0.05
610,3i,150.0,3,11.3099,1,1.0,False,0,,,,scenario_east_west_heavy,test,development,0.05
615,3i,150.0,3,5.7074,1,1.0,False,0,,,,scenario_east_west_heavy,test,development,0.05
620,3i,150.0,3,1.2596,2,1.0,False,0,,,,scenario_east_west_heavy,test,development,0.05
625,3i,150.0,3,0.0,3,1.0,False,0,,,,scenario_east_west_heavy,test,development,0.05
630,3i,150.0,3,0.0,3,1.0,False,0,,,,scenario_east_west_heavy,test,development,0.05
635,3i,150.0,2,9.9907,1,1.0,False,0,,,,scenario_east_west_heavy,test,development,0.05
640,3i,150.0,1,0.0,1,1.0,False,0,,,,scenario_east_west_heavy,test,development,0.05
645,3i,150.0,1,0.0,1,1.0,False,0,,,,scenario_east_west_heavy,test,development,0.05
650,3i,150.0,1,0.0,1,1.0,False,0,,,,scenario_east_west_heavy,test,development,0.05
655,3i,150.0,3,13.3325,1,1.0,False,0,,,,scenario_east_west_heavy,test,development,0.05
660,3i,150.0,2,3.4779,1,1.0,False,0,,,,scenario_east_west_heavy,test,development,0.05
665,3i,150.0,1,3.6357,0,0.0,False,0,,,,scenario_east_west_heavy,test,development,0.05
670,3i,150.0,0,0.0,0,0.0,False,0,,,,scenario_east_west_heavy,test,development,0.05
675,3i,150.0,0,0.0,0,0.0,False,0,,,,scenario_east_west_heavy,test,development,0.05
680,3i,150.0,1,22.2351,0,0.0,False,0,,,,scenario_east_west_heavy,test,development,0.05
685,3i,150.0,1,7.9692,0,0.0,False,1,19.1326,434.97,434.97,scenario_east_west_heavy,test,development,0.05
690,3i,150.0,1,0.0,1,1.0,False,1,18.9223,339.85,339.85,scenario_east_west_heavy,test,development,0.05
695,3i,150.0,1,0.0,1,1.0,False,1,19.3311,244.27,244.27,scenario_east_west_heavy,test,development,0.05
700,3i,150.0,2,8.7921,1,1.0,False,1,16.6341,153.52,153.52,scenario_east_west_heavy,test,development,0.05
705,3i,150.0,3,6.6005,1,1.0,False,1,17.2172,69.59,69.59,scenario_east_west_heavy,test,development,0.05
710,3i,150.0,3,2.4147,2,1.0,False,1,7.2442,6.49,6.49,scenario_east_west_heavy,test,development,0.05
715,3i,150.0,3,0.0,3,1.0,False,1,0.0,1.0,1.0,scenario_east_west_heavy,test,development,0.05
720,3i,150.0,3,0.0,3,1.0,False,1,0.0,1.0,1.0,scenario_east_west_heavy,test,development,0.05
725,3i,150.0,2,9.0662,1,1.0,False,0,,,,scenario_east_west_heavy,test,development,0.05
730,3i,150.0,1,0.0,1,1.0,False,0,,,,scenario_east_west_heavy,test,development,0.05
735,3i,150.0,1,0.0,1,1.0,False,0,,,,scenario_east_west_heavy,test,development,0.05
740,3i,150.0,1,0.0,1,1.0,False,0,,,,scenario_east_west_heavy,test,development,0.05
745,3i,150.0,3,15.888,1,1.0,False,0,,,,scenario_east_west_heavy,test,development,0.05
750,3i,150.0,3,6.8097,1,1.0,False,0,,,,scenario_east_west_heavy,test,development,0.05
755,3i,150.0,2,1.5286,1,1.0,False,0,,,,scenario_east_west_heavy,test,development,0.05
760,3i,150.0,1,0.0,1,1.0,False,0,,,,scenario_east_west_heavy,test,development,0.05
765,3i,150.0,2,13.5405,1,1.0,False,0,,,,scenario_east_west_heavy,test,development,0.05
770,3i,150.0,2,7.4778,1,1.0,False,0,,,,scenario_east_west_heavy,test,development,0.05
775,3i,150.0,2,0.0,1,1.0,False,0,,,,scenario_east_west_heavy,test,development,0.05
780,3i,150.0,2,0.0,2,1.0,False,0,,,,scenario_east_west_heavy,test,development,0.05
785,3i,150.0,2,0.0,2,1.0,False,0,,,,scenario_east_west_heavy,test,development,0.05
790,3i,150.0,4,10.7869,2,1.0,False,0,,,,scenario_east_west_heavy,test,development,0.05
795,3i,150.0,4,4.1317,2,1.0,False,0,,,,scenario_east_west_heavy,test,development,0.05
800,3i,150.0,4,0.0074,4,8.03,False,1,26.7826,376.82,376.82,scenario_east_west_heavy,test,development,0.05
805,3i,150.0,4,0.0,4,8.0,False,1,26.1142,242.64,242.64,scenario_east_west_heavy,test,development,0.05
810,3i,150.0,5,4.9366,4,8.0,False,1,24.6832,108.61,108.61,scenario_east_west_heavy,test,development,0.05
815,3i,150.0,2,8.5905,1,1.0,False,1,17.1809,18.76,18.76,scenario_east_west_heavy,test,development,0.05
820,3i,150.0,1,0.0,1,1.0,False,0,,,,scenario_east_west_heavy,test,development,0.05
825,3i,150.0,1,0.0,1,1.0,False,0,,,,scenario_east_west_heavy,test,development,0.05
830,3i,150.0,1,0.0,1,1.0,False,0,,,,scenario_east_west_heavy,test,development,0.05
835,3i,150.0,3,15.5313,1,1.0,False,0,,,,scenario_east_west_heavy,test,development,0.05
840,3i,150.0,3,6.3408,1,1.0,False,0,,,,scenario_east_west_heavy,test,development,0.05
845,3i,150.0,1,4.6968,0,0.0,False,0,,,,scenario_east_west_heavy,test,development,0.05
850,3i,150.0,0,0.0,0,0.0,False,0,,,,scenario_east_west_heavy,test,development,0.05
855,3i,150.0,0,0.0,0,0.0,False,0,,,,scenario_east_west_heavy,test,development,0.05
860,3i,150.0,1,19.0674,0,0.0,False,0,,,,scenario_east_west_heavy,test,development,0.05
865,3i,150.0,1,10.4388,0,0.0,False,0,,,,scenario_east_west_heavy,test,development,0.05
870,3i,150.0,1,0.0,1,1.0,False,0,,,,scenario_east_west_heavy,test,development,0.05
875,3i,150.0,1,0.0,1,1.0,False,0,,,,scenario_east_west_heavy,test,development,0.05
880,3i,150.0,2,10.8162,1,1.0,False,0,,,,scenario_east_west_heavy,test,development,0.05
885,3i,150.0,3,9.7561,1,1.0,False,0,,,,scenario_east_west_heavy,test,development,0.05
890,3i,150.0,3,3.3999,2,1.0,False,0,,,,scenario_east_west_heavy,test,development,0.05
895,3i,150.0,3,0.0,3,1.0,False,0,,,,scenario_east_west_heavy,test,development,0.05
900,3i,150.0,3,0.0,3,1.0,False,0,,,,scenario_east_west_heavy,test,development,0.05
905,3i,150.0,2,6.6598,1,1.0,False,0,,,,scenario_east_west_heavy,test,development,0.05
910,3i,150.0,2,6.1292,1,1.0,False,0,,,,scenario_east_west_heavy,test,development,0.05
915,3i,150.0,1,0.0,1,1.0,False,0,,,,scenario_east_west_heavy,test,development,0.05
920,3i,150.0,1,0.0,1,1.0,False,0,,,,scenario_east_west_heavy,test,development,0.05
925,3i,150.0,3,16.9031,1,1.0,False,0,,,,scenario_east_west_heavy,test,development,0.05
930,3i,150.0,3,9.0842,1,1.0,False,0,,,,scenario_east_west_heavy,test,development,0.05
935,3i,150.0,1,2.1528,0,0.0,False,0,,,,scenario_east_west_heavy,test,development,0.05
940,3i,150.0,1,0.0,0,0.0,False,0,,,,scenario_east_west_heavy,test,development,0.05
945,3i,150.0,2,11.6508,1,1.0,False,0,,,,scenario_east_west_heavy,test,development,0.05
950,3i,150.0,2,5.6038,1,1.0,False,0,,,,scenario_east_west_heavy,test,development,0.05
955,3i,150.0,2,0.0,2,1.0,False,0,,,,scenario_east_west_heavy,test,development,0.05
960,3i,150.0,2,0.0,2,1.0,False,0,,,,scenario_east_west_heavy,test,development,0.05
965,3i,150.0,2,0.0,2,1.0,False,0,,,,scenario_east_west_heavy,test,development,0.05
970,3i,150.0,4,12.1666,2,1.0,False,0,,,,scenario_east_west_heavy,test,development,0.05
975,3i,150.0,4,7.5255,2,1.0,False,0,,,,scenario_east_west_heavy,test,development,0.05
980,3i,150.0,4,0.857,2,1.0,False,0,,,,scenario_east_west_heavy,test,development,0.05
985,3i,150.0,5,5.4222,4,8.0,False,0,,,,scenario_east_west_heavy,test,development,0.05
990,3i,150.0,5,2.7392,4,8.0,False,0,,,,scenario_east_west_heavy,test,development,0.05
995,3i,150.0,2,0.0,2,8.0,False,0,,,,scenario_east_west_heavy,test,development,0.05
1000,3i,150.0,2,0.0,2,8.0,False,0,,,,scenario_east_west_heavy,test,development,0.05
1005,3i,150.0,2,0.0,2,8.0,False,0,,,,scenario_east_west_heavy,test,development,0.05
1010,3i,150.0,2,0.0,2,8.0,False,0,,,,scenario_east_west_heavy,test,development,0.05
1015,3i,150.0,2,0.0,2,8.0,False,0,,,,scenario_east_west_heavy,test,development,0.05
1020,3i,150.0,4,9.0671,2,8.0,False,0,,,,scenario_east_west_heavy,test,development,0.05
1025,3i,150.0,3,4.0778,0,0.0,False,0,,,,scenario_east_west_heavy,test,development,0.05
1030,3i,150.0,2,13.3887,1,1.0,False,0,,,,scenario_east_west_heavy,test,development,0.05
1035,3i,150.0,2,5.9127,1,1.0,False,0,,,,scenario_east_west_heavy,test,development,0.05
1040,3i,150.0,2,0.0,2,1.0,False,0,,,,scenario_east_west_heavy,test,development,0.05
1045,3i,150.0,2,0.0,2,1.0,False,0,,,,scenario_east_west_heavy,test,development,0.05
1050,3i,150.0,2,0.0,2,1.0,False,0,,,,scenario_east_west_heavy,test,development,0.05
1055,3i,150.0,2,0.0,2,1.0,False,0,,,,scenario_east_west_heavy,test,development,0.05
1060,3i,150.0,3,8.9594,2,1.0,False,0,,,,scenario_east_west_heavy,test,development,0.05
1065,3i,150.0,4,8.133,2,1.0,False,0,,,,scenario_east_west_heavy,test,development,0.05
1070,3i,150.0,4,1.0406,2,1.0,False,0,,,,scenario_east_west_heavy,test,development,0.05
1075,3i,150.0,5,4.4161,4,8.0,False,0,,,,scenario_east_west_heavy,test,development,0.05
1080,3i,150.0,5,1.6973,4,8.0,False,0,,,,scenario_east_west_heavy,test,development,0.05
1085,3i,150.0,1,0.0,1,1.0,False,0,,,,scenario_east_west_heavy,test,development,0.05
1090,3i,150.0,1,0.0,1,1.0,False,0,,,,scenario_east_west_heavy,test,development,0.05
1095,3i,150.0,1,0.0,1,1.0,False,0,,,,scenario_east_west_heavy,test,development,0.05
1100,3i,150.0,1,0.0,1,1.0,False,0,,,,scenario_east_west_heavy,test,development,0.05
1105,3i,150.0,1,0.0,1,1.0,False,0,,,,scenario_east_west_heavy,test,development,0.05
1110,3i,150.0,3,11.5779,1,1.0,False,0,,,,scenario_east_west_heavy,test,development,0.05
1115,3i,150.0,2,13.9175,0,0.0,False,0,,,,scenario_east_west_heavy,test,development,0.05
1120,3i,150.0,3,11.3492,0,0.0,False,0,,,,scenario_east_west_heavy,test,development,0.05
1125,3i,150.0,3,3.9684,2,1.0,False,0,,,,scenario_east_west_heavy,test,development,0.05
1130,3i,150.0,3,0.0,3,1.0,False,0,,,,scenario_east_west_heavy,test,development,0.05
1135,3i,150.0,3,0.0,3,1.0,False,0,,,,scenario_east_west_heavy,test,development,0.05
1140,3i,150.0,3,0.0,3,1.0,False,0,,,,scenario_east_west_heavy,test,development,0.05
1145,3i,150.0,3,0.0,3,1.0,False,0,,,,scenario_east_west_heavy,test,development,0.05
1150,3i,150.0,3,0.0,3,1.0,False,0,,,,scenario_east_west_heavy,test,development,0.05
1155,3i,150.0,5,6.3581,3,1.0,False,0,,,,scenario_east_west_heavy,test,development,0.05
1160,3i,150.0,5,0.9954,3,1.0,False,0,,,,scenario_east_west_heavy,test,development,0.05
1165,3i,150.0,5,0.0002,5,15.04,False,0,,,,scenario_east_west_heavy,test,development,0.05
1170,3i,150.0,6,2.1794,5,15.04,False,0,,,,scenario_east_west_heavy,test,development,0.05
1175,3i,150.0,4,3.5059,2,15.04,False,0,,,,scenario_east_west_heavy,test,development,0.05
1180,3i,150.0,2,0.0,2,15.04,False,0,,,,scenario_east_west_heavy,test,development,0.05
1185,3i,150.0,2,0.0,2,15.04,False,0,,,,scenario_east_west_heavy,test,development,0.05
1190,3i,150.0,2,0.0,2,15.04,False,0,,,,scenario_east_west_heavy,test,development,0.05
1195,3i,150.0,2,0.0,2,15.04,False,0,,,,scenario_east_west_heavy,test,development,0.05
1200,3i,150.0,3,5.9808,2,15.04,False,0,,,,scenario_east_west_heavy,test,development,0.05
1205,3i,150.0,3,6.0834,0,0.0,False,0,,,,scenario_east_west_heavy,test,development,0.05
1210,3i,150.0,3,10.1552,1,1.0,False,0,,,,scenario_east_west_heavy,test,development,0.05
1215,3i,150.0,3,2.1553,2,1.0,False,0,,,,scenario_east_west_heavy,test,development,0.05
1220,3i,150.0,3,0.0,3,1.0,False,0,,,,scenario_east_west_heavy,test,development,0.05
1225,3i,150.0,3,0.0,3,1.0,False,0,,,,scenario_east_west_heavy,test,development,0.05
1230,3i,150.0,3,0.0,3,1.0,False,0,,,,scenario_east_west_heavy,test,development,0.05
1235,3i,150.0,3,0.0,3,1.0,False,0,,,,scenario_east_west_heavy,test,development,0.05
1240,3i,150.0,3,0.0,3,1.0,False,1,27.5096,402.02,402.02,scenario_east_west_heavy,test,development,0.05
1245,3i,150.0,5,7.6979,3,1.0,False,1,26.1676,269.16,269.16,scenario_east_west_heavy,test,development,0.05
1250,3i,150.0,6,6.2436,3,1.0,False,1,26.6527,135.18,135.18,scenario_east_west_heavy,test,development,0.05
1255,3i,150.0,6,2.5138,5,13.71,False,1,15.0792,40.22,40.22,scenario_east_west_heavy,test,development,0.05
1260,3i,150.0,6,0.2548,5,13.71,False,1,1.5289,5.02,5.02,scenario_east_west_heavy,test,development,0.05
1265,3i,150.0,2,0.0,2,13.71,False,0,,,,scenario_east_west_heavy,test,development,0.05
1270,3i,150.0,2,0.0,2,13.71,False,0,,,,scenario_east_west_heavy,test,development,0.05
1275,3i,150.0,2,0.0,2,13.71,False,0,,,,scenario_east_west_heavy,test,development,0.05
1280,3i,150.0,2,0.0,2,13.71,False,0,,,,scenario_east_west_heavy,test,development,0.05
1285,3i,150.0,2,0.0,2,13.71,False,0,,,,scenario_east_west_heavy,test,development,0.05
1290,3i,150.0,4,10.585,2,13.71,False,0,,,,scenario_east_west_heavy,test,development,0.05
1295,3i,150.0,4,10.5706,0,0.0,False,0,,,,scenario_east_west_heavy,test,development,0.05
1300,3i,150.0,2,6.5046,1,1.0,False,0,,,,scenario_east_west_heavy,test,development,0.05
1305,3i,150.0,2,0.218,1,1.0,False,0,,,,scenario_east_west_heavy,test,development,0.05
1310,3i,150.0,2,0.0001,2,1.0,False,0,,,,scenario_east_west_heavy,test,development,0.05
1315,3i,150.0,2,0.0,2,1.0,False,0,,,,scenario_east_west_heavy,test,development,0.05
1320,3i,150.0,2,0.0,2,1.0,False,0,,,,scenario_east_west_heavy,test,development,0.05
1325,3i,150.0,2,0.0,2,1.0,False,0,,,,scenario_east_west_heavy,test,development,0.05
1330,3i,150.0,2,0.0,2,1.0,False,0,,,,scenario_east_west_heavy,test,development,0.05
1335,3i,150.0,4,11.5256,2,1.0,False,0,,,,scenario_east_west_heavy,test,development,0.05
1340,3i,150.0,4,4.4807,2,1.0,False,0,,,,scenario_east_west_heavy,test,development,0.05
1345,3i,150.0,5,3.5561,4,5.01,False,0,,,,scenario_east_west_heavy,test,development,0.05
1350,3i,150.0,5,2.0244,4,5.0,False,0,,,,scenario_east_west_heavy,test,development,0.05
1355,3i,150.0,1,0.0,1,1.0,False,0,,,,scenario_east_west_heavy,test,development,0.05
1360,3i,150.0,1,0.0,1,1.0,False,0,,,,scenario_east_west_heavy,test,development,0.05
1365,3i,150.0,1,0.0,1,1.0,False,0,,,,scenario_east_west_heavy,test,development,0.05
1370,3i,150.0,1,0.0,1,1.0,False,0,,,,scenario_east_west_heavy,test,development,0.05
1375,3i,150.0,1,0.0,1,1.0,False,0,,,,scenario_east_west_heavy,test,development,0.05
1380,3i,150.0,3,15.678,1,1.0,False,0,,,,scenario_east_west_heavy,test,development,0.05
1385,3i,150.0,3,14.7046,0,0.0,False,0,,,,scenario_east_west_heavy,test,development,0.05
1390,3i,150.0,2,3.4188,0,0.0,False,0,,,,scenario_east_west_heavy,test,development,0.05
1395,3i,150.0,2,0.0,2,1.0,False,0,,,,scenario_east_west_heavy,test,development,0.05
1400,3i,150.0,2,0.0,2,1.0,False,0,,,,scenario_east_west_heavy,test,development,0.05
1405,3i,150.0,2,0.0,2,1.0,False,0,,,,scenario_east_west_heavy,test,development,0.05
1410,3i,150.0,2,0.0,2,1.0,False,0,,,,scenario_east_west_heavy,test,development,0.05
1415,3i,150.0,2,0.0,2,1.0,False,0,,,,scenario_east_west_heavy,test,development,0.05
1420,3i,150.0,2,0.0,2,1.0,False,0,,,,scenario_east_west_heavy,test,development,0.05
1425,3i,150.0,4,12.5763,2,1.0,False,0,,,,scenario_east_west_heavy,test,development,0.05
1430,3i,150.0,5,8.7857,2,1.0,False,0,,,,scenario_east_west_heavy,test,development,0.05
1435,3i,150.0,5,1.4581,2,1.0,False,0,,,,scenario_east_west_heavy,test,development,0.05
1440,3i,150.0,5,0.0002,5,8.0,False,0,,,,scenario_east_west_heavy,test,development,0.05
1445,3i,150.0,1,0.0,1,1.0,False,0,,,,scenario_east_west_heavy,test,development,0.05
1450,3i,150.0,1,0.0,1,1.0,False,0,,,,scenario_east_west_heavy,test,development,0.05
1455,3i,150.0,1,0.0,1,1.0,False,0,,,,scenario_east_west_heavy,test,development,0.05
1460,3i,150.0,1,0.0,1,1.0,False,0,,,,scenario_east_west_heavy,test,development,0.05
1465,3i,150.0,1,0.0,1,1.0,False,0,,,,scenario_east_west_heavy,test,development,0.05
1470,3i,150.0,3,17.0245,1,1.0,False,0,,,,scenario_east_west_heavy,test,development,0.05
1475,3i,150.0,3,15.4207,0,0.0,False,0,,,,scenario_east_west_heavy,test,development,0.05
1480,3i,150.0,2,2.9695,1,1.0,False,0,,,,scenario_east_west_heavy,test,development,0.05
1485,3i,150.0,2,0.0,2,1.0,False,0,,,,scenario_east_west_heavy,test,development,0.05
1490,3i,150.0,2,0.0,2,1.0,False,0,,,,scenario_east_west_heavy,test,development,0.05
1495,3i,150.0,2,0.0,2,1.0,False,0,,,,scenario_east_west_heavy,test,development,0.05
1500,3i,150.0,2,0.0,2,1.0,False,0,,,,scenario_east_west_heavy,test,development,0.05
1505,3i,150.0,2,0.0,2,1.0,False,0,,,,scenario_east_west_heavy,test,development,0.05
1510,3i,150.0,2,0.0,2,1.0,False,0,,,,scenario_east_west_heavy,test,development,0.05
1515,3i,150.0,4,13.4441,2,1.0,False,0,,,,scenario_east_west_heavy,test,development,0.05
1520,3i,150.0,5,9.3788,2,1.0,False,0,,,,scenario_east_west_heavy,test,development,0.05
1525,3i,150.0,5,1.0568,2,1.0,False,0,,,,scenario_east_west_heavy,test,development,0.05
1530,3i,150.0,5,0.0015,5,5.01,False,0,,,,scenario_east_west_heavy,test,development,0.05
1535,3i,150.0,1,0.0,1,1.0,False,0,,,,scenario_east_west_heavy,test,development,0.05
1540,3i,150.0,1,0.0,1,1.0,False,0,,,,scenario_east_west_heavy,test,development,0.05
1545,3i,150.0,1,0.0,1,1.0,False,0,,,,scenario_east_west_heavy,test,development,0.05
1550,3i,150.0,1,0.0,1,1.0,False,0,,,,scenario_east_west_heavy,test,development,0.05
1555,3i,150.0,1,0.0,1,1.0,False,0,,,,scenario_east_west_heavy,test,development,0.05
1560,3i,150.0,1,0.0,1,1.0,False,0,,,,scenario_east_west_heavy,test,development,0.05
1565,3i,150.0,3,18.6973,0,0.0,False,0,,,,scenario_east_west_heavy,test,development,0.05
1570,3i,150.0,2,14.8736,0,0.0,False,0,,,,scenario_east_west_heavy,test,development,0.05
1575,3i,150.0,2,2.1385,0,0.0,False,0,,,,scenario_east_west_heavy,test,development,0.05
1580,3i,150.0,2,0.0,2,1.0,False,0,,,,scenario_east_west_heavy,test,development,0.05
1585,3i,150.0,2,0.0,2,1.0,False,0,,,,scenario_east_west_heavy,test,development,0.05
1590,3i,150.0,2,0.0,2,1.0,False,0,,,,scenario_east_west_heavy,test,development,0.05
1595,3i,150.0,2,0.0,2,1.0,False,0,,,,scenario_east_west_heavy,test,development,0.05
1600,3i,150.0,2,0.0,2,1.0,False,0,,,,scenario_east_west_heavy,test,development,0.05
1605,3i,150.0,5,15.0912,2,1.0,False,0,,,,scenario_east_west_heavy,test,development,0.05
1610,3i,150.0,5,7.3044,2,1.0,False,0,,,,scenario_east_west_heavy,test,development,0.05
1615,3i,150.0,5,0.3777,3,15.04,False,0,,,,scenario_east_west_heavy,test,development,0.05
1620,3i,150.0,5,0.0001,5,15.04,False,0,,,,scenario_east_west_heavy,test,development,0.05
1625,3i,150.0,2,1.2467,1,1.0,False,0,,,,scenario_east_west_heavy,test,development,0.05
1630,3i,150.0,1,0.0,1,1.0,False,0,,,,scenario_east_west_heavy,test,development,0.05
1635,3i,150.0,1,0.0,1,1.0,False,0,,,,scenario_east_west_heavy,test,development,0.05
1640,3i,150.0,1,0.0,1,1.0,False,0,,,,scenario_east_west_heavy,test,development,0.05
1645,3i,150.0,1,0.0,1,1.0,False,0,,,,scenario_east_west_heavy,test,development,0.05
1650,3i,150.0,2,9.8468,1,1.0,False,0,,,,scenario_east_west_heavy,test,development,0.05
1655,3i,150.0,3,15.1274,0,0.0,False,0,,,,scenario_east_west_heavy,test,development,0.05
1660,3i,150.0,2,1.9181,1,1.0,False,0,,,,scenario_east_west_heavy,test,development,0.05
1665,3i,150.0,2,0.0135,2,1.02,False,0,,,,scenario_east_west_heavy,test,development,0.05
1670,3i,150.0,2,0.0,2,1.0,False,0,,,,scenario_east_west_heavy,test,development,0.05
1675,3i,150.0,2,0.0,2,1.0,False,0,,,,scenario_east_west_heavy,test,development,0.05
1680,3i,150.0,2,0.0,2,1.0,False,0,,,,scenario_east_west_heavy,test,development,0.05
1685,3i,150.0,2,0.0,2,1.0,False,1,24.1642,432.66,432.66,scenario_east_west_heavy,test,development,0.05
1690,3i,150.0,2,0.0,2,1.0,False,1,24.0586,312.17,312.17,scenario_east_west_heavy,test,development,0.05
1695,3i,150.0,2,0.0,2,1.0,False,1,23.8865,191.08,191.08,scenario_east_west_heavy,test,development,0.05
1700,3i,150.0,4,9.1801,2,1.0,False,1,21.981,72.66,72.66,scenario_east_west_heavy,test,development,0.05
1705,3i,150.0,5,5.3823,2,1.0,False,1,7.2463,6.49,6.49,scenario_east_west_heavy,test,development,0.05
1710,3i,150.0,5,1.6233,3,1.0,False,1,0.0,1.0,1.0,scenario_east_west_heavy,test,development,0.05
1715,3i,150.0,2,3.6637,1,1.0,False,1,0.0,1.0,1.0,scenario_east_west_heavy,test,development,0.05
1720,3i,150.0,1,0.0,1,1.0,False,1,0.0,1.0,1.0,scenario_east_west_heavy,test,development,0.05
1725,3i,150.0,1,0.0,1,1.0,False,1,0.0,1.0,1.0,scenario_east_west_heavy,test,development,0.05
1730,3i,150.0,1,0.0,1,1.0,False,1,0.0,1.0,1.0,scenario_east_west_heavy,test,development,0.05
1735,3i,150.0,1,0.0,1,1.0,False,1,0.0,1.0,1.0,scenario_east_west_heavy,test,development,0.05
1740,3i,150.0,2,8.8399,1,1.0,False,1,0.0,1.0,1.0,scenario_east_west_heavy,test,development,0.05
1745,3i,150.0,3,19.8546,0,0.0,False,0,,,,scenario_east_west_heavy,test,development,0.05
1750,3i,150.0,2,7.7805,0,0.0,False,0,,,,scenario_east_west_heavy,test,development,0.05
1755,3i,150.0,2,0.0,1,1.0,False,0,,,,scenario_east_west_heavy,test,development,0.05
1760,3i,150.0,2,0.0,2,1.0,False,0,,,,scenario_east_west_heavy,test,development,0.05
1765,3i,150.0,2,0.0,2,1.0,False,0,,,,scenario_east_west_heavy,test,development,0.05
1770,3i,150.0,2,0.0,2,1.0,False,0,,,,scenario_east_west_heavy,test,development,0.05
1775,3i,150.0,2,0.0,2,1.0,False,0,,,,scenario_east_west_heavy,test,development,0.05
1780,3i,150.0,3,8.0557,2,1.0,False,0,,,,scenario_east_west_heavy,test,development,0.05
1785,3i,150.0,3,3.4766,2,1.0,False,0,,,,scenario_east_west_heavy,test,development,0.05
1790,3i,150.0,3,0.0103,3,15.06,False,0,,,,scenario_east_west_heavy,test,development,0.05
1795,3i,150.0,5,6.9139,3,15.04,False,0,,,,scenario_east_west_heavy,test,development,0.05
1800,3i,150.0,5,3.4482,3,15.04,False,0,,,,scenario_east_west_heavy,test,development,0.05
1805,3i,150.0,2,1.7848,1,1.0,False,0,,,,scenario_east_west_heavy,test,development,0.05
1810,3i,150.0,1,0.0,1,1.0,False,0,,,,scenario_east_west_heavy,test,development,0.05
1815,3i,150.0,1,0.0,1,1.0,False,0,,,,scenario_east_west_heavy,test,development,0.05
1820,3i,150.0,1,0.0,1,1.0,False,0,,,,scenario_east_west_heavy,test,development,0.05
1825,3i,150.0,2,12.0535,1,1.0,False,0,,,,scenario_east_west_heavy,test,development,0.05
1830,3i,150.0,2,6.9272,1,1.0,False,0,,,,scenario_east_west_heavy,test,development,0.05
1835,3i,150.0,3,16.3931,0,0.0,False,0,,,,scenario_east_west_heavy,test,development,0.05
1840,3i,150.0,3,9.3244,1,1.0,False,0,,,,scenario_east_west_heavy,test,development,0.05
1845,3i,150.0,2,0.0,1,1.0,False,0,,,,scenario_east_west_heavy,test,development,0.05
1850,3i,150.0,2,0.0,2,1.0,False,0,,,,scenario_east_west_heavy,test,development,0.05
1855,3i,150.0,2,0.0,2,1.0,False,0,,,,scenario_east_west_heavy,test,development,0.05
1860,3i,150.0,2,0.0,2,1.0,False,0,,,,scenario_east_west_heavy,test,development,0.05
1865,3i,150.0,2,0.0,2,1.0,False,0,,,,scenario_east_west_heavy,test,development,0.05
1870,3i,150.0,2,0.0,2,1.0,False,0,,,,scenario_east_west_heavy,test,development,0.05
1875,3i,150.0,3,4.3256,2,1.0,False,0,,,,scenario_east_west_heavy,test,development,0.05
1880,3i,150.0,5,10.0102,2,1.0,False,0,,,,scenario_east_west_heavy,test,development,0.05
1885,3i,150.0,5,5.8394,2,1.0,False,0,,,,scenario_east_west_heavy,test,development,0.05
1890,3i,150.0,5,0.0406,3,8.04,False,0,,,,scenario_east_west_heavy,test,development,0.05
1895,3i,150.0,1,0.0,1,1.0,False,0,,,,scenario_east_west_heavy,test,development,0.05
1900,3i,150.0,1,0.0,1,1.0,False,0,,,,scenario_east_west_heavy,test,development,0.05
1905,3i,150.0,1,0.0,1,1.0,False,0,,,,scenario_east_west_heavy,test,development,0.05
1910,3i,150.0,1,0.0,1,1.0,False,0,,,,scenario_east_west_heavy,test,development,0.05
1915,3i,150.0,2,9.8544,1,1.0,False,0,,,,scenario_east_west_heavy,test,development,0.05
1920,3i,150.0,2,3.5182,1,1.0,False,0,,,,scenario_east_west_heavy,test,development,0.05
1925,3i,150.0,3,17.1216,1,1.01,False,0,,,,scenario_east_west_heavy,test,development,0.05
1930,3i,150.0,3,8.7534,1,1.0,False,0,,,,scenario_east_west_heavy,test,development,0.05
1935,3i,150.0,2,0.0,2,1.0,False,0,,,,scenario_east_west_heavy,test,development,0.05
1940,3i,150.0,2,0.0,2,1.0,False,0,,,,scenario_east_west_heavy,test,development,0.05
1945,3i,150.0,2,0.0,2,1.0,False,0,,,,scenario_east_west_heavy,test,development,0.05
1950,3i,150.0,2,0.0,2,1.0,False,0,,,,scenario_east_west_heavy,test,development,0.05
1955,3i,150.0,2,0.0,2,1.0,False,0,,,,scenario_east_west_heavy,test,development,0.05
1960,3i,150.0,3,5.5847,2,1.0,False,0,,,,scenario_east_west_heavy,test,development,0.05
1965,3i,150.0,3,1.0182,2,1.0,False,0,,,,scenario_east_west_heavy,test,development,0.05
1970,3i,150.0,4,6.6113,3,5.0,False,0,,,,scenario_east_west_heavy,test,development,0.05
1975,3i,150.0,5,5.9163,3,5.0,False,0,,,,scenario_east_west_heavy,test,development,0.05
1980,3i,150.0,5,2.3165,4,5.0,False,0,,,,scenario_east_west_heavy,test,development,0.05
1985,3i,150.0,2,3.9809,1,1.0,False,0,,,,scenario_east_west_heavy,test,development,0.05
1990,3i,150.0,1,0.0,1,1.0,False,0,,,,scenario_east_west_heavy,test,development,0.05
1995,3i,150.0,1,0.0,1,1.0,False,0,,,,scenario_east_west_heavy,test,development,0.05
2000,3i,150.0,2,13.4057,1,1.0,False,0,,,,scenario_east_west_heavy,test,development,0.05
2005,3i,150.0,2,7.2088,1,1.0,False,0,,,,scenario_east_west_heavy,test,development,0.05
2010,3i,150.0,2,0.5504,1,1.0,False,0,,,,scenario_east_west_heavy,test,development,0.05
2015,3i,150.0,2,13.5065,1,1.0,False,0,,,,scenario_east_west_heavy,test,development,0.05
2020,3i,150.0,3,11.6124,1,1.0,False,0,,,,scenario_east_west_heavy,test,development,0.05
2025,3i,150.0,2,2.4668,1,1.0,False,0,,,,scenario_east_west_heavy,test,development,0.05
2030,3i,150.0,2,0.0,2,1.0,False,0,,,,scenario_east_west_heavy,test,development,0.05
2035,3i,150.0,2,0.0,2,1.0,False,0,,,,scenario_east_west_heavy,test,development,0.05
2040,3i,150.0,2,0.0,2,1.0,False,0,,,,scenario_east_west_heavy,test,development,0.05
2045,3i,150.0,3,8.1654,2,1.0,False,0,,,,scenario_east_west_heavy,test,development,0.05
2050,3i,150.0,3,5.0436,2,1.0,False,0,,,,scenario_east_west_heavy,test,development,0.05
2055,3i,150.0,3,1.0452,2,1.0,False,0,,,,scenario_east_west_heavy,test,development,0.05
2060,3i,150.0,5,10.4891,3,5.0,False,0,,,,scenario_east_west_heavy,test,development,0.05
2065,3i,150.0,5,5.8058,3,5.0,False,0,,,,scenario_east_west_heavy,test,development,0.05
2070,3i,150.0,5,0.2422,3,5.0,False,0,,,,scenario_east_west_heavy,test,development,0.05
2075,3i,150.0,1,0.0,1,1.0,False,0,,,,scenario_east_west_heavy,test,development,0.05
2080,3i,150.0,1,0.0,1,1.0,False,0,,,,scenario_east_west_heavy,test,development,0.05
2085,3i,150.0,1,0.0,1,1.0,False,0,,,,scenario_east_west_heavy,test,development,0.05
2090,3i,150.0,1,0.0,1,1.0,False,0,,,,scenario_east_west_heavy,test,development,0.05
2095,3i,150.0,2,8.875,1,1.0,False,0,,,,scenario_east_west_heavy,test,development,0.05
2100,3i,150.0,2,6.4504,1,1.0,False,0,,,,scenario_east_west_heavy,test,development,0.05
2105,3i,150.0,2,13.5768,1,1.0,False,0,,,,scenario_east_west_heavy,test,development,0.05
2110,3i,150.0,3,11.1673,1,1.0,False,0,,,,scenario_east_west_heavy,test,development,0.05
2115,3i,150.0,2,2.8883,1,1.0,False,0,,,,scenario_east_west_heavy,test,development,0.05
2120,3i,150.0,2,0.0208,2,1.01,False,0,,,,scenario_east_west_heavy,test,development,0.05
2125,3i,150.0,2,0.0,2,1.0,False,0,,,,scenario_east_west_heavy,test,development,0.05
2130,3i,150.0,2,0.0,2,1.0,False,0,,,,scenario_east_west_heavy,test,development,0.05
2135,3i,150.0,3,6.3186,2,1.0,False,0,,,,scenario_east_west_heavy,test,development,0.05
2140,3i,150.0,3,1.8021,2,1.0,False,0,,,,scenario_east_west_heavy,test,development,0.05
2145,3i,150.0,3,0.0001,3,13.71,False,0,,,,scenario_east_west_heavy,test,development,0.05
2150,3i,150.0,3,0.0,3,13.71,False,0,,,,scenario_east_west_heavy,test,development,0.05
2155,3i,150.0,5,6.6805,3,13.71,False,0,,,,scenario_east_west_heavy,test,development,0.05
2160,3i,150.0,5,1.3554,3,13.71,False,0,,,,scenario_east_west_heavy,test,development,0.05
2165,3i,150.0,2,2.3761,1,1.0,False,0,,,,scenario_east_west_heavy,test,development,0.05
2170,3i,150.0,1,0.0,1,1.0,False,0,,,,scenario_east_west_heavy,test,development,0.05
2175,3i,150.0,1,0.0,1,1.0,False,0,,,,scenario_east_west_heavy,test,development,0.05
2180,3i,150.0,2,8.5807,1,1.0,False,0,,,,scenario_east_west_heavy,test,development,0.05
2185,3i,150.0,1,0.0,1,1.0,False,0,,,,scenario_east_west_heavy,test,development,0.05
2190,3i,150.0,1,0.0,1,1.0,False,0,,,,scenario_east_west_heavy,test,development,0.05
2195,3i,150.0,0,0.0,0,0.0,False,0,,,,scenario_east_west_heavy,test,development,0.05
2200,3i,150.0,1,18.091,0,0.0,False,0,,,,scenario_east_west_heavy,test,development,0.05
2205,3i,150.0,2,11.1714,0,0.0,False,0,,,,scenario_east_west_heavy,test,development,0.05
2210,3i,150.0,2,2.786,1,1.0,False,0,,,,scenario_east_west_heavy,test,development,0.05
2215,3i,150.0,2,0.0,2,1.0,False,0,,,,scenario_east_west_heavy,test,development,0.05
2220,3i,150.0,2,0.0,2,1.0,False,0,,,,scenario_east_west_heavy,test,development,0.05
2225,3i,150.0,3,6.2256,2,1.0,False,0,,,,scenario_east_west_heavy,test,development,0.05
2230,3i,150.0,3,5.0966,2,1.0,False,0,,,,scenario_east_west_heavy,test,development,0.05
2235,3i,150.0,3,1.4306,2,1.0,False,0,,,,scenario_east_west_heavy,test,development,0.05
2240,3i,150.0,3,0.0,3,1.0,False,0,,,,scenario_east_west_heavy,test,development,0.05
2245,3i,150.0,5,8.1447,3,1.0,False,0,,,,scenario_east_west_heavy,test,development,0.05
2250,3i,150.0,5,3.289,3,1.0,False,0,,,,scenario_east_west_heavy,test,development,0.05
2255,3i,150.0,2,0.0103,2,13.71,False,0,,,,scenario_east_west_heavy,test,development,0.05
2260,3i,150.0,2,0.0,2,13.71,False,0,,,,scenario_east_west_heavy,test,development,0.05
2265,3i,150.0,3,8.8463,2,13.71,False,0,,,,scenario_east_west_heavy,test,development,0.05
2270,3i,150.0,3,5.9445,2,13.71,False,0,,,,scenario_east_west_heavy,test,development,0.05
2275,3i,150.0,2,0.0,2,13.71,False,0,,,,scenario_east_west_heavy,test,development,0.05
2280,3i,150.0,2,0.0,2,13.71,False,0,,,,scenario_east_west_heavy,test,development,0.05
2285,3i,150.0,1,3.5716,0,0.0,False,0,,,,scenario_east_west_heavy,test,development,0.05
2290,3i,150.0,2,21.1459,0,0.0,False,0,,,,scenario_east_west_heavy,test,development,0.05
2295,3i,150.0,2,6.33,0,0.0,False,0,,,,scenario_east_west_heavy,test,development,0.05
2300,3i,150.0,2,0.0,2,1.0,False,0,,,,scenario_east_west_heavy,test,development,0.05
2305,3i,150.0,2,0.0,2,1.0,False,0,,,,scenario_east_west_heavy,test,development,0.05
2310,3i,150.0,3,8.6378,2,1.0,False,0,,,,scenario_east_west_heavy,test,development,0.05
2315,3i,150.0,3,4.1923,2,1.0,False,0,,,,scenario_east_west_heavy,test,development,0.05
2320,3i,150.0,3,0.1594,2,1.0,False,0,,,,scenario_east_west_heavy,test,development,0.05
2325,3i,150.0,3,0.0018,3,1.0,False,0,,,,scenario_east_west_heavy,test,development,0.05
2330,3i,150.0,3,0.0,3,1.0,False,0,,,,scenario_east_west_heavy,test,development,0.05
2335,3i,150.0,5,8.8227,3,1.0,False,0,,,,scenario_east_west_heavy,test,development,0.05
2340,3i,150.0,5,3.6648,3,1.0,False,0,,,,scenario_east_west_heavy,test,development,0.05
2345,3i,150.0,2,0.0003,2,5.0,False,0,,,,scenario_east_west_heavy,test,development,0.05
2350,3i,150.0,2,0.0,2,5.0,False,0,,,,scenario_east_west_heavy,test,development,0.05
2355,3i,150.0,3,7.5644,2,5.0,False,0,,,,scenario_east_west_heavy,test,development,0.05
2360,3i,150.0,3,6.4164,2,5.0,False,0,,,,scenario_east_west_heavy,test,development,0.05
2365,3i,150.0,2,0.0,2,5.0,False,0,,,,scenario_east_west_heavy,test,development,0.05
2370,3i,150.0,2,0.0,2,5.0,False,0,,,,scenario_east_west_heavy,test,development,0.05
2375,3i,150.0,0,0.0,0,0.0,False,0,,,,scenario_east_west_heavy,test,development,0.05
2380,3i,150.0,1,23.2087,0,0.0,False,0,,,,scenario_east_west_heavy,test,development,0.05
2385,3i,150.0,2,13.7491,0,0.0,False,0,,,,scenario_east_west_heavy,test,development,0.05
2390,3i,150.0,2,5.7214,1,1.0,False,0,,,,scenario_east_west_heavy,test,development,0.05
2395,3i,150.0,2,0.0,2,1.0,False,0,,,,scenario_east_west_heavy,test,development,0.05
2400,3i,150.0,3,6.5622,2,1.0,False,0,,,,scenario_east_west_heavy,test,development,0.05
2405,3i,150.0,3,2.0472,2,1.0,False,0,,,,scenario_east_west_heavy,test,development,0.05
2410,3i,150.0,3,0.0023,3,1.0,False,0,,,,scenario_east_west_heavy,test,development,0.05
2415,3i,150.0,3,0.0,3,1.0,False,0,,,,scenario_east_west_heavy,test,development,0.05
2420,3i,150.0,3,0.0,3,1.0,False,0,,,,scenario_east_west_heavy,test,development,0.05
2425,3i,150.0,5,9.6244,3,1.0,False,0,,,,scenario_east_west_heavy,test,development,0.05
2430,3i,150.0,5,4.3908,3,1.0,False,0,,,,scenario_east_west_heavy,test,development,0.05
2435,3i,150.0,2,0.0941,1,1.0,False,0,,,,scenario_east_west_heavy,test,development,0.05
2440,3i,150.0,2,0.0001,2,5.0,False,0,,,,scenario_east_west_heavy,test,development,0.05
2445,3i,150.0,3,7.001,2,5.0,False,0,,,,scenario_east_west_heavy,test,development,0.05
2450,3i,150.0,2,0.0,2,5.0,False,0,,,,scenario_east_west_heavy,test,development,0.05
2455,3i,150.0,2,0.0,2,5.0,False,0,,,,scenario_east_west_heavy,test,development,0.05
2460,3i,150.0,2,0.0,2,5.0,False,0,,,,scenario_east_west_heavy,test,development,0.05
2465,3i,150.0,0,0.0,0,0.0,False,0,,,,scenario_east_west_heavy,test,development,0.05
2470,3i,150.0,2,24.817,0,0.0,False,0,,,,scenario_east_west_heavy,test,development,0.05
2475,3i,150.0,2,13.9051,0,0.0,False,0,,,,scenario_east_west_heavy,test,development,0.05
2480,3i,150.0,2,0.5065,1,1.0,False,0,,,,scenario_east_west_heavy,test,development,0.05
2485,3i,150.0,3,8.9287,2,1.0,False,0,,,,scenario_east_west_heavy,test,development,0.05
2490,3i,150.0,3,4.8135,2,1.0,False,0,,,,scenario_east_west_heavy,test,development,0.05
2495,3i,150.0,3,0.5747,2,1.0,False,0,,,,scenario_east_west_heavy,test,development,0.05
2500,3i,150.0,3,0.0,3,1.0,False,0,,,,scenario_east_west_heavy,test,development,0.05
2505,3i,150.0,3,0.0,3,1.0,False,0,,,,scenario_east_west_heavy,test,development,0.05
2510,3i,150.0,3,0.0,3,1.0,False,0,,,,scenario_east_west_heavy,test,development,0.05
2515,3i,150.0,3,0.0,3,1.0,False,0,,,,scenario_east_west_heavy,test,development,0.05
2520,3i,150.0,5,7.6033,3,1.0,False,0,,,,scenario_east_west_heavy,test,development,0.05
2525,3i,150.0,3,4.4324,1,1.0,False,0,,,,scenario_east_west_heavy,test,development,0.05
2530,3i,150.0,3,8.2262,2,8.0,False,0,,,,scenario_east_west_heavy,test,development,0.05
2535,3i,150.0,3,5.4486,2,8.0,False,0,,,,scenario_east_west_heavy,test,development,0.05
2540,3i,150.0,2,0.0,2,8.0,False,0,,,,scenario_east_west_heavy,test,development,0.05
2545,3i,150.0,2,0.0,2,8.0,False,0,,,,scenario_east_west_heavy,test,development,0.05
2550,3i,150.0,2,0.0,2,8.0,False,0,,,,scenario_east_west_heavy,test,development,0.05
2555,3i,150.0,1,2.9664,0,0.0,False,0,,,,scenario_east_west_heavy,test,development,0.05
2560,3i,150.0,2,26.692,0,0.0,False,0,,,,scenario_east_west_heavy,test,development,0.05
2565,3i,150.0,2,14.786,0,0.0,False,0,,,,scenario_east_west_heavy,test,development,0.05
2570,3i,150.0,2,0.0199,0,0.0,False,0,,,,scenario_east_west_heavy,test,development,0.05
2575,3i,150.0,3,7.751,2,1.0,False,0,,,,scenario_east_west_heavy,test,development,0.05
2580,3i,150.0,3,4.2402,2,1.0,False,0,,,,scenario_east_west_heavy,test,development,0.05
2585,3i,150.0,3,0.3701,2,1.0,False,0,,,,scenario_east_west_heavy,test,development,0.05
2590,3i,150.0,3,0.0012,3,1.0,False,0,,,,scenario_east_west_heavy,test,development,0.05
2595,3i,150.0,3,0.0,3,1.0,False,0,,,,scenario_east_west_heavy,test,development,0.05
2600,3i,150.0,3,0.0,3,1.0,False,0,,,,scenario_east_west_heavy,test,development,0.05
2605,3i,150.0,4,6.7399,3,1.0,False,1,19.3185,455.27,455.27,scenario_east_west_heavy,test,development,0.05
2610,3i,150.0,5,6.3784,3,1.0,False,1,18.8359,362.37,362.37,scenario_east_west_heavy,test,development,0.05
2615,3i,150.0,2,0.6185,1,1.0,False,1,18.8228,267.58,267.58,scenario_east_west_heavy,test,development,0.05
2620,3i,150.0,2,0.0001,2,5.0,False,1,18.5598,172.6,172.6,scenario_east_west_heavy,test,development,0.05
2625,3i,150.0,3,5.2284,2,5.0,False,1,15.6853,83.36,83.36,scenario_east_west_heavy,test,development,0.05
2630,3i,150.0,2,0.0,2,5.0,False,0,,,,scenario_east_west_heavy,test,development,0.05
2635,3i,150.0,2,0.0,2,5.0,False,0,,,,scenario_east_west_heavy,test,development,0.05
2640,3i,150.0,2,0.0,2,5.0,False,1,26.9755,429.38,429.38,scenario_east_west_heavy,test,development,0.05
2645,3i,150.0,1,2.1097,0,0.0,False,1,26.2883,294.05,294.05,scenario_east_west_heavy,test,development,0.05
2650,3i,150.0,0,0.0,0,0.0,False,1,26.075,160.79,160.79,scenario_east_west_heavy,test,development,0.05
2655,3i,150.0,2,19.4659,0,0.0,False,1,17.2049,48.62,48.62,scenario_east_west_heavy,test,development,0.05
2660,3i,150.0,2,5.4667,0,0.0,False,1,3.8768,1.88,1.88,scenario_east_west_heavy,test,development,0.05
2665,3i,150.0,3,7.7389,2,1.0,False,1,0.0,1.0,1.0,scenario_east_west_heavy,test,development,0.05
2670,3i,150.0,3,3.6105,2,1.0,False,1,0.0,1.0,1.0,scenario_east_west_heavy,test,development,0.05
2675,3i,150.0,3,0.0,3,1.0,False,1,0.0,1.0,1.0,scenario_east_west_heavy,test,development,0.05
2680,3i,150.0,3,0.0,3,1.0,False,1,0.0,1.0,1.0,scenario_east_west_heavy,test,development,0.05
2685,3i,150.0,3,0.0,3,1.0,False,1,0.0,1.0,1.0,scenario_east_west_heavy,test,development,0.05
2690,3i,150.0,3,0.0,3,1.0,False,1,0.0,1.0,1.0,scenario_east_west_heavy,test,development,0.05
2695,3i,150.0,3,0.0,3,1.0,False,1,0.0,1.0,1.0,scenario_east_west_heavy,test,development,0.05
2700,3i,150.0,4,4.1357,3,1.0,False,1,0.0,1.0,1.0,scenario_east_west_heavy,test,development,0.05
2705,3i,150.0,2,6.0663,1,1.0,False,0,,,,scenario_east_west_heavy,test,development,0.05
2710,3i,150.0,3,8.6742,1,1.0,False,0,,,,scenario_east_west_heavy,test,development,0.05
2715,3i,150.0,2,1.5796,1,1.0,False,0,,,,scenario_east_west_heavy,test,development,0.05
2720,3i,150.0,2,0.0565,2,8.02,False,0,,,,scenario_east_west_heavy,test,development,0.05
2725,3i,150.0,2,0.0,2,8.0,False,0,,,,scenario_east_west_heavy,test,development,0.05
2730,3i,150.0,2,0.0,2,8.0,False,0,,,,scenario_east_west_heavy,test,development,0.05
2735,3i,150.0,1,1.6229,0,0.0,False,0,,,,scenario_east_west_heavy,test,development,0.05
2740,3i,150.0,0,0.0,0,0.0,False,0,,,,scenario_east_west_heavy,test,development,0.05
2745,3i,150.0,2,22.2909,0,0.0,False,0,,,,scenario_east_west_heavy,test,development,0.05
2750,3i,150.0,2,7.8981,0,0.0,False,0,,,,scenario_east_west_heavy,test,development,0.05
2755,3i,150.0,3,6.1095,2,1.0,False,0,,,,scenario_east_west_heavy,test,development,0.05
2760,3i,150.0,3,1.9043,2,1.0,False,0,,,,scenario_east_west_heavy,test,development,0.05
2765,3i,150.0,3,0.0,3,1.0,False,0,,,,scenario_east_west_heavy,test,development,0.05
2770,3i,150.0,3,0.0,3,1.0,False,0,,,,scenario_east_west_heavy,test,development,0.05
2775,3i,150.0,3,0.0,3,1.0,False,0,,,,scenario_east_west_heavy,test,development,0.05
2780,3i,150.0,3,0.0,3,1.0,False,0,,,,scenario_east_west_heavy,test,development,0.05
2785,3i,150.0,3,0.0,3,1.0,False,0,,,,scenario_east_west_heavy,test,development,0.05
2790,3i,150.0,5,7.7203,3,1.0,False,0,,,,scenario_east_west_heavy,test,development,0.05
2795,3i,150.0,4,9.9904,1,1.0,False,0,,,,scenario_east_west_heavy,test,development,0.05
2800,3i,150.0,3,5.3487,2,5.0,False,0,,,,scenario_east_west_heavy,test,development,0.05
2805,3i,150.0,2,0.0,2,5.0,False,0,,,,scenario_east_west_heavy,test,development,0.05
2810,3i,150.0,2,0.0,2,5.0,False,0,,,,scenario_east_west_heavy,test,development,0.05
2815,3i,150.0,2,0.0,2,5.0,False,0,,,,scenario_east_west_heavy,test,development,0.05
2820,3i,150.0,2,0.0,2,5.0,False,0,,,,scenario_east_west_heavy,test,development,0.05
2825,3i,150.0,0,0.0,0,0.0,False,0,,,,scenario_east_west_heavy,test,development,0.05
2830,3i,150.0,0,0.0,0,0.0,False,0,,,,scenario_east_west_heavy,test,development,0.05
2835,3i,150.0,2,23.6955,0,0.0,False,0,,,,scenario_east_west_heavy,test,development,0.05
2840,3i,150.0,3,15.3765,0,0.0,False,0,,,,scenario_east_west_heavy,test,development,0.05
2845,3i,150.0,3,4.0874,1,1.0,False,0,,,,scenario_east_west_heavy,test,development,0.05
2850,3i,150.0,3,0.0,2,1.0,False,0,,,,scenario_east_west_heavy,test,development,0.05
2855,3i,150.0,3,0.0,3,1.0,False,0,,,,scenario_east_west_heavy,test,development,0.05
2860,3i,150.0,3,0.0,3,1.0,False,0,,,,scenario_east_west_heavy,test,development,0.05
2865,3i,150.0,3,0.0,3,1.0,False,0,,,,scenario_east_west_heavy,test,development,0.05
2870,3i,150.0,3,0.0,3,1.0,False,0,,,,scenario_east_west_heavy,test,development,0.05
2875,3i,150.0,3,0.0,3,1.0,False,0,,,,scenario_east_west_heavy,test,development,0.05
2880,3i,150.0,5,9.1987,3,1.0,False,0,,,,scenario_east_west_heavy,test,development,0.05
2885,3i,150.0,4,11.5583,1,1.0,False,0,,,,scenario_east_west_heavy,test,development,0.05
2890,3i,150.0,3,4.9733,1,1.0,False,0,,,,scenario_east_west_heavy,test,development,0.05
2895,3i,150.0,2,0.0001,2,8.0,False,0,,,,scenario_east_west_heavy,test,development,0.05
2900,3i,150.0,2,0.0,2,8.0,False,0,,,,scenario_east_west_heavy,test,development,0.05
2905,3i,150.0,2,0.0,2,8.0,False,0,,,,scenario_east_west_heavy,test,development,0.05
2910,3i,150.0,2,0.0,2,8.0,False,0,,,,scenario_east_west_heavy,test,development,0.05
2915,3i,150.0,1,4.4659,0,0.0,False,0,,,,scenario_east_west_heavy,test,development,0.05
2920,3i,150.0,0,0.0,0,0.0,False,0,,,,scenario_east_west_heavy,test,development,0.05
2925,3i,150.0,1,23.3451,0,0.0,False,0,,,,scenario_east_west_heavy,test,development,0.05
2930,3i,150.0,3,18.0809,0,0.0,False,0,,,,scenario_east_west_heavy,test,development,0.05
2935,3i,150.0,3,10.3687,0,0.0,False,0,,,,scenario_east_west_heavy,test,development,0.05
2940,3i,150.0,3,1.2773,1,1.0,False,0,,,,scenario_east_west_heavy,test,development,0.05
2945,3i,150.0,3,0.0,3,1.0,False,0,,,,scenario_east_west_heavy,test,development,0.05
2950,3i,150.0,3,0.0,3,1.0,False,0,,,,scenario_east_west_heavy,test,development,0.05
2955,3i,150.0,3,0.0,3,1.0,False,0,,,,scenario_east_west_heavy,test,development,0.05
2960,3i,150.0,3,0.0,3,1.0,False,0,,,,scenario_east_west_heavy,test,development,0.05
2965,3i,150.0,3,0.0,3,1.0,False,0,,,,scenario_east_west_heavy,test,development,0.05
2970,3i,150.0,5,9.5966,3,1.0,False,0,,,,scenario_east_west_heavy,test,development,0.05
2975,3i,150.0,4,11.844,1,1.0,False,0,,,,scenario_east_west_heavy,test,development,0.05
2980,3i,150.0,2,0.44,1,1.0,False,0,,,,scenario_east_west_heavy,test,development,0.05
2985,3i,150.0,2,0.0,2,15.04,False,0,,,,scenario_east_west_heavy,test,development,0.05
2990,3i,150.0,2,0.0,2,15.04,False,0,,,,scenario_east_west_heavy,test,development,0.05
2995,3i,150.0,2,0.0,2,15.04,False,0,,,,scenario_east_west_heavy,test,development,0.05
3000,3i,150.0,2,0.0,2,15.04,False,0,,,,scenario_east_west_heavy,test,development,0.05
3005,3i,150.0,1,1.8172,0,0.0,False,0,,,,scenario_east_west_heavy,test,development,0.05
3010,3i,150.0,1,1.0778,0,0.0,False,0,,,,scenario_east_west_heavy,test,development,0.05
3015,3i,150.0,3,17.7912,1,1.0,False,0,,,,scenario_east_west_heavy,test,development,0.05
3020,3i,150.0,4,11.7859,1,1.0,False,0,,,,scenario_east_west_heavy,test,development,0.05
3025,3i,150.0,4,1.5289,1,1.0,False,0,,,,scenario_east_west_heavy,test,development,0.05
3030,3i,150.0,4,0.0054,4,8.0,False,0,,,,scenario_east_west_heavy,test,development,0.05
3035,3i,150.0,4,0.0,4,8.0,False,0,,,,scenario_east_west_heavy,test,development,0.05
3040,3i,150.0,4,0.0,4,8.0,False,0,,,,scenario_east_west_heavy,test,development,0.05
3045,3i,150.0,4,0.0,4,8.0,False,0,,,,scenario_east_west_heavy,test,development,0.05
3050,3i,150.0,4,0.0,4,8.0,False,0,,,,scenario_east_west_heavy,test,development,0.05
3055,3i,150.0,4,0.0,4,8.0,False,0,,,,scenario_east_west_heavy,test,development,0.05
3060,3i,150.0,6,8.3578,4,8.0,False,0,,,,scenario_east_west_heavy,test,development,0.05
3065,3i,150.0,5,9.187,2,8.0,False,0,,,,scenario_east_west_heavy,test,development,0.05
3070,3i,150.0,4,3.4546,2,8.0,False,0,,,,scenario_east_west_heavy,test,development,0.05
3075,3i,150.0,4,2.2094,3,12.0,False,0,,,,scenario_east_west_heavy,test,development,0.05
3080,3i,150.0,3,0.0,3,12.0,False,0,,,,scenario_east_west_heavy,test,development,0.05
3085,3i,150.0,3,0.0,3,12.0,False,0,,,,scenario_east_west_heavy,test,development,0.05
3090,3i,150.0,3,0.0,3,12.0,False,0,,,,scenario_east_west_heavy,test,development,0.05
3095,3i,150.0,2,2.6558,0,0.0,False,0,,,,scenario_east_west_heavy,test,development,0.05
3100,3i,150.0,0,0.0,0,0.0,False,0,,,,scenario_east_west_heavy,test,development,0.05
3105,3i,150.0,2,25.4142,0,0.0,False,0,,,,scenario_east_west_heavy,test,development,0.05
3110,3i,150.0,3,14.3192,0,0.0,False,0,,,,scenario_east_west_heavy,test,development,0.05
3115,3i,150.0,3,5.4748,1,1.0,False,0,,,,scenario_east_west_heavy,test,development,0.05
3120,3i,150.0,3,0.3309,2,1.0,False,0,,,,scenario_east_west_heavy,test,development,0.05
3125,3i,150.0,3,0.0,3,1.0,False,0,,,,scenario_east_west_heavy,test,development,0.05
3130,3i,150.0,3,0.0,3,1.0,False,0,,,,scenario_east_west_heavy,test,development,0.05
3135,3i,150.0,3,0.0,3,1.0,False,0,,,,scenario_east_west_heavy,test,development,0.05
3140,3i,150.0,3,0.0,3,1.0,False,0,,,,scenario_east_west_heavy,test,development,0.05
3145,3i,150.0,3,0.0,3,1.0,False,0,,,,scenario_east_west_heavy,test,development,0.05
3150,3i,150.0,4,4.6947,3,1.0,False,0,,,,scenario_east_west_heavy,test,development,0.05
3155,3i,150.0,3,11.4501,1,1.0,False,0,,,,scenario_east_west_heavy,test,development,0.05
3160,3i,150.0,2,1.2262,1,1.0,False,0,,,,scenario_east_west_heavy,test,development,0.05
3165,3i,150.0,2,0.0086,2,15.06,False,0,,,,scenario_east_west_heavy,test,development,0.05
3170,3i,150.0,2,0.0,2,15.04,False,0,,,,scenario_east_west_heavy,test,development,0.05
3175,3i,150.0,2,0.0,2,15.04,False,0,,,,scenario_east_west_heavy,test,development,0.05
3180,3i,150.0,2,0.0,2,15.04,False,0,,,,scenario_east_west_heavy,test,development,0.05
3185,3i,150.0,1,1.9906,0,0.0,False,0,,,,scenario_east_west_heavy,test,development,0.05
3190,3i,150.0,1,0.0,0,0.0,False,0,,,,scenario_east_west_heavy,test,development,0.05
3195,3i,150.0,2,8.5473,1,0.91,False,0,,,,scenario_east_west_heavy,test,development,0.05
3200,3i,150.0,4,11.3702,1,0.91,False,0,,,,scenario_east_west_heavy,test,development,0.05
3205,3i,150.0,4,3.7826,2,1.0,False,0,,,,scenario_east_west_heavy,test,development,0.05
3210,3i,150.0,4,0.01,4,4.92,False,0,,,,scenario_east_west_heavy,test,development,0.05
3215,3i,150.0,4,0.0,4,4.91,False,0,,,,scenario_east_west_heavy,test,development,0.05
3220,3i,150.0,4,0.0,4,4.91,False,0,,,,scenario_east_west_heavy,test,development,0.05
3225,3i,150.0,4,0.0,4,4.91,False,0,,,,scenario_east_west_heavy,test,development,0.05
3230,3i,150.0,4,0.0,4,4.91,False,0,,,,scenario_east_west_heavy,test,development,0.05
3235,3i,150.0,5,5.5143,4,4.91,False,0,,,,scenario_east_west_heavy,test,development,0.05
3240,3i,150.0,5,2.9373,4,4.91,False,0,,,,scenario_east_west_heavy,test,development,0.05
3245,3i,150.0,3,6.2143,2,4.91,False,0,,,,scenario_east_west_heavy,test,development,0.05
3250,3i,150.0,4,5.0521,2,4.91,False,0,,,,scenario_east_west_heavy,test,development,0.05
3255,3i,150.0,4,2.7315,3,11.94,False,0,,,,scenario_east_west_heavy,test,development,0.05
3260,3i,150.0,3,0.0,3,11.91,False,0,,,,scenario_east_west_heavy,test,development,0.05
3265,3i,150.0,3,0.0,3,11.91,False,0,,,,scenario_east_west_heavy,test,development,0.05
3270,3i,150.0,3,0.0,3,11.91,False,0,,,,scenario_east_west_heavy,test,development,0.05
3275,3i,150.0,1,1.4129,0,0.0,False,0,,,,scenario_east_west_heavy,test,development,0.05
3280,3i,150.0,1,24.0822,0,0.0,False,0,,,,scenario_east_west_heavy,test,development,0.05
3285,3i,150.0,1,16.2557,0,0.0,False,0,,,,scenario_east_west_heavy,test,development,0.05
3290,3i,150.0,3,13.7083,0,0.0,False,0,,,,scenario_east_west_heavy,test,development,0.05
3295,3i,150.0,3,4.358,1,1.0,False,0,,,,scenario_east_west_heavy,test,development,0.05
3300,3i,150.0,3,0.0,3,1.0,False,0,,,,scenario_east_west_heavy,test,development,0.05
3305,3i,150.0,3,0.0,3,1.0,False,0,,,,scenario_east_west_heavy,test,development,0.05
3310,3i,150.0,3,0.0,3,1.0,False,0,,,,scenario_east_west_heavy,test,development,0.05
3315,3i,150.0,3,0.0,3,1.0,False,0,,,,scenario_east_west_heavy,test,development,0.05
3320,3i,150.0,3,0.0,3,1.0,False,0,,,,scenario_east_west_heavy,test,development,0.05
3325,3i,150.0,3,0.0,3,1.0,False,0,,,,scenario_east_west_heavy,test,development,0.05
3330,3i,150.0,4,3.4358,3,1.0,False,0,,,,scenario_east_west_heavy,test,development,0.05
3335,3i,150.0,3,11.6447,1,1.0,False,0,,,,scenario_east_west_heavy,test,development,0.05
3340,3i,150.0,3,9.3043,1,1.0,False,0,,,,scenario_east_west_heavy,test,development,0.05
3345,3i,150.0,3,4.2407,2,5.06,False,0,,,,scenario_east_west_heavy,test,development,0.05
3350,3i,150.0,2,0.0,2,5.0,False,0,,,,scenario_east_west_heavy,test,development,0.05
3355,3i,150.0,2,0.0,2,5.0,False,0,,,,scenario_east_west_heavy,test,development,0.05
3360,3i,150.0,2,0.0,2,5.0,False,0,,,,scenario_east_west_heavy,test,development,0.05
3365,3i,150.0,0,0.0,0,0.0,False,0,,,,scenario_east_west_heavy,test,development,0.05
3370,3i,150.0,1,24.9984,0,0.0,False,0,,,,scenario_east_west_heavy,test,development,0.05
3375,3i,150.0,1,10.3537,0,0.0,False,0,,,,scenario_east_west_heavy,test,development,0.05
3380,3i,150.0,2,11.3054,1,1.0,False,0,,,,scenario_east_west_heavy,test,development,0.05
3385,3i,150.0,3,9.6369,1,1.0,False,0,,,,scenario_east_west_heavy,test,development,0.05
3390,3i,150.0,3,3.8291,2,1.0,False,0,,,,scenario_east_west_heavy,test,development,0.05
3395,3i,150.0,3,0.0,3,1.0,False,0,,,,scenario_east_west_heavy,test,development,0.05
3400,3i,150.0,3,0.0,3,1.0,False,0,,,,scenario_east_west_heavy,test,development,0.05
3405,3i,150.0,3,0.0,3,1.0,False,0,,,,scenario_east_west_heavy,test,development,0.05
3410,3i,150.0,3,0.0,3,1.0,False,0,,,,scenario_east_west_heavy,test,development,0.05
3415,3i,150.0,4,4.7562,3,1.0,False,0,,,,scenario_east_west_heavy,test,development,0.05
3420,3i,150.0,4,1.5618,3,1.0,False,0,,,,scenario_east_west_heavy,test,development,0.05
3425,3i,150.0,3,16.9165,1,1.0,False,0,,,,scenario_east_west_heavy,test,development,0.05
3430,3i,150.0,3,9.108,1,1.0,False,0,,,,scenario_east_west_heavy,test,development,0.05
3435,3i,150.0,2,0.4528,1,1.0,False,0,,,,scenario_east_west_heavy,test,development,0.05
3440,3i,150.0,2,0.0049,2,13.72,False,0,,,,scenario_east_west_heavy,test,development,0.05
3445,3i,150.0,2,0.0,2,13.71,False,0,,,,scenario_east_west_heavy,test,development,0.05
3450,3i,150.0,2,0.0,2,13.71,False,0,,,,scenario_east_west_heavy,test,development,0.05
3455,3i,150.0,1,2.2953,0,0.0,False,0,,,,scenario_east_west_heavy,test,development,0.05
3460,3i,150.0,1,18.9069,0,0.0,False,0,,,,scenario_east_west_heavy,test,development,0.05
3465,3i,150.0,1,18.8887,0,0.0,False,0,,,,scenario_east_west_heavy,test,development,0.05
3470,3i,150.0,3,17.9335,0,0.0,False,0,,,,scenario_east_west_heavy,test,development,0.05
3475,3i,150.0,3,8.2751,1,1.0,False,0,,,,scenario_east_west_heavy,test,development,0.05
3480,3i,150.0,3,0.0,2,1.0,False,0,,,,scenario_east_west_heavy,test,development,0.05
3485,3i,150.0,3,0.0,3,1.0,False,0,,,,scenario_east_west_heavy,test,development,0.05
3490,3i,150.0,3,0.0,3,1.0,False,0,,,,scenario_east_west_heavy,test,development,0.05
3495,3i,150.0,3,0.0,3,1.0,False,0,,,,scenario_east_west_heavy,test,development,0.05
3500,3i,150.0,4,6.2871,3,1.0,False,0,,,,scenario_east_west_heavy,test,development,0.05
3505,3i,150.0,4,3.1659,3,1.0,False,0,,,,scenario_east_west_heavy,test,development,0.05
3510,3i,150.0,4,0.3711,3,1.0,False,0,,,,scenario_east_west_heavy,test,development,0.05
3515,3i,150.0,4,14.2126,1,1.0,False,0,,,,scenario_east_west_heavy,test,development,0.05
3520,3i,150.0,3,10.5349,1,1.0,False,0,,,,scenario_east_west_heavy,test,development,0.05
3525,3i,150.0,2,0.8226,1,1.0,False,0,,,,scenario_east_west_heavy,test,development,0.05
3530,3i,150.0,2,0.0001,2,5.0,False,0,,,,scenario_east_west_heavy,test,development,0.05
3535,3i,150.0,2,0.0,2,5.0,False,0,,,,scenario_east_west_heavy,test,development,0.05
3540,3i,150.0,2,0.0,2,5.0,False,0,,,,scenario_east_west_heavy,test,development,0.05
3545,3i,150.0,1,24.6721,0,0.0,False,0,,,,scenario_east_west_heavy,test,development,0.05
3550,3i,150.0,1,15.7595,0,0.0,False,1,26.4755,402.55,402.55,scenario_east_west_heavy,test,development,0.05
3555,3i,150.0,1,2.0488,0,0.0,False,1,26.8002,268.65,268.65,scenario_east_west_heavy,test,development,0.05
3560,3i,150.0,2,13.7171,1,1.0,False,1,27.4341,134.2,134.2,scenario_east_west_heavy,test,development,0.05
3565,3i,150.0,3,10.828,1,1.0,False,1,14.0201,36.1,36.1,scenario_east_west_heavy,test,development,0.05
3570,3i,150.0,3,2.5012,1,1.0,False,1,1.8127,1.03,1.03,scenario_east_west_heavy,test,development,0.05
3575,3i,150.0,3,0.001,3,1.0,False,1,0.0,1.0,1.0,scenario_east_west_heavy,test,development,0.05
3580,3i,150.0,3,0.0,3,1.0,False,1,0.0,1.0,1.0,scenario_east_west_heavy,test,development,0.05
3585,3i,150.0,3,0.0,3,1.0,False,1,0.0,1.0,1.0,scenario_east_west_heavy,test,development,0.05
3590,3i,150.0,4,5.5551,3,1.0,False,1,0.0,1.0,1.0,scenario_east_west_heavy,test,development,0.05
3595,3i,150.0,4,2.0926,3,1.0,False,1,0.0,1.0,1.0,scenario_east_west_heavy,test,development,0.05
3600,3i,150.0,4,0.0025,4,8.0,False,1,0.0,1.0,1.0,scenario_east_west_heavy,test,development,0.05
0,4i,150.0,0,0.0,0,0.0,False,0,,,,scenario_east_west_heavy,test,development,0.05
5,4i,150.0,0,0.0,0,0.0,False,0,,,,scenario_east_west_heavy,test,development,0.05
10,4i,150.0,0,0.0,0,0.0,False,0,,,,scenario_east_west_heavy,test,development,0.05
15,4i,150.0,3,24.6821,0,0.0,False,0,,,,scenario_east_west_heavy,test,development,0.05
20,4i,150.0,2,17.2039,0,0.0,False,0,,,,scenario_east_west_heavy,test,development,0.05
25,4i,150.0,1,1.7328,0,0.0,False,0,,,,scenario_east_west_heavy,test,development,0.05
30,4i,150.0,1,0.0,1,1.0,False,0,,,,scenario_east_west_heavy,test,development,0.05
35,4i,150.0,0,0.0,0,0.0,False,0,,,,scenario_east_west_heavy,test,development,0.05
40,4i,150.0,0,0.0,0,0.0,False,0,,,,scenario_east_west_heavy,test,development,0.05
45,4i,150.0,0,0.0,0,0.0,False,0,,,,scenario_east_west_heavy,test,development,0.05
50,4i,150.0,0,0.0,0,0.0,False,0,,,,scenario_east_west_heavy,test,development,0.05
55,4i,150.0,0,0.0,0,0.0,False,0,,,,scenario_east_west_heavy,test,development,0.05
60,4i,150.0,2,25.9283,0,0.0,False,0,,,,scenario_east_west_heavy,test,development,0.05
65,4i,150.0,3,15.1826,0,0.0,False,0,,,,scenario_east_west_heavy,test,development,0.05
70,4i,150.0,3,5.4894,1,1.0,False,0,,,,scenario_east_west_heavy,test,development,0.05
75,4i,150.0,3,0.3436,2,1.0,False,0,,,,scenario_east_west_heavy,test,development,0.05
80,4i,150.0,3,0.0,3,1.0,False,0,,,,scenario_east_west_heavy,test,development,0.05
85,4i,150.0,3,0.0,3,1.0,False,0,,,,scenario_east_west_heavy,test,development,0.05
90,4i,150.0,3,0.0,3,1.0,False,0,,,,scenario_east_west_heavy,test,development,0.05
95,4i,150.0,1,0.0,1,1.0,False,0,,,,scenario_east_west_heavy,test,development,0.05
100,4i,150.0,1,0.0,1,1.0,False,0,,,,scenario_east_west_heavy,test,development,0.05
105,4i,150.0,3,16.1113,1,1.0,False,0,,,,scenario_east_west_heavy,test,development,0.05
110,4i,150.0,3,10.7201,1,1.0,False,0,,,,scenario_east_west_heavy,test,development,0.05
115,4i,150.0,2,5.4874,1,1.0,False,0,,,,scenario_east_west_heavy,test,development,0.05
120,4i,150.0,2,3.2698,1,1.0,False,0,,,,scenario_east_west_heavy,test,development,0.05
125,4i,150.0,1,3.0786,0,0.0,False,0,,,,scenario_east_west_heavy,test,development,0.05
130,4i,150.0,1,0.0339,0,0.0,False,0,,,,scenario_east_west_heavy,test,development,0.05
135,4i,150.0,1,0.0,1,1.0,False,1,19.0547,455.54,455.54,scenario_east_west_heavy,test,development,0.05
140,4i,150.0,1,0.0,1,1.0,False,1,18.767,361.0,361.0,scenario_east_west_heavy,test,development,0.05
145,4i,150.0,1,0.0,1,1.0,False,1,19.0937,266.75,266.75,scenario_east_west_heavy,test,development,0.05
150,4i,150.0,1,0.0,1,1.0,False,1,19.2855,171.28,171.28,scenario_east_west_heavy,test,development,0.05
155,4i,150.0,4,13.4471,1,1.0,False,1,18.2007,78.71,78.71,scenario_east_west_heavy,test,development,0.05
160,4i,150.0,4,6.5682,1,1.0,False,1,9.2519,10.76,10.76,scenario_east_west_heavy,test,development,0.05
165,4i,150.0,4,0.0344,3,15.04,False,1,0.0,1.0,1.0,scenario_east_west_heavy,test,development,0.05
170,4i,150.0,4,0.0,4,15.04,False,1,0.0,1.0,1.0,scenario_east_west_heavy,test,development,0.05
175,4i,150.0,4,0.0,4,15.04,False,1,0.0,1.0,1.0,scenario_east_west_heavy,test,development,0.05
180,4i,150.0,4,0.0,4,15.04,False,1,0.0,1.0,1.0,scenario_east_west_heavy,test,development,0.05
185,4i,150.0,2,0.0,2,15.04,False,0,,,,scenario_east_west_heavy,test,development,0.05
190,4i,150.0,2,0.0,2,15.04,False,0,,,,scenario_east_west_heavy,test,development,0.05
195,4i,150.0,3,5.1705,2,15.04,False,0,,,,scenario_east_west_heavy,test,development,0.05
200,4i,150.0,4,9.6252,2,15.04,False,0,,,,scenario_east_west_heavy,test,development,0.05
205,4i,150.0,4,2.8763,2,15.04,False,0,,,,scenario_east_west_heavy,test,development,0.05
210,4i,150.0,3,0.0,3,19.04,False,0,,,,scenario_east_west_heavy,test,development,0.05
215,4i,150.0,2,1.2982,1,18.38,False,0,,,,scenario_east_west_heavy,test,development,0.05
220,4i,150.0,1,3.0031,0,0.0,False,0,,,,scenario_east_west_heavy,test,development,0.05
225,4i,150.0,1,0.0009,1,1.0,False,0,,,,scenario_east_west_heavy,test,development,0.05
230,4i,150.0,1,0.0,1,1.0,False,0,,,,scenario_east_west_heavy,test,development,0.05
235,4i,150.0,2,13.5205,1,1.0,False,0,,,,scenario_east_west_heavy,test,development,0.05
240,4i,150.0,2,7.1654,1,1.0,False,0,,,,scenario_east_west_heavy,test,development,0.05
245,4i,150.0,4,11.2364,1,1.0,False,0,,,,scenario_east_west_heavy,test,development,0.05
250,4i,150.0,4,4.1243,2,1.0,False,0,,,,scenario_east_west_heavy,test,development,0.05
255,4i,150.0,4,0.01,4,5.0,False,0,,,,scenario_east_west_heavy,test,development,0.05
260,4i,150.0,4,0.0,4,5.0,False,0,,,,scenario_east_west_heavy,test,development,0.05
265,4i,150.0,4,0.0,4,5.0,False,0,,,,scenario_east_west_heavy,test,development,0.05
270,4i,150.0,4,0.0,4,5.0,False,0,,,,scenario_east_west_heavy,test,development,0.05
275,4i,150.0,2,0.0,2,5.0,False,0,,,,scenario_east_west_heavy,test,development,0.05
280,4i,150.0,3,8.2646,2,5.0,False,0,,,,scenario_east_west_heavy,test,development,0.05
285,4i,150.0,3,5.5574,2,5.0,False,0,,,,scenario_east_west_heavy,test,development,0.05
290,4i,150.0,3,8.0534,2,5.0,False,0,,,,scenario_east_west_heavy,test,development,0.05
295,4i,150.0,4,6.9238,2,5.0,False,0,,,,scenario_east_west_heavy,test,development,0.05
300,4i,150.0,3,2.7646,2,5.0,False,0,,,,scenario_east_west_heavy,test,development,0.05
305,4i,150.0,2,2.0987,0,0.0,False,0,,,,scenario_east_west_heavy,test,development,0.05
310,4i,150.0,0,0.0,0,0.0,False,0,,,,scenario_east_west_heavy,test,development,0.05
315,4i,150.0,0,0.0,0,0.0,False,0,,,,scenario_east_west_heavy,test,development,0.05
320,4i,150.0,0,0.0,0,0.0,False,0,,,,scenario_east_west_heavy,test,development,0.05
325,4i,150.0,1,23.8615,0,0.0,False,0,,,,scenario_east_west_heavy,test,development,0.05
330,4i,150.0,1,9.2946,0,0.0,False,0,,,,scenario_east_west_heavy,test,development,0.05
335,4i,150.0,3,16.018,1,1.0,False,0,,,,scenario_east_west_heavy,test,development,0.05
340,4i,150.0,3,7.3831,1,1.0,False,0,,,,scenario_east_west_heavy,test,development,0.05
345,4i,150.0,3,0.0,2,1.0,False,0,,,,scenario_east_west_heavy,test,development,0.05
350,4i,150.0,3,0.0,3,1.0,False,0,,,,scenario_east_west_heavy,test,development,0.05
355,4i,150.0,3,0.0,3,1.0,False,0,,,,scenario_east_west_heavy,test,development,0.05
360,4i,150.0,3,0.0,3,1.0,False,0,,,,scenario_east_west_heavy,test,development,0.05
365,4i,150.0,1,0.0,1,1.0,False,0,,,,scenario_east_west_heavy,test,development,0.05
370,4i,150.0,2,9.8164,1,1.0,False,0,,,,scenario_east_west_heavy,test,development,0.05
375,4i,150.0,1,0.0,1,1.0,False,0,,,,scenario_east_west_heavy,test,development,0.05
380,4i,150.0,3,15.8089,1,1.0,False,0,,,,scenario_east_west_heavy,test,development,0.05
385,4i,150.0,3,8.8265,1,1.0,False,0,,,,scenario_east_west_heavy,test,development,0.05
390,4i,150.0,2,0.2613,1,1.0,False,0,,,,scenario_east_west_heavy,test,development,0.05
395,4i,150.0,0,0.0,0,0.0,False,0,,,,scenario_east_west_heavy,test,development,0.05
400,4i,150.0,0,0.0,0,0.0,False,0,,,,scenario_east_west_heavy,test,development,0.05
405,4i,150.0,0,0.0,0,0.0,False,0,,,,scenario_east_west_heavy,test,development,0.05
410,4i,150.0,0,0.0,0,0.0,False,0,,,,scenario_east_west_heavy,test,development,0.05
415,4i,150.0,1,21.1301,0,0.0,False,0,,,,scenario_east_west_heavy,test,development,0.05
420,4i,150.0,1,6.1301,0,0.0,False,0,,,,scenario_east_west_heavy,test,development,0.05
425,4i,150.0,3,17.2752,1,1.0,False,0,,,,scenario_east_west_heavy,test,development,0.05
430,4i,150.0,3,7.928,1,1.0,False,0,,,,scenario_east_west_heavy,test,development,0.05
435,4i,150.0,3,0.0,3,1.0,False,0,,,,scenario_east_west_heavy,test,development,0.05
440,4i,150.0,3,0.0,3,1.0,False,0,,,,scenario_east_west_heavy,test,development,0.05
445,4i,150.0,3,0.0,3,1.0,False,0,,,,scenario_east_west_heavy,test,development,0.05
450,4i,150.0,3,0.0,3,1.0,False,0,,,,scenario_east_west_heavy,test,development,0.05
455,4i,150.0,1,0.0,1,1.0,False,0,,,,scenario_east_west_heavy,test,development,0.05
460,4i,150.0,2,8.4253,1,1.0,False,0,,,,scenario_east_west_heavy,test,development,0.05
465,4i,150.0,1,0.0,1,1.0,False,0,,,,scenario_east_west_heavy,test,development,0.05
470,4i,150.0,3,16.7857,1,1.0,False,0,,,,scenario_east_west_heavy,test,development,0.05
475,4i,150.0,3,8.448,1,1.0,False,0,,,,scenario_east_west_heavy,test,development,0.05
480,4i,150.0,2,0.047,2,5.05,False,0,,,,scenario_east_west_heavy,test,development,0.05
485,4i,150.0,0,0.0,0,0.0,False,0,,,,scenario_east_west_heavy,test,development,0.05
490,4i,150.0,0,0.0,0,0.0,False,0,,,,scenario_east_west_heavy,test,development,0.05
495,4i,150.0,0,0.0,0,0.0,False,0,,,,scenario_east_west_heavy,test,development,0.05
500,4i,150.0,0,0.0,0,0.0,False,0,,,,scenario_east_west_heavy,test,development,0.05
505,4i,150.0,1,19.1908,0,0.0,False,0,,,,scenario_east_west_heavy,test,development,0.05
510,4i,150.0,1,16.2768,0,0.0,False,0,,,,scenario_east_west_heavy,test,development,0.05
515,4i,150.0,2,13.4416,0,0.0,False,0,,,,scenario_east_west_heavy,test,development,0.05
520,4i,150.0,3,11.2003,1,1.0,False,0,,,,scenario_east_west_heavy,test,development,0.05
525,4i,150.0,3,2.351,1,1.0,False,0,,,,scenario_east_west_heavy,test,development,0.05
530,4i,150.0,3,0.0,3,1.0,False,0,,,,scenario_east_west_heavy,test,development,0.05
535,4i,150.0,3,0.0,3,1.0,False,0,,,,scenario_east_west_heavy,test,development,0.05
540,4i,150.0,3,0.0,3,1.0,False,0,,,,scenario_east_west_heavy,test,development,0.05
545,4i,150.0,2,12.0503,1,1.0,False,0,,,,scenario_east_west_heavy,test,development,0.05
550,4i,150.0,2,7.6973,1,1.0,False,0,,,,scenario_east_west_heavy,test,development,0.05
555,4i,150.0,1,0.0,1,1.0,False,0,,,,scenario_east_west_heavy,test,development,0.05
560,4i,150.0,2,13.5064,1,1.0,False,0,,,,scenario_east_west_heavy,test,development,0.05
565,4i,150.0,3,10.5363,1,1.0,False,0,,,,scenario_east_west_heavy,test,development,0.05
570,4i,150.0,3,6.1026,1,1.0,False,0,,,,scenario_east_west_heavy,test,development,0.05
575,4i,150.0,2,2.1012,0,0.0,False,0,,,,scenario_east_west_heavy,test,development,0.05
580,4i,150.0,1,0.0,1,1.0,False,0,,,,scenario_east_west_heavy,test,development,0.05
585,4i,150.0,1,0.0,1,1.0,False,0,,,,scenario_east_west_heavy,test,development,0.05
590,4i,150.0,2,11.8991,1,1.0,False,0,,,,scenario_east_west_heavy,test,development,0.05
595,4i,150.0,2,4.4704,1,1.0,False,1,23.4937,407.35,407.35,scenario_east_west_heavy,test,development,0.05
600,4i,150.0,2,0.0,2,1.0,False,1,23.4046,286.95,286.95,scenario_east_west_heavy,test,development,0.05
605,4i,150.0,3,9.2129,2,1.0,False,1,23.4049,167.65,167.65,scenario_east_west_heavy,test,development,0.05
610,4i,150.0,4,7.8357,2,1.0,False,1,16.4527,62.06,62.06,scenario_east_west_heavy,test,development,0.05
615,4i,150.0,4,1.0546,2,1.0,False,1,4.2182,16.74,16.74,scenario_east_west_heavy,test,development,0.05
620,4i,150.0,4,0.0004,4,15.04,False,1,0.0017,15.04,15.04,scenario_east_west_heavy,test,development,0.05
625,4i,150.0,4,0.0,4,15.04,False,1,0.0,15.04,15.04,scenario_east_west_heavy,test,development,0.05
630,4i,150.0,4,0.0,4,15.04,False,1,0.0,15.04,15.04,scenario_east_west_heavy,test,development,0.05
635,4i,150.0,3,8.3124,1,1.0,False,1,4.7779,5.72,5.72,scenario_east_west_heavy,test,development,0.05
640,4i,150.0,1,0.0,1,1.0,False,0,,,,scenario_east_west_heavy,test,development,0.05
645,4i,150.0,1,0.0,1,1.0,False,0,,,,scenario_east_west_heavy,test,development,0.05
650,4i,150.0,1,0.0,1,1.0,False,0,,,,scenario_east_west_heavy,test,development,0.05
655,4i,150.0,3,12.6048,1,1.0,False,0,,,,scenario_east_west_heavy,test,development,0.05
660,4i,150.0,3,3.7578,1,1.0,False,0,,,,scenario_east_west_heavy,test,development,0.05
665,4i,150.0,1,0.0,1,1.0,False,0,,,,scenario_east_west_heavy,test,development,0.05
670,4i,150.0,1,0.0,1,1.0,False,0,,,,scenario_east_west_heavy,test,development,0.05
675,4i,150.0,1,0.0,1,1.0,False,0,,,,scenario_east_west_heavy,test,development,0.05
680,4i,150.0,2,8.9904,1,1.0,False,0,,,,scenario_east_west_heavy,test,development,0.05
685,4i,150.0,2,1.4905,1,1.0,False,0,,,,scenario_east_west_heavy,test,development,0.05
690,4i,150.0,2,0.0,2,1.0,False,0,,,,scenario_east_west_heavy,test,development,0.05
695,4i,150.0,2,0.0,2,1.0,False,0,,,,scenario_east_west_heavy,test,development,0.05
700,4i,150.0,3,6.9667,2,1.0,False,0,,,,scenario_east_west_heavy,test,development,0.05
705,4i,150.0,4,5.4642,2,1.0,False,0,,,,scenario_east_west_heavy,test,development,0.05
710,4i,150.0,4,1.7519,3,1.0,False,0,,,,scenario_east_west_heavy,test,development,0.05
715,4i,150.0,4,0.1028,3,1.0,False,0,,,,scenario_east_west_heavy,test,development,0.05
720,4i,150.0,4,0.0003,4,8.0,False,0,,,,scenario_east_west_heavy,test,development,0.05
725,4i,150.0,2,8.8155,1,1.0,False,0,,,,scenario_east_west_heavy,test,development,0.05
730,4i,150.0,2,8.3645,1,1.0,False,0,,,,scenario_east_west_heavy,test,development,0.05
735,4i,150.0,1,0.0,1,1.0,False,0,,,,scenario_east_west_heavy,test,development,0.05
740,4i,150.0,1,0.0,1,1.0,False,0,,,,scenario_east_west_heavy,test,development,0.05
745,4i,150.0,3,13.3769,1,1.0,False,0,,,,scenario_east_west_heavy,test,development,0.05
750,4i,150.0,3,4.0877,1,1.0,False,0,,,,scenario_east_west_heavy,test,development,0.05
755,4i,150.0,2,2.4623,1,0.71,False,0,,,,scenario_east_west_heavy,test,development,0.05
760,4i,150.0,1,0.0,1,0.71,False,0,,,,scenario_east_west_heavy,test,development,0.05
765,4i,150.0,1,0.0,1,0.71,False,0,,,,scenario_east_west_heavy,test,development,0.05
770,4i,150.0,2,9.4725,1,0.71,False,0,,,,scenario_east_west_heavy,test,development,0.05
775,4i,150.0,2,7.9947,1,0.71,False,0,,,,scenario_east_west_heavy,test,development,0.05
780,4i,150.0,2,0.4947,1,0.71,False,0,,,,scenario_east_west_heavy,test,development,0.05
785,4i,150.0,2,0.0,2,1.0,False,0,,,,scenario_east_west_heavy,test,development,0.05
790,4i,150.0,4,9.8986,2,1.0,False,0,,,,scenario_east_west_heavy,test,development,0.05
795,4i,150.0,4,3.22,2,1.0,False,0,,,,scenario_east_west_heavy,test,development,0.05
800,4i,150.0,4,0.0071,4,4.72,False,0,,,,scenario_east_west_heavy,test,development,0.05
805,4i,150.0,4,0.0,4,4.71,False,0,,,,scenario_east_west_heavy,test,development,0.05
810,4i,150.0,5,4.7053,4,4.71,False,0,,,,scenario_east_west_heavy,test,development,0.05
815,4i,150.0,2,7.7534,1,1.0,False,0,,,,scenario_east_west_heavy,test,development,0.05
820,4i,150.0,1,0.0,1,1.0,False,0,,,,scenario_east_west_heavy,test,development,0.05
825,4i,150.0,1,0.0,1,1.0,False,0,,,,scenario_east_west_heavy,test,development,0.05
830,4i,150.0,1,0.0,1,1.0,False,0,,,,scenario_east_west_heavy,test,development,0.05
835,4i,150.0,3,15.7115,1,1.0,False,0,,,,scenario_east_west_heavy,test,development,0.05
840,4i,150.0,3,6.9763,1,1.0,False,0,,,,scenario_east_west_heavy,test,development,0.05
845,4i,150.0,2,2.5455,1,1.0,False,0,,,,scenario_east_west_heavy,test,development,0.05
850,4i,150.0,1,0.0,1,1.0,False,0,,,,scenario_east_west_heavy,test,development,0.05
855,4i,150.0,2,11.3802,1,1.0,False,0,,,,scenario_east_west_heavy,test,development,0.05
860,4i,150.0,2,4.4889,1,1.0,False,0,,,,scenario_east_west_heavy,test,development,0.05
865,4i,150.0,2,0.0,2,1.0,False,0,,,,scenario_east_west_heavy,test,development,0.05
870,4i,150.0,2,0.0,2,1.0,False,0,,,,scenario_east_west_heavy,test,development,0.05
875,4i,150.0,2,0.0,2,1.0,False,0,,,,scenario_east_west_heavy,test,development,0.05
880,4i,150.0,4,11.0925,2,1.0,False,0,,,,scenario_east_west_heavy,test,development,0.05
885,4i,150.0,4,4.4779,2,1.0,False,0,,,,scenario_east_west_heavy,test,development,0.05
890,4i,150.0,4,0.0109,4,5.01,False,0,,,,scenario_east_west_heavy,test,development,0.05
895,4i,150.0,4,0.0,4,5.0,False,0,,,,scenario_east_west_heavy,test,development,0.05
900,4i,150.0,5,4.0402,4,5.0,False,0,,,,scenario_east_west_heavy,test,development,0.05
905,4i,150.0,1,0.0,1,1.0,False,0,,,,scenario_east_west_heavy,test,development,0.05
910,4i,150.0,1,0.0,1,1.0,False,0,,,,scenario_east_west_heavy,test,development,0.05
915,4i,150.0,1,0.0,1,1.0,False,0,,,,scenario_east_west_heavy,test,development,0.05
920,4i,150.0,1,0.0,1,1.0,False,0,,,,scenario_east_west_heavy,test,development,0.05
925,4i,150.0,1,0.0,1,1.0,False,0,,,,scenario_east_west_heavy,test,development,0.05
930,4i,150.0,3,12.6486,1,1.0,False,0,,,,scenario_east_west_heavy,test,development,0.05
935,4i,150.0,2,12.3288,0,0.0,False,0,,,,scenario_east_west_heavy,test,development,0.05
940,4i,150.0,1,0.0,0,0.0,False,0,,,,scenario_east_west_heavy,test,development,0.05
945,4i,150.0,2,10.6152,1,1.0,False,0,,,,scenario_east_west_heavy,test,development,0.05
950,4i,150.0,2,3.6153,1,1.0,False,0,,,,scenario_east_west_heavy,test,development,0.05
955,4i,150.0,2,0.0,2,1.0,False,0,,,,scenario_east_west_heavy,test,development,0.05
960,4i,150.0,2,0.0,2,1.0,False,1,19.0948,396.33,396.33,scenario_east_west_heavy,test,development,0.05
965,4i,150.0,2,0.0,2,1.0,False,1,19.3729,300.21,300.21,scenario_east_west_heavy,test,development,0.05
970,4i,150.0,3,8.129,2,1.0,False,1,19.3219,204.04,204.04,scenario_east_west_heavy,test,development,0.05
975,4i,150.0,4,7.4697,2,1.0,False,1,19.363,108.48,108.48,scenario_east_west_heavy,test,development,0.05
980,4i,150.0,4,3.2251,3,15.04,False,1,12.8962,22.59,22.59,scenario_east_west_heavy,test,development,0.05
985,4i,150.0,4,0.0,4,15.04,False,1,0.0,1.0,1.0,scenario_east_west_heavy,test,development,0.05
990,4i,150.0,5,3.1142,4,15.04,False,1,0.0,1.0,1.0,scenario_east_west_heavy,test,development,0.05
995,4i,150.0,3,5.7383,1,1.0,False,1,0.0,1.0,1.0,scenario_east_west_heavy,test,development,0.05
1000,4i,150.0,1,0.0,1,1.0,False,1,0.0,1.0,1.0,scenario_east_west_heavy,test,development,0.05
1005,4i,150.0,1,0.0,1,1.0,False,1,0.0,1.0,1.0,scenario_east_west_heavy,test,development,0.05
1010,4i,150.0,1,0.0,1,1.0,False,1,0.0,1.0,1.0,scenario_east_west_heavy,test,development,0.05
1015,4i,150.0,1,0.0,1,1.0,False,1,0.0,1.0,1.0,scenario_east_west_heavy,test,development,0.05
1020,4i,150.0,3,11.9974,1,1.0,False,1,0.0,1.0,1.0,scenario_east_west_heavy,test,development,0.05
1025,4i,150.0,2,9.894,0,0.0,False,0,,,,scenario_east_west_heavy,test,development,0.05
1030,4i,150.0,2,13.3139,0,0.0,False,0,,,,scenario_east_west_heavy,test,development,0.05
1035,4i,150.0,2,6.24,1,1.0,False,0,,,,scenario_east_west_heavy,test,development,0.05
1040,4i,150.0,2,0.0,2,1.0,False,0,,,,scenario_east_west_heavy,test,development,0.05
1045,4i,150.0,2,0.0,2,1.0,False,0,,,,scenario_east_west_heavy,test,development,0.05
1050,4i,150.0,2,0.0,2,1.0,False,0,,,,scenario_east_west_heavy,test,development,0.05
1055,4i,150.0,2,0.0,2,1.0,False,0,,,,scenario_east_west_heavy,test,development,0.05
1060,4i,150.0,4,13.4299,2,1.0,False,0,,,,scenario_east_west_heavy,test,development,0.05
1065,4i,150.0,4,7.0524,2,1.0,False,0,,,,scenario_east_west_heavy,test,development,0.05
1070,4i,150.0,4,0.0867,2,1.0,False,0,,,,scenario_east_west_heavy,test,development,0.05
1075,4i,150.0,5,4.4648,4,15.04,False,0,,,,scenario_east_west_heavy,test,development,0.05
1080,4i,150.0,5,1.6648,4,15.04,False,0,,,,scenario_east_west_heavy,test,development,0.05
1085,4i,150.0,2,2.1044,1,1.0,False,0,,,,scenario_east_west_heavy,test,development,0.05
1090,4i,150.0,1,0.0,1,1.0,False,0,,,,scenario_east_west_heavy,test,development,0.05
1095,4i,150.0,1,0.0,1,1.0,False,0,,,,scenario_east_west_heavy,test,development,0.05
1100,4i,150.0,1,0.0,1,1.0,False,0,,,,scenario_east_west_heavy,test,development,0.05
1105,4i,150.0,2,13.4035,1,1.0,False,0,,,,scenario_east_west_heavy,test,development,0.05
1110,4i,150.0,3,11.0868,1,1.0,False,0,,,,scenario_east_west_heavy,test,development,0.05
1115,4i,150.0,2,5.5212,0,0.0,False,0,,,,scenario_east_west_heavy,test,development,0.05
1120,4i,150.0,2,12.1277,1,1.0,False,0,,,,scenario_east_west_heavy,test,development,0.05
1125,4i,150.0,2,5.0669,1,1.0,False,0,,,,scenario_east_west_heavy,test,development,0.05
1130,4i,150.0,2,0.0,2,1.0,False,0,,,,scenario_east_west_heavy,test,development,0.05
1135,4i,150.0,2,0.0,2,1.0,False,0,,,,scenario_east_west_heavy,test,development,0.05
1140,4i,150.0,2,0.0,2,1.0,False,0,,,,scenario_east_west_heavy,test,development,0.05
1145,4i,150.0,2,0.0,2,1.0,False,0,,,,scenario_east_west_heavy,test,development,0.05
1150,4i,150.0,2,0.0,2,1.0,False,0,,,,scenario_east_west_heavy,test,development,0.05
1155,4i,150.0,4,8.9935,2,1.0,False,0,,,,scenario_east_west_heavy,test,development,0.05
1160,4i,150.0,4,5.3777,2,1.0,False,0,,,,scenario_east_west_heavy,test,development,0.05
1165,4i,150.0,5,4.6092,3,8.0,False,0,,,,scenario_east_west_heavy,test,development,0.05
1170,4i,150.0,5,1.2594,4,8.0,False,0,,,,scenario_east_west_heavy,test,development,0.05
1175,4i,150.0,1,0.0,1,1.0,False,0,,,,scenario_east_west_heavy,test,development,0.05
1180,4i,150.0,1,0.0,1,1.0,False,0,,,,scenario_east_west_heavy,test,development,0.05
1185,4i,150.0,1,0.0,1,1.0,False,0,,,,scenario_east_west_heavy,test,development,0.05
1190,4i,150.0,1,0.0,1,1.0,False,0,,,,scenario_east_west_heavy,test,development,0.05
1195,4i,150.0,1,0.0,1,1.0,False,0,,,,scenario_east_west_heavy,test,development,0.05
1200,4i,150.0,3,11.1788,1,1.0,False,0,,,,scenario_east_west_heavy,test,development,0.05
1205,4i,150.0,2,3.6499,0,0.0,False,0,,,,scenario_east_west_heavy,test,development,0.05
1210,4i,150.0,3,5.762,1,1.0,False,0,,,,scenario_east_west_heavy,test,development,0.05
1215,4i,150.0,3,1.2612,2,1.0,False,0,,,,scenario_east_west_heavy,test,development,0.05
1220,4i,150.0,3,0.0,3,1.0,False,0,,,,scenario_east_west_heavy,test,development,0.05
1225,4i,150.0,3,0.0,3,1.0,False,0,,,,scenario_east_west_heavy,test,development,0.05
1230,4i,150.0,3,0.0,3,1.0,False,0,,,,scenario_east_west_heavy,test,development,0.05
1235,4i,150.0,3,0.0,3,1.0,False,0,,,,scenario_east_west_heavy,test,development,0.05
1240,4i,150.0,3,0.0,3,1.0,False,0,,,,scenario_east_west_heavy,test,development,0.05
1245,4i,150.0,4,5.6713,3,1.0,False,0,,,,scenario_east_west_heavy,test,development,0.05
1250,4i,150.0,5,5.1016,3,1.0,False,0,,,,scenario_east_west_heavy,test,development,0.05
1255,4i,150.0,6,4.1016,4,5.01,False,0,,,,scenario_east_west_heavy,test,development,0.05
1260,4i,150.0,6,1.3604,4,5.0,False,0,,,,scenario_east_west_heavy,test,development,0.05
1265,4i,150.0,2,0.0003,2,5.0,False,0,,,,scenario_east_west_heavy,test,development,0.05
1270,4i,150.0,2,0.0,2,5.0,False,0,,,,scenario_east_west_heavy,test,development,0.05
1275,4i,150.0,2,0.0,2,5.0,False,0,,,,scenario_east_west_heavy,test,development,0.05
1280,4i,150.0,2,0.0,2,5.0,False,0,,,,scenario_east_west_heavy,test,development,0.05
1285,4i,150.0,2,0.0,2,5.0,False,0,,,,scenario_east_west_heavy,test,development,0.05
1290,4i,150.0,4,10.4489,2,5.0,False,0,,,,scenario_east_west_heavy,test,development,0.05
1295,4i,150.0,2,7.8098,0,0.0,False,0,,,,scenario_east_west_heavy,test,development,0.05
1300,4i,150.0,2,9.002,1,1.0,False,0,,,,scenario_east_west_heavy,test,development,0.05
1305,4i,150.0,2,7.3844,1,1.0,False,0,,,,scenario_east_west_heavy,test,development,0.05
1310,4i,150.0,2,0.0,1,1.0,False,0,,,,scenario_east_west_heavy,test,development,0.05
1315,4i,150.0,2,0.0,2,1.0,False,0,,,,scenario_east_west_heavy,test,development,0.05
1320,4i,150.0,2,0.0,2,1.0,False,0,,,,scenario_east_west_heavy,test,development,0.05
1325,4i,150.0,2,0.0,2,1.0,False,1,25.0,480.3,480.3,scenario_east_west_heavy,test,development,0.05
1330,4i,150.0,2,0.0,2,1.0,False,1,24.1832,360.59,360.59,scenario_east_west_heavy,test,development,0.05
1335,4i,150.0,4,12.0679,2,1.0,False,1,24.7647,238.01,238.01,scenario_east_west_heavy,test,development,0.05
1340,4i,150.0,5,9.856,2,1.0,False,1,24.9968,117.07,117.07,scenario_east_west_heavy,test,development,0.05
1345,4i,150.0,5,2.45,2,1.0,False,1,11.0251,34.03,34.03,scenario_east_west_heavy,test,development,0.05
1350,4i,150.0,5,0.0877,4,8.0,False,1,0.4369,15.32,15.32,scenario_east_west_heavy,test,development,0.05
1355,4i,150.0,2,1.2789,1,1.0,False,1,2.5577,8.73,8.73,scenario_east_west_heavy,test,development,0.05
1360,4i,150.0,1,0.0,1,1.0,False,0,,,,scenario_east_west_heavy,test,development,0.05
1365,4i,150.0,1,0.0,1,1.0,False,1,27.77,483.3,483.3,scenario_east_west_heavy,test,development,0.05
1370,4i,150.0,1,0.0,1,1.0,False,1,27.5514,348.89,348.89,scenario_east_west_heavy,test,development,0.05
1375,4i,150.0,1,0.0,1,1.0,False,1,27.4237,213.92,213.92,scenario_east_west_heavy,test,development,0.05
1380,4i,150.0,3,15.1399,1,1.0,False,1,23.4502,82.13,82.13,scenario_east_west_heavy,test,development,0.05
1385,4i,150.0,3,13.5379,0,0.0,False,1,8.5905,9.18,9.18,scenario_east_west_heavy,test,development,0.05
1390,4i,150.0,2,5.6753,1,1.0,False,1,0.0,1.0,1.0,scenario_east_west_heavy,test,development,0.05
1395,4i,150.0,2,0.0,2,1.0,False,1,0.0,1.0,1.0,scenario_east_west_heavy,test,development,0.05
1400,4i,150.0,2,0.0,2,1.0,False,1,0.0,1.0,1.0,scenario_east_west_heavy,test,development,0.05
1405,4i,150.0,2,0.0,2,1.0,False,1,0.0,1.0,1.0,scenario_east_west_heavy,test,development,0.05
1410,4i,150.0,2,0.0,2,1.0,False,1,0.0,1.0,1.0,scenario_east_west_heavy,test,development,0.05
1415,4i,150.0,2,0.0,2,1.0,False,1,0.0,1.0,1.0,scenario_east_west_heavy,test,development,0.05
1420,4i,150.0,2,0.0,2,1.0,False,1,0.0,1.0,1.0,scenario_east_west_heavy,test,development,0.05
1425,4i,150.0,4,12.6268,2,1.0,False,1,0.0,1.0,1.0,scenario_east_west_heavy,test,development,0.05
1430,4i,150.0,5,9.4661,2,1.0,False,1,0.0,1.0,1.0,scenario_east_west_heavy,test,development,0.05
1435,4i,150.0,5,1.8934,3,1.0,False,1,0.0,1.0,1.0,scenario_east_west_heavy,test,development,0.05
1440,4i,150.0,5,0.0,5,8.0,False,1,0.0,1.0,1.0,scenario_east_west_heavy,test,development,0.05
1445,4i,150.0,1,0.0,1,1.0,False,0,,,,scenario_east_west_heavy,test,development,0.05
1450,4i,150.0,1,0.0,1,1.0,False,0,,,,scenario_east_west_heavy,test,development,0.05
1455,4i,150.0,1,0.0,1,1.0,False,0,,,,scenario_east_west_heavy,test,development,0.05
1460,4i,150.0,1,0.0,1,1.0,False,0,,,,scenario_east_west_heavy,test,development,0.05
1465,4i,150.0,1,0.0,1,1.0,False,0,,,,scenario_east_west_heavy,test,development,0.05
1470,4i,150.0,3,17.0552,1,1.0,False,0,,,,scenario_east_west_heavy,test,development,0.05
1475,4i,150.0,3,15.0198,0,0.0,False,0,,,,scenario_east_west_heavy,test,development,0.05
1480,4i,150.0,2,8.5585,0,0.0,False,0,,,,scenario_east_west_heavy,test,development,0.05
1485,4i,150.0,2,0.3512,1,1.0,False,0,,,,scenario_east_west_heavy,test,development,0.05
1490,4i,150.0,2,0.0,2,1.0,False,0,,,,scenario_east_west_heavy,test,development,0.05
1495,4i,150.0,2,0.0,2,1.0,False,0,,,,scenario_east_west_heavy,test,development,0.05
1500,4i,150.0,2,0.0,2,1.0,False,0,,,,scenario_east_west_heavy,test,development,0.05
1505,4i,150.0,2,0.0,2,1.0,False,1,19.0795,416.04,416.04,scenario_east_west_heavy,test,development,0.05
1510,4i,150.0,2,0.0,2,1.0,False,1,19.3778,320.01,320.01,scenario_east_west_heavy,test,development,0.05
1515,4i,150.0,2,0.0,2,1.0,False,1,18.9396,224.88,224.88,scenario_east_west_heavy,test,development,0.05
1520,4i,150.0,5,10.5612,2,1.0,False,1,15.4802,139.49,139.49,scenario_east_west_heavy,test,development,0.05
1525,4i,150.0,5,4.008,2,1.0,False,1,11.0041,75.56,75.56,scenario_east_west_heavy,test,development,0.05
1530,4i,150.0,5,1.3008,4,5.0,False,1,6.5041,34.04,34.04,scenario_east_west_heavy,test,development,0.05
1535,4i,150.0,2,3.31,1,1.0,False,1,6.6201,6.05,6.05,scenario_east_west_heavy,test,development,0.05
1540,4i,150.0,1,0.0,1,1.0,False,0,,,,scenario_east_west_heavy,test,development,0.05
1545,4i,150.0,1,0.0,1,1.0,False,0,,,,scenario_east_west_heavy,test,development,0.05
1550,4i,150.0,1,0.0,1,1.0,False,1,23.2535,407.41,407.41,scenario_east_west_heavy,test,development,0.05
1555,4i,150.0,1,0.0,1,1.0,False,1,23.8812,287.98,287.98,scenario_east_west_heavy,test,development,0.05
1560,4i,150.0,2,11.6425,1,1.0,False,1,23.7364,166.82,166.82,scenario_east_west_heavy,test,development,0.05
1565,4i,150.0,3,17.7301,0,0.0,False,1,18.9306,57.0,57.0,scenario_east_west_heavy,test,development,0.05
1570,4i,150.0,2,4.3565,0,0.0,False,0,,,,scenario_east_west_heavy,test,development,0.05
1575,4i,150.0,2,0.0002,2,1.0,False,0,,,,scenario_east_west_heavy,test,development,0.05
1580,4i,150.0,2,0.0,2,1.0,False,0,,,,scenario_east_west_heavy,test,development,0.05
1585,4i,150.0,2,0.0,2,1.0,False,0,,,,scenario_east_west_heavy,test,development,0.05
1590,4i,150.0,2,0.0,2,1.0,False,0,,,,scenario_east_west_heavy,test,development,0.05
1595,4i,150.0,2,0.0,2,1.0,False,0,,,,scenario_east_west_heavy,test,development,0.05
1600,4i,150.0,2,0.0,2,1.0,False,0,,,,scenario_east_west_heavy,test,development,0.05
1605,4i,150.0,2,0.0,2,1.0,False,0,,,,scenario_east_west_heavy,test,development,0.05
1610,4i,150.0,5,10.7184,2,1.0,False,0,,,,scenario_east_west_heavy,test,development,0.05
1615,4i,150.0,5,5.9231,2,1.0,False,0,,,,scenario_east_west_heavy,test,development,0.05
1620,4i,150.0,5,0.9673,3,1.0,False,0,,,,scenario_east_west_heavy,test,development,0.05
1625,4i,150.0,1,0.0,1,1.0,False,0,,,,scenario_east_west_heavy,test,development,0.05
1630,4i,150.0,1,0.0,1,1.0,False,0,,,,scenario_east_west_heavy,test,development,0.05
1635,4i,150.0,1,0.0,1,1.0,False,0,,,,scenario_east_west_heavy,test,development,0.05
1640,4i,150.0,1,0.0,1,1.0,False,0,,,,scenario_east_west_heavy,test,development,0.05
1645,4i,150.0,1,0.0,1,1.0,False,0,,,,scenario_east_west_heavy,test,development,0.05
1650,4i,150.0,1,0.0,1,1.0,False,0,,,,scenario_east_west_heavy,test,development,0.05
1655,4i,150.0,3,18.9731,0,0.0,False,0,,,,scenario_east_west_heavy,test,development,0.05
1660,4i,150.0,2,11.4379,0,0.0,False,0,,,,scenario_east_west_heavy,test,development,0.05
1665,4i,150.0,2,0.5566,1,1.0,False,0,,,,scenario_east_west_heavy,test,development,0.05
1670,4i,150.0,2,0.0,2,1.0,False,0,,,,scenario_east_west_heavy,test,development,0.05
1675,4i,150.0,2,0.0,2,1.0,False,0,,,,scenario_east_west_heavy,test,development,0.05
1680,4i,150.0,2,0.0,2,1.0,False,0,,,,scenario_east_west_heavy,test,development,0.05
1685,4i,150.0,2,0.0,2,1.0,False,0,,,,scenario_east_west_heavy,test,development,0.05
1690,4i,150.0,2,0.0,2,1.0,False,0,,,,scenario_east_west_heavy,test,development,0.05
1695,4i,150.0,3,6.4437,2,1.0,False,0,,,,scenario_east_west_heavy,test,development,0.05
1700,4i,150.0,5,8.7592,2,1.0,False,0,,,,scenario_east_west_heavy,test,development,0.05
1705,4i,150.0,5,2.2322,3,13.72,False,0,,,,scenario_east_west_heavy,test,development,0.05
1710,4i,150.0,5,0.0075,5,13.71,False,0,,,,scenario_east_west_heavy,test,development,0.05
1715,4i,150.0,1,0.0,1,1.0,False,0,,,,scenario_east_west_heavy,test,development,0.05
1720,4i,150.0,1,0.0,1,1.0,False,0,,,,scenario_east_west_heavy,test,development,0.05
1725,4i,150.0,1,0.0,1,1.0,False,0,,,,scenario_east_west_heavy,test,development,0.05
1730,4i,150.0,1,0.0,1,1.0,False,0,,,,scenario_east_west_heavy,test,development,0.05
1735,4i,150.0,1,0.0,1,1.0,False,0,,,,scenario_east_west_heavy,test,development,0.05
1740,4i,150.0,2,7.9035,1,1.0,False,0,,,,scenario_east_west_heavy,test,development,0.05
1745,4i,150.0,3,20.3065,0,0.0,False,0,,,,scenario_east_west_heavy,test,development,0.05
1750,4i,150.0,2,8.1234,0,0.0,False,0,,,,scenario_east_west_heavy,test,development,0.05
1755,4i,150.0,2,0.0,2,1.0,False,0,,,,scenario_east_west_heavy,test,development,0.05
1760,4i,150.0,2,0.0,2,1.0,False,0,,,,scenario_east_west_heavy,test,development,0.05
1765,4i,150.0,2,0.0,2,1.0,False,0,,,,scenario_east_west_heavy,test,development,0.05
1770,4i,150.0,2,0.0,2,1.0,False,0,,,,scenario_east_west_heavy,test,development,0.05
1775,4i,150.0,2,0.0,2,1.0,False,0,,,,scenario_east_west_heavy,test,development,0.05
1780,4i,150.0,3,8.0428,2,1.0,False,0,,,,scenario_east_west_heavy,test,development,0.05
1785,4i,150.0,3,4.5783,2,1.0,False,0,,,,scenario_east_west_heavy,test,development,0.05
1790,4i,150.0,5,8.2275,2,1.0,False,0,,,,scenario_east_west_heavy,test,development,0.05
1795,4i,150.0,5,2.7652,3,15.04,False,0,,,,scenario_east_west_heavy,test,development,0.05
1800,4i,150.0,5,0.0013,5,15.04,False,0,,,,scenario_east_west_heavy,test,development,0.05
1805,4i,150.0,2,1.6505,1,1.0,False,0,,,,scenario_east_west_heavy,test,development,0.05
1810,4i,150.0,1,0.0,1,1.0,False,0,,,,scenario_east_west_heavy,test,development,0.05
1815,4i,150.0,1,0.0,1,1.0,False,0,,,,scenario_east_west_heavy,test,development,0.05
1820,4i,150.0,1,0.0,1,1.0,False,0,,,,scenario_east_west_heavy,test,development,0.05
1825,4i,150.0,2,11.4179,1,1.0,False,0,,,,scenario_east_west_heavy,test,development,0.05
1830,4i,150.0,2,4.7865,1,1.0,False,0,,,,scenario_east_west_heavy,test,development,0.05
1835,4i,150.0,3,15.6816,1,1.0,False,0,,,,scenario_east_west_heavy,test,development,0.05
1840,4i,150.0,3,8.2226,1,1.0,False,0,,,,scenario_east_west_heavy,test,development,0.05
1845,4i,150.0,2,0.0,2,1.0,False,0,,,,scenario_east_west_heavy,test,development,0.05
1850,4i,150.0,2,0.0,2,1.0,False,0,,,,scenario_east_west_heavy,test,development,0.05
1855,4i,150.0,2,0.0,2,1.0,False,0,,,,scenario_east_west_heavy,test,development,0.05
1860,4i,150.0,2,0.0,2,1.0,False,0,,,,scenario_east_west_heavy,test,development,0.05
1865,4i,150.0,2,0.0,2,1.0,False,1,27.77,483.3,483.3,scenario_east_west_heavy,test,development,0.05
1870,4i,150.0,3,7.7409,2,1.0,False,1,26.2105,348.7,348.7,scenario_east_west_heavy,test,development,0.05
1875,4i,150.0,3,3.2251,2,1.0,False,1,26.5909,213.03,213.03,scenario_east_west_heavy,test,development,0.05
1880,4i,150.0,5,9.5193,3,5.0,False,1,23.692,83.79,83.79,scenario_east_west_heavy,test,development,0.05
1885,4i,150.0,5,4.3058,3,5.0,False,1,8.8271,9.66,9.66,scenario_east_west_heavy,test,development,0.05
1890,4i,150.0,5,0.0129,4,5.0,False,1,0.0,1.0,1.0,scenario_east_west_heavy,test,development,0.05
1895,4i,150.0,1,0.0,1,1.0,False,1,0.0,1.0,1.0,scenario_east_west_heavy,test,development,0.05
1900,4i,150.0,1,0.0,1,1.0,False,1,0.0,1.0,1.0,scenario_east_west_heavy,test,development,0.05
1905,4i,150.0,1,0.0,1,1.0,False,1,0.0,1.0,1.0,scenario_east_west_heavy,test,development,0.05
1910,4i,150.0,1,0.0,1,1.0,False,1,0.0,1.0,1.0,scenario_east_west_heavy,test,development,0.05
1915,4i,150.0,2,9.9022,1,1.0,False,1,0.0,1.0,1.0,scenario_east_west_heavy,test,development,0.05
1920,4i,150.0,2,3.3114,1,1.0,False,1,0.0,1.0,1.0,scenario_east_west_heavy,test,development,0.05
1925,4i,150.0,3,17.2838,1,1.0,False,0,,,,scenario_east_west_heavy,test,development,0.05
1930,4i,150.0,3,8.1915,1,1.0,False,0,,,,scenario_east_west_heavy,test,development,0.05
1935,4i,150.0,3,0.0,3,1.0,False,0,,,,scenario_east_west_heavy,test,development,0.05
1940,4i,150.0,3,0.0,3,1.0,False,0,,,,scenario_east_west_heavy,test,development,0.05
1945,4i,150.0,3,0.0,3,1.0,False,0,,,,scenario_east_west_heavy,test,development,0.05
1950,4i,150.0,3,0.0,3,1.0,False,0,,,,scenario_east_west_heavy,test,development,0.05
1955,4i,150.0,3,0.0,3,1.0,False,0,,,,scenario_east_west_heavy,test,development,0.05
1960,4i,150.0,4,5.0888,3,1.0,False,0,,,,scenario_east_west_heavy,test,development,0.05
1965,4i,150.0,4,1.7835,3,1.0,False,0,,,,scenario_east_west_heavy,test,development,0.05
1970,4i,150.0,6,8.2206,4,5.0,False,0,,,,scenario_east_west_heavy,test,development,0.05
1975,4i,150.0,6,3.7124,4,5.0,False,0,,,,scenario_east_west_heavy,test,development,0.05
1980,4i,150.0,6,0.1112,4,5.0,False,0,,,,scenario_east_west_heavy,test,development,0.05
1985,4i,150.0,2,0.0,2,4.83,False,0,,,,scenario_east_west_heavy,test,development,0.05
1990,4i,150.0,2,0.0,2,4.83,False,0,,,,scenario_east_west_heavy,test,development,0.05
1995,4i,150.0,2,0.0,2,4.83,False,0,,,,scenario_east_west_heavy,test,development,0.05
2000,4i,150.0,2,0.0,2,4.83,False,0,,,,scenario_east_west_heavy,test,development,0.05
2005,4i,150.0,3,5.8477,2,4.83,False,0,,,,scenario_east_west_heavy,test,development,0.05
2010,4i,150.0,3,1.8247,2,4.83,False,0,,,,scenario_east_west_heavy,test,development,0.05
2015,4i,150.0,2,13.528,1,1.01,False,0,,,,scenario_east_west_heavy,test,development,0.05
2020,4i,150.0,3,10.9764,1,1.0,False,0,,,,scenario_east_west_heavy,test,development,0.05
2025,4i,150.0,3,6.5531,1,1.0,False,0,,,,scenario_east_west_heavy,test,development,0.05
2030,4i,150.0,3,0.8456,2,1.0,False,0,,,,scenario_east_west_heavy,test,development,0.05
2035,4i,150.0,3,0.0,3,1.0,False,0,,,,scenario_east_west_heavy,test,development,0.05
2040,4i,150.0,3,0.0,3,1.0,False,0,,,,scenario_east_west_heavy,test,development,0.05
2045,4i,150.0,3,0.0,3,1.0,False,0,,,,scenario_east_west_heavy,test,development,0.05
2050,4i,150.0,4,3.6606,3,1.0,False,0,,,,scenario_east_west_heavy,test,development,0.05
2055,4i,150.0,4,2.5633,3,1.0,False,0,,,,scenario_east_west_heavy,test,development,0.05
2060,4i,150.0,5,6.1037,3,1.0,False,0,,,,scenario_east_west_heavy,test,development,0.05
2065,4i,150.0,6,6.041,3,1.0,False,0,,,,scenario_east_west_heavy,test,development,0.05
2070,4i,150.0,6,2.4553,4,8.0,False,0,,,,scenario_east_west_heavy,test,development,0.05
2075,4i,150.0,2,2.5854,1,1.0,False,0,,,,scenario_east_west_heavy,test,development,0.05
2080,4i,150.0,2,0.0066,2,13.72,False,0,,,,scenario_east_west_heavy,test,development,0.05
2085,4i,150.0,2,0.0,2,13.71,False,0,,,,scenario_east_west_heavy,test,development,0.05
2090,4i,150.0,3,6.9171,2,13.71,False,0,,,,scenario_east_west_heavy,test,development,0.05
2095,4i,150.0,3,5.4961,2,13.71,False,0,,,,scenario_east_west_heavy,test,development,0.05
2100,4i,150.0,2,0.0,2,13.71,False,0,,,,scenario_east_west_heavy,test,development,0.05
2105,4i,150.0,2,14.2013,0,0.0,False,0,,,,scenario_east_west_heavy,test,development,0.05
2110,4i,150.0,2,16.7996,0,0.0,False,0,,,,scenario_east_west_heavy,test,development,0.05
2115,4i,150.0,2,9.5962,0,0.0,False,0,,,,scenario_east_west_heavy,test,development,0.05
2120,4i,150.0,2,1.367,1,1.01,False,0,,,,scenario_east_west_heavy,test,development,0.05
2125,4i,150.0,2,0.0,2,1.0,False,0,,,,scenario_east_west_heavy,test,development,0.05
2130,4i,150.0,2,0.0,2,1.0,False,0,,,,scenario_east_west_heavy,test,development,0.05
2135,4i,150.0,3,7.9025,2,1.0,False,0,,,,scenario_east_west_heavy,test,development,0.05
2140,4i,150.0,3,3.4718,2,1.0,False,0,,,,scenario_east_west_heavy,test,development,0.05
2145,4i,150.0,3,0.0051,3,1.01,False,0,,,,scenario_east_west_heavy,test,development,0.05
2150,4i,150.0,3,0.0,3,1.0,False,0,,,,scenario_east_west_heavy,test,development,0.05
2155,4i,150.0,4,4.2899,3,1.0,False,0,,,,scenario_east_west_heavy,test,development,0.05
2160,4i,150.0,5,3.0182,3,1.0,False,0,,,,scenario_east_west_heavy,test,development,0.05
2165,4i,150.0,3,3.173,2,5.0,False,0,,,,scenario_east_west_heavy,test,development,0.05
2170,4i,150.0,2,0.0,2,5.0,False,0,,,,scenario_east_west_heavy,test,development,0.05
2175,4i,150.0,2,0.0,2,5.0,False,0,,,,scenario_east_west_heavy,test,development,0.05
2180,4i,150.0,3,6.899,2,5.0,False,0,,,,scenario_east_west_heavy,test,development,0.05
2185,4i,150.0,2,0.0,2,5.0,False,0,,,,scenario_east_west_heavy,test,development,0.05
2190,4i,150.0,2,0.0,2,5.0,False,0,,,,scenario_east_west_heavy,test,development,0.05
2195,4i,150.0,0,0.0,0,0.0,False,0,,,,scenario_east_west_heavy,test,development,0.05
2200,4i,150.0,2,19.7364,0,0.0,False,0,,,,scenario_east_west_heavy,test,development,0.05
2205,4i,150.0,2,4.7767,0,0.0,False,0,,,,scenario_east_west_heavy,test,development,0.05
2210,4i,150.0,2,0.0,2,1.0,False,0,,,,scenario_east_west_heavy,test,development,0.05
2215,4i,150.0,2,0.0,2,1.0,False,0,,,,scenario_east_west_heavy,test,development,0.05
2220,4i,150.0,3,8.9048,2,1.0,False,0,,,,scenario_east_west_heavy,test,development,0.05
2225,4i,150.0,3,4.6905,2,1.0,False,0,,,,scenario_east_west_heavy,test,development,0.05
2230,4i,150.0,3,0.5777,2,1.0,False,0,,,,scenario_east_west_heavy,test,development,0.05
2235,4i,150.0,3,0.0,3,1.0,False,0,,,,scenario_east_west_heavy,test,development,0.05
2240,4i,150.0,3,0.0,3,1.0,False,0,,,,scenario_east_west_heavy,test,development,0.05
2245,4i,150.0,5,9.2753,3,1.0,False,0,,,,scenario_east_west_heavy,test,development,0.05
2250,4i,150.0,5,3.7231,3,1.0,False,0,,,,scenario_east_west_heavy,test,development,0.05
2255,4i,150.0,2,0.0382,2,8.08,False,0,,,,scenario_east_west_heavy,test,development,0.05
2260,4i,150.0,2,0.0001,2,8.0,False,0,,,,scenario_east_west_heavy,test,development,0.05
2265,4i,150.0,3,9.037,2,8.0,False,0,,,,scenario_east_west_heavy,test,development,0.05
2270,4i,150.0,3,6.1657,2,8.0,False,0,,,,scenario_east_west_heavy,test,development,0.05
2275,4i,150.0,2,0.0,2,8.0,False,0,,,,scenario_east_west_heavy,test,development,0.05
2280,4i,150.0,2,0.0,2,8.0,False,0,,,,scenario_east_west_heavy,test,development,0.05
2285,4i,150.0,1,4.0302,0,0.0,False,0,,,,scenario_east_west_heavy,test,development,0.05
2290,4i,150.0,1,20.4162,0,0.0,False,0,,,,scenario_east_west_heavy,test,development,0.05
2295,4i,150.0,2,12.4536,0,0.0,False,0,,,,scenario_east_west_heavy,test,development,0.05
2300,4i,150.0,2,3.5088,1,1.0,False,0,,,,scenario_east_west_heavy,test,development,0.05
2305,4i,150.0,2,0.0,2,1.0,False,0,,,,scenario_east_west_heavy,test,development,0.05
2310,4i,150.0,3,8.5292,2,1.0,False,0,,,,scenario_east_west_heavy,test,development,0.05
2315,4i,150.0,3,3.8972,2,1.0,False,0,,,,scenario_east_west_heavy,test,development,0.05
2320,4i,150.0,3,0.0793,2,1.0,False,0,,,,scenario_east_west_heavy,test,development,0.05
2325,4i,150.0,3,0.0,3,1.0,False,0,,,,scenario_east_west_heavy,test,development,0.05
2330,4i,150.0,3,0.0,3,1.0,False,0,,,,scenario_east_west_heavy,test,development,0.05
2335,4i,150.0,5,8.6776,3,1.0,False,0,,,,scenario_east_west_heavy,test,development,0.05
2340,4i,150.0,5,3.4328,3,1.0,False,1,27.77,483.3,483.3,scenario_east_west_heavy,test,development,0.05
2345,4i,150.0,3,0.844,2,5.01,False,1,26.2565,349.7,349.7,scenario_east_west_heavy,test,development,0.05
2350,4i,150.0,2,0.0,2,5.0,False,1,26.336,214.44,214.44,scenario_east_west_heavy,test,development,0.05
2355,4i,150.0,3,7.437,2,5.0,False,1,22.311,86.78,86.78,scenario_east_west_heavy,test,development,0.05
2360,4i,150.0,3,4.8561,2,5.0,False,1,14.5684,4.71,4.71,scenario_east_west_heavy,test,development,0.05
2365,4i,150.0,2,0.0,2,5.0,False,0,,,,scenario_east_west_heavy,test,development,0.05
2370,4i,150.0,2,0.0,2,5.0,False,0,,,,scenario_east_west_heavy,test,development,0.05
2375,4i,150.0,0,0.0,0,0.0,False,0,,,,scenario_east_west_heavy,test,development,0.05
2380,4i,150.0,2,23.3707,0,0.0,False,0,,,,scenario_east_west_heavy,test,development,0.05
2385,4i,150.0,2,11.064,0,0.0,False,0,,,,scenario_east_west_heavy,test,development,0.05
2390,4i,150.0,2,0.0,2,1.0,False,0,,,,scenario_east_west_heavy,test,development,0.05
2395,4i,150.0,2,0.0,2,1.0,False,0,,,,scenario_east_west_heavy,test,development,0.05
2400,4i,150.0,3,7.8027,2,1.0,False,0,,,,scenario_east_west_heavy,test,development,0.05
2405,4i,150.0,3,3.661,2,1.0,False,0,,,,scenario_east_west_heavy,test,development,0.05
2410,4i,150.0,3,0.0,3,1.0,False,0,,,,scenario_east_west_heavy,test,development,0.05
2415,4i,150.0,3,0.0,3,1.0,False,0,,,,scenario_east_west_heavy,test,development,0.05
2420,4i,150.0,3,0.0,3,1.0,False,0,,,,scenario_east_west_heavy,test,development,0.05
2425,4i,150.0,4,6.2472,3,1.0,False,0,,,,scenario_east_west_heavy,test,development,0.05
2430,4i,150.0,5,5.9071,3,1.0,False,0,,,,scenario_east_west_heavy,test,development,0.05
2435,4i,150.0,3,4.7214,2,8.06,False,0,,,,scenario_east_west_heavy,test,development,0.05
2440,4i,150.0,2,0.0001,2,8.0,False,0,,,,scenario_east_west_heavy,test,development,0.05
2445,4i,150.0,3,5.5611,2,8.0,False,0,,,,scenario_east_west_heavy,test,development,0.05
2450,4i,150.0,2,0.0,2,8.0,False,0,,,,scenario_east_west_heavy,test,development,0.05
2455,4i,150.0,2,0.0,2,8.0,False,0,,,,scenario_east_west_heavy,test,development,0.05
2460,4i,150.0,2,0.0,2,8.0,False,0,,,,scenario_east_west_heavy,test,development,0.05
2465,4i,150.0,1,4.7687,0,0.0,False,0,,,,scenario_east_west_heavy,test,development,0.05
2470,4i,150.0,1,26.757,0,0.0,False,0,,,,scenario_east_west_heavy,test,development,0.05
2475,4i,150.0,2,15.4253,0,0.0,False,0,,,,scenario_east_west_heavy,test,development,0.05
2480,4i,150.0,2,6.596,1,1.0,False,0,,,,scenario_east_west_heavy,test,development,0.05
2485,4i,150.0,3,8.8459,1,1.0,False,0,,,,scenario_east_west_heavy,test,development,0.05
2490,4i,150.0,3,4.7924,2,1.0,False,0,,,,scenario_east_west_heavy,test,development,0.05
2495,4i,150.0,3,0.4736,2,1.0,False,0,,,,scenario_east_west_heavy,test,development,0.05
2500,4i,150.0,3,0.0001,3,1.0,False,0,,,,scenario_east_west_heavy,test,development,0.05
2505,4i,150.0,3,0.0,3,1.0,False,0,,,,scenario_east_west_heavy,test,development,0.05
2510,4i,150.0,3,0.0,3,1.0,False,0,,,,scenario_east_west_heavy,test,development,0.05
2515,4i,150.0,3,0.0,3,1.0,False,0,,,,scenario_east_west_heavy,test,development,0.05
2520,4i,150.0,5,6.6561,3,1.0,False,0,,,,scenario_east_west_heavy,test,development,0.05
2525,4i,150.0,3,3.0372,1,1.0,False,0,,,,scenario_east_west_heavy,test,development,0.05
2530,4i,150.0,3,8.1402,2,5.0,False,0,,,,scenario_east_west_heavy,test,development,0.05
2535,4i,150.0,3,4.8307,2,5.0,False,0,,,,scenario_east_west_heavy,test,development,0.05
2540,4i,150.0,2,0.0,2,5.0,False,0,,,,scenario_east_west_heavy,test,development,0.05
2545,4i,150.0,2,0.0,2,5.0,False,0,,,,scenario_east_west_heavy,test,development,0.05
2550,4i,150.0,2,0.0,2,5.0,False,0,,,,scenario_east_west_heavy,test,development,0.05
2555,4i,150.0,0,0.0,0,0.0,False,0,,,,scenario_east_west_heavy,test,development,0.05
2560,4i,150.0,0,0.0,0,0.0,False,0,,,,scenario_east_west_heavy,test,development,0.05
2565,4i,150.0,2,19.1014,0,0.0,False,0,,,,scenario_east_west_heavy,test,development,0.05
2570,4i,150.0,2,4.1051,0,0.0,False,0,,,,scenario_east_west_heavy,test,development,0.05
2575,4i,150.0,3,8.0347,2,1.0,False,0,,,,scenario_east_west_heavy,test,development,0.05
2580,4i,150.0,3,4.2964,2,1.0,False,0,,,,scenario_east_west_heavy,test,development,0.05
2585,4i,150.0,3,0.5344,2,1.0,False,0,,,,scenario_east_west_heavy,test,development,0.05
2590,4i,150.0,3,0.0,3,1.0,False,0,,,,scenario_east_west_heavy,test,development,0.05
2595,4i,150.0,3,0.0,3,1.0,False,0,,,,scenario_east_west_heavy,test,development,0.05
2600,4i,150.0,3,0.0,3,1.0,False,0,,,,scenario_east_west_heavy,test,development,0.05
2605,4i,150.0,4,6.5997,3,1.0,False,0,,,,scenario_east_west_heavy,test,development,0.05
2610,4i,150.0,5,6.3542,3,1.0,False,0,,,,scenario_east_west_heavy,test,development,0.05
2615,4i,150.0,2,1.9724,1,1.0,False,0,,,,scenario_east_west_heavy,test,development,0.05
2620,4i,150.0,3,6.3281,2,8.0,False,0,,,,scenario_east_west_heavy,test,development,0.05
2625,4i,150.0,2,0.0,2,8.0,False,0,,,,scenario_east_west_heavy,test,development,0.05
2630,4i,150.0,2,0.0,2,8.0,False,0,,,,scenario_east_west_heavy,test,development,0.05
2635,4i,150.0,2,0.0,2,8.0,False,0,,,,scenario_east_west_heavy,test,development,0.05
2640,4i,150.0,2,0.0,2,8.0,False,0,,,,scenario_east_west_heavy,test,development,0.05
2645,4i,150.0,1,4.5148,0,0.0,False,0,,,,scenario_east_west_heavy,test,development,0.05
2650,4i,150.0,0,0.0,0,0.0,False,0,,,,scenario_east_west_heavy,test,development,0.05
2655,4i,150.0,2,21.5989,0,0.0,False,0,,,,scenario_east_west_heavy,test,development,0.05
2660,4i,150.0,2,7.3247,0,0.0,False,0,,,,scenario_east_west_heavy,test,development,0.05
2665,4i,150.0,3,6.6007,2,1.0,False,0,,,,scenario_east_west_heavy,test,development,0.05
2670,4i,150.0,3,2.3851,2,1.0,False,0,,,,scenario_east_west_heavy,test,development,0.05
2675,4i,150.0,3,0.0005,3,1.0,False,0,,,,scenario_east_west_heavy,test,development,0.05
2680,4i,150.0,3,0.0,3,1.0,False,0,,,,scenario_east_west_heavy,test,development,0.05
2685,4i,150.0,3,0.0,3,1.0,False,0,,,,scenario_east_west_heavy,test,development,0.05
2690,4i,150.0,3,0.0,3,1.0,False,0,,,,scenario_east_west_heavy,test,development,0.05
2695,4i,150.0,3,0.0,3,1.0,False,0,,,,scenario_east_west_heavy,test,development,0.05
2700,4i,150.0,5,6.7048,3,1.0,False,0,,,,scenario_east_west_heavy,test,development,0.05
2705,4i,150.0,2,1.4802,1,1.0,False,0,,,,scenario_east_west_heavy,test,development,0.05
2710,4i,150.0,3,5.5239,2,8.0,False,0,,,,scenario_east_west_heavy,test,development,0.05
2715,4i,150.0,2,0.0,2,8.0,False,0,,,,scenario_east_west_heavy,test,development,0.05
2720,4i,150.0,2,0.0,2,8.0,False,0,,,,scenario_east_west_heavy,test,development,0.05
2725,4i,150.0,2,0.0,2,8.0,False,0,,,,scenario_east_west_heavy,test,development,0.05
2730,4i,150.0,2,0.0,2,8.0,False,1,23.4907,456.81,456.81,scenario_east_west_heavy,test,development,0.05
2735,4i,150.0,1,3.9112,0,0.0,False,1,23.3259,336.56,336.56,scenario_east_west_heavy,test,development,0.05
2740,4i,150.0,0,0.0,0,0.0,False,1,23.655,217.28,217.28,scenario_east_west_heavy,test,development,0.05
2745,4i,150.0,1,24.7432,0,0.0,False,1,24.7432,95.39,95.39,scenario_east_west_heavy,test,development,0.05
2750,4i,150.0,2,14.8165,0,0.0,False,1,10.3583,14.08,14.08,scenario_east_west_heavy,test,development,0.05
2755,4i,150.0,3,8.5093,1,1.0,False,1,0.0,1.0,1.0,scenario_east_west_heavy,test,development,0.05
2760,4i,150.0,3,5.278,2,1.0,False,1,0.0,1.0,1.0,scenario_east_west_heavy,test,development,0.05
2765,4i,150.0,3,0.9231,2,1.0,False,1,0.0,1.0,1.0,scenario_east_west_heavy,test,development,0.05
2770,4i,150.0,3,0.0,3,1.0,False,1,0.0,1.0,1.0,scenario_east_west_heavy,test,development,0.05
2775,4i,150.0,3,0.0,3,1.0,False,1,0.0,1.0,1.0,scenario_east_west_heavy,test,development,0.05
2780,4i,150.0,3,0.0,3,1.0,False,1,0.0,1.0,1.0,scenario_east_west_heavy,test,development,0.05
2785,4i,150.0,3,0.0,3,1.0,False,1,0.0,1.0,1.0,scenario_east_west_heavy,test,development,0.05
2790,4i,150.0,4,5.4969,3,1.0,False,1,0.0,1.0,1.0,scenario_east_west_heavy,test,development,0.05
2795,4i,150.0,4,12.1478,1,1.0,False,0,,,,scenario_east_west_heavy,test,development,0.05
2800,4i,150.0,4,7.3434,2,15.04,False,0,,,,scenario_east_west_heavy,test,development,0.05
2805,4i,150.0,2,0.0,2,15.04,False,0,,,,scenario_east_west_heavy,test,development,0.05
2810,4i,150.0,2,0.0,2,15.04,False,0,,,,scenario_east_west_heavy,test,development,0.05
2815,4i,150.0,2,0.0,2,15.04,False,0,,,,scenario_east_west_heavy,test,development,0.05
2820,4i,150.0,2,0.0,2,15.04,False,0,,,,scenario_east_west_heavy,test,development,0.05
2825,4i,150.0,1,1.4924,0,0.0,False,0,,,,scenario_east_west_heavy,test,development,0.05
2830,4i,150.0,1,1.6605,0,0.0,False,0,,,,scenario_east_west_heavy,test,development,0.05
2835,4i,150.0,3,15.2437,1,1.0,False,0,,,,scenario_east_west_heavy,test,development,0.05
2840,4i,150.0,4,11.6856,1,1.0,False,0,,,,scenario_east_west_heavy,test,development,0.05
2845,4i,150.0,4,3.3861,2,8.02,False,0,,,,scenario_east_west_heavy,test,development,0.05
2850,4i,150.0,4,0.0001,3,8.0,False,0,,,,scenario_east_west_heavy,test,development,0.05
2855,4i,150.0,4,0.0,4,8.0,False,0,,,,scenario_east_west_heavy,test,development,0.05
2860,4i,150.0,4,0.0,4,8.0,False,0,,,,scenario_east_west_heavy,test,development,0.05
2865,4i,150.0,4,0.0,4,8.0,False,0,,,,scenario_east_west_heavy,test,development,0.05
2870,4i,150.0,4,0.0,4,8.0,False,0,,,,scenario_east_west_heavy,test,development,0.05
2875,4i,150.0,4,0.0,4,8.0,False,0,,,,scenario_east_west_heavy,test,development,0.05
2880,4i,150.0,6,7.6614,4,8.0,False,0,,,,scenario_east_west_heavy,test,development,0.05
2885,4i,150.0,4,5.8533,2,8.0,False,0,,,,scenario_east_west_heavy,test,development,0.05
2890,4i,150.0,4,4.5511,3,12.0,False,0,,,,scenario_east_west_heavy,test,development,0.05
2895,4i,150.0,4,4.2525,3,12.0,False,0,,,,scenario_east_west_heavy,test,development,0.05
2900,4i,150.0,3,0.0,3,12.0,False,0,,,,scenario_east_west_heavy,test,development,0.05
2905,4i,150.0,3,0.0,3,12.0,False,0,,,,scenario_east_west_heavy,test,development,0.05
2910,4i,150.0,3,0.0,3,12.0,False,0,,,,scenario_east_west_heavy,test,development,0.05
2915,4i,150.0,2,3.1464,0,0.0,False,0,,,,scenario_east_west_heavy,test,development,0.05
2920,4i,150.0,0,0.0,0,0.0,False,0,,,,scenario_east_west_heavy,test,development,0.05
2925,4i,150.0,1,26.1318,0,0.0,False,0,,,,scenario_east_west_heavy,test,development,0.05
2930,4i,150.0,2,15.4694,0,0.0,False,0,,,,scenario_east_west_heavy,test,development,0.05
2935,4i,150.0,3,10.8448,1,1.0,False,0,,,,scenario_east_west_heavy,test,development,0.05
2940,4i,150.0,3,1.7493,1,1.0,False,0,,,,scenario_east_west_heavy,test,development,0.05
2945,4i,150.0,3,0.0006,3,1.0,False,0,,,,scenario_east_west_heavy,test,development,0.05
2950,4i,150.0,3,0.0,3,1.0,False,0,,,,scenario_east_west_heavy,test,development,0.05
2955,4i,150.0,3,0.0,3,1.0,False,0,,,,scenario_east_west_heavy,test,development,0.05
2960,4i,150.0,3,0.0,3,1.0,False,0,,,,scenario_east_west_heavy,test,development,0.05
2965,4i,150.0,3,0.0,3,1.0,False,0,,,,scenario_east_west_heavy,test,development,0.05
2970,4i,150.0,5,9.6501,3,1.0,False,0,,,,scenario_east_west_heavy,test,development,0.05
2975,4i,150.0,4,10.2614,1,1.0,False,0,,,,scenario_east_west_heavy,test,development,0.05
2980,4i,150.0,2,0.045,2,13.8,False,0,,,,scenario_east_west_heavy,test,development,0.05
2985,4i,150.0,2,0.0001,2,13.71,False,0,,,,scenario_east_west_heavy,test,development,0.05
2990,4i,150.0,2,0.0,2,13.71,False,0,,,,scenario_east_west_heavy,test,development,0.05
2995,4i,150.0,2,0.0,2,13.71,False,0,,,,scenario_east_west_heavy,test,development,0.05
3000,4i,150.0,2,0.0,2,13.71,False,0,,,,scenario_east_west_heavy,test,development,0.05
3005,4i,150.0,1,2.6305,0,0.0,False,0,,,,scenario_east_west_heavy,test,development,0.05
3010,4i,150.0,0,0.0,0,0.0,False,0,,,,scenario_east_west_heavy,test,development,0.05
3015,4i,150.0,0,0.0,0,0.0,False,0,,,,scenario_east_west_heavy,test,development,0.05
3020,4i,150.0,3,19.3466,0,0.0,False,0,,,,scenario_east_west_heavy,test,development,0.05
3025,4i,150.0,3,4.4308,0,0.0,False,0,,,,scenario_east_west_heavy,test,development,0.05
3030,4i,150.0,3,0.0,3,1.0,False,0,,,,scenario_east_west_heavy,test,development,0.05
3035,4i,150.0,3,0.0,3,1.0,False,0,,,,scenario_east_west_heavy,test,development,0.05
3040,4i,150.0,3,0.0,3,1.0,False,0,,,,scenario_east_west_heavy,test,development,0.05
3045,4i,150.0,3,0.0,3,1.0,False,0,,,,scenario_east_west_heavy,test,development,0.05
3050,4i,150.0,3,0.0,3,1.0,False,0,,,,scenario_east_west_heavy,test,development,0.05
3055,4i,150.0,3,0.0,3,1.0,False,0,,,,scenario_east_west_heavy,test,development,0.05
3060,4i,150.0,4,6.1464,3,1.0,False,0,,,,scenario_east_west_heavy,test,development,0.05
3065,4i,150.0,4,12.7914,1,1.0,False,0,,,,scenario_east_west_heavy,test,development,0.05
3070,4i,150.0,3,6.8494,1,1.0,False,0,,,,scenario_east_west_heavy,test,development,0.05
3075,4i,150.0,2,0.0003,2,8.0,False,0,,,,scenario_east_west_heavy,test,development,0.05
3080,4i,150.0,2,0.0,2,8.0,False,0,,,,scenario_east_west_heavy,test,development,0.05
3085,4i,150.0,2,0.0,2,8.0,False,0,,,,scenario_east_west_heavy,test,development,0.05
3090,4i,150.0,2,0.0,2,8.0,False,1,19.44,474.59,474.59,scenario_east_west_heavy,test,development,0.05
3095,4i,150.0,1,4.8103,0,0.0,False,1,19.1145,380.5,380.5,scenario_east_west_heavy,test,development,0.05
3100,4i,150.0,0,0.0,0,0.0,False,1,19.0964,287.03,287.03,scenario_east_west_heavy,test,development,0.05
3105,4i,150.0,0,0.0,0,0.0,False,1,18.7005,194.17,194.17,scenario_east_west_heavy,test,development,0.05
3110,4i,150.0,3,18.8872,0,0.0,False,1,18.2615,100.7,100.7,scenario_east_west_heavy,test,development,0.05
3115,4i,150.0,3,14.5989,0,0.0,False,1,11.6984,18.1,18.1,scenario_east_west_heavy,test,development,0.05
3120,4i,150.0,3,1.571,1,1.0,False,1,0.0,1.0,1.0,scenario_east_west_heavy,test,development,0.05
3125,4i,150.0,3,0.0,3,1.0,False,1,0.0,1.0,1.0,scenario_east_west_heavy,test,development,0.05
3130,4i,150.0,3,0.0,3,1.0,False,1,0.0,1.0,1.0,scenario_east_west_heavy,test,development,0.05
3135,4i,150.0,3,0.0,3,1.0,False,1,0.0,1.0,1.0,scenario_east_west_heavy,test,development,0.05
3140,4i,150.0,3,0.0,3,1.0,False,1,0.0,1.0,1.0,scenario_east_west_heavy,test,development,0.05
3145,4i,150.0,3,0.0,3,1.0,False,1,0.0,1.0,1.0,scenario_east_west_heavy,test,development,0.05
3150,4i,150.0,4,5.5959,3,1.0,False,1,0.0,1.0,1.0,scenario_east_west_heavy,test,development,0.05
3155,4i,150.0,4,11.0715,1,1.0,False,0,,,,scenario_east_west_heavy,test,development,0.05
3160,4i,150.0,2,1.4814,1,1.0,False,0,,,,scenario_east_west_heavy,test,development,0.05
3165,4i,150.0,2,0.0019,2,13.72,False,0,,,,scenario_east_west_heavy,test,development,0.05
3170,4i,150.0,2,0.0,2,13.71,False,0,,,,scenario_east_west_heavy,test,development,0.05
3175,4i,150.0,2,0.0,2,13.71,False,0,,,,scenario_east_west_heavy,test,development,0.05
3180,4i,150.0,2,0.0,2,13.71,False,0,,,,scenario_east_west_heavy,test,development,0.05
3185,4i,150.0,1,3.5148,0,0.0,False,0,,,,scenario_east_west_heavy,test,development,0.05
3190,4i,150.0,0,0.0,0,0.0,False,0,,,,scenario_east_west_heavy,test,development,0.05
3195,4i,150.0,0,0.0,0,0.0,False,0,,,,scenario_east_west_heavy,test,development,0.05
3200,4i,150.0,2,18.2519,0,0.0,False,0,,,,scenario_east_west_heavy,test,development,0.05
3205,4i,150.0,3,8.3082,0,0.0,False,0,,,,scenario_east_west_heavy,test,development,0.05
3210,4i,150.0,3,2.0375,2,1.0,False,0,,,,scenario_east_west_heavy,test,development,0.05
3215,4i,150.0,3,0.0,3,1.0,False,0,,,,scenario_east_west_heavy,test,development,0.05
3220,4i,150.0,3,0.0,3,1.0,False,0,,,,scenario_east_west_heavy,test,development,0.05
3225,4i,150.0,3,0.0,3,1.0,False,0,,,,scenario_east_west_heavy,test,development,0.05
3230,4i,150.0,3,0.0,3,1.0,False,0,,,,scenario_east_west_heavy,test,development,0.05
3235,4i,150.0,4,6.5866,3,1.0,False,0,,,,scenario_east_west_heavy,test,development,0.05
3240,4i,150.0,4,3.3428,3,1.0,False,0,,,,scenario_east_west_heavy,test,development,0.05
3245,4i,150.0,4,12.571,1,1.0,False,0,,,,scenario_east_west_heavy,test,development,0.05
3250,4i,150.0,3,6.1409,1,1.0,False,0,,,,scenario_east_west_heavy,test,development,0.05
3255,4i,150.0,2,0.0003,2,5.0,False,0,,,,scenario_east_west_heavy,test,development,0.05
3260,4i,150.0,2,0.0,2,5.0,False,0,,,,scenario_east_west_heavy,test,development,0.05
3265,4i,150.0,2,0.0,2,5.0,False,0,,,,scenario_east_west_heavy,test,development,0.05
3270,4i,150.0,2,0.0,2,5.0,False,0,,,,scenario_east_west_heavy,test,development,0.05
3275,4i,150.0,0,0.0,0,0.0,False,0,,,,scenario_east_west_heavy,test,development,0.05
3280,4i,150.0,1,25.464,0,0.0,False,0,,,,scenario_east_west_heavy,test,development,0.05
3285,4i,150.0,1,11.6719,0,0.0,False,0,,,,scenario_east_west_heavy,test,development,0.05
3290,4i,150.0,3,15.6599,1,1.0,False,0,,,,scenario_east_west_heavy,test,development,0.05
3295,4i,150.0,3,7.1171,1,1.0,False,0,,,,scenario_east_west_heavy,test,development,0.05
3300,4i,150.0,3,0.0,3,1.0,False,0,,,,scenario_east_west_heavy,test,development,0.05
3305,4i,150.0,3,0.0,3,1.0,False,0,,,,scenario_east_west_heavy,test,development,0.05
3310,4i,150.0,3,0.0,3,1.0,False,0,,,,scenario_east_west_heavy,test,development,0.05
3315,4i,150.0,3,0.0,3,1.0,False,0,,,,scenario_east_west_heavy,test,development,0.05
3320,4i,150.0,3,0.0,3,1.0,False,0,,,,scenario_east_west_heavy,test,development,0.05
3325,4i,150.0,3,0.0,3,1.0,False,0,,,,scenario_east_west_heavy,test,development,0.05
3330,4i,150.0,4,4.3437,3,1.0,False,0,,,,scenario_east_west_heavy,test,development,0.05
3335,4i,150.0,3,12.8045,1,1.0,False,0,,,,scenario_east_west_heavy,test,development,0.05
3340,4i,150.0,3,10.4357,1,1.0,False,0,,,,scenario_east_west_heavy,test,development,0.05
3345,4i,150.0,3,4.1015,1,1.0,False,0,,,,scenario_east_west_heavy,test,development,0.05
3350,4i,150.0,2,0.0001,2,8.0,False,0,,,,scenario_east_west_heavy,test,development,0.05
3355,4i,150.0,2,0.0,2,8.0,False,0,,,,scenario_east_west_heavy,test,development,0.05
3360,4i,150.0,2,0.0,2,8.0,False,0,,,,scenario_east_west_heavy,test,development,0.05
3365,4i,150.0,1,2.8945,0,0.0,False,0,,,,scenario_east_west_heavy,test,development,0.05
3370,4i,150.0,1,20.5562,0,0.0,False,0,,,,scenario_east_west_heavy,test,development,0.05
3375,4i,150.0,1,5.8419,0,0.0,False,0,,,,scenario_east_west_heavy,test,development,0.05
3380,4i,150.0,2,12.4936,1,1.0,False,0,,,,scenario_east_west_heavy,test,development,0.05
3385,4i,150.0,3,9.8048,1,1.0,False,0,,,,scenario_east_west_heavy,test,development,0.05
3390,4i,150.0,3,4.4026,1,1.0,False,0,,,,scenario_east_west_heavy,test,development,0.05
3395,4i,150.0,3,0.0,2,1.0,False,0,,,,scenario_east_west_heavy,test,development,0.05
3400,4i,150.0,3,0.0,3,1.0,False,0,,,,scenario_east_west_heavy,test,development,0.05
3405,4i,150.0,3,0.0,3,1.0,False,0,,,,scenario_east_west_heavy,test,development,0.05
3410,4i,150.0,3,0.0,3,1.0,False,0,,,,scenario_east_west_heavy,test,development,0.05
3415,4i,150.0,4,5.6555,3,1.0,False,0,,,,scenario_east_west_heavy,test,development,0.05
3420,4i,150.0,4,2.5046,3,1.0,False,0,,,,scenario_east_west_heavy,test,development,0.05
3425,4i,150.0,2,12.3364,1,1.0,False,0,,,,scenario_east_west_heavy,test,development,0.05
3430,4i,150.0,3,9.3334,1,1.0,False,0,,,,scenario_east_west_heavy,test,development,0.05
3435,4i,150.0,3,4.2399,2,8.07,False,0,,,,scenario_east_west_heavy,test,development,0.05
3440,4i,150.0,2,0.0,2,8.0,False,0,,,,scenario_east_west_heavy,test,development,0.05
3445,4i,150.0,2,0.0,2,8.0,False,0,,,,scenario_east_west_heavy,test,development,0.05
3450,4i,150.0,2,0.0,2,8.0,False,0,,,,scenario_east_west_heavy,test,development,0.05
3455,4i,150.0,1,3.9144,0,0.0,False,0,,,,scenario_east_west_heavy,test,development,0.05
3460,4i,150.0,1,17.7591,0,0.0,False,0,,,,scenario_east_west_heavy,test,development,0.05
3465,4i,150.0,1,3.1358,0,0.0,False,0,,,,scenario_east_west_heavy,test,development,0.05
3470,4i,150.0,2,11.9701,1,1.0,False,0,,,,scenario_east_west_heavy,test,development,0.05
3475,4i,150.0,3,11.2662,1,1.0,False,0,,,,scenario_east_west_heavy,test,development,0.05
3480,4i,150.0,3,5.5987,1,1.0,False,0,,,,scenario_east_west_heavy,test,development,0.05
3485,4i,150.0,3,0.0002,2,1.0,False,0,,,,scenario_east_west_heavy,test,development,0.05
3490,4i,150.0,3,0.0,3,1.0,False,0,,,,scenario_east_west_heavy,test,development,0.05
3495,4i,150.0,3,0.0,3,1.0,False,0,,,,scenario_east_west_heavy,test,development,0.05
3500,4i,150.0,4,6.836,3,1.0,False,0,,,,scenario_east_west_heavy,test,development,0.05
3505,4i,150.0,4,3.4525,3,1.0,False,0,,,,scenario_east_west_heavy,test,development,0.05
3510,4i,150.0,4,0.3432,3,1.0,False,0,,,,scenario_east_west_heavy,test,development,0.05
3515,4i,150.0,3,17.3808,1,1.0,False,0,,,,scenario_east_west_heavy,test,development,0.05
3520,4i,150.0,3,9.9515,1,1.0,False,0,,,,scenario_east_west_heavy,test,development,0.05
3525,4i,150.0,2,0.2152,1,1.0,False,0,,,,scenario_east_west_heavy,test,development,0.05
3530,4i,150.0,2,0.0001,2,13.71,False,0,,,,scenario_east_west_heavy,test,development,0.05
3535,4i,150.0,2,0.0,2,13.71,False,0,,,,scenario_east_west_heavy,test,development,0.05
3540,4i,150.0,2,0.0,2,13.71,False,0,,,,scenario_east_west_heavy,test,development,0.05
3545,4i,150.0,1,4.5915,0,0.0,False,0,,,,scenario_east_west_heavy,test,development,0.05
3550,4i,150.0,1,19.233,0,0.0,False,0,,,,scenario_east_west_heavy,test,development,0.05
3555,4i,150.0,1,15.0255,0,0.0,False,0,,,,scenario_east_west_heavy,test,development,0.05
3560,4i,150.0,3,17.6617,0,0.0,False,0,,,,scenario_east_west_heavy,test,development,0.05
3565,4i,150.0,3,10.1892,1,1.0,False,0,,,,scenario_east_west_heavy,test,development,0.05
3570,4i,150.0,3,0.5753,1,1.0,False,0,,,,scenario_east_west_heavy,test,development,0.05
3575,4i,150.0,3,0.0,3,1.0,False,0,,,,scenario_east_west_heavy,test,development,0.05
3580,4i,150.0,3,0.0,3,1.0,False,0,,,,scenario_east_west_heavy,test,development,0.05
3585,4i,150.0,3,0.0,3,1.0,False,0,,,,scenario_east_west_heavy,test,development,0.05
3590,4i,150.0,4,5.856,3,1.0,False,0,,,,scenario_east_west_heavy,test,development,0.05
3595,4i,150.0,4,2.8556,3,1.0,False,0,,,,scenario_east_west_heavy,test,development,0.05
3600,4i,150.0,4,0.0776,3,1.0,False,0,,,,scenario_east_west_heavy,test,development,0.05
