timestamp,approach_edge,camera_range_m,visible_vehicle_count,visible_mean_speed_mps,visible_queue_count,visible_queue_length_m,queue_reaches_camera_edge,probe_count,probe_mean_speed_mps,probe_min_distance_to_stopline_m,probe_max_distance_to_stopline_m,gps_penetration_rate_requested
0,1i,150.0,0,0.0,0,0.0,False,0,,,,0.5
5,1i,150.0,0,0.0,0,0.0,False,3,19.0669,399.05,399.71,0.5
10,1i,150.0,0,0.0,0,0.0,False,3,18.5816,304.62,305.77,0.5
15,1i,150.0,0,0.0,0,0.0,False,3,18.7056,210.15,212.56,0.5
20,1i,150.0,3,18.672,0,0.0,False,4,20.254,116.61,480.3,0.5
25,1i,150.0,3,14.6274,0,0.0,False,4,16.8498,28.86,360.87,0.5
30,1i,150.0,3,0.0,0,0.0,False,4,5.9197,1.0,240.46,0.5
35,1i,150.0,4,5.9575,3,1.0,False,5,10.3073,1.0,428.96,0.5
40,1i,150.0,4,2.9954,3,1.0,False,6,10.3731,1.0,456.68,0.5
45,1i,150.0,4,0.0303,4,13.78,False,6,8.4652,1.0,335.25,0.5
50,1i,150.0,2,8.2707,1,1.0,False,4,16.1239,1.0,432.35,0.5
55,1i,150.0,2,11.7947,1,1.0,False,3,15.7794,1.0,311.29,0.5
60,1i,150.0,2,5.992,1,1.0,False,4,15.8271,1.0,428.58,0.5
65,1i,150.0,2,10.039,1,1.0,False,3,15.6607,1.0,293.7,0.5
70,1i,150.0,2,3.039,1,1.0,False,3,11.0864,1.0,159.41,0.5
75,1i,150.0,3,5.8898,2,13.72,False,3,5.8898,1.0,44.3,0.5
80,1i,150.0,3,9.8536,0,0.0,False,2,3.505,1.0,7.78,0.5
85,1i,150.0,2,5.4718,1,1.0,False,1,0.0,1.0,1.0,0.5
90,1i,150.0,3,9.1636,2,1.0,False,1,0.0,1.0,1.0,0.5
95,1i,150.0,3,4.5249,2,1.0,False,3,14.8133,1.0,480.3,0.5
100,1i,150.0,3,0.6119,2,1.0,False,3,14.2499,1.0,379.12,0.5
105,1i,150.0,3,0.0003,3,5.0,False,3,14.4464,1.0,285.77,0.5
110,1i,150.0,5,9.8064,3,5.0,False,3,14.5529,1.0,191.85,0.5
115,1i,150.0,6,7.0443,3,5.0,False,4,13.3746,1.0,456.75,0.5
120,1i,150.0,6,1.648,3,5.0,False,4,8.5198,1.0,337.79,0.5
125,1i,150.0,6,0.4332,5,9.0,False,4,6.4977,1.0,216.15,0.5
130,1i,150.0,7,3.1048,6,9.0,False,5,9.1011,1.0,408.28,0.5
135,1i,150.0,7,1.19,6,9.0,False,6,9.9131,1.0,430.79,0.5
140,1i,150.0,2,1.3583,1,1.0,False,4,13.4173,1.0,295.96,0.5
145,1i,150.0,2,8.9482,1,1.0,False,3,14.8761,1.0,162.12,0.5
150,1i,150.0,2,9.8268,1,1.0,False,2,9.8268,1.0,44.93,0.5
155,1i,150.0,2,13.2501,1,1.0,False,1,0.0,1.0,1.0,0.5
160,1i,150.0,2,7.2554,1,1.0,False,2,11.7063,1.0,433.38,0.5
165,1i,150.0,2,0.2555,1,1.0,False,2,12.1514,1.0,313.86,0.5
170,1i,150.0,2,11.9092,0,0.0,False,2,24.6595,193.64,480.3,0.5
175,1i,150.0,2,13.6939,0,0.0,False,2,22.9077,75.33,358.06,0.5
180,1i,150.0,2,3.8734,1,1.0,False,2,15.7451,7.49,238.12,0.5
185,1i,150.0,3,7.815,2,1.0,False,2,11.7225,1.0,119.47,0.5
190,1i,150.0,3,4.263,2,1.0,False,5,17.7172,1.0,456.92,0.5
195,1i,150.0,3,0.0888,2,1.0,False,5,15.0141,1.0,334.85,0.5
200,1i,150.0,3,0.0,3,8.0,False,5,15.1221,1.0,215.19,0.5
205,1i,150.0,6,10.5963,3,8.0,False,5,12.7156,1.0,98.64,0.5
210,1i,150.0,6,4.1414,3,8.0,False,6,8.6019,1.0,430.36,0.5
215,1i,150.0,6,0.0126,6,15.02,False,6,4.4024,1.0,294.97,0.5
220,1i,150.0,6,0.0,6,15.0,False,7,7.5289,1.0,480.3,0.5
225,1i,150.0,7,2.2118,6,15.0,False,7,5.567,1.0,359.63,0.5
230,1i,150.0,3,4.4453,1,1.0,False,4,9.3288,0.09,237.98,0.5
235,1i,150.0,2,11.8971,1,1.0,False,2,11.8971,1.0,117.91,0.5
240,1i,150.0,2,8.6623,1,1.0,False,3,12.0768,1.0,396.65,0.5
245,1i,150.0,2,9.6512,1,1.0,False,3,14.7006,1.0,480.3,0.5
250,1i,150.0,1,0.0,1,1.0,False,3,14.3593,1.0,360.72,0.5
255,1i,150.0,2,7.4241,1,1.0,False,4,15.6837,1.0,406.4,0.5
260,1i,150.0,2,17.2972,0,0.0,False,3,19.3834,59.39,284.83,0.5
265,1i,150.0,2,10.2589,0,0.0,False,4,15.6917,6.78,455.86,0.5
270,1i,150.0,3,5.5912,1,1.0,False,4,8.898,1.0,362.71,0.5
275,1i,150.0,3,1.8854,2,1.0,False,4,6.2096,1.0,269.34,0.5
280,1i,150.0,3,0.0053,3,1.0,False,4,4.8473,1.0,175.28,0.5
285,1i,150.0,4,3.9698,3,1.0,False,5,6.9216,1.0,436.89,0.5
290,1i,150.0,4,2.0948,3,1.0,False,5,5.4981,1.0,343.46,0.5
295,1i,150.0,4,0.3384,3,1.0,False,5,4.0735,1.0,249.06,0.5
300,1i,150.0,6,6.3907,4,8.0,False,5,3.76,1.0,154.25,0.5
305,1i,150.0,7,3.6805,4,8.0,False,5,2.8776,1.0,71.26,0.5
310,1i,150.0,7,1.0035,6,20.71,False,5,1.4042,1.0,21.29,0.5
315,1i,150.0,8,3.2141,6,20.71,False,6,4.387,1.0,456.98,0.5
320,1i,150.0,4,4.2073,2,15.04,False,2,13.4826,1.0,323.12,0.5
325,1i,150.0,2,0.0,2,15.04,False,2,13.2369,1.0,187.95,0.5
330,1i,150.0,3,6.0537,2,15.04,False,3,15.3104,1.0,483.3,0.5
335,1i,150.0,3,7.875,2,15.04,False,2,13.171,1.0,349.51,0.5
340,1i,150.0,3,3.645,2,15.04,False,2,13.6982,1.0,216.0,0.5
345,1i,150.0,3,6.869,2,15.04,False,2,10.3034,1.0,93.84,0.5
350,1i,150.0,2,4.3051,0,0.0,False,1,7.3855,31.12,31.12,0.5
355,1i,150.0,3,8.6511,0,0.0,False,1,2.757,7.94,7.94,0.5
360,1i,150.0,4,8.6184,2,7.51,False,2,13.4209,7.51,429.13,0.5
365,1i,150.0,4,3.4135,3,7.51,False,2,13.103,7.51,294.38,0.5
370,1i,150.0,4,0.1234,3,7.51,False,2,13.4255,7.51,159.89,0.5
375,1i,150.0,5,3.2776,4,7.51,False,2,8.1938,7.51,50.73,0.5
380,1i,150.0,5,0.6009,4,7.51,False,5,14.5715,7.51,417.29,0.5
385,1i,150.0,5,0.0,5,8.0,False,5,14.2479,7.51,324.82,0.5
390,1i,150.0,6,4.4158,5,8.0,False,5,13.7794,7.51,230.94,0.5
395,1i,150.0,8,6.3392,5,8.0,False,6,13.0806,7.51,483.3,0.5
400,1i,150.0,8,2.2477,5,8.0,False,6,7.3956,7.51,350.94,0.5
405,1i,150.0,8,0.6976,7,12.0,False,6,5.453,7.51,216.16,0.5
410,1i,150.0,4,5.3176,3,11.51,False,4,11.3958,7.51,431.42,0.5
415,1i,150.0,4,2.917,3,11.51,False,4,8.8118,7.51,311.37,0.5
420,1i,150.0,3,0.0,3,11.51,False,3,8.1645,7.51,188.0,0.5
425,1i,150.0,4,4.7852,3,11.51,False,4,10.9758,7.51,431.71,0.5
430,1i,150.0,4,5.9092,3,11.51,False,3,7.9132,7.51,309.87,0.5
435,1i,150.0,4,2.4306,3,11.51,False,4,12.1249,7.51,431.56,0.5
440,1i,150.0,3,6.7127,1,1.0,False,3,14.9647,9.88,310.85,0.5
445,1i,150.0,2,4.4905,1,1.0,False,2,16.4061,13.09,190.4,0.5
450,1i,150.0,3,6.5401,2,1.01,False,2,9.8102,1.01,76.44,0.5
455,1i,150.0,4,7.7142,2,1.0,False,3,10.7768,1.0,407.33,0.5
460,1i,150.0,4,2.7458,3,8.0,False,3,8.0924,1.0,286.81,0.5
465,1i,150.0,4,0.0111,4,8.0,False,3,8.2375,1.0,165.71,0.5
470,1i,150.0,5,3.3844,4,8.0,False,5,13.3844,1.0,480.3,0.5
475,1i,150.0,5,0.6016,4,8.0,False,5,10.3448,1.0,361.05,0.5
480,1i,150.0,5,0.0021,5,15.01,False,5,9.6635,1.0,239.1,0.5
485,1i,150.0,8,8.8593,5,15.0,False,5,9.3583,1.0,121.51,0.5
490,1i,150.0,8,4.4376,5,15.0,False,6,8.2691,1.0,455.64,0.5
495,1i,150.0,8,0.2209,6,22.01,False,6,4.3534,1.0,335.39,0.5
500,1i,150.0,4,2.9905,2,8.0,False,4,8.022,0.24,214.96,0.5
505,1i,150.0,3,8.0691,2,8.0,False,3,8.0691,1.0,93.21,0.5
510,1i,150.0,3,3.6987,2,8.0,False,3,3.6987,1.0,11.37,0.5
515,1i,150.0,3,8.8526,2,8.0,False,2,0.0,1.0,8.0,0.5
520,1i,150.0,3,6.5135,2,8.0,False,3,6.4658,1.0,418.11,0.5
525,1i,150.0,3,6.8886,2,8.0,False,3,6.0731,1.0,324.38,0.5
530,1i,150.0,2,6.5164,0,0.0,False,3,14.5691,0.78,418.28,0.5
535,1i,150.0,2,9.1158,1,1.0,False,3,20.4371,135.91,431.9,0.5
540,1i,150.0,2,8.6071,1,1.0,False,3,19.8271,44.34,311.52,0.5
545,1i,150.0,3,7.0503,1,1.0,False,3,14.8677,1.0,190.54,0.5
550,1i,150.0,4,8.1893,2,1.0,False,3,10.9191,1.0,75.6,0.5
555,1i,150.0,4,3.4883,2,1.0,False,3,4.6511,1.0,15.11,0.5
560,1i,150.0,5,4.9352,4,8.01,False,3,0.0073,1.0,8.01,0.5
565,1i,150.0,5,2.1319,4,8.0,False,5,10.046,1.0,456.84,0.5
570,1i,150.0,5,0.0467,5,20.78,False,5,10.2987,1.0,336.44,0.5
575,1i,150.0,5,0.0,5,20.71,False,5,9.9701,1.0,217.12,0.5
580,1i,150.0,8,7.6202,5,20.71,False,5,7.9542,1.0,102.05,0.5
585,1i,150.0,8,2.9509,5,20.71,False,6,6.3401,1.0,432.73,0.5
590,1i,150.0,4,2.1086,2,13.71,False,3,8.9749,1.0,311.02,0.5
595,1i,150.0,2,0.0,2,13.71,False,2,11.9784,1.0,190.53,0.5
600,1i,150.0,3,7.3218,2,13.71,False,2,10.9826,1.0,71.04,0.5
605,1i,150.0,2,0.0,2,13.71,False,2,9.5807,1.0,418.32,0.5
610,1i,150.0,3,6.955,2,13.71,False,2,9.3339,1.0,325.31,0.5
615,1i,150.0,3,3.4072,2,13.71,False,2,9.2507,1.0,231.2,0.5
620,1i,150.0,3,7.5601,1,1.0,False,1,18.911,137.64,137.64,0.5
625,1i,150.0,2,8.4244,1,1.0,False,1,16.8488,49.33,49.33,0.5
630,1i,150.0,3,7.5284,1,1.0,False,2,13.7576,1.6,407.35,0.5
635,1i,150.0,3,4.8321,2,1.0,False,2,12.2165,1.0,286.19,0.5
640,1i,150.0,4,4.0895,2,1.0,False,3,14.4737,1.0,454.25,0.5
645,1i,150.0,5,5.2921,3,1.0,False,3,12.0592,1.0,358.64,0.5
650,1i,150.0,5,1.4947,3,1.0,False,3,8.1844,1.0,262.48,0.5
655,1i,150.0,5,0.0014,5,13.71,False,3,5.436,1.0,172.97,0.5
660,1i,150.0,6,2.0138,5,13.71,False,4,8.8902,1.0,433.45,0.5
665,1i,150.0,6,1.2772,5,13.71,False,4,8.1591,1.0,313.22,0.5
670,1i,150.0,6,0.5313,5,13.71,False,4,6.6213,1.0,195.4,0.5
675,1i,150.0,9,6.3838,6,26.42,False,4,5.1097,1.0,78.54,0.5
680,1i,150.0,5,4.7581,1,1.0,False,3,11.0768,12.34,416.41,0.5
685,1i,150.0,3,2.2699,2,13.72,False,1,19.0996,320.83,320.83,0.5
690,1i,150.0,2,0.0,2,13.71,False,1,19.0339,225.03,225.03,0.5
695,1i,150.0,3,5.9991,2,13.71,False,1,17.9972,131.28,131.28,0.5
700,1i,150.0,3,4.5028,2,13.71,False,1,13.5084,54.76,54.76,0.5
705,1i,150.0,4,6.7924,2,13.71,False,2,12.1528,2.87,474.59,0.5
710,1i,150.0,4,9.9979,1,1.0,False,2,9.1222,1.0,380.37,0.5
715,1i,150.0,3,3.89,2,1.0,False,2,9.3486,1.0,287.67,0.5
720,1i,150.0,3,0.0025,3,15.04,False,3,15.3342,1.0,483.3,0.5
725,1i,150.0,4,4.755,3,15.04,False,3,15.5867,1.0,347.59,0.5
730,1i,150.0,5,5.9116,3,15.04,False,3,13.0705,1.0,212.63,0.5
735,1i,150.0,6,4.2715,4,15.04,False,3,7.2578,1.0,87.68,0.5
740,1i,150.0,6,1.5309,5,22.04,False,3,3.0617,1.0,18.97,0.5
745,1i,150.0,6,0.0005,6,22.04,False,3,0.0011,1.0,8.01,0.5
750,1i,150.0,7,2.6814,6,22.04,False,3,0.0,1.0,8.0,0.5
755,1i,150.0,7,0.755,6,22.04,False,5,9.8198,1.0,406.29,0.5
760,1i,150.0,7,0.0005,7,26.04,False,5,9.6754,1.0,285.0,0.5
765,1i,150.0,7,0.0,7,26.04,False,5,9.695,1.0,164.5,0.5
770,1i,150.0,7,8.1618,2,24.94,False,4,14.7574,1.0,483.3,0.5
775,1i,150.0,4,3.9867,1,1.0,False,4,9.3026,1.0,347.71,0.5
780,1i,150.0,2,0.0016,2,13.71,False,3,9.1703,1.0,210.76,0.5
785,1i,150.0,3,7.7558,2,13.71,False,4,10.6357,1.0,434.67,0.5
790,1i,150.0,3,3.5614,2,13.71,False,4,7.4366,1.0,339.22,0.5
795,1i,150.0,2,0.0,2,13.71,False,3,6.2958,1.0,243.76,0.5
800,1i,150.0,1,2.0546,0,0.0,False,2,9.0625,10.33,154.89,0.5
805,1i,150.0,1,19.2487,0,0.0,False,1,19.2487,67.8,67.8,0.5
810,1i,150.0,2,11.7834,0,0.0,False,1,6.543,5.09,5.09,0.5
815,1i,150.0,3,10.5729,1,1.0,False,2,11.716,1.0,456.87,0.5
820,1i,150.0,3,3.3463,2,1.0,False,2,11.9127,1.0,336.79,0.5
825,1i,150.0,4,4.8418,3,1.0,False,2,11.7703,1.0,216.57,0.5
830,1i,150.0,5,5.6288,3,1.0,False,2,11.3415,1.0,97.26,0.5
835,1i,150.0,5,1.767,4,15.04,False,2,4.4172,1.0,25.11,0.5
840,1i,150.0,6,4.2546,5,15.04,False,2,0.0056,1.0,15.04,0.5
845,1i,150.0,6,2.0841,5,15.04,False,5,14.442,1.0,483.3,0.5
850,1i,150.0,6,0.0796,5,15.04,False,5,13.7061,1.0,378.83,0.5
855,1i,150.0,6,0.0,6,22.04,False,5,13.7216,1.0,284.92,0.5
860,1i,150.0,6,8.5534,1,1.0,False,4,16.5651,9.1,191.81,0.5
865,1i,150.0,4,10.3974,1,1.0,False,3,13.8632,18.92,99.52,0.5
870,1i,150.0,3,4.5002,1,1.0,False,2,6.7504,8.02,25.02,0.5
875,1i,150.0,2,0.0,2,8.0,False,1,0.0,8.0,8.0,0.5
880,1i,150.0,3,7.8641,2,8.0,False,1,0.0,8.0,8.0,0.5
885,1i,150.0,3,3.5966,2,8.0,False,1,0.0,8.0,8.0,0.5
890,1i,150.0,2,2.0233,1,1.0,False,1,4.0466,1.85,1.85,0.5
895,1i,150.0,2,9.5973,1,1.0,False,1,27.6531,402.75,402.75,0.5
900,1i,150.0,3,8.3269,1,1.0,False,1,26.5162,268.9,268.9,0.5
905,1i,150.0,4,8.4671,2,1.0,False,2,25.0541,134.16,408.36,0.5
910,1i,150.0,4,3.7542,3,8.0,False,3,20.9221,31.79,432.67,0.5
915,1i,150.0,4,0.0393,3,8.0,False,3,16.0522,1.0,310.97,0.5
920,1i,150.0,5,3.4159,4,8.0,False,3,13.8543,1.0,191.07,0.5
925,1i,150.0,6,4.0641,4,8.0,False,3,8.1282,1.0,75.23,0.5
930,1i,150.0,6,1.1179,5,15.0,False,3,2.2358,1.0,15.0,0.5
935,1i,150.0,7,3.2815,6,15.0,False,3,0.0003,1.0,15.0,0.5
940,1i,150.0,7,1.4961,6,15.0,False,6,12.4442,1.0,456.94,0.5
945,1i,150.0,7,0.088,6,15.0,False,6,11.4507,1.0,340.1,0.5
950,1i,150.0,3,2.3906,1,1.0,False,5,15.3123,1.0,231.74,0.5
955,1i,150.0,4,17.4359,1,1.0,False,4,17.4359,1.0,118.03,0.5
960,1i,150.0,4,9.3381,1,1.0,False,5,12.2099,1.0,431.81,0.5
965,1i,150.0,2,0.0003,2,5.0,False,3,8.0298,1.0,311.64,0.5
970,1i,150.0,2,0.0,2,5.0,False,3,8.1307,1.0,191.31,0.5
975,1i,150.0,3,7.1235,2,5.0,False,3,7.1235,1.0,73.59,0.5
980,1i,150.0,1,7.4011,0,0.0,False,2,15.6133,8.68,407.77,0.5
985,1i,150.0,2,11.6735,1,1.02,False,2,12.182,1.02,286.06,0.5
990,1i,150.0,2,6.6515,1,1.0,False,2,11.8227,1.0,166.38,0.5
995,1i,150.0,3,6.0238,1,1.0,False,2,8.7508,1.0,56.53,0.5
1000,1i,150.0,4,7.0715,2,1.0,False,2,2.0353,1.0,9.89,0.5
1005,1i,150.0,4,4.0976,3,8.0,False,3,7.8223,1.0,408.13,0.5
1010,1i,150.0,5,5.0418,3,8.0,False,3,7.7774,1.0,289.15,0.5
1015,1i,150.0,5,2.8297,4,8.0,False,4,12.0968,1.0,455.5,0.5
1020,1i,150.0,6,3.2006,4,8.0,False,4,10.4672,1.0,336.28,0.5
1025,1i,150.0,6,0.7254,5,15.0,False,4,7.2448,1.0,215.74,0.5
1030,1i,150.0,7,2.9399,6,15.0,False,4,5.1448,1.0,100.35,0.5
1035,1i,150.0,7,1.3454,6,15.0,False,5,5.7368,1.0,434.95,0.5
1040,1i,150.0,3,3.1274,1,1.0,False,2,11.3232,17.35,339.58,0.5
1045,1i,150.0,1,0.0,1,1.0,False,1,18.9808,244.68,244.68,0.5
1050,1i,150.0,4,15.2267,1,1.0,False,1,18.8643,149.52,149.52,0.5
1055,1i,150.0,4,8.3102,1,1.0,False,2,21.0637,60.41,406.92,0.5
1060,1i,150.0,2,0.0024,2,8.0,False,1,24.5315,285.36,285.36,0.5
1065,1i,150.0,2,0.0,2,8.0,False,1,24.4326,163.89,163.89,0.5
1070,1i,150.0,2,11.1359,0,0.0,False,1,18.537,52.13,52.13,0.5
1075,1i,150.0,1,4.0308,0,0.0,False,2,14.2934,2.03,382.56,0.5
1080,1i,150.0,1,0.0,1,1.0,False,3,14.4079,1.0,473.26,0.5
1085,1i,150.0,3,14.2027,1,1.0,False,3,14.2346,1.0,377.42,0.5
1090,1i,150.0,3,7.3432,1,1.0,False,3,11.2987,1.0,281.52,0.5
1095,1i,150.0,3,0.7876,2,1.0,False,3,7.2187,1.0,185.52,0.5
1100,1i,150.0,4,4.7694,3,8.0,False,3,6.3592,1.0,90.07,0.5
1105,1i,150.0,5,6.484,3,8.0,False,3,3.3626,1.0,13.26,0.5
1110,1i,150.0,6,5.5312,4,8.0,False,4,6.8544,1.0,429.77,0.5
1115,1i,150.0,6,2.3293,5,15.0,False,4,6.6051,1.0,295.98,0.5
1120,1i,150.0,6,0.21,5,15.0,False,4,6.9035,1.0,161.3,0.5
1125,1i,150.0,7,2.1922,6,15.04,False,4,3.8363,1.0,57.47,0.5
1130,1i,150.0,4,3.4268,1,1.0,False,3,7.9269,1.0,415.3,0.5
1135,1i,150.0,1,0.0,1,1.0,False,2,9.53,1.0,320.11,0.5
1140,1i,150.0,1,0.0,1,1.0,False,2,9.6808,1.0,223.8,0.5
1145,1i,150.0,4,12.9536,1,1.0,False,2,8.6708,1.0,136.1,0.5
1150,1i,150.0,3,9.0592,1,1.0,False,3,13.4979,1.0,384.86,0.5
1155,1i,150.0,3,3.4872,1,1.0,False,3,9.6597,1.0,262.7,0.5
1160,1i,150.0,3,9.3015,1,1.0,False,2,12.4219,1.0,140.1,0.5
1165,1i,150.0,3,4.6752,1,1.0,False,3,11.1243,1.0,453.91,0.5
1170,1i,150.0,3,1.0368,2,1.0,False,3,7.4528,1.0,358.24,0.5
1175,1i,150.0,3,0.0004,3,1.0,False,4,11.2807,1.0,457.08,0.5
1180,1i,150.0,4,3.3584,3,1.0,False,4,10.9471,1.0,322.35,0.5
1185,1i,150.0,5,3.8482,3,1.0,False,5,13.0227,1.0,431.74,0.5
1190,1i,150.0,6,4.563,3,1.0,False,5,10.1815,1.0,311.38,0.5
1195,1i,150.0,6,1.4695,4,15.04,False,5,6.5313,1.0,190.72,0.5
1200,1i,150.0,7,2.6323,6,15.04,False,5,3.6852,1.0,79.18,0.5
1205,1i,150.0,8,3.228,6,15.04,False,5,1.0946,1.0,26.34,0.5
1210,1i,150.0,8,0.9777,7,22.05,False,5,0.0025,1.0,22.05,0.5
1215,1i,150.0,9,2.8082,8,27.75,False,5,0.0,1.0,22.04,0.5
1220,1i,150.0,6,3.3382,2,15.04,False,2,1.0897,15.04,17.83,0.5
1225,1i,150.0,4,3.4705,2,15.04,False,3,12.2487,15.04,399.69,0.5
1230,1i,150.0,2,0.0,2,15.04,False,3,12.4691,15.04,305.64,0.5
1235,1i,150.0,3,8.2767,2,15.04,False,3,12.7485,15.04,211.7,0.5
1240,1i,150.0,5,9.8925,2,15.04,False,4,14.931,15.04,456.14,0.5
1245,1i,150.0,5,5.8271,2,15.04,False,4,12.2469,15.04,337.37,0.5
1250,1i,150.0,4,1.433,1,1.0,False,4,7.4249,1.0,218.2,0.5
1255,1i,150.0,5,4.8716,2,1.0,False,5,9.6924,1.0,409.37,0.5
1260,1i,150.0,5,1.8884,4,5.03,False,5,6.6617,1.0,288.49,0.5
1265,1i,150.0,5,0.0084,5,13.74,False,5,4.6988,1.0,171.33,0.5
1270,1i,150.0,6,2.8942,5,13.71,False,5,3.473,1.0,63.1,0.5
1275,1i,150.0,7,3.4642,5,13.71,False,5,1.1769,1.0,13.71,0.5
1280,1i,150.0,7,0.7438,6,13.71,False,5,0.0039,1.0,13.71,0.5
1285,1i,150.0,8,2.4059,7,20.73,False,6,4.3623,1.0,431.11,0.5
1290,1i,150.0,8,1.4949,7,20.71,False,6,4.4517,1.0,295.9,0.5
1295,1i,150.0,9,2.1306,7,20.71,False,6,4.3466,1.0,162.4,0.5
1300,1i,150.0,10,2.4974,8,20.71,False,7,4.7349,1.0,400.67,0.5
1305,1i,150.0,10,1.0642,8,20.71,False,7,3.4136,1.0,305.41,0.5
1310,1i,150.0,6,2.2734,3,17.71,False,4,6.3229,1.0,211.19,0.5
1315,1i,150.0,5,4.6188,3,17.71,False,6,13.9094,1.0,456.74,0.5
1320,1i,150.0,4,3.4406,3,17.71,False,6,13.3523,1.0,362.61,0.5
1325,1i,150.0,3,0.0,3,17.71,False,5,13.4365,1.0,268.25,0.5
1330,1i,150.0,5,8.81,3,17.71,False,5,12.4944,1.0,173.69,0.5
1335,1i,150.0,6,6.1242,3,17.71,False,6,10.6629,1.0,428.57,0.5
1340,1i,150.0,4,1.9397,2,1.04,False,4,8.1936,1.0,293.39,0.5
1345,1i,150.0,4,1.2047,2,1.0,False,4,7.9111,1.0,159.14,0.5
1350,1i,150.0,5,3.2485,4,13.71,False,4,4.0606,1.0,49.93,0.5
1355,1i,150.0,5,0.5299,4,13.71,False,5,5.4896,1.0,406.65,0.5
1360,1i,150.0,6,4.1015,5,13.71,False,5,4.8008,1.0,287.02,0.5
1365,1i,150.0,6,2.6508,5,13.71,False,6,8.4306,1.0,376.22,0.5
1370,1i,150.0,7,2.7999,5,13.71,False,6,7.3166,1.0,240.95,0.5
1375,1i,150.0,8,3.3614,6,13.71,False,6,4.4817,1.0,111.16,0.5
1380,1i,150.0,8,1.1526,7,13.71,False,7,4.045,1.0,416.05,0.5
1385,1i,150.0,9,2.6279,8,26.42,False,7,2.7584,1.0,320.31,0.5
1390,1i,150.0,9,1.5293,8,26.42,False,7,2.7336,1.0,224.37,0.5
1395,1i,150.0,10,1.5685,8,26.42,False,7,2.2017,1.0,140.91,0.5
1400,1i,150.0,6,3.4655,3,26.42,False,4,4.5302,0.67,76.42,0.5
1405,1i,150.0,5,7.757,3,26.42,False,3,5.0794,8.29,26.42,0.5
1410,1i,150.0,4,2.9668,3,26.42,False,5,13.2744,13.71,436.38,0.5
1415,1i,150.0,3,0.0,3,26.42,False,5,12.8275,13.71,348.59,0.5
1420,1i,150.0,3,0.0,3,26.42,False,5,12.6783,13.71,263.96,0.5
1425,1i,150.0,5,6.425,3,26.42,False,5,10.0248,13.71,175.38,0.5
1430,1i,150.0,5,8.485,0,0.0,False,6,11.6571,9.4,401.76,0.5
1435,1i,150.0,4,6.857,0,0.0,False,5,10.9054,3.54,267.14,0.5
1440,1i,150.0,5,5.4483,4,5.02,False,5,5.4483,1.0,132.54,0.5
1445,1i,150.0,5,2.7018,4,5.0,False,5,2.7018,1.0,38.81,0.5
1450,1i,150.0,5,0.1771,4,5.0,False,5,0.1771,1.0,8.8,0.5
1455,1i,150.0,6,3.6897,5,8.0,False,6,4.1667,1.0,480.3,0.5
1460,1i,150.0,7,4.6217,5,8.0,False,6,4.1001,1.0,360.55,0.5
1465,1i,150.0,7,2.0568,6,15.05,False,6,3.9861,1.0,238.03,0.5
1470,1i,150.0,8,3.2761,6,15.04,False,6,4.075,1.0,118.06,0.5
1475,1i,150.0,8,1.5214,7,15.04,False,7,4.4319,1.0,397.54,0.5
1480,1i,150.0,9,2.3909,8,15.04,False,7,2.7864,1.0,301.44,0.5
1485,1i,150.0,9,0.8698,8,15.04,False,7,2.6356,1.0,206.38,0.5
1490,1i,150.0,6,3.6851,3,9.0,False,4,3.5958,1.0,126.63,0.5
1495,1i,150.0,4,2.8904,3,9.0,False,4,2.8904,1.0,63.56,0.5
1500,1i,150.0,5,6.4799,3,9.0,False,4,3.0124,1.0,9.0,0.5
1505,1i,150.0,4,2.3422,3,9.0,False,3,0.0,1.0,9.0,0.5
1510,1i,150.0,3,0.0,3,9.0,False,3,0.0,1.0,9.0,0.5
1515,1i,150.0,3,0.0,3,9.0,False,3,0.0,1.0,9.0,0.5
1520,1i,150.0,4,14.0466,0,0.0,False,1,1.1791,7.82,7.82,0.5
1525,1i,150.0,3,5.7056,0,0.0,False,1,23.9857,384.21,384.21,0.5
1530,1i,150.0,3,0.023,3,1.01,False,1,23.283,263.78,263.78,0.5
1535,1i,150.0,4,6.2457,3,1.0,False,1,24.9826,141.54,141.54,0.5
1540,1i,150.0,4,3.8011,3,1.0,False,1,15.2044,43.18,43.18,0.5
1545,1i,150.0,4,0.4253,3,1.0,False,1,1.7011,8.66,8.66,0.5
1550,1i,150.0,5,4.0682,4,8.0,False,2,12.0238,8.0,456.26,0.5
1555,1i,150.0,6,4.7217,4,8.0,False,2,11.6718,8.0,336.83,0.5
1560,1i,150.0,6,1.4879,5,8.01,False,2,11.7072,8.0,216.88,0.5
1565,1i,150.0,7,3.4016,6,15.0,False,2,11.905,8.0,97.71,0.5
1570,1i,150.0,7,1.4014,6,15.0,False,2,4.9051,8.0,20.66,0.5
1575,1i,150.0,8,2.3756,7,15.0,False,2,0.0053,8.0,8.0,0.5
1580,1i,150.0,4,3.824,2,8.0,False,2,11.6311,8.0,408.79,0.5
1585,1i,150.0,3,5.1103,2,8.0,False,2,12.3729,8.0,287.29,0.5
1590,1i,150.0,3,6.0773,2,8.0,False,2,12.316,8.0,163.64,0.5
1595,1i,150.0,3,6.23,2,8.0,False,2,9.3451,8.0,51.84,0.5
1600,1i,150.0,2,0.0,2,8.0,False,2,9.5294,8.0,399.64,0.5
1605,1i,150.0,2,0.0,2,8.0,False,2,9.6236,8.0,305.13,0.5
1610,1i,150.0,3,17.0952,0,0.0,False,2,11.5455,2.62,210.36,0.5
1615,1i,150.0,3,16.7619,0,0.0,False,1,18.4642,116.42,116.42,0.5
1620,1i,150.0,2,8.5176,0,0.0,False,1,15.0899,33.26,33.26,0.5
1625,1i,150.0,2,0.2258,1,1.0,False,1,0.4515,1.0,1.0,0.5
1630,1i,150.0,3,7.2237,2,1.0,False,1,0.0,1.0,1.0,0.5
1635,1i,150.0,3,2.9073,2,1.0,False,1,0.0,1.0,1.0,0.5
1640,1i,150.0,3,0.002,3,13.71,False,1,0.0,1.0,1.0,0.5
1645,1i,150.0,4,4.2734,3,13.71,False,2,12.1432,1.0,432.31,0.5
1650,1i,150.0,5,4.7039,3,13.71,False,2,11.8389,1.0,310.62,0.5
1655,1i,150.0,5,1.003,4,13.71,False,2,11.7654,1.0,191.7,0.5
1660,1i,150.0,6,3.5329,5,20.74,False,3,13.1831,1.0,436.67,0.5
1665,1i,150.0,7,4.5699,5,20.71,False,3,8.834,1.0,341.92,0.5
1670,1i,150.0,4,5.2393,1,1.0,False,2,9.1832,1.0,247.78,0.5
1675,1i,150.0,2,4.4997,1,1.0,False,3,14.2583,1.0,385.01,0.5
1680,1i,150.0,2,9.0001,1,1.0,False,3,14.0133,1.0,263.49,0.5
1685,1i,150.0,2,11.9923,1,1.0,False,2,11.9923,1.0,141.47,0.5
1690,1i,150.0,2,8.4862,1,1.0,False,2,8.4862,1.0,35.04,0.5
1695,1i,150.0,1,0.0,1,1.0,False,1,0.0,1.0,1.0,0.5
1700,1i,150.0,0,0.0,0,0.0,False,0,,,,0.5
1705,1i,150.0,2,22.4489,0,0.0,False,0,,,,0.5
1710,1i,150.0,3,11.829,0,0.0,False,0,,,,0.5
1715,1i,150.0,3,2.3629,2,1.0,False,0,,,,0.5
1720,1i,150.0,3,0.0,3,1.0,False,0,,,,0.5
1725,1i,150.0,4,4.1427,3,1.0,False,0,,,,0.5
1730,1i,150.0,4,0.6673,3,1.0,False,0,,,,0.5
1735,1i,150.0,5,4.8086,4,8.0,False,0,,,,0.5
1740,1i,150.0,5,2.3987,4,8.0,False,0,,,,0.5
1745,1i,150.0,6,2.867,4,8.0,False,0,,,,0.5
1750,1i,150.0,7,4.0053,5,8.0,False,0,,,,0.5
1755,1i,150.0,7,2.04,6,12.0,False,1,24.6109,408.23,408.23,0.5
1760,1i,150.0,4,7.5459,1,1.0,False,1,24.8009,285.34,285.34,0.5
1765,1i,150.0,3,5.6068,2,15.04,False,1,24.7516,163.81,163.81,0.5
1770,1i,150.0,3,5.3193,2,15.04,False,1,15.9579,59.83,59.83,0.5
1775,1i,150.0,2,0.0,2,15.04,False,0,,,,0.5
1780,1i,150.0,3,8.1227,2,15.04,False,0,,,,0.5
1785,1i,150.0,3,3.4158,2,15.04,False,2,24.1163,431.85,432.08,0.5
1790,1i,150.0,2,0.5801,1,1.0,False,2,24.5795,311.25,312.34,0.5
1795,1i,150.0,2,0.3439,1,1.0,False,2,23.7674,190.33,191.48,0.5
1800,1i,150.0,5,12.5641,2,1.0,False,2,20.3222,75.16,76.48,0.5
1805,1i,150.0,5,5.0726,2,1.0,False,3,12.3949,14.12,407.54,0.5
1810,1i,150.0,5,0.0636,5,8.03,False,3,7.8406,8.0,286.27,0.5
1815,1i,150.0,5,0.0,5,8.0,False,3,8.089,8.0,165.57,0.5
1820,1i,150.0,6,2.7861,5,8.0,False,3,5.5721,8.0,59.93,0.5
1825,1i,150.0,6,0.5682,5,8.0,False,4,7.0336,8.0,382.28,0.5
1830,1i,150.0,6,0.0007,6,15.01,False,4,5.8853,8.0,263.01,0.5
1835,1i,150.0,7,1.8939,6,15.0,False,4,4.8831,8.0,153.04,0.5
1840,1i,150.0,8,2.8974,6,15.0,False,4,3.6056,8.0,71.26,0.5
1845,1i,150.0,9,3.6283,6,15.0,False,4,1.1537,8.0,23.9,0.5
1850,1i,150.0,5,3.9541,2,8.0,False,4,6.9571,3.31,398.15,0.5
1855,1i,150.0,3,0.2252,2,8.0,False,2,9.566,8.0,304.41,0.5
1860,1i,150.0,4,4.2297,3,15.0,False,3,14.4074,8.0,432.65,0.5
1865,1i,150.0,5,5.6002,3,15.0,False,3,13.6686,8.0,311.87,0.5
1870,1i,150.0,4,4.0889,3,15.0,False,3,13.2879,8.0,191.0,0.5
1875,1i,150.0,4,5.1539,3,15.0,False,2,10.3078,8.0,72.87,0.5
1880,1i,150.0,3,3.9744,0,0.0,False,3,11.619,2.86,408.79,0.5
1885,1i,150.0,1,0.0,1,1.0,False,2,11.7273,1.0,287.99,0.5
1890,1i,150.0,1,0.0,1,1.0,False,2,11.6277,1.0,169.4,0.5
1895,1i,150.0,4,13.9279,1,1.0,False,2,8.7578,1.0,61.73,0.5
1900,1i,150.0,4,6.3609,1,1.0,False,3,10.7346,1.0,375.82,0.5
1905,1i,150.0,4,0.2426,3,8.01,False,3,8.822,1.0,243.09,0.5
1910,1i,150.0,5,4.9677,4,8.0,False,4,13.0075,1.0,429.78,0.5
1915,1i,150.0,5,2.1677,4,8.0,False,4,9.3846,1.0,297.03,0.5
1920,1i,150.0,5,0.0065,5,15.03,False,4,6.6079,1.0,163.19,0.5
1925,1i,150.0,6,2.7061,5,15.0,False,4,4.0591,1.0,54.22,0.5
1930,1i,150.0,7,3.9495,5,15.0,False,4,0.9753,1.0,15.0,0.5
1935,1i,150.0,7,1.5723,6,15.0,False,5,4.6995,1.0,431.84,0.5
1940,1i,150.0,4,7.2133,1,1.0,False,2,14.7034,6.45,311.79,0.5
1945,1i,150.0,2,3.9837,1,1.0,False,1,23.6243,193.55,193.55,0.5
1950,1i,150.0,3,7.5426,2,15.06,False,1,22.6019,73.49,73.49,0.5
1955,1i,150.0,4,7.859,2,15.04,False,2,17.8597,0.42,402.62,0.5
1960,1i,150.0,3,4.6702,2,15.04,False,1,26.4552,266.41,266.41,0.5
1965,1i,150.0,3,8.8654,2,15.04,False,1,26.5963,132.34,132.34,0.5
1970,1i,150.0,2,8.3815,0,0.0,False,1,14.9547,30.82,30.82,0.5
1975,1i,150.0,2,0.0547,0,0.0,False,3,16.1814,1.0,384.32,0.5
1980,1i,150.0,2,0.0,2,1.0,False,3,15.912,1.0,264.51,0.5
1985,1i,150.0,5,14.3489,2,1.0,False,3,15.9051,1.0,146.41,0.5
1990,1i,150.0,5,8.5711,2,1.0,False,3,10.1406,1.0,46.02,0.5
1995,1i,150.0,5,1.0425,2,1.0,False,3,1.6935,1.0,8.55,0.5
2000,1i,150.0,5,0.0015,5,8.0,False,3,0.0025,1.0,8.0,0.5
2005,1i,150.0,6,3.9136,5,8.0,False,4,5.9524,1.0,408.9,0.5
2010,1i,150.0,6,1.9733,5,8.0,False,4,6.2395,1.0,287.75,0.5
2015,1i,150.0,6,0.0284,5,8.0,False,4,6.1883,1.0,166.36,0.5
2020,1i,150.0,7,2.4268,6,9.0,False,5,8.6811,1.0,430.81,0.5
2025,1i,150.0,8,3.0158,6,9.0,False,5,6.2763,1.0,295.27,0.5
2030,1i,150.0,3,2.3982,2,8.0,False,3,16.8858,8.0,409.67,0.5
2035,1i,150.0,3,5.2892,2,8.0,False,4,14.5421,8.0,436.44,0.5
2040,1i,150.0,3,0.886,2,8.0,False,4,11.322,8.0,342.63,0.5
2045,1i,150.0,4,5.1232,3,15.0,False,4,9.8571,8.0,248.13,0.5
2050,1i,150.0,3,0.0,3,15.0,False,3,6.2949,8.0,153.87,0.5
2055,1i,150.0,4,4.1277,3,15.0,False,3,5.5036,8.0,66.39,0.5
2060,1i,150.0,3,3.9372,0,0.0,False,3,3.9372,1.7,13.66,0.5
2065,1i,150.0,2,8.2325,1,1.0,False,2,12.5,1.0,480.3,0.5
2070,1i,150.0,2,7.7626,1,1.0,False,2,11.756,1.0,361.43,0.5
2075,1i,150.0,2,0.2626,1,1.0,False,2,11.8612,1.0,239.79,0.5
2080,1i,150.0,3,7.7864,2,1.0,False,2,11.6797,1.0,120.72,0.5
2085,1i,150.0,5,10.0077,2,1.0,False,3,12.2949,1.0,431.07,0.5
2090,1i,150.0,5,3.3352,2,1.0,False,3,8.234,1.0,310.99,0.5
2095,1i,150.0,5,0.0089,5,15.04,False,3,7.7911,1.0,190.96,0.5
2100,1i,150.0,6,3.0276,5,15.04,False,3,6.0552,1.0,79.28,0.5
2105,1i,150.0,6,0.9412,5,15.04,False,3,1.8824,1.0,25.52,0.5
2110,1i,150.0,6,0.0076,6,22.06,False,3,0.0152,1.0,22.06,0.5
2115,1i,150.0,7,2.0146,6,22.04,False,4,6.1716,1.0,383.76,0.5
2120,1i,150.0,5,6.7258,1,1.0,False,3,9.359,8.3,264.17,0.5
2125,1i,150.0,4,11.7499,1,1.0,False,2,22.0532,142.18,396.5,0.5
2130,1i,150.0,2,7.0228,1,1.0,False,3,19.413,44.48,406.37,0.5
2135,1i,150.0,2,0.2482,1,1.0,False,3,14.7275,15.34,286.29,0.5
2140,1i,150.0,3,5.6692,2,15.04,False,4,17.1586,15.04,483.3,0.5
2145,1i,150.0,4,7.5579,2,15.04,False,4,14.2016,15.04,348.8,0.5
2150,1i,150.0,3,2.5296,0,0.0,False,4,8.5452,1.0,213.97,0.5
2155,1i,150.0,3,7.002,2,1.0,False,3,7.002,1.0,88.95,0.5
2160,1i,150.0,3,2.5658,2,1.0,False,4,7.8042,1.0,433.22,0.5
2165,1i,150.0,3,0.012,3,15.08,False,4,6.253,1.0,310.55,0.5
2170,1i,150.0,3,0.0,3,15.04,False,4,6.0457,1.0,189.9,0.5
2175,1i,150.0,6,9.9538,3,15.04,False,4,5.3335,1.0,71.91,0.5
2180,1i,150.0,6,3.4718,3,15.04,False,4,1.8263,1.0,15.04,0.5
2185,1i,150.0,6,0.0021,6,19.05,False,4,0.0,1.0,15.04,0.5
2190,1i,150.0,6,0.0,6,19.04,False,4,0.0,1.0,15.04,0.5
2195,1i,150.0,7,2.2274,6,19.04,False,4,0.0,1.0,15.04,0.5
2200,1i,150.0,7,0.2578,6,19.04,False,4,0.0,1.0,15.04,0.5
2205,1i,150.0,8,2.6188,7,26.04,False,4,0.0,1.0,15.04,0.5
2210,1i,150.0,6,7.2681,1,1.0,False,2,2.0873,1.0,6.65,0.5
2215,1i,150.0,3,6.809,1,1.0,False,1,0.0,1.0,1.0,0.5
2220,1i,150.0,2,12.2708,1,1.0,False,1,0.0,1.0,1.0,0.5
2225,1i,150.0,2,6.1357,1,1.0,False,2,9.5983,1.0,396.38,0.5
2230,1i,150.0,3,8.2115,1,1.0,False,2,9.46,1.0,300.98,0.5
2235,1i,150.0,3,3.6762,2,8.0,False,3,14.2268,1.0,431.93,0.5
2240,1i,150.0,2,10.5321,0,0.0,False,2,20.6027,119.71,309.91,0.5
2245,1i,150.0,1,15.0904,0,0.0,False,2,19.3105,31.45,190.49,0.5
2250,1i,150.0,2,10.0719,0,0.0,False,2,10.0719,1.0,76.42,0.5
2255,1i,150.0,2,4.4322,1,1.0,False,3,10.7596,1.0,408.2,0.5
2260,1i,150.0,2,0.0362,2,1.01,False,3,7.9343,1.0,285.41,0.5
2265,1i,150.0,2,0.0,2,1.0,False,3,8.0482,1.0,163.83,0.5
2270,1i,150.0,5,10.7441,2,1.0,False,3,5.386,1.0,60.05,0.5
2275,1i,150.0,5,4.2201,2,1.0,False,3,1.1627,1.0,15.81,0.5
2280,1i,150.0,5,1.1207,4,15.04,False,3,0.0003,1.0,15.04,0.5
2285,1i,150.0,6,4.0877,5,15.04,False,4,6.6688,1.0,428.88,0.5
2290,1i,150.0,6,1.9045,5,15.04,False,4,6.6939,1.0,293.42,0.5
2295,1i,150.0,6,0.0138,5,15.04,False,4,6.6784,1.0,161.04,0.5
2300,1i,150.0,4,5.4653,1,1.0,False,3,14.2083,8.23,456.01,0.5
2305,1i,150.0,3,10.8713,1,1.0,False,2,15.9751,5.04,335.89,0.5
2310,1i,150.0,2,7.2697,1,1.0,False,1,24.2654,216.76,216.76,0.5
2315,1i,150.0,2,11.5541,1,1.0,False,2,24.0541,94.36,480.3,0.5
2320,1i,150.0,2,4.7553,1,1.0,False,2,16.6831,20.01,359.55,0.5
2325,1i,150.0,3,7.1664,2,8.04,False,2,12.4823,8.04,237.76,0.5
2330,1i,150.0,3,11.7034,0,0.0,False,3,15.3015,3.71,417.81,0.5
2335,1i,150.0,2,6.6903,1,1.01,False,2,16.1687,24.5,324.41,0.5
2340,1i,150.0,2,0.0,1,1.0,False,2,9.5138,1.0,229.62,0.5
2345,1i,150.0,3,6.425,2,1.0,False,2,9.6375,1.0,135.36,0.5
2350,1i,150.0,3,4.3008,2,1.0,False,2,6.4512,1.0,57.31,0.5
2355,1i,150.0,3,1.8008,2,1.0,False,2,2.7012,1.0,15.3,0.5
2360,1i,150.0,5,9.6194,3,8.0,False,2,0.0145,1.0,8.0,0.5
2365,1i,150.0,6,7.4003,3,8.0,False,3,9.2567,1.0,483.3,0.5
2370,1i,150.0,6,2.1899,3,8.0,False,3,8.9967,1.0,348.88,0.5
2375,1i,150.0,6,0.9591,5,20.71,False,3,8.6782,1.0,214.41,0.5
2380,1i,150.0,7,3.1034,5,20.71,False,3,6.7169,1.0,91.6,0.5
2385,1i,150.0,7,0.8995,6,20.71,False,3,2.0956,1.0,32.71,0.5
2390,1i,150.0,3,2.157,1,1.0,False,1,2.5106,24.6,24.6,0.5
2395,1i,150.0,3,7.7548,1,1.0,False,2,12.1828,0.57,436.77,0.5
2400,1i,150.0,1,0.0,1,1.0,False,1,18.7432,340.95,340.95,0.5
2405,1i,150.0,2,8.1687,1,1.0,False,2,19.1711,247.74,417.7,0.5
2410,1i,150.0,2,4.8024,1,1.0,False,2,18.5557,154.39,323.74,0.5
2415,1i,150.0,2,7.0832,1,1.0,False,2,16.3387,69.69,228.45,0.5
2420,1i,150.0,2,13.6943,0,0.0,False,2,13.6943,18.97,132.66,0.5
2425,1i,150.0,2,19.4713,0,0.0,False,1,16.8316,40.16,40.16,0.5
2430,1i,150.0,2,4.7636,0,0.0,False,1,1.8316,1.0,1.0,0.5
2435,1i,150.0,2,0.0,2,1.0,False,1,0.0,1.0,1.0,0.5
2440,1i,150.0,3,4.8395,2,1.0,False,2,9.72,1.0,473.26,0.5
2445,1i,150.0,3,3.3395,2,1.0,False,2,9.5509,1.0,377.38,0.5
2450,1i,150.0,3,1.8606,2,1.0,False,2,9.6753,1.0,281.58,0.5
2455,1i,150.0,5,9.0961,2,1.0,False,2,9.6007,1.0,186.46,0.5
2460,1i,150.0,6,6.3798,3,13.71,False,3,15.4511,1.0,429.74,0.5
2465,1i,150.0,6,1.8046,4,13.71,False,3,12.4442,1.0,294.29,0.5
2470,1i,150.0,6,0.0001,6,27.75,False,3,8.9567,1.0,161.02,0.5
2475,1i,150.0,7,2.0046,6,27.75,False,4,9.4569,1.0,383.65,0.5
2480,1i,150.0,4,1.8314,1,1.0,False,3,8.7787,1.0,263.3,0.5
2485,1i,150.0,4,8.6883,1,1.0,False,3,9.4723,1.0,142.85,0.5
2490,1i,150.0,2,7.2082,1,1.0,False,3,13.8936,1.0,375.46,0.5
2495,1i,150.0,2,8.6642,1,1.0,False,2,13.2785,1.0,241.7,0.5
2500,1i,150.0,3,12.2378,1,1.0,False,2,11.9307,1.0,110.29,0.5
2505,1i,150.0,3,5.4712,1,1.0,False,3,11.8351,1.0,408.45,0.5
2510,1i,150.0,3,8.3161,1,1.0,False,2,13.0701,12.48,289.09,0.5
2515,1i,150.0,3,4.4854,1,1.0,False,2,11.8689,0.8,169.39,0.5
2520,1i,150.0,4,5.1429,2,1.0,False,2,9.2859,0.8,57.43,0.5
2525,1i,150.0,4,1.4302,3,15.04,False,2,2.8603,0.8,3.72,0.5
2530,1i,150.0,5,4.6398,4,15.04,False,2,0.0,0.8,1.0,0.5
2535,1i,150.0,5,2.144,4,15.04,False,2,0.0,0.8,1.0,0.5
2540,1i,150.0,5,0.0583,5,22.13,False,2,0.0,0.8,1.0,0.5
2545,1i,150.0,5,0.0001,5,22.04,False,2,0.0,0.8,1.0,0.5
2550,1i,150.0,7,5.8599,5,22.04,False,2,0.0,0.8,1.0,0.5
2555,1i,150.0,8,3.2155,5,22.04,False,2,0.0,0.8,1.0,0.5
2560,1i,150.0,8,0.8259,7,22.04,False,2,0.0,0.8,1.0,0.5
2565,1i,150.0,8,0.2654,7,22.04,False,2,0.0,0.8,1.0,0.5
2570,1i,150.0,6,3.8697,2,4.8,False,1,0.0,0.8,0.8,0.5
2575,1i,150.0,4,3.6076,2,4.8,False,1,0.0,0.8,0.8,0.5
2580,1i,150.0,4,7.6662,2,4.8,False,2,12.5,0.8,480.3,0.5
2585,1i,150.0,3,7.8549,2,4.8,False,2,11.7675,0.8,361.44,0.5
2590,1i,150.0,3,5.4597,2,4.8,False,3,14.6235,0.8,473.26,0.5
2595,1i,150.0,4,6.4014,2,4.8,False,3,14.4579,0.8,377.74,0.5
2600,1i,150.0,2,6.0422,1,0.11,False,3,18.5822,32.92,383.68,0.5
2605,1i,150.0,1,0.0,1,0.11,False,2,20.9126,188.07,263.53,0.5
2610,1i,150.0,3,12.8174,1,0.11,False,2,19.2262,109.6,140.64,0.5
2615,1i,150.0,3,8.4308,1,0.11,False,2,12.6462,37.55,53.46,0.5
2620,1i,150.0,3,2.1699,1,0.11,False,2,3.2548,1.0,19.43,0.5
2625,1i,150.0,3,0.2547,2,1.0,False,2,0.3821,1.0,7.4,0.5
2630,1i,150.0,4,2.8773,3,7.11,False,3,7.8303,1.0,409.18,0.5
2635,1i,150.0,4,1.7523,3,7.11,False,3,8.0542,1.0,290.11,0.5
2640,1i,150.0,4,0.6834,3,7.11,False,3,8.0021,1.0,170.37,0.5
2645,1i,150.0,7,7.3391,4,21.15,False,3,5.9278,1.0,61.98,0.5
2650,1i,150.0,7,2.6366,4,21.15,False,4,7.1361,1.0,385.56,0.5
2655,1i,150.0,7,0.8156,6,21.15,False,4,5.9558,1.0,265.09,0.5
2660,1i,150.0,4,6.9364,1,1.0,False,1,23.0737,145.33,145.33,0.5
2665,1i,150.0,3,6.799,1,1.0,False,1,14.2706,60.86,60.86,0.5
2670,1i,150.0,2,4.6751,1,1.0,False,1,9.3502,5.59,5.59,0.5
2675,1i,150.0,2,10.5311,1,1.0,False,0,,,,0.5
2680,1i,150.0,2,11.8943,1,1.0,False,0,,,,0.5
2685,1i,150.0,2,6.5176,1,1.0,False,1,18.357,436.91,436.91,0.5
2690,1i,150.0,2,11.8205,0,0.0,False,1,19.0363,341.3,341.3,0.5
2695,1i,150.0,2,6.3755,1,1.0,False,1,18.3244,248.86,248.86,0.5
2700,1i,150.0,1,0.0,1,1.0,False,1,18.9201,154.59,154.59,0.5
2705,1i,150.0,3,12.6064,1,1.0,False,2,19.1986,72.3,408.62,0.5
2710,1i,150.0,3,5.3709,1,1.0,False,2,15.7287,21.84,288.39,0.5
2715,1i,150.0,3,0.0279,2,1.0,False,2,11.8784,8.03,168.05,0.5
2720,1i,150.0,4,4.1236,3,8.0,False,2,8.2471,8.0,63.97,0.5
2725,1i,150.0,4,0.7191,3,8.0,False,5,15.5437,8.0,383.59,0.5
2730,1i,150.0,4,0.0046,4,20.72,False,5,15.1784,8.0,261.66,0.5
2735,1i,150.0,7,10.2341,4,20.71,False,5,14.3277,8.0,141.65,0.5
2740,1i,150.0,7,5.5958,4,20.71,False,6,10.6951,8.0,480.3,0.5
2745,1i,150.0,7,0.314,5,20.71,False,6,4.2872,1.0,360.22,0.5
2750,1i,150.0,3,2.5372,1,1.0,False,4,7.7616,1.0,239.88,0.5
2755,1i,150.0,2,12.0291,1,1.0,False,2,12.0291,1.0,119.91,0.5
2760,1i,150.0,2,7.0899,1,1.0,False,3,12.8166,1.0,431.51,0.5
2765,1i,150.0,2,13.7288,1,1.0,False,2,11.9293,1.0,310.49,0.5
2770,1i,150.0,2,7.0858,1,1.0,False,3,15.5861,1.0,432.12,0.5
2775,1i,150.0,3,7.4723,1,1.0,False,3,15.1804,1.0,308.55,0.5
2780,1i,150.0,2,3.6461,1,1.0,False,2,15.9465,10.02,186.15,0.5
2785,1i,150.0,3,7.1912,2,1.01,False,3,15.1322,1.01,432.64,0.5
2790,1i,150.0,3,2.2373,2,1.0,False,3,10.4705,1.0,310.52,0.5
2795,1i,150.0,4,4.4456,3,1.0,False,3,8.0403,1.0,188.9,0.5
2800,1i,150.0,5,4.8241,3,1.0,False,3,6.7793,1.0,73.91,0.5
2805,1i,150.0,5,1.4532,4,8.0,False,3,2.4198,1.0,11.32,0.5
2810,1i,150.0,6,4.1117,5,8.0,False,3,0.0026,1.0,5.0,0.5
2815,1i,150.0,6,2.2802,5,8.0,False,3,0.0,1.0,5.0,0.5
2820,1i,150.0,6,0.2519,5,8.0,False,3,0.0,1.0,5.0,0.5
2825,1i,150.0,6,0.0,6,15.0,False,3,0.0,1.0,5.0,0.5
2830,1i,150.0,8,6.0172,6,15.0,False,3,0.0,1.0,5.0,0.5
2835,1i,150.0,9,4.1685,6,15.0,False,4,5.982,1.0,456.37,0.5
2840,1i,150.0,5,4.5031,1,1.0,False,2,12.401,1.0,336.85,0.5
2845,1i,150.0,3,3.0377,2,8.0,False,2,11.7842,1.0,216.27,0.5
2850,1i,150.0,3,8.2289,2,8.0,False,3,16.5134,1.0,383.26,0.5
2855,1i,150.0,3,4.2128,2,8.0,False,3,12.5012,1.0,262.74,0.5
2860,1i,150.0,3,8.042,2,8.0,False,2,12.0631,1.0,143.26,0.5
2865,1i,150.0,3,4.8133,2,8.0,False,3,12.8538,1.0,408.0,0.5
2870,1i,150.0,2,10.4383,0,0.0,False,2,13.24,1.47,287.46,0.5
2875,1i,150.0,2,8.2652,1,1.0,False,2,12.458,1.0,165.45,0.5
2880,1i,150.0,3,7.7488,1,1.0,False,3,12.7775,1.0,415.74,0.5
2885,1i,150.0,4,6.9896,2,1.0,False,3,7.7163,1.0,320.39,0.5
2890,1i,150.0,4,2.538,3,1.0,False,4,10.9975,1.0,480.3,0.5
2895,1i,150.0,5,3.1355,4,15.07,False,4,9.8316,1.0,358.9,0.5
2900,1i,150.0,5,2.2382,4,15.04,False,4,8.7949,1.0,239.04,0.5
2905,1i,150.0,6,4.7946,4,15.04,False,4,7.1918,1.0,120.28,0.5
2910,1i,150.0,6,2.4596,4,15.04,False,6,11.1397,1.0,455.63,0.5
2915,1i,150.0,6,0.0046,5,15.04,False,6,7.9643,1.0,337.73,0.5
2920,1i,150.0,6,0.0,6,19.04,False,6,8.1798,1.0,224.68,0.5
2925,1i,150.0,9,7.0383,6,19.04,False,6,7.1631,1.0,107.5,0.5
2930,1i,150.0,6,4.9639,1,1.0,False,4,4.3134,1.0,35.98,0.5
2935,1i,150.0,3,1.9437,2,8.01,False,3,1.9437,1.0,8.01,0.5
2940,1i,150.0,2,0.0,2,8.0,False,3,8.3333,1.0,480.3,0.5
2945,1i,150.0,3,5.8766,2,8.0,False,3,8.2756,1.0,357.74,0.5
2950,1i,150.0,3,4.3766,2,8.0,False,3,8.0529,1.0,236.31,0.5
2955,1i,150.0,4,7.3031,2,8.0,False,4,12.1522,1.0,480.3,0.5
2960,1i,150.0,4,10.5406,1,1.0,False,3,14.0582,2.24,358.74,0.5
2965,1i,150.0,3,4.7546,1,1.0,False,3,14.5811,1.0,474.59,0.5
2970,1i,150.0,4,6.8446,2,1.0,False,3,14.2707,1.0,380.3,0.5
2975,1i,150.0,4,3.2715,3,15.04,False,3,10.5765,1.0,286.68,0.5
2980,1i,150.0,4,0.0,3,15.04,False,3,6.3736,1.0,191.61,0.5
2985,1i,150.0,6,6.7349,4,15.04,False,4,10.6445,1.0,456.73,0.5
2990,1i,150.0,6,3.8916,4,15.04,False,4,9.0033,1.0,321.29,0.5
2995,1i,150.0,6,0.5083,4,15.04,False,4,6.882,1.0,187.49,0.5
3000,1i,150.0,7,2.3534,6,22.04,False,4,4.1183,1.0,78.34,0.5
3005,1i,150.0,7,0.4125,6,22.04,False,5,5.0139,1.0,412.37,0.5
3010,1i,150.0,7,0.0015,7,34.76,False,5,4.6039,1.0,298.46,0.5
3015,1i,150.0,8,3.2582,7,34.75,False,5,4.5001,1.0,188.08,0.5
3020,1i,150.0,7,8.0397,1,1.0,False,4,5.9468,1.0,78.45,0.5
3025,1i,150.0,4,4.5032,1,1.0,False,3,4.4648,1.0,14.55,0.5
3030,1i,150.0,2,0.0,2,8.0,False,2,0.0,1.0,8.0,0.5
3035,1i,150.0,3,7.7997,2,8.0,False,2,0.0,1.0,8.0,0.5
3040,1i,150.0,3,5.6683,2,8.0,False,3,8.3333,1.0,480.3,0.5
3045,1i,150.0,2,0.0,2,8.0,False,3,7.7653,1.0,360.67,0.5
3050,1i,150.0,2,13.5625,0,0.0,False,2,14.1075,2.15,240.09,0.5
3055,1i,150.0,2,17.8295,0,0.0,False,1,24.9843,118.74,118.74,0.5
3060,1i,150.0,2,6.46,1,1.0,False,1,12.9199,28.4,28.4,0.5
3065,1i,150.0,3,8.2197,1,1.0,False,1,0.8661,1.84,1.84,0.5
3070,1i,150.0,3,3.4278,2,1.0,False,1,0.0053,1.0,1.0,0.5
3075,1i,150.0,3,0.0,3,1.0,False,1,0.0,1.0,1.0,0.5
3080,1i,150.0,5,7.5748,3,1.0,False,2,9.4977,1.0,416.1,0.5
3085,1i,150.0,5,4.1546,3,1.0,False,2,9.658,1.0,320.13,0.5
3090,1i,150.0,5,0.94,3,1.0,False,2,9.4822,1.0,224.41,0.5
3095,1i,150.0,6,2.5058,5,8.02,False,2,7.4824,1.0,140.76,0.5
3100,1i,150.0,6,1.7525,5,8.0,False,3,11.449,1.0,382.96,0.5
3105,1i,150.0,6,1.0025,5,8.0,False,3,10.3358,1.0,262.15,0.5
3110,1i,150.0,4,12.7112,1,1.0,False,2,13.7004,20.84,142.84,0.5
3115,1i,150.0,4,12.5417,1,1.0,False,2,19.9892,45.23,480.3,0.5
3120,1i,150.0,3,5.1641,1,1.0,False,2,13.4659,8.04,358.39,0.5
3125,1i,150.0,2,0.0,2,8.0,False,2,12.1269,8.0,236.71,0.5
3130,1i,150.0,3,8.0631,2,8.0,False,3,16.1723,8.0,407.34,0.5
3135,1i,150.0,3,4.2861,2,8.0,False,3,12.0756,8.0,284.87,0.5
3140,1i,150.0,1,0.0,1,1.0,False,2,11.6509,1.0,163.91,0.5
3145,1i,150.0,2,9.3676,1,1.0,False,3,14.5511,1.0,430.73,0.5
3150,1i,150.0,3,8.7097,1,1.0,False,3,9.1812,1.0,309.47,0.5
3155,1i,150.0,3,3.4073,2,1.0,False,4,10.7376,1.0,419.17,0.5
3160,1i,150.0,4,5.3461,3,8.01,False,5,12.6459,1.0,456.83,0.5
3165,1i,150.0,4,1.705,3,8.0,False,5,10.0333,1.0,336.04,0.5
3170,1i,150.0,5,3.7711,4,8.0,False,5,8.5831,1.0,216.16,0.5
3175,1i,150.0,6,5.8991,4,8.0,False,5,7.0789,1.0,97.39,0.5
3180,1i,150.0,6,2.3805,4,8.0,False,5,2.8566,1.0,23.49,0.5
3185,1i,150.0,6,0.0135,5,15.01,False,5,0.0163,1.0,15.01,0.5
3190,1i,150.0,7,1.9623,6,15.0,False,6,4.1667,1.0,480.3,0.5
3195,1i,150.0,7,1.338,6,15.0,False,6,3.9182,1.0,360.57,0.5
3200,1i,150.0,3,3.3628,1,1.0,False,3,9.5227,1.0,240.36,0.5
3205,1i,150.0,5,15.9523,1,1.0,False,2,11.9381,1.0,124.36,0.5
3210,1i,150.0,4,10.5054,1,1.0,False,3,11.507,1.0,455.17,0.5
3215,1i,150.0,2,0.8092,1,1.0,False,2,9.4788,1.0,361.38,0.5
3220,1i,150.0,2,0.0,2,8.0,False,2,9.4946,1.0,268.41,0.5
3225,1i,150.0,2,0.0,2,8.0,False,2,9.6418,1.0,173.18,0.5
3230,1i,150.0,1,18.4829,0,0.0,False,1,18.4829,80.39,80.39,0.5
3235,1i,150.0,2,17.5791,0,0.0,False,1,8.5151,9.03,9.03,0.5
3240,1i,150.0,2,5.8657,1,1.0,False,2,11.7065,1.0,408.14,0.5
3245,1i,150.0,3,5.4372,2,1.0,False,2,12.2775,1.0,286.33,0.5
3250,1i,150.0,3,1.1592,2,1.0,False,3,16.387,1.0,384.22,0.5
3255,1i,150.0,4,4.7275,3,13.71,False,4,16.8387,1.0,408.2,0.5
3260,1i,150.0,5,5.7232,3,13.71,False,4,13.2109,1.0,289.35,0.5
3265,1i,150.0,5,2.6621,4,13.71,False,5,12.607,1.0,480.3,0.5
3270,1i,150.0,6,3.2851,4,13.71,False,5,8.7827,1.0,360.04,0.5
3275,1i,150.0,6,0.8666,5,20.71,False,5,5.9544,1.0,237.48,0.5
3280,1i,150.0,7,3.2651,6,20.71,False,5,4.5712,1.0,116.89,0.5
3285,1i,150.0,7,1.4385,6,20.71,False,7,8.2269,1.0,456.76,0.5
3290,1i,150.0,4,2.9311,1,1.0,False,5,10.5959,1.0,336.61,0.5
3295,1i,150.0,1,0.0,1,1.0,False,3,16.0475,1.0,217.6,0.5
3300,1i,150.0,4,16.1729,1,1.0,False,3,15.1309,1.0,99.3,0.5
3305,1i,150.0,3,7.7036,1,1.0,False,3,7.7036,1.0,22.64,0.5
3310,1i,150.0,2,0.0164,2,8.01,False,2,0.0164,1.0,8.01,0.5
3315,1i,150.0,2,0.0,2,8.0,False,2,0.0,1.0,8.0,0.5
3320,1i,150.0,2,11.3483,0,0.0,False,1,3.3228,3.12,3.12,0.5
3325,1i,150.0,1,16.7203,0,0.0,False,1,26.7293,375.82,375.82,0.5
3330,1i,150.0,2,13.3431,0,0.0,False,2,25.758,242.06,480.3,0.5
3335,1i,150.0,3,12.3407,1,1.0,False,2,23.8529,110.95,359.6,0.5
3340,1i,150.0,3,3.6358,2,1.0,False,2,17.5553,30.18,240.29,0.5
3345,1i,150.0,4,6.2593,3,13.84,False,2,12.5185,13.84,119.36,0.5
3350,1i,150.0,4,3.2971,3,13.71,False,2,6.5941,13.71,23.75,0.5
3355,1i,150.0,5,4.7666,3,13.71,False,2,0.0,1.0,13.71,0.5
3360,1i,150.0,5,2.2462,4,13.71,False,2,0.0,1.0,13.71,0.5
3365,1i,150.0,6,2.4279,5,17.73,False,2,0.0,1.0,13.71,0.5
3370,1i,150.0,6,1.7197,5,17.71,False,2,0.0,1.0,13.71,0.5
3375,1i,150.0,7,3.6713,5,17.71,False,2,0.0,1.0,13.71,0.5
3380,1i,150.0,3,4.4846,1,1.0,False,3,17.102,1.0,407.63,0.5
3385,1i,150.0,1,0.0,1,1.0,False,3,16.9087,1.0,285.98,0.5
3390,1i,150.0,2,13.4336,1,1.0,False,3,17.0739,1.0,163.63,0.5
3395,1i,150.0,4,11.756,1,1.0,False,3,9.9391,1.0,58.2,0.5
3400,1i,150.0,3,4.7921,1,1.0,False,3,8.7005,1.0,384.65,0.5
3405,1i,150.0,3,1.9047,2,8.0,False,3,7.9472,1.0,264.58,0.5
3410,1i,150.0,3,8.8509,1,1.0,False,2,13.2763,3.84,145.15,0.5
3415,1i,150.0,2,7.0583,1,1.0,False,1,14.1166,47.93,47.93,0.5
3420,1i,150.0,2,0.9697,1,1.0,False,1,1.9394,16.21,16.21,0.5
3425,1i,150.0,2,0.0048,2,15.04,False,1,0.0096,15.04,15.04,0.5
3430,1i,150.0,4,9.906,2,15.04,False,1,0.0,15.04,15.04,0.5
3435,1i,150.0,4,4.7381,2,15.04,False,1,0.0,15.04,15.04,0.5
3440,1i,150.0,5,4.3689,3,15.04,False,1,0.0,15.04,15.04,0.5
3445,1i,150.0,5,1.1845,4,22.04,False,1,0.0,15.04,15.04,0.5
3450,1i,150.0,6,3.4981,5,22.04,False,1,0.0,15.04,15.04,0.5
3455,1i,150.0,7,4.3491,5,22.04,False,1,0.0,15.04,15.04,0.5
3460,1i,150.0,7,1.6939,6,26.04,False,1,0.0,15.04,15.04,0.5
3465,1i,150.0,7,0.0756,7,26.04,False,1,0.0,15.04,15.04,0.5
3470,1i,150.0,5,4.2821,2,24.87,False,1,3.5043,6.97,6.97,0.5
3475,1i,150.0,3,5.3347,1,1.0,False,2,24.4171,383.74,383.99,0.5
3480,1i,150.0,2,4.7305,1,1.0,False,2,23.9389,262.27,262.53,0.5
3485,1i,150.0,4,18.4795,1,1.0,False,2,24.1225,142.2,144.52,0.5
3490,1i,150.0,4,11.323,1,1.0,False,2,15.5664,40.57,41.45,0.5
3495,1i,150.0,3,1.3591,1,1.0,False,2,2.0387,1.0,5.29,0.5
3500,1i,150.0,2,1.7127,1,1.0,False,2,1.7127,0.1,1.0,0.5
3505,1i,150.0,2,11.7952,1,1.0,False,2,9.6453,1.0,415.69,0.5
3510,1i,150.0,2,6.5903,1,1.0,False,2,9.5426,1.0,320.03,0.5
3515,1i,150.0,2,0.1691,1,1.0,False,2,9.6533,1.0,223.95,0.5
3520,1i,150.0,3,5.222,2,1.0,False,3,13.9662,1.0,429.89,0.5
3525,1i,150.0,4,7.665,2,1.0,False,3,12.6138,1.0,294.22,0.5
3530,1i,150.0,4,4.6976,2,1.0,False,4,15.2842,1.0,400.73,0.5
3535,1i,150.0,5,4.2397,2,1.0,False,4,11.8617,1.0,265.1,0.5
3540,1i,150.0,6,4.7485,4,8.0,False,4,7.1226,1.0,132.31,0.5
3545,1i,150.0,6,2.0977,5,8.0,False,4,3.1465,1.0,42.9,0.5
3550,1i,150.0,6,0.1266,5,8.0,False,5,4.8742,1.0,384.7,0.5
3555,1i,150.0,7,1.7671,6,12.0,False,5,4.8949,1.0,263.0,0.5
3560,1i,150.0,4,8.6949,1,1.0,False,3,8.7276,1.0,145.12,0.5
3565,1i,150.0,3,9.4605,1,1.0,False,4,17.1416,1.0,480.3,0.5
3570,1i,150.0,1,0.0,1,1.0,False,3,16.2595,1.0,359.78,0.5
3575,1i,150.0,1,0.0,1,1.0,False,3,16.2788,1.0,240.02,0.5
3580,1i,150.0,4,18.2803,1,1.0,False,3,16.3661,1.0,119.37,0.5
3585,1i,150.0,4,9.7666,1,1.0,False,4,11.3798,1.0,453.93,0.5
3590,1i,150.0,3,1.3658,1,1.0,False,3,7.6785,0.1,358.03,0.5
3595,1i,150.0,2,0.0,2,1.0,False,2,9.4864,1.0,261.83,0.5
3600,1i,150.0,2,0.0,2,1.0,False,2,8.7205,1.0,169.69,0.5
0,2i,150.0,0,0.0,0,0.0,False,0,,,,0.5
5,2i,150.0,0,0.0,0,0.0,False,1,24.6033,383.49,383.49,0.5
10,2i,150.0,0,0.0,0,0.0,False,1,24.499,260.8,260.8,0.5
15,2i,150.0,3,24.5502,0,0.0,False,1,24.1159,140.56,140.56,0.5
20,2i,150.0,3,14.9406,0,0.0,False,2,20.2549,38.44,480.3,0.5
25,2i,150.0,3,1.2497,1,1.0,False,2,13.2448,1.0,358.08,0.5
30,2i,150.0,3,0.0,3,1.0,False,2,12.0989,1.0,236.84,0.5
35,2i,150.0,4,5.9245,3,1.0,False,3,15.6564,1.0,433.47,0.5
40,2i,150.0,4,2.9517,3,1.0,False,4,15.8222,1.0,455.65,0.5
45,2i,150.0,4,0.0016,3,1.0,False,4,12.5711,1.0,322.6,0.5
50,2i,150.0,2,10.4922,1,1.0,False,3,23.5413,73.49,432.56,0.5
55,2i,150.0,2,11.202,1,1.0,False,2,23.0881,63.37,311.47,0.5
60,2i,150.0,1,0.0,1,1.0,False,1,23.598,191.58,191.58,0.5
65,2i,150.0,2,10.0241,1,1.0,False,2,22.2708,75.99,455.81,0.5
70,2i,150.0,2,3.8628,1,1.0,False,2,15.5075,12.32,334.49,0.5
75,2i,150.0,3,7.3928,2,5.0,False,2,12.3559,5.0,213.85,0.5
80,2i,150.0,3,11.1238,0,0.0,False,3,16.7594,0.3,407.98,0.5
85,2i,150.0,2,5.1752,1,1.0,False,2,16.9826,14.49,287.25,0.5
90,2i,150.0,2,0.0,2,1.0,False,2,11.6457,1.0,167.7,0.5
95,2i,150.0,3,5.8734,2,1.0,False,5,20.186,1.0,483.3,0.5
100,2i,150.0,3,1.6364,2,1.0,False,5,16.9971,1.0,348.95,0.5
105,2i,150.0,3,0.0024,3,8.01,False,5,15.9228,1.0,215.57,0.5
110,2i,150.0,6,11.0634,3,8.0,False,5,13.2761,1.0,89.34,0.5
115,2i,150.0,6,4.1448,3,8.0,False,5,4.9738,1.0,24.92,0.5
120,2i,150.0,6,0.0196,6,15.01,False,5,0.0235,1.0,15.01,0.5
125,2i,150.0,6,0.0,6,15.0,False,5,0.0,1.0,15.0,0.5
130,2i,150.0,7,3.0399,6,15.0,False,5,0.0,1.0,15.0,0.5
135,2i,150.0,7,1.2088,6,15.0,False,6,4.1062,1.0,432.34,0.5
140,2i,150.0,3,2.9457,1,1.0,False,3,9.6416,1.0,312.18,0.5
145,2i,150.0,2,7.9283,1,1.0,False,3,15.0872,1.0,408.43,0.5
150,2i,150.0,3,11.9651,1,1.0,False,3,14.1923,1.0,288.17,0.5
155,2i,150.0,2,6.3937,1,1.0,False,3,12.5457,1.0,166.97,0.5
160,2i,150.0,2,9.01,1,1.0,False,3,14.0299,1.0,431.86,0.5
165,2i,150.0,2,2.1776,1,1.0,False,3,9.3113,1.0,311.63,0.5
170,2i,150.0,2,11.1901,0,0.0,False,3,17.6744,0.43,480.3,0.5
175,2i,150.0,2,12.8519,0,0.0,False,2,22.4601,72.43,361.16,0.5
180,2i,150.0,2,3.6423,1,1.0,False,2,15.6381,6.57,241.7,0.5
185,2i,150.0,3,8.254,2,1.0,False,2,12.381,1.0,120.53,0.5
190,2i,150.0,3,4.0288,2,1.0,False,3,11.7942,1.0,457.0,0.5
195,2i,150.0,3,0.0552,2,1.0,False,3,5.5995,1.0,366.74,0.5
200,2i,150.0,3,0.0001,3,8.0,False,3,6.1287,1.0,278.78,0.5
205,2i,150.0,4,4.6768,3,8.0,False,3,5.8794,1.0,192.69,0.5
210,2i,150.0,6,7.1006,3,8.0,False,4,10.9004,1.0,431.41,0.5
215,2i,150.0,6,2.9659,4,15.0,False,4,8.7241,1.0,313.12,0.5
220,2i,150.0,6,0.0141,6,15.0,False,4,5.8469,1.0,192.97,0.5
225,2i,150.0,7,2.7394,6,15.0,False,4,4.7939,1.0,81.77,0.5
230,2i,150.0,3,3.8363,1,1.0,False,1,6.6522,23.97,23.97,0.5
235,2i,150.0,2,10.9579,1,1.0,False,0,,,,0.5
240,2i,150.0,2,7.1075,1,1.0,False,1,27.1695,375.77,375.77,0.5
245,2i,150.0,2,8.5528,1,1.0,False,2,23.2195,240.79,474.59,0.5
250,2i,150.0,3,12.0823,1,1.0,False,2,20.9176,110.24,381.08,0.5
255,2i,150.0,3,5.2542,1,1.0,False,3,17.7317,32.15,406.89,0.5
260,2i,150.0,2,0.639,1,1.0,False,3,14.8515,13.35,286.74,0.5
265,2i,150.0,3,5.4385,1,1.0,False,4,14.6608,1.02,456.32,0.5
270,2i,150.0,4,6.8654,2,1.0,False,4,11.5453,1.0,361.2,0.5
275,2i,150.0,4,1.6581,2,1.0,False,4,6.2536,1.0,266.69,0.5
280,2i,150.0,4,0.0017,4,15.04,False,4,4.8292,1.0,172.47,0.5
285,2i,150.0,5,2.7415,4,15.04,False,6,9.2333,1.0,437.31,0.5
290,2i,150.0,5,1.3903,4,15.04,False,6,8.2411,1.0,342.46,0.5
295,2i,150.0,5,0.0476,4,15.04,False,6,7.2301,1.0,248.26,0.5
300,2i,150.0,7,5.3591,5,27.75,False,6,6.5692,1.0,154.22,0.5
305,2i,150.0,8,3.0848,5,27.75,False,7,6.5117,1.0,408.39,0.5
310,2i,150.0,8,0.9008,7,40.46,False,7,4.5661,1.0,288.51,0.5
315,2i,150.0,8,0.0081,7,40.46,False,8,6.3217,1.0,456.39,0.5
320,2i,150.0,6,2.9909,3,39.65,False,7,10.3024,1.0,483.3,0.5
325,2i,150.0,5,2.973,2,5.0,False,6,10.8201,1.0,348.88,0.5
330,2i,150.0,4,6.7559,2,5.0,False,6,13.7191,1.0,483.3,0.5
335,2i,150.0,3,8.1872,2,5.0,False,4,12.9763,1.0,347.41,0.5
340,2i,150.0,3,3.8413,2,5.0,False,4,9.4268,0.31,213.17,0.5
345,2i,150.0,3,7.2328,2,5.0,False,3,7.2328,1.0,87.3,0.5
350,2i,150.0,2,5.8238,0,0.0,False,2,5.8238,0.02,20.43,0.5
355,2i,150.0,1,23.5434,0,0.0,False,0,,,,0.5
360,2i,150.0,2,17.736,0,0.0,False,0,,,,0.5
365,2i,150.0,2,6.3815,1,1.0,False,0,,,,0.5
370,2i,150.0,2,0.0,2,1.0,False,0,,,,0.5
375,2i,150.0,3,5.5515,2,1.0,False,0,,,,0.5
380,2i,150.0,3,1.0164,2,1.0,False,0,,,,0.5
385,2i,150.0,3,0.0001,3,8.0,False,0,,,,0.5
390,2i,150.0,3,0.0,3,8.0,False,0,,,,0.5
395,2i,150.0,6,8.7246,3,8.0,False,0,,,,0.5
400,2i,150.0,6,5.3394,3,8.0,False,0,,,,0.5
405,2i,150.0,6,1.2436,4,8.0,False,0,,,,0.5
410,2i,150.0,3,9.41,1,1.0,False,1,24.461,432.16,432.16,0.5
415,2i,150.0,2,7.1854,1,1.0,False,2,23.911,312.32,456.91,0.5
420,2i,150.0,1,0.0,1,1.0,False,2,23.9558,189.95,336.14,0.5
425,2i,150.0,2,9.8485,1,1.0,False,3,22.4566,74.52,432.11,0.5
430,2i,150.0,2,12.2457,1,1.0,False,2,24.012,93.67,312.99,0.5
435,2i,150.0,2,5.0751,1,1.0,False,3,18.9409,13.45,432.03,0.5
440,2i,150.0,2,9.8831,1,1.0,False,4,16.9342,1.0,456.36,0.5
445,2i,150.0,2,4.6979,1,1.0,False,4,14.3346,1.0,335.8,0.5
450,2i,150.0,3,6.7342,2,1.0,False,4,11.2109,1.0,215.83,0.5
455,2i,150.0,4,7.6077,2,1.0,False,4,7.6077,1.0,95.91,0.5
460,2i,150.0,4,2.7097,3,8.0,False,4,2.7097,1.0,18.02,0.5
465,2i,150.0,4,0.0053,3,8.0,False,4,0.0053,1.0,8.0,0.5
470,2i,150.0,5,3.4104,4,8.0,False,6,8.3333,1.0,480.3,0.5
475,2i,150.0,5,0.735,4,8.0,False,6,8.0328,1.0,362.37,0.5
480,2i,150.0,5,0.0001,5,15.0,False,6,8.1785,1.0,242.82,0.5
485,2i,150.0,8,8.7644,5,15.0,False,6,7.8207,1.0,123.32,0.5
490,2i,150.0,8,4.4045,5,15.0,False,6,4.1268,1.0,33.97,0.5
495,2i,150.0,8,0.1008,6,22.02,False,6,0.1265,1.0,8.12,0.5
500,2i,150.0,4,2.0763,2,8.0,False,2,0.0003,1.0,8.0,0.5
505,2i,150.0,2,0.0,2,8.0,False,3,8.8296,1.0,403.07,0.5
510,2i,150.0,3,5.07,2,8.0,False,3,8.948,1.0,268.86,0.5
515,2i,150.0,4,9.4729,2,8.0,False,3,9.0605,1.0,133.88,0.5
520,2i,150.0,3,5.9975,2,8.0,False,3,5.9975,1.0,35.05,0.5
525,2i,150.0,3,6.9581,2,8.0,False,2,0.0,1.0,8.0,0.5
530,2i,150.0,2,6.0727,0,0.0,False,2,11.7817,1.87,417.81,0.5
535,2i,150.0,2,9.2072,1,1.0,False,2,19.0357,324.18,436.97,0.5
540,2i,150.0,2,2.5766,1,1.0,False,2,19.1456,228.95,343.34,0.5
545,2i,150.0,3,6.2916,2,1.0,False,3,18.9642,134.41,473.26,0.5
550,2i,150.0,3,4.2013,2,1.0,False,3,16.7429,56.53,377.25,0.5
555,2i,150.0,4,5.867,2,1.0,False,3,14.2629,15.86,281.77,0.5
560,2i,150.0,4,1.7469,3,8.0,False,3,8.1113,5.97,188.6,0.5
565,2i,150.0,5,2.6027,4,8.0,False,5,12.2129,1.0,456.55,0.5
570,2i,150.0,5,1.7928,4,8.0,False,5,11.2482,1.0,337.89,0.5
575,2i,150.0,5,0.8928,4,8.0,False,5,10.5626,1.0,219.07,0.5
580,2i,150.0,7,6.1666,5,20.71,False,5,8.6333,1.0,102.29,0.5
585,2i,150.0,8,3.8762,5,20.71,False,6,6.636,1.0,432.49,0.5
590,2i,150.0,5,3.137,2,8.02,False,4,6.9995,8.02,314.17,0.5
595,2i,150.0,3,1.6963,2,8.0,False,4,13.4562,8.0,480.3,0.5
600,2i,150.0,3,7.5068,2,8.0,False,3,15.3559,8.0,360.02,0.5
605,2i,150.0,3,3.5996,2,8.0,False,4,14.9198,0.27,408.18,0.5
610,2i,150.0,3,8.0927,2,8.0,False,3,16.0229,8.0,287.29,0.5
615,2i,150.0,3,4.8296,2,8.0,False,4,15.6724,8.0,383.51,0.5
620,2i,150.0,3,7.4487,0,0.0,False,5,14.3044,1.0,480.3,0.5
625,2i,150.0,3,9.5551,1,1.0,False,4,13.3269,1.0,358.39,0.5
630,2i,150.0,3,5.4171,2,1.0,False,4,10.1209,1.0,237.62,0.5
635,2i,150.0,4,6.508,2,1.0,False,4,6.508,1.0,116.49,0.5
640,2i,150.0,4,2.9949,3,1.0,False,5,7.0509,1.0,457.03,0.5
645,2i,150.0,5,3.1521,3,1.0,False,5,4.7403,1.0,336.58,0.5
650,2i,150.0,5,2.2425,4,8.0,False,5,4.6847,1.0,216.86,0.5
655,2i,150.0,6,4.4076,4,8.0,False,5,3.9467,1.0,104.04,0.5
660,2i,150.0,6,2.1485,4,8.0,False,8,9.1641,1.0,436.77,0.5
665,2i,150.0,6,0.0037,6,15.01,False,8,7.6379,1.0,341.97,0.5
670,2i,150.0,6,0.0,6,15.0,False,8,7.7033,1.0,247.38,0.5
675,2i,150.0,7,2.8732,6,15.0,False,8,6.568,1.0,156.91,0.5
680,2i,150.0,5,7.3661,1,1.0,False,5,7.3661,1.0,89.44,0.5
685,2i,150.0,4,5.5427,2,8.0,False,4,5.5427,1.0,33.1,0.5
690,2i,150.0,2,0.0,2,8.0,False,2,0.0,1.0,8.0,0.5
695,2i,150.0,3,6.5184,2,8.0,False,3,6.48,1.0,474.59,0.5
700,2i,150.0,2,0.0,2,8.0,False,3,6.3277,1.0,379.68,0.5
705,2i,150.0,3,7.579,2,8.0,False,3,6.1987,1.0,286.97,0.5
710,2i,150.0,2,6.9179,0,0.0,False,2,10.3459,4.04,193.38,0.5
715,2i,150.0,2,8.7188,1,1.0,False,1,17.4376,100.82,100.82,0.5
720,2i,150.0,3,12.0079,1,1.0,False,2,18.8683,21.95,480.3,0.5
725,2i,150.0,3,4.4729,2,1.0,False,2,11.9485,1.0,359.02,0.5
730,2i,150.0,4,5.4915,2,1.0,False,2,11.7434,1.0,238.83,0.5
735,2i,150.0,5,6.6957,3,1.0,False,2,12.255,1.0,117.29,0.5
740,2i,150.0,5,2.438,4,13.71,False,2,6.0918,1.0,30.23,0.5
745,2i,150.0,5,0.0502,4,13.71,False,2,0.1255,1.0,8.2,0.5
750,2i,150.0,6,3.1455,5,13.71,False,2,0.0,1.0,8.0,0.5
755,2i,150.0,6,0.964,5,13.71,False,4,12.7287,1.0,407.48,0.5
760,2i,150.0,6,0.0108,6,20.72,False,4,12.8512,1.0,288.34,0.5
765,2i,150.0,7,3.7721,6,20.71,False,4,12.6166,1.0,169.19,0.5
770,2i,150.0,5,10.4808,1,1.0,False,2,16.4655,40.91,57.85,0.5
775,2i,150.0,3,4.8364,1,1.0,False,1,3.9487,10.11,10.11,0.5
780,2i,150.0,2,0.0043,2,8.0,False,1,0.0085,8.0,8.0,0.5
785,2i,150.0,2,0.0,2,8.0,False,2,12.076,8.0,431.4,0.5
790,2i,150.0,3,5.3116,2,8.0,False,3,16.3785,8.0,455.51,0.5
795,2i,150.0,3,3.9541,2,8.0,False,3,16.3446,8.0,334.98,0.5
800,2i,150.0,3,7.7066,1,1.0,False,3,15.4933,3.0,213.01,0.5
805,2i,150.0,3,10.0166,1,1.0,False,2,15.025,9.85,94.97,0.5
810,2i,150.0,3,2.8017,2,1.0,False,3,10.8168,1.0,431.68,0.5
815,2i,150.0,4,5.8875,3,15.12,False,3,7.8281,1.0,311.75,0.5
820,2i,150.0,4,2.4942,3,15.04,False,3,7.7651,1.0,193.26,0.5
825,2i,150.0,5,3.7512,4,15.04,False,3,6.2519,1.0,80.12,0.5
830,2i,150.0,6,4.1721,4,15.04,False,4,7.32,1.0,409.75,0.5
835,2i,150.0,6,0.9371,5,22.04,False,4,6.113,1.0,286.26,0.5
840,2i,150.0,6,0.0017,6,22.04,False,4,6.1224,1.0,165.66,0.5
845,2i,150.0,7,2.082,6,22.04,False,6,10.7623,1.0,480.3,0.5
850,2i,150.0,7,0.3604,6,22.04,False,6,8.6329,1.0,359.79,0.5
855,2i,150.0,7,0.0001,7,29.04,False,6,8.1233,1.0,239.96,0.5
860,2i,150.0,7,10.6704,2,27.76,False,5,10.3667,8.24,121.15,0.5
865,2i,150.0,5,9.3988,1,1.0,False,3,9.3816,11.76,43.69,0.5
870,2i,150.0,3,2.3988,1,1.0,False,2,3.5982,0.65,8.23,0.5
875,2i,150.0,2,0.0014,2,8.0,False,1,0.0028,8.0,8.0,0.5
880,2i,150.0,3,7.8887,2,8.0,False,2,11.9955,8.0,409.38,0.5
885,2i,150.0,3,3.3971,2,8.0,False,3,16.5141,8.0,430.61,0.5
890,2i,150.0,2,2.0483,1,1.0,False,3,17.0392,2.44,311.55,0.5
895,2i,150.0,2,9.6001,1,1.0,False,2,22.0684,56.32,189.14,0.5
900,2i,150.0,3,8.086,1,1.0,False,2,12.129,2.84,73.85,0.5
905,2i,150.0,3,2.2165,2,1.0,False,2,3.3247,1.0,14.73,0.5
910,2i,150.0,4,4.5822,3,8.01,False,3,6.453,1.0,435.87,0.5
915,2i,150.0,5,6.0503,3,8.0,False,3,6.3878,1.0,341.45,0.5
920,2i,150.0,5,2.6294,4,8.0,False,4,10.8223,1.0,480.3,0.5
925,2i,150.0,5,0.0188,4,8.0,False,4,10.9137,1.0,359.35,0.5
930,2i,150.0,6,2.3664,5,15.0,False,4,9.4416,1.0,239.6,0.5
935,2i,150.0,7,4.3577,5,15.0,False,4,7.6259,1.0,120.87,0.5
940,2i,150.0,7,1.6563,6,15.0,False,6,10.0363,1.0,456.29,0.5
945,2i,150.0,7,0.0313,7,19.01,False,6,7.9036,1.0,337.52,0.5
950,2i,150.0,3,1.8021,1,1.0,False,3,16.1417,16.94,217.28,0.5
955,2i,150.0,4,17.512,1,1.0,False,2,23.9214,94.89,98.49,0.5
960,2i,150.0,4,9.2557,1,1.0,False,2,13.5102,9.14,10.14,0.5
965,2i,150.0,2,0.0625,2,8.09,False,0,,,,0.5
970,2i,150.0,2,0.0,2,8.0,False,1,27.77,483.3,483.3,0.5
975,2i,150.0,3,6.4663,2,8.0,False,1,27.7658,347.78,347.78,0.5
980,2i,150.0,2,11.275,0,0.0,False,1,26.6267,215.16,215.16,0.5
985,2i,150.0,2,13.4314,0,0.0,False,1,22.7858,85.69,85.69,0.5
990,2i,150.0,3,12.0903,1,1.0,False,2,16.6543,10.69,383.49,0.5
995,2i,150.0,3,4.347,2,1.0,False,2,12.1406,1.0,264.21,0.5
1000,2i,150.0,4,6.1524,2,1.0,False,2,12.0739,1.0,142.19,0.5
1005,2i,150.0,4,4.0381,3,15.04,False,2,8.0762,1.0,37.29,0.5
1010,2i,150.0,5,5.2134,3,15.04,False,2,0.6284,1.0,1.0,0.5
1015,2i,150.0,5,2.6998,4,15.04,False,3,8.3215,1.0,455.34,0.5
1020,2i,150.0,6,2.9839,4,15.04,False,3,7.8795,1.0,335.61,0.5
1025,2i,150.0,6,0.9115,5,19.04,False,3,7.9717,1.0,215.18,0.5
1030,2i,150.0,7,2.9506,6,19.04,False,3,6.8828,1.0,98.82,0.5
1035,2i,150.0,7,1.0698,6,19.04,False,4,6.6981,1.0,434.84,0.5
1040,2i,150.0,4,1.1452,2,24.73,False,3,6.637,1.0,338.84,0.5
1045,2i,150.0,2,2.7327,1,1.0,False,3,8.1242,1.0,243.37,0.5
1050,2i,150.0,3,14.4907,1,1.0,False,2,8.9357,1.0,150.41,0.5
1055,2i,150.0,3,6.6622,1,1.0,False,2,6.6856,1.0,74.55,0.5
1060,2i,150.0,3,2.9763,2,8.0,False,2,4.4617,1.0,20.94,0.5
1065,2i,150.0,4,6.7154,3,8.0,False,3,6.4393,1.0,453.94,0.5
1070,2i,150.0,3,6.1333,1,1.0,False,2,9.6622,1.0,357.83,0.5
1075,2i,150.0,2,0.2959,1,1.0,False,2,9.5052,1.0,262.29,0.5
1080,2i,150.0,2,0.0001,2,15.04,False,3,12.8603,1.0,473.26,0.5
1085,2i,150.0,4,10.7376,2,15.04,False,3,12.7832,1.0,376.96,0.5
1090,2i,150.0,4,5.1836,2,15.04,False,4,12.6274,1.0,456.02,0.5
1095,2i,150.0,4,0.262,3,15.04,False,4,10.7543,1.0,335.9,0.5
1100,2i,150.0,5,3.8284,4,19.04,False,5,13.6595,1.0,381.8,0.5
1105,2i,150.0,6,5.2112,4,19.04,False,5,11.0335,1.0,262.06,0.5
1110,2i,150.0,7,4.5509,5,19.04,False,5,6.3713,1.0,140.18,0.5
1115,2i,150.0,7,2.0049,6,26.04,False,5,2.8069,1.0,44.14,0.5
1120,2i,150.0,7,0.1334,6,26.04,False,5,0.1868,1.0,26.04,0.5
1125,2i,150.0,8,1.7118,7,26.04,False,5,0.0,1.0,26.04,0.5
1130,2i,150.0,6,2.1181,2,24.82,False,4,5.7544,1.0,415.77,0.5
1135,2i,150.0,3,3.3637,1,1.0,False,3,8.2402,1.0,320.04,0.5
1140,2i,150.0,1,0.0,1,1.0,False,2,9.4406,1.0,224.81,0.5
1145,2i,150.0,4,13.7128,1,1.0,False,2,9.4648,1.0,129.33,0.5
1150,2i,150.0,4,8.5644,1,1.0,False,3,14.0263,1.0,377.17,0.5
1155,2i,150.0,4,1.6344,2,15.04,False,3,10.0083,1.0,243.81,0.5
1160,2i,150.0,4,6.5437,2,1.0,False,2,12.1911,1.0,113.65,0.5
1165,2i,150.0,3,3.7523,2,1.0,False,2,5.6285,1.0,30.96,0.5
1170,2i,150.0,3,0.0114,3,13.75,False,2,0.0171,1.0,13.75,0.5
1175,2i,150.0,3,0.0001,3,13.71,False,3,8.1923,1.0,455.72,0.5
1180,2i,150.0,4,2.9311,3,13.71,False,3,8.066,1.0,334.12,0.5
1185,2i,150.0,5,3.9404,3,13.71,False,4,12.0377,1.0,431.59,0.5
1190,2i,150.0,6,5.7306,3,13.71,False,4,11.6794,1.0,312.2,0.5
1195,2i,150.0,6,2.3007,4,15.04,False,4,8.521,1.0,190.9,0.5
1200,2i,150.0,7,2.5212,6,17.71,False,4,4.4119,1.0,82.81,0.5
1205,2i,150.0,8,3.163,6,17.71,False,5,5.8322,1.0,407.88,0.5
1210,2i,150.0,8,0.893,7,31.76,False,5,4.8104,1.0,285.92,0.5
1215,2i,150.0,8,0.0001,8,31.75,False,5,4.6802,1.0,167.05,0.5
1220,2i,150.0,6,3.9545,1,1.0,False,3,5.4166,1.0,68.68,0.5
1225,2i,150.0,4,4.3028,1,1.0,False,5,11.8872,1.0,383.93,0.5
1230,2i,150.0,1,0.0,1,1.0,False,3,16.0017,1.0,264.76,0.5
1235,2i,150.0,4,18.1498,1,1.0,False,3,15.9566,1.0,145.89,0.5
1240,2i,150.0,4,10.7551,1,1.0,False,4,14.6625,1.0,456.66,0.5
1245,2i,150.0,3,1.2448,1,1.0,False,3,9.9573,1.0,322.11,0.5
1250,2i,150.0,2,2.6212,1,1.0,False,2,13.7498,1.0,185.5,0.5
1255,2i,150.0,2,9.6776,1,1.0,False,2,9.6776,1.0,65.33,0.5
1260,2i,150.0,2,3.3236,1,1.0,False,3,10.4209,1.0,431.46,0.5
1265,2i,150.0,2,0.0,2,1.0,False,3,8.2369,1.0,310.34,0.5
1270,2i,150.0,3,5.8008,2,1.0,False,4,12.674,1.0,404.28,0.5
1275,2i,150.0,4,6.0004,2,1.0,False,4,11.583,1.0,270.11,0.5
1280,2i,150.0,5,7.1556,3,8.0,False,5,11.8348,1.0,407.52,0.5
1285,2i,150.0,5,3.0189,4,8.0,False,5,7.7106,1.0,288.56,0.5
1290,2i,150.0,5,0.054,4,8.0,False,5,4.8017,1.0,168.86,0.5
1295,2i,150.0,6,2.8348,5,8.0,False,5,3.4018,1.0,62.03,0.5
1300,2i,150.0,7,3.373,5,8.0,False,5,0.8559,1.0,14.86,0.5
1305,2i,150.0,7,0.9569,6,12.01,False,5,0.0051,1.0,12.01,0.5
1310,2i,150.0,3,9.3347,1,1.0,False,1,0.0,1.0,1.0,0.5
1315,2i,150.0,2,8.5332,1,1.0,False,3,14.2311,1.0,456.49,0.5
1320,2i,150.0,1,0.0,1,1.0,False,3,14.109,1.0,358.86,0.5
1325,2i,150.0,1,0.0,1,1.0,False,3,14.3503,1.0,263.31,0.5
1330,2i,150.0,2,12.4995,1,1.0,False,3,14.2071,1.0,169.25,0.5
1335,2i,150.0,4,9.9269,1,1.0,False,3,7.8356,1.0,94.64,0.5
1340,2i,150.0,3,7.3654,1,1.0,False,2,4.616,1.0,41.92,0.5
1345,2i,150.0,3,1.2942,2,1.0,False,2,1.9412,1.0,1.88,0.5
1350,2i,150.0,4,5.0781,3,1.0,False,2,0.0,1.0,1.0,0.5
1355,2i,150.0,4,1.6684,3,1.0,False,3,8.149,1.0,407.56,0.5
1360,2i,150.0,4,0.0001,4,8.0,False,3,8.0223,1.0,288.57,0.5
1365,2i,150.0,5,3.6889,4,8.0,False,4,11.5689,1.0,385.05,0.5
1370,2i,150.0,6,4.4095,4,8.0,False,4,9.8174,1.0,264.68,0.5
1375,2i,150.0,7,4.9214,4,8.0,False,5,10.7677,1.0,384.75,0.5
1380,2i,150.0,7,1.9545,6,15.01,False,6,10.5485,1.0,406.37,0.5
1385,2i,150.0,8,3.2539,6,15.0,False,6,8.254,1.0,285.94,0.5
1390,2i,150.0,8,1.6603,7,15.04,False,7,8.8135,1.0,455.33,0.5
1395,2i,150.0,9,1.9024,7,15.04,False,7,5.8541,1.0,335.38,0.5
1400,2i,150.0,5,3.0571,2,15.04,False,6,6.5034,1.0,216.72,0.5
1405,2i,150.0,3,8.0008,2,15.04,False,3,8.0008,1.0,94.92,0.5
1410,2i,150.0,3,3.7613,2,15.04,False,5,11.8887,1.0,432.44,0.5
1415,2i,150.0,2,0.0,2,15.04,False,4,12.0865,1.0,311.32,0.5
1420,2i,150.0,2,0.0,2,15.04,False,4,11.9707,1.0,190.02,0.5
1425,2i,150.0,5,11.86,2,15.04,False,4,9.4733,1.0,76.96,0.5
1430,2i,150.0,4,5.7049,0,0.0,False,3,4.8414,10.49,24.38,0.5
1435,2i,150.0,4,0.689,2,1.0,False,3,0.9187,1.0,8.6,0.5
1440,2i,150.0,4,0.0,4,8.0,False,3,0.0,1.0,8.0,0.5
1445,2i,150.0,5,3.6796,4,8.0,False,3,0.0,1.0,8.0,0.5
1450,2i,150.0,5,0.8796,4,8.0,False,4,6.8305,1.0,374.86,0.5
1455,2i,150.0,6,3.7379,5,8.01,False,5,10.891,1.0,483.3,0.5
1460,2i,150.0,7,4.737,5,8.0,False,5,9.9509,1.0,347.45,0.5
1465,2i,150.0,7,1.5731,6,8.08,False,5,7.5343,1.0,213.76,0.5
1470,2i,150.0,8,2.6722,6,8.0,False,5,4.2755,1.0,88.0,0.5
1475,2i,150.0,8,0.9045,7,15.0,False,5,1.4472,1.0,24.14,0.5
1480,2i,150.0,9,2.0168,8,15.0,False,5,0.0008,1.0,15.0,0.5
1485,2i,150.0,10,2.8499,8,15.0,False,5,0.0,1.0,15.0,0.5
1490,2i,150.0,6,3.7706,3,15.0,False,4,1.5597,1.0,15.0,0.5
1495,2i,150.0,3,0.0,3,15.0,False,3,0.0,1.0,15.0,0.5
1500,2i,150.0,4,5.3971,3,15.0,False,3,0.0,1.0,15.0,0.5
1505,2i,150.0,4,2.1633,3,15.0,False,4,6.1761,1.0,408.01,0.5
1510,2i,150.0,3,0.0,3,15.0,False,4,6.2157,1.0,285.7,0.5
1515,2i,150.0,4,6.3879,3,15.0,False,4,6.2127,1.0,165.28,0.5
1520,2i,150.0,5,10.3263,0,0.0,False,3,6.6731,2.88,63.57,0.5
1525,2i,150.0,3,5.5461,0,0.0,False,2,15.6745,5.82,383.5,0.5
1530,2i,150.0,3,0.0011,3,1.0,False,2,11.8287,1.0,262.99,0.5
1535,2i,150.0,4,6.0045,3,1.0,False,2,12.0089,1.0,142.85,0.5
1540,2i,150.0,4,3.8075,3,1.0,False,2,7.6151,1.0,43.75,0.5
1545,2i,150.0,4,0.4752,3,1.0,False,2,0.9504,1.0,8.73,0.5
1550,2i,150.0,5,4.1232,4,8.0,False,2,0.0023,1.0,8.0,0.5
1555,2i,150.0,6,4.9002,4,8.0,False,2,0.0,1.0,8.0,0.5
1560,2i,150.0,6,1.4668,5,8.0,False,3,8.7059,1.0,429.99,0.5
1565,2i,150.0,7,3.3147,6,15.01,False,4,13.1385,1.0,455.39,0.5
1570,2i,150.0,7,1.4162,6,15.0,False,4,13.0653,1.0,332.72,0.5
1575,2i,150.0,8,1.8743,7,15.0,False,4,9.9669,1.0,212.18,0.5
1580,2i,150.0,5,6.9088,2,5.0,False,2,14.025,18.23,93.02,0.5
1585,2i,150.0,3,6.1178,2,5.0,False,1,18.3534,6.89,6.89,0.5
1590,2i,150.0,2,0.0,2,5.0,False,0,,,,0.5
1595,2i,150.0,3,6.6673,2,5.0,False,0,,,,0.5
1600,2i,150.0,2,0.0,2,5.0,False,0,,,,0.5
1605,2i,150.0,2,0.0,2,5.0,False,0,,,,0.5
1610,2i,150.0,2,24.3617,0,0.0,False,0,,,,0.5
1615,2i,150.0,3,18.3601,0,0.0,False,0,,,,0.5
1620,2i,150.0,2,8.1587,0,0.0,False,0,,,,0.5
1625,2i,150.0,2,0.0874,1,1.0,False,0,,,,0.5
1630,2i,150.0,3,6.1792,2,1.0,False,0,,,,0.5
1635,2i,150.0,3,1.6395,2,1.0,False,1,23.8559,432.2,432.2,0.5
1640,2i,150.0,3,0.0083,3,13.73,False,1,24.4937,311.15,311.15,0.5
1645,2i,150.0,4,4.4996,3,13.71,False,1,23.3262,191.07,191.07,0.5
1650,2i,150.0,5,4.7745,3,13.71,False,1,19.7069,78.58,78.58,0.5
1655,2i,150.0,5,1.1827,4,13.71,False,1,5.9131,21.22,21.22,0.5
1660,2i,150.0,6,3.6295,5,17.71,False,1,0.0045,17.71,17.71,0.5
1665,2i,150.0,6,1.2015,5,17.71,False,1,0.0,17.71,17.71,0.5
1670,2i,150.0,3,7.2764,1,1.0,False,1,5.4673,9.44,9.44,0.5
1675,2i,150.0,3,10.0957,1,1.0,False,1,21.7812,396.81,396.81,0.5
1680,2i,150.0,1,0.0,1,1.0,False,1,21.9356,284.97,284.97,0.5
1685,2i,150.0,1,0.0,1,1.0,False,1,22.3838,172.65,172.65,0.5
1690,2i,150.0,2,10.1903,1,1.0,False,4,23.9029,63.46,457.17,0.5
1695,2i,150.0,2,3.0152,1,1.0,False,4,20.1067,4.06,336.07,0.5
1700,2i,150.0,1,0.0,1,1.0,False,4,18.4691,1.0,216.17,0.5
1705,2i,150.0,4,17.3052,1,1.0,False,4,17.3052,1.0,96.42,0.5
1710,2i,150.0,4,6.5602,1,1.0,False,5,9.9387,1.0,433.18,0.5
1715,2i,150.0,4,0.0,4,5.0,False,5,4.7645,1.0,313.83,0.5
1720,2i,150.0,4,0.0,4,5.0,False,5,4.8802,1.0,192.74,0.5
1725,2i,150.0,5,3.8493,4,5.0,False,6,7.1076,1.0,383.35,0.5
1730,2i,150.0,5,1.37,4,5.0,False,6,5.0337,1.0,264.05,0.5
1735,2i,150.0,6,4.1299,5,12.01,False,6,4.1299,1.0,142.38,0.5
1740,2i,150.0,6,2.5083,5,12.0,False,7,5.9576,1.0,374.6,0.5
1745,2i,150.0,7,2.5581,5,12.0,False,7,4.1842,1.0,239.41,0.5
1750,2i,150.0,8,3.5293,6,12.0,False,8,5.37,1.0,399.25,0.5
1755,2i,150.0,8,1.4,7,19.0,False,8,3.7459,1.0,304.7,0.5
1760,2i,150.0,4,1.4515,1,1.0,False,4,5.4969,1.0,210.39,0.5
1765,2i,150.0,3,6.3126,2,5.0,False,4,10.6093,1.0,456.8,0.5
1770,2i,150.0,4,8.3634,2,5.0,False,4,9.7606,1.0,335.8,0.5
1775,2i,150.0,3,5.2915,2,5.0,False,3,8.239,1.0,216.6,0.5
1780,2i,150.0,3,8.0624,2,5.0,False,3,8.0624,1.0,96.07,0.5
1785,2i,150.0,3,3.5138,2,5.0,False,5,11.3173,1.0,433.47,0.5
1790,2i,150.0,1,0.0,1,1.0,False,3,16.0924,1.0,315.31,0.5
1795,2i,150.0,1,0.0,1,1.0,False,3,16.3559,1.0,193.56,0.5
1800,2i,150.0,3,13.9821,1,1.0,False,3,13.9821,1.0,76.84,0.5
1805,2i,150.0,4,8.046,1,1.0,False,3,4.6868,1.0,14.63,0.5
1810,2i,150.0,4,1.6518,3,8.0,False,3,0.0015,1.0,8.0,0.5
1815,2i,150.0,4,0.0,4,8.0,False,4,6.0833,1.0,455.97,0.5
1820,2i,150.0,5,3.7655,4,8.0,False,4,6.2199,1.0,335.3,0.5
1825,2i,150.0,5,2.4308,4,8.0,False,5,9.8482,1.0,381.78,0.5
1830,2i,150.0,6,4.5252,4,8.0,False,5,9.3141,1.0,261.54,0.5
1835,2i,150.0,7,4.8384,5,15.01,False,5,6.7662,1.0,140.42,0.5
1840,2i,150.0,7,1.7596,6,15.0,False,6,5.2321,1.0,454.18,0.5
1845,2i,150.0,8,3.1172,6,15.0,False,6,3.1962,1.0,358.62,0.5
1850,2i,150.0,4,5.1626,1,1.0,False,4,11.9241,1.0,383.63,0.5
1855,2i,150.0,2,0.1834,1,1.0,False,3,14.1195,1.0,261.89,0.5
1860,2i,150.0,4,9.7089,2,8.0,False,3,12.9452,1.0,140.66,0.5
1865,2i,150.0,4,6.3239,2,8.0,False,3,8.4318,1.0,43.1,0.5
1870,2i,150.0,2,0.0,2,8.0,False,1,0.0,1.0,1.0,0.5
1875,2i,150.0,3,5.949,2,8.0,False,1,0.0,1.0,1.0,0.5
1880,2i,150.0,2,3.9205,0,0.0,False,1,26.3653,404.12,404.12,0.5
1885,2i,150.0,1,0.0,1,1.0,False,1,26.2369,267.98,267.98,0.5
1890,2i,150.0,3,17.9676,1,1.0,False,1,27.6451,133.04,133.04,0.5
1895,2i,150.0,4,12.0774,1,1.0,False,1,14.8215,30.29,30.29,0.5
1900,2i,150.0,4,1.3196,1,1.0,False,1,0.0,1.0,1.0,0.5
1905,2i,150.0,4,0.0001,4,5.0,False,1,0.0,1.0,1.0,0.5
1910,2i,150.0,5,4.9076,4,5.0,False,1,0.0,1.0,1.0,0.5
1915,2i,150.0,5,2.1076,4,5.0,False,2,13.885,1.0,483.3,0.5
1920,2i,150.0,5,0.0042,4,5.0,False,2,13.7991,1.0,346.84,0.5
1925,2i,150.0,5,0.0,5,12.0,False,3,14.0926,1.0,454.33,0.5
1930,2i,150.0,7,4.7395,5,12.0,False,3,12.5926,1.0,358.93,0.5
1935,2i,150.0,7,2.7395,5,12.0,False,4,14.3777,1.0,429.85,0.5
1940,2i,150.0,3,2.3891,1,1.0,False,4,17.7697,13.61,456.07,0.5
1945,2i,150.0,2,6.4768,1,1.0,False,3,21.4774,95.7,335.93,0.5
1950,2i,150.0,3,9.3531,1,1.0,False,3,17.5907,42.43,216.08,0.5
1955,2i,150.0,3,8.3703,1,1.0,False,3,16.2016,13.43,409.03,0.5
1960,2i,150.0,3,6.5209,2,5.08,False,3,14.5893,5.08,287.54,0.5
1965,2i,150.0,2,0.001,2,5.0,False,2,12.2043,5.0,166.47,0.5
1970,2i,150.0,2,10.3637,0,0.0,False,2,10.3637,2.24,52.64,0.5
1975,2i,150.0,1,4.1064,0,0.0,False,2,14.2776,2.11,384.28,0.5
1980,2i,150.0,1,0.0,1,1.0,False,2,10.8143,1.0,277.51,0.5
1985,2i,150.0,3,15.6511,1,1.0,False,2,11.5444,1.0,164.18,0.5
1990,2i,150.0,4,12.2751,1,1.0,False,2,8.598,1.0,59.86,0.5
1995,2i,150.0,4,1.8501,1,1.0,False,2,2.2441,1.0,9.99,0.5
2000,2i,150.0,4,0.0047,4,8.0,False,2,0.0095,1.0,8.0,0.5
2005,2i,150.0,5,4.8568,4,8.0,False,3,8.1514,1.0,407.64,0.5
2010,2i,150.0,5,2.4225,4,8.0,False,3,8.171,1.0,288.7,0.5
2015,2i,150.0,5,0.1887,4,8.0,False,3,7.9327,1.0,167.14,0.5
2020,2i,150.0,6,2.9866,5,12.0,False,3,5.9726,1.0,58.89,0.5
2025,2i,150.0,7,2.828,5,12.0,False,3,1.4092,1.0,10.13,0.5
2030,2i,150.0,3,3.3336,1,1.0,False,1,24.7196,406.63,406.63,0.5
2035,2i,150.0,1,0.0,1,1.0,False,1,24.107,285.41,285.41,0.5
2040,2i,150.0,2,7.0863,1,1.0,False,1,24.6684,164.72,164.72,0.5
2045,2i,150.0,3,8.8639,1,1.0,False,1,19.6339,52.48,52.48,0.5
2050,2i,150.0,3,5.2198,1,1.0,False,0,,,,0.5
2055,2i,150.0,3,1.64,2,8.0,False,0,,,,0.5
2060,2i,150.0,3,9.0558,1,1.0,False,0,,,,0.5
2065,2i,150.0,2,7.6154,1,1.0,False,0,,,,0.5
2070,2i,150.0,2,1.0727,1,1.0,False,0,,,,0.5
2075,2i,150.0,2,0.0,2,1.0,False,0,,,,0.5
2080,2i,150.0,5,13.1734,2,1.0,False,0,,,,0.5
2085,2i,150.0,5,5.084,2,1.0,False,0,,,,0.5
2090,2i,150.0,5,0.141,4,5.01,False,0,,,,0.5
2095,2i,150.0,5,0.0,5,8.0,False,0,,,,0.5
2100,2i,150.0,6,2.6985,5,8.0,False,1,24.8951,383.77,383.77,0.5
2105,2i,150.0,6,0.4778,5,8.0,False,2,21.3831,264.06,415.59,0.5
2110,2i,150.0,7,3.5349,6,15.01,False,2,22.0579,142.04,319.45,0.5
2115,2i,150.0,7,2.0744,6,15.0,False,3,17.6096,43.7,397.31,0.5
2120,2i,150.0,4,6.6929,1,1.0,False,3,13.7969,1.79,301.54,0.5
2125,2i,150.0,2,6.6883,1,1.0,False,3,17.108,69.43,396.53,0.5
2130,2i,150.0,3,8.124,1,1.0,False,3,14.4774,14.07,300.79,0.5
2135,2i,150.0,2,5.2366,1,1.0,False,2,14.8065,60.95,205.01,0.5
2140,2i,150.0,3,7.474,1,1.0,False,2,11.211,22.09,115.24,0.5
2145,2i,150.0,4,8.5383,1,1.0,False,2,7.9527,5.66,28.47,0.5
2150,2i,150.0,3,5.9014,0,0.0,False,2,0.9529,1.0,2.08,0.5
2155,2i,150.0,3,9.3813,1,1.0,False,1,0.0,1.0,1.0,0.5
2160,2i,150.0,3,3.7645,2,1.0,False,1,0.0,1.0,1.0,0.5
2165,2i,150.0,3,0.0789,3,15.25,False,1,0.0,1.0,1.0,0.5
2170,2i,150.0,3,0.0,3,15.04,False,1,0.0,1.0,1.0,0.5
2175,2i,150.0,6,10.0771,3,15.04,False,1,0.0,1.0,1.0,0.5
2180,2i,150.0,6,3.3713,3,15.04,False,2,13.5586,1.0,401.5,0.5
2185,2i,150.0,6,0.0083,6,22.06,False,2,13.2963,1.0,267.17,0.5
2190,2i,150.0,7,3.5192,6,22.04,False,3,14.6915,1.0,473.26,0.5
2195,2i,150.0,7,1.6835,6,22.04,False,3,10.2754,1.0,377.76,0.5
2200,2i,150.0,7,0.0186,7,29.1,False,3,6.4871,1.0,282.05,0.5
2205,2i,150.0,7,0.0,7,29.04,False,3,5.9284,1.0,188.46,0.5
2210,2i,150.0,5,3.8371,1,1.0,False,2,7.608,27.37,111.78,0.5
2215,2i,150.0,4,9.2625,1,1.0,False,2,10.8478,7.92,39.15,0.5
2220,2i,150.0,3,11.2195,1,1.0,False,0,,,,0.5
2225,2i,150.0,2,3.9829,1,1.0,False,0,,,,0.5
2230,2i,150.0,3,8.1363,2,8.0,False,0,,,,0.5
2235,2i,150.0,4,8.8111,2,8.0,False,1,19.3135,434.89,434.89,0.5
2240,2i,150.0,2,9.6928,0,0.0,False,1,19.3271,339.29,339.29,0.5
2245,2i,150.0,1,3.1118,0,0.0,False,1,18.9726,244.01,244.01,0.5
2250,2i,150.0,1,0.0,1,1.0,False,1,16.6055,153.0,153.0,0.5
2255,2i,150.0,2,8.6729,1,1.0,False,3,21.9761,67.9,408.8,0.5
2260,2i,150.0,2,3.456,1,1.0,False,3,18.6397,5.82,287.25,0.5
2265,2i,150.0,2,0.0,2,1.0,False,3,16.0061,1.0,167.17,0.5
2270,2i,150.0,5,10.5102,2,1.0,False,3,11.2237,1.0,60.17,0.5
2275,2i,150.0,5,2.3876,2,1.0,False,3,2.5701,1.0,17.25,0.5
2280,2i,150.0,5,0.0006,5,15.04,False,3,0.001,1.0,15.04,0.5
2285,2i,150.0,6,4.0246,5,15.04,False,3,0.0,1.0,15.04,0.5
2290,2i,150.0,6,2.2434,5,15.04,False,3,0.0,1.0,15.04,0.5
2295,2i,150.0,6,0.0385,5,15.04,False,3,0.0,1.0,15.04,0.5
2300,2i,150.0,4,6.3316,1,1.0,False,2,13.9071,6.84,455.67,0.5
2305,2i,150.0,2,11.6877,1,1.0,False,1,24.8589,334.42,334.42,0.5
2310,2i,150.0,2,7.5122,1,1.0,False,2,25.5322,214.59,428.06,0.5
2315,2i,150.0,2,10.8625,1,1.0,False,2,24.3516,94.92,293.35,0.5
2320,2i,150.0,2,4.5941,1,1.0,False,2,17.9273,21.97,157.17,0.5
2325,2i,150.0,3,5.7864,2,8.03,False,2,8.6796,8.03,44.35,0.5
2330,2i,150.0,3,10.3835,0,0.0,False,2,3.7883,1.0,1.51,0.5
2335,2i,150.0,2,6.404,1,1.0,False,1,0.0,1.0,1.0,0.5
2340,2i,150.0,2,0.0,2,1.0,False,1,0.0,1.0,1.0,0.5
2345,2i,150.0,3,6.0166,2,1.0,False,1,0.0,1.0,1.0,0.5
2350,2i,150.0,3,1.833,2,1.0,False,2,11.8964,1.0,381.86,0.5
2355,2i,150.0,3,0.0007,3,5.0,False,2,12.15,1.0,261.14,0.5
2360,2i,150.0,6,12.1545,3,5.0,False,2,11.7754,1.0,144.03,0.5
2365,2i,150.0,6,7.7254,3,5.0,False,2,8.1403,1.0,39.41,0.5
2370,2i,150.0,6,0.7734,3,5.0,False,2,0.8743,1.0,1.0,0.5
2375,2i,150.0,6,0.0002,6,12.0,False,2,0.0,1.0,1.0,0.5
2380,2i,150.0,7,3.4625,6,12.0,False,2,0.0,1.0,1.0,0.5
2385,2i,150.0,7,1.5775,6,12.0,False,3,8.049,1.0,432.29,0.5
2390,2i,150.0,3,2.2287,1,1.0,False,2,12.0432,1.0,311.21,0.5
2395,2i,150.0,2,8.9121,1,1.0,False,3,16.3222,1.0,432.12,0.5
2400,2i,150.0,2,11.2753,1,1.0,False,3,15.3913,1.0,313.05,0.5
2405,2i,150.0,2,4.6815,1,1.0,False,4,14.359,0.83,409.7,0.5
2410,2i,150.0,2,10.3695,1,1.0,False,3,15.2005,1.0,287.65,0.5
2415,2i,150.0,2,3.4842,1,1.0,False,3,10.485,1.0,166.55,0.5
2420,2i,150.0,2,11.1204,0,0.0,False,2,11.1204,2.83,53.83,0.5
2425,2i,150.0,2,11.3947,0,0.0,False,2,14.3355,2.42,383.22,0.5
2430,2i,150.0,2,1.685,1,1.0,False,2,11.7052,1.0,262.7,0.5
2435,2i,150.0,3,8.0266,2,1.0,False,2,12.0399,1.0,142.22,0.5
2440,2i,150.0,3,4.813,2,1.0,False,4,14.7197,1.0,480.3,0.5
2445,2i,150.0,3,1.0597,2,1.0,False,4,11.6747,1.0,376.72,0.5
2450,2i,150.0,3,0.0004,3,8.0,False,4,10.8563,1.0,280.84,0.5
2455,2i,150.0,5,9.6082,3,8.0,False,4,10.6403,1.0,186.53,0.5
2460,2i,150.0,6,6.6422,3,8.0,False,5,10.25,1.0,431.92,0.5
2465,2i,150.0,6,1.5818,4,8.0,False,5,6.7679,1.0,309.82,0.5
2470,2i,150.0,6,0.7571,5,8.0,False,5,5.7653,1.0,189.49,0.5
2475,2i,150.0,7,2.5896,6,15.08,False,5,3.6254,1.0,80.18,0.5
2480,2i,150.0,3,2.3319,1,1.0,False,3,2.3319,1.0,31.14,0.5
2485,2i,150.0,3,9.7855,1,1.0,False,2,2.5346,1.0,9.58,0.5
2490,2i,150.0,3,13.8747,1,1.0,False,2,13.6366,1.0,375.4,0.5
2495,2i,150.0,2,7.9346,1,1.0,False,2,13.4035,1.0,241.52,0.5
2500,2i,150.0,2,12.375,1,1.0,False,3,16.0835,1.0,383.77,0.5
2505,2i,150.0,2,5.5964,1,1.0,False,4,15.6516,1.0,401.95,0.5
2510,2i,150.0,2,14.0766,0,0.0,False,3,18.183,2.44,266.43,0.5
2515,2i,150.0,2,21.5408,0,0.0,False,2,21.5408,35.72,132.24,0.5
2520,2i,150.0,2,7.9671,0,0.0,False,2,7.9671,1.0,31.27,0.5
2525,2i,150.0,2,0.0268,1,1.0,False,2,0.0268,1.0,1.0,0.5
2530,2i,150.0,3,7.2927,2,1.0,False,2,0.0,1.0,1.0,0.5
2535,2i,150.0,3,3.0018,2,1.0,False,3,6.4048,1.0,434.79,0.5
2540,2i,150.0,3,0.0336,3,8.06,False,3,6.2894,1.0,339.43,0.5
2545,2i,150.0,3,0.0001,3,8.0,False,3,6.3387,1.0,243.69,0.5
2550,2i,150.0,6,9.1861,3,8.0,False,3,6.4751,1.0,147.96,0.5
2555,2i,150.0,6,4.9006,3,8.0,False,4,10.5903,1.0,407.23,0.5
2560,2i,150.0,6,0.6984,5,12.0,False,4,7.125,1.0,285.65,0.5
2565,2i,150.0,6,0.0,6,12.0,False,5,8.765,1.0,473.26,0.5
2570,2i,150.0,3,7.2389,1,1.0,False,3,11.9896,1.0,377.54,0.5
2575,2i,150.0,2,3.7334,1,1.0,False,4,12.5953,0.85,383.82,0.5
2580,2i,150.0,1,0.0,1,1.0,False,3,14.1828,1.0,262.33,0.5
2585,2i,150.0,2,8.84,1,1.0,False,3,12.5503,1.0,154.81,0.5
2590,2i,150.0,3,11.4639,1,1.0,False,3,11.4639,1.0,60.7,0.5
2595,2i,150.0,3,9.1373,1,1.0,False,2,2.9375,1.0,3.9,0.5
2600,2i,150.0,2,3.7685,1,1.0,False,2,12.4224,1.0,383.44,0.5
2605,2i,150.0,3,8.1942,1,1.0,False,2,12.1511,1.0,262.79,0.5
2610,2i,150.0,4,9.0134,2,1.0,False,2,12.4435,1.0,141.39,0.5
2615,2i,150.0,4,4.032,2,1.0,False,2,7.636,1.0,39.36,0.5
2620,2i,150.0,4,0.6473,3,8.0,False,2,1.2944,1.0,1.36,0.5
2625,2i,150.0,5,3.7948,4,8.0,False,2,0.0001,1.0,1.0,0.5
2630,2i,150.0,5,1.1291,4,8.0,False,3,6.4745,1.0,415.77,0.5
2635,2i,150.0,5,0.0,5,15.0,False,3,6.4551,1.0,319.61,0.5
2640,2i,150.0,5,0.0,5,15.0,False,3,6.4008,1.0,223.71,0.5
2645,2i,150.0,8,6.2506,5,15.0,False,3,5.1961,1.0,137.02,0.5
2650,2i,150.0,8,2.3125,5,15.0,False,3,3.7965,1.0,71.76,0.5
2655,2i,150.0,8,0.8612,7,22.0,False,3,2.2965,1.0,28.31,0.5
2660,2i,150.0,5,6.9817,1,1.0,False,2,13.4393,7.22,431.37,0.5
2665,2i,150.0,3,5.6341,2,5.0,False,3,17.0695,5.0,483.3,0.5
2670,2i,150.0,2,0.0,2,5.0,False,3,17.2475,5.0,348.68,0.5
2675,2i,150.0,3,6.5387,2,5.0,False,4,17.7684,5.0,456.49,0.5
2680,2i,150.0,3,7.9022,2,5.0,False,3,15.6859,5.0,336.93,0.5
2685,2i,150.0,3,2.9252,2,5.0,False,4,14.375,5.0,431.89,0.5
2690,2i,150.0,3,7.8503,1,1.0,False,4,12.0104,1.0,310.32,0.5
2695,2i,150.0,2,6.0478,1,1.0,False,3,12.3492,1.0,188.99,0.5
2700,2i,150.0,3,6.6425,2,1.0,False,3,6.6425,1.0,72.69,0.5
2705,2i,150.0,4,7.6566,2,1.0,False,3,2.4258,1.0,11.27,0.5
2710,2i,150.0,4,3.4948,3,5.0,False,3,0.0017,1.0,5.0,0.5
2715,2i,150.0,4,0.0,3,5.0,False,3,0.0,1.0,5.0,0.5
2720,2i,150.0,5,3.4806,4,5.0,False,3,0.0,1.0,5.0,0.5
2725,2i,150.0,5,0.8082,4,5.0,False,5,8.6767,1.0,396.78,0.5
2730,2i,150.0,5,0.0007,5,12.0,False,5,8.7266,1.0,302.03,0.5
2735,2i,150.0,6,4.156,5,12.0,False,5,8.7541,1.0,206.62,0.5
2740,2i,150.0,8,5.4059,5,12.0,False,5,5.6955,1.0,123.9,0.5
2745,2i,150.0,8,2.6162,5,12.0,False,5,2.1159,1.0,63.32,0.5
2750,2i,150.0,4,4.8873,1,1.0,False,3,4.5609,1.0,18.4,0.5
2755,2i,150.0,3,8.2985,1,1.0,False,1,0.0,1.0,1.0,0.5
2760,2i,150.0,3,3.5906,2,8.0,False,2,9.2355,1.0,437.89,0.5
2765,2i,150.0,3,8.7828,2,8.0,False,2,9.5744,1.0,343.77,0.5
2770,2i,150.0,3,5.6813,2,8.0,False,2,9.3255,1.0,249.28,0.5
2775,2i,150.0,2,0.0,2,8.0,False,2,9.1518,1.0,155.98,0.5
2780,2i,150.0,2,10.2108,0,0.0,False,2,21.3026,60.63,407.91,0.5
2785,2i,150.0,2,13.1861,0,0.0,False,3,16.1368,3.46,435.18,0.5
2790,2i,150.0,2,3.9949,1,1.0,False,3,14.5496,1.0,339.98,0.5
2795,2i,150.0,3,5.5703,2,1.02,False,3,11.8677,1.0,244.43,0.5
2800,2i,150.0,3,1.2839,2,1.0,False,4,10.9683,1.0,383.57,0.5
2805,2i,150.0,4,4.3611,3,13.71,False,4,10.1931,1.0,263.99,0.5
2810,2i,150.0,5,6.3347,3,13.71,False,4,7.9183,1.0,142.57,0.5
2815,2i,150.0,5,2.7167,4,13.71,False,6,10.5973,1.0,480.3,0.5
2820,2i,150.0,5,0.3219,4,13.71,False,6,7.7,1.0,380.1,0.5
2825,2i,150.0,5,0.0003,5,20.71,False,6,7.3515,1.0,295.25,0.5
2830,2i,150.0,6,3.8999,5,20.71,False,6,6.7125,1.0,207.83,0.5
2835,2i,150.0,8,5.0353,5,20.71,False,6,4.4003,1.0,124.01,0.5
2840,2i,150.0,5,6.5099,1,1.0,False,3,7.723,11.21,41.99,0.5
2845,2i,150.0,2,2.4404,1,1.0,False,0,,,,0.5
2850,2i,150.0,2,0.3443,1,1.0,False,0,,,,0.5
2855,2i,150.0,3,5.1245,2,8.0,False,0,,,,0.5
2860,2i,150.0,3,3.6245,2,8.0,False,0,,,,0.5
2865,2i,150.0,4,4.0069,3,8.0,False,0,,,,0.5
2870,2i,150.0,4,9.4082,1,1.0,False,0,,,,0.5
2875,2i,150.0,3,2.508,1,1.0,False,1,23.3988,385.78,385.78,0.5
2880,2i,150.0,4,4.6286,3,15.05,False,1,23.7697,269.13,269.13,0.5
2885,2i,150.0,4,1.1525,3,15.04,False,1,23.3002,152.55,152.55,0.5
2890,2i,150.0,5,2.7546,4,15.04,False,1,13.7662,57.51,57.51,0.5
2895,2i,150.0,6,3.1047,4,15.04,False,1,1.3726,22.65,22.65,0.5
2900,2i,150.0,6,0.5426,5,22.04,False,1,0.0,22.04,22.04,0.5
2905,2i,150.0,6,0.0,6,22.04,False,1,0.0,22.04,22.04,0.5
2910,2i,150.0,7,1.8428,6,22.04,False,2,11.8118,22.04,432.48,0.5
2915,2i,150.0,7,1.2,6,22.04,False,2,11.9562,22.04,312.63,0.5
2920,2i,150.0,7,0.5668,6,22.04,False,2,12.3623,22.04,189.64,0.5
2925,2i,150.0,10,5.8872,7,29.05,False,2,10.1122,22.04,73.25,0.5
2930,2i,150.0,8,3.496,2,27.91,False,2,4.1201,13.12,18.63,0.5
2935,2i,150.0,4,1.5508,2,8.0,False,1,0.0066,8.0,8.0,0.5
2940,2i,150.0,4,7.8871,2,8.0,False,2,12.5,8.0,480.3,0.5
2945,2i,150.0,3,5.2271,2,8.0,False,2,11.7445,8.0,360.78,0.5
2950,2i,150.0,2,0.0,2,8.0,False,2,12.2531,8.0,241.47,0.5
2955,2i,150.0,3,7.971,2,8.0,False,3,16.3044,8.0,480.3,0.5
2960,2i,150.0,3,14.5084,0,0.0,False,3,14.4085,2.5,359.06,0.5
2965,2i,150.0,2,7.6677,0,0.0,False,3,14.5547,1.0,473.26,0.5
2970,2i,150.0,3,8.8568,1,1.0,False,3,14.4533,1.0,376.61,0.5
2975,2i,150.0,3,4.4476,2,1.0,False,3,10.9235,1.0,280.43,0.5
2980,2i,150.0,3,0.0,2,1.0,False,3,5.9941,1.0,185.62,0.5
2985,2i,150.0,5,7.6179,3,1.0,False,4,9.5722,1.0,455.85,0.5
2990,2i,150.0,5,4.8777,3,1.0,False,4,8.4785,1.0,336.54,0.5
2995,2i,150.0,5,1.3052,3,1.0,False,4,7.3743,1.0,214.56,0.5
3000,2i,150.0,6,3.6968,4,8.0,False,4,5.545,1.0,97.53,0.5
3005,2i,150.0,6,1.3242,5,8.0,False,6,9.4681,1.0,407.24,0.5
3010,2i,150.0,6,0.0016,6,22.04,False,6,8.1181,1.0,287.92,0.5
3015,2i,150.0,6,0.0,6,22.04,False,6,8.055,1.0,168.62,0.5
3020,2i,150.0,5,10.6476,1,1.0,False,4,9.5114,1.0,58.56,0.5
3025,2i,150.0,3,4.5814,1,1.0,False,2,1.9803,1.0,11.32,0.5
3030,2i,150.0,2,0.0027,2,8.01,False,2,0.0027,1.0,8.01,0.5
3035,2i,150.0,3,8.0203,2,8.0,False,2,0.0,1.0,8.0,0.5
3040,2i,150.0,3,5.5282,2,8.0,False,3,9.2567,1.0,483.3,0.5
3045,2i,150.0,2,0.0,2,8.0,False,3,8.8826,1.0,348.86,0.5
3050,2i,150.0,2,12.8834,0,0.0,False,2,15.0361,3.9,213.76,0.5
3055,2i,150.0,2,16.054,0,0.0,False,1,21.8874,86.05,86.05,0.5
3060,2i,150.0,2,5.0598,0,0.0,False,2,18.1607,13.68,456.88,0.5
3065,2i,150.0,3,8.2664,2,1.0,False,3,17.2542,1.0,480.3,0.5
3070,2i,150.0,3,3.5264,2,1.0,False,3,16.9229,1.0,361.44,0.5
3075,2i,150.0,4,4.9506,3,1.0,False,3,14.453,1.0,239.56,0.5
3080,2i,150.0,5,5.9344,3,1.0,False,4,14.1658,1.0,402.93,0.5
3085,2i,150.0,5,2.504,4,5.03,False,4,9.7938,1.0,268.3,0.5
3090,2i,150.0,6,4.559,4,5.0,False,4,6.8385,1.0,133.55,0.5
3095,2i,150.0,6,2.235,5,8.0,False,4,3.3524,1.0,39.49,0.5
3100,2i,150.0,6,0.4528,5,8.0,False,7,10.9053,1.0,386.16,0.5
3105,2i,150.0,6,0.0,6,9.0,False,7,10.9392,1.0,265.6,0.5
3110,2i,150.0,4,18.0383,1,1.0,False,3,24.0511,109.61,147.37,0.5
3115,2i,150.0,4,10.9508,1,1.0,False,4,15.8108,26.31,474.59,0.5
3120,2i,150.0,2,0.2052,1,1.0,False,2,9.3623,8.39,380.74,0.5
3125,2i,150.0,2,0.0004,2,8.0,False,2,9.5893,8.0,285.86,0.5
3130,2i,150.0,2,0.0,2,8.0,False,3,14.6747,8.0,406.78,0.5
3135,2i,150.0,3,6.1004,2,8.0,False,3,14.2933,8.0,287.02,0.5
3140,2i,150.0,2,8.3977,0,0.0,False,3,13.9009,0.79,165.61,0.5
3145,2i,150.0,2,9.4482,1,1.0,False,2,9.4482,1.0,53.43,0.5
3150,2i,150.0,3,8.6301,1,1.0,False,2,2.1334,1.0,2.27,0.5
3155,2i,150.0,3,2.8184,2,1.0,False,3,7.8836,1.0,407.36,0.5
3160,2i,150.0,4,5.5877,3,13.78,False,3,8.1907,1.0,286.25,0.5
3165,2i,150.0,4,1.7802,3,13.71,False,3,8.1262,1.0,165.48,0.5
3170,2i,150.0,5,3.1404,4,13.71,False,3,5.234,1.0,61.65,0.5
3175,2i,150.0,6,3.9267,4,13.71,False,4,7.0455,1.0,385.19,0.5
3180,2i,150.0,6,0.9463,5,20.71,False,4,5.9173,1.0,265.4,0.5
3185,2i,150.0,7,3.4946,6,20.71,False,4,6.1155,1.0,144.36,0.5
3190,2i,150.0,7,1.8621,6,20.71,False,7,12.5764,1.0,480.3,0.5
3195,2i,150.0,7,0.0631,6,20.71,False,7,10.268,1.0,361.26,0.5
3200,2i,150.0,3,1.6787,1,1.0,False,5,15.3706,14.59,241.42,0.5
3205,2i,150.0,4,17.9618,1,1.0,False,3,23.9491,117.04,122.46,0.5
3210,2i,150.0,4,10.4421,1,1.0,False,4,16.3514,21.89,456.66,0.5
3215,2i,150.0,2,0.1348,1,1.0,False,2,12.0738,8.04,335.39,0.5
3220,2i,150.0,2,0.0,2,8.0,False,2,12.2353,8.0,215.23,0.5
3225,2i,150.0,3,7.8885,2,8.0,False,3,15.7963,8.0,382.87,0.5
3230,2i,150.0,2,7.6482,0,0.0,False,3,13.0464,1.96,261.75,0.5
3235,2i,150.0,2,12.2191,1,1.0,False,2,12.2191,1.0,141.16,0.5
3240,2i,150.0,2,8.002,1,1.0,False,2,8.002,1.0,36.02,0.5
3245,2i,150.0,3,6.2295,1,1.0,False,2,0.502,1.0,1.0,0.5
3250,2i,150.0,3,1.43,2,1.0,False,3,7.8039,1.0,385.83,0.5
3255,2i,150.0,4,4.782,3,8.0,False,3,7.9396,1.0,266.32,0.5
3260,2i,150.0,5,5.8468,3,8.0,False,3,8.1824,1.0,144.32,0.5
3265,2i,150.0,5,2.785,4,8.0,False,3,4.6417,1.0,47.75,0.5
3270,2i,150.0,6,2.8037,4,8.0,False,3,0.3925,1.0,16.18,0.5
3275,2i,150.0,6,1.8589,5,15.0,False,3,0.0004,1.0,15.0,0.5
3280,2i,150.0,7,4.1218,5,15.0,False,3,0.0,1.0,15.0,0.5
3285,2i,150.0,7,1.9838,5,15.0,False,4,4.8315,1.0,453.93,0.5
3290,2i,150.0,3,3.0871,1,1.0,False,2,12.2466,4.77,358.57,0.5
3295,2i,150.0,1,0.0,1,1.0,False,1,19.1473,263.01,263.01,0.5
3300,2i,150.0,2,12.2739,1,1.0,False,1,17.4388,169.57,169.57,0.5
3305,2i,150.0,4,10.2861,1,1.0,False,1,12.9767,95.8,95.8,0.5
3310,2i,150.0,3,8.9383,1,1.0,False,1,8.4767,44.42,44.42,0.5
3315,2i,150.0,2,1.9884,1,1.0,False,2,15.8734,15.54,483.3,0.5
3320,2i,150.0,2,10.3918,0,0.0,False,2,14.5848,4.96,348.13,0.5
3325,2i,150.0,1,4.6385,0,0.0,False,1,26.8591,213.72,213.72,0.5
3330,2i,150.0,2,11.8336,1,1.0,False,2,24.3331,82.66,480.3,0.5
3335,2i,150.0,2,4.3331,1,1.0,False,2,16.3121,9.33,359.81,0.5
3340,2i,150.0,3,5.9587,2,1.0,False,3,16.3437,1.0,480.3,0.5
3345,2i,150.0,4,8.844,2,1.0,False,3,15.7685,1.0,360.16,0.5
3350,2i,150.0,4,4.4581,2,1.0,False,3,12.235,1.0,240.21,0.5
3355,2i,150.0,5,4.6351,3,8.01,False,3,7.7155,1.0,118.7,0.5
3360,2i,150.0,6,5.9353,4,8.0,False,3,3.5823,1.0,37.1,0.5
3365,2i,150.0,6,2.4984,5,20.71,False,3,0.001,1.0,20.71,0.5
3370,2i,150.0,6,0.354,5,20.71,False,3,0.0,1.0,20.71,0.5
3375,2i,150.0,7,2.8257,6,20.71,False,3,0.0,1.0,20.71,0.5
3380,2i,150.0,3,4.2568,1,1.0,False,4,13.149,1.0,409.58,0.5
3385,2i,150.0,1,0.0,1,1.0,False,3,16.0385,1.0,290.31,0.5
3390,2i,150.0,1,0.0,1,1.0,False,3,16.6201,1.0,167.8,0.5
3395,2i,150.0,4,13.5685,1,1.0,False,3,11.636,1.0,59.98,0.5
3400,2i,150.0,3,6.639,1,1.0,False,3,10.752,1.0,375.36,0.5
3405,2i,150.0,3,1.3701,2,8.01,False,3,8.7388,1.0,242.08,0.5
3410,2i,150.0,3,9.5274,1,1.0,False,2,14.2912,1.16,110.97,0.5
3415,2i,150.0,2,5.5377,1,1.0,False,1,11.0754,30.42,30.42,0.5
3420,2i,150.0,2,0.0328,2,13.72,False,1,0.0656,13.72,13.72,0.5
3425,2i,150.0,3,7.9784,2,13.71,False,2,11.9493,13.71,456.4,0.5
3430,2i,150.0,4,8.6235,2,13.71,False,2,12.4284,13.71,334.96,0.5
3435,2i,150.0,4,2.7104,3,13.71,False,2,11.8218,13.71,213.92,0.5
3440,2i,150.0,5,4.9309,4,17.72,False,2,12.3199,13.71,93.6,0.5
3445,2i,150.0,5,2.024,4,17.71,False,2,5.0599,13.36,13.71,0.5
3450,2i,150.0,5,0.0,5,17.71,False,2,0.0,1.0,13.71,0.5
3455,2i,150.0,7,5.6444,5,17.71,False,3,6.1247,1.0,418.58,0.5
3460,2i,150.0,7,2.7294,5,17.71,False,3,6.1018,1.0,325.6,0.5
3465,2i,150.0,7,0.0484,5,17.71,False,3,6.3469,1.0,231.74,0.5
3470,2i,150.0,5,5.6936,1,1.0,False,3,7.7811,0.11,139.58,0.5
3475,2i,150.0,2,6.5012,1,1.0,False,4,15.9558,1.0,383.62,0.5
3480,2i,150.0,2,4.7039,1,1.0,False,4,14.9772,1.0,261.12,0.5
3485,2i,150.0,4,18.696,1,1.0,False,3,17.1139,1.0,139.87,0.5
3490,2i,150.0,4,10.8656,1,1.0,False,4,11.9319,1.0,474.59,0.5
3495,2i,150.0,3,1.2206,1,1.0,False,3,7.0211,1.0,379.77,0.5
3500,2i,150.0,2,2.1989,1,1.0,False,2,9.2169,1.0,286.42,0.5
3505,2i,150.0,1,0.0,1,1.0,False,2,9.1177,1.0,192.96,0.5
3510,2i,150.0,2,8.7647,1,1.0,False,2,8.7647,1.0,101.83,0.5
3515,2i,150.0,2,6.6011,1,1.0,False,2,6.6011,1.0,23.81,0.5
3520,2i,150.0,3,5.7495,1,1.0,False,2,0.0,1.0,1.0,0.5
3525,2i,150.0,4,6.5177,2,1.0,False,2,0.0,1.0,1.0,0.5
3530,2i,150.0,4,2.2222,3,8.0,False,3,8.1482,1.0,407.58,0.5
3535,2i,150.0,5,3.8816,4,13.76,False,4,10.8596,1.0,455.23,0.5
3540,2i,150.0,5,3.7763,4,13.71,False,4,10.9635,1.0,361.64,0.5
3545,2i,150.0,6,3.4319,4,13.71,False,4,8.7285,1.0,267.91,0.5
3550,2i,150.0,6,0.4695,5,13.71,False,4,5.3296,1.0,174.0,0.5
3555,2i,150.0,7,2.1587,6,20.71,False,4,3.7778,1.0,86.47,0.5
3560,2i,150.0,4,9.7622,1,1.0,False,2,7.3223,11.81,28.97,0.5
3565,2i,150.0,2,8.7197,1,1.0,False,2,22.22,473.26,480.3,0.5
3570,2i,150.0,1,0.0,1,1.0,False,2,22.1679,359.73,377.75,0.5
3575,2i,150.0,1,0.0,1,1.0,False,2,21.6502,238.27,282.56,0.5
3580,2i,150.0,2,11.8033,1,1.0,False,2,21.301,118.23,186.67,0.5
3585,2i,150.0,4,11.3989,1,1.0,False,3,18.4401,36.32,456.36,0.5
3590,2i,150.0,3,9.2805,0,0.0,False,3,13.5128,12.72,322.23,0.5
3595,2i,150.0,2,0.7865,1,1.0,False,2,13.8807,1.0,187.38,0.5
3600,2i,150.0,3,6.2509,2,1.0,False,2,9.3764,1.0,68.76,0.5
0,3i,150.0,0,0.0,0,0.0,False,0,,,,0.5
5,3i,150.0,0,0.0,0,0.0,False,1,25.1479,383.31,383.31,0.5
10,3i,150.0,0,0.0,0,0.0,False,1,24.6478,256.45,256.45,0.5
15,3i,150.0,2,24.0481,0,0.0,False,1,24.7508,130.75,130.75,0.5
20,3i,150.0,3,17.0033,0,0.0,False,1,14.7941,30.18,30.18,0.5
25,3i,150.0,2,7.7797,0,0.0,False,1,0.0,1.0,1.0,0.5
30,3i,150.0,1,0.0,1,1.0,False,1,0.0,1.0,1.0,0.5
35,3i,150.0,1,23.5281,0,0.0,False,1,27.6056,428.55,428.55,0.5
40,3i,150.0,1,8.8088,0,0.0,False,1,27.0625,293.2,293.2,0.5
45,3i,150.0,1,0.0,1,1.0,False,1,26.7402,158.66,158.66,0.5
50,3i,150.0,2,8.7563,1,1.0,False,1,17.5126,43.56,43.56,0.5
55,3i,150.0,3,7.4021,1,1.0,False,1,2.5126,1.0,1.0,0.5
60,3i,150.0,3,2.0513,2,1.0,False,1,0.0,1.0,1.0,0.5
65,3i,150.0,4,5.4408,3,5.0,False,2,9.5844,1.0,454.09,0.5
70,3i,150.0,4,1.8502,3,5.0,False,2,9.5597,1.0,357.96,0.5
75,3i,150.0,5,4.0645,4,5.0,False,2,9.519,1.0,262.8,0.5
80,3i,150.0,5,1.3644,4,5.0,False,3,13.8065,1.0,408.58,0.5
85,3i,150.0,6,2.2032,5,9.01,False,3,12.5644,1.0,287.98,0.5
90,3i,150.0,6,1.4493,5,9.0,False,3,10.8414,1.0,166.24,0.5
95,3i,150.0,4,7.3755,1,1.0,False,3,17.6597,5.89,483.3,0.5
100,3i,150.0,2,4.8575,1,1.0,False,2,17.9941,0.88,354.81,0.5
105,3i,150.0,1,0.0,1,1.0,False,1,26.2239,218.68,218.68,0.5
110,3i,150.0,4,17.9176,1,1.0,False,1,22.8707,90.17,90.17,0.5
115,3i,150.0,4,11.6063,1,1.0,False,2,18.9062,3.12,454.21,0.5
120,3i,150.0,2,0.089,1,1.0,False,1,18.8778,358.76,358.76,0.5
125,3i,150.0,1,3.3802,0,0.0,False,1,19.2471,262.9,262.9,0.5
130,3i,150.0,0,0.0,0,0.0,False,1,19.1579,167.32,167.32,0.5
135,3i,150.0,1,19.0585,0,0.0,False,1,19.0585,71.88,71.88,0.5
140,3i,150.0,1,7.162,0,0.0,False,1,7.162,6.32,6.32,0.5
145,3i,150.0,2,9.1925,1,1.0,False,1,0.0,1.0,1.0,0.5
150,3i,150.0,3,7.9841,1,1.0,False,1,0.0,1.0,1.0,0.5
155,3i,150.0,4,8.2103,2,1.0,False,1,0.0,1.0,1.0,0.5
160,3i,150.0,4,3.6796,3,15.05,False,1,0.0,1.0,1.0,0.5
165,3i,150.0,4,0.0,3,15.04,False,1,0.0,1.0,1.0,0.5
170,3i,150.0,5,3.2712,4,15.04,False,1,0.0,1.0,1.0,0.5
175,3i,150.0,6,3.8901,4,15.04,False,1,0.0,1.0,1.0,0.5
180,3i,150.0,6,1.0994,5,22.04,False,1,0.0,1.0,1.0,0.5
185,3i,150.0,4,7.5075,1,1.0,False,0,,,,0.5
190,3i,150.0,2,6.4134,1,1.0,False,1,24.3931,455.91,455.91,0.5
195,3i,150.0,1,0.0,1,1.0,False,1,24.3134,333.91,333.91,0.5
200,3i,150.0,1,0.0,1,1.0,False,1,23.4838,212.97,212.97,0.5
205,3i,150.0,2,12.2249,1,1.0,False,1,24.4499,92.26,92.26,0.5
210,3i,150.0,4,9.6206,1,1.0,False,1,9.9599,12.88,12.88,0.5
215,3i,150.0,3,7.4107,1,1.0,False,1,0.0,1.0,1.0,0.5
220,3i,150.0,3,1.8756,1,1.0,False,1,0.0,1.0,1.0,0.5
225,3i,150.0,4,5.0329,3,1.0,False,1,0.0,1.0,1.0,0.5
230,3i,150.0,4,1.6006,3,1.0,False,1,0.0,1.0,1.0,0.5
235,3i,150.0,5,4.9699,4,8.0,False,1,0.0,1.0,1.0,0.5
240,3i,150.0,5,2.3488,4,8.0,False,1,0.0,1.0,1.0,0.5
245,3i,150.0,6,3.2029,4,8.0,False,1,0.0,1.0,1.0,0.5
250,3i,150.0,7,5.2215,5,8.0,False,1,0.0,1.0,1.0,0.5
255,3i,150.0,7,2.6987,5,8.0,False,1,0.0,1.0,1.0,0.5
260,3i,150.0,7,0.1726,6,15.01,False,1,0.0,1.0,1.0,0.5
265,3i,150.0,9,4.6523,7,15.04,False,2,11.9629,1.0,456.37,0.5
270,3i,150.0,9,2.3,7,15.04,False,2,12.1177,1.0,335.51,0.5
275,3i,150.0,5,2.499,2,15.04,False,1,24.3006,214.49,214.49,0.5
280,3i,150.0,3,7.6763,2,15.04,False,1,23.029,94.48,94.48,0.5
285,3i,150.0,3,3.885,2,15.04,False,4,21.5501,11.37,432.92,0.5
290,3i,150.0,2,0.0,2,15.04,False,3,25.3065,296.06,313.04,0.5
295,3i,150.0,2,0.0,2,15.04,False,3,24.725,161.9,192.78,0.5
300,3i,150.0,5,10.4614,2,15.04,False,3,17.4356,56.97,81.0,0.5
305,3i,150.0,4,5.1768,0,0.0,False,3,6.4489,2.85,27.69,0.5
310,3i,150.0,4,0.578,2,1.02,False,3,0.6856,1.0,9.12,0.5
315,3i,150.0,4,0.0013,4,8.0,False,4,6.1803,1.0,455.58,0.5
320,3i,150.0,5,3.1333,4,8.0,False,4,6.1805,1.0,334.78,0.5
325,3i,150.0,5,2.2358,4,8.0,False,4,6.0343,1.0,211.86,0.5
330,3i,150.0,6,4.8469,4,8.0,False,5,9.4794,1.0,480.3,0.5
335,3i,150.0,7,5.0555,4,8.0,False,5,6.8812,1.0,360.48,0.5
340,3i,150.0,7,1.5438,6,8.0,False,6,7.899,1.0,457.02,0.5
345,3i,150.0,8,3.1389,6,8.0,False,6,8.169,1.0,336.2,0.5
350,3i,150.0,8,1.4053,7,22.04,False,6,5.8623,1.0,213.67,0.5
355,3i,150.0,9,2.3547,8,22.04,False,6,3.5321,1.0,99.38,0.5
360,3i,150.0,9,0.789,8,22.04,False,6,1.1835,1.0,35.88,0.5
365,3i,150.0,6,2.9317,3,15.0,False,3,0.358,8.0,27.13,0.5
370,3i,150.0,5,4.6322,3,15.0,False,3,1.9249,7.55,15.0,0.5
375,3i,150.0,3,0.0,3,15.0,False,2,0.0,8.0,15.0,0.5
380,3i,150.0,4,3.4016,3,15.0,False,2,0.0,8.0,15.0,0.5
385,3i,150.0,4,2.315,3,15.0,False,2,0.0,8.0,15.0,0.5
390,3i,150.0,6,8.5174,4,15.0,False,2,0.0,8.0,15.0,0.5
395,3i,150.0,6,8.3867,1,1.0,False,2,3.2467,1.29,13.17,0.5
400,3i,150.0,4,4.924,1,1.0,False,0,,,,0.5
405,3i,150.0,4,1.5858,3,1.0,False,0,,,,0.5
410,3i,150.0,4,0.4608,3,1.0,False,1,18.7863,436.64,436.64,0.5
415,3i,150.0,5,2.573,4,15.04,False,1,19.3113,341.8,341.8,0.5
420,3i,150.0,5,1.673,4,15.04,False,1,18.922,248.12,248.12,0.5
425,3i,150.0,5,0.773,4,15.04,False,1,18.7394,154.88,154.88,0.5
430,3i,150.0,7,4.7184,5,29.15,False,1,14.4728,69.85,69.85,0.5
435,3i,150.0,7,2.0119,5,29.08,False,2,15.5648,19.65,432.33,0.5
440,3i,150.0,8,2.7456,6,43.14,False,3,16.8357,5.08,455.57,0.5
445,3i,150.0,8,0.9127,7,43.12,False,3,15.9788,5.0,335.03,0.5
450,3i,150.0,9,1.7468,8,43.12,False,3,13.1672,5.0,216.1,0.5
455,3i,150.0,7,4.4599,2,5.0,False,2,12.617,51.61,95.75,0.5
460,3i,150.0,6,4.9537,2,5.0,False,2,9.6704,10.65,38.58,0.5
465,3i,150.0,3,2.0067,2,5.0,False,1,6.02,11.55,11.55,0.5
470,3i,150.0,3,6.5741,2,5.0,False,1,25.0,480.3,480.3,0.5
475,3i,150.0,2,0.0,2,5.0,False,1,24.2752,359.75,359.75,0.5
480,3i,150.0,2,0.0,2,5.0,False,1,24.8084,238.27,238.27,0.5
485,3i,150.0,2,23.5529,0,0.0,False,1,24.7076,116.02,116.02,0.5
490,3i,150.0,3,13.806,0,0.0,False,1,12.8355,26.18,26.18,0.5
495,3i,150.0,3,3.8531,1,1.0,False,1,0.0,1.0,1.0,0.5
500,3i,150.0,3,0.0,3,1.0,False,1,0.0,1.0,1.0,0.5
505,3i,150.0,4,5.8308,3,1.0,False,1,0.0,1.0,1.0,0.5
510,3i,150.0,4,2.4303,3,1.0,False,1,0.0,1.0,1.0,0.5
515,3i,150.0,4,0.0068,4,8.01,False,1,0.0,1.0,1.0,0.5
520,3i,150.0,5,3.4595,4,8.0,False,2,13.0749,1.0,403.75,0.5
525,3i,150.0,6,4.0531,4,8.0,False,2,13.139,1.0,268.39,0.5
530,3i,150.0,7,4.718,5,8.0,False,3,18.3288,1.0,401.16,0.5
535,3i,150.0,7,1.9472,6,15.0,False,3,13.6222,1.0,267.32,0.5
540,3i,150.0,8,3.1315,6,15.0,False,3,8.3506,1.0,135.82,0.5
545,3i,150.0,4,4.55,2,13.71,False,2,6.5502,13.71,47.76,0.5
550,3i,150.0,2,0.0,2,13.71,False,1,0.0,13.71,13.71,0.5
555,3i,150.0,3,5.7006,2,13.71,False,1,0.0,13.71,13.71,0.5
560,3i,150.0,2,0.0,2,13.71,False,1,0.0,13.71,13.71,0.5
565,3i,150.0,3,6.217,2,13.71,False,3,14.6492,13.71,455.33,0.5
570,3i,150.0,3,3.8924,2,13.71,False,3,14.5419,13.71,358.97,0.5
575,3i,150.0,2,1.9481,1,1.0,False,3,15.8866,8.47,263.13,0.5
580,3i,150.0,3,14.3301,1,1.0,False,2,20.4124,93.25,168.04,0.5
585,3i,150.0,4,8.4064,1,1.0,False,3,15.6707,24.92,434.97,0.5
590,3i,150.0,4,1.9128,3,13.72,False,3,8.9355,6.4,339.33,0.5
595,3i,150.0,4,0.0,4,13.71,False,3,6.4282,1.0,242.98,0.5
600,3i,150.0,4,0.0,4,13.71,False,3,5.2676,1.0,155.51,0.5
605,3i,150.0,5,2.2987,4,13.71,False,3,3.8312,1.0,89.52,0.5
610,3i,150.0,6,5.0682,4,13.71,False,3,2.3431,1.0,45.52,0.5
615,3i,150.0,6,2.5422,4,13.71,False,3,0.871,1.0,23.54,0.5
620,3i,150.0,7,2.1529,5,20.71,False,4,6.2629,1.0,480.3,0.5
625,3i,150.0,8,3.0944,6,20.71,False,4,6.1521,1.0,359.95,0.5
630,3i,150.0,8,1.3197,7,34.75,False,4,6.1764,1.0,238.94,0.5
635,3i,150.0,5,5.1266,2,15.05,False,3,8.1017,1.0,121.51,0.5
640,3i,150.0,4,4.2526,2,15.04,False,2,5.683,1.0,47.62,0.5
645,3i,150.0,3,5.5582,2,15.04,False,1,0.0,1.0,1.0,0.5
650,3i,150.0,2,0.0,2,15.04,False,1,0.0,1.0,1.0,0.5
655,3i,150.0,3,7.1488,2,15.04,False,1,0.0,1.0,1.0,0.5
660,3i,150.0,2,0.0,2,15.04,False,2,11.9925,1.0,432.95,0.5
665,3i,150.0,1,1.8209,0,0.0,False,1,24.3243,314.38,314.38,0.5
670,3i,150.0,0,0.0,0,0.0,False,1,24.8337,194.88,194.88,0.5
675,3i,150.0,3,20.5053,0,0.0,False,1,21.7983,77.25,77.25,0.5
680,3i,150.0,3,6.2859,0,0.0,False,2,15.9183,7.82,406.94,0.5
685,3i,150.0,3,0.0,3,1.0,False,2,12.3664,1.0,285.79,0.5
690,3i,150.0,3,0.0,3,1.0,False,2,12.2683,1.0,165.61,0.5
695,3i,150.0,4,4.3399,3,1.0,False,3,14.1199,1.0,480.3,0.5
700,3i,150.0,4,0.9886,3,1.0,False,3,9.2453,1.0,361.83,0.5
705,3i,150.0,5,3.9317,4,8.0,False,4,12.1775,1.0,480.3,0.5
710,3i,150.0,6,4.9169,4,8.0,False,4,11.8153,1.0,361.43,0.5
715,3i,150.0,6,1.9428,5,8.01,False,4,9.1383,1.0,240.02,0.5
720,3i,150.0,7,3.5827,5,8.0,False,5,10.0158,1.0,480.3,0.5
725,3i,150.0,3,5.8796,1,1.0,False,3,13.8261,5.71,361.33,0.5
730,3i,150.0,3,8.1697,1,1.0,False,2,11.93,5.08,241.36,0.5
735,3i,150.0,4,8.8041,2,5.0,False,2,11.779,5.0,122.49,0.5
740,3i,150.0,3,5.7107,2,5.0,False,2,8.5661,5.0,28.25,0.5
745,3i,150.0,2,0.0,2,5.0,False,1,0.0,5.0,5.0,0.5
750,3i,150.0,3,7.2229,2,5.0,False,1,0.0,5.0,5.0,0.5
755,3i,150.0,2,4.9453,0,0.0,False,2,13.2965,0.14,408.94,0.5
760,3i,150.0,1,0.0,1,1.0,False,1,24.78,289.35,289.35,0.5
765,3i,150.0,1,0.0,1,1.0,False,1,24.2365,167.51,167.51,0.5
770,3i,150.0,4,13.9785,1,1.0,False,2,22.0998,53.38,480.3,0.5
775,3i,150.0,4,3.0532,1,1.0,False,2,13.9299,2.23,359.89,0.5
780,3i,150.0,4,0.0024,4,8.0,False,2,12.2591,1.0,239.48,0.5
785,3i,150.0,5,4.9164,4,8.0,False,2,12.2911,1.0,118.74,0.5
790,3i,150.0,5,2.318,4,8.0,False,3,12.1387,1.0,455.47,0.5
795,3i,150.0,5,0.0054,4,8.0,False,3,8.1954,1.0,333.45,0.5
800,3i,150.0,6,3.3071,5,15.0,False,4,10.6273,1.0,456.09,0.5
805,3i,150.0,7,4.0304,5,15.0,False,4,9.7834,1.0,362.58,0.5
810,3i,150.0,7,1.1577,6,15.0,False,4,6.6112,1.0,268.6,0.5
815,3i,150.0,3,2.8933,1,1.0,False,5,10.8741,1.0,456.48,0.5
820,3i,150.0,2,7.9467,1,1.0,False,3,14.4092,1.0,322.04,0.5
825,3i,150.0,3,9.1656,1,1.0,False,3,12.0447,1.0,186.65,0.5
830,3i,150.0,3,6.4473,1,1.0,False,4,11.3643,1.0,404.26,0.5
835,3i,150.0,2,0.0004,2,8.0,False,3,8.984,1.0,270.27,0.5
840,3i,150.0,3,9.1355,2,8.0,False,3,9.1355,1.0,134.75,0.5
845,3i,150.0,2,9.0755,0,0.0,False,3,12.5303,3.17,474.59,0.5
850,3i,150.0,1,0.792,0,0.0,False,2,9.7025,1.0,381.31,0.5
855,3i,150.0,1,0.0,1,1.0,False,2,9.5141,1.0,286.24,0.5
860,3i,150.0,3,15.6413,1,1.0,False,2,9.2516,1.0,192.52,0.5
865,3i,150.0,4,10.4641,1,1.0,False,3,14.2392,1.0,455.97,0.5
870,3i,150.0,4,2.8695,2,5.03,False,3,11.9674,1.0,336.13,0.5
875,3i,150.0,4,0.0001,4,5.0,False,3,8.2546,1.0,213.52,0.5
880,3i,150.0,5,4.2839,4,5.0,False,3,7.1398,1.0,94.94,0.5
885,3i,150.0,5,1.7592,4,5.0,False,3,2.932,1.0,23.95,0.5
890,3i,150.0,5,0.0712,4,5.0,False,3,0.1186,1.0,9.07,0.5
895,3i,150.0,6,2.6011,5,9.0,False,3,0.0,1.0,9.0,0.5
900,3i,150.0,7,4.2313,5,9.0,False,3,0.0,1.0,9.0,0.5
905,3i,150.0,3,6.9457,1,1.0,False,2,9.4983,1.0,417.85,0.5
910,3i,150.0,2,8.1147,1,1.0,False,3,14.1562,1.0,433.06,0.5
915,3i,150.0,2,2.1639,1,1.0,False,3,14.4887,1.0,311.77,0.5
920,3i,150.0,3,6.2988,2,13.71,False,3,14.0596,1.0,193.74,0.5
925,3i,150.0,4,8.6922,2,13.71,False,3,11.5896,1.0,78.2,0.5
930,3i,150.0,4,3.0613,2,13.71,False,3,4.0817,1.0,10.49,0.5
935,3i,150.0,4,6.9308,2,1.04,False,2,0.0182,1.0,1.04,0.5
940,3i,150.0,3,3.7107,2,1.0,False,5,15.4816,1.0,456.97,0.5
945,3i,150.0,3,0.0315,3,13.74,False,5,14.5032,1.0,341.04,0.5
950,3i,150.0,3,0.0001,3,13.71,False,5,14.6847,1.0,231.3,0.5
955,3i,150.0,6,10.9644,3,13.71,False,5,13.1572,1.0,116.98,0.5
960,3i,150.0,6,4.4807,3,13.71,False,6,8.4594,1.0,431.73,0.5
965,3i,150.0,6,0.0658,6,20.78,False,6,4.1947,1.0,309.11,0.5
970,3i,150.0,6,0.0,6,20.71,False,7,7.4718,1.0,483.3,0.5
975,3i,150.0,7,2.5705,6,20.71,False,7,6.4366,1.0,347.66,0.5
980,3i,150.0,7,0.6813,6,20.71,False,8,7.3652,1.0,401.99,0.5
985,3i,150.0,8,2.5645,7,24.71,False,8,6.0268,1.0,265.87,0.5
990,3i,150.0,9,3.674,7,24.71,False,8,4.1332,1.0,132.25,0.5
995,3i,150.0,5,4.8946,1,1.0,False,5,4.8946,1.0,49.19,0.5
1000,3i,150.0,3,10.913,1,1.0,False,2,4.3166,1.0,8.4,0.5
1005,3i,150.0,2,7.7894,1,1.0,False,2,12.2166,1.0,408.14,0.5
1010,3i,150.0,3,8.6526,1,1.0,False,2,12.3804,1.0,286.52,0.5
1015,3i,150.0,3,5.8968,2,5.0,False,2,12.1887,1.0,166.69,0.5
1020,3i,150.0,3,5.7933,2,5.0,False,2,8.6899,1.0,57.48,0.5
1025,3i,150.0,1,5.4451,0,0.0,False,1,5.4451,3.45,3.45,0.5
1030,3i,150.0,2,11.6861,1,1.0,False,1,0.0,1.0,1.0,0.5
1035,3i,150.0,2,5.4119,1,1.0,False,3,17.0784,1.0,431.95,0.5
1040,3i,150.0,2,0.1082,2,1.01,False,3,17.0778,1.0,311.5,0.5
1045,3i,150.0,2,0.0,2,1.0,False,3,16.6825,1.0,196.16,0.5
1050,3i,150.0,5,11.8286,2,1.0,False,3,13.0727,1.0,81.07,0.5
1055,3i,150.0,5,3.5373,2,1.0,False,4,7.4352,1.0,415.79,0.5
1060,3i,150.0,5,0.002,5,8.0,False,4,4.7313,1.0,319.94,0.5
1065,3i,150.0,5,0.0,5,8.0,False,4,4.763,1.0,224.74,0.5
1070,3i,150.0,6,2.5578,5,8.0,False,4,3.8368,1.0,139.0,0.5
1075,3i,150.0,6,1.8078,5,8.0,False,5,6.97,1.0,385.81,0.5
1080,3i,150.0,6,1.0578,5,8.0,False,6,9.8105,1.0,483.3,0.5
1085,3i,150.0,4,10.8971,1,1.0,False,4,13.7169,1.0,349.45,0.5
1090,3i,150.0,3,11.7188,1,1.0,False,4,17.501,1.0,455.76,0.5
1095,3i,150.0,2,11.1169,1,1.0,False,3,15.6172,1.0,333.1,0.5
1100,3i,150.0,2,4.6163,1,1.0,False,4,14.3822,1.0,383.15,0.5
1105,3i,150.0,3,8.0104,2,5.0,False,4,11.9451,1.0,264.14,0.5
1110,3i,150.0,4,8.5816,2,5.0,False,5,11.6826,1.0,431.4,0.5
1115,3i,150.0,2,7.4905,1,1.0,False,3,12.8196,1.0,311.38,0.5
1120,3i,150.0,2,1.068,1,1.0,False,3,8.8213,1.0,190.64,0.5
1125,3i,150.0,3,6.7628,2,1.0,False,3,6.7628,1.0,75.12,0.5
1130,3i,150.0,3,2.2293,2,1.0,False,4,6.4813,1.0,415.72,0.5
1135,3i,150.0,3,0.0266,3,8.02,False,4,4.7751,1.0,319.72,0.5
1140,3i,150.0,4,6.5343,3,8.0,False,4,4.8468,1.0,223.59,0.5
1145,3i,150.0,6,8.4738,3,8.0,False,4,4.8112,1.0,127.87,0.5
1150,3i,150.0,6,3.469,3,8.0,False,4,3.9715,1.0,35.43,0.5
1155,3i,150.0,6,0.1479,5,15.0,False,4,0.2215,1.0,8.0,0.5
1160,3i,150.0,7,3.5146,6,15.0,False,5,4.658,1.0,433.73,0.5
1165,3i,150.0,7,1.8994,6,15.0,False,6,8.0227,1.0,455.74,0.5
1170,3i,150.0,7,0.0271,6,15.0,False,6,8.1737,1.0,334.61,0.5
1175,3i,150.0,4,6.9832,1,1.0,False,3,14.8757,1.0,212.85,0.5
1180,3i,150.0,2,12.1952,1,1.0,False,2,12.1952,1.0,92.57,0.5
1185,3i,150.0,2,5.8056,1,1.0,False,2,5.8056,1.0,10.51,0.5
1190,3i,150.0,1,0.0,1,1.0,False,2,13.178,1.0,456.94,0.5
1195,3i,150.0,2,7.2969,1,1.0,False,2,13.2693,1.0,323.7,0.5
1200,3i,150.0,3,9.9817,1,1.0,False,2,13.5569,1.0,189.57,0.5
1205,3i,150.0,3,9.2071,0,0.0,False,1,17.8046,76.71,76.71,0.5
1210,3i,150.0,3,2.9348,1,1.0,False,1,8.7964,10.21,10.21,0.5
1215,3i,150.0,4,6.6774,3,1.0,False,1,0.0,1.0,1.0,0.5
1220,3i,150.0,4,3.3905,3,1.0,False,1,0.0,1.0,1.0,0.5
1225,3i,150.0,4,0.0606,3,1.0,False,3,15.9628,1.0,384.43,0.5
1230,3i,150.0,4,0.0006,4,8.0,False,3,16.0024,1.0,263.64,0.5
1235,3i,150.0,7,10.0643,4,8.0,False,3,15.7293,1.0,143.06,0.5
1240,3i,150.0,7,6.3588,4,8.0,False,4,12.0332,1.0,455.45,0.5
1245,3i,150.0,7,0.6442,4,8.0,False,4,5.1128,1.0,361.08,0.5
1250,3i,150.0,7,0.0009,7,13.71,False,4,4.8069,1.0,266.79,0.5
1255,3i,150.0,7,0.0,7,13.71,False,4,4.6029,1.0,173.29,0.5
1260,3i,150.0,8,1.8025,7,13.71,False,4,3.605,1.0,88.28,0.5
1265,3i,150.0,4,3.7821,2,13.71,False,3,5.0428,0.67,34.93,0.5
1270,3i,150.0,3,5.6911,2,13.71,False,1,0.0,13.71,13.71,0.5
1275,3i,150.0,4,8.879,2,13.71,False,1,0.0,13.71,13.71,0.5
1280,3i,150.0,3,4.4231,2,13.71,False,1,0.0,13.71,13.71,0.5
1285,3i,150.0,3,5.3965,2,13.71,False,1,0.0,13.71,13.71,0.5
1290,3i,150.0,3,0.7601,2,13.71,False,1,0.0,13.71,13.71,0.5
1295,3i,150.0,3,7.4075,0,0.0,False,1,2.2711,9.88,9.88,0.5
1300,3i,150.0,3,7.5779,0,0.0,False,0,,,,0.5
1305,3i,150.0,3,1.7019,2,1.0,False,0,,,,0.5
1310,3i,150.0,4,6.1265,3,1.0,False,0,,,,0.5
1315,3i,150.0,4,3.5479,3,1.0,False,2,22.3753,455.92,457.22,0.5
1320,3i,150.0,4,0.4612,3,1.0,False,2,23.2189,322.19,360.43,0.5
1325,3i,150.0,4,0.0,4,8.0,False,2,22.3813,188.27,267.2,0.5
1330,3i,150.0,6,6.4511,4,8.0,False,2,18.3734,70.32,172.99,0.5
1335,3i,150.0,7,4.0096,4,8.0,False,2,10.4344,17.71,84.61,0.5
1340,3i,150.0,7,1.1922,6,15.01,False,2,4.1717,15.01,27.92,0.5
1345,3i,150.0,7,0.2155,6,15.0,False,2,0.7542,7.3,15.0,0.5
1350,3i,150.0,8,2.3342,7,15.0,False,2,0.0005,7.1,15.0,0.5
1355,3i,150.0,4,3.0891,2,7.1,False,3,8.2309,4.39,415.9,0.5
1360,3i,150.0,3,7.9333,2,7.1,False,2,9.5587,7.1,320.13,0.5
1365,3i,150.0,3,5.3479,2,7.1,False,2,9.6639,7.1,223.92,0.5
1370,3i,150.0,3,5.8658,2,7.1,False,2,8.7987,7.1,130.05,0.5
1375,3i,150.0,4,9.4924,2,7.1,False,3,10.9568,7.1,398.02,0.5
1380,3i,150.0,4,4.5434,2,7.1,False,4,12.1413,2.8,407.14,0.5
1385,3i,150.0,3,1.7099,1,1.0,False,4,11.6254,1.0,288.7,0.5
1390,3i,150.0,3,6.1563,1,1.0,False,4,16.9443,1.0,455.35,0.5
1395,3i,150.0,4,7.0728,2,1.0,False,4,13.1861,1.0,333.27,0.5
1400,3i,150.0,4,2.1744,2,1.0,False,4,8.1886,1.0,212.24,0.5
1405,3i,150.0,5,4.1733,4,15.04,False,4,5.2167,1.0,95.9,0.5
1410,3i,150.0,5,1.3841,4,15.04,False,7,11.212,1.0,433.15,0.5
1415,3i,150.0,5,0.0004,5,27.75,False,7,10.3848,1.0,313.66,0.5
1420,3i,150.0,5,0.0,5,27.75,False,7,10.4877,1.0,195.39,0.5
1425,3i,150.0,8,7.334,5,27.75,False,7,8.3817,1.0,81.27,0.5
1430,3i,150.0,8,2.1936,5,27.75,False,8,5.1399,1.0,407.58,0.5
1435,3i,150.0,8,0.0035,8,34.75,False,8,3.0737,1.0,285.84,0.5
1440,3i,150.0,8,0.0,8,34.75,False,9,5.2721,1.0,456.17,0.5
1445,3i,150.0,6,3.35,2,8.0,False,6,7.4046,7.16,335.65,0.5
1450,3i,150.0,4,3.135,2,8.0,False,4,8.953,8.0,216.8,0.5
1455,3i,150.0,3,7.6322,2,8.0,False,2,11.4483,8.0,97.38,0.5
1460,3i,150.0,4,11.2824,2,8.0,False,2,9.775,8.0,9.33,0.5
1465,3i,150.0,3,4.5436,2,8.0,False,1,0.0,8.0,8.0,0.5
1470,3i,150.0,3,8.251,2,8.0,False,1,0.0,8.0,8.0,0.5
1475,3i,150.0,2,8.0741,0,0.0,False,2,15.7539,1.46,376.74,0.5
1480,3i,150.0,1,24.5806,0,0.0,False,1,27.0981,242.88,242.88,0.5
1485,3i,150.0,2,18.4575,0,0.0,False,1,26.2699,110.03,110.03,0.5
1490,3i,150.0,2,6.1349,1,1.0,False,1,12.2699,20.68,20.68,0.5
1495,3i,150.0,2,0.0,2,1.0,False,1,0.0,1.0,1.0,0.5
1500,3i,150.0,3,6.8025,2,1.0,False,1,0.0,1.0,1.0,0.5
1505,3i,150.0,3,2.2339,2,1.0,False,3,17.0865,1.0,406.75,0.5
1510,3i,150.0,3,0.0271,3,8.0,False,3,16.6111,1.0,286.9,0.5
1515,3i,150.0,5,10.4623,3,8.0,False,3,16.9748,1.0,167.09,0.5
1520,3i,150.0,6,7.6359,3,8.0,False,3,10.6872,1.0,57.56,0.5
1525,3i,150.0,6,0.9858,3,8.0,False,4,7.3125,1.0,384.87,0.5
1530,3i,150.0,6,0.0031,6,15.0,False,4,6.2311,1.0,261.6,0.5
1535,3i,150.0,3,9.6165,1,1.0,False,3,16.5367,1.0,429.87,0.5
1540,3i,150.0,2,8.7037,1,1.0,False,4,17.1486,1.0,456.28,0.5
1545,3i,150.0,1,0.0,1,1.0,False,3,16.849,1.0,335.06,0.5
1550,3i,150.0,2,8.5333,1,1.0,False,4,16.108,1.0,456.93,0.5
1555,3i,150.0,2,12.4913,1,1.0,False,3,16.2073,1.0,335.93,0.5
1560,3i,150.0,2,5.0267,1,1.0,False,3,11.108,1.0,215.01,0.5
1565,3i,150.0,2,11.9895,1,1.0,False,3,15.9583,1.0,456.4,0.5
1570,3i,150.0,2,6.1556,1,1.0,False,3,11.9909,1.0,336.5,0.5
1575,3i,150.0,2,9.8959,1,1.0,False,2,11.8737,1.0,215.83,0.5
1580,3i,150.0,3,10.2288,1,1.0,False,2,11.7274,1.0,96.27,0.5
1585,3i,150.0,3,3.5623,2,8.01,False,2,5.3407,1.0,15.88,0.5
1590,3i,150.0,4,6.6463,3,8.0,False,2,0.0,1.0,1.0,0.5
1595,3i,150.0,4,3.4004,3,8.0,False,2,0.0,1.0,1.0,0.5
1600,3i,150.0,4,0.1668,3,8.0,False,2,0.0,1.0,1.0,0.5
1605,3i,150.0,4,0.0017,4,15.0,False,2,0.0,1.0,1.0,0.5
1610,3i,150.0,5,4.7396,4,15.0,False,2,0.0,1.0,1.0,0.5
1615,3i,150.0,7,6.8869,4,15.0,False,3,7.8203,1.0,456.84,0.5
1620,3i,150.0,7,2.15,4,15.0,False,3,7.9786,1.0,336.07,0.5
1625,3i,150.0,3,3.6711,1,1.0,False,1,23.5726,214.44,214.44,0.5
1630,3i,150.0,3,9.4036,1,1.0,False,2,22.8943,96.8,407.71,0.5
1635,3i,150.0,2,6.7816,1,1.0,False,3,18.8453,12.0,436.16,0.5
1640,3i,150.0,1,0.0,1,1.0,False,2,21.2176,166.8,340.79,0.5
1645,3i,150.0,2,8.9134,1,1.0,False,2,18.2924,56.16,246.05,0.5
1650,3i,150.0,2,2.5356,1,1.0,False,2,11.9172,5.67,152.77,0.5
1655,3i,150.0,2,8.5732,1,1.0,False,2,8.5732,1.0,65.81,0.5
1660,3i,150.0,2,3.4477,1,1.0,False,2,3.4477,1.0,5.79,0.5
1665,3i,150.0,3,6.1804,2,1.0,False,2,0.0,1.0,1.0,0.5
1670,3i,150.0,4,5.4751,2,1.0,False,2,0.0,1.0,1.0,0.5
1675,3i,150.0,5,4.7012,3,1.0,False,3,8.0294,1.0,382.81,0.5
1680,3i,150.0,5,1.5234,4,13.71,False,3,8.2347,1.0,261.17,0.5
1685,3i,150.0,6,4.1054,5,13.71,False,3,8.2106,1.0,138.28,0.5
1690,3i,150.0,6,2.1466,5,13.71,False,5,12.2324,1.0,456.9,0.5
1695,3i,150.0,6,0.1085,5,13.71,False,5,9.6049,1.0,335.96,0.5
1700,3i,150.0,6,0.0,6,20.71,False,5,9.5043,1.0,216.33,0.5
1705,3i,150.0,9,7.1735,6,20.71,False,5,8.6156,1.0,100.37,0.5
1710,3i,150.0,9,2.7902,6,20.71,False,6,6.8339,1.0,431.28,0.5
1715,3i,150.0,5,2.665,2,13.72,False,4,9.1786,5.19,308.7,0.5
1720,3i,150.0,2,0.0,2,13.71,False,1,24.1548,187.59,187.59,0.5
1725,3i,150.0,3,7.1256,2,13.71,False,2,22.4668,71.71,385.11,0.5
1730,3i,150.0,3,3.1876,2,13.71,False,2,16.6614,1.22,263.71,0.5
1735,3i,150.0,3,7.7627,2,13.71,False,1,23.2882,143.7,143.7,0.5
1740,3i,150.0,3,5.3441,2,13.71,False,1,16.0324,45.58,45.58,0.5
1745,3i,150.0,3,7.976,0,0.0,False,1,2.9419,1.0,1.0,0.5
1750,3i,150.0,3,10.3343,1,1.0,False,1,0.0,1.0,1.0,0.5
1755,3i,150.0,3,3.9158,2,1.0,False,2,12.2345,1.0,407.83,0.5
1760,3i,150.0,4,5.9634,3,1.0,False,2,11.6975,1.0,287.51,0.5
1765,3i,150.0,4,3.6707,3,1.0,False,3,14.3107,1.0,454.12,0.5
1770,3i,150.0,5,3.8791,3,1.0,False,3,12.3979,1.0,358.34,0.5
1775,3i,150.0,5,0.8656,4,8.0,False,3,7.7257,1.0,263.3,0.5
1780,3i,150.0,5,0.0004,5,8.0,False,3,5.6934,1.0,171.68,0.5
1785,3i,150.0,6,2.1234,5,8.0,False,4,8.7077,1.0,433.32,0.5
1790,3i,150.0,6,1.3775,5,8.0,False,4,8.2286,1.0,311.65,0.5
1795,3i,150.0,6,0.6275,5,8.0,False,4,6.9623,1.0,192.96,0.5
1800,3i,150.0,8,4.787,6,15.01,False,4,4.5821,1.0,81.87,0.5
1805,3i,150.0,5,5.4603,1,1.0,False,3,10.3235,10.2,408.46,0.5
1810,3i,150.0,4,5.2735,2,5.01,False,2,14.9901,8.19,287.62,0.5
1815,3i,150.0,2,0.0,2,5.0,False,1,23.8708,168.5,168.5,0.5
1820,3i,150.0,3,6.4961,2,5.0,False,1,19.4883,55.73,55.73,0.5
1825,3i,150.0,2,0.0,2,5.0,False,0,,,,0.5
1830,3i,150.0,3,7.6222,2,5.0,False,1,27.77,483.3,483.3,0.5
1835,3i,150.0,2,17.5127,0,0.0,False,1,26.3246,350.77,350.77,0.5
1840,3i,150.0,2,7.6173,1,1.0,False,1,26.7328,214.56,214.56,0.5
1845,3i,150.0,3,8.5805,1,1.0,False,1,23.5095,83.26,83.26,0.5
1850,3i,150.0,3,2.9195,2,1.0,False,2,16.6879,9.52,383.52,0.5
1855,3i,150.0,4,5.5563,3,1.0,False,2,12.0785,1.0,264.84,0.5
1860,3i,150.0,5,6.9456,3,1.0,False,2,12.3873,1.0,144.41,0.5
1865,3i,150.0,5,3.137,4,8.04,False,2,7.7752,1.0,43.95,0.5
1870,3i,150.0,5,0.3101,4,8.0,False,2,0.7752,1.0,8.19,0.5
1875,3i,150.0,6,3.2681,5,8.0,False,2,0.0,1.0,8.0,0.5
1880,3i,150.0,6,0.9348,5,8.0,False,4,11.9502,1.0,408.58,0.5
1885,3i,150.0,6,0.0,6,15.0,False,4,12.1362,1.0,288.85,0.5
1890,3i,150.0,6,0.0,6,15.0,False,4,11.8004,1.0,170.46,0.5
1895,3i,150.0,5,12.2961,1,1.0,False,3,11.4881,1.0,65.48,0.5
1900,3i,150.0,3,4.595,1,1.0,False,4,10.2617,1.0,375.2,0.5
1905,3i,150.0,2,0.0004,2,5.0,False,3,8.9333,1.0,240.84,0.5
1910,3i,150.0,3,9.0798,2,5.0,False,4,13.0034,1.0,430.86,0.5
1915,3i,150.0,3,4.4131,2,5.0,False,5,11.5127,1.0,473.26,0.5
1920,3i,150.0,2,0.0,2,5.0,False,4,10.8429,1.0,377.71,0.5
1925,3i,150.0,1,19.9096,0,0.0,False,2,19.5671,71.32,282.36,0.5
1930,3i,150.0,1,7.6157,0,0.0,False,2,13.0355,7.23,187.21,0.5
1935,3i,150.0,2,8.7137,1,1.0,False,2,8.7137,1.0,101.92,0.5
1940,3i,150.0,2,6.4384,1,1.0,False,2,6.4384,1.0,22.51,0.5
1945,3i,150.0,3,6.3207,2,1.0,False,2,0.0,1.0,1.0,0.5
1950,3i,150.0,4,6.6558,2,1.0,False,2,0.0,1.0,1.0,0.5
1955,3i,150.0,5,5.6724,3,1.0,False,2,0.0,1.0,1.0,0.5
1960,3i,150.0,5,1.811,4,15.04,False,2,0.0,1.0,1.0,0.5
1965,3i,150.0,5,0.0007,5,15.04,False,2,0.0,1.0,1.0,0.5
1970,3i,150.0,6,2.6569,5,15.04,False,2,0.0,1.0,1.0,0.5
1975,3i,150.0,6,0.4789,5,15.04,False,3,7.8546,1.0,384.75,0.5
1980,3i,150.0,6,0.0004,6,22.04,False,3,7.8314,1.0,262.62,0.5
1985,3i,150.0,6,12.4965,1,1.0,False,1,23.4518,142.41,142.41,0.5
1990,3i,150.0,4,12.5979,1,1.0,False,2,19.7919,46.83,480.3,0.5
1995,3i,150.0,2,0.5239,1,1.0,False,2,12.4356,15.45,359.92,0.5
2000,3i,150.0,2,0.0001,2,15.04,False,2,12.1493,15.04,241.08,0.5
2005,3i,150.0,3,7.8016,2,15.04,False,3,15.9711,15.04,406.03,0.5
2010,3i,150.0,3,4.479,2,15.04,False,4,16.3472,15.04,429.29,0.5
2015,3i,150.0,2,0.5617,0,0.0,False,4,13.4128,1.0,292.93,0.5
2020,3i,150.0,3,5.9721,1,1.0,False,4,11.4067,0.12,157.64,0.5
2025,3i,150.0,4,5.3488,2,1.0,False,4,5.3488,0.12,50.84,0.5
2030,3i,150.0,4,0.6364,3,1.0,False,5,5.8773,0.12,403.73,0.5
2035,3i,150.0,4,0.0136,4,8.01,False,6,9.1508,0.12,429.98,0.5
2040,3i,150.0,6,6.489,4,8.0,False,6,8.9534,0.12,295.57,0.5
2045,3i,150.0,6,3.5451,4,8.0,False,6,6.6848,0.12,161.67,0.5
2050,3i,150.0,7,2.7774,4,8.0,False,6,2.7041,0.12,62.34,0.5
2055,3i,150.0,7,0.7487,6,12.0,False,6,0.8691,0.12,12.0,0.5
2060,3i,150.0,8,3.0394,7,12.0,False,6,0.0004,0.12,12.0,0.5
2065,3i,150.0,8,1.2891,7,12.0,False,7,3.8521,0.12,456.34,0.5
2070,3i,150.0,8,0.0331,7,12.0,False,7,3.9401,0.12,321.02,0.5
2075,3i,150.0,4,2.2569,2,7.12,False,3,11.0363,0.12,188.76,0.5
2080,3i,150.0,4,10.3758,2,7.12,False,2,8.9378,0.12,74.25,0.5
2085,3i,150.0,5,7.1593,2,7.12,False,3,9.4637,0.12,433.28,0.5
2090,3i,150.0,4,2.9874,3,21.17,False,3,8.0067,0.12,311.36,0.5
2095,3i,150.0,3,0.0,3,21.17,False,3,8.1909,0.12,190.13,0.5
2100,3i,150.0,4,5.3667,3,21.17,False,3,7.1556,0.12,72.27,0.5
2105,3i,150.0,3,3.1989,1,20.59,False,3,10.9485,6.89,408.03,0.5
2110,3i,150.0,3,9.5774,1,1.0,False,3,9.4797,1.0,287.25,0.5
2115,3i,150.0,3,5.1005,2,1.0,False,4,12.9782,1.0,374.98,0.5
2120,3i,150.0,4,5.0069,2,1.0,False,4,11.4419,1.0,239.81,0.5
2125,3i,150.0,5,5.746,3,1.0,False,5,10.7036,1.0,383.34,0.5
2130,3i,150.0,5,2.2557,4,8.0,False,6,9.7534,1.0,406.68,0.5
2135,3i,150.0,6,4.1254,4,8.0,False,6,8.1503,1.0,287.17,0.5
2140,3i,150.0,6,2.3992,5,8.0,False,6,6.2921,1.0,166.53,0.5
2145,3i,150.0,7,2.5418,5,8.0,False,6,2.9655,1.0,58.71,0.5
2150,3i,150.0,7,0.5837,6,15.0,False,6,0.681,1.0,15.0,0.5
2155,3i,150.0,8,2.6175,7,15.0,False,6,0.0003,1.0,15.0,0.5
2160,3i,150.0,8,0.9578,7,15.0,False,7,3.4128,1.0,431.96,0.5
2165,3i,150.0,4,1.8872,2,5.0,False,4,7.242,1.0,312.08,0.5
2170,3i,150.0,2,0.0,2,5.0,False,3,7.9897,1.0,191.84,0.5
2175,3i,150.0,5,11.9964,2,5.0,False,3,7.2994,1.0,73.89,0.5
2180,3i,150.0,3,2.1819,2,5.0,False,2,0.0,1.0,5.0,0.5
2185,3i,150.0,3,0.0069,3,9.01,False,2,0.0,1.0,5.0,0.5
2190,3i,150.0,4,6.6137,3,9.0,False,2,0.0,1.0,5.0,0.5
2195,3i,150.0,2,8.0727,0,0.0,False,0,,,,0.5
2200,3i,150.0,1,0.0,0,0.0,False,1,23.8275,383.88,383.88,0.5
2205,3i,150.0,2,11.6236,1,1.0,False,2,24.6374,263.66,480.3,0.5
2210,3i,150.0,3,10.8655,1,1.0,False,2,23.5323,143.76,359.73,0.5
2215,3i,150.0,3,5.2329,2,1.0,False,2,20.0448,41.65,238.57,0.5
2220,3i,150.0,4,6.3335,2,1.0,False,2,12.6669,5.16,118.04,0.5
2225,3i,150.0,4,3.2894,3,5.0,False,2,6.5789,5.0,23.63,0.5
2230,3i,150.0,4,0.0,3,5.0,False,2,0.0,1.0,5.0,0.5
2235,3i,150.0,5,3.364,4,5.0,False,2,0.0,1.0,5.0,0.5
2240,3i,150.0,6,4.0371,4,5.0,False,2,0.0,1.0,5.0,0.5
2245,3i,150.0,6,2.1749,4,5.0,False,2,0.0,1.0,5.0,0.5
2250,3i,150.0,7,3.3667,5,12.0,False,2,0.0,1.0,5.0,0.5
2255,3i,150.0,3,3.7831,1,1.0,False,3,17.0305,1.0,408.28,0.5
2260,3i,150.0,1,0.0,1,1.0,False,3,17.497,1.0,287.9,0.5
2265,3i,150.0,3,16.6248,1,1.0,False,3,17.0212,1.0,165.35,0.5
2270,3i,150.0,4,11.3679,1,1.0,False,3,10.4002,1.0,57.24,0.5
2275,3i,150.0,2,0.3694,1,1.0,False,3,6.5373,1.0,396.55,0.5
2280,3i,150.0,2,0.0001,2,8.0,False,3,6.327,1.0,301.25,0.5
2285,3i,150.0,0,0.0,0,0.0,False,2,19.1471,205.66,436.72,0.5
2290,3i,150.0,1,19.0528,0,0.0,False,2,19.0156,109.67,341.99,0.5
2295,3i,150.0,1,13.111,0,0.0,False,2,15.7691,23.45,248.73,0.5
2300,3i,150.0,1,0.0,0,0.0,False,2,9.5109,1.0,154.84,0.5
2305,3i,150.0,3,13.82,1,1.0,False,2,9.3765,1.0,61.67,0.5
2310,3i,150.0,3,5.7274,1,1.0,False,2,2.8418,1.0,3.68,0.5
2315,3i,150.0,4,6.4928,2,1.0,False,3,8.3333,1.0,480.3,0.5
2320,3i,150.0,4,2.5554,3,15.04,False,3,8.0598,1.0,358.65,0.5
2325,3i,150.0,5,3.6265,4,15.04,False,3,8.0942,1.0,236.6,0.5
2330,3i,150.0,6,5.08,4,15.04,False,3,8.3068,1.0,114.4,0.5
2335,3i,150.0,6,1.8205,5,22.05,False,3,3.6402,1.0,31.8,0.5
2340,3i,150.0,6,0.0199,6,22.04,False,3,0.0399,1.0,13.73,0.5
2345,3i,150.0,4,5.0439,1,1.0,False,0,,,,0.5
2350,3i,150.0,2,3.9106,1,1.0,False,2,18.9279,399.25,399.7,0.5
2355,3i,150.0,1,0.0,1,1.0,False,2,18.8941,303.97,305.02,0.5
2360,3i,150.0,2,12.1732,1,1.0,False,2,19.1781,210.23,210.37,0.5
2365,3i,150.0,4,12.698,1,1.0,False,2,17.8528,115.82,117.75,0.5
2370,3i,150.0,4,7.1565,1,1.0,False,2,12.9154,31.96,46.36,0.5
2375,3i,150.0,3,2.1644,1,1.0,False,2,3.2466,1.0,9.29,0.5
2380,3i,150.0,3,7.9571,2,1.0,False,2,12.3506,1.0,407.01,0.5
2385,3i,150.0,3,3.8164,2,1.0,False,3,16.2628,1.0,432.11,0.5
2390,3i,150.0,3,0.2578,2,1.0,False,3,16.0891,1.0,310.72,0.5
2395,3i,150.0,4,4.4386,3,13.71,False,3,14.2068,1.0,189.19,0.5
2400,3i,150.0,5,4.5372,3,13.71,False,3,7.562,1.0,76.21,0.5
2405,3i,150.0,5,1.057,4,13.71,False,3,1.7617,1.0,23.2,0.5
2410,3i,150.0,6,3.7319,5,20.71,False,4,6.9001,1.0,429.66,0.5
2415,3i,150.0,6,1.2327,5,20.71,False,4,6.7155,1.0,295.49,0.5
2420,3i,150.0,7,2.2152,6,20.71,False,4,6.8474,1.0,161.81,0.5
2425,3i,150.0,8,2.241,6,20.71,False,5,7.9608,1.0,383.36,0.5
2430,3i,150.0,8,0.3003,7,27.71,False,5,5.3072,1.0,264.43,0.5
2435,3i,150.0,5,7.1538,1,1.0,False,3,11.3782,3.75,142.88,0.5
2440,3i,150.0,2,7.8213,1,1.0,False,2,20.3213,46.97,480.3,0.5
2445,3i,150.0,1,0.0,1,1.0,False,1,24.2733,359.31,359.31,0.5
2450,3i,150.0,1,0.0,1,1.0,False,1,23.579,240.68,240.68,0.5
2455,3i,150.0,4,17.5559,1,1.0,False,1,23.5707,122.61,122.61,0.5
2460,3i,150.0,4,8.6547,1,1.0,False,1,13.7079,26.11,26.11,0.5
2465,3i,150.0,3,1.1249,0,0.0,False,1,0.0,1.0,1.0,0.5
2470,3i,150.0,2,0.0001,2,1.0,False,1,0.0,1.0,1.0,0.5
2475,3i,150.0,3,6.7324,2,1.0,False,2,11.8991,1.0,384.17,0.5
2480,3i,150.0,3,2.333,2,1.0,False,2,12.0439,1.0,262.72,0.5
2485,3i,150.0,4,6.049,3,8.01,False,2,12.0886,1.0,142.34,0.5
2490,3i,150.0,4,3.6968,3,8.0,False,3,11.2376,1.0,397.36,0.5
2495,3i,150.0,5,3.6076,3,8.0,False,3,6.8773,1.0,301.99,0.5
2500,3i,150.0,5,0.5918,4,8.0,False,4,10.7327,1.0,384.07,0.5
2505,3i,150.0,6,3.1949,5,15.0,False,4,10.6257,1.0,265.33,0.5
2510,3i,150.0,7,5.388,5,15.0,False,4,9.4291,1.0,143.89,0.5
2515,3i,150.0,7,1.8985,5,15.0,False,5,8.2119,1.0,483.3,0.5
2520,3i,150.0,8,2.3278,6,15.0,False,5,5.7974,1.0,348.43,0.5
2525,3i,150.0,4,4.945,1,1.0,False,3,10.6428,1.0,210.93,0.5
2530,3i,150.0,2,11.4802,1,1.0,False,2,11.4802,1.0,83.76,0.5
2535,3i,150.0,2,5.0897,1,1.0,False,4,14.671,1.0,431.58,0.5
2540,3i,150.0,1,0.0,1,1.0,False,3,15.8125,1.0,311.24,0.5
2545,3i,150.0,1,0.0,1,1.0,False,3,15.8871,1.0,192.01,0.5
2550,3i,150.0,4,15.7386,1,1.0,False,3,13.6974,1.0,76.1,0.5
2555,3i,150.0,3,7.3247,0,0.0,False,3,13.381,8.1,410.54,0.5
2560,3i,150.0,2,0.0,2,1.0,False,2,12.4969,1.0,287.63,0.5
2565,3i,150.0,2,0.0,2,1.0,False,3,14.4458,1.0,473.26,0.5
2570,3i,150.0,3,5.7263,2,1.0,False,3,12.0455,1.0,377.87,0.5
2575,3i,150.0,3,1.3501,2,1.0,False,3,7.7215,1.0,281.83,0.5
2580,3i,150.0,3,0.0022,3,8.0,False,3,6.0061,1.0,187.48,0.5
2585,3i,150.0,4,3.4743,3,8.0,False,3,4.6324,1.0,109.0,0.5
2590,3i,150.0,5,5.5382,3,8.0,False,3,3.1324,1.0,53.01,0.5
2595,3i,150.0,5,2.2314,3,8.0,False,3,1.6529,1.0,19.4,0.5
2600,3i,150.0,6,3.2814,4,12.01,False,4,6.2838,1.0,384.63,0.5
2605,3i,150.0,7,5.2214,5,12.0,False,4,6.1902,1.0,262.31,0.5
2610,3i,150.0,8,4.5248,6,12.0,False,4,6.2309,1.0,142.07,0.5
2615,3i,150.0,5,4.8807,1,1.0,False,2,8.6521,0.68,47.83,0.5
2620,3i,150.0,2,3.6824,1,1.0,False,1,7.3648,1.43,1.43,0.5
2625,3i,150.0,2,9.6835,1,1.0,False,0,,,,0.5
2630,3i,150.0,1,0.0,1,1.0,False,2,20.87,407.74,419.63,0.5
2635,3i,150.0,1,0.0,1,1.0,False,2,21.5958,286.79,324.84,0.5
2640,3i,150.0,1,0.0,1,1.0,False,2,21.1711,166.87,231.8,0.5
2645,3i,150.0,3,18.5305,0,0.0,False,2,19.0023,54.19,137.21,0.5
2650,3i,150.0,2,10.2329,0,0.0,False,2,10.2329,2.37,50.68,0.5
2655,3i,150.0,2,1.8962,1,1.0,False,2,1.8962,1.0,1.79,0.5
2660,3i,150.0,3,8.0644,2,1.0,False,2,0.0,1.0,1.0,0.5
2665,3i,150.0,3,4.9767,2,1.0,False,2,0.0,1.0,1.0,0.5
2670,3i,150.0,3,0.4883,2,1.0,False,2,0.0,1.0,1.0,0.5
2675,3i,150.0,4,4.2212,3,13.71,False,2,0.0,1.0,1.0,0.5
2680,3i,150.0,4,0.7257,3,13.71,False,2,0.0,1.0,1.0,0.5
2685,3i,150.0,5,2.6427,4,13.71,False,3,6.3296,1.0,435.04,0.5
2690,3i,150.0,6,5.5317,4,13.71,False,4,9.6996,1.0,474.59,0.5
2695,3i,150.0,6,2.4484,4,13.71,False,4,9.5046,1.0,379.33,0.5
2700,3i,150.0,6,0.0688,6,20.75,False,4,8.6468,1.0,284.0,0.5
2705,3i,150.0,3,4.4549,1,1.0,False,2,14.5544,95.12,190.21,0.5
2710,3i,150.0,3,8.984,1,1.0,False,2,13.476,45.86,98.26,0.5
2715,3i,150.0,3,7.7665,1,1.0,False,2,11.6497,0.36,16.29,0.5
2720,3i,150.0,2,10.1457,1,1.0,False,0,,,,0.5
2725,3i,150.0,1,0.0,1,1.0,False,0,,,,0.5
2730,3i,150.0,1,0.0,1,1.0,False,0,,,,0.5
2735,3i,150.0,2,24.0577,0,0.0,False,0,,,,0.5
2740,3i,150.0,3,17.4371,0,0.0,False,0,,,,0.5
2745,3i,150.0,2,8.3902,0,0.0,False,0,,,,0.5
2750,3i,150.0,2,0.0,1,1.0,False,0,,,,0.5
2755,3i,150.0,3,7.2637,2,1.0,False,1,23.2839,407.54,407.54,0.5
2760,3i,150.0,3,3.0084,2,1.0,False,1,24.0199,286.19,286.19,0.5
2765,3i,150.0,3,0.0008,3,8.0,False,1,23.3429,166.88,166.88,0.5
2770,3i,150.0,4,4.2134,3,8.0,False,1,16.8536,60.36,60.36,0.5
2775,3i,150.0,5,4.6846,3,8.0,False,1,4.1973,15.49,15.49,0.5
2780,3i,150.0,5,1.3436,4,13.71,False,1,0.0002,13.71,13.71,0.5
2785,3i,150.0,6,3.594,5,13.71,False,1,0.0,13.71,13.71,0.5
2790,3i,150.0,6,1.1407,5,13.71,False,1,0.0,13.71,13.71,0.5
2795,3i,150.0,3,7.8655,1,1.0,False,0,,,,0.5
2800,3i,150.0,3,10.8485,1,1.0,False,0,,,,0.5
2805,3i,150.0,1,0.0,1,1.0,False,0,,,,0.5
2810,3i,150.0,2,12.4442,1,1.0,False,0,,,,0.5
2815,3i,150.0,2,8.3042,1,1.0,False,2,26.385,480.3,483.3,0.5
2820,3i,150.0,1,0.0,1,1.0,False,2,22.8907,359.61,363.27,0.5
2825,3i,150.0,0,0.0,0,0.0,False,2,22.3919,240.6,256.12,0.5
2830,3i,150.0,3,23.8363,0,0.0,False,2,23.3364,119.97,142.07,0.5
2835,3i,150.0,3,14.0944,0,0.0,False,3,17.8627,25.28,456.0,0.5
2840,3i,150.0,3,0.7404,1,1.0,False,3,8.8632,1.0,336.63,0.5
2845,3i,150.0,3,0.0,3,1.0,False,3,8.0763,1.0,217.88,0.5
2850,3i,150.0,4,5.7376,3,1.0,False,4,10.4615,1.0,397.44,0.5
2855,3i,150.0,4,2.5339,3,1.0,False,5,10.7667,1.0,406.82,0.5
2860,3i,150.0,4,0.0232,4,8.01,False,5,8.6482,1.0,287.82,0.5
2865,3i,150.0,5,2.9989,4,8.0,False,6,8.8862,1.0,418.82,0.5
2870,3i,150.0,6,4.4899,4,8.0,False,6,7.6959,1.0,324.36,0.5
2875,3i,150.0,6,2.2844,4,8.0,False,6,5.5049,1.0,229.63,0.5
2880,3i,150.0,7,2.9407,5,15.0,False,6,3.4308,1.0,135.3,0.5
2885,3i,150.0,4,10.3657,1,1.0,False,3,6.0459,1.0,56.88,0.5
2890,3i,150.0,3,7.4028,1,1.0,False,3,11.0432,1.0,483.3,0.5
2895,3i,150.0,3,5.3726,2,8.0,False,3,9.0404,1.0,349.79,0.5
2900,3i,150.0,2,0.0,2,8.0,False,3,8.8793,1.0,217.26,0.5
2905,3i,150.0,3,8.0089,2,8.0,False,3,8.0089,1.0,86.51,0.5
2910,3i,150.0,3,3.0629,2,8.0,False,4,8.1633,1.0,432.38,0.5
2915,3i,150.0,2,1.8485,1,1.0,False,3,9.4867,1.0,310.73,0.5
2920,3i,150.0,1,0.0,1,1.0,False,2,12.205,1.0,190.18,0.5
2925,3i,150.0,4,16.4963,1,1.0,False,2,10.8447,1.0,71.62,0.5
2930,3i,150.0,4,5.9643,1,1.0,False,3,10.4827,1.0,407.85,0.5
2935,3i,150.0,4,0.0262,4,5.03,False,3,8.3176,1.0,286.39,0.5
2940,3i,150.0,4,0.0,4,5.0,False,4,12.1683,1.0,480.3,0.5
2945,3i,150.0,5,3.4021,4,5.0,False,4,10.1248,1.0,359.46,0.5
2950,3i,150.0,5,0.9897,4,5.0,False,4,7.1513,1.0,239.45,0.5
2955,3i,150.0,6,3.9445,5,12.0,False,4,5.9167,1.0,118.86,0.5
2960,3i,150.0,7,5.0973,5,12.0,False,4,3.013,1.0,31.71,0.5
2965,3i,150.0,7,2.1076,5,12.0,False,5,5.1342,1.0,480.3,0.5
2970,3i,150.0,7,0.1701,6,12.0,False,5,4.6927,1.0,360.14,0.5
2975,3i,150.0,4,6.024,1,1.0,False,3,16.215,2.32,399.48,0.5
2980,3i,150.0,3,11.6961,1,1.0,False,2,21.811,117.86,304.77,0.5
2985,3i,150.0,3,5.6895,1,1.0,False,2,16.2328,20.54,210.14,0.5
2990,3i,150.0,3,5.919,2,8.0,False,1,17.7566,117.04,117.04,0.5
2995,3i,150.0,3,5.7327,2,8.0,False,1,17.198,33.08,33.08,0.5
3000,3i,150.0,3,8.155,2,8.0,False,0,,,,0.5
3005,3i,150.0,2,7.1059,0,0.0,False,2,21.5617,407.22,418.1,0.5
3010,3i,150.0,1,0.0,1,1.0,False,2,21.6624,284.84,324.41,0.5
3015,3i,150.0,1,0.0,1,1.0,False,2,21.5914,164.37,229.06,0.5
3020,3i,150.0,4,14.0523,1,1.0,False,2,18.6984,53.51,134.33,0.5
3025,3i,150.0,4,5.3678,1,1.0,False,3,13.8515,3.58,383.49,0.5
3030,3i,150.0,4,1.4342,3,1.01,False,3,10.1271,1.01,262.43,0.5
3035,3i,150.0,5,4.8979,4,8.01,False,3,8.1631,1.0,142.81,0.5
3040,3i,150.0,5,2.7623,4,8.0,False,3,4.6039,1.0,48.02,0.5
3045,3i,150.0,5,0.0119,4,8.0,False,3,0.0198,1.0,20.72,0.5
3050,3i,150.0,5,0.0,5,20.71,False,3,0.0,1.0,20.71,0.5
3055,3i,150.0,6,2.1641,5,20.71,False,3,0.0,1.0,20.71,0.5
3060,3i,150.0,7,3.0742,5,20.71,False,4,6.0621,1.0,456.05,0.5
3065,3i,150.0,5,8.5361,1,1.0,False,3,15.5403,14.65,473.26,0.5
3070,3i,150.0,3,5.7328,1,1.0,False,2,21.721,214.4,377.13,0.5
3075,3i,150.0,3,7.8652,2,8.02,False,2,21.3892,92.15,281.48,0.5
3080,3i,150.0,3,3.6588,2,8.0,False,2,14.5292,9.53,187.64,0.5
3085,3i,150.0,3,5.7794,2,8.0,False,1,17.3382,103.17,103.17,0.5
3090,3i,150.0,4,9.9508,2,8.0,False,1,13.3502,24.4,24.4,0.5
3095,3i,150.0,3,6.6863,0,0.0,False,1,0.0,1.0,1.0,0.5
3100,3i,150.0,2,0.4723,1,1.0,False,2,12.1806,1.0,383.66,0.5
3105,3i,150.0,2,0.0,2,1.0,False,2,12.3458,1.0,261.35,0.5
3110,3i,150.0,5,14.6096,2,1.0,False,2,12.357,1.0,140.01,0.5
3115,3i,150.0,5,9.0119,2,1.0,False,3,13.6529,1.0,480.3,0.5
3120,3i,150.0,5,1.2561,2,1.0,False,3,8.4887,1.0,359.63,0.5
3125,3i,150.0,5,0.0029,5,15.04,False,3,8.088,1.0,239.86,0.5
3130,3i,150.0,6,4.0576,5,15.04,False,3,8.1152,1.0,118.86,0.5
3135,3i,150.0,6,1.9829,5,15.04,False,3,3.9659,1.0,35.92,0.5
3140,3i,150.0,6,0.057,5,15.04,False,3,0.1141,1.0,12.09,0.5
3145,3i,150.0,7,2.2621,6,15.04,False,3,0.0,1.0,12.0,0.5
3150,3i,150.0,8,2.8913,6,15.04,False,3,0.0,1.0,12.0,0.5
3155,3i,150.0,5,4.5293,1,1.0,False,3,10.2126,1.0,407.73,0.5
3160,3i,150.0,2,10.2825,1,1.0,False,3,14.0977,1.0,454.22,0.5
3165,3i,150.0,2,3.5644,1,1.0,False,3,14.3815,1.0,358.73,0.5
3170,3i,150.0,3,6.6814,2,8.0,False,3,13.0913,1.0,262.96,0.5
3175,3i,150.0,2,0.0,2,8.0,False,3,13.909,1.0,383.66,0.5
3180,3i,150.0,3,5.4307,2,8.0,False,3,13.3393,1.0,262.6,0.5
3185,3i,150.0,3,12.5779,0,0.0,False,2,16.9195,14.12,142.64,0.5
3190,3i,150.0,2,7.1419,1,1.0,False,3,13.0946,1.0,480.3,0.5
3195,3i,150.0,2,1.6535,1,1.0,False,3,9.2768,1.0,358.61,0.5
3200,3i,150.0,2,0.0004,2,1.0,False,3,7.9036,1.0,236.45,0.5
3205,3i,150.0,5,14.5552,2,1.0,False,3,8.325,1.0,116.24,0.5
3210,3i,150.0,5,7.2835,2,1.0,False,4,8.944,1.0,456.41,0.5
3215,3i,150.0,5,0.2208,4,15.21,False,4,6.3422,1.0,336.8,0.5
3220,3i,150.0,5,0.0005,5,15.04,False,4,6.025,1.0,215.13,0.5
3225,3i,150.0,6,3.6062,5,15.04,False,4,5.4094,1.0,95.11,0.5
3230,3i,150.0,6,1.5228,5,15.04,False,4,2.2841,1.0,26.74,0.5
3235,3i,150.0,7,3.4071,6,15.06,False,4,0.0781,1.0,15.06,0.5
3240,3i,150.0,7,1.9164,6,15.04,False,5,5.2375,1.0,404.52,0.5
3245,3i,150.0,5,5.3788,1,1.0,False,2,16.2405,4.86,269.56,0.5
3250,3i,150.0,3,12.452,1,1.0,False,1,27.3779,136.14,136.14,0.5
3255,3i,150.0,2,7.0329,1,1.0,False,1,14.0659,39.19,39.19,0.5
3260,3i,150.0,3,8.3518,1,1.0,False,1,0.7524,8.25,8.25,0.5
3265,3i,150.0,3,5.4715,2,8.0,False,2,9.7203,8.0,474.59,0.5
3270,3i,150.0,3,5.7399,2,8.0,False,2,9.4176,8.0,380.89,0.5
3275,3i,150.0,2,4.5682,0,0.0,False,2,11.2988,2.71,286.66,0.5
3280,3i,150.0,1,0.0083,1,1.01,False,1,18.8588,191.0,191.0,0.5
3285,3i,150.0,2,8.6154,1,1.0,False,2,20.5979,98.54,456.34,0.5
3290,3i,150.0,2,6.2047,1,1.0,False,2,18.5848,20.64,337.09,0.5
3295,3i,150.0,2,0.0,2,1.0,False,2,11.7558,1.0,217.48,0.5
3300,3i,150.0,5,14.1254,2,1.0,False,2,11.0305,1.0,98.85,0.5
3305,3i,150.0,5,5.8272,2,1.0,False,3,10.8568,1.0,408.99,0.5
3310,3i,150.0,5,0.0217,5,13.79,False,3,7.7924,1.0,287.63,0.5
3315,3i,150.0,5,0.0,5,13.71,False,3,8.3108,1.0,165.88,0.5
3320,3i,150.0,6,2.6838,5,13.71,False,3,5.3676,1.0,62.04,0.5
3325,3i,150.0,6,0.454,5,13.71,False,3,0.9079,1.0,20.98,0.5
3330,3i,150.0,7,3.4721,6,20.71,False,3,0.0002,1.0,20.71,0.5
3335,3i,150.0,4,10.6348,1,1.0,False,1,3.885,12.2,12.2,0.5
3340,3i,150.0,2,8.5198,1,1.0,False,0,,,,0.5
3345,3i,150.0,1,0.0,1,1.0,False,0,,,,0.5
3350,3i,150.0,2,6.9305,1,1.0,False,0,,,,0.5
3355,3i,150.0,3,11.2808,1,1.0,False,0,,,,0.5
3360,3i,150.0,4,9.9166,1,1.0,False,0,,,,0.5
3365,3i,150.0,2,9.9921,0,0.0,False,0,,,,0.5
3370,3i,150.0,1,3.239,0,0.0,False,0,,,,0.5
3375,3i,150.0,2,11.7559,1,1.0,False,0,,,,0.5
3380,3i,150.0,2,5.4242,1,1.0,False,2,24.1562,407.59,407.84,0.5
3385,3i,150.0,2,0.035,2,1.01,False,2,24.1959,286.23,288.13,0.5
3390,3i,150.0,3,8.6796,2,1.0,False,2,24.8081,164.37,166.62,0.5
3395,3i,150.0,5,9.8538,2,1.0,False,2,17.195,55.58,57.74,0.5
3400,3i,150.0,5,1.8305,2,1.0,False,2,4.4096,10.53,10.78,0.5
3405,3i,150.0,5,0.0027,5,8.0,False,2,0.0068,8.0,8.0,0.5
3410,3i,150.0,6,3.9651,5,8.0,False,3,7.7816,8.0,456.96,0.5
3415,3i,150.0,6,2.427,5,8.0,False,3,8.3059,8.0,334.69,0.5
3420,3i,150.0,6,0.159,5,8.0,False,3,8.1071,8.0,213.99,0.5
3425,3i,150.0,3,9.5878,1,1.0,False,1,23.4056,93.9,93.9,0.5
3430,3i,150.0,3,13.2673,1,1.0,False,1,15.2699,6.22,6.22,0.5
3435,3i,150.0,2,7.1972,1,1.0,False,1,24.0878,456.21,456.21,0.5
3440,3i,150.0,1,0.0,1,1.0,False,1,24.2277,335.13,335.13,0.5
3445,3i,150.0,2,7.5649,1,1.0,False,1,23.812,215.24,215.24,0.5
3450,3i,150.0,3,11.131,1,1.0,False,1,24.3384,94.84,94.84,0.5
3455,3i,150.0,3,12.8078,0,0.0,False,1,10.3384,15.15,15.15,0.5
3460,3i,150.0,2,6.6401,1,1.0,False,1,0.0,1.0,1.0,0.5
3465,3i,150.0,2,0.4139,1,1.0,False,1,0.0,1.0,1.0,0.5
3470,3i,150.0,3,6.3132,2,1.0,False,1,0.0,1.0,1.0,0.5
3475,3i,150.0,3,4.2357,2,1.0,False,1,0.0,1.0,1.0,0.5
3480,3i,150.0,3,1.8249,2,1.0,False,1,0.0,1.0,1.0,0.5
3485,3i,150.0,6,11.9935,3,8.02,False,1,0.0,1.0,1.0,0.5
3490,3i,150.0,6,7.3708,3,8.0,False,1,0.0,1.0,1.0,0.5
3495,3i,150.0,6,0.5531,3,8.0,False,1,0.0,1.0,1.0,0.5
3500,3i,150.0,6,0.0,6,20.71,False,1,0.0,1.0,1.0,0.5
3505,3i,150.0,7,3.2474,6,20.71,False,2,11.7155,1.0,409.25,0.5
3510,3i,150.0,7,1.4498,6,20.71,False,2,11.6942,1.0,288.3,0.5
3515,3i,150.0,3,2.1413,1,1.0,False,1,23.4974,169.64,169.64,0.5
3520,3i,150.0,2,9.0664,1,1.0,False,1,18.1329,58.0,58.0,0.5
3525,3i,150.0,2,11.9436,1,1.0,False,0,,,,0.5
3530,3i,150.0,2,5.8446,1,1.0,False,1,23.7052,407.69,407.69,0.5
3535,3i,150.0,2,9.7674,1,1.0,False,1,23.5276,287.91,287.91,0.5
3540,3i,150.0,2,3.2729,1,1.0,False,1,24.3739,167.44,167.44,0.5
3545,3i,150.0,2,11.2183,0,0.0,False,1,19.0903,55.32,55.32,0.5
3550,3i,150.0,1,4.6345,0,0.0,False,2,14.7511,2.64,381.37,0.5
3555,3i,150.0,2,9.497,1,1.0,False,2,12.2596,1.0,259.97,0.5
3560,3i,150.0,3,10.1867,1,1.0,False,2,11.8244,1.0,139.58,0.5
3565,3i,150.0,3,4.6367,2,1.0,False,2,6.955,1.0,42.68,0.5
3570,3i,150.0,3,0.7692,2,1.0,False,2,1.1538,1.0,9.71,0.5
3575,3i,150.0,3,0.0,3,8.0,False,2,0.0,1.0,8.0,0.5
3580,3i,150.0,5,9.8351,3,8.0,False,2,0.0,1.0,8.0,0.5
3585,3i,150.0,6,6.2392,3,8.0,False,3,6.1122,1.0,456.25,0.5
3590,3i,150.0,6,1.5892,4,15.29,False,3,6.3684,1.0,362.93,0.5
3595,3i,150.0,6,0.7978,5,15.04,False,3,6.3443,1.0,268.51,0.5
3600,3i,150.0,6,0.0813,5,15.04,False,4,11.0416,1.0,382.44,0.5
0,4i,150.0,0,0.0,0,0.0,False,0,,,,0.5
5,4i,150.0,0,0.0,0,0.0,False,2,23.9534,382.59,383.89,0.5
10,4i,150.0,0,0.0,0,0.0,False,2,23.9473,262.23,265.55,0.5
15,4i,150.0,2,24.0989,0,0.0,False,2,24.0989,141.06,145.99,0.5
20,4i,150.0,3,19.5829,0,0.0,False,2,19.9087,21.97,38.27,0.5
25,4i,150.0,2,7.7019,0,0.0,False,1,1.4543,1.0,1.0,0.5
30,4i,150.0,2,0.2742,1,1.0,False,1,0.0,1.0,1.0,0.5
35,4i,150.0,1,0.0,1,1.0,False,0,,,,0.5
40,4i,150.0,2,8.3738,1,1.0,False,0,,,,0.5
45,4i,150.0,2,4.6238,1,1.0,False,0,,,,0.5
50,4i,150.0,3,7.8672,1,1.0,False,1,23.5488,432.07,432.07,0.5
55,4i,150.0,3,2.5695,2,13.71,False,1,23.261,314.25,314.25,0.5
60,4i,150.0,4,3.0165,3,13.71,False,2,25.7917,194.29,430.08,0.5
65,4i,150.0,5,5.8781,3,13.71,False,2,24.2601,75.74,295.74,0.5
70,4i,150.0,5,2.1821,3,13.71,False,2,16.5895,7.6,162.55,0.5
75,4i,150.0,6,2.232,5,26.42,False,2,6.6956,1.0,68.9,0.5
80,4i,150.0,7,3.3026,5,26.42,False,3,6.3883,1.0,419.33,0.5
85,4i,150.0,7,1.3208,6,40.46,False,3,6.4129,1.0,325.85,0.5
90,4i,150.0,7,0.0368,7,40.46,False,3,6.3796,1.0,231.7,0.5
95,4i,150.0,4,5.3243,1,1.0,False,5,14.304,1.0,483.3,0.5
100,4i,150.0,3,5.9037,1,1.0,False,5,13.7629,1.0,358.68,0.5
105,4i,150.0,2,4.5195,1,1.0,False,4,14.8637,1.0,239.17,0.5
110,4i,150.0,4,17.8326,1,1.0,False,3,15.921,1.0,119.09,0.5
115,4i,150.0,4,10.0701,1,1.0,False,4,13.1103,1.0,456.99,0.5
120,4i,150.0,3,0.125,1,1.0,False,3,9.2305,1.0,321.4,0.5
125,4i,150.0,2,2.29,1,1.0,False,2,15.8437,0.7,186.74,0.5
130,4i,150.0,2,9.7063,1,1.0,False,2,21.9203,69.82,406.34,0.5
135,4i,150.0,2,2.9968,1,1.0,False,3,18.0993,11.85,432.55,0.5
140,4i,150.0,2,0.0021,2,8.0,False,3,16.1221,8.0,311.6,0.5
145,4i,150.0,3,6.232,2,8.0,False,3,14.2184,8.0,192.86,0.5
150,4i,150.0,4,6.041,2,8.0,False,3,8.0547,2.36,79.04,0.5
155,4i,150.0,4,1.7122,3,8.0,False,4,8.3502,1.0,402.98,0.5
160,4i,150.0,5,3.6664,4,12.02,False,4,6.5895,1.0,270.94,0.5
165,4i,150.0,6,5.2675,4,12.0,False,4,6.6733,1.0,136.47,0.5
170,4i,150.0,6,2.1723,5,12.0,False,5,7.6067,1.0,480.3,0.5
175,4i,150.0,7,2.8612,5,12.0,False,5,4.9765,1.0,358.72,0.5
180,4i,150.0,7,1.0512,6,19.0,False,5,4.9239,1.0,236.8,0.5
185,4i,150.0,4,7.9231,1,1.0,False,3,10.5642,2.21,115.01,0.5
190,4i,150.0,2,6.7264,1,1.0,False,2,18.5491,29.03,456.65,0.5
195,4i,150.0,1,0.0,1,1.0,False,1,24.6276,333.79,333.79,0.5
200,4i,150.0,1,0.0,1,1.0,False,1,23.9934,214.24,214.24,0.5
205,4i,150.0,4,16.2565,1,1.0,False,1,22.8046,93.64,93.64,0.5
210,4i,150.0,4,6.7477,1,1.0,False,2,16.9448,18.33,432.32,0.5
215,4i,150.0,3,1.5071,1,1.0,False,2,12.083,1.41,311.76,0.5
220,4i,150.0,2,0.0001,2,1.0,False,2,12.2753,1.0,190.09,0.5
225,4i,150.0,3,6.6518,2,1.0,False,2,9.9777,1.0,75.76,0.5
230,4i,150.0,3,2.4853,2,1.0,False,3,11.6739,1.0,402.23,0.5
235,4i,150.0,3,0.0046,3,8.01,False,3,8.4422,1.0,269.78,0.5
240,4i,150.0,4,4.3072,3,8.0,False,3,7.2809,1.0,152.9,0.5
245,4i,150.0,5,5.5463,3,8.0,False,4,10.6588,1.0,480.3,0.5
250,4i,150.0,6,5.0592,3,8.0,False,4,6.961,1.0,359.75,0.5
255,4i,150.0,6,2.6937,5,15.0,False,4,5.8277,1.0,240.58,0.5
260,4i,150.0,7,3.7147,5,15.0,False,4,6.2103,1.0,119.93,0.5
265,4i,150.0,7,1.589,6,15.0,False,4,2.7807,1.0,36.54,0.5
270,4i,150.0,8,2.045,7,19.01,False,4,0.0318,1.0,19.01,0.5
275,4i,150.0,4,3.6918,1,1.0,False,2,3.7182,5.43,14.34,0.5
280,4i,150.0,1,0.0,1,1.0,False,0,,,,0.5
285,4i,150.0,2,7.6394,1,1.0,False,0,,,,0.5
290,4i,150.0,2,5.4146,1,1.0,False,0,,,,0.5
295,4i,150.0,1,0.0,1,1.0,False,0,,,,0.5
300,4i,150.0,3,14.0687,1,1.0,False,0,,,,0.5
305,4i,150.0,3,10.8255,0,0.0,False,0,,,,0.5
310,4i,150.0,3,3.0382,2,1.0,False,0,,,,0.5
315,4i,150.0,3,0.0,3,1.0,False,0,,,,0.5
320,4i,150.0,4,4.812,3,1.0,False,1,25.0,480.3,480.3,0.5
325,4i,150.0,4,3.1943,3,1.0,False,1,24.8619,357.07,357.07,0.5
330,4i,150.0,5,5.5801,3,1.0,False,2,25.8588,238.71,483.3,0.5
335,4i,150.0,6,5.7497,4,5.05,False,2,25.3311,117.44,349.39,0.5
340,4i,150.0,6,1.9017,5,8.01,False,2,19.2629,35.13,213.9,0.5
345,4i,150.0,7,3.0492,6,17.72,False,3,13.5949,17.72,473.26,0.5
350,4i,150.0,7,1.0471,6,17.71,False,3,8.8512,17.71,377.02,0.5
355,4i,150.0,8,2.5889,7,17.71,False,3,6.3544,13.71,281.09,0.5
360,4i,150.0,8,1.0031,7,17.71,False,3,5.9134,13.71,187.66,0.5
365,4i,150.0,5,4.1278,2,13.71,False,3,6.2213,10.83,110.59,0.5
370,4i,150.0,3,5.7176,2,13.71,False,2,8.5764,13.71,31.73,0.5
375,4i,150.0,2,0.0,2,13.71,False,1,0.0,13.71,13.71,0.5
380,4i,150.0,3,5.3508,2,13.71,False,1,0.0,13.71,13.71,0.5
385,4i,150.0,3,2.9783,2,13.71,False,1,0.0,13.71,13.71,0.5
390,4i,150.0,2,0.0,2,13.71,False,1,0.0,13.71,13.71,0.5
395,4i,150.0,4,14.9674,0,0.0,False,1,2.7224,9.77,9.77,0.5
400,4i,150.0,3,13.1748,0,0.0,False,0,,,,0.5
405,4i,150.0,3,2.2502,1,1.0,False,0,,,,0.5
410,4i,150.0,4,6.2168,3,1.0,False,0,,,,0.5
415,4i,150.0,4,2.8657,3,1.0,False,0,,,,0.5
420,4i,150.0,4,0.1429,3,1.0,False,0,,,,0.5
425,4i,150.0,5,3.9037,4,8.0,False,1,23.6627,432.53,432.53,0.5
430,4i,150.0,6,4.5953,4,8.0,False,1,23.9918,313.05,313.05,0.5
435,4i,150.0,6,1.4188,5,13.71,False,1,24.0962,191.88,191.88,0.5
440,4i,150.0,7,2.8209,6,15.02,False,1,19.7096,78.1,78.1,0.5
445,4i,150.0,7,0.9039,6,15.0,False,1,6.3276,20.93,20.93,0.5
450,4i,150.0,8,2.3157,7,15.0,False,1,0.0164,13.73,13.73,0.5
455,4i,150.0,5,6.6953,2,13.71,False,1,0.0,13.71,13.71,0.5
460,4i,150.0,3,6.3069,2,13.71,False,1,0.0,13.71,13.71,0.5
465,4i,150.0,2,0.0,2,13.71,False,1,0.0,13.71,13.71,0.5
470,4i,150.0,3,6.4323,2,13.71,False,2,12.5,13.71,480.3,0.5
475,4i,150.0,2,0.0,2,13.71,False,2,11.8392,13.71,359.09,0.5
480,4i,150.0,2,0.0,2,13.71,False,2,12.2068,13.71,238.26,0.5
485,4i,150.0,4,17.98,0,0.0,False,2,14.0831,8.59,116.29,0.5
490,4i,150.0,3,12.4083,0,0.0,False,2,19.6362,22.8,456.98,0.5
495,4i,150.0,3,0.0241,2,1.0,False,2,13.0746,1.0,322.44,0.5
500,4i,150.0,3,0.0,3,1.0,False,2,13.3828,1.0,187.46,0.5
505,4i,150.0,4,4.8475,3,1.0,False,3,15.6107,1.0,401.8,0.5
510,4i,150.0,4,1.416,3,1.0,False,4,15.0238,1.0,429.28,0.5
515,4i,150.0,5,5.4273,4,8.0,False,4,13.382,1.0,293.57,0.5
520,4i,150.0,5,2.7669,4,8.0,False,5,12.5981,1.0,411.93,0.5
525,4i,150.0,6,2.7966,4,8.0,False,5,7.9369,1.0,295.69,0.5
530,4i,150.0,6,0.5515,5,8.0,False,6,8.3129,1.0,408.92,0.5
535,4i,150.0,7,2.7929,6,12.01,False,6,7.1459,1.0,287.5,0.5
540,4i,150.0,7,0.9843,6,12.0,False,6,5.1271,1.0,166.57,0.5
545,4i,150.0,4,5.6592,2,5.0,False,4,12.6017,1.56,483.3,0.5
550,4i,150.0,3,6.7721,2,5.0,False,2,13.6524,5.0,349.27,0.5
555,4i,150.0,2,0.0,2,5.0,False,2,13.3559,5.0,214.98,0.5
560,4i,150.0,3,7.9818,2,5.0,False,2,11.9726,5.0,84.85,0.5
565,4i,150.0,3,3.4371,2,5.0,False,4,15.0695,5.0,457.23,0.5
570,4i,150.0,2,0.0,2,5.0,False,3,16.8884,5.0,335.89,0.5
575,4i,150.0,0,0.0,0,0.0,False,2,25.6171,190.78,214.52,0.5
580,4i,150.0,3,23.0083,0,0.0,False,2,22.5779,65.25,93.25,0.5
585,4i,150.0,3,9.066,0,0.0,False,2,8.1722,4.36,14.42,0.5
590,4i,150.0,3,0.0,3,1.0,False,2,0.0,1.0,1.0,0.5
595,4i,150.0,3,0.0,3,1.0,False,3,9.2567,1.0,483.3,0.5
600,4i,150.0,3,0.0,3,1.0,False,3,8.9081,1.0,350.12,0.5
605,4i,150.0,4,3.5767,3,1.0,False,3,8.7013,1.0,216.98,0.5
610,4i,150.0,5,5.8276,3,1.0,False,3,7.3745,1.0,90.07,0.5
615,4i,150.0,5,1.8331,3,1.0,False,3,3.0067,1.0,18.72,0.5
620,4i,150.0,6,2.7517,5,8.02,False,3,0.0112,1.0,8.02,0.5
625,4i,150.0,7,3.9028,5,8.0,False,3,0.0,1.0,8.0,0.5
630,4i,150.0,7,2.1707,6,20.71,False,3,0.0,1.0,8.0,0.5
635,4i,150.0,4,6.4213,1,1.0,False,1,0.0,1.0,1.0,0.5
640,4i,150.0,3,4.0915,2,5.0,False,1,0.0,1.0,1.0,0.5
645,4i,150.0,3,5.7795,2,5.0,False,1,0.0,1.0,1.0,0.5
650,4i,150.0,2,0.0,2,5.0,False,1,0.0,1.0,1.0,0.5
655,4i,150.0,3,7.7656,2,5.0,False,1,0.0,1.0,1.0,0.5
660,4i,150.0,3,3.3743,2,5.0,False,3,14.5586,1.0,436.43,0.5
665,4i,150.0,1,0.2,1,1.09,False,2,21.3921,312.97,341.64,0.5
670,4i,150.0,1,0.0,1,1.0,False,2,21.5457,193.98,247.77,0.5
675,4i,150.0,3,14.4047,1,1.0,False,2,20.3501,76.8,153.89,0.5
680,4i,150.0,4,7.2959,1,1.0,False,3,15.0997,8.46,408.79,0.5
685,4i,150.0,4,1.7585,3,1.0,False,3,10.5558,1.0,289.03,0.5
690,4i,150.0,4,0.067,3,1.0,False,3,8.2551,1.0,168.21,0.5
695,4i,150.0,5,3.1843,4,8.0,False,4,10.9229,1.0,483.3,0.5
700,4i,150.0,5,0.619,4,8.0,False,4,7.4239,1.0,348.4,0.5
705,4i,150.0,6,3.895,5,20.71,False,4,6.6843,1.0,213.83,0.5
710,4i,150.0,7,4.2063,5,20.71,False,4,5.0186,1.0,93.17,0.5
715,4i,150.0,7,0.9404,6,20.71,False,4,1.6429,1.0,34.3,0.5
720,4i,150.0,7,0.0126,7,27.76,False,5,5.0176,1.0,480.3,0.5
725,4i,150.0,4,6.3353,1,1.0,False,3,10.7969,11.27,360.37,0.5
730,4i,150.0,2,4.8865,1,1.0,False,1,24.3049,237.76,237.76,0.5
735,4i,150.0,4,10.1961,1,1.0,False,2,23.6408,117.56,431.57,0.5
740,4i,150.0,4,6.8175,2,8.0,False,2,20.2497,24.4,311.84,0.5
745,4i,150.0,2,0.0,2,8.0,False,1,24.9721,190.9,190.9,0.5
750,4i,150.0,3,7.3146,2,8.0,False,1,21.9439,72.13,72.13,0.5
755,4i,150.0,2,5.3278,0,0.0,False,3,18.1236,6.33,409.43,0.5
760,4i,150.0,1,0.0,1,1.0,False,3,15.7366,1.0,289.86,0.5
765,4i,150.0,1,0.0,1,1.0,False,3,16.3566,1.0,169.77,0.5
770,4i,150.0,4,14.008,1,1.0,False,4,15.5158,1.0,480.3,0.5
775,4i,150.0,4,3.1621,1,1.0,False,4,8.0329,1.0,361.8,0.5
780,4i,150.0,4,0.0064,4,8.01,False,4,6.239,1.0,241.19,0.5
785,4i,150.0,5,4.6812,4,8.0,False,5,9.5026,1.0,431.44,0.5
790,4i,150.0,5,2.3074,4,8.0,False,5,7.2489,1.0,309.25,0.5
795,4i,150.0,5,0.0205,4,8.0,False,5,4.8029,1.0,188.87,0.5
800,4i,150.0,6,3.2077,5,15.0,False,6,7.2229,1.0,456.21,0.5
805,4i,150.0,7,4.0176,5,15.0,False,6,5.0975,1.0,335.09,0.5
810,4i,150.0,7,1.1645,6,15.0,False,7,7.1939,1.0,430.26,0.5
815,4i,150.0,4,8.1168,1,1.0,False,4,13.7676,1.0,296.39,0.5
820,4i,150.0,2,4.5758,1,1.0,False,3,12.2562,1.0,161.55,0.5
825,4i,150.0,3,6.3534,1,1.0,False,3,6.3534,1.0,43.4,0.5
830,4i,150.0,2,0.0,2,8.0,False,3,8.9878,1.0,402.34,0.5
835,4i,150.0,3,5.1323,2,8.0,False,3,8.7521,1.0,266.45,0.5
840,4i,150.0,4,9.2842,2,8.0,False,3,8.8746,1.0,132.49,0.5
845,4i,150.0,3,6.5159,1,1.0,False,4,17.3869,1.46,480.3,0.5
850,4i,150.0,2,0.7456,1,1.0,False,3,16.543,1.0,360.91,0.5
855,4i,150.0,2,0.0,2,1.0,False,3,16.2414,1.0,239.05,0.5
860,4i,150.0,5,14.3102,2,1.0,False,3,16.0162,1.0,119.63,0.5
865,4i,150.0,5,7.6502,2,1.0,False,3,8.8332,1.0,31.48,0.5
870,4i,150.0,5,0.1856,3,13.76,False,3,0.2759,1.0,5.2,0.5
875,4i,150.0,5,0.0,5,13.71,False,3,0.0001,1.0,5.0,0.5
880,4i,150.0,6,3.6858,5,13.71,False,3,0.0,1.0,5.0,0.5
885,4i,150.0,6,1.651,5,13.71,False,3,0.0,1.0,5.0,0.5
890,4i,150.0,6,0.0026,6,13.71,False,3,0.0,1.0,5.0,0.5
895,4i,150.0,7,2.3446,6,13.71,False,3,0.0,1.0,5.0,0.5
900,4i,150.0,8,2.1628,6,13.71,False,3,0.0,1.0,5.0,0.5
905,4i,150.0,4,3.2183,1,1.0,False,2,9.5076,1.0,415.59,0.5
910,4i,150.0,2,8.7297,1,1.0,False,3,14.487,1.0,432.58,0.5
915,4i,150.0,2,2.2109,1,1.0,False,3,14.1779,1.0,312.4,0.5
920,4i,150.0,3,5.7997,2,8.0,False,4,17.4162,1.0,483.3,0.5
925,4i,150.0,4,8.2566,2,8.0,False,4,15.1415,1.0,347.97,0.5
930,4i,150.0,4,3.513,2,8.0,False,4,10.1322,1.0,212.31,0.5
935,4i,150.0,4,6.5451,2,1.01,False,3,7.1032,1.0,86.37,0.5
940,4i,150.0,3,2.4275,2,1.0,False,4,8.0182,1.0,455.51,0.5
945,4i,150.0,3,0.0049,3,15.05,False,4,6.1488,1.0,335.66,0.5
950,4i,150.0,3,0.0,3,15.04,False,4,6.2427,1.0,214.98,0.5
955,4i,150.0,6,11.6848,3,15.04,False,4,5.7498,1.0,96.67,0.5
960,4i,150.0,6,4.6996,3,15.04,False,5,6.6127,1.0,433.03,0.5
965,4i,150.0,6,0.0113,6,19.04,False,5,4.9669,1.0,311.73,0.5
970,4i,150.0,6,0.0,6,19.04,False,6,8.1358,1.0,480.3,0.5
975,4i,150.0,7,2.7314,6,19.04,False,6,7.2046,1.0,360.17,0.5
980,4i,150.0,7,0.7314,6,19.04,False,7,8.0542,1.0,401.67,0.5
985,4i,150.0,8,2.9066,7,26.05,False,7,7.1993,1.0,268.02,0.5
990,4i,150.0,9,4.0389,7,26.04,False,8,7.8775,1.0,377.41,0.5
995,4i,150.0,6,4.2035,1,1.0,False,5,10.035,2.77,243.1,0.5
1000,4i,150.0,4,8.5852,1,1.0,False,3,11.4469,8.23,111.49,0.5
1005,4i,150.0,2,5.7638,1,1.0,False,2,17.7923,26.59,408.4,0.5
1010,4i,150.0,3,8.2751,2,8.0,False,2,11.754,8.0,288.16,0.5
1015,4i,150.0,3,5.6606,2,8.0,False,2,11.7782,8.0,168.11,0.5
1020,4i,150.0,4,4.903,2,8.0,False,2,8.8163,8.0,59.0,0.5
1025,4i,150.0,3,3.0629,1,0.62,False,2,4.5943,2.63,5.79,0.5
1030,4i,150.0,3,7.7042,2,1.02,False,1,0.0326,1.02,1.02,0.5
1035,4i,150.0,3,3.0267,2,1.0,False,3,13.3927,1.0,436.56,0.5
1040,4i,150.0,3,0.0052,3,7.62,False,3,14.0579,1.0,343.01,0.5
1045,4i,150.0,3,0.0,3,7.62,False,3,14.0766,1.0,248.92,0.5
1050,4i,150.0,5,8.4078,3,7.62,False,3,12.8901,1.0,155.38,0.5
1055,4i,150.0,6,4.7629,3,7.62,False,4,11.4125,1.0,407.79,0.5
1060,4i,150.0,6,1.168,5,14.62,False,4,7.9033,1.0,286.92,0.5
1065,4i,150.0,6,0.0034,5,14.62,False,4,6.0098,1.0,165.92,0.5
1070,4i,150.0,7,2.313,6,14.62,False,4,4.0478,1.0,61.14,0.5
1075,4i,150.0,7,0.3254,6,14.62,False,4,0.5695,1.0,21.84,0.5
1080,4i,150.0,8,2.6742,7,21.62,False,4,0.0002,1.0,21.62,0.5
1085,4i,150.0,4,4.4304,1,1.0,False,2,3.7226,6.03,18.56,0.5
1090,4i,150.0,2,9.4552,1,1.0,False,0,,,,0.5
1095,4i,150.0,3,12.3217,1,1.0,False,0,,,,0.5
1100,4i,150.0,2,5.9201,1,1.0,False,1,23.809,383.19,383.19,0.5
1105,4i,150.0,3,8.3681,1,1.0,False,1,24.5833,262.18,262.18,0.5
1110,4i,150.0,4,8.4482,2,8.0,False,2,25.3935,141.39,429.22,0.5
1115,4i,150.0,3,6.2225,1,1.0,False,2,20.8873,43.35,294.74,0.5
1120,4i,150.0,2,1.2524,1,1.0,False,2,14.5047,1.0,159.79,0.5
1125,4i,150.0,3,5.3286,2,1.0,False,2,7.993,1.0,52.3,0.5
1130,4i,150.0,3,1.0218,2,1.0,False,4,12.1148,1.0,419.5,0.5
1135,4i,150.0,3,0.0,3,8.0,False,4,11.2524,1.0,326.51,0.5
1140,4i,150.0,4,6.5618,3,8.0,False,4,11.2384,1.0,234.17,0.5
1145,4i,150.0,6,8.6964,3,8.0,False,4,8.3169,1.0,141.36,0.5
1150,4i,150.0,6,4.2671,3,8.0,False,5,7.4855,1.0,381.77,0.5
1155,4i,150.0,6,1.7871,4,8.0,False,5,5.7322,1.0,260.84,0.5
1160,4i,150.0,7,3.4667,6,12.09,False,6,8.1714,1.0,431.25,0.5
1165,4i,150.0,7,1.8977,6,12.0,False,7,9.1466,1.0,456.31,0.5
1170,4i,150.0,7,0.0287,6,12.0,False,7,7.1879,1.0,322.72,0.5
1175,4i,150.0,4,6.7141,1,1.0,False,5,10.892,1.0,185.92,0.5
1180,4i,150.0,2,9.883,1,1.0,False,2,9.883,1.0,69.66,0.5
1185,4i,150.0,2,5.0706,1,1.0,False,3,9.6867,0.29,435.14,0.5
1190,4i,150.0,2,11.7575,1,1.0,False,3,15.348,1.0,456.18,0.5
1195,4i,150.0,2,4.8747,1,1.0,False,3,15.6331,1.0,320.53,0.5
1200,4i,150.0,3,6.3052,2,5.01,False,3,15.1291,1.0,186.39,0.5
1205,4i,150.0,2,18.9341,0,0.0,False,2,18.9341,53.92,66.89,0.5
1210,4i,150.0,2,5.7601,0,0.0,False,2,5.7601,2.32,6.4,0.5
1215,4i,150.0,2,0.0,2,1.0,False,2,0.0,1.0,1.0,0.5
1220,4i,150.0,3,5.4791,2,1.0,False,2,0.0,1.0,1.0,0.5
1225,4i,150.0,3,1.2747,2,1.0,False,4,12.0406,1.0,384.27,0.5
1230,4i,150.0,3,0.0,3,15.04,False,4,12.2976,1.0,263.8,0.5
1235,4i,150.0,6,12.0623,3,15.04,False,4,12.0579,1.0,143.49,0.5
1240,4i,150.0,6,7.6115,3,15.04,False,4,7.306,1.0,50.28,0.5
1245,4i,150.0,6,0.5334,3,15.04,False,4,0.3274,1.0,22.04,0.5
1250,4i,150.0,6,0.0,6,22.04,False,4,0.0,1.0,22.04,0.5
1255,4i,150.0,7,2.476,6,22.04,False,5,4.9454,1.0,407.12,0.5
1260,4i,150.0,7,0.4842,6,22.04,False,5,4.702,1.0,287.25,0.5
1265,4i,150.0,4,1.9205,1,1.0,False,2,12.7332,18.14,168.24,0.5
1270,4i,150.0,3,8.2549,1,1.0,False,1,18.0853,57.71,57.71,0.5
1275,4i,150.0,2,10.7963,1,1.0,False,0,,,,0.5
1280,4i,150.0,2,4.6553,1,1.0,False,1,24.2836,408.96,408.96,0.5
1285,4i,150.0,2,8.3684,1,1.0,False,1,24.2293,288.55,288.55,0.5
1290,4i,150.0,2,2.1804,1,1.0,False,1,24.928,166.28,166.28,0.5
1295,4i,150.0,2,11.1919,0,0.0,False,1,18.6858,53.62,53.62,0.5
1300,4i,150.0,1,4.4538,0,0.0,False,2,15.4992,2.45,376.19,0.5
1305,4i,150.0,2,9.3157,1,1.0,False,2,13.5349,1.0,242.54,0.5
1310,4i,150.0,3,10.1542,1,1.0,False,2,12.36,1.0,111.23,0.5
1315,4i,150.0,3,3.9883,2,1.0,False,2,5.9825,1.0,27.92,0.5
1320,4i,150.0,3,0.0066,3,8.01,False,2,0.01,1.0,8.01,0.5
1325,4i,150.0,3,0.0,3,8.0,False,2,0.0,1.0,8.0,0.5
1330,4i,150.0,6,11.4606,3,8.0,False,2,0.0,1.0,8.0,0.5
1335,4i,150.0,6,4.829,3,8.0,False,2,0.0,1.0,8.0,0.5
1340,4i,150.0,6,0.1203,5,13.76,False,2,0.0,1.0,8.0,0.5
1345,4i,150.0,6,0.0003,6,13.71,False,2,0.0,1.0,8.0,0.5
1350,4i,150.0,7,2.8065,6,13.71,False,2,0.0,1.0,8.0,0.5
1355,4i,150.0,2,3.7523,1,1.0,False,0,,,,0.5
1360,4i,150.0,2,12.7605,1,1.0,False,0,,,,0.5
1365,4i,150.0,2,8.5226,1,1.0,False,0,,,,0.5
1370,4i,150.0,2,9.7453,1,1.0,False,0,,,,0.5
1375,4i,150.0,2,11.68,1,1.0,False,0,,,,0.5
1380,4i,150.0,2,7.6997,1,1.0,False,0,,,,0.5
1385,4i,150.0,2,14.5511,0,0.0,False,0,,,,0.5
1390,4i,150.0,1,16.0848,0,0.0,False,0,,,,0.5
1395,4i,150.0,2,10.0204,0,0.0,False,0,,,,0.5
1400,4i,150.0,2,2.1103,1,1.0,False,0,,,,0.5
1405,4i,150.0,2,0.0,2,1.0,False,0,,,,0.5
1410,4i,150.0,3,4.9541,2,1.0,False,1,26.3999,429.5,429.5,0.5
1415,4i,150.0,3,2.9284,2,1.0,False,1,26.5446,294.55,294.55,0.5
1420,4i,150.0,3,0.4785,2,1.0,False,1,27.3661,159.26,159.26,0.5
1425,4i,150.0,6,9.5657,3,8.0,False,1,14.826,57.33,57.33,0.5
1430,4i,150.0,6,2.848,3,8.0,False,2,12.7932,22.11,408.57,0.5
1435,4i,150.0,6,0.0006,6,20.71,False,2,11.8158,20.71,289.05,0.5
1440,4i,150.0,6,0.0,6,20.71,False,2,11.6331,20.71,167.64,0.5
1445,4i,150.0,3,7.1021,1,1.0,False,2,10.6531,10.15,65.88,0.5
1450,4i,150.0,2,4.8323,1,1.0,False,1,9.6646,0.06,0.06,0.5
1455,4i,150.0,2,9.7149,1,1.0,False,0,,,,0.5
1460,4i,150.0,2,12.4886,1,1.0,False,0,,,,0.5
1465,4i,150.0,2,6.2166,1,1.0,False,1,18.1961,456.39,456.39,0.5
1470,4i,150.0,2,10.4935,1,1.0,False,1,18.544,361.84,361.84,0.5
1475,4i,150.0,1,11.0488,0,0.0,False,1,18.4318,267.77,267.77,0.5
1480,4i,150.0,0,0.0,0,0.0,False,1,19.0561,173.06,173.06,0.5
1485,4i,150.0,2,21.3747,0,0.0,False,1,18.2654,78.43,78.43,0.5
1490,4i,150.0,2,12.3134,0,0.0,False,1,8.2512,8.5,8.5,0.5
1495,4i,150.0,2,0.6878,1,1.0,False,1,0.0,1.0,1.0,0.5
1500,4i,150.0,3,6.4233,2,1.0,False,1,0.0,1.0,1.0,0.5
1505,4i,150.0,3,2.2651,2,1.0,False,3,16.2834,1.0,408.74,0.5
1510,4i,150.0,3,0.0082,3,13.73,False,3,16.293,1.0,286.88,0.5
1515,4i,150.0,4,6.3057,3,13.71,False,3,15.9865,1.0,167.79,0.5
1520,4i,150.0,6,8.2036,3,13.71,False,3,12.115,1.0,56.56,0.5
1525,4i,150.0,6,1.5314,3,13.71,False,4,8.4273,1.0,381.45,0.5
1530,4i,150.0,6,0.0,6,20.71,False,4,5.905,1.0,260.82,0.5
1535,4i,150.0,3,9.4299,1,1.0,False,3,17.0744,1.0,428.98,0.5
1540,4i,150.0,2,8.575,1,1.0,False,3,14.5743,1.0,294.16,0.5
1545,4i,150.0,1,0.0,1,1.0,False,2,13.2331,1.0,158.52,0.5
1550,4i,150.0,2,8.2292,1,1.0,False,2,8.2292,1.0,48.29,0.5
1555,4i,150.0,2,12.2041,1,1.0,False,1,0.0,1.0,1.0,0.5
1560,4i,150.0,2,5.2041,1,1.0,False,1,0.0,1.0,1.0,0.5
1565,4i,150.0,2,10.4119,1,1.0,False,1,23.7567,456.54,456.54,0.5
1570,4i,150.0,1,0.0,1,1.0,False,1,23.4464,337.52,337.52,0.5
1575,4i,150.0,2,9.8232,1,1.0,False,1,23.6915,218.04,218.04,0.5
1580,4i,150.0,3,10.309,1,1.0,False,2,23.6828,98.68,409.21,0.5
1585,4i,150.0,3,3.6855,2,8.0,False,2,17.7133,16.15,289.74,0.5
1590,4i,150.0,3,0.0,3,8.0,False,2,12.1441,1.0,168.93,0.5
1595,4i,150.0,4,4.3685,3,8.0,False,2,8.737,1.0,61.45,0.5
1600,4i,150.0,4,0.8685,3,8.0,False,4,11.5191,1.0,398.95,0.5
1605,4i,150.0,4,0.0001,4,15.0,False,4,10.7012,1.0,304.87,0.5
1610,4i,150.0,5,4.805,4,15.0,False,4,10.8185,1.0,210.03,0.5
1615,4i,150.0,7,7.0282,4,15.0,False,4,8.6053,1.0,115.42,0.5
1620,4i,150.0,7,2.5821,4,15.0,False,4,4.2077,1.0,27.56,0.5
1625,4i,150.0,3,1.7551,0,0.0,False,2,1.4189,1.0,7.52,0.5
1630,4i,150.0,2,12.1297,1,1.0,False,2,13.8339,1.0,401.81,0.5
1635,4i,150.0,2,6.0541,1,1.0,False,3,17.8659,1.0,429.76,0.5
1640,4i,150.0,2,13.5421,1,1.0,False,3,18.218,1.0,295.74,0.5
1645,4i,150.0,2,9.0864,1,1.0,False,4,17.2111,1.0,431.83,0.5
1650,4i,150.0,2,8.8552,1,1.0,False,3,13.8313,1.0,311.46,0.5
1655,4i,150.0,1,2.7105,0,0.0,False,2,13.3479,1.0,192.66,0.5
1660,4i,150.0,2,11.093,1,1.0,False,3,15.392,1.0,432.38,0.5
1665,4i,150.0,2,3.6818,1,1.0,False,3,10.5535,1.0,310.39,0.5
1670,4i,150.0,3,5.9496,2,1.0,False,3,7.7896,1.0,189.76,0.5
1675,4i,150.0,4,6.1032,2,1.0,False,3,6.8546,1.0,73.55,0.5
1680,4i,150.0,4,1.8564,3,5.0,False,3,2.4748,1.0,10.15,0.5
1685,4i,150.0,5,4.7223,4,5.0,False,3,0.0365,1.0,1.03,0.5
1690,4i,150.0,5,2.7328,4,5.0,False,4,6.6803,1.0,456.58,0.5
1695,4i,150.0,5,0.6053,4,5.0,False,4,6.5509,1.0,324.48,0.5
1700,4i,150.0,5,0.0002,5,12.0,False,4,6.6082,1.0,190.81,0.5
1705,4i,150.0,8,7.5637,5,12.0,False,4,4.9592,1.0,69.9,0.5
1710,4i,150.0,8,2.4844,5,12.0,False,5,6.1128,1.0,432.47,0.5
1715,4i,150.0,4,2.1543,2,8.0,False,2,11.793,1.0,314.01,0.5
1720,4i,150.0,2,0.0,2,8.0,False,2,11.8772,1.0,192.59,0.5
1725,4i,150.0,3,7.4716,2,8.0,False,2,11.2073,1.0,73.4,0.5
1730,4i,150.0,3,3.2016,2,8.0,False,3,11.0197,0.26,409.23,0.5
1735,4i,150.0,2,0.0,2,8.0,False,2,12.2562,1.0,287.58,0.5
1740,4i,150.0,3,6.0784,2,8.0,False,3,13.8039,1.0,396.87,0.5
1745,4i,150.0,3,12.7979,0,0.0,False,2,18.4938,76.65,300.92,0.5
1750,4i,150.0,2,5.1855,0,0.0,False,3,17.3823,9.97,384.35,0.5
1755,4i,150.0,3,6.3232,2,1.0,False,3,14.3927,1.0,264.0,0.5
1760,4i,150.0,4,9.1763,2,1.0,False,3,12.2351,1.0,143.19,0.5
1765,4i,150.0,4,3.6262,2,1.0,False,3,4.835,1.0,44.24,0.5
1770,4i,150.0,5,3.9852,3,1.0,False,3,0.8446,1.0,9.44,0.5
1775,4i,150.0,5,0.7124,4,8.0,False,3,0.0002,1.0,8.0,0.5
1780,4i,150.0,6,3.6169,5,13.71,False,3,0.0,1.0,8.0,0.5
1785,4i,150.0,6,1.3402,5,13.71,False,3,0.0,1.0,8.0,0.5
1790,4i,150.0,6,0.0474,6,15.02,False,3,0.0,1.0,8.0,0.5
1795,4i,150.0,6,0.0,6,15.0,False,3,0.0,1.0,8.0,0.5
1800,4i,150.0,9,6.3286,6,15.0,False,3,0.0,1.0,8.0,0.5
1805,4i,150.0,5,5.175,1,1.0,False,1,0.0,1.0,1.0,0.5
1810,4i,150.0,2,0.0001,2,15.04,False,1,0.0,1.0,1.0,0.5
1815,4i,150.0,3,9.0014,2,15.04,False,2,11.8235,1.0,456.65,0.5
1820,4i,150.0,3,5.2398,2,15.04,False,2,11.7187,1.0,336.38,0.5
1825,4i,150.0,2,0.0,2,15.04,False,3,16.1846,1.0,383.03,0.5
1830,4i,150.0,3,7.391,2,15.04,False,3,15.4462,1.0,262.7,0.5
1835,4i,150.0,3,12.7104,0,0.0,False,2,18.1412,20.87,143.18,0.5
1840,4i,150.0,3,5.0839,1,1.0,False,3,12.8304,1.0,457.02,0.5
1845,4i,150.0,4,6.8267,2,1.0,False,3,9.0927,1.0,336.05,0.5
1850,4i,150.0,4,3.0672,3,1.0,False,3,8.2612,1.0,214.86,0.5
1855,4i,150.0,5,4.4409,3,1.0,False,3,7.2475,1.0,96.8,0.5
1860,4i,150.0,6,5.734,4,8.0,False,3,3.3311,1.0,21.79,0.5
1865,4i,150.0,6,2.3535,5,8.0,False,3,0.0001,1.0,8.0,0.5
1870,4i,150.0,6,0.4389,5,8.0,False,3,0.0,1.0,8.0,0.5
1875,4i,150.0,7,2.1807,6,8.0,False,3,0.0,1.0,8.0,0.5
1880,4i,150.0,7,0.4785,6,8.0,False,4,4.8407,1.0,415.59,0.5
1885,4i,150.0,7,0.0001,7,15.0,False,4,4.7919,1.0,320.33,0.5
1890,4i,150.0,7,0.0,7,15.0,False,4,4.7394,1.0,224.38,0.5
1895,4i,150.0,5,7.647,2,8.0,False,1,15.2952,139.51,139.51,0.5
1900,4i,150.0,5,7.5173,2,8.0,False,1,10.7952,76.53,76.53,0.5
1905,4i,150.0,3,2.1225,2,8.0,False,1,6.3674,35.76,35.76,0.5
1910,4i,150.0,3,0.6597,2,8.0,False,2,10.3603,17.06,436.72,0.5
1915,4i,150.0,4,4.1982,3,15.0,False,3,14.5494,15.0,480.3,0.5
1920,4i,150.0,4,3.5075,3,15.0,False,3,14.5721,15.0,359.77,0.5
1925,4i,150.0,2,0.5892,0,0.0,False,4,16.8462,13.82,456.91,0.5
1930,4i,150.0,4,10.1765,1,1.0,False,4,16.0473,1.0,335.14,0.5
1935,4i,150.0,4,4.8616,2,1.0,False,4,10.7393,1.0,214.6,0.5
1940,4i,150.0,5,4.429,3,1.0,False,4,5.5362,1.0,94.59,0.5
1945,4i,150.0,5,1.6939,4,15.04,False,4,2.1174,1.0,25.66,0.5
1950,4i,150.0,6,3.2357,5,15.06,False,4,0.0298,1.0,15.06,0.5
1955,4i,150.0,6,0.8826,5,15.04,False,5,4.9492,1.0,406.12,0.5
1960,4i,150.0,7,1.8337,6,22.05,False,5,4.8862,1.0,284.76,0.5
1965,4i,150.0,7,1.1897,6,22.04,False,5,4.812,1.0,165.71,0.5
1970,4i,150.0,8,2.3549,6,22.04,False,5,3.0023,1.0,69.06,0.5
1975,4i,150.0,8,0.3465,7,22.04,False,7,6.9517,1.0,396.1,0.5
1980,4i,150.0,8,0.0,8,29.04,False,7,6.5821,1.0,300.24,0.5
1985,4i,150.0,8,7.1231,3,28.32,False,6,7.5421,1.0,206.43,0.5
1990,4i,150.0,6,7.3885,2,15.04,False,5,5.5951,1.0,129.91,0.5
1995,4i,150.0,4,3.1108,3,22.1,False,4,3.1108,1.0,65.25,0.5
2000,4i,150.0,4,2.5564,3,22.04,False,4,2.5564,1.0,22.04,0.5
2005,4i,150.0,4,6.0633,3,22.04,False,3,0.0,1.0,22.04,0.5
2010,4i,150.0,4,2.8198,3,22.04,False,3,0.0,1.0,22.04,0.5
2015,4i,150.0,2,0.9591,1,21.49,False,2,0.9591,13.05,21.49,0.5
2020,4i,150.0,2,11.7301,0,0.0,False,2,15.0891,4.55,430.82,0.5
2025,4i,150.0,3,9.0268,1,1.0,False,2,12.3279,1.0,309.4,0.5
2030,4i,150.0,3,2.6666,2,1.0,False,3,15.7715,1.0,408.56,0.5
2035,4i,150.0,4,5.025,3,1.0,False,4,17.0194,1.0,431.79,0.5
2040,4i,150.0,4,1.6333,3,1.0,False,4,13.5955,1.0,309.59,0.5
2045,4i,150.0,5,3.6552,4,5.02,False,4,10.4311,1.0,189.46,0.5
2050,4i,150.0,6,4.0218,4,5.0,False,4,6.0327,1.0,75.17,0.5
2055,4i,150.0,6,1.1783,5,8.0,False,4,1.7675,1.0,14.36,0.5
2060,4i,150.0,6,0.0009,6,8.0,False,4,0.0014,1.0,8.0,0.5
2065,4i,150.0,7,2.0438,6,8.0,False,6,8.3333,1.0,480.3,0.5
2070,4i,150.0,7,1.4032,6,8.0,False,6,8.0835,1.0,360.27,0.5
2075,4i,150.0,3,2.712,2,5.0,False,4,11.894,1.0,238.98,0.5
2080,4i,150.0,5,14.2947,2,5.0,False,4,12.2218,1.0,119.01,0.5
2085,4i,150.0,5,8.1156,2,5.0,False,4,7.9865,1.0,28.03,0.5
2090,4i,150.0,3,0.0559,3,12.08,False,2,0.0,1.0,5.0,0.5
2095,4i,150.0,3,0.0,3,12.0,False,2,0.0,1.0,5.0,0.5
2100,4i,150.0,4,5.4208,3,12.0,False,3,8.1079,1.0,383.12,0.5
2105,4i,150.0,2,4.543,0,0.0,False,2,24.3394,264.57,407.35,0.5
2110,4i,150.0,2,12.4109,1,1.0,False,2,24.4057,140.79,286.53,0.5
2115,4i,150.0,2,7.9292,1,1.0,False,3,22.2393,35.29,375.36,0.5
2120,4i,150.0,3,6.2297,1,1.0,False,3,15.0161,1.0,240.86,0.5
2125,4i,150.0,4,7.503,2,1.0,False,3,10.004,1.0,107.54,0.5
2130,4i,150.0,4,2.992,3,8.0,False,3,3.9893,1.0,18.9,0.5
2135,4i,150.0,5,4.9346,4,8.0,False,3,0.0,1.0,8.0,0.5
2140,4i,150.0,5,2.7827,4,8.0,False,3,0.0,1.0,8.0,0.5
2145,4i,150.0,6,3.1705,4,8.0,False,3,0.0,1.0,8.0,0.5
2150,4i,150.0,6,0.6434,5,15.0,False,3,0.0,1.0,8.0,0.5
2155,4i,150.0,7,3.5033,6,15.0,False,3,0.0,1.0,8.0,0.5
2160,4i,150.0,7,1.5694,6,15.0,False,6,11.5587,1.0,435.24,0.5
2165,4i,150.0,3,2.235,1,1.0,False,4,17.6738,1.0,339.59,0.5
2170,4i,150.0,1,0.0,1,1.0,False,4,17.6761,1.0,244.14,0.5
2175,4i,150.0,4,14.1321,1,1.0,False,4,14.1321,1.0,149.19,0.5
2180,4i,150.0,3,7.3184,1,1.0,False,3,7.3184,1.0,68.91,0.5
2185,4i,150.0,3,3.3574,2,5.01,False,3,3.3574,1.0,9.74,0.5
2190,4i,150.0,2,0.0,2,5.0,False,3,9.2567,1.0,483.3,0.5
2195,4i,150.0,2,11.2489,0,0.0,False,2,15.0397,0.18,347.66,0.5
2200,4i,150.0,1,4.3981,0,0.0,False,2,22.5297,211.95,400.93,0.5
2205,4i,150.0,2,11.36,1,1.0,False,3,23.2827,81.85,483.3,0.5
2210,4i,150.0,2,4.405,1,1.0,False,3,18.2868,9.62,350.59,0.5
2215,4i,150.0,3,6.3015,2,1.0,False,3,15.3295,1.0,215.62,0.5
2220,4i,150.0,4,8.7154,2,1.0,False,3,11.6205,1.0,85.64,0.5
2225,4i,150.0,4,3.2797,2,1.0,False,4,7.967,1.0,398.58,0.5
2230,4i,150.0,5,4.0749,4,8.02,False,4,4.6337,1.0,304.76,0.5
2235,4i,150.0,5,1.5564,4,8.0,False,5,8.6044,1.0,432.22,0.5
2240,4i,150.0,6,3.0802,5,20.72,False,5,8.6042,1.0,312.4,0.5
2245,4i,150.0,6,1.9273,5,20.71,False,5,7.0174,1.0,191.7,0.5
2250,4i,150.0,7,3.2427,5,20.71,False,5,4.5398,1.0,79.75,0.5
2255,4i,150.0,3,3.8173,1,1.0,False,2,2.7092,1.0,26.95,0.5
2260,4i,150.0,1,0.0,1,1.0,False,1,0.0,1.0,1.0,0.5
2265,4i,150.0,2,13.6404,1,1.0,False,1,0.0,1.0,1.0,0.5
2270,4i,150.0,4,12.8231,1,1.0,False,1,0.0,1.0,1.0,0.5
2275,4i,150.0,3,3.7193,1,1.0,False,1,0.0,1.0,1.0,0.5
2280,4i,150.0,2,0.0,2,5.0,False,1,0.0,1.0,1.0,0.5
2285,4i,150.0,1,23.3397,0,0.0,False,0,,,,0.5
2290,4i,150.0,1,16.6173,0,0.0,False,0,,,,0.5
2295,4i,150.0,1,1.6173,0,0.0,False,0,,,,0.5
2300,4i,150.0,2,8.5495,1,1.0,False,0,,,,0.5
2305,4i,150.0,3,8.9732,1,1.0,False,0,,,,0.5
2310,4i,150.0,3,4.1116,2,1.0,False,1,23.8856,433.07,433.07,0.5
2315,4i,150.0,4,6.1222,2,1.0,False,2,24.8605,310.8,480.3,0.5
2320,4i,150.0,4,2.4748,3,8.0,False,2,24.5222,189.1,360.13,0.5
2325,4i,150.0,5,3.824,4,8.0,False,2,21.7041,74.21,239.28,0.5
2330,4i,150.0,6,4.9061,4,8.0,False,3,19.0626,20.14,402.5,0.5
2335,4i,150.0,6,2.083,5,15.02,False,3,12.8395,15.02,268.32,0.5
2340,4i,150.0,7,3.727,5,15.0,False,3,8.6963,5.04,136.27,0.5
2345,4i,150.0,3,5.6474,1,1.0,False,2,8.471,5.65,44.71,0.5
2350,4i,150.0,1,0.0,1,1.0,False,1,27.4953,375.12,375.12,0.5
2355,4i,150.0,1,0.0,1,1.0,False,1,26.6815,240.63,240.63,0.5
2360,4i,150.0,4,18.7551,1,1.0,False,1,23.8005,108.65,108.65,0.5
2365,4i,150.0,4,9.6696,1,1.0,False,2,15.2514,27.53,474.59,0.5
2370,4i,150.0,3,1.16,1,1.0,False,2,9.1268,8.03,379.74,0.5
2375,4i,150.0,2,1.9758,1,1.01,False,2,11.5896,2.13,284.03,0.5
2380,4i,150.0,1,0.0,1,1.0,False,1,19.2992,188.41,188.41,0.5
2385,4i,150.0,2,8.5457,1,1.0,False,2,22.2323,97.01,429.26,0.5
2390,4i,150.0,2,6.1761,1,1.0,False,2,18.0932,20.41,300.47,0.5
2395,4i,150.0,3,6.4594,2,1.0,False,2,10.8491,1.0,187.57,0.5
2400,4i,150.0,4,7.0734,2,1.0,False,2,7.8924,1.0,93.2,0.5
2405,4i,150.0,4,3.6845,2,1.0,False,2,4.407,1.0,26.71,0.5
2410,4i,150.0,5,3.8233,4,13.72,False,2,0.0139,1.0,13.72,0.5
2415,4i,150.0,5,3.7721,4,13.71,False,2,0.0,1.0,13.71,0.5
2420,4i,150.0,6,3.3968,4,13.71,False,2,0.0,1.0,13.71,0.5
2425,4i,150.0,7,2.6208,5,13.71,False,2,0.0,1.0,13.71,0.5
2430,4i,150.0,7,0.2007,6,17.71,False,2,0.0,1.0,13.71,0.5
2435,4i,150.0,5,7.6954,1,1.0,False,1,5.7602,0.37,0.37,0.5
2440,4i,150.0,2,8.3558,1,1.0,False,2,26.385,480.3,483.3,0.5
2445,4i,150.0,1,0.0,1,1.0,False,2,25.4417,351.46,359.02,0.5
2450,4i,150.0,1,0.0,1,1.0,False,2,24.7721,218.98,238.42,0.5
2455,4i,150.0,3,15.5879,1,1.0,False,2,23.3819,92.01,117.57,0.5
2460,4i,150.0,4,9.9629,1,1.0,False,3,16.2789,23.45,430.43,0.5
2465,4i,150.0,3,4.6165,0,0.0,False,3,9.4779,1.0,294.24,0.5
2470,4i,150.0,3,0.0481,2,1.0,False,3,9.0586,1.0,159.56,0.5
2475,4i,150.0,4,3.9957,3,1.0,False,3,5.3277,1.0,52.6,0.5
2480,4i,150.0,4,0.5627,3,1.0,False,3,0.7503,1.0,14.41,0.5
2485,4i,150.0,5,5.0223,4,13.71,False,3,0.0,1.0,13.71,0.5
2490,4i,150.0,5,2.2375,4,13.71,False,3,0.0,1.0,13.71,0.5
2495,4i,150.0,6,2.5571,5,13.71,False,3,0.0,1.0,13.71,0.5
2500,4i,150.0,7,5.0546,5,13.71,False,4,6.0634,1.0,382.84,0.5
2505,4i,150.0,7,2.6143,5,13.71,False,4,5.9976,1.0,262.57,0.5
2510,4i,150.0,8,3.2379,5,13.71,False,4,5.8516,1.0,143.22,0.5
2515,4i,150.0,8,1.5559,7,17.72,False,5,7.4872,1.0,480.3,0.5
2520,4i,150.0,9,2.0857,7,17.71,False,5,4.7973,1.0,358.67,0.5
2525,4i,150.0,5,3.5178,2,5.0,False,3,8.6108,1.0,234.64,0.5
2530,4i,150.0,4,7.578,2,5.0,False,3,10.104,1.0,114.32,0.5
2535,4i,150.0,3,5.0056,2,5.0,False,2,7.5084,1.0,21.64,0.5
2540,4i,150.0,2,0.0,2,5.0,False,1,0.0,1.0,1.0,0.5
2545,4i,150.0,2,0.0,2,5.0,False,1,0.0,1.0,1.0,0.5
2550,4i,150.0,5,11.8,2,5.0,False,1,0.0,1.0,1.0,0.5
2555,4i,150.0,3,6.2968,0,0.0,False,1,27.4533,402.52,402.52,0.5
2560,4i,150.0,2,0.0069,2,1.0,False,1,26.2433,268.67,268.67,0.5
2565,4i,150.0,3,8.9852,2,1.0,False,2,25.9778,132.68,480.3,0.5
2570,4i,150.0,3,4.669,2,1.0,False,2,19.3309,36.04,360.44,0.5
2575,4i,150.0,3,0.4412,2,1.0,False,3,17.7148,5.41,376.2,0.5
2580,4i,150.0,4,5.8611,3,5.0,False,4,19.4989,5.0,483.3,0.5
2585,4i,150.0,5,7.4026,3,5.0,False,4,15.7892,5.0,349.78,0.5
2590,4i,150.0,5,2.2688,3,5.0,False,4,9.5156,5.0,215.91,0.5
2595,4i,150.0,6,4.045,5,9.14,False,4,6.0676,5.0,85.92,0.5
2600,4i,150.0,6,1.5192,5,9.0,False,5,6.563,5.0,384.59,0.5
2605,4i,150.0,7,3.3625,6,9.0,False,5,4.7688,1.0,263.64,0.5
2610,4i,150.0,8,4.4827,6,9.0,False,5,4.8971,1.0,142.21,0.5
2615,4i,150.0,3,6.1722,1,1.0,False,2,7.9523,1.0,42.52,0.5
2620,4i,150.0,1,0.0,1,1.0,False,1,0.0,1.0,1.0,0.5
2625,4i,150.0,2,10.9471,1,1.0,False,1,0.0,1.0,1.0,0.5
2630,4i,150.0,2,4.6966,1,1.0,False,2,11.7648,1.0,407.68,0.5
2635,4i,150.0,1,0.0,1,1.0,False,2,11.7105,1.0,288.38,0.5
2640,4i,150.0,3,17.9946,1,1.0,False,2,12.3694,1.0,165.09,0.5
2645,4i,150.0,3,16.1805,0,0.0,False,1,18.3845,53.76,53.76,0.5
2650,4i,150.0,2,2.3436,0,0.0,False,1,4.4262,3.63,3.63,0.5
2655,4i,150.0,2,0.0,2,1.0,False,1,0.0,1.0,1.0,0.5
2660,4i,150.0,3,8.1038,2,1.0,False,2,13.1744,1.0,430.84,0.5
2665,4i,150.0,3,3.6757,2,1.0,False,3,15.4357,1.0,474.59,0.5
2670,4i,150.0,3,0.0966,3,8.06,False,3,14.9574,1.0,380.7,0.5
2675,4i,150.0,4,4.2127,3,8.0,False,3,11.8193,1.0,287.72,0.5
2680,4i,150.0,4,0.8676,3,8.0,False,3,7.5189,1.0,193.44,0.5
2685,4i,150.0,5,3.3122,4,8.0,False,3,5.5204,1.0,102.15,0.5
2690,4i,150.0,6,5.5494,4,8.0,False,3,3.2319,1.0,39.63,0.5
2695,4i,150.0,6,2.1143,4,8.0,False,3,0.7319,1.0,13.66,0.5
2700,4i,150.0,7,2.6625,6,12.0,False,3,0.0031,1.0,12.0,0.5
2705,4i,150.0,4,8.2117,1,1.0,False,1,3.5645,5.36,5.36,0.5
2710,4i,150.0,2,8.9803,1,1.0,False,0,,,,0.5
2715,4i,150.0,1,0.0,1,1.0,False,0,,,,0.5
2720,4i,150.0,2,8.8918,1,1.0,False,0,,,,0.5
2725,4i,150.0,2,6.6418,1,1.0,False,2,19.1752,396.13,396.58,0.5
2730,4i,150.0,2,2.6208,1,1.0,False,2,19.1498,300.78,301.17,0.5
2735,4i,150.0,2,12.4881,1,1.0,False,2,19.1963,204.35,205.68,0.5
2740,4i,150.0,4,13.0964,1,1.0,False,3,19.1912,109.04,473.26,0.5
2745,4i,150.0,4,6.7498,1,1.0,False,3,15.0672,22.93,377.89,0.5
2750,4i,150.0,4,0.0003,3,15.04,False,3,6.3809,1.0,282.77,0.5
2755,4i,150.0,4,0.0,4,15.04,False,3,5.8802,1.0,189.1,0.5
2760,4i,150.0,5,2.662,4,15.04,False,3,4.4366,1.0,113.89,0.5
2765,4i,150.0,5,1.762,4,15.04,False,3,2.9366,1.0,60.84,0.5
2770,4i,150.0,6,3.5549,4,15.04,False,4,7.1582,1.0,432.5,0.5
2775,4i,150.0,7,2.9096,5,22.05,False,4,6.0145,1.0,313.12,0.5
2780,4i,150.0,7,0.526,6,22.04,False,5,9.897,1.0,407.42,0.5
2785,4i,150.0,8,2.5008,7,36.08,False,5,8.8775,1.0,286.52,0.5
2790,4i,150.0,8,0.7932,7,36.08,False,5,6.0139,1.0,167.18,0.5
2795,4i,150.0,7,3.0209,3,35.1,False,4,3.8344,1.0,72.1,0.5
2800,4i,150.0,5,2.0867,2,15.04,False,4,1.7964,1.0,37.83,0.5
2805,4i,150.0,4,5.4894,2,15.04,False,3,1.8017,1.0,15.04,0.5
2810,4i,150.0,3,8.2019,2,15.04,False,2,0.0,1.0,15.04,0.5
2815,4i,150.0,3,5.6059,2,15.04,False,3,8.3333,1.0,480.3,0.5
2820,4i,150.0,2,0.0,2,15.04,False,3,7.7696,1.0,361.58,0.5
2825,4i,150.0,1,1.3697,0,0.0,False,2,12.6128,13.22,242.04,0.5
2830,4i,150.0,4,17.7553,0,0.0,False,2,11.9901,1.03,120.72,0.5
2835,4i,150.0,4,10.515,1,1.0,False,2,6.9732,1.0,27.08,0.5
2840,4i,150.0,4,0.7518,1,1.0,False,2,0.0,1.0,1.0,0.5
2845,4i,150.0,4,0.0004,4,8.0,False,2,0.0,1.0,1.0,0.5
2850,4i,150.0,5,4.4432,4,8.0,False,3,8.8564,1.0,375.33,0.5
2855,4i,150.0,5,2.0748,4,8.0,False,3,8.6757,1.0,240.68,0.5
2860,4i,150.0,6,4.1063,5,8.0,False,3,8.1155,1.0,108.98,0.5
2865,4i,150.0,6,1.8618,5,8.0,False,4,8.7058,1.0,408.43,0.5
2870,4i,150.0,7,2.5916,5,8.0,False,4,6.0641,1.0,288.27,0.5
2875,4i,150.0,7,0.6161,6,8.0,False,5,9.745,1.0,383.34,0.5
2880,4i,150.0,8,2.1201,7,12.0,False,6,11.1816,1.0,402.98,0.5
2885,4i,150.0,5,6.478,2,8.0,False,4,13.9259,1.0,267.69,0.5
2890,4i,150.0,5,8.6566,3,15.0,False,5,14.2106,1.0,483.3,0.5
2895,4i,150.0,4,4.5828,3,15.0,False,4,11.3121,1.0,347.55,0.5
2900,4i,150.0,3,0.0,3,15.0,False,3,8.775,1.0,214.66,0.5
2905,4i,150.0,4,6.0677,3,15.0,False,3,8.0903,1.0,81.8,0.5
2910,4i,150.0,4,2.6902,3,15.0,False,6,14.4034,0.0,456.99,0.5
2915,4i,150.0,2,3.1876,0,0.0,False,4,18.3823,13.24,338.5,0.5
2920,4i,150.0,0,0.0,0,0.0,False,3,23.921,188.15,220.54,0.5
2925,4i,150.0,3,22.6444,0,0.0,False,3,22.6444,69.9,101.13,0.5
2930,4i,150.0,3,8.6146,0,0.0,False,4,13.0931,5.79,403.01,0.5
2935,4i,150.0,3,0.0,3,1.0,False,4,6.734,1.0,270.01,0.5
2940,4i,150.0,4,6.5752,3,1.0,False,5,10.2602,1.0,480.3,0.5
2945,4i,150.0,4,3.5922,3,1.0,False,5,7.5766,1.0,362.33,0.5
2950,4i,150.0,4,0.5216,3,1.0,False,5,5.1339,1.0,242.2,0.5
2955,4i,150.0,5,4.9387,4,5.0,False,5,4.9387,1.0,122.59,0.5
2960,4i,150.0,6,6.2276,4,5.0,False,5,2.532,1.0,32.43,0.5
2965,4i,150.0,6,2.5385,4,5.0,False,6,4.3384,1.0,480.3,0.5
2970,4i,150.0,7,3.4544,5,8.0,False,6,3.9076,1.0,362.25,0.5
2975,4i,150.0,2,4.4739,1,1.0,False,2,12.0921,1.0,240.63,0.5
2980,4i,150.0,3,7.9663,2,8.0,False,2,11.9463,1.0,120.29,0.5
2985,4i,150.0,3,4.8121,2,8.0,False,3,11.1666,1.0,454.2,0.5
2990,4i,150.0,3,5.472,2,8.0,False,2,9.7189,1.0,357.56,0.5
2995,4i,150.0,3,5.7779,2,8.0,False,2,9.5233,1.0,262.21,0.5
3000,4i,150.0,2,0.0,2,8.0,False,2,9.712,1.0,166.93,0.5
3005,4i,150.0,2,11.438,0,0.0,False,1,19.0041,71.44,71.44,0.5
3010,4i,150.0,1,7.0786,0,0.0,False,1,7.0786,6.16,6.16,0.5
3015,4i,150.0,2,13.583,1,1.0,False,1,0.0,1.0,1.0,0.5
3020,4i,150.0,4,12.4777,1,1.0,False,1,0.0,1.0,1.0,0.5
3025,4i,150.0,4,2.1314,1,1.0,False,1,0.0,1.0,1.0,0.5
3030,4i,150.0,4,0.0001,4,15.04,False,1,0.0,1.0,1.0,0.5
3035,4i,150.0,5,4.6584,4,15.04,False,1,0.0,1.0,1.0,0.5
3040,4i,150.0,5,2.8357,4,15.04,False,2,12.5,1.0,480.3,0.5
3045,4i,150.0,5,0.304,4,15.04,False,2,12.0255,1.0,360.17,0.5
3050,4i,150.0,6,3.8135,5,22.04,False,3,16.1019,1.0,455.95,0.5
3055,4i,150.0,7,4.8914,5,22.04,False,3,16.1175,1.0,335.69,0.5
3060,4i,150.0,7,1.4632,6,22.04,False,4,14.3366,1.0,456.63,0.5
3065,4i,150.0,5,5.9404,2,27.52,False,4,18.1811,27.52,480.3,0.5
3070,4i,150.0,3,4.8923,1,1.0,False,4,15.5961,10.28,359.82,0.5
3075,4i,150.0,3,8.1816,2,8.05,False,3,16.0817,8.05,238.17,0.5
3080,4i,150.0,4,9.216,2,8.0,False,3,12.288,8.0,117.39,0.5
3085,4i,150.0,3,5.3276,2,8.0,False,2,7.9914,8.0,27.9,0.5
3090,4i,150.0,2,0.0,2,8.0,False,1,0.0,8.0,8.0,0.5
3095,4i,150.0,2,11.3055,0,0.0,False,1,3.6153,3.27,3.27,0.5
3100,4i,150.0,1,3.9956,0,0.0,False,2,24.281,384.42,384.72,0.5
3105,4i,150.0,1,0.0,1,1.0,False,2,23.999,264.13,266.55,0.5
3110,4i,150.0,4,17.9827,1,1.0,False,2,24.306,144.1,145.99,0.5
3115,4i,150.0,4,12.0285,1,1.0,False,3,18.9457,39.33,480.3,0.5
3120,4i,150.0,4,1.2471,1,1.0,False,3,8.9827,1.0,359.6,0.5
3125,4i,150.0,4,0.0001,4,8.0,False,3,7.9384,1.0,239.82,0.5
3130,4i,150.0,5,4.9146,4,8.0,False,3,8.191,1.0,119.56,0.5
3135,4i,150.0,5,2.3165,4,8.0,False,3,3.8608,1.0,33.76,0.5
3140,4i,150.0,5,0.0023,5,15.0,False,3,0.0038,1.0,15.0,0.5
3145,4i,150.0,6,2.9921,5,15.0,False,3,0.0,1.0,15.0,0.5
3150,4i,150.0,7,3.7135,5,15.0,False,3,0.0,1.0,15.0,0.5
3155,4i,150.0,3,4.7364,1,1.0,False,2,14.3993,6.92,409.27,0.5
3160,4i,150.0,2,8.231,1,1.0,False,2,25.2463,289.03,457.15,0.5
3165,4i,150.0,2,1.3639,1,1.0,False,2,25.5266,167.13,322.11,0.5
3170,4i,150.0,3,6.7454,2,8.0,False,2,23.3295,52.95,188.18,0.5
3175,4i,150.0,3,6.4177,2,8.0,False,1,19.253,68.72,68.72,0.5
3180,4i,150.0,3,2.3306,2,8.0,False,1,6.9919,7.5,7.5,0.5
3185,4i,150.0,3,9.1182,1,1.0,False,1,0.0079,1.0,1.0,0.5
3190,4i,150.0,2,7.9406,1,1.0,False,3,17.59,1.0,483.3,0.5
3195,4i,150.0,2,1.3361,1,1.0,False,3,16.6599,1.0,359.46,0.5
3200,4i,150.0,2,0.0,2,1.0,False,3,17.1046,1.0,237.27,0.5
3205,4i,150.0,5,13.8163,2,1.0,False,3,15.7183,1.0,115.57,0.5
3210,4i,150.0,5,6.1069,2,1.0,False,4,11.5082,1.0,455.88,0.5
3215,4i,150.0,5,0.0056,4,8.0,False,4,5.956,1.0,337.08,0.5
3220,4i,150.0,5,0.0,5,8.0,False,4,6.153,1.0,214.11,0.5
3225,4i,150.0,6,3.6297,5,8.0,False,4,5.4445,1.0,94.25,0.5
3230,4i,150.0,6,1.4552,5,8.0,False,4,2.1828,1.0,22.6,0.5
3235,4i,150.0,7,3.3329,6,12.03,False,4,0.0087,1.0,12.03,0.5
3240,4i,150.0,7,2.1734,6,12.0,False,5,5.3173,1.0,403.85,0.5
3245,4i,150.0,4,7.4504,1,1.0,False,3,10.8433,0.41,269.6,0.5
3250,4i,150.0,3,11.3002,1,1.0,False,2,13.0221,1.0,135.37,0.5
3255,4i,150.0,2,6.9739,1,1.0,False,3,12.5207,1.0,410.08,0.5
3260,4i,150.0,2,0.2793,1,1.0,False,3,8.1353,1.0,290.98,0.5
3265,4i,150.0,3,5.5049,2,8.0,False,3,8.0692,1.0,171.42,0.5
3270,4i,150.0,4,8.138,2,8.0,False,3,5.9969,1.0,61.15,0.5
3275,4i,150.0,3,3.5928,0,0.0,False,2,5.3891,1.88,5.32,0.5
3280,4i,150.0,3,8.1409,2,1.0,False,1,0.0006,1.0,1.0,0.5
3285,4i,150.0,3,3.7777,2,1.0,False,2,13.1739,1.0,456.95,0.5
3290,4i,150.0,3,0.0628,2,1.0,False,2,13.0846,1.0,327.72,0.5
3295,4i,150.0,3,0.0,3,15.04,False,2,12.7956,1.0,199.71,0.5
3300,4i,150.0,6,10.4669,3,15.04,False,2,10.9375,1.0,76.58,0.5
3305,4i,150.0,6,3.7743,3,15.04,False,3,10.4685,1.0,410.01,0.5
3310,4i,150.0,6,0.002,6,22.04,False,3,7.7796,1.0,290.79,0.5
3315,4i,150.0,6,0.0,6,22.04,False,3,8.0987,1.0,170.63,0.5
3320,4i,150.0,7,2.3207,6,22.04,False,3,5.415,1.0,66.35,0.5
3325,4i,150.0,7,0.4163,6,22.04,False,3,0.9715,1.0,26.46,0.5
3330,4i,150.0,8,2.6773,7,26.04,False,4,6.2505,1.0,480.3,0.5
3335,4i,150.0,6,6.9396,2,24.93,False,3,8.3451,1.0,360.3,0.5
3340,4i,150.0,3,6.8854,1,1.0,False,4,14.3486,1.0,483.3,0.5
3345,4i,150.0,2,12.1381,1,1.0,False,3,17.2517,1.0,350.49,0.5
3350,4i,150.0,2,6.398,1,1.0,False,3,13.3979,1.0,214.61,0.5
3355,4i,150.0,3,7.6807,1,1.0,False,3,7.6807,1.0,85.53,0.5
3360,4i,150.0,4,8.4977,2,5.0,False,3,3.0985,1.0,11.54,0.5
3365,4i,150.0,3,5.4675,1,1.0,False,2,1.7306,0.04,1.0,0.5
3370,4i,150.0,2,0.0,1,1.0,False,1,0.0,1.0,1.0,0.5
3375,4i,150.0,3,6.6432,2,1.0,False,1,0.0,1.0,1.0,0.5
3380,4i,150.0,3,2.1234,2,1.0,False,2,13.2941,1.0,402.9,0.5
3385,4i,150.0,3,0.0108,3,5.02,False,2,13.7053,1.0,266.7,0.5
3390,4i,150.0,4,6.7103,3,5.0,False,2,13.4207,1.0,133.36,0.5
3395,4i,150.0,6,8.3066,3,5.0,False,2,6.8502,1.0,36.85,0.5
3400,4i,150.0,6,1.5442,3,5.0,False,3,6.5554,1.0,396.97,0.5
3405,4i,150.0,6,0.0004,6,9.0,False,3,6.468,1.0,300.67,0.5
3410,4i,150.0,6,0.0,6,9.0,False,3,6.1833,1.0,204.88,0.5
3415,4i,150.0,7,2.0438,6,9.0,False,3,4.7689,1.0,125.37,0.5
3420,4i,150.0,7,1.4277,6,9.0,False,3,3.3314,1.0,66.88,0.5
3425,4i,150.0,4,8.4779,1,1.0,False,1,5.5189,30.39,30.39,0.5
3430,4i,150.0,3,12.8084,1,1.0,False,0,,,,0.5
3435,4i,150.0,2,7.5034,1,1.0,False,1,24.5121,455.79,455.79,0.5
3440,4i,150.0,2,9.5189,1,1.0,False,1,23.4395,334.94,334.94,0.5
3445,4i,150.0,2,3.2294,1,1.0,False,1,24.835,213.81,213.81,0.5
3450,4i,150.0,3,8.0135,2,8.0,False,1,24.0403,93.77,93.77,0.5
3455,4i,150.0,3,12.9974,0,0.0,False,2,17.3286,14.1,408.76,0.5
3460,4i,150.0,2,6.4955,1,1.0,False,2,12.3382,1.0,286.8,0.5
3465,4i,150.0,2,0.0,1,1.0,False,2,11.6738,1.0,166.5,0.5
3470,4i,150.0,3,5.7019,2,1.0,False,2,8.5528,1.0,57.29,0.5
3475,4i,150.0,3,1.3281,2,1.0,False,4,11.8365,1.0,398.12,0.5
3480,4i,150.0,3,0.0007,3,8.0,False,4,10.844,1.0,303.45,0.5
3485,4i,150.0,5,9.5123,3,8.0,False,4,10.6596,1.0,210.04,0.5
3490,4i,150.0,6,8.1335,3,8.0,False,4,8.3685,1.0,116.38,0.5
3495,4i,150.0,6,2.4226,3,8.0,False,4,3.0282,1.0,49.2,0.5
3500,4i,150.0,6,0.5518,5,8.0,False,4,0.8277,1.0,17.65,0.5
3505,4i,150.0,7,2.8255,6,15.0,False,4,0.0008,1.0,15.0,0.5
3510,4i,150.0,7,0.995,6,15.0,False,5,5.474,1.0,455.93,0.5
3515,4i,150.0,3,2.0057,1,1.0,False,3,10.0056,1.0,322.94,0.5
3520,4i,150.0,2,9.0213,1,1.0,False,2,13.6092,1.0,188.63,0.5
3525,4i,150.0,2,11.1445,1,1.0,False,2,11.1445,1.0,62.69,0.5
3530,4i,150.0,1,0.0,1,1.0,False,2,13.5706,1.0,402.71,0.5
3535,4i,150.0,2,8.408,1,1.0,False,2,13.0402,1.0,269.81,0.5
3540,4i,150.0,3,9.8783,1,1.0,False,2,13.4041,1.0,136.08,0.5
3545,4i,150.0,1,15.0321,0,0.0,False,1,15.0321,31.16,31.16,0.5
3550,4i,150.0,1,0.0321,0,0.0,False,2,13.2241,1.0,376.25,0.5
3555,4i,150.0,2,9.6211,1,1.0,False,2,13.6471,1.0,241.85,0.5
3560,4i,150.0,3,10.542,1,1.0,False,2,12.2354,1.0,108.81,0.5
3565,4i,150.0,3,3.7321,2,1.0,False,4,13.9091,1.0,480.3,0.5
3570,4i,150.0,3,0.09,2,1.0,False,4,10.8723,1.0,379.69,0.5
3575,4i,150.0,3,0.0,3,5.0,False,4,10.4276,1.0,286.65,0.5
3580,4i,150.0,5,9.516,3,5.0,False,4,10.6784,1.0,190.97,0.5
3585,4i,150.0,6,7.0093,3,5.0,False,4,7.4744,1.0,100.71,0.5
3590,4i,150.0,6,1.6642,3,5.0,False,4,2.2526,1.0,40.99,0.5
3595,4i,150.0,6,0.3973,5,9.0,False,4,0.5955,1.0,16.08,0.5
3600,4i,150.0,7,2.4787,6,15.04,False,4,0.0003,1.0,15.04,0.5
