timestamp,approach_edge,camera_range_m,visible_vehicle_count,visible_mean_speed_mps,visible_queue_count,visible_queue_length_m,queue_reaches_camera_edge,probe_count,probe_mean_speed_mps,probe_min_distance_to_stopline_m,probe_max_distance_to_stopline_m,gps_penetration_rate_requested
0,1i,150.0,0,0.0,0,0.0,False,0,,,,0.15
5,1i,150.0,0,0.0,0,0.0,False,1,19.3056,399.64,399.64,0.15
10,1i,150.0,0,0.0,0,0.0,False,1,18.642,304.62,304.62,0.15
15,1i,150.0,0,0.0,0,0.0,False,1,18.7404,210.15,210.15,0.15
20,1i,150.0,3,18.672,0,0.0,False,1,19.1425,116.61,116.61,0.15
25,1i,150.0,3,14.6274,0,0.0,False,1,14.4649,28.86,28.86,0.15
30,1i,150.0,3,0.0,0,0.0,False,1,0.0,1.0,1.0,0.15
35,1i,150.0,4,5.9575,3,1.0,False,2,13.8533,1.0,428.96,0.15
40,1i,150.0,4,2.9954,3,1.0,False,3,16.7523,1.0,456.68,0.15
45,1i,150.0,4,0.0303,4,13.78,False,3,16.8899,1.0,335.25,0.15
50,1i,150.0,2,8.2707,1,1.0,False,2,20.6053,54.42,215.1,0.15
55,1i,150.0,2,11.7947,1,1.0,False,1,23.5894,95.99,95.99,0.15
60,1i,150.0,2,5.992,1,1.0,False,2,19.6941,11.17,428.58,0.15
65,1i,150.0,2,10.039,1,1.0,False,1,26.9041,293.7,293.7,0.15
70,1i,150.0,2,3.039,1,1.0,False,1,27.1813,159.41,159.41,0.15
75,1i,150.0,3,5.8898,2,13.72,False,1,17.659,44.3,44.3,0.15
80,1i,150.0,3,9.8536,0,0.0,False,1,2.659,1.0,1.0,0.15
85,1i,150.0,2,5.4718,1,1.0,False,1,0.0,1.0,1.0,0.15
90,1i,150.0,3,9.1636,2,1.0,False,1,0.0,1.0,1.0,0.15
95,1i,150.0,3,4.5249,2,1.0,False,2,12.5,1.0,480.3,0.15
100,1i,150.0,3,0.6119,2,1.0,False,2,12.0098,1.0,359.8,0.15
105,1i,150.0,3,0.0003,3,5.0,False,2,12.2177,1.0,238.98,0.15
110,1i,150.0,5,9.8064,3,5.0,False,2,12.4096,1.0,118.2,0.15
115,1i,150.0,6,7.0443,3,5.0,False,2,6.6044,1.0,23.84,0.15
120,1i,150.0,6,1.648,3,5.0,False,2,0.0,1.0,1.0,0.15
125,1i,150.0,6,0.4332,5,9.0,False,2,0.0,1.0,1.0,0.15
130,1i,150.0,7,3.1048,6,9.0,False,2,0.0,1.0,1.0,0.15
135,1i,150.0,7,1.19,6,9.0,False,2,0.0,1.0,1.0,0.15
140,1i,150.0,2,1.3583,1,1.0,False,1,0.0,1.0,1.0,0.15
145,1i,150.0,2,8.9482,1,1.0,False,1,0.0,1.0,1.0,0.15
150,1i,150.0,2,9.8268,1,1.0,False,1,0.0,1.0,1.0,0.15
155,1i,150.0,2,13.2501,1,1.0,False,1,0.0,1.0,1.0,0.15
160,1i,150.0,2,7.2554,1,1.0,False,2,11.7063,1.0,433.38,0.15
165,1i,150.0,2,0.2555,1,1.0,False,2,12.1514,1.0,313.86,0.15
170,1i,150.0,2,11.9092,0,0.0,False,1,24.3191,193.64,193.64,0.15
175,1i,150.0,2,13.6939,0,0.0,False,1,22.0249,75.33,75.33,0.15
180,1i,150.0,2,3.8734,1,1.0,False,1,7.7468,7.49,7.49,0.15
185,1i,150.0,3,7.815,2,1.0,False,1,0.0,1.0,1.0,0.15
190,1i,150.0,3,4.263,2,1.0,False,2,12.3887,1.0,455.52,0.15
195,1i,150.0,3,0.0888,2,1.0,False,2,12.2905,1.0,334.85,0.15
200,1i,150.0,3,0.0,3,8.0,False,2,11.9258,1.0,215.19,0.15
205,1i,150.0,6,10.5963,3,8.0,False,2,10.6014,1.0,98.64,0.15
210,1i,150.0,6,4.1414,3,8.0,False,2,4.5953,1.0,26.2,0.15
215,1i,150.0,6,0.0126,6,15.02,False,2,0.0089,1.0,15.02,0.15
220,1i,150.0,6,0.0,6,15.0,False,2,0.0,1.0,15.0,0.15
225,1i,150.0,7,2.2118,6,15.0,False,2,0.0,1.0,15.0,0.15
230,1i,150.0,3,4.4453,1,1.0,False,1,7.3691,0.09,0.09,0.15
235,1i,150.0,2,11.8971,1,1.0,False,0,,,,0.15
240,1i,150.0,2,8.6623,1,1.0,False,1,18.9056,396.65,396.65,0.15
245,1i,150.0,2,9.6512,1,1.0,False,1,19.1018,300.3,300.3,0.15
250,1i,150.0,1,0.0,1,1.0,False,1,19.3237,203.93,203.93,0.15
255,1i,150.0,2,7.4241,1,1.0,False,2,19.6909,120.71,406.4,0.15
260,1i,150.0,2,17.2972,0,0.0,False,2,17.1738,59.39,284.83,0.15
265,1i,150.0,2,10.2589,0,0.0,False,2,15.4548,6.78,164.75,0.15
270,1i,150.0,3,5.5912,1,1.0,False,2,8.3867,1.0,56.91,0.15
275,1i,150.0,3,1.8854,2,1.0,False,2,2.8281,1.0,4.75,0.15
280,1i,150.0,3,0.0053,3,1.0,False,2,0.0079,1.0,1.0,0.15
285,1i,150.0,4,3.9698,3,1.0,False,3,6.243,1.0,436.89,0.15
290,1i,150.0,4,2.0948,3,1.0,False,3,6.3705,1.0,343.46,0.15
295,1i,150.0,4,0.3384,3,1.0,False,3,6.338,1.0,249.06,0.15
300,1i,150.0,6,6.3907,4,8.0,False,3,6.2667,1.0,154.25,0.15
305,1i,150.0,7,3.6805,4,8.0,False,3,4.796,1.0,71.26,0.15
310,1i,150.0,7,1.0035,6,20.71,False,3,2.3403,1.0,21.29,0.15
315,1i,150.0,8,3.2141,6,20.71,False,3,0.0012,1.0,8.0,0.15
320,1i,150.0,4,4.2073,2,15.04,False,1,0.0,1.0,1.0,0.15
325,1i,150.0,2,0.0,2,15.04,False,1,0.0,1.0,1.0,0.15
330,1i,150.0,3,6.0537,2,15.04,False,2,13.885,1.0,483.3,0.15
335,1i,150.0,3,7.875,2,15.04,False,2,13.171,1.0,349.51,0.15
340,1i,150.0,3,3.645,2,15.04,False,2,13.6982,1.0,216.0,0.15
345,1i,150.0,3,6.869,2,15.04,False,2,10.3034,1.0,93.84,0.15
350,1i,150.0,2,4.3051,0,0.0,False,1,7.3855,31.12,31.12,0.15
355,1i,150.0,3,8.6511,0,0.0,False,1,2.757,7.94,7.94,0.15
360,1i,150.0,4,8.6184,2,7.51,False,1,0.0014,7.51,7.51,0.15
365,1i,150.0,4,3.4135,3,7.51,False,1,0.0,7.51,7.51,0.15
370,1i,150.0,4,0.1234,3,7.51,False,1,0.0,7.51,7.51,0.15
375,1i,150.0,5,3.2776,4,7.51,False,1,0.0,7.51,7.51,0.15
380,1i,150.0,5,0.6009,4,7.51,False,4,17.4633,7.51,417.29,0.15
385,1i,150.0,5,0.0,5,8.0,False,4,17.8099,7.51,324.82,0.15
390,1i,150.0,6,4.4158,5,8.0,False,4,17.2242,7.51,230.94,0.15
395,1i,150.0,8,6.3392,5,8.0,False,4,12.6783,7.51,136.9,0.15
400,1i,150.0,8,2.2477,5,8.0,False,4,4.4954,7.51,59.52,0.15
405,1i,150.0,8,0.6976,7,12.0,False,4,1.3951,7.51,16.62,0.15
410,1i,150.0,4,5.3176,3,11.51,False,3,8.1043,7.51,431.42,0.15
415,1i,150.0,4,2.917,3,11.51,False,3,7.8597,7.51,311.37,0.15
420,1i,150.0,3,0.0,3,11.51,False,3,8.1645,7.51,188.0,0.15
425,1i,150.0,4,4.7852,3,11.51,False,3,6.3802,7.51,74.56,0.15
430,1i,150.0,4,5.9092,3,11.51,False,2,0.0,7.51,11.51,0.15
435,1i,150.0,4,2.4306,3,11.51,False,3,8.2796,7.51,431.56,0.15
440,1i,150.0,3,6.7127,1,1.0,False,2,13.1936,9.88,310.85,0.15
445,1i,150.0,2,4.4905,1,1.0,False,1,23.8311,190.4,190.4,0.15
450,1i,150.0,3,6.5401,2,1.01,False,1,19.6087,76.44,76.44,0.15
455,1i,150.0,4,7.7142,2,1.0,False,1,7.3946,14.41,14.41,0.15
460,1i,150.0,4,2.7458,3,8.0,False,1,0.0006,8.0,8.0,0.15
465,1i,150.0,4,0.0111,4,8.0,False,1,0.0,8.0,8.0,0.15
470,1i,150.0,5,3.3844,4,8.0,False,2,12.5,8.0,480.3,0.15
475,1i,150.0,5,0.6016,4,8.0,False,2,11.9819,8.0,361.05,0.15
480,1i,150.0,5,0.0021,5,15.01,False,2,12.1237,8.0,238.92,0.15
485,1i,150.0,8,8.8593,5,15.0,False,2,11.6592,8.0,118.89,0.15
490,1i,150.0,8,4.4376,5,15.0,False,2,6.1601,8.0,31.61,0.15
495,1i,150.0,8,0.2209,6,22.01,False,2,0.5897,8.0,8.21,0.15
500,1i,150.0,4,2.9905,2,8.0,False,1,0.0,8.0,8.0,0.15
505,1i,150.0,3,8.0691,2,8.0,False,1,0.0,8.0,8.0,0.15
510,1i,150.0,3,3.6987,2,8.0,False,1,0.0,8.0,8.0,0.15
515,1i,150.0,3,8.8526,2,8.0,False,1,0.0,8.0,8.0,0.15
520,1i,150.0,3,6.5135,2,8.0,False,1,0.0,8.0,8.0,0.15
525,1i,150.0,3,6.8886,2,8.0,False,1,0.0,8.0,8.0,0.15
530,1i,150.0,2,6.5164,0,0.0,False,2,12.3109,0.78,418.28,0.15
535,1i,150.0,2,9.1158,1,1.0,False,1,18.7649,323.47,323.47,0.15
540,1i,150.0,2,8.6071,1,1.0,False,1,18.4663,229.19,229.19,0.15
545,1i,150.0,3,7.0503,1,1.0,False,1,18.4837,134.69,134.69,0.15
550,1i,150.0,4,8.1893,2,1.0,False,1,12.7156,56.3,56.3,0.15
555,1i,150.0,4,3.4883,2,1.0,False,1,5.3295,15.11,15.11,0.15
560,1i,150.0,5,4.9352,4,8.01,False,1,0.022,8.01,8.01,0.15
565,1i,150.0,5,2.1319,4,8.0,False,1,0.0,8.0,8.0,0.15
570,1i,150.0,5,0.0467,5,20.78,False,1,0.0,8.0,8.0,0.15
575,1i,150.0,5,0.0,5,20.71,False,1,0.0,8.0,8.0,0.15
580,1i,150.0,8,7.6202,5,20.71,False,1,0.0,8.0,8.0,0.15
585,1i,150.0,8,2.9509,5,20.71,False,1,0.0,8.0,8.0,0.15
590,1i,150.0,4,2.1086,2,13.71,False,0,,,,0.15
595,1i,150.0,2,0.0,2,13.71,False,0,,,,0.15
600,1i,150.0,3,7.3218,2,13.71,False,0,,,,0.15
605,1i,150.0,2,0.0,2,13.71,False,0,,,,0.15
610,1i,150.0,3,6.955,2,13.71,False,0,,,,0.15
615,1i,150.0,3,3.4072,2,13.71,False,0,,,,0.15
620,1i,150.0,3,7.5601,1,1.0,False,0,,,,0.15
625,1i,150.0,2,8.4244,1,1.0,False,0,,,,0.15
630,1i,150.0,3,7.5284,1,1.0,False,0,,,,0.15
635,1i,150.0,3,4.8321,2,1.0,False,0,,,,0.15
640,1i,150.0,4,4.0895,2,1.0,False,0,,,,0.15
645,1i,150.0,5,5.2921,3,1.0,False,0,,,,0.15
650,1i,150.0,5,1.4947,3,1.0,False,0,,,,0.15
655,1i,150.0,5,0.0014,5,13.71,False,0,,,,0.15
660,1i,150.0,6,2.0138,5,13.71,False,0,,,,0.15
665,1i,150.0,6,1.2772,5,13.71,False,0,,,,0.15
670,1i,150.0,6,0.5313,5,13.71,False,0,,,,0.15
675,1i,150.0,9,6.3838,6,26.42,False,0,,,,0.15
680,1i,150.0,5,4.7581,1,1.0,False,0,,,,0.15
685,1i,150.0,3,2.2699,2,13.72,False,0,,,,0.15
690,1i,150.0,2,0.0,2,13.71,False,0,,,,0.15
695,1i,150.0,3,5.9991,2,13.71,False,0,,,,0.15
700,1i,150.0,3,4.5028,2,13.71,False,0,,,,0.15
705,1i,150.0,4,6.7924,2,13.71,False,0,,,,0.15
710,1i,150.0,4,9.9979,1,1.0,False,0,,,,0.15
715,1i,150.0,3,3.89,2,1.0,False,0,,,,0.15
720,1i,150.0,3,0.0025,3,15.04,False,0,,,,0.15
725,1i,150.0,4,4.755,3,15.04,False,0,,,,0.15
730,1i,150.0,5,5.9116,3,15.04,False,0,,,,0.15
735,1i,150.0,6,4.2715,4,15.04,False,0,,,,0.15
740,1i,150.0,6,1.5309,5,22.04,False,0,,,,0.15
745,1i,150.0,6,0.0005,6,22.04,False,0,,,,0.15
750,1i,150.0,7,2.6814,6,22.04,False,0,,,,0.15
755,1i,150.0,7,0.755,6,22.04,False,1,24.9393,405.77,405.77,0.15
760,1i,150.0,7,0.0005,7,26.04,False,1,24.6743,285.0,285.0,0.15
765,1i,150.0,7,0.0,7,26.04,False,1,24.5989,164.5,164.5,0.15
770,1i,150.0,7,8.1618,2,24.94,False,1,14.5753,64.96,64.96,0.15
775,1i,150.0,4,3.9867,1,1.0,False,1,6.5493,23.88,23.88,0.15
780,1i,150.0,2,0.0016,2,13.71,False,0,,,,0.15
785,1i,150.0,3,7.7558,2,13.71,False,0,,,,0.15
790,1i,150.0,3,3.5614,2,13.71,False,0,,,,0.15
795,1i,150.0,2,0.0,2,13.71,False,0,,,,0.15
800,1i,150.0,1,2.0546,0,0.0,False,0,,,,0.15
805,1i,150.0,1,19.2487,0,0.0,False,0,,,,0.15
810,1i,150.0,2,11.7834,0,0.0,False,0,,,,0.15
815,1i,150.0,3,10.5729,1,1.0,False,0,,,,0.15
820,1i,150.0,3,3.3463,2,1.0,False,0,,,,0.15
825,1i,150.0,4,4.8418,3,1.0,False,0,,,,0.15
830,1i,150.0,5,5.6288,3,1.0,False,0,,,,0.15
835,1i,150.0,5,1.767,4,15.04,False,0,,,,0.15
840,1i,150.0,6,4.2546,5,15.04,False,0,,,,0.15
845,1i,150.0,6,2.0841,5,15.04,False,0,,,,0.15
850,1i,150.0,6,0.0796,5,15.04,False,0,,,,0.15
855,1i,150.0,6,0.0,6,22.04,False,0,,,,0.15
860,1i,150.0,6,8.5534,1,1.0,False,0,,,,0.15
865,1i,150.0,4,10.3974,1,1.0,False,0,,,,0.15
870,1i,150.0,3,4.5002,1,1.0,False,0,,,,0.15
875,1i,150.0,2,0.0,2,8.0,False,0,,,,0.15
880,1i,150.0,3,7.8641,2,8.0,False,0,,,,0.15
885,1i,150.0,3,3.5966,2,8.0,False,0,,,,0.15
890,1i,150.0,2,2.0233,1,1.0,False,0,,,,0.15
895,1i,150.0,2,9.5973,1,1.0,False,0,,,,0.15
900,1i,150.0,3,8.3269,1,1.0,False,0,,,,0.15
905,1i,150.0,4,8.4671,2,1.0,False,0,,,,0.15
910,1i,150.0,4,3.7542,3,8.0,False,1,23.9923,432.67,432.67,0.15
915,1i,150.0,4,0.0393,3,8.0,False,1,24.3426,310.97,310.97,0.15
920,1i,150.0,5,3.4159,4,8.0,False,1,24.4834,191.07,191.07,0.15
925,1i,150.0,6,4.0641,4,8.0,False,1,20.7071,75.23,75.23,0.15
930,1i,150.0,6,1.1179,5,15.0,False,1,6.7071,13.7,13.7,0.15
935,1i,150.0,7,3.2815,6,15.0,False,1,0.0008,8.0,8.0,0.15
940,1i,150.0,7,1.4961,6,15.0,False,3,16.8226,8.0,456.94,0.15
945,1i,150.0,7,0.088,6,15.0,False,3,15.085,8.0,340.1,0.15
950,1i,150.0,3,2.3906,1,1.0,False,2,23.8105,213.8,231.74,0.15
955,1i,150.0,4,17.4359,1,1.0,False,2,23.4779,92.1,118.03,0.15
960,1i,150.0,4,9.3381,1,1.0,False,2,13.7017,6.94,27.12,0.15
965,1i,150.0,2,0.0003,2,5.0,False,0,,,,0.15
970,1i,150.0,2,0.0,2,5.0,False,0,,,,0.15
975,1i,150.0,3,7.1235,2,5.0,False,0,,,,0.15
980,1i,150.0,1,7.4011,0,0.0,False,0,,,,0.15
985,1i,150.0,2,11.6735,1,1.02,False,0,,,,0.15
990,1i,150.0,2,6.6515,1,1.0,False,0,,,,0.15
995,1i,150.0,3,6.0238,1,1.0,False,0,,,,0.15
1000,1i,150.0,4,7.0715,2,1.0,False,0,,,,0.15
1005,1i,150.0,4,4.0976,3,8.0,False,1,23.4574,408.13,408.13,0.15
1010,1i,150.0,5,5.0418,3,8.0,False,1,23.3322,289.15,289.15,0.15
1015,1i,150.0,5,2.8297,4,8.0,False,1,23.5895,169.62,169.62,0.15
1020,1i,150.0,6,3.2006,4,8.0,False,1,18.3518,59.51,59.51,0.15
1025,1i,150.0,6,0.7254,5,15.0,False,1,4.3518,9.75,9.75,0.15
1030,1i,150.0,7,2.9399,6,15.0,False,1,0.0001,8.0,8.0,0.15
1035,1i,150.0,7,1.3454,6,15.0,False,1,0.0,8.0,8.0,0.15
1040,1i,150.0,3,3.1274,1,1.0,False,0,,,,0.15
1045,1i,150.0,1,0.0,1,1.0,False,0,,,,0.15
1050,1i,150.0,4,15.2267,1,1.0,False,0,,,,0.15
1055,1i,150.0,4,8.3102,1,1.0,False,0,,,,0.15
1060,1i,150.0,2,0.0024,2,8.0,False,0,,,,0.15
1065,1i,150.0,2,0.0,2,8.0,False,0,,,,0.15
1070,1i,150.0,2,11.1359,0,0.0,False,0,,,,0.15
1075,1i,150.0,1,4.0308,0,0.0,False,0,,,,0.15
1080,1i,150.0,1,0.0,1,1.0,False,0,,,,0.15
1085,1i,150.0,3,14.2027,1,1.0,False,0,,,,0.15
1090,1i,150.0,3,7.3432,1,1.0,False,0,,,,0.15
1095,1i,150.0,3,0.7876,2,1.0,False,0,,,,0.15
1100,1i,150.0,4,4.7694,3,8.0,False,0,,,,0.15
1105,1i,150.0,5,6.484,3,8.0,False,0,,,,0.15
1110,1i,150.0,6,5.5312,4,8.0,False,1,27.4174,429.77,429.77,0.15
1115,1i,150.0,6,2.3293,5,15.0,False,1,26.4203,295.98,295.98,0.15
1120,1i,150.0,6,0.21,5,15.0,False,1,27.6138,161.3,161.3,0.15
1125,1i,150.0,7,2.1922,6,15.04,False,1,15.3452,57.47,57.47,0.15
1130,1i,150.0,4,3.4268,1,1.0,False,1,4.3626,18.97,18.97,0.15
1135,1i,150.0,1,0.0,1,1.0,False,0,,,,0.15
1140,1i,150.0,1,0.0,1,1.0,False,0,,,,0.15
1145,1i,150.0,4,12.9536,1,1.0,False,0,,,,0.15
1150,1i,150.0,3,9.0592,1,1.0,False,0,,,,0.15
1155,1i,150.0,3,3.4872,1,1.0,False,0,,,,0.15
1160,1i,150.0,3,9.3015,1,1.0,False,0,,,,0.15
1165,1i,150.0,3,4.6752,1,1.0,False,0,,,,0.15
1170,1i,150.0,3,1.0368,2,1.0,False,0,,,,0.15
1175,1i,150.0,3,0.0004,3,1.0,False,0,,,,0.15
1180,1i,150.0,4,3.3584,3,1.0,False,0,,,,0.15
1185,1i,150.0,5,3.8482,3,1.0,False,1,24.8776,431.74,431.74,0.15
1190,1i,150.0,6,4.563,3,1.0,False,1,23.59,311.38,311.38,0.15
1195,1i,150.0,6,1.4695,4,15.04,False,1,23.8394,190.72,190.72,0.15
1200,1i,150.0,7,2.6323,6,15.04,False,1,18.3719,79.18,79.18,0.15
1205,1i,150.0,8,3.228,6,15.04,False,1,5.473,26.34,26.34,0.15
1210,1i,150.0,8,0.9777,7,22.05,False,1,0.0126,22.05,22.05,0.15
1215,1i,150.0,9,2.8082,8,27.75,False,1,0.0,22.04,22.04,0.15
1220,1i,150.0,6,3.3382,2,15.04,False,1,2.1793,17.83,17.83,0.15
1225,1i,150.0,4,3.4705,2,15.04,False,1,18.4147,399.64,399.64,0.15
1230,1i,150.0,2,0.0,2,15.04,False,1,18.5647,305.52,305.52,0.15
1235,1i,150.0,3,8.2767,2,15.04,False,1,19.3509,210.5,210.5,0.15
1240,1i,150.0,5,9.8925,2,15.04,False,1,17.9121,118.06,118.06,0.15
1245,1i,150.0,5,5.8271,2,15.04,False,1,15.416,34.38,34.38,0.15
1250,1i,150.0,4,1.433,1,1.0,False,1,0.6753,1.0,1.0,0.15
1255,1i,150.0,5,4.8716,2,1.0,False,1,0.0,1.0,1.0,0.15
1260,1i,150.0,5,1.8884,4,5.03,False,1,0.0,1.0,1.0,0.15
1265,1i,150.0,5,0.0084,5,13.74,False,1,0.0,1.0,1.0,0.15
1270,1i,150.0,6,2.8942,5,13.71,False,1,0.0,1.0,1.0,0.15
1275,1i,150.0,7,3.4642,5,13.71,False,1,0.0,1.0,1.0,0.15
1280,1i,150.0,7,0.7438,6,13.71,False,1,0.0,1.0,1.0,0.15
1285,1i,150.0,8,2.4059,7,20.73,False,1,0.0,1.0,1.0,0.15
1290,1i,150.0,8,1.4949,7,20.71,False,1,0.0,1.0,1.0,0.15
1295,1i,150.0,9,2.1306,7,20.71,False,1,0.0,1.0,1.0,0.15
1300,1i,150.0,10,2.4974,8,20.71,False,1,0.0,1.0,1.0,0.15
1305,1i,150.0,10,1.0642,8,20.71,False,1,0.0,1.0,1.0,0.15
1310,1i,150.0,6,2.2734,3,17.71,False,0,,,,0.15
1315,1i,150.0,5,4.6188,3,17.71,False,0,,,,0.15
1320,1i,150.0,4,3.4406,3,17.71,False,0,,,,0.15
1325,1i,150.0,3,0.0,3,17.71,False,0,,,,0.15
1330,1i,150.0,5,8.81,3,17.71,False,0,,,,0.15
1335,1i,150.0,6,6.1242,3,17.71,False,0,,,,0.15
1340,1i,150.0,4,1.9397,2,1.04,False,0,,,,0.15
1345,1i,150.0,4,1.2047,2,1.0,False,0,,,,0.15
1350,1i,150.0,5,3.2485,4,13.71,False,0,,,,0.15
1355,1i,150.0,5,0.5299,4,13.71,False,0,,,,0.15
1360,1i,150.0,6,4.1015,5,13.71,False,0,,,,0.15
1365,1i,150.0,6,2.6508,5,13.71,False,0,,,,0.15
1370,1i,150.0,7,2.7999,5,13.71,False,0,,,,0.15
1375,1i,150.0,8,3.3614,6,13.71,False,0,,,,0.15
1380,1i,150.0,8,1.1526,7,13.71,False,0,,,,0.15
1385,1i,150.0,9,2.6279,8,26.42,False,0,,,,0.15
1390,1i,150.0,9,1.5293,8,26.42,False,0,,,,0.15
1395,1i,150.0,10,1.5685,8,26.42,False,0,,,,0.15
1400,1i,150.0,6,3.4655,3,26.42,False,0,,,,0.15
1405,1i,150.0,5,7.757,3,26.42,False,0,,,,0.15
1410,1i,150.0,4,2.9668,3,26.42,False,3,22.124,429.6,436.38,0.15
1415,1i,150.0,3,0.0,3,26.42,False,3,21.3792,296.31,348.59,0.15
1420,1i,150.0,3,0.0,3,26.42,False,3,21.1306,162.78,263.96,0.15
1425,1i,150.0,5,6.425,3,26.42,False,3,16.7079,65.27,175.38,0.15
1430,1i,150.0,5,8.485,0,0.0,False,3,12.7079,31.51,87.62,0.15
1435,1i,150.0,4,6.857,0,0.0,False,3,7.6338,5.21,15.73,0.15
1440,1i,150.0,5,5.4483,4,5.02,False,3,0.0621,1.0,5.02,0.15
1445,1i,150.0,5,2.7018,4,5.0,False,3,0.0,1.0,5.0,0.15
1450,1i,150.0,5,0.1771,4,5.0,False,3,0.0,1.0,5.0,0.15
1455,1i,150.0,6,3.6897,5,8.0,False,4,6.25,1.0,480.3,0.15
1460,1i,150.0,7,4.6217,5,8.0,False,4,6.1502,1.0,360.55,0.15
1465,1i,150.0,7,2.0568,6,15.05,False,4,5.9792,1.0,238.03,0.15
1470,1i,150.0,8,3.2761,6,15.04,False,4,6.1125,1.0,118.06,0.15
1475,1i,150.0,8,1.5214,7,15.04,False,4,3.0427,1.0,29.96,0.15
1480,1i,150.0,9,2.3909,8,15.04,False,4,0.0486,1.0,9.09,0.15
1485,1i,150.0,9,0.8698,8,15.04,False,4,0.0001,1.0,9.0,0.15
1490,1i,150.0,6,3.6851,3,9.0,False,2,0.0,5.0,9.0,0.15
1495,1i,150.0,4,2.8904,3,9.0,False,2,0.0,5.0,9.0,0.15
1500,1i,150.0,5,6.4799,3,9.0,False,2,0.0,5.0,9.0,0.15
1505,1i,150.0,4,2.3422,3,9.0,False,2,0.0,5.0,9.0,0.15
1510,1i,150.0,3,0.0,3,9.0,False,2,0.0,5.0,9.0,0.15
1515,1i,150.0,3,0.0,3,9.0,False,2,0.0,5.0,9.0,0.15
1520,1i,150.0,4,14.0466,0,0.0,False,1,1.1791,7.82,7.82,0.15
1525,1i,150.0,3,5.7056,0,0.0,False,1,23.9857,384.21,384.21,0.15
1530,1i,150.0,3,0.023,3,1.01,False,1,23.283,263.78,263.78,0.15
1535,1i,150.0,4,6.2457,3,1.0,False,1,24.9826,141.54,141.54,0.15
1540,1i,150.0,4,3.8011,3,1.0,False,1,15.2044,43.18,43.18,0.15
1545,1i,150.0,4,0.4253,3,1.0,False,1,1.7011,8.66,8.66,0.15
1550,1i,150.0,5,4.0682,4,8.0,False,1,0.0043,8.0,8.0,0.15
1555,1i,150.0,6,4.7217,4,8.0,False,1,0.0,8.0,8.0,0.15
1560,1i,150.0,6,1.4879,5,8.01,False,1,0.0,8.0,8.0,0.15
1565,1i,150.0,7,3.4016,6,15.0,False,1,0.0,8.0,8.0,0.15
1570,1i,150.0,7,1.4014,6,15.0,False,1,0.0,8.0,8.0,0.15
1575,1i,150.0,8,2.3756,7,15.0,False,1,0.0,8.0,8.0,0.15
1580,1i,150.0,4,3.824,2,8.0,False,0,,,,0.15
1585,1i,150.0,3,5.1103,2,8.0,False,0,,,,0.15
1590,1i,150.0,3,6.0773,2,8.0,False,0,,,,0.15
1595,1i,150.0,3,6.23,2,8.0,False,0,,,,0.15
1600,1i,150.0,2,0.0,2,8.0,False,0,,,,0.15
1605,1i,150.0,2,0.0,2,8.0,False,0,,,,0.15
1610,1i,150.0,3,17.0952,0,0.0,False,0,,,,0.15
1615,1i,150.0,3,16.7619,0,0.0,False,0,,,,0.15
1620,1i,150.0,2,8.5176,0,0.0,False,0,,,,0.15
1625,1i,150.0,2,0.2258,1,1.0,False,0,,,,0.15
1630,1i,150.0,3,7.2237,2,1.0,False,0,,,,0.15
1635,1i,150.0,3,2.9073,2,1.0,False,0,,,,0.15
1640,1i,150.0,3,0.002,3,13.71,False,0,,,,0.15
1645,1i,150.0,4,4.2734,3,13.71,False,0,,,,0.15
1650,1i,150.0,5,4.7039,3,13.71,False,0,,,,0.15
1655,1i,150.0,5,1.003,4,13.71,False,0,,,,0.15
1660,1i,150.0,6,3.5329,5,20.74,False,1,18.4967,436.67,436.67,0.15
1665,1i,150.0,7,4.5699,5,20.71,False,1,18.6094,341.92,341.92,0.15
1670,1i,150.0,4,5.2393,1,1.0,False,1,18.3665,247.78,247.78,0.15
1675,1i,150.0,2,4.4997,1,1.0,False,1,19.0203,153.43,153.43,0.15
1680,1i,150.0,2,9.0001,1,1.0,False,1,18.0003,65.11,65.11,0.15
1685,1i,150.0,2,11.9923,1,1.0,False,0,,,,0.15
1690,1i,150.0,2,8.4862,1,1.0,False,0,,,,0.15
1695,1i,150.0,1,0.0,1,1.0,False,0,,,,0.15
1700,1i,150.0,0,0.0,0,0.0,False,0,,,,0.15
1705,1i,150.0,2,22.4489,0,0.0,False,0,,,,0.15
1710,1i,150.0,3,11.829,0,0.0,False,0,,,,0.15
1715,1i,150.0,3,2.3629,2,1.0,False,0,,,,0.15
1720,1i,150.0,3,0.0,3,1.0,False,0,,,,0.15
1725,1i,150.0,4,4.1427,3,1.0,False,0,,,,0.15
1730,1i,150.0,4,0.6673,3,1.0,False,0,,,,0.15
1735,1i,150.0,5,4.8086,4,8.0,False,0,,,,0.15
1740,1i,150.0,5,2.3987,4,8.0,False,0,,,,0.15
1745,1i,150.0,6,2.867,4,8.0,False,0,,,,0.15
1750,1i,150.0,7,4.0053,5,8.0,False,0,,,,0.15
1755,1i,150.0,7,2.04,6,12.0,False,1,24.6109,408.23,408.23,0.15
1760,1i,150.0,4,7.5459,1,1.0,False,1,24.8009,285.34,285.34,0.15
1765,1i,150.0,3,5.6068,2,15.04,False,1,24.7516,163.81,163.81,0.15
1770,1i,150.0,3,5.3193,2,15.04,False,1,15.9579,59.83,59.83,0.15
1775,1i,150.0,2,0.0,2,15.04,False,0,,,,0.15
1780,1i,150.0,3,8.1227,2,15.04,False,0,,,,0.15
1785,1i,150.0,3,3.4158,2,15.04,False,0,,,,0.15
1790,1i,150.0,2,0.5801,1,1.0,False,0,,,,0.15
1795,1i,150.0,2,0.3439,1,1.0,False,0,,,,0.15
1800,1i,150.0,5,12.5641,2,1.0,False,0,,,,0.15
1805,1i,150.0,5,5.0726,2,1.0,False,1,23.546,407.54,407.54,0.15
1810,1i,150.0,5,0.0636,5,8.03,False,1,23.3825,286.27,286.27,0.15
1815,1i,150.0,5,0.0,5,8.0,False,1,24.267,165.57,165.57,0.15
1820,1i,150.0,6,2.7861,5,8.0,False,1,16.7164,59.93,59.93,0.15
1825,1i,150.0,6,0.5682,5,8.0,False,1,3.4093,16.51,16.51,0.15
1830,1i,150.0,6,0.0007,6,15.01,False,1,0.0044,15.01,15.01,0.15
1835,1i,150.0,7,1.8939,6,15.0,False,1,0.0,15.0,15.0,0.15
1840,1i,150.0,8,2.8974,6,15.0,False,1,0.0,15.0,15.0,0.15
1845,1i,150.0,9,3.6283,6,15.0,False,1,0.0,15.0,15.0,0.15
1850,1i,150.0,5,3.9541,2,8.0,False,1,5.9765,3.31,3.31,0.15
1855,1i,150.0,3,0.2252,2,8.0,False,0,,,,0.15
1860,1i,150.0,4,4.2297,3,15.0,False,0,,,,0.15
1865,1i,150.0,5,5.6002,3,15.0,False,0,,,,0.15
1870,1i,150.0,4,4.0889,3,15.0,False,0,,,,0.15
1875,1i,150.0,4,5.1539,3,15.0,False,0,,,,0.15
1880,1i,150.0,3,3.9744,0,0.0,False,0,,,,0.15
1885,1i,150.0,1,0.0,1,1.0,False,0,,,,0.15
1890,1i,150.0,1,0.0,1,1.0,False,0,,,,0.15
1895,1i,150.0,4,13.9279,1,1.0,False,0,,,,0.15
1900,1i,150.0,4,6.3609,1,1.0,False,1,27.0939,375.82,375.82,0.15
1905,1i,150.0,4,0.2426,3,8.01,False,1,26.461,243.09,243.09,0.15
1910,1i,150.0,5,4.9677,4,8.0,False,1,24.8385,113.04,113.04,0.15
1915,1i,150.0,5,2.1677,4,8.0,False,1,10.8385,30.85,30.85,0.15
1920,1i,150.0,5,0.0065,5,15.03,False,1,0.0324,15.03,15.03,0.15
1925,1i,150.0,6,2.7061,5,15.0,False,1,0.0,15.0,15.0,0.15
1930,1i,150.0,7,3.9495,5,15.0,False,1,0.0,15.0,15.0,0.15
1935,1i,150.0,7,1.5723,6,15.0,False,1,0.0,15.0,15.0,0.15
1940,1i,150.0,4,7.2133,1,1.0,False,1,5.0924,6.45,6.45,0.15
1945,1i,150.0,2,3.9837,1,1.0,False,0,,,,0.15
1950,1i,150.0,3,7.5426,2,15.06,False,0,,,,0.15
1955,1i,150.0,4,7.859,2,15.04,False,1,26.4305,402.62,402.62,0.15
1960,1i,150.0,3,4.6702,2,15.04,False,1,26.4552,266.41,266.41,0.15
1965,1i,150.0,3,8.8654,2,15.04,False,1,26.5963,132.34,132.34,0.15
1970,1i,150.0,2,8.3815,0,0.0,False,1,14.9547,30.82,30.82,0.15
1975,1i,150.0,2,0.0547,0,0.0,False,2,11.9213,1.0,384.32,0.15
1980,1i,150.0,2,0.0,2,1.0,False,2,12.078,1.0,263.97,0.15
1985,1i,150.0,5,14.3489,2,1.0,False,2,11.8266,1.0,142.93,0.15
1990,1i,150.0,5,8.5711,2,1.0,False,2,7.4196,1.0,42.72,0.15
1995,1i,150.0,5,1.0425,2,1.0,False,2,0.8575,1.0,8.55,0.15
2000,1i,150.0,5,0.0015,5,8.0,False,2,0.0037,1.0,8.0,0.15
2005,1i,150.0,6,3.9136,5,8.0,False,3,7.9365,1.0,408.9,0.15
2010,1i,150.0,6,1.9733,5,8.0,False,3,8.3194,1.0,287.75,0.15
2015,1i,150.0,6,0.0284,5,8.0,False,3,8.251,1.0,166.36,0.15
2020,1i,150.0,7,2.4268,6,9.0,False,3,5.6625,1.0,58.13,0.15
2025,1i,150.0,8,3.0158,6,9.0,False,3,1.4083,1.0,10.24,0.15
2030,1i,150.0,3,2.3982,2,8.0,False,1,0.0,8.0,8.0,0.15
2035,1i,150.0,3,5.2892,2,8.0,False,2,9.4949,8.0,436.44,0.15
2040,1i,150.0,3,0.886,2,8.0,False,2,9.279,8.0,342.63,0.15
2045,1i,150.0,4,5.1232,3,15.0,False,2,9.4678,8.0,248.13,0.15
2050,1i,150.0,3,0.0,3,15.0,False,2,9.4423,8.0,153.87,0.15
2055,1i,150.0,4,4.1277,3,15.0,False,2,8.2554,8.0,66.39,0.15
2060,1i,150.0,3,3.9372,0,0.0,False,2,5.2358,1.7,4.89,0.15
2065,1i,150.0,2,8.2325,1,1.0,False,1,0.0,1.0,1.0,0.15
2070,1i,150.0,2,7.7626,1,1.0,False,1,0.0,1.0,1.0,0.15
2075,1i,150.0,2,0.2626,1,1.0,False,1,0.0,1.0,1.0,0.15
2080,1i,150.0,3,7.7864,2,1.0,False,1,0.0,1.0,1.0,0.15
2085,1i,150.0,5,10.0077,2,1.0,False,1,0.0,1.0,1.0,0.15
2090,1i,150.0,5,3.3352,2,1.0,False,1,0.0,1.0,1.0,0.15
2095,1i,150.0,5,0.0089,5,15.04,False,1,0.0,1.0,1.0,0.15
2100,1i,150.0,6,3.0276,5,15.04,False,1,0.0,1.0,1.0,0.15
2105,1i,150.0,6,0.9412,5,15.04,False,1,0.0,1.0,1.0,0.15
2110,1i,150.0,6,0.0076,6,22.06,False,1,0.0,1.0,1.0,0.15
2115,1i,150.0,7,2.0146,6,22.04,False,1,0.0,1.0,1.0,0.15
2120,1i,150.0,5,6.7258,1,1.0,False,0,,,,0.15
2125,1i,150.0,4,11.7499,1,1.0,False,1,19.1732,396.5,396.5,0.15
2130,1i,150.0,2,7.0228,1,1.0,False,2,22.0968,300.94,406.37,0.15
2135,1i,150.0,2,0.2482,1,1.0,False,2,21.843,205.56,286.29,0.15
2140,1i,150.0,3,5.6692,2,15.04,False,2,20.4321,113.84,166.14,0.15
2145,1i,150.0,4,7.5579,2,15.04,False,2,15.1159,26.9,61.33,0.15
2150,1i,150.0,3,2.5296,0,0.0,False,2,3.108,1.0,4.43,0.15
2155,1i,150.0,3,7.002,2,1.0,False,2,0.0,1.0,1.0,0.15
2160,1i,150.0,3,2.5658,2,1.0,False,2,0.0,1.0,1.0,0.15
2165,1i,150.0,3,0.012,3,15.08,False,2,0.0,1.0,1.0,0.15
2170,1i,150.0,3,0.0,3,15.04,False,2,0.0,1.0,1.0,0.15
2175,1i,150.0,6,9.9538,3,15.04,False,2,0.0,1.0,1.0,0.15
2180,1i,150.0,6,3.4718,3,15.04,False,2,0.0,1.0,1.0,0.15
2185,1i,150.0,6,0.0021,6,19.05,False,2,0.0,1.0,1.0,0.15
2190,1i,150.0,6,0.0,6,19.04,False,2,0.0,1.0,1.0,0.15
2195,1i,150.0,7,2.2274,6,19.04,False,2,0.0,1.0,1.0,0.15
2200,1i,150.0,7,0.2578,6,19.04,False,2,0.0,1.0,1.0,0.15
2205,1i,150.0,8,2.6188,7,26.04,False,2,0.0,1.0,1.0,0.15
2210,1i,150.0,6,7.2681,1,1.0,False,0,,,,0.15
2215,1i,150.0,3,6.809,1,1.0,False,0,,,,0.15
2220,1i,150.0,2,12.2708,1,1.0,False,0,,,,0.15
2225,1i,150.0,2,6.1357,1,1.0,False,1,19.1967,396.38,396.38,0.15
2230,1i,150.0,3,8.2115,1,1.0,False,1,18.92,300.98,300.98,0.15
2235,1i,150.0,3,3.6762,2,8.0,False,1,18.9525,205.11,205.11,0.15
2240,1i,150.0,2,10.5321,0,0.0,False,1,16.5181,119.71,119.71,0.15
2245,1i,150.0,1,15.0904,0,0.0,False,1,15.0904,31.45,31.45,0.15
2250,1i,150.0,2,10.0719,0,0.0,False,1,0.0904,1.0,1.0,0.15
2255,1i,150.0,2,4.4322,1,1.0,False,2,11.7073,1.0,408.2,0.15
2260,1i,150.0,2,0.0362,2,1.01,False,2,11.8652,1.0,285.41,0.15
2265,1i,150.0,2,0.0,2,1.0,False,2,12.0724,1.0,163.83,0.15
2270,1i,150.0,5,10.7441,2,1.0,False,2,8.0791,1.0,60.05,0.15
2275,1i,150.0,5,4.2201,2,1.0,False,2,1.744,1.0,15.81,0.15
2280,1i,150.0,5,1.1207,4,15.04,False,2,0.0005,1.0,15.04,0.15
2285,1i,150.0,6,4.0877,5,15.04,False,2,0.0,1.0,15.04,0.15
2290,1i,150.0,6,1.9045,5,15.04,False,2,0.0,1.0,15.04,0.15
2295,1i,150.0,6,0.0138,5,15.04,False,2,0.0,1.0,15.04,0.15
2300,1i,150.0,4,5.4653,1,1.0,False,1,3.1741,8.23,8.23,0.15
2305,1i,150.0,3,10.8713,1,1.0,False,0,,,,0.15
2310,1i,150.0,2,7.2697,1,1.0,False,0,,,,0.15
2315,1i,150.0,2,11.5541,1,1.0,False,1,25.0,480.3,480.3,0.15
2320,1i,150.0,2,4.7553,1,1.0,False,1,23.8555,359.55,359.55,0.15
2325,1i,150.0,3,7.1664,2,8.04,False,1,24.892,237.76,237.76,0.15
2330,1i,150.0,3,11.7034,0,0.0,False,1,24.5071,117.18,117.18,0.15
2335,1i,150.0,2,6.6903,1,1.01,False,1,13.3745,24.5,24.5,0.15
2340,1i,150.0,2,0.0,1,1.0,False,1,0.0,1.0,1.0,0.15
2345,1i,150.0,3,6.425,2,1.0,False,1,0.0,1.0,1.0,0.15
2350,1i,150.0,3,4.3008,2,1.0,False,1,0.0,1.0,1.0,0.15
2355,1i,150.0,3,1.8008,2,1.0,False,1,0.0,1.0,1.0,0.15
2360,1i,150.0,5,9.6194,3,8.0,False,1,0.0,1.0,1.0,0.15
2365,1i,150.0,6,7.4003,3,8.0,False,1,0.0,1.0,1.0,0.15
2370,1i,150.0,6,2.1899,3,8.0,False,1,0.0,1.0,1.0,0.15
2375,1i,150.0,6,0.9591,5,20.71,False,1,0.0,1.0,1.0,0.15
2380,1i,150.0,7,3.1034,5,20.71,False,1,0.0,1.0,1.0,0.15
2385,1i,150.0,7,0.8995,6,20.71,False,1,0.0,1.0,1.0,0.15
2390,1i,150.0,3,2.157,1,1.0,False,0,,,,0.15
2395,1i,150.0,3,7.7548,1,1.0,False,0,,,,0.15
2400,1i,150.0,1,0.0,1,1.0,False,0,,,,0.15
2405,1i,150.0,2,8.1687,1,1.0,False,0,,,,0.15
2410,1i,150.0,2,4.8024,1,1.0,False,0,,,,0.15
2415,1i,150.0,2,7.0832,1,1.0,False,0,,,,0.15
2420,1i,150.0,2,13.6943,0,0.0,False,0,,,,0.15
2425,1i,150.0,2,19.4713,0,0.0,False,0,,,,0.15
2430,1i,150.0,2,4.7636,0,0.0,False,0,,,,0.15
2435,1i,150.0,2,0.0,2,1.0,False,0,,,,0.15
2440,1i,150.0,3,4.8395,2,1.0,False,0,,,,0.15
2445,1i,150.0,3,3.3395,2,1.0,False,0,,,,0.15
2450,1i,150.0,3,1.8606,2,1.0,False,0,,,,0.15
2455,1i,150.0,5,9.0961,2,1.0,False,0,,,,0.15
2460,1i,150.0,6,6.3798,3,13.71,False,1,27.2787,429.74,429.74,0.15
2465,1i,150.0,6,1.8046,4,13.71,False,1,27.2021,294.29,294.29,0.15
2470,1i,150.0,6,0.0001,6,27.75,False,1,26.8701,161.02,161.02,0.15
2475,1i,150.0,7,2.0046,6,27.75,False,1,14.0319,65.24,65.24,0.15
2480,1i,150.0,4,1.8314,1,1.0,False,1,1.6508,33.63,33.63,0.15
2485,1i,150.0,4,8.6883,1,1.0,False,1,4.0324,17.62,17.62,0.15
2490,1i,150.0,2,7.2082,1,1.0,False,0,,,,0.15
2495,1i,150.0,2,8.6642,1,1.0,False,0,,,,0.15
2500,1i,150.0,3,12.2378,1,1.0,False,0,,,,0.15
2505,1i,150.0,3,5.4712,1,1.0,False,0,,,,0.15
2510,1i,150.0,3,8.3161,1,1.0,False,0,,,,0.15
2515,1i,150.0,3,4.4854,1,1.0,False,0,,,,0.15
2520,1i,150.0,4,5.1429,2,1.0,False,0,,,,0.15
2525,1i,150.0,4,1.4302,3,15.04,False,0,,,,0.15
2530,1i,150.0,5,4.6398,4,15.04,False,0,,,,0.15
2535,1i,150.0,5,2.144,4,15.04,False,0,,,,0.15
2540,1i,150.0,5,0.0583,5,22.13,False,0,,,,0.15
2545,1i,150.0,5,0.0001,5,22.04,False,0,,,,0.15
2550,1i,150.0,7,5.8599,5,22.04,False,0,,,,0.15
2555,1i,150.0,8,3.2155,5,22.04,False,0,,,,0.15
2560,1i,150.0,8,0.8259,7,22.04,False,0,,,,0.15
2565,1i,150.0,8,0.2654,7,22.04,False,0,,,,0.15
2570,1i,150.0,6,3.8697,2,4.8,False,0,,,,0.15
2575,1i,150.0,4,3.6076,2,4.8,False,0,,,,0.15
2580,1i,150.0,4,7.6662,2,4.8,False,0,,,,0.15
2585,1i,150.0,3,7.8549,2,4.8,False,0,,,,0.15
2590,1i,150.0,3,5.4597,2,4.8,False,0,,,,0.15
2595,1i,150.0,4,6.4014,2,4.8,False,0,,,,0.15
2600,1i,150.0,2,6.0422,1,0.11,False,0,,,,0.15
2605,1i,150.0,1,0.0,1,0.11,False,0,,,,0.15
2610,1i,150.0,3,12.8174,1,0.11,False,0,,,,0.15
2615,1i,150.0,3,8.4308,1,0.11,False,0,,,,0.15
2620,1i,150.0,3,2.1699,1,0.11,False,0,,,,0.15
2625,1i,150.0,3,0.2547,2,1.0,False,0,,,,0.15
2630,1i,150.0,4,2.8773,3,7.11,False,1,23.4905,409.18,409.18,0.15
2635,1i,150.0,4,1.7523,3,7.11,False,1,24.1626,290.11,290.11,0.15
2640,1i,150.0,4,0.6834,3,7.11,False,1,24.0064,170.37,170.37,0.15
2645,1i,150.0,7,7.3391,4,21.15,False,1,17.7833,61.98,61.98,0.15
2650,1i,150.0,7,2.6366,4,21.15,False,1,4.2046,12.96,12.96,0.15
2655,1i,150.0,7,0.8156,6,21.15,False,1,0.0146,8.01,8.01,0.15
2660,1i,150.0,4,6.9364,1,1.0,False,0,,,,0.15
2665,1i,150.0,3,6.799,1,1.0,False,0,,,,0.15
2670,1i,150.0,2,4.6751,1,1.0,False,0,,,,0.15
2675,1i,150.0,2,10.5311,1,1.0,False,0,,,,0.15
2680,1i,150.0,2,11.8943,1,1.0,False,0,,,,0.15
2685,1i,150.0,2,6.5176,1,1.0,False,0,,,,0.15
2690,1i,150.0,2,11.8205,0,0.0,False,0,,,,0.15
2695,1i,150.0,2,6.3755,1,1.0,False,0,,,,0.15
2700,1i,150.0,1,0.0,1,1.0,False,0,,,,0.15
2705,1i,150.0,3,12.6064,1,1.0,False,0,,,,0.15
2710,1i,150.0,3,5.3709,1,1.0,False,0,,,,0.15
2715,1i,150.0,3,0.0279,2,1.0,False,0,,,,0.15
2720,1i,150.0,4,4.1236,3,8.0,False,0,,,,0.15
2725,1i,150.0,4,0.7191,3,8.0,False,1,26.537,375.03,375.03,0.15
2730,1i,150.0,4,0.0046,4,20.72,False,1,26.9072,238.79,238.79,0.15
2735,1i,150.0,7,10.2341,4,20.71,False,1,25.037,106.19,106.19,0.15
2740,1i,150.0,7,5.5958,4,20.71,False,1,12.3085,20.23,20.23,0.15
2745,1i,150.0,7,0.314,5,20.71,False,1,0.0,1.0,1.0,0.15
2750,1i,150.0,3,2.5372,1,1.0,False,1,0.0,1.0,1.0,0.15
2755,1i,150.0,2,12.0291,1,1.0,False,1,0.0,1.0,1.0,0.15
2760,1i,150.0,2,7.0899,1,1.0,False,1,0.0,1.0,1.0,0.15
2765,1i,150.0,2,13.7288,1,1.0,False,1,0.0,1.0,1.0,0.15
2770,1i,150.0,2,7.0858,1,1.0,False,1,0.0,1.0,1.0,0.15
2775,1i,150.0,3,7.4723,1,1.0,False,1,0.0,1.0,1.0,0.15
2780,1i,150.0,2,3.6461,1,1.0,False,0,,,,0.15
2785,1i,150.0,3,7.1912,2,1.01,False,0,,,,0.15
2790,1i,150.0,3,2.2373,2,1.0,False,0,,,,0.15
2795,1i,150.0,4,4.4456,3,1.0,False,0,,,,0.15
2800,1i,150.0,5,4.8241,3,1.0,False,0,,,,0.15
2805,1i,150.0,5,1.4532,4,8.0,False,0,,,,0.15
2810,1i,150.0,6,4.1117,5,8.0,False,0,,,,0.15
2815,1i,150.0,6,2.2802,5,8.0,False,0,,,,0.15
2820,1i,150.0,6,0.2519,5,8.0,False,0,,,,0.15
2825,1i,150.0,6,0.0,6,15.0,False,0,,,,0.15
2830,1i,150.0,8,6.0172,6,15.0,False,0,,,,0.15
2835,1i,150.0,9,4.1685,6,15.0,False,0,,,,0.15
2840,1i,150.0,5,4.5031,1,1.0,False,0,,,,0.15
2845,1i,150.0,3,3.0377,2,8.0,False,0,,,,0.15
2850,1i,150.0,3,8.2289,2,8.0,False,1,24.8535,383.26,383.26,0.15
2855,1i,150.0,3,4.2128,2,8.0,False,1,24.865,262.74,262.74,0.15
2860,1i,150.0,3,8.042,2,8.0,False,1,24.1261,143.26,143.26,0.15
2865,1i,150.0,3,4.8133,2,8.0,False,2,19.2808,45.2,408.0,0.15
2870,1i,150.0,2,10.4383,0,0.0,False,2,13.24,1.47,287.46,0.15
2875,1i,150.0,2,8.2652,1,1.0,False,2,12.458,1.0,165.45,0.15
2880,1i,150.0,3,7.7488,1,1.0,False,2,9.5031,1.0,52.04,0.15
2885,1i,150.0,4,6.9896,2,1.0,False,2,2.0031,1.0,2.01,0.15
2890,1i,150.0,4,2.538,3,1.0,False,3,8.3333,1.0,480.3,0.15
2895,1i,150.0,5,3.1355,4,15.07,False,3,7.9271,1.0,358.9,0.15
2900,1i,150.0,5,2.2382,4,15.04,False,3,7.9961,1.0,239.04,0.15
2905,1i,150.0,6,4.7946,4,15.04,False,3,7.3351,1.0,120.28,0.15
2910,1i,150.0,6,2.4596,4,15.04,False,3,4.1374,1.0,40.85,0.15
2915,1i,150.0,6,0.0046,5,15.04,False,3,0.0075,1.0,19.06,0.15
2920,1i,150.0,6,0.0,6,19.04,False,3,0.0,1.0,19.04,0.15
2925,1i,150.0,9,7.0383,6,19.04,False,3,0.0,1.0,19.04,0.15
2930,1i,150.0,6,4.9639,1,1.0,False,2,0.9342,1.0,14.69,0.15
2935,1i,150.0,3,1.9437,2,8.01,False,1,0.0,1.0,1.0,0.15
2940,1i,150.0,2,0.0,2,8.0,False,1,0.0,1.0,1.0,0.15
2945,1i,150.0,3,5.8766,2,8.0,False,1,0.0,1.0,1.0,0.15
2950,1i,150.0,3,4.3766,2,8.0,False,1,0.0,1.0,1.0,0.15
2955,1i,150.0,4,7.3031,2,8.0,False,1,0.0,1.0,1.0,0.15
2960,1i,150.0,4,10.5406,1,1.0,False,0,,,,0.15
2965,1i,150.0,3,4.7546,1,1.0,False,0,,,,0.15
2970,1i,150.0,4,6.8446,2,1.0,False,0,,,,0.15
2975,1i,150.0,4,3.2715,3,15.04,False,0,,,,0.15
2980,1i,150.0,4,0.0,3,15.04,False,0,,,,0.15
2985,1i,150.0,6,6.7349,4,15.04,False,0,,,,0.15
2990,1i,150.0,6,3.8916,4,15.04,False,0,,,,0.15
2995,1i,150.0,6,0.5083,4,15.04,False,0,,,,0.15
3000,1i,150.0,7,2.3534,6,22.04,False,0,,,,0.15
3005,1i,150.0,7,0.4125,6,22.04,False,0,,,,0.15
3010,1i,150.0,7,0.0015,7,34.76,False,0,,,,0.15
3015,1i,150.0,8,3.2582,7,34.75,False,0,,,,0.15
3020,1i,150.0,7,8.0397,1,1.0,False,0,,,,0.15
3025,1i,150.0,4,4.5032,1,1.0,False,0,,,,0.15
3030,1i,150.0,2,0.0,2,8.0,False,0,,,,0.15
3035,1i,150.0,3,7.7997,2,8.0,False,0,,,,0.15
3040,1i,150.0,3,5.6683,2,8.0,False,0,,,,0.15
3045,1i,150.0,2,0.0,2,8.0,False,0,,,,0.15
3050,1i,150.0,2,13.5625,0,0.0,False,0,,,,0.15
3055,1i,150.0,2,17.8295,0,0.0,False,0,,,,0.15
3060,1i,150.0,2,6.46,1,1.0,False,0,,,,0.15
3065,1i,150.0,3,8.2197,1,1.0,False,0,,,,0.15
3070,1i,150.0,3,3.4278,2,1.0,False,0,,,,0.15
3075,1i,150.0,3,0.0,3,1.0,False,0,,,,0.15
3080,1i,150.0,5,7.5748,3,1.0,False,0,,,,0.15
3085,1i,150.0,5,4.1546,3,1.0,False,0,,,,0.15
3090,1i,150.0,5,0.94,3,1.0,False,0,,,,0.15
3095,1i,150.0,6,2.5058,5,8.02,False,0,,,,0.15
3100,1i,150.0,6,1.7525,5,8.0,False,0,,,,0.15
3105,1i,150.0,6,1.0025,5,8.0,False,0,,,,0.15
3110,1i,150.0,4,12.7112,1,1.0,False,0,,,,0.15
3115,1i,150.0,4,12.5417,1,1.0,False,1,25.0,480.3,480.3,0.15
3120,1i,150.0,3,5.1641,1,1.0,False,1,24.6314,358.39,358.39,0.15
3125,1i,150.0,2,0.0,2,8.0,False,1,24.2538,236.71,236.71,0.15
3130,1i,150.0,3,8.0631,2,8.0,False,1,24.1892,116.24,116.24,0.15
3135,1i,150.0,3,4.2861,2,8.0,False,1,12.8582,22.43,22.43,0.15
3140,1i,150.0,1,0.0,1,1.0,False,1,0.0,1.0,1.0,0.15
3145,1i,150.0,2,9.3676,1,1.0,False,2,12.459,1.0,430.73,0.15
3150,1i,150.0,3,8.7097,1,1.0,False,2,11.9041,1.0,309.47,0.15
3155,1i,150.0,3,3.4073,2,1.0,False,2,12.3445,1.0,187.18,0.15
3160,1i,150.0,4,5.3461,3,8.01,False,3,14.9229,1.0,456.83,0.15
3165,1i,150.0,4,1.705,3,8.0,False,3,10.4173,1.0,336.04,0.15
3170,1i,150.0,5,3.7711,4,8.0,False,3,8.0199,1.0,216.16,0.15
3175,1i,150.0,6,5.8991,4,8.0,False,3,7.7225,1.0,97.39,0.15
3180,1i,150.0,6,2.3805,4,8.0,False,3,3.0631,1.0,23.49,0.15
3185,1i,150.0,6,0.0135,5,15.01,False,3,0.01,1.0,8.0,0.15
3190,1i,150.0,7,1.9623,6,15.0,False,3,0.0,1.0,8.0,0.15
3195,1i,150.0,7,1.338,6,15.0,False,3,0.0,1.0,8.0,0.15
3200,1i,150.0,3,3.3628,1,1.0,False,1,0.0,1.0,1.0,0.15
3205,1i,150.0,5,15.9523,1,1.0,False,1,0.0,1.0,1.0,0.15
3210,1i,150.0,4,10.5054,1,1.0,False,1,0.0,1.0,1.0,0.15
3215,1i,150.0,2,0.8092,1,1.0,False,1,0.0,1.0,1.0,0.15
3220,1i,150.0,2,0.0,2,8.0,False,1,0.0,1.0,1.0,0.15
3225,1i,150.0,2,0.0,2,8.0,False,1,0.0,1.0,1.0,0.15
3230,1i,150.0,1,18.4829,0,0.0,False,0,,,,0.15
3235,1i,150.0,2,17.5791,0,0.0,False,0,,,,0.15
3240,1i,150.0,2,5.8657,1,1.0,False,0,,,,0.15
3245,1i,150.0,3,5.4372,2,1.0,False,0,,,,0.15
3250,1i,150.0,3,1.1592,2,1.0,False,0,,,,0.15
3255,1i,150.0,4,4.7275,3,13.71,False,0,,,,0.15
3260,1i,150.0,5,5.7232,3,13.71,False,0,,,,0.15
3265,1i,150.0,5,2.6621,4,13.71,False,1,25.0,480.3,480.3,0.15
3270,1i,150.0,6,3.2851,4,13.71,False,1,24.2033,360.04,360.04,0.15
3275,1i,150.0,6,0.8666,5,20.71,False,1,24.5724,237.48,237.48,0.15
3280,1i,150.0,7,3.2651,6,20.71,False,1,22.8188,116.89,116.89,0.15
3285,1i,150.0,7,1.4385,6,20.71,False,2,16.807,41.66,456.76,0.15
3290,1i,150.0,4,2.9311,1,1.0,False,2,12.9254,25.46,336.61,0.15
3295,1i,150.0,1,0.0,1,1.0,False,1,24.8649,214.63,214.63,0.15
3300,1i,150.0,4,16.1729,1,1.0,False,1,23.0237,95.39,95.39,0.15
3305,1i,150.0,3,7.7036,1,1.0,False,1,12.967,10.44,10.44,0.15
3310,1i,150.0,2,0.0164,2,8.01,False,0,,,,0.15
3315,1i,150.0,2,0.0,2,8.0,False,0,,,,0.15
3320,1i,150.0,2,11.3483,0,0.0,False,0,,,,0.15
3325,1i,150.0,1,16.7203,0,0.0,False,0,,,,0.15
3330,1i,150.0,2,13.3431,0,0.0,False,1,25.0,480.3,480.3,0.15
3335,1i,150.0,3,12.3407,1,1.0,False,1,23.6817,359.6,359.6,0.15
3340,1i,150.0,3,3.6358,2,1.0,False,1,24.2031,240.29,240.29,0.15
3345,1i,150.0,4,6.2593,3,13.84,False,1,24.8922,119.36,119.36,0.15
3350,1i,150.0,4,3.2971,3,13.71,False,1,13.1881,23.75,23.75,0.15
3355,1i,150.0,5,4.7666,3,13.71,False,1,0.0,1.0,1.0,0.15
3360,1i,150.0,5,2.2462,4,13.71,False,1,0.0,1.0,1.0,0.15
3365,1i,150.0,6,2.4279,5,17.73,False,1,0.0,1.0,1.0,0.15
3370,1i,150.0,6,1.7197,5,17.71,False,1,0.0,1.0,1.0,0.15
3375,1i,150.0,7,3.6713,5,17.71,False,1,0.0,1.0,1.0,0.15
3380,1i,150.0,3,4.4846,1,1.0,False,3,17.102,1.0,407.63,0.15
3385,1i,150.0,1,0.0,1,1.0,False,3,16.9087,1.0,285.98,0.15
3390,1i,150.0,2,13.4336,1,1.0,False,3,17.0739,1.0,163.63,0.15
3395,1i,150.0,4,11.756,1,1.0,False,3,9.9391,1.0,58.2,0.15
3400,1i,150.0,3,4.7921,1,1.0,False,2,0.753,1.0,8.76,0.15
3405,1i,150.0,3,1.9047,2,8.0,False,2,0.0018,1.0,8.0,0.15
3410,1i,150.0,3,8.8509,1,1.0,False,1,3.1114,3.84,3.84,0.15
3415,1i,150.0,2,7.0583,1,1.0,False,0,,,,0.15
3420,1i,150.0,2,0.9697,1,1.0,False,0,,,,0.15
3425,1i,150.0,2,0.0048,2,15.04,False,0,,,,0.15
3430,1i,150.0,4,9.906,2,15.04,False,0,,,,0.15
3435,1i,150.0,4,4.7381,2,15.04,False,0,,,,0.15
3440,1i,150.0,5,4.3689,3,15.04,False,0,,,,0.15
3445,1i,150.0,5,1.1845,4,22.04,False,0,,,,0.15
3450,1i,150.0,6,3.4981,5,22.04,False,0,,,,0.15
3455,1i,150.0,7,4.3491,5,22.04,False,0,,,,0.15
3460,1i,150.0,7,1.6939,6,26.04,False,0,,,,0.15
3465,1i,150.0,7,0.0756,7,26.04,False,0,,,,0.15
3470,1i,150.0,5,4.2821,2,24.87,False,0,,,,0.15
3475,1i,150.0,3,5.3347,1,1.0,False,2,24.4171,383.74,383.99,0.15
3480,1i,150.0,2,4.7305,1,1.0,False,2,23.9389,262.27,262.53,0.15
3485,1i,150.0,4,18.4795,1,1.0,False,2,24.1225,142.2,144.52,0.15
3490,1i,150.0,4,11.323,1,1.0,False,2,15.5664,40.57,41.45,0.15
3495,1i,150.0,3,1.3591,1,1.0,False,2,2.0387,1.0,5.29,0.15
3500,1i,150.0,2,1.7127,1,1.0,False,2,1.7127,0.1,1.0,0.15
3505,1i,150.0,2,11.7952,1,1.0,False,2,9.6453,1.0,415.69,0.15
3510,1i,150.0,2,6.5903,1,1.0,False,2,9.5426,1.0,320.03,0.15
3515,1i,150.0,2,0.1691,1,1.0,False,2,9.6533,1.0,223.95,0.15
3520,1i,150.0,3,5.222,2,1.0,False,3,13.9662,1.0,429.89,0.15
3525,1i,150.0,4,7.665,2,1.0,False,3,12.6138,1.0,294.22,0.15
3530,1i,150.0,4,4.6976,2,1.0,False,4,15.2842,1.0,400.73,0.15
3535,1i,150.0,5,4.2397,2,1.0,False,4,11.8617,1.0,265.1,0.15
3540,1i,150.0,6,4.7485,4,8.0,False,4,7.1226,1.0,132.31,0.15
3545,1i,150.0,6,2.0977,5,8.0,False,4,3.1465,1.0,42.9,0.15
3550,1i,150.0,6,0.1266,5,8.0,False,5,4.8742,1.0,384.7,0.15
3555,1i,150.0,7,1.7671,6,12.0,False,5,4.8949,1.0,263.0,0.15
3560,1i,150.0,4,8.6949,1,1.0,False,3,8.7276,1.0,145.12,0.15
3565,1i,150.0,3,9.4605,1,1.0,False,2,9.2831,1.0,52.58,0.15
3570,1i,150.0,1,0.0,1,1.0,False,1,0.0,1.0,1.0,0.15
3575,1i,150.0,1,0.0,1,1.0,False,1,0.0,1.0,1.0,0.15
3580,1i,150.0,4,18.2803,1,1.0,False,1,0.0,1.0,1.0,0.15
3585,1i,150.0,4,9.7666,1,1.0,False,1,0.0,1.0,1.0,0.15
3590,1i,150.0,3,1.3658,1,1.0,False,0,,,,0.15
3595,1i,150.0,2,0.0,2,1.0,False,0,,,,0.15
3600,1i,150.0,2,0.0,2,1.0,False,0,,,,0.15
0,2i,150.0,0,0.0,0,0.0,False,0,,,,0.15
5,2i,150.0,0,0.0,0,0.0,False,0,,,,0.15
10,2i,150.0,0,0.0,0,0.0,False,0,,,,0.15
15,2i,150.0,3,24.5502,0,0.0,False,0,,,,0.15
20,2i,150.0,3,14.9406,0,0.0,False,0,,,,0.15
25,2i,150.0,3,1.2497,1,1.0,False,0,,,,0.15
30,2i,150.0,3,0.0,3,1.0,False,0,,,,0.15
35,2i,150.0,4,5.9245,3,1.0,False,0,,,,0.15
40,2i,150.0,4,2.9517,3,1.0,False,0,,,,0.15
45,2i,150.0,4,0.0016,3,1.0,False,0,,,,0.15
50,2i,150.0,2,10.4922,1,1.0,False,0,,,,0.15
55,2i,150.0,2,11.202,1,1.0,False,0,,,,0.15
60,2i,150.0,1,0.0,1,1.0,False,0,,,,0.15
65,2i,150.0,2,10.0241,1,1.0,False,0,,,,0.15
70,2i,150.0,2,3.8628,1,1.0,False,0,,,,0.15
75,2i,150.0,3,7.3928,2,5.0,False,0,,,,0.15
80,2i,150.0,3,11.1238,0,0.0,False,0,,,,0.15
85,2i,150.0,2,5.1752,1,1.0,False,0,,,,0.15
90,2i,150.0,2,0.0,2,1.0,False,0,,,,0.15
95,2i,150.0,3,5.8734,2,1.0,False,1,27.77,483.3,483.3,0.15
100,2i,150.0,3,1.6364,2,1.0,False,1,26.5122,347.55,347.55,0.15
105,2i,150.0,3,0.0024,3,8.01,False,1,26.0736,215.57,215.57,0.15
110,2i,150.0,6,11.0634,3,8.0,False,1,23.9558,86.08,86.08,0.15
115,2i,150.0,6,4.1448,3,8.0,False,1,9.1355,10.41,10.41,0.15
120,2i,150.0,6,0.0196,6,15.01,False,1,0.0,1.0,1.0,0.15
125,2i,150.0,6,0.0,6,15.0,False,1,0.0,1.0,1.0,0.15
130,2i,150.0,7,3.0399,6,15.0,False,1,0.0,1.0,1.0,0.15
135,2i,150.0,7,1.2088,6,15.0,False,2,12.3186,1.0,432.34,0.15
140,2i,150.0,3,2.9457,1,1.0,False,2,11.638,1.0,312.18,0.15
145,2i,150.0,2,7.9283,1,1.0,False,2,10.6478,1.0,195.65,0.15
150,2i,150.0,3,11.9651,1,1.0,False,2,9.3422,1.0,97.31,0.15
155,2i,150.0,2,6.3937,1,1.0,False,2,6.3937,1.0,15.38,0.15
160,2i,150.0,2,9.01,1,1.0,False,1,0.0,1.0,1.0,0.15
165,2i,150.0,2,2.1776,1,1.0,False,1,0.0,1.0,1.0,0.15
170,2i,150.0,2,11.1901,0,0.0,False,0,,,,0.15
175,2i,150.0,2,12.8519,0,0.0,False,0,,,,0.15
180,2i,150.0,2,3.6423,1,1.0,False,0,,,,0.15
185,2i,150.0,3,8.254,2,1.0,False,0,,,,0.15
190,2i,150.0,3,4.0288,2,1.0,False,0,,,,0.15
195,2i,150.0,3,0.0552,2,1.0,False,0,,,,0.15
200,2i,150.0,3,0.0001,3,8.0,False,0,,,,0.15
205,2i,150.0,4,4.6768,3,8.0,False,0,,,,0.15
210,2i,150.0,6,7.1006,3,8.0,False,1,24.9543,431.41,431.41,0.15
215,2i,150.0,6,2.9659,4,15.0,False,1,24.2818,313.12,313.12,0.15
220,2i,150.0,6,0.0141,6,15.0,False,1,23.3034,192.97,192.97,0.15
225,2i,150.0,7,2.7394,6,15.0,False,1,19.1757,81.77,81.77,0.15
230,2i,150.0,3,3.8363,1,1.0,False,1,6.6522,23.97,23.97,0.15
235,2i,150.0,2,10.9579,1,1.0,False,0,,,,0.15
240,2i,150.0,2,7.1075,1,1.0,False,1,27.1695,375.77,375.77,0.15
245,2i,150.0,2,8.5528,1,1.0,False,2,23.2195,240.79,474.59,0.15
250,2i,150.0,3,12.0823,1,1.0,False,2,20.9176,110.24,381.08,0.15
255,2i,150.0,3,5.2542,1,1.0,False,2,14.6533,32.15,285.54,0.15
260,2i,150.0,2,0.639,1,1.0,False,2,10.1329,13.35,191.27,0.15
265,2i,150.0,3,5.4385,1,1.0,False,2,8.1578,1.02,101.78,0.15
270,2i,150.0,4,6.8654,2,1.0,False,2,4.7234,1.0,40.59,0.15
275,2i,150.0,4,1.6581,2,1.0,False,2,0.994,1.0,15.69,0.15
280,2i,150.0,4,0.0017,4,15.04,False,2,0.0004,1.0,15.04,0.15
285,2i,150.0,5,2.7415,4,15.04,False,2,0.0,1.0,15.04,0.15
290,2i,150.0,5,1.3903,4,15.04,False,2,0.0,1.0,15.04,0.15
295,2i,150.0,5,0.0476,4,15.04,False,2,0.0,1.0,15.04,0.15
300,2i,150.0,7,5.3591,5,27.75,False,2,0.0,1.0,15.04,0.15
305,2i,150.0,8,3.0848,5,27.75,False,3,8.1088,1.0,408.39,0.15
310,2i,150.0,8,0.9008,7,40.46,False,3,8.2524,1.0,288.51,0.15
315,2i,150.0,8,0.0081,7,40.46,False,3,7.8649,1.0,170.24,0.15
320,2i,150.0,6,2.9909,3,39.65,False,3,5.288,1.0,75.54,0.15
325,2i,150.0,5,2.973,2,5.0,False,2,3.0819,1.0,38.3,0.15
330,2i,150.0,4,6.7559,2,5.0,False,2,3.9787,1.0,4.94,0.15
335,2i,150.0,3,8.1872,2,5.0,False,1,0.0,1.0,1.0,0.15
340,2i,150.0,3,3.8413,2,5.0,False,1,0.0,1.0,1.0,0.15
345,2i,150.0,3,7.2328,2,5.0,False,1,0.0,1.0,1.0,0.15
350,2i,150.0,2,5.8238,0,0.0,False,0,,,,0.15
355,2i,150.0,1,23.5434,0,0.0,False,0,,,,0.15
360,2i,150.0,2,17.736,0,0.0,False,0,,,,0.15
365,2i,150.0,2,6.3815,1,1.0,False,0,,,,0.15
370,2i,150.0,2,0.0,2,1.0,False,0,,,,0.15
375,2i,150.0,3,5.5515,2,1.0,False,0,,,,0.15
380,2i,150.0,3,1.0164,2,1.0,False,0,,,,0.15
385,2i,150.0,3,0.0001,3,8.0,False,0,,,,0.15
390,2i,150.0,3,0.0,3,8.0,False,0,,,,0.15
395,2i,150.0,6,8.7246,3,8.0,False,0,,,,0.15
400,2i,150.0,6,5.3394,3,8.0,False,0,,,,0.15
405,2i,150.0,6,1.2436,4,8.0,False,0,,,,0.15
410,2i,150.0,3,9.41,1,1.0,False,1,24.461,432.16,432.16,0.15
415,2i,150.0,2,7.1854,1,1.0,False,1,24.4285,312.32,312.32,0.15
420,2i,150.0,1,0.0,1,1.0,False,1,24.0807,189.95,189.95,0.15
425,2i,150.0,2,9.8485,1,1.0,False,2,21.8113,74.52,432.11,0.15
430,2i,150.0,2,12.2457,1,1.0,False,1,23.5325,312.99,312.99,0.15
435,2i,150.0,2,5.0751,1,1.0,False,1,23.2785,193.11,193.11,0.15
440,2i,150.0,2,9.8831,1,1.0,False,1,19.7661,79.56,79.56,0.15
445,2i,150.0,2,4.6979,1,1.0,False,1,9.3958,12.55,12.55,0.15
450,2i,150.0,3,6.7342,2,1.0,False,1,0.0,1.0,1.0,0.15
455,2i,150.0,4,7.6077,2,1.0,False,1,0.0,1.0,1.0,0.15
460,2i,150.0,4,2.7097,3,8.0,False,1,0.0,1.0,1.0,0.15
465,2i,150.0,4,0.0053,3,8.0,False,1,0.0,1.0,1.0,0.15
470,2i,150.0,5,3.4104,4,8.0,False,2,12.5,1.0,480.3,0.15
475,2i,150.0,5,0.735,4,8.0,False,2,12.4718,1.0,359.46,0.15
480,2i,150.0,5,0.0001,5,15.0,False,2,12.4369,1.0,237.62,0.15
485,2i,150.0,8,8.7644,5,15.0,False,2,11.6642,1.0,118.12,0.15
490,2i,150.0,8,4.4045,5,15.0,False,2,6.1748,1.0,29.96,0.15
495,2i,150.0,8,0.1008,6,22.02,False,2,0.2566,1.0,8.05,0.15
500,2i,150.0,4,2.0763,2,8.0,False,1,0.0,1.0,1.0,0.15
505,2i,150.0,2,0.0,2,8.0,False,2,13.2444,1.0,403.07,0.15
510,2i,150.0,3,5.07,2,8.0,False,2,13.422,1.0,268.86,0.15
515,2i,150.0,4,9.4729,2,8.0,False,2,13.5907,1.0,133.88,0.15
520,2i,150.0,3,5.9975,2,8.0,False,2,8.9963,1.0,35.05,0.15
525,2i,150.0,3,6.9581,2,8.0,False,1,0.0,1.0,1.0,0.15
530,2i,150.0,2,6.0727,0,0.0,False,0,,,,0.15
535,2i,150.0,2,9.2072,1,1.0,False,0,,,,0.15
540,2i,150.0,2,2.5766,1,1.0,False,0,,,,0.15
545,2i,150.0,3,6.2916,2,1.0,False,0,,,,0.15
550,2i,150.0,3,4.2013,2,1.0,False,0,,,,0.15
555,2i,150.0,4,5.867,2,1.0,False,0,,,,0.15
560,2i,150.0,4,1.7469,3,8.0,False,0,,,,0.15
565,2i,150.0,5,2.6027,4,8.0,False,1,24.2965,456.0,456.0,0.15
570,2i,150.0,5,1.7928,4,8.0,False,1,23.3021,337.89,337.89,0.15
575,2i,150.0,5,0.8928,4,8.0,False,1,23.6904,219.07,219.07,0.15
580,2i,150.0,7,6.1666,5,20.71,False,1,20.6175,102.29,102.29,0.15
585,2i,150.0,8,3.8762,5,20.71,False,2,15.3079,41.2,432.49,0.15
590,2i,150.0,5,3.137,2,8.02,False,2,12.7506,32.17,314.17,0.15
595,2i,150.0,3,1.6963,2,8.0,False,2,14.4124,12.95,193.41,0.15
600,2i,150.0,3,7.5068,2,8.0,False,1,22.5203,74.54,74.54,0.15
605,2i,150.0,3,3.5996,2,8.0,False,1,10.7987,0.27,0.27,0.15
610,2i,150.0,3,8.0927,2,8.0,False,0,,,,0.15
615,2i,150.0,3,4.8296,2,8.0,False,0,,,,0.15
620,2i,150.0,3,7.4487,0,0.0,False,0,,,,0.15
625,2i,150.0,3,9.5551,1,1.0,False,0,,,,0.15
630,2i,150.0,3,5.4171,2,1.0,False,0,,,,0.15
635,2i,150.0,4,6.508,2,1.0,False,0,,,,0.15
640,2i,150.0,4,2.9949,3,1.0,False,0,,,,0.15
645,2i,150.0,5,3.1521,3,1.0,False,0,,,,0.15
650,2i,150.0,5,2.2425,4,8.0,False,0,,,,0.15
655,2i,150.0,6,4.4076,4,8.0,False,0,,,,0.15
660,2i,150.0,6,2.1485,4,8.0,False,1,24.7642,431.88,431.88,0.15
665,2i,150.0,6,0.0037,6,15.01,False,1,23.3163,311.04,311.04,0.15
670,2i,150.0,6,0.0,6,15.0,False,1,23.3654,192.05,192.05,0.15
675,2i,150.0,7,2.8732,6,15.0,False,1,20.1121,76.93,76.93,0.15
680,2i,150.0,5,7.3661,1,1.0,False,1,7.2553,14.94,14.94,0.15
685,2i,150.0,4,5.5427,2,8.0,False,1,0.0125,8.0,8.0,0.15
690,2i,150.0,2,0.0,2,8.0,False,1,0.0,8.0,8.0,0.15
695,2i,150.0,3,6.5184,2,8.0,False,2,9.72,8.0,474.59,0.15
700,2i,150.0,2,0.0,2,8.0,False,2,9.4916,8.0,379.68,0.15
705,2i,150.0,3,7.579,2,8.0,False,2,9.2981,8.0,286.97,0.15
710,2i,150.0,2,6.9179,0,0.0,False,2,10.3459,4.04,193.38,0.15
715,2i,150.0,2,8.7188,1,1.0,False,1,17.4376,100.82,100.82,0.15
720,2i,150.0,3,12.0079,1,1.0,False,2,18.8683,21.95,480.3,0.15
725,2i,150.0,3,4.4729,2,1.0,False,2,11.9485,1.0,359.02,0.15
730,2i,150.0,4,5.4915,2,1.0,False,2,11.7434,1.0,238.83,0.15
735,2i,150.0,5,6.6957,3,1.0,False,2,12.255,1.0,117.29,0.15
740,2i,150.0,5,2.438,4,13.71,False,2,6.0918,1.0,30.23,0.15
745,2i,150.0,5,0.0502,4,13.71,False,2,0.1255,1.0,8.2,0.15
750,2i,150.0,6,3.1455,5,13.71,False,2,0.0,1.0,8.0,0.15
755,2i,150.0,6,0.964,5,13.71,False,2,0.0,1.0,8.0,0.15
760,2i,150.0,6,0.0108,6,20.72,False,2,0.0,1.0,8.0,0.15
765,2i,150.0,7,3.7721,6,20.71,False,2,0.0,1.0,8.0,0.15
770,2i,150.0,5,10.4808,1,1.0,False,0,,,,0.15
775,2i,150.0,3,4.8364,1,1.0,False,0,,,,0.15
780,2i,150.0,2,0.0043,2,8.0,False,0,,,,0.15
785,2i,150.0,2,0.0,2,8.0,False,0,,,,0.15
790,2i,150.0,3,5.3116,2,8.0,False,0,,,,0.15
795,2i,150.0,3,3.9541,2,8.0,False,0,,,,0.15
800,2i,150.0,3,7.7066,1,1.0,False,0,,,,0.15
805,2i,150.0,3,10.0166,1,1.0,False,0,,,,0.15
810,2i,150.0,3,2.8017,2,1.0,False,0,,,,0.15
815,2i,150.0,4,5.8875,3,15.12,False,0,,,,0.15
820,2i,150.0,4,2.4942,3,15.04,False,0,,,,0.15
825,2i,150.0,5,3.7512,4,15.04,False,0,,,,0.15
830,2i,150.0,6,4.1721,4,15.04,False,0,,,,0.15
835,2i,150.0,6,0.9371,5,22.04,False,0,,,,0.15
840,2i,150.0,6,0.0017,6,22.04,False,0,,,,0.15
845,2i,150.0,7,2.082,6,22.04,False,1,25.0,480.3,480.3,0.15
850,2i,150.0,7,0.3604,6,22.04,False,1,24.5016,359.23,359.23,0.15
855,2i,150.0,7,0.0001,7,29.04,False,1,24.9804,238.99,238.99,0.15
860,2i,150.0,7,10.6704,2,27.76,False,1,24.3143,118.34,118.34,0.15
865,2i,150.0,5,9.3988,1,1.0,False,1,12.0079,32.19,32.19,0.15
870,2i,150.0,3,2.3988,1,1.0,False,1,0.8461,8.23,8.23,0.15
875,2i,150.0,2,0.0014,2,8.0,False,1,0.0028,8.0,8.0,0.15
880,2i,150.0,3,7.8887,2,8.0,False,2,11.9955,8.0,409.38,0.15
885,2i,150.0,3,3.3971,2,8.0,False,2,12.4042,8.0,287.87,0.15
890,2i,150.0,2,2.0483,1,1.0,False,2,13.7437,2.44,168.6,0.15
895,2i,150.0,2,9.6001,1,1.0,False,1,19.2003,56.32,56.32,0.15
900,2i,150.0,3,8.086,1,1.0,False,1,4.8408,2.84,2.84,0.15
905,2i,150.0,3,2.2165,2,1.0,False,1,0.0,1.0,1.0,0.15
910,2i,150.0,4,4.5822,3,8.01,False,2,9.675,1.0,435.87,0.15
915,2i,150.0,5,6.0503,3,8.0,False,2,9.5817,1.0,341.45,0.15
920,2i,150.0,5,2.6294,4,8.0,False,2,9.1446,1.0,247.57,0.15
925,2i,150.0,5,0.0188,4,8.0,False,2,9.358,1.0,152.77,0.15
930,2i,150.0,6,2.3664,5,15.0,False,2,7.0994,1.0,68.31,0.15
935,2i,150.0,7,4.3577,5,15.0,False,2,3.3493,1.0,19.81,0.15
940,2i,150.0,7,1.6563,6,15.0,False,3,8.2092,1.0,455.69,0.15
945,2i,150.0,7,0.0313,7,19.01,False,3,7.8228,1.0,337.52,0.15
950,2i,150.0,3,1.8021,1,1.0,False,1,23.5233,217.28,217.28,0.15
955,2i,150.0,4,17.512,1,1.0,False,1,23.6013,98.49,98.49,0.15
960,2i,150.0,4,9.2557,1,1.0,False,1,15.3075,10.14,10.14,0.15
965,2i,150.0,2,0.0625,2,8.09,False,0,,,,0.15
970,2i,150.0,2,0.0,2,8.0,False,1,27.77,483.3,483.3,0.15
975,2i,150.0,3,6.4663,2,8.0,False,1,27.7658,347.78,347.78,0.15
980,2i,150.0,2,11.275,0,0.0,False,1,26.6267,215.16,215.16,0.15
985,2i,150.0,2,13.4314,0,0.0,False,1,22.7858,85.69,85.69,0.15
990,2i,150.0,3,12.0903,1,1.0,False,1,9.2298,10.69,10.69,0.15
995,2i,150.0,3,4.347,2,1.0,False,1,0.0,1.0,1.0,0.15
1000,2i,150.0,4,6.1524,2,1.0,False,1,0.0,1.0,1.0,0.15
1005,2i,150.0,4,4.0381,3,15.04,False,1,0.0,1.0,1.0,0.15
1010,2i,150.0,5,5.2134,3,15.04,False,1,0.0,1.0,1.0,0.15
1015,2i,150.0,5,2.6998,4,15.04,False,1,0.0,1.0,1.0,0.15
1020,2i,150.0,6,2.9839,4,15.04,False,1,0.0,1.0,1.0,0.15
1025,2i,150.0,6,0.9115,5,19.04,False,1,0.0,1.0,1.0,0.15
1030,2i,150.0,7,2.9506,6,19.04,False,1,0.0,1.0,1.0,0.15
1035,2i,150.0,7,1.0698,6,19.04,False,2,9.6518,1.0,434.84,0.15
1040,2i,150.0,4,1.1452,2,24.73,False,1,19.2611,338.84,338.84,0.15
1045,2i,150.0,2,2.7327,1,1.0,False,1,18.907,243.37,243.37,0.15
1050,2i,150.0,3,14.4907,1,1.0,False,1,17.8713,150.41,150.41,0.15
1055,2i,150.0,3,6.6622,1,1.0,False,1,13.3713,74.55,74.55,0.15
1060,2i,150.0,3,2.9763,2,8.0,False,1,8.9234,20.94,20.94,0.15
1065,2i,150.0,4,6.7154,3,8.0,False,2,9.659,1.0,453.94,0.15
1070,2i,150.0,3,6.1333,1,1.0,False,2,9.6622,1.0,357.83,0.15
1075,2i,150.0,2,0.2959,1,1.0,False,2,9.5052,1.0,262.29,0.15
1080,2i,150.0,2,0.0001,2,15.04,False,3,12.8603,1.0,473.26,0.15
1085,2i,150.0,4,10.7376,2,15.04,False,3,12.7832,1.0,376.96,0.15
1090,2i,150.0,4,5.1836,2,15.04,False,4,12.6274,1.0,456.02,0.15
1095,2i,150.0,4,0.262,3,15.04,False,4,10.7543,1.0,335.9,0.15
1100,2i,150.0,5,3.8284,4,19.04,False,4,10.8761,1.0,213.41,0.15
1105,2i,150.0,6,5.2112,4,19.04,False,4,7.8169,1.0,96.98,0.15
1110,2i,150.0,7,4.5509,5,19.04,False,4,1.8311,1.0,32.36,0.15
1115,2i,150.0,7,2.0049,6,26.04,False,4,0.0,1.0,26.04,0.15
1120,2i,150.0,7,0.1334,6,26.04,False,4,0.0,1.0,26.04,0.15
1125,2i,150.0,8,1.7118,7,26.04,False,4,0.0,1.0,26.04,0.15
1130,2i,150.0,6,2.1181,2,24.82,False,3,6.5538,1.0,415.77,0.15
1135,2i,150.0,3,3.3637,1,1.0,False,3,8.2402,1.0,320.04,0.15
1140,2i,150.0,1,0.0,1,1.0,False,2,9.4406,1.0,224.81,0.15
1145,2i,150.0,4,13.7128,1,1.0,False,2,9.4648,1.0,129.33,0.15
1150,2i,150.0,4,8.5644,1,1.0,False,3,14.0263,1.0,377.17,0.15
1155,2i,150.0,4,1.6344,2,15.04,False,3,10.0083,1.0,243.81,0.15
1160,2i,150.0,4,6.5437,2,1.0,False,2,12.1911,1.0,113.65,0.15
1165,2i,150.0,3,3.7523,2,1.0,False,2,5.6285,1.0,30.96,0.15
1170,2i,150.0,3,0.0114,3,13.75,False,2,0.0171,1.0,13.75,0.15
1175,2i,150.0,3,0.0001,3,13.71,False,3,8.1923,1.0,455.72,0.15
1180,2i,150.0,4,2.9311,3,13.71,False,3,8.066,1.0,334.12,0.15
1185,2i,150.0,5,3.9404,3,13.71,False,3,8.1373,1.0,212.6,0.15
1190,2i,150.0,6,5.7306,3,13.71,False,3,7.7848,1.0,92.2,0.15
1195,2i,150.0,6,2.3007,4,15.04,False,3,3.3145,1.0,15.55,0.15
1200,2i,150.0,7,2.5212,6,17.71,False,3,0.0314,1.0,13.71,0.15
1205,2i,150.0,8,3.163,6,17.71,False,3,0.0001,1.0,13.71,0.15
1210,2i,150.0,8,0.893,7,31.76,False,3,0.0,1.0,13.71,0.15
1215,2i,150.0,8,0.0001,8,31.75,False,3,0.0,1.0,13.71,0.15
1220,2i,150.0,6,3.9545,1,1.0,False,1,0.0,1.0,1.0,0.15
1225,2i,150.0,4,4.3028,1,1.0,False,2,12.0571,1.0,383.8,0.15
1230,2i,150.0,1,0.0,1,1.0,False,2,12.0533,1.0,261.79,0.15
1235,2i,150.0,4,18.1498,1,1.0,False,2,11.8759,1.0,143.11,0.15
1240,2i,150.0,4,10.7551,1,1.0,False,2,7.1315,1.0,45.01,0.15
1245,2i,150.0,3,1.2448,1,1.0,False,2,1.7506,1.0,1.5,0.15
1250,2i,150.0,2,2.6212,1,1.0,False,1,0.0,1.0,1.0,0.15
1255,2i,150.0,2,9.6776,1,1.0,False,1,0.0,1.0,1.0,0.15
1260,2i,150.0,2,3.3236,1,1.0,False,2,12.3078,1.0,431.46,0.15
1265,2i,150.0,2,0.0,2,1.0,False,2,12.3553,1.0,310.34,0.15
1270,2i,150.0,3,5.8008,2,1.0,False,2,12.1652,1.0,191.37,0.15
1275,2i,150.0,4,6.0004,2,1.0,False,2,9.8079,1.0,77.15,0.15
1280,2i,150.0,5,7.1556,3,8.0,False,2,4.0632,1.0,15.16,0.15
1285,2i,150.0,5,3.0189,4,8.0,False,2,0.0814,1.0,5.02,0.15
1290,2i,150.0,5,0.054,4,8.0,False,2,0.0,1.0,5.0,0.15
1295,2i,150.0,6,2.8348,5,8.0,False,2,0.0,1.0,5.0,0.15
1300,2i,150.0,7,3.373,5,8.0,False,2,0.0,1.0,5.0,0.15
1305,2i,150.0,7,0.9569,6,12.01,False,2,0.0,1.0,5.0,0.15
1310,2i,150.0,3,9.3347,1,1.0,False,0,,,,0.15
1315,2i,150.0,2,8.5332,1,1.0,False,1,23.8141,456.49,456.49,0.15
1320,2i,150.0,1,0.0,1,1.0,False,1,23.3824,337.82,337.82,0.15
1325,2i,150.0,1,0.0,1,1.0,False,1,23.8707,218.22,218.22,0.15
1330,2i,150.0,2,12.4995,1,1.0,False,1,24.9991,95.89,95.89,0.15
1335,2i,150.0,4,9.9269,1,1.0,False,1,10.3837,14.15,14.15,0.15
1340,2i,150.0,3,7.3654,1,1.0,False,1,0.0,1.0,1.0,0.15
1345,2i,150.0,3,1.2942,2,1.0,False,1,0.0,1.0,1.0,0.15
1350,2i,150.0,4,5.0781,3,1.0,False,1,0.0,1.0,1.0,0.15
1355,2i,150.0,4,1.6684,3,1.0,False,1,0.0,1.0,1.0,0.15
1360,2i,150.0,4,0.0001,4,8.0,False,1,0.0,1.0,1.0,0.15
1365,2i,150.0,5,3.6889,4,8.0,False,2,12.0549,1.0,385.05,0.15
1370,2i,150.0,6,4.4095,4,8.0,False,2,12.0993,1.0,264.68,0.15
1375,2i,150.0,7,4.9214,4,8.0,False,3,15.7821,1.0,384.75,0.15
1380,2i,150.0,7,1.9545,6,15.01,False,4,15.7673,1.0,406.37,0.15
1385,2i,150.0,8,3.2539,6,15.0,False,4,12.3811,1.0,285.94,0.15
1390,2i,150.0,8,1.6603,7,15.04,False,5,12.3389,1.0,455.33,0.15
1395,2i,150.0,9,1.9024,7,15.04,False,5,8.1957,1.0,335.38,0.15
1400,2i,150.0,5,3.0571,2,15.04,False,4,8.3969,15.04,216.72,0.15
1405,2i,150.0,3,8.0008,2,15.04,False,2,12.0012,15.04,94.92,0.15
1410,2i,150.0,3,3.7613,2,15.04,False,2,5.6419,10.5,15.04,0.15
1415,2i,150.0,2,0.0,2,15.04,False,1,0.0,15.04,15.04,0.15
1420,2i,150.0,2,0.0,2,15.04,False,1,0.0,15.04,15.04,0.15
1425,2i,150.0,5,11.86,2,15.04,False,1,0.0,15.04,15.04,0.15
1430,2i,150.0,4,5.7049,0,0.0,False,1,1.239,13.11,13.11,0.15
1435,2i,150.0,4,0.689,2,1.0,False,1,0.3943,1.01,1.01,0.15
1440,2i,150.0,4,0.0,4,8.0,False,1,0.0,1.0,1.0,0.15
1445,2i,150.0,5,3.6796,4,8.0,False,1,0.0,1.0,1.0,0.15
1450,2i,150.0,5,0.8796,4,8.0,False,1,0.0,1.0,1.0,0.15
1455,2i,150.0,6,3.7379,5,8.01,False,1,0.0,1.0,1.0,0.15
1460,2i,150.0,7,4.737,5,8.0,False,1,0.0,1.0,1.0,0.15
1465,2i,150.0,7,1.5731,6,8.08,False,1,0.0,1.0,1.0,0.15
1470,2i,150.0,8,2.6722,6,8.0,False,1,0.0,1.0,1.0,0.15
1475,2i,150.0,8,0.9045,7,15.0,False,1,0.0,1.0,1.0,0.15
1480,2i,150.0,9,2.0168,8,15.0,False,1,0.0,1.0,1.0,0.15
1485,2i,150.0,10,2.8499,8,15.0,False,1,0.0,1.0,1.0,0.15
1490,2i,150.0,6,3.7706,3,15.0,False,1,0.0,1.0,1.0,0.15
1495,2i,150.0,3,0.0,3,15.0,False,1,0.0,1.0,1.0,0.15
1500,2i,150.0,4,5.3971,3,15.0,False,1,0.0,1.0,1.0,0.15
1505,2i,150.0,4,2.1633,3,15.0,False,2,12.3521,1.0,408.01,0.15
1510,2i,150.0,3,0.0,3,15.0,False,2,12.4315,1.0,285.7,0.15
1515,2i,150.0,4,6.3879,3,15.0,False,2,12.4255,1.0,165.28,0.15
1520,2i,150.0,5,10.3263,0,0.0,False,1,15.0822,63.57,63.57,0.15
1525,2i,150.0,3,5.5461,0,0.0,False,2,15.6745,5.82,383.5,0.15
1530,2i,150.0,3,0.0011,3,1.0,False,2,11.8287,1.0,262.99,0.15
1535,2i,150.0,4,6.0045,3,1.0,False,2,12.0089,1.0,142.85,0.15
1540,2i,150.0,4,3.8075,3,1.0,False,2,7.6151,1.0,43.75,0.15
1545,2i,150.0,4,0.4752,3,1.0,False,2,0.9504,1.0,8.73,0.15
1550,2i,150.0,5,4.1232,4,8.0,False,2,0.0023,1.0,8.0,0.15
1555,2i,150.0,6,4.9002,4,8.0,False,2,0.0,1.0,8.0,0.15
1560,2i,150.0,6,1.4668,5,8.0,False,3,8.7059,1.0,429.99,0.15
1565,2i,150.0,7,3.3147,6,15.01,False,3,9.2133,1.0,294.91,0.15
1570,2i,150.0,7,1.4162,6,15.0,False,3,9.1511,1.0,157.45,0.15
1575,2i,150.0,8,1.8743,7,15.0,False,3,4.9736,1.0,56.42,0.15
1580,2i,150.0,5,6.9088,2,5.0,False,1,5.4296,18.23,18.23,0.15
1585,2i,150.0,3,6.1178,2,5.0,False,0,,,,0.15
1590,2i,150.0,2,0.0,2,5.0,False,0,,,,0.15
1595,2i,150.0,3,6.6673,2,5.0,False,0,,,,0.15
1600,2i,150.0,2,0.0,2,5.0,False,0,,,,0.15
1605,2i,150.0,2,0.0,2,5.0,False,0,,,,0.15
1610,2i,150.0,2,24.3617,0,0.0,False,0,,,,0.15
1615,2i,150.0,3,18.3601,0,0.0,False,0,,,,0.15
1620,2i,150.0,2,8.1587,0,0.0,False,0,,,,0.15
1625,2i,150.0,2,0.0874,1,1.0,False,0,,,,0.15
1630,2i,150.0,3,6.1792,2,1.0,False,0,,,,0.15
1635,2i,150.0,3,1.6395,2,1.0,False,0,,,,0.15
1640,2i,150.0,3,0.0083,3,13.73,False,0,,,,0.15
1645,2i,150.0,4,4.4996,3,13.71,False,0,,,,0.15
1650,2i,150.0,5,4.7745,3,13.71,False,0,,,,0.15
1655,2i,150.0,5,1.1827,4,13.71,False,0,,,,0.15
1660,2i,150.0,6,3.6295,5,17.71,False,0,,,,0.15
1665,2i,150.0,6,1.2015,5,17.71,False,0,,,,0.15
1670,2i,150.0,3,7.2764,1,1.0,False,0,,,,0.15
1675,2i,150.0,3,10.0957,1,1.0,False,1,21.7812,396.81,396.81,0.15
1680,2i,150.0,1,0.0,1,1.0,False,1,21.9356,284.97,284.97,0.15
1685,2i,150.0,1,0.0,1,1.0,False,1,22.3838,172.65,172.65,0.15
1690,2i,150.0,2,10.1903,1,1.0,False,1,20.3805,63.46,63.46,0.15
1695,2i,150.0,2,3.0152,1,1.0,False,1,6.0305,4.06,4.06,0.15
1700,2i,150.0,1,0.0,1,1.0,False,1,0.0,1.0,1.0,0.15
1705,2i,150.0,4,17.3052,1,1.0,False,1,0.0,1.0,1.0,0.15
1710,2i,150.0,4,6.5602,1,1.0,False,1,0.0,1.0,1.0,0.15
1715,2i,150.0,4,0.0,4,5.0,False,1,0.0,1.0,1.0,0.15
1720,2i,150.0,4,0.0,4,5.0,False,1,0.0,1.0,1.0,0.15
1725,2i,150.0,5,3.8493,4,5.0,False,1,0.0,1.0,1.0,0.15
1730,2i,150.0,5,1.37,4,5.0,False,1,0.0,1.0,1.0,0.15
1735,2i,150.0,6,4.1299,5,12.01,False,1,0.0,1.0,1.0,0.15
1740,2i,150.0,6,2.5083,5,12.0,False,1,0.0,1.0,1.0,0.15
1745,2i,150.0,7,2.5581,5,12.0,False,1,0.0,1.0,1.0,0.15
1750,2i,150.0,8,3.5293,6,12.0,False,2,9.0983,1.0,399.25,0.15
1755,2i,150.0,8,1.4,7,19.0,False,2,9.3839,1.0,304.7,0.15
1760,2i,150.0,4,1.4515,1,1.0,False,1,18.5258,210.39,210.39,0.15
1765,2i,150.0,3,6.3126,2,5.0,False,1,18.936,115.98,115.98,0.15
1770,2i,150.0,4,8.3634,2,5.0,False,1,14.2727,34.89,34.89,0.15
1775,2i,150.0,3,5.2915,2,5.0,False,0,,,,0.15
1780,2i,150.0,3,8.0624,2,5.0,False,0,,,,0.15
1785,2i,150.0,3,3.5138,2,5.0,False,1,22.0125,433.47,433.47,0.15
1790,2i,150.0,1,0.0,1,1.0,False,1,23.5268,315.31,315.31,0.15
1795,2i,150.0,1,0.0,1,1.0,False,1,24.6464,193.56,193.56,0.15
1800,2i,150.0,3,13.9821,1,1.0,False,1,20.7126,76.84,76.84,0.15
1805,2i,150.0,4,8.046,1,1.0,False,1,6.9281,14.63,14.63,0.15
1810,2i,150.0,4,1.6518,3,8.0,False,1,0.0044,8.0,8.0,0.15
1815,2i,150.0,4,0.0,4,8.0,False,1,0.0,8.0,8.0,0.15
1820,2i,150.0,5,3.7655,4,8.0,False,1,0.0,8.0,8.0,0.15
1825,2i,150.0,5,2.4308,4,8.0,False,1,0.0,8.0,8.0,0.15
1830,2i,150.0,6,4.5252,4,8.0,False,1,0.0,8.0,8.0,0.15
1835,2i,150.0,7,4.8384,5,15.01,False,1,0.0,8.0,8.0,0.15
1840,2i,150.0,7,1.7596,6,15.0,False,2,9.5378,8.0,454.18,0.15
1845,2i,150.0,8,3.1172,6,15.0,False,2,9.5609,8.0,358.62,0.15
1850,2i,150.0,4,5.1626,1,1.0,False,1,19.1866,262.69,262.69,0.15
1855,2i,150.0,2,0.1834,1,1.0,False,1,17.5756,170.8,170.8,0.15
1860,2i,150.0,4,9.7089,2,8.0,False,1,15.4303,89.34,89.34,0.15
1865,2i,150.0,4,6.3239,2,8.0,False,1,11.2757,24.38,24.38,0.15
1870,2i,150.0,2,0.0,2,8.0,False,0,,,,0.15
1875,2i,150.0,3,5.949,2,8.0,False,0,,,,0.15
1880,2i,150.0,2,3.9205,0,0.0,False,0,,,,0.15
1885,2i,150.0,1,0.0,1,1.0,False,0,,,,0.15
1890,2i,150.0,3,17.9676,1,1.0,False,0,,,,0.15
1895,2i,150.0,4,12.0774,1,1.0,False,0,,,,0.15
1900,2i,150.0,4,1.3196,1,1.0,False,0,,,,0.15
1905,2i,150.0,4,0.0001,4,5.0,False,0,,,,0.15
1910,2i,150.0,5,4.9076,4,5.0,False,0,,,,0.15
1915,2i,150.0,5,2.1076,4,5.0,False,0,,,,0.15
1920,2i,150.0,5,0.0042,4,5.0,False,0,,,,0.15
1925,2i,150.0,5,0.0,5,12.0,False,1,18.9345,454.33,454.33,0.15
1930,2i,150.0,7,4.7395,5,12.0,False,1,19.1973,358.93,358.93,0.15
1935,2i,150.0,7,2.7395,5,12.0,False,2,22.7165,263.08,429.85,0.15
1940,2i,150.0,3,2.3891,1,1.0,False,2,22.3523,169.47,294.6,0.15
1945,2i,150.0,2,6.4768,1,1.0,False,2,19.7844,95.7,161.97,0.15
1950,2i,150.0,3,9.3531,1,1.0,False,2,14.0297,42.43,43.31,0.15
1955,2i,150.0,3,8.3703,1,1.0,False,1,4.1772,13.43,13.43,0.15
1960,2i,150.0,3,6.5209,2,5.08,False,1,0.483,5.08,5.08,0.15
1965,2i,150.0,2,0.001,2,5.0,False,1,0.002,5.0,5.0,0.15
1970,2i,150.0,2,10.3637,0,0.0,False,1,1.7654,2.24,2.24,0.15
1975,2i,150.0,1,4.1064,0,0.0,False,0,,,,0.15
1980,2i,150.0,1,0.0,1,1.0,False,0,,,,0.15
1985,2i,150.0,3,15.6511,1,1.0,False,0,,,,0.15
1990,2i,150.0,4,12.2751,1,1.0,False,0,,,,0.15
1995,2i,150.0,4,1.8501,1,1.0,False,0,,,,0.15
2000,2i,150.0,4,0.0047,4,8.0,False,0,,,,0.15
2005,2i,150.0,5,4.8568,4,8.0,False,0,,,,0.15
2010,2i,150.0,5,2.4225,4,8.0,False,0,,,,0.15
2015,2i,150.0,5,0.1887,4,8.0,False,0,,,,0.15
2020,2i,150.0,6,2.9866,5,12.0,False,0,,,,0.15
2025,2i,150.0,7,2.828,5,12.0,False,0,,,,0.15
2030,2i,150.0,3,3.3336,1,1.0,False,1,24.7196,406.63,406.63,0.15
2035,2i,150.0,1,0.0,1,1.0,False,1,24.107,285.41,285.41,0.15
2040,2i,150.0,2,7.0863,1,1.0,False,1,24.6684,164.72,164.72,0.15
2045,2i,150.0,3,8.8639,1,1.0,False,1,19.6339,52.48,52.48,0.15
2050,2i,150.0,3,5.2198,1,1.0,False,0,,,,0.15
2055,2i,150.0,3,1.64,2,8.0,False,0,,,,0.15
2060,2i,150.0,3,9.0558,1,1.0,False,0,,,,0.15
2065,2i,150.0,2,7.6154,1,1.0,False,0,,,,0.15
2070,2i,150.0,2,1.0727,1,1.0,False,0,,,,0.15
2075,2i,150.0,2,0.0,2,1.0,False,0,,,,0.15
2080,2i,150.0,5,13.1734,2,1.0,False,0,,,,0.15
2085,2i,150.0,5,5.084,2,1.0,False,0,,,,0.15
2090,2i,150.0,5,0.141,4,5.01,False,0,,,,0.15
2095,2i,150.0,5,0.0,5,8.0,False,0,,,,0.15
2100,2i,150.0,6,2.6985,5,8.0,False,1,24.8951,383.77,383.77,0.15
2105,2i,150.0,6,0.4778,5,8.0,False,1,23.5545,264.06,264.06,0.15
2110,2i,150.0,7,3.5349,6,15.01,False,1,24.7363,142.04,142.04,0.15
2115,2i,150.0,7,2.0744,6,15.0,False,1,14.521,43.7,43.7,0.15
2120,2i,150.0,4,6.6929,1,1.0,False,1,6.8758,1.79,1.79,0.15
2125,2i,150.0,2,6.6883,1,1.0,False,1,19.0016,396.53,396.53,0.15
2130,2i,150.0,3,8.124,1,1.0,False,1,19.0602,300.79,300.79,0.15
2135,2i,150.0,2,5.2366,1,1.0,False,1,19.1399,205.01,205.01,0.15
2140,2i,150.0,3,7.474,1,1.0,False,1,16.4489,115.24,115.24,0.15
2145,2i,150.0,4,8.5383,1,1.0,False,1,14.3683,28.47,28.47,0.15
2150,2i,150.0,3,5.9014,0,0.0,False,1,0.0,1.0,1.0,0.15
2155,2i,150.0,3,9.3813,1,1.0,False,1,0.0,1.0,1.0,0.15
2160,2i,150.0,3,3.7645,2,1.0,False,1,0.0,1.0,1.0,0.15
2165,2i,150.0,3,0.0789,3,15.25,False,1,0.0,1.0,1.0,0.15
2170,2i,150.0,3,0.0,3,15.04,False,1,0.0,1.0,1.0,0.15
2175,2i,150.0,6,10.0771,3,15.04,False,1,0.0,1.0,1.0,0.15
2180,2i,150.0,6,3.3713,3,15.04,False,1,0.0,1.0,1.0,0.15
2185,2i,150.0,6,0.0083,6,22.06,False,1,0.0,1.0,1.0,0.15
2190,2i,150.0,7,3.5192,6,22.04,False,2,9.72,1.0,473.26,0.15
2195,2i,150.0,7,1.6835,6,22.04,False,2,9.5208,1.0,377.76,0.15
2200,2i,150.0,7,0.0186,7,29.1,False,2,9.6654,1.0,282.05,0.15
2205,2i,150.0,7,0.0,7,29.04,False,2,8.8926,1.0,188.46,0.15
2210,2i,150.0,5,3.8371,1,1.0,False,1,14.1332,111.78,111.78,0.15
2215,2i,150.0,4,9.2625,1,1.0,False,1,15.608,39.15,39.15,0.15
2220,2i,150.0,3,11.2195,1,1.0,False,0,,,,0.15
2225,2i,150.0,2,3.9829,1,1.0,False,0,,,,0.15
2230,2i,150.0,3,8.1363,2,8.0,False,0,,,,0.15
2235,2i,150.0,4,8.8111,2,8.0,False,0,,,,0.15
2240,2i,150.0,2,9.6928,0,0.0,False,0,,,,0.15
2245,2i,150.0,1,3.1118,0,0.0,False,0,,,,0.15
2250,2i,150.0,1,0.0,1,1.0,False,0,,,,0.15
2255,2i,150.0,2,8.6729,1,1.0,False,0,,,,0.15
2260,2i,150.0,2,3.456,1,1.0,False,0,,,,0.15
2265,2i,150.0,2,0.0,2,1.0,False,0,,,,0.15
2270,2i,150.0,5,10.5102,2,1.0,False,0,,,,0.15
2275,2i,150.0,5,2.3876,2,1.0,False,0,,,,0.15
2280,2i,150.0,5,0.0006,5,15.04,False,0,,,,0.15
2285,2i,150.0,6,4.0246,5,15.04,False,0,,,,0.15
2290,2i,150.0,6,2.2434,5,15.04,False,0,,,,0.15
2295,2i,150.0,6,0.0385,5,15.04,False,0,,,,0.15
2300,2i,150.0,4,6.3316,1,1.0,False,0,,,,0.15
2305,2i,150.0,2,11.6877,1,1.0,False,0,,,,0.15
2310,2i,150.0,2,7.5122,1,1.0,False,1,27.5001,428.06,428.06,0.15
2315,2i,150.0,2,10.8625,1,1.0,False,1,26.9783,293.35,293.35,0.15
2320,2i,150.0,2,4.5941,1,1.0,False,1,26.6663,157.17,157.17,0.15
2325,2i,150.0,3,5.7864,2,8.03,False,1,17.234,44.35,44.35,0.15
2330,2i,150.0,3,10.3835,0,0.0,False,1,2.7591,1.0,1.0,0.15
2335,2i,150.0,2,6.404,1,1.0,False,1,0.0,1.0,1.0,0.15
2340,2i,150.0,2,0.0,2,1.0,False,1,0.0,1.0,1.0,0.15
2345,2i,150.0,3,6.0166,2,1.0,False,1,0.0,1.0,1.0,0.15
2350,2i,150.0,3,1.833,2,1.0,False,1,0.0,1.0,1.0,0.15
2355,2i,150.0,3,0.0007,3,5.0,False,1,0.0,1.0,1.0,0.15
2360,2i,150.0,6,12.1545,3,5.0,False,1,0.0,1.0,1.0,0.15
2365,2i,150.0,6,7.7254,3,5.0,False,1,0.0,1.0,1.0,0.15
2370,2i,150.0,6,0.7734,3,5.0,False,1,0.0,1.0,1.0,0.15
2375,2i,150.0,6,0.0002,6,12.0,False,1,0.0,1.0,1.0,0.15
2380,2i,150.0,7,3.4625,6,12.0,False,1,0.0,1.0,1.0,0.15
2385,2i,150.0,7,1.5775,6,12.0,False,1,0.0,1.0,1.0,0.15
2390,2i,150.0,3,2.2287,1,1.0,False,0,,,,0.15
2395,2i,150.0,2,8.9121,1,1.0,False,0,,,,0.15
2400,2i,150.0,2,11.2753,1,1.0,False,0,,,,0.15
2405,2i,150.0,2,4.6815,1,1.0,False,0,,,,0.15
2410,2i,150.0,2,10.3695,1,1.0,False,0,,,,0.15
2415,2i,150.0,2,3.4842,1,1.0,False,0,,,,0.15
2420,2i,150.0,2,11.1204,0,0.0,False,0,,,,0.15
2425,2i,150.0,2,11.3947,0,0.0,False,0,,,,0.15
2430,2i,150.0,2,1.685,1,1.0,False,0,,,,0.15
2435,2i,150.0,3,8.0266,2,1.0,False,0,,,,0.15
2440,2i,150.0,3,4.813,2,1.0,False,0,,,,0.15
2445,2i,150.0,3,1.0597,2,1.0,False,0,,,,0.15
2450,2i,150.0,3,0.0004,3,8.0,False,0,,,,0.15
2455,2i,150.0,5,9.6082,3,8.0,False,0,,,,0.15
2460,2i,150.0,6,6.6422,3,8.0,False,1,24.7642,431.92,431.92,0.15
2465,2i,150.0,6,1.5818,4,8.0,False,1,24.7969,309.82,309.82,0.15
2470,2i,150.0,6,0.7571,5,8.0,False,1,24.284,189.49,189.49,0.15
2475,2i,150.0,7,2.5896,6,15.08,False,1,17.9322,80.18,80.18,0.15
2480,2i,150.0,3,2.3319,1,1.0,False,1,4.839,31.14,31.14,0.15
2485,2i,150.0,3,9.7855,1,1.0,False,1,5.0692,9.58,9.58,0.15
2490,2i,150.0,3,13.8747,1,1.0,False,0,,,,0.15
2495,2i,150.0,2,7.9346,1,1.0,False,0,,,,0.15
2500,2i,150.0,2,12.375,1,1.0,False,1,23.5005,383.77,383.77,0.15
2505,2i,150.0,2,5.5964,1,1.0,False,1,24.8909,262.23,262.23,0.15
2510,2i,150.0,2,14.0766,0,0.0,False,1,23.9683,141.31,141.31,0.15
2515,2i,150.0,2,21.5408,0,0.0,False,1,15.9428,35.72,35.72,0.15
2520,2i,150.0,2,7.9671,0,0.0,False,1,0.9428,1.0,1.0,0.15
2525,2i,150.0,2,0.0268,1,1.0,False,1,0.0,1.0,1.0,0.15
2530,2i,150.0,3,7.2927,2,1.0,False,1,0.0,1.0,1.0,0.15
2535,2i,150.0,3,3.0018,2,1.0,False,1,0.0,1.0,1.0,0.15
2540,2i,150.0,3,0.0336,3,8.06,False,1,0.0,1.0,1.0,0.15
2545,2i,150.0,3,0.0001,3,8.0,False,1,0.0,1.0,1.0,0.15
2550,2i,150.0,6,9.1861,3,8.0,False,1,0.0,1.0,1.0,0.15
2555,2i,150.0,6,4.9006,3,8.0,False,2,11.7917,1.0,407.23,0.15
2560,2i,150.0,6,0.6984,5,12.0,False,2,12.1557,1.0,285.65,0.15
2565,2i,150.0,6,0.0,6,12.0,False,3,14.6083,1.0,473.26,0.15
2570,2i,150.0,3,7.2389,1,1.0,False,2,17.9844,61.1,377.54,0.15
2575,2i,150.0,2,3.7334,1,1.0,False,2,13.4503,0.85,282.43,0.15
2580,2i,150.0,1,0.0,1,1.0,False,1,18.0865,187.77,187.77,0.15
2585,2i,150.0,2,8.84,1,1.0,False,1,17.6801,102.57,102.57,0.15
2590,2i,150.0,3,11.4639,1,1.0,False,1,16.8448,20.5,20.5,0.15
2595,2i,150.0,3,9.1373,1,1.0,False,0,,,,0.15
2600,2i,150.0,2,3.7685,1,1.0,False,0,,,,0.15
2605,2i,150.0,3,8.1942,1,1.0,False,0,,,,0.15
2610,2i,150.0,4,9.0134,2,1.0,False,0,,,,0.15
2615,2i,150.0,4,4.032,2,1.0,False,0,,,,0.15
2620,2i,150.0,4,0.6473,3,8.0,False,0,,,,0.15
2625,2i,150.0,5,3.7948,4,8.0,False,0,,,,0.15
2630,2i,150.0,5,1.1291,4,8.0,False,1,19.4235,415.77,415.77,0.15
2635,2i,150.0,5,0.0,5,15.0,False,1,19.3654,319.61,319.61,0.15
2640,2i,150.0,5,0.0,5,15.0,False,1,19.2024,223.71,223.71,0.15
2645,2i,150.0,8,6.2506,5,15.0,False,1,15.5884,137.02,137.02,0.15
2650,2i,150.0,8,2.3125,5,15.0,False,1,11.3895,71.76,71.76,0.15
2655,2i,150.0,8,0.8612,7,22.0,False,1,6.8895,28.31,28.31,0.15
2660,2i,150.0,5,6.9817,1,1.0,False,1,2.4268,7.22,7.22,0.15
2665,2i,150.0,3,5.6341,2,5.0,False,1,0.0019,5.0,5.0,0.15
2670,2i,150.0,2,0.0,2,5.0,False,1,0.0,5.0,5.0,0.15
2675,2i,150.0,3,6.5387,2,5.0,False,1,0.0,5.0,5.0,0.15
2680,2i,150.0,3,7.9022,2,5.0,False,1,0.0,5.0,5.0,0.15
2685,2i,150.0,3,2.9252,2,5.0,False,1,0.0,5.0,5.0,0.15
2690,2i,150.0,3,7.8503,1,1.0,False,1,1.4231,2.79,2.79,0.15
2695,2i,150.0,2,6.0478,1,1.0,False,0,,,,0.15
2700,2i,150.0,3,6.6425,2,1.0,False,0,,,,0.15
2705,2i,150.0,4,7.6566,2,1.0,False,0,,,,0.15
2710,2i,150.0,4,3.4948,3,5.0,False,0,,,,0.15
2715,2i,150.0,4,0.0,3,5.0,False,0,,,,0.15
2720,2i,150.0,5,3.4806,4,5.0,False,0,,,,0.15
2725,2i,150.0,5,0.8082,4,5.0,False,1,24.3581,385.65,385.65,0.15
2730,2i,150.0,5,0.0007,5,12.0,False,1,24.7727,263.89,263.89,0.15
2735,2i,150.0,6,4.156,5,12.0,False,1,24.9362,142.49,142.49,0.15
2740,2i,150.0,8,5.4059,5,12.0,False,1,13.6852,46.06,46.06,0.15
2745,2i,150.0,8,2.6162,5,12.0,False,1,0.1703,19.15,19.15,0.15
2750,2i,150.0,4,4.8873,1,1.0,False,1,4.0565,13.78,13.78,0.15
2755,2i,150.0,3,8.2985,1,1.0,False,0,,,,0.15
2760,2i,150.0,3,3.5906,2,8.0,False,1,18.471,437.89,437.89,0.15
2765,2i,150.0,3,8.7828,2,8.0,False,1,19.1487,343.77,343.77,0.15
2770,2i,150.0,3,5.6813,2,8.0,False,1,18.6511,249.28,249.28,0.15
2775,2i,150.0,2,0.0,2,8.0,False,1,18.3036,155.98,155.98,0.15
2780,2i,150.0,2,10.2108,0,0.0,False,1,18.823,60.63,60.63,0.15
2785,2i,150.0,2,13.1861,0,0.0,False,2,12.2011,3.46,435.18,0.15
2790,2i,150.0,2,3.9949,1,1.0,False,2,9.4788,1.0,339.98,0.15
2795,2i,150.0,3,5.5703,2,1.02,False,2,9.4609,1.0,244.43,0.15
2800,2i,150.0,3,1.2839,2,1.0,False,2,8.3188,1.0,153.58,0.15
2805,2i,150.0,4,4.3611,3,13.71,False,2,8.7223,1.0,68.33,0.15
2810,2i,150.0,5,6.3347,3,13.71,False,2,3.4956,1.0,5.98,0.15
2815,2i,150.0,5,2.7167,4,13.71,False,3,8.3333,1.0,480.3,0.15
2820,2i,150.0,5,0.3219,4,13.71,False,3,8.2181,1.0,358.45,0.15
2825,2i,150.0,5,0.0003,5,20.71,False,3,8.2411,1.0,235.6,0.15
2830,2i,150.0,6,3.8999,5,20.71,False,3,7.7997,1.0,115.93,0.15
2835,2i,150.0,8,5.0353,5,20.71,False,3,3.1722,1.0,40.7,0.15
2840,2i,150.0,5,6.5099,1,1.0,False,1,2.2277,24.94,24.94,0.15
2845,2i,150.0,2,2.4404,1,1.0,False,0,,,,0.15
2850,2i,150.0,2,0.3443,1,1.0,False,0,,,,0.15
2855,2i,150.0,3,5.1245,2,8.0,False,0,,,,0.15
2860,2i,150.0,3,3.6245,2,8.0,False,0,,,,0.15
2865,2i,150.0,4,4.0069,3,8.0,False,0,,,,0.15
2870,2i,150.0,4,9.4082,1,1.0,False,0,,,,0.15
2875,2i,150.0,3,2.508,1,1.0,False,1,23.3988,385.78,385.78,0.15
2880,2i,150.0,4,4.6286,3,15.05,False,1,23.7697,269.13,269.13,0.15
2885,2i,150.0,4,1.1525,3,15.04,False,1,23.3002,152.55,152.55,0.15
2890,2i,150.0,5,2.7546,4,15.04,False,1,13.7662,57.51,57.51,0.15
2895,2i,150.0,6,3.1047,4,15.04,False,1,1.3726,22.65,22.65,0.15
2900,2i,150.0,6,0.5426,5,22.04,False,1,0.0,22.04,22.04,0.15
2905,2i,150.0,6,0.0,6,22.04,False,1,0.0,22.04,22.04,0.15
2910,2i,150.0,7,1.8428,6,22.04,False,1,0.0,22.04,22.04,0.15
2915,2i,150.0,7,1.2,6,22.04,False,1,0.0,22.04,22.04,0.15
2920,2i,150.0,7,0.5668,6,22.04,False,1,0.0,22.04,22.04,0.15
2925,2i,150.0,10,5.8872,7,29.05,False,1,0.0,22.04,22.04,0.15
2930,2i,150.0,8,3.496,2,27.91,False,1,1.5127,18.63,18.63,0.15
2935,2i,150.0,4,1.5508,2,8.0,False,0,,,,0.15
2940,2i,150.0,4,7.8871,2,8.0,False,0,,,,0.15
2945,2i,150.0,3,5.2271,2,8.0,False,0,,,,0.15
2950,2i,150.0,2,0.0,2,8.0,False,0,,,,0.15
2955,2i,150.0,3,7.971,2,8.0,False,1,25.0,480.3,480.3,0.15
2960,2i,150.0,3,14.5084,0,0.0,False,1,24.3023,359.06,359.06,0.15
2965,2i,150.0,2,7.6677,0,0.0,False,1,24.2242,238.81,238.81,0.15
2970,2i,150.0,3,8.8568,1,1.0,False,1,24.0679,119.94,119.94,0.15
2975,2i,150.0,3,4.4476,2,1.0,False,1,13.3427,24.37,24.37,0.15
2980,2i,150.0,3,0.0,2,1.0,False,1,0.0,1.0,1.0,0.15
2985,2i,150.0,5,7.6179,3,1.0,False,1,0.0,1.0,1.0,0.15
2990,2i,150.0,5,4.8777,3,1.0,False,1,0.0,1.0,1.0,0.15
2995,2i,150.0,5,1.3052,3,1.0,False,1,0.0,1.0,1.0,0.15
3000,2i,150.0,6,3.6968,4,8.0,False,1,0.0,1.0,1.0,0.15
3005,2i,150.0,6,1.3242,5,8.0,False,2,12.13,1.0,406.23,0.15
3010,2i,150.0,6,0.0016,6,22.04,False,2,12.1287,1.0,286.83,0.15
3015,2i,150.0,6,0.0,6,22.04,False,2,11.7378,1.0,168.62,0.15
3020,2i,150.0,5,10.6476,1,1.0,False,2,8.8865,1.0,58.56,0.15
3025,2i,150.0,3,4.5814,1,1.0,False,2,1.9803,1.0,11.32,0.15
3030,2i,150.0,2,0.0027,2,8.01,False,2,0.0027,1.0,8.01,0.15
3035,2i,150.0,3,8.0203,2,8.0,False,2,0.0,1.0,8.0,0.15
3040,2i,150.0,3,5.5282,2,8.0,False,2,0.0,1.0,8.0,0.15
3045,2i,150.0,2,0.0,2,8.0,False,2,0.0,1.0,8.0,0.15
3050,2i,150.0,2,12.8834,0,0.0,False,1,2.9616,3.9,3.9,0.15
3055,2i,150.0,2,16.054,0,0.0,False,0,,,,0.15
3060,2i,150.0,2,5.0598,0,0.0,False,0,,,,0.15
3065,2i,150.0,3,8.2664,2,1.0,False,0,,,,0.15
3070,2i,150.0,3,3.5264,2,1.0,False,0,,,,0.15
3075,2i,150.0,4,4.9506,3,1.0,False,0,,,,0.15
3080,2i,150.0,5,5.9344,3,1.0,False,1,26.9911,402.93,402.93,0.15
3085,2i,150.0,5,2.504,4,5.03,False,1,26.6553,268.3,268.3,0.15
3090,2i,150.0,6,4.559,4,5.0,False,1,27.1446,133.55,133.55,0.15
3095,2i,150.0,6,2.235,5,8.0,False,1,13.4096,39.49,39.49,0.15
3100,2i,150.0,6,0.4528,5,8.0,False,2,13.1049,9.29,383.5,0.15
3105,2i,150.0,6,0.0,6,9.0,False,2,12.231,9.0,263.49,0.15
3110,2i,150.0,4,18.0383,1,1.0,False,1,23.4645,143.76,143.76,0.15
3115,2i,150.0,4,10.9508,1,1.0,False,1,17.6923,36.52,36.52,0.15
3120,2i,150.0,2,0.2052,1,1.0,False,0,,,,0.15
3125,2i,150.0,2,0.0004,2,8.0,False,0,,,,0.15
3130,2i,150.0,2,0.0,2,8.0,False,0,,,,0.15
3135,2i,150.0,3,6.1004,2,8.0,False,0,,,,0.15
3140,2i,150.0,2,8.3977,0,0.0,False,0,,,,0.15
3145,2i,150.0,2,9.4482,1,1.0,False,0,,,,0.15
3150,2i,150.0,3,8.6301,1,1.0,False,0,,,,0.15
3155,2i,150.0,3,2.8184,2,1.0,False,0,,,,0.15
3160,2i,150.0,4,5.5877,3,13.78,False,0,,,,0.15
3165,2i,150.0,4,1.7802,3,13.71,False,0,,,,0.15
3170,2i,150.0,5,3.1404,4,13.71,False,0,,,,0.15
3175,2i,150.0,6,3.9267,4,13.71,False,0,,,,0.15
3180,2i,150.0,6,0.9463,5,20.71,False,0,,,,0.15
3185,2i,150.0,7,3.4946,6,20.71,False,0,,,,0.15
3190,2i,150.0,7,1.8621,6,20.71,False,0,,,,0.15
3195,2i,150.0,7,0.0631,6,20.71,False,0,,,,0.15
3200,2i,150.0,3,1.6787,1,1.0,False,0,,,,0.15
3205,2i,150.0,4,17.9618,1,1.0,False,0,,,,0.15
3210,2i,150.0,4,10.4421,1,1.0,False,0,,,,0.15
3215,2i,150.0,2,0.1348,1,1.0,False,0,,,,0.15
3220,2i,150.0,2,0.0,2,8.0,False,0,,,,0.15
3225,2i,150.0,3,7.8885,2,8.0,False,0,,,,0.15
3230,2i,150.0,2,7.6482,0,0.0,False,0,,,,0.15
3235,2i,150.0,2,12.2191,1,1.0,False,0,,,,0.15
3240,2i,150.0,2,8.002,1,1.0,False,0,,,,0.15
3245,2i,150.0,3,6.2295,1,1.0,False,0,,,,0.15
3250,2i,150.0,3,1.43,2,1.0,False,0,,,,0.15
3255,2i,150.0,4,4.782,3,8.0,False,0,,,,0.15
3260,2i,150.0,5,5.8468,3,8.0,False,0,,,,0.15
3265,2i,150.0,5,2.785,4,8.0,False,0,,,,0.15
3270,2i,150.0,6,2.8037,4,8.0,False,0,,,,0.15
3275,2i,150.0,6,1.8589,5,15.0,False,0,,,,0.15
3280,2i,150.0,7,4.1218,5,15.0,False,0,,,,0.15
3285,2i,150.0,7,1.9838,5,15.0,False,1,19.3258,453.93,453.93,0.15
3290,2i,150.0,3,3.0871,1,1.0,False,1,18.9595,358.57,358.57,0.15
3295,2i,150.0,1,0.0,1,1.0,False,1,19.1473,263.01,263.01,0.15
3300,2i,150.0,2,12.2739,1,1.0,False,1,17.4388,169.57,169.57,0.15
3305,2i,150.0,4,10.2861,1,1.0,False,1,12.9767,95.8,95.8,0.15
3310,2i,150.0,3,8.9383,1,1.0,False,1,8.4767,44.42,44.42,0.15
3315,2i,150.0,2,1.9884,1,1.0,False,1,3.9767,15.54,15.54,0.15
3320,2i,150.0,2,10.3918,0,0.0,False,1,2.3821,4.96,4.96,0.15
3325,2i,150.0,1,4.6385,0,0.0,False,0,,,,0.15
3330,2i,150.0,2,11.8336,1,1.0,False,0,,,,0.15
3335,2i,150.0,2,4.3331,1,1.0,False,0,,,,0.15
3340,2i,150.0,3,5.9587,2,1.0,False,0,,,,0.15
3345,2i,150.0,4,8.844,2,1.0,False,0,,,,0.15
3350,2i,150.0,4,4.4581,2,1.0,False,0,,,,0.15
3355,2i,150.0,5,4.6351,3,8.01,False,0,,,,0.15
3360,2i,150.0,6,5.9353,4,8.0,False,0,,,,0.15
3365,2i,150.0,6,2.4984,5,20.71,False,0,,,,0.15
3370,2i,150.0,6,0.354,5,20.71,False,0,,,,0.15
3375,2i,150.0,7,2.8257,6,20.71,False,0,,,,0.15
3380,2i,150.0,3,4.2568,1,1.0,False,0,,,,0.15
3385,2i,150.0,1,0.0,1,1.0,False,0,,,,0.15
3390,2i,150.0,1,0.0,1,1.0,False,0,,,,0.15
3395,2i,150.0,4,13.5685,1,1.0,False,0,,,,0.15
3400,2i,150.0,3,6.639,1,1.0,False,0,,,,0.15
3405,2i,150.0,3,1.3701,2,8.01,False,0,,,,0.15
3410,2i,150.0,3,9.5274,1,1.0,False,0,,,,0.15
3415,2i,150.0,2,5.5377,1,1.0,False,0,,,,0.15
3420,2i,150.0,2,0.0328,2,13.72,False,0,,,,0.15
3425,2i,150.0,3,7.9784,2,13.71,False,0,,,,0.15
3430,2i,150.0,4,8.6235,2,13.71,False,0,,,,0.15
3435,2i,150.0,4,2.7104,3,13.71,False,0,,,,0.15
3440,2i,150.0,5,4.9309,4,17.72,False,0,,,,0.15
3445,2i,150.0,5,2.024,4,17.71,False,0,,,,0.15
3450,2i,150.0,5,0.0,5,17.71,False,0,,,,0.15
3455,2i,150.0,7,5.6444,5,17.71,False,0,,,,0.15
3460,2i,150.0,7,2.7294,5,17.71,False,0,,,,0.15
3465,2i,150.0,7,0.0484,5,17.71,False,0,,,,0.15
3470,2i,150.0,5,5.6936,1,1.0,False,0,,,,0.15
3475,2i,150.0,2,6.5012,1,1.0,False,0,,,,0.15
3480,2i,150.0,2,4.7039,1,1.0,False,0,,,,0.15
3485,2i,150.0,4,18.696,1,1.0,False,0,,,,0.15
3490,2i,150.0,4,10.8656,1,1.0,False,0,,,,0.15
3495,2i,150.0,3,1.2206,1,1.0,False,0,,,,0.15
3500,2i,150.0,2,2.1989,1,1.0,False,0,,,,0.15
3505,2i,150.0,1,0.0,1,1.0,False,0,,,,0.15
3510,2i,150.0,2,8.7647,1,1.0,False,0,,,,0.15
3515,2i,150.0,2,6.6011,1,1.0,False,0,,,,0.15
3520,2i,150.0,3,5.7495,1,1.0,False,0,,,,0.15
3525,2i,150.0,4,6.5177,2,1.0,False,0,,,,0.15
3530,2i,150.0,4,2.2222,3,8.0,False,0,,,,0.15
3535,2i,150.0,5,3.8816,4,13.76,False,0,,,,0.15
3540,2i,150.0,5,3.7763,4,13.71,False,0,,,,0.15
3545,2i,150.0,6,3.4319,4,13.71,False,0,,,,0.15
3550,2i,150.0,6,0.4695,5,13.71,False,0,,,,0.15
3555,2i,150.0,7,2.1587,6,20.71,False,0,,,,0.15
3560,2i,150.0,4,9.7622,1,1.0,False,0,,,,0.15
3565,2i,150.0,2,8.7197,1,1.0,False,0,,,,0.15
3570,2i,150.0,1,0.0,1,1.0,False,0,,,,0.15
3575,2i,150.0,1,0.0,1,1.0,False,0,,,,0.15
3580,2i,150.0,2,11.8033,1,1.0,False,0,,,,0.15
3585,2i,150.0,4,11.3989,1,1.0,False,1,26.9387,456.36,456.36,0.15
3590,2i,150.0,3,9.2805,0,0.0,False,1,27.2107,322.23,322.23,0.15
3595,2i,150.0,2,0.7865,1,1.0,False,1,27.7614,187.38,187.38,0.15
3600,2i,150.0,3,6.2509,2,1.0,False,1,18.7528,68.76,68.76,0.15
0,3i,150.0,0,0.0,0,0.0,False,0,,,,0.15
5,3i,150.0,0,0.0,0,0.0,False,1,25.1479,383.31,383.31,0.15
10,3i,150.0,0,0.0,0,0.0,False,1,24.6478,256.45,256.45,0.15
15,3i,150.0,2,24.0481,0,0.0,False,1,24.7508,130.75,130.75,0.15
20,3i,150.0,3,17.0033,0,0.0,False,1,14.7941,30.18,30.18,0.15
25,3i,150.0,2,7.7797,0,0.0,False,1,0.0,1.0,1.0,0.15
30,3i,150.0,1,0.0,1,1.0,False,1,0.0,1.0,1.0,0.15
35,3i,150.0,1,23.5281,0,0.0,False,0,,,,0.15
40,3i,150.0,1,8.8088,0,0.0,False,0,,,,0.15
45,3i,150.0,1,0.0,1,1.0,False,0,,,,0.15
50,3i,150.0,2,8.7563,1,1.0,False,0,,,,0.15
55,3i,150.0,3,7.4021,1,1.0,False,0,,,,0.15
60,3i,150.0,3,2.0513,2,1.0,False,0,,,,0.15
65,3i,150.0,4,5.4408,3,5.0,False,0,,,,0.15
70,3i,150.0,4,1.8502,3,5.0,False,0,,,,0.15
75,3i,150.0,5,4.0645,4,5.0,False,0,,,,0.15
80,3i,150.0,5,1.3644,4,5.0,False,0,,,,0.15
85,3i,150.0,6,2.2032,5,9.01,False,0,,,,0.15
90,3i,150.0,6,1.4493,5,9.0,False,0,,,,0.15
95,3i,150.0,4,7.3755,1,1.0,False,0,,,,0.15
100,3i,150.0,2,4.8575,1,1.0,False,0,,,,0.15
105,3i,150.0,1,0.0,1,1.0,False,0,,,,0.15
110,3i,150.0,4,17.9176,1,1.0,False,0,,,,0.15
115,3i,150.0,4,11.6063,1,1.0,False,0,,,,0.15
120,3i,150.0,2,0.089,1,1.0,False,0,,,,0.15
125,3i,150.0,1,3.3802,0,0.0,False,0,,,,0.15
130,3i,150.0,0,0.0,0,0.0,False,0,,,,0.15
135,3i,150.0,1,19.0585,0,0.0,False,0,,,,0.15
140,3i,150.0,1,7.162,0,0.0,False,0,,,,0.15
145,3i,150.0,2,9.1925,1,1.0,False,0,,,,0.15
150,3i,150.0,3,7.9841,1,1.0,False,0,,,,0.15
155,3i,150.0,4,8.2103,2,1.0,False,0,,,,0.15
160,3i,150.0,4,3.6796,3,15.05,False,0,,,,0.15
165,3i,150.0,4,0.0,3,15.04,False,0,,,,0.15
170,3i,150.0,5,3.2712,4,15.04,False,0,,,,0.15
175,3i,150.0,6,3.8901,4,15.04,False,0,,,,0.15
180,3i,150.0,6,1.0994,5,22.04,False,0,,,,0.15
185,3i,150.0,4,7.5075,1,1.0,False,0,,,,0.15
190,3i,150.0,2,6.4134,1,1.0,False,1,24.3931,455.91,455.91,0.15
195,3i,150.0,1,0.0,1,1.0,False,1,24.3134,333.91,333.91,0.15
200,3i,150.0,1,0.0,1,1.0,False,1,23.4838,212.97,212.97,0.15
205,3i,150.0,2,12.2249,1,1.0,False,1,24.4499,92.26,92.26,0.15
210,3i,150.0,4,9.6206,1,1.0,False,1,9.9599,12.88,12.88,0.15
215,3i,150.0,3,7.4107,1,1.0,False,1,0.0,1.0,1.0,0.15
220,3i,150.0,3,1.8756,1,1.0,False,1,0.0,1.0,1.0,0.15
225,3i,150.0,4,5.0329,3,1.0,False,1,0.0,1.0,1.0,0.15
230,3i,150.0,4,1.6006,3,1.0,False,1,0.0,1.0,1.0,0.15
235,3i,150.0,5,4.9699,4,8.0,False,1,0.0,1.0,1.0,0.15
240,3i,150.0,5,2.3488,4,8.0,False,1,0.0,1.0,1.0,0.15
245,3i,150.0,6,3.2029,4,8.0,False,1,0.0,1.0,1.0,0.15
250,3i,150.0,7,5.2215,5,8.0,False,1,0.0,1.0,1.0,0.15
255,3i,150.0,7,2.6987,5,8.0,False,1,0.0,1.0,1.0,0.15
260,3i,150.0,7,0.1726,6,15.01,False,1,0.0,1.0,1.0,0.15
265,3i,150.0,9,4.6523,7,15.04,False,1,0.0,1.0,1.0,0.15
270,3i,150.0,9,2.3,7,15.04,False,1,0.0,1.0,1.0,0.15
275,3i,150.0,5,2.499,2,15.04,False,0,,,,0.15
280,3i,150.0,3,7.6763,2,15.04,False,0,,,,0.15
285,3i,150.0,3,3.885,2,15.04,False,2,25.2238,430.25,432.74,0.15
290,3i,150.0,2,0.0,2,15.04,False,2,25.4665,296.06,313.04,0.15
295,3i,150.0,2,0.0,2,15.04,False,2,25.3526,161.9,192.78,0.15
300,3i,150.0,5,10.4614,2,15.04,False,2,16.889,56.97,81.0,0.15
305,3i,150.0,4,5.1768,0,0.0,False,2,5.3685,2.85,27.69,0.15
310,3i,150.0,4,0.578,2,1.02,False,2,0.9958,1.0,9.12,0.15
315,3i,150.0,4,0.0013,4,8.0,False,3,8.2404,1.0,455.58,0.15
320,3i,150.0,5,3.1333,4,8.0,False,3,8.2407,1.0,334.78,0.15
325,3i,150.0,5,2.2358,4,8.0,False,3,8.0457,1.0,211.86,0.15
330,3i,150.0,6,4.8469,4,8.0,False,3,7.4656,1.0,93.38,0.15
335,3i,150.0,7,5.0555,4,8.0,False,3,3.1575,1.0,21.29,0.15
340,3i,150.0,7,1.5438,6,8.0,False,4,5.9208,1.0,457.02,0.15
345,3i,150.0,8,3.1389,6,8.0,False,4,6.0344,1.0,336.2,0.15
350,3i,150.0,8,1.4053,7,22.04,False,4,5.9828,1.0,213.67,0.15
355,3i,150.0,9,2.3547,8,22.04,False,4,5.2752,1.0,99.38,0.15
360,3i,150.0,9,0.789,8,22.04,False,4,1.7752,1.0,35.88,0.15
365,3i,150.0,6,2.9317,3,15.0,False,2,0.5371,8.0,27.13,0.15
370,3i,150.0,5,4.6322,3,15.0,False,2,2.8873,7.55,8.0,0.15
375,3i,150.0,3,0.0,3,15.0,False,1,0.0,8.0,8.0,0.15
380,3i,150.0,4,3.4016,3,15.0,False,1,0.0,8.0,8.0,0.15
385,3i,150.0,4,2.315,3,15.0,False,1,0.0,8.0,8.0,0.15
390,3i,150.0,6,8.5174,4,15.0,False,1,0.0,8.0,8.0,0.15
395,3i,150.0,6,8.3867,1,1.0,False,1,4.664,1.29,1.29,0.15
400,3i,150.0,4,4.924,1,1.0,False,0,,,,0.15
405,3i,150.0,4,1.5858,3,1.0,False,0,,,,0.15
410,3i,150.0,4,0.4608,3,1.0,False,0,,,,0.15
415,3i,150.0,5,2.573,4,15.04,False,0,,,,0.15
420,3i,150.0,5,1.673,4,15.04,False,0,,,,0.15
425,3i,150.0,5,0.773,4,15.04,False,0,,,,0.15
430,3i,150.0,7,4.7184,5,29.15,False,0,,,,0.15
435,3i,150.0,7,2.0119,5,29.08,False,0,,,,0.15
440,3i,150.0,8,2.7456,6,43.14,False,0,,,,0.15
445,3i,150.0,8,0.9127,7,43.12,False,0,,,,0.15
450,3i,150.0,9,1.7468,8,43.12,False,0,,,,0.15
455,3i,150.0,7,4.4599,2,5.0,False,0,,,,0.15
460,3i,150.0,6,4.9537,2,5.0,False,0,,,,0.15
465,3i,150.0,3,2.0067,2,5.0,False,0,,,,0.15
470,3i,150.0,3,6.5741,2,5.0,False,1,25.0,480.3,480.3,0.15
475,3i,150.0,2,0.0,2,5.0,False,1,24.2752,359.75,359.75,0.15
480,3i,150.0,2,0.0,2,5.0,False,1,24.8084,238.27,238.27,0.15
485,3i,150.0,2,23.5529,0,0.0,False,1,24.7076,116.02,116.02,0.15
490,3i,150.0,3,13.806,0,0.0,False,1,12.8355,26.18,26.18,0.15
495,3i,150.0,3,3.8531,1,1.0,False,1,0.0,1.0,1.0,0.15
500,3i,150.0,3,0.0,3,1.0,False,1,0.0,1.0,1.0,0.15
505,3i,150.0,4,5.8308,3,1.0,False,1,0.0,1.0,1.0,0.15
510,3i,150.0,4,2.4303,3,1.0,False,1,0.0,1.0,1.0,0.15
515,3i,150.0,4,0.0068,4,8.01,False,1,0.0,1.0,1.0,0.15
520,3i,150.0,5,3.4595,4,8.0,False,2,13.0749,1.0,403.75,0.15
525,3i,150.0,6,4.0531,4,8.0,False,2,13.139,1.0,268.39,0.15
530,3i,150.0,7,4.718,5,8.0,False,3,18.3288,1.0,401.16,0.15
535,3i,150.0,7,1.9472,6,15.0,False,3,13.6222,1.0,267.32,0.15
540,3i,150.0,8,3.1315,6,15.0,False,3,8.3506,1.0,135.82,0.15
545,3i,150.0,4,4.55,2,13.71,False,2,6.5502,13.71,47.76,0.15
550,3i,150.0,2,0.0,2,13.71,False,1,0.0,13.71,13.71,0.15
555,3i,150.0,3,5.7006,2,13.71,False,1,0.0,13.71,13.71,0.15
560,3i,150.0,2,0.0,2,13.71,False,1,0.0,13.71,13.71,0.15
565,3i,150.0,3,6.217,2,13.71,False,1,0.0,13.71,13.71,0.15
570,3i,150.0,3,3.8924,2,13.71,False,1,0.0,13.71,13.71,0.15
575,3i,150.0,2,1.9481,1,1.0,False,1,3.8962,8.47,8.47,0.15
580,3i,150.0,3,14.3301,1,1.0,False,0,,,,0.15
585,3i,150.0,4,8.4064,1,1.0,False,1,19.4337,434.97,434.97,0.15
590,3i,150.0,4,1.9128,3,13.72,False,1,19.1555,339.33,339.33,0.15
595,3i,150.0,4,0.0,4,13.71,False,1,19.2845,242.98,242.98,0.15
600,3i,150.0,4,0.0,4,13.71,False,1,15.8029,155.51,155.51,0.15
605,3i,150.0,5,2.2987,4,13.71,False,1,11.4937,89.52,89.52,0.15
610,3i,150.0,6,5.0682,4,13.71,False,1,7.0292,45.52,45.52,0.15
615,3i,150.0,6,2.5422,4,13.71,False,1,2.613,23.54,23.54,0.15
620,3i,150.0,7,2.1529,5,20.71,False,1,0.0516,20.71,20.71,0.15
625,3i,150.0,8,3.0944,6,20.71,False,1,0.0,20.71,20.71,0.15
630,3i,150.0,8,1.3197,7,34.75,False,1,0.0,20.71,20.71,0.15
635,3i,150.0,5,5.1266,2,15.05,False,1,2.6173,15.38,15.38,0.15
640,3i,150.0,4,4.2526,2,15.04,False,0,,,,0.15
645,3i,150.0,3,5.5582,2,15.04,False,0,,,,0.15
650,3i,150.0,2,0.0,2,15.04,False,0,,,,0.15
655,3i,150.0,3,7.1488,2,15.04,False,0,,,,0.15
660,3i,150.0,2,0.0,2,15.04,False,1,23.9851,432.95,432.95,0.15
665,3i,150.0,1,1.8209,0,0.0,False,1,24.3243,314.38,314.38,0.15
670,3i,150.0,0,0.0,0,0.0,False,1,24.8337,194.88,194.88,0.15
675,3i,150.0,3,20.5053,0,0.0,False,1,21.7983,77.25,77.25,0.15
680,3i,150.0,3,6.2859,0,0.0,False,2,15.9183,7.82,406.94,0.15
685,3i,150.0,3,0.0,3,1.0,False,2,12.3664,1.0,285.79,0.15
690,3i,150.0,3,0.0,3,1.0,False,2,12.2683,1.0,165.61,0.15
695,3i,150.0,4,4.3399,3,1.0,False,2,8.6798,1.0,55.88,0.15
700,3i,150.0,4,0.9886,3,1.0,False,2,1.9772,1.0,10.49,0.15
705,3i,150.0,5,3.9317,4,8.0,False,2,0.0009,1.0,8.0,0.15
710,3i,150.0,6,4.9169,4,8.0,False,2,0.0,1.0,8.0,0.15
715,3i,150.0,6,1.9428,5,8.01,False,2,0.0,1.0,8.0,0.15
720,3i,150.0,7,3.5827,5,8.0,False,2,0.0,1.0,8.0,0.15
725,3i,150.0,3,5.8796,1,1.0,False,0,,,,0.15
730,3i,150.0,3,8.1697,1,1.0,False,0,,,,0.15
735,3i,150.0,4,8.8041,2,5.0,False,0,,,,0.15
740,3i,150.0,3,5.7107,2,5.0,False,0,,,,0.15
745,3i,150.0,2,0.0,2,5.0,False,0,,,,0.15
750,3i,150.0,3,7.2229,2,5.0,False,0,,,,0.15
755,3i,150.0,2,4.9453,0,0.0,False,0,,,,0.15
760,3i,150.0,1,0.0,1,1.0,False,0,,,,0.15
765,3i,150.0,1,0.0,1,1.0,False,0,,,,0.15
770,3i,150.0,4,13.9785,1,1.0,False,0,,,,0.15
775,3i,150.0,4,3.0532,1,1.0,False,0,,,,0.15
780,3i,150.0,4,0.0024,4,8.0,False,0,,,,0.15
785,3i,150.0,5,4.9164,4,8.0,False,0,,,,0.15
790,3i,150.0,5,2.318,4,8.0,False,0,,,,0.15
795,3i,150.0,5,0.0054,4,8.0,False,0,,,,0.15
800,3i,150.0,6,3.3071,5,15.0,False,0,,,,0.15
805,3i,150.0,7,4.0304,5,15.0,False,0,,,,0.15
810,3i,150.0,7,1.1577,6,15.0,False,0,,,,0.15
815,3i,150.0,3,2.8933,1,1.0,False,0,,,,0.15
820,3i,150.0,2,7.9467,1,1.0,False,0,,,,0.15
825,3i,150.0,3,9.1656,1,1.0,False,0,,,,0.15
830,3i,150.0,3,6.4473,1,1.0,False,0,,,,0.15
835,3i,150.0,2,0.0004,2,8.0,False,0,,,,0.15
840,3i,150.0,3,9.1355,2,8.0,False,0,,,,0.15
845,3i,150.0,2,9.0755,0,0.0,False,0,,,,0.15
850,3i,150.0,1,0.792,0,0.0,False,0,,,,0.15
855,3i,150.0,1,0.0,1,1.0,False,0,,,,0.15
860,3i,150.0,3,15.6413,1,1.0,False,0,,,,0.15
865,3i,150.0,4,10.4641,1,1.0,False,1,24.334,455.97,455.97,0.15
870,3i,150.0,4,2.8695,2,5.03,False,1,24.4921,336.13,336.13,0.15
875,3i,150.0,4,0.0001,4,5.0,False,1,24.7637,213.52,213.52,0.15
880,3i,150.0,5,4.2839,4,5.0,False,1,21.4193,94.94,94.94,0.15
885,3i,150.0,5,1.7592,4,5.0,False,1,8.796,23.95,23.95,0.15
890,3i,150.0,5,0.0712,4,5.0,False,1,0.3559,9.07,9.07,0.15
895,3i,150.0,6,2.6011,5,9.0,False,1,0.0001,9.0,9.0,0.15
900,3i,150.0,7,4.2313,5,9.0,False,1,0.0,9.0,9.0,0.15
905,3i,150.0,3,6.9457,1,1.0,False,1,18.9966,417.85,417.85,0.15
910,3i,150.0,2,8.1147,1,1.0,False,2,21.2343,325.14,433.06,0.15
915,3i,150.0,2,2.1639,1,1.0,False,2,21.733,230.08,311.77,0.15
920,3i,150.0,3,6.2988,2,13.71,False,2,21.0894,135.23,193.74,0.15
925,3i,150.0,4,8.6922,2,13.71,False,2,17.3844,48.59,78.2,0.15
930,3i,150.0,4,3.0613,2,13.71,False,2,6.1225,1.66,10.49,0.15
935,3i,150.0,4,6.9308,2,1.04,False,2,0.0182,1.0,1.04,0.15
940,3i,150.0,3,3.7107,2,1.0,False,2,0.0001,1.0,1.0,0.15
945,3i,150.0,3,0.0315,3,13.74,False,2,0.0,1.0,1.0,0.15
950,3i,150.0,3,0.0001,3,13.71,False,2,0.0,1.0,1.0,0.15
955,3i,150.0,6,10.9644,3,13.71,False,2,0.0,1.0,1.0,0.15
960,3i,150.0,6,4.4807,3,13.71,False,3,7.9575,1.0,431.73,0.15
965,3i,150.0,6,0.0658,6,20.78,False,3,8.2579,1.0,309.11,0.15
970,3i,150.0,6,0.0,6,20.71,False,3,8.1776,1.0,187.79,0.15
975,3i,150.0,7,2.5705,6,20.71,False,3,5.9978,1.0,77.13,0.15
980,3i,150.0,7,0.6813,6,20.71,False,3,1.5897,1.0,28.38,0.15
985,3i,150.0,8,2.5645,7,24.71,False,3,0.0001,1.0,24.71,0.15
990,3i,150.0,9,3.674,7,24.71,False,3,0.0,1.0,24.71,0.15
995,3i,150.0,5,4.8946,1,1.0,False,1,3.1088,20.92,20.92,0.15
1000,3i,150.0,3,10.913,1,1.0,False,0,,,,0.15
1005,3i,150.0,2,7.7894,1,1.0,False,0,,,,0.15
1010,3i,150.0,3,8.6526,1,1.0,False,0,,,,0.15
1015,3i,150.0,3,5.8968,2,5.0,False,0,,,,0.15
1020,3i,150.0,3,5.7933,2,5.0,False,0,,,,0.15
1025,3i,150.0,1,5.4451,0,0.0,False,0,,,,0.15
1030,3i,150.0,2,11.6861,1,1.0,False,0,,,,0.15
1035,3i,150.0,2,5.4119,1,1.0,False,2,25.6176,429.79,431.95,0.15
1040,3i,150.0,2,0.1082,2,1.01,False,2,25.6167,294.24,311.5,0.15
1045,3i,150.0,2,0.0,2,1.0,False,2,25.0237,160.47,196.16,0.15
1050,3i,150.0,5,11.8286,2,1.0,False,2,19.6091,46.57,81.07,0.15
1055,3i,150.0,5,3.5373,2,1.0,False,3,9.9136,1.15,415.79,0.15
1060,3i,150.0,5,0.002,5,8.0,False,3,6.3084,1.0,319.94,0.15
1065,3i,150.0,5,0.0,5,8.0,False,3,6.3507,1.0,224.74,0.15
1070,3i,150.0,6,2.5578,5,8.0,False,3,5.1157,1.0,139.0,0.15
1075,3i,150.0,6,1.8078,5,8.0,False,3,3.6157,1.0,75.77,0.15
1080,3i,150.0,6,1.0578,5,8.0,False,3,2.1157,1.0,35.03,0.15
1085,3i,150.0,4,10.8971,1,1.0,False,2,2.7753,1.0,11.03,0.15
1090,3i,150.0,3,11.7188,1,1.0,False,1,0.0,1.0,1.0,0.15
1095,3i,150.0,2,11.1169,1,1.0,False,1,0.0,1.0,1.0,0.15
1100,3i,150.0,2,4.6163,1,1.0,False,2,12.2707,1.0,383.15,0.15
1105,3i,150.0,3,8.0104,2,5.0,False,2,11.8747,1.0,264.14,0.15
1110,3i,150.0,4,8.5816,2,5.0,False,2,12.1492,1.0,141.44,0.15
1115,3i,150.0,2,7.4905,1,1.0,False,1,14.9811,40.64,40.64,0.15
1120,3i,150.0,2,1.068,1,1.0,False,1,2.1361,1.0,1.0,0.15
1125,3i,150.0,3,6.7628,2,1.0,False,1,0.0,1.0,1.0,0.15
1130,3i,150.0,3,2.2293,2,1.0,False,1,0.0,1.0,1.0,0.15
1135,3i,150.0,3,0.0266,3,8.02,False,1,0.0,1.0,1.0,0.15
1140,3i,150.0,4,6.5343,3,8.0,False,1,0.0,1.0,1.0,0.15
1145,3i,150.0,6,8.4738,3,8.0,False,1,0.0,1.0,1.0,0.15
1150,3i,150.0,6,3.469,3,8.0,False,1,0.0,1.0,1.0,0.15
1155,3i,150.0,6,0.1479,5,15.0,False,1,0.0,1.0,1.0,0.15
1160,3i,150.0,7,3.5146,6,15.0,False,1,0.0,1.0,1.0,0.15
1165,3i,150.0,7,1.8994,6,15.0,False,2,12.2802,1.0,455.74,0.15
1170,3i,150.0,7,0.0271,6,15.0,False,2,12.1404,1.0,334.61,0.15
1175,3i,150.0,4,6.9832,1,1.0,False,1,24.3184,212.85,212.85,0.15
1180,3i,150.0,2,12.1952,1,1.0,False,1,24.3904,92.57,92.57,0.15
1185,3i,150.0,2,5.8056,1,1.0,False,1,11.6113,10.51,10.51,0.15
1190,3i,150.0,1,0.0,1,1.0,False,1,26.356,456.94,456.94,0.15
1195,3i,150.0,2,7.2969,1,1.0,False,1,26.5387,323.7,323.7,0.15
1200,3i,150.0,3,9.9817,1,1.0,False,1,27.1138,189.57,189.57,0.15
1205,3i,150.0,3,9.2071,0,0.0,False,1,17.8046,76.71,76.71,0.15
1210,3i,150.0,3,2.9348,1,1.0,False,1,8.7964,10.21,10.21,0.15
1215,3i,150.0,4,6.6774,3,1.0,False,1,0.0,1.0,1.0,0.15
1220,3i,150.0,4,3.3905,3,1.0,False,1,0.0,1.0,1.0,0.15
1225,3i,150.0,4,0.0606,3,1.0,False,3,15.9628,1.0,384.43,0.15
1230,3i,150.0,4,0.0006,4,8.0,False,3,16.0024,1.0,263.64,0.15
1235,3i,150.0,7,10.0643,4,8.0,False,3,15.7293,1.0,143.06,0.15
1240,3i,150.0,7,6.3588,4,8.0,False,3,9.6649,1.0,46.01,0.15
1245,3i,150.0,7,0.6442,4,8.0,False,3,0.632,1.0,14.2,0.15
1250,3i,150.0,7,0.0009,7,13.71,False,3,0.0015,1.0,13.71,0.15
1255,3i,150.0,7,0.0,7,13.71,False,3,0.0,1.0,13.71,0.15
1260,3i,150.0,8,1.8025,7,13.71,False,3,0.0,1.0,13.71,0.15
1265,3i,150.0,4,3.7821,2,13.71,False,2,3.4714,0.67,13.71,0.15
1270,3i,150.0,3,5.6911,2,13.71,False,1,0.0,13.71,13.71,0.15
1275,3i,150.0,4,8.879,2,13.71,False,1,0.0,13.71,13.71,0.15
1280,3i,150.0,3,4.4231,2,13.71,False,1,0.0,13.71,13.71,0.15
1285,3i,150.0,3,5.3965,2,13.71,False,1,0.0,13.71,13.71,0.15
1290,3i,150.0,3,0.7601,2,13.71,False,1,0.0,13.71,13.71,0.15
1295,3i,150.0,3,7.4075,0,0.0,False,1,2.2711,9.88,9.88,0.15
1300,3i,150.0,3,7.5779,0,0.0,False,0,,,,0.15
1305,3i,150.0,3,1.7019,2,1.0,False,0,,,,0.15
1310,3i,150.0,4,6.1265,3,1.0,False,0,,,,0.15
1315,3i,150.0,4,3.5479,3,1.0,False,1,26.0804,457.22,457.22,0.15
1320,3i,150.0,4,0.4612,3,1.0,False,1,27.1586,322.19,322.19,0.15
1325,3i,150.0,4,0.0,4,8.0,False,1,26.269,188.27,188.27,0.15
1330,3i,150.0,6,6.4511,4,8.0,False,1,18.4879,70.32,70.32,0.15
1335,3i,150.0,7,4.0096,4,8.0,False,1,5.0314,17.71,17.71,0.15
1340,3i,150.0,7,1.1922,6,15.01,False,1,0.006,15.01,15.01,0.15
1345,3i,150.0,7,0.2155,6,15.0,False,1,0.0,15.0,15.0,0.15
1350,3i,150.0,8,2.3342,7,15.0,False,1,0.0,15.0,15.0,0.15
1355,3i,150.0,4,3.0891,2,7.1,False,1,5.6249,4.39,4.39,0.15
1360,3i,150.0,3,7.9333,2,7.1,False,0,,,,0.15
1365,3i,150.0,3,5.3479,2,7.1,False,0,,,,0.15
1370,3i,150.0,3,5.8658,2,7.1,False,0,,,,0.15
1375,3i,150.0,4,9.4924,2,7.1,False,1,19.3881,398.02,398.02,0.15
1380,3i,150.0,4,4.5434,2,7.1,False,1,19.2374,303.59,303.59,0.15
1385,3i,150.0,3,1.7099,1,1.0,False,1,19.1621,208.86,208.86,0.15
1390,3i,150.0,3,6.1563,1,1.0,False,1,17.8724,116.03,116.03,0.15
1395,3i,150.0,4,7.0728,2,1.0,False,1,10.3724,49.17,49.17,0.15
1400,3i,150.0,4,2.1744,2,1.0,False,1,3.3644,18.33,18.33,0.15
1405,3i,150.0,5,4.1733,4,15.04,False,1,0.0052,15.04,15.04,0.15
1410,3i,150.0,5,1.3841,4,15.04,False,1,0.0,15.04,15.04,0.15
1415,3i,150.0,5,0.0004,5,27.75,False,1,0.0,15.04,15.04,0.15
1420,3i,150.0,5,0.0,5,27.75,False,1,0.0,15.04,15.04,0.15
1425,3i,150.0,8,7.334,5,27.75,False,1,0.0,15.04,15.04,0.15
1430,3i,150.0,8,2.1936,5,27.75,False,1,0.0,15.04,15.04,0.15
1435,3i,150.0,8,0.0035,8,34.75,False,1,0.0,15.04,15.04,0.15
1440,3i,150.0,8,0.0,8,34.75,False,1,0.0,15.04,15.04,0.15
1445,3i,150.0,6,3.35,2,8.0,False,1,3.2307,7.16,7.16,0.15
1450,3i,150.0,4,3.135,2,8.0,False,0,,,,0.15
1455,3i,150.0,3,7.6322,2,8.0,False,0,,,,0.15
1460,3i,150.0,4,11.2824,2,8.0,False,0,,,,0.15
1465,3i,150.0,3,4.5436,2,8.0,False,0,,,,0.15
1470,3i,150.0,3,8.251,2,8.0,False,0,,,,0.15
1475,3i,150.0,2,8.0741,0,0.0,False,1,26.7682,376.74,376.74,0.15
1480,3i,150.0,1,24.5806,0,0.0,False,1,27.0981,242.88,242.88,0.15
1485,3i,150.0,2,18.4575,0,0.0,False,1,26.2699,110.03,110.03,0.15
1490,3i,150.0,2,6.1349,1,1.0,False,1,12.2699,20.68,20.68,0.15
1495,3i,150.0,2,0.0,2,1.0,False,1,0.0,1.0,1.0,0.15
1500,3i,150.0,3,6.8025,2,1.0,False,1,0.0,1.0,1.0,0.15
1505,3i,150.0,3,2.2339,2,1.0,False,2,12.3141,1.0,406.75,0.15
1510,3i,150.0,3,0.0271,3,8.0,False,2,11.7266,1.0,286.9,0.15
1515,3i,150.0,5,10.4623,3,8.0,False,2,12.1139,1.0,167.09,0.15
1520,3i,150.0,6,7.6359,3,8.0,False,2,8.8604,1.0,57.56,0.15
1525,3i,150.0,6,0.9858,3,8.0,False,2,2.145,1.0,9.82,0.15
1530,3i,150.0,6,0.0031,6,15.0,False,2,0.0068,1.0,5.01,0.15
1535,3i,150.0,3,9.6165,1,1.0,False,0,,,,0.15
1540,3i,150.0,2,8.7037,1,1.0,False,0,,,,0.15
1545,3i,150.0,1,0.0,1,1.0,False,0,,,,0.15
1550,3i,150.0,2,8.5333,1,1.0,False,0,,,,0.15
1555,3i,150.0,2,12.4913,1,1.0,False,0,,,,0.15
1560,3i,150.0,2,5.0267,1,1.0,False,0,,,,0.15
1565,3i,150.0,2,11.9895,1,1.0,False,0,,,,0.15
1570,3i,150.0,2,6.1556,1,1.0,False,0,,,,0.15
1575,3i,150.0,2,9.8959,1,1.0,False,0,,,,0.15
1580,3i,150.0,3,10.2288,1,1.0,False,0,,,,0.15
1585,3i,150.0,3,3.5623,2,8.01,False,0,,,,0.15
1590,3i,150.0,4,6.6463,3,8.0,False,0,,,,0.15
1595,3i,150.0,4,3.4004,3,8.0,False,0,,,,0.15
1600,3i,150.0,4,0.1668,3,8.0,False,0,,,,0.15
1605,3i,150.0,4,0.0017,4,15.0,False,0,,,,0.15
1610,3i,150.0,5,4.7396,4,15.0,False,0,,,,0.15
1615,3i,150.0,7,6.8869,4,15.0,False,0,,,,0.15
1620,3i,150.0,7,2.15,4,15.0,False,0,,,,0.15
1625,3i,150.0,3,3.6711,1,1.0,False,0,,,,0.15
1630,3i,150.0,3,9.4036,1,1.0,False,0,,,,0.15
1635,3i,150.0,2,6.7816,1,1.0,False,0,,,,0.15
1640,3i,150.0,1,0.0,1,1.0,False,0,,,,0.15
1645,3i,150.0,2,8.9134,1,1.0,False,0,,,,0.15
1650,3i,150.0,2,2.5356,1,1.0,False,0,,,,0.15
1655,3i,150.0,2,8.5732,1,1.0,False,0,,,,0.15
1660,3i,150.0,2,3.4477,1,1.0,False,0,,,,0.15
1665,3i,150.0,3,6.1804,2,1.0,False,0,,,,0.15
1670,3i,150.0,4,5.4751,2,1.0,False,0,,,,0.15
1675,3i,150.0,5,4.7012,3,1.0,False,1,24.0882,382.81,382.81,0.15
1680,3i,150.0,5,1.5234,4,13.71,False,1,24.7042,261.17,261.17,0.15
1685,3i,150.0,6,4.1054,5,13.71,False,1,24.6319,138.28,138.28,0.15
1690,3i,150.0,6,2.1466,5,13.71,False,2,18.1405,46.24,456.9,0.15
1695,3i,150.0,6,0.1085,5,13.71,False,2,12.1951,20.95,335.96,0.15
1700,3i,150.0,6,0.0,6,20.71,False,2,12.0519,20.71,216.33,0.15
1705,3i,150.0,9,7.1735,6,20.71,False,2,10.6653,20.71,100.37,0.15
1710,3i,150.0,9,2.7902,6,20.71,False,2,3.7673,20.71,34.91,0.15
1715,3i,150.0,5,2.665,2,13.72,False,2,3.8894,11.26,24.4,0.15
1720,3i,150.0,2,0.0,2,13.71,False,0,,,,0.15
1725,3i,150.0,3,7.1256,2,13.71,False,0,,,,0.15
1730,3i,150.0,3,3.1876,2,13.71,False,0,,,,0.15
1735,3i,150.0,3,7.7627,2,13.71,False,0,,,,0.15
1740,3i,150.0,3,5.3441,2,13.71,False,0,,,,0.15
1745,3i,150.0,3,7.976,0,0.0,False,0,,,,0.15
1750,3i,150.0,3,10.3343,1,1.0,False,0,,,,0.15
1755,3i,150.0,3,3.9158,2,1.0,False,1,24.469,407.83,407.83,0.15
1760,3i,150.0,4,5.9634,3,1.0,False,1,23.3951,287.51,287.51,0.15
1765,3i,150.0,4,3.6707,3,1.0,False,2,21.4661,166.94,454.12,0.15
1770,3i,150.0,5,3.8791,3,1.0,False,2,18.5969,58.1,358.34,0.15
1775,3i,150.0,5,0.8656,4,8.0,False,2,11.5885,10.12,263.3,0.15
1780,3i,150.0,5,0.0004,5,8.0,False,2,8.54,8.0,171.68,0.15
1785,3i,150.0,6,2.1234,5,8.0,False,2,6.3701,8.0,99.44,0.15
1790,3i,150.0,6,1.3775,5,8.0,False,2,4.1325,8.0,49.14,0.15
1795,3i,150.0,6,0.6275,5,8.0,False,2,1.8825,8.0,21.32,0.15
1800,3i,150.0,8,4.787,6,15.01,False,2,0.0701,8.0,15.01,0.15
1805,3i,150.0,5,5.4603,1,1.0,False,1,2.4403,10.2,10.2,0.15
1810,3i,150.0,4,5.2735,2,5.01,False,0,,,,0.15
1815,3i,150.0,2,0.0,2,5.0,False,0,,,,0.15
1820,3i,150.0,3,6.4961,2,5.0,False,0,,,,0.15
1825,3i,150.0,2,0.0,2,5.0,False,0,,,,0.15
1830,3i,150.0,3,7.6222,2,5.0,False,0,,,,0.15
1835,3i,150.0,2,17.5127,0,0.0,False,0,,,,0.15
1840,3i,150.0,2,7.6173,1,1.0,False,0,,,,0.15
1845,3i,150.0,3,8.5805,1,1.0,False,0,,,,0.15
1850,3i,150.0,3,2.9195,2,1.0,False,0,,,,0.15
1855,3i,150.0,4,5.5563,3,1.0,False,0,,,,0.15
1860,3i,150.0,5,6.9456,3,1.0,False,0,,,,0.15
1865,3i,150.0,5,3.137,4,8.04,False,0,,,,0.15
1870,3i,150.0,5,0.3101,4,8.0,False,0,,,,0.15
1875,3i,150.0,6,3.2681,5,8.0,False,0,,,,0.15
1880,3i,150.0,6,0.9348,5,8.0,False,2,23.9003,406.74,408.58,0.15
1885,3i,150.0,6,0.0,6,15.0,False,2,24.2724,285.03,288.85,0.15
1890,3i,150.0,6,0.0,6,15.0,False,2,23.6008,166.94,170.46,0.15
1895,3i,150.0,5,12.2961,1,1.0,False,2,17.2321,58.33,65.48,0.15
1900,3i,150.0,3,4.595,1,1.0,False,2,6.8925,1.62,7.85,0.15
1905,3i,150.0,2,0.0004,2,5.0,False,1,0.0008,5.0,5.0,0.15
1910,3i,150.0,3,9.0798,2,5.0,False,1,0.0,5.0,5.0,0.15
1915,3i,150.0,3,4.4131,2,5.0,False,2,9.72,5.0,473.26,0.15
1920,3i,150.0,2,0.0,2,5.0,False,2,9.4455,5.0,377.71,0.15
1925,3i,150.0,1,19.9096,0,0.0,False,1,19.2247,282.36,282.36,0.15
1930,3i,150.0,1,7.6157,0,0.0,False,1,18.4553,187.21,187.21,0.15
1935,3i,150.0,2,8.7137,1,1.0,False,1,17.4275,101.92,101.92,0.15
1940,3i,150.0,2,6.4384,1,1.0,False,1,12.8769,22.51,22.51,0.15
1945,3i,150.0,3,6.3207,2,1.0,False,1,0.0,1.0,1.0,0.15
1950,3i,150.0,4,6.6558,2,1.0,False,1,0.0,1.0,1.0,0.15
1955,3i,150.0,5,5.6724,3,1.0,False,1,0.0,1.0,1.0,0.15
1960,3i,150.0,5,1.811,4,15.04,False,1,0.0,1.0,1.0,0.15
1965,3i,150.0,5,0.0007,5,15.04,False,1,0.0,1.0,1.0,0.15
1970,3i,150.0,6,2.6569,5,15.04,False,1,0.0,1.0,1.0,0.15
1975,3i,150.0,6,0.4789,5,15.04,False,1,0.0,1.0,1.0,0.15
1980,3i,150.0,6,0.0004,6,22.04,False,1,0.0,1.0,1.0,0.15
1985,3i,150.0,6,12.4965,1,1.0,False,0,,,,0.15
1990,3i,150.0,4,12.5979,1,1.0,False,0,,,,0.15
1995,3i,150.0,2,0.5239,1,1.0,False,0,,,,0.15
2000,3i,150.0,2,0.0001,2,15.04,False,0,,,,0.15
2005,3i,150.0,3,7.8016,2,15.04,False,0,,,,0.15
2010,3i,150.0,3,4.479,2,15.04,False,1,27.5563,429.29,429.29,0.15
2015,3i,150.0,2,0.5617,0,0.0,False,1,27.6297,292.93,292.93,0.15
2020,3i,150.0,3,5.9721,1,1.0,False,1,27.7107,157.64,157.64,0.15
2025,3i,150.0,4,5.3488,2,1.0,False,1,16.4606,50.84,50.84,0.15
2030,3i,150.0,4,0.6364,3,1.0,False,1,2.5457,10.36,10.36,0.15
2035,3i,150.0,4,0.0136,4,8.01,False,1,0.0543,8.01,8.01,0.15
2040,3i,150.0,6,6.489,4,8.0,False,1,0.0,8.0,8.0,0.15
2045,3i,150.0,6,3.5451,4,8.0,False,1,0.0,8.0,8.0,0.15
2050,3i,150.0,7,2.7774,4,8.0,False,1,0.0,8.0,8.0,0.15
2055,3i,150.0,7,0.7487,6,12.0,False,1,0.0,8.0,8.0,0.15
2060,3i,150.0,8,3.0394,7,12.0,False,1,0.0,8.0,8.0,0.15
2065,3i,150.0,8,1.2891,7,12.0,False,2,13.4824,8.0,456.34,0.15
2070,3i,150.0,8,0.0331,7,12.0,False,2,13.7905,8.0,321.02,0.15
2075,3i,150.0,4,2.2569,2,7.12,False,1,26.7624,188.76,188.76,0.15
2080,3i,150.0,4,10.3758,2,7.12,False,1,17.8756,74.25,74.25,0.15
2085,3i,150.0,5,7.1593,2,7.12,False,1,5.0834,23.45,23.45,0.15
2090,3i,150.0,4,2.9874,3,21.17,False,1,0.0,21.17,21.17,0.15
2095,3i,150.0,3,0.0,3,21.17,False,1,0.0,21.17,21.17,0.15
2100,3i,150.0,4,5.3667,3,21.17,False,1,0.0,21.17,21.17,0.15
2105,3i,150.0,3,3.1989,1,20.59,False,1,0.5781,20.59,20.59,0.15
2110,3i,150.0,3,9.5774,1,1.0,False,1,4.0515,7.55,7.55,0.15
2115,3i,150.0,3,5.1005,2,1.0,False,1,0.01,1.0,1.0,0.15
2120,3i,150.0,4,5.0069,2,1.0,False,1,0.0,1.0,1.0,0.15
2125,3i,150.0,5,5.746,3,1.0,False,1,0.0,1.0,1.0,0.15
2130,3i,150.0,5,2.2557,4,8.0,False,2,11.9167,1.0,406.68,0.15
2135,3i,150.0,6,4.1254,4,8.0,False,2,12.0749,1.0,287.17,0.15
2140,3i,150.0,6,2.3992,5,8.0,False,2,11.6789,1.0,166.53,0.15
2145,3i,150.0,7,2.5418,5,8.0,False,2,8.6936,1.0,58.71,0.15
2150,3i,150.0,7,0.5837,6,15.0,False,2,2.0429,1.0,11.84,0.15
2155,3i,150.0,8,2.6175,7,15.0,False,2,0.0008,1.0,8.0,0.15
2160,3i,150.0,8,0.9578,7,15.0,False,2,0.0,1.0,8.0,0.15
2165,3i,150.0,4,1.8872,2,5.0,False,1,0.0,1.0,1.0,0.15
2170,3i,150.0,2,0.0,2,5.0,False,1,0.0,1.0,1.0,0.15
2175,3i,150.0,5,11.9964,2,5.0,False,1,0.0,1.0,1.0,0.15
2180,3i,150.0,3,2.1819,2,5.0,False,1,0.0,1.0,1.0,0.15
2185,3i,150.0,3,0.0069,3,9.01,False,1,0.0,1.0,1.0,0.15
2190,3i,150.0,4,6.6137,3,9.0,False,1,0.0,1.0,1.0,0.15
2195,3i,150.0,2,8.0727,0,0.0,False,0,,,,0.15
2200,3i,150.0,1,0.0,0,0.0,False,0,,,,0.15
2205,3i,150.0,2,11.6236,1,1.0,False,0,,,,0.15
2210,3i,150.0,3,10.8655,1,1.0,False,0,,,,0.15
2215,3i,150.0,3,5.2329,2,1.0,False,0,,,,0.15
2220,3i,150.0,4,6.3335,2,1.0,False,0,,,,0.15
2225,3i,150.0,4,3.2894,3,5.0,False,0,,,,0.15
2230,3i,150.0,4,0.0,3,5.0,False,0,,,,0.15
2235,3i,150.0,5,3.364,4,5.0,False,0,,,,0.15
2240,3i,150.0,6,4.0371,4,5.0,False,0,,,,0.15
2245,3i,150.0,6,2.1749,4,5.0,False,0,,,,0.15
2250,3i,150.0,7,3.3667,5,12.0,False,0,,,,0.15
2255,3i,150.0,3,3.7831,1,1.0,False,1,26.523,403.04,403.04,0.15
2260,3i,150.0,1,0.0,1,1.0,False,1,27.7246,267.03,267.03,0.15
2265,3i,150.0,3,16.6248,1,1.0,False,1,26.2082,135.21,135.21,0.15
2270,3i,150.0,4,11.3679,1,1.0,False,1,14.1299,39.77,39.77,0.15
2275,3i,150.0,2,0.3694,1,1.0,False,2,9.806,8.69,396.55,0.15
2280,3i,150.0,2,0.0001,2,8.0,False,2,9.4904,8.0,301.25,0.15
2285,3i,150.0,0,0.0,0,0.0,False,1,19.0183,205.66,205.66,0.15
2290,3i,150.0,1,19.0528,0,0.0,False,1,19.0528,109.67,109.67,0.15
2295,3i,150.0,1,13.111,0,0.0,False,1,13.111,23.45,23.45,0.15
2300,3i,150.0,1,0.0,0,0.0,False,1,0.0,1.0,1.0,0.15
2305,3i,150.0,3,13.82,1,1.0,False,1,0.0,1.0,1.0,0.15
2310,3i,150.0,3,5.7274,1,1.0,False,1,0.0,1.0,1.0,0.15
2315,3i,150.0,4,6.4928,2,1.0,False,1,0.0,1.0,1.0,0.15
2320,3i,150.0,4,2.5554,3,15.04,False,1,0.0,1.0,1.0,0.15
2325,3i,150.0,5,3.6265,4,15.04,False,1,0.0,1.0,1.0,0.15
2330,3i,150.0,6,5.08,4,15.04,False,1,0.0,1.0,1.0,0.15
2335,3i,150.0,6,1.8205,5,22.05,False,1,0.0,1.0,1.0,0.15
2340,3i,150.0,6,0.0199,6,22.04,False,1,0.0,1.0,1.0,0.15
2345,3i,150.0,4,5.0439,1,1.0,False,0,,,,0.15
2350,3i,150.0,2,3.9106,1,1.0,False,0,,,,0.15
2355,3i,150.0,1,0.0,1,1.0,False,0,,,,0.15
2360,3i,150.0,2,12.1732,1,1.0,False,0,,,,0.15
2365,3i,150.0,4,12.698,1,1.0,False,0,,,,0.15
2370,3i,150.0,4,7.1565,1,1.0,False,0,,,,0.15
2375,3i,150.0,3,2.1644,1,1.0,False,0,,,,0.15
2380,3i,150.0,3,7.9571,2,1.0,False,1,24.7013,407.01,407.01,0.15
2385,3i,150.0,3,3.8164,2,1.0,False,2,24.3942,287.72,432.11,0.15
2390,3i,150.0,3,0.2578,2,1.0,False,2,24.1337,166.48,310.72,0.15
2395,3i,150.0,4,4.4386,3,13.71,False,2,21.3102,56.02,189.19,0.15
2400,3i,150.0,5,4.5372,3,13.71,False,2,11.343,9.25,76.21,0.15
2405,3i,150.0,5,1.057,4,13.71,False,2,2.6426,8.0,23.2,0.15
2410,3i,150.0,6,3.7319,5,20.71,False,3,9.2001,8.0,429.66,0.15
2415,3i,150.0,6,1.2327,5,20.71,False,3,8.954,8.0,295.49,0.15
2420,3i,150.0,7,2.2152,6,20.71,False,3,9.1299,8.0,161.81,0.15
2425,3i,150.0,8,2.241,6,20.71,False,4,9.951,8.0,383.36,0.15
2430,3i,150.0,8,0.3003,7,27.71,False,4,6.6341,8.0,264.43,0.15
2435,3i,150.0,5,7.1538,1,1.0,False,3,11.3782,3.75,142.88,0.15
2440,3i,150.0,2,7.8213,1,1.0,False,2,20.3213,46.97,480.3,0.15
2445,3i,150.0,1,0.0,1,1.0,False,1,24.2733,359.31,359.31,0.15
2450,3i,150.0,1,0.0,1,1.0,False,1,23.579,240.68,240.68,0.15
2455,3i,150.0,4,17.5559,1,1.0,False,1,23.5707,122.61,122.61,0.15
2460,3i,150.0,4,8.6547,1,1.0,False,1,13.7079,26.11,26.11,0.15
2465,3i,150.0,3,1.1249,0,0.0,False,1,0.0,1.0,1.0,0.15
2470,3i,150.0,2,0.0001,2,1.0,False,1,0.0,1.0,1.0,0.15
2475,3i,150.0,3,6.7324,2,1.0,False,2,11.8991,1.0,384.17,0.15
2480,3i,150.0,3,2.333,2,1.0,False,2,12.0439,1.0,262.72,0.15
2485,3i,150.0,4,6.049,3,8.01,False,2,12.0886,1.0,142.34,0.15
2490,3i,150.0,4,3.6968,3,8.0,False,2,7.3935,1.0,41.66,0.15
2495,3i,150.0,5,3.6076,3,8.0,False,2,0.668,1.0,8.15,0.15
2500,3i,150.0,5,0.5918,4,8.0,False,3,7.9995,1.0,384.07,0.15
2505,3i,150.0,6,3.1949,5,15.0,False,3,7.7782,1.0,265.33,0.15
2510,3i,150.0,7,5.388,5,15.0,False,3,8.1577,1.0,143.89,0.15
2515,3i,150.0,7,1.8985,5,15.0,False,4,10.2649,1.0,483.3,0.15
2520,3i,150.0,8,2.3278,6,15.0,False,4,7.2468,1.0,348.43,0.15
2525,3i,150.0,4,4.945,1,1.0,False,2,15.9642,15.3,210.93,0.15
2530,3i,150.0,2,11.4802,1,1.0,False,1,22.9603,83.76,83.76,0.15
2535,3i,150.0,2,5.0897,1,1.0,False,2,17.024,5.87,431.58,0.15
2540,3i,150.0,1,0.0,1,1.0,False,1,23.8089,310.55,310.55,0.15
2545,3i,150.0,1,0.0,1,1.0,False,1,23.9856,190.53,190.53,0.15
2550,3i,150.0,4,15.7386,1,1.0,False,1,19.7781,76.1,76.1,0.15
2555,3i,150.0,3,7.3247,0,0.0,False,1,7.0648,17.93,17.93,0.15
2560,3i,150.0,2,0.0,2,1.0,False,0,,,,0.15
2565,3i,150.0,2,0.0,2,1.0,False,0,,,,0.15
2570,3i,150.0,3,5.7263,2,1.0,False,0,,,,0.15
2575,3i,150.0,3,1.3501,2,1.0,False,0,,,,0.15
2580,3i,150.0,3,0.0022,3,8.0,False,0,,,,0.15
2585,3i,150.0,4,3.4743,3,8.0,False,0,,,,0.15
2590,3i,150.0,5,5.5382,3,8.0,False,0,,,,0.15
2595,3i,150.0,5,2.2314,3,8.0,False,0,,,,0.15
2600,3i,150.0,6,3.2814,4,12.01,False,0,,,,0.15
2605,3i,150.0,7,5.2214,5,12.0,False,0,,,,0.15
2610,3i,150.0,8,4.5248,6,12.0,False,0,,,,0.15
2615,3i,150.0,5,4.8807,1,1.0,False,0,,,,0.15
2620,3i,150.0,2,3.6824,1,1.0,False,0,,,,0.15
2625,3i,150.0,2,9.6835,1,1.0,False,0,,,,0.15
2630,3i,150.0,1,0.0,1,1.0,False,0,,,,0.15
2635,3i,150.0,1,0.0,1,1.0,False,0,,,,0.15
2640,3i,150.0,1,0.0,1,1.0,False,0,,,,0.15
2645,3i,150.0,3,18.5305,0,0.0,False,0,,,,0.15
2650,3i,150.0,2,10.2329,0,0.0,False,0,,,,0.15
2655,3i,150.0,2,1.8962,1,1.0,False,0,,,,0.15
2660,3i,150.0,3,8.0644,2,1.0,False,0,,,,0.15
2665,3i,150.0,3,4.9767,2,1.0,False,0,,,,0.15
2670,3i,150.0,3,0.4883,2,1.0,False,0,,,,0.15
2675,3i,150.0,4,4.2212,3,13.71,False,0,,,,0.15
2680,3i,150.0,4,0.7257,3,13.71,False,0,,,,0.15
2685,3i,150.0,5,2.6427,4,13.71,False,0,,,,0.15
2690,3i,150.0,6,5.5317,4,13.71,False,0,,,,0.15
2695,3i,150.0,6,2.4484,4,13.71,False,0,,,,0.15
2700,3i,150.0,6,0.0688,6,20.75,False,0,,,,0.15
2705,3i,150.0,3,4.4549,1,1.0,False,0,,,,0.15
2710,3i,150.0,3,8.984,1,1.0,False,0,,,,0.15
2715,3i,150.0,3,7.7665,1,1.0,False,0,,,,0.15
2720,3i,150.0,2,10.1457,1,1.0,False,0,,,,0.15
2725,3i,150.0,1,0.0,1,1.0,False,0,,,,0.15
2730,3i,150.0,1,0.0,1,1.0,False,0,,,,0.15
2735,3i,150.0,2,24.0577,0,0.0,False,0,,,,0.15
2740,3i,150.0,3,17.4371,0,0.0,False,0,,,,0.15
2745,3i,150.0,2,8.3902,0,0.0,False,0,,,,0.15
2750,3i,150.0,2,0.0,1,1.0,False,0,,,,0.15
2755,3i,150.0,3,7.2637,2,1.0,False,0,,,,0.15
2760,3i,150.0,3,3.0084,2,1.0,False,0,,,,0.15
2765,3i,150.0,3,0.0008,3,8.0,False,0,,,,0.15
2770,3i,150.0,4,4.2134,3,8.0,False,0,,,,0.15
2775,3i,150.0,5,4.6846,3,8.0,False,0,,,,0.15
2780,3i,150.0,5,1.3436,4,13.71,False,0,,,,0.15
2785,3i,150.0,6,3.594,5,13.71,False,0,,,,0.15
2790,3i,150.0,6,1.1407,5,13.71,False,0,,,,0.15
2795,3i,150.0,3,7.8655,1,1.0,False,0,,,,0.15
2800,3i,150.0,3,10.8485,1,1.0,False,0,,,,0.15
2805,3i,150.0,1,0.0,1,1.0,False,0,,,,0.15
2810,3i,150.0,2,12.4442,1,1.0,False,0,,,,0.15
2815,3i,150.0,2,8.3042,1,1.0,False,0,,,,0.15
2820,3i,150.0,1,0.0,1,1.0,False,0,,,,0.15
2825,3i,150.0,0,0.0,0,0.0,False,0,,,,0.15
2830,3i,150.0,3,23.8363,0,0.0,False,0,,,,0.15
2835,3i,150.0,3,14.0944,0,0.0,False,0,,,,0.15
2840,3i,150.0,3,0.7404,1,1.0,False,0,,,,0.15
2845,3i,150.0,3,0.0,3,1.0,False,0,,,,0.15
2850,3i,150.0,4,5.7376,3,1.0,False,1,18.8956,397.44,397.44,0.15
2855,3i,150.0,4,2.5339,3,1.0,False,1,19.2429,301.78,301.78,0.15
2860,3i,150.0,4,0.0232,4,8.01,False,1,19.3281,205.99,205.99,0.15
2865,3i,150.0,5,2.9989,4,8.0,False,2,16.6881,122.6,418.82,0.15
2870,3i,150.0,6,4.4899,4,8.0,False,2,14.8654,61.12,324.36,0.15
2875,3i,150.0,6,2.2844,4,8.0,False,2,12.659,22.15,229.63,0.15
2880,3i,150.0,7,2.9407,5,15.0,False,2,10.2922,5.64,135.3,0.15
2885,3i,150.0,4,10.3657,1,1.0,False,1,12.8597,56.88,56.88,0.15
2890,3i,150.0,3,7.4028,1,1.0,False,1,5.3597,15.08,15.08,0.15
2895,3i,150.0,3,5.3726,2,8.0,False,1,0.0004,8.0,8.0,0.15
2900,3i,150.0,2,0.0,2,8.0,False,1,0.0,8.0,8.0,0.15
2905,3i,150.0,3,8.0089,2,8.0,False,1,0.0,8.0,8.0,0.15
2910,3i,150.0,3,3.0629,2,8.0,False,2,11.7322,8.0,432.38,0.15
2915,3i,150.0,2,1.8485,1,1.0,False,2,14.2301,2.5,310.73,0.15
2920,3i,150.0,1,0.0,1,1.0,False,1,24.41,190.18,190.18,0.15
2925,3i,150.0,4,16.4963,1,1.0,False,1,21.6895,71.62,71.62,0.15
2930,3i,150.0,4,5.9643,1,1.0,False,2,15.724,6.26,407.85,0.15
2935,3i,150.0,4,0.0262,4,5.03,False,2,12.4764,1.0,286.39,0.15
2940,3i,150.0,4,0.0,4,5.0,False,2,11.8366,1.0,168.0,0.15
2945,3i,150.0,5,3.4021,4,5.0,False,2,8.5052,1.0,59.75,0.15
2950,3i,150.0,5,0.9897,4,5.0,False,2,2.4743,1.0,14.69,0.15
2955,3i,150.0,6,3.9445,5,12.0,False,2,0.0016,1.0,12.0,0.15
2960,3i,150.0,7,5.0973,5,12.0,False,2,0.0,1.0,12.0,0.15
2965,3i,150.0,7,2.1076,5,12.0,False,2,0.0,1.0,12.0,0.15
2970,3i,150.0,7,0.1701,6,12.0,False,2,0.0,1.0,12.0,0.15
2975,3i,150.0,4,6.024,1,1.0,False,1,5.1578,2.32,2.32,0.15
2980,3i,150.0,3,11.6961,1,1.0,False,0,,,,0.15
2985,3i,150.0,3,5.6895,1,1.0,False,0,,,,0.15
2990,3i,150.0,3,5.919,2,8.0,False,0,,,,0.15
2995,3i,150.0,3,5.7327,2,8.0,False,0,,,,0.15
3000,3i,150.0,3,8.155,2,8.0,False,0,,,,0.15
3005,3i,150.0,2,7.1059,0,0.0,False,1,24.2409,407.22,407.22,0.15
3010,3i,150.0,1,0.0,1,1.0,False,1,24.6068,284.84,284.84,0.15
3015,3i,150.0,1,0.0,1,1.0,False,1,24.3947,164.37,164.37,0.15
3020,3i,150.0,4,14.0523,1,1.0,False,1,18.3851,53.51,53.51,0.15
3025,3i,150.0,4,5.3678,1,1.0,False,2,14.6405,3.58,383.49,0.15
3030,3i,150.0,4,1.4342,3,1.01,False,2,12.3583,1.01,262.43,0.15
3035,3i,150.0,5,4.8979,4,8.01,False,2,12.2378,1.0,142.81,0.15
3040,3i,150.0,5,2.7623,4,8.0,False,2,6.9059,1.0,48.02,0.15
3045,3i,150.0,5,0.0119,4,8.0,False,2,0.0296,1.0,20.72,0.15
3050,3i,150.0,5,0.0,5,20.71,False,2,0.0,1.0,20.71,0.15
3055,3i,150.0,6,2.1641,5,20.71,False,2,0.0,1.0,20.71,0.15
3060,3i,150.0,7,3.0742,5,20.71,False,2,0.0,1.0,20.71,0.15
3065,3i,150.0,5,8.5361,1,1.0,False,1,2.8811,14.65,14.65,0.15
3070,3i,150.0,3,5.7328,1,1.0,False,0,,,,0.15
3075,3i,150.0,3,7.8652,2,8.02,False,0,,,,0.15
3080,3i,150.0,3,3.6588,2,8.0,False,0,,,,0.15
3085,3i,150.0,3,5.7794,2,8.0,False,0,,,,0.15
3090,3i,150.0,4,9.9508,2,8.0,False,0,,,,0.15
3095,3i,150.0,3,6.6863,0,0.0,False,0,,,,0.15
3100,3i,150.0,2,0.4723,1,1.0,False,1,24.3613,383.66,383.66,0.15
3105,3i,150.0,2,0.0,2,1.0,False,1,24.6915,261.35,261.35,0.15
3110,3i,150.0,5,14.6096,2,1.0,False,1,24.714,140.01,140.01,0.15
3115,3i,150.0,5,9.0119,2,1.0,False,2,20.4793,35.85,480.3,0.15
3120,3i,150.0,5,1.2561,2,1.0,False,2,12.7331,1.0,359.63,0.15
3125,3i,150.0,5,0.0029,5,15.04,False,2,12.132,1.0,239.86,0.15
3130,3i,150.0,6,4.0576,5,15.04,False,2,12.1728,1.0,118.86,0.15
3135,3i,150.0,6,1.9829,5,15.04,False,2,5.9488,1.0,35.92,0.15
3140,3i,150.0,6,0.057,5,15.04,False,2,0.1711,1.0,12.09,0.15
3145,3i,150.0,7,2.2621,6,15.04,False,2,0.0,1.0,12.0,0.15
3150,3i,150.0,8,2.8913,6,15.04,False,2,0.0,1.0,12.0,0.15
3155,3i,150.0,5,4.5293,1,1.0,False,2,3.1435,1.0,1.64,0.15
3160,3i,150.0,2,10.2825,1,1.0,False,1,0.0,1.0,1.0,0.15
3165,3i,150.0,2,3.5644,1,1.0,False,1,0.0,1.0,1.0,0.15
3170,3i,150.0,3,6.6814,2,8.0,False,1,0.0,1.0,1.0,0.15
3175,3i,150.0,2,0.0,2,8.0,False,1,0.0,1.0,1.0,0.15
3180,3i,150.0,3,5.4307,2,8.0,False,1,0.0,1.0,1.0,0.15
3185,3i,150.0,3,12.5779,0,0.0,False,0,,,,0.15
3190,3i,150.0,2,7.1419,1,1.0,False,0,,,,0.15
3195,3i,150.0,2,1.6535,1,1.0,False,0,,,,0.15
3200,3i,150.0,2,0.0004,2,1.0,False,0,,,,0.15
3205,3i,150.0,5,14.5552,2,1.0,False,0,,,,0.15
3210,3i,150.0,5,7.2835,2,1.0,False,0,,,,0.15
3215,3i,150.0,5,0.2208,4,15.21,False,0,,,,0.15
3220,3i,150.0,5,0.0005,5,15.04,False,0,,,,0.15
3225,3i,150.0,6,3.6062,5,15.04,False,0,,,,0.15
3230,3i,150.0,6,1.5228,5,15.04,False,0,,,,0.15
3235,3i,150.0,7,3.4071,6,15.06,False,0,,,,0.15
3240,3i,150.0,7,1.9164,6,15.04,False,1,26.1874,404.52,404.52,0.15
3245,3i,150.0,5,5.3788,1,1.0,False,1,26.6734,269.56,269.56,0.15
3250,3i,150.0,3,12.452,1,1.0,False,1,27.3779,136.14,136.14,0.15
3255,3i,150.0,2,7.0329,1,1.0,False,1,14.0659,39.19,39.19,0.15
3260,3i,150.0,3,8.3518,1,1.0,False,1,0.7524,8.25,8.25,0.15
3265,3i,150.0,3,5.4715,2,8.0,False,1,0.0007,8.0,8.0,0.15
3270,3i,150.0,3,5.7399,2,8.0,False,1,0.0,8.0,8.0,0.15
3275,3i,150.0,2,4.5682,0,0.0,False,1,3.8234,2.71,2.71,0.15
3280,3i,150.0,1,0.0083,1,1.01,False,0,,,,0.15
3285,3i,150.0,2,8.6154,1,1.0,False,1,23.9648,456.34,456.34,0.15
3290,3i,150.0,2,6.2047,1,1.0,False,1,24.7601,337.09,337.09,0.15
3295,3i,150.0,2,0.0,2,1.0,False,1,23.5115,217.48,217.48,0.15
3300,3i,150.0,5,14.1254,2,1.0,False,1,22.0611,98.85,98.85,0.15
3305,3i,150.0,5,5.8272,2,1.0,False,2,16.2852,27.54,408.99,0.15
3310,3i,150.0,5,0.0217,5,13.79,False,2,11.6886,13.79,287.63,0.15
3315,3i,150.0,5,0.0,5,13.71,False,2,12.4663,13.71,165.88,0.15
3320,3i,150.0,6,2.6838,5,13.71,False,2,8.0515,13.71,62.04,0.15
3325,3i,150.0,6,0.454,5,13.71,False,2,1.3619,13.71,20.98,0.15
3330,3i,150.0,7,3.4721,6,20.71,False,2,0.0003,13.71,20.71,0.15
3335,3i,150.0,4,10.6348,1,1.0,False,1,3.885,12.2,12.2,0.15
3340,3i,150.0,2,8.5198,1,1.0,False,0,,,,0.15
3345,3i,150.0,1,0.0,1,1.0,False,0,,,,0.15
3350,3i,150.0,2,6.9305,1,1.0,False,0,,,,0.15
3355,3i,150.0,3,11.2808,1,1.0,False,0,,,,0.15
3360,3i,150.0,4,9.9166,1,1.0,False,0,,,,0.15
3365,3i,150.0,2,9.9921,0,0.0,False,0,,,,0.15
3370,3i,150.0,1,3.239,0,0.0,False,0,,,,0.15
3375,3i,150.0,2,11.7559,1,1.0,False,0,,,,0.15
3380,3i,150.0,2,5.4242,1,1.0,False,2,24.1562,407.59,407.84,0.15
3385,3i,150.0,2,0.035,2,1.01,False,2,24.1959,286.23,288.13,0.15
3390,3i,150.0,3,8.6796,2,1.0,False,2,24.8081,164.37,166.62,0.15
3395,3i,150.0,5,9.8538,2,1.0,False,2,17.195,55.58,57.74,0.15
3400,3i,150.0,5,1.8305,2,1.0,False,2,4.4096,10.53,10.78,0.15
3405,3i,150.0,5,0.0027,5,8.0,False,2,0.0068,8.0,8.0,0.15
3410,3i,150.0,6,3.9651,5,8.0,False,2,0.0,8.0,8.0,0.15
3415,3i,150.0,6,2.427,5,8.0,False,2,0.0,8.0,8.0,0.15
3420,3i,150.0,6,0.159,5,8.0,False,2,0.0,8.0,8.0,0.15
3425,3i,150.0,3,9.5878,1,1.0,False,0,,,,0.15
3430,3i,150.0,3,13.2673,1,1.0,False,0,,,,0.15
3435,3i,150.0,2,7.1972,1,1.0,False,0,,,,0.15
3440,3i,150.0,1,0.0,1,1.0,False,0,,,,0.15
3445,3i,150.0,2,7.5649,1,1.0,False,0,,,,0.15
3450,3i,150.0,3,11.131,1,1.0,False,0,,,,0.15
3455,3i,150.0,3,12.8078,0,0.0,False,0,,,,0.15
3460,3i,150.0,2,6.6401,1,1.0,False,0,,,,0.15
3465,3i,150.0,2,0.4139,1,1.0,False,0,,,,0.15
3470,3i,150.0,3,6.3132,2,1.0,False,0,,,,0.15
3475,3i,150.0,3,4.2357,2,1.0,False,0,,,,0.15
3480,3i,150.0,3,1.8249,2,1.0,False,0,,,,0.15
3485,3i,150.0,6,11.9935,3,8.02,False,0,,,,0.15
3490,3i,150.0,6,7.3708,3,8.0,False,0,,,,0.15
3495,3i,150.0,6,0.5531,3,8.0,False,0,,,,0.15
3500,3i,150.0,6,0.0,6,20.71,False,0,,,,0.15
3505,3i,150.0,7,3.2474,6,20.71,False,0,,,,0.15
3510,3i,150.0,7,1.4498,6,20.71,False,0,,,,0.15
3515,3i,150.0,3,2.1413,1,1.0,False,0,,,,0.15
3520,3i,150.0,2,9.0664,1,1.0,False,0,,,,0.15
3525,3i,150.0,2,11.9436,1,1.0,False,0,,,,0.15
3530,3i,150.0,2,5.8446,1,1.0,False,0,,,,0.15
3535,3i,150.0,2,9.7674,1,1.0,False,0,,,,0.15
3540,3i,150.0,2,3.2729,1,1.0,False,0,,,,0.15
3545,3i,150.0,2,11.2183,0,0.0,False,0,,,,0.15
3550,3i,150.0,1,4.6345,0,0.0,False,0,,,,0.15
3555,3i,150.0,2,9.497,1,1.0,False,0,,,,0.15
3560,3i,150.0,3,10.1867,1,1.0,False,0,,,,0.15
3565,3i,150.0,3,4.6367,2,1.0,False,0,,,,0.15
3570,3i,150.0,3,0.7692,2,1.0,False,0,,,,0.15
3575,3i,150.0,3,0.0,3,8.0,False,0,,,,0.15
3580,3i,150.0,5,9.8351,3,8.0,False,0,,,,0.15
3585,3i,150.0,6,6.2392,3,8.0,False,0,,,,0.15
3590,3i,150.0,6,1.5892,4,15.29,False,0,,,,0.15
3595,3i,150.0,6,0.7978,5,15.04,False,0,,,,0.15
3600,3i,150.0,6,0.0813,5,15.04,False,1,24.9001,382.44,382.44,0.15
0,4i,150.0,0,0.0,0,0.0,False,0,,,,0.15
5,4i,150.0,0,0.0,0,0.0,False,1,24.4024,382.59,382.59,0.15
10,4i,150.0,0,0.0,0,0.0,False,1,24.3289,262.23,262.23,0.15
15,4i,150.0,2,24.0989,0,0.0,False,1,24.5117,141.06,141.06,0.15
20,4i,150.0,3,19.5829,0,0.0,False,1,23.3631,21.97,21.97,0.15
25,4i,150.0,2,7.7019,0,0.0,False,0,,,,0.15
30,4i,150.0,2,0.2742,1,1.0,False,0,,,,0.15
35,4i,150.0,1,0.0,1,1.0,False,0,,,,0.15
40,4i,150.0,2,8.3738,1,1.0,False,0,,,,0.15
45,4i,150.0,2,4.6238,1,1.0,False,0,,,,0.15
50,4i,150.0,3,7.8672,1,1.0,False,1,23.5488,432.07,432.07,0.15
55,4i,150.0,3,2.5695,2,13.71,False,1,23.261,314.25,314.25,0.15
60,4i,150.0,4,3.0165,3,13.71,False,2,25.7917,194.29,430.08,0.15
65,4i,150.0,5,5.8781,3,13.71,False,2,24.2601,75.74,295.74,0.15
70,4i,150.0,5,2.1821,3,13.71,False,2,16.5895,7.6,162.55,0.15
75,4i,150.0,6,2.232,5,26.42,False,2,6.6956,1.0,68.9,0.15
80,4i,150.0,7,3.3026,5,26.42,False,2,0.2847,1.0,40.92,0.15
85,4i,150.0,7,1.3208,6,40.46,False,2,0.0006,1.0,40.46,0.15
90,4i,150.0,7,0.0368,7,40.46,False,2,0.0,1.0,40.46,0.15
95,4i,150.0,4,5.3243,1,1.0,False,3,9.6614,1.0,483.3,0.15
100,4i,150.0,3,5.9037,1,1.0,False,3,10.7229,1.0,351.86,0.15
105,4i,150.0,2,4.5195,1,1.0,False,2,13.2243,1.0,218.92,0.15
110,4i,150.0,4,17.8326,1,1.0,False,2,11.5124,1.0,91.4,0.15
115,4i,150.0,4,10.0701,1,1.0,False,3,13.5307,1.0,456.99,0.15
120,4i,150.0,3,0.125,1,1.0,False,2,13.8117,1.0,321.4,0.15
125,4i,150.0,2,2.29,1,1.0,False,1,27.1072,186.74,186.74,0.15
130,4i,150.0,2,9.7063,1,1.0,False,1,19.4126,69.82,69.82,0.15
135,4i,150.0,2,2.9968,1,1.0,False,1,5.9935,11.85,11.85,0.15
140,4i,150.0,2,0.0021,2,8.0,False,1,0.0042,8.0,8.0,0.15
145,4i,150.0,3,6.232,2,8.0,False,1,0.0,8.0,8.0,0.15
150,4i,150.0,4,6.041,2,8.0,False,1,0.0,8.0,8.0,0.15
155,4i,150.0,4,1.7122,3,8.0,False,1,0.0,8.0,8.0,0.15
160,4i,150.0,5,3.6664,4,12.02,False,1,0.0,8.0,8.0,0.15
165,4i,150.0,6,5.2675,4,12.0,False,1,0.0,8.0,8.0,0.15
170,4i,150.0,6,2.1723,5,12.0,False,1,0.0,8.0,8.0,0.15
175,4i,150.0,7,2.8612,5,12.0,False,1,0.0,8.0,8.0,0.15
180,4i,150.0,7,1.0512,6,19.0,False,1,0.0,8.0,8.0,0.15
185,4i,150.0,4,7.9231,1,1.0,False,0,,,,0.15
190,4i,150.0,2,6.7264,1,1.0,False,1,23.6452,456.65,456.65,0.15
195,4i,150.0,1,0.0,1,1.0,False,1,24.6276,333.79,333.79,0.15
200,4i,150.0,1,0.0,1,1.0,False,1,23.9934,214.24,214.24,0.15
205,4i,150.0,4,16.2565,1,1.0,False,1,22.8046,93.64,93.64,0.15
210,4i,150.0,4,6.7477,1,1.0,False,2,16.9448,18.33,432.32,0.15
215,4i,150.0,3,1.5071,1,1.0,False,2,12.083,1.41,311.76,0.15
220,4i,150.0,2,0.0001,2,1.0,False,2,12.2753,1.0,190.09,0.15
225,4i,150.0,3,6.6518,2,1.0,False,2,9.9777,1.0,75.76,0.15
230,4i,150.0,3,2.4853,2,1.0,False,2,3.7279,1.0,14.79,0.15
235,4i,150.0,3,0.0046,3,8.01,False,2,0.0069,1.0,8.01,0.15
240,4i,150.0,4,4.3072,3,8.0,False,2,0.0,1.0,8.0,0.15
245,4i,150.0,5,5.5463,3,8.0,False,2,0.0,1.0,8.0,0.15
250,4i,150.0,6,5.0592,3,8.0,False,2,0.0,1.0,8.0,0.15
255,4i,150.0,6,2.6937,5,15.0,False,2,0.0,1.0,8.0,0.15
260,4i,150.0,7,3.7147,5,15.0,False,2,0.0,1.0,8.0,0.15
265,4i,150.0,7,1.589,6,15.0,False,2,0.0,1.0,8.0,0.15
270,4i,150.0,8,2.045,7,19.01,False,2,0.0,1.0,8.0,0.15
275,4i,150.0,4,3.6918,1,1.0,False,0,,,,0.15
280,4i,150.0,1,0.0,1,1.0,False,0,,,,0.15
285,4i,150.0,2,7.6394,1,1.0,False,0,,,,0.15
290,4i,150.0,2,5.4146,1,1.0,False,0,,,,0.15
295,4i,150.0,1,0.0,1,1.0,False,0,,,,0.15
300,4i,150.0,3,14.0687,1,1.0,False,0,,,,0.15
305,4i,150.0,3,10.8255,0,0.0,False,0,,,,0.15
310,4i,150.0,3,3.0382,2,1.0,False,0,,,,0.15
315,4i,150.0,3,0.0,3,1.0,False,0,,,,0.15
320,4i,150.0,4,4.812,3,1.0,False,1,25.0,480.3,480.3,0.15
325,4i,150.0,4,3.1943,3,1.0,False,1,24.8619,357.07,357.07,0.15
330,4i,150.0,5,5.5801,3,1.0,False,1,23.9475,238.71,238.71,0.15
335,4i,150.0,6,5.7497,4,5.05,False,1,24.2955,117.44,117.44,0.15
340,4i,150.0,6,1.9017,5,8.01,False,1,11.3423,35.13,35.13,0.15
345,4i,150.0,7,3.0492,6,17.72,False,2,9.7368,17.72,473.26,0.15
350,4i,150.0,7,1.0471,6,17.71,False,2,9.612,17.71,377.02,0.15
355,4i,150.0,8,2.5889,7,17.71,False,2,9.531,17.71,281.09,0.15
360,4i,150.0,8,1.0031,7,17.71,False,2,8.8701,17.71,187.66,0.15
365,4i,150.0,5,4.1278,2,13.71,False,2,9.332,10.83,110.59,0.15
370,4i,150.0,3,5.7176,2,13.71,False,1,17.1529,31.73,31.73,0.15
375,4i,150.0,2,0.0,2,13.71,False,0,,,,0.15
380,4i,150.0,3,5.3508,2,13.71,False,0,,,,0.15
385,4i,150.0,3,2.9783,2,13.71,False,0,,,,0.15
390,4i,150.0,2,0.0,2,13.71,False,0,,,,0.15
395,4i,150.0,4,14.9674,0,0.0,False,0,,,,0.15
400,4i,150.0,3,13.1748,0,0.0,False,0,,,,0.15
405,4i,150.0,3,2.2502,1,1.0,False,0,,,,0.15
410,4i,150.0,4,6.2168,3,1.0,False,0,,,,0.15
415,4i,150.0,4,2.8657,3,1.0,False,0,,,,0.15
420,4i,150.0,4,0.1429,3,1.0,False,0,,,,0.15
425,4i,150.0,5,3.9037,4,8.0,False,0,,,,0.15
430,4i,150.0,6,4.5953,4,8.0,False,0,,,,0.15
435,4i,150.0,6,1.4188,5,13.71,False,0,,,,0.15
440,4i,150.0,7,2.8209,6,15.02,False,0,,,,0.15
445,4i,150.0,7,0.9039,6,15.0,False,0,,,,0.15
450,4i,150.0,8,2.3157,7,15.0,False,0,,,,0.15
455,4i,150.0,5,6.6953,2,13.71,False,0,,,,0.15
460,4i,150.0,3,6.3069,2,13.71,False,0,,,,0.15
465,4i,150.0,2,0.0,2,13.71,False,0,,,,0.15
470,4i,150.0,3,6.4323,2,13.71,False,0,,,,0.15
475,4i,150.0,2,0.0,2,13.71,False,0,,,,0.15
480,4i,150.0,2,0.0,2,13.71,False,0,,,,0.15
485,4i,150.0,4,17.98,0,0.0,False,0,,,,0.15
490,4i,150.0,3,12.4083,0,0.0,False,1,26.3216,456.98,456.98,0.15
495,4i,150.0,3,0.0241,2,1.0,False,1,26.1491,322.44,322.44,0.15
500,4i,150.0,3,0.0,3,1.0,False,1,26.7657,187.46,187.46,0.15
505,4i,150.0,4,4.8475,3,1.0,False,2,23.416,67.83,401.8,0.15
510,4i,150.0,4,1.416,3,1.0,False,3,20.0317,11.52,429.28,0.15
515,4i,150.0,5,5.4273,4,8.0,False,3,17.8426,8.0,293.57,0.15
520,4i,150.0,5,2.7669,4,8.0,False,3,13.4169,8.0,160.54,0.15
525,4i,150.0,6,2.7966,4,8.0,False,3,5.5932,8.0,53.26,0.15
530,4i,150.0,6,0.5515,5,8.0,False,3,1.1029,8.0,13.3,0.15
535,4i,150.0,7,2.7929,6,12.01,False,3,0.0042,8.0,12.01,0.15
540,4i,150.0,7,0.9843,6,12.0,False,3,0.0,8.0,12.0,0.15
545,4i,150.0,4,5.6592,2,5.0,False,1,5.1917,1.56,1.56,0.15
550,4i,150.0,3,6.7721,2,5.0,False,0,,,,0.15
555,4i,150.0,2,0.0,2,5.0,False,0,,,,0.15
560,4i,150.0,3,7.9818,2,5.0,False,0,,,,0.15
565,4i,150.0,3,3.4371,2,5.0,False,1,26.0662,457.23,457.23,0.15
570,4i,150.0,2,0.0,2,5.0,False,1,26.546,324.29,324.29,0.15
575,4i,150.0,0,0.0,0,0.0,False,1,27.0218,190.78,190.78,0.15
580,4i,150.0,3,23.0083,0,0.0,False,1,20.9895,65.25,65.25,0.15
585,4i,150.0,3,9.066,0,0.0,False,1,6.178,4.36,4.36,0.15
590,4i,150.0,3,0.0,3,1.0,False,1,0.0,1.0,1.0,0.15
595,4i,150.0,3,0.0,3,1.0,False,1,0.0,1.0,1.0,0.15
600,4i,150.0,3,0.0,3,1.0,False,1,0.0,1.0,1.0,0.15
605,4i,150.0,4,3.5767,3,1.0,False,1,0.0,1.0,1.0,0.15
610,4i,150.0,5,5.8276,3,1.0,False,1,0.0,1.0,1.0,0.15
615,4i,150.0,5,1.8331,3,1.0,False,1,0.0,1.0,1.0,0.15
620,4i,150.0,6,2.7517,5,8.02,False,1,0.0,1.0,1.0,0.15
625,4i,150.0,7,3.9028,5,8.0,False,1,0.0,1.0,1.0,0.15
630,4i,150.0,7,2.1707,6,20.71,False,1,0.0,1.0,1.0,0.15
635,4i,150.0,4,6.4213,1,1.0,False,1,0.0,1.0,1.0,0.15
640,4i,150.0,3,4.0915,2,5.0,False,1,0.0,1.0,1.0,0.15
645,4i,150.0,3,5.7795,2,5.0,False,1,0.0,1.0,1.0,0.15
650,4i,150.0,2,0.0,2,5.0,False,1,0.0,1.0,1.0,0.15
655,4i,150.0,3,7.7656,2,5.0,False,1,0.0,1.0,1.0,0.15
660,4i,150.0,3,3.3743,2,5.0,False,2,9.4086,1.0,436.43,0.15
665,4i,150.0,1,0.2,1,1.09,False,1,19.1658,341.64,341.64,0.15
670,4i,150.0,1,0.0,1,1.0,False,1,18.4371,247.77,247.77,0.15
675,4i,150.0,3,14.4047,1,1.0,False,1,18.792,153.89,153.89,0.15
680,4i,150.0,4,7.2959,1,1.0,False,2,18.5352,71.63,408.79,0.15
685,4i,150.0,4,1.7585,3,1.0,False,2,15.8338,21.47,289.03,0.15
690,4i,150.0,4,0.067,3,1.0,False,2,12.3827,8.06,168.21,0.15
695,4i,150.0,5,3.1843,4,8.0,False,2,7.9607,8.0,64.46,0.15
700,4i,150.0,5,0.619,4,8.0,False,2,1.5474,8.0,22.29,0.15
705,4i,150.0,6,3.895,5,20.71,False,2,0.0003,8.0,20.71,0.15
710,4i,150.0,7,4.2063,5,20.71,False,2,0.0,8.0,20.71,0.15
715,4i,150.0,7,0.9404,6,20.71,False,2,0.0,8.0,20.71,0.15
720,4i,150.0,7,0.0126,7,27.76,False,2,0.0,8.0,20.71,0.15
725,4i,150.0,4,6.3353,1,1.0,False,1,5.5271,11.27,11.27,0.15
730,4i,150.0,2,4.8865,1,1.0,False,0,,,,0.15
735,4i,150.0,4,10.1961,1,1.0,False,0,,,,0.15
740,4i,150.0,4,6.8175,2,8.0,False,0,,,,0.15
745,4i,150.0,2,0.0,2,8.0,False,0,,,,0.15
750,4i,150.0,3,7.3146,2,8.0,False,0,,,,0.15
755,4i,150.0,2,5.3278,0,0.0,False,1,23.8822,409.43,409.43,0.15
760,4i,150.0,1,0.0,1,1.0,False,1,23.5567,289.13,289.13,0.15
765,4i,150.0,1,0.0,1,1.0,False,1,24.5615,167.93,167.93,0.15
770,4i,150.0,4,14.008,1,1.0,False,1,19.2086,54.18,54.18,0.15
775,4i,150.0,4,3.1621,1,1.0,False,1,4.3632,2.36,2.36,0.15
780,4i,150.0,4,0.0064,4,8.01,False,1,0.0,1.0,1.0,0.15
785,4i,150.0,5,4.6812,4,8.0,False,1,0.0,1.0,1.0,0.15
790,4i,150.0,5,2.3074,4,8.0,False,1,0.0,1.0,1.0,0.15
795,4i,150.0,5,0.0205,4,8.0,False,1,0.0,1.0,1.0,0.15
800,4i,150.0,6,3.2077,5,15.0,False,1,0.0,1.0,1.0,0.15
805,4i,150.0,7,4.0176,5,15.0,False,1,0.0,1.0,1.0,0.15
810,4i,150.0,7,1.1645,6,15.0,False,2,13.3415,1.0,430.26,0.15
815,4i,150.0,4,8.1168,1,1.0,False,2,13.2469,1.0,296.39,0.15
820,4i,150.0,2,4.5758,1,1.0,False,2,13.8086,1.0,161.55,0.15
825,4i,150.0,3,6.3534,1,1.0,False,2,9.3719,1.0,43.4,0.15
830,4i,150.0,2,0.0,2,8.0,False,1,0.0,1.0,1.0,0.15
835,4i,150.0,3,5.1323,2,8.0,False,1,0.0,1.0,1.0,0.15
840,4i,150.0,4,9.2842,2,8.0,False,1,0.0,1.0,1.0,0.15
845,4i,150.0,3,6.5159,1,1.0,False,1,25.0,480.3,480.3,0.15
850,4i,150.0,2,0.7456,1,1.0,False,1,24.8405,359.15,359.15,0.15
855,4i,150.0,2,0.0,2,1.0,False,1,24.4755,238.4,238.4,0.15
860,4i,150.0,5,14.3102,2,1.0,False,1,24.5762,117.82,117.82,0.15
865,4i,150.0,5,7.6502,2,1.0,False,1,13.26,24.98,24.98,0.15
870,4i,150.0,5,0.1856,3,13.76,False,1,0.0,1.0,1.0,0.15
875,4i,150.0,5,0.0,5,13.71,False,1,0.0,1.0,1.0,0.15
880,4i,150.0,6,3.6858,5,13.71,False,1,0.0,1.0,1.0,0.15
885,4i,150.0,6,1.651,5,13.71,False,1,0.0,1.0,1.0,0.15
890,4i,150.0,6,0.0026,6,13.71,False,1,0.0,1.0,1.0,0.15
895,4i,150.0,7,2.3446,6,13.71,False,1,0.0,1.0,1.0,0.15
900,4i,150.0,8,2.1628,6,13.71,False,1,0.0,1.0,1.0,0.15
905,4i,150.0,4,3.2183,1,1.0,False,1,0.0,1.0,1.0,0.15
910,4i,150.0,2,8.7297,1,1.0,False,1,0.0,1.0,1.0,0.15
915,4i,150.0,2,2.2109,1,1.0,False,1,0.0,1.0,1.0,0.15
920,4i,150.0,3,5.7997,2,8.0,False,1,0.0,1.0,1.0,0.15
925,4i,150.0,4,8.2566,2,8.0,False,1,0.0,1.0,1.0,0.15
930,4i,150.0,4,3.513,2,8.0,False,1,0.0,1.0,1.0,0.15
935,4i,150.0,4,6.5451,2,1.01,False,0,,,,0.15
940,4i,150.0,3,2.4275,2,1.0,False,0,,,,0.15
945,4i,150.0,3,0.0049,3,15.05,False,0,,,,0.15
950,4i,150.0,3,0.0,3,15.04,False,0,,,,0.15
955,4i,150.0,6,11.6848,3,15.04,False,0,,,,0.15
960,4i,150.0,6,4.6996,3,15.04,False,1,23.3494,433.03,433.03,0.15
965,4i,150.0,6,0.0113,6,19.04,False,1,24.7888,311.73,311.73,0.15
970,4i,150.0,6,0.0,6,19.04,False,2,24.4076,192.8,480.3,0.15
975,4i,150.0,7,2.7314,6,19.04,False,2,21.6136,82.14,360.17,0.15
980,4i,150.0,7,0.7314,6,19.04,False,3,18.7931,28.54,401.67,0.15
985,4i,150.0,8,2.9066,7,26.05,False,3,16.7983,26.05,268.02,0.15
990,4i,150.0,9,4.0389,7,26.04,False,3,12.1168,26.04,135.37,0.15
995,4i,150.0,6,4.2035,1,1.0,False,3,6.6992,2.77,51.19,0.15
1000,4i,150.0,4,8.5852,1,1.0,False,2,4.7764,8.23,22.14,0.15
1005,4i,150.0,2,5.7638,1,1.0,False,1,24.057,408.4,408.4,0.15
1010,4i,150.0,3,8.2751,2,8.0,False,1,23.5053,288.16,288.16,0.15
1015,4i,150.0,3,5.6606,2,8.0,False,1,23.5565,168.11,168.11,0.15
1020,4i,150.0,4,4.903,2,8.0,False,1,17.6327,59.0,59.0,0.15
1025,4i,150.0,3,3.0629,1,0.62,False,1,5.3932,5.79,5.79,0.15
1030,4i,150.0,3,7.7042,2,1.02,False,1,0.0326,1.02,1.02,0.15
1035,4i,150.0,3,3.0267,2,1.0,False,1,0.0,1.0,1.0,0.15
1040,4i,150.0,3,0.0052,3,7.62,False,1,0.0,1.0,1.0,0.15
1045,4i,150.0,3,0.0,3,7.62,False,1,0.0,1.0,1.0,0.15
1050,4i,150.0,5,8.4078,3,7.62,False,1,0.0,1.0,1.0,0.15
1055,4i,150.0,6,4.7629,3,7.62,False,1,0.0,1.0,1.0,0.15
1060,4i,150.0,6,1.168,5,14.62,False,1,0.0,1.0,1.0,0.15
1065,4i,150.0,6,0.0034,5,14.62,False,1,0.0,1.0,1.0,0.15
1070,4i,150.0,7,2.313,6,14.62,False,1,0.0,1.0,1.0,0.15
1075,4i,150.0,7,0.3254,6,14.62,False,1,0.0,1.0,1.0,0.15
1080,4i,150.0,8,2.6742,7,21.62,False,1,0.0,1.0,1.0,0.15
1085,4i,150.0,4,4.4304,1,1.0,False,0,,,,0.15
1090,4i,150.0,2,9.4552,1,1.0,False,0,,,,0.15
1095,4i,150.0,3,12.3217,1,1.0,False,0,,,,0.15
1100,4i,150.0,2,5.9201,1,1.0,False,0,,,,0.15
1105,4i,150.0,3,8.3681,1,1.0,False,0,,,,0.15
1110,4i,150.0,4,8.4482,2,8.0,False,0,,,,0.15
1115,4i,150.0,3,6.2225,1,1.0,False,0,,,,0.15
1120,4i,150.0,2,1.2524,1,1.0,False,0,,,,0.15
1125,4i,150.0,3,5.3286,2,1.0,False,0,,,,0.15
1130,4i,150.0,3,1.0218,2,1.0,False,1,27.1902,403.32,403.32,0.15
1135,4i,150.0,3,0.0,3,8.0,False,1,26.6981,270.04,270.04,0.15
1140,4i,150.0,4,6.5618,3,8.0,False,1,26.2473,135.68,135.68,0.15
1145,4i,150.0,6,8.6964,3,8.0,False,1,14.9759,30.9,30.9,0.15
1150,4i,150.0,6,4.2671,3,8.0,False,1,0.0,1.0,1.0,0.15
1155,4i,150.0,6,1.7871,4,8.0,False,1,0.0,1.0,1.0,0.15
1160,4i,150.0,7,3.4667,6,12.09,False,1,0.0,1.0,1.0,0.15
1165,4i,150.0,7,1.8977,6,12.0,False,1,0.0,1.0,1.0,0.15
1170,4i,150.0,7,0.0287,6,12.0,False,1,0.0,1.0,1.0,0.15
1175,4i,150.0,4,6.7141,1,1.0,False,1,0.0,1.0,1.0,0.15
1180,4i,150.0,2,9.883,1,1.0,False,1,0.0,1.0,1.0,0.15
1185,4i,150.0,2,5.0706,1,1.0,False,2,9.4595,1.0,435.14,0.15
1190,4i,150.0,2,11.7575,1,1.0,False,3,15.348,1.0,456.18,0.15
1195,4i,150.0,2,4.8747,1,1.0,False,3,15.6331,1.0,320.53,0.15
1200,4i,150.0,3,6.3052,2,5.01,False,3,15.1291,1.0,186.39,0.15
1205,4i,150.0,2,18.9341,0,0.0,False,2,18.9341,53.92,66.89,0.15
1210,4i,150.0,2,5.7601,0,0.0,False,2,5.7601,2.32,6.4,0.15
1215,4i,150.0,2,0.0,2,1.0,False,2,0.0,1.0,1.0,0.15
1220,4i,150.0,3,5.4791,2,1.0,False,2,0.0,1.0,1.0,0.15
1225,4i,150.0,3,1.2747,2,1.0,False,2,0.0,1.0,1.0,0.15
1230,4i,150.0,3,0.0,3,15.04,False,2,0.0,1.0,1.0,0.15
1235,4i,150.0,6,12.0623,3,15.04,False,2,0.0,1.0,1.0,0.15
1240,4i,150.0,6,7.6115,3,15.04,False,2,0.0,1.0,1.0,0.15
1245,4i,150.0,6,0.5334,3,15.04,False,2,0.0,1.0,1.0,0.15
1250,4i,150.0,6,0.0,6,22.04,False,2,0.0,1.0,1.0,0.15
1255,4i,150.0,7,2.476,6,22.04,False,2,0.0,1.0,1.0,0.15
1260,4i,150.0,7,0.4842,6,22.04,False,2,0.0,1.0,1.0,0.15
1265,4i,150.0,4,1.9205,1,1.0,False,0,,,,0.15
1270,4i,150.0,3,8.2549,1,1.0,False,0,,,,0.15
1275,4i,150.0,2,10.7963,1,1.0,False,0,,,,0.15
1280,4i,150.0,2,4.6553,1,1.0,False,1,24.2836,408.96,408.96,0.15
1285,4i,150.0,2,8.3684,1,1.0,False,1,24.2293,288.55,288.55,0.15
1290,4i,150.0,2,2.1804,1,1.0,False,1,24.928,166.28,166.28,0.15
1295,4i,150.0,2,11.1919,0,0.0,False,1,18.6858,53.62,53.62,0.15
1300,4i,150.0,1,4.4538,0,0.0,False,2,15.4992,2.45,376.19,0.15
1305,4i,150.0,2,9.3157,1,1.0,False,2,13.5349,1.0,242.54,0.15
1310,4i,150.0,3,10.1542,1,1.0,False,2,12.36,1.0,111.23,0.15
1315,4i,150.0,3,3.9883,2,1.0,False,2,5.9825,1.0,27.92,0.15
1320,4i,150.0,3,0.0066,3,8.01,False,2,0.01,1.0,8.01,0.15
1325,4i,150.0,3,0.0,3,8.0,False,2,0.0,1.0,8.0,0.15
1330,4i,150.0,6,11.4606,3,8.0,False,2,0.0,1.0,8.0,0.15
1335,4i,150.0,6,4.829,3,8.0,False,2,0.0,1.0,8.0,0.15
1340,4i,150.0,6,0.1203,5,13.76,False,2,0.0,1.0,8.0,0.15
1345,4i,150.0,6,0.0003,6,13.71,False,2,0.0,1.0,8.0,0.15
1350,4i,150.0,7,2.8065,6,13.71,False,2,0.0,1.0,8.0,0.15
1355,4i,150.0,2,3.7523,1,1.0,False,0,,,,0.15
1360,4i,150.0,2,12.7605,1,1.0,False,0,,,,0.15
1365,4i,150.0,2,8.5226,1,1.0,False,0,,,,0.15
1370,4i,150.0,2,9.7453,1,1.0,False,0,,,,0.15
1375,4i,150.0,2,11.68,1,1.0,False,0,,,,0.15
1380,4i,150.0,2,7.6997,1,1.0,False,0,,,,0.15
1385,4i,150.0,2,14.5511,0,0.0,False,0,,,,0.15
1390,4i,150.0,1,16.0848,0,0.0,False,0,,,,0.15
1395,4i,150.0,2,10.0204,0,0.0,False,0,,,,0.15
1400,4i,150.0,2,2.1103,1,1.0,False,0,,,,0.15
1405,4i,150.0,2,0.0,2,1.0,False,0,,,,0.15
1410,4i,150.0,3,4.9541,2,1.0,False,0,,,,0.15
1415,4i,150.0,3,2.9284,2,1.0,False,0,,,,0.15
1420,4i,150.0,3,0.4785,2,1.0,False,0,,,,0.15
1425,4i,150.0,6,9.5657,3,8.0,False,0,,,,0.15
1430,4i,150.0,6,2.848,3,8.0,False,1,23.8395,408.57,408.57,0.15
1435,4i,150.0,6,0.0006,6,20.71,False,1,23.6287,289.05,289.05,0.15
1440,4i,150.0,6,0.0,6,20.71,False,1,23.2662,167.64,167.64,0.15
1445,4i,150.0,3,7.1021,1,1.0,False,1,15.6909,65.88,65.88,0.15
1450,4i,150.0,2,4.8323,1,1.0,False,1,9.6646,0.06,0.06,0.15
1455,4i,150.0,2,9.7149,1,1.0,False,0,,,,0.15
1460,4i,150.0,2,12.4886,1,1.0,False,0,,,,0.15
1465,4i,150.0,2,6.2166,1,1.0,False,0,,,,0.15
1470,4i,150.0,2,10.4935,1,1.0,False,0,,,,0.15
1475,4i,150.0,1,11.0488,0,0.0,False,0,,,,0.15
1480,4i,150.0,0,0.0,0,0.0,False,0,,,,0.15
1485,4i,150.0,2,21.3747,0,0.0,False,0,,,,0.15
1490,4i,150.0,2,12.3134,0,0.0,False,0,,,,0.15
1495,4i,150.0,2,0.6878,1,1.0,False,0,,,,0.15
1500,4i,150.0,3,6.4233,2,1.0,False,0,,,,0.15
1505,4i,150.0,3,2.2651,2,1.0,False,1,24.1014,408.74,408.74,0.15
1510,4i,150.0,3,0.0082,3,13.73,False,1,23.9363,286.88,286.88,0.15
1515,4i,150.0,4,6.3057,3,13.71,False,1,23.3755,167.79,167.79,0.15
1520,4i,150.0,6,8.2036,3,13.71,False,1,18.8477,55.03,55.03,0.15
1525,4i,150.0,6,1.5314,3,13.71,False,2,14.799,2.82,381.45,0.15
1530,4i,150.0,6,0.0,6,20.71,False,2,11.8099,1.0,260.82,0.15
1535,4i,150.0,3,9.4299,1,1.0,False,2,12.0331,1.0,140.97,0.15
1540,4i,150.0,2,8.575,1,1.0,False,2,8.575,1.0,36.5,0.15
1545,4i,150.0,1,0.0,1,1.0,False,1,0.0,1.0,1.0,0.15
1550,4i,150.0,2,8.2292,1,1.0,False,1,0.0,1.0,1.0,0.15
1555,4i,150.0,2,12.2041,1,1.0,False,1,0.0,1.0,1.0,0.15
1560,4i,150.0,2,5.2041,1,1.0,False,1,0.0,1.0,1.0,0.15
1565,4i,150.0,2,10.4119,1,1.0,False,0,,,,0.15
1570,4i,150.0,1,0.0,1,1.0,False,0,,,,0.15
1575,4i,150.0,2,9.8232,1,1.0,False,0,,,,0.15
1580,4i,150.0,3,10.309,1,1.0,False,1,23.3147,409.21,409.21,0.15
1585,4i,150.0,3,3.6855,2,8.0,False,1,24.3772,289.74,289.74,0.15
1590,4i,150.0,3,0.0,3,8.0,False,1,24.2881,168.93,168.93,0.15
1595,4i,150.0,4,4.3685,3,8.0,False,1,17.4739,61.45,61.45,0.15
1600,4i,150.0,4,0.8685,3,8.0,False,1,3.4739,16.08,16.08,0.15
1605,4i,150.0,4,0.0001,4,15.0,False,1,0.0002,15.0,15.0,0.15
1610,4i,150.0,5,4.805,4,15.0,False,1,0.0,15.0,15.0,0.15
1615,4i,150.0,7,7.0282,4,15.0,False,1,0.0,15.0,15.0,0.15
1620,4i,150.0,7,2.5821,4,15.0,False,1,0.0,15.0,15.0,0.15
1625,4i,150.0,3,1.7551,0,0.0,False,1,2.8379,7.52,7.52,0.15
1630,4i,150.0,2,12.1297,1,1.0,False,0,,,,0.15
1635,4i,150.0,2,6.0541,1,1.0,False,0,,,,0.15
1640,4i,150.0,2,13.5421,1,1.0,False,0,,,,0.15
1645,4i,150.0,2,9.0864,1,1.0,False,0,,,,0.15
1650,4i,150.0,2,8.8552,1,1.0,False,0,,,,0.15
1655,4i,150.0,1,2.7105,0,0.0,False,0,,,,0.15
1660,4i,150.0,2,11.093,1,1.0,False,1,23.9902,432.38,432.38,0.15
1665,4i,150.0,2,3.6818,1,1.0,False,1,24.2968,310.39,310.39,0.15
1670,4i,150.0,3,5.9496,2,1.0,False,1,23.3687,189.76,189.76,0.15
1675,4i,150.0,4,6.1032,2,1.0,False,1,20.5638,73.55,73.55,0.15
1680,4i,150.0,4,1.8564,3,5.0,False,1,7.4244,10.15,10.15,0.15
1685,4i,150.0,5,4.7223,4,5.0,False,1,0.1096,1.03,1.03,0.15
1690,4i,150.0,5,2.7328,4,5.0,False,2,13.3605,1.0,456.58,0.15
1695,4i,150.0,5,0.6053,4,5.0,False,2,13.1018,1.0,324.48,0.15
1700,4i,150.0,5,0.0002,5,12.0,False,2,13.2164,1.0,190.81,0.15
1705,4i,150.0,8,7.5637,5,12.0,False,2,9.9184,1.0,69.9,0.15
1710,4i,150.0,8,2.4844,5,12.0,False,2,3.1404,1.0,12.27,0.15
1715,4i,150.0,4,2.1543,2,8.0,False,0,,,,0.15
1720,4i,150.0,2,0.0,2,8.0,False,0,,,,0.15
1725,4i,150.0,3,7.4716,2,8.0,False,0,,,,0.15
1730,4i,150.0,3,3.2016,2,8.0,False,0,,,,0.15
1735,4i,150.0,2,0.0,2,8.0,False,0,,,,0.15
1740,4i,150.0,3,6.0784,2,8.0,False,1,18.9667,396.87,396.87,0.15
1745,4i,150.0,3,12.7979,0,0.0,False,1,19.224,300.92,300.92,0.15
1750,4i,150.0,2,5.1855,0,0.0,False,1,19.4346,204.91,204.91,0.15
1755,4i,150.0,3,6.3232,2,1.0,False,1,18.9695,109.52,109.52,0.15
1760,4i,150.0,4,9.1763,2,1.0,False,1,13.1032,23.41,23.41,0.15
1765,4i,150.0,4,3.6262,2,1.0,False,1,0.0,1.0,1.0,0.15
1770,4i,150.0,5,3.9852,3,1.0,False,1,0.0,1.0,1.0,0.15
1775,4i,150.0,5,0.7124,4,8.0,False,1,0.0,1.0,1.0,0.15
1780,4i,150.0,6,3.6169,5,13.71,False,1,0.0,1.0,1.0,0.15
1785,4i,150.0,6,1.3402,5,13.71,False,1,0.0,1.0,1.0,0.15
1790,4i,150.0,6,0.0474,6,15.02,False,1,0.0,1.0,1.0,0.15
1795,4i,150.0,6,0.0,6,15.0,False,1,0.0,1.0,1.0,0.15
1800,4i,150.0,9,6.3286,6,15.0,False,1,0.0,1.0,1.0,0.15
1805,4i,150.0,5,5.175,1,1.0,False,1,0.0,1.0,1.0,0.15
1810,4i,150.0,2,0.0001,2,15.04,False,1,0.0,1.0,1.0,0.15
1815,4i,150.0,3,9.0014,2,15.04,False,2,11.8235,1.0,456.65,0.15
1820,4i,150.0,3,5.2398,2,15.04,False,2,11.7187,1.0,336.38,0.15
1825,4i,150.0,2,0.0,2,15.04,False,2,12.0037,1.0,216.84,0.15
1830,4i,150.0,3,7.391,2,15.04,False,2,11.0866,1.0,98.85,0.15
1835,4i,150.0,3,12.7104,0,0.0,False,1,12.0955,20.87,20.87,0.15
1840,4i,150.0,3,5.0839,1,1.0,False,2,11.6377,1.0,457.02,0.15
1845,4i,150.0,4,6.8267,2,1.0,False,2,12.2924,1.0,336.05,0.15
1850,4i,150.0,4,3.0672,3,1.0,False,2,12.3915,1.0,214.86,0.15
1855,4i,150.0,5,4.4409,3,1.0,False,2,10.8712,1.0,96.8,0.15
1860,4i,150.0,6,5.734,4,8.0,False,2,4.9966,1.0,21.79,0.15
1865,4i,150.0,6,2.3535,5,8.0,False,2,0.0001,1.0,8.0,0.15
1870,4i,150.0,6,0.4389,5,8.0,False,2,0.0,1.0,8.0,0.15
1875,4i,150.0,7,2.1807,6,8.0,False,2,0.0,1.0,8.0,0.15
1880,4i,150.0,7,0.4785,6,8.0,False,2,0.0,1.0,8.0,0.15
1885,4i,150.0,7,0.0001,7,15.0,False,2,0.0,1.0,8.0,0.15
1890,4i,150.0,7,0.0,7,15.0,False,2,0.0,1.0,8.0,0.15
1895,4i,150.0,5,7.647,2,8.0,False,0,,,,0.15
1900,4i,150.0,5,7.5173,2,8.0,False,0,,,,0.15
1905,4i,150.0,3,2.1225,2,8.0,False,0,,,,0.15
1910,4i,150.0,3,0.6597,2,8.0,False,1,18.7415,436.72,436.72,0.15
1915,4i,150.0,4,4.1982,3,15.0,False,1,18.6434,342.97,342.97,0.15
1920,4i,150.0,4,3.5075,3,15.0,False,1,19.0056,247.7,247.7,0.15
1925,4i,150.0,2,0.5892,0,0.0,False,1,19.2419,154.05,154.05,0.15
1930,4i,150.0,4,10.1765,1,1.0,False,1,16.9764,66.31,66.31,0.15
1935,4i,150.0,4,4.8616,2,1.0,False,1,6.8864,5.77,5.77,0.15
1940,4i,150.0,5,4.429,3,1.0,False,1,0.0,1.0,1.0,0.15
1945,4i,150.0,5,1.6939,4,15.04,False,1,0.0,1.0,1.0,0.15
1950,4i,150.0,6,3.2357,5,15.06,False,1,0.0,1.0,1.0,0.15
1955,4i,150.0,6,0.8826,5,15.04,False,1,0.0,1.0,1.0,0.15
1960,4i,150.0,7,1.8337,6,22.05,False,1,0.0,1.0,1.0,0.15
1965,4i,150.0,7,1.1897,6,22.04,False,1,0.0,1.0,1.0,0.15
1970,4i,150.0,8,2.3549,6,22.04,False,1,0.0,1.0,1.0,0.15
1975,4i,150.0,8,0.3465,7,22.04,False,1,0.0,1.0,1.0,0.15
1980,4i,150.0,8,0.0,8,29.04,False,1,0.0,1.0,1.0,0.15
1985,4i,150.0,8,7.1231,3,28.32,False,0,,,,0.15
1990,4i,150.0,6,7.3885,2,15.04,False,0,,,,0.15
1995,4i,150.0,4,3.1108,3,22.1,False,0,,,,0.15
2000,4i,150.0,4,2.5564,3,22.04,False,0,,,,0.15
2005,4i,150.0,4,6.0633,3,22.04,False,0,,,,0.15
2010,4i,150.0,4,2.8198,3,22.04,False,0,,,,0.15
2015,4i,150.0,2,0.9591,1,21.49,False,0,,,,0.15
2020,4i,150.0,2,11.7301,0,0.0,False,0,,,,0.15
2025,4i,150.0,3,9.0268,1,1.0,False,0,,,,0.15
2030,4i,150.0,3,2.6666,2,1.0,False,0,,,,0.15
2035,4i,150.0,4,5.025,3,1.0,False,1,24.0765,431.79,431.79,0.15
2040,4i,150.0,4,1.6333,3,1.0,False,1,24.4408,309.59,309.59,0.15
2045,4i,150.0,5,3.6552,4,5.02,False,1,23.4486,189.46,189.46,0.15
2050,4i,150.0,6,4.0218,4,5.0,False,1,19.8638,75.17,75.17,0.15
2055,4i,150.0,6,1.1783,5,8.0,False,1,7.0682,14.36,14.36,0.15
2060,4i,150.0,6,0.0009,6,8.0,False,1,0.0054,8.0,8.0,0.15
2065,4i,150.0,7,2.0438,6,8.0,False,2,12.5,8.0,480.3,0.15
2070,4i,150.0,7,1.4032,6,8.0,False,2,11.8911,8.0,360.24,0.15
2075,4i,150.0,3,2.712,2,5.0,False,1,23.2641,238.98,238.98,0.15
2080,4i,150.0,5,14.2947,2,5.0,False,1,24.8931,119.01,119.01,0.15
2085,4i,150.0,5,8.1156,2,5.0,False,1,17.4273,28.03,28.03,0.15
2090,4i,150.0,3,0.0559,3,12.08,False,0,,,,0.15
2095,4i,150.0,3,0.0,3,12.0,False,0,,,,0.15
2100,4i,150.0,4,5.4208,3,12.0,False,0,,,,0.15
2105,4i,150.0,2,4.543,0,0.0,False,0,,,,0.15
2110,4i,150.0,2,12.4109,1,1.0,False,0,,,,0.15
2115,4i,150.0,2,7.9292,1,1.0,False,0,,,,0.15
2120,4i,150.0,3,6.2297,1,1.0,False,0,,,,0.15
2125,4i,150.0,4,7.503,2,1.0,False,0,,,,0.15
2130,4i,150.0,4,2.992,3,8.0,False,0,,,,0.15
2135,4i,150.0,5,4.9346,4,8.0,False,0,,,,0.15
2140,4i,150.0,5,2.7827,4,8.0,False,0,,,,0.15
2145,4i,150.0,6,3.1705,4,8.0,False,0,,,,0.15
2150,4i,150.0,6,0.6434,5,15.0,False,0,,,,0.15
2155,4i,150.0,7,3.5033,6,15.0,False,0,,,,0.15
2160,4i,150.0,7,1.5694,6,15.0,False,1,24.2609,432.34,432.34,0.15
2165,4i,150.0,3,2.235,1,1.0,False,1,23.9871,311.19,311.19,0.15
2170,4i,150.0,1,0.0,1,1.0,False,1,24.0678,192.19,192.19,0.15
2175,4i,150.0,4,14.1321,1,1.0,False,1,20.7406,75.96,75.96,0.15
2180,4i,150.0,3,7.3184,1,1.0,False,1,7.4899,12.05,12.05,0.15
2185,4i,150.0,3,3.3574,2,5.01,False,1,0.0199,5.01,5.01,0.15
2190,4i,150.0,2,0.0,2,5.0,False,2,13.885,5.0,483.3,0.15
2195,4i,150.0,2,11.2489,0,0.0,False,2,15.0397,0.18,347.66,0.15
2200,4i,150.0,1,4.3981,0,0.0,False,1,26.5917,211.95,211.95,0.15
2205,4i,150.0,2,11.36,1,1.0,False,1,22.7201,81.85,81.85,0.15
2210,4i,150.0,2,4.405,1,1.0,False,1,8.8099,9.62,9.62,0.15
2215,4i,150.0,3,6.3015,2,1.0,False,1,0.0,1.0,1.0,0.15
2220,4i,150.0,4,8.7154,2,1.0,False,1,0.0,1.0,1.0,0.15
2225,4i,150.0,4,3.2797,2,1.0,False,1,0.0,1.0,1.0,0.15
2230,4i,150.0,5,4.0749,4,8.02,False,1,0.0,1.0,1.0,0.15
2235,4i,150.0,5,1.5564,4,8.0,False,1,0.0,1.0,1.0,0.15
2240,4i,150.0,6,3.0802,5,20.72,False,1,0.0,1.0,1.0,0.15
2245,4i,150.0,6,1.9273,5,20.71,False,1,0.0,1.0,1.0,0.15
2250,4i,150.0,7,3.2427,5,20.71,False,1,0.0,1.0,1.0,0.15
2255,4i,150.0,3,3.8173,1,1.0,False,0,,,,0.15
2260,4i,150.0,1,0.0,1,1.0,False,0,,,,0.15
2265,4i,150.0,2,13.6404,1,1.0,False,0,,,,0.15
2270,4i,150.0,4,12.8231,1,1.0,False,0,,,,0.15
2275,4i,150.0,3,3.7193,1,1.0,False,0,,,,0.15
2280,4i,150.0,2,0.0,2,5.0,False,0,,,,0.15
2285,4i,150.0,1,23.3397,0,0.0,False,0,,,,0.15
2290,4i,150.0,1,16.6173,0,0.0,False,0,,,,0.15
2295,4i,150.0,1,1.6173,0,0.0,False,0,,,,0.15
2300,4i,150.0,2,8.5495,1,1.0,False,0,,,,0.15
2305,4i,150.0,3,8.9732,1,1.0,False,0,,,,0.15
2310,4i,150.0,3,4.1116,2,1.0,False,0,,,,0.15
2315,4i,150.0,4,6.1222,2,1.0,False,0,,,,0.15
2320,4i,150.0,4,2.4748,3,8.0,False,0,,,,0.15
2325,4i,150.0,5,3.824,4,8.0,False,0,,,,0.15
2330,4i,150.0,6,4.9061,4,8.0,False,1,27.7514,402.5,402.5,0.15
2335,4i,150.0,6,2.083,5,15.02,False,1,26.0202,268.32,268.32,0.15
2340,4i,150.0,7,3.727,5,15.0,False,1,25.9802,136.27,136.27,0.15
2345,4i,150.0,3,5.6474,1,1.0,False,1,13.6231,44.71,44.71,0.15
2350,4i,150.0,1,0.0,1,1.0,False,0,,,,0.15
2355,4i,150.0,1,0.0,1,1.0,False,0,,,,0.15
2360,4i,150.0,4,18.7551,1,1.0,False,0,,,,0.15
2365,4i,150.0,4,9.6696,1,1.0,False,1,19.44,474.59,474.59,0.15
2370,4i,150.0,3,1.16,1,1.0,False,1,18.2296,379.74,379.74,0.15
2375,4i,150.0,2,1.9758,1,1.01,False,1,19.2522,284.03,284.03,0.15
2380,4i,150.0,1,0.0,1,1.0,False,1,19.2992,188.41,188.41,0.15
2385,4i,150.0,2,8.5457,1,1.0,False,2,22.2323,97.01,429.26,0.15
2390,4i,150.0,2,6.1761,1,1.0,False,2,18.0932,20.41,300.47,0.15
2395,4i,150.0,3,6.4594,2,1.0,False,2,10.8491,1.0,187.57,0.15
2400,4i,150.0,4,7.0734,2,1.0,False,2,7.8924,1.0,93.2,0.15
2405,4i,150.0,4,3.6845,2,1.0,False,2,4.407,1.0,26.71,0.15
2410,4i,150.0,5,3.8233,4,13.72,False,2,0.0139,1.0,13.72,0.15
2415,4i,150.0,5,3.7721,4,13.71,False,2,0.0,1.0,13.71,0.15
2420,4i,150.0,6,3.3968,4,13.71,False,2,0.0,1.0,13.71,0.15
2425,4i,150.0,7,2.6208,5,13.71,False,2,0.0,1.0,13.71,0.15
2430,4i,150.0,7,0.2007,6,17.71,False,2,0.0,1.0,13.71,0.15
2435,4i,150.0,5,7.6954,1,1.0,False,1,5.7602,0.37,0.37,0.15
2440,4i,150.0,2,8.3558,1,1.0,False,1,25.0,480.3,480.3,0.15
2445,4i,150.0,1,0.0,1,1.0,False,1,24.8347,359.02,359.02,0.15
2450,4i,150.0,1,0.0,1,1.0,False,1,23.4919,238.42,238.42,0.15
2455,4i,150.0,3,15.5879,1,1.0,False,1,24.6515,117.57,117.57,0.15
2460,4i,150.0,4,9.9629,1,1.0,False,1,14.2091,28.42,28.42,0.15
2465,4i,150.0,3,4.6165,0,0.0,False,1,0.0,1.0,1.0,0.15
2470,4i,150.0,3,0.0481,2,1.0,False,1,0.0,1.0,1.0,0.15
2475,4i,150.0,4,3.9957,3,1.0,False,1,0.0,1.0,1.0,0.15
2480,4i,150.0,4,0.5627,3,1.0,False,1,0.0,1.0,1.0,0.15
2485,4i,150.0,5,5.0223,4,13.71,False,1,0.0,1.0,1.0,0.15
2490,4i,150.0,5,2.2375,4,13.71,False,1,0.0,1.0,1.0,0.15
2495,4i,150.0,6,2.5571,5,13.71,False,1,0.0,1.0,1.0,0.15
2500,4i,150.0,7,5.0546,5,13.71,False,1,0.0,1.0,1.0,0.15
2505,4i,150.0,7,2.6143,5,13.71,False,1,0.0,1.0,1.0,0.15
2510,4i,150.0,8,3.2379,5,13.71,False,1,0.0,1.0,1.0,0.15
2515,4i,150.0,8,1.5559,7,17.72,False,1,0.0,1.0,1.0,0.15
2520,4i,150.0,9,2.0857,7,17.71,False,1,0.0,1.0,1.0,0.15
2525,4i,150.0,5,3.5178,2,5.0,False,0,,,,0.15
2530,4i,150.0,4,7.578,2,5.0,False,0,,,,0.15
2535,4i,150.0,3,5.0056,2,5.0,False,0,,,,0.15
2540,4i,150.0,2,0.0,2,5.0,False,0,,,,0.15
2545,4i,150.0,2,0.0,2,5.0,False,0,,,,0.15
2550,4i,150.0,5,11.8,2,5.0,False,0,,,,0.15
2555,4i,150.0,3,6.2968,0,0.0,False,0,,,,0.15
2560,4i,150.0,2,0.0069,2,1.0,False,0,,,,0.15
2565,4i,150.0,3,8.9852,2,1.0,False,0,,,,0.15
2570,4i,150.0,3,4.669,2,1.0,False,0,,,,0.15
2575,4i,150.0,3,0.4412,2,1.0,False,1,26.8763,376.2,376.2,0.15
2580,4i,150.0,4,5.8611,3,5.0,False,1,26.7812,242.52,242.52,0.15
2585,4i,150.0,5,7.4026,3,5.0,False,1,24.4825,110.42,110.42,0.15
2590,4i,150.0,5,2.2688,3,5.0,False,1,11.1261,29.06,29.06,0.15
2595,4i,150.0,6,4.045,5,9.14,False,1,0.1705,9.14,9.14,0.15
2600,4i,150.0,6,1.5192,5,9.0,False,1,0.0,9.0,9.0,0.15
2605,4i,150.0,7,3.3625,6,9.0,False,1,0.0,9.0,9.0,0.15
2610,4i,150.0,8,4.4827,6,9.0,False,1,0.0,9.0,9.0,0.15
2615,4i,150.0,3,6.1722,1,1.0,False,0,,,,0.15
2620,4i,150.0,1,0.0,1,1.0,False,0,,,,0.15
2625,4i,150.0,2,10.9471,1,1.0,False,0,,,,0.15
2630,4i,150.0,2,4.6966,1,1.0,False,0,,,,0.15
2635,4i,150.0,1,0.0,1,1.0,False,0,,,,0.15
2640,4i,150.0,3,17.9946,1,1.0,False,0,,,,0.15
2645,4i,150.0,3,16.1805,0,0.0,False,0,,,,0.15
2650,4i,150.0,2,2.3436,0,0.0,False,0,,,,0.15
2655,4i,150.0,2,0.0,2,1.0,False,0,,,,0.15
2660,4i,150.0,3,8.1038,2,1.0,False,0,,,,0.15
2665,4i,150.0,3,3.6757,2,1.0,False,1,19.44,474.59,474.59,0.15
2670,4i,150.0,3,0.0966,3,8.06,False,1,18.3102,380.7,380.7,0.15
2675,4i,150.0,4,4.2127,3,8.0,False,1,18.6073,287.72,287.72,0.15
2680,4i,150.0,4,0.8676,3,8.0,False,1,19.0865,193.44,193.44,0.15
2685,4i,150.0,5,3.3122,4,8.0,False,1,16.5551,102.15,102.15,0.15
2690,4i,150.0,6,5.5494,4,8.0,False,1,9.6956,39.63,39.63,0.15
2695,4i,150.0,6,2.1143,4,8.0,False,1,2.1956,13.66,13.66,0.15
2700,4i,150.0,7,2.6625,6,12.0,False,1,0.0093,12.0,12.0,0.15
2705,4i,150.0,4,8.2117,1,1.0,False,1,3.5645,5.36,5.36,0.15
2710,4i,150.0,2,8.9803,1,1.0,False,0,,,,0.15
2715,4i,150.0,1,0.0,1,1.0,False,0,,,,0.15
2720,4i,150.0,2,8.8918,1,1.0,False,0,,,,0.15
2725,4i,150.0,2,6.6418,1,1.0,False,0,,,,0.15
2730,4i,150.0,2,2.6208,1,1.0,False,0,,,,0.15
2735,4i,150.0,2,12.4881,1,1.0,False,0,,,,0.15
2740,4i,150.0,4,13.0964,1,1.0,False,1,19.44,473.26,473.26,0.15
2745,4i,150.0,4,6.7498,1,1.0,False,1,19.0297,377.89,377.89,0.15
2750,4i,150.0,4,0.0003,3,15.04,False,1,19.1426,282.77,282.77,0.15
2755,4i,150.0,4,0.0,4,15.04,False,1,17.6407,189.1,189.1,0.15
2760,4i,150.0,5,2.662,4,15.04,False,1,13.3099,113.89,113.89,0.15
2765,4i,150.0,5,1.762,4,15.04,False,1,8.8099,60.84,60.84,0.15
2770,4i,150.0,6,3.5549,4,15.04,False,1,4.3099,30.29,30.29,0.15
2775,4i,150.0,7,2.9096,5,22.05,False,1,0.0071,22.05,22.05,0.15
2780,4i,150.0,7,0.526,6,22.04,False,2,12.2619,22.04,407.42,0.15
2785,4i,150.0,8,2.5008,7,36.08,False,2,12.1915,22.04,286.52,0.15
2790,4i,150.0,8,0.7932,7,36.08,False,2,11.8619,22.04,167.18,0.15
2795,4i,150.0,7,3.0209,3,35.1,False,2,7.666,19.38,72.1,0.15
2800,4i,150.0,5,2.0867,2,15.04,False,2,3.5927,4.87,37.83,0.15
2805,4i,150.0,4,5.4894,2,15.04,False,1,5.4052,14.93,14.93,0.15
2810,4i,150.0,3,8.2019,2,15.04,False,0,,,,0.15
2815,4i,150.0,3,5.6059,2,15.04,False,0,,,,0.15
2820,4i,150.0,2,0.0,2,15.04,False,0,,,,0.15
2825,4i,150.0,1,1.3697,0,0.0,False,0,,,,0.15
2830,4i,150.0,4,17.7553,0,0.0,False,0,,,,0.15
2835,4i,150.0,4,10.515,1,1.0,False,0,,,,0.15
2840,4i,150.0,4,0.7518,1,1.0,False,0,,,,0.15
2845,4i,150.0,4,0.0004,4,8.0,False,0,,,,0.15
2850,4i,150.0,5,4.4432,4,8.0,False,0,,,,0.15
2855,4i,150.0,5,2.0748,4,8.0,False,0,,,,0.15
2860,4i,150.0,6,4.1063,5,8.0,False,0,,,,0.15
2865,4i,150.0,6,1.8618,5,8.0,False,0,,,,0.15
2870,4i,150.0,7,2.5916,5,8.0,False,0,,,,0.15
2875,4i,150.0,7,0.6161,6,8.0,False,1,24.4596,383.34,383.34,0.15
2880,4i,150.0,8,2.1201,7,12.0,False,1,23.5529,264.55,264.55,0.15
2885,4i,150.0,5,6.478,2,8.0,False,1,24.6153,143.29,143.29,0.15
2890,4i,150.0,5,8.6566,3,15.0,False,1,17.1134,37.67,37.67,0.15
2895,4i,150.0,4,4.5828,3,15.0,False,0,,,,0.15
2900,4i,150.0,3,0.0,3,15.0,False,0,,,,0.15
2905,4i,150.0,4,6.0677,3,15.0,False,0,,,,0.15
2910,4i,150.0,4,2.6902,3,15.0,False,2,25.4976,431.88,456.99,0.15
2915,4i,150.0,2,3.1876,0,0.0,False,2,23.5843,312.58,338.5,0.15
2920,4i,150.0,0,0.0,0,0.0,False,2,24.1786,191.83,220.54,0.15
2925,4i,150.0,3,22.6444,0,0.0,False,2,23.2563,73.43,101.13,0.15
2930,4i,150.0,3,8.6146,0,0.0,False,2,9.4759,6.71,18.46,0.15
2935,4i,150.0,3,0.0,3,1.0,False,2,0.0,1.0,1.0,0.15
2940,4i,150.0,4,6.5752,3,1.0,False,2,0.0,1.0,1.0,0.15
2945,4i,150.0,4,3.5922,3,1.0,False,2,0.0,1.0,1.0,0.15
2950,4i,150.0,4,0.5216,3,1.0,False,2,0.0,1.0,1.0,0.15
2955,4i,150.0,5,4.9387,4,5.0,False,2,0.0,1.0,1.0,0.15
2960,4i,150.0,6,6.2276,4,5.0,False,2,0.0,1.0,1.0,0.15
2965,4i,150.0,6,2.5385,4,5.0,False,2,0.0,1.0,1.0,0.15
2970,4i,150.0,7,3.4544,5,8.0,False,2,0.0,1.0,1.0,0.15
2975,4i,150.0,2,4.4739,1,1.0,False,0,,,,0.15
2980,4i,150.0,3,7.9663,2,8.0,False,0,,,,0.15
2985,4i,150.0,3,4.8121,2,8.0,False,0,,,,0.15
2990,4i,150.0,3,5.472,2,8.0,False,0,,,,0.15
2995,4i,150.0,3,5.7779,2,8.0,False,0,,,,0.15
3000,4i,150.0,2,0.0,2,8.0,False,0,,,,0.15
3005,4i,150.0,2,11.438,0,0.0,False,0,,,,0.15
3010,4i,150.0,1,7.0786,0,0.0,False,0,,,,0.15
3015,4i,150.0,2,13.583,1,1.0,False,0,,,,0.15
3020,4i,150.0,4,12.4777,1,1.0,False,0,,,,0.15
3025,4i,150.0,4,2.1314,1,1.0,False,0,,,,0.15
3030,4i,150.0,4,0.0001,4,15.04,False,0,,,,0.15
3035,4i,150.0,5,4.6584,4,15.04,False,0,,,,0.15
3040,4i,150.0,5,2.8357,4,15.04,False,0,,,,0.15
3045,4i,150.0,5,0.304,4,15.04,False,0,,,,0.15
3050,4i,150.0,6,3.8135,5,22.04,False,1,24.3515,455.95,455.95,0.15
3055,4i,150.0,7,4.8914,5,22.04,False,1,24.3025,335.69,335.69,0.15
3060,4i,150.0,7,1.4632,6,22.04,False,1,23.5168,216.49,216.49,0.15
3065,4i,150.0,5,5.9404,2,27.52,False,2,23.6554,95.57,480.3,0.15
3070,4i,150.0,3,4.8923,1,1.0,False,2,16.9803,21.56,359.82,0.15
3075,4i,150.0,3,8.1816,2,8.05,False,2,11.9013,8.05,238.17,0.15
3080,4i,150.0,4,9.216,2,8.0,False,2,12.2744,8.0,117.39,0.15
3085,4i,150.0,3,5.3276,2,8.0,False,2,7.9914,8.0,27.9,0.15
3090,4i,150.0,2,0.0,2,8.0,False,1,0.0,8.0,8.0,0.15
3095,4i,150.0,2,11.3055,0,0.0,False,1,3.6153,3.27,3.27,0.15
3100,4i,150.0,1,3.9956,0,0.0,False,0,,,,0.15
3105,4i,150.0,1,0.0,1,1.0,False,0,,,,0.15
3110,4i,150.0,4,17.9827,1,1.0,False,0,,,,0.15
3115,4i,150.0,4,12.0285,1,1.0,False,1,25.0,480.3,480.3,0.15
3120,4i,150.0,4,1.2471,1,1.0,False,1,23.3449,359.6,359.6,0.15
3125,4i,150.0,4,0.0001,4,8.0,False,1,23.8149,239.82,239.82,0.15
3130,4i,150.0,5,4.9146,4,8.0,False,1,24.573,119.56,119.56,0.15
3135,4i,150.0,5,2.3165,4,8.0,False,1,11.5823,33.76,33.76,0.15
3140,4i,150.0,5,0.0023,5,15.0,False,1,0.0113,15.0,15.0,0.15
3145,4i,150.0,6,2.9921,5,15.0,False,1,0.0,15.0,15.0,0.15
3150,4i,150.0,7,3.7135,5,15.0,False,1,0.0,15.0,15.0,0.15
3155,4i,150.0,3,4.7364,1,1.0,False,1,5.111,6.92,6.92,0.15
3160,4i,150.0,2,8.231,1,1.0,False,0,,,,0.15
3165,4i,150.0,2,1.3639,1,1.0,False,0,,,,0.15
3170,4i,150.0,3,6.7454,2,8.0,False,0,,,,0.15
3175,4i,150.0,3,6.4177,2,8.0,False,0,,,,0.15
3180,4i,150.0,3,2.3306,2,8.0,False,0,,,,0.15
3185,4i,150.0,3,9.1182,1,1.0,False,0,,,,0.15
3190,4i,150.0,2,7.9406,1,1.0,False,0,,,,0.15
3195,4i,150.0,2,1.3361,1,1.0,False,0,,,,0.15
3200,4i,150.0,2,0.0,2,1.0,False,0,,,,0.15
3205,4i,150.0,5,13.8163,2,1.0,False,0,,,,0.15
3210,4i,150.0,5,6.1069,2,1.0,False,0,,,,0.15
3215,4i,150.0,5,0.0056,4,8.0,False,0,,,,0.15
3220,4i,150.0,5,0.0,5,8.0,False,0,,,,0.15
3225,4i,150.0,6,3.6297,5,8.0,False,0,,,,0.15
3230,4i,150.0,6,1.4552,5,8.0,False,0,,,,0.15
3235,4i,150.0,7,3.3329,6,12.03,False,0,,,,0.15
3240,4i,150.0,7,2.1734,6,12.0,False,1,26.5865,403.85,403.85,0.15
3245,4i,150.0,4,7.4504,1,1.0,False,1,27.6451,269.6,269.6,0.15
3250,4i,150.0,3,11.3002,1,1.0,False,1,26.0441,135.37,135.37,0.15
3255,4i,150.0,2,6.9739,1,1.0,False,2,18.781,37.7,410.08,0.15
3260,4i,150.0,2,0.2793,1,1.0,False,2,12.203,8.38,290.98,0.15
3265,4i,150.0,3,5.5049,2,8.0,False,2,12.1038,8.0,171.42,0.15
3270,4i,150.0,4,8.138,2,8.0,False,2,8.9953,8.0,61.15,0.15
3275,4i,150.0,3,3.5928,0,0.0,False,2,5.3891,1.88,5.32,0.15
3280,4i,150.0,3,8.1409,2,1.0,False,1,0.0006,1.0,1.0,0.15
3285,4i,150.0,3,3.7777,2,1.0,False,2,13.1739,1.0,456.95,0.15
3290,4i,150.0,3,0.0628,2,1.0,False,2,13.0846,1.0,327.72,0.15
3295,4i,150.0,3,0.0,3,15.04,False,2,12.7956,1.0,199.71,0.15
3300,4i,150.0,6,10.4669,3,15.04,False,2,10.9375,1.0,76.58,0.15
3305,4i,150.0,6,3.7743,3,15.04,False,2,4.029,1.0,8.57,0.15
3310,4i,150.0,6,0.002,6,22.04,False,2,0.0,1.0,1.0,0.15
3315,4i,150.0,6,0.0,6,22.04,False,2,0.0,1.0,1.0,0.15
3320,4i,150.0,7,2.3207,6,22.04,False,2,0.0,1.0,1.0,0.15
3325,4i,150.0,7,0.4163,6,22.04,False,2,0.0,1.0,1.0,0.15
3330,4i,150.0,8,2.6773,7,26.04,False,2,0.0,1.0,1.0,0.15
3335,4i,150.0,6,6.9396,2,24.93,False,1,0.0,1.0,1.0,0.15
3340,4i,150.0,3,6.8854,1,1.0,False,1,0.0,1.0,1.0,0.15
3345,4i,150.0,2,12.1381,1,1.0,False,1,0.0,1.0,1.0,0.15
3350,4i,150.0,2,6.398,1,1.0,False,1,0.0,1.0,1.0,0.15
3355,4i,150.0,3,7.6807,1,1.0,False,1,0.0,1.0,1.0,0.15
3360,4i,150.0,4,8.4977,2,5.0,False,1,0.0,1.0,1.0,0.15
3365,4i,150.0,3,5.4675,1,1.0,False,0,,,,0.15
3370,4i,150.0,2,0.0,1,1.0,False,0,,,,0.15
3375,4i,150.0,3,6.6432,2,1.0,False,0,,,,0.15
3380,4i,150.0,3,2.1234,2,1.0,False,0,,,,0.15
3385,4i,150.0,3,0.0108,3,5.02,False,0,,,,0.15
3390,4i,150.0,4,6.7103,3,5.0,False,0,,,,0.15
3395,4i,150.0,6,8.3066,3,5.0,False,0,,,,0.15
3400,4i,150.0,6,1.5442,3,5.0,False,0,,,,0.15
3405,4i,150.0,6,0.0004,6,9.0,False,0,,,,0.15
3410,4i,150.0,6,0.0,6,9.0,False,0,,,,0.15
3415,4i,150.0,7,2.0438,6,9.0,False,0,,,,0.15
3420,4i,150.0,7,1.4277,6,9.0,False,0,,,,0.15
3425,4i,150.0,4,8.4779,1,1.0,False,0,,,,0.15
3430,4i,150.0,3,12.8084,1,1.0,False,0,,,,0.15
3435,4i,150.0,2,7.5034,1,1.0,False,1,24.5121,455.79,455.79,0.15
3440,4i,150.0,2,9.5189,1,1.0,False,1,23.4395,334.94,334.94,0.15
3445,4i,150.0,2,3.2294,1,1.0,False,1,24.835,213.81,213.81,0.15
3450,4i,150.0,3,8.0135,2,8.0,False,1,24.0403,93.77,93.77,0.15
3455,4i,150.0,3,12.9974,0,0.0,False,1,10.368,14.1,14.1,0.15
3460,4i,150.0,2,6.4955,1,1.0,False,1,0.0,1.0,1.0,0.15
3465,4i,150.0,2,0.0,1,1.0,False,1,0.0,1.0,1.0,0.15
3470,4i,150.0,3,5.7019,2,1.0,False,1,0.0,1.0,1.0,0.15
3475,4i,150.0,3,1.3281,2,1.0,False,1,0.0,1.0,1.0,0.15
3480,4i,150.0,3,0.0007,3,8.0,False,1,0.0,1.0,1.0,0.15
3485,4i,150.0,5,9.5123,3,8.0,False,1,0.0,1.0,1.0,0.15
3490,4i,150.0,6,8.1335,3,8.0,False,1,0.0,1.0,1.0,0.15
3495,4i,150.0,6,2.4226,3,8.0,False,1,0.0,1.0,1.0,0.15
3500,4i,150.0,6,0.5518,5,8.0,False,1,0.0,1.0,1.0,0.15
3505,4i,150.0,7,2.8255,6,15.0,False,1,0.0,1.0,1.0,0.15
3510,4i,150.0,7,0.995,6,15.0,False,1,0.0,1.0,1.0,0.15
3515,4i,150.0,3,2.0057,1,1.0,False,0,,,,0.15
3520,4i,150.0,2,9.0213,1,1.0,False,0,,,,0.15
3525,4i,150.0,2,11.1445,1,1.0,False,0,,,,0.15
3530,4i,150.0,1,0.0,1,1.0,False,0,,,,0.15
3535,4i,150.0,2,8.408,1,1.0,False,0,,,,0.15
3540,4i,150.0,3,9.8783,1,1.0,False,0,,,,0.15
3545,4i,150.0,1,15.0321,0,0.0,False,0,,,,0.15
3550,4i,150.0,1,0.0321,0,0.0,False,1,26.4162,376.25,376.25,0.15
3555,4i,150.0,2,9.6211,1,1.0,False,1,27.2941,241.85,241.85,0.15
3560,4i,150.0,3,10.542,1,1.0,False,1,24.4708,108.81,108.81,0.15
3565,4i,150.0,3,3.7321,2,1.0,False,1,11.1963,27.0,27.0,0.15
3570,4i,150.0,3,0.09,2,1.0,False,1,0.27,5.19,5.19,0.15
3575,4i,150.0,3,0.0,3,5.0,False,1,0.0001,5.0,5.0,0.15
3580,4i,150.0,5,9.516,3,5.0,False,1,0.0,5.0,5.0,0.15
3585,4i,150.0,6,7.0093,3,5.0,False,1,0.0,5.0,5.0,0.15
3590,4i,150.0,6,1.6642,3,5.0,False,1,0.0,5.0,5.0,0.15
3595,4i,150.0,6,0.3973,5,9.0,False,1,0.0,5.0,5.0,0.15
3600,4i,150.0,7,2.4787,6,15.04,False,1,0.0,5.0,5.0,0.15
