timestamp,approach_edge,camera_range_m,visible_vehicle_count,visible_mean_speed_mps,visible_queue_count,visible_queue_length_m,queue_reaches_camera_edge,probe_count,probe_mean_speed_mps,probe_min_distance_to_stopline_m,probe_max_distance_to_stopline_m,scenario_id,split,design_method,gps_penetration_rate_requested
0,1i,150.0,0,0.0,0,0.0,False,0,,,,scenario_left_turn_heavy,train,development,0.11
5,1i,150.0,0,0.0,0,0.0,False,1,26.1393,376.65,376.65,scenario_left_turn_heavy,train,development,0.11
10,1i,150.0,0,0.0,0,0.0,False,1,26.0862,241.94,241.94,scenario_left_turn_heavy,train,development,0.11
15,1i,150.0,3,24.4235,0,0.0,False,1,26.6297,108.87,108.87,scenario_left_turn_heavy,train,development,0.11
20,1i,150.0,3,14.6513,0,0.0,False,2,15.4808,19.02,454.3,scenario_left_turn_heavy,train,development,0.11
25,1i,150.0,3,0.9853,1,1.0,False,2,9.4793,1.0,358.69,scenario_left_turn_heavy,train,development,0.11
30,1i,150.0,3,0.0001,3,1.0,False,2,9.5218,1.0,262.99,scenario_left_turn_heavy,train,development,0.11
35,1i,150.0,3,0.0,3,1.0,False,2,8.6587,1.0,170.22,scenario_left_turn_heavy,train,development,0.11
40,1i,150.0,4,3.2448,3,1.0,False,2,6.4896,1.0,96.53,scenario_left_turn_heavy,train,development,0.11
45,1i,150.0,5,6.3771,3,1.0,False,2,4.2518,1.0,45.01,scenario_left_turn_heavy,train,development,0.11
50,1i,150.0,4,11.7101,1,1.0,False,1,4.0247,15.91,15.91,scenario_left_turn_heavy,train,development,0.11
55,1i,150.0,3,4.46,2,8.27,False,1,0.3085,8.27,8.27,scenario_left_turn_heavy,train,development,0.11
60,1i,150.0,4,6.4314,2,8.0,False,1,0.0004,8.0,8.0,scenario_left_turn_heavy,train,development,0.11
65,1i,150.0,4,3.234,3,22.04,False,1,0.0,8.0,8.0,scenario_left_turn_heavy,train,development,0.11
70,1i,150.0,4,5.983,3,22.04,False,1,0.0,8.0,8.0,scenario_left_turn_heavy,train,development,0.11
75,1i,150.0,5,6.5176,3,22.04,False,1,0.0,8.0,8.0,scenario_left_turn_heavy,train,development,0.11
80,1i,150.0,4,4.1158,2,26.05,False,1,1.8755,5.18,5.18,scenario_left_turn_heavy,train,development,0.11
85,1i,150.0,3,3.3382,0,0.0,False,0,,,,scenario_left_turn_heavy,train,development,0.11
90,1i,150.0,4,5.0627,2,1.0,False,0,,,,scenario_left_turn_heavy,train,development,0.11
95,1i,150.0,4,1.47,3,5.0,False,1,23.892,383.74,383.74,scenario_left_turn_heavy,train,development,0.11
100,1i,150.0,4,0.0018,4,12.01,False,1,23.7672,265.18,265.18,scenario_left_turn_heavy,train,development,0.11
105,1i,150.0,7,10.269,4,12.0,False,1,23.8662,145.59,145.59,scenario_left_turn_heavy,train,development,0.11
110,1i,150.0,7,6.6087,4,12.0,False,1,16.358,40.45,40.45,scenario_left_turn_heavy,train,development,0.11
115,1i,150.0,7,0.812,4,12.0,False,1,2.0885,1.0,1.0,scenario_left_turn_heavy,train,development,0.11
120,1i,150.0,7,0.0,7,19.0,False,1,0.0,1.0,1.0,scenario_left_turn_heavy,train,development,0.11
125,1i,150.0,7,0.0,7,19.0,False,1,0.0,1.0,1.0,scenario_left_turn_heavy,train,development,0.11
130,1i,150.0,8,1.7761,7,19.0,False,1,0.0,1.0,1.0,scenario_left_turn_heavy,train,development,0.11
135,1i,150.0,9,3.1614,7,19.0,False,1,0.0,1.0,1.0,scenario_left_turn_heavy,train,development,0.11
140,1i,150.0,7,5.7759,4,19.0,False,0,,,,scenario_left_turn_heavy,train,development,0.11
145,1i,150.0,6,1.7255,5,26.01,False,0,,,,scenario_left_turn_heavy,train,development,0.11
150,1i,150.0,7,3.8366,5,26.01,False,0,,,,scenario_left_turn_heavy,train,development,0.11
155,1i,150.0,7,1.7798,6,38.72,False,1,23.7539,384.97,384.97,scenario_left_turn_heavy,train,development,0.11
160,1i,150.0,7,2.6401,6,38.72,False,1,23.4223,264.32,264.32,scenario_left_turn_heavy,train,development,0.11
165,1i,150.0,8,3.5888,6,38.72,False,1,23.9111,145.92,145.92,scenario_left_turn_heavy,train,development,0.11
170,1i,150.0,7,3.06,4,42.72,False,1,17.2583,50.42,50.42,scenario_left_turn_heavy,train,development,0.11
175,1i,150.0,5,3.1926,0,0.0,False,1,4.0233,2.02,2.02,scenario_left_turn_heavy,train,development,0.11
180,1i,150.0,5,0.9776,2,1.0,False,1,0.0,1.0,1.0,scenario_left_turn_heavy,train,development,0.11
185,1i,150.0,6,2.1073,5,24.72,False,1,0.0,1.0,1.0,scenario_left_turn_heavy,train,development,0.11
190,1i,150.0,6,0.8521,5,24.71,False,1,0.0,1.0,1.0,scenario_left_turn_heavy,train,development,0.11
195,1i,150.0,9,7.5002,6,28.75,False,1,0.0,1.0,1.0,scenario_left_turn_heavy,train,development,0.11
200,1i,150.0,9,3.7015,6,28.72,False,1,0.0,1.0,1.0,scenario_left_turn_heavy,train,development,0.11
205,1i,150.0,9,0.0168,7,41.43,False,1,0.0,1.0,1.0,scenario_left_turn_heavy,train,development,0.11
210,1i,150.0,9,0.0,9,41.43,False,1,0.0,1.0,1.0,scenario_left_turn_heavy,train,development,0.11
215,1i,150.0,10,1.8424,9,41.43,False,1,0.0,1.0,1.0,scenario_left_turn_heavy,train,development,0.11
220,1i,150.0,10,0.5364,9,41.43,False,1,0.0,1.0,1.0,scenario_left_turn_heavy,train,development,0.11
225,1i,150.0,11,2.1536,10,45.43,False,1,0.0,1.0,1.0,scenario_left_turn_heavy,train,development,0.11
230,1i,150.0,8,1.925,7,45.43,False,1,24.3843,383.47,383.47,scenario_left_turn_heavy,train,development,0.11
235,1i,150.0,8,1.6983,7,45.43,False,1,24.9378,262.66,262.66,scenario_left_turn_heavy,train,development,0.11
240,1i,150.0,9,3.598,7,45.43,False,1,23.2714,143.86,143.86,scenario_left_turn_heavy,train,development,0.11
245,1i,150.0,9,2.462,7,45.43,False,1,17.5472,36.01,36.01,scenario_left_turn_heavy,train,development,0.11
250,1i,150.0,9,1.7479,7,45.43,False,0,,,,scenario_left_turn_heavy,train,development,0.11
255,1i,150.0,10,2.468,8,52.43,False,0,,,,scenario_left_turn_heavy,train,development,0.11
260,1i,150.0,9,2.5262,6,66.47,False,0,,,,scenario_left_turn_heavy,train,development,0.11
265,1i,150.0,8,2.2381,2,66.47,False,0,,,,scenario_left_turn_heavy,train,development,0.11
270,1i,150.0,9,2.614,3,5.0,False,0,,,,scenario_left_turn_heavy,train,development,0.11
275,1i,150.0,9,0.8371,6,25.74,False,0,,,,scenario_left_turn_heavy,train,development,0.11
280,1i,150.0,9,0.0158,9,50.82,False,0,,,,scenario_left_turn_heavy,train,development,0.11
285,1i,150.0,10,2.1773,9,50.76,False,0,,,,scenario_left_turn_heavy,train,development,0.11
290,1i,150.0,12,3.5072,9,50.76,False,1,27.6317,455.67,455.67,scenario_left_turn_heavy,train,development,0.11
295,1i,150.0,12,0.8672,10,57.76,False,1,26.9298,320.35,320.35,scenario_left_turn_heavy,train,development,0.11
300,1i,150.0,12,0.0007,12,57.76,False,1,26.6152,186.13,186.13,scenario_left_turn_heavy,train,development,0.11
305,1i,150.0,13,1.0351,12,57.76,False,2,18.8292,92.91,383.39,scenario_left_turn_heavy,train,development,0.11
310,1i,150.0,13,0.0647,12,57.76,False,3,16.6874,64.82,408.47,scenario_left_turn_heavy,train,development,0.11
315,1i,150.0,14,1.5525,13,64.76,False,3,15.2612,64.76,287.77,scenario_left_turn_heavy,train,development,0.11
320,1i,150.0,11,1.7135,10,64.76,False,3,14.329,52.79,166.19,scenario_left_turn_heavy,train,development,0.11
325,1i,150.0,11,0.9694,10,64.76,False,2,5.3317,64.76,85.39,scenario_left_turn_heavy,train,development,0.11
330,1i,150.0,12,2.1657,11,68.77,False,2,0.0043,64.76,68.77,scenario_left_turn_heavy,train,development,0.11
335,1i,150.0,12,1.1064,11,68.76,False,2,0.0,64.76,68.76,scenario_left_turn_heavy,train,development,0.11
340,1i,150.0,12,1.5091,11,68.76,False,2,0.0,64.76,68.76,scenario_left_turn_heavy,train,development,0.11
345,1i,150.0,13,1.7387,11,68.76,False,2,0.0,64.76,68.76,scenario_left_turn_heavy,train,development,0.11
350,1i,150.0,12,1.5837,9,75.76,False,2,0.0,64.76,68.76,scenario_left_turn_heavy,train,development,0.11
355,1i,150.0,10,1.782,5,75.76,False,2,0.0,64.76,68.76,scenario_left_turn_heavy,train,development,0.11
360,1i,150.0,11,2.2902,4,75.39,False,2,1.2601,60.91,67.12,scenario_left_turn_heavy,train,development,0.11
365,1i,150.0,11,1.0724,5,26.13,False,3,11.2471,48.31,374.69,scenario_left_turn_heavy,train,development,0.11
370,1i,150.0,11,0.3674,9,48.16,False,3,9.1311,44.11,240.29,scenario_left_turn_heavy,train,development,0.11
375,1i,150.0,13,3.603,11,62.13,False,3,8.5034,44.05,108.57,scenario_left_turn_heavy,train,development,0.11
380,1i,150.0,14,2.4573,11,62.05,False,3,3.8393,23.02,48.05,scenario_left_turn_heavy,train,development,0.11
385,1i,150.0,14,0.5934,12,69.07,False,3,0.0708,1.02,48.05,scenario_left_turn_heavy,train,development,0.11
390,1i,150.0,14,0.0001,14,69.05,False,3,0.0,1.0,48.05,scenario_left_turn_heavy,train,development,0.11
395,1i,150.0,14,0.0,14,69.05,False,3,0.0,1.0,48.05,scenario_left_turn_heavy,train,development,0.11
400,1i,150.0,15,0.6585,14,69.05,False,3,0.0,1.0,48.05,scenario_left_turn_heavy,train,development,0.11
405,1i,150.0,15,0.3585,14,69.05,False,3,0.0,1.0,48.05,scenario_left_turn_heavy,train,development,0.11
410,1i,150.0,14,2.4738,11,69.05,False,2,0.0,44.05,48.05,scenario_left_turn_heavy,train,development,0.11
415,1i,150.0,13,0.4638,12,76.05,False,2,0.0,44.05,48.05,scenario_left_turn_heavy,train,development,0.11
420,1i,150.0,13,0.0014,13,90.09,False,2,0.0,44.05,48.05,scenario_left_turn_heavy,train,development,0.11
425,1i,150.0,14,1.2185,13,90.09,False,2,0.0,44.05,48.05,scenario_left_turn_heavy,train,development,0.11
430,1i,150.0,15,1.7071,13,90.09,False,2,0.0,44.05,48.05,scenario_left_turn_heavy,train,development,0.11
435,1i,150.0,15,0.2571,13,90.09,False,2,0.0,44.05,48.05,scenario_left_turn_heavy,train,development,0.11
440,1i,150.0,14,1.1086,13,94.09,False,2,0.0,44.05,48.05,scenario_left_turn_heavy,train,development,0.11
445,1i,150.0,14,1.0559,9,94.09,False,2,0.4486,43.12,47.9,scenario_left_turn_heavy,train,development,0.11
450,1i,150.0,15,1.0031,10,94.09,False,2,1.7679,34.64,42.14,scenario_left_turn_heavy,train,development,0.11
455,1i,150.0,15,0.515,10,97.23,False,2,0.0896,33.05,37.07,scenario_left_turn_heavy,train,development,0.11
460,1i,150.0,15,0.2818,11,58.17,False,2,0.0,33.05,37.05,scenario_left_turn_heavy,train,development,0.11
465,1i,150.0,15,0.0204,15,87.36,False,2,0.0,33.05,37.05,scenario_left_turn_heavy,train,development,0.11
470,1i,150.0,18,2.61,15,87.09,False,2,0.0,33.05,37.05,scenario_left_turn_heavy,train,development,0.11
475,1i,150.0,18,1.266,15,87.09,False,2,0.0,33.05,37.05,scenario_left_turn_heavy,train,development,0.11
480,1i,150.0,18,0.2169,17,91.11,False,2,0.0,33.05,37.05,scenario_left_turn_heavy,train,development,0.11
485,1i,150.0,19,0.5046,18,91.09,False,2,0.0,33.05,37.05,scenario_left_turn_heavy,train,development,0.11
490,1i,150.0,19,0.0069,19,103.87,False,3,8.8888,33.05,402.39,scenario_left_turn_heavy,train,development,0.11
495,1i,150.0,20,0.7466,19,103.81,False,3,8.8687,33.05,269.52,scenario_left_turn_heavy,train,development,0.11
500,1i,150.0,17,1.1742,15,103.81,False,3,6.0123,33.05,157.55,scenario_left_turn_heavy,train,development,0.11
505,1i,150.0,16,0.2523,15,103.81,False,3,1.3457,33.05,109.37,scenario_left_turn_heavy,train,development,0.11
510,1i,150.0,16,0.0,16,107.81,False,3,0.0002,33.05,107.81,scenario_left_turn_heavy,train,development,0.11
515,1i,150.0,17,0.9986,16,107.81,False,3,0.0,33.05,107.81,scenario_left_turn_heavy,train,development,0.11
520,1i,150.0,18,1.3435,16,107.81,False,3,0.0,33.05,107.81,scenario_left_turn_heavy,train,development,0.11
525,1i,150.0,19,1.189,16,107.81,False,3,0.0,33.05,107.81,scenario_left_turn_heavy,train,development,0.11
530,1i,150.0,18,1.0501,16,111.81,False,3,0.0,33.05,107.81,scenario_left_turn_heavy,train,development,0.11
535,1i,150.0,17,1.0996,13,111.81,False,3,1.3369,27.46,107.81,scenario_left_turn_heavy,train,development,0.11
540,1i,150.0,17,0.6796,12,111.81,False,3,0.5326,15.3,107.81,scenario_left_turn_heavy,train,development,0.11
545,1i,150.0,18,1.0777,12,111.77,False,4,7.0114,15.0,373.26,scenario_left_turn_heavy,train,development,0.11
550,1i,150.0,18,0.7638,10,47.07,False,4,6.9907,15.0,240.03,scenario_left_turn_heavy,train,development,0.11
555,1i,150.0,19,1.6005,14,73.47,False,4,6.3251,15.0,109.47,scenario_left_turn_heavy,train,development,0.11
560,1i,150.0,21,1.5253,16,89.82,False,4,2.4677,15.0,89.82,scenario_left_turn_heavy,train,development,0.11
565,1i,150.0,21,0.4104,20,110.57,False,4,0.1149,15.0,89.77,scenario_left_turn_heavy,train,development,0.11
570,1i,150.0,21,0.0001,21,110.48,False,4,0.0,15.0,89.76,scenario_left_turn_heavy,train,development,0.11
575,1i,150.0,22,0.4942,21,110.48,False,5,5.5208,15.0,373.37,scenario_left_turn_heavy,train,development,0.11
580,1i,150.0,22,0.0025,21,110.48,False,5,5.3219,15.0,240.44,scenario_left_turn_heavy,train,development,0.11
585,1i,150.0,23,0.7844,22,114.48,False,5,3.6082,15.0,141.53,scenario_left_turn_heavy,train,development,0.11
590,1i,150.0,20,0.9152,18,114.48,False,5,3.6608,8.23,89.76,scenario_left_turn_heavy,train,development,0.11
595,1i,150.0,19,0.1291,18,114.48,False,3,0.0,15.0,89.76,scenario_left_turn_heavy,train,development,0.11
600,1i,150.0,20,1.2608,19,121.48,False,3,0.0,15.0,89.76,scenario_left_turn_heavy,train,development,0.11
605,1i,150.0,20,0.6127,19,121.48,False,3,0.0,15.0,89.76,scenario_left_turn_heavy,train,development,0.11
610,1i,150.0,20,0.6422,19,121.48,False,3,0.0,15.0,89.76,scenario_left_turn_heavy,train,development,0.11
615,1i,150.0,20,0.0106,19,121.48,False,3,0.0,15.0,89.76,scenario_left_turn_heavy,train,development,0.11
620,1i,150.0,20,1.2184,17,125.48,False,3,0.6102,13.17,89.76,scenario_left_turn_heavy,train,development,0.11
625,1i,150.0,18,1.2876,13,125.48,False,2,1.0111,1.42,89.76,scenario_left_turn_heavy,train,development,0.11
630,1i,150.0,19,0.8409,13,125.48,False,2,0.0002,1.0,89.76,scenario_left_turn_heavy,train,development,0.11
635,1i,150.0,19,0.6761,12,132.49,False,2,1.0234,1.0,84.99,scenario_left_turn_heavy,train,development,0.11
640,1i,150.0,19,0.6105,12,132.2,False,2,1.1761,1.0,76.01,scenario_left_turn_heavy,train,development,0.11
645,1i,150.0,19,0.5297,13,76.17,False,2,0.0214,1.0,71.84,scenario_left_turn_heavy,train,development,0.11
650,1i,150.0,21,1.7612,15,92.57,False,2,0.0004,1.0,71.76,scenario_left_turn_heavy,train,development,0.11
655,1i,150.0,22,0.9335,19,114.72,False,2,0.0001,1.0,71.76,scenario_left_turn_heavy,train,development,0.11
660,1i,150.0,22,0.0765,21,114.48,False,2,0.0,1.0,71.76,scenario_left_turn_heavy,train,development,0.11
665,1i,150.0,23,0.3214,22,118.48,False,2,0.0,1.0,71.76,scenario_left_turn_heavy,train,development,0.11
670,1i,150.0,23,0.0048,23,132.54,False,2,0.0,1.0,71.76,scenario_left_turn_heavy,train,development,0.11
675,1i,150.0,23,0.0,23,132.52,False,2,0.0,1.0,71.76,scenario_left_turn_heavy,train,development,0.11
680,1i,150.0,21,0.7408,20,132.52,False,2,0.0,1.0,71.76,scenario_left_turn_heavy,train,development,0.11
685,1i,150.0,21,0.04,20,132.52,False,2,0.0,1.0,71.76,scenario_left_turn_heavy,train,development,0.11
690,1i,150.0,22,1.0705,21,136.52,False,2,0.0,1.0,71.76,scenario_left_turn_heavy,train,development,0.11
695,1i,150.0,22,0.7522,21,136.52,False,3,9.177,1.0,374.21,scenario_left_turn_heavy,train,development,0.11
700,1i,150.0,22,0.3807,21,136.52,False,3,8.2582,1.0,242.34,scenario_left_turn_heavy,train,development,0.11
705,1i,150.0,22,0.0004,22,140.52,False,3,5.2754,1.0,150.36,scenario_left_turn_heavy,train,development,0.11
710,1i,150.0,22,1.088,19,140.52,False,2,9.1112,66.1,71.76,scenario_left_turn_heavy,train,development,0.11
715,1i,150.0,20,0.9588,15,140.52,False,2,3.3927,5.57,71.76,scenario_left_turn_heavy,train,development,0.11
720,1i,150.0,21,0.8452,14,140.52,False,2,0.4824,1.0,70.0,scenario_left_turn_heavy,train,development,0.11
725,1i,150.0,21,0.6431,13,144.52,False,2,1.5699,1.0,59.36,scenario_left_turn_heavy,train,development,0.11
730,1i,150.0,21,0.6763,12,144.52,False,2,0.2644,1.0,51.64,scenario_left_turn_heavy,train,development,0.11
735,1i,150.0,22,1.837,12,142.9,False,2,0.004,1.0,50.76,scenario_left_turn_heavy,train,development,0.11
740,1i,150.0,23,1.649,14,82.6,False,2,0.0,1.0,50.76,scenario_left_turn_heavy,train,development,0.11
745,1i,150.0,24,0.8001,18,111.75,False,2,0.0,1.0,50.76,scenario_left_turn_heavy,train,development,0.11
750,1i,150.0,24,0.3402,22,123.62,False,2,0.0,1.0,50.76,scenario_left_turn_heavy,train,development,0.11
755,1i,150.0,25,0.3434,23,130.53,False,2,0.0,1.0,50.76,scenario_left_turn_heavy,train,development,0.11
760,1i,150.0,25,0.0001,25,143.23,False,2,0.0,1.0,50.76,scenario_left_turn_heavy,train,development,0.11
765,1i,150.0,25,0.0,25,143.23,False,2,0.0,1.0,50.76,scenario_left_turn_heavy,train,development,0.11
770,1i,150.0,23,0.6954,22,143.23,False,1,0.0,50.76,50.76,scenario_left_turn_heavy,train,development,0.11
775,1i,150.0,24,0.6179,22,143.23,False,1,0.0,50.76,50.76,scenario_left_turn_heavy,train,development,0.11
780,1i,150.0,24,1.0798,23,147.23,True,1,0.0,50.76,50.76,scenario_left_turn_heavy,train,development,0.11
785,1i,150.0,24,0.5494,23,147.23,True,1,0.0,50.76,50.76,scenario_left_turn_heavy,train,development,0.11
790,1i,150.0,23,0.0,23,147.23,True,1,0.0,50.76,50.76,scenario_left_turn_heavy,train,development,0.11
795,1i,150.0,23,0.0,23,147.23,True,1,0.0,50.76,50.76,scenario_left_turn_heavy,train,development,0.11
800,1i,150.0,23,0.7552,21,147.23,True,1,0.0,50.76,50.76,scenario_left_turn_heavy,train,development,0.11
805,1i,150.0,22,1.0239,17,147.23,True,1,0.0769,50.68,50.68,scenario_left_turn_heavy,train,development,0.11
810,1i,150.0,22,0.5793,16,147.23,True,1,2.0295,43.15,43.15,scenario_left_turn_heavy,train,development,0.11
815,1i,150.0,22,0.6185,15,147.23,True,2,14.6347,32.18,377.62,scenario_left_turn_heavy,train,development,0.11
820,1i,150.0,22,0.7616,15,147.23,True,2,13.513,29.72,244.38,scenario_left_turn_heavy,train,development,0.11
825,1i,150.0,23,1.6715,14,146.63,True,2,12.7677,29.72,111.82,scenario_left_turn_heavy,train,development,0.11
830,1i,150.0,24,1.7179,14,72.63,False,2,6.131,25.42,29.72,scenario_left_turn_heavy,train,development,0.11
835,1i,150.0,26,0.9001,18,99.13,False,2,0.2437,1.07,29.72,scenario_left_turn_heavy,train,development,0.11
840,1i,150.0,26,0.4069,22,122.79,False,2,0.0008,1.0,29.72,scenario_left_turn_heavy,train,development,0.11
845,1i,150.0,27,0.031,27,145.01,True,2,0.0,1.0,29.72,scenario_left_turn_heavy,train,development,0.11
850,1i,150.0,27,0.0032,27,144.24,False,2,0.0,1.0,29.72,scenario_left_turn_heavy,train,development,0.11
855,1i,150.0,27,0.0,27,144.2,False,2,0.0,1.0,29.72,scenario_left_turn_heavy,train,development,0.11
860,1i,150.0,25,0.5723,24,144.19,False,1,0.0,29.72,29.72,scenario_left_turn_heavy,train,development,0.11
865,1i,150.0,24,0.0,24,144.19,False,1,0.0,29.72,29.72,scenario_left_turn_heavy,train,development,0.11
870,1i,150.0,25,1.0767,24,144.19,False,1,0.0,29.72,29.72,scenario_left_turn_heavy,train,development,0.11
875,1i,150.0,25,0.5167,24,144.19,False,1,0.0,29.72,29.72,scenario_left_turn_heavy,train,development,0.11
880,1i,150.0,24,0.0,24,144.19,False,1,0.0,29.72,29.72,scenario_left_turn_heavy,train,development,0.11
885,1i,150.0,24,0.0,24,144.19,False,1,0.0,29.72,29.72,scenario_left_turn_heavy,train,development,0.11
890,1i,150.0,24,0.8036,21,144.19,False,1,0.0,29.72,29.72,scenario_left_turn_heavy,train,development,0.11
895,1i,150.0,22,0.8602,18,144.19,False,1,3.5135,24.73,24.73,scenario_left_turn_heavy,train,development,0.11
900,1i,150.0,22,0.368,19,144.19,False,1,0.0942,17.74,17.74,scenario_left_turn_heavy,train,development,0.11
905,1i,150.0,22,0.3878,18,144.19,False,1,0.0002,17.71,17.71,scenario_left_turn_heavy,train,development,0.11
910,1i,150.0,22,0.3529,17,144.19,False,1,0.0,17.71,17.71,scenario_left_turn_heavy,train,development,0.11
915,1i,150.0,22,0.4127,16,143.81,False,1,0.0,17.71,17.71,scenario_left_turn_heavy,train,development,0.11
920,1i,150.0,25,1.6344,18,111.64,False,1,0.0,17.71,17.71,scenario_left_turn_heavy,train,development,0.11
925,1i,150.0,25,1.0609,22,134.51,False,1,0.0,17.71,17.71,scenario_left_turn_heavy,train,development,0.11
930,1i,150.0,25,0.0448,24,139.66,False,1,0.0,17.71,17.71,scenario_left_turn_heavy,train,development,0.11
935,1i,150.0,25,0.0005,25,139.2,False,1,0.0,17.71,17.71,scenario_left_turn_heavy,train,development,0.11
940,1i,150.0,25,0.0,25,139.19,False,1,0.0,17.71,17.71,scenario_left_turn_heavy,train,development,0.11
945,1i,150.0,25,0.0,25,139.19,False,1,0.0,17.71,17.71,scenario_left_turn_heavy,train,development,0.11
950,1i,150.0,23,0.7072,22,139.19,False,1,0.0,17.71,17.71,scenario_left_turn_heavy,train,development,0.11
955,1i,150.0,23,0.7139,22,139.19,False,1,0.0,17.71,17.71,scenario_left_turn_heavy,train,development,0.11
960,1i,150.0,23,1.0154,22,139.19,False,1,0.0,17.71,17.71,scenario_left_turn_heavy,train,development,0.11
965,1i,150.0,23,0.7709,22,139.19,False,1,0.0,17.71,17.71,scenario_left_turn_heavy,train,development,0.11
970,1i,150.0,22,0.0,22,139.19,False,1,0.0,17.71,17.71,scenario_left_turn_heavy,train,development,0.11
975,1i,150.0,22,0.0,22,139.19,False,1,0.0,17.71,17.71,scenario_left_turn_heavy,train,development,0.11
980,1i,150.0,22,1.0457,19,139.19,False,1,1.4747,16.24,16.24,scenario_left_turn_heavy,train,development,0.11
985,1i,150.0,21,1.1839,15,139.19,False,1,1.794,1.56,1.56,scenario_left_turn_heavy,train,development,0.11
990,1i,150.0,21,0.7323,14,139.19,False,1,0.0017,1.0,1.0,scenario_left_turn_heavy,train,development,0.11
995,1i,150.0,21,0.525,14,139.19,False,1,0.0,1.0,1.0,scenario_left_turn_heavy,train,development,0.11
1000,1i,150.0,21,0.5329,13,139.17,False,1,0.0001,1.0,1.0,scenario_left_turn_heavy,train,development,0.11
1005,1i,150.0,21,0.483,14,74.39,False,1,0.0,1.0,1.0,scenario_left_turn_heavy,train,development,0.11
1010,1i,150.0,24,1.8637,16,93.62,False,1,0.0,1.0,1.0,scenario_left_turn_heavy,train,development,0.11
1015,1i,150.0,25,1.1523,21,123.6,False,1,0.0,1.0,1.0,scenario_left_turn_heavy,train,development,0.11
1020,1i,150.0,26,0.046,24,148.1,True,1,0.0,1.0,1.0,scenario_left_turn_heavy,train,development,0.11
1025,1i,150.0,26,0.001,26,147.53,True,1,0.0,1.0,1.0,scenario_left_turn_heavy,train,development,0.11
1030,1i,150.0,26,0.0,26,147.52,True,1,0.0,1.0,1.0,scenario_left_turn_heavy,train,development,0.11
1035,1i,150.0,26,0.0,26,147.52,True,1,0.0,1.0,1.0,scenario_left_turn_heavy,train,development,0.11
1040,1i,150.0,24,0.6833,23,147.52,True,1,0.0,1.0,1.0,scenario_left_turn_heavy,train,development,0.11
1045,1i,150.0,24,0.591,23,147.52,True,1,0.0,1.0,1.0,scenario_left_turn_heavy,train,development,0.11
1050,1i,150.0,24,1.0313,23,147.52,True,1,0.0,1.0,1.0,scenario_left_turn_heavy,train,development,0.11
1055,1i,150.0,24,0.7486,23,147.52,True,1,0.0,1.0,1.0,scenario_left_turn_heavy,train,development,0.11
1060,1i,150.0,23,0.0,23,147.52,True,1,0.0,1.0,1.0,scenario_left_turn_heavy,train,development,0.11
1065,1i,150.0,23,0.0,23,147.52,True,1,0.0,1.0,1.0,scenario_left_turn_heavy,train,development,0.11
1070,1i,150.0,22,0.8427,20,147.52,True,0,,,,scenario_left_turn_heavy,train,development,0.11
1075,1i,150.0,21,1.2318,16,147.52,True,0,,,,scenario_left_turn_heavy,train,development,0.11
1080,1i,150.0,21,0.6481,14,147.52,True,0,,,,scenario_left_turn_heavy,train,development,0.11
1085,1i,150.0,21,0.6407,14,147.52,True,0,,,,scenario_left_turn_heavy,train,development,0.11
1090,1i,150.0,21,0.7073,12,147.52,True,0,,,,scenario_left_turn_heavy,train,development,0.11
1095,1i,150.0,21,0.7157,14,146.1,True,0,,,,scenario_left_turn_heavy,train,development,0.11
1100,1i,150.0,24,1.9069,16,146.69,True,0,,,,scenario_left_turn_heavy,train,development,0.11
1105,1i,150.0,25,1.4457,18,102.25,False,0,,,,scenario_left_turn_heavy,train,development,0.11
1110,1i,150.0,26,0.2748,21,127.26,False,0,,,,scenario_left_turn_heavy,train,development,0.11
1115,1i,150.0,26,0.0243,26,145.0,False,0,,,,scenario_left_turn_heavy,train,development,0.11
1120,1i,150.0,26,0.0001,26,144.82,False,0,,,,scenario_left_turn_heavy,train,development,0.11
1125,1i,150.0,26,0.0,26,144.81,False,0,,,,scenario_left_turn_heavy,train,development,0.11
1130,1i,150.0,24,0.7431,23,144.81,False,0,,,,scenario_left_turn_heavy,train,development,0.11
1135,1i,150.0,24,0.6179,23,144.81,False,0,,,,scenario_left_turn_heavy,train,development,0.11
1140,1i,150.0,24,1.052,23,144.81,False,0,,,,scenario_left_turn_heavy,train,development,0.11
1145,1i,150.0,24,0.6658,23,144.81,False,1,27.0299,374.76,374.76,scenario_left_turn_heavy,train,development,0.11
1150,1i,150.0,23,0.0,23,144.81,False,1,14.6747,273.38,273.38,scenario_left_turn_heavy,train,development,0.11
1155,1i,150.0,23,0.0,23,144.81,False,1,15.7152,195.01,195.01,scenario_left_turn_heavy,train,development,0.11
1160,1i,150.0,22,0.8924,20,144.81,False,1,17.928,109.41,109.41,scenario_left_turn_heavy,train,development,0.11
1165,1i,150.0,21,1.0506,16,144.81,False,1,13.9632,31.44,31.44,scenario_left_turn_heavy,train,development,0.11
1170,1i,150.0,21,0.5528,14,144.81,False,1,0.21,1.0,1.0,scenario_left_turn_heavy,train,development,0.11
1175,1i,150.0,21,0.5255,15,144.81,False,2,13.4762,1.0,376.11,scenario_left_turn_heavy,train,development,0.11
1180,1i,150.0,21,0.5278,15,144.81,False,2,7.2819,1.0,276.1,scenario_left_turn_heavy,train,development,0.11
1185,1i,150.0,21,0.4792,14,143.44,False,2,0.5864,1.0,243.34,scenario_left_turn_heavy,train,development,0.11
1190,1i,150.0,24,1.6343,17,105.34,False,2,0.0,1.0,243.33,scenario_left_turn_heavy,train,development,0.11
1195,1i,150.0,24,0.8752,21,130.69,False,2,0.0025,1.0,243.32,scenario_left_turn_heavy,train,development,0.11
1200,1i,150.0,24,0.09,23,136.93,False,2,0.181,1.0,242.62,scenario_left_turn_heavy,train,development,0.11
1205,1i,150.0,24,0.0002,24,136.81,False,2,0.6298,1.0,238.54,scenario_left_turn_heavy,train,development,0.11
1210,1i,150.0,24,0.0,24,136.81,False,2,0.8963,1.0,232.86,scenario_left_turn_heavy,train,development,0.11
1215,1i,150.0,24,0.0,24,136.81,False,2,0.2341,1.0,228.95,scenario_left_turn_heavy,train,development,0.11
1220,1i,150.0,22,0.7001,21,136.81,False,1,0.0201,228.36,228.36,scenario_left_turn_heavy,train,development,0.11
1225,1i,150.0,22,0.7887,21,136.81,False,1,0.0021,228.33,228.33,scenario_left_turn_heavy,train,development,0.11
1230,1i,150.0,21,0.0,21,136.81,False,1,0.0,228.32,228.32,scenario_left_turn_heavy,train,development,0.11
1235,1i,150.0,22,0.7696,21,136.81,False,1,0.0,228.32,228.32,scenario_left_turn_heavy,train,development,0.11
1240,1i,150.0,22,0.5671,21,136.81,False,1,0.0,228.32,228.32,scenario_left_turn_heavy,train,development,0.11
1245,1i,150.0,22,0.105,21,136.81,False,1,0.0,228.32,228.32,scenario_left_turn_heavy,train,development,0.11
1250,1i,150.0,22,1.0854,20,136.81,False,1,0.0,228.32,228.32,scenario_left_turn_heavy,train,development,0.11
1255,1i,150.0,21,1.0582,15,136.81,False,1,0.0,228.32,228.32,scenario_left_turn_heavy,train,development,0.11
1260,1i,150.0,21,0.4279,16,136.81,False,1,0.0,228.32,228.32,scenario_left_turn_heavy,train,development,0.11
1265,1i,150.0,21,0.345,16,136.81,False,2,11.8604,228.32,384.52,scenario_left_turn_heavy,train,development,0.11
1270,1i,150.0,21,0.4283,15,136.6,False,2,8.1169,228.32,279.16,scenario_left_turn_heavy,train,development,0.11
1275,1i,150.0,23,1.3193,17,132.79,False,2,9.7936,192.39,228.32,scenario_left_turn_heavy,train,development,0.11
1280,1i,150.0,25,1.2172,20,119.25,False,2,7.9304,114.93,228.32,scenario_left_turn_heavy,train,development,0.11
1285,1i,150.0,26,0.5377,25,148.78,True,2,6.5584,36.72,228.08,scenario_left_turn_heavy,train,development,0.11
1290,1i,150.0,26,0.024,25,147.94,True,2,0.6721,8.07,225.41,scenario_left_turn_heavy,train,development,0.11
1295,1i,150.0,26,0.0001,26,147.85,True,2,0.7863,8.0,219.89,scenario_left_turn_heavy,train,development,0.11
1300,1i,150.0,26,0.0,26,147.85,True,3,9.214,8.0,401.93,scenario_left_turn_heavy,train,development,0.11
1305,1i,150.0,26,0.0,26,147.85,True,3,5.1076,8.0,298.93,scenario_left_turn_heavy,train,development,0.11
1310,1i,150.0,24,0.8149,22,147.85,True,3,9.1832,217.32,382.98,scenario_left_turn_heavy,train,development,0.11
1315,1i,150.0,23,0.6824,22,147.85,True,3,8.2381,217.32,260.78,scenario_left_turn_heavy,train,development,0.11
1320,1i,150.0,23,1.0575,22,147.85,True,3,8.1088,140.52,260.04,scenario_left_turn_heavy,train,development,0.11
1325,1i,150.0,23,0.7157,22,147.85,True,3,5.4871,35.0,260.04,scenario_left_turn_heavy,train,development,0.11
1330,1i,150.0,22,0.0,22,147.85,True,2,0.0,217.32,260.04,scenario_left_turn_heavy,train,development,0.11
1335,1i,150.0,22,0.0,22,147.85,True,2,0.0,217.32,260.04,scenario_left_turn_heavy,train,development,0.11
1340,1i,150.0,22,0.9133,20,147.85,True,2,0.0,217.32,260.04,scenario_left_turn_heavy,train,development,0.11
1345,1i,150.0,22,1.1048,16,147.85,True,2,0.0,217.32,260.04,scenario_left_turn_heavy,train,development,0.11
1350,1i,150.0,22,0.5162,17,147.85,True,2,0.0,217.32,260.04,scenario_left_turn_heavy,train,development,0.11
1355,1i,150.0,22,0.5119,16,147.85,True,2,0.0,217.32,260.04,scenario_left_turn_heavy,train,development,0.11
1360,1i,150.0,22,0.4794,15,147.82,True,2,0.0,217.32,260.04,scenario_left_turn_heavy,train,development,0.11
1365,1i,150.0,23,1.5257,16,146.33,True,2,0.0,217.32,260.04,scenario_left_turn_heavy,train,development,0.11
1370,1i,150.0,25,1.3598,18,105.75,False,2,0.0053,217.31,260.04,scenario_left_turn_heavy,train,development,0.11
1375,1i,150.0,26,0.7542,21,130.53,False,2,0.0459,216.56,260.04,scenario_left_turn_heavy,train,development,0.11
1380,1i,150.0,26,0.184,25,145.3,True,2,0.2246,213.65,259.92,scenario_left_turn_heavy,train,development,0.11
1385,1i,150.0,27,0.0016,27,148.83,True,3,8.6274,208.41,384.82,scenario_left_turn_heavy,train,development,0.11
1390,1i,150.0,27,0.0,27,148.82,True,3,5.6532,203.78,294.23,scenario_left_turn_heavy,train,development,0.11
1395,1i,150.0,27,0.0,27,148.82,True,3,5.9822,203.29,251.22,scenario_left_turn_heavy,train,development,0.11
1400,1i,150.0,25,0.7737,24,148.82,True,3,6.5625,132.91,246.79,scenario_left_turn_heavy,train,development,0.11
1405,1i,150.0,25,0.7056,24,148.82,True,3,5.8978,47.3,246.05,scenario_left_turn_heavy,train,development,0.11
1410,1i,150.0,25,1.0465,24,148.82,True,2,0.0006,203.28,246.0,scenario_left_turn_heavy,train,development,0.11
1415,1i,150.0,25,0.5233,24,148.82,True,2,0.0,203.28,246.0,scenario_left_turn_heavy,train,development,0.11
1420,1i,150.0,24,0.0,24,148.82,True,2,0.0,203.28,246.0,scenario_left_turn_heavy,train,development,0.11
1425,1i,150.0,24,0.0,24,148.82,True,2,0.0001,203.28,246.0,scenario_left_turn_heavy,train,development,0.11
1430,1i,150.0,23,0.6774,22,148.82,True,2,0.0,203.28,246.0,scenario_left_turn_heavy,train,development,0.11
1435,1i,150.0,22,1.0041,18,148.82,True,2,0.0,203.28,246.0,scenario_left_turn_heavy,train,development,0.11
1440,1i,150.0,22,0.4703,16,148.82,True,2,0.0,203.28,246.0,scenario_left_turn_heavy,train,development,0.11
1445,1i,150.0,22,0.3464,18,148.82,True,3,7.6292,203.28,380.43,scenario_left_turn_heavy,train,development,0.11
1450,1i,150.0,22,0.3995,16,148.82,True,3,6.5226,203.28,292.38,scenario_left_turn_heavy,train,development,0.11
1455,1i,150.0,23,1.4103,16,148.38,True,3,5.8492,203.28,246.0,scenario_left_turn_heavy,train,development,0.11
1460,1i,150.0,24,1.5468,17,114.8,False,3,4.8879,135.02,246.0,scenario_left_turn_heavy,train,development,0.11
1465,1i,150.0,24,0.9411,21,134.21,False,3,5.9661,54.54,246.0,scenario_left_turn_heavy,train,development,0.11
1470,1i,150.0,24,0.211,23,136.87,False,3,1.9009,8.14,245.83,scenario_left_turn_heavy,train,development,0.11
1475,1i,150.0,24,0.0003,24,136.81,False,3,0.5929,5.01,243.23,scenario_left_turn_heavy,train,development,0.11
1480,1i,150.0,24,0.0,24,136.81,False,3,0.2297,5.0,239.24,scenario_left_turn_heavy,train,development,0.11
1485,1i,150.0,24,0.0,24,136.81,False,3,0.0711,5.0,234.78,scenario_left_turn_heavy,train,development,0.11
1490,1i,150.0,22,0.7351,21,136.81,False,2,0.0323,191.28,234.04,scenario_left_turn_heavy,train,development,0.11
1495,1i,150.0,22,0.8602,21,136.81,False,2,0.0011,191.28,234.0,scenario_left_turn_heavy,train,development,0.11
1500,1i,150.0,22,1.1029,21,136.81,False,2,0.0,191.28,234.0,scenario_left_turn_heavy,train,development,0.11
1505,1i,150.0,22,0.7631,21,136.81,False,2,0.0,191.28,234.0,scenario_left_turn_heavy,train,development,0.11
1510,1i,150.0,21,0.0,21,136.81,False,2,0.0001,191.28,234.0,scenario_left_turn_heavy,train,development,0.11
1515,1i,150.0,21,0.0,21,136.81,False,2,0.0,191.28,234.0,scenario_left_turn_heavy,train,development,0.11
1520,1i,150.0,21,0.9877,18,136.81,False,2,0.0,191.28,234.0,scenario_left_turn_heavy,train,development,0.11
1525,1i,150.0,20,1.473,15,136.81,False,2,0.0,191.28,233.99,scenario_left_turn_heavy,train,development,0.11
1530,1i,150.0,20,0.8426,14,136.81,False,2,0.0,191.28,233.99,scenario_left_turn_heavy,train,development,0.11
1535,1i,150.0,20,0.6575,13,136.81,False,2,0.0,191.28,233.99,scenario_left_turn_heavy,train,development,0.11
1540,1i,150.0,20,0.7581,14,136.75,False,2,0.0,191.28,233.99,scenario_left_turn_heavy,train,development,0.11
1545,1i,150.0,22,1.6212,15,149.38,True,2,0.001,191.28,233.99,scenario_left_turn_heavy,train,development,0.11
1550,1i,150.0,24,1.6687,16,98.89,False,2,0.1824,190.41,233.99,scenario_left_turn_heavy,train,development,0.11
1555,1i,150.0,24,0.8713,19,113.76,False,2,1.0068,185.72,233.94,scenario_left_turn_heavy,train,development,0.11
1560,1i,150.0,25,0.1239,22,131.29,False,2,0.7943,178.53,232.31,scenario_left_turn_heavy,train,development,0.11
1565,1i,150.0,25,0.0018,25,147.89,True,2,0.8172,172.35,227.94,scenario_left_turn_heavy,train,development,0.11
1570,1i,150.0,26,0.6372,25,147.85,True,2,1.1055,171.59,220.22,scenario_left_turn_heavy,train,development,0.11
1575,1i,150.0,28,1.7195,25,147.85,True,2,0.4729,171.57,215.09,scenario_left_turn_heavy,train,development,0.11
1580,1i,150.0,26,1.4596,22,147.85,True,2,0.0287,171.57,214.36,scenario_left_turn_heavy,train,development,0.11
1585,1i,150.0,26,0.6748,23,147.85,True,2,0.0001,171.57,214.28,scenario_left_turn_heavy,train,development,0.11
1590,1i,150.0,27,1.028,23,147.85,True,2,0.0,171.57,214.28,scenario_left_turn_heavy,train,development,0.11
1595,1i,150.0,27,0.5298,26,147.85,True,2,0.0,171.57,214.28,scenario_left_turn_heavy,train,development,0.11
1600,1i,150.0,26,0.0,26,147.85,True,2,0.0,171.57,214.28,scenario_left_turn_heavy,train,development,0.11
1605,1i,150.0,26,0.0,26,147.85,True,2,0.0,171.57,214.28,scenario_left_turn_heavy,train,development,0.11
1610,1i,150.0,25,0.9005,22,147.85,True,2,0.0,171.57,214.28,scenario_left_turn_heavy,train,development,0.11
1615,1i,150.0,24,0.7002,20,147.85,True,2,0.0,171.57,214.28,scenario_left_turn_heavy,train,development,0.11
1620,1i,150.0,24,0.4404,20,147.85,True,2,0.0,171.57,214.28,scenario_left_turn_heavy,train,development,0.11
1625,1i,150.0,24,0.0894,24,147.85,True,2,0.0,171.57,214.28,scenario_left_turn_heavy,train,development,0.11
1630,1i,150.0,24,0.0909,24,147.85,True,2,0.0,171.57,214.28,scenario_left_turn_heavy,train,development,0.11
1635,1i,150.0,25,1.0706,24,147.83,True,2,0.0,171.57,214.28,scenario_left_turn_heavy,train,development,0.11
1640,1i,150.0,26,1.1637,24,146.7,True,2,0.0179,171.5,214.28,scenario_left_turn_heavy,train,development,0.11
1645,1i,150.0,26,0.5429,24,145.25,True,2,0.1486,170.28,214.28,scenario_left_turn_heavy,train,development,0.11
1650,1i,150.0,26,0.0715,25,144.87,False,2,0.1295,168.95,214.0,scenario_left_turn_heavy,train,development,0.11
1655,1i,150.0,26,0.0001,26,144.85,False,2,0.1642,168.58,212.8,scenario_left_turn_heavy,train,development,0.11
1660,1i,150.0,26,0.0,26,144.85,False,2,0.0692,168.57,211.67,scenario_left_turn_heavy,train,development,0.11
1665,1i,150.0,26,0.0,26,144.85,False,2,0.004,168.57,211.31,scenario_left_turn_heavy,train,development,0.11
1670,1i,150.0,24,0.8778,22,144.85,False,2,0.0008,168.57,211.28,scenario_left_turn_heavy,train,development,0.11
1675,1i,150.0,23,0.7947,22,144.85,False,2,0.0,168.57,211.28,scenario_left_turn_heavy,train,development,0.11
1680,1i,150.0,23,1.1935,22,144.85,False,2,0.0,168.57,211.28,scenario_left_turn_heavy,train,development,0.11
1685,1i,150.0,23,0.5848,22,144.85,False,2,0.0,168.57,211.28,scenario_left_turn_heavy,train,development,0.11
1690,1i,150.0,22,0.0,22,144.85,False,2,0.0,168.57,211.28,scenario_left_turn_heavy,train,development,0.11
1695,1i,150.0,22,0.0,22,144.85,False,2,0.0,168.57,211.28,scenario_left_turn_heavy,train,development,0.11
1700,1i,150.0,21,1.0122,19,144.85,False,2,0.0,168.57,211.28,scenario_left_turn_heavy,train,development,0.11
1705,1i,150.0,20,1.213,15,144.85,False,2,0.0,168.57,211.28,scenario_left_turn_heavy,train,development,0.11
1710,1i,150.0,20,0.7633,13,144.85,False,2,0.0,168.57,211.28,scenario_left_turn_heavy,train,development,0.11
1715,1i,150.0,20,0.4822,14,144.85,False,2,0.0,168.57,211.28,scenario_left_turn_heavy,train,development,0.11
1720,1i,150.0,20,0.5427,13,144.81,False,2,0.0,168.57,211.28,scenario_left_turn_heavy,train,development,0.11
1725,1i,150.0,21,1.6347,13,142.14,False,2,0.1378,168.19,211.28,scenario_left_turn_heavy,train,development,0.11
1730,1i,150.0,22,1.5493,16,95.63,False,2,0.6061,164.4,211.28,scenario_left_turn_heavy,train,development,0.11
1735,1i,150.0,23,0.83,20,130.68,False,2,0.5215,159.25,210.66,scenario_left_turn_heavy,train,development,0.11
1740,1i,150.0,24,0.159,23,149.92,True,2,0.3629,154.35,207.26,scenario_left_turn_heavy,train,development,0.11
1745,1i,150.0,24,0.0007,24,149.56,True,2,0.6069,153.58,201.25,scenario_left_turn_heavy,train,development,0.11
1750,1i,150.0,24,0.0,24,149.56,True,2,0.1187,153.56,196.89,scenario_left_turn_heavy,train,development,0.11
1755,1i,150.0,26,1.408,24,149.56,True,2,0.0085,153.56,196.3,scenario_left_turn_heavy,train,development,0.11
1760,1i,150.0,24,1.7356,21,149.56,True,2,0.0001,153.56,196.28,scenario_left_turn_heavy,train,development,0.11
1765,1i,150.0,24,0.63,21,149.56,True,2,0.0,153.56,196.28,scenario_left_turn_heavy,train,development,0.11
1770,1i,150.0,25,1.0468,23,149.56,True,2,0.0,153.56,196.28,scenario_left_turn_heavy,train,development,0.11
1775,1i,150.0,25,0.5924,24,149.56,True,2,0.0,153.56,196.28,scenario_left_turn_heavy,train,development,0.11
1780,1i,150.0,24,0.0,24,149.56,True,2,0.0,153.56,196.28,scenario_left_turn_heavy,train,development,0.11
1785,1i,150.0,24,0.0,24,149.56,True,2,0.0,153.56,196.28,scenario_left_turn_heavy,train,development,0.11
1790,1i,150.0,22,0.0545,20,149.56,True,2,0.0,153.56,196.28,scenario_left_turn_heavy,train,development,0.11
1795,1i,150.0,22,0.9899,18,149.56,True,2,0.0,153.56,196.28,scenario_left_turn_heavy,train,development,0.11
1800,1i,150.0,22,0.679,17,149.56,True,2,0.0,153.56,196.28,scenario_left_turn_heavy,train,development,0.11
1805,1i,150.0,22,0.2885,18,149.56,True,2,0.0,153.56,196.28,scenario_left_turn_heavy,train,development,0.11
1810,1i,150.0,22,0.2558,19,149.39,True,2,0.0135,153.53,196.28,scenario_left_turn_heavy,train,development,0.11
1815,1i,150.0,23,1.2327,20,147.46,True,2,0.1487,152.41,196.28,scenario_left_turn_heavy,train,development,0.11
1820,1i,150.0,25,1.199,22,143.82,False,3,8.0181,148.28,456.53,scenario_left_turn_heavy,train,development,0.11
1825,1i,150.0,25,0.8023,23,146.78,True,3,3.888,146.78,375.05,scenario_left_turn_heavy,train,development,0.11
1830,1i,150.0,25,0.1635,24,146.57,True,3,0.1451,146.57,354.1,scenario_left_turn_heavy,train,development,0.11
1835,1i,150.0,25,0.0008,25,146.56,True,3,0.0214,146.56,354.09,scenario_left_turn_heavy,train,development,0.11
1840,1i,150.0,25,0.0,25,146.56,True,3,0.006,146.56,354.09,scenario_left_turn_heavy,train,development,0.11
1845,1i,150.0,25,0.0,25,146.56,True,3,0.0009,146.56,354.09,scenario_left_turn_heavy,train,development,0.11
1850,1i,150.0,23,0.9376,21,146.56,True,4,6.9378,146.56,375.32,scenario_left_turn_heavy,train,development,0.11
1855,1i,150.0,22,0.7354,21,146.56,True,5,10.4737,146.56,483.3,scenario_left_turn_heavy,train,development,0.11
1860,1i,150.0,22,1.2128,21,146.56,True,5,8.1422,105.63,391.09,scenario_left_turn_heavy,train,development,0.11
1865,1i,150.0,22,0.5789,21,146.56,True,5,2.9295,13.96,360.3,scenario_left_turn_heavy,train,development,0.11
1870,1i,150.0,21,0.0,21,146.56,True,4,0.0471,146.56,358.56,scenario_left_turn_heavy,train,development,0.11
1875,1i,150.0,21,0.0,21,146.56,True,4,0.0098,146.56,358.19,scenario_left_turn_heavy,train,development,0.11
1880,1i,150.0,20,0.0535,20,146.56,True,4,0.0016,146.56,358.11,scenario_left_turn_heavy,train,development,0.11
1885,1i,150.0,21,1.4093,16,146.56,True,4,0.0001,146.56,358.1,scenario_left_turn_heavy,train,development,0.11
1890,1i,150.0,21,0.8149,16,146.56,True,4,0.0,146.56,358.1,scenario_left_turn_heavy,train,development,0.11
1895,1i,150.0,21,0.4647,16,146.56,True,5,3.2523,146.56,402.82,scenario_left_turn_heavy,train,development,0.11
1900,1i,150.0,21,0.429,16,146.46,True,5,3.4795,146.46,358.1,scenario_left_turn_heavy,train,development,0.11
1905,1i,150.0,23,1.4863,15,149.33,True,5,3.3782,144.52,358.1,scenario_left_turn_heavy,train,development,0.11
1910,1i,150.0,23,0.8426,17,144.94,False,6,6.5968,138.55,461.24,scenario_left_turn_heavy,train,development,0.11
1915,1i,150.0,24,0.608,20,128.72,False,6,3.8006,84.39,388.41,scenario_left_turn_heavy,train,development,0.11
1920,1i,150.0,25,0.2981,24,149.36,True,6,1.484,39.32,373.11,scenario_left_turn_heavy,train,development,0.11
1925,1i,150.0,25,0.1103,24,149.24,True,7,2.9935,16.59,394.72,scenario_left_turn_heavy,train,development,0.11
1930,1i,150.0,25,0.0001,25,149.23,True,7,2.2639,13.71,373.1,scenario_left_turn_heavy,train,development,0.11
1935,1i,150.0,25,0.0,25,149.23,True,7,2.5405,13.71,373.1,scenario_left_turn_heavy,train,development,0.11
1940,1i,150.0,24,0.9449,22,149.23,True,8,6.2783,5.92,373.73,scenario_left_turn_heavy,train,development,0.11
1945,1i,150.0,23,0.7154,22,149.23,True,7,6.2588,56.2,372.91,scenario_left_turn_heavy,train,development,0.11
1950,1i,150.0,23,1.1455,22,149.23,True,6,4.6288,107.67,372.15,scenario_left_turn_heavy,train,development,0.11
1955,1i,150.0,23,0.5533,22,149.23,True,6,2.5174,16.09,368.64,scenario_left_turn_heavy,train,development,0.11
1960,1i,150.0,22,0.0,22,149.23,True,5,0.4037,132.52,365.0,scenario_left_turn_heavy,train,development,0.11
1965,1i,150.0,22,0.0,22,149.23,True,5,0.1235,132.52,360.2,scenario_left_turn_heavy,train,development,0.11
1970,1i,150.0,21,0.8879,19,149.23,True,5,0.0166,132.52,359.18,scenario_left_turn_heavy,train,development,0.11
1975,1i,150.0,20,1.2289,16,149.23,True,5,0.0026,132.52,359.08,scenario_left_turn_heavy,train,development,0.11
1980,1i,150.0,20,0.792,15,149.23,True,5,0.0001,132.52,359.06,scenario_left_turn_heavy,train,development,0.11
1985,1i,150.0,20,0.5178,15,149.23,True,6,4.616,132.52,377.04,scenario_left_turn_heavy,train,development,0.11
1990,1i,150.0,20,0.5128,14,149.2,True,6,4.4049,132.06,359.06,scenario_left_turn_heavy,train,development,0.11
1995,1i,150.0,21,1.7613,13,147.37,True,6,4.5303,110.49,359.06,scenario_left_turn_heavy,train,development,0.11
2000,1i,150.0,21,0.8548,17,114.29,False,7,5.1439,24.73,461.27,scenario_left_turn_heavy,train,development,0.11
2005,1i,150.0,24,0.6863,19,121.82,False,7,1.3382,1.04,393.14,scenario_left_turn_heavy,train,development,0.11
2010,1i,150.0,25,0.3346,24,149.82,True,7,0.2491,1.0,382.1,scenario_left_turn_heavy,train,development,0.11
2015,1i,150.0,25,0.1304,24,149.24,True,7,0.0129,1.0,382.06,scenario_left_turn_heavy,train,development,0.11
2020,1i,150.0,25,0.0013,25,149.23,True,7,1.3674,1.0,382.06,scenario_left_turn_heavy,train,development,0.11
2025,1i,150.0,25,0.0,25,149.23,True,7,4.908,1.0,379.43,scenario_left_turn_heavy,train,development,0.11
2030,1i,150.0,24,1.5009,22,149.23,True,6,5.787,117.52,373.67,scenario_left_turn_heavy,train,development,0.11
2035,1i,150.0,27,2.6429,22,149.23,True,6,5.5905,112.69,366.18,scenario_left_turn_heavy,train,development,0.11
2040,1i,150.0,28,2.0185,23,149.23,True,6,4.4882,39.27,365.03,scenario_left_turn_heavy,train,development,0.11
2045,1i,150.0,28,0.7069,26,149.23,True,6,0.6054,20.16,361.16,scenario_left_turn_heavy,train,development,0.11
2050,1i,150.0,27,0.0,27,149.23,True,6,0.2966,16.68,354.98,scenario_left_turn_heavy,train,development,0.11
2055,1i,150.0,27,0.0001,27,149.23,True,6,0.0508,16.65,351.91,scenario_left_turn_heavy,train,development,0.11
2060,1i,150.0,25,0.1043,23,149.23,True,6,0.0074,16.65,351.12,scenario_left_turn_heavy,train,development,0.11
2065,1i,150.0,25,0.5765,22,149.23,True,6,0.0932,16.65,351.06,scenario_left_turn_heavy,train,development,0.11
2070,1i,150.0,25,0.3951,23,149.23,True,6,0.0327,16.65,351.06,scenario_left_turn_heavy,train,development,0.11
2075,1i,150.0,25,0.2652,24,149.23,True,7,2.7541,16.65,397.08,scenario_left_turn_heavy,train,development,0.11
2080,1i,150.0,25,0.1509,25,149.22,True,7,2.7507,14.16,351.06,scenario_left_turn_heavy,train,development,0.11
2085,1i,150.0,25,0.1337,25,148.77,True,7,2.7198,14.16,351.06,scenario_left_turn_heavy,train,development,0.11
2090,1i,150.0,27,1.4187,25,146.59,True,7,2.4509,14.16,351.06,scenario_left_turn_heavy,train,development,0.11
2095,1i,150.0,27,1.2069,25,144.87,False,7,2.4037,14.16,351.06,scenario_left_turn_heavy,train,development,0.11
2100,1i,150.0,27,0.1409,25,144.59,False,7,0.2885,1.0,351.06,scenario_left_turn_heavy,train,development,0.11
2105,1i,150.0,27,0.0003,27,144.58,False,7,0.0003,1.0,351.06,scenario_left_turn_heavy,train,development,0.11
2110,1i,150.0,27,0.0,27,144.58,False,7,0.0031,1.0,351.06,scenario_left_turn_heavy,train,development,0.11
2115,1i,150.0,27,0.0,27,144.58,False,7,0.0175,1.0,351.06,scenario_left_turn_heavy,train,development,0.11
2120,1i,150.0,27,0.5476,26,144.58,False,6,0.0353,14.16,351.02,scenario_left_turn_heavy,train,development,0.11
2125,1i,150.0,27,0.4809,26,144.58,False,7,2.1997,14.16,474.59,scenario_left_turn_heavy,train,development,0.11
2130,1i,150.0,28,0.7813,26,144.58,False,7,1.3188,14.16,415.25,scenario_left_turn_heavy,train,development,0.11
2135,1i,150.0,28,0.6169,27,144.58,False,7,0.266,14.16,392.32,scenario_left_turn_heavy,train,development,0.11
2140,1i,150.0,27,0.0,27,144.58,False,7,0.0552,14.16,390.46,scenario_left_turn_heavy,train,development,0.11
2145,1i,150.0,27,0.0,27,144.58,False,7,0.0395,14.16,388.59,scenario_left_turn_heavy,train,development,0.11
2150,1i,150.0,27,0.9047,23,144.58,False,7,0.0397,14.16,387.8,scenario_left_turn_heavy,train,development,0.11
2155,1i,150.0,25,1.0903,17,144.58,False,7,0.74,1.0,387.5,scenario_left_turn_heavy,train,development,0.11
2160,1i,150.0,25,0.5936,15,144.58,False,7,0.0065,1.0,387.45,scenario_left_turn_heavy,train,development,0.11
2165,1i,150.0,25,0.3749,19,144.58,False,7,0.0355,1.0,387.45,scenario_left_turn_heavy,train,development,0.11
2170,1i,150.0,25,0.3924,18,144.5,False,7,0.1654,1.0,387.45,scenario_left_turn_heavy,train,development,0.11
2175,1i,150.0,25,0.2738,19,136.62,False,7,0.1997,1.0,387.45,scenario_left_turn_heavy,train,development,0.11
2180,1i,150.0,28,1.2936,22,117.64,False,7,0.2254,1.0,387.45,scenario_left_turn_heavy,train,development,0.11
2185,1i,150.0,30,1.0804,26,139.84,False,7,0.127,1.0,387.45,scenario_left_turn_heavy,train,development,0.11
2190,1i,150.0,30,0.0954,28,147.49,True,7,0.0163,1.0,387.45,scenario_left_turn_heavy,train,development,0.11
2195,1i,150.0,30,0.0004,30,147.25,True,7,0.0012,1.0,387.45,scenario_left_turn_heavy,train,development,0.11
2200,1i,150.0,30,0.0,30,147.23,True,7,0.0164,1.0,387.45,scenario_left_turn_heavy,train,development,0.11
2205,1i,150.0,30,0.0,30,147.23,True,7,0.0699,1.0,387.45,scenario_left_turn_heavy,train,development,0.11
2210,1i,150.0,27,0.1777,25,147.23,True,7,0.1395,1.0,387.45,scenario_left_turn_heavy,train,development,0.11
2215,1i,150.0,27,0.8692,23,147.23,True,7,0.1944,1.0,387.44,scenario_left_turn_heavy,train,development,0.11
2220,1i,150.0,25,1.3187,23,147.23,True,7,0.0926,1.0,387.12,scenario_left_turn_heavy,train,development,0.11
2225,1i,150.0,24,0.6973,23,147.23,True,7,0.2151,1.0,385.39,scenario_left_turn_heavy,train,development,0.11
2230,1i,150.0,23,0.0,23,147.23,True,7,0.1051,1.0,382.43,scenario_left_turn_heavy,train,development,0.11
2235,1i,150.0,23,0.0,23,147.23,True,7,0.1242,1.0,377.81,scenario_left_turn_heavy,train,development,0.11
2240,1i,150.0,21,0.0291,21,147.23,True,5,0.0596,100.52,375.55,scenario_left_turn_heavy,train,development,0.11
2245,1i,150.0,22,0.9714,18,147.23,True,5,0.0037,100.52,375.16,scenario_left_turn_heavy,train,development,0.11
2250,1i,150.0,22,0.5764,18,147.23,True,5,0.0012,100.52,375.1,scenario_left_turn_heavy,train,development,0.11
2255,1i,150.0,22,0.3009,18,147.23,True,6,1.3582,100.07,433.15,scenario_left_turn_heavy,train,development,0.11
2260,1i,150.0,22,0.2808,17,147.23,True,6,0.1767,94.87,423.59,scenario_left_turn_heavy,train,development,0.11
2265,1i,150.0,22,0.2795,20,146.81,True,6,0.097,92.21,423.53,scenario_left_turn_heavy,train,development,0.11
2270,1i,150.0,25,1.5063,19,124.33,False,6,0.1945,92.09,423.53,scenario_left_turn_heavy,train,development,0.11
2275,1i,150.0,26,1.24,24,148.29,True,6,0.0213,92.09,423.53,scenario_left_turn_heavy,train,development,0.11
2280,1i,150.0,26,0.3051,24,146.95,True,6,0.0005,92.09,423.53,scenario_left_turn_heavy,train,development,0.11
2285,1i,150.0,26,0.0009,26,146.81,True,6,0.0002,92.09,423.53,scenario_left_turn_heavy,train,development,0.11
2290,1i,150.0,26,0.0,26,146.81,True,6,0.0079,92.09,423.53,scenario_left_turn_heavy,train,development,0.11
2295,1i,150.0,26,0.0,26,146.81,True,6,0.1116,92.09,423.53,scenario_left_turn_heavy,train,development,0.11
2300,1i,150.0,23,0.0,23,146.81,True,7,4.0538,92.09,423.53,scenario_left_turn_heavy,train,development,0.11
2305,1i,150.0,24,0.7719,23,146.81,True,7,3.8714,92.09,423.53,scenario_left_turn_heavy,train,development,0.11
2310,1i,150.0,24,1.091,23,146.81,True,7,3.8321,92.09,423.53,scenario_left_turn_heavy,train,development,0.11
2315,1i,150.0,24,0.5347,23,146.81,True,7,1.9541,15.57,423.5,scenario_left_turn_heavy,train,development,0.11
2320,1i,150.0,23,0.0,23,146.81,True,6,0.141,92.09,423.03,scenario_left_turn_heavy,train,development,0.11
2325,1i,150.0,23,0.0,23,146.81,True,6,0.1725,92.09,420.91,scenario_left_turn_heavy,train,development,0.11
2330,1i,150.0,23,0.8201,21,146.81,True,6,0.1386,92.09,417.54,scenario_left_turn_heavy,train,development,0.11
2335,1i,150.0,23,1.1345,18,146.81,True,6,0.0307,92.09,415.93,scenario_left_turn_heavy,train,development,0.11
2340,1i,150.0,23,0.6751,18,146.81,True,6,0.0077,92.08,415.2,scenario_left_turn_heavy,train,development,0.11
2345,1i,150.0,23,0.4214,18,146.81,True,6,0.2004,89.58,415.11,scenario_left_turn_heavy,train,development,0.11
2350,1i,150.0,23,0.4395,18,146.81,True,6,0.1911,80.91,415.1,scenario_left_turn_heavy,train,development,0.11
2355,1i,150.0,24,1.4434,16,146.21,True,6,0.2846,78.54,415.1,scenario_left_turn_heavy,train,development,0.11
2360,1i,150.0,25,1.4391,19,118.53,False,6,0.3111,78.47,415.1,scenario_left_turn_heavy,train,development,0.11
2365,1i,150.0,25,0.7261,22,129.95,False,6,0.0131,78.47,415.1,scenario_left_turn_heavy,train,development,0.11
2370,1i,150.0,26,0.0938,25,147.52,True,6,0.001,78.47,415.1,scenario_left_turn_heavy,train,development,0.11
2375,1i,150.0,26,0.001,26,147.24,True,6,0.0127,78.47,415.1,scenario_left_turn_heavy,train,development,0.11
2380,1i,150.0,26,0.0,26,147.23,True,6,0.0862,78.47,415.1,scenario_left_turn_heavy,train,development,0.11
2385,1i,150.0,26,0.0,26,147.23,True,6,0.2019,78.47,415.1,scenario_left_turn_heavy,train,development,0.11
2390,1i,150.0,24,0.1428,23,147.23,True,7,3.8426,78.47,415.1,scenario_left_turn_heavy,train,development,0.11
2395,1i,150.0,24,0.7306,23,147.23,True,7,3.5684,78.47,415.1,scenario_left_turn_heavy,train,development,0.11
2400,1i,150.0,24,0.9783,23,147.23,True,7,3.5687,78.47,415.08,scenario_left_turn_heavy,train,development,0.11
2405,1i,150.0,24,0.731,23,147.23,True,7,2.6683,36.9,414.84,scenario_left_turn_heavy,train,development,0.11
2410,1i,150.0,23,0.0,23,147.23,True,6,0.2221,78.47,413.65,scenario_left_turn_heavy,train,development,0.11
2415,1i,150.0,23,0.0,23,147.23,True,6,0.3104,78.47,409.65,scenario_left_turn_heavy,train,development,0.11
2420,1i,150.0,22,0.8837,20,147.23,True,6,0.1266,78.47,405.36,scenario_left_turn_heavy,train,development,0.11
2425,1i,150.0,21,1.2043,16,147.23,True,7,0.1579,78.47,481.39,scenario_left_turn_heavy,train,development,0.11
2430,1i,150.0,21,0.7847,14,147.23,True,7,0.1349,77.99,476.64,scenario_left_turn_heavy,train,development,0.11
2435,1i,150.0,21,0.5626,14,147.23,True,7,0.4117,69.98,472.94,scenario_left_turn_heavy,train,development,0.11
2440,1i,150.0,21,0.5593,15,147.23,True,7,0.1955,64.03,471.64,scenario_left_turn_heavy,train,development,0.11
2445,1i,150.0,22,1.5566,14,145.35,True,7,0.1967,63.48,471.29,scenario_left_turn_heavy,train,development,0.11
2450,1i,150.0,24,1.5539,18,111.68,False,7,0.0896,63.47,471.25,scenario_left_turn_heavy,train,development,0.11
2455,1i,150.0,25,0.8846,21,133.55,False,7,0.0065,63.47,471.24,scenario_left_turn_heavy,train,development,0.11
2460,1i,150.0,25,0.2615,24,140.51,False,7,0.0003,63.47,471.24,scenario_left_turn_heavy,train,development,0.11
2465,1i,150.0,25,0.0015,25,140.26,False,7,0.036,63.47,471.24,scenario_left_turn_heavy,train,development,0.11
2470,1i,150.0,25,0.0,25,140.23,False,7,1.4336,63.47,464.0,scenario_left_turn_heavy,train,development,0.11
2475,1i,150.0,25,0.0,25,140.23,False,7,2.8085,63.47,414.11,scenario_left_turn_heavy,train,development,0.11
2480,1i,150.0,23,0.694,22,140.23,False,7,1.704,63.47,382.45,scenario_left_turn_heavy,train,development,0.11
2485,1i,150.0,26,2.3105,22,140.23,False,7,2.7671,63.47,377.37,scenario_left_turn_heavy,train,development,0.11
2490,1i,150.0,29,2.7635,22,140.23,False,7,2.3252,63.47,375.32,scenario_left_turn_heavy,train,development,0.11
2495,1i,150.0,33,2.8907,25,140.23,False,7,2.4367,63.47,371.44,scenario_left_turn_heavy,train,development,0.11
2500,1i,150.0,33,1.1252,28,140.23,False,7,1.517,57.02,366.07,scenario_left_turn_heavy,train,development,0.11
2505,1i,150.0,33,0.1172,32,140.23,False,7,0.0277,40.56,363.13,scenario_left_turn_heavy,train,development,0.11
2510,1i,150.0,31,0.0644,31,140.23,False,7,0.0077,39.88,362.53,scenario_left_turn_heavy,train,development,0.11
2515,1i,150.0,31,0.509,28,140.23,False,7,0.0003,39.87,362.48,scenario_left_turn_heavy,train,development,0.11
2520,1i,150.0,31,0.1135,29,140.23,False,7,0.0568,39.87,362.48,scenario_left_turn_heavy,train,development,0.11
2525,1i,150.0,31,0.1087,30,140.23,False,7,0.0271,39.87,362.48,scenario_left_turn_heavy,train,development,0.11
2530,1i,150.0,31,0.0841,31,140.23,False,7,0.0754,39.87,362.48,scenario_left_turn_heavy,train,development,0.11
2535,1i,150.0,31,0.1126,30,140.1,False,7,0.0531,39.87,362.48,scenario_left_turn_heavy,train,development,0.11
2540,1i,150.0,33,1.0601,29,138.21,False,7,0.2046,36.15,362.48,scenario_left_turn_heavy,train,development,0.11
2545,1i,150.0,33,0.7279,31,136.98,False,7,0.015,35.79,362.48,scenario_left_turn_heavy,train,development,0.11
2550,1i,150.0,33,0.2152,31,136.6,False,7,0.0007,35.79,362.48,scenario_left_turn_heavy,train,development,0.11
2555,1i,150.0,33,0.0677,32,136.28,False,7,0.0241,35.79,362.48,scenario_left_turn_heavy,train,development,0.11
2560,1i,150.0,33,0.0001,33,136.23,False,7,0.0863,35.79,362.48,scenario_left_turn_heavy,train,development,0.11
2565,1i,150.0,33,0.0,33,136.23,False,7,0.0597,35.79,362.48,scenario_left_turn_heavy,train,development,0.11
2570,1i,150.0,31,0.5295,30,136.23,False,7,0.0461,35.79,362.47,scenario_left_turn_heavy,train,development,0.11
2575,1i,150.0,31,0.3259,30,136.23,False,7,0.091,35.79,362.28,scenario_left_turn_heavy,train,development,0.11
2580,1i,150.0,32,0.6844,30,136.23,False,7,0.0675,35.79,361.42,scenario_left_turn_heavy,train,development,0.11
2585,1i,150.0,32,0.5168,31,136.23,False,7,0.0675,35.79,359.86,scenario_left_turn_heavy,train,development,0.11
2590,1i,150.0,31,0.0,31,136.23,False,7,0.0319,35.79,359.11,scenario_left_turn_heavy,train,development,0.11
2595,1i,150.0,31,0.0,31,136.23,False,7,0.0133,35.79,358.7,scenario_left_turn_heavy,train,development,0.11
2600,1i,150.0,31,0.6988,29,136.23,False,7,0.0048,35.79,358.53,scenario_left_turn_heavy,train,development,0.11
2605,1i,150.0,30,0.4895,27,136.23,False,7,0.0181,35.79,358.48,scenario_left_turn_heavy,train,development,0.11
2610,1i,150.0,30,0.5394,25,136.23,False,7,0.0201,35.79,358.48,scenario_left_turn_heavy,train,development,0.11
2615,1i,150.0,30,0.1412,29,136.23,False,7,0.0826,35.79,358.48,scenario_left_turn_heavy,train,development,0.11
2620,1i,150.0,30,0.3046,28,136.12,False,7,0.0778,35.79,358.48,scenario_left_turn_heavy,train,development,0.11
2625,1i,150.0,32,1.1465,27,149.34,True,7,0.9292,26.96,358.48,scenario_left_turn_heavy,train,development,0.11
2630,1i,150.0,32,0.8072,28,147.89,True,7,0.1623,17.38,358.48,scenario_left_turn_heavy,train,development,0.11
2635,1i,150.0,33,0.494,31,145.84,True,7,0.0006,17.19,358.48,scenario_left_turn_heavy,train,development,0.11
2640,1i,150.0,33,0.0466,32,144.46,False,7,0.0073,17.19,358.48,scenario_left_turn_heavy,train,development,0.11
2645,1i,150.0,33,0.0006,33,144.24,False,7,0.0301,17.19,358.48,scenario_left_turn_heavy,train,development,0.11
2650,1i,150.0,33,0.0,33,144.23,False,7,0.0713,17.19,358.48,scenario_left_turn_heavy,train,development,0.11
2655,1i,150.0,33,0.0,33,144.23,False,7,0.1099,17.19,358.47,scenario_left_turn_heavy,train,development,0.11
2660,1i,150.0,31,0.0,31,144.23,False,7,0.0904,17.19,358.39,scenario_left_turn_heavy,train,development,0.11
2665,1i,150.0,32,0.3909,31,144.23,False,7,0.1189,17.19,357.87,scenario_left_turn_heavy,train,development,0.11
2670,1i,150.0,33,0.6174,31,144.23,False,7,0.1356,17.19,356.54,scenario_left_turn_heavy,train,development,0.11
2675,1i,150.0,33,0.5466,32,144.23,False,7,0.1074,17.19,354.88,scenario_left_turn_heavy,train,development,0.11
2680,1i,150.0,32,0.0,32,144.23,False,7,0.0605,17.19,352.98,scenario_left_turn_heavy,train,development,0.11
2685,1i,150.0,32,0.0,32,144.23,False,7,0.0106,17.19,352.61,scenario_left_turn_heavy,train,development,0.11
2690,1i,150.0,30,0.0763,29,144.23,False,7,0.0024,17.19,352.47,scenario_left_turn_heavy,train,development,0.11
2695,1i,150.0,29,0.58,26,144.23,False,7,0.0001,17.19,352.44,scenario_left_turn_heavy,train,development,0.11
2700,1i,150.0,29,0.1172,28,144.23,False,7,0.046,17.19,352.44,scenario_left_turn_heavy,train,development,0.11
2705,1i,150.0,29,0.1146,29,144.23,False,7,0.0566,17.19,352.44,scenario_left_turn_heavy,train,development,0.11
2710,1i,150.0,29,0.1179,29,144.23,False,7,0.0716,17.19,352.44,scenario_left_turn_heavy,train,development,0.11
2715,1i,150.0,30,0.8722,29,142.79,False,7,0.0193,17.19,352.44,scenario_left_turn_heavy,train,development,0.11
2720,1i,150.0,31,0.5463,30,148.87,True,7,0.0017,17.19,352.44,scenario_left_turn_heavy,train,development,0.11
2725,1i,150.0,32,0.5119,30,147.29,True,7,0.0006,17.19,352.44,scenario_left_turn_heavy,train,development,0.11
2730,1i,150.0,32,0.0716,31,146.9,True,7,0.0073,17.19,352.44,scenario_left_turn_heavy,train,development,0.11
2735,1i,150.0,32,0.0005,32,146.82,True,7,0.0369,17.19,352.44,scenario_left_turn_heavy,train,development,0.11
2740,1i,150.0,32,0.0,32,146.81,True,7,0.0632,17.19,352.44,scenario_left_turn_heavy,train,development,0.11
2745,1i,150.0,32,0.0,32,146.81,True,7,0.0659,17.19,352.43,scenario_left_turn_heavy,train,development,0.11
2750,1i,150.0,32,0.4776,31,146.81,True,7,0.0594,17.19,352.3,scenario_left_turn_heavy,train,development,0.11
2755,1i,150.0,32,0.2432,31,146.81,True,7,0.1093,17.19,351.54,scenario_left_turn_heavy,train,development,0.11
2760,1i,150.0,33,0.5168,31,146.81,True,7,0.0876,17.19,350.12,scenario_left_turn_heavy,train,development,0.11
2765,1i,150.0,33,0.5376,32,146.81,True,7,0.0189,17.19,349.0,scenario_left_turn_heavy,train,development,0.11
2770,1i,150.0,32,0.0,32,146.81,True,7,0.0162,17.19,348.21,scenario_left_turn_heavy,train,development,0.11
2775,1i,150.0,32,0.0,32,146.81,True,7,0.0028,17.19,348.06,scenario_left_turn_heavy,train,development,0.11
2780,1i,150.0,31,0.6168,29,146.81,True,7,0.0009,17.19,348.02,scenario_left_turn_heavy,train,development,0.11
2785,1i,150.0,30,0.8993,21,146.81,True,7,0.5265,1.66,348.01,scenario_left_turn_heavy,train,development,0.11
2790,1i,150.0,30,0.8008,18,146.81,True,7,0.5033,1.0,348.01,scenario_left_turn_heavy,train,development,0.11
2795,1i,150.0,30,0.6004,20,146.81,True,7,0.1974,1.0,348.01,scenario_left_turn_heavy,train,development,0.11
2800,1i,150.0,30,0.4371,23,146.81,True,7,0.4166,1.0,348.01,scenario_left_turn_heavy,train,development,0.11
2805,1i,150.0,31,0.9414,24,146.31,True,7,0.1542,1.0,348.01,scenario_left_turn_heavy,train,development,0.11
2810,1i,150.0,33,1.228,24,83.77,False,7,0.0055,1.0,348.01,scenario_left_turn_heavy,train,development,0.11
2815,1i,150.0,34,0.5008,27,105.7,False,7,0.0002,1.0,348.01,scenario_left_turn_heavy,train,development,0.11
2820,1i,150.0,35,0.0862,34,143.02,False,7,0.4991,1.0,342.02,scenario_left_turn_heavy,train,development,0.11
2825,1i,150.0,37,0.8355,35,145.66,True,8,2.0957,1.0,427.01,scenario_left_turn_heavy,train,development,0.11
2830,1i,150.0,40,1.0751,35,145.53,True,8,2.2324,1.0,356.75,scenario_left_turn_heavy,train,development,0.11
2835,1i,150.0,40,0.1598,38,145.52,True,8,2.5321,1.0,331.93,scenario_left_turn_heavy,train,development,0.11
2840,1i,150.0,40,0.8114,35,145.52,True,9,3.9872,1.0,396.8,scenario_left_turn_heavy,train,development,0.11
2845,1i,150.0,40,0.7548,33,145.52,True,9,3.1963,1.0,326.21,scenario_left_turn_heavy,train,development,0.11
2850,1i,150.0,37,0.7759,32,145.52,True,9,2.0565,1.0,320.29,scenario_left_turn_heavy,train,development,0.11
2855,1i,150.0,36,2.0647,28,145.52,True,10,1.7424,1.0,471.02,scenario_left_turn_heavy,train,development,0.11
2860,1i,150.0,35,2.003,25,145.52,True,10,1.6843,1.0,467.82,scenario_left_turn_heavy,train,development,0.11
2865,1i,150.0,35,0.905,29,145.52,True,10,1.5515,1.0,466.14,scenario_left_turn_heavy,train,development,0.11
2870,1i,150.0,33,0.1054,30,145.52,True,9,0.2788,1.0,462.26,scenario_left_turn_heavy,train,development,0.11
2875,1i,150.0,33,0.5283,29,145.52,True,9,0.1334,1.0,456.57,scenario_left_turn_heavy,train,development,0.11
2880,1i,150.0,33,0.3633,29,145.52,True,9,0.1312,1.0,452.87,scenario_left_turn_heavy,train,development,0.11
2885,1i,150.0,33,0.1289,31,145.52,True,9,0.0914,1.0,452.07,scenario_left_turn_heavy,train,development,0.11
2890,1i,150.0,33,0.0024,33,145.52,True,9,0.0015,1.0,451.96,scenario_left_turn_heavy,train,development,0.11
2895,1i,150.0,34,0.906,28,145.52,True,9,0.6476,1.0,451.95,scenario_left_turn_heavy,train,development,0.11
2900,1i,150.0,35,1.0485,30,145.52,True,9,0.2032,1.0,451.95,scenario_left_turn_heavy,train,development,0.11
2905,1i,150.0,35,0.2413,33,145.52,True,9,0.0,1.0,451.95,scenario_left_turn_heavy,train,development,0.11
2910,1i,150.0,35,0.2123,32,145.52,True,9,0.0007,1.0,451.95,scenario_left_turn_heavy,train,development,0.11
2915,1i,150.0,35,0.2477,33,145.52,True,9,0.0002,1.0,451.95,scenario_left_turn_heavy,train,development,0.11
2920,1i,150.0,35,0.0797,34,145.52,True,9,0.0332,1.0,451.95,scenario_left_turn_heavy,train,development,0.11
2925,1i,150.0,35,0.0287,35,145.52,True,9,0.0006,1.0,451.95,scenario_left_turn_heavy,train,development,0.11
2930,1i,150.0,34,0.2309,30,145.24,True,8,0.3259,7.61,451.95,scenario_left_turn_heavy,train,development,0.11
2935,1i,150.0,35,0.3702,34,144.43,False,8,0.0147,6.17,451.95,scenario_left_turn_heavy,train,development,0.11
2940,1i,150.0,36,0.6562,34,144.13,False,8,0.0009,6.17,451.95,scenario_left_turn_heavy,train,development,0.11
2945,1i,150.0,36,0.4173,35,144.08,False,8,0.0095,6.17,451.95,scenario_left_turn_heavy,train,development,0.11
2950,1i,150.0,36,0.098,35,144.08,False,8,0.0187,6.17,451.95,scenario_left_turn_heavy,train,development,0.11
2955,1i,150.0,36,0.0,36,144.08,False,8,0.0376,6.17,451.95,scenario_left_turn_heavy,train,development,0.11
2960,1i,150.0,35,0.6325,33,144.08,False,8,0.3457,3.71,451.95,scenario_left_turn_heavy,train,development,0.11
2965,1i,150.0,33,0.481,29,144.08,False,8,0.0239,1.01,451.95,scenario_left_turn_heavy,train,development,0.11
2970,1i,150.0,33,0.1872,30,144.08,False,8,0.0049,1.0,451.95,scenario_left_turn_heavy,train,development,0.11
2975,1i,150.0,33,0.0959,33,144.08,False,8,0.0249,1.0,451.94,scenario_left_turn_heavy,train,development,0.11
2980,1i,150.0,33,0.2943,28,144.08,False,8,0.3082,1.0,451.86,scenario_left_turn_heavy,train,development,0.11
2985,1i,150.0,34,0.7446,32,144.08,False,8,0.0203,1.0,451.52,scenario_left_turn_heavy,train,development,0.11
2990,1i,150.0,34,0.5474,30,143.04,False,8,0.0184,1.0,451.02,scenario_left_turn_heavy,train,development,0.11
2995,1i,150.0,35,0.472,31,140.8,False,8,0.0874,1.0,450.64,scenario_left_turn_heavy,train,development,0.11
3000,1i,150.0,35,0.141,34,139.78,False,8,0.019,1.0,450.53,scenario_left_turn_heavy,train,development,0.11
3005,1i,150.0,35,0.0823,34,139.61,False,8,0.0602,1.0,450.51,scenario_left_turn_heavy,train,development,0.11
3010,1i,150.0,35,0.0655,35,138.32,False,8,0.0682,1.0,450.51,scenario_left_turn_heavy,train,development,0.11
3015,1i,150.0,36,0.0258,36,149.79,True,8,0.0819,1.0,450.51,scenario_left_turn_heavy,train,development,0.11
3020,1i,150.0,33,0.5617,32,148.84,True,7,0.1637,16.19,450.51,scenario_left_turn_heavy,train,development,0.11
3025,1i,150.0,33,0.2924,32,148.72,True,7,0.1165,16.19,450.5,scenario_left_turn_heavy,train,development,0.11
3030,1i,150.0,33,0.0007,33,148.72,True,7,0.1046,16.19,450.5,scenario_left_turn_heavy,train,development,0.11
3035,1i,150.0,34,0.5228,33,148.72,True,7,0.136,16.19,450.49,scenario_left_turn_heavy,train,development,0.11
3040,1i,150.0,34,0.4098,33,148.72,True,7,0.1125,16.19,450.27,scenario_left_turn_heavy,train,development,0.11
3045,1i,150.0,34,0.0713,33,148.72,True,7,0.0777,16.19,449.21,scenario_left_turn_heavy,train,development,0.11
3050,1i,150.0,34,0.7435,30,148.72,True,7,0.0908,16.19,447.44,scenario_left_turn_heavy,train,development,0.11
3055,1i,150.0,32,0.7057,27,148.72,True,7,0.4647,9.85,446.46,scenario_left_turn_heavy,train,development,0.11
3060,1i,150.0,32,0.4522,26,148.72,True,7,0.0196,5.01,445.84,scenario_left_turn_heavy,train,development,0.11
3065,1i,150.0,32,0.207,29,148.72,True,7,0.1395,5.0,444.66,scenario_left_turn_heavy,train,development,0.11
3070,1i,150.0,32,0.1621,29,148.72,True,7,0.0902,5.0,443.47,scenario_left_turn_heavy,train,development,0.11
3075,1i,150.0,33,0.7055,29,148.71,True,7,0.0177,5.0,442.64,scenario_left_turn_heavy,train,development,0.11
3080,1i,150.0,34,1.1038,30,147.66,True,7,0.0025,5.0,442.46,scenario_left_turn_heavy,train,development,0.11
3085,1i,150.0,35,0.3349,31,149.46,True,7,0.0009,5.0,442.43,scenario_left_turn_heavy,train,development,0.11
3090,1i,150.0,35,0.0239,35,145.86,True,7,0.0127,5.0,442.43,scenario_left_turn_heavy,train,development,0.11
3095,1i,150.0,35,0.0004,35,145.54,True,7,0.1427,5.0,442.43,scenario_left_turn_heavy,train,development,0.11
3100,1i,150.0,35,0.0,35,145.53,True,7,0.1354,5.0,442.43,scenario_left_turn_heavy,train,development,0.11
3105,1i,150.0,35,0.0,35,145.52,True,7,0.1387,5.0,442.43,scenario_left_turn_heavy,train,development,0.11
3110,1i,150.0,34,0.7183,32,145.52,True,7,0.2025,5.0,442.43,scenario_left_turn_heavy,train,development,0.11
3115,1i,150.0,33,0.2378,32,145.52,True,7,0.1887,5.0,442.43,scenario_left_turn_heavy,train,development,0.11
3120,1i,150.0,34,0.6282,33,145.52,True,7,0.0526,5.0,442.43,scenario_left_turn_heavy,train,development,0.11
3125,1i,150.0,34,0.522,33,145.52,True,7,0.0081,5.0,442.38,scenario_left_turn_heavy,train,development,0.11
3130,1i,150.0,33,0.0,33,145.52,True,7,0.0404,5.0,441.76,scenario_left_turn_heavy,train,development,0.11
3135,1i,150.0,33,0.2606,30,145.52,True,7,0.075,5.0,439.34,scenario_left_turn_heavy,train,development,0.11
3140,1i,150.0,31,0.1812,30,145.52,True,6,0.0692,58.72,436.98,scenario_left_turn_heavy,train,development,0.11
3145,1i,150.0,31,0.5654,26,145.52,True,6,0.0195,58.72,435.61,scenario_left_turn_heavy,train,development,0.11
3150,1i,150.0,31,0.5117,24,145.52,True,6,0.0507,57.84,435.29,scenario_left_turn_heavy,train,development,0.11
3155,1i,150.0,31,0.5111,21,145.52,True,6,0.1086,51.71,435.24,scenario_left_turn_heavy,train,development,0.11
3160,1i,150.0,31,0.3288,24,145.52,True,6,0.0028,50.75,435.24,scenario_left_turn_heavy,train,development,0.11
3165,1i,150.0,32,0.8866,28,145.02,True,6,0.0003,50.72,435.24,scenario_left_turn_heavy,train,development,0.11
3170,1i,150.0,33,1.1116,29,142.14,False,6,0.0001,50.72,435.24,scenario_left_turn_heavy,train,development,0.11
3175,1i,150.0,34,0.4769,31,137.97,False,6,0.0331,50.72,435.24,scenario_left_turn_heavy,train,development,0.11
3180,1i,150.0,34,0.0073,34,144.61,False,6,0.1422,50.72,435.24,scenario_left_turn_heavy,train,development,0.11
3185,1i,150.0,34,0.0002,34,144.53,False,6,0.1473,50.72,435.24,scenario_left_turn_heavy,train,development,0.11
3190,1i,150.0,34,0.0,34,144.52,False,6,0.1651,50.72,435.24,scenario_left_turn_heavy,train,development,0.11
3195,1i,150.0,34,0.0,34,144.52,False,6,0.301,50.72,435.24,scenario_left_turn_heavy,train,development,0.11
3200,1i,150.0,31,0.0822,30,144.52,False,6,0.1452,50.72,435.24,scenario_left_turn_heavy,train,development,0.11
3205,1i,150.0,31,0.8209,25,144.52,False,6,0.0394,50.72,435.23,scenario_left_turn_heavy,train,development,0.11
3210,1i,150.0,30,1.6224,23,144.52,False,6,0.014,50.72,435.17,scenario_left_turn_heavy,train,development,0.11
3215,1i,150.0,27,1.5187,23,144.52,False,6,0.0464,50.72,434.56,scenario_left_turn_heavy,train,development,0.11
3220,1i,150.0,23,0.0,23,144.52,False,6,0.0433,50.72,431.47,scenario_left_turn_heavy,train,development,0.11
3225,1i,150.0,23,0.0,23,144.52,False,6,0.0555,50.72,429.43,scenario_left_turn_heavy,train,development,0.11
3230,1i,150.0,23,0.8955,20,144.52,False,6,0.0244,50.72,427.79,scenario_left_turn_heavy,train,development,0.11
3235,1i,150.0,21,1.5584,16,144.52,False,6,0.0071,50.72,427.35,scenario_left_turn_heavy,train,development,0.11
3240,1i,150.0,21,0.9631,14,144.52,False,6,0.5242,41.61,427.25,scenario_left_turn_heavy,train,development,0.11
3245,1i,150.0,21,0.6951,14,144.52,False,6,0.4021,28.53,427.23,scenario_left_turn_heavy,train,development,0.11
3250,1i,150.0,21,0.7632,14,144.52,False,6,0.0042,27.03,427.23,scenario_left_turn_heavy,train,development,0.11
3255,1i,150.0,22,1.8312,13,143.06,False,6,0.0,27.01,427.23,scenario_left_turn_heavy,train,development,0.11
3260,1i,150.0,23,1.2656,14,147.17,True,6,0.0014,27.01,427.23,scenario_left_turn_heavy,train,development,0.11
3265,1i,150.0,25,0.9716,17,93.26,False,6,0.0626,27.01,427.23,scenario_left_turn_heavy,train,development,0.11
3270,1i,150.0,26,0.5031,21,113.9,False,6,0.2521,27.01,427.23,scenario_left_turn_heavy,train,development,0.11
3275,1i,150.0,27,0.1605,25,141.93,False,6,0.4889,27.01,427.23,scenario_left_turn_heavy,train,development,0.11
3280,1i,150.0,27,0.0003,27,148.82,True,6,0.676,27.01,427.23,scenario_left_turn_heavy,train,development,0.11
3285,1i,150.0,27,0.0,27,148.81,True,6,0.7112,27.01,427.23,scenario_left_turn_heavy,train,development,0.11
3290,1i,150.0,25,0.6497,24,148.81,True,6,0.7088,27.01,427.23,scenario_left_turn_heavy,train,development,0.11
3295,1i,150.0,25,0.7559,24,148.81,True,6,0.3656,27.01,427.23,scenario_left_turn_heavy,train,development,0.11
3300,1i,150.0,25,1.0477,24,148.81,True,6,0.1184,27.01,422.85,scenario_left_turn_heavy,train,development,0.11
3305,1i,150.0,25,0.526,24,148.81,True,6,0.0835,27.01,420.75,scenario_left_turn_heavy,train,development,0.11
3310,1i,150.0,24,0.0,24,148.81,True,6,0.1678,27.01,417.22,scenario_left_turn_heavy,train,development,0.11
3315,1i,150.0,26,1.3255,24,148.81,True,6,0.2371,27.01,410.52,scenario_left_turn_heavy,train,development,0.11
3320,1i,150.0,26,2.0873,21,148.81,True,6,0.164,27.01,404.25,scenario_left_turn_heavy,train,development,0.11
3325,1i,150.0,24,1.6158,17,148.81,True,7,0.5738,21.08,473.04,scenario_left_turn_heavy,train,development,0.11
3330,1i,150.0,24,0.6818,20,148.81,True,7,0.3176,17.02,467.61,scenario_left_turn_heavy,train,development,0.11
3335,1i,150.0,24,0.3854,19,148.81,True,8,2.3038,16.05,461.95,scenario_left_turn_heavy,train,development,0.11
3340,1i,150.0,24,0.3111,18,148.81,True,8,2.0051,15.97,461.1,scenario_left_turn_heavy,train,development,0.11
3345,1i,150.0,25,1.2633,21,148.24,True,8,1.938,15.97,460.95,scenario_left_turn_heavy,train,development,0.11
3350,1i,150.0,25,0.9511,20,128.05,False,8,2.2773,15.97,460.95,scenario_left_turn_heavy,train,development,0.11
3355,1i,150.0,27,0.7226,24,147.97,True,8,1.6659,15.97,460.95,scenario_left_turn_heavy,train,development,0.11
3360,1i,150.0,27,0.2326,26,145.11,True,8,0.9584,15.97,460.95,scenario_left_turn_heavy,train,development,0.11
3365,1i,150.0,27,0.0023,27,144.81,False,8,0.2525,15.97,460.95,scenario_left_turn_heavy,train,development,0.11
3370,1i,150.0,27,0.0001,27,144.78,False,8,0.2626,15.97,460.95,scenario_left_turn_heavy,train,development,0.11
3375,1i,150.0,27,0.0,27,144.78,False,8,0.1676,15.97,460.95,scenario_left_turn_heavy,train,development,0.11
3380,1i,150.0,27,0.5863,26,144.78,False,8,0.0331,15.97,460.95,scenario_left_turn_heavy,train,development,0.11
3385,1i,150.0,27,0.4293,26,144.78,False,8,0.0316,15.97,460.95,scenario_left_turn_heavy,train,development,0.11
3390,1i,150.0,28,0.7589,26,144.78,False,8,0.0434,15.97,460.94,scenario_left_turn_heavy,train,development,0.11
3395,1i,150.0,28,0.5413,27,144.78,False,8,0.1486,15.97,460.67,scenario_left_turn_heavy,train,development,0.11
3400,1i,150.0,27,0.0,27,144.78,False,8,0.1087,15.97,459.3,scenario_left_turn_heavy,train,development,0.11
3405,1i,150.0,27,0.0,27,144.78,False,8,0.0743,15.97,456.87,scenario_left_turn_heavy,train,development,0.11
3410,1i,150.0,27,1.0382,23,144.78,False,8,0.0442,15.97,453.01,scenario_left_turn_heavy,train,development,0.11
3415,1i,150.0,25,1.1943,17,144.78,False,8,0.7079,6.58,450.64,scenario_left_turn_heavy,train,development,0.11
3420,1i,150.0,25,0.4462,21,144.78,False,8,0.0154,5.01,450.05,scenario_left_turn_heavy,train,development,0.11
3425,1i,150.0,25,0.3013,20,144.78,False,9,2.0586,5.0,449.94,scenario_left_turn_heavy,train,development,0.11
3430,1i,150.0,25,0.311,22,144.77,False,9,1.6749,5.0,449.91,scenario_left_turn_heavy,train,development,0.11
3435,1i,150.0,26,1.2382,20,143.94,False,9,1.9213,5.0,449.91,scenario_left_turn_heavy,train,development,0.11
3440,1i,150.0,28,1.3874,22,114.19,False,9,1.6391,5.0,449.91,scenario_left_turn_heavy,train,development,0.11
3445,1i,150.0,28,0.7725,26,142.44,False,9,1.7997,5.0,449.91,scenario_left_turn_heavy,train,development,0.11
3450,1i,150.0,29,0.0671,28,148.05,True,9,0.3549,5.0,449.91,scenario_left_turn_heavy,train,development,0.11
3455,1i,150.0,29,0.0006,29,147.82,True,9,0.2652,5.0,449.91,scenario_left_turn_heavy,train,development,0.11
3460,1i,150.0,29,0.0,29,147.81,True,9,0.2388,5.0,449.91,scenario_left_turn_heavy,train,development,0.11
3465,1i,150.0,29,0.0,29,147.81,True,9,0.0549,5.0,449.91,scenario_left_turn_heavy,train,development,0.11
3470,1i,150.0,27,0.8307,23,147.81,True,8,0.1583,5.0,449.91,scenario_left_turn_heavy,train,development,0.11
3475,1i,150.0,25,0.7983,23,147.81,True,8,0.8287,5.0,449.91,scenario_left_turn_heavy,train,development,0.11
3480,1i,150.0,23,0.0,23,147.81,True,7,0.0414,5.0,449.88,scenario_left_turn_heavy,train,development,0.11
3485,1i,150.0,24,0.6782,23,147.81,True,7,0.1227,5.0,449.51,scenario_left_turn_heavy,train,development,0.11
3490,1i,150.0,24,0.4931,23,147.81,True,7,0.0837,5.0,447.96,scenario_left_turn_heavy,train,development,0.11
3495,1i,150.0,24,0.1646,23,147.81,True,7,0.0233,5.0,443.77,scenario_left_turn_heavy,train,development,0.11
3500,1i,150.0,23,0.6849,21,147.81,True,6,0.1183,154.81,440.48,scenario_left_turn_heavy,train,development,0.11
3505,1i,150.0,22,1.1523,17,147.81,True,6,0.0227,154.81,439.1,scenario_left_turn_heavy,train,development,0.11
3510,1i,150.0,22,0.5916,16,147.81,True,6,0.0008,154.81,438.96,scenario_left_turn_heavy,train,development,0.11
3515,1i,150.0,22,0.3923,17,147.81,True,7,2.3674,154.81,438.94,scenario_left_turn_heavy,train,development,0.11
3520,1i,150.0,22,0.3732,17,147.81,True,7,2.51,154.81,438.94,scenario_left_turn_heavy,train,development,0.11
3525,1i,150.0,23,1.4296,17,146.62,True,7,2.4587,154.27,438.94,scenario_left_turn_heavy,train,development,0.11
3530,1i,150.0,23,0.689,18,108.17,False,7,2.4628,150.39,438.94,scenario_left_turn_heavy,train,development,0.11
3535,1i,150.0,25,0.5682,23,136.6,False,7,2.11,82.39,438.94,scenario_left_turn_heavy,train,development,0.11
3540,1i,150.0,25,0.3133,24,142.91,False,7,1.4913,34.71,438.94,scenario_left_turn_heavy,train,development,0.11
3545,1i,150.0,26,0.1259,25,149.84,True,7,0.7774,9.5,438.94,scenario_left_turn_heavy,train,development,0.11
3550,1i,150.0,26,0.0002,26,149.81,True,7,0.1542,5.0,438.94,scenario_left_turn_heavy,train,development,0.11
3555,1i,150.0,26,0.0,26,149.81,True,7,0.0103,5.0,438.94,scenario_left_turn_heavy,train,development,0.11
3560,1i,150.0,23,0.0711,22,149.81,True,7,2.7462,142.81,438.94,scenario_left_turn_heavy,train,development,0.11
3565,1i,150.0,23,0.6124,22,149.81,True,7,2.7906,142.81,438.94,scenario_left_turn_heavy,train,development,0.11
3570,1i,150.0,23,0.666,22,149.81,True,7,2.7334,142.81,438.75,scenario_left_turn_heavy,train,development,0.11
3575,1i,150.0,23,0.8353,22,149.81,True,7,2.9563,118.13,436.99,scenario_left_turn_heavy,train,development,0.11
3580,1i,150.0,23,0.5946,22,149.81,True,7,2.0219,36.1,435.05,scenario_left_turn_heavy,train,development,0.11
3585,1i,150.0,23,0.0533,22,149.81,True,7,0.3157,1.0,429.76,scenario_left_turn_heavy,train,development,0.11
3590,1i,150.0,22,0.1252,21,149.81,True,7,0.0299,1.0,427.43,scenario_left_turn_heavy,train,development,0.11
3595,1i,150.0,22,1.2522,18,149.81,True,7,0.0047,1.0,427.0,scenario_left_turn_heavy,train,development,0.11
3600,1i,150.0,22,0.8671,16,149.81,True,7,0.0005,1.0,426.94,scenario_left_turn_heavy,train,development,0.11
0,2i,150.0,0,0.0,0,0.0,False,0,,,,scenario_left_turn_heavy,train,development,0.11
5,2i,150.0,0,0.0,0,0.0,False,0,,,,scenario_left_turn_heavy,train,development,0.11
10,2i,150.0,0,0.0,0,0.0,False,0,,,,scenario_left_turn_heavy,train,development,0.11
15,2i,150.0,3,24.6188,0,0.0,False,0,,,,scenario_left_turn_heavy,train,development,0.11
20,2i,150.0,3,14.7405,0,0.0,False,0,,,,scenario_left_turn_heavy,train,development,0.11
25,2i,150.0,3,1.1156,0,0.0,False,0,,,,scenario_left_turn_heavy,train,development,0.11
30,2i,150.0,3,0.0,3,1.0,False,0,,,,scenario_left_turn_heavy,train,development,0.11
35,2i,150.0,4,4.8049,3,1.0,False,0,,,,scenario_left_turn_heavy,train,development,0.11
40,2i,150.0,4,1.4752,3,1.0,False,0,,,,scenario_left_turn_heavy,train,development,0.11
45,2i,150.0,5,4.9904,4,8.01,False,0,,,,scenario_left_turn_heavy,train,development,0.11
50,2i,150.0,3,5.4804,2,8.0,False,0,,,,scenario_left_turn_heavy,train,development,0.11
55,2i,150.0,3,5.0969,2,8.0,False,0,,,,scenario_left_turn_heavy,train,development,0.11
60,2i,150.0,4,9.6154,2,8.0,False,0,,,,scenario_left_turn_heavy,train,development,0.11
65,2i,150.0,4,4.9955,2,8.0,False,1,19.193,396.98,396.98,scenario_left_turn_heavy,train,development,0.11
70,2i,150.0,4,5.2708,2,8.0,False,1,19.2438,300.64,300.64,scenario_left_turn_heavy,train,development,0.11
75,2i,150.0,4,1.87,3,12.0,False,1,18.0413,206.77,206.77,scenario_left_turn_heavy,train,development,0.11
80,2i,150.0,4,5.6688,2,26.05,False,1,17.2443,121.76,121.76,scenario_left_turn_heavy,train,development,0.11
85,2i,150.0,3,6.1284,0,0.0,False,1,15.959,39.32,39.32,scenario_left_turn_heavy,train,development,0.11
90,2i,150.0,4,5.1742,2,15.04,False,1,1.663,1.0,1.0,scenario_left_turn_heavy,train,development,0.11
95,2i,150.0,4,1.4452,3,15.04,False,1,0.0,1.0,1.0,scenario_left_turn_heavy,train,development,0.11
100,2i,150.0,4,0.0065,4,19.06,False,1,0.0,1.0,1.0,scenario_left_turn_heavy,train,development,0.11
105,2i,150.0,6,7.8839,4,19.04,False,1,0.0,1.0,1.0,scenario_left_turn_heavy,train,development,0.11
110,2i,150.0,7,5.3039,4,19.04,False,2,12.0572,1.0,456.19,scenario_left_turn_heavy,train,development,0.11
115,2i,150.0,7,2.1976,5,26.05,False,2,11.8468,1.0,335.07,scenario_left_turn_heavy,train,development,0.11
120,2i,150.0,7,0.0024,6,26.04,False,2,12.0462,1.0,214.37,scenario_left_turn_heavy,train,development,0.11
125,2i,150.0,8,2.4807,7,26.04,False,2,9.9228,1.0,98.12,scenario_left_turn_heavy,train,development,0.11
130,2i,150.0,8,0.9447,7,26.04,False,2,3.779,1.0,36.77,scenario_left_turn_heavy,train,development,0.11
135,2i,150.0,9,2.65,8,30.05,False,2,0.0001,1.0,30.05,scenario_left_turn_heavy,train,development,0.11
140,2i,150.0,8,5.5194,5,30.05,False,1,0.0,30.05,30.05,scenario_left_turn_heavy,train,development,0.11
145,2i,150.0,6,1.9902,5,30.05,False,1,0.0,30.05,30.05,scenario_left_turn_heavy,train,development,0.11
150,2i,150.0,6,0.0714,5,30.05,False,1,0.0,30.05,30.05,scenario_left_turn_heavy,train,development,0.11
155,2i,150.0,7,2.4352,6,37.05,False,1,0.0,30.05,30.05,scenario_left_turn_heavy,train,development,0.11
160,2i,150.0,7,1.7921,6,37.05,False,1,0.0,30.05,30.05,scenario_left_turn_heavy,train,development,0.11
165,2i,150.0,9,3.8945,6,37.05,False,2,12.283,30.05,433.7,scenario_left_turn_heavy,train,development,0.11
170,2i,150.0,8,3.1348,6,37.05,False,2,13.0418,30.05,305.51,scenario_left_turn_heavy,train,development,0.11
175,2i,150.0,8,2.0655,1,1.0,False,2,13.544,26.4,180.23,scenario_left_turn_heavy,train,development,0.11
180,2i,150.0,9,2.2514,5,12.01,False,2,7.8038,16.3,82.94,scenario_left_turn_heavy,train,development,0.11
185,2i,150.0,9,0.4592,8,27.1,False,3,10.3491,16.01,375.84,scenario_left_turn_heavy,train,development,0.11
190,2i,150.0,9,0.0112,9,39.72,False,3,9.2645,16.0,241.15,scenario_left_turn_heavy,train,development,0.11
195,2i,150.0,12,5.736,9,39.72,False,3,6.93,16.0,117.58,scenario_left_turn_heavy,train,development,0.11
200,2i,150.0,12,2.6249,9,39.72,False,3,2.6795,16.0,51.65,scenario_left_turn_heavy,train,development,0.11
205,2i,150.0,12,0.0237,11,43.72,False,3,0.0023,16.0,43.72,scenario_left_turn_heavy,train,development,0.11
210,2i,150.0,12,0.0,12,43.72,False,3,0.0,16.0,43.72,scenario_left_turn_heavy,train,development,0.11
215,2i,150.0,13,1.2821,12,43.72,False,3,0.0,16.0,43.72,scenario_left_turn_heavy,train,development,0.11
220,2i,150.0,13,0.2727,12,43.72,False,3,0.0,16.0,43.72,scenario_left_turn_heavy,train,development,0.11
225,2i,150.0,13,0.0007,13,47.72,False,3,0.0,16.0,43.72,scenario_left_turn_heavy,train,development,0.11
230,2i,150.0,12,3.2642,9,47.72,False,3,0.0,16.0,43.72,scenario_left_turn_heavy,train,development,0.11
235,2i,150.0,11,2.3294,9,47.72,False,3,0.0,16.0,43.72,scenario_left_turn_heavy,train,development,0.11
240,2i,150.0,11,2.466,10,51.8,False,3,0.0,16.0,43.72,scenario_left_turn_heavy,train,development,0.11
245,2i,150.0,11,1.2122,10,51.72,False,3,0.0,16.0,43.72,scenario_left_turn_heavy,train,development,0.11
250,2i,150.0,11,1.5812,10,51.72,False,3,0.0,16.0,43.72,scenario_left_turn_heavy,train,development,0.11
255,2i,150.0,12,2.2062,10,51.72,False,3,0.0,16.0,43.72,scenario_left_turn_heavy,train,development,0.11
260,2i,150.0,10,2.0281,8,55.72,False,3,0.0,16.0,43.72,scenario_left_turn_heavy,train,development,0.11
265,2i,150.0,9,1.5788,4,55.72,False,3,1.1125,2.55,43.43,scenario_left_turn_heavy,train,development,0.11
270,2i,150.0,10,2.3543,3,8.04,False,3,1.3921,1.0,33.82,scenario_left_turn_heavy,train,development,0.11
275,2i,150.0,10,0.8272,6,28.82,False,4,6.7541,1.0,376.37,scenario_left_turn_heavy,train,development,0.11
280,2i,150.0,10,0.056,10,44.88,False,4,6.8838,1.0,241.46,scenario_left_turn_heavy,train,development,0.11
285,2i,150.0,12,3.567,10,44.72,False,4,4.9996,1.0,120.41,scenario_left_turn_heavy,train,development,0.11
290,2i,150.0,13,2.9791,10,44.72,False,4,1.7322,1.0,59.8,scenario_left_turn_heavy,train,development,0.11
295,2i,150.0,13,0.9897,11,51.76,False,4,0.0633,1.0,51.76,scenario_left_turn_heavy,train,development,0.11
300,2i,150.0,13,0.0,13,51.72,False,4,0.0,1.0,51.72,scenario_left_turn_heavy,train,development,0.11
305,2i,150.0,13,0.0,13,51.72,False,4,0.0,1.0,51.72,scenario_left_turn_heavy,train,development,0.11
310,2i,150.0,14,0.765,13,51.72,False,4,0.0,1.0,51.72,scenario_left_turn_heavy,train,development,0.11
315,2i,150.0,15,1.5909,13,51.72,False,4,0.0,1.0,51.72,scenario_left_turn_heavy,train,development,0.11
320,2i,150.0,12,1.4037,10,51.72,False,4,0.0,1.0,51.72,scenario_left_turn_heavy,train,development,0.11
325,2i,150.0,12,0.9177,11,55.72,False,4,0.0,1.0,51.72,scenario_left_turn_heavy,train,development,0.11
330,2i,150.0,12,0.0054,12,69.78,False,4,0.0,1.0,51.72,scenario_left_turn_heavy,train,development,0.11
335,2i,150.0,13,1.2609,12,69.76,False,4,0.0,1.0,51.72,scenario_left_turn_heavy,train,development,0.11
340,2i,150.0,14,1.9171,12,69.76,False,4,0.0,1.0,51.72,scenario_left_turn_heavy,train,development,0.11
345,2i,150.0,15,1.5911,12,69.76,False,4,0.0,1.0,51.72,scenario_left_turn_heavy,train,development,0.11
350,2i,150.0,14,1.3431,12,76.76,False,3,0.0,24.71,51.72,scenario_left_turn_heavy,train,development,0.11
355,2i,150.0,13,0.8682,8,76.76,False,3,1.9528,13.27,51.72,scenario_left_turn_heavy,train,development,0.11
360,2i,150.0,14,1.2311,8,76.74,False,3,0.3606,12.93,49.4,scenario_left_turn_heavy,train,development,0.11
365,2i,150.0,14,0.4618,9,33.46,False,4,6.8199,12.93,376.72,scenario_left_turn_heavy,train,development,0.11
370,2i,150.0,14,0.2121,12,58.31,False,4,6.5879,12.93,241.74,scenario_left_turn_heavy,train,development,0.11
375,2i,150.0,17,3.59,14,69.13,False,4,4.5978,12.93,124.8,scenario_left_turn_heavy,train,development,0.11
380,2i,150.0,17,1.7748,14,68.98,False,4,3.719,12.93,43.4,scenario_left_turn_heavy,train,development,0.11
385,2i,150.0,17,0.1883,16,72.98,False,4,0.7993,5.4,39.93,scenario_left_turn_heavy,train,development,0.11
390,2i,150.0,17,0.0,17,72.98,False,4,0.0,5.0,39.93,scenario_left_turn_heavy,train,development,0.11
395,2i,150.0,18,0.8855,17,72.98,False,5,5.311,5.0,376.02,scenario_left_turn_heavy,train,development,0.11
400,2i,150.0,18,0.1649,17,72.98,False,5,5.5442,5.0,240.51,scenario_left_turn_heavy,train,development,0.11
405,2i,150.0,19,0.8995,18,76.98,False,5,3.417,5.0,127.7,scenario_left_turn_heavy,train,development,0.11
410,2i,150.0,17,2.2071,14,76.98,False,4,3.7841,12.93,48.16,scenario_left_turn_heavy,train,development,0.11
415,2i,150.0,15,0.4157,14,76.98,False,3,0.0,12.93,39.93,scenario_left_turn_heavy,train,development,0.11
420,2i,150.0,16,1.6366,15,83.98,False,3,0.0,12.93,39.93,scenario_left_turn_heavy,train,development,0.11
425,2i,150.0,16,0.782,15,83.98,False,3,0.0,12.93,39.93,scenario_left_turn_heavy,train,development,0.11
430,2i,150.0,16,0.8667,15,83.98,False,3,0.0,12.93,39.93,scenario_left_turn_heavy,train,development,0.11
435,2i,150.0,16,0.0692,15,83.98,False,3,0.0,12.93,39.93,scenario_left_turn_heavy,train,development,0.11
440,2i,150.0,16,1.2041,13,87.98,False,3,1.4006,8.33,39.93,scenario_left_turn_heavy,train,development,0.11
445,2i,150.0,14,1.418,9,87.98,False,1,0.3036,39.63,39.63,scenario_left_turn_heavy,train,development,0.11
450,2i,150.0,14,0.8305,9,87.98,False,1,2.483,25.97,25.97,scenario_left_turn_heavy,train,development,0.11
455,2i,150.0,15,1.474,8,87.66,False,1,0.2631,20.21,20.21,scenario_left_turn_heavy,train,development,0.11
460,2i,150.0,15,0.9406,9,45.28,False,1,0.0013,20.01,20.01,scenario_left_turn_heavy,train,development,0.11
465,2i,150.0,16,1.4465,12,57.21,False,1,0.0,20.01,20.01,scenario_left_turn_heavy,train,development,0.11
470,2i,150.0,18,2.3792,14,68.09,False,1,0.0,20.01,20.01,scenario_left_turn_heavy,train,development,0.11
475,2i,150.0,18,1.0131,16,86.11,False,1,0.0,20.01,20.01,scenario_left_turn_heavy,train,development,0.11
480,2i,150.0,18,0.1019,17,86.1,False,1,0.0,20.01,20.01,scenario_left_turn_heavy,train,development,0.11
485,2i,150.0,18,0.0,18,86.1,False,1,0.0,20.01,20.01,scenario_left_turn_heavy,train,development,0.11
490,2i,150.0,19,0.4707,18,86.1,False,1,0.0,20.01,20.01,scenario_left_turn_heavy,train,development,0.11
495,2i,150.0,20,0.9564,18,86.1,False,1,0.0,20.01,20.01,scenario_left_turn_heavy,train,development,0.11
500,2i,150.0,17,1.0932,16,93.12,False,1,0.0,20.01,20.01,scenario_left_turn_heavy,train,development,0.11
505,2i,150.0,17,0.3764,16,93.1,False,1,0.0,20.01,20.01,scenario_left_turn_heavy,train,development,0.11
510,2i,150.0,18,1.3074,17,107.14,False,1,0.0,20.01,20.01,scenario_left_turn_heavy,train,development,0.11
515,2i,150.0,18,0.9572,17,107.14,False,1,0.0,20.01,20.01,scenario_left_turn_heavy,train,development,0.11
520,2i,150.0,17,0.0,17,107.14,False,1,0.0,20.01,20.01,scenario_left_turn_heavy,train,development,0.11
525,2i,150.0,17,0.0,17,107.14,False,2,9.4655,20.01,435.49,scenario_left_turn_heavy,train,development,0.11
530,2i,150.0,17,1.3789,14,107.14,False,2,9.5954,20.01,340.16,scenario_left_turn_heavy,train,development,0.11
535,2i,150.0,16,1.1848,11,114.14,False,2,9.1673,11.25,254.51,scenario_left_turn_heavy,train,development,0.11
540,2i,150.0,16,0.6097,10,114.14,False,2,5.5213,8.01,190.62,scenario_left_turn_heavy,train,development,0.11
545,2i,150.0,17,0.9046,11,114.11,False,2,3.2643,8.0,149.0,scenario_left_turn_heavy,train,development,0.11
550,2i,150.0,17,0.5836,12,111.62,False,2,1.2121,8.0,129.19,scenario_left_turn_heavy,train,development,0.11
555,2i,150.0,18,1.6907,13,74.22,False,2,0.6937,8.0,121.35,scenario_left_turn_heavy,train,development,0.11
560,2i,150.0,20,1.6913,17,116.67,False,2,0.3414,8.0,116.67,scenario_left_turn_heavy,train,development,0.11
565,2i,150.0,20,0.4208,18,130.25,False,2,0.0039,8.0,116.19,scenario_left_turn_heavy,train,development,0.11
570,2i,150.0,20,0.012,20,130.22,False,2,0.0001,8.0,116.18,scenario_left_turn_heavy,train,development,0.11
575,2i,150.0,20,0.0,20,130.22,False,2,0.0,8.0,116.18,scenario_left_turn_heavy,train,development,0.11
580,2i,150.0,21,0.2699,20,130.22,False,2,0.0,8.0,116.18,scenario_left_turn_heavy,train,development,0.11
585,2i,150.0,21,0.004,21,137.25,False,2,0.0,8.0,116.18,scenario_left_turn_heavy,train,development,0.11
590,2i,150.0,19,1.0097,18,137.22,False,2,0.0,8.0,116.18,scenario_left_turn_heavy,train,development,0.11
595,2i,150.0,18,0.0,18,137.22,False,3,6.48,8.0,474.59,scenario_left_turn_heavy,train,development,0.11
600,2i,150.0,19,1.2797,18,137.22,False,3,6.2474,8.0,379.76,scenario_left_turn_heavy,train,development,0.11
605,2i,150.0,19,0.8795,18,137.22,False,4,9.2503,8.0,397.38,scenario_left_turn_heavy,train,development,0.11
610,2i,150.0,19,0.0,19,149.93,True,4,7.0642,8.0,309.76,scenario_left_turn_heavy,train,development,0.11
615,2i,150.0,19,0.0,19,149.93,True,4,5.3154,8.0,225.88,scenario_left_turn_heavy,train,development,0.11
620,2i,150.0,19,1.1972,16,149.93,True,4,5.4163,1.74,163.97,scenario_left_turn_heavy,train,development,0.11
625,2i,150.0,18,1.2986,12,149.93,True,3,5.4595,58.81,163.97,scenario_left_turn_heavy,train,development,0.11
630,2i,150.0,18,0.7518,12,149.93,True,3,1.7187,3.16,163.97,scenario_left_turn_heavy,train,development,0.11
635,2i,150.0,18,0.4199,15,149.93,True,3,0.253,1.0,163.97,scenario_left_turn_heavy,train,development,0.11
640,2i,150.0,18,0.4474,12,148.51,True,3,0.5362,1.0,163.35,scenario_left_turn_heavy,train,development,0.11
645,2i,150.0,18,0.1818,15,105.43,False,3,0.6053,1.0,159.2,scenario_left_turn_heavy,train,development,0.11
650,2i,150.0,20,1.6185,18,139.18,False,3,0.2184,1.0,153.69,scenario_left_turn_heavy,train,development,0.11
655,2i,150.0,20,0.9081,18,138.93,False,3,0.0091,1.0,152.98,scenario_left_turn_heavy,train,development,0.11
660,2i,150.0,20,0.0026,20,138.93,False,3,0.0,1.0,152.97,scenario_left_turn_heavy,train,development,0.11
665,2i,150.0,20,0.0,20,138.93,False,3,0.0,1.0,152.97,scenario_left_turn_heavy,train,development,0.11
670,2i,150.0,20,0.0,20,138.93,False,3,0.0,1.0,152.97,scenario_left_turn_heavy,train,development,0.11
675,2i,150.0,20,0.0,20,138.93,False,3,0.0,1.0,152.97,scenario_left_turn_heavy,train,development,0.11
680,2i,150.0,19,1.1044,17,138.93,False,3,6.0764,105.17,399.59,scenario_left_turn_heavy,train,development,0.11
685,2i,150.0,18,0.6291,17,138.93,False,3,6.2499,105.17,305.24,scenario_left_turn_heavy,train,development,0.11
690,2i,150.0,17,0.0,17,138.93,False,3,6.0921,105.17,212.3,scenario_left_turn_heavy,train,development,0.11
695,2i,150.0,18,1.0533,17,138.93,False,3,6.3196,105.17,152.97,scenario_left_turn_heavy,train,development,0.11
700,2i,150.0,18,0.7609,17,138.93,False,3,4.5654,36.76,152.97,scenario_left_turn_heavy,train,development,0.11
705,2i,150.0,18,0.0725,17,138.93,False,3,0.4349,1.0,152.97,scenario_left_turn_heavy,train,development,0.11
710,2i,150.0,18,1.1885,16,138.93,False,3,0.0,1.0,152.97,scenario_left_turn_heavy,train,development,0.11
715,2i,150.0,18,1.2827,11,138.93,False,3,0.0,1.0,152.97,scenario_left_turn_heavy,train,development,0.11
720,2i,150.0,18,0.5496,11,138.93,False,3,0.0,1.0,152.97,scenario_left_turn_heavy,train,development,0.11
725,2i,150.0,18,0.5378,13,138.79,False,3,0.2926,1.0,152.94,scenario_left_turn_heavy,train,development,0.11
730,2i,150.0,18,0.4439,12,136.19,False,3,0.7616,1.0,151.19,scenario_left_turn_heavy,train,development,0.11
735,2i,150.0,19,0.2842,15,91.35,False,3,0.509,1.0,146.47,scenario_left_turn_heavy,train,development,0.11
740,2i,150.0,21,1.556,18,125.07,False,3,0.498,1.0,139.91,scenario_left_turn_heavy,train,development,0.11
745,2i,150.0,21,0.9973,19,138.94,False,3,0.0069,1.0,138.94,scenario_left_turn_heavy,train,development,0.11
750,2i,150.0,21,0.2935,20,138.93,False,3,0.0001,1.0,138.93,scenario_left_turn_heavy,train,development,0.11
755,2i,150.0,21,0.0752,20,138.93,False,3,0.0,1.0,138.93,scenario_left_turn_heavy,train,development,0.11
760,2i,150.0,21,0.0001,21,138.93,False,3,0.0,1.0,138.93,scenario_left_turn_heavy,train,development,0.11
765,2i,150.0,21,0.0,21,138.93,False,3,0.0,1.0,138.93,scenario_left_turn_heavy,train,development,0.11
770,2i,150.0,19,1.0408,17,138.93,False,2,0.0,91.13,138.93,scenario_left_turn_heavy,train,development,0.11
775,2i,150.0,18,1.112,17,138.93,False,2,0.0,91.13,138.93,scenario_left_turn_heavy,train,development,0.11
780,2i,150.0,18,1.3136,17,138.93,False,2,0.0,91.13,138.93,scenario_left_turn_heavy,train,development,0.11
785,2i,150.0,18,0.9525,17,138.93,False,2,0.0,91.13,138.93,scenario_left_turn_heavy,train,development,0.11
790,2i,150.0,17,0.0,17,138.93,False,2,0.0,91.13,138.93,scenario_left_turn_heavy,train,development,0.11
795,2i,150.0,17,0.0,17,138.93,False,2,0.0,91.13,138.93,scenario_left_turn_heavy,train,development,0.11
800,2i,150.0,17,1.4081,14,138.93,False,2,0.0,91.13,138.93,scenario_left_turn_heavy,train,development,0.11
805,2i,150.0,15,1.681,10,138.93,False,2,0.0,91.13,138.93,scenario_left_turn_heavy,train,development,0.11
810,2i,150.0,15,0.7728,10,138.93,False,2,0.0493,91.03,138.93,scenario_left_turn_heavy,train,development,0.11
815,2i,150.0,15,0.7251,8,138.74,False,3,9.6231,85.5,376.52,scenario_left_turn_heavy,train,development,0.11
820,2i,150.0,16,0.571,10,148.99,True,3,5.9987,78.55,274.14,scenario_left_turn_heavy,train,development,0.11
825,2i,150.0,17,1.7504,12,90.4,False,3,1.2111,76.17,237.87,scenario_left_turn_heavy,train,development,0.11
830,2i,150.0,18,1.8288,15,124.06,False,3,0.1341,76.13,237.5,scenario_left_turn_heavy,train,development,0.11
835,2i,150.0,18,0.8303,16,136.64,False,3,0.2527,76.13,234.98,scenario_left_turn_heavy,train,development,0.11
840,2i,150.0,18,0.0007,17,136.64,False,3,0.3154,76.13,230.08,scenario_left_turn_heavy,train,development,0.11
845,2i,150.0,18,0.0,18,136.64,False,3,0.2301,76.13,225.05,scenario_left_turn_heavy,train,development,0.11
850,2i,150.0,18,0.0,18,136.64,False,3,0.0131,76.13,222.82,scenario_left_turn_heavy,train,development,0.11
855,2i,150.0,18,0.0,18,136.64,False,3,0.0006,76.13,222.77,scenario_left_turn_heavy,train,development,0.11
860,2i,150.0,16,1.1364,15,136.64,False,3,0.0001,76.13,222.77,scenario_left_turn_heavy,train,development,0.11
865,2i,150.0,16,0.977,15,136.64,False,3,0.0,76.13,222.77,scenario_left_turn_heavy,train,development,0.11
870,2i,150.0,15,0.0,15,136.64,False,3,0.0,76.13,222.77,scenario_left_turn_heavy,train,development,0.11
875,2i,150.0,16,1.1969,15,136.64,False,3,0.0,76.13,222.77,scenario_left_turn_heavy,train,development,0.11
880,2i,150.0,16,0.8041,15,136.64,False,3,0.0,76.13,222.77,scenario_left_turn_heavy,train,development,0.11
885,2i,150.0,16,0.1067,15,136.64,False,3,0.0,76.13,222.77,scenario_left_turn_heavy,train,development,0.11
890,2i,150.0,16,1.1495,14,136.64,False,3,0.0,76.13,222.77,scenario_left_turn_heavy,train,development,0.11
895,2i,150.0,14,1.9067,10,136.64,False,3,0.0,76.13,222.77,scenario_left_turn_heavy,train,development,0.11
900,2i,150.0,14,0.9368,8,136.64,False,3,0.4141,74.09,222.77,scenario_left_turn_heavy,train,development,0.11
905,2i,150.0,14,0.7198,9,135.89,False,3,0.9098,65.11,222.77,scenario_left_turn_heavy,train,development,0.11
910,2i,150.0,15,0.5619,9,61.27,False,3,0.771,61.27,222.77,scenario_left_turn_heavy,train,development,0.11
915,2i,150.0,17,1.6443,13,109.44,False,3,0.1089,61.13,222.7,scenario_left_turn_heavy,train,development,0.11
920,2i,150.0,19,1.6754,16,139.97,False,3,0.3128,61.13,220.78,scenario_left_turn_heavy,train,development,0.11
925,2i,150.0,19,0.8184,17,146.68,True,3,0.2688,61.13,216.44,scenario_left_turn_heavy,train,development,0.11
930,2i,150.0,19,0.1663,18,146.68,True,3,0.2083,61.13,210.74,scenario_left_turn_heavy,train,development,0.11
935,2i,150.0,19,0.0,19,146.68,True,3,0.0367,61.13,207.91,scenario_left_turn_heavy,train,development,0.11
940,2i,150.0,19,0.0,19,146.68,True,3,0.0008,61.13,207.77,scenario_left_turn_heavy,train,development,0.11
945,2i,150.0,19,0.0,19,146.68,True,3,0.0,61.13,207.76,scenario_left_turn_heavy,train,development,0.11
950,2i,150.0,16,1.1767,15,146.68,True,3,0.0,61.13,207.76,scenario_left_turn_heavy,train,development,0.11
955,2i,150.0,16,0.9607,15,146.68,True,3,0.0,61.13,207.76,scenario_left_turn_heavy,train,development,0.11
960,2i,150.0,16,1.6604,15,146.68,True,3,0.0,61.13,207.76,scenario_left_turn_heavy,train,development,0.11
965,2i,150.0,16,0.8413,15,146.68,True,3,0.0,61.13,207.76,scenario_left_turn_heavy,train,development,0.11
970,2i,150.0,15,0.0,15,146.68,True,3,0.0,61.13,207.76,scenario_left_turn_heavy,train,development,0.11
975,2i,150.0,15,0.0,15,146.68,True,3,0.0,61.13,207.76,scenario_left_turn_heavy,train,development,0.11
980,2i,150.0,15,1.2013,13,146.68,True,3,0.0,61.13,207.76,scenario_left_turn_heavy,train,development,0.11
985,2i,150.0,14,1.6962,9,146.68,True,3,0.0901,60.66,207.76,scenario_left_turn_heavy,train,development,0.11
990,2i,150.0,14,1.0174,7,146.68,True,3,1.0099,51.63,207.76,scenario_left_turn_heavy,train,development,0.11
995,2i,150.0,14,0.7727,8,145.8,True,3,0.877,43.52,207.76,scenario_left_turn_heavy,train,development,0.11
1000,2i,150.0,15,0.7509,8,64.3,False,3,0.3779,43.09,207.76,scenario_left_turn_heavy,train,development,0.11
1005,2i,150.0,17,1.8619,12,123.87,False,3,0.1409,43.09,207.0,scenario_left_turn_heavy,train,development,0.11
1010,2i,150.0,18,1.6958,15,136.18,False,3,0.3723,43.09,203.33,scenario_left_turn_heavy,train,development,0.11
1015,2i,150.0,19,0.8127,17,149.72,True,3,0.53,43.09,194.89,scenario_left_turn_heavy,train,development,0.11
1020,2i,150.0,19,0.0088,18,149.64,True,3,0.0861,43.09,190.44,scenario_left_turn_heavy,train,development,0.11
1025,2i,150.0,19,0.0,19,149.64,True,3,0.0071,43.09,189.74,scenario_left_turn_heavy,train,development,0.11
1030,2i,150.0,19,0.0,19,149.64,True,3,0.0,43.09,189.72,scenario_left_turn_heavy,train,development,0.11
1035,2i,150.0,19,0.0,19,149.64,True,3,0.0,43.09,189.72,scenario_left_turn_heavy,train,development,0.11
1040,2i,150.0,17,1.0781,16,149.64,True,3,0.0,43.09,189.72,scenario_left_turn_heavy,train,development,0.11
1045,2i,150.0,17,0.9214,16,149.64,True,4,6.9425,43.09,483.3,scenario_left_turn_heavy,train,development,0.11
1050,2i,150.0,17,1.478,16,149.64,True,4,5.8948,43.09,353.3,scenario_left_turn_heavy,train,development,0.11
1055,2i,150.0,17,0.7811,16,149.64,True,4,2.3948,43.09,277.4,scenario_left_turn_heavy,train,development,0.11
1060,2i,150.0,16,0.0,16,149.64,True,4,0.0296,43.09,263.81,scenario_left_turn_heavy,train,development,0.11
1065,2i,150.0,16,0.0,16,149.64,True,5,5.3196,43.09,429.69,scenario_left_turn_heavy,train,development,0.11
1070,2i,150.0,16,1.1151,14,149.64,True,5,3.4635,43.09,316.61,scenario_left_turn_heavy,train,development,0.11
1075,2i,150.0,15,1.8706,10,149.64,True,5,1.1728,38.11,269.7,scenario_left_turn_heavy,train,development,0.11
1080,2i,150.0,15,1.0009,9,149.64,True,5,0.514,24.44,267.78,scenario_left_turn_heavy,train,development,0.11
1085,2i,150.0,15,0.9214,8,149.36,True,5,0.3663,22.06,267.78,scenario_left_turn_heavy,train,development,0.11
1090,2i,150.0,15,0.845,7,55.85,False,5,0.1509,22.04,267.78,scenario_left_turn_heavy,train,development,0.11
1095,2i,150.0,17,1.9458,10,96.62,False,5,0.2089,22.04,267.78,scenario_left_turn_heavy,train,development,0.11
1100,2i,150.0,18,2.026,14,121.74,False,5,0.2248,22.04,267.78,scenario_left_turn_heavy,train,development,0.11
1105,2i,150.0,19,0.896,17,146.67,True,5,0.4908,22.04,267.77,scenario_left_turn_heavy,train,development,0.11
1110,2i,150.0,19,0.1143,18,146.64,True,5,0.1091,22.04,267.34,scenario_left_turn_heavy,train,development,0.11
1115,2i,150.0,19,0.0003,19,146.64,True,5,0.4811,22.04,264.63,scenario_left_turn_heavy,train,development,0.11
1120,2i,150.0,19,0.0,19,146.64,True,5,0.7123,22.04,258.01,scenario_left_turn_heavy,train,development,0.11
1125,2i,150.0,19,0.0,19,146.64,True,5,0.412,22.04,249.65,scenario_left_turn_heavy,train,development,0.11
1130,2i,150.0,17,0.9383,16,146.64,True,5,0.0796,22.04,247.2,scenario_left_turn_heavy,train,development,0.11
1135,2i,150.0,17,0.8242,16,146.64,True,5,0.002,22.04,246.75,scenario_left_turn_heavy,train,development,0.11
1140,2i,150.0,16,0.0,16,146.64,True,5,0.0002,22.04,246.73,scenario_left_turn_heavy,train,development,0.11
1145,2i,150.0,17,1.0727,16,146.64,True,5,0.0,22.04,246.73,scenario_left_turn_heavy,train,development,0.11
1150,2i,150.0,17,0.8242,16,146.64,True,5,0.0,22.04,246.73,scenario_left_turn_heavy,train,development,0.11
1155,2i,150.0,17,0.0482,16,146.64,True,6,2.8209,22.04,438.69,scenario_left_turn_heavy,train,development,0.11
1160,2i,150.0,17,1.1993,15,146.64,True,6,2.3018,21.06,365.54,scenario_left_turn_heavy,train,development,0.11
1165,2i,150.0,16,1.7641,11,146.64,True,6,2.2383,6.7,314.88,scenario_left_turn_heavy,train,development,0.11
1170,2i,150.0,16,1.1897,9,146.64,True,6,1.2366,1.0,286.73,scenario_left_turn_heavy,train,development,0.11
1175,2i,150.0,16,0.9329,8,146.39,True,6,0.2356,1.0,279.85,scenario_left_turn_heavy,train,development,0.11
1180,2i,150.0,17,0.6538,9,75.7,False,6,0.0932,1.0,279.78,scenario_left_turn_heavy,train,development,0.11
1185,2i,150.0,18,0.4768,12,93.66,False,6,0.184,1.0,279.78,scenario_left_turn_heavy,train,development,0.11
1190,2i,150.0,20,1.8363,15,111.65,False,6,0.2552,1.0,279.78,scenario_left_turn_heavy,train,development,0.11
1195,2i,150.0,21,0.8719,19,148.57,True,6,0.1588,1.0,279.78,scenario_left_turn_heavy,train,development,0.11
1200,2i,150.0,21,0.054,20,147.65,True,6,0.2539,1.0,279.69,scenario_left_turn_heavy,train,development,0.11
1205,2i,150.0,21,0.0,21,147.64,True,6,0.6686,1.0,278.49,scenario_left_turn_heavy,train,development,0.11
1210,2i,150.0,21,0.0,21,147.64,True,6,0.5516,1.0,274.72,scenario_left_turn_heavy,train,development,0.11
1215,2i,150.0,21,0.0,21,147.64,True,6,0.3495,1.0,268.61,scenario_left_turn_heavy,train,development,0.11
1220,2i,150.0,18,0.981,17,147.64,True,7,4.0706,1.0,375.45,scenario_left_turn_heavy,train,development,0.11
1225,2i,150.0,18,0.7933,17,147.64,True,7,3.7689,1.0,258.82,scenario_left_turn_heavy,train,development,0.11
1230,2i,150.0,18,1.4282,17,147.64,True,7,3.673,1.0,258.74,scenario_left_turn_heavy,train,development,0.11
1235,2i,150.0,18,0.7373,17,147.64,True,7,1.8958,1.0,258.74,scenario_left_turn_heavy,train,development,0.11
1240,2i,150.0,17,0.0,17,147.64,True,6,0.0,1.0,258.74,scenario_left_turn_heavy,train,development,0.11
1245,2i,150.0,17,0.0,17,147.64,True,6,0.0,1.0,258.74,scenario_left_turn_heavy,train,development,0.11
1250,2i,150.0,17,1.1071,15,147.64,True,5,0.0,48.8,258.74,scenario_left_turn_heavy,train,development,0.11
1255,2i,150.0,16,1.7775,12,147.64,True,5,0.2292,45.25,258.74,scenario_left_turn_heavy,train,development,0.11
1260,2i,150.0,16,1.2601,9,147.64,True,5,0.4787,30.34,258.74,scenario_left_turn_heavy,train,development,0.11
1265,2i,150.0,16,0.8637,9,147.61,True,6,4.6132,27.75,374.38,scenario_left_turn_heavy,train,development,0.11
1270,2i,150.0,16,0.8074,9,145.58,True,6,4.5076,27.75,258.74,scenario_left_turn_heavy,train,development,0.11
1275,2i,150.0,18,1.9417,11,86.7,False,6,4.544,27.75,258.74,scenario_left_turn_heavy,train,development,0.11
1280,2i,150.0,20,1.8885,14,108.71,False,7,5.7578,21.79,456.87,scenario_left_turn_heavy,train,development,0.11
1285,2i,150.0,21,0.8237,18,137.99,False,7,2.2651,1.0,356.12,scenario_left_turn_heavy,train,development,0.11
1290,2i,150.0,21,0.1702,20,141.65,False,7,0.8325,1.0,320.77,scenario_left_turn_heavy,train,development,0.11
1295,2i,150.0,21,0.0,21,141.6,False,7,0.4267,1.0,319.85,scenario_left_turn_heavy,train,development,0.11
1300,2i,150.0,21,0.0,21,141.6,False,7,0.4167,1.0,319.56,scenario_left_turn_heavy,train,development,0.11
1305,2i,150.0,21,0.0,21,141.6,False,7,0.438,1.0,317.3,scenario_left_turn_heavy,train,development,0.11
1310,2i,150.0,19,0.9325,18,141.6,False,6,0.3025,27.75,313.13,scenario_left_turn_heavy,train,development,0.11
1315,2i,150.0,19,0.7636,18,141.6,False,7,4.2206,27.75,483.3,scenario_left_turn_heavy,train,development,0.11
1320,2i,150.0,19,1.353,18,141.6,False,7,2.7184,27.75,366.76,scenario_left_turn_heavy,train,development,0.11
1325,2i,150.0,19,0.7133,18,141.6,False,7,1.0303,27.75,313.29,scenario_left_turn_heavy,train,development,0.11
1330,2i,150.0,18,0.0,18,141.6,False,7,0.0041,27.75,306.86,scenario_left_turn_heavy,train,development,0.11
1335,2i,150.0,18,0.0,18,141.6,False,7,0.0,27.75,306.82,scenario_left_turn_heavy,train,development,0.11
1340,2i,150.0,18,0.998,16,141.6,False,7,0.0527,27.38,306.82,scenario_left_turn_heavy,train,development,0.11
1345,2i,150.0,17,1.8012,12,141.6,False,7,0.6419,11.87,306.82,scenario_left_turn_heavy,train,development,0.11
1350,2i,150.0,17,1.3167,9,141.6,False,7,0.0,1.0,306.82,scenario_left_turn_heavy,train,development,0.11
1355,2i,150.0,17,0.9103,10,141.6,False,8,3.1187,1.0,384.39,scenario_left_turn_heavy,train,development,0.11
1360,2i,150.0,17,0.9676,10,140.64,False,8,3.3698,1.0,306.82,scenario_left_turn_heavy,train,development,0.11
1365,2i,150.0,19,2.0879,11,77.99,False,8,3.5064,1.0,306.82,scenario_left_turn_heavy,train,development,0.11
1370,2i,150.0,20,1.897,13,85.83,False,8,1.8934,1.0,306.82,scenario_left_turn_heavy,train,development,0.11
1375,2i,150.0,22,0.867,16,110.87,False,8,0.4311,1.0,306.82,scenario_left_turn_heavy,train,development,0.11
1380,2i,150.0,23,0.408,21,140.27,False,8,0.4876,1.0,306.82,scenario_left_turn_heavy,train,development,0.11
1385,2i,150.0,23,0.1301,22,146.93,True,8,0.7135,1.0,306.82,scenario_left_turn_heavy,train,development,0.11
1390,2i,150.0,23,0.0008,23,146.89,True,8,0.4874,1.0,306.38,scenario_left_turn_heavy,train,development,0.11
1395,2i,150.0,23,0.0,23,146.89,True,8,0.3599,1.0,303.67,scenario_left_turn_heavy,train,development,0.11
1400,2i,150.0,21,0.8635,20,146.89,True,7,0.4476,1.0,298.68,scenario_left_turn_heavy,train,development,0.11
1405,2i,150.0,21,0.6658,20,146.89,True,7,0.6225,1.0,288.91,scenario_left_turn_heavy,train,development,0.11
1410,2i,150.0,21,1.2803,20,146.89,True,7,0.186,1.0,283.55,scenario_left_turn_heavy,train,development,0.11
1415,2i,150.0,21,0.6489,20,146.89,True,7,0.0296,1.0,280.27,scenario_left_turn_heavy,train,development,0.11
1420,2i,150.0,20,0.0,20,146.89,True,7,0.0006,1.0,280.08,scenario_left_turn_heavy,train,development,0.11
1425,2i,150.0,20,0.0,20,146.89,True,7,0.0,1.0,280.07,scenario_left_turn_heavy,train,development,0.11
1430,2i,150.0,20,0.8884,18,146.89,True,6,0.0,99.84,280.07,scenario_left_turn_heavy,train,development,0.11
1435,2i,150.0,19,1.6583,14,146.89,True,6,0.0,99.84,280.07,scenario_left_turn_heavy,train,development,0.11
1440,2i,150.0,19,1.2143,13,146.89,True,6,0.0064,99.81,280.07,scenario_left_turn_heavy,train,development,0.11
1445,2i,150.0,19,0.836,13,146.89,True,7,3.1896,96.4,386.25,scenario_left_turn_heavy,train,development,0.11
1450,2i,150.0,19,0.9366,12,146.26,True,7,2.781,84.81,304.13,scenario_left_turn_heavy,train,development,0.11
1455,2i,150.0,20,0.7761,10,55.1,False,7,2.8248,75.79,280.07,scenario_left_turn_heavy,train,development,0.11
1460,2i,150.0,23,2.0388,13,77.14,False,8,4.926,73.1,456.59,scenario_left_turn_heavy,train,development,0.11
1465,2i,150.0,24,1.7775,17,110.17,False,8,4.0808,55.05,363.92,scenario_left_turn_heavy,train,development,0.11
1470,2i,150.0,25,0.4632,20,124.74,False,8,1.0733,9.37,337.57,scenario_left_turn_heavy,train,development,0.11
1475,2i,150.0,27,0.0907,25,139.7,False,8,0.906,8.0,336.83,scenario_left_turn_heavy,train,development,0.11
1480,2i,150.0,27,0.0073,27,147.26,True,8,2.6721,8.0,332.89,scenario_left_turn_heavy,train,development,0.11
1485,2i,150.0,28,0.6874,27,147.15,True,8,3.1435,8.0,329.05,scenario_left_turn_heavy,train,development,0.11
1490,2i,150.0,27,1.9513,24,147.14,True,7,2.5785,42.95,325.65,scenario_left_turn_heavy,train,development,0.11
1495,2i,150.0,27,0.9697,24,147.14,True,7,0.6116,2.66,321.47,scenario_left_turn_heavy,train,development,0.11
1500,2i,150.0,28,1.0158,26,147.14,True,7,0.2271,2.66,313.41,scenario_left_turn_heavy,train,development,0.11
1505,2i,150.0,28,0.5356,27,147.14,True,7,0.1242,2.66,305.54,scenario_left_turn_heavy,train,development,0.11
1510,2i,150.0,27,0.0,27,147.14,True,7,0.0426,2.66,302.52,scenario_left_turn_heavy,train,development,0.11
1515,2i,150.0,27,0.0,27,147.14,True,7,0.0009,2.66,302.09,scenario_left_turn_heavy,train,development,0.11
1520,2i,150.0,25,0.0312,24,147.14,True,7,0.1115,0.17,302.08,scenario_left_turn_heavy,train,development,0.11
1525,2i,150.0,25,0.6949,19,147.14,True,6,0.0,73.09,302.08,scenario_left_turn_heavy,train,development,0.11
1530,2i,150.0,25,0.5053,22,147.14,True,6,0.0391,72.8,302.08,scenario_left_turn_heavy,train,development,0.11
1535,2i,150.0,25,0.336,23,147.14,True,7,3.3452,69.3,385.46,scenario_left_turn_heavy,train,development,0.11
1540,2i,150.0,25,0.2104,24,147.14,True,7,3.391,66.15,302.08,scenario_left_turn_heavy,train,development,0.11
1545,2i,150.0,26,1.123,25,147.01,True,7,3.5002,66.09,302.08,scenario_left_turn_heavy,train,development,0.11
1550,2i,150.0,28,1.1992,26,149.93,True,7,2.1589,47.97,302.08,scenario_left_turn_heavy,train,development,0.11
1555,2i,150.0,28,0.7537,25,146.93,True,7,0.7863,1.66,302.08,scenario_left_turn_heavy,train,development,0.11
1560,2i,150.0,29,0.1058,28,148.67,True,7,0.1851,1.0,302.08,scenario_left_turn_heavy,train,development,0.11
1565,2i,150.0,29,0.001,29,148.17,True,7,0.0615,1.0,302.08,scenario_left_turn_heavy,train,development,0.11
1570,2i,150.0,29,0.0,29,148.15,True,8,2.5748,1.0,415.14,scenario_left_turn_heavy,train,development,0.11
1575,2i,150.0,29,0.0,29,148.15,True,8,0.9781,1.0,351.35,scenario_left_turn_heavy,train,development,0.11
1580,2i,150.0,26,0.0979,25,148.15,True,8,2.4892,66.09,397.57,scenario_left_turn_heavy,train,development,0.11
1585,2i,150.0,26,0.5613,25,148.15,True,8,2.4639,66.09,343.14,scenario_left_turn_heavy,train,development,0.11
1590,2i,150.0,26,0.5062,25,148.15,True,8,2.4049,66.09,341.01,scenario_left_turn_heavy,train,development,0.11
1595,2i,150.0,26,0.7113,25,148.15,True,8,2.3427,66.09,338.86,scenario_left_turn_heavy,train,development,0.11
1600,2i,150.0,26,0.5243,25,148.15,True,8,1.7115,34.22,338.16,scenario_left_turn_heavy,train,development,0.11
1605,2i,150.0,26,0.0286,25,148.15,True,8,0.093,1.0,338.12,scenario_left_turn_heavy,train,development,0.11
1610,2i,150.0,25,0.7893,23,148.15,True,8,0.0,1.0,338.12,scenario_left_turn_heavy,train,development,0.11
1615,2i,150.0,24,1.0121,20,148.15,True,8,0.0,1.0,338.12,scenario_left_turn_heavy,train,development,0.11
1620,2i,150.0,24,0.7739,18,148.15,True,8,0.1843,1.0,338.12,scenario_left_turn_heavy,train,development,0.11
1625,2i,150.0,24,0.5211,18,148.15,True,9,1.7146,1.0,416.29,scenario_left_turn_heavy,train,development,0.11
1630,2i,150.0,24,0.4912,16,148.15,True,9,0.6984,1.0,372.25,scenario_left_turn_heavy,train,development,0.11
1635,2i,150.0,25,1.4418,16,147.96,True,9,0.0928,1.0,361.84,scenario_left_turn_heavy,train,development,0.11
1640,2i,150.0,27,1.4562,16,95.27,False,9,0.2548,1.0,361.83,scenario_left_turn_heavy,train,development,0.11
1645,2i,150.0,28,0.9385,22,144.13,False,9,0.5093,1.0,361.83,scenario_left_turn_heavy,train,development,0.11
1650,2i,150.0,28,0.3187,24,126.41,False,9,0.3023,1.0,361.83,scenario_left_turn_heavy,train,development,0.11
1655,2i,150.0,28,0.0226,28,138.43,False,9,0.2512,1.0,361.83,scenario_left_turn_heavy,train,development,0.11
1660,2i,150.0,28,0.0002,28,138.15,False,10,1.7999,1.0,426.93,scenario_left_turn_heavy,train,development,0.11
1665,2i,150.0,28,0.0,28,138.14,False,10,0.4169,1.0,387.41,scenario_left_turn_heavy,train,development,0.11
1670,2i,150.0,25,0.6648,24,138.14,False,9,0.1591,48.09,387.2,scenario_left_turn_heavy,train,development,0.11
1675,2i,150.0,25,0.7005,24,138.14,False,9,0.259,48.09,386.39,scenario_left_turn_heavy,train,development,0.11
1680,2i,150.0,25,1.0549,24,138.14,False,9,0.505,48.09,383.33,scenario_left_turn_heavy,train,development,0.11
1685,2i,150.0,25,0.5684,24,138.14,False,9,0.3112,48.09,379.48,scenario_left_turn_heavy,train,development,0.11
1690,2i,150.0,24,0.0,24,138.14,False,9,0.1596,48.09,373.35,scenario_left_turn_heavy,train,development,0.11
1695,2i,150.0,24,0.0,24,138.14,False,9,0.047,48.09,370.2,scenario_left_turn_heavy,train,development,0.11
1700,2i,150.0,23,0.1621,22,138.14,False,9,0.0139,48.09,369.33,scenario_left_turn_heavy,train,development,0.11
1705,2i,150.0,23,1.0378,18,138.14,False,9,0.0903,46.92,369.26,scenario_left_turn_heavy,train,development,0.11
1710,2i,150.0,23,0.6052,18,138.14,False,9,0.1702,38.64,369.25,scenario_left_turn_heavy,train,development,0.11
1715,2i,150.0,23,0.3151,18,138.14,False,9,0.0011,37.09,369.25,scenario_left_turn_heavy,train,development,0.11
1720,2i,150.0,23,0.3801,20,138.14,False,9,0.043,37.09,369.25,scenario_left_turn_heavy,train,development,0.11
1725,2i,150.0,24,1.3381,19,137.73,False,9,0.4274,37.09,369.25,scenario_left_turn_heavy,train,development,0.11
1730,2i,150.0,26,1.4991,20,149.32,True,9,0.2107,37.09,369.25,scenario_left_turn_heavy,train,development,0.11
1735,2i,150.0,26,0.9137,23,128.9,False,9,0.1727,37.09,369.25,scenario_left_turn_heavy,train,development,0.11
1740,2i,150.0,27,0.2076,26,148.83,True,9,0.1028,37.09,369.25,scenario_left_turn_heavy,train,development,0.11
1745,2i,150.0,27,0.0042,27,148.2,True,9,0.12,37.09,369.25,scenario_left_turn_heavy,train,development,0.11
1750,2i,150.0,27,0.0,27,148.19,True,9,0.15,37.09,369.25,scenario_left_turn_heavy,train,development,0.11
1755,2i,150.0,27,0.0,27,148.19,True,9,0.1177,37.09,369.23,scenario_left_turn_heavy,train,development,0.11
1760,2i,150.0,24,0.0,24,148.19,True,9,0.2044,37.09,368.84,scenario_left_turn_heavy,train,development,0.11
1765,2i,150.0,25,0.7357,24,148.18,True,9,0.2396,37.09,366.88,scenario_left_turn_heavy,train,development,0.11
1770,2i,150.0,24,0.0,24,148.18,True,9,0.0992,37.09,362.99,scenario_left_turn_heavy,train,development,0.11
1775,2i,150.0,25,0.6613,24,148.18,True,9,0.0833,37.09,359.74,scenario_left_turn_heavy,train,development,0.11
1780,2i,150.0,25,0.4813,24,148.18,True,9,0.0107,37.09,358.55,scenario_left_turn_heavy,train,development,0.11
1785,2i,150.0,25,0.1458,24,148.18,True,9,0.0038,37.09,358.28,scenario_left_turn_heavy,train,development,0.11
1790,2i,150.0,25,0.6721,23,148.18,True,9,0.0002,37.09,358.25,scenario_left_turn_heavy,train,development,0.11
1795,2i,150.0,25,0.9763,20,148.18,True,9,0.1643,33.48,358.25,scenario_left_turn_heavy,train,development,0.11
1800,2i,150.0,25,0.5951,19,148.18,True,9,0.1801,23.84,358.25,scenario_left_turn_heavy,train,development,0.11
1805,2i,150.0,25,0.4063,19,148.18,True,9,0.0011,23.05,358.25,scenario_left_turn_heavy,train,development,0.11
1810,2i,150.0,25,0.4142,21,148.18,True,9,0.1449,23.04,358.25,scenario_left_turn_heavy,train,development,0.11
1815,2i,150.0,26,1.2954,21,147.88,True,9,0.3543,23.04,358.25,scenario_left_turn_heavy,train,development,0.11
1820,2i,150.0,27,1.3879,19,145.57,True,9,0.2686,23.04,358.25,scenario_left_turn_heavy,train,development,0.11
1825,2i,150.0,27,0.8375,22,109.72,False,9,0.2115,23.04,358.25,scenario_left_turn_heavy,train,development,0.11
1830,2i,150.0,28,0.2805,25,127.38,False,9,0.1499,23.04,358.25,scenario_left_turn_heavy,train,development,0.11
1835,2i,150.0,28,0.0052,28,148.25,True,10,1.6857,23.04,399.67,scenario_left_turn_heavy,train,development,0.11
1840,2i,150.0,28,0.0002,28,148.19,True,10,1.8797,23.04,358.25,scenario_left_turn_heavy,train,development,0.11
1845,2i,150.0,28,0.0,28,148.19,True,10,1.5414,23.04,358.19,scenario_left_turn_heavy,train,development,0.11
1850,2i,150.0,25,0.1229,24,148.19,True,10,1.9006,23.04,357.38,scenario_left_turn_heavy,train,development,0.11
1855,2i,150.0,25,0.7498,24,148.19,True,11,3.4211,23.04,483.3,scenario_left_turn_heavy,train,development,0.11
1860,2i,150.0,25,0.9768,24,148.19,True,10,0.8548,23.04,428.7,scenario_left_turn_heavy,train,development,0.11
1865,2i,150.0,25,0.682,24,148.19,True,11,1.7541,23.04,424.48,scenario_left_turn_heavy,train,development,0.11
1870,2i,150.0,24,0.0,24,148.19,True,11,1.4082,23.04,421.63,scenario_left_turn_heavy,train,development,0.11
1875,2i,150.0,24,0.0,24,148.19,True,11,1.549,23.04,417.26,scenario_left_turn_heavy,train,development,0.11
1880,2i,150.0,23,0.8662,22,148.19,True,11,1.815,23.04,413.05,scenario_left_turn_heavy,train,development,0.11
1885,2i,150.0,23,0.941,20,148.19,True,11,1.5656,16.01,411.99,scenario_left_turn_heavy,train,development,0.11
1890,2i,150.0,23,0.5375,18,148.19,True,11,0.5392,3.91,411.69,scenario_left_turn_heavy,train,development,0.11
1895,2i,150.0,23,0.2715,18,148.19,True,11,0.014,1.0,411.64,scenario_left_turn_heavy,train,development,0.11
1900,2i,150.0,23,0.2712,21,148.19,True,11,0.2045,1.0,411.64,scenario_left_turn_heavy,train,development,0.11
1905,2i,150.0,23,0.2149,21,147.67,True,11,0.1085,1.0,411.64,scenario_left_turn_heavy,train,development,0.11
1910,2i,150.0,25,0.9422,23,149.74,True,12,1.2012,1.0,466.96,scenario_left_turn_heavy,train,development,0.11
1915,2i,150.0,26,1.2519,24,146.3,True,12,0.2006,1.0,432.66,scenario_left_turn_heavy,train,development,0.11
1920,2i,150.0,26,0.3347,24,144.33,False,12,0.0561,1.0,432.36,scenario_left_turn_heavy,train,development,0.11
1925,2i,150.0,26,0.0362,25,144.19,False,12,0.0627,1.0,432.36,scenario_left_turn_heavy,train,development,0.11
1930,2i,150.0,26,0.0,26,144.18,False,12,0.0709,1.0,432.36,scenario_left_turn_heavy,train,development,0.11
1935,2i,150.0,26,0.0,26,144.18,False,12,0.1193,1.0,432.36,scenario_left_turn_heavy,train,development,0.11
1940,2i,150.0,24,0.6444,23,144.18,False,11,0.1344,15.04,432.36,scenario_left_turn_heavy,train,development,0.11
1945,2i,150.0,24,0.7551,23,144.18,False,11,0.1743,15.04,432.35,scenario_left_turn_heavy,train,development,0.11
1950,2i,150.0,24,1.0704,23,144.18,False,11,0.088,15.04,432.32,scenario_left_turn_heavy,train,development,0.11
1955,2i,150.0,24,0.5382,23,144.18,False,11,0.0407,15.04,431.83,scenario_left_turn_heavy,train,development,0.11
1960,2i,150.0,23,0.0,23,144.18,False,11,0.0936,15.04,430.53,scenario_left_turn_heavy,train,development,0.11
1965,2i,150.0,23,0.0,23,144.18,False,11,0.0781,15.04,427.13,scenario_left_turn_heavy,train,development,0.11
1970,2i,150.0,22,0.0889,21,144.18,False,11,0.1778,13.04,425.17,scenario_left_turn_heavy,train,development,0.11
1975,2i,150.0,23,1.0699,17,144.18,False,11,0.0211,0.49,424.45,scenario_left_turn_heavy,train,development,0.11
1980,2i,150.0,23,0.7942,17,144.18,False,11,0.0008,0.49,424.37,scenario_left_turn_heavy,train,development,0.11
1985,2i,150.0,23,0.4809,18,144.18,False,12,1.5528,0.49,424.35,scenario_left_turn_heavy,train,development,0.11
1990,2i,150.0,23,0.5377,17,144.18,False,12,1.9876,0.49,424.35,scenario_left_turn_heavy,train,development,0.11
1995,2i,150.0,23,0.4652,18,143.58,False,12,1.7962,0.49,424.35,scenario_left_turn_heavy,train,development,0.11
2000,2i,150.0,24,1.0024,19,91.41,False,12,1.6887,0.49,424.35,scenario_left_turn_heavy,train,development,0.11
2005,2i,150.0,26,1.3921,21,111.82,False,12,1.3494,0.49,424.35,scenario_left_turn_heavy,train,development,0.11
2010,2i,150.0,27,0.3517,24,143.95,False,12,0.0958,0.49,424.35,scenario_left_turn_heavy,train,development,0.11
2015,2i,150.0,27,0.0017,27,147.7,True,12,0.0967,0.49,424.35,scenario_left_turn_heavy,train,development,0.11
2020,2i,150.0,27,0.0,27,147.67,True,12,0.1374,0.49,424.35,scenario_left_turn_heavy,train,development,0.11
2025,2i,150.0,27,0.0,27,147.67,True,12,0.2171,0.49,424.35,scenario_left_turn_heavy,train,development,0.11
2030,2i,150.0,25,0.6935,24,147.67,True,11,0.1795,0.49,424.35,scenario_left_turn_heavy,train,development,0.11
2035,2i,150.0,25,0.7703,24,147.67,True,11,0.2942,0.49,424.35,scenario_left_turn_heavy,train,development,0.11
2040,2i,150.0,25,0.9488,24,147.67,True,11,0.0958,0.49,424.21,scenario_left_turn_heavy,train,development,0.11
2045,2i,150.0,25,0.6929,24,147.67,True,11,0.1316,0.49,423.19,scenario_left_turn_heavy,train,development,0.11
2050,2i,150.0,24,0.0,24,147.67,True,11,0.2016,0.49,420.1,scenario_left_turn_heavy,train,development,0.11
2055,2i,150.0,24,0.0,24,147.67,True,11,0.1462,0.49,414.2,scenario_left_turn_heavy,train,development,0.11
2060,2i,150.0,22,0.0455,21,147.67,True,11,0.0544,74.54,474.29,scenario_left_turn_heavy,train,development,0.11
2065,2i,150.0,22,1.2601,18,147.67,True,11,0.1332,74.54,469.94,scenario_left_turn_heavy,train,development,0.11
2070,2i,150.0,22,0.812,17,147.67,True,11,0.0397,74.54,465.1,scenario_left_turn_heavy,train,development,0.11
2075,2i,150.0,22,0.5419,17,147.67,True,11,0.2683,71.32,464.08,scenario_left_turn_heavy,train,development,0.11
2080,2i,150.0,22,0.4246,17,147.67,True,11,0.3134,61.35,463.89,scenario_left_turn_heavy,train,development,0.11
2085,2i,150.0,23,1.4409,17,147.44,True,11,0.1568,60.1,463.85,scenario_left_turn_heavy,train,development,0.11
2090,2i,150.0,24,1.5211,17,90.32,False,11,0.0928,60.05,463.85,scenario_left_turn_heavy,train,development,0.11
2095,2i,150.0,24,0.9466,21,130.66,False,11,0.054,60.05,463.85,scenario_left_turn_heavy,train,development,0.11
2100,2i,150.0,25,0.213,24,147.68,True,11,0.1802,60.05,463.85,scenario_left_turn_heavy,train,development,0.11
2105,2i,150.0,25,0.0002,25,147.23,True,11,0.1225,60.05,463.84,scenario_left_turn_heavy,train,development,0.11
2110,2i,150.0,25,0.0,25,147.22,True,11,0.1656,60.05,463.84,scenario_left_turn_heavy,train,development,0.11
2115,2i,150.0,25,0.0,25,147.22,True,11,0.2458,60.05,463.84,scenario_left_turn_heavy,train,development,0.11
2120,2i,150.0,23,0.1723,22,147.22,True,11,0.2202,60.05,463.84,scenario_left_turn_heavy,train,development,0.11
2125,2i,150.0,23,0.6123,22,147.22,True,11,0.2564,60.05,463.84,scenario_left_turn_heavy,train,development,0.11
2130,2i,150.0,23,1.1888,22,147.22,True,11,0.1224,60.05,463.84,scenario_left_turn_heavy,train,development,0.11
2135,2i,150.0,23,0.5801,22,147.22,True,11,0.1209,60.05,463.83,scenario_left_turn_heavy,train,development,0.11
2140,2i,150.0,22,0.0,22,147.22,True,11,0.1981,60.05,463.5,scenario_left_turn_heavy,train,development,0.11
2145,2i,150.0,22,0.0,22,147.22,True,11,0.1466,60.05,461.59,scenario_left_turn_heavy,train,development,0.11
2150,2i,150.0,21,0.0709,21,147.22,True,11,0.1131,60.05,458.28,scenario_left_turn_heavy,train,development,0.11
2155,2i,150.0,22,1.2006,17,147.22,True,11,0.1264,60.05,453.53,scenario_left_turn_heavy,train,development,0.11
2160,2i,150.0,22,0.7545,15,147.22,True,11,0.1136,59.36,450.5,scenario_left_turn_heavy,train,development,0.11
2165,2i,150.0,22,0.4827,18,147.22,True,12,0.4264,50.62,478.7,scenario_left_turn_heavy,train,development,0.11
2170,2i,150.0,22,0.4317,16,147.21,True,12,0.194,46.21,477.2,scenario_left_turn_heavy,train,development,0.11
2175,2i,150.0,23,1.4603,16,145.73,True,12,0.1325,46.01,477.09,scenario_left_turn_heavy,train,development,0.11
2180,2i,150.0,24,0.801,19,141.51,False,12,0.143,46.01,477.07,scenario_left_turn_heavy,train,development,0.11
2185,2i,150.0,26,0.7321,22,135.5,False,12,0.1081,46.01,477.07,scenario_left_turn_heavy,train,development,0.11
2190,2i,150.0,27,0.3363,26,149.94,True,12,0.1017,46.01,477.07,scenario_left_turn_heavy,train,development,0.11
2195,2i,150.0,27,0.0065,27,148.27,True,12,0.1373,46.01,477.07,scenario_left_turn_heavy,train,development,0.11
2200,2i,150.0,27,0.0001,27,148.19,True,12,0.1789,46.01,477.07,scenario_left_turn_heavy,train,development,0.11
2205,2i,150.0,27,0.0,27,148.18,True,12,0.1714,46.01,477.07,scenario_left_turn_heavy,train,development,0.11
2210,2i,150.0,24,0.0,24,148.18,True,12,0.2961,46.01,477.07,scenario_left_turn_heavy,train,development,0.11
2215,2i,150.0,25,0.6844,24,148.18,True,12,0.1636,46.01,477.07,scenario_left_turn_heavy,train,development,0.11
2220,2i,150.0,25,1.0683,24,148.18,True,12,0.0911,46.01,477.07,scenario_left_turn_heavy,train,development,0.11
2225,2i,150.0,25,0.5185,24,148.18,True,12,0.1993,46.01,477.07,scenario_left_turn_heavy,train,development,0.11
2230,2i,150.0,24,0.0,24,148.18,True,12,0.1371,46.01,476.92,scenario_left_turn_heavy,train,development,0.11
2235,2i,150.0,24,0.0,24,148.18,True,12,0.1459,46.01,475.96,scenario_left_turn_heavy,train,development,0.11
2240,2i,150.0,23,0.2805,21,148.18,True,12,0.1613,46.01,473.72,scenario_left_turn_heavy,train,development,0.11
2245,2i,150.0,22,1.2665,17,148.18,True,12,0.1162,46.01,470.09,scenario_left_turn_heavy,train,development,0.11
2250,2i,150.0,22,0.9493,15,148.18,True,12,0.5172,39.7,465.39,scenario_left_turn_heavy,train,development,0.11
2255,2i,150.0,22,0.5784,15,148.18,True,12,0.4121,29.27,463.55,scenario_left_turn_heavy,train,development,0.11
2260,2i,150.0,22,0.5368,15,148.18,True,12,0.1534,28.02,463.11,scenario_left_turn_heavy,train,development,0.11
2265,2i,150.0,22,0.5114,15,147.56,True,12,0.1855,28.01,463.04,scenario_left_turn_heavy,train,development,0.11
2270,2i,150.0,23,0.4553,17,148.14,True,12,0.0568,28.01,463.03,scenario_left_turn_heavy,train,development,0.11
2275,2i,150.0,25,1.5198,19,116.42,False,12,0.1293,28.01,463.03,scenario_left_turn_heavy,train,development,0.11
2280,2i,150.0,25,0.6553,23,136.24,False,12,0.1002,28.01,463.03,scenario_left_turn_heavy,train,development,0.11
2285,2i,150.0,26,0.1334,25,148.43,True,12,0.1767,28.01,463.03,scenario_left_turn_heavy,train,development,0.11
2290,2i,150.0,26,0.0003,26,148.23,True,12,0.2563,28.01,463.03,scenario_left_turn_heavy,train,development,0.11
2295,2i,150.0,26,0.0,26,148.22,True,12,0.2372,28.01,463.03,scenario_left_turn_heavy,train,development,0.11
2300,2i,150.0,23,0.0,23,148.22,True,12,0.184,28.01,463.03,scenario_left_turn_heavy,train,development,0.11
2305,2i,150.0,24,0.7323,23,148.22,True,12,0.1196,28.01,463.03,scenario_left_turn_heavy,train,development,0.11
2310,2i,150.0,24,1.0375,23,148.22,True,12,0.1412,28.01,463.03,scenario_left_turn_heavy,train,development,0.11
2315,2i,150.0,24,0.7383,23,148.22,True,12,0.2329,28.01,463.0,scenario_left_turn_heavy,train,development,0.11
2320,2i,150.0,23,0.0,23,148.22,True,12,0.1969,28.01,462.27,scenario_left_turn_heavy,train,development,0.11
2325,2i,150.0,23,0.0,23,148.22,True,12,0.1938,28.01,460.28,scenario_left_turn_heavy,train,development,0.11
2330,2i,150.0,21,0.0653,20,148.22,True,12,0.1853,28.01,456.68,scenario_left_turn_heavy,train,development,0.11
2335,2i,150.0,21,1.2778,16,148.22,True,12,0.289,26.28,451.73,scenario_left_turn_heavy,train,development,0.11
2340,2i,150.0,21,0.7781,16,148.22,True,12,0.3233,13.44,447.13,scenario_left_turn_heavy,train,development,0.11
2345,2i,150.0,21,0.4609,16,148.22,True,12,0.1431,13.0,445.19,scenario_left_turn_heavy,train,development,0.11
2350,2i,150.0,21,0.4841,15,148.22,True,12,0.1484,13.0,445.04,scenario_left_turn_heavy,train,development,0.11
2355,2i,150.0,21,0.5204,14,146.98,True,12,0.0721,13.0,445.03,scenario_left_turn_heavy,train,development,0.11
2360,2i,150.0,23,1.8869,16,100.45,False,12,0.1205,13.0,445.03,scenario_left_turn_heavy,train,development,0.11
2365,2i,150.0,24,1.4737,19,115.38,False,12,0.1139,13.0,445.03,scenario_left_turn_heavy,train,development,0.11
2370,2i,150.0,24,0.2382,22,140.35,False,12,0.1515,13.0,445.03,scenario_left_turn_heavy,train,development,0.11
2375,2i,150.0,24,0.0004,24,140.23,False,12,0.26,13.0,445.03,scenario_left_turn_heavy,train,development,0.11
2380,2i,150.0,24,0.0,24,140.22,False,12,0.2174,13.0,445.03,scenario_left_turn_heavy,train,development,0.11
2385,2i,150.0,24,0.0,24,140.22,False,12,0.1616,13.0,445.03,scenario_left_turn_heavy,train,development,0.11
2390,2i,150.0,23,0.7887,21,140.22,False,12,0.095,13.0,445.03,scenario_left_turn_heavy,train,development,0.11
2395,2i,150.0,22,0.8004,21,140.22,False,12,0.1169,13.0,445.03,scenario_left_turn_heavy,train,development,0.11
2400,2i,150.0,22,1.1609,21,140.22,False,12,0.1708,13.0,445.02,scenario_left_turn_heavy,train,development,0.11
2405,2i,150.0,22,0.6003,21,140.22,False,12,0.1678,13.0,444.77,scenario_left_turn_heavy,train,development,0.11
2410,2i,150.0,21,0.0,21,140.22,False,12,0.1075,13.0,443.59,scenario_left_turn_heavy,train,development,0.11
2415,2i,150.0,21,0.0,21,140.22,False,12,0.1601,13.0,440.19,scenario_left_turn_heavy,train,development,0.11
2420,2i,150.0,20,0.9463,18,140.22,False,12,0.1523,13.0,435.12,scenario_left_turn_heavy,train,development,0.11
2425,2i,150.0,18,1.6399,14,140.22,False,11,0.4291,1.79,431.06,scenario_left_turn_heavy,train,development,0.11
2430,2i,150.0,18,0.7519,12,140.22,False,11,0.1973,1.0,430.2,scenario_left_turn_heavy,train,development,0.11
2435,2i,150.0,18,0.5811,12,140.22,False,11,0.1833,1.0,430.05,scenario_left_turn_heavy,train,development,0.11
2440,2i,150.0,18,0.6206,10,139.85,False,11,0.147,1.0,430.03,scenario_left_turn_heavy,train,development,0.11
2445,2i,150.0,19,1.804,12,136.31,False,11,0.1833,1.0,430.02,scenario_left_turn_heavy,train,development,0.11
2450,2i,150.0,21,1.6446,15,99.68,False,11,0.1671,1.0,430.02,scenario_left_turn_heavy,train,development,0.11
2455,2i,150.0,22,0.7694,20,146.58,True,11,0.1744,1.0,430.02,scenario_left_turn_heavy,train,development,0.11
2460,2i,150.0,23,0.2975,22,148.17,True,11,0.2678,1.0,430.02,scenario_left_turn_heavy,train,development,0.11
2465,2i,150.0,23,0.0004,23,147.93,True,11,0.2925,1.0,430.02,scenario_left_turn_heavy,train,development,0.11
2470,2i,150.0,23,0.0,23,147.93,True,11,0.2308,1.0,430.02,scenario_left_turn_heavy,train,development,0.11
2475,2i,150.0,23,0.0,23,147.93,True,11,0.2033,1.0,430.02,scenario_left_turn_heavy,train,development,0.11
2480,2i,150.0,20,0.0,20,147.93,True,11,0.2205,1.0,425.62,scenario_left_turn_heavy,train,development,0.11
2485,2i,150.0,21,0.7709,20,147.93,True,11,0.1799,1.0,421.29,scenario_left_turn_heavy,train,development,0.11
2490,2i,150.0,21,0.9295,20,147.93,True,11,0.2324,1.0,420.41,scenario_left_turn_heavy,train,development,0.11
2495,2i,150.0,22,1.4876,20,147.93,True,11,0.312,1.0,416.8,scenario_left_turn_heavy,train,development,0.11
2500,2i,150.0,23,1.498,20,147.93,True,11,0.2435,1.0,409.92,scenario_left_turn_heavy,train,development,0.11
2505,2i,150.0,25,2.1606,21,147.93,True,12,0.2224,1.0,473.23,scenario_left_turn_heavy,train,development,0.11
2510,2i,150.0,23,0.8277,20,147.93,True,11,0.0716,34.05,467.65,scenario_left_turn_heavy,train,development,0.11
2515,2i,150.0,22,0.7639,18,147.93,True,11,0.0727,34.05,462.87,scenario_left_turn_heavy,train,development,0.11
2520,2i,150.0,22,0.5161,21,147.93,True,11,0.0981,29.98,460.95,scenario_left_turn_heavy,train,development,0.11
2525,2i,150.0,22,0.327,21,147.93,True,11,0.0527,29.16,460.83,scenario_left_turn_heavy,train,development,0.11
2530,2i,150.0,22,0.1672,22,147.93,True,11,0.0368,29.04,460.81,scenario_left_turn_heavy,train,development,0.11
2535,2i,150.0,23,1.2118,22,146.53,True,11,0.0344,29.04,460.81,scenario_left_turn_heavy,train,development,0.11
2540,2i,150.0,25,1.2944,23,149.05,True,11,0.0679,29.04,460.81,scenario_left_turn_heavy,train,development,0.11
2545,2i,150.0,25,0.5894,23,147.11,True,11,0.0568,29.04,460.81,scenario_left_turn_heavy,train,development,0.11
2550,2i,150.0,25,0.001,25,146.94,True,11,0.1184,29.04,460.81,scenario_left_turn_heavy,train,development,0.11
2555,2i,150.0,25,0.0001,25,146.92,True,11,0.0827,29.04,460.81,scenario_left_turn_heavy,train,development,0.11
2560,2i,150.0,25,0.0,25,146.92,True,11,0.0277,29.04,460.81,scenario_left_turn_heavy,train,development,0.11
2565,2i,150.0,25,0.0,25,146.92,True,11,0.0307,29.04,460.81,scenario_left_turn_heavy,train,development,0.11
2570,2i,150.0,23,0.0,23,146.92,True,11,0.1138,29.04,460.81,scenario_left_turn_heavy,train,development,0.11
2575,2i,150.0,24,0.5974,23,146.92,True,11,0.0588,29.04,460.81,scenario_left_turn_heavy,train,development,0.11
2580,2i,150.0,25,0.9907,23,146.92,True,11,0.083,29.04,460.77,scenario_left_turn_heavy,train,development,0.11
2585,2i,150.0,25,0.7051,24,146.92,True,11,0.0642,29.04,460.38,scenario_left_turn_heavy,train,development,0.11
2590,2i,150.0,25,0.2877,24,146.92,True,11,0.0525,29.04,458.86,scenario_left_turn_heavy,train,development,0.11
2595,2i,150.0,24,0.0,24,146.92,True,11,0.0342,29.04,457.22,scenario_left_turn_heavy,train,development,0.11
2600,2i,150.0,23,0.0921,22,146.92,True,11,0.0137,29.04,456.33,scenario_left_turn_heavy,train,development,0.11
2605,2i,150.0,23,1.4338,16,146.92,True,11,0.0779,28.13,455.9,scenario_left_turn_heavy,train,development,0.11
2610,2i,150.0,23,0.6706,18,146.92,True,11,0.1555,18.42,455.82,scenario_left_turn_heavy,train,development,0.11
2615,2i,150.0,23,0.3939,19,146.92,True,11,0.0492,16.01,455.8,scenario_left_turn_heavy,train,development,0.11
2620,2i,150.0,23,0.4,18,146.88,True,11,0.1224,16.0,455.8,scenario_left_turn_heavy,train,development,0.11
2625,2i,150.0,24,1.2845,18,145.38,True,11,0.0913,16.0,455.8,scenario_left_turn_heavy,train,development,0.11
2630,2i,150.0,25,0.8951,19,106.78,False,11,0.069,16.0,455.8,scenario_left_turn_heavy,train,development,0.11
2635,2i,150.0,26,0.5082,22,130.18,False,11,0.21,16.0,455.8,scenario_left_turn_heavy,train,development,0.11
2640,2i,150.0,27,0.2299,26,148.08,True,11,0.2618,16.0,455.8,scenario_left_turn_heavy,train,development,0.11
2645,2i,150.0,27,0.0573,26,147.9,True,11,0.2825,16.0,455.8,scenario_left_turn_heavy,train,development,0.11
2650,2i,150.0,27,0.0,27,147.89,True,11,0.1383,16.0,455.8,scenario_left_turn_heavy,train,development,0.11
2655,2i,150.0,27,0.0,27,147.89,True,11,0.0586,16.0,455.8,scenario_left_turn_heavy,train,development,0.11
2660,2i,150.0,25,0.2263,23,147.89,True,11,0.1636,16.0,455.8,scenario_left_turn_heavy,train,development,0.11
2665,2i,150.0,24,0.8327,21,147.89,True,11,0.2279,16.0,455.8,scenario_left_turn_heavy,train,development,0.11
2670,2i,150.0,23,1.3065,21,147.89,True,11,0.163,16.0,455.7,scenario_left_turn_heavy,train,development,0.11
2675,2i,150.0,22,0.7727,21,147.89,True,11,0.1677,16.0,454.55,scenario_left_turn_heavy,train,development,0.11
2680,2i,150.0,21,0.0,21,147.89,True,11,0.1009,16.0,452.77,scenario_left_turn_heavy,train,development,0.11
2685,2i,150.0,21,0.0,21,147.89,True,11,0.0799,16.0,449.17,scenario_left_turn_heavy,train,development,0.11
2690,2i,150.0,19,0.0694,18,147.89,True,11,0.031,16.0,444.32,scenario_left_turn_heavy,train,development,0.11
2695,2i,150.0,19,1.4199,15,147.89,True,11,0.4328,3.07,443.1,scenario_left_turn_heavy,train,development,0.11
2700,2i,150.0,19,0.8899,13,147.89,True,11,0.0533,1.0,442.83,scenario_left_turn_heavy,train,development,0.11
2705,2i,150.0,19,0.5567,13,147.89,True,12,1.7948,1.0,442.77,scenario_left_turn_heavy,train,development,0.11
2710,2i,150.0,19,0.55,13,147.71,True,12,1.4391,1.0,442.77,scenario_left_turn_heavy,train,development,0.11
2715,2i,150.0,19,0.4845,11,70.16,False,12,1.7331,1.0,442.77,scenario_left_turn_heavy,train,development,0.11
2720,2i,150.0,22,1.7907,16,115.54,False,12,1.6013,1.0,442.77,scenario_left_turn_heavy,train,development,0.11
2725,2i,150.0,23,1.4334,19,133.25,False,12,1.4709,1.0,442.77,scenario_left_turn_heavy,train,development,0.11
2730,2i,150.0,24,0.1421,22,148.07,True,12,0.3437,1.0,442.77,scenario_left_turn_heavy,train,development,0.11
2735,2i,150.0,24,0.0003,24,147.89,True,12,0.1277,1.0,442.77,scenario_left_turn_heavy,train,development,0.11
2740,2i,150.0,24,0.0,24,147.89,True,12,0.0914,1.0,442.77,scenario_left_turn_heavy,train,development,0.11
2745,2i,150.0,24,0.0,24,147.89,True,12,0.1588,1.0,442.77,scenario_left_turn_heavy,train,development,0.11
2750,2i,150.0,23,0.7623,21,147.89,True,12,0.5236,1.0,441.0,scenario_left_turn_heavy,train,development,0.11
2755,2i,150.0,22,0.8767,21,147.89,True,11,0.2571,1.0,438.65,scenario_left_turn_heavy,train,development,0.11
2760,2i,150.0,21,0.0,21,147.89,True,11,0.2029,1.0,437.58,scenario_left_turn_heavy,train,development,0.11
2765,2i,150.0,23,1.535,21,147.89,True,11,0.2365,1.0,435.0,scenario_left_turn_heavy,train,development,0.11
2770,2i,150.0,23,1.3256,21,147.89,True,11,0.1393,1.0,430.96,scenario_left_turn_heavy,train,development,0.11
2775,2i,150.0,23,0.1834,21,147.89,True,11,0.097,1.0,426.65,scenario_left_turn_heavy,train,development,0.11
2780,2i,150.0,23,0.7215,21,147.89,True,10,0.0293,62.13,424.2,scenario_left_turn_heavy,train,development,0.11
2785,2i,150.0,22,1.1627,16,147.89,True,10,0.015,62.01,423.81,scenario_left_turn_heavy,train,development,0.11
2790,2i,150.0,22,0.7565,16,147.89,True,10,0.0844,58.28,423.77,scenario_left_turn_heavy,train,development,0.11
2795,2i,150.0,22,0.4888,16,147.89,True,11,2.6547,49.52,423.77,scenario_left_turn_heavy,train,development,0.11
2800,2i,150.0,22,0.4503,16,147.76,True,11,2.5144,48.17,423.77,scenario_left_turn_heavy,train,development,0.11
2805,2i,150.0,23,1.4979,14,146.18,True,11,2.3284,48.09,423.77,scenario_left_turn_heavy,train,development,0.11
2810,2i,150.0,23,0.7245,19,120.47,False,11,1.2706,30.34,423.77,scenario_left_turn_heavy,train,development,0.11
2815,2i,150.0,24,0.5941,21,130.38,False,11,0.4653,8.08,423.77,scenario_left_turn_heavy,train,development,0.11
2820,2i,150.0,25,0.3146,24,148.1,True,11,0.1755,8.0,423.77,scenario_left_turn_heavy,train,development,0.11
2825,2i,150.0,25,0.1271,24,147.9,True,11,0.0671,8.0,423.77,scenario_left_turn_heavy,train,development,0.11
2830,2i,150.0,25,0.0013,25,147.89,True,11,0.1192,8.0,423.77,scenario_left_turn_heavy,train,development,0.11
2835,2i,150.0,25,0.0,25,147.89,True,11,0.2626,8.0,423.77,scenario_left_turn_heavy,train,development,0.11
2840,2i,150.0,22,0.7978,21,147.89,True,10,0.2774,48.09,423.73,scenario_left_turn_heavy,train,development,0.11
2845,2i,150.0,22,0.6594,21,147.89,True,10,0.1788,48.09,423.32,scenario_left_turn_heavy,train,development,0.11
2850,2i,150.0,22,1.0671,21,147.89,True,10,0.3113,48.09,421.15,scenario_left_turn_heavy,train,development,0.11
2855,2i,150.0,22,0.7692,21,147.89,True,11,1.8667,48.09,418.51,scenario_left_turn_heavy,train,development,0.11
2860,2i,150.0,21,0.0,21,147.89,True,11,1.4248,48.09,413.89,scenario_left_turn_heavy,train,development,0.11
2865,2i,150.0,21,0.0,21,147.89,True,11,1.7594,48.09,410.93,scenario_left_turn_heavy,train,development,0.11
2870,2i,150.0,21,0.8575,19,147.89,True,11,1.3891,48.09,409.86,scenario_left_turn_heavy,train,development,0.11
2875,2i,150.0,20,2.6965,8,147.89,True,11,2.8698,22.1,409.73,scenario_left_turn_heavy,train,development,0.11
2880,2i,150.0,22,3.7492,7,107.46,False,11,2.3469,14.57,409.73,scenario_left_turn_heavy,train,development,0.11
2885,2i,150.0,27,3.6887,11,135.24,False,11,2.1647,14.57,409.71,scenario_left_turn_heavy,train,development,0.11
2890,2i,150.0,29,2.2618,15,140.39,False,11,0.7697,14.57,406.75,scenario_left_turn_heavy,train,development,0.11
2895,2i,150.0,31,1.3647,20,80.67,False,11,0.964,14.57,401.66,scenario_left_turn_heavy,train,development,0.11
2900,2i,150.0,31,0.7289,27,101.75,False,11,0.9238,14.57,395.27,scenario_left_turn_heavy,train,development,0.11
2905,2i,150.0,33,0.5112,30,135.31,False,11,0.6654,14.57,386.58,scenario_left_turn_heavy,train,development,0.11
2910,2i,150.0,33,0.0295,31,147.94,True,11,0.6524,14.57,378.5,scenario_left_turn_heavy,train,development,0.11
2915,2i,150.0,33,0.0046,33,147.92,True,11,0.5176,14.57,370.29,scenario_left_turn_heavy,train,development,0.11
2920,2i,150.0,33,0.0051,33,147.89,True,11,0.3973,14.57,363.66,scenario_left_turn_heavy,train,development,0.11
2925,2i,150.0,33,0.0384,33,147.8,True,11,0.3038,14.57,357.69,scenario_left_turn_heavy,train,development,0.11
2930,2i,150.0,32,0.0292,32,147.78,True,11,0.2046,14.57,351.42,scenario_left_turn_heavy,train,development,0.11
2935,2i,150.0,33,0.2751,32,147.56,True,12,0.1282,14.57,480.3,scenario_left_turn_heavy,train,development,0.11
2940,2i,150.0,34,0.6032,33,146.36,True,13,0.1998,14.57,483.3,scenario_left_turn_heavy,train,development,0.11
2945,2i,150.0,34,0.4811,33,146.27,True,13,0.2111,14.57,477.25,scenario_left_turn_heavy,train,development,0.11
2950,2i,150.0,34,0.278,33,146.27,True,13,0.2418,14.57,471.35,scenario_left_turn_heavy,train,development,0.11
2955,2i,150.0,33,0.0,33,146.27,True,13,0.1619,14.57,466.46,scenario_left_turn_heavy,train,development,0.11
2960,2i,150.0,33,0.5421,31,146.27,True,13,0.0757,14.57,461.65,scenario_left_turn_heavy,train,development,0.11
2965,2i,150.0,32,0.6187,25,146.27,True,13,0.569,1.69,460.88,scenario_left_turn_heavy,train,development,0.11
2970,2i,150.0,32,0.1936,27,146.27,True,13,0.0117,1.0,460.78,scenario_left_turn_heavy,train,development,0.11
2975,2i,150.0,32,0.5724,24,146.27,True,13,0.1917,1.0,460.73,scenario_left_turn_heavy,train,development,0.11
2980,2i,150.0,32,0.0724,32,146.27,True,13,0.0426,1.0,460.58,scenario_left_turn_heavy,train,development,0.11
2985,2i,150.0,32,0.1408,31,146.27,True,13,0.0726,1.0,460.12,scenario_left_turn_heavy,train,development,0.11
2990,2i,150.0,34,1.4605,26,145.34,True,13,0.3451,1.0,459.52,scenario_left_turn_heavy,train,development,0.11
2995,2i,150.0,34,1.1517,26,144.49,False,13,0.018,1.0,459.25,scenario_left_turn_heavy,train,development,0.11
3000,2i,150.0,34,0.486,28,144.24,False,13,0.0344,1.0,459.2,scenario_left_turn_heavy,train,development,0.11
3005,2i,150.0,34,0.0305,33,144.23,False,13,0.0319,1.0,459.19,scenario_left_turn_heavy,train,development,0.11
3010,2i,150.0,34,0.0015,34,144.23,False,13,0.0188,1.0,459.19,scenario_left_turn_heavy,train,development,0.11
3015,2i,150.0,34,0.0,34,144.23,False,13,0.041,1.0,459.19,scenario_left_turn_heavy,train,development,0.11
3020,2i,150.0,33,0.4674,32,144.23,False,12,0.0227,1.0,459.19,scenario_left_turn_heavy,train,development,0.11
3025,2i,150.0,33,0.2483,32,144.23,False,12,0.0125,1.0,459.19,scenario_left_turn_heavy,train,development,0.11
3030,2i,150.0,34,0.6578,33,144.23,False,12,0.0035,1.0,459.18,scenario_left_turn_heavy,train,development,0.11
3035,2i,150.0,34,0.4265,33,144.23,False,12,0.0194,1.0,458.97,scenario_left_turn_heavy,train,development,0.11
3040,2i,150.0,34,0.2126,33,144.23,False,12,0.0248,1.0,458.2,scenario_left_turn_heavy,train,development,0.11
3045,2i,150.0,33,0.0,33,144.23,False,12,0.0167,1.0,457.56,scenario_left_turn_heavy,train,development,0.11
3050,2i,150.0,31,0.1297,29,144.23,False,11,0.0042,13.77,457.25,scenario_left_turn_heavy,train,development,0.11
3055,2i,150.0,30,0.5832,26,144.23,False,11,0.3105,10.25,457.16,scenario_left_turn_heavy,train,development,0.11
3060,2i,150.0,30,0.0245,29,144.23,False,11,0.0,2.36,457.15,scenario_left_turn_heavy,train,development,0.11
3065,2i,150.0,30,0.0944,28,144.23,False,11,0.0,2.36,457.15,scenario_left_turn_heavy,train,development,0.11
3070,2i,150.0,30,0.1428,29,144.23,False,11,0.0,2.36,457.15,scenario_left_turn_heavy,train,development,0.11
3075,2i,150.0,31,0.6997,30,144.23,False,11,0.0,2.36,457.15,scenario_left_turn_heavy,train,development,0.11
3080,2i,150.0,32,1.4767,27,144.23,False,11,0.0,2.36,457.15,scenario_left_turn_heavy,train,development,0.11
3085,2i,150.0,32,0.7688,24,144.23,False,11,0.0573,2.36,457.15,scenario_left_turn_heavy,train,development,0.11
3090,2i,150.0,32,0.3039,27,144.21,False,11,0.0545,2.36,457.15,scenario_left_turn_heavy,train,development,0.11
3095,2i,150.0,32,0.0902,31,142.41,False,11,0.1082,2.36,457.15,scenario_left_turn_heavy,train,development,0.11
3100,2i,150.0,32,0.0057,32,139.78,False,11,0.013,2.36,457.15,scenario_left_turn_heavy,train,development,0.11
3105,2i,150.0,32,0.0002,32,139.66,False,11,0.0792,2.36,457.15,scenario_left_turn_heavy,train,development,0.11
3110,2i,150.0,31,0.0,31,139.66,False,11,0.1242,2.36,457.15,scenario_left_turn_heavy,train,development,0.11
3115,2i,150.0,32,0.2829,31,139.66,False,11,0.0989,2.36,457.15,scenario_left_turn_heavy,train,development,0.11
3120,2i,150.0,32,0.1432,31,139.66,False,11,0.0852,2.36,457.15,scenario_left_turn_heavy,train,development,0.11
3125,2i,150.0,33,0.5017,32,139.66,False,11,0.0592,2.36,457.15,scenario_left_turn_heavy,train,development,0.11
3130,2i,150.0,33,0.4404,32,139.66,False,11,0.017,2.36,457.15,scenario_left_turn_heavy,train,development,0.11
3135,2i,150.0,33,0.0935,32,139.66,False,11,0.0076,2.36,457.12,scenario_left_turn_heavy,train,development,0.11
3140,2i,150.0,32,0.5911,30,139.66,False,10,0.0593,72.19,456.55,scenario_left_turn_heavy,train,development,0.11
3145,2i,150.0,31,0.2724,27,139.66,False,10,0.0723,72.19,454.66,scenario_left_turn_heavy,train,development,0.11
3150,2i,150.0,31,0.4002,26,139.66,False,10,0.0271,72.17,453.1,scenario_left_turn_heavy,train,development,0.11
3155,2i,150.0,31,0.187,30,139.66,False,10,0.0239,71.33,452.66,scenario_left_turn_heavy,train,development,0.11
3160,2i,150.0,31,0.6483,26,139.54,False,10,0.0331,71.07,452.58,scenario_left_turn_heavy,train,development,0.11
3165,2i,150.0,31,0.1473,30,138.8,False,10,0.0096,71.05,452.58,scenario_left_turn_heavy,train,development,0.11
3170,2i,150.0,32,0.7253,28,138.55,False,10,0.0554,69.7,452.58,scenario_left_turn_heavy,train,development,0.11
3175,2i,150.0,33,0.554,27,138.08,False,10,0.0808,69.38,452.58,scenario_left_turn_heavy,train,development,0.11
3180,2i,150.0,33,0.1865,31,137.19,False,10,0.0321,69.38,452.58,scenario_left_turn_heavy,train,development,0.11
3185,2i,150.0,34,0.0384,33,149.62,True,10,0.0486,69.38,452.58,scenario_left_turn_heavy,train,development,0.11
3190,2i,150.0,34,0.0001,34,149.56,True,10,0.0667,69.38,452.58,scenario_left_turn_heavy,train,development,0.11
3195,2i,150.0,34,0.0,34,149.56,True,10,0.0442,69.38,452.58,scenario_left_turn_heavy,train,development,0.11
3200,2i,150.0,31,0.0,31,149.56,True,10,0.0409,69.38,452.58,scenario_left_turn_heavy,train,development,0.11
3205,2i,150.0,32,0.2301,31,149.56,True,10,0.0325,69.38,452.52,scenario_left_turn_heavy,train,development,0.11
3210,2i,150.0,33,0.5057,32,149.56,True,10,0.035,69.38,452.24,scenario_left_turn_heavy,train,development,0.11
3215,2i,150.0,33,0.5435,32,149.56,True,11,1.3997,69.38,451.66,scenario_left_turn_heavy,train,development,0.11
3220,2i,150.0,32,0.0,32,149.56,True,11,1.7251,69.38,451.43,scenario_left_turn_heavy,train,development,0.11
3225,2i,150.0,32,0.0,32,149.56,True,11,1.3304,69.38,450.96,scenario_left_turn_heavy,train,development,0.11
3230,2i,150.0,31,0.6821,28,149.56,True,11,1.6587,69.38,450.25,scenario_left_turn_heavy,train,development,0.11
3235,2i,150.0,30,0.4705,23,149.56,True,11,0.5772,69.38,449.88,scenario_left_turn_heavy,train,development,0.11
3240,2i,150.0,30,0.3152,24,149.56,True,11,0.0284,68.91,449.79,scenario_left_turn_heavy,train,development,0.11
3245,2i,150.0,30,0.3248,24,149.56,True,11,0.1831,65.33,449.77,scenario_left_turn_heavy,train,development,0.11
3250,2i,150.0,30,0.2359,26,149.07,True,11,0.2441,61.19,449.77,scenario_left_turn_heavy,train,development,0.11
3255,2i,150.0,31,0.685,28,118.6,False,11,0.1431,61.0,449.77,scenario_left_turn_heavy,train,development,0.11
3260,2i,150.0,33,0.9303,31,147.56,True,11,0.0646,60.99,449.77,scenario_left_turn_heavy,train,development,0.11
3265,2i,150.0,34,0.2598,32,149.5,True,11,0.1261,60.99,449.77,scenario_left_turn_heavy,train,development,0.11
3270,2i,150.0,34,0.0005,34,149.19,True,11,0.1396,60.99,449.77,scenario_left_turn_heavy,train,development,0.11
3275,2i,150.0,34,0.0,34,149.18,True,11,0.11,60.99,449.77,scenario_left_turn_heavy,train,development,0.11
3280,2i,150.0,34,0.0,34,149.18,True,11,0.1765,60.99,449.77,scenario_left_turn_heavy,train,development,0.11
3285,2i,150.0,34,0.0,34,149.18,True,11,0.0777,60.99,449.77,scenario_left_turn_heavy,train,development,0.11
3290,2i,150.0,33,0.4642,32,149.18,True,11,0.0345,60.99,449.75,scenario_left_turn_heavy,train,development,0.11
3295,2i,150.0,33,0.107,32,149.18,True,11,0.0707,60.99,449.36,scenario_left_turn_heavy,train,development,0.11
3300,2i,150.0,34,0.4601,33,149.18,True,11,0.1038,60.99,447.45,scenario_left_turn_heavy,train,development,0.11
3305,2i,150.0,34,0.5265,33,149.18,True,12,1.4724,60.99,444.73,scenario_left_turn_heavy,train,development,0.11
3310,2i,150.0,33,0.0,33,149.18,True,12,1.4964,60.99,442.91,scenario_left_turn_heavy,train,development,0.11
3315,2i,150.0,33,0.0,33,149.18,True,12,1.2753,60.99,441.66,scenario_left_turn_heavy,train,development,0.11
3320,2i,150.0,31,0.0534,30,149.18,True,12,1.4561,60.99,441.39,scenario_left_turn_heavy,train,development,0.11
3325,2i,150.0,31,0.6381,23,149.18,True,12,0.3957,60.99,441.38,scenario_left_turn_heavy,train,development,0.11
3330,2i,150.0,31,0.4951,22,149.18,True,12,0.0822,57.53,441.38,scenario_left_turn_heavy,train,development,0.11
3335,2i,150.0,31,0.4975,22,149.18,True,12,0.2249,50.34,441.38,scenario_left_turn_heavy,train,development,0.11
3340,2i,150.0,31,0.4149,22,148.63,True,12,0.3723,49.76,441.38,scenario_left_turn_heavy,train,development,0.11
3345,2i,150.0,31,0.2609,25,104.9,False,12,0.1596,49.76,441.38,scenario_left_turn_heavy,train,development,0.11
3350,2i,150.0,34,0.966,31,138.73,False,12,0.1578,49.76,441.38,scenario_left_turn_heavy,train,development,0.11
3355,2i,150.0,34,0.549,32,142.09,False,12,0.1811,49.76,441.38,scenario_left_turn_heavy,train,development,0.11
3360,2i,150.0,34,0.1241,33,141.94,False,12,0.183,49.76,441.38,scenario_left_turn_heavy,train,development,0.11
3365,2i,150.0,34,0.0,34,141.94,False,12,0.3185,49.76,441.38,scenario_left_turn_heavy,train,development,0.11
3370,2i,150.0,34,0.0,34,141.94,False,12,0.1247,49.76,441.38,scenario_left_turn_heavy,train,development,0.11
3375,2i,150.0,34,0.0,34,141.94,False,12,0.0653,49.76,441.38,scenario_left_turn_heavy,train,development,0.11
3380,2i,150.0,33,0.0,33,141.94,False,12,0.0259,49.76,441.31,scenario_left_turn_heavy,train,development,0.11
3385,2i,150.0,34,0.1947,33,141.94,False,12,0.0975,49.76,440.03,scenario_left_turn_heavy,train,development,0.11
3390,2i,150.0,35,0.4274,34,141.94,False,12,0.1,49.76,436.92,scenario_left_turn_heavy,train,development,0.11
3395,2i,150.0,35,0.4557,34,141.94,False,12,0.109,49.76,434.36,scenario_left_turn_heavy,train,development,0.11
3400,2i,150.0,34,0.0,34,141.94,False,12,0.0433,49.76,430.88,scenario_left_turn_heavy,train,development,0.11
3405,2i,150.0,34,0.0,34,141.94,False,12,0.0038,49.76,430.19,scenario_left_turn_heavy,train,development,0.11
3410,2i,150.0,34,0.4977,32,141.94,False,12,0.0003,49.76,430.15,scenario_left_turn_heavy,train,development,0.11
3415,2i,150.0,33,0.5084,24,141.94,False,12,0.0678,48.57,430.14,scenario_left_turn_heavy,train,development,0.11
3420,2i,150.0,33,0.4931,25,141.94,False,12,0.1492,42.25,430.14,scenario_left_turn_heavy,train,development,0.11
3425,2i,150.0,33,0.4241,23,141.93,False,12,0.293,36.2,430.14,scenario_left_turn_heavy,train,development,0.11
3430,2i,150.0,33,0.4088,27,139.7,False,12,0.3015,35.72,430.14,scenario_left_turn_heavy,train,development,0.11
3435,2i,150.0,35,0.6809,29,104.44,False,12,0.1551,35.72,430.14,scenario_left_turn_heavy,train,development,0.11
3440,2i,150.0,35,0.5628,32,124.36,False,12,0.1249,35.72,430.14,scenario_left_turn_heavy,train,development,0.11
3445,2i,150.0,37,0.3759,35,148.08,True,12,0.2217,35.72,430.14,scenario_left_turn_heavy,train,development,0.11
3450,2i,150.0,37,0.0735,36,147.62,True,12,0.1907,35.72,430.14,scenario_left_turn_heavy,train,development,0.11
3455,2i,150.0,37,0.0001,37,147.61,True,12,0.276,35.72,430.14,scenario_left_turn_heavy,train,development,0.11
3460,2i,150.0,37,0.0,37,147.61,True,12,0.1666,35.72,430.14,scenario_left_turn_heavy,train,development,0.11
3465,2i,150.0,37,0.0,37,147.61,True,12,0.0745,35.72,430.12,scenario_left_turn_heavy,train,development,0.11
3470,2i,150.0,34,0.2462,31,147.61,True,12,0.0714,35.72,429.45,scenario_left_turn_heavy,train,development,0.11
3475,2i,150.0,32,0.3281,29,147.61,True,12,0.1121,35.72,427.42,scenario_left_turn_heavy,train,development,0.11
3480,2i,150.0,32,1.199,25,147.61,True,12,0.3796,35.72,423.29,scenario_left_turn_heavy,train,development,0.11
3485,2i,150.0,31,1.7943,21,147.61,True,12,0.9295,35.72,419.15,scenario_left_turn_heavy,train,development,0.11
3490,2i,150.0,28,1.7776,19,147.61,True,12,1.4349,0.74,416.79,scenario_left_turn_heavy,train,development,0.11
3495,2i,150.0,27,1.4058,20,147.61,True,11,0.454,13.48,416.19,scenario_left_turn_heavy,train,development,0.11
3500,2i,150.0,25,0.6573,21,147.61,True,11,0.0009,9.0,416.1,scenario_left_turn_heavy,train,development,0.11
3505,2i,150.0,25,1.3028,18,147.61,True,11,0.2436,9.0,416.1,scenario_left_turn_heavy,train,development,0.11
3510,2i,150.0,25,0.6769,18,147.61,True,11,0.4526,9.0,416.1,scenario_left_turn_heavy,train,development,0.11
3515,2i,150.0,25,0.5604,19,147.61,True,12,2.1032,9.0,416.1,scenario_left_turn_heavy,train,development,0.11
3520,2i,150.0,25,0.5842,17,146.34,True,12,1.548,9.0,416.1,scenario_left_turn_heavy,train,development,0.11
3525,2i,150.0,25,0.4402,18,66.77,False,12,1.6205,9.0,416.1,scenario_left_turn_heavy,train,development,0.11
3530,2i,150.0,28,1.3175,22,100.58,False,12,1.6414,9.0,416.1,scenario_left_turn_heavy,train,development,0.11
3535,2i,150.0,29,1.0237,24,116.99,False,12,1.2641,9.0,416.1,scenario_left_turn_heavy,train,development,0.11
3540,2i,150.0,29,0.1097,28,140.67,False,12,0.2949,9.0,416.1,scenario_left_turn_heavy,train,development,0.11
3545,2i,150.0,29,0.0,29,140.61,False,13,1.7909,9.0,414.31,scenario_left_turn_heavy,train,development,0.11
3550,2i,150.0,29,0.0,29,140.61,False,13,1.8523,9.0,403.12,scenario_left_turn_heavy,train,development,0.11
3555,2i,150.0,29,0.0,29,140.61,False,13,2.4151,9.0,400.52,scenario_left_turn_heavy,train,development,0.11
3560,2i,150.0,26,0.9095,24,140.61,False,12,3.1452,12.0,397.94,scenario_left_turn_heavy,train,development,0.11
3565,2i,150.0,26,2.2581,20,140.61,False,12,2.3385,12.0,394.04,scenario_left_turn_heavy,train,development,0.11
3570,2i,150.0,28,3.0071,18,140.61,False,12,1.6962,12.0,386.91,scenario_left_turn_heavy,train,development,0.11
3575,2i,150.0,28,2.4856,18,140.61,False,12,1.5002,12.0,380.4,scenario_left_turn_heavy,train,development,0.11
3580,2i,150.0,26,2.3856,18,140.61,False,10,0.6363,12.0,377.64,scenario_left_turn_heavy,train,development,0.11
3585,2i,150.0,25,0.7634,20,140.61,False,10,0.0762,12.0,377.39,scenario_left_turn_heavy,train,development,0.11
3590,2i,150.0,25,0.9251,22,140.61,False,10,0.0072,12.0,377.39,scenario_left_turn_heavy,train,development,0.11
3595,2i,150.0,23,0.6573,20,140.61,False,10,0.155,7.43,377.39,scenario_left_turn_heavy,train,development,0.11
3600,2i,150.0,23,0.2272,22,140.61,False,10,0.0054,5.01,377.39,scenario_left_turn_heavy,train,development,0.11
0,3i,150.0,0,0.0,0,0.0,False,0,,,,scenario_left_turn_heavy,train,development,0.11
5,3i,150.0,0,0.0,0,0.0,False,2,23.1219,379.98,396.79,scenario_left_turn_heavy,train,development,0.11
10,3i,150.0,0,0.0,0,0.0,False,2,22.75,245.49,301.45,scenario_left_turn_heavy,train,development,0.11
15,3i,150.0,2,24.7686,0,0.0,False,2,22.7175,112.67,205.35,scenario_left_turn_heavy,train,development,0.11
20,3i,150.0,2,17.795,0,0.0,False,1,19.2587,109.77,109.77,scenario_left_turn_heavy,train,development,0.11
25,3i,150.0,1,13.143,0,0.0,False,1,13.143,23.57,23.57,scenario_left_turn_heavy,train,development,0.11
30,3i,150.0,1,0.0,0,0.0,False,1,0.0,1.0,1.0,scenario_left_turn_heavy,train,development,0.11
35,3i,150.0,1,18.6561,0,0.0,False,1,18.9669,396.71,396.71,scenario_left_turn_heavy,train,development,0.11
40,3i,150.0,1,7.7443,0,0.0,False,1,19.2268,300.8,300.8,scenario_left_turn_heavy,train,development,0.11
45,3i,150.0,1,0.0213,1,1.01,False,1,19.2848,204.9,204.9,scenario_left_turn_heavy,train,development,0.11
50,3i,150.0,2,8.3257,1,1.0,False,1,16.6515,119.57,119.57,scenario_left_turn_heavy,train,development,0.11
55,3i,150.0,3,11.3451,1,1.0,False,1,15.6527,36.02,36.02,scenario_left_turn_heavy,train,development,0.11
60,3i,150.0,4,9.5553,1,1.0,False,1,1.0036,1.0,1.0,scenario_left_turn_heavy,train,development,0.11
65,3i,150.0,4,4.9702,2,1.0,False,1,0.0,1.0,1.0,scenario_left_turn_heavy,train,development,0.11
70,3i,150.0,4,0.7776,3,5.01,False,1,0.0,1.0,1.0,scenario_left_turn_heavy,train,development,0.11
75,3i,150.0,6,6.0883,4,5.0,False,1,0.0,1.0,1.0,scenario_left_turn_heavy,train,development,0.11
80,3i,150.0,6,3.9934,4,5.0,False,1,0.0,1.0,1.0,scenario_left_turn_heavy,train,development,0.11
85,3i,150.0,6,0.8587,4,5.0,False,1,0.0,1.0,1.0,scenario_left_turn_heavy,train,development,0.11
90,3i,150.0,7,2.5092,6,17.71,False,1,0.0,1.0,1.0,scenario_left_turn_heavy,train,development,0.11
95,3i,150.0,5,1.6168,3,17.71,False,0,,,,scenario_left_turn_heavy,train,development,0.11
100,3i,150.0,4,0.0001,4,30.42,False,0,,,,scenario_left_turn_heavy,train,development,0.11
105,3i,150.0,6,7.6325,4,30.42,False,0,,,,scenario_left_turn_heavy,train,development,0.11
110,3i,150.0,7,7.0871,4,30.42,False,0,,,,scenario_left_turn_heavy,train,development,0.11
115,3i,150.0,5,1.7904,4,30.42,False,0,,,,scenario_left_turn_heavy,train,development,0.11
120,3i,150.0,5,0.8904,4,30.42,False,0,,,,scenario_left_turn_heavy,train,development,0.11
125,3i,150.0,4,4.7973,2,37.44,False,0,,,,scenario_left_turn_heavy,train,development,0.11
130,3i,150.0,3,5.9638,0,0.0,False,0,,,,scenario_left_turn_heavy,train,development,0.11
135,3i,150.0,4,6.9269,1,1.01,False,0,,,,scenario_left_turn_heavy,train,development,0.11
140,3i,150.0,4,3.7912,3,22.17,False,0,,,,scenario_left_turn_heavy,train,development,0.11
145,3i,150.0,5,3.6302,3,22.04,False,0,,,,scenario_left_turn_heavy,train,development,0.11
150,3i,150.0,6,5.8969,4,22.04,False,0,,,,scenario_left_turn_heavy,train,development,0.11
155,3i,150.0,6,3.2359,4,22.04,False,0,,,,scenario_left_turn_heavy,train,development,0.11
160,3i,150.0,7,3.1059,5,29.07,False,0,,,,scenario_left_turn_heavy,train,development,0.11
165,3i,150.0,8,3.3126,6,29.04,False,0,,,,scenario_left_turn_heavy,train,development,0.11
170,3i,150.0,8,1.7025,7,41.76,False,0,,,,scenario_left_turn_heavy,train,development,0.11
175,3i,150.0,8,0.3337,7,41.76,False,0,,,,scenario_left_turn_heavy,train,development,0.11
180,3i,150.0,9,1.3845,8,41.76,False,0,,,,scenario_left_turn_heavy,train,development,0.11
185,3i,150.0,6,0.0035,5,41.76,False,0,,,,scenario_left_turn_heavy,train,development,0.11
190,3i,150.0,6,0.0,6,45.76,False,0,,,,scenario_left_turn_heavy,train,development,0.11
195,3i,150.0,7,3.7979,6,45.76,False,0,,,,scenario_left_turn_heavy,train,development,0.11
200,3i,150.0,9,4.8827,6,45.76,False,0,,,,scenario_left_turn_heavy,train,development,0.11
205,3i,150.0,8,2.798,6,45.76,False,0,,,,scenario_left_turn_heavy,train,development,0.11
210,3i,150.0,8,1.4604,6,45.76,False,0,,,,scenario_left_turn_heavy,train,development,0.11
215,3i,150.0,8,2.3869,6,49.76,False,0,,,,scenario_left_turn_heavy,train,development,0.11
220,3i,150.0,7,2.1487,2,48.82,False,0,,,,scenario_left_turn_heavy,train,development,0.11
225,3i,150.0,8,3.5241,2,1.0,False,0,,,,scenario_left_turn_heavy,train,development,0.11
230,3i,150.0,8,2.1873,5,24.78,False,0,,,,scenario_left_turn_heavy,train,development,0.11
235,3i,150.0,9,1.9824,7,42.82,False,0,,,,scenario_left_turn_heavy,train,development,0.11
240,3i,150.0,10,3.4278,8,42.76,False,0,,,,scenario_left_turn_heavy,train,development,0.11
245,3i,150.0,10,1.499,8,42.76,False,0,,,,scenario_left_turn_heavy,train,development,0.11
250,3i,150.0,11,1.7934,9,49.76,False,0,,,,scenario_left_turn_heavy,train,development,0.11
255,3i,150.0,12,2.081,10,49.76,False,0,,,,scenario_left_turn_heavy,train,development,0.11
260,3i,150.0,12,1.1631,11,62.47,False,0,,,,scenario_left_turn_heavy,train,development,0.11
265,3i,150.0,12,0.0668,11,62.47,False,0,,,,scenario_left_turn_heavy,train,development,0.11
270,3i,150.0,13,0.8223,12,62.47,False,0,,,,scenario_left_turn_heavy,train,development,0.11
275,3i,150.0,9,0.0065,9,69.53,False,0,,,,scenario_left_turn_heavy,train,development,0.11
280,3i,150.0,9,0.0,9,69.47,False,0,,,,scenario_left_turn_heavy,train,development,0.11
285,3i,150.0,9,0.0,9,69.47,False,0,,,,scenario_left_turn_heavy,train,development,0.11
290,3i,150.0,12,3.9655,9,69.47,False,0,,,,scenario_left_turn_heavy,train,development,0.11
295,3i,150.0,12,3.4313,9,69.47,False,0,,,,scenario_left_turn_heavy,train,development,0.11
300,3i,150.0,12,0.9236,9,69.47,False,0,,,,scenario_left_turn_heavy,train,development,0.11
305,3i,150.0,12,1.381,9,73.47,False,1,27.0298,375.16,375.16,scenario_left_turn_heavy,train,development,0.11
310,3i,150.0,10,1.2831,6,87.54,False,1,27.3316,239.9,239.9,scenario_left_turn_heavy,train,development,0.11
315,3i,150.0,11,2.8013,5,86.51,False,1,16.347,130.86,130.86,scenario_left_turn_heavy,train,development,0.11
320,3i,150.0,11,2.0819,5,19.07,False,1,13.9326,45.02,45.02,scenario_left_turn_heavy,train,development,0.11
325,3i,150.0,11,0.3936,8,45.95,False,1,1.5709,15.29,15.29,scenario_left_turn_heavy,train,development,0.11
330,3i,150.0,12,0.7557,11,63.85,False,1,0.0037,15.04,15.04,scenario_left_turn_heavy,train,development,0.11
335,3i,150.0,13,1.6224,11,63.8,False,1,0.0,15.04,15.04,scenario_left_turn_heavy,train,development,0.11
340,3i,150.0,14,1.5237,12,67.87,False,1,0.0,15.04,15.04,scenario_left_turn_heavy,train,development,0.11
345,3i,150.0,15,1.466,13,67.8,False,1,0.0,15.04,15.04,scenario_left_turn_heavy,train,development,0.11
350,3i,150.0,15,0.9485,14,81.84,False,1,0.0,15.04,15.04,scenario_left_turn_heavy,train,development,0.11
355,3i,150.0,15,0.1494,14,81.84,False,1,0.0,15.04,15.04,scenario_left_turn_heavy,train,development,0.11
360,3i,150.0,16,0.6878,15,81.84,False,1,0.0,15.04,15.04,scenario_left_turn_heavy,train,development,0.11
365,3i,150.0,13,0.4189,11,88.91,False,1,2.8798,7.84,7.84,scenario_left_turn_heavy,train,development,0.11
370,3i,150.0,11,0.0,11,88.84,False,0,,,,scenario_left_turn_heavy,train,development,0.11
375,3i,150.0,13,3.0522,11,88.84,False,0,,,,scenario_left_turn_heavy,train,development,0.11
380,3i,150.0,14,2.7415,11,88.84,False,0,,,,scenario_left_turn_heavy,train,development,0.11
385,3i,150.0,12,0.0005,12,95.85,False,0,,,,scenario_left_turn_heavy,train,development,0.11
390,3i,150.0,12,0.0,12,95.84,False,0,,,,scenario_left_turn_heavy,train,development,0.11
395,3i,150.0,11,0.226,10,95.84,False,0,,,,scenario_left_turn_heavy,train,development,0.11
400,3i,150.0,11,1.7828,6,95.84,False,0,,,,scenario_left_turn_heavy,train,development,0.11
405,3i,150.0,11,1.4726,5,95.54,False,0,,,,scenario_left_turn_heavy,train,development,0.11
410,3i,150.0,12,2.3322,4,27.72,False,0,,,,scenario_left_turn_heavy,train,development,0.11
415,3i,150.0,13,1.4385,8,64.38,False,0,,,,scenario_left_turn_heavy,train,development,0.11
420,3i,150.0,14,1.9501,12,85.22,False,0,,,,scenario_left_turn_heavy,train,development,0.11
425,3i,150.0,14,1.1117,13,98.86,False,0,,,,scenario_left_turn_heavy,train,development,0.11
430,3i,150.0,15,0.9819,13,98.84,False,0,,,,scenario_left_turn_heavy,train,development,0.11
435,3i,150.0,16,1.0209,14,98.84,False,0,,,,scenario_left_turn_heavy,train,development,0.11
440,3i,150.0,16,1.0487,15,102.85,False,0,,,,scenario_left_turn_heavy,train,development,0.11
445,3i,150.0,16,0.2983,15,102.84,False,0,,,,scenario_left_turn_heavy,train,development,0.11
450,3i,150.0,17,0.3875,16,102.84,False,0,,,,scenario_left_turn_heavy,train,development,0.11
455,3i,150.0,14,0.0031,14,106.85,False,0,,,,scenario_left_turn_heavy,train,development,0.11
460,3i,150.0,14,0.0,14,106.84,False,0,,,,scenario_left_turn_heavy,train,development,0.11
465,3i,150.0,16,1.8997,14,106.84,False,0,,,,scenario_left_turn_heavy,train,development,0.11
470,3i,150.0,17,2.1969,14,106.84,False,1,27.1276,456.17,456.17,scenario_left_turn_heavy,train,development,0.11
475,3i,150.0,16,0.8109,15,110.85,False,1,27.4158,321.05,321.05,scenario_left_turn_heavy,train,development,0.11
480,3i,150.0,16,0.153,15,110.85,False,1,21.7862,192.6,192.6,scenario_left_turn_heavy,train,development,0.11
485,3i,150.0,16,0.8078,13,110.85,False,1,8.6229,123.99,123.99,scenario_left_turn_heavy,train,development,0.11
490,3i,150.0,15,0.661,11,114.86,False,1,0.0228,114.86,114.86,scenario_left_turn_heavy,train,development,0.11
495,3i,150.0,15,0.7541,9,114.85,False,1,0.0,114.85,114.85,scenario_left_turn_heavy,train,development,0.11
500,3i,150.0,16,1.9425,8,114.52,False,1,0.129,114.52,114.52,scenario_left_turn_heavy,train,development,0.11
505,3i,150.0,17,1.305,9,58.23,False,1,1.6795,108.81,108.81,scenario_left_turn_heavy,train,development,0.11
510,3i,150.0,18,1.7529,13,83.42,False,1,2.0543,99.54,99.54,scenario_left_turn_heavy,train,development,0.11
515,3i,150.0,18,0.8586,17,99.89,False,2,9.7298,95.36,396.71,scenario_left_turn_heavy,train,development,0.11
520,3i,150.0,19,0.7196,17,99.15,False,2,9.5412,95.14,301.5,scenario_left_turn_heavy,train,development,0.11
525,3i,150.0,19,0.0196,18,99.14,False,3,14.7918,95.13,428.45,scenario_left_turn_heavy,train,development,0.11
530,3i,150.0,20,0.7667,19,103.14,False,3,14.0431,95.13,294.84,scenario_left_turn_heavy,train,development,0.11
535,3i,150.0,20,0.5476,19,103.14,False,3,10.1507,71.85,174.56,scenario_left_turn_heavy,train,development,0.11
540,3i,150.0,21,0.639,19,103.14,False,3,4.4729,30.16,114.18,scenario_left_turn_heavy,train,development,0.11
545,3i,150.0,19,0.5346,17,107.15,False,3,2.3267,0.71,107.15,scenario_left_turn_heavy,train,development,0.11
550,3i,150.0,17,0.0,17,107.14,False,2,0.0,95.13,107.14,scenario_left_turn_heavy,train,development,0.11
555,3i,150.0,19,2.1488,17,107.14,False,2,0.0,95.13,107.14,scenario_left_turn_heavy,train,development,0.11
560,3i,150.0,20,2.0762,17,107.14,False,2,0.0,95.13,107.14,scenario_left_turn_heavy,train,development,0.11
565,3i,150.0,18,0.1764,17,107.14,False,2,0.0,95.13,107.14,scenario_left_turn_heavy,train,development,0.11
570,3i,150.0,18,0.0001,18,111.14,False,2,0.0,95.13,107.14,scenario_left_turn_heavy,train,development,0.11
575,3i,150.0,18,0.6554,15,111.14,False,2,0.0,95.13,107.14,scenario_left_turn_heavy,train,development,0.11
580,3i,150.0,17,0.3861,13,123.88,False,2,0.0,95.13,107.14,scenario_left_turn_heavy,train,development,0.11
585,3i,150.0,18,1.4533,12,123.85,False,2,0.0,95.13,107.14,scenario_left_turn_heavy,train,development,0.11
590,3i,150.0,18,1.3656,12,123.85,False,3,9.4148,92.44,376.12,scenario_left_turn_heavy,train,development,0.11
595,3i,150.0,19,0.9635,12,123.01,False,3,9.7269,86.54,243.35,scenario_left_turn_heavy,train,development,0.11
600,3i,150.0,20,1.5955,14,87.93,False,3,9.081,83.76,110.21,scenario_left_turn_heavy,train,development,0.11
605,3i,150.0,20,0.6657,18,112.94,False,4,7.7569,23.76,396.68,scenario_left_turn_heavy,train,development,0.11
610,3i,150.0,21,0.5246,19,116.3,False,4,4.6018,1.06,303.19,scenario_left_turn_heavy,train,development,0.11
615,3i,150.0,21,0.0022,20,116.25,False,4,4.3352,1.0,219.15,scenario_left_turn_heavy,train,development,0.11
620,3i,150.0,22,0.7175,21,123.25,False,4,3.9464,1.0,136.82,scenario_left_turn_heavy,train,development,0.11
625,3i,150.0,22,0.5154,21,123.25,False,4,2.8346,1.0,95.54,scenario_left_turn_heavy,train,development,0.11
630,3i,150.0,23,0.5254,21,123.25,False,4,1.7096,1.0,95.54,scenario_left_turn_heavy,train,development,0.11
635,3i,150.0,20,0.0,20,127.25,False,2,0.0,83.53,95.54,scenario_left_turn_heavy,train,development,0.11
640,3i,150.0,20,0.0,20,127.25,False,2,0.0,83.53,95.54,scenario_left_turn_heavy,train,development,0.11
645,3i,150.0,21,0.8604,20,127.25,False,2,0.0,83.53,95.54,scenario_left_turn_heavy,train,development,0.11
650,3i,150.0,23,1.4438,20,127.25,False,2,0.0,83.53,95.54,scenario_left_turn_heavy,train,development,0.11
655,3i,150.0,22,0.4832,21,131.25,False,2,0.0,83.53,95.54,scenario_left_turn_heavy,train,development,0.11
660,3i,150.0,21,0.0,21,131.25,False,2,0.0,83.53,95.54,scenario_left_turn_heavy,train,development,0.11
665,3i,150.0,21,0.3849,19,131.25,False,2,0.0,83.53,95.54,scenario_left_turn_heavy,train,development,0.11
670,3i,150.0,21,0.4044,16,135.27,False,2,0.0,83.53,95.54,scenario_left_turn_heavy,train,development,0.11
675,3i,150.0,21,0.4281,17,135.25,False,2,0.0544,83.41,95.54,scenario_left_turn_heavy,train,development,0.11
680,3i,150.0,22,1.1848,15,135.25,False,2,0.6867,79.21,94.77,scenario_left_turn_heavy,train,development,0.11
685,3i,150.0,23,0.7816,15,135.24,False,2,1.557,71.39,89.38,scenario_left_turn_heavy,train,development,0.11
690,3i,150.0,24,1.4269,16,138.52,False,2,0.3188,70.18,83.44,scenario_left_turn_heavy,train,development,0.11
695,3i,150.0,24,0.8929,19,127.91,False,3,6.3505,70.09,396.7,scenario_left_turn_heavy,train,development,0.11
700,3i,150.0,24,0.175,22,123.12,False,3,5.8293,70.09,303.34,scenario_left_turn_heavy,train,development,0.11
705,3i,150.0,25,0.0597,24,126.15,False,3,5.5827,70.09,219.38,scenario_left_turn_heavy,train,development,0.11
710,3i,150.0,26,0.6103,25,129.83,False,3,5.2799,70.09,136.71,scenario_left_turn_heavy,train,development,0.11
715,3i,150.0,26,0.4362,25,129.81,False,3,3.7799,70.09,82.09,scenario_left_turn_heavy,train,development,0.11
720,3i,150.0,26,0.2631,25,129.81,False,3,2.2799,27.82,82.09,scenario_left_turn_heavy,train,development,0.11
725,3i,150.0,24,0.1854,23,129.81,False,2,0.0,70.09,82.09,scenario_left_turn_heavy,train,development,0.11
730,3i,150.0,24,0.0023,24,136.82,False,2,0.0,70.09,82.09,scenario_left_turn_heavy,train,development,0.11
735,3i,150.0,24,0.0,24,136.81,False,2,0.0,70.09,82.09,scenario_left_turn_heavy,train,development,0.11
740,3i,150.0,26,1.3064,24,136.81,False,2,0.0,70.09,82.09,scenario_left_turn_heavy,train,development,0.11
745,3i,150.0,25,0.5729,24,136.81,False,2,0.0,70.09,82.09,scenario_left_turn_heavy,train,development,0.11
750,3i,150.0,26,0.1278,25,149.53,True,2,0.0,70.09,82.09,scenario_left_turn_heavy,train,development,0.11
755,3i,150.0,25,0.0812,24,149.53,True,2,0.0,70.09,82.09,scenario_left_turn_heavy,train,development,0.11
760,3i,150.0,24,0.5421,20,149.53,True,2,0.0,70.09,82.09,scenario_left_turn_heavy,train,development,0.11
765,3i,150.0,24,0.4884,18,149.53,True,2,0.2596,69.35,82.09,scenario_left_turn_heavy,train,development,0.11
770,3i,150.0,25,1.2795,16,149.53,True,2,1.5098,60.11,79.74,scenario_left_turn_heavy,train,development,0.11
775,3i,150.0,25,0.84,18,149.53,True,2,1.6885,52.99,70.4,scenario_left_turn_heavy,train,development,0.11
780,3i,150.0,26,1.4411,17,149.34,True,2,0.1674,52.06,64.79,scenario_left_turn_heavy,train,development,0.11
785,3i,150.0,26,0.9602,18,146.86,True,2,0.0078,52.05,64.06,scenario_left_turn_heavy,train,development,0.11
790,3i,150.0,26,0.3237,21,104.74,False,2,0.0,52.05,64.05,scenario_left_turn_heavy,train,development,0.11
795,3i,150.0,27,0.1403,25,119.59,False,2,0.0,52.05,64.05,scenario_left_turn_heavy,train,development,0.11
800,3i,150.0,29,0.5112,28,149.99,True,2,0.0,52.05,64.05,scenario_left_turn_heavy,train,development,0.11
805,3i,150.0,29,0.4821,28,149.54,True,2,0.0,52.05,64.05,scenario_left_turn_heavy,train,development,0.11
810,3i,150.0,29,0.0136,28,149.53,True,2,0.0,52.05,64.05,scenario_left_turn_heavy,train,development,0.11
815,3i,150.0,25,0.0,25,149.53,True,3,9.1045,52.05,376.13,scenario_left_turn_heavy,train,development,0.11
820,3i,150.0,25,0.0,25,149.53,True,3,7.268,52.05,247.47,scenario_left_turn_heavy,train,development,0.11
825,3i,150.0,26,1.0355,25,149.53,True,3,6.0683,52.05,158.91,scenario_left_turn_heavy,train,development,0.11
830,3i,150.0,27,1.0132,25,149.53,True,3,4.777,52.05,80.19,scenario_left_turn_heavy,train,development,0.11
835,3i,150.0,25,0.0,25,149.53,True,2,0.0,52.05,64.05,scenario_left_turn_heavy,train,development,0.11
840,3i,150.0,25,0.0,25,149.53,True,2,0.0,52.05,64.05,scenario_left_turn_heavy,train,development,0.11
845,3i,150.0,24,0.2523,22,149.53,True,3,7.982,52.05,383.14,scenario_left_turn_heavy,train,development,0.11
850,3i,150.0,22,0.3828,19,149.53,True,3,7.5836,52.05,265.45,scenario_left_turn_heavy,train,development,0.11
855,3i,150.0,22,0.6625,15,149.53,True,3,5.2598,46.75,183.41,scenario_left_turn_heavy,train,development,0.11
860,3i,150.0,23,1.3401,14,149.53,True,4,12.1833,34.63,374.81,scenario_left_turn_heavy,train,development,0.11
865,3i,150.0,23,1.1102,14,149.53,True,4,10.4466,23.68,239.49,scenario_left_turn_heavy,train,development,0.11
870,3i,150.0,24,1.7245,14,149.34,True,4,6.2834,1.0,107.79,scenario_left_turn_heavy,train,development,0.11
875,3i,150.0,24,1.0089,14,70.92,False,4,3.0525,1.0,43.05,scenario_left_turn_heavy,train,development,0.11
880,3i,150.0,25,0.4388,18,87.35,False,4,0.1828,1.0,43.05,scenario_left_turn_heavy,train,development,0.11
885,3i,150.0,25,0.1909,22,110.92,False,4,0.0,1.0,43.05,scenario_left_turn_heavy,train,development,0.11
890,3i,150.0,27,0.5947,24,128.64,False,4,0.0,1.0,43.05,scenario_left_turn_heavy,train,development,0.11
895,3i,150.0,27,0.4236,26,145.3,True,4,0.0,1.0,43.05,scenario_left_turn_heavy,train,development,0.11
900,3i,150.0,27,0.0089,27,145.24,True,4,0.0,1.0,43.05,scenario_left_turn_heavy,train,development,0.11
905,3i,150.0,24,0.0,24,145.23,True,2,0.0,31.05,43.05,scenario_left_turn_heavy,train,development,0.11
910,3i,150.0,24,0.0,24,145.23,True,2,0.0,31.05,43.05,scenario_left_turn_heavy,train,development,0.11
915,3i,150.0,25,1.0622,24,145.23,True,2,0.0,31.05,43.05,scenario_left_turn_heavy,train,development,0.11
920,3i,150.0,26,1.1716,24,145.23,True,2,0.0,31.05,43.05,scenario_left_turn_heavy,train,development,0.11
925,3i,150.0,25,0.6157,24,145.23,True,2,0.0,31.05,43.05,scenario_left_turn_heavy,train,development,0.11
930,3i,150.0,25,0.1495,24,145.23,True,2,0.0,31.05,43.05,scenario_left_turn_heavy,train,development,0.11
935,3i,150.0,24,0.069,23,145.23,True,2,0.0,31.05,43.05,scenario_left_turn_heavy,train,development,0.11
940,3i,150.0,23,0.5231,20,145.23,True,2,0.419,29.36,43.05,scenario_left_turn_heavy,train,development,0.11
945,3i,150.0,23,0.588,18,145.23,True,2,2.7393,14.25,38.45,scenario_left_turn_heavy,train,development,0.11
950,3i,150.0,24,1.1727,17,145.23,True,3,6.9035,13.02,396.47,scenario_left_turn_heavy,train,development,0.11
955,3i,150.0,24,1.0525,15,145.23,True,3,6.4754,13.0,300.27,scenario_left_turn_heavy,train,development,0.11
960,3i,150.0,24,0.767,15,144.99,False,3,6.0967,13.0,205.25,scenario_left_turn_heavy,train,development,0.11
965,3i,150.0,26,1.075,19,149.38,True,3,5.8143,13.0,119.87,scenario_left_turn_heavy,train,development,0.11
970,3i,150.0,26,0.9203,20,92.89,False,3,5.34,13.0,37.06,scenario_left_turn_heavy,train,development,0.11
975,3i,150.0,27,0.1512,23,114.69,False,3,0.4042,1.0,25.01,scenario_left_turn_heavy,train,development,0.11
980,3i,150.0,29,0.6182,27,141.35,False,3,0.0,1.0,25.01,scenario_left_turn_heavy,train,development,0.11
985,3i,150.0,29,0.386,28,145.21,True,3,0.0,1.0,25.01,scenario_left_turn_heavy,train,development,0.11
990,3i,150.0,29,0.1359,28,145.2,True,3,0.0,1.0,25.01,scenario_left_turn_heavy,train,development,0.11
995,3i,150.0,26,0.1957,25,145.2,True,2,0.0,13.0,25.01,scenario_left_turn_heavy,train,development,0.11
1000,3i,150.0,25,0.0,25,145.2,True,2,0.0,13.0,25.01,scenario_left_turn_heavy,train,development,0.11
1005,3i,150.0,26,0.9144,25,145.2,True,2,0.0,13.0,25.01,scenario_left_turn_heavy,train,development,0.11
1010,3i,150.0,27,1.2781,25,145.2,True,2,0.0,13.0,25.01,scenario_left_turn_heavy,train,development,0.11
1015,3i,150.0,26,0.6686,25,145.2,True,2,0.0,13.0,25.01,scenario_left_turn_heavy,train,development,0.11
1020,3i,150.0,26,0.0926,25,145.2,True,2,0.0,13.0,25.01,scenario_left_turn_heavy,train,development,0.11
1025,3i,150.0,24,0.0442,23,145.2,True,2,0.0,13.0,25.01,scenario_left_turn_heavy,train,development,0.11
1030,3i,150.0,23,0.4229,19,145.2,True,2,0.7797,0.2,23.27,scenario_left_turn_heavy,train,development,0.11
1035,3i,150.0,23,0.377,19,145.2,True,2,0.0427,0.2,12.28,scenario_left_turn_heavy,train,development,0.11
1040,3i,150.0,24,1.1791,18,145.2,True,2,0.0001,0.2,12.21,scenario_left_turn_heavy,train,development,0.11
1045,3i,150.0,24,0.7344,18,145.2,True,2,0.0,0.2,12.21,scenario_left_turn_heavy,train,development,0.11
1050,3i,150.0,25,1.3013,19,145.01,True,2,0.0,0.2,12.21,scenario_left_turn_heavy,train,development,0.11
1055,3i,150.0,25,0.8056,18,93.83,False,2,0.0,0.2,12.21,scenario_left_turn_heavy,train,development,0.11
1060,3i,150.0,26,0.1872,22,121.74,False,2,0.0,0.2,12.21,scenario_left_turn_heavy,train,development,0.11
1065,3i,150.0,27,0.031,26,139.7,False,2,0.0,0.2,12.21,scenario_left_turn_heavy,train,development,0.11
1070,3i,150.0,28,0.5673,27,146.41,True,2,0.0,0.2,12.21,scenario_left_turn_heavy,train,development,0.11
1075,3i,150.0,28,0.3698,27,146.4,True,2,0.0,0.2,12.21,scenario_left_turn_heavy,train,development,0.11
1080,3i,150.0,28,0.0043,28,146.4,True,2,0.0,0.2,12.21,scenario_left_turn_heavy,train,development,0.11
1085,3i,150.0,26,0.1953,24,146.4,True,3,8.8626,0.2,376.32,scenario_left_turn_heavy,train,development,0.11
1090,3i,150.0,24,0.0,24,146.4,True,3,9.1198,0.2,242.51,scenario_left_turn_heavy,train,development,0.11
1095,3i,150.0,25,1.0687,24,146.4,True,3,8.9056,0.2,107.44,scenario_left_turn_heavy,train,development,0.11
1100,3i,150.0,26,1.0429,24,146.4,True,3,4.2389,0.2,15.85,scenario_left_turn_heavy,train,development,0.11
1105,3i,150.0,25,0.6191,24,146.4,True,2,0.0,0.2,12.21,scenario_left_turn_heavy,train,development,0.11
1110,3i,150.0,24,0.0,24,146.4,True,2,0.0,0.2,12.21,scenario_left_turn_heavy,train,development,0.11
1115,3i,150.0,22,0.0813,21,146.4,True,1,0.0,12.21,12.21,scenario_left_turn_heavy,train,development,0.11
1120,3i,150.0,20,0.4587,17,146.4,True,0,,,,scenario_left_turn_heavy,train,development,0.11
1125,3i,150.0,20,0.491,15,146.4,True,0,,,,scenario_left_turn_heavy,train,development,0.11
1130,3i,150.0,21,1.3163,15,146.4,True,0,,,,scenario_left_turn_heavy,train,development,0.11
1135,3i,150.0,21,1.1964,14,146.4,True,0,,,,scenario_left_turn_heavy,train,development,0.11
1140,3i,150.0,22,1.8852,14,145.76,True,0,,,,scenario_left_turn_heavy,train,development,0.11
1145,3i,150.0,23,0.9714,15,86.62,False,0,,,,scenario_left_turn_heavy,train,development,0.11
1150,3i,150.0,24,0.3243,19,117.51,False,0,,,,scenario_left_turn_heavy,train,development,0.11
1155,3i,150.0,25,0.0485,24,142.99,False,0,,,,scenario_left_turn_heavy,train,development,0.11
1160,3i,150.0,26,0.7168,25,146.3,True,0,,,,scenario_left_turn_heavy,train,development,0.11
1165,3i,150.0,26,0.3903,25,146.2,True,0,,,,scenario_left_turn_heavy,train,development,0.11
1170,3i,150.0,26,0.0046,26,146.19,True,0,,,,scenario_left_turn_heavy,train,development,0.11
1175,3i,150.0,24,0.0952,23,146.19,True,0,,,,scenario_left_turn_heavy,train,development,0.11
1180,3i,150.0,23,0.0,23,146.19,True,0,,,,scenario_left_turn_heavy,train,development,0.11
1185,3i,150.0,24,1.0829,23,146.19,True,0,,,,scenario_left_turn_heavy,train,development,0.11
1190,3i,150.0,25,1.2405,23,146.19,True,0,,,,scenario_left_turn_heavy,train,development,0.11
1195,3i,150.0,24,0.6506,23,146.19,True,0,,,,scenario_left_turn_heavy,train,development,0.11
1200,3i,150.0,23,0.0,23,146.19,True,0,,,,scenario_left_turn_heavy,train,development,0.11
1205,3i,150.0,22,0.2222,21,146.19,True,0,,,,scenario_left_turn_heavy,train,development,0.11
1210,3i,150.0,20,0.91,16,146.19,True,0,,,,scenario_left_turn_heavy,train,development,0.11
1215,3i,150.0,20,0.7277,16,146.19,True,0,,,,scenario_left_turn_heavy,train,development,0.11
1220,3i,150.0,21,1.4272,13,146.19,True,0,,,,scenario_left_turn_heavy,train,development,0.11
1225,3i,150.0,21,1.4808,12,146.18,True,0,,,,scenario_left_turn_heavy,train,development,0.11
1230,3i,150.0,22,0.9417,11,149.44,True,0,,,,scenario_left_turn_heavy,train,development,0.11
1235,3i,150.0,23,1.4119,14,82.73,False,0,,,,scenario_left_turn_heavy,train,development,0.11
1240,3i,150.0,24,0.9899,18,108.25,False,0,,,,scenario_left_turn_heavy,train,development,0.11
1245,3i,150.0,25,0.2162,22,127.7,False,0,,,,scenario_left_turn_heavy,train,development,0.11
1250,3i,150.0,26,0.7231,25,146.56,True,0,,,,scenario_left_turn_heavy,train,development,0.11
1255,3i,150.0,26,0.5582,25,146.21,True,0,,,,scenario_left_turn_heavy,train,development,0.11
1260,3i,150.0,26,0.044,25,146.19,True,0,,,,scenario_left_turn_heavy,train,development,0.11
1265,3i,150.0,23,0.0,23,146.19,True,0,,,,scenario_left_turn_heavy,train,development,0.11
1270,3i,150.0,23,0.0,23,146.19,True,0,,,,scenario_left_turn_heavy,train,development,0.11
1275,3i,150.0,24,1.0797,23,146.19,True,0,,,,scenario_left_turn_heavy,train,development,0.11
1280,3i,150.0,25,1.1937,23,146.19,True,0,,,,scenario_left_turn_heavy,train,development,0.11
1285,3i,150.0,24,0.766,23,146.19,True,0,,,,scenario_left_turn_heavy,train,development,0.11
1290,3i,150.0,23,0.0,23,146.19,True,0,,,,scenario_left_turn_heavy,train,development,0.11
1295,3i,150.0,21,0.107,20,146.19,True,1,24.5767,383.28,383.28,scenario_left_turn_heavy,train,development,0.11
1300,3i,150.0,19,0.5683,16,146.19,True,2,19.1975,287.66,408.0,scenario_left_turn_heavy,train,development,0.11
1305,3i,150.0,19,0.5501,15,146.19,True,2,17.296,203.38,301.61,scenario_left_turn_heavy,train,development,0.11
1310,3i,150.0,20,1.54,14,146.19,True,2,11.1696,121.73,255.39,scenario_left_turn_heavy,train,development,0.11
1315,3i,150.0,20,1.3163,12,146.19,True,2,7.1857,41.63,253.96,scenario_left_turn_heavy,train,development,0.11
1320,3i,150.0,22,1.7428,13,149.56,True,2,1.2526,1.0,253.96,scenario_left_turn_heavy,train,development,0.11
1325,3i,150.0,23,0.9811,15,98.69,False,2,0.0,1.0,253.96,scenario_left_turn_heavy,train,development,0.11
1330,3i,150.0,23,0.1876,21,131.57,False,2,0.0,1.0,253.96,scenario_left_turn_heavy,train,development,0.11
1335,3i,150.0,24,0.0547,24,145.92,True,2,0.0035,1.0,253.95,scenario_left_turn_heavy,train,development,0.11
1340,3i,150.0,25,0.6027,24,145.24,True,2,0.17,1.0,253.23,scenario_left_turn_heavy,train,development,0.11
1345,3i,150.0,25,0.5974,24,145.19,True,2,0.333,1.0,249.96,scenario_left_turn_heavy,train,development,0.11
1350,3i,150.0,25,0.0527,24,145.19,True,2,0.6336,1.0,243.82,scenario_left_turn_heavy,train,development,0.11
1355,3i,150.0,22,0.0,22,145.19,True,1,0.4435,238.93,238.93,scenario_left_turn_heavy,train,development,0.11
1360,3i,150.0,22,0.0,22,145.19,True,1,0.0551,238.0,238.0,scenario_left_turn_heavy,train,development,0.11
1365,3i,150.0,22,0.0,22,145.19,True,1,0.0043,237.96,237.96,scenario_left_turn_heavy,train,development,0.11
1370,3i,150.0,24,1.346,22,145.19,True,1,0.0,237.96,237.96,scenario_left_turn_heavy,train,development,0.11
1375,3i,150.0,24,1.2358,22,145.19,True,1,0.0,237.96,237.96,scenario_left_turn_heavy,train,development,0.11
1380,3i,150.0,23,0.2477,22,145.19,True,1,0.0,237.96,237.96,scenario_left_turn_heavy,train,development,0.11
1385,3i,150.0,21,0.0702,20,145.19,True,1,0.0,237.96,237.96,scenario_left_turn_heavy,train,development,0.11
1390,3i,150.0,20,0.7101,16,145.19,True,1,0.0,237.96,237.96,scenario_left_turn_heavy,train,development,0.11
1395,3i,150.0,20,0.8365,13,145.19,True,1,0.0,237.96,237.96,scenario_left_turn_heavy,train,development,0.11
1400,3i,150.0,21,1.4978,13,145.19,True,1,0.0,237.96,237.96,scenario_left_turn_heavy,train,development,0.11
1405,3i,150.0,21,1.474,11,145.1,True,1,0.0,237.96,237.96,scenario_left_turn_heavy,train,development,0.11
1410,3i,150.0,22,1.8428,12,74.92,False,1,0.0,237.96,237.96,scenario_left_turn_heavy,train,development,0.11
1415,3i,150.0,23,1.0922,16,86.92,False,2,12.4064,237.96,383.93,scenario_left_turn_heavy,train,development,0.11
1420,3i,150.0,25,0.3582,21,114.92,False,2,9.1129,237.95,287.48,scenario_left_turn_heavy,train,development,0.11
1425,3i,150.0,26,0.0986,25,140.11,False,2,7.2881,207.59,237.34,scenario_left_turn_heavy,train,development,0.11
1430,3i,150.0,27,0.6109,26,146.61,True,2,8.7656,128.49,233.21,scenario_left_turn_heavy,train,development,0.11
1435,3i,150.0,27,0.5551,26,146.48,True,2,8.0453,47.69,224.69,scenario_left_turn_heavy,train,development,0.11
1440,3i,150.0,27,0.1001,26,146.48,True,2,1.9437,7.63,216.62,scenario_left_turn_heavy,train,development,0.11
1445,3i,150.0,24,0.1667,23,146.48,True,2,9.5275,214.37,397.04,scenario_left_turn_heavy,train,development,0.11
1450,3i,150.0,23,0.0,23,146.48,True,2,9.0576,214.25,302.78,scenario_left_turn_heavy,train,development,0.11
1455,3i,150.0,23,0.0,23,146.48,True,2,8.5976,214.24,217.32,scenario_left_turn_heavy,train,development,0.11
1460,3i,150.0,25,1.2522,23,146.48,True,2,8.5177,132.45,214.24,scenario_left_turn_heavy,train,development,0.11
1465,3i,150.0,25,1.1633,23,146.48,True,2,6.4441,60.14,214.24,scenario_left_turn_heavy,train,development,0.11
1470,3i,150.0,24,0.2585,23,146.48,True,2,3.1019,4.41,214.24,scenario_left_turn_heavy,train,development,0.11
1475,3i,150.0,23,0.0555,23,146.48,True,2,0.0,1.0,214.24,scenario_left_turn_heavy,train,development,0.11
1480,3i,150.0,23,0.4157,19,146.48,True,2,0.0,1.0,214.24,scenario_left_turn_heavy,train,development,0.11
1485,3i,150.0,23,0.4167,16,146.48,True,2,0.0,1.0,214.24,scenario_left_turn_heavy,train,development,0.11
1490,3i,150.0,24,1.1247,17,146.48,True,2,0.0,1.0,214.24,scenario_left_turn_heavy,train,development,0.11
1495,3i,150.0,24,1.0076,19,146.48,True,2,0.0,1.0,214.24,scenario_left_turn_heavy,train,development,0.11
1500,3i,150.0,25,1.4649,18,145.27,True,2,0.0,1.0,214.24,scenario_left_turn_heavy,train,development,0.11
1505,3i,150.0,25,0.798,19,101.08,False,2,0.0001,1.0,214.24,scenario_left_turn_heavy,train,development,0.11
1510,3i,150.0,26,0.19,22,121.84,False,2,0.0502,1.0,214.09,scenario_left_turn_heavy,train,development,0.11
1515,3i,150.0,26,0.0209,26,145.52,True,3,6.5925,1.0,436.63,scenario_left_turn_heavy,train,development,0.11
1520,3i,150.0,28,0.6422,27,149.19,True,3,5.2363,1.0,353.59,scenario_left_turn_heavy,train,development,0.11
1525,3i,150.0,28,0.5161,27,149.16,True,3,2.4568,1.0,304.14,scenario_left_turn_heavy,train,development,0.11
1530,3i,150.0,28,0.1698,27,149.16,True,3,0.5848,1.0,289.1,scenario_left_turn_heavy,train,development,0.11
1535,3i,150.0,25,0.1243,24,149.16,True,3,8.037,200.22,379.59,scenario_left_turn_heavy,train,development,0.11
1540,3i,150.0,24,0.0,24,149.16,True,3,5.4582,200.2,294.29,scenario_left_turn_heavy,train,development,0.11
1545,3i,150.0,25,0.9882,24,149.15,True,3,6.1122,200.2,276.43,scenario_left_turn_heavy,train,development,0.11
1550,3i,150.0,26,1.3862,24,149.15,True,3,6.0541,126.98,276.03,scenario_left_turn_heavy,train,development,0.11
1555,3i,150.0,25,0.6103,24,149.15,True,3,5.0873,43.88,275.97,scenario_left_turn_heavy,train,development,0.11
1560,3i,150.0,25,0.1383,24,149.15,True,3,1.1528,1.46,275.97,scenario_left_turn_heavy,train,development,0.11
1565,3i,150.0,23,0.0597,22,149.15,True,3,0.0,1.0,275.97,scenario_left_turn_heavy,train,development,0.11
1570,3i,150.0,22,0.6107,18,149.15,True,3,0.0,1.0,275.97,scenario_left_turn_heavy,train,development,0.11
1575,3i,150.0,22,0.5801,16,149.15,True,3,0.0,1.0,275.97,scenario_left_turn_heavy,train,development,0.11
1580,3i,150.0,23,1.2766,16,149.15,True,3,0.0,1.0,275.97,scenario_left_turn_heavy,train,development,0.11
1585,3i,150.0,23,1.403,15,149.15,True,3,0.0,1.0,275.97,scenario_left_turn_heavy,train,development,0.11
1590,3i,150.0,24,1.7592,13,148.37,True,3,0.0,1.0,275.97,scenario_left_turn_heavy,train,development,0.11
1595,3i,150.0,24,0.9889,17,87.08,False,3,0.0024,1.0,275.97,scenario_left_turn_heavy,train,development,0.11
1600,3i,150.0,25,0.2147,20,105.08,False,3,0.1428,1.0,275.97,scenario_left_turn_heavy,train,development,0.11
1605,3i,150.0,27,0.0927,25,136.17,False,3,0.4919,1.0,275.97,scenario_left_turn_heavy,train,development,0.11
1610,3i,150.0,28,0.6471,27,146.73,True,3,0.3118,1.0,275.94,scenario_left_turn_heavy,train,development,0.11
1615,3i,150.0,28,0.4976,27,146.45,True,3,0.406,1.0,275.29,scenario_left_turn_heavy,train,development,0.11
1620,3i,150.0,28,0.0275,27,146.45,True,3,0.1527,1.0,271.86,scenario_left_turn_heavy,train,development,0.11
1625,3i,150.0,25,0.194,24,146.45,True,2,0.7805,179.49,264.7,scenario_left_turn_heavy,train,development,0.11
1630,3i,150.0,24,0.0,24,146.44,True,2,0.6018,179.49,257.63,scenario_left_turn_heavy,train,development,0.11
1635,3i,150.0,24,0.0,24,146.44,True,2,0.1146,179.49,255.52,scenario_left_turn_heavy,train,development,0.11
1640,3i,150.0,26,1.3264,24,146.44,True,3,9.1905,179.49,455.77,scenario_left_turn_heavy,train,development,0.11
1645,3i,150.0,26,1.1866,24,146.44,True,3,5.6467,179.49,344.61,scenario_left_turn_heavy,train,development,0.11
1650,3i,150.0,26,0.3229,24,146.44,True,3,1.2177,179.49,299.91,scenario_left_turn_heavy,train,development,0.11
1655,3i,150.0,25,0.2352,23,146.44,True,3,0.0011,179.49,297.97,scenario_left_turn_heavy,train,development,0.11
1660,3i,150.0,23,0.5968,19,146.44,True,3,0.0,179.49,297.97,scenario_left_turn_heavy,train,development,0.11
1665,3i,150.0,23,0.5137,19,146.44,True,3,0.0,179.49,297.97,scenario_left_turn_heavy,train,development,0.11
1670,3i,150.0,24,1.0662,17,146.44,True,3,0.0,179.49,297.97,scenario_left_turn_heavy,train,development,0.11
1675,3i,150.0,24,1.2562,17,146.44,True,3,0.0,179.49,297.97,scenario_left_turn_heavy,train,development,0.11
1680,3i,150.0,24,0.7302,16,145.61,True,3,0.0,179.49,297.97,scenario_left_turn_heavy,train,development,0.11
1685,3i,150.0,26,1.106,19,94.18,False,3,0.0858,179.17,297.97,scenario_left_turn_heavy,train,development,0.11
1690,3i,150.0,28,0.6542,22,117.8,False,3,0.5144,174.43,297.97,scenario_left_turn_heavy,train,development,0.11
1695,3i,150.0,28,0.1972,27,141.73,False,3,0.6428,166.06,297.97,scenario_left_turn_heavy,train,development,0.11
1700,3i,150.0,30,0.5299,29,147.69,True,3,0.0833,162.03,297.97,scenario_left_turn_heavy,train,development,0.11
1705,3i,150.0,30,0.5498,29,147.45,True,3,0.239,161.52,297.95,scenario_left_turn_heavy,train,development,0.11
1710,3i,150.0,30,0.1934,29,147.45,True,3,0.9213,161.49,293.71,scenario_left_turn_heavy,train,development,0.11
1715,3i,150.0,26,0.6674,25,147.45,True,3,0.7991,161.49,287.4,scenario_left_turn_heavy,train,development,0.11
1720,3i,150.0,26,0.6526,25,147.45,True,3,0.5055,161.49,281.69,scenario_left_turn_heavy,train,development,0.11
1725,3i,150.0,27,0.9815,25,147.45,True,3,0.234,161.49,277.37,scenario_left_turn_heavy,train,development,0.11
1730,3i,150.0,28,1.18,26,147.45,True,4,6.607,161.49,456.96,scenario_left_turn_heavy,train,development,0.11
1735,3i,150.0,27,0.5694,26,147.45,True,4,3.8767,161.49,352.92,scenario_left_turn_heavy,train,development,0.11
1740,3i,150.0,27,0.0891,26,147.45,True,4,0.4884,161.49,316.75,scenario_left_turn_heavy,train,development,0.11
1745,3i,150.0,26,0.2929,22,147.45,True,4,0.0004,161.49,316.39,scenario_left_turn_heavy,train,development,0.11
1750,3i,150.0,24,0.4554,19,147.45,True,5,4.6592,161.49,406.26,scenario_left_turn_heavy,train,development,0.11
1755,3i,150.0,24,0.4037,20,147.45,True,5,1.8592,161.49,331.78,scenario_left_turn_heavy,train,development,0.11
1760,3i,150.0,25,1.0834,19,147.45,True,5,0.0148,161.49,320.43,scenario_left_turn_heavy,train,development,0.11
1765,3i,150.0,25,0.9852,17,147.45,True,6,4.1667,161.49,480.3,scenario_left_turn_heavy,train,development,0.11
1770,3i,150.0,26,1.524,19,147.32,True,6,2.9191,161.45,371.59,scenario_left_turn_heavy,train,development,0.11
1775,3i,150.0,26,0.752,20,144.21,False,6,0.7475,159.25,326.15,scenario_left_turn_heavy,train,development,0.11
1780,3i,150.0,26,0.1382,23,123.2,False,6,0.153,154.31,324.39,scenario_left_turn_heavy,train,development,0.11
1785,3i,150.0,27,0.0372,27,148.01,True,6,0.1377,148.01,324.39,scenario_left_turn_heavy,train,development,0.11
1790,3i,150.0,28,0.4999,27,147.51,True,6,0.0931,147.51,324.39,scenario_left_turn_heavy,train,development,0.11
1795,3i,150.0,28,0.6238,27,147.49,True,6,0.2219,147.49,324.39,scenario_left_turn_heavy,train,development,0.11
1800,3i,150.0,28,0.226,27,147.48,True,6,0.3498,147.48,324.36,scenario_left_turn_heavy,train,development,0.11
1805,3i,150.0,24,0.0,24,147.48,True,6,0.5265,147.48,323.49,scenario_left_turn_heavy,train,development,0.11
1810,3i,150.0,24,0.0,24,147.48,True,6,0.4648,147.48,319.72,scenario_left_turn_heavy,train,development,0.11
1815,3i,150.0,25,0.9369,24,147.48,True,6,0.6094,147.48,315.81,scenario_left_turn_heavy,train,development,0.11
1820,3i,150.0,26,1.3417,24,147.48,True,6,0.1283,147.48,311.57,scenario_left_turn_heavy,train,development,0.11
1825,3i,150.0,25,0.5787,24,147.48,True,6,0.0352,147.48,310.53,scenario_left_turn_heavy,train,development,0.11
1830,3i,150.0,25,0.2725,24,147.48,True,6,0.0014,147.48,310.4,scenario_left_turn_heavy,train,development,0.11
1835,3i,150.0,24,0.2505,22,147.48,True,6,0.0001,147.48,310.39,scenario_left_turn_heavy,train,development,0.11
1840,3i,150.0,22,0.435,19,147.48,True,6,0.0,147.48,310.39,scenario_left_turn_heavy,train,development,0.11
1845,3i,150.0,22,0.5289,16,147.48,True,6,0.0,147.48,310.39,scenario_left_turn_heavy,train,development,0.11
1850,3i,150.0,23,1.1802,16,147.48,True,6,0.0,147.48,310.39,scenario_left_turn_heavy,train,development,0.11
1855,3i,150.0,23,1.086,16,147.48,True,6,0.0,147.48,310.39,scenario_left_turn_heavy,train,development,0.11
1860,3i,150.0,24,1.7067,16,146.72,True,6,0.0812,146.72,310.39,scenario_left_turn_heavy,train,development,0.11
1865,3i,150.0,25,0.9787,18,104.1,False,6,0.2268,141.17,310.39,scenario_left_turn_heavy,train,development,0.11
1870,3i,150.0,26,0.3033,23,142.8,False,6,0.1992,134.08,310.39,scenario_left_turn_heavy,train,development,0.11
1875,3i,150.0,27,0.0587,27,148.49,True,6,0.0481,132.58,310.39,scenario_left_turn_heavy,train,development,0.11
1880,3i,150.0,28,0.5635,27,147.58,True,6,0.2068,132.49,310.39,scenario_left_turn_heavy,train,development,0.11
1885,3i,150.0,28,0.4912,27,147.49,True,6,0.2941,132.48,310.39,scenario_left_turn_heavy,train,development,0.11
1890,3i,150.0,28,0.018,27,147.48,True,6,0.6093,132.48,310.07,scenario_left_turn_heavy,train,development,0.11
1895,3i,150.0,25,0.1669,24,147.48,True,6,0.6656,132.48,307.87,scenario_left_turn_heavy,train,development,0.11
1900,3i,150.0,24,0.0,24,147.48,True,6,0.5645,132.48,302.62,scenario_left_turn_heavy,train,development,0.11
1905,3i,150.0,25,1.1072,24,147.48,True,6,0.2507,132.48,297.07,scenario_left_turn_heavy,train,development,0.11
1910,3i,150.0,26,1.1302,24,147.48,True,6,0.046,132.48,295.65,scenario_left_turn_heavy,train,development,0.11
1915,3i,150.0,25,0.5596,24,147.48,True,6,0.0052,132.48,295.4,scenario_left_turn_heavy,train,development,0.11
1920,3i,150.0,25,0.2708,24,147.48,True,6,0.0001,132.48,295.39,scenario_left_turn_heavy,train,development,0.11
1925,3i,150.0,24,0.1283,23,147.48,True,6,0.0,132.48,295.39,scenario_left_turn_heavy,train,development,0.11
1930,3i,150.0,23,0.6085,19,147.48,True,7,2.8808,132.48,416.3,scenario_left_turn_heavy,train,development,0.11
1935,3i,150.0,23,0.5389,17,147.48,True,7,0.8808,132.48,357.47,scenario_left_turn_heavy,train,development,0.11
1940,3i,150.0,24,1.1342,18,147.48,True,7,0.0004,132.48,353.44,scenario_left_turn_heavy,train,development,0.11
1945,3i,150.0,24,1.2192,17,147.48,True,7,0.008,132.4,353.44,scenario_left_turn_heavy,train,development,0.11
1950,3i,150.0,25,1.7374,16,147.05,True,7,0.1467,127.59,353.44,scenario_left_turn_heavy,train,development,0.11
1955,3i,150.0,26,1.0019,19,95.4,False,7,0.297,118.86,353.44,scenario_left_turn_heavy,train,development,0.11
1960,3i,150.0,27,0.3505,22,123.3,False,7,0.0428,116.03,353.44,scenario_left_turn_heavy,train,development,0.11
1965,3i,150.0,28,0.0512,27,139.65,False,8,2.8439,115.77,437.69,scenario_left_turn_heavy,train,development,0.11
1970,3i,150.0,29,0.0166,29,147.13,True,8,1.2232,115.77,369.6,scenario_left_turn_heavy,train,development,0.11
1975,3i,150.0,30,0.6338,29,146.81,True,8,0.9069,115.77,361.44,scenario_left_turn_heavy,train,development,0.11
1980,3i,150.0,30,0.215,29,146.78,True,8,2.795,115.77,359.77,scenario_left_turn_heavy,train,development,0.11
1985,3i,150.0,27,0.7102,26,146.78,True,8,3.1415,115.77,356.17,scenario_left_turn_heavy,train,development,0.11
1990,3i,150.0,28,1.2979,26,146.78,True,8,2.6315,51.58,348.99,scenario_left_turn_heavy,train,development,0.11
1995,3i,150.0,30,1.9585,26,146.78,True,8,0.7997,5.27,343.84,scenario_left_turn_heavy,train,development,0.11
2000,3i,150.0,30,0.9929,27,146.78,True,8,0.241,4.38,338.51,scenario_left_turn_heavy,train,development,0.11
2005,3i,150.0,30,0.6041,28,146.78,True,8,0.075,4.38,333.47,scenario_left_turn_heavy,train,development,0.11
2010,3i,150.0,30,0.1803,29,146.78,True,8,0.0101,4.38,332.87,scenario_left_turn_heavy,train,development,0.11
2015,3i,150.0,29,0.1284,26,146.78,True,8,0.3301,0.91,332.73,scenario_left_turn_heavy,train,development,0.11
2020,3i,150.0,27,0.3132,22,146.78,True,7,0.0001,115.77,332.72,scenario_left_turn_heavy,train,development,0.11
2025,3i,150.0,27,0.2013,25,146.78,True,7,0.0,115.77,332.72,scenario_left_turn_heavy,train,development,0.11
2030,3i,150.0,28,0.8911,24,146.78,True,7,0.0,115.77,332.72,scenario_left_turn_heavy,train,development,0.11
2035,3i,150.0,28,0.7151,25,146.78,True,7,0.0348,114.78,332.72,scenario_left_turn_heavy,train,development,0.11
2040,3i,150.0,29,1.048,27,146.74,True,7,0.0622,111.49,332.72,scenario_left_turn_heavy,train,development,0.11
2045,3i,150.0,30,0.6011,28,149.62,True,7,0.0143,108.96,332.72,scenario_left_turn_heavy,train,development,0.11
2050,3i,150.0,30,0.1389,29,146.92,True,7,0.0379,108.78,332.72,scenario_left_turn_heavy,train,development,0.11
2055,3i,150.0,30,0.0128,30,144.22,False,7,0.1764,108.77,332.72,scenario_left_turn_heavy,train,development,0.11
2060,3i,150.0,30,0.0014,30,143.8,False,7,0.1429,108.77,332.72,scenario_left_turn_heavy,train,development,0.11
2065,3i,150.0,31,0.3672,30,143.78,False,7,0.1556,108.77,332.72,scenario_left_turn_heavy,train,development,0.11
2070,3i,150.0,31,0.222,30,143.78,False,7,0.2315,108.77,332.7,scenario_left_turn_heavy,train,development,0.11
2075,3i,150.0,30,0.0794,29,143.78,False,7,0.1735,108.77,332.25,scenario_left_turn_heavy,train,development,0.11
2080,3i,150.0,30,0.0,30,143.78,False,7,0.177,108.77,330.06,scenario_left_turn_heavy,train,development,0.11
2085,3i,150.0,31,0.7139,30,143.78,False,7,0.1373,108.77,327.69,scenario_left_turn_heavy,train,development,0.11
2090,3i,150.0,31,0.4624,30,143.78,False,7,0.0147,108.77,326.08,scenario_left_turn_heavy,train,development,0.11
2095,3i,150.0,31,0.3299,30,143.78,False,7,0.0053,108.77,325.79,scenario_left_turn_heavy,train,development,0.11
2100,3i,150.0,31,0.1851,30,143.78,False,7,0.0005,108.77,325.73,scenario_left_turn_heavy,train,development,0.11
2105,3i,150.0,29,0.11,27,143.78,False,7,0.0,108.77,325.72,scenario_left_turn_heavy,train,development,0.11
2110,3i,150.0,28,0.521,21,143.78,False,7,0.0,108.77,325.72,scenario_left_turn_heavy,train,development,0.11
2115,3i,150.0,28,0.3558,23,143.78,False,7,0.0,108.77,325.72,scenario_left_turn_heavy,train,development,0.11
2120,3i,150.0,28,0.2909,23,143.78,False,7,0.0,108.77,325.72,scenario_left_turn_heavy,train,development,0.11
2125,3i,150.0,29,0.755,23,143.78,False,7,0.1012,107.3,325.72,scenario_left_turn_heavy,train,development,0.11
2130,3i,150.0,30,1.0134,24,143.76,False,7,0.1844,101.28,325.72,scenario_left_turn_heavy,train,development,0.11
2135,3i,150.0,30,0.7514,23,121.44,False,7,0.0307,98.05,325.72,scenario_left_turn_heavy,train,development,0.11
2140,3i,150.0,31,0.1844,27,145.6,True,7,0.1142,97.77,325.72,scenario_left_turn_heavy,train,development,0.11
2145,3i,150.0,31,0.0522,30,133.39,False,7,0.0701,97.77,325.72,scenario_left_turn_heavy,train,development,0.11
2150,3i,150.0,32,0.4772,31,139.81,False,7,0.2369,97.77,325.72,scenario_left_turn_heavy,train,development,0.11
2155,3i,150.0,32,0.3624,31,139.78,False,7,0.2488,97.77,325.72,scenario_left_turn_heavy,train,development,0.11
2160,3i,150.0,32,0.0004,31,139.78,False,7,0.297,97.77,325.71,scenario_left_turn_heavy,train,development,0.11
2165,3i,150.0,29,0.1321,27,139.78,False,7,0.3109,97.77,325.32,scenario_left_turn_heavy,train,development,0.11
2170,3i,150.0,28,0.4057,25,139.78,False,7,0.232,97.77,322.53,scenario_left_turn_heavy,train,development,0.11
2175,3i,150.0,26,0.3151,25,139.78,False,7,0.2081,97.77,318.91,scenario_left_turn_heavy,train,development,0.11
2180,3i,150.0,27,1.4351,25,139.78,False,8,2.3646,97.77,461.85,scenario_left_turn_heavy,train,development,0.11
2185,3i,150.0,26,0.618,25,139.78,False,8,0.7102,97.77,410.41,scenario_left_turn_heavy,train,development,0.11
2190,3i,150.0,26,0.2001,25,139.78,False,8,0.1152,97.77,403.69,scenario_left_turn_heavy,train,development,0.11
2195,3i,150.0,24,0.0856,23,139.78,False,8,0.0728,97.77,400.77,scenario_left_turn_heavy,train,development,0.11
2200,3i,150.0,23,0.5065,19,139.78,False,8,0.0198,97.77,399.44,scenario_left_turn_heavy,train,development,0.11
2205,3i,150.0,23,0.6029,17,139.78,False,8,0.0049,97.77,399.24,scenario_left_turn_heavy,train,development,0.11
2210,3i,150.0,24,1.1721,16,139.78,False,8,0.0438,97.28,399.2,scenario_left_turn_heavy,train,development,0.11
2215,3i,150.0,24,1.2518,16,139.78,False,9,2.3786,88.83,483.3,scenario_left_turn_heavy,train,development,0.11
2220,3i,150.0,24,0.755,16,139.36,False,9,0.9354,80.83,417.29,scenario_left_turn_heavy,train,development,0.11
2225,3i,150.0,25,1.0869,17,90.93,False,9,0.0551,79.77,410.2,scenario_left_turn_heavy,train,development,0.11
2230,3i,150.0,26,0.8538,21,106.99,False,9,0.1736,79.76,410.2,scenario_left_turn_heavy,train,development,0.11
2235,3i,150.0,27,0.1558,24,121.98,False,9,0.3126,79.76,410.2,scenario_left_turn_heavy,train,development,0.11
2240,3i,150.0,28,0.7007,27,141.52,False,9,0.262,79.76,410.2,scenario_left_turn_heavy,train,development,0.11
2245,3i,150.0,28,0.5433,27,141.49,False,9,1.1593,79.76,410.2,scenario_left_turn_heavy,train,development,0.11
2250,3i,150.0,28,0.1512,27,141.49,False,9,2.3847,79.76,403.9,scenario_left_turn_heavy,train,development,0.11
2255,3i,150.0,24,0.0,24,141.49,False,9,2.2997,79.76,397.82,scenario_left_turn_heavy,train,development,0.11
2260,3i,150.0,27,1.8638,24,141.49,False,9,2.0207,79.76,393.99,scenario_left_turn_heavy,train,development,0.11
2265,3i,150.0,30,2.6626,24,141.49,False,9,1.6552,27.14,385.32,scenario_left_turn_heavy,train,development,0.11
2270,3i,150.0,31,1.1584,26,141.49,False,9,0.3118,13.47,379.72,scenario_left_turn_heavy,train,development,0.11
2275,3i,150.0,32,0.7772,30,141.49,False,9,0.1931,13.47,373.98,scenario_left_turn_heavy,train,development,0.11
2280,3i,150.0,31,0.0606,30,141.48,False,9,0.0679,13.47,369.38,scenario_left_turn_heavy,train,development,0.11
2285,3i,150.0,29,0.0271,29,141.48,False,10,1.8663,13.47,392.32,scenario_left_turn_heavy,train,development,0.11
2290,3i,150.0,28,0.288,24,141.48,False,10,1.6326,11.91,368.19,scenario_left_turn_heavy,train,development,0.11
2295,3i,150.0,28,0.2016,25,141.48,False,10,1.6667,11.91,368.19,scenario_left_turn_heavy,train,development,0.11
2300,3i,150.0,29,0.5503,28,141.48,False,10,1.3998,11.91,368.19,scenario_left_turn_heavy,train,development,0.11
2305,3i,150.0,29,0.6069,28,141.48,False,10,1.5472,11.91,368.19,scenario_left_turn_heavy,train,development,0.11
2310,3i,150.0,29,0.1725,28,141.48,False,10,0.2962,11.91,368.19,scenario_left_turn_heavy,train,development,0.11
2315,3i,150.0,30,0.6233,29,141.29,False,10,0.0061,11.91,368.19,scenario_left_turn_heavy,train,development,0.11
2320,3i,150.0,30,0.5428,29,139.45,False,10,0.0503,11.91,368.19,scenario_left_turn_heavy,train,development,0.11
2325,3i,150.0,30,0.0302,29,138.61,False,11,1.5867,11.91,443.06,scenario_left_turn_heavy,train,development,0.11
2330,3i,150.0,30,0.0005,30,138.49,False,11,0.3537,11.91,398.97,scenario_left_turn_heavy,train,development,0.11
2335,3i,150.0,31,0.4922,30,138.49,False,11,0.1064,11.91,398.19,scenario_left_turn_heavy,train,development,0.11
2340,3i,150.0,31,0.0609,30,138.48,False,11,0.0327,11.91,398.19,scenario_left_turn_heavy,train,development,0.11
2345,3i,150.0,30,0.0,30,138.48,False,12,0.9113,11.91,421.12,scenario_left_turn_heavy,train,development,0.11
2350,3i,150.0,30,0.0,30,138.48,False,12,0.0201,11.91,405.21,scenario_left_turn_heavy,train,development,0.11
2355,3i,150.0,31,0.7708,30,138.48,False,12,0.0457,11.91,405.19,scenario_left_turn_heavy,train,development,0.11
2360,3i,150.0,32,0.9898,30,138.48,False,13,1.3154,11.91,463.85,scenario_left_turn_heavy,train,development,0.11
2365,3i,150.0,31,0.39,30,138.48,False,13,0.4433,11.91,414.77,scenario_left_turn_heavy,train,development,0.11
2370,3i,150.0,31,0.0217,30,138.48,False,13,0.0496,11.91,410.52,scenario_left_turn_heavy,train,development,0.11
2375,3i,150.0,30,0.1564,28,138.48,False,13,0.3073,5.99,409.61,scenario_left_turn_heavy,train,development,0.11
2380,3i,150.0,28,0.6497,22,138.48,False,12,0.2499,27.97,409.29,scenario_left_turn_heavy,train,development,0.11
2385,3i,150.0,28,0.6627,22,138.48,False,12,0.1195,1.0,409.21,scenario_left_turn_heavy,train,development,0.11
2390,3i,150.0,29,0.8128,23,138.48,False,13,1.8568,1.0,409.2,scenario_left_turn_heavy,train,development,0.11
2395,3i,150.0,29,0.7372,26,138.48,False,13,1.9357,1.0,409.19,scenario_left_turn_heavy,train,development,0.11
2400,3i,150.0,30,1.1349,28,138.21,False,13,1.9091,1.0,409.19,scenario_left_turn_heavy,train,development,0.11
2405,3i,150.0,30,0.7517,28,136.43,False,13,1.3091,1.0,409.19,scenario_left_turn_heavy,train,development,0.11
2410,3i,150.0,31,0.2004,28,148.79,True,13,0.2847,1.0,409.19,scenario_left_turn_heavy,train,development,0.11
2415,3i,150.0,31,0.0543,31,144.96,False,13,0.1218,1.0,409.19,scenario_left_turn_heavy,train,development,0.11
2420,3i,150.0,32,0.6003,31,143.88,False,13,0.0724,1.0,409.19,scenario_left_turn_heavy,train,development,0.11
2425,3i,150.0,32,0.4401,31,143.82,False,13,0.1424,1.0,409.19,scenario_left_turn_heavy,train,development,0.11
2430,3i,150.0,32,0.0478,31,143.82,False,13,0.0943,1.0,409.19,scenario_left_turn_heavy,train,development,0.11
2435,3i,150.0,29,0.3285,27,143.82,False,12,0.5064,68.05,445.89,scenario_left_turn_heavy,train,development,0.11
2440,3i,150.0,26,0.3183,25,143.82,False,12,0.0895,68.05,442.91,scenario_left_turn_heavy,train,development,0.11
2445,3i,150.0,26,1.0351,25,143.82,False,12,0.1104,68.05,442.91,scenario_left_turn_heavy,train,development,0.11
2450,3i,150.0,26,0.5415,25,143.82,False,12,0.1315,68.05,442.86,scenario_left_turn_heavy,train,development,0.11
2455,3i,150.0,26,0.6349,25,143.82,False,12,0.1939,68.05,442.15,scenario_left_turn_heavy,train,development,0.11
2460,3i,150.0,26,0.2353,25,143.82,False,12,0.1738,68.05,440.71,scenario_left_turn_heavy,train,development,0.11
2465,3i,150.0,24,0.0617,23,143.82,False,12,0.1356,68.05,439.05,scenario_left_turn_heavy,train,development,0.11
2470,3i,150.0,23,0.3806,19,143.82,False,12,0.1097,68.05,435.72,scenario_left_turn_heavy,train,development,0.11
2475,3i,150.0,23,0.3515,18,143.82,False,12,0.0187,68.01,434.61,scenario_left_turn_heavy,train,development,0.11
2480,3i,150.0,24,1.1093,18,143.82,False,12,0.1653,62.25,434.29,scenario_left_turn_heavy,train,development,0.11
2485,3i,150.0,24,1.0738,16,143.82,False,12,0.0256,56.59,434.21,scenario_left_turn_heavy,train,development,0.11
2490,3i,150.0,25,1.4183,18,143.61,False,12,0.0149,56.05,434.2,scenario_left_turn_heavy,train,development,0.11
2495,3i,150.0,25,0.794,19,87.65,False,12,0.1002,56.05,434.2,scenario_left_turn_heavy,train,development,0.11
2500,3i,150.0,26,0.1138,24,134.24,False,12,0.1225,56.05,434.2,scenario_left_turn_heavy,train,development,0.11
2505,3i,150.0,27,0.0412,27,149.66,True,12,0.1918,56.05,434.2,scenario_left_turn_heavy,train,development,0.11
2510,3i,150.0,27,0.0016,27,148.56,True,12,0.154,56.05,434.2,scenario_left_turn_heavy,train,development,0.11
2515,3i,150.0,28,0.5448,27,148.53,True,12,0.2182,56.05,434.2,scenario_left_turn_heavy,train,development,0.11
2520,3i,150.0,28,0.1767,27,148.53,True,12,0.1292,56.05,434.2,scenario_left_turn_heavy,train,development,0.11
2525,3i,150.0,26,0.379,24,148.53,True,12,0.1029,56.05,434.2,scenario_left_turn_heavy,train,development,0.11
2530,3i,150.0,24,0.0,24,148.53,True,12,0.086,56.05,434.2,scenario_left_turn_heavy,train,development,0.11
2535,3i,150.0,25,0.9784,24,148.53,True,12,0.1399,56.05,434.2,scenario_left_turn_heavy,train,development,0.11
2540,3i,150.0,26,1.3407,24,148.53,True,13,0.5872,56.05,478.26,scenario_left_turn_heavy,train,development,0.11
2545,3i,150.0,25,0.6433,24,148.53,True,13,0.2401,56.05,472.89,scenario_left_turn_heavy,train,development,0.11
2550,3i,150.0,25,0.2052,24,148.53,True,13,0.1765,56.05,472.49,scenario_left_turn_heavy,train,development,0.11
2555,3i,150.0,24,0.2372,22,148.53,True,13,0.177,56.05,470.38,scenario_left_turn_heavy,train,development,0.11
2560,3i,150.0,22,0.6071,19,148.53,True,13,0.1175,56.05,467.57,scenario_left_turn_heavy,train,development,0.11
2565,3i,150.0,22,0.5331,17,148.53,True,13,0.1681,52.44,463.38,scenario_left_turn_heavy,train,development,0.11
2570,3i,150.0,23,1.2739,16,148.53,True,13,0.1955,40.7,461.51,scenario_left_turn_heavy,train,development,0.11
2575,3i,150.0,23,1.3214,16,148.53,True,13,0.0127,38.07,461.01,scenario_left_turn_heavy,train,development,0.11
2580,3i,150.0,24,1.6812,16,148.0,True,13,0.0756,38.05,460.92,scenario_left_turn_heavy,train,development,0.11
2585,3i,150.0,24,1.027,17,73.37,False,13,1.305,38.05,460.91,scenario_left_turn_heavy,train,development,0.11
2590,3i,150.0,26,1.0726,20,100.19,False,13,4.8463,38.05,460.91,scenario_left_turn_heavy,train,development,0.11
2595,3i,150.0,31,1.9554,24,130.71,False,13,5.7523,15.86,456.37,scenario_left_turn_heavy,train,development,0.11
2600,3i,150.0,31,0.7912,27,145.71,True,13,4.8342,9.32,449.83,scenario_left_turn_heavy,train,development,0.11
2605,3i,150.0,33,0.8774,29,145.53,True,13,4.1167,9.0,438.93,scenario_left_turn_heavy,train,development,0.11
2610,3i,150.0,36,1.3826,31,145.53,True,13,3.2022,9.0,431.07,scenario_left_turn_heavy,train,development,0.11
2615,3i,150.0,35,1.3708,28,145.53,True,13,2.0592,9.0,425.27,scenario_left_turn_heavy,train,development,0.11
2620,3i,150.0,35,0.4052,30,145.53,True,13,1.0894,9.0,420.06,scenario_left_turn_heavy,train,development,0.11
2625,3i,150.0,36,0.6184,33,145.53,True,13,0.3832,9.0,415.25,scenario_left_turn_heavy,train,development,0.11
2630,3i,150.0,37,0.9583,35,145.53,True,13,0.2826,9.0,410.29,scenario_left_turn_heavy,train,development,0.11
2635,3i,150.0,36,0.1624,35,145.53,True,13,0.1384,9.0,406.42,scenario_left_turn_heavy,train,development,0.11
2640,3i,150.0,36,0.0012,36,145.53,True,13,0.0558,9.0,399.81,scenario_left_turn_heavy,train,development,0.11
2645,3i,150.0,35,0.1228,34,145.53,True,13,0.1097,8.1,394.95,scenario_left_turn_heavy,train,development,0.11
2650,3i,150.0,33,0.112,31,145.53,True,12,0.0055,12.96,393.97,scenario_left_turn_heavy,train,development,0.11
2655,3i,150.0,33,0.0279,33,145.53,True,12,0.0443,9.16,393.9,scenario_left_turn_heavy,train,development,0.11
2660,3i,150.0,34,0.6225,31,145.53,True,12,0.125,9.0,393.9,scenario_left_turn_heavy,train,development,0.11
2665,3i,150.0,34,0.2389,33,145.53,True,12,0.0002,9.0,393.9,scenario_left_turn_heavy,train,development,0.11
2670,3i,150.0,34,0.2636,29,145.53,True,12,0.2477,6.52,393.9,scenario_left_turn_heavy,train,development,0.11
2675,3i,150.0,35,0.4965,32,145.53,True,12,0.0017,6.52,393.9,scenario_left_turn_heavy,train,development,0.11
2680,3i,150.0,35,0.5906,33,145.53,True,12,0.0003,6.52,393.9,scenario_left_turn_heavy,train,development,0.11
2685,3i,150.0,35,0.1143,32,145.53,True,12,0.0,6.52,393.9,scenario_left_turn_heavy,train,development,0.11
2690,3i,150.0,36,0.6125,34,145.53,True,12,0.2567,6.52,393.9,scenario_left_turn_heavy,train,development,0.11
2695,3i,150.0,36,0.5196,30,145.01,True,12,0.2173,6.52,393.9,scenario_left_turn_heavy,train,development,0.11
2700,3i,150.0,36,0.1169,33,144.61,False,12,0.0448,6.52,393.9,scenario_left_turn_heavy,train,development,0.11
2705,3i,150.0,35,0.0671,33,133.94,False,12,0.0048,6.52,393.9,scenario_left_turn_heavy,train,development,0.11
2710,3i,150.0,36,0.0104,36,148.85,True,12,0.0309,6.52,393.9,scenario_left_turn_heavy,train,development,0.11
2715,3i,150.0,37,0.4886,36,148.53,True,12,0.0273,6.52,393.9,scenario_left_turn_heavy,train,development,0.11
2720,3i,150.0,38,0.9133,36,148.53,True,13,0.7915,6.52,473.13,scenario_left_turn_heavy,train,development,0.11
2725,3i,150.0,37,0.1633,36,148.53,True,13,0.04,6.52,457.37,scenario_left_turn_heavy,train,development,0.11
2730,3i,150.0,37,0.0001,37,148.53,True,13,0.0613,6.52,457.33,scenario_left_turn_heavy,train,development,0.11
2735,3i,150.0,35,0.0298,34,148.53,True,13,0.1206,6.49,457.33,scenario_left_turn_heavy,train,development,0.11
2740,3i,150.0,34,0.1674,29,148.53,True,14,0.4821,0.03,463.47,scenario_left_turn_heavy,train,development,0.11
2745,3i,150.0,34,0.0022,34,148.53,True,14,0.0305,0.0,461.29,scenario_left_turn_heavy,train,development,0.11
2750,3i,150.0,34,0.211,30,148.53,True,14,0.3928,0.0,461.04,scenario_left_turn_heavy,train,development,0.11
2755,3i,150.0,35,0.2843,32,148.53,True,14,0.026,0.0,460.56,scenario_left_turn_heavy,train,development,0.11
2760,3i,150.0,36,0.6427,33,148.53,True,14,0.0471,0.0,459.66,scenario_left_turn_heavy,train,development,0.11
2765,3i,150.0,36,0.5514,32,148.53,True,15,1.242,0.0,458.29,scenario_left_turn_heavy,train,development,0.11
2770,3i,150.0,36,0.2911,34,147.65,True,15,1.0707,0.0,457.58,scenario_left_turn_heavy,train,development,0.11
2775,3i,150.0,36,0.0611,36,146.74,True,15,1.2094,0.0,457.36,scenario_left_turn_heavy,train,development,0.11
2780,3i,150.0,37,0.4674,36,145.63,True,15,1.0444,0.0,457.33,scenario_left_turn_heavy,train,development,0.11
2785,3i,150.0,37,0.1509,36,143.8,False,15,0.3925,0.0,457.33,scenario_left_turn_heavy,train,development,0.11
2790,3i,150.0,37,0.0028,37,143.63,False,15,0.0287,0.0,457.33,scenario_left_turn_heavy,train,development,0.11
2795,3i,150.0,36,0.0001,36,143.62,False,16,0.0385,0.0,478.11,scenario_left_turn_heavy,train,development,0.11
2800,3i,150.0,36,0.0,36,143.62,False,16,0.0333,0.0,478.04,scenario_left_turn_heavy,train,development,0.11
2805,3i,150.0,37,0.5365,36,143.62,False,16,0.0296,0.0,478.04,scenario_left_turn_heavy,train,development,0.11
2810,3i,150.0,37,0.4119,36,143.62,False,16,0.0519,0.0,478.04,scenario_left_turn_heavy,train,development,0.11
2815,3i,150.0,38,0.4258,36,143.62,False,16,0.0355,0.0,478.04,scenario_left_turn_heavy,train,development,0.11
2820,3i,150.0,37,0.0004,37,143.62,False,16,0.0382,0.0,478.03,scenario_left_turn_heavy,train,development,0.11
2825,3i,150.0,35,0.0584,34,143.62,False,14,0.0533,18.04,477.85,scenario_left_turn_heavy,train,development,0.11
2830,3i,150.0,34,0.2614,31,143.62,False,14,0.2498,17.0,477.09,scenario_left_turn_heavy,train,development,0.11
2835,3i,150.0,34,0.6425,28,143.62,False,14,0.5392,15.04,476.26,scenario_left_turn_heavy,train,development,0.11
2840,3i,150.0,34,0.3064,33,143.62,False,14,0.6767,15.04,475.14,scenario_left_turn_heavy,train,development,0.11
2845,3i,150.0,35,0.2281,34,143.62,False,14,0.0299,12.74,473.73,scenario_left_turn_heavy,train,development,0.11
2850,3i,150.0,36,0.467,34,143.62,False,14,0.0039,12.74,473.28,scenario_left_turn_heavy,train,development,0.11
2855,3i,150.0,36,0.4703,34,143.62,False,14,0.001,12.74,473.16,scenario_left_turn_heavy,train,development,0.11
2860,3i,150.0,36,0.0779,35,143.62,False,14,0.0001,12.74,473.14,scenario_left_turn_heavy,train,development,0.11
2865,3i,150.0,36,0.4302,29,143.62,False,14,0.0048,12.74,473.14,scenario_left_turn_heavy,train,development,0.11
2870,3i,150.0,37,0.7229,29,143.62,False,14,0.0699,12.74,473.14,scenario_left_turn_heavy,train,development,0.11
2875,3i,150.0,37,0.3398,32,143.3,False,14,0.0067,12.74,473.14,scenario_left_turn_heavy,train,development,0.11
2880,3i,150.0,38,0.0727,36,131.36,False,14,0.0129,12.74,473.14,scenario_left_turn_heavy,train,development,0.11
2885,3i,150.0,37,0.1817,34,144.72,False,14,0.1721,10.81,473.14,scenario_left_turn_heavy,train,development,0.11
2890,3i,150.0,34,0.0384,34,144.53,False,13,0.0201,15.04,473.14,scenario_left_turn_heavy,train,development,0.11
2895,3i,150.0,34,0.0367,34,144.52,False,13,0.009,15.04,473.14,scenario_left_turn_heavy,train,development,0.11
2900,3i,150.0,36,0.9817,34,144.52,False,13,0.0451,15.04,473.14,scenario_left_turn_heavy,train,development,0.11
2905,3i,150.0,36,0.5494,34,144.52,False,13,0.0777,15.04,473.14,scenario_left_turn_heavy,train,development,0.11
2910,3i,150.0,36,0.0978,35,144.52,False,13,0.0605,15.04,473.14,scenario_left_turn_heavy,train,development,0.11
2915,3i,150.0,35,0.1084,33,144.52,False,13,0.2109,12.79,473.14,scenario_left_turn_heavy,train,development,0.11
2920,3i,150.0,35,0.1774,32,144.52,False,13,0.2397,0.7,473.14,scenario_left_turn_heavy,train,development,0.11
2925,3i,150.0,35,0.4231,29,144.52,False,13,0.0534,0.7,473.13,scenario_left_turn_heavy,train,development,0.11
2930,3i,150.0,36,0.8022,31,144.52,False,13,0.3289,0.7,472.82,scenario_left_turn_heavy,train,development,0.11
2935,3i,150.0,36,0.288,35,144.52,False,13,0.1283,0.7,471.59,scenario_left_turn_heavy,train,development,0.11
2940,3i,150.0,37,0.67,34,144.29,False,13,0.0956,0.7,469.44,scenario_left_turn_heavy,train,development,0.11
2945,3i,150.0,37,0.5068,36,142.63,False,13,0.0394,0.7,467.82,scenario_left_turn_heavy,train,development,0.11
2950,3i,150.0,37,0.1863,34,140.56,False,13,0.08,0.7,467.15,scenario_left_turn_heavy,train,development,0.11
2955,3i,150.0,37,0.1172,35,139.87,False,13,0.0229,0.7,467.05,scenario_left_turn_heavy,train,development,0.11
2960,3i,150.0,37,0.0646,37,138.76,False,13,0.0158,0.7,467.04,scenario_left_turn_heavy,train,development,0.11
2965,3i,150.0,38,0.2161,37,137.74,False,13,0.0436,0.7,467.04,scenario_left_turn_heavy,train,development,0.11
2970,3i,150.0,38,0.004,38,137.29,False,13,0.0744,0.7,467.04,scenario_left_turn_heavy,train,development,0.11
2975,3i,150.0,36,0.0004,36,149.91,True,13,0.0582,0.7,467.04,scenario_left_turn_heavy,train,development,0.11
2980,3i,150.0,36,0.0,36,149.9,True,13,0.0861,0.7,467.04,scenario_left_turn_heavy,train,development,0.11
2985,3i,150.0,37,0.437,36,149.9,True,13,0.0768,0.7,467.04,scenario_left_turn_heavy,train,development,0.11
2990,3i,150.0,38,0.9483,36,149.9,True,13,0.0788,0.7,467.03,scenario_left_turn_heavy,train,development,0.11
2995,3i,150.0,37,0.101,36,149.9,True,13,0.0739,0.7,466.91,scenario_left_turn_heavy,train,development,0.11
3000,3i,150.0,37,0.0001,37,149.9,True,13,0.1141,0.7,466.3,scenario_left_turn_heavy,train,development,0.11
3005,3i,150.0,35,0.0617,34,149.9,True,12,0.2471,9.55,464.9,scenario_left_turn_heavy,train,development,0.11
3010,3i,150.0,34,0.3629,28,149.9,True,11,0.5515,0.99,463.24,scenario_left_turn_heavy,train,development,0.11
3015,3i,150.0,34,0.8549,26,149.9,True,11,0.0374,0.99,461.93,scenario_left_turn_heavy,train,development,0.11
3020,3i,150.0,35,0.8857,25,149.9,True,11,0.0731,0.99,460.98,scenario_left_turn_heavy,train,development,0.11
3025,3i,150.0,35,0.3608,29,149.9,True,11,0.0995,0.99,460.23,scenario_left_turn_heavy,train,development,0.11
3030,3i,150.0,36,0.6534,33,149.27,True,11,0.0149,0.99,459.8,scenario_left_turn_heavy,train,development,0.11
3035,3i,150.0,36,0.5183,35,145.45,True,11,0.0708,0.99,459.72,scenario_left_turn_heavy,train,development,0.11
3040,3i,150.0,37,0.1706,36,148.4,True,11,0.0392,0.99,459.71,scenario_left_turn_heavy,train,development,0.11
3045,3i,150.0,37,0.0266,37,148.05,True,11,0.0101,0.99,459.7,scenario_left_turn_heavy,train,development,0.11
3050,3i,150.0,37,0.0177,37,147.37,True,11,0.0318,0.99,459.7,scenario_left_turn_heavy,train,development,0.11
3055,3i,150.0,38,0.1961,37,146.84,True,11,0.0777,0.99,459.7,scenario_left_turn_heavy,train,development,0.11
3060,3i,150.0,38,0.0164,37,146.7,True,11,0.0912,0.99,459.7,scenario_left_turn_heavy,train,development,0.11
3065,3i,150.0,36,0.0001,36,146.69,True,11,0.0994,0.99,459.7,scenario_left_turn_heavy,train,development,0.11
3070,3i,150.0,36,0.0,36,146.69,True,11,0.0616,0.99,459.7,scenario_left_turn_heavy,train,development,0.11
3075,3i,150.0,36,0.0,36,146.69,True,11,0.0968,0.99,459.7,scenario_left_turn_heavy,train,development,0.11
3080,3i,150.0,37,0.4415,36,146.69,True,11,0.0773,0.99,459.66,scenario_left_turn_heavy,train,development,0.11
3085,3i,150.0,37,0.1348,36,146.69,True,11,0.0979,0.99,459.01,scenario_left_turn_heavy,train,development,0.11
3090,3i,150.0,37,0.0003,37,146.69,True,11,0.1299,0.99,457.48,scenario_left_turn_heavy,train,development,0.11
3095,3i,150.0,35,0.151,33,146.69,True,10,0.4168,7.91,455.07,scenario_left_turn_heavy,train,development,0.11
3100,3i,150.0,34,0.7659,24,146.69,True,9,0.0566,84.26,454.04,scenario_left_turn_heavy,train,development,0.11
3105,3i,150.0,34,1.2221,20,146.69,True,9,0.0364,84.26,453.29,scenario_left_turn_heavy,train,development,0.11
3110,3i,150.0,34,0.5092,24,146.69,True,9,0.0383,83.36,452.76,scenario_left_turn_heavy,train,development,0.11
3115,3i,150.0,35,0.5102,29,146.69,True,9,0.1646,78.77,452.56,scenario_left_turn_heavy,train,development,0.11
3120,3i,150.0,36,0.7314,31,146.3,True,9,0.0672,74.4,452.51,scenario_left_turn_heavy,train,development,0.11
3125,3i,150.0,36,0.5718,30,143.53,False,9,0.0827,73.77,452.5,scenario_left_turn_heavy,train,development,0.11
3130,3i,150.0,36,0.1373,35,138.76,False,9,0.1155,73.76,452.5,scenario_left_turn_heavy,train,development,0.11
3135,3i,150.0,37,0.015,37,149.53,True,9,0.0254,73.76,452.5,scenario_left_turn_heavy,train,development,0.11
3140,3i,150.0,37,0.0014,37,148.94,True,9,0.0806,73.76,452.5,scenario_left_turn_heavy,train,development,0.11
3145,3i,150.0,38,0.2017,37,148.9,True,9,0.0745,73.76,452.5,scenario_left_turn_heavy,train,development,0.11
3150,3i,150.0,38,0.0875,37,148.9,True,9,0.1397,73.76,452.5,scenario_left_turn_heavy,train,development,0.11
3155,3i,150.0,36,0.2178,32,148.9,True,9,0.1986,73.76,452.5,scenario_left_turn_heavy,train,development,0.11
3160,3i,150.0,33,0.2383,31,148.9,True,9,0.1457,73.76,452.5,scenario_left_turn_heavy,train,development,0.11
3165,3i,150.0,31,0.5888,27,148.9,True,9,0.1718,73.76,452.49,scenario_left_turn_heavy,train,development,0.11
3170,3i,150.0,30,1.578,24,148.9,True,9,0.1522,73.76,452.39,scenario_left_turn_heavy,train,development,0.11
3175,3i,150.0,28,1.4813,23,148.9,True,9,0.1873,73.76,451.45,scenario_left_turn_heavy,train,development,0.11
3180,3i,150.0,27,0.6677,24,148.9,True,9,0.2125,73.76,449.43,scenario_left_turn_heavy,train,development,0.11
3185,3i,150.0,25,0.3286,22,148.9,True,9,0.1722,73.76,446.17,scenario_left_turn_heavy,train,development,0.11
3190,3i,150.0,23,0.4901,20,148.9,True,9,0.0606,73.76,443.36,scenario_left_turn_heavy,train,development,0.11
3195,3i,150.0,23,0.4277,18,148.9,True,9,0.0376,73.67,442.37,scenario_left_turn_heavy,train,development,0.11
3200,3i,150.0,23,0.4656,18,148.9,True,9,0.3279,66.88,442.03,scenario_left_turn_heavy,train,development,0.11
3205,3i,150.0,24,0.8857,17,148.9,True,9,0.101,59.05,442.0,scenario_left_turn_heavy,train,development,0.11
3210,3i,150.0,25,1.4554,16,147.13,True,9,0.1086,57.76,442.0,scenario_left_turn_heavy,train,development,0.11
3215,3i,150.0,25,1.015,19,96.72,False,9,0.1958,57.76,442.0,scenario_left_turn_heavy,train,development,0.11
3220,3i,150.0,26,0.2113,23,120.34,False,9,0.0931,57.76,442.0,scenario_left_turn_heavy,train,development,0.11
3225,3i,150.0,26,0.002,26,139.96,False,9,1.9946,57.76,425.53,scenario_left_turn_heavy,train,development,0.11
3230,3i,150.0,27,0.5448,26,139.9,False,9,3.6761,57.76,411.23,scenario_left_turn_heavy,train,development,0.11
3235,3i,150.0,29,1.461,26,139.9,False,9,4.2812,57.76,405.43,scenario_left_turn_heavy,train,development,0.11
3240,3i,150.0,32,1.6416,27,139.9,False,9,3.9314,57.76,401.92,scenario_left_turn_heavy,train,development,0.11
3245,3i,150.0,33,1.9159,24,139.9,False,9,2.3375,57.76,398.72,scenario_left_turn_heavy,train,development,0.11
3250,3i,150.0,33,1.0102,25,139.9,False,10,0.8237,57.76,482.47,scenario_left_turn_heavy,train,development,0.11
3255,3i,150.0,32,1.2867,26,139.9,False,10,0.628,57.76,479.31,scenario_left_turn_heavy,train,development,0.11
3260,3i,150.0,31,1.8951,22,139.9,False,10,1.0106,34.82,475.39,scenario_left_turn_heavy,train,development,0.11
3265,3i,150.0,31,1.3911,24,139.9,False,10,0.902,16.19,470.58,scenario_left_turn_heavy,train,development,0.11
3270,3i,150.0,31,0.3637,28,139.9,False,10,0.0999,15.88,465.51,scenario_left_turn_heavy,train,development,0.11
3275,3i,150.0,29,0.358,25,139.9,False,10,0.2013,15.88,459.32,scenario_left_turn_heavy,train,development,0.11
3280,3i,150.0,28,0.2179,23,139.9,False,10,0.0548,15.06,456.1,scenario_left_turn_heavy,train,development,0.11
3285,3i,150.0,28,0.0066,28,139.9,False,10,0.0035,15.06,455.5,scenario_left_turn_heavy,train,development,0.11
3290,3i,150.0,28,0.0352,27,139.9,False,10,0.0003,10.76,455.42,scenario_left_turn_heavy,train,development,0.11
3295,3i,150.0,29,0.3624,28,139.9,False,10,0.0,10.28,455.41,scenario_left_turn_heavy,train,development,0.11
3300,3i,150.0,29,0.4014,24,139.9,False,10,0.0,10.28,455.41,scenario_left_turn_heavy,train,development,0.11
3305,3i,150.0,30,0.6214,28,139.9,False,10,0.0012,10.28,455.41,scenario_left_turn_heavy,train,development,0.11
3310,3i,150.0,30,0.74,26,139.9,False,10,0.0154,10.28,455.41,scenario_left_turn_heavy,train,development,0.11
3315,3i,150.0,30,0.1633,28,139.18,False,10,0.0238,10.28,455.41,scenario_left_turn_heavy,train,development,0.11
3320,3i,150.0,31,0.5705,30,138.16,False,10,0.0077,10.28,455.41,scenario_left_turn_heavy,train,development,0.11
3325,3i,150.0,31,0.2945,30,137.98,False,10,0.0004,10.28,455.41,scenario_left_turn_heavy,train,development,0.11
3330,3i,150.0,31,0.0008,31,137.98,False,10,0.0231,10.28,455.41,scenario_left_turn_heavy,train,development,0.11
3335,3i,150.0,30,0.0,30,137.98,False,10,0.0441,10.28,455.41,scenario_left_turn_heavy,train,development,0.11
3340,3i,150.0,30,0.0,30,137.98,False,10,0.0538,10.28,455.41,scenario_left_turn_heavy,train,development,0.11
3345,3i,150.0,31,0.6162,30,137.98,False,10,0.021,10.28,455.41,scenario_left_turn_heavy,train,development,0.11
3350,3i,150.0,31,0.5248,30,137.98,False,10,0.0139,10.28,455.41,scenario_left_turn_heavy,train,development,0.11
3355,3i,150.0,31,0.3612,30,137.98,False,10,0.0171,10.28,455.41,scenario_left_turn_heavy,train,development,0.11
3360,3i,150.0,31,0.0246,30,137.98,False,10,0.0184,10.28,455.4,scenario_left_turn_heavy,train,development,0.11
3365,3i,150.0,29,0.0322,29,137.98,False,10,0.0197,10.28,455.12,scenario_left_turn_heavy,train,development,0.11
3370,3i,150.0,28,0.1134,26,137.98,False,10,0.0145,10.28,454.46,scenario_left_turn_heavy,train,development,0.11
3375,3i,150.0,28,0.0246,28,137.98,False,10,0.0144,10.28,453.78,scenario_left_turn_heavy,train,development,0.11
3380,3i,150.0,28,0.0001,28,137.98,False,10,0.0029,10.28,453.54,scenario_left_turn_heavy,train,development,0.11
3385,3i,150.0,29,0.3462,28,137.98,False,10,0.0002,10.28,453.49,scenario_left_turn_heavy,train,development,0.11
3390,3i,150.0,30,0.6183,28,137.98,False,10,0.0006,10.28,453.49,scenario_left_turn_heavy,train,development,0.11
3395,3i,150.0,30,0.5068,29,137.98,False,10,0.0,10.28,453.49,scenario_left_turn_heavy,train,development,0.11
3400,3i,150.0,30,0.1317,29,137.84,False,10,0.0056,10.28,453.49,scenario_left_turn_heavy,train,development,0.11
3405,3i,150.0,30,0.0015,30,137.59,False,10,0.001,10.28,453.49,scenario_left_turn_heavy,train,development,0.11
3410,3i,150.0,31,0.4801,30,137.57,False,10,0.0001,10.28,453.49,scenario_left_turn_heavy,train,development,0.11
3415,3i,150.0,31,0.2529,30,137.57,False,10,0.0035,10.28,453.49,scenario_left_turn_heavy,train,development,0.11
3420,3i,150.0,31,0.0001,31,137.57,False,10,0.0086,10.28,453.49,scenario_left_turn_heavy,train,development,0.11
3425,3i,150.0,30,0.0,30,137.57,False,11,2.2248,10.28,453.49,scenario_left_turn_heavy,train,development,0.11
3430,3i,150.0,30,0.0,30,137.57,False,11,2.1883,10.28,453.49,scenario_left_turn_heavy,train,development,0.11
3435,3i,150.0,31,0.669,30,137.57,False,11,1.8883,10.28,453.49,scenario_left_turn_heavy,train,development,0.11
3440,3i,150.0,32,1.1395,30,137.57,False,11,1.6633,10.28,453.49,scenario_left_turn_heavy,train,development,0.11
3445,3i,150.0,32,0.4497,30,137.57,False,11,0.6877,0.92,453.48,scenario_left_turn_heavy,train,development,0.11
3450,3i,150.0,31,0.0,31,137.57,False,10,0.0035,10.28,453.42,scenario_left_turn_heavy,train,development,0.11
3455,3i,150.0,29,0.0321,29,137.57,False,10,0.0766,9.53,453.28,scenario_left_turn_heavy,train,development,0.11
3460,3i,150.0,28,0.311,26,137.57,False,9,0.0024,26.28,453.13,scenario_left_turn_heavy,train,development,0.11
3465,3i,150.0,28,0.5514,26,137.57,False,9,0.052,25.88,453.09,scenario_left_turn_heavy,train,development,0.11
3470,3i,150.0,29,0.788,24,137.57,False,9,0.0423,23.56,453.08,scenario_left_turn_heavy,train,development,0.11
3475,3i,150.0,29,0.3978,26,137.57,False,9,0.0091,23.22,453.08,scenario_left_turn_heavy,train,development,0.11
3480,3i,150.0,30,0.6956,29,137.51,False,9,0.0157,22.96,453.08,scenario_left_turn_heavy,train,development,0.11
3485,3i,150.0,30,0.7117,27,136.62,False,9,0.0512,22.96,453.08,scenario_left_turn_heavy,train,development,0.11
3490,3i,150.0,31,0.3434,26,149.36,True,9,0.0143,22.96,453.08,scenario_left_turn_heavy,train,development,0.11
3495,3i,150.0,31,0.1776,27,148.55,True,9,0.0105,22.96,453.08,scenario_left_turn_heavy,train,development,0.11
3500,3i,150.0,31,0.016,31,148.25,True,9,0.0367,22.96,453.08,scenario_left_turn_heavy,train,development,0.11
3505,3i,150.0,32,0.3424,31,148.19,True,9,0.0718,22.96,453.08,scenario_left_turn_heavy,train,development,0.11
3510,3i,150.0,32,0.004,32,148.18,True,9,0.064,22.96,453.08,scenario_left_turn_heavy,train,development,0.11
3515,3i,150.0,32,0.0,32,148.18,True,10,1.9448,22.96,453.08,scenario_left_turn_heavy,train,development,0.11
3520,3i,150.0,32,0.0,32,148.18,True,10,1.9259,22.96,453.08,scenario_left_turn_heavy,train,development,0.11
3525,3i,150.0,32,0.0,32,148.18,True,10,1.9709,22.96,453.07,scenario_left_turn_heavy,train,development,0.11
3530,3i,150.0,34,1.066,32,148.18,True,10,1.7526,22.96,452.97,scenario_left_turn_heavy,train,development,0.11
3535,3i,150.0,34,0.6098,32,148.18,True,10,1.2323,22.96,452.58,scenario_left_turn_heavy,train,development,0.11
3540,3i,150.0,34,0.1362,33,148.18,True,10,0.491,16.71,451.67,scenario_left_turn_heavy,train,development,0.11
3545,3i,150.0,32,0.1775,29,148.18,True,10,0.2458,9.8,450.51,scenario_left_turn_heavy,train,development,0.11
3550,3i,150.0,31,0.1572,27,148.18,True,10,0.181,5.03,450.02,scenario_left_turn_heavy,train,development,0.11
3555,3i,150.0,31,0.1612,28,148.18,True,10,0.1692,5.0,449.74,scenario_left_turn_heavy,train,development,0.11
3560,3i,150.0,31,0.1623,28,148.18,True,10,0.0124,5.0,449.67,scenario_left_turn_heavy,train,development,0.11
3565,3i,150.0,32,0.443,31,148.09,True,10,0.0428,5.0,449.66,scenario_left_turn_heavy,train,development,0.11
3570,3i,150.0,32,0.139,30,145.9,True,10,0.0971,5.0,449.65,scenario_left_turn_heavy,train,development,0.11
3575,3i,150.0,33,0.4926,32,142.35,False,11,1.3929,5.0,449.65,scenario_left_turn_heavy,train,development,0.11
3580,3i,150.0,34,0.318,33,148.48,True,11,1.6102,5.0,449.65,scenario_left_turn_heavy,train,development,0.11
3585,3i,150.0,34,0.1779,33,148.31,True,11,1.7836,5.0,449.65,scenario_left_turn_heavy,train,development,0.11
3590,3i,150.0,34,0.0461,33,148.26,True,11,1.5506,5.0,449.65,scenario_left_turn_heavy,train,development,0.11
3595,3i,150.0,35,0.2478,34,148.21,True,11,0.901,5.0,449.65,scenario_left_turn_heavy,train,development,0.11
3600,3i,150.0,35,0.009,35,148.16,True,11,0.0441,5.0,449.65,scenario_left_turn_heavy,train,development,0.11
0,4i,150.0,0,0.0,0,0.0,False,0,,,,scenario_left_turn_heavy,train,development,0.11
5,4i,150.0,0,0.0,0,0.0,False,0,,,,scenario_left_turn_heavy,train,development,0.11
10,4i,150.0,0,0.0,0,0.0,False,0,,,,scenario_left_turn_heavy,train,development,0.11
15,4i,150.0,3,24.6636,0,0.0,False,0,,,,scenario_left_turn_heavy,train,development,0.11
20,4i,150.0,3,15.5764,0,0.0,False,0,,,,scenario_left_turn_heavy,train,development,0.11
25,4i,150.0,1,2.4095,0,0.0,False,0,,,,scenario_left_turn_heavy,train,development,0.11
30,4i,150.0,1,0.0,1,1.0,False,0,,,,scenario_left_turn_heavy,train,development,0.11
35,4i,150.0,1,20.0587,0,0.0,False,0,,,,scenario_left_turn_heavy,train,development,0.11
40,4i,150.0,0,0.0,0,0.0,False,0,,,,scenario_left_turn_heavy,train,development,0.11
45,4i,150.0,1,23.6755,0,0.0,False,0,,,,scenario_left_turn_heavy,train,development,0.11
50,4i,150.0,2,21.6037,0,0.0,False,1,18.9477,396.57,396.57,scenario_left_turn_heavy,train,development,0.11
55,4i,150.0,2,7.9907,0,0.0,False,1,19.4318,299.93,299.93,scenario_left_turn_heavy,train,development,0.11
60,4i,150.0,2,0.0,1,1.0,False,1,18.9547,204.87,204.87,scenario_left_turn_heavy,train,development,0.11
65,4i,150.0,3,5.5411,2,1.0,False,1,16.6233,118.3,118.3,scenario_left_turn_heavy,train,development,0.11
70,4i,150.0,4,9.3881,2,1.0,False,1,15.6553,34.56,34.56,scenario_left_turn_heavy,train,development,0.11
75,4i,150.0,5,6.7586,2,1.0,False,1,0.7121,1.0,1.0,scenario_left_turn_heavy,train,development,0.11
80,4i,150.0,5,2.1441,4,5.0,False,1,0.0,1.0,1.0,scenario_left_turn_heavy,train,development,0.11
85,4i,150.0,5,0.0731,4,5.0,False,1,0.0,1.0,1.0,scenario_left_turn_heavy,train,development,0.11
90,4i,150.0,6,2.7319,5,8.0,False,1,0.0,1.0,1.0,scenario_left_turn_heavy,train,development,0.11
95,4i,150.0,3,0.797,2,5.0,False,1,19.1375,399.43,399.43,scenario_left_turn_heavy,train,development,0.11
100,4i,150.0,3,0.0001,3,9.0,False,1,18.8344,305.44,305.44,scenario_left_turn_heavy,train,development,0.11
105,4i,150.0,5,10.2386,3,9.0,False,1,18.218,211.77,211.77,scenario_left_turn_heavy,train,development,0.11
110,4i,150.0,6,7.9033,3,9.0,False,1,17.8625,117.03,117.03,scenario_left_turn_heavy,train,development,0.11
115,4i,150.0,4,2.6303,3,9.0,False,1,10.521,49.9,49.9,scenario_left_turn_heavy,train,development,0.11
120,4i,150.0,4,0.9594,3,9.0,False,1,3.8374,16.82,16.82,scenario_left_turn_heavy,train,development,0.11
125,4i,150.0,2,0.9251,1,13.01,False,1,0.0039,13.01,13.01,scenario_left_turn_heavy,train,development,0.11
130,4i,150.0,2,6.8302,0,0.0,False,1,0.5965,1.0,1.0,scenario_left_turn_heavy,train,development,0.11
135,4i,150.0,3,9.5086,1,1.0,False,1,0.0,1.0,1.0,scenario_left_turn_heavy,train,development,0.11
140,4i,150.0,3,6.4189,1,1.0,False,1,0.0,1.0,1.0,scenario_left_turn_heavy,train,development,0.11
145,4i,150.0,4,4.0239,2,13.71,False,1,0.0,1.0,1.0,scenario_left_turn_heavy,train,development,0.11
150,4i,150.0,5,7.1211,3,13.71,False,1,0.0,1.0,1.0,scenario_left_turn_heavy,train,development,0.11
155,4i,150.0,5,3.4997,3,13.71,False,1,0.0,1.0,1.0,scenario_left_turn_heavy,train,development,0.11
160,4i,150.0,6,3.2997,4,13.71,False,1,0.0,1.0,1.0,scenario_left_turn_heavy,train,development,0.11
165,4i,150.0,7,4.1966,5,27.75,False,1,0.0,1.0,1.0,scenario_left_turn_heavy,train,development,0.11
170,4i,150.0,7,2.3315,6,41.8,False,1,0.0,1.0,1.0,scenario_left_turn_heavy,train,development,0.11
175,4i,150.0,7,0.5056,6,41.79,False,1,0.0,1.0,1.0,scenario_left_turn_heavy,train,development,0.11
180,4i,150.0,8,1.6391,7,41.79,False,1,0.0,1.0,1.0,scenario_left_turn_heavy,train,development,0.11
185,4i,150.0,5,0.1177,4,41.79,False,1,0.0,1.0,1.0,scenario_left_turn_heavy,train,development,0.11
190,4i,150.0,5,0.0002,5,45.8,False,1,0.0,1.0,1.0,scenario_left_turn_heavy,train,development,0.11
195,4i,150.0,8,8.3832,5,45.8,False,1,0.0,1.0,1.0,scenario_left_turn_heavy,train,development,0.11
200,4i,150.0,8,5.0935,5,45.8,False,1,0.0,1.0,1.0,scenario_left_turn_heavy,train,development,0.11
205,4i,150.0,6,0.0046,6,49.8,False,1,0.0,1.0,1.0,scenario_left_turn_heavy,train,development,0.11
210,4i,150.0,6,0.0,6,49.8,False,1,0.0,1.0,1.0,scenario_left_turn_heavy,train,development,0.11
215,4i,150.0,6,2.9266,4,49.8,False,0,,,,scenario_left_turn_heavy,train,development,0.11
220,4i,150.0,5,2.9182,0,0.0,False,0,,,,scenario_left_turn_heavy,train,development,0.11
225,4i,150.0,6,5.388,1,1.0,False,0,,,,scenario_left_turn_heavy,train,development,0.11
230,4i,150.0,6,3.2165,4,23.26,False,0,,,,scenario_left_turn_heavy,train,development,0.11
235,4i,150.0,7,2.6914,5,27.05,False,0,,,,scenario_left_turn_heavy,train,development,0.11
240,4i,150.0,8,3.3459,6,27.05,False,0,,,,scenario_left_turn_heavy,train,development,0.11
245,4i,150.0,8,1.4854,7,31.05,False,0,,,,scenario_left_turn_heavy,train,development,0.11
250,4i,150.0,9,2.6208,7,31.05,False,0,,,,scenario_left_turn_heavy,train,development,0.11
255,4i,150.0,10,3.3741,8,31.05,False,0,,,,scenario_left_turn_heavy,train,development,0.11
260,4i,150.0,10,1.6671,9,38.05,False,0,,,,scenario_left_turn_heavy,train,development,0.11
265,4i,150.0,10,0.2927,9,38.05,False,0,,,,scenario_left_turn_heavy,train,development,0.11
270,4i,150.0,11,1.2147,10,38.05,False,0,,,,scenario_left_turn_heavy,train,development,0.11
275,4i,150.0,8,0.0934,7,38.05,False,0,,,,scenario_left_turn_heavy,train,development,0.11
280,4i,150.0,8,0.0,8,45.05,False,0,,,,scenario_left_turn_heavy,train,development,0.11
285,4i,150.0,10,4.7299,8,45.05,False,0,,,,scenario_left_turn_heavy,train,development,0.11
290,4i,150.0,11,3.6009,8,45.05,False,0,,,,scenario_left_turn_heavy,train,development,0.11
295,4i,150.0,10,1.7555,9,49.05,False,0,,,,scenario_left_turn_heavy,train,development,0.11
300,4i,150.0,9,0.0,9,49.05,False,0,,,,scenario_left_turn_heavy,train,development,0.11
305,4i,150.0,9,1.9138,7,49.05,False,0,,,,scenario_left_turn_heavy,train,development,0.11
310,4i,150.0,9,1.2178,3,49.05,False,0,,,,scenario_left_turn_heavy,train,development,0.11
315,4i,150.0,10,3.0629,5,51.11,False,0,,,,scenario_left_turn_heavy,train,development,0.11
320,4i,150.0,11,3.7668,7,31.44,False,0,,,,scenario_left_turn_heavy,train,development,0.11
325,4i,150.0,11,1.1831,9,39.05,False,0,,,,scenario_left_turn_heavy,train,development,0.11
330,4i,150.0,11,0.0103,11,43.01,False,0,,,,scenario_left_turn_heavy,train,development,0.11
335,4i,150.0,12,1.4008,11,43.01,False,0,,,,scenario_left_turn_heavy,train,development,0.11
340,4i,150.0,13,2.6332,11,43.01,False,0,,,,scenario_left_turn_heavy,train,development,0.11
345,4i,150.0,14,2.1642,11,43.01,False,0,,,,scenario_left_turn_heavy,train,development,0.11
350,4i,150.0,14,1.1758,13,47.01,False,0,,,,scenario_left_turn_heavy,train,development,0.11
355,4i,150.0,14,0.2862,13,47.01,False,0,,,,scenario_left_turn_heavy,train,development,0.11
360,4i,150.0,15,0.8281,14,47.01,False,0,,,,scenario_left_turn_heavy,train,development,0.11
365,4i,150.0,12,0.0469,11,47.01,False,0,,,,scenario_left_turn_heavy,train,development,0.11
370,4i,150.0,12,0.0,12,51.01,False,0,,,,scenario_left_turn_heavy,train,development,0.11
375,4i,150.0,14,3.5961,12,51.01,False,0,,,,scenario_left_turn_heavy,train,development,0.11
380,4i,150.0,15,2.6236,12,51.01,False,0,,,,scenario_left_turn_heavy,train,development,0.11
385,4i,150.0,14,1.2213,13,55.04,False,0,,,,scenario_left_turn_heavy,train,development,0.11
390,4i,150.0,13,0.0,13,55.01,False,0,,,,scenario_left_turn_heavy,train,development,0.11
395,4i,150.0,12,1.329,10,55.01,False,1,26.5015,374.49,374.49,scenario_left_turn_heavy,train,development,0.11
400,4i,150.0,11,0.8817,6,55.01,False,2,26.9536,239.1,403.32,scenario_left_turn_heavy,train,development,0.11
405,4i,150.0,12,2.2769,5,62.01,False,2,23.0738,121.31,267.86,scenario_left_turn_heavy,train,development,0.11
410,4i,150.0,13,3.5601,7,31.35,False,3,21.4467,36.88,376.45,scenario_left_turn_heavy,train,development,0.11
415,4i,150.0,13,0.8634,11,50.77,False,3,12.1919,1.0,241.7,scenario_left_turn_heavy,train,development,0.11
420,4i,150.0,14,1.8624,13,54.14,False,3,8.6765,1.0,109.8,scenario_left_turn_heavy,train,development,0.11
425,4i,150.0,14,0.8318,13,54.01,False,3,3.8815,1.0,54.01,scenario_left_turn_heavy,train,development,0.11
430,4i,150.0,15,1.1528,13,54.01,False,3,0.0,1.0,54.01,scenario_left_turn_heavy,train,development,0.11
435,4i,150.0,16,1.4345,14,54.01,False,3,0.0,1.0,54.01,scenario_left_turn_heavy,train,development,0.11
440,4i,150.0,16,0.927,15,58.01,False,3,0.0,1.0,54.01,scenario_left_turn_heavy,train,development,0.11
445,4i,150.0,16,0.2136,15,58.01,False,3,0.0,1.0,54.01,scenario_left_turn_heavy,train,development,0.11
450,4i,150.0,17,0.8267,16,58.01,False,3,0.0,1.0,54.01,scenario_left_turn_heavy,train,development,0.11
455,4i,150.0,14,0.092,13,58.01,False,1,0.0,54.01,54.01,scenario_left_turn_heavy,train,development,0.11
460,4i,150.0,14,0.0,14,62.01,False,1,0.0,54.01,54.01,scenario_left_turn_heavy,train,development,0.11
465,4i,150.0,15,1.6083,14,62.01,False,1,0.0,54.01,54.01,scenario_left_turn_heavy,train,development,0.11
470,4i,150.0,17,2.7562,14,62.01,False,1,0.0,54.01,54.01,scenario_left_turn_heavy,train,development,0.11
475,4i,150.0,16,1.6111,14,62.01,False,1,0.0,54.01,54.01,scenario_left_turn_heavy,train,development,0.11
480,4i,150.0,16,0.4464,14,62.01,False,1,0.0,54.01,54.01,scenario_left_turn_heavy,train,development,0.11
485,4i,150.0,15,1.0405,13,69.02,False,1,0.0,54.01,54.01,scenario_left_turn_heavy,train,development,0.11
490,4i,150.0,14,1.0509,10,69.02,False,1,0.0,54.01,54.01,scenario_left_turn_heavy,train,development,0.11
495,4i,150.0,15,1.9079,8,83.06,False,1,0.2782,53.58,53.58,scenario_left_turn_heavy,train,development,0.11
500,4i,150.0,15,1.8163,9,82.25,False,1,1.4516,42.75,42.75,scenario_left_turn_heavy,train,development,0.11
505,4i,150.0,16,1.1539,10,36.63,False,1,0.2479,36.63,36.63,scenario_left_turn_heavy,train,development,0.11
510,4i,150.0,17,1.6713,14,51.29,False,1,0.0067,36.01,36.01,scenario_left_turn_heavy,train,development,0.11
515,4i,150.0,17,0.8647,16,72.1,False,1,0.0,36.01,36.01,scenario_left_turn_heavy,train,development,0.11
520,4i,150.0,18,1.0782,16,72.05,False,1,0.0,36.01,36.01,scenario_left_turn_heavy,train,development,0.11
525,4i,150.0,18,0.26,17,72.05,False,1,0.0,36.01,36.01,scenario_left_turn_heavy,train,development,0.11
530,4i,150.0,19,0.798,18,79.06,False,1,0.0,36.01,36.01,scenario_left_turn_heavy,train,development,0.11
535,4i,150.0,19,0.5611,18,79.06,False,1,0.0,36.01,36.01,scenario_left_turn_heavy,train,development,0.11
540,4i,150.0,19,0.3242,18,79.06,False,1,0.0,36.01,36.01,scenario_left_turn_heavy,train,development,0.11
545,4i,150.0,17,0.7377,15,79.06,False,2,13.885,36.01,376.72,scenario_left_turn_heavy,train,development,0.11
550,4i,150.0,16,0.0539,15,79.06,False,2,13.3707,36.01,242.24,scenario_left_turn_heavy,train,development,0.11
555,4i,150.0,18,2.3485,16,86.06,False,2,7.8793,36.01,135.56,scenario_left_turn_heavy,train,development,0.11
560,4i,150.0,18,1.747,16,86.06,False,2,8.9153,36.01,51.17,scenario_left_turn_heavy,train,development,0.11
565,4i,150.0,17,0.3536,16,86.06,False,1,0.0,36.01,36.01,scenario_left_turn_heavy,train,development,0.11
570,4i,150.0,17,0.0955,16,86.06,False,1,0.0,36.01,36.01,scenario_left_turn_heavy,train,development,0.11
575,4i,150.0,15,0.1196,14,98.77,False,1,0.0,36.01,36.01,scenario_left_turn_heavy,train,development,0.11
580,4i,150.0,14,1.3999,10,98.77,False,1,0.0,36.01,36.01,scenario_left_turn_heavy,train,development,0.11
585,4i,150.0,14,1.0421,8,98.77,False,1,2.3595,24.15,24.15,scenario_left_turn_heavy,train,development,0.11
590,4i,150.0,15,1.9241,9,112.81,False,2,13.1963,20.03,377.42,scenario_left_turn_heavy,train,development,0.11
595,4i,150.0,16,1.3119,9,49.72,False,2,13.8581,20.01,243.27,scenario_left_turn_heavy,train,development,0.11
600,4i,150.0,17,1.8037,12,63.14,False,2,12.5857,20.01,108.57,scenario_left_turn_heavy,train,development,0.11
605,4i,150.0,17,0.707,16,111.28,False,2,5.627,20.01,24.63,scenario_left_turn_heavy,train,development,0.11
610,4i,150.0,18,0.6475,16,110.85,False,2,0.2384,1.47,20.0,scenario_left_turn_heavy,train,development,0.11
615,4i,150.0,18,0.0032,18,114.85,False,2,0.001,1.0,20.0,scenario_left_turn_heavy,train,development,0.11
620,4i,150.0,19,1.0376,18,114.85,False,2,0.0,1.0,20.0,scenario_left_turn_heavy,train,development,0.11
625,4i,150.0,19,0.309,18,114.85,False,2,0.0,1.0,20.0,scenario_left_turn_heavy,train,development,0.11
630,4i,150.0,20,0.3842,19,114.85,False,2,0.0,1.0,20.0,scenario_left_turn_heavy,train,development,0.11
635,4i,150.0,17,0.0134,17,118.86,False,1,0.0,20.0,20.0,scenario_left_turn_heavy,train,development,0.11
640,4i,150.0,17,0.0,17,118.85,False,1,0.0,20.0,20.0,scenario_left_turn_heavy,train,development,0.11
645,4i,150.0,18,1.0114,17,118.85,False,1,0.0,20.0,20.0,scenario_left_turn_heavy,train,development,0.11
650,4i,150.0,19,1.7381,17,118.85,False,1,0.0,20.0,20.0,scenario_left_turn_heavy,train,development,0.11
655,4i,150.0,19,0.847,17,118.85,False,1,0.0,20.0,20.0,scenario_left_turn_heavy,train,development,0.11
660,4i,150.0,19,0.1716,18,125.85,False,1,0.0,20.0,20.0,scenario_left_turn_heavy,train,development,0.11
665,4i,150.0,18,0.5309,16,125.85,False,1,0.0,20.0,20.0,scenario_left_turn_heavy,train,development,0.11
670,4i,150.0,17,0.6451,13,138.56,False,1,3.6499,7.94,7.94,scenario_left_turn_heavy,train,development,0.11
675,4i,150.0,17,0.4957,13,138.56,False,1,0.0346,5.01,5.01,scenario_left_turn_heavy,train,development,0.11
680,4i,150.0,18,1.5516,12,138.56,False,1,0.0,5.0,5.0,scenario_left_turn_heavy,train,development,0.11
685,4i,150.0,19,1.0323,10,137.39,False,1,0.0,5.0,5.0,scenario_left_turn_heavy,train,development,0.11
690,4i,150.0,20,1.5287,14,96.53,False,1,0.0,5.0,5.0,scenario_left_turn_heavy,train,development,0.11
695,4i,150.0,20,0.6754,17,124.97,False,1,0.0,5.0,5.0,scenario_left_turn_heavy,train,development,0.11
700,4i,150.0,21,0.4629,20,130.64,False,1,0.0,5.0,5.0,scenario_left_turn_heavy,train,development,0.11
705,4i,150.0,21,0.0015,21,134.57,False,1,0.0,5.0,5.0,scenario_left_turn_heavy,train,development,0.11
710,4i,150.0,22,0.806,21,134.56,False,1,0.0,5.0,5.0,scenario_left_turn_heavy,train,development,0.11
715,4i,150.0,22,0.2845,21,134.56,False,1,0.0,5.0,5.0,scenario_left_turn_heavy,train,development,0.11
720,4i,150.0,23,0.2298,22,134.56,False,1,0.0,5.0,5.0,scenario_left_turn_heavy,train,development,0.11
725,4i,150.0,19,0.0004,19,138.56,False,1,0.0,5.0,5.0,scenario_left_turn_heavy,train,development,0.11
730,4i,150.0,19,0.0,19,138.56,False,1,0.0,5.0,5.0,scenario_left_turn_heavy,train,development,0.11
735,4i,150.0,20,1.3163,19,138.56,False,1,0.0,5.0,5.0,scenario_left_turn_heavy,train,development,0.11
740,4i,150.0,22,1.3649,19,138.56,False,1,0.0,5.0,5.0,scenario_left_turn_heavy,train,development,0.11
745,4i,150.0,21,0.8235,20,145.56,True,1,0.0,5.0,5.0,scenario_left_turn_heavy,train,development,0.11
750,4i,150.0,21,0.1643,20,145.56,True,1,0.0,5.0,5.0,scenario_left_turn_heavy,train,development,0.11
755,4i,150.0,19,0.0903,18,145.56,True,0,,,,scenario_left_turn_heavy,train,development,0.11
760,4i,150.0,19,0.3717,15,149.56,True,0,,,,scenario_left_turn_heavy,train,development,0.11
765,4i,150.0,19,0.336,14,149.56,True,0,,,,scenario_left_turn_heavy,train,development,0.11
770,4i,150.0,20,1.3223,15,149.56,True,0,,,,scenario_left_turn_heavy,train,development,0.11
775,4i,150.0,20,0.7635,15,149.28,True,0,,,,scenario_left_turn_heavy,train,development,0.11
780,4i,150.0,21,1.483,16,146.67,True,0,,,,scenario_left_turn_heavy,train,development,0.11
785,4i,150.0,22,0.7339,18,127.39,False,0,,,,scenario_left_turn_heavy,train,development,0.11
790,4i,150.0,22,0.0532,21,142.23,False,0,,,,scenario_left_turn_heavy,train,development,0.11
795,4i,150.0,22,0.001,22,141.57,False,0,,,,scenario_left_turn_heavy,train,development,0.11
800,4i,150.0,23,0.7779,22,141.56,False,0,,,,scenario_left_turn_heavy,train,development,0.11
805,4i,150.0,23,0.2471,22,141.56,False,0,,,,scenario_left_turn_heavy,train,development,0.11
810,4i,150.0,23,0.0,23,141.56,False,0,,,,scenario_left_turn_heavy,train,development,0.11
815,4i,150.0,20,0.1855,19,141.56,False,0,,,,scenario_left_turn_heavy,train,development,0.11
820,4i,150.0,19,0.0,19,141.56,False,0,,,,scenario_left_turn_heavy,train,development,0.11
825,4i,150.0,19,0.0,19,141.56,False,0,,,,scenario_left_turn_heavy,train,development,0.11
830,4i,150.0,21,1.6372,19,141.56,False,0,,,,scenario_left_turn_heavy,train,development,0.11
835,4i,150.0,20,0.5337,19,141.56,False,0,,,,scenario_left_turn_heavy,train,development,0.11
840,4i,150.0,19,0.0,19,141.56,False,0,,,,scenario_left_turn_heavy,train,development,0.11
845,4i,150.0,18,0.1255,17,141.56,False,0,,,,scenario_left_turn_heavy,train,development,0.11
850,4i,150.0,17,0.8525,13,141.56,False,0,,,,scenario_left_turn_heavy,train,development,0.11
855,4i,150.0,17,0.7118,11,141.56,False,0,,,,scenario_left_turn_heavy,train,development,0.11
860,4i,150.0,18,1.7763,10,141.56,False,0,,,,scenario_left_turn_heavy,train,development,0.11
865,4i,150.0,18,1.5241,10,141.13,False,0,,,,scenario_left_turn_heavy,train,development,0.11
870,4i,150.0,20,1.8756,11,90.72,False,0,,,,scenario_left_turn_heavy,train,development,0.11
875,4i,150.0,21,0.9138,15,105.72,False,0,,,,scenario_left_turn_heavy,train,development,0.11
880,4i,150.0,22,0.2425,18,120.72,False,0,,,,scenario_left_turn_heavy,train,development,0.11
885,4i,150.0,23,0.0451,22,144.47,False,0,,,,scenario_left_turn_heavy,train,development,0.11
890,4i,150.0,24,0.7589,23,148.24,True,0,,,,scenario_left_turn_heavy,train,development,0.11
895,4i,150.0,24,0.5467,23,148.23,True,0,,,,scenario_left_turn_heavy,train,development,0.11
900,4i,150.0,24,0.2342,23,148.23,True,0,,,,scenario_left_turn_heavy,train,development,0.11
905,4i,150.0,21,0.0,21,148.23,True,0,,,,scenario_left_turn_heavy,train,development,0.11
910,4i,150.0,21,0.0,21,148.23,True,0,,,,scenario_left_turn_heavy,train,development,0.11
915,4i,150.0,21,0.0,21,148.23,True,0,,,,scenario_left_turn_heavy,train,development,0.11
920,4i,150.0,23,1.4778,21,148.23,True,0,,,,scenario_left_turn_heavy,train,development,0.11
925,4i,150.0,22,0.589,21,148.23,True,0,,,,scenario_left_turn_heavy,train,development,0.11
930,4i,150.0,22,0.1143,21,148.23,True,0,,,,scenario_left_turn_heavy,train,development,0.11
935,4i,150.0,21,0.3154,19,148.23,True,0,,,,scenario_left_turn_heavy,train,development,0.11
940,4i,150.0,19,0.738,15,148.23,True,1,19.1562,415.56,415.56,scenario_left_turn_heavy,train,development,0.11
945,4i,150.0,19,0.9015,12,148.23,True,1,15.8826,327.37,327.37,scenario_left_turn_heavy,train,development,0.11
950,4i,150.0,20,1.5255,12,148.23,True,1,11.4149,261.41,261.41,scenario_left_turn_heavy,train,development,0.11
955,4i,150.0,20,1.2488,13,147.87,True,1,6.9149,217.84,217.84,scenario_left_turn_heavy,train,development,0.11
960,4i,150.0,21,1.7501,14,92.13,False,1,2.4149,196.76,196.76,scenario_left_turn_heavy,train,development,0.11
965,4i,150.0,23,1.016,16,99.69,False,1,0.7403,191.81,191.81,scenario_left_turn_heavy,train,development,0.11
970,4i,150.0,23,0.1639,21,134.76,False,1,1.5545,186.52,186.52,scenario_left_turn_heavy,train,development,0.11
975,4i,150.0,23,0.0051,23,138.3,False,1,1.5709,178.58,178.58,scenario_left_turn_heavy,train,development,0.11
980,4i,150.0,24,0.7783,23,138.23,False,1,0.4243,173.34,173.34,scenario_left_turn_heavy,train,development,0.11
985,4i,150.0,24,0.5194,23,138.23,False,1,0.0034,172.99,172.99,scenario_left_turn_heavy,train,development,0.11
990,4i,150.0,24,0.0445,23,138.23,False,1,0.0,172.98,172.98,scenario_left_turn_heavy,train,development,0.11
995,4i,150.0,21,0.0997,20,138.23,False,1,0.0,172.98,172.98,scenario_left_turn_heavy,train,development,0.11
1000,4i,150.0,20,0.0,20,138.23,False,1,0.0,172.98,172.98,scenario_left_turn_heavy,train,development,0.11
1005,4i,150.0,21,1.2978,20,138.23,False,1,0.0,172.98,172.98,scenario_left_turn_heavy,train,development,0.11
1010,4i,150.0,22,1.3175,20,138.23,False,1,0.0,172.98,172.98,scenario_left_turn_heavy,train,development,0.11
1015,4i,150.0,21,0.8458,20,138.23,False,1,0.0,172.98,172.98,scenario_left_turn_heavy,train,development,0.11
1020,4i,150.0,20,0.0,20,138.23,False,1,0.0,172.98,172.98,scenario_left_turn_heavy,train,development,0.11
1025,4i,150.0,19,0.1156,18,138.23,False,1,0.0,172.98,172.98,scenario_left_turn_heavy,train,development,0.11
1030,4i,150.0,18,0.5886,14,138.23,False,1,0.0,172.98,172.98,scenario_left_turn_heavy,train,development,0.11
1035,4i,150.0,18,1.0229,12,138.23,False,1,0.0,172.98,172.98,scenario_left_turn_heavy,train,development,0.11
1040,4i,150.0,19,1.8347,11,138.23,False,1,0.0,172.98,172.98,scenario_left_turn_heavy,train,development,0.11
1045,4i,150.0,19,1.6847,10,138.01,False,1,0.0,172.98,172.98,scenario_left_turn_heavy,train,development,0.11
1050,4i,150.0,20,0.7917,11,64.97,False,1,0.2351,172.65,172.65,scenario_left_turn_heavy,train,development,0.11
1055,4i,150.0,22,1.2374,15,98.63,False,1,0.611,169.72,169.72,scenario_left_turn_heavy,train,development,0.11
1060,4i,150.0,22,0.9431,18,107.9,False,1,1.4112,161.66,161.66,scenario_left_turn_heavy,train,development,0.11
1065,4i,150.0,23,0.1562,20,124.31,False,1,1.5977,151.89,151.89,scenario_left_turn_heavy,train,development,0.11
1070,4i,150.0,25,0.7179,24,146.45,True,1,0.2604,146.45,146.45,scenario_left_turn_heavy,train,development,0.11
1075,4i,150.0,25,0.5701,24,146.23,True,1,0.0035,146.23,146.23,scenario_left_turn_heavy,train,development,0.11
1080,4i,150.0,25,0.0922,24,146.23,True,1,0.0,146.23,146.23,scenario_left_turn_heavy,train,development,0.11
1085,4i,150.0,22,0.0,22,146.23,True,1,0.0,146.23,146.23,scenario_left_turn_heavy,train,development,0.11
1090,4i,150.0,22,0.0,22,146.23,True,1,0.0,146.23,146.23,scenario_left_turn_heavy,train,development,0.11
1095,4i,150.0,23,1.039,22,146.23,True,1,0.0,146.23,146.23,scenario_left_turn_heavy,train,development,0.11
1100,4i,150.0,24,1.4276,22,146.23,True,1,0.0,146.23,146.23,scenario_left_turn_heavy,train,development,0.11
1105,4i,150.0,23,0.6165,22,146.23,True,1,0.0,146.23,146.23,scenario_left_turn_heavy,train,development,0.11
1110,4i,150.0,23,0.0731,22,146.23,True,1,0.0,146.23,146.23,scenario_left_turn_heavy,train,development,0.11
1115,4i,150.0,22,0.1049,21,146.23,True,1,0.0,146.23,146.23,scenario_left_turn_heavy,train,development,0.11
1120,4i,150.0,22,0.5156,17,146.23,True,1,0.0,146.23,146.23,scenario_left_turn_heavy,train,development,0.11
1125,4i,150.0,22,0.4407,16,146.23,True,1,0.0,146.23,146.23,scenario_left_turn_heavy,train,development,0.11
1130,4i,150.0,23,1.092,17,146.23,True,1,0.0,146.23,146.23,scenario_left_turn_heavy,train,development,0.11
1135,4i,150.0,23,0.8975,16,146.21,True,1,0.0254,146.21,146.21,scenario_left_turn_heavy,train,development,0.11
1140,4i,150.0,24,1.4309,18,144.6,False,1,0.8341,144.6,144.6,scenario_left_turn_heavy,train,development,0.11
1145,4i,150.0,24,0.7687,19,98.07,False,1,1.2285,139.78,139.78,scenario_left_turn_heavy,train,development,0.11
1150,4i,150.0,25,0.1204,23,149.67,True,1,1.1161,133.75,133.75,scenario_left_turn_heavy,train,development,0.11
1155,4i,150.0,25,0.0084,25,146.42,True,1,0.0638,132.23,132.23,scenario_left_turn_heavy,train,development,0.11
1160,4i,150.0,26,0.7073,25,146.24,True,1,0.0003,132.19,132.19,scenario_left_turn_heavy,train,development,0.11
1165,4i,150.0,26,0.4983,25,146.23,True,1,0.0,132.19,132.19,scenario_left_turn_heavy,train,development,0.11
1170,4i,150.0,26,0.2098,25,146.23,True,1,0.0,132.19,132.19,scenario_left_turn_heavy,train,development,0.11
1175,4i,150.0,23,0.2128,22,146.23,True,1,0.0,132.19,132.19,scenario_left_turn_heavy,train,development,0.11
1180,4i,150.0,22,0.0,22,146.23,True,1,0.0,132.19,132.19,scenario_left_turn_heavy,train,development,0.11
1185,4i,150.0,23,1.1069,22,146.23,True,1,0.0,132.19,132.19,scenario_left_turn_heavy,train,development,0.11
1190,4i,150.0,24,1.2075,22,146.23,True,1,0.0,132.19,132.19,scenario_left_turn_heavy,train,development,0.11
1195,4i,150.0,23,0.7429,22,146.23,True,1,0.0,132.19,132.19,scenario_left_turn_heavy,train,development,0.11
1200,4i,150.0,22,0.0,22,146.23,True,1,0.0,132.19,132.19,scenario_left_turn_heavy,train,development,0.11
1205,4i,150.0,20,0.1214,19,146.23,True,1,0.0,132.19,132.19,scenario_left_turn_heavy,train,development,0.11
1210,4i,150.0,19,0.583,15,146.23,True,1,0.0,132.19,132.19,scenario_left_turn_heavy,train,development,0.11
1215,4i,150.0,19,0.583,12,146.23,True,1,0.0,132.19,132.19,scenario_left_turn_heavy,train,development,0.11
1220,4i,150.0,20,1.4006,12,146.23,True,1,0.0,132.19,132.19,scenario_left_turn_heavy,train,development,0.11
1225,4i,150.0,20,1.3623,14,146.18,True,1,0.3563,131.75,131.75,scenario_left_turn_heavy,train,development,0.11
1230,4i,150.0,21,0.6852,14,148.07,True,1,0.9575,127.29,127.29,scenario_left_turn_heavy,train,development,0.11
1235,4i,150.0,22,1.0186,17,99.95,False,1,1.1099,121.25,121.25,scenario_left_turn_heavy,train,development,0.11
1240,4i,150.0,22,0.3367,19,117.58,False,1,0.1408,117.58,117.58,scenario_left_turn_heavy,train,development,0.11
1245,4i,150.0,23,0.0238,23,149.54,True,1,0.0027,117.19,117.19,scenario_left_turn_heavy,train,development,0.11
1250,4i,150.0,24,0.6386,23,149.27,True,1,0.0,117.19,117.19,scenario_left_turn_heavy,train,development,0.11
1255,4i,150.0,24,0.5171,23,149.27,True,1,0.0,117.19,117.19,scenario_left_turn_heavy,train,development,0.11
1260,4i,150.0,24,0.0126,23,149.27,True,1,0.0,117.19,117.19,scenario_left_turn_heavy,train,development,0.11
1265,4i,150.0,22,0.1056,21,149.27,True,1,0.0,117.19,117.19,scenario_left_turn_heavy,train,development,0.11
1270,4i,150.0,21,0.0,21,149.27,True,1,0.0,117.19,117.19,scenario_left_turn_heavy,train,development,0.11
1275,4i,150.0,21,0.0,21,149.27,True,1,0.0,117.19,117.19,scenario_left_turn_heavy,train,development,0.11
1280,4i,150.0,23,1.543,21,149.27,True,2,12.404,117.19,455.49,scenario_left_turn_heavy,train,development,0.11
1285,4i,150.0,23,1.3695,21,149.27,True,2,11.535,117.19,336.05,scenario_left_turn_heavy,train,development,0.11
1290,4i,150.0,23,0.4709,21,149.27,True,2,5.4414,117.19,254.5,scenario_left_turn_heavy,train,development,0.11
1295,4i,150.0,22,0.1667,20,149.27,True,2,0.0092,117.19,238.34,scenario_left_turn_heavy,train,development,0.11
1300,4i,150.0,21,0.6843,16,149.27,True,2,0.0,117.19,238.33,scenario_left_turn_heavy,train,development,0.11
1305,4i,150.0,21,0.5532,15,149.27,True,2,0.0,117.19,238.33,scenario_left_turn_heavy,train,development,0.11
1310,4i,150.0,22,1.369,13,149.27,True,2,0.0019,117.18,238.33,scenario_left_turn_heavy,train,development,0.11
1315,4i,150.0,22,1.1527,13,149.12,True,2,0.3849,114.82,238.33,scenario_left_turn_heavy,train,development,0.11
1320,4i,150.0,23,1.5008,16,146.06,True,2,0.7392,107.71,238.33,scenario_left_turn_heavy,train,development,0.11
1325,4i,150.0,24,0.8941,17,79.57,False,2,0.7883,99.57,238.33,scenario_left_turn_heavy,train,development,0.11
1330,4i,150.0,25,0.2352,20,111.59,False,2,0.005,97.49,238.33,scenario_left_turn_heavy,train,development,0.11
1335,4i,150.0,25,0.0231,25,143.93,False,2,0.0595,97.48,238.1,scenario_left_turn_heavy,train,development,0.11
1340,4i,150.0,26,0.6125,25,143.56,False,2,0.5638,97.48,235.73,scenario_left_turn_heavy,train,development,0.11
1345,4i,150.0,26,0.4862,25,143.56,False,2,0.5403,97.48,231.0,scenario_left_turn_heavy,train,development,0.11
1350,4i,150.0,26,0.1978,25,143.56,False,2,0.7939,97.48,223.76,scenario_left_turn_heavy,train,development,0.11
1355,4i,150.0,23,0.2263,21,143.56,False,3,8.9315,97.48,376.44,scenario_left_turn_heavy,train,development,0.11
1360,4i,150.0,21,0.0,21,143.56,False,3,5.0981,97.48,274.5,scenario_left_turn_heavy,train,development,0.11
1365,4i,150.0,22,1.1029,21,143.56,False,3,0.7451,97.48,238.38,scenario_left_turn_heavy,train,development,0.11
1370,4i,150.0,23,1.5124,21,143.56,False,3,0.0021,97.48,237.62,scenario_left_turn_heavy,train,development,0.11
1375,4i,150.0,22,0.8614,21,143.56,False,3,0.0,97.48,237.62,scenario_left_turn_heavy,train,development,0.11
1380,4i,150.0,21,0.0,21,143.56,False,3,0.0,97.48,237.62,scenario_left_turn_heavy,train,development,0.11
1385,4i,150.0,19,0.0968,18,143.56,False,3,0.0,97.48,237.62,scenario_left_turn_heavy,train,development,0.11
1390,4i,150.0,18,0.5392,14,143.56,False,3,0.0,97.48,237.62,scenario_left_turn_heavy,train,development,0.11
1395,4i,150.0,18,0.5609,14,143.56,False,3,0.0,97.48,237.62,scenario_left_turn_heavy,train,development,0.11
1400,4i,150.0,19,1.4261,13,143.56,False,3,0.1416,96.64,237.62,scenario_left_turn_heavy,train,development,0.11
1405,4i,150.0,19,1.3636,13,143.25,False,3,0.6164,90.52,237.62,scenario_left_turn_heavy,train,development,0.11
1410,4i,150.0,20,0.5363,14,148.56,True,3,0.1762,83.24,237.62,scenario_left_turn_heavy,train,development,0.11
1415,4i,150.0,21,1.0546,16,100.66,False,3,0.0012,82.47,237.62,scenario_left_turn_heavy,train,development,0.11
1420,4i,150.0,22,0.8127,20,135.96,False,3,0.0045,82.47,237.62,scenario_left_turn_heavy,train,development,0.11
1425,4i,150.0,22,0.0556,21,142.58,False,3,0.2582,82.47,237.59,scenario_left_turn_heavy,train,development,0.11
1430,4i,150.0,23,0.84,22,142.56,False,3,0.5273,82.47,236.52,scenario_left_turn_heavy,train,development,0.11
1435,4i,150.0,23,0.5977,22,142.56,False,3,1.1784,82.47,231.18,scenario_left_turn_heavy,train,development,0.11
1440,4i,150.0,23,0.0197,22,142.56,False,3,0.3618,82.47,226.26,scenario_left_turn_heavy,train,development,0.11
1445,4i,150.0,20,0.0,20,142.56,False,3,0.0762,82.47,223.26,scenario_left_turn_heavy,train,development,0.11
1450,4i,150.0,20,0.0,20,142.56,False,3,0.0127,82.47,222.67,scenario_left_turn_heavy,train,development,0.11
1455,4i,150.0,20,0.0,20,142.56,False,3,0.0002,82.47,222.62,scenario_left_turn_heavy,train,development,0.11
1460,4i,150.0,22,1.544,20,142.56,False,3,0.0001,82.47,222.62,scenario_left_turn_heavy,train,development,0.11
1465,4i,150.0,22,1.4397,20,142.56,False,3,0.0,82.47,222.62,scenario_left_turn_heavy,train,development,0.11
1470,4i,150.0,21,0.15,20,142.56,False,3,0.0,82.47,222.62,scenario_left_turn_heavy,train,development,0.11
1475,4i,150.0,19,0.0476,19,142.56,False,3,0.0,82.47,222.62,scenario_left_turn_heavy,train,development,0.11
1480,4i,150.0,18,0.7449,15,142.56,False,3,0.0,82.47,222.62,scenario_left_turn_heavy,train,development,0.11
1485,4i,150.0,18,0.7184,14,142.56,False,3,0.0208,82.41,222.62,scenario_left_turn_heavy,train,development,0.11
1490,4i,150.0,19,1.6404,13,142.56,False,3,0.3399,78.96,222.62,scenario_left_turn_heavy,train,development,0.11
1495,4i,150.0,19,1.2663,11,142.23,False,4,6.8626,68.21,480.3,scenario_left_turn_heavy,train,development,0.11
1500,4i,150.0,20,1.8438,11,62.19,False,4,6.1,62.19,361.91,scenario_left_turn_heavy,train,development,0.11
1505,4i,150.0,21,1.0961,15,94.25,False,4,2.5789,61.76,283.17,scenario_left_turn_heavy,train,development,0.11
1510,4i,150.0,22,0.2889,18,115.12,False,4,0.0352,61.76,266.63,scenario_left_turn_heavy,train,development,0.11
1515,4i,150.0,23,0.0517,23,144.6,False,4,0.1775,61.76,266.63,scenario_left_turn_heavy,train,development,0.11
1520,4i,150.0,25,0.5953,24,147.92,True,4,0.8867,61.76,265.69,scenario_left_turn_heavy,train,development,0.11
1525,4i,150.0,26,1.2454,24,147.89,True,4,0.6802,61.76,262.0,scenario_left_turn_heavy,train,development,0.11
1530,4i,150.0,26,0.7017,24,147.89,True,4,0.4809,61.76,258.87,scenario_left_turn_heavy,train,development,0.11
1535,4i,150.0,22,0.1019,21,147.89,True,4,0.3296,61.76,251.82,scenario_left_turn_heavy,train,development,0.11
1540,4i,150.0,22,0.1384,21,147.89,True,4,0.2154,61.76,245.14,scenario_left_turn_heavy,train,development,0.11
1545,4i,150.0,23,1.1043,22,147.89,True,4,0.0155,61.76,242.41,scenario_left_turn_heavy,train,development,0.11
1550,4i,150.0,24,1.2308,22,147.89,True,4,0.0058,61.76,241.95,scenario_left_turn_heavy,train,development,0.11
1555,4i,150.0,23,0.5668,22,147.89,True,4,0.0002,61.76,241.91,scenario_left_turn_heavy,train,development,0.11
1560,4i,150.0,23,0.0138,22,147.89,True,4,0.0,61.76,241.91,scenario_left_turn_heavy,train,development,0.11
1565,4i,150.0,22,0.2677,18,147.89,True,4,0.0,61.76,241.91,scenario_left_turn_heavy,train,development,0.11
1570,4i,150.0,20,0.4115,16,147.89,True,4,0.0001,61.76,241.91,scenario_left_turn_heavy,train,development,0.11
1575,4i,150.0,20,0.3847,16,147.89,True,4,0.1349,60.03,241.91,scenario_left_turn_heavy,train,development,0.11
1580,4i,150.0,21,1.1202,16,147.89,True,4,0.3176,54.26,241.91,scenario_left_turn_heavy,train,development,0.11
1585,4i,150.0,21,1.0485,15,147.82,True,4,0.0192,50.84,241.91,scenario_left_turn_heavy,train,development,0.11
1590,4i,150.0,22,1.4856,17,145.68,True,4,0.0002,50.76,241.91,scenario_left_turn_heavy,train,development,0.11
1595,4i,150.0,23,0.7461,21,146.44,True,4,0.0255,50.76,241.91,scenario_left_turn_heavy,train,development,0.11
1600,4i,150.0,24,0.1046,23,147.75,True,4,0.1562,50.76,241.91,scenario_left_turn_heavy,train,development,0.11
1605,4i,150.0,24,0.0159,24,145.1,True,4,0.3317,50.76,241.91,scenario_left_turn_heavy,train,development,0.11
1610,4i,150.0,25,0.637,24,144.9,False,4,0.5644,50.76,241.61,scenario_left_turn_heavy,train,development,0.11
1615,4i,150.0,25,0.5407,24,144.89,False,4,0.2853,50.76,239.99,scenario_left_turn_heavy,train,development,0.11
1620,4i,150.0,25,0.0243,24,144.89,False,4,0.1721,50.76,235.61,scenario_left_turn_heavy,train,development,0.11
1625,4i,150.0,21,0.0,21,144.89,False,5,5.6677,50.76,374.08,scenario_left_turn_heavy,train,development,0.11
1630,4i,150.0,21,0.0,21,144.89,False,5,5.5561,50.76,239.14,scenario_left_turn_heavy,train,development,0.11
1635,4i,150.0,22,1.1739,21,144.89,False,5,5.1664,50.76,230.93,scenario_left_turn_heavy,train,development,0.11
1640,4i,150.0,23,1.2966,21,144.89,False,5,2.4951,15.58,230.91,scenario_left_turn_heavy,train,development,0.11
1645,4i,150.0,22,0.8645,21,144.89,False,4,0.0,50.76,230.91,scenario_left_turn_heavy,train,development,0.11
1650,4i,150.0,21,0.0,21,144.89,False,4,0.0,50.76,230.91,scenario_left_turn_heavy,train,development,0.11
1655,4i,150.0,19,0.122,18,144.89,False,4,0.0,50.76,230.91,scenario_left_turn_heavy,train,development,0.11
1660,4i,150.0,18,0.581,14,144.89,False,4,0.0866,50.41,230.91,scenario_left_turn_heavy,train,development,0.11
1665,4i,150.0,18,0.5609,13,144.89,False,4,0.5659,42.53,230.91,scenario_left_turn_heavy,train,development,0.11
1670,4i,150.0,19,1.2885,12,144.89,False,4,0.1002,35.78,230.91,scenario_left_turn_heavy,train,development,0.11
1675,4i,150.0,19,1.4219,11,144.44,False,4,0.0,35.76,230.91,scenario_left_turn_heavy,train,development,0.11
1680,4i,150.0,21,1.7758,13,149.77,True,4,0.0033,35.76,230.91,scenario_left_turn_heavy,train,development,0.11
1685,4i,150.0,22,0.8962,16,118.55,False,4,0.0862,35.76,230.91,scenario_left_turn_heavy,train,development,0.11
1690,4i,150.0,23,0.1743,20,137.63,False,4,0.4494,35.76,230.91,scenario_left_turn_heavy,train,development,0.11
1695,4i,150.0,24,0.0142,24,149.3,True,4,0.7229,35.76,230.78,scenario_left_turn_heavy,train,development,0.11
1700,4i,150.0,25,0.582,24,148.91,True,4,0.5924,35.76,228.76,scenario_left_turn_heavy,train,development,0.11
1705,4i,150.0,25,0.6351,24,148.89,True,4,0.2403,35.76,224.24,scenario_left_turn_heavy,train,development,0.11
1710,4i,150.0,25,0.1733,24,148.89,True,4,0.1852,35.76,218.02,scenario_left_turn_heavy,train,development,0.11
1715,4i,150.0,22,0.0,22,148.89,True,4,0.0468,35.76,216.08,scenario_left_turn_heavy,train,development,0.11
1720,4i,150.0,22,0.0,22,148.89,True,4,0.0028,35.76,215.94,scenario_left_turn_heavy,train,development,0.11
1725,4i,150.0,23,1.0427,22,148.89,True,4,0.0001,35.76,215.91,scenario_left_turn_heavy,train,development,0.11
1730,4i,150.0,24,1.444,22,148.89,True,4,0.0,35.76,215.91,scenario_left_turn_heavy,train,development,0.11
1735,4i,150.0,23,0.7531,22,148.89,True,4,0.0,35.76,215.91,scenario_left_turn_heavy,train,development,0.11
1740,4i,150.0,23,0.1988,22,148.89,True,4,0.0,35.76,215.91,scenario_left_turn_heavy,train,development,0.11
1745,4i,150.0,22,0.1759,21,148.89,True,4,0.0,35.76,215.91,scenario_left_turn_heavy,train,development,0.11
1750,4i,150.0,21,0.564,18,148.89,True,4,0.465,31.62,215.91,scenario_left_turn_heavy,train,development,0.11
1755,4i,150.0,21,0.4468,16,148.89,True,4,0.363,20.23,215.91,scenario_left_turn_heavy,train,development,0.11
1760,4i,150.0,22,1.3953,14,148.89,True,4,0.0015,19.05,215.91,scenario_left_turn_heavy,train,development,0.11
1765,4i,150.0,22,1.2272,13,148.88,True,4,0.0,19.04,215.91,scenario_left_turn_heavy,train,development,0.11
1770,4i,150.0,23,1.7399,13,122.25,False,4,0.0537,19.04,215.91,scenario_left_turn_heavy,train,development,0.11
1775,4i,150.0,24,0.9465,17,109.75,False,4,0.2085,19.04,215.91,scenario_left_turn_heavy,train,development,0.11
1780,4i,150.0,25,0.3688,20,124.58,False,4,0.5675,19.04,215.89,scenario_left_turn_heavy,train,development,0.11
1785,4i,150.0,26,0.0568,26,148.98,True,4,0.3834,19.04,215.08,scenario_left_turn_heavy,train,development,0.11
1790,4i,150.0,27,0.7296,26,147.26,True,4,0.4259,19.04,210.44,scenario_left_turn_heavy,train,development,0.11
1795,4i,150.0,27,0.608,26,147.19,True,4,0.5245,19.04,204.25,scenario_left_turn_heavy,train,development,0.11
1800,4i,150.0,30,1.8131,26,147.18,True,4,0.0456,19.04,200.49,scenario_left_turn_heavy,train,development,0.11
1805,4i,150.0,29,2.1647,23,147.18,True,4,0.0233,19.04,199.24,scenario_left_turn_heavy,train,development,0.11
1810,4i,150.0,28,0.6536,23,147.18,True,4,0.0008,19.04,199.2,scenario_left_turn_heavy,train,development,0.11
1815,4i,150.0,29,1.0139,25,147.18,True,4,0.0001,19.04,199.19,scenario_left_turn_heavy,train,development,0.11
1820,4i,150.0,30,1.1114,27,147.18,True,4,0.0,19.04,199.19,scenario_left_turn_heavy,train,development,0.11
1825,4i,150.0,29,0.474,28,147.18,True,4,0.0,19.04,199.19,scenario_left_turn_heavy,train,development,0.11
1830,4i,150.0,29,0.0351,28,147.18,True,4,0.0,19.04,199.19,scenario_left_turn_heavy,train,development,0.11
1835,4i,150.0,28,0.0117,28,147.18,True,4,0.0,19.04,199.19,scenario_left_turn_heavy,train,development,0.11
1840,4i,150.0,27,0.2337,25,147.18,True,4,0.1272,17.55,199.19,scenario_left_turn_heavy,train,development,0.11
1845,4i,150.0,27,0.0636,26,147.18,True,4,0.1001,15.17,199.19,scenario_left_turn_heavy,train,development,0.11
1850,4i,150.0,28,0.5951,27,147.18,True,4,0.0034,13.01,199.19,scenario_left_turn_heavy,train,development,0.11
1855,4i,150.0,28,0.5758,25,147.18,True,5,5.554,13.0,483.3,scenario_left_turn_heavy,train,development,0.11
1860,4i,150.0,29,1.0602,23,147.18,True,5,3.9275,13.0,364.19,scenario_left_turn_heavy,train,development,0.11
1865,4i,150.0,29,0.7563,25,147.18,True,5,1.1275,13.0,308.01,scenario_left_turn_heavy,train,development,0.11
1870,4i,150.0,29,0.1749,26,147.18,True,5,0.0001,13.0,304.67,scenario_left_turn_heavy,train,development,0.11
1875,4i,150.0,29,0.171,28,147.16,True,5,0.0166,13.0,304.67,scenario_left_turn_heavy,train,development,0.11
1880,4i,150.0,30,0.1278,30,149.89,True,5,0.195,13.0,304.67,scenario_left_turn_heavy,train,development,0.11
1885,4i,150.0,31,0.4291,30,147.59,True,5,0.1708,13.0,304.67,scenario_left_turn_heavy,train,development,0.11
1890,4i,150.0,32,0.2366,31,149.89,True,5,0.1781,13.0,304.67,scenario_left_turn_heavy,train,development,0.11
1895,4i,150.0,31,0.0781,30,149.19,True,6,3.5554,13.0,384.93,scenario_left_turn_heavy,train,development,0.11
1900,4i,150.0,31,0.0003,31,149.15,True,6,1.221,13.0,322.49,scenario_left_turn_heavy,train,development,0.11
1905,4i,150.0,32,0.7548,31,149.15,True,6,0.0265,13.0,315.67,scenario_left_turn_heavy,train,development,0.11
1910,4i,150.0,33,0.98,31,149.15,True,6,0.0464,13.0,315.42,scenario_left_turn_heavy,train,development,0.11
1915,4i,150.0,32,0.3211,31,149.15,True,6,0.0943,13.0,314.31,scenario_left_turn_heavy,train,development,0.11
1920,4i,150.0,32,0.0067,31,149.15,True,6,0.1679,13.0,312.24,scenario_left_turn_heavy,train,development,0.11
1925,4i,150.0,30,0.1011,28,149.15,True,6,0.057,13.0,310.52,scenario_left_turn_heavy,train,development,0.11
1930,4i,150.0,29,0.3811,24,149.15,True,6,0.2756,6.32,309.8,scenario_left_turn_heavy,train,development,0.11
1935,4i,150.0,29,0.2368,26,149.15,True,6,0.0031,5.0,309.66,scenario_left_turn_heavy,train,development,0.11
1940,4i,150.0,30,0.7516,26,149.15,True,6,0.0001,5.0,309.63,scenario_left_turn_heavy,train,development,0.11
1945,4i,150.0,30,0.5414,28,149.15,True,6,0.0008,5.0,309.63,scenario_left_turn_heavy,train,development,0.11
1950,4i,150.0,30,0.2173,27,149.12,True,6,0.053,5.0,309.63,scenario_left_turn_heavy,train,development,0.11
1955,4i,150.0,31,0.7142,28,148.33,True,6,0.1341,5.0,309.63,scenario_left_turn_heavy,train,development,0.11
1960,4i,150.0,32,0.5954,29,144.32,False,6,0.2725,5.0,309.63,scenario_left_turn_heavy,train,development,0.11
1965,4i,150.0,32,0.0663,31,145.88,True,6,0.0814,5.0,309.63,scenario_left_turn_heavy,train,development,0.11
1970,4i,150.0,34,0.4386,33,149.22,True,6,0.2567,5.0,309.63,scenario_left_turn_heavy,train,development,0.11
1975,4i,150.0,34,0.3701,33,149.15,True,6,0.0204,5.0,309.63,scenario_left_turn_heavy,train,development,0.11
1980,4i,150.0,34,0.0005,33,149.15,True,6,0.0152,5.0,309.62,scenario_left_turn_heavy,train,development,0.11
1985,4i,150.0,33,0.0,33,149.15,True,7,3.1116,5.0,383.64,scenario_left_turn_heavy,train,development,0.11
1990,4i,150.0,33,0.0,33,149.15,True,7,2.7124,5.0,306.66,scenario_left_turn_heavy,train,development,0.11
1995,4i,150.0,34,0.6356,33,149.15,True,7,2.8561,5.0,303.5,scenario_left_turn_heavy,train,development,0.11
2000,4i,150.0,35,0.8943,33,149.15,True,7,2.2804,5.0,301.97,scenario_left_turn_heavy,train,development,0.11
2005,4i,150.0,34,0.2842,33,149.15,True,7,1.3862,5.0,301.71,scenario_left_turn_heavy,train,development,0.11
2010,4i,150.0,34,0.0089,34,149.15,True,7,0.0442,5.0,301.64,scenario_left_turn_heavy,train,development,0.11
2015,4i,150.0,32,0.0792,31,149.15,True,7,0.1171,4.18,301.63,scenario_left_turn_heavy,train,development,0.11
2020,4i,150.0,31,0.3007,28,149.15,True,6,0.0,44.05,301.63,scenario_left_turn_heavy,train,development,0.11
2025,4i,150.0,31,0.3611,26,149.15,True,6,0.0662,41.35,301.63,scenario_left_turn_heavy,train,development,0.11
2030,4i,150.0,32,0.9618,25,149.15,True,6,0.0022,41.06,301.63,scenario_left_turn_heavy,train,development,0.11
2035,4i,150.0,32,0.7636,24,149.15,True,6,0.0018,41.05,301.63,scenario_left_turn_heavy,train,development,0.11
2040,4i,150.0,32,0.4616,23,149.14,True,6,0.0945,41.05,301.63,scenario_left_turn_heavy,train,development,0.11
2045,4i,150.0,33,0.866,24,148.36,True,6,0.3762,41.05,301.63,scenario_left_turn_heavy,train,development,0.11
2050,4i,150.0,34,0.7982,26,105.25,False,6,0.4852,41.05,301.63,scenario_left_turn_heavy,train,development,0.11
2055,4i,150.0,34,0.2414,29,119.69,False,6,0.3836,41.05,301.63,scenario_left_turn_heavy,train,development,0.11
2060,4i,150.0,37,0.5585,34,136.51,False,6,0.2132,41.05,301.63,scenario_left_turn_heavy,train,development,0.11
2065,4i,150.0,37,0.3312,36,146.47,True,6,0.1819,41.05,301.63,scenario_left_turn_heavy,train,development,0.11
2070,4i,150.0,37,0.004,36,146.14,True,6,1.5727,41.05,298.41,scenario_left_turn_heavy,train,development,0.11
2075,4i,150.0,34,0.1548,32,146.11,True,7,5.1179,41.05,392.11,scenario_left_turn_heavy,train,development,0.11
2080,4i,150.0,33,0.9229,28,146.11,True,7,5.0912,34.34,313.5,scenario_left_turn_heavy,train,development,0.11
2085,4i,150.0,33,1.6568,27,146.11,True,7,4.9257,7.41,284.66,scenario_left_turn_heavy,train,development,0.11
2090,4i,150.0,33,2.3513,27,146.11,True,6,4.3244,15.44,280.79,scenario_left_turn_heavy,train,development,0.11
2095,4i,150.0,33,1.1703,29,146.11,True,6,2.5636,10.82,279.68,scenario_left_turn_heavy,train,development,0.11
2100,4i,150.0,32,0.0583,31,146.11,True,6,0.3106,10.82,279.6,scenario_left_turn_heavy,train,development,0.11
2105,4i,150.0,31,0.0837,30,146.11,True,6,0.0004,10.82,279.59,scenario_left_turn_heavy,train,development,0.11
2110,4i,150.0,30,0.1915,28,146.11,True,6,0.4271,1.68,279.59,scenario_left_turn_heavy,train,development,0.11
2115,4i,150.0,30,0.4315,25,146.11,True,6,0.2972,1.0,279.59,scenario_left_turn_heavy,train,development,0.11
2120,4i,150.0,31,0.6113,27,146.11,True,6,0.0104,1.0,279.59,scenario_left_turn_heavy,train,development,0.11
2125,4i,150.0,31,0.6669,29,146.11,True,6,0.0,1.0,279.59,scenario_left_turn_heavy,train,development,0.11
2130,4i,150.0,32,1.0751,28,146.11,True,6,0.0584,1.0,279.59,scenario_left_turn_heavy,train,development,0.11
2135,4i,150.0,32,0.697,29,146.11,True,6,0.2915,1.0,279.59,scenario_left_turn_heavy,train,development,0.11
2140,4i,150.0,32,0.2245,29,145.54,True,6,0.066,1.0,279.59,scenario_left_turn_heavy,train,development,0.11
2145,4i,150.0,32,0.0854,32,142.3,False,6,0.0746,1.0,279.59,scenario_left_turn_heavy,train,development,0.11
2150,4i,150.0,34,0.4619,33,147.5,True,6,0.0926,1.0,279.59,scenario_left_turn_heavy,train,development,0.11
2155,4i,150.0,34,0.4588,33,147.11,True,6,0.0181,1.0,279.59,scenario_left_turn_heavy,train,development,0.11
2160,4i,150.0,34,0.076,33,147.07,True,6,0.0045,1.0,279.56,scenario_left_turn_heavy,train,development,0.11
2165,4i,150.0,33,0.0,33,147.07,True,6,0.0449,1.0,278.92,scenario_left_turn_heavy,train,development,0.11
2170,4i,150.0,33,0.0,33,147.07,True,6,0.0747,1.0,276.5,scenario_left_turn_heavy,train,development,0.11
2175,4i,150.0,34,0.6726,33,147.07,True,6,0.0378,1.0,274.21,scenario_left_turn_heavy,train,development,0.11
2180,4i,150.0,35,0.8886,33,147.07,True,6,0.0091,1.0,273.66,scenario_left_turn_heavy,train,development,0.11
2185,4i,150.0,34,0.3577,33,147.07,True,6,0.001,1.0,273.56,scenario_left_turn_heavy,train,development,0.11
2190,4i,150.0,34,0.149,33,147.07,True,6,0.0,1.0,273.55,scenario_left_turn_heavy,train,development,0.11
2195,4i,150.0,32,0.0684,31,147.07,True,5,0.0,14.26,273.55,scenario_left_turn_heavy,train,development,0.11
2200,4i,150.0,31,0.6251,24,147.07,True,6,3.3637,1.91,414.9,scenario_left_turn_heavy,train,development,0.11
2205,4i,150.0,31,0.2659,26,147.07,True,6,0.9332,1.0,360.78,scenario_left_turn_heavy,train,development,0.11
2210,4i,150.0,31,0.2811,27,147.07,True,6,0.0005,1.0,357.31,scenario_left_turn_heavy,train,development,0.11
2215,4i,150.0,32,0.5916,25,147.07,True,6,0.0238,1.0,357.31,scenario_left_turn_heavy,train,development,0.11
2220,4i,150.0,32,0.4421,25,147.07,True,6,0.1827,1.0,357.31,scenario_left_turn_heavy,train,development,0.11
2225,4i,150.0,33,0.8108,26,146.97,True,6,0.3321,1.0,357.31,scenario_left_turn_heavy,train,development,0.11
2230,4i,150.0,33,0.6836,27,145.32,True,6,0.3398,1.0,357.31,scenario_left_turn_heavy,train,development,0.11
2235,4i,150.0,34,0.1815,31,148.68,True,6,0.1465,1.0,357.31,scenario_left_turn_heavy,train,development,0.11
2240,4i,150.0,35,0.5051,33,136.32,False,6,0.1716,1.0,357.31,scenario_left_turn_heavy,train,development,0.11
2245,4i,150.0,35,0.3654,34,143.09,False,6,0.0072,1.0,357.31,scenario_left_turn_heavy,train,development,0.11
2250,4i,150.0,35,0.0057,34,143.07,False,6,0.0524,1.0,357.31,scenario_left_turn_heavy,train,development,0.11
2255,4i,150.0,32,0.2214,30,143.07,False,5,0.1025,91.06,357.31,scenario_left_turn_heavy,train,development,0.11
2260,4i,150.0,30,0.2642,28,143.07,False,5,0.1373,91.06,357.31,scenario_left_turn_heavy,train,development,0.11
2265,4i,150.0,30,1.102,28,143.07,False,5,0.0826,91.06,357.21,scenario_left_turn_heavy,train,development,0.11
2270,4i,150.0,30,1.0088,28,143.07,False,6,2.068,91.06,461.36,scenario_left_turn_heavy,train,development,0.11
2275,4i,150.0,29,0.4841,28,143.07,False,6,1.3504,91.06,414.79,scenario_left_turn_heavy,train,development,0.11
2280,4i,150.0,29,0.243,28,143.07,False,6,0.7468,91.06,389.05,scenario_left_turn_heavy,train,development,0.11
2285,4i,150.0,27,0.0562,26,143.07,False,6,0.2485,91.06,378.98,scenario_left_turn_heavy,train,development,0.11
2290,4i,150.0,26,0.392,22,143.07,False,6,0.0416,91.06,376.21,scenario_left_turn_heavy,train,development,0.11
2295,4i,150.0,26,0.3933,21,143.07,False,6,0.0044,91.06,375.41,scenario_left_turn_heavy,train,development,0.11
2300,4i,150.0,27,1.0844,21,143.07,False,6,0.0028,91.05,375.36,scenario_left_turn_heavy,train,development,0.11
2305,4i,150.0,27,0.9724,20,143.07,False,6,0.2471,88.0,375.36,scenario_left_turn_heavy,train,development,0.11
2310,4i,150.0,28,1.3908,19,143.07,False,6,0.5528,79.55,375.36,scenario_left_turn_heavy,train,development,0.11
2315,4i,150.0,29,0.8884,21,149.68,True,6,0.2316,76.34,375.36,scenario_left_turn_heavy,train,development,0.11
2320,4i,150.0,29,0.3858,22,146.85,True,6,0.1528,76.06,375.36,scenario_left_turn_heavy,train,development,0.11
2325,4i,150.0,30,0.1986,28,130.45,False,6,0.2536,76.06,375.36,scenario_left_turn_heavy,train,development,0.11
2330,4i,150.0,30,0.0426,30,142.96,False,6,0.0625,76.06,375.36,scenario_left_turn_heavy,train,development,0.11
2335,4i,150.0,32,0.5352,31,149.19,True,6,0.0325,76.06,375.36,scenario_left_turn_heavy,train,development,0.11
2340,4i,150.0,32,0.1584,31,149.07,True,6,0.0897,76.06,375.36,scenario_left_turn_heavy,train,development,0.11
2345,4i,150.0,29,0.2002,28,149.07,True,7,1.8335,76.06,430.48,scenario_left_turn_heavy,train,development,0.11
2350,4i,150.0,29,0.5285,28,149.07,True,7,0.4872,76.06,414.88,scenario_left_turn_heavy,train,development,0.11
2355,4i,150.0,31,1.3054,28,149.07,True,7,0.2662,76.06,409.85,scenario_left_turn_heavy,train,development,0.11
2360,4i,150.0,32,1.4078,29,149.07,True,7,0.3477,76.06,406.03,scenario_left_turn_heavy,train,development,0.11
2365,4i,150.0,33,0.7536,30,149.07,True,7,0.3575,76.06,404.14,scenario_left_turn_heavy,train,development,0.11
2370,4i,150.0,32,0.2246,31,149.07,True,7,0.2587,76.06,400.07,scenario_left_turn_heavy,train,development,0.11
2375,4i,150.0,30,0.0689,28,149.07,True,7,0.301,76.06,394.77,scenario_left_turn_heavy,train,development,0.11
2380,4i,150.0,29,0.3454,24,149.07,True,7,0.0232,76.06,392.38,scenario_left_turn_heavy,train,development,0.11
2385,4i,150.0,29,0.1861,25,149.07,True,7,0.0049,76.06,391.88,scenario_left_turn_heavy,train,development,0.11
2390,4i,150.0,29,0.1672,25,149.07,True,7,0.0097,75.99,391.82,scenario_left_turn_heavy,train,development,0.11
2395,4i,150.0,30,0.5493,28,149.07,True,7,0.1508,73.49,391.81,scenario_left_turn_heavy,train,development,0.11
2400,4i,150.0,31,1.1446,28,149.07,True,7,0.1358,69.76,391.81,scenario_left_turn_heavy,train,development,0.11
2405,4i,150.0,31,0.8273,28,149.01,True,7,0.0909,69.36,391.81,scenario_left_turn_heavy,train,development,0.11
2410,4i,150.0,31,0.2718,28,148.22,True,7,0.0874,69.36,391.81,scenario_left_turn_heavy,train,development,0.11
2415,4i,150.0,31,0.0822,31,144.6,False,7,0.0455,69.36,391.81,scenario_left_turn_heavy,train,development,0.11
2420,4i,150.0,33,0.5354,32,149.98,True,7,0.0063,69.36,391.81,scenario_left_turn_heavy,train,development,0.11
2425,4i,150.0,33,0.4277,32,149.42,True,7,0.0267,69.36,391.81,scenario_left_turn_heavy,train,development,0.11
2430,4i,150.0,33,0.053,32,149.38,True,7,0.0751,69.36,391.81,scenario_left_turn_heavy,train,development,0.11
2435,4i,150.0,31,0.195,29,149.38,True,8,2.0282,69.36,400.66,scenario_left_turn_heavy,train,development,0.11
2440,4i,150.0,29,0.0,29,149.38,True,8,2.3428,69.36,391.81,scenario_left_turn_heavy,train,development,0.11
2445,4i,150.0,30,0.8749,29,149.38,True,8,2.0273,69.36,391.79,scenario_left_turn_heavy,train,development,0.11
2450,4i,150.0,31,1.0457,29,149.38,True,9,3.3125,69.36,469.5,scenario_left_turn_heavy,train,development,0.11
2455,4i,150.0,30,0.5,29,149.38,True,9,1.9,67.54,447.51,scenario_left_turn_heavy,train,development,0.11
2460,4i,150.0,30,0.237,29,149.38,True,9,0.9556,6.22,446.31,scenario_left_turn_heavy,train,development,0.11
2465,4i,150.0,28,0.0211,28,149.38,True,9,0.1072,1.0,444.29,scenario_left_turn_heavy,train,development,0.11
2470,4i,150.0,28,0.193,25,149.38,True,9,0.0507,1.0,442.38,scenario_left_turn_heavy,train,development,0.11
2475,4i,150.0,28,0.2252,24,149.38,True,9,0.0148,1.0,441.26,scenario_left_turn_heavy,train,development,0.11
2480,4i,150.0,29,0.7184,24,149.38,True,9,0.069,1.0,440.96,scenario_left_turn_heavy,train,development,0.11
2485,4i,150.0,29,0.8186,25,149.38,True,9,0.1871,1.0,440.92,scenario_left_turn_heavy,train,development,0.11
2490,4i,150.0,30,1.1651,25,149.38,True,9,0.0823,1.0,440.92,scenario_left_turn_heavy,train,development,0.11
2495,4i,150.0,30,0.6227,26,149.15,True,9,0.0506,1.0,440.91,scenario_left_turn_heavy,train,development,0.11
2500,4i,150.0,30,0.1431,26,146.78,True,9,0.0446,1.0,440.91,scenario_left_turn_heavy,train,development,0.11
2505,4i,150.0,30,0.0382,30,142.29,False,9,0.0044,1.0,440.91,scenario_left_turn_heavy,train,development,0.11
2510,4i,150.0,30,0.0028,30,141.44,False,9,0.0046,1.0,440.91,scenario_left_turn_heavy,train,development,0.11
2515,4i,150.0,31,0.4535,30,141.35,False,9,0.0529,1.0,440.91,scenario_left_turn_heavy,train,development,0.11
2520,4i,150.0,31,0.2217,30,141.35,False,9,0.1411,1.0,440.91,scenario_left_turn_heavy,train,development,0.11
2525,4i,150.0,28,0.1907,27,141.35,False,8,0.0246,61.33,440.91,scenario_left_turn_heavy,train,development,0.11
2530,4i,150.0,27,0.0,27,141.35,False,8,0.0545,61.33,440.91,scenario_left_turn_heavy,train,development,0.11
2535,4i,150.0,27,0.0,27,141.35,False,8,0.1625,61.33,440.91,scenario_left_turn_heavy,train,development,0.11
2540,4i,150.0,29,1.0893,27,141.35,False,8,0.1897,61.33,440.84,scenario_left_turn_heavy,train,development,0.11
2545,4i,150.0,29,1.0058,27,141.35,False,8,0.1551,61.33,440.21,scenario_left_turn_heavy,train,development,0.11
2550,4i,150.0,29,0.3514,27,141.35,False,8,0.0895,61.33,438.27,scenario_left_turn_heavy,train,development,0.11
2555,4i,150.0,28,0.0575,27,141.35,False,8,0.0435,61.33,435.27,scenario_left_turn_heavy,train,development,0.11
2560,4i,150.0,28,0.3119,23,141.35,False,8,0.0419,61.33,433.62,scenario_left_turn_heavy,train,development,0.11
2565,4i,150.0,28,0.4005,22,141.35,False,8,0.0033,61.33,432.97,scenario_left_turn_heavy,train,development,0.11
2570,4i,150.0,29,0.8919,23,141.35,False,8,0.2136,57.04,432.89,scenario_left_turn_heavy,train,development,0.11
2575,4i,150.0,29,0.8514,23,141.35,False,8,0.2388,49.2,432.89,scenario_left_turn_heavy,train,development,0.11
2580,4i,150.0,30,1.2258,23,141.34,False,8,0.1199,48.05,432.89,scenario_left_turn_heavy,train,development,0.11
2585,4i,150.0,30,0.627,25,140.48,False,8,0.1219,48.01,432.89,scenario_left_turn_heavy,train,development,0.11
2590,4i,150.0,30,0.2552,27,108.94,False,8,0.122,48.01,432.89,scenario_left_turn_heavy,train,development,0.11
2595,4i,150.0,31,0.0948,30,129.37,False,8,0.0103,48.01,432.89,scenario_left_turn_heavy,train,development,0.11
2600,4i,150.0,33,0.6004,32,149.75,True,8,0.0439,48.01,432.89,scenario_left_turn_heavy,train,development,0.11
2605,4i,150.0,33,0.495,32,149.1,True,8,0.0649,48.01,432.89,scenario_left_turn_heavy,train,development,0.11
2610,4i,150.0,33,0.136,32,149.07,True,8,0.1563,48.01,432.89,scenario_left_turn_heavy,train,development,0.11
2615,4i,150.0,29,0.0656,28,149.07,True,8,0.0915,48.01,432.89,scenario_left_turn_heavy,train,development,0.11
2620,4i,150.0,28,0.0,28,149.07,True,8,0.1609,48.01,432.89,scenario_left_turn_heavy,train,development,0.11
2625,4i,150.0,29,0.8344,28,149.07,True,8,0.222,48.01,432.88,scenario_left_turn_heavy,train,development,0.11
2630,4i,150.0,29,0.5989,28,149.07,True,8,0.2602,48.01,432.7,scenario_left_turn_heavy,train,development,0.11
2635,4i,150.0,29,0.5605,28,149.07,True,8,0.2239,48.01,431.23,scenario_left_turn_heavy,train,development,0.11
2640,4i,150.0,29,0.2724,28,149.07,True,8,0.1112,48.01,428.31,scenario_left_turn_heavy,train,development,0.11
2645,4i,150.0,27,0.0467,26,149.07,True,8,0.2118,48.01,423.74,scenario_left_turn_heavy,train,development,0.11
2650,4i,150.0,26,0.3318,22,149.07,True,8,0.0448,48.01,420.82,scenario_left_turn_heavy,train,development,0.11
2655,4i,150.0,26,0.3373,21,149.07,True,8,0.096,47.35,419.76,scenario_left_turn_heavy,train,development,0.11
2660,4i,150.0,27,0.9235,21,149.07,True,9,0.2937,38.64,483.02,scenario_left_turn_heavy,train,development,0.11
2665,4i,150.0,27,0.9772,20,149.07,True,9,0.2602,35.49,481.5,scenario_left_turn_heavy,train,development,0.11
2670,4i,150.0,28,1.3231,22,149.07,True,9,0.1076,35.4,480.45,scenario_left_turn_heavy,train,development,0.11
2675,4i,150.0,28,0.8384,22,148.31,True,9,0.1681,35.4,480.31,scenario_left_turn_heavy,train,development,0.11
2680,4i,150.0,29,0.3588,24,109.81,False,9,0.0225,35.4,480.29,scenario_left_turn_heavy,train,development,0.11
2685,4i,150.0,30,0.0996,27,130.12,False,9,0.0034,35.4,480.29,scenario_left_turn_heavy,train,development,0.11
2690,4i,150.0,32,0.532,31,149.18,True,9,0.0623,35.4,480.29,scenario_left_turn_heavy,train,development,0.11
2695,4i,150.0,32,0.4885,31,148.55,True,9,0.0856,35.4,480.29,scenario_left_turn_heavy,train,development,0.11
2700,4i,150.0,32,0.1319,31,148.46,True,9,0.0407,35.4,480.29,scenario_left_turn_heavy,train,development,0.11
2705,4i,150.0,29,0.1628,28,148.46,True,9,0.0755,35.4,480.29,scenario_left_turn_heavy,train,development,0.11
2710,4i,150.0,28,0.0,28,148.46,True,9,0.1586,35.4,480.29,scenario_left_turn_heavy,train,development,0.11
2715,4i,150.0,28,0.0,28,148.46,True,9,0.2368,35.4,480.29,scenario_left_turn_heavy,train,development,0.11
2720,4i,150.0,29,0.6598,28,148.46,True,9,0.1873,35.4,480.29,scenario_left_turn_heavy,train,development,0.11
2725,4i,150.0,30,1.0202,28,148.46,True,9,0.1953,35.4,480.28,scenario_left_turn_heavy,train,development,0.11
2730,4i,150.0,30,0.27,28,148.46,True,9,0.1433,35.4,480.16,scenario_left_turn_heavy,train,development,0.11
2735,4i,150.0,28,0.047,27,148.46,True,9,0.1577,35.4,478.74,scenario_left_turn_heavy,train,development,0.11
2740,4i,150.0,27,0.397,23,148.46,True,9,0.134,35.4,476.01,scenario_left_turn_heavy,train,development,0.11
2745,4i,150.0,27,0.4007,22,148.46,True,9,0.4101,26.15,471.42,scenario_left_turn_heavy,train,development,0.11
2750,4i,150.0,28,0.9579,22,148.46,True,9,0.3165,21.15,468.95,scenario_left_turn_heavy,train,development,0.11
2755,4i,150.0,28,0.8924,21,148.46,True,9,0.0815,21.01,467.86,scenario_left_turn_heavy,train,development,0.11
2760,4i,150.0,28,0.5377,22,148.46,True,9,0.2023,21.01,467.71,scenario_left_turn_heavy,train,development,0.11
2765,4i,150.0,29,0.8068,21,147.57,True,9,0.045,21.01,467.67,scenario_left_turn_heavy,train,development,0.11
2770,4i,150.0,29,0.5814,23,130.69,False,9,0.0027,21.01,467.67,scenario_left_turn_heavy,train,development,0.11
2775,4i,150.0,29,0.2581,27,131.03,False,9,0.0193,21.01,467.67,scenario_left_turn_heavy,train,development,0.11
2780,4i,150.0,30,0.0524,29,147.0,True,9,0.1068,21.01,467.67,scenario_left_turn_heavy,train,development,0.11
2785,4i,150.0,31,0.5309,30,146.79,True,9,0.0575,21.01,467.67,scenario_left_turn_heavy,train,development,0.11
2790,4i,150.0,31,0.1549,30,146.78,True,9,0.0421,21.01,467.67,scenario_left_turn_heavy,train,development,0.11
2795,4i,150.0,28,0.3088,26,146.78,True,9,0.187,21.01,467.67,scenario_left_turn_heavy,train,development,0.11
2800,4i,150.0,26,0.0,26,146.78,True,9,0.3577,21.01,467.67,scenario_left_turn_heavy,train,development,0.11
2805,4i,150.0,27,0.8703,26,146.78,True,9,0.4147,21.01,467.67,scenario_left_turn_heavy,train,development,0.11
2810,4i,150.0,27,0.6566,26,146.78,True,9,0.2327,21.01,467.67,scenario_left_turn_heavy,train,development,0.11
2815,4i,150.0,27,0.6382,26,146.78,True,9,0.2359,21.01,467.62,scenario_left_turn_heavy,train,development,0.11
2820,4i,150.0,27,0.3126,26,146.78,True,9,0.1858,21.01,466.85,scenario_left_turn_heavy,train,development,0.11
2825,4i,150.0,25,0.0574,24,146.78,True,9,0.0893,21.01,463.35,scenario_left_turn_heavy,train,development,0.11
2830,4i,150.0,24,0.3365,21,146.78,True,10,0.3865,16.18,480.27,scenario_left_turn_heavy,train,development,0.11
2835,4i,150.0,24,0.3577,20,146.78,True,10,0.34,9.24,476.5,scenario_left_turn_heavy,train,development,0.11
2840,4i,150.0,25,1.0286,19,146.78,True,11,0.1468,9.0,480.79,scenario_left_turn_heavy,train,development,0.11
2845,4i,150.0,25,0.9645,20,146.78,True,11,0.1696,9.0,478.7,scenario_left_turn_heavy,train,development,0.11
2850,4i,150.0,25,0.5761,20,146.67,True,11,0.0977,9.0,478.33,scenario_left_turn_heavy,train,development,0.11
2855,4i,150.0,27,0.9385,20,149.73,True,12,1.5302,9.0,478.3,scenario_left_turn_heavy,train,development,0.11
2860,4i,150.0,28,0.7762,24,124.36,False,12,1.4522,9.0,478.28,scenario_left_turn_heavy,train,development,0.11
2865,4i,150.0,28,0.1235,26,144.4,False,12,1.3887,9.0,478.28,scenario_left_turn_heavy,train,development,0.11
2870,4i,150.0,29,0.0143,29,149.98,True,12,1.469,9.0,478.28,scenario_left_turn_heavy,train,development,0.11
2875,4i,150.0,30,0.456,29,149.78,True,12,1.1984,9.0,478.28,scenario_left_turn_heavy,train,development,0.11
2880,4i,150.0,30,0.2352,29,149.78,True,12,0.6432,9.0,478.28,scenario_left_turn_heavy,train,development,0.11
2885,4i,150.0,27,0.209,26,149.78,True,12,0.6122,5.81,478.28,scenario_left_turn_heavy,train,development,0.11
2890,4i,150.0,26,0.0,26,149.78,True,11,0.1582,9.0,478.28,scenario_left_turn_heavy,train,development,0.11
2895,4i,150.0,27,0.9672,26,149.78,True,11,0.1099,9.0,478.28,scenario_left_turn_heavy,train,development,0.11
2900,4i,150.0,28,1.0547,26,149.78,True,11,0.0904,9.0,478.28,scenario_left_turn_heavy,train,development,0.11
2905,4i,150.0,27,0.6412,26,149.78,True,11,0.1447,9.0,478.22,scenario_left_turn_heavy,train,development,0.11
2910,4i,150.0,27,0.1849,26,149.78,True,11,0.1185,9.0,477.58,scenario_left_turn_heavy,train,development,0.11
2915,4i,150.0,25,0.0516,24,149.78,True,11,0.2994,7.76,475.87,scenario_left_turn_heavy,train,development,0.11
2920,4i,150.0,24,0.4593,20,149.78,True,10,0.3923,26.22,472.86,scenario_left_turn_heavy,train,development,0.11
2925,4i,150.0,24,0.4576,19,149.78,True,10,0.2454,14.75,468.57,scenario_left_turn_heavy,train,development,0.11
2930,4i,150.0,24,0.4692,18,149.78,True,10,0.188,13.02,466.9,scenario_left_turn_heavy,train,development,0.11
2935,4i,150.0,25,1.1018,17,149.78,True,10,0.0822,13.0,466.35,scenario_left_turn_heavy,train,development,0.11
2940,4i,150.0,26,1.5975,19,149.62,True,10,0.0088,13.0,466.29,scenario_left_turn_heavy,train,development,0.11
2945,4i,150.0,26,0.8226,19,146.88,True,11,1.9669,13.0,466.28,scenario_left_turn_heavy,train,development,0.11
2950,4i,150.0,28,0.8061,21,107.29,False,11,2.074,13.0,466.28,scenario_left_turn_heavy,train,development,0.11
2955,4i,150.0,30,1.1544,27,142.57,False,11,1.8663,13.0,462.75,scenario_left_turn_heavy,train,development,0.11
2960,4i,150.0,32,1.704,28,145.93,True,11,2.1568,13.0,458.25,scenario_left_turn_heavy,train,development,0.11
2965,4i,150.0,35,1.9772,29,145.78,True,11,2.2837,13.0,448.78,scenario_left_turn_heavy,train,development,0.11
2970,4i,150.0,37,1.6751,32,145.78,True,11,0.8708,13.0,441.35,scenario_left_turn_heavy,train,development,0.11
2975,4i,150.0,34,0.3863,31,145.78,True,11,0.4827,13.0,438.42,scenario_left_turn_heavy,train,development,0.11
2980,4i,150.0,35,0.3961,34,145.78,True,11,0.4729,13.0,432.84,scenario_left_turn_heavy,train,development,0.11
2985,4i,150.0,36,0.6807,34,145.78,True,11,0.3019,13.0,428.15,scenario_left_turn_heavy,train,development,0.11
2990,4i,150.0,36,0.4381,35,145.78,True,11,0.2353,13.0,425.93,scenario_left_turn_heavy,train,development,0.11
2995,4i,150.0,36,0.3376,35,145.78,True,11,0.2958,13.0,422.68,scenario_left_turn_heavy,train,development,0.11
3000,4i,150.0,36,0.0154,35,145.78,True,11,0.1653,13.0,417.84,scenario_left_turn_heavy,train,development,0.11
3005,4i,150.0,34,0.1002,32,145.78,True,11,0.0659,13.0,413.82,scenario_left_turn_heavy,train,development,0.11
3010,4i,150.0,33,0.2146,28,145.78,True,11,0.3433,11.48,413.32,scenario_left_turn_heavy,train,development,0.11
3015,4i,150.0,33,0.0021,33,145.78,True,11,0.0008,8.4,413.27,scenario_left_turn_heavy,train,development,0.11
3020,4i,150.0,33,0.1691,31,145.78,True,11,0.0,8.4,413.27,scenario_left_turn_heavy,train,development,0.11
3025,4i,150.0,34,0.4727,30,145.78,True,11,0.0,8.4,413.27,scenario_left_turn_heavy,train,development,0.11
3030,4i,150.0,35,0.7057,31,145.78,True,11,0.1665,8.4,413.27,scenario_left_turn_heavy,train,development,0.11
3035,4i,150.0,35,0.4936,33,145.78,True,11,0.0058,8.4,413.27,scenario_left_turn_heavy,train,development,0.11
3040,4i,150.0,35,0.081,34,145.78,True,11,0.0,8.4,413.27,scenario_left_turn_heavy,train,development,0.11
3045,4i,150.0,35,0.0329,34,145.78,True,11,0.0,8.4,413.27,scenario_left_turn_heavy,train,development,0.11
3050,4i,150.0,35,0.2757,33,145.78,True,11,0.0,8.4,413.27,scenario_left_turn_heavy,train,development,0.11
3055,4i,150.0,36,0.3578,32,145.78,True,11,0.0004,8.4,413.27,scenario_left_turn_heavy,train,development,0.11
3060,4i,150.0,36,0.1787,33,145.78,True,11,0.0,8.4,413.27,scenario_left_turn_heavy,train,development,0.11
3065,4i,150.0,35,0.189,31,145.74,True,11,0.0,8.4,413.27,scenario_left_turn_heavy,train,development,0.11
3070,4i,150.0,35,0.0695,34,143.88,False,11,0.0197,8.4,413.27,scenario_left_turn_heavy,train,development,0.11
3075,4i,150.0,35,0.0107,35,141.46,False,11,0.0765,8.4,413.27,scenario_left_turn_heavy,train,development,0.11
3080,4i,150.0,37,0.9335,35,141.19,False,11,0.0205,8.4,413.27,scenario_left_turn_heavy,train,development,0.11
3085,4i,150.0,37,0.5463,35,141.18,False,11,0.099,8.4,413.27,scenario_left_turn_heavy,train,development,0.11
3090,4i,150.0,37,0.1192,36,141.18,False,11,0.0726,8.4,413.27,scenario_left_turn_heavy,train,development,0.11
3095,4i,150.0,35,0.085,34,141.18,False,11,0.2613,6.26,413.27,scenario_left_turn_heavy,train,development,0.11
3100,4i,150.0,34,0.1531,31,141.18,False,11,0.1344,1.0,413.27,scenario_left_turn_heavy,train,development,0.11
3105,4i,150.0,34,0.0162,34,141.18,False,11,0.0426,1.0,413.24,scenario_left_turn_heavy,train,development,0.11
3110,4i,150.0,34,0.0,34,141.18,False,11,0.0937,1.0,412.63,scenario_left_turn_heavy,train,development,0.11
3115,4i,150.0,35,0.2694,34,141.18,False,11,0.097,1.0,410.93,scenario_left_turn_heavy,train,development,0.11
3120,4i,150.0,35,0.3526,30,141.18,False,11,0.037,1.0,409.26,scenario_left_turn_heavy,train,development,0.11
3125,4i,150.0,36,0.5012,35,141.18,False,12,0.0389,1.0,482.8,scenario_left_turn_heavy,train,development,0.11
3130,4i,150.0,36,0.3916,34,141.18,False,12,0.0293,1.0,480.93,scenario_left_turn_heavy,train,development,0.11
3135,4i,150.0,36,0.2685,33,141.15,False,12,0.0922,1.0,479.85,scenario_left_turn_heavy,train,development,0.11
3140,4i,150.0,37,0.6994,33,139.77,False,12,0.0348,1.0,479.51,scenario_left_turn_heavy,train,development,0.11
3145,4i,150.0,37,0.2429,36,139.42,False,12,0.0057,1.0,479.44,scenario_left_turn_heavy,train,development,0.11
3150,4i,150.0,37,0.0337,37,139.28,False,12,0.0165,1.0,479.43,scenario_left_turn_heavy,train,development,0.11
3155,4i,150.0,33,0.0101,33,138.13,False,11,0.0519,1.0,479.43,scenario_left_turn_heavy,train,development,0.11
3160,4i,150.0,33,0.0013,33,137.81,False,11,0.0489,1.0,479.43,scenario_left_turn_heavy,train,development,0.11
3165,4i,150.0,33,0.0,33,137.77,False,11,0.0343,1.0,479.43,scenario_left_turn_heavy,train,development,0.11
3170,4i,150.0,35,0.9418,33,137.77,False,11,0.0387,1.0,479.43,scenario_left_turn_heavy,train,development,0.11
3175,4i,150.0,35,0.6189,33,137.77,False,11,0.0729,1.0,479.43,scenario_left_turn_heavy,train,development,0.11
3180,4i,150.0,35,0.1349,34,137.77,False,11,0.0673,1.0,479.43,scenario_left_turn_heavy,train,development,0.11
3185,4i,150.0,33,0.1169,31,137.77,False,10,0.0441,45.01,479.42,scenario_left_turn_heavy,train,development,0.11
3190,4i,150.0,31,0.2041,29,137.77,False,11,0.0479,45.01,483.29,scenario_left_turn_heavy,train,development,0.11
3195,4i,150.0,31,0.6401,25,137.77,False,11,0.0554,45.01,482.65,scenario_left_turn_heavy,train,development,0.11
3200,4i,150.0,31,0.108,31,137.77,False,11,0.1191,42.24,482.09,scenario_left_turn_heavy,train,development,0.11
3205,4i,150.0,32,0.3568,31,137.77,False,11,0.025,40.8,481.73,scenario_left_turn_heavy,train,development,0.11
3210,4i,150.0,32,0.4964,28,137.77,False,11,0.0196,40.66,481.27,scenario_left_turn_heavy,train,development,0.11
3215,4i,150.0,33,0.8824,27,137.14,False,11,0.0408,40.66,480.55,scenario_left_turn_heavy,train,development,0.11
3220,4i,150.0,34,0.2954,32,147.8,True,11,0.0416,40.66,480.23,scenario_left_turn_heavy,train,development,0.11
3225,4i,150.0,34,0.0138,34,146.34,True,11,0.0169,40.66,480.05,scenario_left_turn_heavy,train,development,0.11
3230,4i,150.0,35,0.5229,34,146.16,True,11,0.0405,40.66,480.03,scenario_left_turn_heavy,train,development,0.11
3235,4i,150.0,35,0.1825,34,146.14,True,11,0.0863,40.66,480.03,scenario_left_turn_heavy,train,development,0.11
3240,4i,150.0,35,0.0036,35,146.14,True,11,0.095,40.66,480.03,scenario_left_turn_heavy,train,development,0.11
3245,4i,150.0,34,0.0661,33,146.14,True,11,0.0581,40.66,480.03,scenario_left_turn_heavy,train,development,0.11
3250,4i,150.0,33,0.0,33,146.14,True,11,0.0275,40.66,480.03,scenario_left_turn_heavy,train,development,0.11
3255,4i,150.0,33,0.0,33,146.14,True,11,0.0896,40.66,480.03,scenario_left_turn_heavy,train,development,0.11
3260,4i,150.0,35,0.9136,33,146.14,True,11,0.0791,40.66,480.03,scenario_left_turn_heavy,train,development,0.11
3265,4i,150.0,35,0.6556,33,146.14,True,11,0.0493,40.66,480.01,scenario_left_turn_heavy,train,development,0.11
3270,4i,150.0,35,0.1204,34,146.14,True,11,0.0493,40.66,479.57,scenario_left_turn_heavy,train,development,0.11
3275,4i,150.0,34,0.2188,31,146.14,True,11,0.0364,40.66,477.94,scenario_left_turn_heavy,train,development,0.11
3280,4i,150.0,32,0.3945,23,146.14,True,11,0.0507,40.44,476.7,scenario_left_turn_heavy,train,development,0.11
3285,4i,150.0,32,0.335,26,146.14,True,11,0.108,36.4,476.11,scenario_left_turn_heavy,train,development,0.11
3290,4i,150.0,32,0.3368,24,146.14,True,12,2.0347,33.56,475.75,scenario_left_turn_heavy,train,development,0.11
3295,4i,150.0,33,0.5702,30,146.14,True,12,2.1414,31.54,475.69,scenario_left_turn_heavy,train,development,0.11
3300,4i,150.0,34,0.8779,29,145.5,True,12,1.6724,30.66,475.69,scenario_left_turn_heavy,train,development,0.11
3305,4i,150.0,35,0.6443,33,149.96,True,12,1.4095,30.66,475.69,scenario_left_turn_heavy,train,development,0.11
3310,4i,150.0,35,0.2262,34,146.56,True,12,0.4744,16.79,475.68,scenario_left_turn_heavy,train,development,0.11
3315,4i,150.0,36,0.0508,36,149.38,True,12,0.1014,13.71,475.68,scenario_left_turn_heavy,train,development,0.11
3320,4i,150.0,36,0.0178,36,147.64,True,12,0.1691,13.71,475.68,scenario_left_turn_heavy,train,development,0.11
3325,4i,150.0,37,0.212,36,147.18,True,12,0.1283,13.71,475.68,scenario_left_turn_heavy,train,development,0.11
3330,4i,150.0,37,0.0024,37,147.14,True,12,0.1673,13.71,475.68,scenario_left_turn_heavy,train,development,0.11
3335,4i,150.0,34,0.0,34,147.14,True,11,0.1617,30.66,475.68,scenario_left_turn_heavy,train,development,0.11
3340,4i,150.0,34,0.0,34,147.14,True,11,0.1561,30.66,475.68,scenario_left_turn_heavy,train,development,0.11
3345,4i,150.0,35,0.4809,34,147.14,True,11,0.2005,30.66,475.68,scenario_left_turn_heavy,train,development,0.11
3350,4i,150.0,35,0.5654,34,147.14,True,11,0.1951,30.66,475.6,scenario_left_turn_heavy,train,development,0.11
3355,4i,150.0,35,0.1856,34,147.14,True,11,0.177,30.66,474.77,scenario_left_turn_heavy,train,development,0.11
3360,4i,150.0,35,0.0002,35,147.14,True,11,0.1494,30.66,472.87,scenario_left_turn_heavy,train,development,0.11
3365,4i,150.0,33,0.0023,33,147.14,True,11,0.1166,30.66,470.09,scenario_left_turn_heavy,train,development,0.11
3370,4i,150.0,31,0.492,25,147.14,True,11,0.1578,29.13,467.75,scenario_left_turn_heavy,train,development,0.11
3375,4i,150.0,31,0.4504,24,147.14,True,11,0.137,15.8,466.5,scenario_left_turn_heavy,train,development,0.11
3380,4i,150.0,32,1.0512,19,147.14,True,11,0.0064,15.0,465.81,scenario_left_turn_heavy,train,development,0.11
3385,4i,150.0,32,0.578,24,147.14,True,11,0.0007,15.0,465.7,scenario_left_turn_heavy,train,development,0.11
3390,4i,150.0,33,0.8451,24,146.35,True,11,0.1202,15.0,465.68,scenario_left_turn_heavy,train,development,0.11
3395,4i,150.0,34,0.7302,27,97.31,False,11,0.1695,15.0,465.68,scenario_left_turn_heavy,train,development,0.11
3400,4i,150.0,35,0.238,31,134.27,False,11,3.3663,15.0,458.08,scenario_left_turn_heavy,train,development,0.11
3405,4i,150.0,36,0.4577,35,143.52,False,11,4.2298,15.0,453.17,scenario_left_turn_heavy,train,development,0.11
3410,4i,150.0,38,0.6653,35,142.51,False,11,3.3961,15.0,450.08,scenario_left_turn_heavy,train,development,0.11
3415,4i,150.0,40,0.5265,37,142.48,False,11,3.1473,15.0,445.75,scenario_left_turn_heavy,train,development,0.11
3420,4i,150.0,43,0.4282,39,142.48,False,11,1.6072,15.0,440.61,scenario_left_turn_heavy,train,development,0.11
3425,4i,150.0,41,0.1517,38,142.48,False,12,1.6871,15.0,435.42,scenario_left_turn_heavy,train,development,0.11
3430,4i,150.0,39,0.377,35,142.48,False,12,1.6963,15.0,433.61,scenario_left_turn_heavy,train,development,0.11
3435,4i,150.0,39,1.5383,26,142.48,False,12,2.219,15.0,431.5,scenario_left_turn_heavy,train,development,0.11
3440,4i,150.0,37,1.8406,24,142.48,False,12,1.7064,15.0,428.21,scenario_left_turn_heavy,train,development,0.11
3445,4i,150.0,36,1.7309,22,142.48,False,12,1.2138,9.82,422.81,scenario_left_turn_heavy,train,development,0.11
3450,4i,150.0,35,1.0827,25,142.48,False,12,0.8541,9.42,419.1,scenario_left_turn_heavy,train,development,0.11
3455,4i,150.0,33,0.7185,27,142.48,False,12,0.9614,9.42,418.23,scenario_left_turn_heavy,train,development,0.11
3460,4i,150.0,32,0.6211,24,142.48,False,11,0.5317,1.0,418.03,scenario_left_turn_heavy,train,development,0.11
3465,4i,150.0,32,0.3004,29,142.48,False,11,0.0085,1.0,418.02,scenario_left_turn_heavy,train,development,0.11
3470,4i,150.0,32,0.0083,32,142.48,False,11,0.0019,1.0,418.01,scenario_left_turn_heavy,train,development,0.11
3475,4i,150.0,33,0.2775,32,142.48,False,11,0.0006,1.0,418.01,scenario_left_turn_heavy,train,development,0.11
3480,4i,150.0,34,0.747,29,142.48,False,11,0.3587,1.0,418.01,scenario_left_turn_heavy,train,development,0.11
3485,4i,150.0,34,0.4715,33,142.48,False,11,0.0,1.0,418.01,scenario_left_turn_heavy,train,development,0.11
3490,4i,150.0,34,0.5937,29,142.48,False,11,0.773,1.0,418.01,scenario_left_turn_heavy,train,development,0.11
3495,4i,150.0,34,0.1087,33,142.16,False,11,0.0666,1.0,418.01,scenario_left_turn_heavy,train,development,0.11
3500,4i,150.0,35,0.5325,34,141.41,False,11,0.0104,1.0,418.01,scenario_left_turn_heavy,train,development,0.11
3505,4i,150.0,35,0.3587,34,141.01,False,11,0.0317,1.0,418.01,scenario_left_turn_heavy,train,development,0.11
3510,4i,150.0,35,0.0169,34,140.57,False,11,0.0158,1.0,418.01,scenario_left_turn_heavy,train,development,0.11
3515,4i,150.0,31,0.2205,29,140.49,False,11,0.0373,1.0,418.01,scenario_left_turn_heavy,train,development,0.11
3520,4i,150.0,30,0.4462,25,140.48,False,11,0.5085,1.0,418.01,scenario_left_turn_heavy,train,development,0.11
3525,4i,150.0,31,0.922,26,140.48,False,11,0.2634,1.0,418.01,scenario_left_turn_heavy,train,development,0.11
3530,4i,150.0,31,0.5055,30,140.48,False,11,0.0366,1.0,417.98,scenario_left_turn_heavy,train,development,0.11
3535,4i,150.0,31,0.4564,30,140.48,False,11,0.0232,1.0,417.7,scenario_left_turn_heavy,train,development,0.11
3540,4i,150.0,31,0.0364,30,140.48,False,11,0.0113,1.0,417.34,scenario_left_turn_heavy,train,development,0.11
3545,4i,150.0,30,0.1777,27,140.48,False,10,0.0846,9.78,416.6,scenario_left_turn_heavy,train,development,0.11
3550,4i,150.0,28,0.1204,26,140.48,False,9,0.0056,14.41,416.19,scenario_left_turn_heavy,train,development,0.11
3555,4i,150.0,28,0.4144,25,140.48,False,9,0.0101,12.05,416.06,scenario_left_turn_heavy,train,development,0.11
3560,4i,150.0,29,0.5735,28,140.48,False,9,0.0004,12.0,416.02,scenario_left_turn_heavy,train,development,0.11
3565,4i,150.0,29,0.7781,25,140.48,False,9,0.483,12.0,416.02,scenario_left_turn_heavy,train,development,0.11
3570,4i,150.0,30,1.0239,27,140.48,False,9,0.009,11.03,416.02,scenario_left_turn_heavy,train,development,0.11
3575,4i,150.0,30,0.6274,29,140.05,False,9,0.0277,11.02,416.02,scenario_left_turn_heavy,train,development,0.11
3580,4i,150.0,30,0.1743,29,138.66,False,9,0.0286,11.02,416.02,scenario_left_turn_heavy,train,development,0.11
3585,4i,150.0,30,0.0083,30,137.73,False,9,0.0402,11.02,416.02,scenario_left_turn_heavy,train,development,0.11
3590,4i,150.0,31,0.4605,30,137.5,False,9,0.0582,11.02,416.02,scenario_left_turn_heavy,train,development,0.11
3595,4i,150.0,31,0.4452,30,137.48,False,9,0.0487,11.02,416.02,scenario_left_turn_heavy,train,development,0.11
3600,4i,150.0,31,0.0132,30,137.48,False,9,0.0437,11.02,416.02,scenario_left_turn_heavy,train,development,0.11
