timestamp,phase,phase_elapsed_s,queue_1i_m,queue_2i_m,queue_3i_m,queue_4i_m,queue_ew_m,queue_ns_m,probes_1i,probes_2i,probes_3i,probes_4i,decision_made,next_phase
1.0,0,25,0.7,0.7,0.0,0.7,1.3,0.7,0,0,1,0,0,
2.0,0,25,0.7,0.7,0.0,0.7,1.3,0.7,0,0,1,0,0,
3.0,0,25,0.7,0.7,0.0,0.7,1.3,0.7,0,0,1,0,0,
4.0,0,25,0.7,0.7,0.0,0.7,1.3,0.7,0,0,1,0,0,
5.0,0,25,0.7,0.7,0.0,0.7,1.3,0.7,0,0,1,0,1,0
6.0,0,25,0.9,0.9,0.0,0.9,1.7,0.9,0,0,1,0,0,
7.0,0,25,0.9,0.9,0.0,0.9,1.7,0.9,0,0,1,0,0,
8.0,0,25,0.9,0.9,0.0,0.9,1.7,0.9,0,0,1,0,0,
9.0,0,25,0.9,0.9,0.0,0.9,1.7,0.9,0,0,1,0,0,
10.0,0,25,0.9,0.9,0.0,0.9,1.7,0.9,0,0,1,0,1,0
11.0,0,25,0.9,0.9,0.0,0.9,1.7,0.9,0,0,1,0,0,
12.0,0,25,0.9,0.9,0.0,0.9,1.7,0.9,0,0,1,0,0,
13.0,0,25,0.9,0.9,0.0,0.9,1.7,0.9,0,0,1,0,0,
14.0,0,25,0.9,0.9,0.0,0.9,1.7,0.9,0,0,1,0,0,
15.0,0,25,0.9,0.9,0.0,0.9,1.7,0.9,0,0,1,0,1,0
16.0,0,25,0.9,0.9,0.0,0.9,1.7,0.9,0,0,1,0,0,
17.0,0,25,0.9,0.9,0.0,0.9,1.7,0.9,0,0,1,0,0,
18.0,0,25,0.9,0.9,0.0,0.9,1.7,0.9,0,0,1,0,0,
19.0,0,25,0.9,0.9,0.0,0.9,1.7,0.9,0,0,1,0,0,
20.0,0,25,0.9,0.9,0.0,0.9,1.7,0.9,0,0,1,0,1,0
21.0,0,25,0.9,0.9,0.4,0.9,1.7,1.2,0,0,1,0,0,
22.0,0,25,0.9,0.9,0.4,0.9,1.7,1.2,0,0,1,0,0,
23.0,0,25,0.9,0.9,0.3,0.9,1.7,1.2,0,0,1,0,0,
24.0,0,25,1.1,0.9,0.5,1.1,1.9,1.6,0,0,1,0,0,
25.0,0,25,1.1,0.9,1.0,1.1,1.9,2.1,0,0,1,0,1,0
26.0,1,7,1.2,4.1,1.0,1.2,5.3,2.1,0,0,1,0,0,
27.0,1,7,1.2,4.0,1.2,1.2,5.2,2.3,0,0,0,0,0,
28.0,1,7,1.2,3.9,1.2,1.2,5.0,2.3,0,1,0,0,0,
29.0,1,7,0.4,4.9,1.2,1.2,5.3,2.3,1,1,0,0,0,
30.0,1,7,1.4,1.4,1.2,1.2,2.7,2.3,1,1,0,0,1,0
31.0,0,25,1.6,2.8,1.1,1.1,4.4,2.2,1,1,0,0,0,
32.0,0,25,1.1,1.2,1.1,1.1,2.4,2.2,1,1,0,0,0,
33.0,0,25,1.1,1.0,1.1,1.1,2.1,2.2,1,1,0,0,0,
34.0,0,25,0.0,0.0,1.1,1.1,0.0,2.2,1,1,0,0,0,
35.0,0,25,0.0,0.0,1.1,1.1,0.0,2.2,1,1,0,0,1,4
36.0,4,25,0.0,0.0,1.1,1.1,0.0,2.2,1,1,0,0,0,
37.0,4,25,0.0,0.0,1.1,1.1,0.0,2.2,1,1,0,0,0,
38.0,4,25,0.0,0.0,1.1,1.1,0.0,2.2,1,1,0,0,0,
39.0,4,25,0.0,0.0,1.1,1.1,0.0,2.2,1,1,0,0,0,
40.0,4,25,0.0,0.0,1.1,1.1,0.0,2.2,1,1,0,0,1,4
41.0,4,25,0.0,0.0,1.1,1.1,0.0,2.2,1,1,0,0,0,
42.0,4,25,0.0,0.0,1.1,1.1,0.0,2.2,1,1,0,0,0,
43.0,4,25,0.0,1.2,1.1,1.1,1.2,2.2,1,1,0,0,0,
44.0,4,25,0.0,1.2,1.1,1.1,1.2,2.2,1,1,0,0,0,
45.0,4,25,1.2,1.0,1.1,1.1,2.2,2.2,1,1,0,0,1,4
46.0,4,25,1.1,1.0,1.1,1.1,2.1,2.2,1,1,0,0,0,
47.0,4,25,0.6,1.1,1.1,1.1,1.6,2.2,1,1,0,0,0,
48.0,4,25,1.1,1.1,1.1,1.1,2.1,2.2,1,1,0,0,0,
49.0,4,25,1.1,2.4,1.1,1.1,3.5,2.2,1,1,0,0,0,
50.0,4,25,0.9,1.6,1.1,1.1,2.6,2.2,1,1,0,0,1,0
51.0,0,25,1.2,0.8,1.1,1.1,2.0,2.2,1,1,0,0,0,
52.0,0,25,9.1,8.5,1.1,6.7,17.6,7.8,1,1,0,0,0,
53.0,0,25,7.2,7.6,6.7,6.7,14.9,13.3,1,1,0,0,0,
54.0,0,25,6.9,9.6,5.8,6.7,16.5,12.4,1,1,1,0,0,
55.0,0,25,5.8,9.7,6.9,4.9,15.4,11.8,1,1,1,0,1,0
56.0,0,25,6.2,7.7,6.4,4.9,13.9,11.4,1,2,1,0,0,
57.0,0,25,6.8,9.6,5.2,4.6,16.4,9.8,1,2,1,0,0,
58.0,0,25,6.2,8.8,5.0,4.8,15.0,9.8,1,2,1,0,0,
59.0,0,25,6.0,7.9,2.2,4.7,13.9,7.0,1,2,1,0,0,
60.0,0,25,6.0,7.0,2.1,4.8,13.0,6.9,1,2,1,0,1,0
61.0,0,25,6.0,6.4,4.8,4.8,12.4,9.6,1,2,0,0,0,
62.0,0,25,6.0,6.7,4.8,4.8,12.8,9.6,1,2,0,0,0,
63.0,0,25,6.0,7.3,4.8,4.8,13.3,9.6,1,2,0,0,0,
64.0,0,25,6.0,8.6,4.8,4.8,14.6,9.6,1,2,0,0,0,
65.0,0,25,6.0,8.6,4.8,4.8,14.6,9.6,1,2,0,0,1,0
66.0,0,25,6.0,8.7,4.8,4.8,14.7,9.6,1,2,0,0,0,
67.0,0,25,6.0,8.3,4.8,4.8,14.3,9.6,1,2,0,0,0,
68.0,0,25,6.0,8.2,4.8,4.8,14.2,9.6,1,2,0,0,0,
69.0,0,25,6.0,8.2,4.8,4.8,14.2,9.6,1,2,0,0,0,
70.0,0,25,6.0,8.5,4.8,4.8,14.5,9.6,1,2,0,0,1,0
71.0,0,25,6.0,8.5,4.8,4.8,14.5,9.6,1,2,0,0,0,
72.0,0,25,6.0,8.5,4.8,4.8,14.5,9.6,1,2,0,0,0,
73.0,0,25,6.2,8.5,4.8,4.8,14.7,9.6,1,2,0,0,0,
74.0,0,25,6.2,8.5,4.8,4.8,14.7,9.6,1,2,0,0,0,
75.0,0,25,6.2,8.0,4.8,4.8,14.2,9.6,1,2,0,0,1,0
76.0,1,7,6.0,8.7,4.3,4.3,14.7,8.7,1,2,0,0,0,
77.0,1,7,6.0,8.7,4.3,4.3,14.7,8.7,1,2,0,0,0,
78.0,1,7,6.0,8.7,4.3,4.3,14.7,8.7,1,2,0,0,0,
79.0,1,7,6.0,15.7,4.3,10.9,21.7,15.2,1,2,0,0,0,
80.0,1,7,12.5,14.6,12.1,10.9,27.1,23.0,1,2,0,0,1,0
81.0,0,25,12.8,14.7,12.6,9.8,27.5,22.4,1,1,0,1,0,
82.0,0,25,12.8,15.6,12.6,11.6,28.4,24.1,1,1,0,1,0,
83.0,0,25,12.8,9.7,12.6,11.8,22.4,24.4,1,2,0,1,0,
84.0,0,25,12.8,13.5,12.6,12.1,26.3,24.7,1,2,0,1,0,
85.0,0,25,12.8,14.2,12.3,11.9,26.9,24.2,1,2,0,1,1,0
86.0,0,25,12.8,14.3,12.4,8.7,27.1,21.1,1,2,0,1,0,
87.0,0,25,12.6,14.3,12.4,8.5,26.9,20.9,1,2,0,1,0,
88.0,0,25,12.6,14.5,12.4,8.5,27.1,20.9,1,2,0,1,0,
89.0,0,25,12.6,14.3,12.4,8.5,26.9,20.9,1,2,0,1,0,
90.0,0,25,12.6,14.3,12.4,8.7,27.0,21.1,1,2,0,1,1,0
91.0,0,25,12.6,14.3,12.4,8.5,27.0,20.9,1,2,0,1,0,
92.0,0,25,12.6,15.1,12.4,8.7,27.7,21.1,1,2,0,1,0,
93.0,0,25,12.6,14.8,12.4,8.1,27.4,20.6,1,2,0,1,0,
94.0,0,25,12.6,12.6,12.4,8.1,25.2,20.6,1,2,0,1,0,
95.0,0,25,12.8,14.8,12.4,9.5,27.6,22.0,1,2,0,1,1,0
96.0,0,25,12.8,14.8,12.4,9.3,27.6,21.8,1,2,0,1,0,
97.0,0,25,12.8,14.7,12.4,11.4,27.4,23.9,1,2,0,1,0,
98.0,0,25,12.8,14.7,12.4,11.3,27.4,23.8,1,2,0,1,0,
99.0,0,25,12.8,14.7,12.4,11.3,27.4,23.8,1,2,0,1,0,
100.0,0,25,12.8,14.7,12.6,11.3,27.4,23.9,1,2,0,1,1,0
101.0,0,25,12.8,14.8,12.6,11.2,27.6,23.9,1,1,0,1,0,
102.0,0,25,12.8,14.8,12.6,11.1,27.6,23.7,1,1,0,1,0,
103.0,0,25,12.8,14.8,12.6,11.2,27.6,23.8,1,1,0,0,0,
104.0,0,25,12.8,14.8,12.6,11.2,27.6,23.8,1,1,0,0,0,
105.0,0,25,16.9,14.8,12.6,11.2,31.8,23.8,1,1,0,0,1,0
106.0,1,7,16.7,15.5,12.2,10.8,32.2,22.9,1,1,0,0,0,
107.0,1,7,16.7,20.0,18.8,7.6,36.7,26.4,1,1,0,1,0,
108.0,1,7,16.7,20.0,18.8,14.2,36.7,33.0,1,1,0,1,0,
109.0,1,7,16.7,20.0,18.8,14.2,36.7,33.0,1,1,0,1,0,
110.0,1,7,16.4,20.0,18.8,13.9,36.5,32.8,1,1,0,1,1,0
111.0,0,25,16.8,20.2,17.8,13.9,37.0,31.8,1,1,1,1,0,
112.0,0,25,16.7,20.2,19.4,11.6,36.9,31.1,1,1,1,1,0,
113.0,0,25,16.8,20.0,19.7,10.9,36.8,30.6,1,1,1,1,0,
114.0,0,25,19.4,22.2,19.5,10.9,41.6,30.4,1,1,1,1,0,
115.0,0,25,19.4,22.2,19.5,10.9,41.6,30.4,1,1,1,1,1,0
116.0,0,25,19.4,22.2,16.5,11.1,41.6,27.6,1,1,1,1,0,
117.0,0,25,19.4,22.2,16.4,10.8,41.6,27.2,1,1,1,1,0,
118.0,0,25,19.4,22.2,16.4,11.8,41.6,28.2,1,1,1,1,0,
119.0,0,25,19.6,22.3,16.4,10.5,41.8,26.9,1,1,1,1,0,
120.0,0,25,19.3,22.1,16.6,10.5,41.4,27.1,1,1,1,1,1,0
121.0,0,25,19.4,22.0,17.6,11.9,41.4,29.5,1,1,1,1,0,
122.0,0,25,19.4,22.1,18.6,11.6,41.5,30.2,1,1,1,1,0,
123.0,0,25,19.4,22.1,17.3,13.6,41.5,31.0,1,1,1,1,0,
124.0,0,25,19.4,22.1,17.5,13.9,41.5,31.5,1,1,1,1,0,
125.0,0,25,19.4,21.4,17.8,13.8,40.8,31.6,1,2,1,1,1,0
126.0,0,25,19.4,21.4,17.4,13.8,40.8,31.2,1,2,1,1,0,
127.0,0,25,19.4,21.4,19.5,13.7,40.8,33.2,1,2,1,1,0,
128.0,0,25,19.4,21.4,19.5,13.6,40.8,33.0,1,2,1,1,0,
129.0,0,25,19.4,35.9,18.7,13.8,55.2,32.5,1,2,1,0,0,
130.0,0,25,19.4,34.6,19.2,13.8,54.0,33.0,1,2,1,0,1,0
131.0,0,25,24.4,34.6,19.2,13.8,59.0,33.0,1,2,1,0,0,
132.0,0,25,24.4,34.6,19.0,13.8,59.0,32.7,1,2,1,0,0,
133.0,0,25,24.4,34.6,21.3,13.6,59.0,34.9,1,2,1,0,0,
134.0,0,25,24.4,34.0,26.3,21.5,58.4,47.8,1,1,0,1,0,
135.0,0,25,31.4,33.9,26.3,19.6,65.3,45.9,1,1,0,1,1,0
136.0,1,7,31.0,33.9,26.2,20.0,64.9,46.2,1,1,0,1,0,
137.0,1,7,31.0,34.0,26.2,19.6,65.0,45.8,1,1,0,1,0,
138.0,1,7,29.2,34.0,23.4,19.6,63.2,43.0,1,1,1,1,0,
139.0,1,7,29.2,34.5,26.9,16.9,63.7,43.9,1,1,1,1,0,
140.0,1,7,29.1,34.5,27.0,16.1,63.6,43.1,1,1,1,1,1,0
141.0,0,25,29.1,34.5,24.6,16.4,63.6,41.0,1,1,1,1,0,
142.0,0,25,29.1,34.5,26.4,16.4,63.6,42.8,1,1,1,1,0,
143.0,0,25,29.1,34.5,22.0,16.4,63.6,38.4,1,1,1,1,0,
144.0,0,25,29.1,34.5,22.6,16.6,63.6,39.2,1,1,1,1,0,
145.0,0,25,29.1,34.5,22.8,16.6,63.6,39.4,1,1,1,1,1,0
146.0,0,25,29.1,34.5,22.8,16.4,63.6,39.1,1,1,1,1,0,
147.0,0,25,29.1,34.5,24.2,13.8,63.6,38.1,1,1,1,1,0,
148.0,0,25,29.1,34.5,24.2,16.0,63.6,40.3,1,1,1,1,0,
149.0,0,25,29.1,34.5,24.4,16.0,63.6,40.5,1,1,1,1,0,
150.0,0,25,29.1,34.5,24.4,16.0,63.6,40.5,1,1,1,1,1,0
151.0,0,25,29.1,34.5,25.4,14.7,63.6,40.1,1,1,1,1,0,
152.0,0,25,29.1,34.5,24.6,17.8,63.6,42.4,1,1,1,1,0,
153.0,0,25,29.1,34.5,24.1,17.4,63.6,41.5,1,1,1,1,0,
154.0,0,25,29.1,34.5,24.1,19.3,63.6,43.4,1,1,1,1,0,
155.0,0,25,29.1,34.5,20.6,19.3,63.6,39.9,1,1,1,1,1,0
156.0,0,25,29.1,39.4,24.1,19.1,68.5,43.3,1,1,1,1,0,
157.0,0,25,29.1,39.4,23.8,19.2,68.5,43.0,1,1,1,1,0,
158.0,0,25,31.0,38.7,25.9,19.1,69.7,45.0,1,2,1,1,0,
159.0,0,25,31.0,38.7,25.9,19.2,69.7,45.1,1,2,1,1,0,
160.0,0,25,31.0,38.7,25.7,18.8,69.7,44.5,1,2,1,1,1,0
161.0,0,25,31.0,38.2,25.3,19.5,69.2,44.8,1,2,1,0,0,
162.0,0,25,31.0,38.2,25.6,23.2,69.2,48.8,1,2,1,0,0,
163.0,0,25,31.2,39.3,25.6,23.2,70.5,48.8,1,2,1,0,0,
164.0,0,25,31.0,39.3,25.6,23.0,70.3,48.6,1,2,1,0,0,
165.0,0,25,31.0,39.3,27.1,23.0,70.3,50.1,1,2,2,0,1,0
166.0,1,7,30.8,39.3,17.6,23.0,70.1,40.6,1,2,2,0,0,
167.0,1,7,30.8,39.3,26.0,22.6,70.1,48.6,1,2,1,0,0,
168.0,1,7,30.8,39.3,29.2,22.7,70.1,51.9,1,2,1,0,0,
169.0,1,7,30.8,39.3,29.1,22.7,70.1,51.8,1,2,1,0,0,
170.0,1,7,38.7,39.3,26.1,22.7,78.0,48.8,1,2,1,0,1,0
171.0,0,25,37.2,39.3,27.0,22.9,76.5,49.9,1,2,1,0,0,
172.0,0,25,37.2,39.3,26.5,22.9,76.5,49.5,1,2,1,0,0,
173.0,0,25,37.2,39.3,28.6,22.9,76.5,51.5,1,2,1,0,0,
174.0,0,25,37.2,39.3,29.1,22.9,76.5,52.0,1,2,1,0,0,
175.0,0,25,37.3,39.3,27.4,22.9,76.6,50.4,1,2,1,0,1,0
176.0,0,25,37.3,39.3,27.4,22.9,76.6,50.3,1,2,1,0,0,
177.0,0,25,37.3,39.3,27.4,22.9,76.6,50.3,1,2,1,0,0,
178.0,0,25,37.1,39.3,27.3,23.1,76.4,50.4,1,2,1,0,0,
179.0,0,25,37.1,39.3,27.1,23.1,76.4,50.2,1,2,1,0,0,
180.0,0,25,37.1,39.3,29.0,23.1,76.3,52.2,1,2,1,0,1,0
181.0,0,25,37.1,39.3,29.1,23.1,76.4,52.2,1,2,1,0,0,
182.0,0,25,37.1,42.6,29.1,23.1,79.7,52.2,1,2,1,0,0,
183.0,0,25,37.1,42.6,29.1,23.1,79.7,52.2,1,2,1,0,0,
184.0,0,25,37.1,42.6,29.1,23.1,79.7,52.3,1,2,1,0,0,
185.0,0,25,37.1,42.6,28.7,23.1,79.7,51.8,1,2,1,0,1,0
186.0,0,25,49.6,42.6,22.9,23.1,92.2,46.1,1,2,1,0,0,
187.0,0,25,49.6,42.4,29.8,33.1,92.0,63.0,1,2,0,1,0,
188.0,0,25,49.6,45.6,29.8,31.0,95.2,60.9,1,3,0,1,0,
189.0,0,25,49.6,45.6,29.8,31.1,95.2,60.9,1,3,0,1,0,
190.0,0,25,49.6,45.6,29.8,31.4,95.2,61.3,1,3,0,1,1,0
191.0,0,25,49.4,45.6,29.8,31.4,95.0,61.3,1,3,0,1,0,
192.0,0,25,49.4,42.4,30.1,33.7,91.8,63.8,1,2,1,1,0,
193.0,0,25,49.2,42.3,30.2,32.3,91.6,62.5,1,2,1,1,0,
194.0,0,25,49.2,42.3,30.4,31.7,91.5,62.1,1,2,1,1,0,
195.0,0,25,49.2,42.3,30.2,31.7,91.6,62.0,1,2,1,1,1,0
196.0,1,7,49.2,42.4,29.9,31.6,91.5,61.4,1,2,1,1,0,
197.0,1,7,49.2,45.6,40.0,31.6,94.8,71.5,1,3,1,1,0,
198.0,1,7,49.2,45.6,38.8,31.6,94.8,70.4,1,3,1,1,0,
199.0,1,7,49.2,45.6,38.4,31.6,94.8,69.9,1,3,1,1,0,
200.0,1,7,49.1,45.6,39.6,31.4,94.7,71.0,1,3,1,1,1,0
201.0,0,25,49.3,45.6,39.8,31.8,94.9,71.6,1,3,1,1,0,
202.0,0,25,49.3,45.6,40.9,31.8,94.9,72.6,1,3,1,1,0,
203.0,0,25,49.2,45.6,40.9,31.8,94.9,72.6,1,3,1,1,0,
204.0,0,25,49.2,45.6,40.9,31.8,94.9,72.7,1,3,1,1,0,
205.0,0,25,57.1,53.5,37.3,31.8,110.6,69.0,1,3,1,1,1,0
206.0,0,25,57.1,53.5,39.4,31.8,110.6,71.1,1,3,1,1,0,
207.0,0,25,57.1,53.5,39.4,31.8,110.6,71.1,1,3,1,1,0,
208.0,0,25,57.1,53.5,39.4,31.8,110.6,71.1,1,3,1,1,0,
209.0,0,25,57.1,53.5,39.5,31.8,110.6,71.2,1,3,1,1,0,
210.0,0,25,57.1,53.5,39.7,31.5,110.6,71.3,1,3,1,2,1,0
211.0,0,25,57.0,53.5,39.3,31.5,110.6,70.8,1,3,1,2,0,
212.0,0,25,57.0,53.5,40.7,31.5,110.6,72.2,1,3,1,2,0,
213.0,0,25,64.4,53.5,40.8,32.7,117.9,73.5,1,3,1,3,0,
214.0,0,25,64.4,56.4,54.9,36.8,120.8,91.6,1,3,1,2,0,
215.0,0,25,64.4,56.4,54.9,36.8,120.8,91.6,1,3,1,2,1,0
216.0,0,25,64.4,59.2,54.9,36.8,123.6,91.6,1,3,1,2,0,
217.0,0,25,59.7,59.2,54.9,36.8,118.9,91.6,1,3,1,2,0,
218.0,0,25,60.9,59.2,54.9,36.7,120.1,91.6,1,3,1,2,0,
219.0,0,25,60.9,59.2,53.9,36.5,120.1,90.5,1,3,1,2,0,
220.0,0,25,59.5,59.2,53.3,31.8,118.7,85.0,1,3,1,3,1,0
221.0,0,25,59.5,59.9,55.7,35.4,119.4,91.1,1,3,0,3,0,
222.0,0,25,59.5,60.2,55.7,36.7,119.7,92.4,1,3,0,3,0,
223.0,0,25,59.5,60.2,55.7,35.4,119.7,91.1,1,3,0,3,0,
224.0,0,25,59.5,59.1,55.7,36.6,118.6,92.3,1,3,0,3,0,
225.0,0,25,59.5,59.1,55.7,35.3,118.6,90.9,1,3,0,3,1,0
226.0,1,7,59.5,60.0,55.6,34.0,119.4,89.6,1,3,0,3,0,
227.0,1,7,59.5,59.9,55.5,34.4,119.4,89.9,1,3,0,3,0,
228.0,1,7,59.5,59.9,55.5,34.7,119.4,90.2,1,3,0,3,0,
229.0,1,7,59.5,59.9,55.5,33.9,119.4,89.4,1,3,0,3,0,
230.0,1,7,59.5,59.9,55.5,34.4,119.4,89.9,1,3,0,3,1,0
231.0,0,25,59.5,63.2,55.7,35.1,122.7,90.8,1,3,0,3,0,
232.0,0,25,59.5,63.2,55.7,35.2,122.7,90.9,1,3,0,3,0,
233.0,0,25,63.0,62.9,55.7,35.0,125.9,90.7,1,3,0,3,0,
234.0,0,25,63.6,77.3,55.7,34.9,140.9,90.7,1,3,0,3,0,
235.0,0,25,63.6,77.3,55.7,35.6,140.9,91.3,1,3,0,3,1,0
236.0,0,25,63.6,77.3,55.7,35.6,140.9,91.3,1,3,0,3,0,
237.0,0,25,64.3,77.0,55.7,35.6,141.4,91.3,1,3,0,3,0,
238.0,0,25,64.3,77.0,55.7,35.9,141.3,91.6,1,3,0,3,0,
239.0,0,25,64.3,78.5,55.7,36.1,142.8,91.9,1,3,0,3,0,
240.0,0,25,64.3,64.5,55.7,36.6,128.8,92.3,1,3,0,3,1,0
241.0,0,25,69.2,67.5,62.6,35.8,136.7,98.4,1,3,0,3,0,
242.0,0,25,69.5,68.9,62.6,40.6,138.4,103.3,1,3,0,3,0,
243.0,0,25,69.5,68.5,62.0,39.3,138.0,101.4,1,3,0,3,0,
244.0,0,25,69.5,68.5,62.0,38.9,138.0,100.9,1,3,0,3,0,
245.0,0,25,69.5,67.0,62.0,38.5,136.4,100.5,1,3,0,3,1,0
246.0,0,25,68.5,69.1,61.7,39.0,137.6,100.7,1,3,0,3,0,
247.0,0,25,69.1,69.9,61.9,39.5,139.0,101.4,1,4,0,3,0,
248.0,0,25,69.1,71.5,61.9,39.5,140.5,101.4,1,4,0,3,0,
249.0,0,25,69.1,73.2,61.9,38.8,142.3,100.7,1,4,0,3,0,
250.0,0,25,69.1,69.2,61.9,39.2,138.2,101.1,1,4,0,3,1,0
251.0,0,25,69.1,72.0,61.9,38.6,141.0,100.5,1,4,0,3,0,
252.0,0,25,69.1,66.1,61.9,38.1,135.2,100.0,1,4,0,3,0,
253.0,0,25,69.1,66.1,61.9,37.7,135.2,99.6,1,4,0,4,0,
254.0,0,25,68.4,69.6,61.9,37.7,138.0,99.6,1,4,0,4,0,
255.0,0,25,69.1,66.3,61.9,37.7,135.4,99.6,1,4,0,4,1,0
256.0,1,7,65.8,64.1,61.7,38.1,129.8,99.8,1,4,0,4,0,
257.0,1,7,65.3,65.4,61.7,38.1,130.8,99.8,1,4,0,4,0,
258.0,1,7,65.3,67.0,61.4,38.3,132.3,99.7,1,4,0,4,0,
259.0,1,7,64.0,66.3,61.4,38.5,130.4,100.0,1,4,0,4,0,
260.0,1,7,64.0,68.9,61.7,38.9,132.9,100.6,1,4,0,4,1,0
261.0,0,25,69.0,70.9,61.9,38.6,139.9,100.5,1,4,0,4,0,
262.0,0,25,67.4,75.7,61.9,38.2,143.1,100.1,1,4,0,3,0,
263.0,0,25,69.2,76.9,61.9,39.3,146.2,101.2,1,4,0,3,0,
264.0,0,25,69.2,77.8,61.9,39.3,147.0,101.2,1,4,0,3,0,
265.0,0,25,69.2,81.3,61.9,39.3,150.5,101.2,1,4,0,3,1,0
266.0,0,25,68.7,81.3,61.9,39.5,149.9,101.4,1,4,0,3,0,
267.0,0,25,69.3,83.6,61.9,38.7,152.8,100.6,1,4,0,3,0,
268.0,0,25,68.7,81.9,61.9,40.6,150.5,102.5,1,4,0,3,0,
269.0,0,25,68.7,82.3,68.0,39.3,150.9,107.3,1,4,0,3,0,
270.0,0,25,72.4,82.3,68.0,42.2,154.7,110.2,1,4,0,3,1,0
271.0,0,25,72.4,82.3,68.0,41.5,154.7,109.5,1,4,0,3,0,
272.0,0,25,72.4,82.3,68.0,41.3,154.7,109.3,1,4,0,3,0,
273.0,0,25,72.4,82.3,68.0,41.8,154.7,109.9,1,4,0,3,0,
274.0,0,25,72.4,77.5,66.2,42.6,149.9,108.8,1,5,1,2,0,
275.0,0,25,74.8,78.0,66.7,41.3,152.8,108.0,1,5,1,2,1,0
276.0,0,25,74.8,78.8,68.8,41.9,153.6,110.8,1,5,1,2,0,
277.0,0,25,73.4,78.6,67.5,42.1,152.0,109.6,1,5,1,2,0,
278.0,0,25,73.4,79.3,67.9,40.1,152.7,108.0,1,5,1,2,0,
279.0,0,25,74.8,79.9,63.5,43.0,154.6,106.4,1,5,1,2,0,
280.0,0,25,74.8,81.0,63.5,43.0,155.7,106.4,1,5,1,2,1,0
281.0,0,25,74.8,81.6,63.5,43.0,156.4,106.4,1,5,1,2,0,
282.0,0,25,74.8,75.5,63.7,42.4,150.2,106.1,1,5,1,3,0,
283.0,0,25,74.8,76.2,63.4,42.4,151.0,105.8,1,5,1,3,0,
284.0,0,25,74.2,77.9,64.9,42.4,152.1,107.3,1,5,1,3,0,
285.0,0,25,74.2,77.8,63.6,43.3,152.0,106.8,1,5,1,3,1,0
286.0,1,7,70.2,75.0,62.7,43.7,145.2,106.3,1,5,1,3,0,
287.0,1,7,74.5,83.7,63.2,41.8,158.2,105.0,1,5,1,2,0,
288.0,1,7,76.7,82.2,63.0,41.7,158.9,104.8,1,5,1,2,0,
289.0,1,7,77.3,78.4,64.2,42.4,155.8,106.6,1,5,1,2,0,
290.0,1,7,76.7,76.1,66.3,42.5,152.8,108.8,1,5,1,2,1,0
291.0,0,25,77.5,80.7,66.4,42.9,158.2,109.3,1,5,1,2,0,
292.0,0,25,78.6,81.3,67.5,43.0,159.9,110.5,1,5,1,2,0,
293.0,0,25,78.6,81.0,67.5,43.0,159.7,110.5,1,5,1,2,0,
294.0,0,25,79.7,83.9,74.5,43.0,163.7,117.4,1,5,1,2,0,
295.0,0,25,86.7,83.9,74.9,49.3,170.6,124.2,1,5,1,2,1,0
296.0,0,25,88.3,83.9,75.1,49.3,172.2,124.4,1,5,1,2,0,
297.0,0,25,88.3,84.2,75.6,49.3,172.5,124.9,1,5,1,2,0,
298.0,0,25,88.3,81.9,75.6,49.3,170.2,124.9,1,5,1,2,0,
299.0,0,25,88.3,81.9,74.6,49.3,170.2,123.9,1,5,1,2,0,
300.0,0,25,88.7,80.1,75.5,48.7,168.8,124.2,1,5,1,2,1,0
301.0,0,25,89.4,80.9,74.9,49.1,170.3,124.0,1,5,1,2,0,
302.0,0,25,88.0,81.0,74.9,49.0,169.0,123.8,1,5,1,3,0,
303.0,0,25,88.0,88.1,74.9,49.0,176.1,123.8,1,5,1,3,0,
304.0,0,25,88.0,89.4,74.9,49.0,177.4,123.8,1,5,1,3,0,
305.0,0,25,88.0,93.5,74.9,49.0,181.5,123.8,1,5,1,3,1,0
306.0,0,25,88.0,93.4,74.9,49.0,181.4,123.8,1,5,1,3,0,
307.0,0,25,87.6,96.5,74.9,49.0,184.1,123.8,1,5,1,3,0,
308.0,0,25,87.6,136.7,74.9,49.0,224.3,123.8,1,6,1,3,0,
309.0,0,25,87.6,137.1,74.9,49.0,224.7,123.8,1,6,1,3,0,
310.0,0,25,87.6,137.1,74.9,49.0,224.7,123.8,1,6,1,3,1,0
311.0,0,25,87.6,136.7,74.9,49.0,224.3,123.8,1,6,1,3,0,
312.0,0,25,88.0,135.9,74.9,49.0,223.9,123.8,1,6,1,3,0,
313.0,0,25,88.0,135.9,74.9,49.0,223.9,123.8,1,6,1,3,0,
314.0,0,25,88.0,135.9,74.9,49.0,223.9,123.8,1,6,1,3,0,
315.0,0,25,88.0,136.3,74.9,49.0,224.4,123.8,1,6,1,3,1,0
316.0,1,7,85.5,133.9,74.3,48.8,219.4,123.1,1,6,1,3,0,
317.0,1,7,86.3,137.6,74.3,48.8,223.9,123.1,1,6,1,3,0,
318.0,1,7,86.3,136.9,74.3,48.8,223.2,123.1,1,6,1,3,0,
319.0,1,7,86.3,136.9,74.3,48.8,223.2,123.1,1,6,1,3,0,
320.0,1,7,89.2,140.7,74.1,48.8,229.9,122.9,1,6,1,3,1,0
321.0,0,25,90.9,142.6,74.9,49.0,233.5,123.8,1,6,1,3,0,
322.0,0,25,90.9,142.6,74.9,49.0,233.5,123.8,1,6,1,3,0,
323.0,0,25,91.3,142.6,74.9,49.0,233.9,123.8,1,6,1,3,0,
324.0,0,25,96.4,142.6,78.6,56.5,239.0,135.1,1,6,1,3,0,
325.0,0,25,96.4,141.1,78.6,56.5,237.5,135.1,1,6,1,3,1,0
326.0,0,25,96.4,142.3,78.6,56.5,238.7,135.1,1,6,1,3,0,
327.0,0,25,96.4,142.4,78.6,56.5,238.8,135.1,1,6,1,3,0,
328.0,0,25,96.4,142.8,78.6,56.5,239.2,135.1,1,6,1,3,0,
329.0,0,25,97.8,142.8,77.6,55.9,240.6,133.5,1,6,2,3,0,
330.0,0,25,97.8,142.8,77.5,56.2,240.6,133.7,1,6,2,3,1,0
331.0,0,25,96.4,142.8,77.5,56.2,239.2,133.7,1,6,2,3,0,
332.0,0,25,96.4,142.3,77.5,56.2,238.8,133.7,1,6,2,3,0,
333.0,0,25,96.4,142.3,77.5,56.4,238.8,133.9,1,6,2,3,0,
334.0,0,25,96.4,142.3,78.5,56.4,238.8,134.8,1,6,2,3,0,
335.0,0,25,96.4,142.3,78.5,56.4,238.8,134.8,1,6,2,3,1,0
336.0,0,25,96.4,142.8,78.5,56.4,239.2,134.8,1,6,2,3,0,
337.0,0,25,96.9,142.8,78.5,56.4,239.7,134.8,1,6,2,3,0,
338.0,0,25,96.9,142.8,78.5,56.4,239.7,134.8,1,6,2,3,0,
339.0,0,25,96.9,162.5,78.5,56.4,259.4,134.8,1,6,2,3,0,
340.0,0,25,96.9,162.5,78.5,56.4,259.4,134.8,1,6,2,3,1,0
341.0,0,25,97.4,162.5,78.5,56.4,259.9,134.8,1,6,2,3,0,
342.0,0,25,97.4,162.7,78.5,56.4,260.1,134.8,1,6,2,3,0,
343.0,0,25,96.9,162.1,78.5,56.4,259.0,134.8,1,6,2,3,0,
344.0,0,25,97.0,162.4,78.5,56.4,259.4,134.8,1,6,2,3,0,
345.0,0,25,97.0,166.5,78.5,56.4,263.6,134.8,1,6,2,3,1,0
346.0,1,7,95.5,180.9,77.9,56.2,276.4,134.0,1,7,1,3,0,
347.0,1,7,98.5,174.7,77.6,56.2,273.2,133.8,1,7,1,3,0,
348.0,1,7,96.8,166.1,77.6,56.2,262.9,133.8,1,7,1,3,0,
349.0,1,7,96.8,173.8,77.6,56.2,270.6,133.8,1,7,1,3,0,
350.0,1,7,101.2,178.8,84.9,56.2,279.9,141.0,1,7,1,3,1,0
351.0,0,25,103.1,257.6,85.7,56.4,360.7,142.1,1,7,1,3,0,
352.0,0,25,103.1,262.3,85.7,56.4,365.4,142.1,1,7,1,3,0,
353.0,0,25,103.1,243.8,85.7,56.4,346.9,142.1,1,7,1,3,0,
354.0,0,25,103.1,243.5,85.7,56.4,346.6,142.1,1,7,1,3,0,
355.0,0,25,103.7,242.7,86.4,56.4,346.4,142.7,1,7,1,3,1,0
356.0,0,25,104.5,240.9,79.6,56.4,345.4,136.0,1,7,2,3,0,
357.0,0,25,104.5,242.2,82.0,56.4,346.7,138.3,1,7,2,3,0,
358.0,0,25,103.1,239.4,86.2,56.4,342.5,142.5,1,7,2,3,0,
359.0,0,25,104.8,188.2,83.6,56.4,293.1,140.0,1,7,2,3,0,
360.0,0,25,104.8,183.7,83.2,60.7,288.5,143.9,1,7,2,3,1,0
361.0,0,25,104.8,181.9,78.6,60.7,286.8,139.3,1,7,2,3,0,
362.0,0,25,104.8,175.7,78.5,60.7,280.6,139.2,1,7,2,3,0,
363.0,0,25,105.3,163.6,78.5,60.7,268.9,139.2,1,7,2,3,0,
364.0,0,25,105.3,168.9,79.0,60.7,274.2,139.7,1,7,2,3,0,
365.0,0,25,105.3,168.9,79.0,60.1,274.2,139.0,1,7,2,3,1,0
366.0,0,25,119.6,171.7,78.9,60.4,291.3,139.3,1,7,2,3,0,
367.0,0,25,119.6,171.1,84.2,60.4,290.7,144.5,1,7,2,3,0,
368.0,0,25,119.6,171.8,85.0,60.5,291.4,145.5,1,7,2,3,0,
369.0,0,25,122.1,171.8,84.5,60.6,293.9,145.0,1,7,2,3,0,
370.0,0,25,122.1,170.9,83.3,60.6,293.0,143.8,1,7,2,3,1,0
371.0,0,25,122.8,166.3,84.5,60.6,289.1,145.0,1,7,2,3,0,
372.0,0,25,123.8,170.0,84.5,60.6,293.9,145.0,1,7,2,3,0,
373.0,0,25,122.4,169.4,85.2,60.6,291.8,145.7,1,7,2,3,0,
374.0,0,25,122.5,170.1,84.3,60.6,292.6,144.9,1,7,2,3,0,
375.0,0,25,122.5,168.0,86.2,60.6,290.5,146.8,1,7,2,3,1,0
376.0,1,7,118.5,170.4,93.4,60.4,288.8,153.7,1,7,2,3,0,
377.0,1,7,118.5,168.5,91.6,74.3,286.9,165.9,1,7,2,3,0,
378.0,1,7,118.9,171.4,88.1,74.3,290.4,162.3,1,7,2,3,0,
379.0,1,7,118.9,170.7,94.3,74.3,289.6,168.7,1,7,1,3,0,
380.0,1,7,118.9,170.7,94.3,74.5,289.6,168.8,1,7,1,3,1,0
381.0,0,25,122.9,172.8,95.9,74.8,295.8,170.7,1,7,1,3,0,
382.0,0,25,122.9,172.8,95.9,74.6,295.8,170.4,1,7,1,3,0,
383.0,0,25,122.9,172.2,105.7,74.6,295.2,180.2,1,7,2,3,0,
384.0,0,25,122.9,173.0,106.8,74.6,295.9,181.3,1,7,2,3,0,
385.0,0,25,122.9,172.2,108.8,74.7,295.2,183.5,1,7,2,3,1,0
386.0,0,25,122.9,172.2,106.2,74.8,295.2,181.0,1,7,2,3,0,
387.0,0,25,122.9,172.2,105.8,74.8,295.2,180.6,1,7,2,3,0,
388.0,0,25,122.9,172.2,95.5,74.8,295.2,170.2,1,7,1,3,0,
389.0,0,25,122.9,172.2,95.5,74.8,295.2,170.2,1,7,1,3,0,
390.0,0,25,122.5,172.2,95.2,74.8,294.7,170.0,1,7,1,3,1,0
391.0,0,25,122.5,172.2,95.2,74.8,294.7,170.0,1,7,1,3,0,
392.0,0,25,122.5,172.2,95.2,74.8,294.7,170.0,1,7,1,3,0,
393.0,0,25,122.9,177.6,95.9,74.8,300.5,170.7,1,7,1,3,0,
394.0,0,25,122.9,177.6,95.9,74.8,300.5,170.7,1,7,1,3,0,
395.0,0,25,122.9,177.6,95.9,74.8,300.5,170.7,1,7,1,3,1,0
396.0,0,25,122.9,177.6,95.9,74.8,300.5,170.7,1,7,1,3,0,
397.0,0,25,122.5,177.6,95.9,74.8,300.1,170.7,1,7,1,3,0,
398.0,0,25,122.5,181.4,95.9,74.8,303.9,170.7,1,7,1,3,0,
399.0,0,25,124.0,181.4,95.9,71.2,305.4,167.1,1,7,1,4,0,
400.0,0,25,124.0,181.6,96.8,71.0,305.5,167.8,1,7,1,4,1,0
401.0,0,25,124.0,181.9,95.9,73.8,305.9,169.8,1,7,1,4,0,
402.0,0,25,124.0,181.9,95.9,72.3,305.9,168.3,1,7,1,4,0,
403.0,0,25,130.0,181.9,95.9,74.2,311.9,170.1,1,7,1,4,0,
404.0,0,25,132.6,181.9,97.9,73.5,314.5,171.4,1,7,2,4,0,
405.0,0,25,132.6,181.9,99.1,73.7,314.5,172.7,1,7,2,4,1,0
406.0,1,7,130.1,179.5,98.6,74.8,309.6,173.4,1,7,2,4,0,
407.0,1,7,130.1,179.5,98.8,75.7,309.6,174.5,1,7,2,4,0,
408.0,1,7,132.1,179.5,97.8,74.4,311.6,172.2,1,7,2,4,0,
409.0,1,7,132.2,179.6,104.0,70.5,311.8,174.5,1,7,2,4,0,
410.0,1,7,132.3,179.6,100.6,72.8,311.9,173.4,1,7,2,4,1,0
411.0,0,25,136.3,181.9,109.4,74.2,318.2,183.6,1,7,2,4,0,
412.0,0,25,136.3,181.9,113.1,74.7,318.2,187.7,1,7,2,4,0,
413.0,0,25,135.8,181.9,116.6,75.2,317.7,191.7,1,7,2,4,0,
414.0,0,25,135.8,181.9,112.3,74.8,317.7,187.1,1,7,2,4,0,
415.0,0,25,135.8,181.9,115.5,75.2,317.7,190.6,1,7,2,4,1,0
416.0,0,25,136.3,181.9,111.3,75.4,318.2,186.7,1,7,2,4,0,
417.0,0,25,136.3,181.9,110.7,75.1,318.2,185.8,1,7,2,4,0,
418.0,0,25,133.7,184.3,110.3,76.7,318.0,187.0,1,7,2,4,0,
419.0,0,25,133.7,184.3,110.6,75.2,318.0,185.8,1,7,2,4,0,
420.0,0,25,133.7,184.3,111.1,76.7,318.0,187.8,1,7,2,4,1,0
421.0,0,25,133.7,184.3,114.2,77.2,318.0,191.4,1,7,2,3,0,
422.0,0,25,133.7,184.3,115.4,77.2,318.0,192.6,1,7,2,3,0,
423.0,0,25,137.7,186.5,119.0,77.7,324.2,196.8,1,7,2,3,0,
424.0,0,25,138.7,186.5,119.0,78.2,325.2,197.2,1,7,2,3,0,
425.0,0,25,136.8,214.7,120.0,78.2,351.5,198.2,1,7,3,3,1,0
426.0,0,25,136.9,210.8,116.0,78.3,347.7,194.3,1,7,3,3,0,
427.0,0,25,136.9,200.6,116.1,78.3,337.5,194.4,1,7,3,3,0,
428.0,0,25,136.9,200.1,119.6,78.3,337.0,197.9,1,7,3,3,0,
429.0,0,25,136.9,202.2,114.3,78.3,339.1,192.5,1,7,3,3,0,
430.0,0,25,137.3,299.4,96.5,78.3,436.7,174.8,1,7,3,3,1,0
431.0,0,25,137.3,283.4,90.7,78.3,420.7,169.0,1,7,3,3,0,
432.0,0,25,137.3,277.9,92.7,78.3,415.2,171.0,1,7,3,3,0,
433.0,0,25,137.3,278.0,92.6,78.3,415.3,170.9,1,7,3,3,0,
434.0,0,25,137.3,267.3,91.0,78.3,404.7,169.3,1,7,3,3,0,
435.0,0,25,137.3,234.4,117.7,78.3,371.8,196.0,1,7,3,3,1,0
436.0,1,7,133.5,215.8,118.1,77.8,349.3,195.9,1,7,3,3,0,
437.0,1,7,133.5,211.2,119.3,77.8,344.7,197.1,1,7,3,3,0,
438.0,1,7,145.1,188.7,125.7,77.9,333.8,203.5,2,6,4,2,0,
439.0,1,7,144.9,186.3,123.8,77.9,331.2,201.7,2,6,4,2,0,
440.0,1,7,150.8,185.1,120.1,77.9,335.9,197.9,2,6,4,2,1,0
441.0,0,25,153.7,185.0,119.9,85.6,338.7,205.4,2,6,4,2,0,
442.0,0,25,153.2,189.9,119.5,85.6,343.0,205.0,2,7,4,2,0,
443.0,0,25,166.5,190.0,117.2,85.6,356.5,202.8,2,7,4,2,0,
444.0,0,25,167.8,190.4,117.4,85.6,358.2,203.0,2,7,4,2,0,
445.0,0,25,171.9,195.2,112.8,85.6,367.1,198.4,2,7,4,2,1,0
446.0,0,25,169.0,192.9,112.2,85.4,362.0,197.6,2,7,4,2,0,
447.0,0,25,168.6,193.3,112.0,85.9,361.9,197.9,2,7,4,2,0,
448.0,0,25,162.5,193.3,115.7,85.9,355.9,201.6,2,7,3,2,0,
449.0,0,25,162.1,193.4,121.5,85.9,355.5,207.4,2,7,3,2,0,
450.0,0,25,152.4,196.6,118.9,85.9,349.0,204.8,2,7,3,2,1,0
451.0,0,25,178.7,195.9,120.8,85.9,374.6,206.7,2,7,3,2,0,
452.0,0,25,169.0,195.9,121.5,85.9,364.9,207.4,3,7,3,2,0,
453.0,0,25,162.5,195.9,119.0,85.9,358.4,204.9,3,7,3,2,0,
454.0,0,25,152.3,195.9,102.8,85.9,348.2,188.7,3,7,3,2,0,
455.0,0,25,158.6,195.9,102.2,85.9,354.5,188.1,3,7,3,2,1,0
456.0,0,25,154.4,195.9,103.3,85.9,350.3,189.2,3,7,3,2,0,
457.0,0,25,175.9,195.9,102.2,85.9,371.8,188.1,3,7,3,2,0,
458.0,0,25,173.5,195.9,103.5,98.5,369.4,202.0,3,7,3,2,0,
459.0,0,25,176.1,193.1,107.3,98.5,369.2,205.8,3,6,3,2,0,
460.0,0,25,188.9,193.1,106.6,98.5,382.1,205.1,3,6,3,2,1,0
461.0,0,25,191.9,193.1,107.2,98.5,385.1,205.7,3,6,3,2,0,
462.0,0,25,183.3,193.5,107.1,98.5,376.8,205.5,3,6,3,2,0,
463.0,0,25,179.6,193.5,112.0,100.7,373.1,212.7,3,6,3,2,0,
464.0,0,25,179.4,193.6,111.9,101.1,373.0,213.0,3,6,3,2,0,
465.0,0,25,175.5,193.6,122.0,101.2,369.1,223.2,3,6,4,2,1,0
466.0,1,7,168.1,190.7,126.0,100.6,358.8,226.6,3,6,4,2,0,
467.0,1,7,147.9,190.7,126.8,100.7,338.6,227.5,3,6,4,2,0,
468.0,1,7,148.4,193.8,126.5,100.6,342.2,227.2,3,7,4,2,0,
469.0,1,7,148.9,193.8,127.5,100.7,342.7,228.2,3,7,4,2,0,
470.0,1,7,146.6,193.8,127.4,100.6,340.4,228.0,3,7,4,2,1,0
471.0,0,25,147.5,196.0,130.6,101.2,343.6,231.8,3,7,4,2,0,
472.0,0,25,146.8,196.0,121.7,101.2,342.9,222.9,3,7,4,2,0,
473.0,0,25,142.9,195.9,124.3,101.2,338.8,225.5,3,7,4,2,0,
474.0,0,25,146.7,195.9,128.9,101.2,342.6,230.1,3,7,4,2,0,
475.0,0,25,146.7,195.9,130.4,101.2,342.6,231.5,3,7,4,2,1,0
476.0,0,25,152.6,195.9,136.8,101.2,348.5,238.0,3,7,4,2,0,
477.0,0,25,152.1,199.3,137.1,101.2,351.4,238.3,3,7,4,2,0,
478.0,0,25,151.7,196.7,127.8,111.2,348.4,238.9,3,6,4,3,0,
479.0,0,25,151.3,196.7,128.7,113.8,347.9,242.5,3,6,4,3,0,
480.0,0,25,151.3,196.7,127.8,117.0,347.9,244.9,3,6,4,3,1,0
481.0,0,25,151.7,196.7,109.5,115.1,348.4,224.6,3,6,4,3,0,
482.0,0,25,151.7,203.0,109.9,116.7,354.7,226.7,3,6,4,3,0,
483.0,0,25,151.7,203.1,109.8,113.5,354.8,223.3,3,6,4,3,0,
484.0,0,25,151.3,204.0,109.1,92.5,355.3,201.6,3,6,4,3,0,
485.0,0,25,151.3,204.0,112.8,92.8,355.3,205.6,3,6,4,3,1,0
486.0,0,25,151.7,204.0,113.4,92.7,355.7,206.1,3,6,4,3,0,
487.0,0,25,151.7,204.0,114.9,89.6,355.7,204.5,3,6,4,3,0,
488.0,0,25,151.7,204.0,114.7,100.0,355.7,214.7,3,6,4,3,0,
489.0,0,25,151.7,204.0,114.7,120.7,355.7,235.4,3,6,4,3,0,
490.0,0,25,151.7,204.0,120.6,120.6,355.7,241.2,3,6,4,3,1,0
491.0,0,25,151.7,204.0,121.2,120.7,355.7,241.9,3,6,4,3,0,
492.0,0,25,151.7,169.7,132.4,117.9,321.4,250.3,3,5,5,4,0,
493.0,0,25,151.3,169.7,134.8,119.7,320.9,254.4,3,5,5,4,0,
494.0,0,25,151.3,169.7,134.3,115.8,320.9,250.1,3,5,5,4,0,
495.0,0,25,151.7,169.7,137.3,119.7,321.4,257.0,3,5,5,4,1,0
496.0,1,7,148.7,169.0,138.3,113.4,317.7,251.6,3,5,5,4,0,
497.0,1,7,148.7,165.6,146.8,111.1,314.3,257.9,3,5,5,4,0,
498.0,1,7,154.5,165.6,139.0,107.6,320.1,246.6,3,5,5,4,0,
499.0,1,7,154.5,165.7,138.1,107.6,320.2,245.7,3,5,5,4,0,
500.0,1,7,154.6,165.7,143.1,107.3,320.3,250.4,3,5,5,4,1,0
501.0,0,25,156.0,172.3,144.9,109.8,328.3,254.7,3,5,5,4,0,
502.0,0,25,156.0,173.7,148.9,117.0,329.8,265.9,3,5,5,3,0,
503.0,0,25,163.9,174.4,149.1,120.1,338.3,269.2,3,5,5,3,0,
504.0,0,25,165.3,174.4,174.2,117.7,339.8,292.0,3,5,6,2,0,
505.0,0,25,165.5,174.4,171.3,94.1,339.9,265.4,3,5,6,2,1,0
506.0,0,25,165.1,174.0,162.7,96.3,339.0,259.0,3,5,6,2,0,
507.0,0,25,165.1,174.0,169.8,102.7,339.0,272.5,3,5,6,2,0,
508.0,0,25,165.1,174.0,169.4,101.9,339.0,271.2,3,5,6,2,0,
509.0,0,25,165.5,174.0,243.5,103.9,339.5,347.4,3,5,6,2,0,
510.0,0,25,165.5,174.4,207.5,103.0,340.0,310.5,3,5,6,2,1,0
511.0,0,25,165.1,174.4,226.6,102.6,339.5,329.2,3,5,6,2,0,
512.0,0,25,165.5,174.4,234.3,105.6,340.0,339.9,3,5,6,2,0,
513.0,0,25,165.5,174.4,159.7,108.2,340.0,268.0,3,5,5,2,0,
514.0,0,25,165.5,174.4,147.6,106.5,340.0,254.1,3,5,5,1,0,
515.0,0,25,165.5,174.4,154.3,107.1,340.0,261.4,3,5,5,1,1,0
516.0,0,25,165.5,174.4,167.1,107.2,340.0,274.2,3,5,5,1,0,
517.0,0,25,165.5,174.4,164.1,114.0,340.0,278.0,3,5,5,1,0,
518.0,0,25,165.5,174.4,148.7,114.5,340.0,263.2,3,5,5,1,0,
519.0,0,25,165.5,174.4,146.6,115.7,340.0,262.3,3,5,5,1,0,
520.0,0,25,165.5,203.2,132.1,114.3,368.7,246.5,3,6,5,1,1,0
521.0,0,25,165.5,205.3,130.2,114.4,370.9,244.5,3,6,5,1,0,
522.0,0,25,165.5,204.1,128.7,110.3,369.6,239.0,3,6,5,2,0,
523.0,0,25,165.5,234.6,129.9,110.3,400.1,240.1,3,6,5,2,0,
524.0,0,25,165.5,224.9,131.4,110.3,390.5,241.7,3,6,5,2,0,
525.0,0,25,165.5,363.3,133.8,110.3,528.9,244.0,3,6,5,2,1,0
526.0,1,7,162.5,348.2,134.0,110.0,510.7,244.0,3,6,5,2,0,
527.0,1,7,162.5,329.2,134.1,114.1,491.7,248.1,3,6,5,2,0,
528.0,1,7,162.5,324.3,134.0,114.1,486.8,248.1,3,6,5,2,0,
529.0,1,7,162.5,314.6,134.9,114.1,477.1,249.0,3,6,5,2,0,
530.0,1,7,162.5,266.4,130.4,114.1,428.9,244.5,3,6,5,2,1,0
531.0,0,25,165.5,244.8,135.0,113.6,410.4,248.6,3,6,4,2,0,
532.0,0,25,157.1,244.1,135.0,113.6,401.2,248.6,3,6,4,2,0,
533.0,0,25,157.1,216.7,136.3,114.9,373.8,251.2,3,6,4,2,0,
534.0,0,25,157.1,204.3,136.3,116.3,361.5,252.6,3,6,4,2,0,
535.0,0,25,157.1,209.1,136.3,116.3,366.2,252.6,3,7,4,2,1,0
536.0,0,25,157.1,211.6,137.7,116.3,368.8,254.0,3,7,4,2,0,
537.0,0,25,164.5,210.5,137.7,116.3,375.1,254.0,3,7,4,2,0,
538.0,0,25,166.4,209.6,136.3,116.2,376.0,252.6,3,7,5,2,0,
539.0,0,25,158.5,211.6,136.3,118.0,370.1,254.3,3,7,5,2,0,
540.0,0,25,158.5,211.8,127.1,118.0,370.3,245.1,3,7,5,2,1,0
541.0,0,25,157.2,208.9,125.6,116.6,366.1,242.2,3,7,5,2,0,
542.0,0,25,157.2,210.2,125.6,116.6,367.4,242.2,3,7,5,2,0,
543.0,0,25,157.2,210.3,125.0,116.6,367.5,241.6,3,7,5,2,0,
544.0,0,25,165.0,209.5,125.0,122.8,374.5,247.8,3,7,5,2,0,
545.0,0,25,166.4,209.5,135.2,124.3,376.0,259.6,3,7,5,2,1,0
546.0,0,25,166.6,209.5,135.2,124.3,376.1,259.6,3,7,5,2,0,
547.0,0,25,166.6,239.9,138.2,124.3,406.5,262.6,3,8,5,2,0,
548.0,0,25,166.6,236.8,143.4,124.3,403.4,267.7,3,8,5,2,0,
549.0,0,25,170.6,227.1,143.6,124.4,397.7,267.9,3,8,5,2,0,
550.0,0,25,169.9,239.3,164.3,124.3,409.2,288.6,3,8,5,2,1,0
551.0,0,25,169.9,240.5,171.1,124.3,410.4,295.5,3,8,5,2,0,
552.0,0,25,169.9,388.1,189.8,124.3,558.0,314.2,3,8,5,2,0,
553.0,0,25,169.9,352.6,187.1,123.0,522.5,310.1,3,8,5,2,0,
554.0,0,25,187.2,369.3,173.8,123.0,556.5,296.8,3,8,5,2,0,
555.0,0,25,188.8,360.2,222.2,123.0,549.0,345.2,3,8,6,2,1,0
556.0,1,7,189.2,308.1,228.2,122.4,497.3,350.6,3,8,6,2,0,
557.0,1,7,189.2,238.9,319.0,126.8,428.1,445.8,3,7,6,3,0,
558.0,1,7,189.2,237.5,318.1,132.3,426.7,450.4,3,7,6,3,0,
559.0,1,7,189.2,216.3,299.3,135.6,405.5,434.9,3,7,6,3,0,
560.0,1,7,189.2,204.3,266.2,135.2,393.5,401.4,3,7,6,3,1,0
561.0,0,25,188.1,207.5,242.2,132.9,395.6,375.1,3,7,6,3,0,
562.0,0,25,187.7,210.1,286.2,154.2,397.8,440.4,3,7,6,3,0,
563.0,0,25,187.7,213.5,279.7,136.8,401.1,416.5,3,7,6,3,0,
564.0,0,25,187.7,211.0,256.1,135.1,398.6,391.3,3,7,6,3,0,
565.0,0,25,188.1,211.8,249.4,155.0,399.9,404.4,3,7,6,3,1,0
566.0,0,25,188.1,206.8,240.0,147.3,395.0,387.3,3,7,6,3,0,
567.0,0,25,188.1,206.9,236.5,156.1,395.0,392.6,3,7,6,3,0,
568.0,0,25,188.1,203.8,243.2,151.3,391.9,394.4,3,7,6,3,0,
569.0,0,25,188.1,206.9,244.6,135.3,395.0,379.8,3,7,6,3,0,
570.0,0,25,188.1,207.0,198.8,119.0,395.1,317.8,3,7,5,3,1,0
571.0,0,25,188.1,205.4,198.7,119.9,393.5,318.6,3,7,5,3,0,
572.0,0,25,188.1,205.5,196.2,134.9,393.6,331.1,3,7,5,3,0,
573.0,0,25,188.1,205.5,170.3,130.0,393.6,300.3,3,7,5,3,0,
574.0,0,25,188.1,205.5,156.0,148.4,393.6,304.4,3,7,5,4,0,
575.0,0,25,184.6,186.5,154.3,147.6,371.1,301.9,3,7,5,4,1,0
576.0,0,25,184.6,187.0,133.1,147.8,371.7,281.0,3,7,5,4,0,
577.0,0,25,184.6,187.0,136.7,156.7,371.7,293.4,3,7,5,4,0,
578.0,0,25,184.6,187.0,135.3,158.5,371.7,293.8,3,7,5,4,0,
579.0,0,25,184.6,187.0,135.6,179.7,371.7,315.3,3,7,5,4,0,
580.0,0,25,205.4,206.2,135.3,169.9,411.6,305.2,3,7,5,4,1,0
581.0,0,25,205.4,206.3,137.9,177.1,411.7,315.0,3,7,5,3,0,
582.0,0,25,205.4,208.1,140.3,185.1,413.5,325.4,3,7,5,3,0,
583.0,0,25,206.0,207.9,140.6,173.0,413.9,313.6,3,7,5,3,0,
584.0,0,25,200.9,207.9,140.7,179.0,408.8,319.6,4,7,5,2,0,
585.0,0,25,199.4,207.9,141.3,163.4,407.3,304.8,4,7,4,2,1,0
586.0,1,7,205.3,206.9,141.3,143.9,412.1,285.3,4,7,4,2,0,
587.0,1,7,221.2,206.9,140.6,124.6,428.1,265.2,4,7,4,2,0,
588.0,1,7,225.6,205.9,141.3,126.5,431.5,267.8,4,7,4,2,0,
589.0,1,7,245.4,205.9,139.7,130.8,451.4,270.5,4,7,4,2,0,
590.0,1,7,262.3,206.0,140.7,129.7,468.3,270.5,4,7,4,2,1,0
591.0,0,25,267.3,207.9,144.1,133.3,475.2,277.4,4,7,4,2,0,
592.0,0,25,265.4,207.9,138.1,130.7,473.2,268.8,4,7,4,2,0,
593.0,0,25,267.9,207.9,137.5,130.6,475.8,268.1,4,7,4,2,0,
594.0,0,25,252.7,207.9,137.5,148.6,460.6,286.1,4,7,4,2,0,
595.0,0,25,239.5,207.9,137.5,125.9,447.4,263.4,4,7,4,2,1,0
596.0,0,25,229.2,207.9,137.7,129.0,437.1,266.7,4,7,4,2,0,
597.0,0,25,232.5,207.9,154.2,127.7,440.3,281.8,4,7,4,2,0,
598.0,0,25,232.7,207.9,154.6,127.7,440.6,282.3,4,7,4,2,0,
599.0,0,25,221.2,207.9,154.6,133.8,429.1,288.5,4,7,4,2,0,
600.0,0,25,220.6,232.6,154.6,141.1,453.1,295.7,4,8,4,2,1,0
601.0,0,25,217.7,232.6,154.6,141.2,450.3,295.8,4,8,4,2,0,
602.0,0,25,181.6,232.6,153.3,141.2,414.2,294.4,4,8,5,2,0,
603.0,0,25,198.9,232.6,153.3,141.2,431.5,294.4,4,8,5,2,0,
604.0,0,25,219.3,232.6,154.6,141.2,451.9,295.8,4,8,4,2,0,
605.0,0,25,220.3,228.9,154.6,141.2,449.2,295.8,4,8,4,2,1,0
606.0,0,25,220.8,228.9,154.6,141.2,449.8,295.8,4,8,4,2,0,
607.0,0,25,259.6,228.9,153.6,141.2,488.5,294.8,4,8,4,2,0,
608.0,0,25,259.7,228.9,153.8,139.3,488.6,293.0,4,8,4,2,0,
609.0,0,25,258.6,228.9,154.8,139.3,487.6,294.0,4,8,4,2,0,
610.0,0,25,260.3,228.9,154.8,141.6,489.2,296.4,4,8,4,3,1,0
611.0,0,25,260.3,228.9,154.8,142.7,489.2,297.5,4,8,4,3,0,
612.0,0,25,260.3,228.9,153.4,148.5,489.2,301.9,4,8,5,3,0,
613.0,0,25,260.3,228.9,153.4,150.1,489.2,303.5,4,8,5,3,0,
614.0,0,25,260.3,228.9,153.4,150.3,489.2,303.7,4,8,5,3,0,
615.0,0,25,260.3,228.9,153.3,200.2,489.2,353.5,4,8,5,3,1,0
616.0,1,7,257.2,228.6,151.8,186.9,485.7,338.7,4,8,5,3,0,
617.0,1,7,262.1,227.6,152.2,188.2,489.7,340.4,5,8,5,3,0,
618.0,1,7,262.6,227.6,149.5,193.3,490.2,342.8,5,8,5,3,0,
619.0,1,7,254.0,227.6,150.5,173.7,481.6,324.1,5,8,5,3,0,
620.0,1,7,250.6,227.7,149.3,166.2,478.3,315.5,5,8,5,3,1,0
621.0,0,25,243.8,228.9,143.3,160.7,472.7,304.0,5,8,5,3,0,
622.0,0,25,268.0,228.9,143.3,143.1,497.0,286.4,5,8,5,3,0,
623.0,0,25,250.4,228.9,143.3,126.2,479.4,269.5,5,8,5,3,0,
624.0,0,25,252.7,228.9,143.3,125.2,481.7,268.5,5,8,5,3,0,
625.0,0,25,249.4,228.9,158.2,138.8,478.4,297.0,5,8,5,3,1,0
626.0,0,25,243.7,228.9,160.4,136.8,472.6,297.2,5,8,5,3,0,
627.0,0,25,242.7,228.9,160.4,134.4,471.7,294.9,5,8,5,3,0,
628.0,0,25,246.1,228.9,160.4,134.8,475.1,295.2,4,8,5,3,0,
629.0,0,25,243.8,228.9,160.4,136.2,472.7,296.6,5,8,5,3,0,
630.0,0,25,238.1,228.9,160.4,135.2,467.1,295.6,5,8,5,3,1,0
631.0,0,25,242.1,228.9,160.4,135.5,471.1,295.9,5,8,5,3,0,
632.0,0,25,246.7,228.9,160.4,134.8,475.6,295.2,5,8,5,3,0,
633.0,0,25,228.6,228.9,161.2,138.0,457.5,299.1,5,8,5,3,0,
634.0,0,25,245.8,228.9,161.2,139.7,474.8,300.8,5,8,5,2,0,
635.0,0,25,245.8,228.9,161.2,142.3,474.8,303.5,5,8,5,2,1,0
636.0,0,25,245.8,228.9,161.2,144.5,474.8,305.7,5,8,5,2,0,
637.0,0,25,255.3,228.9,193.1,144.1,484.3,337.1,4,8,6,3,0,
638.0,0,25,255.3,228.9,198.4,149.9,484.3,348.4,4,8,6,3,0,
639.0,0,25,255.3,228.9,195.3,155.3,484.3,350.6,4,8,6,3,0,
640.0,0,25,255.3,228.9,202.9,154.8,484.3,357.7,4,8,6,3,1,0
641.0,0,25,255.3,228.9,214.3,154.4,484.3,368.8,4,8,6,3,0,
642.0,0,25,260.3,228.9,312.8,189.9,489.2,502.7,4,8,6,3,0,
643.0,0,25,260.3,228.9,276.5,188.7,489.2,465.2,4,8,6,3,0,
644.0,0,25,260.3,228.9,268.2,177.4,489.2,445.6,4,8,6,3,0,
645.0,0,25,260.3,228.9,254.3,181.1,489.2,435.5,4,8,6,3,1,0
646.0,1,7,256.5,227.7,221.1,192.6,484.1,413.6,4,8,6,3,0,
647.0,1,7,257.0,227.7,201.2,189.2,484.6,390.4,4,8,5,3,0,
648.0,1,7,257.1,256.4,203.8,196.9,513.5,400.6,4,8,5,3,0,
649.0,1,7,257.2,230.2,186.3,189.6,487.4,375.9,4,8,5,3,0,
650.0,1,7,257.2,230.9,161.7,173.2,488.1,334.9,4,8,5,3,1,0
651.0,0,25,260.3,226.3,156.1,153.4,486.6,309.5,4,8,5,3,0,
652.0,0,25,260.3,226.3,188.7,182.5,486.6,371.2,4,8,5,3,0,
653.0,0,25,260.3,234.3,187.6,150.4,494.6,337.9,4,8,5,3,0,
654.0,0,25,260.3,237.8,185.9,155.1,498.1,341.0,4,8,6,3,0,
655.0,0,25,221.7,239.6,188.4,149.4,461.3,337.9,4,8,6,3,1,0
656.0,0,25,260.3,244.5,197.1,148.8,504.8,345.9,4,9,6,3,0,
657.0,0,25,260.3,291.4,197.5,148.9,551.7,346.5,4,9,6,3,0,
658.0,0,25,260.3,279.1,200.9,148.0,539.3,348.9,4,9,6,3,0,
659.0,0,25,260.3,287.8,207.2,150.6,548.1,357.8,4,9,6,3,0,
660.0,0,25,263.8,279.4,215.5,150.8,543.2,366.3,4,9,6,3,1,0
661.0,0,25,260.3,389.8,212.6,153.5,650.1,366.1,4,9,5,2,0,
662.0,0,25,260.3,364.8,207.1,153.5,625.1,360.6,4,9,5,2,0,
663.0,0,25,260.3,363.6,263.2,156.6,623.9,419.8,4,9,6,2,0,
664.0,0,25,260.3,355.1,267.8,156.8,615.4,424.6,4,9,6,2,0,
665.0,0,25,260.3,351.7,227.7,156.8,612.0,384.5,4,9,6,2,1,0
666.0,0,25,260.3,255.0,220.3,157.4,515.3,377.7,4,9,6,2,0,
667.0,0,25,260.3,251.4,208.9,157.4,511.7,366.4,4,9,6,2,0,
668.0,0,25,260.3,245.7,185.3,157.4,506.0,342.7,4,9,6,2,0,
669.0,0,25,260.3,231.7,179.5,157.4,492.0,336.9,4,9,6,2,0,
670.0,0,25,260.3,212.6,181.2,156.8,472.9,338.0,4,9,6,2,1,0
671.0,0,25,260.3,219.9,185.0,156.8,480.2,341.8,4,9,6,2,0,
672.0,0,25,260.3,223.5,185.2,156.8,483.8,342.0,4,9,6,2,0,
673.0,0,25,260.3,214.9,186.3,156.8,475.2,343.1,4,9,6,2,0,
674.0,0,25,260.3,222.2,199.9,157.4,482.5,357.4,4,9,6,2,0,
675.0,0,25,260.3,224.2,198.8,157.4,484.5,356.3,4,9,6,2,1,0
676.0,1,7,257.1,223.9,188.5,156.8,481.1,345.4,4,9,6,2,0,
677.0,1,7,257.2,225.7,185.3,161.7,482.9,347.0,4,9,4,2,0,
678.0,1,7,257.2,224.9,185.3,156.8,482.1,342.2,4,9,4,2,0,
679.0,1,7,257.2,221.2,201.1,161.7,478.4,362.8,4,9,4,2,0,
680.0,1,7,257.2,221.2,201.1,154.2,478.4,355.3,4,9,4,2,1,0
681.0,0,25,260.3,223.3,202.3,149.5,483.6,351.8,4,9,4,2,0,
682.0,0,25,260.3,222.9,199.5,149.5,483.2,349.0,4,9,5,2,0,
683.0,0,25,260.3,303.0,199.5,167.5,563.3,367.0,4,10,5,3,0,
684.0,0,25,260.3,302.9,199.5,169.2,563.2,368.8,4,10,5,3,0,
685.0,0,25,260.3,295.2,199.5,179.7,555.5,379.3,4,10,5,3,1,0
686.0,0,25,260.3,297.6,199.5,176.2,557.9,375.7,4,10,5,3,0,
687.0,0,25,260.3,284.2,200.9,179.6,544.5,380.5,4,10,5,3,0,
688.0,0,25,260.3,392.1,200.9,191.1,652.4,392.0,4,10,5,3,0,
689.0,0,25,260.3,365.8,200.9,190.4,626.1,391.3,4,10,5,3,0,
690.0,0,25,260.3,377.6,200.9,188.7,637.9,389.6,4,10,5,3,1,0
691.0,0,25,260.3,354.6,201.8,195.1,614.9,396.9,4,10,5,3,0,
692.0,0,25,260.3,351.2,201.8,186.5,611.5,388.3,4,10,5,3,0,
693.0,0,25,260.3,247.3,201.8,185.2,507.6,386.9,4,10,5,3,0,
694.0,0,25,260.3,242.3,201.8,170.1,502.6,371.9,4,10,5,3,0,
695.0,0,25,260.3,228.2,201.8,161.0,488.5,362.8,4,10,5,3,1,0
696.0,0,25,260.3,216.1,201.8,147.5,476.4,349.2,4,10,5,3,0,
697.0,0,25,260.3,216.3,201.8,150.8,476.6,352.6,4,10,5,3,0,
698.0,0,25,260.3,216.4,199.4,164.0,476.7,363.5,4,10,5,3,0,
699.0,0,25,260.3,217.1,199.5,163.5,477.4,363.0,4,10,5,3,0,
700.0,0,25,228.6,209.4,200.3,161.1,438.0,361.4,5,10,5,3,1,0
701.0,0,25,228.6,217.6,200.3,159.4,446.2,359.8,5,10,5,3,0,
702.0,0,25,228.6,220.3,200.3,155.9,448.8,356.2,5,10,5,3,0,
703.0,0,25,228.6,219.7,200.9,183.8,448.3,384.7,5,10,5,3,0,
704.0,0,25,228.6,219.7,200.9,162.9,448.3,363.8,5,10,5,2,0,
705.0,0,25,245.8,219.7,200.9,167.3,465.6,368.2,5,10,5,2,1,0
706.0,1,7,243.5,214.3,196.3,165.5,457.8,361.8,5,10,5,2,0,
707.0,1,7,243.5,214.3,198.2,169.3,457.8,367.6,5,10,5,2,0,
708.0,1,7,243.5,214.3,197.9,169.3,457.8,367.2,5,10,5,2,0,
709.0,1,7,243.5,214.3,197.8,169.4,457.8,367.2,5,10,5,2,0,
710.0,1,7,243.5,214.3,197.9,169.4,457.8,367.3,5,10,5,2,1,0
711.0,0,25,266.9,216.4,221.5,171.8,483.3,393.3,5,10,6,2,0,
712.0,0,25,270.8,216.4,217.9,171.8,487.2,389.7,5,10,6,2,0,
713.0,0,25,293.9,216.4,215.6,171.8,510.3,387.4,5,10,6,2,0,
714.0,0,25,292.8,216.4,231.2,171.8,509.2,403.0,5,10,6,2,0,
715.0,0,25,294.6,216.4,233.8,171.8,511.0,405.6,5,10,6,2,1,0
716.0,0,25,326.2,216.4,408.8,167.1,542.6,576.0,5,10,6,2,0,
717.0,0,25,327.0,216.4,411.3,167.1,543.4,578.5,5,10,6,2,0,
718.0,0,25,350.5,216.4,390.7,167.1,566.9,557.9,5,10,6,2,0,
719.0,0,25,341.8,216.4,378.9,167.1,558.2,546.0,5,10,6,2,0,
720.0,0,25,323.0,216.4,317.9,167.1,539.4,485.0,5,10,6,2,1,0
721.0,0,25,310.1,216.4,298.5,167.1,526.5,465.6,5,10,6,2,0,
722.0,0,25,309.5,216.4,295.3,167.1,525.9,462.4,5,10,6,2,0,
723.0,0,25,291.7,216.4,271.0,167.1,508.1,438.1,5,10,6,2,0,
724.0,0,25,290.4,216.4,285.3,167.1,506.8,452.4,5,10,6,2,0,
725.0,0,25,290.4,216.4,284.8,171.1,506.8,455.9,5,10,6,2,1,0
726.0,0,25,283.3,216.4,274.7,171.1,499.7,445.8,5,10,7,2,0,
727.0,0,25,271.5,216.4,262.7,171.1,487.9,433.8,5,10,7,2,0,
728.0,0,25,272.3,216.4,261.5,171.8,488.7,433.3,5,10,7,2,0,
729.0,0,25,273.0,216.4,243.0,171.8,489.4,414.8,5,10,7,2,0,
730.0,0,25,250.7,234.9,206.2,171.1,485.6,377.3,5,10,7,2,1,0
731.0,0,25,268.3,250.5,214.9,171.1,518.9,386.1,5,10,7,2,0,
732.0,0,25,259.8,218.5,214.2,172.0,478.3,386.2,5,10,6,2,0,
733.0,0,25,246.2,218.5,189.8,172.2,464.7,362.0,5,10,6,2,0,
734.0,0,25,246.2,218.5,179.6,171.8,464.7,351.4,5,10,6,2,0,
735.0,0,25,246.3,241.0,178.0,171.8,487.3,349.8,5,10,6,2,1,0
736.0,1,7,240.4,238.3,196.5,169.4,478.8,365.9,5,10,6,2,0,
737.0,1,7,238.8,238.3,184.4,169.4,477.1,353.8,5,10,6,2,0,
738.0,1,7,235.4,239.8,184.1,168.7,475.2,352.9,6,10,6,2,0,
739.0,1,7,269.0,236.0,181.2,169.4,505.0,350.5,6,10,6,2,0,
740.0,1,7,257.4,236.0,191.4,169.4,493.4,360.8,6,10,6,2,1,0
741.0,0,25,256.9,238.1,192.3,171.8,495.0,364.1,6,10,6,2,0,
742.0,0,25,257.0,238.1,197.9,171.8,495.1,369.6,6,10,6,2,0,
743.0,0,25,362.5,315.8,216.7,171.4,678.3,388.1,6,10,6,2,0,
744.0,0,25,340.9,317.8,210.8,176.3,658.7,387.1,6,10,5,2,0,
745.0,0,25,330.0,318.8,212.1,179.6,648.8,391.6,6,10,5,2,1,0
746.0,0,25,327.8,311.8,228.1,174.0,639.6,402.1,6,10,5,2,0,
747.0,0,25,322.2,305.5,240.1,179.3,627.7,419.4,6,10,5,2,0,
748.0,0,25,318.7,376.7,247.0,196.4,695.4,443.5,6,10,5,2,0,
749.0,0,25,265.1,377.1,242.1,193.4,642.2,435.5,6,10,5,2,0,
750.0,0,25,261.1,364.8,240.1,194.3,625.9,434.4,6,10,5,2,1,0
751.0,0,25,257.8,358.9,245.3,217.4,616.7,462.7,6,10,5,2,0,
752.0,0,25,241.8,376.7,231.4,200.7,618.6,432.1,6,10,5,2,0,
753.0,0,25,241.7,381.1,225.1,202.1,622.8,427.3,6,10,5,2,0,
754.0,0,25,239.2,383.6,223.9,205.0,622.8,428.9,6,10,5,2,0,
755.0,0,25,238.4,364.1,217.1,189.7,602.4,406.7,6,10,5,3,1,0
756.0,0,25,238.7,354.4,202.1,183.7,593.1,385.8,6,10,5,3,0,
757.0,0,25,239.0,343.4,191.4,177.2,582.3,368.6,6,10,5,3,0,
758.0,0,25,238.8,298.8,189.9,167.6,537.5,357.4,6,10,5,3,0,
759.0,0,25,239.0,244.1,205.6,159.1,483.0,364.6,6,10,5,3,0,
760.0,0,25,239.7,239.9,194.3,161.3,479.6,355.6,6,10,5,3,1,0
761.0,0,25,239.7,243.3,192.4,160.3,482.9,352.7,6,10,5,3,0,
762.0,0,25,244.4,239.8,196.3,161.9,484.2,358.2,6,10,5,3,0,
763.0,0,25,244.4,231.3,191.8,156.2,475.7,348.0,6,10,5,3,0,
764.0,0,25,244.4,232.3,202.0,160.9,476.7,362.9,6,10,5,3,0,
765.0,0,25,244.4,237.0,202.8,161.9,481.4,364.8,6,11,5,3,1,0
766.0,1,7,242.0,226.2,265.2,159.1,468.2,424.2,6,11,5,3,0,
767.0,1,7,237.3,235.7,202.1,160.4,473.0,362.5,6,11,4,2,0,
768.0,1,7,242.0,227.1,202.1,160.6,469.1,362.7,6,11,4,2,0,
769.0,1,7,242.0,225.2,202.1,161.6,467.3,363.7,6,11,4,2,0,
770.0,1,7,242.0,229.8,202.1,165.9,471.8,368.0,6,11,4,2,1,0
771.0,0,25,244.4,232.1,205.3,166.9,476.4,372.2,6,11,4,2,0,
772.0,0,25,244.4,232.2,233.2,167.1,476.6,400.4,6,11,5,2,0,
773.0,0,25,244.4,232.2,245.2,167.1,476.6,412.4,6,11,5,2,0,
774.0,0,25,244.4,231.8,240.0,167.1,476.1,407.1,6,11,5,2,0,
775.0,0,25,244.4,228.5,218.2,167.1,472.9,385.3,6,11,5,2,1,0
776.0,0,25,244.4,228.5,212.8,167.1,472.9,380.0,6,11,5,2,0,
777.0,0,25,244.4,228.1,243.6,167.1,472.5,410.8,6,11,5,2,0,
778.0,0,25,244.4,228.1,231.8,167.1,472.5,398.9,6,11,5,2,0,
779.0,0,25,244.4,228.1,238.3,171.1,472.5,409.4,6,11,5,2,0,
780.0,0,25,244.4,228.1,225.8,171.1,472.5,396.9,6,11,5,2,1,0
781.0,0,25,244.4,228.1,217.9,171.1,472.5,389.1,6,11,5,2,0,
782.0,0,25,244.4,228.1,200.4,171.1,472.5,371.5,6,11,5,2,0,
783.0,0,25,244.4,228.1,191.4,171.8,472.5,363.2,6,11,5,2,0,
784.0,0,25,244.4,228.1,193.4,171.1,472.5,364.5,6,11,5,2,0,
785.0,0,25,244.4,228.1,190.8,171.1,472.5,361.9,6,11,5,2,1,0
786.0,0,25,244.4,228.1,186.2,172.0,472.5,358.2,6,11,6,2,0,
787.0,0,25,244.6,228.1,182.2,172.0,472.7,354.2,7,11,6,2,0,
788.0,0,25,244.6,228.1,186.1,171.8,472.7,357.9,7,11,6,2,0,
789.0,0,25,244.6,228.1,182.8,171.8,472.7,354.6,7,11,6,2,0,
790.0,0,25,244.6,228.1,192.8,171.8,472.7,364.5,7,11,6,2,1,0
791.0,0,25,244.6,228.1,197.9,171.8,472.7,369.6,7,11,6,2,0,
792.0,0,25,244.0,307.1,199.8,171.8,551.1,371.6,7,12,6,2,0,
793.0,0,25,244.0,322.3,202.4,171.8,566.3,374.2,7,12,5,2,0,
794.0,0,25,244.0,311.2,202.4,171.8,555.3,374.2,7,12,5,2,0,
795.0,0,25,244.0,301.9,202.4,171.8,545.9,374.2,7,12,5,2,1,0
796.0,1,7,242.4,291.5,199.2,165.9,533.9,365.2,7,12,5,2,0,
797.0,1,7,242.4,386.8,199.2,165.9,629.2,365.2,7,12,5,2,0,
798.0,1,7,242.4,373.6,200.7,165.9,615.9,366.7,7,12,5,2,0,
799.0,1,7,242.4,385.9,200.7,165.9,628.3,366.7,7,12,5,2,0,
800.0,1,7,242.4,385.7,200.7,165.9,628.1,366.7,7,12,5,2,1,0
801.0,0,25,244.0,360.9,201.8,167.1,605.0,368.9,7,12,5,2,0,
802.0,0,25,244.0,350.8,201.8,167.1,594.9,368.9,7,12,5,2,0,
803.0,0,25,244.0,252.5,201.8,167.1,496.5,368.9,7,12,5,2,0,
804.0,0,25,244.0,248.4,201.8,167.1,492.5,368.9,7,12,5,2,0,
805.0,0,25,244.0,240.4,201.8,171.1,484.4,372.9,7,12,5,2,1,0
806.0,0,25,244.0,238.1,199.4,171.1,482.2,370.6,7,12,5,2,0,
807.0,0,25,244.0,240.0,199.4,171.1,484.0,370.6,7,12,5,2,0,
808.0,0,25,244.0,234.1,199.4,171.8,478.1,371.2,7,12,5,2,0,
809.0,0,25,244.0,233.8,200.6,171.8,477.8,372.4,7,12,5,2,0,
810.0,0,25,244.0,243.0,200.3,171.1,487.1,371.4,7,12,5,2,1,0
811.0,0,25,244.0,242.1,200.9,171.1,486.1,372.0,7,12,5,2,0,
812.0,0,25,244.0,243.7,200.9,172.0,487.8,372.9,7,12,5,2,0,
813.0,0,25,244.0,240.5,200.9,167.1,484.5,368.0,7,13,5,2,0,
814.0,0,25,244.0,243.5,200.9,171.8,487.6,372.7,7,13,5,2,0,
815.0,0,25,244.0,240.3,200.9,171.8,484.4,372.7,7,13,5,2,1,0
816.0,0,25,244.0,239.9,200.9,171.8,483.9,372.7,7,13,5,2,0,
817.0,0,25,244.0,239.9,200.9,171.8,483.9,372.7,7,13,5,2,0,
818.0,0,25,244.0,242.0,200.9,171.8,486.1,372.7,7,13,5,2,0,
819.0,0,25,244.0,242.0,200.9,171.8,486.1,372.7,7,13,5,2,0,
820.0,0,25,244.0,242.0,200.9,171.8,486.1,372.7,7,13,5,2,1,0
821.0,0,25,244.0,242.0,200.9,171.8,486.1,372.7,7,13,5,2,0,
822.0,0,25,244.0,243.3,200.9,171.8,487.3,372.7,7,14,5,2,0,
823.0,0,25,244.0,243.3,200.9,167.1,487.3,368.0,7,14,5,2,0,
824.0,0,25,244.0,243.3,201.8,167.1,487.3,368.9,7,14,5,2,0,
825.0,0,25,244.0,243.3,201.8,167.1,487.3,368.9,7,14,5,2,1,0
826.0,1,7,242.4,241.2,200.7,165.9,483.5,366.7,7,14,5,2,0,
827.0,1,7,242.4,243.3,200.7,165.9,485.7,366.7,7,14,5,2,0,
828.0,1,7,242.4,243.3,200.7,166.0,485.7,366.7,7,14,5,2,0,
829.0,1,7,242.4,243.3,200.7,166.0,485.7,366.7,7,14,5,2,0,
830.0,1,7,242.4,243.3,200.7,166.0,485.7,366.7,7,14,5,2,1,0
831.0,0,25,244.0,245.4,201.8,167.1,489.4,368.9,7,14,5,2,0,
832.0,0,25,244.0,245.4,201.8,167.1,489.4,368.9,7,14,5,2,0,
833.0,0,25,244.0,245.4,199.5,171.1,489.4,370.6,7,14,5,2,0,
834.0,0,25,244.0,245.4,199.5,171.1,489.4,370.6,7,14,5,2,0,
835.0,0,25,244.0,245.4,199.5,171.1,489.4,370.6,7,14,5,2,1,0
836.0,0,25,244.0,245.4,200.3,171.8,489.4,372.1,7,14,5,2,0,
837.0,0,25,244.0,245.4,200.3,171.8,489.4,372.1,7,14,5,2,0,
838.0,0,25,244.0,245.4,200.9,171.1,489.4,372.0,7,14,5,2,0,
839.0,0,25,244.0,245.4,200.9,172.3,489.4,373.2,7,14,5,2,0,
840.0,0,25,244.0,245.4,200.9,172.3,489.4,373.2,7,14,5,2,1,0
841.0,0,25,244.0,245.4,199.2,171.8,489.4,371.0,7,14,5,2,0,
842.0,0,25,244.0,245.4,200.9,171.8,489.4,372.7,7,14,5,2,0,
843.0,0,25,244.0,245.4,200.9,171.8,489.4,372.7,7,14,5,2,0,
844.0,0,25,244.0,245.4,200.9,171.1,489.4,372.0,7,14,5,2,0,
845.0,0,25,244.0,245.4,200.9,171.1,489.4,372.0,7,14,5,2,1,0
846.0,0,25,244.0,245.4,200.9,171.8,489.4,372.7,7,14,5,2,0,
847.0,0,25,279.3,235.2,200.9,167.1,514.5,368.0,9,12,5,2,0,
848.0,0,25,304.4,235.2,200.9,167.1,539.7,368.0,9,12,5,2,0,
849.0,0,25,285.6,235.2,211.0,167.1,520.8,378.2,9,12,6,2,0,
850.0,0,25,288.9,235.2,209.3,167.1,524.1,376.4,9,12,6,2,1,0
851.0,0,25,282.7,235.2,204.4,167.1,517.9,371.5,9,12,6,2,0,
852.0,0,25,382.0,239.6,219.7,167.1,621.6,386.9,9,12,6,2,0,
853.0,0,25,363.9,239.6,232.4,167.1,603.5,399.6,9,12,6,2,0,
854.0,0,25,385.8,239.6,316.3,167.1,625.4,483.5,9,12,6,2,0,
855.0,0,25,382.2,239.6,281.4,167.1,621.8,448.5,9,12,6,2,1,0
856.0,1,7,356.3,237.5,263.6,166.0,593.9,429.5,9,12,6,2,0,
857.0,1,7,358.2,237.5,268.9,166.0,595.7,434.9,9,12,6,2,0,
858.0,1,7,348.0,237.5,262.5,166.0,585.5,428.5,9,12,6,2,0,
859.0,1,7,308.4,237.5,235.4,166.0,545.9,401.4,9,12,6,2,0,
860.0,1,7,279.2,237.5,215.5,169.3,516.8,384.8,9,12,6,2,1,0
861.0,0,25,268.7,239.6,207.4,171.1,508.3,378.5,9,12,6,2,0,
862.0,0,25,266.8,239.6,197.9,171.1,506.4,369.0,9,12,6,2,0,
863.0,0,25,266.7,239.6,175.5,171.8,506.3,347.2,9,12,6,2,0,
864.0,0,25,267.0,239.6,173.4,171.8,506.6,345.1,9,12,6,2,0,
865.0,0,25,269.8,239.6,177.1,172.3,509.4,349.4,9,12,6,2,1,0
866.0,0,25,264.8,239.6,186.5,172.3,504.4,358.8,8,12,6,2,0,
867.0,0,25,264.5,239.6,185.6,172.3,504.1,357.9,8,12,6,2,0,
868.0,0,25,264.7,239.6,187.8,171.8,504.3,359.5,8,12,6,2,0,
869.0,0,25,264.9,239.6,182.9,171.8,504.5,354.6,8,12,6,2,0,
870.0,0,25,265.2,239.6,194.4,171.1,504.8,365.5,8,12,6,2,1,0
871.0,0,25,269.4,239.6,192.6,171.1,509.0,363.7,8,12,6,2,0,
872.0,0,25,269.4,239.6,197.9,171.1,509.0,369.1,8,12,6,2,0,
873.0,0,25,274.1,239.6,202.9,171.8,513.7,374.7,8,12,6,2,0,
874.0,0,25,274.1,326.4,202.4,167.1,600.4,369.6,8,13,5,2,0,
875.0,0,25,269.4,330.2,202.4,164.6,599.6,367.0,8,13,5,3,1,0
876.0,0,25,274.1,310.9,202.4,165.0,585.0,367.4,8,13,5,3,0,
877.0,0,25,274.1,310.0,202.4,166.9,584.1,369.3,8,13,5,3,0,
878.0,0,25,274.1,292.6,202.4,167.6,566.7,370.1,8,13,5,3,0,
879.0,0,25,274.1,392.6,201.8,175.1,666.7,376.9,8,13,5,3,0,
880.0,0,25,274.1,361.1,201.8,203.7,635.2,405.4,8,13,5,3,1,0
881.0,0,25,274.1,383.8,201.8,204.0,657.9,405.8,8,13,5,3,0,
882.0,0,25,274.1,383.9,201.8,200.0,658.0,401.8,8,13,5,3,0,
883.0,0,25,274.1,355.2,201.8,202.7,629.3,404.5,8,13,5,3,0,
884.0,0,25,274.1,345.3,201.8,198.1,619.3,399.8,8,13,5,3,0,
885.0,0,25,274.1,302.1,201.8,197.1,576.2,398.8,8,13,5,3,1,0
886.0,1,7,273.0,258.8,200.7,192.5,531.8,393.2,8,13,5,3,0,
887.0,1,7,273.0,240.2,196.3,197.3,513.2,393.7,8,13,5,3,0,
888.0,1,7,273.0,237.3,196.3,196.4,510.3,392.8,8,13,5,3,0,
889.0,1,7,273.0,238.9,196.3,192.7,511.9,389.0,8,13,5,3,0,
890.0,1,7,273.0,237.2,198.0,189.1,510.2,387.1,8,13,5,3,1,0
891.0,0,25,274.1,246.7,204.2,191.1,520.8,395.3,8,13,4,3,0,
892.0,0,25,274.1,248.6,204.4,176.1,522.6,380.5,8,13,4,3,0,
893.0,0,25,274.1,250.4,204.4,170.3,524.5,374.8,8,13,4,3,0,
894.0,0,25,274.1,250.3,199.3,168.0,524.3,367.3,8,13,5,3,0,
895.0,0,25,274.1,250.1,200.9,162.3,524.2,363.2,8,13,5,3,1,0
896.0,0,25,274.1,247.6,200.1,155.1,521.7,355.2,8,13,5,3,0,
897.0,0,25,274.1,247.6,200.1,160.6,521.7,360.7,8,13,5,3,0,
898.0,0,25,274.1,247.3,200.1,154.9,521.4,355.1,8,13,5,3,0,
899.0,0,25,274.1,247.3,200.9,160.9,521.4,361.8,8,13,5,3,0,
900.0,0,25,274.1,247.3,200.9,154.3,521.4,355.2,8,13,5,3,1,0
901.0,0,25,274.1,249.7,200.9,161.2,523.7,362.1,8,13,5,3,0,
902.0,0,25,272.4,247.3,200.9,155.5,519.7,356.4,9,13,5,3,0,
903.0,0,25,272.4,247.3,200.9,163.3,519.7,364.2,9,13,5,3,0,
904.0,0,25,272.4,247.3,201.8,163.0,519.7,364.8,9,13,5,2,0,
905.0,0,25,272.4,247.3,201.8,165.7,519.7,367.4,9,13,5,2,1,0
906.0,0,25,272.4,247.3,201.8,166.9,519.7,368.7,9,13,5,2,0,
907.0,0,25,274.5,247.3,201.8,166.9,521.8,368.7,9,13,5,2,0,
908.0,0,25,274.5,247.3,201.8,166.9,521.8,368.7,9,13,5,2,0,
909.0,0,25,274.5,247.3,201.8,167.1,521.8,368.9,9,13,5,2,0,
910.0,0,25,274.5,247.3,201.8,167.1,521.8,368.9,9,13,5,2,1,0
911.0,0,25,274.5,247.3,201.8,167.1,521.8,368.9,9,13,5,2,0,
912.0,0,25,274.5,247.3,201.8,167.1,521.8,368.9,9,13,5,2,0,
913.0,0,25,274.5,247.3,201.8,167.1,521.8,368.9,9,13,5,2,0,
914.0,0,25,274.5,247.3,201.8,167.1,521.8,368.9,9,13,5,2,0,
915.0,0,25,274.5,247.3,201.8,167.1,521.8,368.9,9,13,5,2,1,0
916.0,1,7,272.4,245.2,200.7,169.3,517.6,370.0,9,13,5,2,0,
917.0,1,7,272.4,245.2,200.7,169.3,517.6,370.0,9,13,5,2,0,
918.0,1,7,272.4,245.2,198.0,169.2,517.6,367.2,9,13,5,2,0,
919.0,1,7,272.4,245.2,196.8,169.2,517.6,366.0,9,13,5,2,0,
920.0,1,7,272.4,245.2,195.8,169.2,517.6,365.0,9,13,5,2,1,0
921.0,0,25,274.5,247.3,199.9,172.3,521.8,372.2,9,13,5,2,0,
922.0,0,25,274.5,247.3,199.0,172.3,521.8,371.3,9,13,5,2,0,
923.0,0,25,274.5,247.3,198.7,172.3,521.8,370.9,9,13,5,2,0,
924.0,0,25,274.5,247.3,199.3,171.6,521.8,370.9,9,13,5,2,0,
925.0,0,25,274.5,247.3,199.3,171.1,521.8,370.4,9,13,5,2,1,0
926.0,0,25,274.5,247.3,199.3,171.1,521.8,370.4,9,13,5,2,0,
927.0,0,25,274.5,248.6,200.9,171.1,523.0,372.0,9,14,5,2,0,
928.0,0,25,274.5,248.6,200.9,167.1,523.0,368.0,9,14,5,2,0,
929.0,0,25,274.5,251.0,201.8,167.1,525.5,368.9,9,15,5,2,0,
930.0,0,25,274.5,251.0,201.8,167.1,525.5,368.9,9,15,5,2,1,0
931.0,0,25,274.5,251.0,201.8,167.1,525.5,368.9,9,15,5,2,0,
932.0,0,25,274.5,248.6,201.8,167.1,523.0,368.9,9,15,5,2,0,
933.0,0,25,274.5,248.6,201.8,167.1,523.0,368.9,9,15,5,2,0,
934.0,0,25,274.5,250.7,201.8,167.1,525.2,368.9,9,15,5,2,0,
935.0,0,25,274.5,250.7,201.8,167.1,525.2,368.9,9,15,5,2,1,0
936.0,0,25,274.5,250.7,201.8,167.1,525.2,368.9,9,15,5,2,0,
937.0,0,25,274.5,250.7,201.8,167.1,525.2,368.9,9,15,5,2,0,
938.0,0,25,274.5,250.7,201.8,167.1,525.2,368.9,9,15,5,2,0,
939.0,0,25,274.5,250.7,201.8,167.1,525.2,368.9,9,15,5,2,0,
940.0,0,25,274.5,250.7,201.8,167.1,525.2,368.9,9,15,5,2,1,0
941.0,0,25,274.5,250.7,201.8,167.1,525.2,368.9,9,15,5,2,0,
942.0,0,25,274.5,250.7,201.8,167.1,525.2,368.9,9,15,5,2,0,
943.0,0,25,274.5,250.7,201.8,167.1,525.2,368.9,9,15,5,2,0,
944.0,0,25,274.5,250.7,201.8,167.1,525.2,368.9,9,15,5,2,0,
945.0,0,25,274.5,250.7,200.9,167.1,525.2,368.0,9,15,5,2,1,0
946.0,1,7,272.4,248.6,195.8,166.0,521.0,361.8,9,15,5,2,0,
947.0,1,7,272.4,248.6,195.8,166.0,521.0,361.8,9,15,5,2,0,
948.0,1,7,272.4,248.6,196.8,169.4,521.0,366.2,9,15,5,2,0,
949.0,1,7,272.4,248.6,196.8,169.2,521.0,366.0,9,15,5,2,0,
950.0,1,7,272.4,248.6,196.4,169.2,521.0,365.6,9,15,5,2,1,0
951.0,0,25,274.5,250.7,199.3,171.6,525.2,370.9,9,15,5,2,0,
952.0,0,25,274.5,250.7,199.3,171.6,525.2,370.9,9,15,5,2,0,
953.0,0,25,274.5,250.7,199.3,172.3,525.2,371.5,9,15,5,2,0,
954.0,0,25,274.5,343.7,200.9,172.3,618.2,373.2,9,15,5,2,0,
955.0,0,25,274.5,335.9,200.9,172.3,610.4,373.2,9,15,5,2,1,0
956.0,0,25,336.2,315.3,200.9,172.3,651.5,373.2,10,15,5,2,0,
957.0,0,25,333.9,312.0,201.8,172.0,645.9,373.8,10,15,5,2,0,
958.0,0,25,305.4,328.5,201.8,172.0,633.9,373.8,10,15,5,2,0,
959.0,0,25,307.1,392.8,201.8,167.1,699.9,368.9,10,15,5,2,0,
960.0,0,25,334.8,361.8,201.8,167.1,696.6,368.9,10,15,5,2,1,0
961.0,0,25,388.6,380.7,201.8,167.1,769.3,368.9,10,15,5,2,0,
962.0,0,25,374.3,385.9,201.8,167.1,760.2,368.9,10,15,5,2,0,
963.0,0,25,388.2,385.5,201.8,167.1,773.6,368.9,10,15,5,2,0,
964.0,0,25,401.0,365.5,201.8,167.1,766.5,368.9,10,15,5,2,0,
965.0,0,25,399.5,352.1,201.8,167.1,751.6,368.9,10,15,5,2,1,0
966.0,0,25,371.8,342.3,201.8,167.1,714.1,368.9,10,15,5,2,0,
967.0,0,25,361.5,342.0,201.8,167.1,703.5,368.9,10,15,5,2,0,
968.0,0,25,317.3,341.7,201.8,167.1,659.0,368.9,10,15,5,2,0,
969.0,0,25,264.2,351.0,201.8,167.1,615.2,368.9,10,15,5,2,0,
970.0,0,25,264.3,353.6,201.8,167.1,617.8,368.9,10,15,5,2,1,0
971.0,0,25,263.3,355.6,200.3,171.8,618.9,372.1,10,15,5,2,0,
972.0,0,25,260.4,355.6,200.3,171.6,616.0,371.9,10,15,5,2,0,
973.0,0,25,260.1,352.7,200.3,171.6,612.8,371.9,10,15,5,2,0,
974.0,0,25,263.0,352.5,199.0,171.6,615.5,370.6,10,15,5,2,0,
975.0,0,25,263.3,354.8,199.9,171.6,618.1,371.5,10,15,5,2,1,0
976.0,1,7,261.2,350.4,196.6,169.4,611.6,366.0,10,15,5,2,0,
977.0,1,7,261.2,350.5,196.6,169.4,611.8,365.9,10,15,5,2,0,
978.0,1,7,261.2,350.5,197.3,168.7,611.8,366.0,10,15,5,2,0,
979.0,1,7,265.9,350.5,196.8,168.7,616.5,365.5,10,15,5,2,0,
980.0,1,7,265.9,350.5,197.9,168.7,616.5,366.6,10,15,5,2,1,0
981.0,0,25,268.0,352.6,200.9,172.0,620.6,372.9,10,15,5,2,0,
982.0,0,25,268.0,352.6,200.9,167.1,620.6,368.0,10,15,5,2,0,
983.0,0,25,268.0,349.2,200.9,167.1,617.3,368.0,10,16,5,2,0,
984.0,0,25,268.0,348.0,201.8,167.1,616.0,368.9,10,16,5,2,0,
985.0,0,25,268.0,320.8,201.8,167.1,588.8,368.9,10,16,5,2,1,0
986.0,0,25,268.0,365.1,201.8,167.1,633.1,368.9,10,16,5,2,0,
987.0,0,25,268.0,356.9,201.8,167.1,624.9,368.9,10,16,5,2,0,
988.0,0,25,268.0,380.3,201.8,167.1,648.3,368.9,10,16,5,2,0,
989.0,0,25,268.0,362.5,201.8,167.1,630.5,368.9,10,16,5,2,0,
990.0,0,25,268.0,380.7,201.8,167.1,648.7,368.9,10,16,5,2,1,0
991.0,0,25,268.0,386.4,201.8,167.1,654.5,368.9,10,16,5,2,0,
992.0,0,25,268.0,367.7,201.8,167.1,635.7,368.9,10,16,5,2,0,
993.0,0,25,268.0,348.6,201.8,167.1,616.6,368.9,10,16,5,2,0,
994.0,0,25,268.0,347.4,201.8,167.1,615.4,368.9,10,16,5,2,0,
995.0,0,25,268.0,346.9,201.8,167.1,615.0,368.9,10,16,5,2,1,0
996.0,0,25,268.0,341.8,201.8,167.1,609.9,368.9,10,16,5,2,0,
997.0,0,25,268.0,343.1,201.8,167.1,611.1,368.9,10,16,5,2,0,
998.0,0,25,268.0,355.5,200.9,167.1,623.5,368.0,10,16,5,2,0,
999.0,0,25,268.0,354.6,199.0,167.1,622.6,366.1,10,16,5,2,0,
1000.0,0,25,268.0,354.8,199.0,167.1,622.8,366.1,10,16,5,2,1,0
1001.0,0,25,268.0,355.0,199.0,171.8,623.0,370.8,10,16,5,2,0,
1002.0,0,25,268.0,355.0,199.0,171.6,623.0,370.6,10,16,5,2,0,
1003.0,0,25,268.0,355.0,198.7,171.6,623.0,370.3,10,16,5,2,0,
1004.0,0,25,268.0,352.6,199.3,171.6,620.6,370.9,10,16,5,2,0,
1005.0,0,25,268.0,352.6,199.3,171.6,620.6,370.9,10,16,5,2,1,0
1006.0,1,7,265.9,350.5,198.2,169.4,616.5,367.6,10,16,5,2,0,
1007.0,1,7,265.9,347.8,204.8,169.3,613.7,374.1,10,15,6,2,0,
1008.0,1,7,265.9,347.8,201.2,169.3,613.7,370.5,10,15,6,2,0,
1009.0,1,7,265.9,347.8,202.0,168.7,613.7,370.6,10,15,6,2,0,
1010.0,1,7,265.9,347.8,217.4,168.7,613.7,386.1,10,15,6,2,1,0
1011.0,0,25,268.0,352.6,229.7,172.0,620.6,401.6,10,16,6,2,0,
1012.0,0,25,268.0,341.3,322.4,167.1,609.4,489.5,10,16,6,2,0,
1013.0,0,25,268.0,341.3,286.3,167.1,609.4,453.5,10,16,6,2,0,
1014.0,0,25,268.0,341.3,284.8,167.1,609.4,452.0,10,16,6,2,0,
1015.0,0,25,268.0,341.3,276.9,167.1,609.4,444.1,10,16,6,2,1,0
1016.0,0,25,268.0,352.6,279.9,167.1,620.6,447.0,10,16,6,2,0,
1017.0,0,25,268.0,352.6,286.3,167.1,620.6,453.4,10,16,6,2,0,
1018.0,0,25,268.0,352.6,273.9,167.1,620.6,441.0,10,16,6,2,0,
1019.0,0,25,268.0,352.6,235.1,167.1,620.6,402.3,10,16,6,2,0,
1020.0,0,25,268.0,352.6,219.7,167.1,620.6,386.8,10,16,6,2,1,0
1021.0,0,25,268.0,352.6,215.6,167.1,620.6,382.7,10,16,6,2,0,
1022.0,0,25,268.0,352.6,200.5,167.1,620.6,367.6,10,16,6,2,0,
1023.0,0,25,268.0,352.6,183.5,167.1,620.6,350.6,10,16,6,2,0,
1024.0,0,25,268.0,352.6,180.9,167.1,620.6,348.0,10,16,6,2,0,
1025.0,0,25,268.0,352.6,197.7,167.1,620.6,364.8,10,16,6,2,1,0
1026.0,0,25,268.0,352.6,188.6,167.1,620.6,355.7,10,16,6,2,0,
1027.0,0,25,268.0,352.6,190.0,171.8,620.6,361.8,10,16,6,2,0,
1028.0,0,25,268.0,352.6,188.5,171.8,620.6,360.3,10,16,6,2,0,
1029.0,0,25,268.0,352.6,185.0,171.8,620.6,356.7,10,16,6,2,0,
1030.0,0,25,268.0,352.6,190.0,171.6,620.6,361.6,10,16,6,2,1,0
1031.0,0,25,268.0,352.6,192.0,171.6,620.6,363.6,10,16,6,2,0,
1032.0,0,25,268.0,352.6,196.8,172.3,620.6,369.1,10,16,6,2,0,
1033.0,0,25,268.0,352.6,200.1,172.3,620.6,372.4,10,16,6,2,0,
1034.0,0,25,350.8,350.1,201.6,172.3,700.9,373.8,11,15,5,2,0,
1035.0,0,25,351.3,350.1,201.6,172.3,701.4,373.8,11,15,5,2,1,0
1036.0,1,7,334.5,347.8,196.8,168.7,682.3,365.5,11,15,5,2,0,
1037.0,1,7,325.3,347.8,197.1,168.7,673.1,365.8,11,15,5,2,0,
1038.0,1,7,320.7,350.5,197.8,169.6,671.2,367.4,11,16,5,2,0,
1039.0,1,7,382.6,339.2,199.3,169.6,721.9,368.9,11,16,5,2,0,
1040.0,1,7,382.1,339.2,199.3,169.6,721.4,368.9,11,16,5,2,1,0
1041.0,0,25,404.5,341.3,201.8,167.1,745.9,368.9,11,16,5,2,0,
1042.0,0,25,375.1,341.3,201.8,167.1,716.5,368.9,11,16,5,2,0,
1043.0,0,25,386.0,352.6,201.8,167.1,738.6,368.9,11,16,5,2,0,
1044.0,0,25,394.9,352.6,201.8,167.1,747.5,368.9,11,16,5,2,0,
1045.0,0,25,398.4,352.6,201.8,167.1,751.1,368.9,11,16,5,2,1,0
1046.0,0,25,398.4,352.6,201.8,167.1,751.0,368.9,11,16,5,2,0,
1047.0,0,25,398.1,352.6,201.8,167.1,750.7,368.9,11,16,5,2,0,
1048.0,0,25,374.8,352.6,201.8,167.1,727.4,368.9,11,16,5,2,0,
1049.0,0,25,374.4,352.6,201.8,167.1,727.1,368.9,11,16,5,2,0,
1050.0,0,25,356.0,352.6,201.8,167.1,708.6,368.9,11,16,5,2,1,0
1051.0,0,25,353.5,352.6,200.3,171.8,706.1,372.1,11,16,5,2,0,
1052.0,0,25,352.8,352.6,200.3,171.8,705.4,372.1,11,16,5,2,0,
1053.0,0,25,362.4,352.6,200.3,171.8,715.1,372.1,11,16,5,2,0,
1054.0,0,25,366.6,352.6,200.3,171.8,719.2,372.1,11,16,5,2,0,
1055.0,0,25,366.6,352.6,200.3,171.8,719.2,372.1,11,16,5,2,1,0
1056.0,0,25,371.0,341.3,198.7,172.3,712.3,370.9,11,17,5,2,0,
1057.0,0,25,370.9,341.3,199.3,172.3,712.3,371.5,11,17,5,2,0,
1058.0,0,25,370.9,341.3,198.7,172.3,712.3,370.9,11,17,5,2,0,
1059.0,0,25,370.9,341.3,199.3,172.3,712.3,371.5,11,17,5,2,0,
1060.0,0,25,370.9,349.6,218.8,171.8,720.6,390.6,11,16,6,2,1,0
1061.0,0,25,370.9,347.8,217.5,171.1,718.8,388.6,11,16,6,2,0,
1062.0,0,25,370.9,320.6,214.7,171.1,691.6,385.8,11,16,6,2,0,
1063.0,0,25,370.9,366.4,225.7,172.0,737.3,397.7,11,16,6,2,0,
1064.0,0,25,370.9,356.3,232.4,172.0,727.3,404.4,11,16,6,2,0,
1065.0,0,25,368.7,392.1,419.0,172.0,760.8,591.0,10,16,8,2,1,0
1066.0,1,7,366.4,360.2,416.8,169.6,726.6,586.4,10,16,8,2,0,
1067.0,1,7,366.4,372.8,405.4,165.9,739.2,571.3,10,16,8,2,0,
1068.0,1,7,366.4,385.2,359.1,165.9,751.6,525.1,10,16,8,2,0,
1069.0,1,7,366.4,385.2,349.2,165.9,751.6,515.2,10,16,8,2,0,
1070.0,1,7,369.1,381.1,295.3,165.9,750.2,461.2,10,16,8,2,1,0
1071.0,0,25,371.2,381.3,271.8,167.1,752.5,438.9,10,16,8,2,0,
1072.0,0,25,371.2,357.9,278.4,167.1,729.1,445.6,10,16,8,2,0,
1073.0,0,25,371.2,358.2,285.5,167.1,729.5,452.6,10,16,8,2,0,
1074.0,0,25,371.2,360.0,288.0,167.1,731.2,455.1,10,16,8,2,0,
1075.0,0,25,371.2,368.9,283.7,167.1,740.2,450.9,10,16,8,2,1,0
1076.0,0,25,371.2,371.3,285.2,167.1,742.5,452.3,10,16,8,2,0,
1077.0,0,25,371.2,371.3,279.7,167.1,742.5,446.9,10,16,8,2,0,
1078.0,0,25,371.2,370.5,289.8,171.8,741.7,461.5,10,16,8,2,0,
1079.0,0,25,371.2,370.5,278.2,171.8,741.7,450.0,10,16,8,2,0,
1080.0,0,25,371.2,370.6,283.8,171.8,741.9,455.5,10,16,8,2,1,0
1081.0,0,25,371.2,368.3,297.7,171.6,739.5,469.3,10,16,8,2,0,
1082.0,0,25,371.2,368.3,295.4,171.6,739.5,467.0,10,16,8,2,0,
1083.0,0,25,371.2,368.3,295.8,171.6,739.5,467.3,10,16,8,2,0,
1084.0,0,25,371.2,368.3,304.1,172.3,739.5,476.3,10,16,8,2,0,
1085.0,0,25,371.2,368.3,304.9,172.3,739.5,477.2,10,16,8,2,1,0
1086.0,0,25,371.2,368.3,311.1,172.3,739.5,483.3,10,16,8,2,0,
1087.0,0,25,371.2,368.3,301.9,168.5,739.5,470.4,10,16,6,3,0,
1088.0,0,25,371.2,368.3,311.0,166.2,739.5,477.2,10,16,6,3,0,
1089.0,0,25,371.2,368.3,328.9,170.5,739.5,499.3,10,16,6,3,0,
1090.0,0,25,371.2,368.3,273.6,164.6,739.5,438.2,10,16,5,3,1,0
1091.0,0,25,371.2,368.3,273.6,166.0,739.5,439.6,10,16,5,3,0,
1092.0,0,25,371.2,368.3,256.4,198.2,739.5,454.6,10,16,6,3,0,
1093.0,0,25,371.2,368.3,258.6,196.5,739.5,455.1,10,16,6,3,0,
1094.0,0,25,371.2,368.3,246.8,196.5,739.5,443.4,10,16,6,3,0,
1095.0,0,25,371.2,368.3,281.9,196.2,739.5,478.1,10,16,6,3,1,0
1096.0,1,7,369.1,366.2,294.0,196.1,735.4,490.0,10,16,6,3,0,
1097.0,1,7,369.1,366.2,318.3,197.3,735.4,515.6,10,16,6,3,0,
1098.0,1,7,369.1,366.2,291.5,190.8,735.4,482.3,10,16,6,3,0,
1099.0,1,7,369.1,366.2,279.8,185.4,735.4,465.2,10,16,6,3,0,
1100.0,1,7,369.1,366.2,272.8,186.9,735.4,459.7,10,16,6,3,1,0
1101.0,0,25,371.2,368.3,276.8,186.9,739.5,463.7,10,16,6,3,0,
1102.0,0,25,371.2,368.3,275.0,177.2,739.5,452.2,10,16,6,3,0,
1103.0,0,25,371.2,368.3,270.2,166.4,739.5,436.6,10,16,6,3,0,
1104.0,0,25,371.2,368.3,270.9,163.4,739.5,434.3,10,16,6,3,0,
1105.0,0,25,371.2,368.3,269.9,156.2,739.5,426.1,10,16,6,3,1,0
1106.0,0,25,371.2,368.3,273.6,164.8,739.5,438.4,10,16,6,3,0,
1107.0,0,25,371.2,368.3,291.1,168.2,739.5,459.3,10,16,6,3,0,
1108.0,0,25,371.2,368.3,294.9,165.4,739.5,460.3,10,16,6,3,0,
1109.0,0,25,371.2,368.3,293.1,168.6,739.5,461.8,10,16,6,3,0,
1110.0,0,25,371.2,368.3,293.9,166.2,739.5,460.0,10,16,6,3,1,0
1111.0,0,25,371.2,368.3,293.8,156.9,739.5,450.7,10,16,6,3,0,
1112.0,0,25,371.2,368.3,293.1,163.5,739.5,456.6,10,16,6,3,0,
1113.0,0,25,371.2,368.3,282.1,165.0,739.5,447.1,10,16,7,2,0,
1114.0,0,25,371.2,368.3,289.3,165.9,739.5,455.3,10,16,7,2,0,
1115.0,0,25,359.6,368.3,292.9,170.1,728.0,463.0,11,16,7,2,1,0
1116.0,0,25,359.6,368.3,291.1,166.9,728.0,458.0,11,16,7,2,0,
1117.0,0,25,359.6,368.3,316.6,166.9,728.0,483.6,11,16,7,2,0,
1118.0,0,25,359.6,368.3,306.7,167.1,728.0,473.9,11,16,6,2,0,
1119.0,0,25,359.6,368.3,306.7,167.1,728.0,473.9,11,16,6,2,0,
1120.0,0,25,339.4,368.3,305.6,167.1,707.7,472.8,12,16,6,2,1,0
1121.0,0,25,351.1,368.3,305.6,167.1,719.4,472.8,12,16,6,2,0,
1122.0,0,25,354.0,368.3,305.6,167.1,722.3,472.8,12,16,6,2,0,
1123.0,0,25,359.1,368.3,310.2,167.1,727.4,477.3,12,16,6,2,0,
1124.0,0,25,343.9,368.3,310.2,167.1,712.3,477.3,12,16,6,2,0,
1125.0,0,25,390.9,368.3,310.2,167.1,759.2,477.3,12,16,6,2,1,0
1126.0,1,7,373.7,366.2,308.3,166.0,740.0,474.3,12,16,6,2,0,
1127.0,1,7,373.5,366.2,308.3,166.0,739.7,474.3,12,16,6,2,0,
1128.0,1,7,392.8,366.2,308.3,166.0,759.0,474.3,12,16,6,2,0,
1129.0,1,7,397.1,366.2,308.3,166.0,763.3,474.3,12,16,6,2,0,
1130.0,1,7,395.8,366.2,308.3,166.0,762.0,474.3,12,16,6,2,1,0
1131.0,0,25,370.2,368.3,308.9,171.8,738.5,480.7,12,16,6,2,0,
1132.0,0,25,370.2,368.3,308.6,171.8,738.5,480.4,12,16,6,2,0,
1133.0,0,25,368.9,368.3,308.9,171.8,737.2,480.6,12,16,6,2,0,
1134.0,0,25,368.0,368.3,308.9,171.6,736.3,480.5,12,16,6,2,0,
1135.0,0,25,359.0,368.3,308.9,171.6,727.3,480.5,12,16,6,2,1,0
1136.0,0,25,365.4,368.3,308.0,172.3,733.8,480.2,12,16,6,2,0,
1137.0,0,25,365.1,368.3,308.4,172.3,733.4,480.7,12,16,6,2,0,
1138.0,0,25,365.1,368.3,308.2,172.3,733.4,480.4,12,16,6,2,0,
1139.0,0,25,365.3,368.3,308.4,171.1,733.6,479.5,12,16,6,2,0,
1140.0,0,25,355.9,351.6,309.9,171.1,707.5,481.1,13,17,6,2,1,0
1141.0,0,25,355.9,349.5,310.0,172.0,705.4,482.0,13,17,6,2,0,
1142.0,0,25,355.9,376.4,310.0,172.0,732.3,482.0,13,17,6,2,0,
1143.0,0,25,360.6,372.3,311.3,167.1,732.9,478.4,13,17,6,2,0,
1144.0,0,25,360.6,365.5,311.3,167.1,726.1,478.4,13,17,6,2,0,
1145.0,0,25,371.9,379.5,310.2,167.1,751.5,477.3,13,17,6,2,1,0
1146.0,0,25,371.9,389.3,310.2,167.1,761.2,477.3,13,17,6,2,0,
1147.0,0,25,367.6,360.0,261.8,167.1,727.7,429.0,12,17,7,2,0,
1148.0,0,25,367.6,371.8,260.5,167.1,739.5,427.6,12,17,7,2,0,
1149.0,0,25,367.6,384.1,251.2,167.1,751.7,418.3,12,17,7,2,0,
1150.0,0,25,367.6,381.8,286.8,167.1,749.5,454.0,12,17,7,2,1,0
1151.0,0,25,367.6,376.6,286.3,167.1,744.3,453.4,12,17,7,2,0,
1152.0,0,25,370.2,377.0,328.5,167.1,747.2,495.7,12,17,7,2,0,
1153.0,0,25,370.2,377.0,290.7,167.1,747.2,457.8,12,17,7,2,0,
1154.0,0,25,370.2,379.3,282.5,167.1,749.5,449.7,12,17,7,2,0,
1155.0,0,25,370.2,378.8,276.8,167.1,749.0,443.9,12,17,7,2,1,0
1156.0,1,7,368.1,378.7,266.7,166.0,746.8,432.7,12,17,7,2,0,
1157.0,1,7,368.1,378.7,263.3,166.0,746.8,429.3,12,17,7,2,0,
1158.0,1,7,368.1,376.1,262.6,169.4,744.2,432.0,12,17,7,2,0,
1159.0,1,7,368.1,375.9,262.8,169.8,744.0,432.7,12,17,7,2,0,
1160.0,1,7,368.1,376.1,262.4,169.4,744.1,431.8,12,17,7,2,1,0
1161.0,0,25,370.2,378.2,280.4,171.6,748.3,451.9,12,17,7,2,0,
1162.0,0,25,370.2,378.2,295.3,171.6,748.3,466.9,12,17,7,2,0,
1163.0,0,25,370.2,378.2,295.5,172.3,748.3,467.8,12,17,7,2,0,
1164.0,0,25,370.2,378.2,293.9,172.3,748.3,466.2,12,17,7,2,0,
1165.0,0,25,370.2,378.2,294.9,172.3,748.3,467.1,12,17,7,2,1,0
1166.0,0,25,360.6,378.2,300.1,172.3,738.8,472.4,13,17,7,2,0,
1167.0,0,25,370.2,378.2,304.3,171.1,748.3,475.4,12,17,7,2,0,
1168.0,0,25,370.2,378.2,311.7,171.1,748.3,482.8,12,17,7,2,0,
1169.0,0,25,370.2,378.2,328.7,172.0,748.3,500.7,12,17,7,2,0,
1170.0,0,25,370.2,378.2,306.7,172.0,748.3,478.7,12,17,6,2,1,0
1171.0,0,25,367.6,378.2,305.6,167.1,745.8,472.8,12,17,6,2,0,
1172.0,0,25,370.2,378.2,305.6,167.1,748.3,472.8,12,17,6,2,0,
1173.0,0,25,370.2,378.2,305.6,167.1,748.3,472.8,12,17,6,2,0,
1174.0,0,25,351.7,378.2,305.6,167.1,729.8,472.8,13,17,6,2,0,
1175.0,0,25,346.8,378.2,310.2,167.1,725.0,477.3,13,17,6,2,1,0
1176.0,0,25,365.2,378.2,310.2,167.1,743.4,477.3,13,17,6,2,0,
1177.0,0,25,356.0,378.2,310.2,167.1,734.2,477.3,13,17,6,2,0,
1178.0,0,25,369.1,378.2,310.2,167.1,747.2,477.3,13,17,6,2,0,
1179.0,0,25,385.6,378.2,310.2,167.1,763.8,477.3,13,17,6,2,0,
1180.0,0,25,400.5,378.2,310.2,167.1,778.7,477.3,13,17,6,2,1,0
1181.0,0,25,370.7,378.2,310.2,167.1,748.8,477.3,13,17,6,2,0,
1182.0,0,25,383.4,378.2,310.2,167.1,761.5,477.3,13,17,6,2,0,
1183.0,0,25,394.8,378.2,310.2,167.1,772.9,477.3,13,17,6,2,0,
1184.0,0,25,393.0,378.2,308.6,171.8,771.2,480.4,13,17,6,2,0,
1185.0,0,25,374.0,378.2,308.6,171.8,752.1,480.4,13,17,6,2,1,0
1186.0,1,7,364.4,376.1,305.4,169.4,740.5,474.8,13,17,6,2,0,
1187.0,1,7,364.3,376.1,305.6,169.4,740.4,475.0,13,17,6,2,0,
1188.0,1,7,359.5,376.1,305.6,169.4,735.6,475.0,13,17,6,2,0,
1189.0,1,7,354.7,376.1,305.0,169.4,730.7,474.3,13,17,6,2,0,
1190.0,1,7,367.0,376.1,304.8,169.4,743.1,474.1,13,17,6,2,1,0
1191.0,0,25,366.8,378.2,308.2,171.8,745.0,479.9,13,17,6,2,0,
1192.0,0,25,367.2,378.2,308.4,171.8,745.4,480.2,13,17,6,2,0,
1193.0,0,25,362.9,355.0,268.6,183.8,717.9,452.4,12,18,5,3,0,
1194.0,0,25,362.9,412.8,308.9,174.5,775.7,483.5,12,18,6,3,0,
1195.0,0,25,362.9,385.3,310.0,174.5,748.2,484.5,12,18,6,3,1,0
1196.0,0,25,367.6,380.9,310.0,177.3,748.5,487.4,12,18,6,3,0,
1197.0,0,25,367.6,364.3,311.3,175.4,731.9,486.6,12,18,6,3,0,
1198.0,0,25,370.2,379.2,299.1,210.3,749.4,509.5,12,18,6,3,0,
1199.0,0,25,370.2,388.1,310.2,212.8,758.3,522.9,12,18,6,3,0,
1200.0,0,25,370.2,360.0,310.2,217.4,730.2,527.6,12,18,6,3,1,0
1201.0,0,25,370.2,372.0,310.2,206.0,742.2,516.2,12,18,6,3,0,
1202.0,0,25,360.6,374.2,310.2,203.8,734.9,514.0,13,18,6,3,0,
1203.0,0,25,360.6,379.9,310.2,206.9,740.5,517.1,13,18,6,3,0,
1204.0,0,25,360.6,378.1,310.2,211.8,738.8,521.9,13,18,6,3,0,
1205.0,0,25,360.6,377.0,310.2,194.7,737.6,504.9,13,18,6,3,1,0
1206.0,0,25,360.6,379.1,310.2,188.8,739.8,499.0,13,18,6,3,0,
1207.0,0,25,371.9,377.0,310.2,189.1,749.0,499.2,13,18,6,3,0,
1208.0,0,25,371.9,380.8,310.2,185.7,752.8,495.9,13,18,6,3,0,
1209.0,0,25,371.9,380.8,310.2,176.3,752.8,486.4,13,18,6,3,0,
1210.0,0,25,371.9,378.0,310.2,165.7,750.0,475.9,13,18,6,3,1,0
1211.0,0,25,371.9,380.3,308.6,164.7,752.3,473.3,13,18,6,3,0,
1212.0,0,25,371.9,378.2,308.6,162.2,750.1,470.9,13,18,6,3,0,
1213.0,0,25,371.9,378.2,308.9,155.1,750.1,463.9,13,18,6,3,0,
1214.0,0,25,371.9,378.2,308.6,158.4,750.1,467.1,13,18,6,3,0,
1215.0,0,25,371.9,378.2,308.9,155.8,750.1,464.6,13,18,6,3,1,0
1216.0,1,7,369.8,376.5,305.2,155.1,746.4,460.3,13,18,6,3,0,
1217.0,1,7,369.8,376.5,304.8,157.4,746.4,462.2,13,18,6,3,0,
1218.0,1,7,369.8,376.5,304.8,156.5,746.4,461.3,13,18,6,3,0,
1219.0,1,7,365.3,352.6,305.0,151.1,717.9,456.0,12,19,6,3,0,
1220.0,1,7,365.3,413.1,306.6,150.9,778.5,457.5,12,19,6,3,1,0
1221.0,0,25,367.6,401.4,308.4,155.7,769.0,464.2,12,19,6,3,0,
1222.0,0,25,367.6,383.5,308.9,165.6,751.1,474.5,12,19,6,2,0,
1223.0,0,25,367.6,370.8,310.0,169.8,738.4,479.8,12,19,6,2,0,
1224.0,0,25,370.2,379.4,308.9,171.9,749.5,480.9,12,19,6,2,0,
1225.0,0,25,370.2,390.3,311.3,171.9,760.5,483.2,12,19,6,2,1,0
1226.0,0,25,370.2,359.9,311.3,170.9,730.1,482.2,12,19,6,2,0,
1227.0,0,25,370.2,360.2,310.2,172.0,730.4,482.2,12,19,6,2,0,
1228.0,0,25,370.2,367.1,310.2,172.0,737.3,482.2,12,19,6,2,0,
1229.0,0,25,370.2,456.9,310.2,172.0,827.1,482.2,12,20,6,2,0,
1230.0,0,25,370.2,451.4,310.2,172.0,821.6,482.2,12,20,6,2,1,0
1231.0,0,25,370.2,411.8,310.2,172.0,781.9,482.2,12,20,6,2,0,
1232.0,0,25,370.2,387.6,310.2,172.0,757.7,482.2,12,20,6,2,0,
1233.0,0,25,370.2,372.1,310.2,167.1,742.2,477.3,12,20,6,2,0,
1234.0,0,25,370.2,378.1,310.2,167.1,748.2,477.3,12,20,6,2,0,
1235.0,0,25,370.2,389.8,310.2,167.1,760.0,477.3,12,20,6,2,1,0
1236.0,0,25,370.2,360.4,310.2,167.1,730.5,477.3,12,20,6,2,0,
1237.0,0,25,370.2,372.0,308.6,167.1,742.2,475.8,12,20,6,2,0,
1238.0,0,25,370.2,374.2,308.9,171.8,744.4,480.7,12,20,6,2,0,
1239.0,0,25,370.2,379.9,308.6,171.8,750.1,480.4,12,20,6,2,0,
1240.0,0,25,370.2,379.8,308.9,171.8,750.0,480.6,12,20,6,2,1,0
1241.0,0,25,370.2,377.0,308.6,171.8,747.2,480.4,12,20,6,2,0,
1242.0,0,25,360.6,379.3,308.0,171.8,739.9,479.7,13,20,6,2,0,
1243.0,0,25,360.6,377.1,308.0,171.6,737.7,479.6,13,20,6,2,0,
1244.0,0,25,360.6,378.5,308.2,172.3,739.1,480.4,13,20,6,2,0,
1245.0,0,25,360.6,378.2,308.2,171.6,738.8,479.8,13,20,6,2,1,0
1246.0,1,7,348.3,376.5,306.3,169.2,724.9,475.5,13,20,6,2,0,
1247.0,1,7,341.4,376.5,307.4,169.4,717.9,476.7,13,20,6,2,0,
1248.0,1,7,362.3,376.5,308.1,168.7,738.8,476.8,13,20,6,2,0,
1249.0,1,7,367.7,376.5,308.1,168.7,744.2,476.8,13,20,6,2,0,
1250.0,1,7,360.4,376.5,308.1,169.6,737.0,477.7,13,20,6,2,1,0
1251.0,0,25,381.6,378.2,310.2,172.0,759.7,482.2,13,20,6,2,0,
1252.0,0,25,385.3,378.2,310.2,167.1,763.5,477.3,13,20,6,2,0,
1253.0,0,25,396.3,378.2,310.2,167.1,774.5,477.3,13,20,6,2,0,
1254.0,0,25,367.1,378.2,310.2,167.1,745.2,477.3,13,20,6,2,0,
1255.0,0,25,367.5,378.2,310.2,167.1,745.6,477.3,13,20,6,2,1,0
1256.0,0,25,444.6,378.2,259.8,167.1,822.7,426.9,14,20,6,2,0,
1257.0,0,25,437.1,378.2,261.8,167.1,815.3,429.0,14,20,6,2,0,
1258.0,0,25,400.2,378.2,248.0,167.1,778.3,415.2,14,20,6,2,0,
1259.0,0,25,406.5,378.2,292.0,167.1,784.6,459.1,14,20,6,2,0,
1260.0,0,25,380.0,378.2,289.3,167.1,758.2,456.4,14,20,6,2,1,0
1261.0,0,25,386.7,378.2,332.8,167.1,764.9,500.0,14,20,6,2,0,
1262.0,0,25,402.4,378.2,330.9,167.1,780.5,498.1,14,20,6,2,0,
1263.0,0,25,374.5,378.2,327.1,167.1,752.6,494.2,14,20,6,2,0,
1264.0,0,25,385.1,378.2,289.4,171.8,763.3,461.2,14,20,6,2,0,
1265.0,0,25,384.5,378.2,279.5,171.8,762.7,451.3,14,20,6,2,1,0
1266.0,0,25,384.0,378.2,279.9,171.8,762.1,451.6,14,20,6,2,0,
1267.0,0,25,381.8,378.2,273.4,171.8,760.0,445.2,14,20,6,2,0,
1268.0,0,25,385.3,378.2,271.4,171.8,763.4,443.2,14,20,6,2,0,
1269.0,0,25,381.4,378.2,268.2,171.8,759.5,440.0,14,20,6,2,0,
1270.0,0,25,379.7,378.2,268.9,171.6,757.9,440.5,14,20,6,2,1,0
1271.0,0,25,375.1,378.2,269.0,172.3,753.2,441.3,14,20,6,2,0,
1272.0,0,25,375.1,358.6,278.4,171.6,733.7,450.0,14,20,6,2,0,
1273.0,0,25,375.1,413.1,297.4,172.3,788.1,469.7,14,20,6,2,0,
1274.0,0,25,375.3,404.3,292.4,171.8,779.5,464.1,14,20,6,2,0,
1275.0,0,25,375.4,395.8,292.4,171.1,771.2,463.5,14,20,6,2,1,0
1276.0,1,7,377.7,371.1,286.4,168.7,748.8,455.1,14,20,6,2,0,
1277.0,1,7,377.7,371.7,286.4,169.6,749.4,456.0,14,20,6,2,0,
1278.0,1,7,377.7,382.5,288.3,169.6,760.2,457.9,14,20,6,2,0,
1279.0,1,7,377.7,358.8,289.1,165.9,736.5,455.0,14,20,6,2,0,
1280.0,1,7,377.7,355.3,298.5,165.9,733.0,464.5,14,20,6,2,1,0
1281.0,0,25,380.1,353.1,303.1,167.1,733.2,470.3,14,20,6,2,0,
1282.0,0,25,380.1,358.7,312.6,167.1,738.8,479.7,14,20,6,2,0,
1283.0,0,25,380.1,362.2,269.9,167.1,742.4,437.1,14,21,5,2,0,
1284.0,0,25,380.1,368.3,269.9,167.1,748.4,437.1,14,21,5,2,0,
1285.0,0,25,380.1,365.0,269.9,167.1,745.2,437.1,14,21,5,2,1,0
1286.0,0,25,380.1,367.4,269.9,167.1,747.5,437.1,14,21,5,2,0,
1287.0,0,25,380.1,367.4,269.9,167.1,747.5,437.1,14,21,5,2,0,
1288.0,0,25,380.1,366.7,274.5,167.1,746.8,441.6,14,21,5,2,0,
1289.0,0,25,380.1,366.5,274.5,167.1,746.6,441.6,14,21,5,2,0,
1290.0,0,25,380.1,366.5,273.2,167.1,746.6,440.3,14,21,5,2,1,0
1291.0,0,25,380.1,366.6,272.9,167.1,746.8,440.1,14,21,5,2,0,
1292.0,0,25,380.1,366.6,272.9,171.8,746.8,444.7,14,21,5,2,0,
1293.0,0,25,380.1,366.6,272.9,171.8,746.8,444.7,14,21,5,2,0,
1294.0,0,25,380.1,366.6,273.2,171.8,746.8,445.0,14,21,5,2,0,
1295.0,0,25,380.1,366.6,273.2,171.8,746.8,444.9,14,21,5,2,1,0
1296.0,0,25,380.1,366.6,273.2,171.6,746.8,444.8,14,21,5,2,0,
1297.0,0,25,380.1,366.6,272.3,172.3,746.8,444.6,14,21,5,2,0,
1298.0,0,25,380.1,366.6,272.3,172.3,746.8,444.6,14,21,5,2,0,
1299.0,0,25,380.1,366.6,273.2,172.3,746.8,445.4,14,21,5,2,0,
1300.0,0,25,380.1,366.6,273.2,172.3,746.8,445.4,14,21,5,2,1,0
1301.0,0,25,380.1,366.6,273.2,171.1,746.8,444.3,14,21,5,2,0,
1302.0,0,25,380.1,366.6,274.2,171.1,746.8,445.4,14,21,5,2,0,
1303.0,0,25,380.1,366.6,274.3,172.0,746.8,446.3,14,21,5,2,0,
1304.0,0,25,380.1,366.6,273.2,172.0,746.8,445.2,14,21,5,2,0,
1305.0,0,25,380.1,366.6,273.2,166.9,746.8,440.2,14,21,5,2,1,0
1306.0,1,7,377.7,364.2,274.1,165.9,741.9,440.1,14,21,5,2,0,
1307.0,1,7,377.7,364.2,274.1,165.9,741.9,440.1,14,21,5,2,0,
1308.0,1,7,377.7,364.2,274.1,165.9,741.9,440.1,14,21,5,2,0,
1309.0,1,7,377.7,364.2,274.1,165.9,741.9,440.1,14,21,5,2,0,
1310.0,1,7,377.7,364.2,274.1,166.0,741.9,440.1,14,21,5,2,1,0
1311.0,0,25,354.8,360.9,274.5,167.1,715.6,441.6,16,20,5,2,0,
1312.0,0,25,404.7,360.9,274.5,167.1,765.5,441.6,16,20,5,2,0,
1313.0,0,25,391.7,366.6,274.5,167.1,758.3,441.6,16,21,5,2,0,
1314.0,0,25,390.6,366.6,274.5,167.1,757.2,441.6,16,21,5,2,0,
1315.0,0,25,374.1,366.6,274.5,167.1,740.8,441.6,16,21,5,2,1,0
1316.0,0,25,385.1,364.7,274.5,167.1,749.8,441.6,16,21,5,2,0,
1317.0,0,25,387.6,364.7,274.5,167.1,752.3,441.6,16,21,5,2,0,
1318.0,0,25,387.5,366.6,274.5,171.8,754.1,446.2,16,21,5,2,0,
1319.0,0,25,402.2,366.6,272.9,171.8,768.8,444.7,16,21,5,2,0,
1320.0,0,25,400.1,366.6,272.9,171.8,766.8,444.7,16,21,5,2,1,0
1321.0,0,25,397.2,366.6,272.9,171.8,763.9,444.7,16,21,5,2,0,
1322.0,0,25,427.5,366.6,272.9,171.8,794.2,444.7,16,21,5,2,0,
1323.0,0,25,422.6,366.6,272.9,171.8,789.2,444.7,16,21,5,2,0,
1324.0,0,25,429.0,366.6,272.3,171.8,795.6,444.1,16,21,5,2,0,
1325.0,0,25,426.3,366.6,272.5,171.8,792.9,444.2,16,21,5,2,1,0
1326.0,0,25,424.8,366.6,272.5,171.8,791.5,444.2,16,21,5,2,0,
1327.0,0,25,425.2,366.6,272.5,167.1,791.8,439.6,16,21,5,2,0,
1328.0,0,25,425.4,366.6,273.2,171.8,792.0,444.9,16,21,5,2,0,
1329.0,0,25,425.4,366.6,274.2,171.8,792.0,446.0,16,21,5,2,0,
1330.0,0,25,425.4,366.6,274.3,171.8,792.0,446.1,16,21,5,2,1,0
1331.0,0,25,425.4,366.6,274.3,171.8,792.0,446.1,16,21,5,2,0,
1332.0,0,25,430.1,366.6,274.3,171.8,796.7,446.1,16,21,5,2,0,
1333.0,0,25,430.1,366.6,274.5,171.8,796.7,446.2,16,21,5,2,0,
1334.0,0,25,430.1,366.6,274.5,172.0,796.7,446.5,16,21,5,2,0,
1335.0,0,25,430.1,366.6,274.5,172.0,796.7,446.5,16,21,5,2,1,0
1336.0,1,7,426.5,364.2,274.1,169.6,790.7,443.7,16,21,5,2,0,
1337.0,1,7,426.5,364.2,273.6,169.6,790.7,443.2,16,21,5,2,0,
1338.0,1,7,426.5,420.9,273.3,169.6,847.4,442.9,16,22,5,2,0,
1339.0,1,7,426.5,419.6,273.3,169.6,846.1,442.9,16,22,5,2,0,
1340.0,1,7,426.5,413.7,273.3,169.6,840.2,442.9,16,22,5,2,1,0
1341.0,0,25,425.4,381.5,274.5,167.1,806.9,441.6,16,22,5,2,0,
1342.0,0,25,430.1,372.5,274.5,167.1,802.5,441.6,16,22,5,2,0,
1343.0,0,25,430.1,378.0,274.5,167.1,808.0,441.6,16,22,5,2,0,
1344.0,0,25,430.1,389.8,272.9,171.8,819.9,444.7,16,22,5,2,0,
1345.0,0,25,430.1,360.4,273.2,171.8,790.4,445.0,16,22,5,2,1,0
1346.0,0,25,430.1,367.9,272.9,171.8,797.9,444.7,16,22,5,2,0,
1347.0,0,25,430.1,365.9,273.2,171.8,796.0,445.0,16,21,5,2,0,
1348.0,0,25,430.1,362.8,272.9,171.8,792.9,444.7,16,21,5,2,0,
1349.0,0,25,430.1,364.0,273.2,171.8,794.0,444.9,16,21,5,2,0,
1350.0,0,25,430.1,360.4,273.2,171.8,790.5,444.9,16,21,5,2,1,0
1351.0,0,25,430.1,363.2,272.3,171.6,793.3,443.9,16,21,5,2,0,
1352.0,0,25,430.1,367.0,272.3,171.6,797.1,443.9,16,22,5,2,0,
1353.0,0,25,430.1,367.0,273.2,171.6,797.1,444.8,16,22,5,2,0,
1354.0,0,25,430.1,364.7,273.2,171.8,794.8,444.9,16,22,5,2,0,
1355.0,0,25,430.1,364.7,273.2,171.8,794.8,444.9,16,22,5,2,1,0
1356.0,0,25,430.1,364.7,274.2,171.1,794.8,445.4,16,22,5,2,0,
1357.0,0,25,430.1,366.6,274.3,172.0,796.7,446.3,16,22,5,2,0,
1358.0,0,25,430.1,366.6,273.2,172.0,796.7,445.2,16,22,5,2,0,
1359.0,0,25,430.1,366.6,275.6,172.0,796.7,447.6,16,22,5,2,0,
1360.0,0,25,430.1,366.6,274.5,167.1,796.7,441.6,16,22,5,2,1,0
1361.0,0,25,430.1,366.6,274.5,167.1,796.7,441.6,16,22,5,2,0,
1362.0,0,25,430.1,366.6,274.5,167.1,796.7,441.6,16,22,5,2,0,
1363.0,0,25,430.1,366.6,274.5,167.1,796.7,441.6,16,22,5,2,0,
1364.0,0,25,430.1,366.6,274.5,167.1,796.7,441.6,16,22,5,2,0,
1365.0,0,25,430.1,360.9,252.1,167.1,790.9,419.2,16,21,7,2,1,0
1366.0,1,7,426.5,358.2,256.8,166.0,784.7,422.8,16,21,7,2,0,
1367.0,1,7,426.5,358.2,239.3,166.0,784.7,405.3,16,21,7,2,0,
1368.0,1,7,426.5,358.2,272.7,166.0,784.7,438.7,16,21,7,2,0,
1369.0,1,7,426.5,358.2,279.6,166.0,784.7,445.6,16,21,7,2,0,
1370.0,1,7,426.5,358.7,296.0,166.0,785.2,462.0,16,21,7,2,1,0
1371.0,0,25,430.1,361.1,317.7,171.8,791.2,489.4,16,21,7,2,0,
1372.0,0,25,430.1,361.1,288.9,171.8,791.2,460.6,16,21,7,2,0,
1373.0,0,25,430.1,360.9,289.7,171.8,790.9,461.5,16,20,7,2,0,
1374.0,0,25,430.1,360.9,275.3,171.8,790.9,447.1,16,20,7,2,0,
1375.0,0,25,430.1,360.9,279.7,171.8,790.9,451.4,16,20,7,2,1,0
1376.0,0,25,430.1,360.9,278.9,171.8,790.9,450.7,16,20,7,2,0,
1377.0,0,25,430.1,360.9,287.6,171.8,790.9,459.4,16,20,7,2,0,
1378.0,0,25,430.1,359.2,312.8,171.8,789.3,484.6,16,21,7,2,0,
1379.0,0,25,430.1,359.2,313.5,171.8,789.3,485.3,16,21,7,2,0,
1380.0,0,25,430.1,359.2,314.6,167.1,789.3,481.7,16,21,7,2,1,0
1381.0,0,25,430.1,359.2,315.0,167.1,789.3,482.1,16,21,7,2,0,
1382.0,0,25,430.1,359.2,322.5,171.8,789.3,494.3,16,21,7,2,0,
1383.0,0,25,430.1,361.1,332.3,171.8,791.2,504.1,16,21,7,2,0,
1384.0,0,25,430.1,360.9,338.9,171.8,790.9,510.7,16,20,7,2,0,
1385.0,0,25,430.1,360.9,342.3,171.8,790.9,514.0,16,20,7,2,1,0
1386.0,0,25,430.1,360.9,335.7,171.8,790.9,507.4,16,20,6,2,0,
1387.0,0,25,430.1,360.9,335.7,171.8,790.9,507.4,16,20,6,2,0,
1388.0,0,25,430.1,360.9,335.7,171.8,790.9,507.4,16,20,6,2,0,
1389.0,0,25,430.1,361.1,337.7,172.0,791.2,509.7,16,20,6,2,0,
1390.0,0,25,430.1,361.1,335.7,172.0,791.2,507.7,16,20,6,2,1,0
1391.0,0,25,430.1,361.1,337.5,172.0,791.2,509.5,16,20,6,2,0,
1392.0,0,25,447.4,361.1,337.5,178.8,808.6,516.2,17,20,6,2,0,
1393.0,0,25,456.4,361.1,337.5,177.1,817.5,514.5,17,20,6,2,0,
1394.0,0,25,431.1,361.1,337.5,177.0,792.2,514.5,17,20,6,2,0,
1395.0,0,25,430.2,361.1,337.5,177.0,791.4,514.5,17,20,6,2,1,0
1396.0,1,7,395.4,358.7,336.0,178.1,754.1,514.1,17,20,6,2,0,
1397.0,1,7,386.8,361.0,332.9,196.7,747.8,529.5,17,20,6,2,0,
1398.0,1,7,374.2,358.7,333.3,197.6,732.9,530.9,17,20,6,2,0,
1399.0,1,7,376.2,358.7,332.9,191.8,734.9,524.7,17,20,6,2,0,
1400.0,1,7,371.2,358.7,333.0,196.4,729.9,529.4,17,20,6,2,1,0
1401.0,0,25,374.6,361.1,335.9,208.7,735.8,544.5,17,20,6,2,0,
1402.0,0,25,386.7,361.1,336.1,198.9,747.8,535.0,17,20,6,2,0,
1403.0,0,25,401.9,361.1,336.1,199.2,763.0,535.3,17,20,6,2,0,
1404.0,0,25,405.9,361.1,336.1,194.2,767.0,530.3,17,20,6,3,0,
1405.0,0,25,406.4,361.1,335.3,172.6,767.5,507.8,17,20,6,3,1,0
1406.0,0,25,410.6,361.1,336.2,163.8,771.7,500.0,17,20,6,3,0,
1407.0,0,25,410.7,361.1,336.2,162.2,771.9,498.4,17,20,6,3,0,
1408.0,0,25,410.7,361.1,336.1,162.9,771.9,499.0,17,20,6,3,0,
1409.0,0,25,410.7,361.1,336.1,163.7,771.9,499.9,17,20,6,3,0,
1410.0,0,25,410.7,361.1,336.1,163.1,771.9,499.2,17,20,6,3,1,0
1411.0,0,25,410.7,361.1,336.2,159.4,771.9,495.7,17,20,6,3,0,
1412.0,0,25,410.7,361.1,336.2,154.9,771.9,491.1,17,20,6,3,0,
1413.0,0,25,410.7,361.1,337.5,157.4,771.9,494.9,17,20,6,3,0,
1414.0,0,25,410.7,361.1,337.5,184.4,771.9,521.9,17,20,6,3,0,
1415.0,0,25,410.7,361.1,337.5,166.1,771.9,503.5,17,20,6,2,1,0
1416.0,0,25,410.7,361.1,337.5,166.9,771.9,504.4,17,20,6,2,0,
1417.0,0,25,410.7,361.1,337.5,166.9,771.9,504.4,17,20,6,2,0,
1418.0,0,25,410.7,361.1,337.5,166.9,771.9,504.4,17,20,6,2,0,
1419.0,0,25,410.7,361.1,337.5,166.9,771.9,504.4,17,20,6,2,0,
1420.0,0,25,410.7,359.2,337.5,167.1,770.0,504.6,17,21,6,2,1,0
1421.0,0,25,410.7,359.2,337.5,167.1,770.0,504.6,17,21,6,2,0,
1422.0,0,25,410.7,359.2,337.5,167.1,770.0,504.6,17,21,6,2,0,
1423.0,0,25,410.7,359.2,337.5,167.1,770.0,504.6,17,21,6,2,0,
1424.0,0,25,410.7,359.2,336.2,171.8,770.0,508.0,17,21,6,2,0,
1425.0,0,25,410.7,361.1,335.9,171.8,771.9,507.6,17,21,6,2,1,0
1426.0,1,7,409.6,358.7,333.0,169.8,768.3,502.9,17,21,6,2,0,
1427.0,1,7,409.6,358.7,332.9,169.4,768.3,502.3,17,21,6,2,0,
1428.0,1,7,409.6,358.7,333.0,169.8,768.3,502.9,17,21,6,2,0,
1429.0,1,7,409.6,358.7,333.4,169.4,768.3,502.8,17,21,6,2,0,
1430.0,1,7,409.6,358.7,334.1,169.4,768.3,503.5,17,21,6,2,1,0
1431.0,0,25,410.7,361.1,336.1,171.8,771.9,507.9,17,21,6,2,0,
1432.0,0,25,410.7,361.1,336.2,171.8,771.9,508.0,17,21,6,2,0,
1433.0,0,25,410.7,361.1,336.2,171.8,771.9,508.0,17,21,6,2,0,
1434.0,0,25,410.7,361.1,336.2,171.8,771.9,508.0,17,21,6,2,0,
1435.0,0,25,410.7,361.1,336.2,171.8,771.9,508.0,17,21,6,2,1,0
1436.0,0,25,410.7,361.1,336.1,171.8,771.9,507.9,17,21,6,2,0,
1437.0,0,25,410.7,361.1,336.1,171.8,771.9,507.9,17,21,6,2,0,
1438.0,0,25,410.7,361.1,336.1,171.1,771.9,507.3,17,21,6,2,0,
1439.0,0,25,410.7,361.1,336.2,171.1,771.9,507.4,17,21,6,2,0,
1440.0,0,25,410.7,364.7,336.2,172.0,775.5,508.2,17,22,6,2,1,0
1441.0,0,25,410.7,364.7,337.5,167.1,775.5,504.6,17,22,6,2,0,
1442.0,0,25,410.7,364.7,337.5,167.1,775.5,504.6,17,22,6,2,0,
1443.0,0,25,410.7,364.7,337.5,167.1,775.5,504.6,17,22,6,2,0,
1444.0,0,25,410.7,364.7,337.5,167.1,775.5,504.6,17,22,6,2,0,
1445.0,0,25,410.7,366.6,337.5,167.1,777.4,504.6,17,22,6,2,1,0
1446.0,0,25,410.7,366.6,337.5,167.1,777.4,504.6,17,22,6,2,0,
1447.0,0,25,410.7,366.6,337.5,168.0,777.4,505.4,17,22,6,3,0,
1448.0,0,25,410.7,366.6,337.5,169.2,777.4,506.7,17,22,6,3,0,
1449.0,0,25,410.7,366.6,337.5,170.9,777.4,508.4,17,22,6,3,0,
1450.0,0,25,410.7,366.6,335.9,174.5,777.4,510.4,17,22,6,3,1,0
1451.0,0,25,410.7,366.6,335.9,181.2,777.4,517.1,17,22,6,3,0,
1452.0,0,25,410.7,366.6,335.9,262.1,777.4,598.0,17,22,6,3,0,
1453.0,0,25,410.7,366.6,335.9,301.0,777.4,636.9,17,22,6,3,0,
1454.0,0,25,410.7,366.6,335.9,330.5,777.4,666.4,17,22,6,3,0,
1455.0,0,25,410.7,366.6,336.1,354.1,777.4,690.3,17,22,6,3,1,0
1456.0,1,7,409.6,364.2,334.1,349.3,773.8,683.4,17,22,6,3,0,
1457.0,1,7,409.6,358.2,311.1,362.5,767.8,673.6,17,21,7,3,0,
1458.0,1,7,409.6,358.2,308.3,379.7,767.8,688.0,17,21,7,3,0,
1459.0,1,7,409.6,358.2,343.9,383.7,767.8,727.6,17,21,7,3,0,
1460.0,1,7,409.6,358.2,330.4,381.3,767.8,711.6,17,21,7,3,1,0
1461.0,0,25,410.7,360.9,328.3,386.2,771.6,714.5,17,21,7,3,0,
1462.0,0,25,410.7,361.1,366.9,386.2,771.9,753.1,17,21,7,3,0,
1463.0,0,25,410.7,361.1,348.7,386.3,771.9,735.0,17,21,7,3,0,
1464.0,0,25,410.7,361.1,339.1,386.3,771.9,725.5,17,21,7,3,0,
1465.0,0,25,410.7,361.1,313.0,385.7,771.9,698.7,17,21,7,3,1,0
1466.0,0,25,410.7,361.1,318.8,386.7,771.9,705.4,17,21,7,3,0,
1467.0,0,25,410.7,361.1,314.4,386.7,771.9,701.0,17,21,7,3,0,
1468.0,0,25,410.7,361.1,330.2,386.7,771.9,716.8,17,21,7,3,0,
1469.0,0,25,410.7,361.1,319.7,383.7,771.9,703.4,17,21,7,3,0,
1470.0,0,25,410.7,361.1,327.7,383.7,771.9,711.4,17,21,7,3,1,0
1471.0,0,25,410.7,361.1,336.0,383.7,771.9,719.7,17,21,7,3,0,
1472.0,0,25,410.7,361.1,327.8,383.7,771.9,711.5,17,21,7,3,0,
1473.0,0,25,410.7,361.1,337.2,383.7,771.9,720.9,17,21,7,3,0,
1474.0,0,25,410.7,364.7,327.8,383.7,775.5,711.5,17,22,7,3,0,
1475.0,0,25,410.7,364.7,337.2,383.7,775.5,720.9,17,22,7,3,1,0
1476.0,0,25,410.7,364.7,321.5,386.4,775.5,707.9,17,22,7,3,0,
1477.0,0,25,410.7,364.7,333.7,386.3,775.5,720.0,17,22,7,3,0,
1478.0,0,25,410.7,364.7,329.6,386.4,775.5,716.0,17,22,7,3,0,
1479.0,0,25,410.7,366.6,333.8,386.3,777.4,720.1,17,22,7,3,0,
1480.0,0,25,410.7,366.6,329.6,386.3,777.4,716.0,17,22,7,3,1,0
1481.0,0,25,410.7,366.6,339.2,386.3,777.4,725.6,17,22,7,3,0,
1482.0,0,25,410.7,366.6,334.4,386.3,777.4,720.7,17,22,7,3,0,
1483.0,0,25,410.7,366.6,341.4,386.3,777.4,727.8,17,22,7,3,0,
1484.0,0,25,410.7,422.4,346.4,386.3,833.1,732.8,17,21,8,3,0,
1485.0,0,25,410.7,424.1,330.5,383.7,834.8,714.1,17,21,7,3,1,0
1486.0,1,7,409.6,422.1,343.4,379.4,831.7,722.9,17,21,7,3,0,
1487.0,1,7,409.6,414.9,350.0,379.4,824.5,729.5,17,21,7,3,0,
1488.0,1,7,409.6,390.5,337.5,381.7,800.1,719.2,17,21,7,3,0,
1489.0,1,7,409.6,381.1,349.1,380.9,790.7,730.0,17,21,7,3,0,
1490.0,1,7,409.6,367.5,345.3,380.2,777.1,725.4,17,21,7,3,1,0
1491.0,0,25,410.7,371.7,364.8,386.1,782.4,750.8,17,21,7,3,0,
1492.0,0,25,410.7,370.3,320.0,386.3,781.0,706.3,17,21,7,3,0,
1493.0,0,25,410.7,369.2,325.7,385.7,780.0,711.4,17,21,7,3,0,
1494.0,0,25,410.7,382.2,314.0,385.7,792.9,699.7,17,21,7,3,0,
1495.0,0,25,410.7,395.9,319.1,386.7,806.6,705.8,17,21,7,3,1,0
1496.0,0,25,410.7,399.4,315.1,386.7,810.1,701.8,17,21,7,3,0,
1497.0,0,25,410.7,403.3,329.9,383.7,814.0,713.6,17,21,7,3,0,
1498.0,0,25,410.7,403.3,325.2,383.7,814.0,708.9,17,21,7,3,0,
1499.0,0,25,410.7,403.1,334.6,383.7,813.9,718.3,17,21,7,3,0,
1500.0,0,25,410.7,401.0,333.4,383.7,811.7,717.0,17,21,7,3,1,0
1501.0,0,25,410.7,401.0,334.6,383.7,811.7,718.3,17,21,7,3,0,
1502.0,0,25,461.4,401.1,325.2,278.7,862.6,603.9,18,21,7,3,0,
1503.0,0,25,451.3,401.1,334.8,279.3,852.4,614.1,18,21,7,3,0,
1504.0,0,25,428.6,401.1,322.5,273.6,829.8,596.1,18,21,7,3,0,
1505.0,0,25,413.2,401.1,333.5,325.1,814.3,658.6,18,21,7,4,1,0
1506.0,0,25,390.5,401.1,330.7,345.6,791.6,676.3,18,21,7,4,0,
1507.0,0,25,383.1,401.1,334.8,330.6,784.3,665.3,18,21,7,4,0,
1508.0,0,25,385.0,401.1,331.1,336.9,786.1,668.0,18,21,7,4,0,
1509.0,0,25,382.3,401.1,335.4,342.6,783.4,678.0,18,21,7,4,0,
1510.0,0,25,379.3,401.1,324.3,358.7,780.4,683.0,18,21,7,4,1,0
1511.0,0,25,391.6,401.1,337.0,351.5,792.7,688.5,18,21,7,4,0,
1512.0,0,25,401.7,401.1,335.7,362.6,802.8,698.3,18,21,6,4,0,
1513.0,0,25,406.6,401.1,335.7,372.4,807.8,708.1,18,21,6,4,0,
1514.0,0,25,405.6,401.1,335.7,386.6,806.8,722.2,18,21,6,4,0,
1515.0,0,25,405.9,401.1,334.8,388.0,807.0,722.7,18,21,6,4,1,0
1516.0,1,7,404.9,398.6,332.2,386.9,803.5,719.1,18,21,6,4,0,
1517.0,1,7,404.9,398.6,332.7,387.7,803.5,720.4,18,21,6,4,0,
1518.0,1,7,404.9,398.6,333.3,387.6,803.5,720.9,18,21,6,4,0,
1519.0,1,7,404.9,398.6,332.9,386.0,803.5,718.9,18,21,6,4,0,
1520.0,1,7,409.6,398.6,334.5,386.0,808.2,720.5,18,21,6,4,1,0
1521.0,0,25,410.7,403.4,336.2,385.9,814.2,722.1,18,21,6,4,0,
1522.0,0,25,410.7,401.1,336.2,386.1,811.9,722.3,18,21,6,4,0,
1523.0,0,25,406.0,401.1,336.2,386.1,807.2,722.3,18,21,6,4,0,
1524.0,0,25,410.7,401.1,337.5,386.1,811.9,723.5,18,21,6,4,0,
1525.0,0,25,410.7,401.1,337.5,386.1,811.9,723.5,18,21,6,4,1,0
1526.0,0,25,410.7,401.1,337.5,386.1,811.9,723.6,18,21,6,4,0,
1527.0,0,25,410.7,401.1,337.5,386.4,811.9,723.8,18,21,6,4,0,
1528.0,0,25,410.7,401.1,337.5,386.4,811.9,723.8,18,21,6,4,0,
1529.0,0,25,410.7,459.9,317.1,384.8,870.6,701.9,18,22,7,3,0,
1530.0,0,25,410.7,452.3,324.6,384.8,863.0,709.4,18,22,7,3,1,0
1531.0,0,25,410.7,431.2,357.6,384.8,842.0,742.4,18,22,7,3,0,
1532.0,0,25,410.7,426.9,326.8,384.8,837.6,711.6,18,22,7,3,0,
1533.0,0,25,410.7,393.4,325.0,384.8,804.2,709.8,18,22,7,3,0,
1534.0,0,25,410.7,399.3,320.9,385.6,810.0,706.5,18,22,7,4,0,
1535.0,0,25,410.7,379.1,290.3,385.1,789.9,675.4,18,22,7,3,1,0
1536.0,0,25,410.7,371.4,285.3,385.1,782.2,670.4,18,22,7,3,0,
1537.0,0,25,410.7,370.5,290.6,385.6,781.2,676.2,18,22,7,4,0,
1538.0,0,25,410.7,369.2,283.9,386.0,779.9,669.9,18,22,7,4,0,
1539.0,0,25,410.7,392.2,295.2,386.4,802.9,681.6,18,22,7,4,0,
1540.0,0,25,410.7,397.1,321.6,386.0,807.9,707.6,18,22,7,4,1,0
1541.0,0,25,410.7,400.5,314.8,386.0,811.2,700.8,18,22,7,4,0,
1542.0,0,25,410.7,398.2,314.7,386.1,808.9,700.8,18,22,7,4,0,
1543.0,0,25,410.7,398.2,314.7,385.8,808.9,700.5,18,22,7,4,0,
1544.0,0,25,410.7,398.3,314.8,385.8,809.1,700.6,18,22,7,4,0,
1545.0,0,25,410.7,398.3,314.9,386.1,809.1,700.9,18,22,7,4,1,0
1546.0,1,7,409.6,397.2,319.3,383.8,806.8,703.1,18,22,7,4,0,
1547.0,1,7,409.6,397.2,331.2,383.2,806.8,714.5,18,22,7,4,0,
1548.0,1,7,409.6,397.2,338.6,383.3,806.8,721.9,18,22,7,4,0,
1549.0,1,7,409.6,397.2,335.8,384.2,806.8,720.0,18,22,7,4,0,
1550.0,1,7,409.6,397.2,334.2,385.4,806.8,719.6,18,22,6,4,1,0
1551.0,0,25,410.7,398.3,335.7,386.4,809.1,722.1,18,22,6,4,0,
1552.0,0,25,410.7,398.3,335.7,386.4,809.1,722.1,18,22,6,4,0,
1553.0,0,25,410.7,398.3,335.7,386.4,809.1,722.1,18,22,6,4,0,
1554.0,0,25,410.7,398.3,335.7,386.4,809.1,722.1,18,22,6,4,0,
1555.0,0,25,410.7,398.3,337.5,386.4,809.1,723.8,18,22,6,4,1,0
1556.0,0,25,464.1,398.3,336.2,386.4,862.5,722.6,19,22,6,4,0,
1557.0,0,25,456.6,398.3,335.9,386.1,855.0,722.0,19,22,6,4,0,
1558.0,0,25,445.2,398.3,335.9,386.1,843.5,722.0,19,22,6,4,0,
1559.0,0,25,432.2,398.3,335.9,384.8,830.5,720.7,19,22,6,3,0,
1560.0,0,25,432.7,398.3,335.9,384.8,831.1,720.7,19,22,6,3,1,0
1561.0,0,25,402.1,398.3,336.1,384.8,800.4,720.9,19,22,6,3,0,
1562.0,0,25,402.5,398.3,336.1,384.8,800.8,720.9,19,22,6,3,0,
1563.0,0,25,399.7,398.3,336.1,386.1,798.0,722.2,19,22,6,4,0,
1564.0,0,25,397.3,398.3,336.1,385.6,795.6,721.8,19,22,6,4,0,
1565.0,0,25,425.8,398.3,337.5,385.6,824.1,723.1,19,22,6,4,1,0
1566.0,0,25,428.7,398.3,337.5,386.0,827.1,723.5,19,22,6,4,0,
1567.0,0,25,431.6,398.3,337.5,386.0,830.0,723.5,19,22,6,4,0,
1568.0,0,25,431.6,398.3,337.5,386.4,830.0,723.8,19,22,6,4,0,
1569.0,0,25,431.4,398.3,337.5,386.4,829.7,723.8,19,22,6,4,0,
1570.0,0,25,431.4,398.3,335.8,386.1,829.7,721.9,19,22,6,4,1,0
1571.0,0,25,436.3,398.3,335.8,385.8,834.6,721.6,19,22,6,4,0,
1572.0,0,25,436.3,398.3,335.8,385.8,834.6,721.5,19,22,6,4,0,
1573.0,0,25,436.3,398.3,335.9,386.1,834.6,722.0,19,22,6,4,0,
1574.0,0,25,436.3,398.3,335.9,386.1,834.6,722.0,19,23,6,4,0,
1575.0,0,25,436.3,398.3,336.1,385.4,834.6,721.6,19,23,6,4,1,0
1576.0,1,7,434.9,397.2,334.0,383.2,832.1,717.2,19,23,6,4,0,
1577.0,1,7,434.9,397.2,334.6,384.2,832.1,718.8,19,23,6,4,0,
1578.0,1,7,434.9,397.2,334.6,385.4,832.1,720.0,19,23,6,4,0,
1579.0,1,7,434.9,397.2,336.8,385.4,832.1,722.2,19,23,6,4,0,
1580.0,1,7,434.9,397.2,336.8,385.4,832.1,722.2,19,23,6,4,1,0
1581.0,0,25,436.3,398.3,337.5,386.4,834.6,723.8,19,23,6,4,0,
1582.0,0,25,436.3,398.3,337.5,386.4,834.6,723.8,19,23,6,4,0,
1583.0,0,25,459.3,398.1,336.1,282.8,857.4,619.0,20,22,6,4,0,
1584.0,0,25,462.5,398.1,335.9,276.8,860.6,612.7,20,22,6,4,0,
1585.0,0,25,436.7,398.1,335.9,311.9,834.7,647.8,20,22,6,4,1,0
1586.0,0,25,438.2,398.1,335.9,337.3,836.3,673.1,20,22,6,4,0,
1587.0,0,25,436.8,398.1,335.9,345.5,834.9,681.4,20,22,6,4,0,
1588.0,0,25,407.3,398.3,336.1,350.9,805.6,687.0,20,22,6,4,0,
1589.0,0,25,404.6,398.3,336.1,367.1,802.9,703.2,20,22,6,4,0,
1590.0,0,25,469.9,459.5,332.2,369.4,929.5,701.5,20,22,7,4,1,0
1591.0,0,25,465.7,452.3,330.7,384.0,918.0,714.7,20,22,7,4,0,
1592.0,0,25,465.1,440.6,353.9,411.2,905.8,765.1,20,22,7,4,0,
1593.0,0,25,454.0,427.8,356.1,399.9,881.8,756.1,20,22,7,4,0,
1594.0,0,25,453.8,415.3,336.1,400.4,869.1,736.6,20,22,7,4,0,
1595.0,0,25,434.0,402.2,345.4,400.6,836.3,746.0,20,22,7,4,1,0
1596.0,0,25,431.6,384.8,356.3,400.3,816.4,756.5,20,22,7,4,0,
1597.0,0,25,430.5,374.1,357.2,400.1,804.6,757.3,20,22,7,4,0,
1598.0,0,25,428.6,367.6,329.2,400.1,796.2,729.3,20,22,7,4,0,
1599.0,0,25,438.5,367.6,310.6,398.0,806.0,708.6,20,22,7,4,0,
1600.0,0,25,430.4,396.1,311.2,398.0,826.5,709.2,20,22,7,4,1,0
1601.0,0,25,430.4,397.1,323.7,397.4,827.5,721.1,20,22,7,4,0,
1602.0,0,25,430.4,400.7,312.3,397.5,831.0,709.8,20,22,7,4,0,
1603.0,0,25,431.9,400.4,319.6,398.4,832.3,717.9,20,21,7,4,0,
1604.0,0,25,433.6,400.4,333.4,398.4,834.1,731.7,20,21,7,4,0,
1605.0,0,25,433.6,398.1,325.2,398.4,831.7,723.6,20,21,7,4,1,0
1606.0,1,7,432.3,396.5,336.2,397.4,828.8,733.6,20,21,7,4,0,
1607.0,1,7,432.1,396.5,328.1,397.4,828.6,725.5,20,21,7,4,0,
1608.0,1,7,432.1,397.0,336.2,397.4,829.1,733.6,20,21,7,4,0,
1609.0,1,7,436.9,397.0,319.1,397.4,833.9,716.5,20,21,7,4,0,
1610.0,1,7,436.9,397.0,330.1,395.4,833.9,725.5,20,21,7,4,1,0
1611.0,0,25,438.3,398.5,333.4,398.0,836.8,731.4,20,21,8,4,0,
1612.0,0,25,438.3,398.5,347.3,398.0,836.8,745.4,20,21,8,4,0,
1613.0,0,25,438.3,398.5,364.6,398.0,836.8,762.7,20,21,8,4,0,
1614.0,0,25,438.3,398.5,362.9,398.1,836.8,761.0,20,21,8,4,0,
1615.0,0,25,438.3,398.5,359.2,398.0,836.8,757.2,20,21,8,4,1,0
1616.0,0,25,438.3,398.5,373.3,398.0,836.8,771.3,20,22,8,4,0,
1617.0,0,25,438.3,398.5,409.3,398.0,836.8,807.3,20,22,7,4,0,
1618.0,0,25,438.3,398.5,383.6,398.1,836.8,781.7,20,22,7,4,0,
1619.0,0,25,438.3,398.5,384.1,398.4,836.8,782.5,20,22,7,4,0,
1620.0,0,25,438.3,398.5,383.0,398.4,836.8,781.4,20,22,7,4,1,0
1621.0,0,25,438.3,398.5,372.8,398.4,836.8,771.2,20,22,7,4,0,
1622.0,0,25,438.3,398.5,380.2,398.4,836.8,778.5,20,22,7,4,0,
1623.0,0,25,438.3,398.5,392.7,398.4,836.8,791.1,20,22,7,4,0,
1624.0,0,25,438.3,398.5,393.6,397.8,836.8,791.4,20,22,7,4,0,
1625.0,0,25,438.3,398.5,394.1,397.8,836.8,791.9,20,22,7,4,1,0
1626.0,0,25,438.3,398.5,397.3,397.8,836.8,795.1,20,22,7,4,0,
1627.0,0,25,438.3,398.2,400.7,398.0,836.5,798.7,20,21,7,4,0,
1628.0,0,25,438.3,398.2,398.6,398.0,836.5,796.6,20,21,7,4,0,
1629.0,0,25,438.3,398.2,398.8,397.4,836.5,796.2,20,21,7,4,0,
1630.0,0,25,438.3,398.2,398.9,397.5,836.5,796.5,20,21,7,4,1,0
1631.0,0,25,438.3,398.2,399.1,398.4,836.5,797.5,20,21,7,4,0,
1632.0,0,25,438.3,398.5,400.3,398.4,836.8,798.7,20,21,7,4,0,
1633.0,0,25,438.3,398.5,400.3,398.4,836.8,798.7,20,21,7,4,0,
1634.0,0,25,438.3,398.5,400.3,398.4,836.8,798.7,20,21,7,4,0,
1635.0,0,25,438.3,398.5,399.0,398.4,836.8,797.4,20,21,7,4,1,0
1636.0,1,7,436.9,397.0,396.4,395.9,833.9,792.3,20,21,7,4,0,
1637.0,1,7,436.9,397.0,396.2,395.7,833.9,792.0,20,21,7,4,0,
1638.0,1,7,436.9,397.0,395.8,395.3,833.9,791.1,20,22,7,4,0,
1639.0,1,7,436.9,400.1,396.2,395.3,837.0,791.5,20,23,7,4,0,
1640.0,1,7,436.9,400.1,397.1,395.3,837.0,792.4,20,23,7,4,1,0
1641.0,0,25,438.3,401.6,399.1,398.0,839.8,797.1,20,23,7,4,0,
1642.0,0,25,438.3,401.6,399.0,398.0,839.8,797.0,20,23,7,4,0,
1643.0,0,25,438.3,398.5,399.0,398.0,836.8,797.0,20,23,7,4,0,
1644.0,0,25,438.3,398.5,400.3,398.0,836.8,798.3,20,23,7,4,0,
1645.0,0,25,438.3,398.5,400.3,398.4,836.8,798.7,20,23,7,4,1,0
1646.0,0,25,438.3,398.5,400.3,398.4,836.8,798.7,20,23,7,4,0,
1647.0,0,25,438.3,398.5,400.3,398.4,836.8,798.7,20,23,7,4,0,
1648.0,0,25,438.3,398.5,400.3,398.4,836.8,798.7,20,23,7,4,0,
1649.0,0,25,438.3,398.5,400.3,398.4,836.8,798.7,20,23,7,4,0,
1650.0,0,25,438.3,398.5,400.3,398.4,836.8,798.7,20,23,7,4,1,0
1651.0,0,25,438.3,398.5,400.3,398.4,836.8,798.7,20,23,7,4,0,
1652.0,0,25,438.3,398.5,398.6,398.4,836.8,797.0,20,23,7,4,0,
1653.0,0,25,438.3,398.5,398.6,398.4,836.8,797.0,20,23,7,4,0,
1654.0,0,25,438.3,398.5,398.6,398.4,836.8,797.0,20,23,7,4,0,
1655.0,0,25,438.3,398.5,398.6,398.0,836.8,796.6,20,23,7,4,1,0
1656.0,0,25,438.3,398.5,398.8,398.0,836.8,796.8,20,23,7,4,0,
1657.0,0,25,438.3,398.5,399.0,398.0,836.8,797.0,20,23,7,4,0,
1658.0,0,25,438.3,398.5,399.1,398.0,836.8,797.1,20,23,7,4,0,
1659.0,0,25,438.3,398.5,399.1,398.0,836.8,797.1,20,23,7,4,0,
1660.0,0,25,438.3,398.5,399.1,398.1,836.8,797.2,20,23,7,4,1,0
1661.0,0,25,438.3,398.5,399.0,398.1,836.8,797.1,20,23,7,4,0,
1662.0,0,25,438.3,398.5,399.0,397.5,836.8,796.5,20,23,7,4,0,
1663.0,0,25,438.3,398.5,399.0,397.5,836.8,796.5,20,23,7,4,0,
1664.0,0,25,438.3,398.5,399.0,397.5,836.8,796.5,20,23,7,4,0,
1665.0,0,25,465.1,398.2,399.0,383.1,863.3,782.1,21,22,7,5,1,0
1666.0,1,7,463.9,396.5,396.9,381.4,860.5,778.3,21,22,7,5,0,
1667.0,1,7,437.6,396.5,396.4,382.4,834.1,778.8,21,22,7,5,0,
1668.0,1,7,435.7,396.5,397.1,399.8,832.2,796.9,21,22,7,5,0,
1669.0,1,7,440.0,396.5,397.0,391.8,836.5,788.8,21,22,7,5,0,
1670.0,1,7,399.1,397.0,397.0,365.1,796.1,762.2,21,22,7,5,1,0
1671.0,0,25,402.1,398.5,400.3,374.1,800.6,774.4,21,22,7,5,0,
1672.0,0,25,424.8,398.5,400.3,383.3,823.2,783.6,21,22,7,5,0,
1673.0,0,25,431.3,398.5,400.3,389.7,829.8,790.0,21,22,7,5,0,
1674.0,0,25,433.2,398.5,400.3,398.7,831.7,799.0,21,22,7,5,0,
1675.0,0,25,433.4,398.5,400.3,412.4,831.9,812.7,21,22,7,5,1,0
1676.0,0,25,433.6,398.5,400.3,412.5,832.0,812.8,21,22,7,5,0,
1677.0,0,25,433.6,398.5,400.3,414.5,832.0,814.8,21,22,7,5,0,
1678.0,0,25,433.6,398.5,400.3,415.6,832.0,815.9,21,22,7,5,0,
1679.0,0,25,438.3,398.5,400.3,415.6,836.8,815.9,21,22,7,5,0,
1680.0,0,25,438.3,398.5,400.3,415.6,836.8,815.9,21,22,7,5,1,0
1681.0,0,25,438.3,398.5,400.3,415.8,836.8,816.1,21,22,7,5,0,
1682.0,0,25,438.3,398.5,398.8,414.5,836.8,813.2,21,22,7,5,0,
1683.0,0,25,438.3,398.5,398.8,414.0,836.8,812.8,21,22,7,5,0,
1684.0,0,25,438.3,398.5,398.8,415.0,836.8,813.7,21,22,7,5,0,
1685.0,0,25,438.3,398.5,398.8,415.0,836.8,813.7,21,22,7,5,1,0
1686.0,0,25,438.3,398.5,399.0,413.3,836.8,812.3,21,22,7,5,0,
1687.0,0,25,438.3,398.5,399.1,413.3,836.8,812.4,21,22,7,5,0,
1688.0,0,25,438.3,398.5,398.6,414.6,836.8,813.2,21,22,7,5,0,
1689.0,0,25,438.3,398.5,398.6,414.6,836.8,813.2,21,22,7,5,0,
1690.0,0,25,438.3,398.5,398.6,414.6,836.8,813.2,21,22,7,5,1,0
1691.0,0,25,438.3,398.5,398.6,414.6,836.8,813.2,21,22,7,5,0,
1692.0,0,25,438.3,398.5,398.6,414.6,836.8,813.2,21,23,7,5,0,
1693.0,0,25,438.3,398.5,398.5,414.6,836.8,813.1,21,23,7,5,0,
1694.0,0,25,438.3,398.5,398.6,414.6,836.8,813.2,21,23,7,5,0,
1695.0,0,25,438.3,398.5,399.0,414.6,836.8,813.6,21,23,7,5,1,0
1696.0,1,7,432.2,397.0,397.1,412.5,829.2,809.6,21,23,7,5,0,
1697.0,1,7,436.9,397.0,399.7,412.3,833.9,812.0,21,23,7,5,0,
1698.0,1,7,436.9,397.0,399.7,412.3,833.9,812.0,21,23,7,5,0,
1699.0,1,7,436.9,397.0,399.7,412.3,833.9,812.0,21,23,7,5,0,
1700.0,1,7,436.9,397.0,399.7,412.3,833.9,812.0,21,23,7,5,1,0
1701.0,0,25,438.3,398.5,400.3,413.3,836.8,813.6,21,23,7,5,0,
1702.0,0,25,438.3,398.5,400.3,413.3,836.8,813.6,21,23,7,5,0,
1703.0,0,25,438.3,398.5,400.3,413.3,836.8,813.6,21,23,7,5,0,
1704.0,0,25,438.3,398.5,400.3,413.3,836.8,813.6,21,23,7,5,0,
1705.0,0,25,438.3,398.5,400.3,414.4,836.8,814.7,21,23,7,5,1,0
1706.0,0,25,438.3,398.5,398.6,414.4,836.8,813.0,21,23,7,5,0,
1707.0,0,25,438.3,398.5,398.6,414.4,836.8,813.0,21,23,7,5,0,
1708.0,0,25,438.3,398.5,398.6,414.6,836.8,813.2,21,23,7,5,0,
1709.0,0,25,438.3,398.5,398.6,414.6,836.8,813.2,21,23,7,5,0,
1710.0,0,25,438.3,398.5,398.8,414.0,836.8,812.8,21,23,7,5,1,0
1711.0,0,25,438.3,398.5,399.0,415.0,836.8,814.0,21,23,7,5,0,
1712.0,0,25,438.3,398.5,399.1,415.0,836.8,814.1,21,23,7,5,0,
1713.0,0,25,438.3,398.5,399.1,413.3,836.8,812.4,21,23,7,5,0,
1714.0,0,25,438.3,398.5,399.1,413.3,836.8,812.4,21,23,7,5,0,
1715.0,0,25,438.3,398.5,399.0,414.6,836.8,813.6,21,23,7,5,1,0
1716.0,0,25,438.3,398.5,399.0,414.6,836.8,813.6,21,23,7,5,0,
1717.0,0,25,438.3,398.5,399.0,414.6,836.8,813.6,21,23,7,5,0,
1718.0,0,25,438.3,398.5,399.0,414.6,836.8,813.6,21,23,7,5,0,
1719.0,0,25,438.3,398.5,399.0,414.6,836.8,813.6,21,23,7,5,0,
1720.0,0,25,438.3,459.6,399.0,414.6,897.8,813.6,21,24,7,5,1,0
1721.0,0,25,438.3,453.1,399.0,414.6,891.3,813.6,21,24,7,5,0,
1722.0,0,25,470.4,461.9,399.0,414.7,932.3,813.7,22,23,7,5,0,
1723.0,0,25,471.2,446.0,399.0,414.6,917.2,813.6,22,23,7,5,0,
1724.0,0,25,470.4,435.3,400.3,413.3,905.7,813.6,22,23,7,5,0,
1725.0,0,25,471.6,424.8,400.3,413.3,896.3,813.6,22,23,7,5,1,0
1726.0,1,7,469.5,420.4,399.7,412.3,889.9,812.0,22,23,7,5,0,
1727.0,1,7,453.6,426.1,399.7,412.3,879.7,812.0,22,23,7,5,0,
1728.0,1,7,477.4,463.4,399.7,412.3,940.8,812.0,22,23,7,5,0,
1729.0,1,7,478.3,466.9,398.9,412.3,945.2,811.3,22,23,7,5,0,
1730.0,1,7,479.0,469.0,398.9,412.3,948.0,811.3,22,23,7,5,1,0
1731.0,0,25,481.0,467.5,400.3,413.3,948.5,813.6,22,23,7,5,0,
1732.0,0,25,481.0,467.9,400.3,413.3,948.9,813.6,22,23,7,5,0,
1733.0,0,25,485.7,467.9,398.6,414.4,953.6,813.0,22,23,7,5,0,
1734.0,0,25,485.8,470.2,398.6,414.4,956.1,813.0,22,23,7,5,0,
1735.0,0,25,485.8,467.9,398.6,414.4,953.7,813.0,22,23,7,5,1,0
1736.0,0,25,485.8,467.9,398.8,414.6,953.7,813.4,22,23,7,5,0,
1737.0,0,25,485.8,467.9,398.8,414.6,953.7,813.4,22,23,7,5,0,
1738.0,0,25,485.8,467.9,399.0,414.0,953.7,813.0,22,23,7,5,0,
1739.0,0,25,485.8,467.9,399.1,414.1,953.7,813.2,22,23,7,5,0,
1740.0,0,25,485.8,467.9,399.1,415.0,953.7,814.1,22,23,7,5,1,0
1741.0,0,25,485.8,467.9,399.0,414.0,953.7,813.0,22,23,7,5,0,
1742.0,0,25,485.8,467.9,399.0,414.6,953.7,813.6,22,23,7,5,0,
1743.0,0,25,485.8,467.9,399.0,414.6,953.7,813.6,22,23,7,5,0,
1744.0,0,25,485.8,467.9,399.0,414.6,953.7,813.6,22,23,7,5,0,
1745.0,0,25,485.8,467.9,399.1,414.6,953.7,813.7,22,23,7,5,1,0
1746.0,0,25,485.8,467.9,399.0,414.6,953.7,813.6,22,23,7,5,0,
1747.0,0,25,485.8,467.9,399.1,414.6,953.7,813.7,22,24,7,5,0,
1748.0,0,25,485.8,467.9,399.0,414.6,953.7,813.6,22,24,7,5,0,
1749.0,0,25,479.5,467.9,399.1,413.3,947.4,812.4,23,23,7,5,0,
1750.0,0,25,479.8,467.9,400.3,413.3,947.7,813.6,23,23,7,5,1,0
1751.0,0,25,475.6,467.9,400.3,413.3,943.5,813.6,23,23,7,5,0,
1752.0,0,25,477.1,467.6,400.3,413.3,944.7,813.6,23,23,7,5,0,
1753.0,0,25,475.0,467.6,400.3,413.3,942.6,813.6,23,23,7,5,0,
1754.0,0,25,480.0,467.9,400.3,413.3,947.9,813.6,23,23,7,5,0,
1755.0,0,25,478.3,467.9,400.3,413.3,946.2,813.6,23,23,7,5,1,0
1756.0,1,7,479.0,467.1,398.9,412.3,946.1,811.3,23,23,7,5,0,
1757.0,1,7,479.0,467.1,398.9,412.3,946.1,811.3,23,23,7,5,0,
1758.0,1,7,483.5,467.1,398.9,412.3,950.6,811.3,23,23,7,5,0,
1759.0,1,7,483.5,467.1,398.9,412.3,950.6,811.3,23,23,7,5,0,
1760.0,1,7,483.5,467.1,395.7,412.3,950.6,808.1,23,23,7,5,1,0
1761.0,0,25,485.8,467.9,398.6,413.3,953.7,811.9,23,23,7,5,0,
1762.0,0,25,485.8,467.9,398.6,413.3,953.7,811.9,23,23,7,5,0,
1763.0,0,25,485.8,467.9,398.8,413.3,953.7,812.0,23,23,7,5,0,
1764.0,0,25,485.8,467.9,398.8,413.3,953.7,812.0,23,23,7,5,0,
1765.0,0,25,485.8,467.9,399.0,414.6,953.7,813.6,23,23,7,5,1,0
1766.0,0,25,485.8,467.9,399.1,414.6,953.7,813.7,23,23,7,5,0,
1767.0,0,25,485.8,467.9,399.1,414.6,953.7,813.7,23,23,7,5,0,
1768.0,0,25,485.8,467.9,399.1,414.6,953.7,813.7,23,23,7,5,0,
1769.0,0,25,485.8,467.9,399.0,413.8,953.7,812.8,23,23,7,5,0,
1770.0,0,25,485.8,467.9,399.0,414.1,953.7,813.1,23,23,7,5,1,0
1771.0,0,25,485.8,467.9,399.0,414.1,953.7,813.1,23,23,7,5,0,
1772.0,0,25,485.8,467.9,399.0,414.1,953.7,813.1,23,23,7,5,0,
1773.0,0,25,485.8,467.9,399.0,414.1,953.7,813.1,23,23,7,5,0,
1774.0,0,25,484.5,467.6,399.0,413.4,952.1,812.4,24,22,7,5,0,
1775.0,0,25,477.4,469.1,399.0,414.0,946.5,813.0,24,23,7,5,1,0
1776.0,0,25,475.8,463.5,399.0,414.1,939.3,813.1,24,23,7,5,0,
1777.0,0,25,478.4,467.5,400.3,414.0,945.8,814.3,24,23,7,5,0,
1778.0,0,25,481.0,450.1,400.3,413.3,931.1,813.6,24,23,7,5,0,
1779.0,0,25,480.0,441.9,400.3,413.3,921.9,813.6,24,23,7,5,0,
1780.0,0,25,477.8,424.9,400.3,413.3,902.7,813.6,24,23,7,5,1,0
1781.0,0,25,481.2,427.9,400.3,413.3,909.1,813.6,24,23,7,5,0,
1782.0,0,25,481.0,428.6,400.3,413.3,909.6,813.6,24,23,7,5,0,
1783.0,0,25,481.1,452.7,400.3,413.3,933.9,813.6,24,23,7,5,0,
1784.0,0,25,481.1,467.7,400.3,413.3,948.9,813.6,24,23,7,5,0,
1785.0,0,25,481.1,469.8,400.3,413.3,950.9,813.6,24,23,7,5,1,0
1786.0,1,7,478.9,466.7,398.9,412.3,945.6,811.3,24,23,7,5,0,
1787.0,1,7,478.9,466.7,395.7,412.3,945.6,808.1,24,23,7,5,0,
1788.0,1,7,483.6,467.1,395.7,411.8,950.7,807.5,24,23,7,5,0,
1789.0,1,7,483.6,467.1,395.7,411.8,950.7,807.5,24,23,7,5,0,
1790.0,1,7,483.6,467.1,396.2,411.8,950.7,808.0,24,23,7,5,1,0
1791.0,0,25,485.8,467.9,398.8,414.6,953.7,813.4,24,23,7,5,0,
1792.0,0,25,485.8,467.9,399.0,414.6,953.7,813.6,24,23,7,5,0,
1793.0,0,25,485.8,467.9,399.1,414.0,953.7,813.1,24,23,7,5,0,
1794.0,0,25,485.8,467.9,398.6,414.1,953.7,812.7,24,23,7,5,0,
1795.0,0,25,485.8,467.9,399.0,414.1,953.7,813.1,24,23,7,5,1,0
1796.0,0,25,485.8,467.9,399.0,414.1,953.7,813.1,24,23,7,5,0,
1797.0,0,25,485.8,467.9,399.0,414.6,953.7,813.6,24,23,7,5,0,
1798.0,0,25,485.8,467.9,399.0,414.6,953.7,813.6,24,23,7,5,0,
1799.0,0,25,485.8,467.9,399.0,414.7,953.7,813.7,24,23,7,5,0,
1800.0,0,25,485.8,467.9,399.0,414.0,953.7,813.0,24,23,7,5,1,0
1801.0,0,25,485.8,467.9,399.0,414.0,953.7,813.0,24,23,7,5,0,
1802.0,0,25,485.8,471.0,394.2,285.5,956.8,679.7,23,23,9,5,0,
1803.0,0,25,485.8,466.9,386.1,283.6,952.7,669.7,23,23,9,5,0,
1804.0,0,25,485.8,469.7,393.1,270.6,955.5,663.7,23,23,9,5,0,
1805.0,0,25,485.8,467.1,406.0,332.7,952.9,738.7,23,23,9,5,1,0
1806.0,0,25,485.8,458.4,393.0,357.8,944.2,750.8,23,23,9,5,0,
1807.0,0,25,485.8,442.4,376.8,262.7,928.2,639.5,23,23,9,5,0,
1808.0,0,25,485.8,458.2,377.1,298.8,944.1,675.8,23,23,9,5,0,
1809.0,0,25,485.8,475.4,395.1,326.2,961.2,721.4,23,23,9,5,0,
1810.0,0,25,485.8,475.9,456.9,357.8,961.8,814.7,23,23,9,5,1,0
1811.0,0,25,485.8,477.2,456.2,332.7,963.1,788.9,23,23,9,5,0,
1812.0,0,25,485.8,477.1,457.5,357.8,963.0,815.3,23,23,9,5,0,
1813.0,0,25,481.1,477.1,444.5,332.7,958.3,777.2,23,23,9,5,0,
1814.0,0,25,481.1,477.1,457.6,357.8,958.2,815.5,23,23,9,5,0,
1815.0,0,25,481.1,477.2,457.0,332.7,958.3,789.7,23,23,9,5,1,0
1816.0,1,7,483.6,473.2,452.9,353.0,956.8,805.9,23,23,9,5,0,
1817.0,1,7,483.6,473.6,454.6,327.9,957.2,782.5,23,23,9,5,0,
1818.0,1,7,483.6,473.6,454.2,353.1,957.2,807.3,23,23,9,5,0,
1819.0,1,7,483.6,473.6,463.1,327.9,957.2,791.0,23,23,9,5,0,
1820.0,1,7,483.6,473.6,467.0,353.5,957.2,820.5,23,23,9,5,1,0
1821.0,0,25,485.8,475.2,464.6,358.7,961.1,823.3,23,23,9,5,0,
1822.0,0,25,485.8,475.2,464.8,358.5,961.1,823.3,23,23,9,5,0,
1823.0,0,25,485.8,475.2,462.4,358.9,961.1,821.3,23,23,7,5,0,
1824.0,0,25,485.8,475.2,462.4,370.1,961.1,832.5,23,23,7,5,0,
1825.0,0,25,485.8,475.2,462.4,358.2,961.1,820.5,23,23,7,5,1,0
1826.0,0,25,485.8,475.2,462.0,368.7,961.1,830.7,23,23,7,5,0,
1827.0,0,25,485.8,475.2,462.0,357.6,961.1,819.5,23,23,7,5,0,
1828.0,0,25,485.8,475.2,463.8,376.9,961.1,840.7,23,23,7,6,0,
1829.0,0,25,485.8,475.2,463.8,385.2,961.1,849.0,23,23,7,6,0,
1830.0,0,25,485.8,475.2,463.6,270.6,961.1,734.3,23,23,7,5,1,0
1831.0,0,25,485.8,475.2,463.6,332.7,961.1,796.4,23,23,7,5,0,
1832.0,0,25,485.8,475.2,463.6,357.8,961.1,821.5,23,23,7,5,0,
1833.0,0,25,485.8,475.2,463.6,261.0,961.1,724.7,23,23,7,5,0,
1834.0,0,25,485.8,475.2,463.6,297.1,961.1,760.7,23,23,7,5,0,
1835.0,0,25,485.8,475.2,463.6,351.3,961.1,815.0,23,23,7,5,1,0
1836.0,0,25,485.8,475.2,463.6,370.4,961.1,834.0,23,23,7,5,0,
1837.0,0,25,485.8,475.2,463.6,357.8,961.1,821.5,23,23,7,5,0,
1838.0,0,25,485.8,475.2,463.6,370.4,961.1,834.0,23,23,7,5,0,
1839.0,0,25,485.8,475.2,463.6,357.8,961.1,821.5,23,23,7,5,0,
1840.0,0,25,485.8,475.2,463.6,379.0,961.1,842.6,23,23,7,5,1,0
1841.0,0,25,485.8,475.2,463.6,357.8,961.1,821.5,23,23,7,5,0,
1842.0,0,25,485.8,475.2,463.6,292.7,961.1,756.4,23,23,7,5,0,
1843.0,0,25,485.8,475.2,463.6,357.8,961.1,821.5,23,23,7,5,0,
1844.0,0,25,485.8,475.2,463.6,370.4,961.1,834.0,23,23,7,5,0,
1845.0,0,25,485.8,475.2,463.6,357.8,961.1,821.5,23,23,7,5,1,0
1846.0,1,7,483.6,473.6,461.9,331.1,957.2,793.0,23,23,8,5,0,
1847.0,1,7,483.6,473.6,460.2,356.1,957.2,816.4,23,23,8,5,0,
1848.0,1,7,483.6,473.6,459.4,328.7,957.2,788.1,23,23,8,5,0,
1849.0,1,7,483.6,473.6,459.4,353.8,957.2,813.2,23,23,8,5,0,
1850.0,1,7,483.6,473.6,459.4,328.7,957.2,788.1,23,23,8,5,1,0
1851.0,0,25,485.8,475.2,462.6,357.4,961.1,820.0,23,23,8,5,0,
1852.0,0,25,485.8,475.2,462.8,332.7,961.1,795.5,23,24,8,5,0,
1853.0,0,25,485.8,475.2,463.0,358.7,961.1,821.7,23,24,8,5,0,
1854.0,0,25,485.8,475.2,463.0,333.6,961.1,796.6,23,24,8,5,0,
1855.0,0,25,485.8,475.2,463.8,358.2,961.1,822.0,23,24,8,5,1,0
1856.0,0,25,485.8,475.2,425.8,412.5,961.1,838.3,23,24,9,4,0,
1857.0,0,25,485.8,475.2,431.2,412.5,961.1,843.7,23,24,9,4,0,
1858.0,0,25,485.8,475.2,460.8,410.8,961.1,871.6,23,24,9,4,0,
1859.0,0,25,485.8,475.2,459.9,410.8,961.1,870.8,23,24,9,4,0,
1860.0,0,25,485.8,475.2,462.4,410.8,961.1,873.2,23,24,9,4,1,0
1861.0,0,25,485.8,475.2,400.0,413.3,961.1,813.3,23,24,9,4,0,
1862.0,0,25,485.8,475.2,442.5,413.3,961.1,855.8,23,24,9,4,0,
1863.0,0,25,485.8,475.2,459.8,413.3,961.1,873.1,23,24,9,4,0,
1864.0,0,25,485.8,475.2,464.7,413.3,961.1,878.0,23,24,9,4,0,
1865.0,0,25,485.8,475.2,464.7,413.3,961.1,878.0,23,24,9,4,1,0
1866.0,0,25,485.8,475.2,464.7,413.3,961.1,878.0,23,24,9,4,0,
1867.0,0,25,485.8,475.2,459.8,413.3,961.1,873.1,23,24,9,4,0,
1868.0,0,25,485.8,475.2,464.7,413.3,961.1,878.0,23,24,9,4,0,
1869.0,0,25,485.8,475.2,462.3,413.3,961.1,875.6,23,24,9,4,0,
1870.0,0,25,485.8,475.2,464.7,413.3,961.1,878.0,23,24,9,4,1,0
1871.0,0,25,485.8,475.2,462.3,413.3,961.1,875.6,23,24,9,4,0,
1872.0,0,25,485.8,475.2,464.7,413.3,961.1,878.0,23,24,9,4,0,
1873.0,0,25,485.8,475.2,462.5,413.3,961.1,875.8,23,24,9,4,0,
1874.0,0,25,485.8,475.2,461.5,414.6,961.1,876.1,23,24,9,4,0,
1875.0,0,25,485.8,475.2,460.1,413.8,961.1,873.9,23,24,9,4,1,0
1876.0,1,7,483.6,473.6,461.3,410.7,957.2,872.0,23,24,9,4,0,
1877.0,1,7,483.6,473.6,456.7,410.7,957.2,867.4,23,24,9,4,0,
1878.0,1,7,483.6,473.6,462.2,410.5,957.2,872.8,23,24,9,5,0,
1879.0,1,7,483.6,473.6,463.1,411.2,957.2,874.3,23,24,9,5,0,
1880.0,1,7,483.6,473.6,465.0,411.3,957.2,876.3,23,24,9,5,1,0
1881.0,0,25,485.8,475.2,464.4,413.7,961.1,878.1,23,24,9,5,0,
1882.0,0,25,485.8,475.2,466.0,413.1,961.1,879.1,23,24,9,5,0,
1883.0,0,25,486.1,475.2,456.3,415.0,961.3,871.2,24,24,9,5,0,
1884.0,0,25,486.1,475.2,461.9,415.0,961.3,876.8,24,24,8,5,0,
1885.0,0,25,486.1,475.2,461.9,413.3,961.3,875.2,24,24,8,5,1,0
1886.0,0,25,486.1,475.2,461.9,413.3,961.3,875.2,24,24,8,5,0,
1887.0,0,25,486.1,475.2,461.9,413.3,961.3,875.2,24,24,8,5,0,
1888.0,0,25,485.8,475.2,461.9,413.3,961.1,875.2,24,24,8,5,0,
1889.0,0,25,485.8,475.2,463.6,413.3,961.1,876.9,24,24,8,5,0,
1890.0,0,25,485.8,475.2,463.6,413.3,961.1,876.9,24,24,8,5,1,0
1891.0,0,25,485.8,475.2,463.6,413.3,961.1,876.9,24,24,8,5,0,
1892.0,0,25,485.8,475.2,463.6,413.3,961.1,876.9,24,24,8,5,0,
1893.0,0,25,485.8,475.2,463.6,413.3,961.1,876.9,24,24,8,5,0,
1894.0,0,25,485.8,475.2,463.6,413.3,961.1,876.9,24,24,8,5,0,
1895.0,0,25,485.8,475.2,463.6,413.3,961.1,876.9,24,24,8,5,1,0
1896.0,0,25,485.8,475.2,463.6,413.3,961.1,876.9,24,24,8,5,0,
1897.0,0,25,485.8,475.2,463.6,413.3,961.1,876.9,24,24,8,5,0,
1898.0,0,25,485.8,475.2,463.6,413.3,961.1,876.9,24,24,8,5,0,
1899.0,0,25,485.8,475.2,463.6,413.3,961.1,876.9,24,24,8,5,0,
1900.0,0,25,485.8,475.2,463.8,414.6,961.1,878.4,24,24,8,5,1,0
1901.0,0,25,485.8,475.2,462.6,413.8,961.1,876.4,24,24,8,5,0,
1902.0,0,25,485.8,475.2,462.6,413.8,961.1,876.4,24,24,8,5,0,
1903.0,0,25,485.8,475.2,462.6,413.8,961.1,876.4,24,24,8,5,0,
1904.0,0,25,485.8,475.2,462.6,413.8,961.1,876.4,24,24,8,5,0,
1905.0,0,25,485.8,475.2,462.8,414.1,961.1,876.9,24,24,8,5,1,0
1906.0,1,7,483.6,473.6,460.5,411.4,957.2,871.9,24,24,8,5,0,
1907.0,1,7,483.6,473.6,461.2,410.8,957.2,872.0,24,24,8,5,0,
1908.0,1,7,483.6,473.6,461.2,410.8,957.2,872.0,24,25,8,5,0,
1909.0,1,7,483.6,473.6,461.7,410.8,957.2,872.5,24,25,8,5,0,
1910.0,1,7,483.6,473.6,461.9,411.7,957.2,873.6,24,25,8,5,1,0
1911.0,0,25,486.1,475.2,463.8,415.0,961.3,878.8,25,25,8,5,0,
1912.0,0,25,486.1,475.2,463.6,413.3,961.3,876.9,25,25,8,5,0,
1913.0,0,25,486.1,475.2,463.6,413.3,961.3,876.9,25,25,8,5,0,
1914.0,0,25,486.1,475.2,463.6,413.3,961.3,876.9,25,25,8,5,0,
1915.0,0,25,486.1,475.2,463.6,413.3,961.3,876.9,25,25,8,5,1,0
1916.0,0,25,485.8,475.2,463.6,413.3,961.1,876.9,25,25,8,5,0,
1917.0,0,25,485.8,475.2,463.6,413.3,961.1,876.9,25,25,8,5,0,
1918.0,0,25,485.8,475.2,463.6,413.3,961.1,876.9,25,25,8,5,0,
1919.0,0,25,485.8,475.2,463.6,413.3,961.1,876.9,25,25,8,5,0,
1920.0,0,25,485.8,475.2,463.6,413.3,961.1,876.9,25,25,8,5,1,0
1921.0,0,25,485.8,475.2,463.6,413.3,961.1,876.9,25,25,8,5,0,
1922.0,0,25,485.8,475.2,463.6,413.3,961.1,876.9,25,25,8,5,0,
1923.0,0,25,485.8,475.2,463.6,413.3,961.1,876.9,25,25,8,5,0,
1924.0,0,25,485.8,475.2,463.6,413.3,961.1,876.9,25,25,8,5,0,
1925.0,0,25,485.8,475.2,463.6,413.3,961.1,876.9,25,25,8,5,1,0
1926.0,0,25,485.8,475.2,463.6,414.7,961.1,878.4,25,25,8,5,0,
1927.0,0,25,485.8,475.2,463.5,414.6,961.1,878.1,25,25,8,5,0,
1928.0,0,25,485.8,475.2,463.5,413.8,961.1,877.3,25,25,8,5,0,
1929.0,0,25,485.8,475.2,462.6,413.8,961.1,876.4,25,25,8,5,0,
1930.0,0,25,485.8,475.2,462.6,413.8,961.1,876.4,25,25,8,5,1,0
1931.0,0,25,485.8,475.2,462.6,414.1,961.1,876.7,25,25,8,5,0,
1932.0,0,25,485.8,475.2,463.0,414.1,961.1,877.1,25,25,8,5,0,
1933.0,0,25,485.8,475.2,463.0,414.1,961.0,877.1,24,25,8,5,0,
1934.0,0,25,485.8,475.2,463.0,414.1,961.1,877.1,25,25,8,5,0,
1935.0,0,25,485.8,475.2,463.0,414.1,961.0,877.1,24,25,8,5,1,0
1936.0,1,7,483.4,473.6,462.4,412.8,957.0,875.2,24,25,8,5,0,
1937.0,1,7,483.4,473.6,464.3,413.9,957.0,878.2,24,25,8,5,0,
1938.0,1,7,483.6,473.6,462.4,454.7,957.2,917.1,24,25,8,6,0,
1939.0,1,7,483.4,473.6,462.4,453.6,957.0,916.0,24,25,8,6,0,
1940.0,1,7,483.6,473.6,462.4,460.3,957.2,922.7,24,25,8,6,1,0
1941.0,0,25,485.8,475.2,463.6,463.4,961.1,927.0,24,25,8,6,0,
1942.0,0,25,485.8,475.2,463.6,463.8,961.1,927.4,24,25,8,6,0,
1943.0,0,25,485.8,475.2,463.6,474.1,961.1,937.7,24,25,8,6,0,
1944.0,0,25,485.8,475.2,463.6,474.1,961.1,937.7,24,25,8,6,0,
1945.0,0,25,485.8,475.2,463.6,474.1,961.1,937.8,24,25,8,6,1,0
1946.0,0,25,485.8,475.2,463.6,472.8,961.1,936.4,24,25,8,6,0,
1947.0,0,25,485.8,475.2,465.7,474.2,961.1,939.9,24,25,8,6,0,
1948.0,0,25,485.8,475.2,463.6,472.9,961.1,936.6,24,25,8,6,0,
1949.0,0,25,485.8,475.2,463.6,472.9,961.1,936.6,24,25,8,6,0,
1950.0,0,25,485.8,475.2,463.6,472.9,961.1,936.6,24,25,8,6,1,0
1951.0,0,25,485.8,475.2,463.6,472.9,961.1,936.6,24,25,8,6,0,
1952.0,0,25,485.8,475.2,463.6,472.9,961.1,936.6,24,25,8,6,0,
1953.0,0,25,485.8,475.2,463.5,473.0,961.1,936.5,24,25,8,6,0,
1954.0,0,25,485.8,475.2,465.6,473.0,961.1,938.6,24,25,8,6,0,
1955.0,0,25,485.8,475.2,462.6,473.0,961.1,935.6,24,25,8,6,1,0
1956.0,0,25,485.8,475.2,462.6,472.9,961.1,935.5,24,25,8,6,0,
1957.0,0,25,485.8,475.2,462.6,472.9,961.1,935.5,24,25,8,6,0,
1958.0,0,25,485.8,475.2,463.0,473.2,961.1,936.2,24,25,8,6,0,
1959.0,0,25,485.8,475.2,462.8,473.2,961.1,935.9,24,25,8,6,0,
1960.0,0,25,485.8,475.2,463.0,473.2,961.1,936.2,24,25,8,6,1,0
1961.0,0,25,485.8,475.2,463.0,473.2,961.1,936.2,24,25,8,6,0,
1962.0,0,25,485.8,475.2,463.8,472.5,961.1,936.3,24,25,8,6,0,
1963.0,0,25,485.8,475.2,463.8,473.5,961.1,937.3,24,25,8,6,0,
1964.0,0,25,485.8,475.2,463.8,473.5,961.1,937.3,24,25,8,6,0,
1965.0,0,25,485.8,473.7,463.6,473.5,959.5,937.2,24,26,8,6,1,0
1966.0,1,7,483.6,471.7,463.4,470.1,955.4,933.5,24,26,8,6,0,
1967.0,1,7,483.6,467.3,463.1,470.4,951.0,933.5,24,26,8,6,0,
1968.0,1,7,483.6,470.6,463.1,470.4,954.2,933.5,24,26,8,6,0,
1969.0,1,7,483.6,470.7,462.6,470.4,954.4,933.0,24,26,8,6,0,
1970.0,1,7,483.6,451.7,462.4,470.4,935.4,932.8,24,26,8,6,1,0
1971.0,0,25,485.8,480.6,463.6,472.9,966.4,936.6,24,26,8,6,0,
1972.0,0,25,485.8,479.5,463.6,472.9,965.4,936.6,24,26,8,6,0,
1973.0,0,25,485.8,479.4,463.6,472.9,965.2,936.6,24,26,8,6,0,
1974.0,0,25,485.8,479.4,463.6,472.9,965.2,936.6,24,26,8,6,0,
1975.0,0,25,485.8,477.1,463.6,472.9,962.9,936.6,24,26,8,6,1,0
1976.0,0,25,485.8,477.1,463.6,472.9,962.9,936.6,24,26,8,6,0,
1977.0,0,25,485.8,477.2,463.6,472.9,963.1,936.6,24,26,8,6,0,
1978.0,0,25,485.8,477.2,463.5,472.9,963.1,936.4,24,26,8,6,0,
1979.0,0,25,485.8,477.2,463.8,472.9,963.1,936.8,24,26,8,6,0,
1980.0,0,25,485.8,477.2,462.6,473.1,963.1,935.7,24,26,8,6,1,0
1981.0,0,25,485.8,477.2,462.6,473.0,963.1,935.6,24,26,8,6,0,
1982.0,0,25,485.8,477.2,462.6,473.1,963.1,935.7,24,26,8,6,0,
1983.0,0,25,485.8,477.2,463.0,473.0,963.1,936.0,24,26,8,6,0,
1984.0,0,25,485.8,477.2,462.8,472.9,963.1,935.7,24,26,8,6,0,
1985.0,0,25,485.8,477.2,463.0,473.2,963.1,936.2,24,26,8,6,1,0
1986.0,0,25,485.8,477.2,463.0,473.2,963.1,936.2,24,26,8,6,0,
1987.0,0,25,485.8,477.2,463.0,473.2,963.1,936.2,24,26,8,6,0,
1988.0,0,25,485.8,477.2,463.8,473.2,963.1,937.0,24,26,8,6,0,
1989.0,0,25,485.8,477.2,463.8,473.2,963.1,937.0,24,26,8,6,0,
1990.0,0,25,485.8,477.2,463.6,473.5,963.1,937.2,24,26,8,6,1,0
1991.0,0,25,485.8,477.2,463.6,473.4,963.1,937.0,24,26,8,6,0,
1992.0,0,25,485.8,477.2,463.6,473.5,963.1,937.2,24,26,8,6,0,
1993.0,0,25,485.8,477.2,463.6,473.5,963.1,937.2,24,26,8,6,0,
1994.0,0,25,485.8,477.2,463.6,473.5,963.1,937.2,24,26,8,6,0,
1995.0,0,25,485.8,477.2,463.6,473.4,963.1,937.0,24,26,8,6,1,0
1996.0,1,7,483.6,475.6,462.4,470.4,959.2,932.8,24,26,8,6,0,
1997.0,1,7,483.6,475.6,462.4,470.4,959.2,932.8,24,26,8,6,0,
1998.0,1,7,483.6,475.6,462.4,470.4,959.2,932.8,24,26,8,6,0,
1999.0,1,7,483.6,475.6,462.4,470.4,959.2,932.8,24,26,8,6,0,
2000.0,1,7,483.6,475.6,462.4,470.4,959.2,932.8,24,26,8,6,1,0
2001.0,0,25,485.8,477.2,463.6,472.9,963.1,936.6,24,26,8,6,0,
2002.0,0,25,485.8,477.2,463.6,472.9,963.1,936.6,24,26,8,6,0,
2003.0,0,25,485.8,477.2,463.6,472.9,963.1,936.6,24,26,8,6,0,
2004.0,0,25,485.8,477.2,463.6,472.9,963.1,936.6,24,26,8,6,0,
2005.0,0,25,485.8,477.2,463.6,472.9,963.1,936.6,24,26,8,6,1,0
2006.0,0,25,485.8,477.2,463.5,473.0,963.1,936.5,24,26,8,6,0,
2007.0,0,25,485.8,477.2,463.8,473.0,963.1,936.8,24,26,8,6,0,
2008.0,0,25,485.8,477.2,462.6,472.9,963.1,935.5,24,26,8,6,0,
2009.0,0,25,485.8,477.2,462.6,472.9,963.1,935.5,24,26,8,6,0,
2010.0,0,25,485.8,477.2,462.6,472.9,963.1,935.5,24,26,8,6,1,0
2011.0,0,25,485.8,477.2,463.0,473.2,963.1,936.2,24,26,8,6,0,
2012.0,0,25,485.8,477.2,462.8,473.2,963.1,935.9,24,26,8,6,0,
2013.0,0,25,485.8,477.2,463.0,473.2,963.1,936.2,24,26,8,6,0,
2014.0,0,25,485.8,477.2,463.0,473.2,963.1,936.2,24,26,8,6,0,
2015.0,0,25,485.8,477.2,463.8,473.5,963.1,937.4,24,26,8,6,1,0
2016.0,0,25,485.8,477.2,463.8,473.5,963.1,937.3,24,26,8,6,0,
2017.0,0,25,485.8,477.2,463.8,473.5,963.1,937.3,24,26,8,6,0,
2018.0,0,25,485.8,477.2,463.6,473.5,963.1,937.2,24,26,8,6,0,
2019.0,0,25,485.8,477.2,463.6,473.1,963.1,936.7,24,26,8,6,0,
2020.0,0,25,485.8,477.2,463.6,472.9,963.1,936.6,24,26,8,6,1,0
2021.0,0,25,485.8,477.2,463.6,472.9,963.1,936.6,24,26,8,6,0,
2022.0,0,25,485.8,477.2,463.6,472.9,963.1,936.6,24,26,8,6,0,
2023.0,0,25,485.8,477.2,463.6,472.9,963.1,936.6,24,26,8,6,0,
2024.0,0,25,485.8,477.2,463.6,472.9,963.1,936.6,24,26,8,6,0,
2025.0,0,25,485.8,477.2,463.6,472.9,963.1,936.6,24,26,8,6,1,0
2026.0,1,7,483.6,475.6,462.4,470.4,959.2,932.8,24,26,8,6,0,
2027.0,1,7,483.6,475.6,462.4,470.4,959.2,932.8,24,26,8,6,0,
2028.0,1,7,483.6,475.6,462.4,470.4,959.2,932.8,24,26,8,6,0,
2029.0,1,7,483.6,475.6,462.4,470.4,959.2,932.8,24,26,8,6,0,
2030.0,1,7,483.6,475.6,462.4,470.4,959.2,932.8,24,26,8,6,1,0
2031.0,0,25,485.8,477.2,463.6,472.9,963.1,936.6,24,26,8,6,0,
2032.0,0,25,485.8,477.2,463.6,473.0,963.1,936.7,24,26,8,6,0,
2033.0,0,25,485.8,477.2,463.5,473.0,963.1,936.5,24,26,8,6,0,
2034.0,0,25,485.8,477.2,463.8,473.0,963.1,936.8,24,26,8,6,0,
2035.0,0,25,485.8,477.2,462.6,472.9,963.1,935.5,24,26,8,6,1,0
2036.0,0,25,485.8,477.2,462.6,472.9,963.1,935.5,24,26,8,6,0,
2037.0,0,25,485.8,477.2,462.6,473.2,963.1,935.8,24,26,8,6,0,
2038.0,0,25,485.8,477.2,462.8,473.2,963.1,935.9,24,26,8,6,0,
2039.0,0,25,485.8,477.2,462.8,473.2,963.1,935.9,24,26,8,6,0,
2040.0,0,25,485.8,477.2,463.0,473.2,963.1,936.2,24,26,8,6,1,0
2041.0,0,25,485.8,477.2,463.7,473.2,963.1,936.9,24,26,8,6,0,
2042.0,0,25,485.8,477.2,463.8,473.5,963.1,937.3,24,26,8,6,0,
2043.0,0,25,485.8,477.2,463.8,473.5,963.1,937.3,24,26,8,6,0,
2044.0,0,25,485.8,477.2,463.6,473.5,963.1,937.2,24,26,8,6,0,
2045.0,0,25,485.8,477.2,463.6,473.1,963.1,936.7,24,26,8,6,1,0
2046.0,0,25,485.8,477.2,463.6,473.1,963.1,936.7,24,26,8,6,0,
2047.0,0,25,486.1,477.2,463.6,472.9,963.3,936.6,25,26,8,6,0,
2048.0,0,25,486.1,477.2,463.6,472.9,963.3,936.6,25,26,8,6,0,
2049.0,0,25,486.1,477.2,463.6,472.9,963.3,936.6,25,26,8,6,0,
2050.0,0,25,486.1,477.2,463.6,472.9,963.3,936.6,25,26,8,6,1,0
2051.0,0,25,486.1,477.2,463.6,472.9,963.3,936.6,25,26,8,6,0,
2052.0,0,25,485.8,477.2,463.6,472.9,963.1,936.6,25,26,8,6,0,
2053.0,0,25,485.8,477.2,463.6,472.9,963.1,936.6,25,26,8,6,0,
2054.0,0,25,485.8,477.2,463.6,472.9,963.1,936.6,25,26,8,6,0,
2055.0,0,25,485.8,477.2,463.6,472.9,963.1,936.6,25,26,8,6,1,0
2056.0,1,7,483.6,475.6,462.4,470.4,959.2,932.8,25,26,8,6,0,
2057.0,1,7,483.6,475.6,462.4,470.4,959.2,932.8,25,26,8,6,0,
2058.0,1,7,483.6,475.6,462.4,470.4,959.2,932.8,25,26,8,6,0,
2059.0,1,7,483.6,475.6,462.4,469.0,959.2,931.4,25,26,8,6,0,
2060.0,1,7,483.6,475.6,460.8,469.1,959.2,929.9,25,26,8,6,1,0
2061.0,0,25,485.8,477.2,463.5,473.0,963.1,936.5,25,26,8,6,0,
2062.0,0,25,485.8,477.2,462.6,472.9,963.1,935.5,25,26,8,6,0,
2063.0,0,25,485.8,477.2,462.6,472.9,963.1,935.5,24,26,8,6,0,
2064.0,0,25,485.8,477.2,462.6,473.2,963.1,935.8,24,26,8,6,0,
2065.0,0,25,485.8,477.2,462.8,473.2,963.1,935.9,24,26,8,6,1,0
2066.0,0,25,485.8,477.2,462.8,473.2,963.1,935.9,25,26,8,6,0,
2067.0,0,25,485.8,477.2,463.0,472.5,963.1,935.5,24,26,8,6,0,
2068.0,0,25,485.8,477.2,463.7,472.6,963.1,936.4,24,26,8,6,0,
2069.0,0,25,485.8,477.2,463.8,473.5,963.1,937.3,24,26,8,6,0,
2070.0,0,25,485.8,477.2,463.8,473.5,963.1,937.3,24,26,8,6,1,0
2071.0,0,25,485.8,477.2,463.8,473.5,963.1,937.4,24,26,8,6,0,
2072.0,0,25,485.8,477.2,463.6,473.1,963.1,936.7,24,26,8,6,0,
2073.0,0,25,485.8,477.2,463.6,472.9,963.1,936.6,24,26,8,6,0,
2074.0,0,25,486.1,477.2,463.6,472.9,963.3,936.6,25,26,8,6,0,
2075.0,0,25,486.1,477.2,463.6,472.9,963.3,936.6,25,26,8,6,1,0
2076.0,0,25,486.1,477.2,463.6,472.9,963.3,936.6,25,26,8,6,0,
2077.0,0,25,486.1,477.2,463.6,472.9,963.3,936.6,25,26,8,6,0,
2078.0,0,25,486.1,477.2,463.6,472.9,963.3,936.6,25,26,8,6,0,
2079.0,0,25,485.8,477.2,463.6,472.9,963.1,936.6,25,26,8,6,0,
2080.0,0,25,485.8,477.2,463.6,472.9,963.1,936.6,25,26,8,6,1,0
2081.0,0,25,485.8,477.2,463.6,472.9,963.1,936.6,25,26,8,6,0,
2082.0,0,25,485.8,477.2,463.6,472.9,963.1,936.6,25,26,8,6,0,
2083.0,0,25,485.8,477.2,463.6,472.9,963.1,936.6,25,26,8,6,0,
2084.0,0,25,485.8,477.2,463.6,472.9,963.1,936.6,25,26,8,6,0,
2085.0,0,25,485.8,477.2,463.2,472.9,963.1,936.1,25,26,8,6,1,0
2086.0,1,7,483.6,475.6,460.6,469.0,959.2,929.6,25,26,8,6,0,
2087.0,1,7,483.6,475.6,460.8,469.1,959.2,929.9,25,26,8,6,0,
2088.0,1,7,483.6,475.6,459.8,469.0,959.2,928.8,25,26,8,6,0,
2089.0,1,7,483.6,475.6,459.8,469.4,959.2,929.2,25,26,8,6,0,
2090.0,1,7,483.4,475.6,460.1,469.0,959.0,929.1,24,26,8,6,1,0
2091.0,0,25,485.8,477.2,462.8,473.0,963.1,935.8,24,26,8,6,0,
2092.0,0,25,485.8,477.2,462.8,473.2,963.1,935.9,24,26,8,6,0,
2093.0,0,25,485.8,477.2,463.0,473.2,963.1,936.2,25,26,8,6,0,
2094.0,0,25,485.8,477.2,463.8,473.2,963.1,936.9,25,26,8,6,0,
2095.0,0,25,486.1,477.2,463.8,473.0,963.3,936.8,25,26,8,6,1,0
2096.0,0,25,486.1,477.2,463.8,473.0,963.3,936.8,25,26,8,6,0,
2097.0,0,25,485.8,477.2,463.6,472.6,963.1,936.2,24,26,8,6,0,
2098.0,0,25,485.8,477.2,463.6,472.6,963.1,936.3,24,26,8,6,0,
2099.0,0,25,485.8,477.2,463.6,473.5,963.1,937.2,24,26,8,6,0,
2100.0,0,25,485.8,477.2,463.6,473.4,963.1,937.0,24,26,8,6,1,0
2101.0,0,25,485.8,477.2,463.6,473.4,963.1,937.0,24,26,8,6,0,
2102.0,0,25,485.8,477.2,463.6,437.4,963.1,901.0,24,26,8,7,0,
2103.0,0,25,485.8,477.2,463.6,441.9,963.1,905.6,24,26,8,7,0,
2104.0,0,25,485.8,477.2,463.6,441.9,963.1,905.6,24,26,8,7,0,
2105.0,0,25,485.8,477.2,463.6,441.9,963.1,905.6,24,26,8,7,1,0
2106.0,0,25,485.8,477.2,463.6,441.9,963.1,905.6,24,26,8,7,0,
2107.0,0,25,485.8,477.2,463.6,441.8,963.1,905.4,24,26,8,7,0,
2108.0,0,25,485.8,477.2,463.6,441.3,963.1,905.0,24,26,8,7,0,
2109.0,0,25,485.8,477.2,463.6,441.9,963.1,905.6,24,26,8,7,0,
2110.0,0,25,485.8,477.2,463.6,441.9,963.1,905.6,24,26,8,7,1,0
2111.0,0,25,485.8,477.2,463.6,441.3,963.1,905.0,24,26,8,7,0,
2112.0,0,25,485.8,477.2,463.6,440.5,963.1,904.1,24,26,8,7,0,
2113.0,0,25,485.8,477.2,463.2,440.5,963.1,903.7,24,26,8,7,0,
2114.0,0,25,485.8,477.2,463.5,440.5,963.1,904.0,24,26,8,7,0,
2115.0,0,25,485.8,477.2,463.5,439.8,963.1,903.3,24,26,8,7,1,0
2116.0,1,7,483.6,475.6,460.6,435.3,959.2,896.0,24,26,8,7,0,
2117.0,1,7,483.6,475.6,461.1,435.9,959.2,897.0,24,26,8,7,0,
2118.0,1,7,483.6,475.6,461.9,435.5,959.2,897.5,24,26,8,7,0,
2119.0,1,7,483.6,475.6,461.9,435.2,959.2,897.2,24,26,8,7,0,
2120.0,1,7,483.6,475.6,461.9,455.9,959.2,917.8,24,26,8,7,1,0
2121.0,0,25,485.8,477.2,463.0,459.9,963.1,922.9,24,26,8,7,0,
2122.0,0,25,485.8,477.2,463.8,458.9,963.1,922.6,24,26,8,7,0,
2123.0,0,25,485.8,477.2,463.8,473.6,963.1,937.4,24,26,8,7,0,
2124.0,0,25,485.8,477.2,463.8,470.5,963.1,934.2,24,26,8,7,0,
2125.0,0,25,485.8,477.2,463.8,471.4,963.1,935.2,24,26,8,6,1,0
2126.0,0,25,485.8,477.2,463.8,471.4,963.1,935.2,24,26,8,6,0,
2127.0,0,25,485.8,477.2,463.8,471.2,963.1,935.1,24,26,8,6,0,
2128.0,0,25,485.8,477.2,463.8,471.2,963.1,935.1,24,26,8,6,0,
2129.0,0,25,485.8,477.2,463.8,471.2,963.1,935.1,24,26,8,6,0,
2130.0,0,25,485.8,477.2,463.8,472.9,963.1,936.8,24,26,8,6,1,0
2131.0,0,25,485.8,477.2,463.8,472.9,963.1,936.8,24,26,8,6,0,
2132.0,0,25,485.8,477.2,463.6,472.9,963.1,936.6,24,26,8,6,0,
2133.0,0,25,485.8,477.2,463.6,472.9,963.1,936.6,24,26,8,6,0,
2134.0,0,25,485.8,477.2,463.6,472.9,963.1,936.6,24,26,8,6,0,
2135.0,0,25,485.8,477.2,463.6,472.9,963.1,936.6,24,26,8,6,1,0
2136.0,0,25,485.8,477.2,463.6,472.9,963.1,936.6,24,26,8,6,0,
2137.0,0,25,485.8,477.2,463.6,472.9,963.1,936.6,24,26,8,6,0,
2138.0,0,25,485.8,477.2,463.5,473.0,963.1,936.5,24,26,8,6,0,
2139.0,0,25,485.8,477.2,463.5,473.0,963.1,936.5,24,26,8,6,0,
2140.0,0,25,485.8,477.2,463.5,473.0,963.1,936.5,24,26,8,6,1,0
2141.0,0,25,485.8,477.2,463.8,473.0,963.1,936.8,24,26,8,6,0,
2142.0,0,25,485.8,477.2,462.6,473.0,963.1,935.6,24,26,8,6,0,
2143.0,0,25,485.8,477.2,462.8,473.0,963.1,935.8,24,26,8,6,0,
2144.0,0,25,485.8,477.2,462.8,473.0,963.1,935.8,24,26,8,6,0,
2145.0,0,25,485.8,477.2,462.8,473.1,963.1,935.9,24,26,8,6,1,0
2146.0,1,7,483.6,475.1,460.1,428.5,958.7,888.7,24,25,8,7,0,
2147.0,1,7,483.6,475.1,461.7,435.3,958.7,897.0,24,25,8,7,0,
2148.0,1,7,483.6,475.1,461.2,433.8,958.7,895.1,24,25,8,7,0,
2149.0,1,7,483.6,475.1,461.9,455.5,958.7,917.4,24,25,8,7,0,
2150.0,1,7,483.6,475.6,461.9,455.5,959.2,917.4,24,26,8,7,1,0
2151.0,0,25,485.8,477.2,463.8,460.2,963.1,924.0,24,26,8,7,0,
2152.0,0,25,485.8,477.2,463.6,460.1,963.1,923.8,24,26,8,7,0,
2153.0,0,25,485.8,477.2,463.6,457.8,963.1,921.5,24,26,8,7,0,
2154.0,0,25,485.8,477.2,463.6,460.1,963.1,923.8,24,26,8,7,0,
2155.0,0,25,485.8,477.2,463.6,473.4,963.1,937.1,24,26,8,7,1,0
2156.0,0,25,486.3,477.0,463.6,461.9,963.3,925.5,25,25,8,7,0,
2157.0,0,25,483.4,477.0,463.6,473.3,960.4,936.9,25,25,8,7,0,
2158.0,0,25,483.4,477.0,463.6,461.7,960.4,925.4,25,25,8,7,0,
2159.0,0,25,483.4,477.0,463.6,473.3,960.4,936.9,25,25,8,7,0,
2160.0,0,25,483.8,477.0,463.6,461.7,960.8,925.4,25,25,8,7,1,0
2161.0,0,25,485.9,477.2,463.6,473.3,963.1,936.9,25,25,8,7,0,
2162.0,0,25,485.9,477.2,463.6,461.7,963.1,925.4,25,25,8,7,0,
2163.0,0,25,485.7,477.2,463.6,473.3,962.9,936.9,25,25,8,7,0,
2164.0,0,25,490.4,477.2,463.6,461.7,967.6,925.4,25,25,8,7,0,
2165.0,0,25,490.4,477.2,463.6,458.7,967.6,922.3,25,25,8,7,1,0
2166.0,0,25,490.5,477.2,463.2,459.5,967.7,922.7,25,25,8,7,0,
2167.0,0,25,490.5,477.2,463.5,473.0,967.7,936.5,25,25,8,7,0,
2168.0,0,25,490.5,477.2,463.2,459.5,967.7,922.7,25,25,8,7,0,
2169.0,0,25,490.5,477.2,462.6,473.0,967.7,935.6,25,25,8,7,0,
2170.0,0,25,490.5,477.2,462.6,459.9,967.7,922.5,25,25,8,7,1,0
2171.0,0,25,490.5,477.2,462.8,473.3,967.7,936.1,25,25,8,7,0,
2172.0,0,25,490.5,477.2,462.8,460.2,967.7,923.0,25,25,8,7,0,
2173.0,0,25,490.5,477.2,463.0,463.1,967.7,926.1,25,25,8,7,0,
2174.0,0,25,490.5,477.2,463.7,459.4,967.7,923.2,25,25,8,7,0,
2175.0,0,25,490.5,477.2,463.7,470.9,967.7,934.6,25,25,8,6,1,0
2176.0,1,7,487.2,475.6,462.4,467.7,962.7,930.1,25,25,8,6,0,
2177.0,1,7,487.2,475.6,462.4,468.6,962.7,931.0,25,25,8,6,0,
2178.0,1,7,487.2,475.6,463.4,468.6,962.7,932.0,25,25,8,6,0,
2179.0,1,7,487.2,475.6,463.1,469.5,962.7,932.7,25,25,8,6,0,
2180.0,1,7,487.2,475.6,463.1,470.4,962.7,933.5,25,25,8,6,1,0
2181.0,0,25,490.5,477.2,463.6,472.9,967.7,936.6,25,25,8,6,0,
2182.0,0,25,490.5,477.2,463.6,472.9,967.7,936.6,25,25,8,6,0,
2183.0,0,25,490.5,477.2,421.5,472.9,967.7,894.4,24,25,9,6,0,
2184.0,0,25,490.5,477.2,448.3,472.9,967.7,921.2,24,25,9,6,0,
2185.0,0,25,490.5,477.2,444.8,472.9,967.7,917.7,24,25,9,6,1,0
2186.0,0,25,490.5,477.2,457.8,472.9,967.7,930.7,24,25,9,6,0,
2187.0,0,25,490.5,477.2,457.8,472.9,967.7,930.7,24,25,9,6,0,
2188.0,0,25,490.5,477.2,393.8,472.9,967.7,866.8,24,25,9,6,0,
2189.0,0,25,490.5,477.2,418.8,472.9,967.7,891.7,24,25,9,6,0,
2190.0,0,25,490.5,477.2,457.6,472.9,967.7,930.5,24,25,9,6,1,0
2191.0,0,25,490.5,477.2,457.6,472.9,967.7,930.5,24,25,9,6,0,
2192.0,0,25,490.5,477.2,459.1,473.0,967.7,932.1,24,25,9,6,0,
2193.0,0,25,490.5,477.2,457.1,473.0,967.7,930.1,24,25,9,6,0,
2194.0,0,25,490.5,477.2,459.1,473.0,967.7,932.1,24,25,9,6,0,
2195.0,0,25,490.5,477.2,459.0,473.0,967.7,932.0,24,25,9,6,1,0
2196.0,0,25,490.5,477.2,458.6,473.0,967.7,931.6,24,25,9,6,0,
2197.0,0,25,490.5,477.2,458.7,473.0,967.7,931.8,24,25,9,6,0,
2198.0,0,25,490.7,477.2,459.8,473.0,968.0,932.8,25,25,9,6,0,
2199.0,0,25,490.7,477.2,458.7,473.0,968.0,931.8,25,25,9,6,0,
2200.0,0,25,490.7,477.2,459.7,472.9,968.0,932.6,25,25,9,6,1,0
2201.0,0,25,490.7,477.2,467.4,473.0,968.0,940.4,25,25,9,6,0,
2202.0,0,25,490.7,477.2,467.3,473.0,968.0,940.3,25,25,9,6,0,
2203.0,0,25,490.5,477.2,465.0,473.0,967.7,938.0,25,25,9,6,0,
2204.0,0,25,490.5,477.2,460.7,473.0,967.7,933.7,25,25,9,6,0,
2205.0,0,25,490.5,477.2,461.9,473.1,967.7,935.0,25,25,8,6,1,0
2206.0,1,7,487.2,475.6,461.1,469.6,962.7,930.7,25,25,8,6,0,
2207.0,1,7,487.2,475.6,461.1,469.6,962.7,930.7,25,25,8,6,0,
2208.0,1,7,487.2,475.6,461.1,469.7,962.7,930.8,25,25,8,6,0,
2209.0,1,7,487.2,475.6,461.1,469.9,962.7,931.0,25,25,8,6,0,
2210.0,1,7,487.2,475.6,462.4,469.9,962.7,932.2,25,25,8,6,1,0
2211.0,0,25,490.5,477.2,463.6,413.0,967.7,876.7,24,25,8,7,0,
2212.0,0,25,490.5,477.2,463.6,441.3,967.7,905.0,24,25,8,7,0,
2213.0,0,25,490.5,477.2,463.6,441.3,967.7,905.0,24,25,8,7,0,
2214.0,0,25,490.5,477.2,463.6,416.8,967.7,880.5,24,25,8,7,0,
2215.0,0,25,490.5,477.2,463.6,441.3,967.7,905.0,24,25,8,7,1,0
2216.0,0,25,490.5,477.2,463.6,436.7,967.7,900.4,24,25,8,7,0,
2217.0,0,25,490.5,477.2,463.6,441.3,967.7,905.0,24,25,8,7,0,
2218.0,0,25,490.5,477.2,463.8,439.8,967.7,903.7,24,25,8,7,0,
2219.0,0,25,490.5,477.2,463.5,416.0,967.7,879.5,24,25,8,7,0,
2220.0,0,25,490.5,477.2,463.5,440.5,967.7,904.0,24,25,8,7,1,0
2221.0,0,25,490.5,477.2,463.5,440.5,967.7,904.0,24,25,8,7,0,
2222.0,0,25,490.5,477.2,463.5,440.5,967.7,904.0,24,25,8,7,0,
2223.0,0,25,490.5,477.2,463.8,441.3,967.7,905.1,24,25,8,7,0,
2224.0,0,25,490.5,477.2,462.6,440.9,967.7,903.5,24,25,8,7,0,
2225.0,0,25,490.5,477.2,462.8,440.9,967.7,903.7,24,25,8,7,1,0
2226.0,0,25,490.5,477.2,462.6,441.2,967.7,903.8,24,25,8,7,0,
2227.0,0,25,490.5,477.2,463.5,441.0,967.7,904.5,24,25,8,7,0,
2228.0,0,25,490.7,477.2,463.5,458.1,968.0,921.5,25,25,8,7,0,
2229.0,0,25,490.7,477.2,463.7,458.9,968.0,922.6,25,25,8,7,0,
2230.0,0,25,490.7,477.2,463.8,473.6,968.0,937.4,25,25,8,7,1,0
2231.0,0,25,490.7,477.2,463.8,470.5,968.0,934.3,25,25,8,7,0,
2232.0,0,25,490.7,477.2,463.6,471.4,968.0,935.0,25,25,8,6,0,
2233.0,0,25,490.5,477.2,463.6,471.4,967.7,935.0,25,25,8,6,0,
2234.0,0,25,490.5,477.2,463.6,471.2,967.7,934.9,25,25,8,6,0,
2235.0,0,25,490.5,477.2,463.6,471.2,967.7,934.9,25,25,8,6,1,0
2236.0,1,7,487.2,475.6,463.1,468.9,962.7,932.1,25,25,8,6,0,
2237.0,1,7,487.2,475.6,462.4,470.4,962.7,932.8,25,25,8,6,0,
2238.0,1,7,487.2,475.6,462.4,470.4,962.7,932.8,25,25,8,6,0,
2239.0,1,7,487.2,475.6,462.4,470.4,962.7,932.8,25,25,8,6,0,
2240.0,1,7,487.2,475.6,462.4,470.4,962.7,932.8,25,25,8,6,1,0
2241.0,0,25,490.5,477.2,463.6,472.9,967.7,936.6,25,25,8,6,0,
2242.0,0,25,490.5,477.2,463.6,472.9,967.7,936.6,25,25,8,6,0,
2243.0,0,25,490.5,477.2,463.6,472.9,967.7,936.6,25,25,8,6,0,
2244.0,0,25,490.5,477.2,463.2,472.9,967.7,936.1,25,25,8,6,0,
2245.0,0,25,490.5,477.2,463.5,473.0,967.7,936.5,25,25,8,6,1,0
2246.0,0,25,490.5,477.2,463.8,473.1,967.7,937.0,25,25,8,6,0,
2247.0,0,25,490.5,477.2,463.5,473.0,967.7,936.5,25,25,8,6,0,
2248.0,0,25,490.5,477.2,463.8,473.0,967.7,936.9,25,25,8,6,0,
2249.0,0,25,490.5,477.2,463.8,473.0,967.7,936.8,25,25,8,6,0,
2250.0,0,25,490.5,477.2,463.5,473.0,967.7,936.5,25,25,8,6,1,0
2251.0,0,25,490.5,477.2,462.6,472.9,967.7,935.5,25,25,8,6,0,
2252.0,0,25,490.5,477.2,462.6,472.9,967.7,935.5,25,25,8,6,0,
2253.0,0,25,490.5,477.2,463.5,472.9,967.7,936.3,25,25,8,6,0,
2254.0,0,25,490.5,477.2,463.5,473.0,967.7,936.5,25,25,8,6,0,
2255.0,0,25,490.5,477.2,463.5,473.0,967.7,936.5,25,26,8,6,1,0
2256.0,0,25,490.5,477.2,463.7,472.6,967.7,936.3,25,26,8,6,0,
2257.0,0,25,490.5,477.2,463.8,472.6,967.7,936.4,25,26,8,6,0,
2258.0,0,25,490.5,477.2,463.8,473.5,967.7,937.4,25,26,8,6,0,
2259.0,0,25,490.5,477.2,463.6,473.1,967.7,936.7,25,26,8,6,0,
2260.0,0,25,490.5,477.2,463.6,473.1,967.7,936.7,25,26,8,6,1,0
2261.0,0,25,490.5,477.2,463.6,472.9,967.7,936.6,25,26,8,6,0,
2262.0,0,25,490.5,477.2,463.6,472.9,967.7,936.6,25,26,8,6,0,
2263.0,0,25,490.5,477.2,463.6,472.9,967.7,936.6,25,26,8,6,0,
2264.0,0,25,490.5,477.2,463.6,472.9,967.7,936.6,25,26,8,6,0,
2265.0,0,25,490.5,477.2,463.6,472.9,967.7,936.6,25,26,8,6,1,0
2266.0,1,7,487.2,475.6,462.4,470.4,962.7,932.8,25,26,8,6,0,
2267.0,1,7,487.2,475.6,462.4,470.4,962.7,932.8,25,26,8,6,0,
2268.0,1,7,487.2,475.6,462.4,470.4,962.7,932.8,25,26,8,6,0,
2269.0,1,7,487.2,475.6,462.4,470.4,962.7,932.8,25,26,8,6,0,
2270.0,1,7,487.2,475.6,462.4,470.4,962.7,932.8,25,26,8,6,1,0
2271.0,0,25,490.5,477.2,463.6,473.0,967.7,936.7,25,26,8,6,0,
2272.0,0,25,490.5,477.2,463.5,473.1,967.7,936.6,25,26,8,6,0,
2273.0,0,25,490.5,477.2,463.2,473.0,967.7,936.2,25,26,8,6,0,
2274.0,0,25,490.5,477.2,463.5,473.1,967.7,936.6,25,26,8,6,0,
2275.0,0,25,490.5,477.2,463.5,473.0,967.7,936.5,25,26,8,6,1,0
2276.0,0,25,490.5,477.2,463.5,473.0,967.7,936.5,25,26,8,6,0,
2277.0,0,25,490.5,477.2,463.8,473.0,967.7,936.8,25,26,8,6,0,
2278.0,0,25,490.5,477.2,463.8,473.1,967.7,936.9,25,26,8,6,0,
2279.0,0,25,490.5,477.2,462.6,472.9,967.7,935.5,25,26,8,6,0,
2280.0,0,25,490.5,477.2,462.8,473.2,967.7,935.9,25,26,8,6,1,0
2281.0,0,25,490.5,477.2,463.5,473.1,967.7,936.5,25,26,8,6,0,
2282.0,0,25,490.5,477.2,463.5,473.0,967.7,936.5,25,26,8,6,0,
2283.0,0,25,490.5,477.2,463.5,473.0,967.7,936.5,25,26,8,6,0,
2284.0,0,25,490.5,477.2,463.7,472.6,967.7,936.3,25,26,8,6,0,
2285.0,0,25,490.5,477.2,463.8,472.6,967.7,936.5,25,26,8,6,1,0
2286.0,0,25,490.5,477.2,463.8,473.4,967.7,937.2,25,26,8,6,0,
2287.0,0,25,490.5,477.2,463.8,473.4,967.7,937.2,25,26,8,6,0,
2288.0,0,25,490.5,477.2,463.6,473.1,967.7,936.7,25,26,8,6,0,
2289.0,0,25,490.5,477.2,463.6,472.9,967.7,936.6,25,26,8,6,0,
2290.0,0,25,490.5,477.2,463.6,472.9,967.7,936.6,25,26,8,6,1,0
2291.0,0,25,490.5,477.2,463.6,472.9,967.7,936.6,25,26,8,6,0,
2292.0,0,25,490.5,477.0,421.5,472.9,967.5,894.4,25,25,9,6,0,
2293.0,0,25,490.5,477.0,448.3,472.9,967.5,921.2,25,25,9,6,0,
2294.0,0,25,490.5,477.0,444.8,472.9,967.5,917.7,25,25,9,6,0,
2295.0,0,25,490.5,477.0,444.8,472.9,967.5,917.7,25,25,9,6,1,0
2296.0,1,7,487.2,475.1,456.4,470.4,962.2,926.9,25,25,9,6,0,
2297.0,1,7,487.2,475.6,386.7,469.4,962.7,856.2,25,25,9,6,0,
2298.0,1,7,487.2,475.6,402.1,469.0,962.7,871.1,25,25,9,6,0,
2299.0,1,7,487.2,475.6,440.2,469.1,962.7,909.3,25,25,9,6,0,
2300.0,1,7,487.2,475.6,454.4,469.0,962.7,923.4,25,25,9,6,1,0
2301.0,0,25,490.5,477.2,459.1,473.1,967.7,932.2,25,25,9,6,0,
2302.0,0,25,490.5,477.2,455.6,473.0,967.7,928.6,25,25,9,6,0,
2303.0,0,25,490.5,477.2,457.1,473.0,967.7,930.1,25,25,9,6,0,
2304.0,0,25,490.5,477.2,455.6,473.0,967.7,928.6,25,25,9,6,0,
2305.0,0,25,490.5,477.2,458.8,473.4,967.7,932.2,25,25,9,6,1,0
2306.0,0,25,490.5,477.2,456.7,473.1,967.7,929.8,25,25,9,6,0,
2307.0,0,25,490.5,477.2,457.6,473.1,967.7,930.7,25,25,9,6,0,
2308.0,0,25,490.5,477.2,456.8,473.0,967.7,929.8,25,25,9,6,0,
2309.0,0,25,490.5,477.2,457.8,473.0,967.7,930.8,25,25,9,6,0,
2310.0,0,25,490.5,477.2,467.2,472.6,967.7,939.8,25,25,9,6,1,0
2311.0,0,25,490.5,477.2,467.1,472.5,967.7,939.5,25,25,9,6,0,
2312.0,0,25,490.5,477.2,462.3,473.4,967.7,935.6,25,25,9,6,0,
2313.0,0,25,490.5,477.2,461.9,473.1,967.7,935.0,25,25,8,6,0,
2314.0,0,25,490.5,477.2,461.9,473.1,967.7,935.0,25,25,8,6,0,
2315.0,0,25,490.5,477.2,461.9,472.9,967.7,934.8,25,25,8,6,1,0
2316.0,0,25,490.5,477.2,461.9,472.9,967.7,934.8,25,25,8,6,0,
2317.0,0,25,490.5,477.2,461.9,472.9,967.7,934.8,25,25,8,6,0,
2318.0,0,25,490.5,477.2,463.6,472.9,967.7,936.6,25,25,8,6,0,
2319.0,0,25,490.5,477.2,463.6,472.9,967.7,936.6,25,25,8,6,0,
2320.0,0,25,490.5,477.2,463.6,434.9,967.7,898.5,24,25,8,7,1,0
2321.0,0,25,490.5,477.2,463.6,441.3,967.7,905.0,24,25,8,7,0,
2322.0,0,25,490.5,477.2,463.6,441.9,967.7,905.6,24,25,8,7,0,
2323.0,0,25,490.5,477.2,463.2,441.9,967.7,905.2,24,25,8,7,0,
2324.0,0,25,490.5,477.2,463.5,439.8,967.7,903.3,24,25,8,7,0,
2325.0,0,25,490.5,477.2,463.2,440.3,967.7,903.5,24,25,8,7,1,0
2326.0,1,7,487.2,475.6,460.6,434.1,962.7,894.8,24,25,8,7,0,
2327.0,1,7,487.2,475.6,460.8,434.8,962.7,895.5,24,25,8,7,0,
2328.0,1,7,487.2,475.6,461.9,435.2,962.7,897.1,24,25,8,7,0,
2329.0,1,7,487.2,475.6,461.9,435.0,962.7,896.9,24,25,8,7,0,
2330.0,1,7,487.2,475.6,461.9,435.0,962.7,896.9,24,25,8,7,1,0
2331.0,0,25,490.5,477.2,426.6,406.9,967.7,833.5,24,25,9,6,0,
2332.0,0,25,490.5,477.2,431.2,435.4,967.7,866.7,24,25,9,6,0,
2333.0,0,25,490.5,477.2,460.8,435.2,967.7,896.0,24,25,9,6,0,
2334.0,0,25,490.5,477.2,458.2,408.9,967.7,867.2,24,25,9,6,0,
2335.0,0,25,490.5,477.2,460.7,404.7,967.7,865.4,24,25,9,6,1,0
2336.0,0,25,490.5,477.2,419.4,441.1,967.7,860.5,24,25,9,7,0,
2337.0,0,25,490.5,477.2,438.2,441.0,967.7,879.2,24,25,9,7,0,
2338.0,0,25,490.5,477.2,462.1,457.2,967.7,919.3,24,25,9,7,0,
2339.0,0,25,490.5,477.2,461.0,459.5,967.7,920.5,24,25,9,7,0,
2340.0,0,25,490.5,477.2,464.7,462.7,967.7,927.4,24,25,9,7,1,0
2341.0,0,25,490.5,477.2,464.7,473.1,967.7,937.8,24,25,9,7,0,
2342.0,0,25,490.5,477.2,464.7,459.6,967.7,924.2,24,25,9,7,0,
2343.0,0,25,490.5,477.2,464.7,471.4,967.7,936.1,24,25,9,6,0,
2344.0,0,25,490.5,477.2,464.7,471.2,967.7,935.9,24,25,9,6,0,
2345.0,0,25,490.5,477.2,464.7,471.2,967.7,935.9,24,25,9,6,1,0
2346.0,0,25,490.5,477.2,464.7,471.2,967.7,935.9,24,25,9,6,0,
2347.0,0,25,490.5,477.2,464.7,401.5,967.7,866.2,24,25,9,6,0,
2348.0,0,25,490.5,477.2,464.7,410.9,967.7,875.6,24,25,9,6,0,
2349.0,0,25,490.5,477.2,462.3,408.2,967.7,870.5,24,25,9,6,0,
2350.0,0,25,490.5,477.2,464.6,410.9,967.7,875.5,24,25,9,6,1,0
2351.0,0,25,490.5,477.2,464.7,407.4,967.7,872.1,24,25,9,6,0,
2352.0,0,25,490.5,477.2,464.6,403.3,967.7,867.9,24,25,9,6,0,
2353.0,0,25,490.5,477.2,462.4,409.0,967.7,871.4,24,25,9,6,0,
2354.0,0,25,490.5,477.2,464.6,407.4,967.7,872.0,24,25,9,6,0,
2355.0,0,25,490.5,477.2,464.0,409.0,967.7,872.9,24,25,9,6,1,0
2356.0,1,7,487.2,475.6,465.5,405.0,962.7,870.5,24,25,9,6,0,
2357.0,1,7,487.2,475.1,420.6,400.5,962.2,821.0,24,24,10,6,0,
2358.0,1,7,487.2,475.1,439.7,402.7,962.2,842.4,24,24,10,6,0,
2359.0,1,7,487.2,475.1,442.0,400.5,962.2,842.6,24,24,10,6,0,
2360.0,1,7,487.2,475.1,464.0,404.2,962.2,868.2,24,24,10,6,1,0
2361.0,0,25,490.5,477.0,462.2,406.2,967.5,868.3,24,24,9,6,0,
2362.0,0,25,490.5,477.2,419.0,436.4,967.7,855.4,24,24,9,6,0,
2363.0,0,25,490.5,477.2,437.9,436.4,967.7,874.4,24,24,9,6,0,
2364.0,0,25,490.5,477.2,461.3,436.5,967.7,897.8,24,24,9,6,0,
2365.0,0,25,490.5,477.2,463.4,454.9,967.7,918.3,24,24,9,6,1,0
2366.0,0,25,490.5,477.2,464.7,455.0,967.7,919.7,24,24,9,6,0,
2367.0,0,25,490.5,477.2,464.7,459.6,967.7,924.3,24,24,9,6,0,
2368.0,0,25,490.5,477.2,464.7,423.8,967.7,888.5,24,25,9,5,0,
2369.0,0,25,490.5,477.2,464.7,423.8,967.7,888.5,24,25,9,5,0,
2370.0,0,25,490.5,477.2,464.7,423.7,967.7,888.4,24,25,9,5,1,0
2371.0,0,25,490.5,477.2,464.7,423.7,967.7,888.4,24,25,9,5,0,
2372.0,0,25,490.5,477.2,464.7,423.7,967.7,888.4,24,25,9,5,0,
2373.0,0,25,490.5,477.2,464.7,425.4,967.7,890.0,24,25,9,5,0,
2374.0,0,25,490.5,477.2,464.7,425.4,967.7,890.0,24,25,9,5,0,
2375.0,0,25,490.5,477.2,464.7,425.4,967.7,890.0,24,25,9,5,1,0
2376.0,0,25,490.5,477.2,464.6,425.4,967.7,890.0,24,25,9,5,0,
2377.0,0,25,490.5,477.2,462.4,425.4,967.7,887.9,24,25,9,5,0,
2378.0,0,25,490.5,477.2,464.6,425.4,967.7,890.0,24,25,9,5,0,
2379.0,0,25,490.5,477.2,462.4,425.4,967.7,887.9,24,25,9,5,0,
2380.0,0,25,490.5,477.2,464.6,425.4,967.7,890.0,24,25,9,5,1,0
2381.0,0,25,490.5,477.2,464.0,425.4,967.7,889.4,24,25,9,5,0,
2382.0,0,25,490.5,477.2,466.2,425.4,967.7,891.7,24,25,9,5,0,
2383.0,0,25,490.5,477.2,467.2,473.0,967.7,940.2,24,25,9,6,0,
2384.0,0,25,490.5,477.2,458.8,473.0,967.7,931.8,24,25,9,6,0,
2385.0,0,25,490.5,477.2,461.9,472.9,967.7,934.8,24,25,8,6,1,0
2386.0,1,7,487.2,475.6,461.1,470.7,962.7,931.8,24,25,8,6,0,
2387.0,1,7,487.2,475.6,461.1,470.7,962.7,931.8,24,25,8,6,0,
2388.0,1,7,487.2,475.6,461.1,470.4,962.7,931.5,24,25,8,6,0,
2389.0,1,7,487.2,475.6,461.1,469.6,962.7,930.7,24,25,8,6,0,
2390.0,1,7,487.4,475.6,462.4,468.9,963.0,931.2,25,25,8,6,1,0
2391.0,0,25,490.7,477.2,463.6,473.0,968.0,936.7,25,25,8,6,0,
2392.0,0,25,490.7,477.2,463.5,473.0,968.0,936.5,25,25,8,6,0,
2393.0,0,25,490.7,477.2,463.2,472.4,968.0,935.6,25,25,8,6,0,
2394.0,0,25,490.7,477.2,463.5,472.5,968.0,936.0,25,25,8,6,0,
2395.0,0,25,490.5,477.2,463.5,473.4,967.7,936.9,25,25,8,6,1,0
2396.0,0,25,490.5,477.2,463.5,473.4,967.7,936.9,25,25,8,6,0,
2397.0,0,25,490.5,477.2,463.8,473.1,967.7,936.9,25,25,8,6,0,
2398.0,0,25,490.5,477.2,463.8,472.9,967.7,936.8,25,25,8,6,0,
2399.0,0,25,490.5,477.2,463.8,472.9,967.7,936.8,25,25,8,6,0,
2400.0,0,25,490.5,477.2,463.8,472.9,967.7,936.8,25,25,8,6,1,0
2401.0,0,25,490.5,477.2,463.8,472.9,967.7,936.8,25,25,8,6,0,
2402.0,0,25,490.5,477.2,463.8,472.9,967.7,936.8,25,25,8,6,0,
2403.0,0,25,490.5,477.2,463.5,473.0,967.7,936.5,25,25,8,6,0,
2404.0,0,25,490.5,477.2,463.8,473.0,967.7,936.8,25,25,8,6,0,
2405.0,0,25,490.5,477.2,463.5,473.1,967.7,936.6,25,26,8,6,1,0
2406.0,0,25,490.5,477.2,463.8,473.0,967.7,936.8,25,26,8,6,0,
2407.0,0,25,490.5,477.2,463.5,473.0,967.7,936.5,25,26,8,6,0,
2408.0,0,25,490.5,477.2,463.8,473.0,967.7,936.8,25,26,8,6,0,
2409.0,0,25,490.5,477.2,463.5,473.1,967.7,936.6,25,26,8,6,0,
2410.0,0,25,490.5,477.2,463.8,473.0,967.7,936.8,25,26,8,6,1,0
2411.0,0,25,490.5,477.2,463.8,473.0,967.7,936.9,25,26,8,6,0,
2412.0,0,25,490.5,477.2,463.6,472.9,967.7,936.6,25,26,8,6,0,
2413.0,0,25,490.5,477.2,463.6,472.9,967.7,936.6,25,26,8,6,0,
2414.0,0,25,490.5,477.2,463.6,472.9,967.7,936.6,25,26,8,6,0,
2415.0,0,25,490.5,477.2,463.5,472.9,967.7,936.4,25,26,8,6,1,0
2416.0,1,7,487.2,475.6,460.6,469.6,962.7,930.2,25,26,8,6,0,
2417.0,1,7,487.2,475.6,460.2,468.9,962.7,929.1,25,26,8,6,0,
2418.0,1,7,487.2,475.6,460.8,468.9,962.7,929.6,25,26,8,6,0,
2419.0,1,7,487.2,475.6,460.6,469.4,962.7,930.1,25,26,8,6,0,
2420.0,1,7,487.2,475.6,462.3,469.4,962.7,931.8,25,26,8,6,1,0
2421.0,0,25,490.5,477.2,463.8,473.0,967.7,936.9,25,26,8,6,0,
2422.0,0,25,490.5,477.2,463.8,472.4,967.7,936.2,25,26,8,6,0,
2423.0,0,25,490.5,477.2,463.8,473.4,967.7,937.2,25,26,8,6,0,
2424.0,0,25,490.5,477.2,463.6,473.4,967.7,937.0,25,26,8,6,0,
2425.0,0,25,490.5,477.2,463.6,473.1,967.7,936.7,25,26,8,6,1,0
2426.0,0,25,490.5,477.2,463.6,472.9,967.7,936.6,25,26,8,6,0,
2427.0,0,25,490.5,477.2,463.6,472.9,967.7,936.6,25,26,8,6,0,
2428.0,0,25,490.5,477.2,463.6,472.9,967.7,936.6,25,26,8,6,0,
2429.0,0,25,490.5,477.2,463.5,472.9,967.7,936.4,25,26,8,6,0,
2430.0,0,25,490.5,477.2,463.5,473.0,967.7,936.5,25,26,8,6,1,0
2431.0,0,25,490.5,477.2,463.5,473.0,967.7,936.5,25,26,8,6,0,
2432.0,0,25,490.5,477.2,463.5,473.1,967.7,936.6,25,26,8,6,0,
2433.0,0,25,490.5,477.2,463.5,473.0,967.7,936.5,25,26,8,6,0,
2434.0,0,25,490.5,477.2,463.8,473.0,967.7,936.8,25,26,8,6,0,
2435.0,0,25,490.5,477.2,463.8,473.0,967.7,936.8,25,26,8,6,1,0
2436.0,0,25,490.5,477.2,463.8,473.0,967.7,936.8,25,26,8,6,0,
2437.0,0,25,490.5,477.0,463.8,412.8,967.5,876.5,25,25,8,7,0,
2438.0,0,25,490.5,477.0,463.6,441.3,967.5,905.0,25,25,8,7,0,
2439.0,0,25,490.5,477.0,463.6,441.9,967.5,905.6,25,25,8,7,0,
2440.0,0,25,490.5,477.0,463.6,458.7,967.5,922.3,25,25,8,7,1,0
2441.0,0,25,490.5,477.0,463.6,461.7,967.5,925.4,25,25,8,7,0,
2442.0,0,25,490.5,477.2,463.6,460.3,967.7,924.0,25,25,8,7,0,
2443.0,0,25,490.5,477.2,463.1,460.4,967.7,923.5,25,25,8,7,0,
2444.0,0,25,490.5,477.2,463.0,462.5,967.7,925.5,25,25,8,7,0,
2445.0,0,25,490.5,477.2,463.1,459.3,967.7,922.4,25,25,8,7,1,0
2446.0,1,7,487.2,475.6,460.2,458.6,962.7,918.8,25,25,8,7,0,
2447.0,1,7,487.2,475.6,460.8,455.3,962.7,916.1,25,25,8,7,0,
2448.0,1,7,487.2,475.6,461.9,456.3,962.7,918.2,25,25,8,7,0,
2449.0,1,7,487.2,475.6,462.4,453.5,962.7,915.9,25,25,8,7,0,
2450.0,1,7,487.2,475.6,462.4,458.1,962.7,920.5,25,25,8,7,1,0
2451.0,0,25,490.5,477.2,463.8,460.9,967.7,924.8,25,25,8,7,0,
2452.0,0,25,490.5,477.2,463.6,461.9,967.7,925.5,25,25,8,7,0,
2453.0,0,25,490.5,477.2,463.6,461.7,967.7,925.4,25,25,8,7,0,
2454.0,0,25,490.5,477.2,463.6,461.7,967.7,925.4,25,25,8,7,0,
2455.0,0,25,490.5,477.2,463.6,464.9,967.7,928.6,25,25,8,7,1,0
2456.0,0,25,490.5,477.2,421.5,408.4,967.7,829.9,24,25,9,7,0,
2457.0,0,25,490.5,477.2,451.7,412.0,967.7,863.7,24,25,9,7,0,
2458.0,0,25,490.5,477.2,445.6,411.6,967.7,857.2,24,25,9,7,0,
2459.0,0,25,490.5,477.2,459.2,409.2,967.7,868.4,24,25,9,7,0,
2460.0,0,25,490.5,477.2,457.2,411.0,967.7,868.2,24,25,9,7,1,0
2461.0,0,25,490.5,477.2,401.9,406.9,967.7,808.9,24,25,9,7,0,
2462.0,0,25,490.5,477.2,415.3,413.2,967.7,828.5,24,25,9,7,0,
2463.0,0,25,490.5,477.2,444.3,413.8,967.7,858.1,24,25,9,7,0,
2464.0,0,25,490.5,477.2,455.3,414.4,967.7,869.7,24,25,9,7,0,
2465.0,0,25,490.5,477.2,457.1,409.2,967.7,866.3,24,25,9,6,1,0
2466.0,0,25,490.5,477.2,457.6,409.2,967.7,866.8,24,25,9,6,0,
2467.0,0,25,490.5,477.2,457.6,406.5,967.7,864.2,24,25,9,6,0,
2468.0,0,25,490.5,477.2,457.6,406.5,967.7,864.2,24,25,9,6,0,
2469.0,0,25,490.5,477.2,455.3,406.3,967.7,861.6,24,25,9,6,0,
2470.0,0,25,490.5,477.2,456.7,405.0,967.7,861.7,24,25,9,6,1,0
2471.0,0,25,490.5,477.2,457.9,409.1,967.7,867.0,24,25,9,6,0,
2472.0,0,25,490.5,477.2,457.2,435.6,967.7,892.8,24,25,9,6,0,
2473.0,0,25,490.5,477.2,459.0,452.6,967.7,911.7,24,25,9,6,0,
2474.0,0,25,490.5,477.2,467.2,454.9,967.7,922.2,24,25,9,6,0,
2475.0,0,25,490.5,477.2,465.3,459.8,967.7,925.1,24,25,9,6,1,0
2476.0,1,7,487.2,475.6,466.0,465.9,962.7,931.9,24,25,9,6,0,
2477.0,1,7,487.2,475.6,461.1,421.5,962.7,882.6,24,25,8,5,0,
2478.0,1,7,487.2,475.6,461.1,421.3,962.7,882.5,24,25,8,5,0,
2479.0,1,7,487.2,475.6,461.1,421.3,962.7,882.5,24,25,8,5,0,
2480.0,1,7,487.2,475.6,461.1,421.3,962.7,882.5,24,25,8,5,1,0
2481.0,0,25,490.5,477.2,461.9,423.7,967.7,885.5,24,25,8,5,0,
2482.0,0,25,490.5,477.2,463.5,425.4,967.7,889.0,24,25,8,5,0,
2483.0,0,25,490.5,477.2,463.5,425.4,967.7,889.0,24,25,8,5,0,
2484.0,0,25,490.5,477.2,463.5,425.5,967.7,889.0,24,25,8,5,0,
2485.0,0,25,490.5,477.2,463.5,425.4,967.7,889.0,24,25,8,5,1,0
2486.0,0,25,490.5,477.2,463.5,473.1,967.7,936.6,24,25,8,6,0,
2487.0,0,25,490.5,477.2,463.8,473.0,967.7,936.8,24,25,8,6,0,
2488.0,0,25,490.5,477.2,463.8,473.0,967.7,936.9,24,25,8,6,0,
2489.0,0,25,490.5,477.2,463.8,473.0,967.7,936.8,24,25,8,6,0,
2490.0,0,25,490.5,477.2,463.8,473.0,967.7,936.8,24,25,8,6,1,0
2491.0,0,25,490.5,477.2,463.6,472.9,967.7,936.6,24,25,8,6,0,
2492.0,0,25,490.5,477.2,463.6,472.9,967.7,936.6,24,25,8,6,0,
2493.0,0,25,490.5,477.2,463.6,472.9,967.7,936.6,24,25,8,6,0,
2494.0,0,25,490.5,477.2,463.6,472.9,967.7,936.6,24,25,8,6,0,
2495.0,0,25,490.5,477.2,463.6,472.9,967.7,936.6,24,25,8,6,1,0
2496.0,0,25,490.5,477.2,463.1,472.9,967.7,936.0,24,25,8,6,0,
2497.0,0,25,490.5,477.2,463.1,472.8,967.7,935.9,24,25,8,6,0,
2498.0,0,25,490.5,477.2,463.1,472.8,967.7,935.9,24,25,8,6,0,
2499.0,0,25,490.5,477.2,463.2,472.8,967.7,936.0,24,25,8,6,0,
2500.0,0,25,490.7,477.2,463.2,473.0,968.0,936.2,25,25,8,6,1,0
2501.0,0,25,490.7,477.2,463.8,473.0,968.0,936.8,25,25,8,6,0,
2502.0,0,25,490.7,477.2,463.8,472.4,968.0,936.2,25,26,8,6,0,
2503.0,0,25,490.7,477.2,463.8,472.5,968.0,936.3,25,26,8,6,0,
2504.0,0,25,490.7,477.2,463.6,473.4,968.0,937.0,25,26,8,6,0,
2505.0,0,25,490.5,477.2,463.6,473.4,967.7,937.0,25,26,8,6,1,0
2506.0,1,7,487.2,475.6,463.1,470.6,962.7,933.7,25,26,8,6,0,
2507.0,1,7,487.2,475.6,463.1,470.4,962.7,933.5,25,26,8,6,0,
2508.0,1,7,487.2,475.6,463.1,470.4,962.7,933.5,25,26,8,6,0,
2509.0,1,7,487.2,475.6,462.4,469.7,962.7,932.0,25,26,8,6,0,
2510.0,1,7,487.2,475.6,460.6,470.4,962.7,931.0,25,26,8,6,1,0
2511.0,0,25,490.5,477.2,463.5,473.1,967.7,936.6,25,26,8,6,0,
2512.0,0,25,490.5,477.2,463.5,473.0,967.7,936.5,25,26,8,6,0,
2513.0,0,25,490.5,477.2,463.5,473.0,967.7,936.5,25,26,8,6,0,
2514.0,0,25,490.5,477.2,463.5,473.0,967.7,936.5,25,26,8,6,0,
2515.0,0,25,490.5,477.2,463.8,473.0,967.7,936.8,25,26,8,6,1,0
2516.0,0,25,490.5,477.0,453.9,473.0,967.5,926.9,25,25,9,6,0,
2517.0,0,25,490.5,477.0,457.8,473.0,967.5,930.8,25,25,9,6,0,
2518.0,0,25,490.5,477.0,445.2,473.1,967.5,918.3,25,25,9,6,0,
2519.0,0,25,490.5,477.0,464.8,472.9,967.5,937.7,25,25,9,6,0,
2520.0,0,25,490.5,477.0,464.8,473.1,967.5,937.9,25,25,9,6,1,0
2521.0,0,25,490.5,477.2,422.8,472.9,967.7,895.7,25,25,9,6,0,
2522.0,0,25,490.5,477.2,461.8,472.9,967.7,934.7,25,25,9,6,0,
2523.0,0,25,490.5,477.2,464.5,472.9,967.7,937.4,25,25,9,6,0,
2524.0,0,25,490.5,477.2,462.0,472.9,967.7,934.9,25,25,9,6,0,
2525.0,0,25,490.5,477.2,462.0,472.8,967.7,934.8,25,25,9,6,1,0
2526.0,0,25,490.5,477.2,462.0,472.8,967.7,934.8,25,25,9,6,0,
2527.0,0,25,490.5,477.2,462.1,472.8,967.7,934.9,25,25,9,6,0,
2528.0,0,25,490.5,477.2,462.1,473.0,967.7,935.1,25,25,9,6,0,
2529.0,0,25,490.5,477.2,464.6,473.0,967.7,937.6,25,25,9,6,0,
2530.0,0,25,490.5,477.2,464.7,472.4,967.7,937.1,25,25,9,6,1,0
2531.0,0,25,490.5,477.2,464.7,472.4,967.7,937.1,25,25,9,6,0,
2532.0,0,25,490.5,477.2,464.7,473.4,967.7,938.0,25,25,9,6,0,
2533.0,0,25,490.5,477.2,464.7,473.1,967.7,937.8,25,25,9,6,0,
2534.0,0,25,490.5,477.2,464.7,473.0,967.7,937.7,25,25,9,6,0,
2535.0,0,25,490.5,477.2,464.7,473.0,967.7,937.7,25,25,9,6,1,0
2536.0,1,7,487.2,475.6,460.4,469.6,962.7,929.9,25,25,9,6,0,
2537.0,1,7,487.2,475.6,463.3,469.6,962.7,932.9,25,25,9,6,0,
2538.0,1,7,487.2,475.6,463.3,469.4,962.7,932.8,25,25,9,6,0,
2539.0,1,7,487.2,475.6,463.7,469.6,962.7,933.3,25,25,9,6,0,
2540.0,1,7,487.2,475.6,463.3,469.6,962.7,932.9,25,25,9,6,1,0
2541.0,0,25,490.5,477.2,466.1,473.1,967.7,939.2,25,25,9,6,0,
2542.0,0,25,490.5,477.2,466.1,473.0,967.7,939.1,25,25,9,6,0,
2543.0,0,25,490.5,477.2,465.0,473.1,967.7,938.1,25,25,9,6,0,
2544.0,0,25,490.5,477.2,465.4,472.9,967.7,938.4,25,25,9,6,0,
2545.0,0,25,490.5,477.2,461.9,472.9,967.7,934.8,25,25,8,6,1,0
2546.0,0,25,490.5,477.2,461.9,472.9,967.7,934.8,25,25,8,6,0,
2547.0,0,25,490.5,477.2,461.9,472.9,967.7,934.8,25,25,8,6,0,
2548.0,0,25,490.5,477.2,461.9,472.9,967.7,934.8,25,25,8,6,0,
2549.0,0,25,490.5,477.2,461.9,472.9,967.7,934.8,25,25,8,6,0,
2550.0,0,25,490.5,477.2,463.6,472.9,967.7,936.6,25,25,8,6,1,0
2551.0,0,25,490.5,477.2,463.6,472.9,967.7,936.6,25,25,8,6,0,
2552.0,0,25,490.5,477.2,463.1,472.9,967.7,936.0,25,25,8,6,0,
2553.0,0,25,490.5,477.2,463.1,472.9,967.7,936.0,25,25,8,6,0,
2554.0,0,25,490.5,477.2,463.1,472.9,967.7,936.0,25,25,8,6,0,
2555.0,0,25,490.5,477.2,463.2,472.9,967.7,936.1,25,25,8,6,1,0
2556.0,0,25,490.5,477.2,463.2,473.0,967.7,936.2,25,25,8,6,0,
2557.0,0,25,490.5,477.2,463.8,473.0,967.7,936.8,25,25,8,6,0,
2558.0,0,25,490.5,477.2,463.8,473.0,967.7,936.9,25,25,8,6,0,
2559.0,0,25,490.5,477.2,463.8,473.0,967.7,936.9,25,25,8,6,0,
2560.0,0,25,490.5,477.2,463.8,473.0,967.7,936.9,25,25,8,6,1,0
2561.0,0,25,490.5,477.2,463.6,473.0,967.7,936.7,25,25,8,6,0,
2562.0,0,25,490.5,477.2,463.8,473.2,967.7,937.0,25,25,8,6,0,
2563.0,0,25,490.5,477.2,463.8,473.2,967.7,936.9,25,25,8,6,0,
2564.0,0,25,490.5,477.2,463.8,473.2,967.7,937.0,25,25,8,6,0,
2565.0,0,25,490.5,477.2,463.8,473.2,967.7,936.9,25,25,8,6,1,0
2566.0,1,7,487.2,475.6,460.7,469.6,962.7,930.3,25,25,8,6,0,
2567.0,1,7,487.2,475.6,461.2,468.9,962.7,930.2,25,25,8,6,0,
2568.0,1,7,487.2,475.6,461.8,468.9,962.7,930.7,25,25,8,6,0,
2569.0,1,7,487.2,475.6,461.6,468.9,962.7,930.6,25,25,8,6,0,
2570.0,1,7,487.2,475.6,461.9,469.9,962.7,931.8,25,25,8,6,1,0
2571.0,0,25,490.5,477.2,463.8,473.1,967.7,937.0,25,25,8,6,0,
2572.0,0,25,490.5,477.2,463.6,472.9,967.7,936.6,25,26,8,6,0,
2573.0,0,25,490.5,477.2,463.6,472.9,967.7,936.6,25,26,8,6,0,
2574.0,0,25,490.5,477.2,463.6,472.9,967.7,936.6,25,26,8,6,0,
2575.0,0,25,490.5,477.2,463.6,472.9,967.7,936.6,25,26,8,6,1,0
2576.0,0,25,490.5,477.2,463.6,472.9,967.7,936.6,25,26,8,6,0,
2577.0,0,25,490.5,477.2,463.6,472.9,967.7,936.6,25,26,8,6,0,
2578.0,0,25,490.5,477.2,463.6,472.8,967.7,936.4,25,26,8,6,0,
2579.0,0,25,490.5,477.2,463.1,472.8,967.7,935.9,25,26,8,6,0,
2580.0,0,25,490.5,477.2,463.1,472.8,967.7,935.9,25,26,8,6,1,0
2581.0,0,25,490.5,477.2,463.1,473.0,967.7,936.1,25,26,8,6,0,
2582.0,0,25,490.5,477.2,463.2,473.0,967.7,936.2,25,26,8,6,0,
2583.0,0,25,490.5,477.2,463.2,472.4,967.7,935.6,25,26,8,6,0,
2584.0,0,25,490.5,477.2,463.8,472.5,967.7,936.2,25,26,8,6,0,
2585.0,0,25,490.5,477.2,463.8,473.4,967.7,937.2,25,26,8,6,1,0
2586.0,0,25,490.5,477.2,463.8,473.1,967.7,936.9,25,26,8,6,0,
2587.0,0,25,490.5,477.2,463.8,473.1,967.7,936.9,25,26,8,6,0,
2588.0,0,25,490.5,477.2,463.8,473.0,967.7,936.8,25,26,8,6,0,
2589.0,0,25,490.5,477.2,463.5,473.0,967.7,936.5,25,26,8,6,0,
2590.0,0,25,490.5,477.2,463.8,473.0,967.7,936.8,25,26,8,6,1,0
2591.0,0,25,490.5,477.2,463.5,473.0,967.7,936.5,25,26,8,6,0,
2592.0,0,25,490.5,477.2,463.8,473.0,967.7,936.8,25,26,8,6,0,
2593.0,0,25,490.5,477.2,463.5,473.0,967.7,936.5,25,26,8,6,0,
2594.0,0,25,490.5,477.2,463.8,473.0,967.7,936.8,25,26,8,6,0,
2595.0,0,25,490.5,477.2,463.5,473.0,967.7,936.5,25,26,8,6,1,0
2596.0,1,7,487.2,475.6,460.9,469.6,962.7,930.5,25,26,8,6,0,
2597.0,1,7,487.2,475.6,463.1,470.6,962.7,933.7,25,26,8,6,0,
2598.0,1,7,487.2,475.6,463.1,470.4,962.7,933.5,25,26,8,6,0,
2599.0,1,7,487.2,475.6,463.1,470.6,962.7,933.7,25,26,8,6,0,
2600.0,1,7,487.2,475.6,463.1,470.4,962.7,933.5,25,26,8,6,1,0
2601.0,0,25,490.5,477.2,463.6,473.1,967.7,936.7,25,26,8,6,0,
2602.0,0,25,490.5,477.2,463.6,472.9,967.7,936.6,25,26,8,6,0,
2603.0,0,25,490.5,477.2,463.6,472.9,967.7,936.6,25,26,8,6,0,
2604.0,0,25,490.5,477.2,463.6,472.9,967.7,936.6,25,26,8,6,0,
2605.0,0,25,490.5,477.2,463.1,472.8,967.7,935.9,25,26,8,6,1,0
2606.0,0,25,490.5,477.2,463.1,472.8,967.7,935.9,25,26,8,6,0,
2607.0,0,25,490.5,477.2,463.1,472.8,967.7,935.9,25,26,8,6,0,
2608.0,0,25,490.5,477.2,463.2,473.0,967.7,936.2,25,26,8,6,0,
2609.0,0,25,490.5,477.2,463.2,473.0,967.7,936.2,25,26,8,6,0,
2610.0,0,25,490.5,477.2,463.8,472.4,967.7,936.1,25,26,8,6,1,0
2611.0,0,25,490.5,477.2,463.8,472.5,967.7,936.3,25,26,8,6,0,
2612.0,0,25,490.5,477.2,463.8,473.4,967.7,937.2,25,26,8,6,0,
2613.0,0,25,490.5,477.2,463.6,473.1,967.7,936.7,25,26,8,6,0,
2614.0,0,25,490.5,477.2,463.6,473.1,967.7,936.7,25,26,8,6,0,
2615.0,0,25,490.5,477.2,463.5,473.0,967.7,936.5,25,26,8,6,1,0
2616.0,0,25,490.5,477.2,463.8,473.0,967.7,936.8,25,26,8,6,0,
2617.0,0,25,490.5,477.2,463.8,473.0,967.7,936.8,25,26,8,6,0,
2618.0,0,25,490.5,477.2,463.5,473.0,967.7,936.5,25,26,8,6,0,
2619.0,0,25,490.5,477.2,463.5,473.0,967.7,936.5,25,26,8,6,0,
2620.0,0,25,490.5,477.0,447.9,473.0,967.5,920.9,25,25,9,6,1,0
2621.0,0,25,490.5,477.0,453.1,473.0,967.5,926.2,25,25,9,6,0,
2622.0,0,25,490.5,477.0,459.6,436.9,967.5,896.5,24,25,9,7,0,
2623.0,0,25,490.5,477.0,458.0,441.3,967.5,899.3,24,25,9,7,0,
2624.0,0,25,490.5,477.0,460.8,441.9,967.5,902.7,24,25,9,7,0,
2625.0,0,25,490.5,477.2,396.9,461.7,967.7,858.6,24,25,9,7,1,0
2626.0,1,7,486.9,475.6,406.5,462.4,962.5,868.8,24,25,9,7,0,
2627.0,1,7,487.2,475.6,460.1,458.7,962.7,918.8,24,25,9,7,0,
2628.0,1,7,487.2,475.6,460.1,458.9,962.7,919.0,24,25,9,7,0,
2629.0,1,7,487.2,475.6,459.3,458.9,962.7,918.2,24,25,9,7,0,
2630.0,1,7,487.2,475.6,459.3,462.1,962.7,921.4,24,25,9,7,1,0
2631.0,0,25,490.5,477.2,460.7,461.7,967.7,922.4,24,25,9,7,0,
2632.0,0,25,490.5,477.2,460.7,473.3,967.7,933.9,24,25,9,7,0,
2633.0,0,25,490.5,477.2,460.7,459.3,967.7,920.0,24,25,9,7,0,
2634.0,0,25,490.5,477.2,457.9,459.3,967.7,917.2,24,25,9,7,0,
2635.0,0,25,490.5,477.2,457.9,459.3,967.7,917.2,24,25,9,7,1,0
2636.0,0,25,490.5,477.2,458.5,459.5,967.7,918.1,24,25,9,7,0,
2637.0,0,25,490.5,477.2,457.2,459.5,967.7,916.8,24,25,9,7,0,
2638.0,0,25,490.5,477.2,459.1,459.5,967.7,918.6,24,25,9,7,0,
2639.0,0,25,490.5,477.2,465.7,460.5,967.7,926.1,24,25,9,7,0,
2640.0,0,25,490.5,477.2,465.7,460.9,967.7,926.7,24,25,9,7,1,0
2641.0,0,25,490.5,477.2,465.3,462.7,967.7,928.0,24,25,9,7,0,
2642.0,0,25,490.5,477.2,457.1,460.4,967.7,917.4,24,25,9,7,0,
2643.0,0,25,490.5,477.2,462.4,463.3,967.7,925.7,24,25,8,7,0,
2644.0,0,25,490.5,477.2,462.4,460.4,967.7,922.7,24,25,8,7,0,
2645.0,0,25,490.5,477.2,462.0,463.6,967.7,925.5,24,25,8,7,1,0
2646.0,0,25,490.5,477.2,462.1,460.4,967.7,922.4,24,25,8,7,0,
2647.0,0,25,490.5,477.2,462.0,473.0,967.7,935.0,24,25,8,7,0,
2648.0,0,25,490.5,477.2,463.8,460.4,967.7,924.1,24,25,8,7,0,
2649.0,0,25,490.5,477.2,463.8,465.6,967.7,929.4,24,25,8,7,0,
2650.0,0,25,490.5,477.2,463.6,463.5,967.7,927.1,24,25,8,7,1,0
2651.0,0,25,490.5,477.2,463.6,471.2,967.7,934.9,24,25,8,6,0,
2652.0,0,25,490.5,477.2,463.6,471.2,967.7,934.9,24,25,8,6,0,
2653.0,0,25,490.5,477.2,463.6,471.2,967.7,934.9,24,25,8,6,0,
2654.0,0,25,490.5,477.2,463.6,471.2,967.7,934.9,24,25,8,6,0,
2655.0,0,25,490.5,477.2,463.6,471.2,967.7,934.9,24,25,8,6,1,0
2656.0,1,7,487.2,475.6,462.4,470.4,962.7,932.8,24,25,8,6,0,
2657.0,1,7,487.2,475.6,462.4,470.4,962.7,932.8,24,25,8,6,0,
2658.0,1,7,487.2,475.6,462.4,470.4,962.7,932.8,24,25,8,6,0,
2659.0,1,7,487.2,475.6,462.4,470.4,962.7,932.8,24,25,8,6,0,
2660.0,1,7,487.2,475.6,462.4,470.4,962.7,932.8,24,25,8,6,1,0
2661.0,0,25,490.5,477.2,463.1,472.8,967.7,935.9,24,25,8,6,0,
2662.0,0,25,490.5,477.2,463.1,472.8,967.7,935.9,24,25,8,6,0,
2663.0,0,25,490.5,477.2,463.1,472.7,967.7,935.8,24,25,8,6,0,
2664.0,0,25,490.5,477.2,463.2,473.0,967.7,936.2,24,25,8,6,0,
2665.0,0,25,490.5,477.2,463.2,473.0,967.7,936.2,24,25,8,6,1,0
2666.0,0,25,490.5,477.2,463.8,472.5,967.7,936.2,24,25,8,6,0,
2667.0,0,25,490.7,477.2,463.8,473.2,968.0,937.0,25,25,8,6,0,
2668.0,0,25,490.7,477.2,463.0,473.2,968.0,936.2,25,25,8,6,0,
2669.0,0,25,490.7,477.2,463.0,473.2,968.0,936.2,25,25,8,6,0,
2670.0,0,25,490.7,477.2,463.8,473.0,968.0,936.9,25,25,8,6,1,0
2671.0,0,25,490.7,477.2,463.8,473.1,968.0,936.9,25,25,8,6,0,
2672.0,0,25,490.5,477.2,463.8,472.4,967.7,936.2,25,25,8,6,0,
2673.0,0,25,490.5,477.2,463.8,472.5,967.7,936.2,25,26,8,6,0,
2674.0,0,25,490.5,477.2,463.5,472.4,967.7,935.8,25,26,8,6,0,
2675.0,0,25,490.5,477.2,463.8,473.0,967.7,936.8,25,26,8,6,1,0
2676.0,0,25,490.5,477.2,463.8,473.0,967.7,936.9,25,26,8,6,0,
2677.0,0,25,490.5,477.2,463.6,472.9,967.7,936.6,25,26,8,6,0,
2678.0,0,25,490.5,477.2,463.6,472.9,967.7,936.6,25,26,8,6,0,
2679.0,0,25,490.5,477.2,463.6,472.9,967.7,936.6,25,26,8,6,0,
2680.0,0,25,490.5,477.2,463.6,472.9,967.7,936.6,25,26,8,6,1,0
2681.0,0,25,490.5,477.2,463.6,472.9,967.7,936.6,25,26,8,6,0,
2682.0,0,25,490.5,477.2,463.6,472.9,967.7,936.6,25,26,8,6,0,
2683.0,0,25,490.5,477.2,463.6,472.9,967.7,936.6,25,26,8,6,0,
2684.0,0,25,490.5,477.2,463.6,472.9,967.7,936.6,25,26,8,6,0,
2685.0,0,25,490.5,477.2,463.6,472.9,967.7,936.6,25,26,8,6,1,0
2686.0,1,7,487.2,475.6,462.4,470.4,962.7,932.8,25,26,8,6,0,
2687.0,1,7,487.2,475.6,462.4,470.4,962.7,932.8,25,26,8,6,0,
2688.0,1,7,487.2,475.6,460.3,470.4,962.7,930.7,25,26,8,6,0,
2689.0,1,7,487.2,475.6,460.3,470.4,962.7,930.7,25,26,8,6,0,
2690.0,1,7,487.2,475.6,460.3,470.4,962.7,930.7,25,26,8,6,1,0
2691.0,0,25,490.5,477.2,463.2,473.0,967.7,936.2,25,26,8,6,0,
2692.0,0,25,490.5,477.2,463.2,473.0,967.7,936.2,25,26,8,6,0,
2693.0,0,25,490.5,477.2,463.8,473.0,967.7,936.8,25,26,8,6,0,
2694.0,0,25,490.5,477.2,463.8,472.9,967.7,936.7,25,26,8,6,0,
2695.0,0,25,490.5,477.2,463.0,472.9,967.7,935.9,25,26,8,6,1,0
2696.0,0,25,490.5,477.2,463.0,473.2,967.7,936.1,25,26,8,6,0,
2697.0,0,25,490.5,477.2,463.8,473.2,967.7,936.9,25,26,8,6,0,
2698.0,0,25,490.5,477.2,463.5,473.2,967.7,936.6,25,26,8,6,0,
2699.0,0,25,490.5,477.2,463.8,472.5,967.7,936.3,25,26,8,6,0,
2700.0,0,25,490.5,477.2,463.5,473.2,967.7,936.6,25,26,8,6,1,0
2701.0,0,25,490.5,477.2,463.8,472.5,967.7,936.3,25,26,8,6,0,
2702.0,0,25,490.5,477.2,463.5,473.5,967.7,937.0,25,26,8,6,0,
2703.0,0,25,490.5,477.2,463.8,473.5,967.7,937.3,25,26,8,6,0,
2704.0,0,25,490.5,477.2,463.6,473.1,967.7,936.7,25,26,8,6,0,
2705.0,0,25,490.5,477.2,463.6,473.1,967.7,936.7,25,26,8,6,1,0
2706.0,0,25,490.5,477.2,463.6,473.1,967.7,936.7,25,26,8,6,0,
2707.0,0,25,490.5,477.2,463.6,472.9,967.7,936.6,25,26,8,6,0,
2708.0,0,25,490.5,477.2,463.6,472.9,967.7,936.6,25,26,8,6,0,
2709.0,0,25,490.5,477.2,463.6,472.9,967.7,936.6,25,26,8,6,0,
2710.0,0,25,490.5,477.2,463.6,472.9,967.7,936.6,25,26,8,6,1,0
2711.0,0,25,490.5,477.2,463.6,472.9,967.7,936.6,25,26,8,6,0,
2712.0,0,25,490.5,477.2,463.6,472.9,967.7,936.6,25,26,8,6,0,
2713.0,0,25,490.5,477.2,463.6,472.9,967.7,936.6,25,26,8,6,0,
2714.0,0,25,490.5,477.2,463.6,472.9,967.7,936.6,25,26,8,6,0,
2715.0,0,25,490.5,477.2,463.1,472.8,967.7,935.9,25,26,8,6,1,0
2716.0,1,7,487.2,475.6,460.3,468.9,962.7,929.1,25,26,8,6,0,
2717.0,1,7,487.2,475.6,460.2,468.8,962.7,929.0,25,26,8,6,0,
2718.0,1,7,487.2,475.6,460.8,469.4,962.7,930.2,25,26,8,6,0,
2719.0,1,7,487.2,475.6,461.1,469.0,962.7,930.1,25,26,8,6,0,
2720.0,1,7,487.2,475.6,462.5,468.9,962.7,931.4,25,26,8,6,1,0
2721.0,0,25,490.5,477.2,463.8,473.2,967.7,937.0,25,26,8,6,0,
2722.0,0,25,490.5,477.2,463.0,473.2,967.7,936.2,25,26,8,6,0,
2723.0,0,25,490.5,477.2,463.8,473.0,967.7,936.8,25,26,8,6,0,
2724.0,0,25,490.5,477.2,463.8,473.0,967.7,936.8,25,26,8,6,0,
2725.0,0,25,490.5,477.2,463.8,473.0,967.7,936.8,25,26,8,6,1,0
2726.0,0,25,490.5,477.2,463.8,472.5,967.7,936.2,25,26,8,6,0,
2727.0,0,25,490.5,477.2,463.8,472.4,967.7,936.1,25,26,8,6,0,
2728.0,0,25,490.5,477.0,463.8,460.2,967.5,924.0,25,25,8,7,0,
2729.0,0,25,490.5,477.0,463.8,460.4,967.5,924.1,25,25,8,7,0,
2730.0,0,25,490.5,477.0,463.8,461.7,967.5,925.5,25,25,8,7,1,0
2731.0,0,25,490.5,477.0,463.6,464.9,967.5,928.6,25,25,8,7,0,
2732.0,0,25,490.5,477.0,463.6,461.7,967.5,925.4,25,25,8,7,0,
2733.0,0,25,490.5,477.2,463.6,461.7,967.7,925.4,25,25,8,7,0,
2734.0,0,25,490.5,477.2,463.6,461.7,967.7,925.4,25,25,8,7,0,
2735.0,0,25,490.5,477.2,463.6,461.7,967.7,925.4,25,25,8,7,1,0
2736.0,0,25,490.5,477.2,463.6,464.9,967.7,928.6,25,25,8,7,0,
2737.0,0,25,490.5,477.2,463.6,461.7,967.7,925.4,25,25,8,7,0,
2738.0,0,25,490.5,477.2,463.6,461.7,967.7,925.4,25,25,8,7,0,
2739.0,0,25,490.5,477.2,463.6,461.7,967.7,925.4,25,25,8,7,0,
2740.0,0,25,490.5,477.2,463.6,461.7,967.7,925.4,25,25,8,7,1,0
2741.0,0,25,490.5,477.2,463.6,461.7,967.7,925.4,25,25,8,7,0,
2742.0,0,25,490.5,477.2,463.6,464.9,967.7,928.6,25,25,8,7,0,
2743.0,0,25,490.5,477.2,463.6,461.7,967.7,925.4,25,25,8,7,0,
2744.0,0,25,490.5,477.2,463.6,459.3,967.7,922.9,25,25,8,7,0,
2745.0,0,25,490.5,477.2,463.6,459.3,967.7,922.9,25,25,8,7,1,0
2746.0,1,7,487.2,475.6,462.4,458.0,962.7,920.3,25,25,8,7,0,
2747.0,1,7,487.2,475.6,459.8,455.3,962.7,915.1,25,25,8,7,0,
2748.0,1,7,487.2,475.6,459.8,455.4,962.7,915.2,25,25,8,7,0,
2749.0,1,7,487.2,475.6,459.8,455.6,962.7,915.4,25,25,8,7,0,
2750.0,1,7,487.2,475.6,459.8,455.6,962.7,915.4,25,25,8,7,1,0
2751.0,0,25,490.5,477.2,462.6,460.8,967.7,923.4,25,25,8,7,0,
2752.0,0,25,490.5,477.2,463.0,462.7,967.7,925.7,25,25,8,7,0,
2753.0,0,25,490.5,477.2,463.0,459.7,967.7,922.7,25,25,8,7,0,
2754.0,0,25,490.5,477.2,447.8,459.5,967.7,907.3,24,25,9,7,0,
2755.0,0,25,490.5,477.2,452.6,459.5,967.7,912.0,24,25,9,7,1,0
2756.0,0,25,490.5,477.2,432.0,457.6,967.7,889.6,24,25,9,7,0,
2757.0,0,25,490.5,477.2,464.8,471.2,967.7,936.0,24,25,9,6,0,
2758.0,0,25,490.5,477.2,464.8,471.2,967.7,936.0,24,25,9,6,0,
2759.0,0,25,490.5,477.2,422.7,471.2,967.7,893.9,24,25,9,6,0,
2760.0,0,25,490.5,477.2,442.1,471.2,967.7,913.4,24,25,9,6,1,0
2761.0,0,25,490.5,477.2,464.5,471.2,967.7,935.8,24,25,9,6,0,
2762.0,0,25,490.5,477.2,464.7,472.9,967.7,937.6,24,25,9,6,0,
2763.0,0,25,490.5,477.2,464.7,472.9,967.7,937.6,24,25,9,6,0,
2764.0,0,25,490.5,477.2,464.7,472.9,967.7,937.6,24,25,9,6,0,
2765.0,0,25,490.5,477.2,464.7,472.9,967.7,937.6,24,25,9,6,1,0
2766.0,0,25,490.5,477.2,464.7,472.9,967.7,937.6,24,25,9,6,0,
2767.0,0,25,490.5,477.2,464.7,472.9,967.7,937.6,24,25,9,6,0,
2768.0,0,25,490.5,477.2,464.7,472.9,967.7,937.6,24,25,9,6,0,
2769.0,0,25,490.5,477.2,464.7,472.9,967.7,937.6,24,25,9,6,0,
2770.0,0,25,490.5,477.2,462.3,472.9,967.7,935.2,24,25,9,6,1,0
2771.0,0,25,490.5,477.2,464.7,472.9,967.7,937.6,24,25,9,6,0,
2772.0,0,25,490.5,477.2,462.3,473.0,967.7,935.3,24,25,9,6,0,
2773.0,0,25,490.5,477.2,464.7,472.9,967.7,937.6,24,25,9,6,0,
2774.0,0,25,490.5,477.2,459.7,472.9,967.7,932.6,24,25,9,6,0,
2775.0,0,25,490.5,477.2,462.5,472.9,967.7,935.4,24,25,9,6,1,0
2776.0,1,7,487.2,475.6,456.7,468.9,962.7,925.7,24,25,9,6,0,
2777.0,1,7,487.2,475.6,461.3,469.1,962.7,930.5,24,25,9,6,0,
2778.0,1,7,487.2,475.6,462.5,469.7,962.7,932.2,24,25,9,6,0,
2779.0,1,7,487.2,475.6,463.6,469.7,962.7,933.3,24,25,9,6,0,
2780.0,1,7,487.2,475.6,465.0,469.1,962.7,934.1,24,25,9,6,1,0
2781.0,0,25,490.5,477.2,469.8,472.5,967.7,942.3,24,25,9,6,0,
2782.0,0,25,490.5,477.2,462.1,473.5,967.7,935.6,24,25,8,6,0,
2783.0,0,25,490.5,477.2,462.1,473.1,967.7,935.1,24,25,8,6,0,
2784.0,0,25,490.5,477.2,461.9,473.1,967.7,935.0,24,25,8,6,0,
2785.0,0,25,490.7,477.2,461.9,473.1,968.0,935.0,25,25,8,6,1,0
2786.0,0,25,490.7,477.2,461.9,473.1,968.0,935.0,25,25,8,6,0,
2787.0,0,25,490.7,477.2,463.6,472.9,968.0,936.6,25,25,8,6,0,
2788.0,0,25,490.7,477.2,463.6,472.9,968.0,936.6,25,25,8,6,0,
2789.0,0,25,490.7,477.2,463.6,472.9,968.0,936.6,25,25,8,6,0,
2790.0,0,25,490.5,477.2,463.6,472.9,967.7,936.6,25,25,8,6,1,0
2791.0,0,25,490.5,477.2,463.6,472.9,967.7,936.6,25,25,8,6,0,
2792.0,0,25,490.5,477.2,463.6,472.9,967.7,936.6,25,25,8,6,0,
2793.0,0,25,490.5,477.2,463.6,472.9,967.7,936.6,25,25,8,6,0,
2794.0,0,25,490.5,477.2,463.6,472.9,967.7,936.6,25,25,8,6,0,
2795.0,0,25,490.5,477.2,463.6,472.9,967.7,936.6,25,25,8,6,1,0
2796.0,0,25,490.5,477.2,463.6,472.9,967.7,936.6,25,25,8,6,0,
2797.0,0,25,490.5,477.2,463.6,472.9,967.7,936.6,25,25,8,6,0,
2798.0,0,25,490.5,477.2,463.6,472.9,967.7,936.6,25,25,8,6,0,
2799.0,0,25,490.5,477.2,463.6,472.9,967.7,936.6,25,25,8,6,0,
2800.0,0,25,490.5,477.2,463.5,472.9,967.7,936.4,25,25,8,6,1,0
2801.0,0,25,490.5,477.2,462.6,473.0,967.7,935.6,25,25,8,6,0,
2802.0,0,25,490.5,477.2,462.6,472.9,967.7,935.5,25,25,8,6,0,
2803.0,0,25,490.5,477.2,462.6,472.9,967.7,935.5,25,25,8,6,0,
2804.0,0,25,490.5,477.2,462.6,472.9,967.7,935.5,25,26,8,6,0,
2805.0,0,25,490.5,477.2,462.8,472.9,967.7,935.7,25,26,8,6,1,0
2806.0,1,7,487.2,475.6,461.2,469.1,962.7,930.4,25,26,8,6,0,
2807.0,1,7,487.2,475.6,447.3,469.7,962.7,917.1,25,25,9,6,0,
2808.0,1,7,487.2,475.6,452.3,469.7,962.7,922.0,25,25,9,6,0,
2809.0,1,7,487.2,475.1,442.9,469.1,962.2,911.9,25,25,9,6,0,
2810.0,1,7,487.2,475.1,465.0,469.0,962.2,934.0,25,25,9,6,1,0
2811.0,0,25,490.5,477.0,464.8,473.5,967.5,938.3,25,25,9,6,0,
2812.0,0,25,490.5,477.2,423.6,473.1,967.7,896.7,25,25,9,6,0,
2813.0,0,25,490.5,477.2,460.9,473.1,967.7,934.0,25,25,9,6,0,
2814.0,0,25,490.5,477.2,464.5,473.1,967.7,937.6,25,25,9,6,0,
2815.0,0,25,490.5,477.2,464.7,473.1,967.7,937.8,25,25,9,6,1,0
2816.0,0,25,490.5,477.2,464.7,472.9,967.7,937.6,25,25,9,6,0,
2817.0,0,25,490.5,477.2,464.7,472.9,967.7,937.6,25,25,9,6,0,
2818.0,0,25,490.5,477.2,464.7,472.9,967.7,937.6,25,25,9,6,0,
2819.0,0,25,490.5,477.2,464.7,472.9,967.7,937.6,25,25,9,6,0,
2820.0,0,25,490.5,477.2,464.7,472.9,967.7,937.6,25,25,9,6,1,0
2821.0,0,25,490.5,477.2,464.7,472.9,967.7,937.6,25,25,9,6,0,
2822.0,0,25,490.5,477.2,464.7,472.9,967.7,937.6,25,25,9,6,0,
2823.0,0,25,490.5,477.2,464.7,472.9,967.7,937.6,25,25,9,6,0,
2824.0,0,25,490.5,477.2,464.7,472.9,967.7,937.6,25,25,9,6,0,
2825.0,0,25,490.5,477.2,464.7,472.9,967.7,937.6,25,25,9,6,1,0
2826.0,0,25,490.5,477.2,464.7,473.0,967.7,937.7,25,25,9,6,0,
2827.0,0,25,490.5,477.2,464.6,473.0,967.7,937.6,25,25,9,6,0,
2828.0,0,25,490.5,477.2,462.4,472.9,967.7,935.3,25,25,9,6,0,
2829.0,0,25,490.5,477.2,462.5,472.9,967.7,935.4,25,25,9,6,0,
2830.0,0,25,490.5,477.2,462.5,472.9,967.7,935.4,25,25,9,6,1,0
2831.0,0,25,490.5,477.2,463.6,473.2,967.7,936.8,25,25,9,6,0,
2832.0,0,25,490.5,477.2,464.2,473.2,967.7,937.4,25,25,9,6,0,
2833.0,0,25,490.5,477.2,465.1,473.2,967.7,938.2,25,25,9,6,0,
2834.0,0,25,490.5,477.2,463.9,473.2,967.7,937.0,25,25,9,6,0,
2835.0,0,25,490.5,477.2,449.8,472.5,967.7,922.3,25,25,9,6,1,0
2836.0,1,7,487.2,475.6,460.4,470.1,962.7,930.5,25,25,8,6,0,
2837.0,1,7,487.2,475.6,460.4,470.1,962.7,930.5,25,25,8,6,0,
2838.0,1,7,486.9,475.6,440.0,470.9,962.5,910.9,24,25,9,6,0,
2839.0,1,7,486.9,475.6,449.4,470.6,962.5,920.0,24,25,9,6,0,
2840.0,1,7,486.9,475.6,431.7,470.4,962.5,902.1,24,25,9,6,1,0
2841.0,0,25,490.5,477.2,460.8,472.9,967.7,933.7,24,25,9,6,0,
2842.0,0,25,490.5,477.2,460.0,472.9,967.7,932.9,24,25,9,6,0,
2843.0,0,25,490.5,477.2,400.0,472.9,967.7,872.9,24,25,9,6,0,
2844.0,0,25,490.5,477.2,421.9,472.9,967.7,894.8,24,25,9,6,0,
2845.0,0,25,490.5,477.2,459.9,472.9,967.7,932.8,24,25,9,6,1,0
2846.0,0,25,490.5,477.2,464.7,472.9,967.7,937.6,24,25,9,6,0,
2847.0,0,25,490.5,477.2,462.3,472.9,967.7,935.2,24,25,9,6,0,
2848.0,0,25,490.5,477.2,464.7,472.9,967.7,937.6,24,25,9,6,0,
2849.0,0,25,490.5,477.2,462.3,472.9,967.7,935.2,24,25,9,6,0,
2850.0,0,25,490.5,477.2,459.8,472.9,967.7,932.7,24,25,9,6,1,0
2851.0,0,25,490.5,477.2,464.7,472.9,967.7,937.6,24,25,9,6,0,
2852.0,0,25,490.5,477.2,464.7,472.9,967.7,937.6,24,25,9,6,0,
2853.0,0,25,490.5,477.2,464.7,472.9,967.7,937.6,24,25,9,6,0,
2854.0,0,25,490.5,477.2,464.6,473.0,967.7,937.6,24,25,9,6,0,
2855.0,0,25,490.5,477.2,462.5,472.9,967.7,935.4,24,25,9,6,1,0
2856.0,0,25,490.5,477.2,462.5,472.9,967.7,935.4,24,25,9,6,0,
2857.0,0,25,490.5,477.2,461.5,472.9,967.7,934.4,24,25,9,6,0,
2858.0,0,25,490.5,477.2,462.5,472.9,967.7,935.4,24,25,9,6,0,
2859.0,0,25,490.5,477.2,461.7,473.2,967.7,934.8,24,25,9,6,0,
2860.0,0,25,490.5,477.2,459.0,403.4,967.7,862.4,24,25,9,6,1,0
2861.0,0,25,490.5,477.2,464.4,411.0,967.7,875.3,24,25,9,6,0,
2862.0,0,25,490.5,477.2,465.8,437.2,967.7,903.0,24,25,9,6,0,
2863.0,0,25,490.5,477.2,465.5,459.5,967.7,925.0,24,25,9,7,0,
2864.0,0,25,490.5,477.2,461.6,463.6,967.7,925.1,24,25,9,7,0,
2865.0,0,25,490.5,477.2,461.9,407.6,967.7,869.5,24,25,8,7,1,0
2866.0,1,7,487.2,475.6,461.1,413.9,962.7,875.0,24,25,8,7,0,
2867.0,1,7,487.2,475.6,461.4,411.1,962.7,872.5,24,25,8,7,0,
2868.0,1,7,487.2,475.6,461.1,416.2,962.7,877.3,24,25,8,7,0,
2869.0,1,7,487.2,475.6,461.1,414.4,962.7,875.6,24,25,8,7,0,
2870.0,1,7,487.2,475.6,462.4,417.1,962.7,879.5,24,25,8,7,1,0
2871.0,0,25,490.5,477.2,463.6,414.0,967.7,877.7,24,25,8,7,0,
2872.0,0,25,490.5,477.2,463.6,414.0,967.7,877.7,24,25,8,7,0,
2873.0,0,25,490.5,477.2,463.6,414.0,967.7,877.7,24,25,8,7,0,
2874.0,0,25,490.5,477.2,463.6,414.0,967.7,877.7,24,25,8,7,0,
2875.0,0,25,490.5,477.2,463.6,414.0,967.7,877.7,24,25,8,7,1,0
2876.0,0,25,490.5,477.2,463.6,415.0,967.7,878.6,24,25,8,7,0,
2877.0,0,25,490.5,477.2,463.6,415.0,967.7,878.6,24,25,8,7,0,
2878.0,0,25,490.5,477.2,463.6,414.3,967.7,877.9,24,25,8,7,0,
2879.0,0,25,490.5,477.2,463.6,415.0,967.7,878.6,24,25,8,7,0,
2880.0,0,25,490.5,477.2,463.5,412.4,967.7,875.9,24,25,8,7,1,0
2881.0,0,25,490.5,477.2,463.2,412.4,967.7,875.6,24,25,8,7,0,
2882.0,0,25,490.5,477.2,463.5,411.6,967.7,875.1,24,25,8,7,0,
2883.0,0,25,490.5,477.2,463.5,412.8,967.7,876.3,24,25,8,7,0,
2884.0,0,25,490.5,477.2,462.6,419.0,967.7,881.6,24,25,8,7,0,
2885.0,0,25,490.5,477.2,462.8,417.9,967.7,880.7,24,25,8,7,1,0
2886.0,0,25,490.5,477.2,463.0,417.9,967.7,881.0,24,25,8,7,0,
2887.0,0,25,490.5,477.2,462.8,412.7,967.7,875.5,24,25,8,7,0,
2888.0,0,25,490.5,477.2,463.0,407.9,967.7,870.9,24,25,8,7,0,
2889.0,0,25,490.5,477.2,463.8,473.8,967.7,937.6,24,25,8,7,0,
2890.0,0,25,490.5,477.2,463.8,473.3,967.7,937.1,24,25,8,7,1,0
2891.0,0,25,490.5,477.2,463.8,471.4,967.7,935.2,24,25,8,7,0,
2892.0,0,25,490.5,477.2,463.8,471.4,967.7,935.2,24,25,8,6,0,
2893.0,0,25,490.5,477.2,463.8,471.4,967.7,935.2,24,25,8,6,0,
2894.0,0,25,490.5,477.2,463.6,471.2,967.7,934.9,24,25,8,6,0,
2895.0,0,25,490.5,477.2,463.6,471.2,967.7,934.9,24,25,8,6,1,0
2896.0,1,7,487.2,475.6,463.1,468.9,962.7,932.1,24,25,8,6,0,
2897.0,1,7,487.2,475.6,463.1,470.4,962.7,933.6,24,25,8,6,0,
2898.0,1,7,487.2,475.6,462.6,470.4,962.7,933.0,24,25,8,6,0,
2899.0,1,7,487.2,475.6,462.4,470.4,962.7,932.8,24,25,8,6,0,
2900.0,1,7,487.2,475.6,462.4,470.4,962.7,932.8,24,25,8,6,1,0
2901.0,0,25,490.5,477.2,463.6,472.9,967.7,936.6,24,25,8,6,0,
2902.0,0,25,490.5,477.2,463.6,472.9,967.7,936.6,24,25,8,6,0,
2903.0,0,25,490.5,477.2,463.6,472.9,967.7,936.6,24,25,8,6,0,
2904.0,0,25,490.5,477.2,463.6,472.9,967.7,936.6,24,25,8,6,0,
2905.0,0,25,490.5,477.2,463.6,472.9,967.7,936.6,24,25,8,6,1,0
2906.0,0,25,490.5,477.2,463.8,472.9,967.7,936.7,24,25,8,6,0,
2907.0,0,25,490.5,477.2,463.5,473.0,967.7,936.5,24,25,8,6,0,
2908.0,0,25,490.5,477.2,462.6,473.1,967.7,935.7,24,25,8,6,0,
2909.0,0,25,490.5,477.2,462.6,473.0,967.7,935.6,24,25,8,6,0,
2910.0,0,25,490.5,477.2,462.6,473.0,967.7,935.6,24,25,8,6,1,0
2911.0,0,25,490.7,477.2,462.8,472.9,968.0,935.7,25,25,8,6,0,
2912.0,0,25,490.7,477.2,463.0,473.2,968.0,936.2,25,25,8,6,0,
2913.0,0,25,490.7,477.2,463.0,473.2,968.0,936.2,25,25,8,6,0,
2914.0,0,25,490.7,477.2,463.0,473.2,968.0,936.2,25,25,8,6,0,
2915.0,0,25,490.7,477.2,463.8,473.2,968.0,937.0,25,25,8,6,1,0
2916.0,0,25,490.5,477.2,463.8,472.6,967.7,936.5,25,25,8,6,0,
2917.0,0,25,490.5,477.2,463.6,473.4,967.7,937.0,25,25,8,6,0,
2918.0,0,25,490.5,477.2,463.6,473.5,967.7,937.2,25,26,8,6,0,
2919.0,0,25,490.5,477.2,463.6,473.4,967.7,937.0,25,26,8,6,0,
2920.0,0,25,490.5,477.2,463.6,473.5,967.7,937.2,25,26,8,6,1,0
2921.0,0,25,490.5,477.2,463.6,473.4,967.7,937.0,25,26,8,6,0,
2922.0,0,25,490.5,477.2,463.6,473.4,967.7,937.0,25,26,8,6,0,
2923.0,0,25,490.5,477.2,463.6,473.4,967.7,937.0,25,26,8,6,0,
2924.0,0,25,490.5,477.2,463.6,472.9,967.7,936.6,25,26,8,6,0,
2925.0,0,25,490.5,477.2,463.6,472.9,967.7,936.6,25,26,8,6,1,0
2926.0,1,7,487.2,475.6,462.4,470.4,962.7,932.8,25,26,8,6,0,
2927.0,1,7,487.2,475.6,462.4,470.4,962.7,932.8,25,26,8,6,0,
2928.0,1,7,487.2,475.6,462.4,470.4,962.7,932.8,25,26,8,6,0,
2929.0,1,7,487.2,475.6,462.4,470.4,962.7,932.8,25,26,8,6,0,
2930.0,1,7,487.2,475.6,462.4,470.4,962.7,932.8,25,26,8,6,1,0
2931.0,0,25,490.5,477.2,463.6,472.9,967.7,936.6,25,26,8,6,0,
2932.0,0,25,490.5,477.2,463.6,473.0,967.7,936.7,25,26,8,6,0,
2933.0,0,25,490.5,477.2,463.5,473.0,967.7,936.5,25,26,8,6,0,
2934.0,0,25,490.5,477.2,463.5,473.0,967.7,936.5,25,26,8,6,0,
2935.0,0,25,490.5,477.2,462.6,472.9,967.7,935.5,25,26,8,6,1,0
2936.0,0,25,490.5,477.2,462.6,472.9,967.7,935.5,25,26,8,6,0,
2937.0,0,25,490.5,477.2,462.6,473.2,967.7,935.8,25,26,8,6,0,
2938.0,0,25,490.5,477.2,462.8,473.2,967.7,935.9,25,26,8,6,0,
2939.0,0,25,490.5,477.2,462.8,473.2,967.7,935.9,25,26,8,6,0,
2940.0,0,25,490.5,477.2,463.0,473.2,967.7,936.2,25,26,8,6,1,0
2941.0,0,25,490.5,477.2,463.0,472.6,967.7,935.7,25,26,8,6,0,
2942.0,0,25,490.5,477.2,463.8,473.5,967.7,937.3,25,26,8,6,0,
2943.0,0,25,490.5,477.2,463.8,473.5,967.7,937.3,25,26,8,6,0,
2944.0,0,25,490.5,477.2,463.8,473.5,967.7,937.3,25,26,8,6,0,
2945.0,0,25,490.5,477.2,463.6,473.1,967.7,936.7,25,26,8,6,1,0
2946.0,0,25,490.5,477.2,463.6,472.9,967.7,936.6,25,26,8,6,0,
2947.0,0,25,490.5,477.2,463.6,472.9,967.7,936.6,25,26,8,6,0,
2948.0,0,25,490.5,477.2,463.6,472.9,967.7,936.6,25,26,8,6,0,
2949.0,0,25,490.5,477.2,463.6,472.9,967.7,936.6,25,26,8,6,0,
2950.0,0,25,490.5,477.2,463.6,472.9,967.7,936.6,25,26,8,6,1,0
2951.0,0,25,490.5,477.2,463.6,472.9,967.7,936.6,25,26,8,6,0,
2952.0,0,25,490.5,477.2,463.6,472.9,967.7,936.6,25,26,8,6,0,
2953.0,0,25,490.5,477.2,463.6,472.9,967.7,936.6,25,26,8,6,0,
2954.0,0,25,490.5,477.2,463.6,472.9,967.7,936.6,25,26,8,6,0,
2955.0,0,25,490.5,477.2,463.6,472.9,967.7,936.6,25,26,8,6,1,0
2956.0,1,7,487.2,475.6,462.4,470.4,962.7,932.8,25,26,8,6,0,
2957.0,1,7,487.2,475.6,462.4,470.4,962.7,932.8,25,26,8,6,0,
2958.0,1,7,487.2,475.6,462.4,470.4,962.7,932.8,25,26,8,6,0,
2959.0,1,7,487.2,475.6,460.8,470.4,962.7,931.2,25,26,8,6,0,
2960.0,1,7,487.2,475.6,460.6,469.4,962.7,930.1,25,26,8,6,1,0
2961.0,0,25,490.5,477.2,463.2,473.0,967.7,936.2,25,26,8,6,0,
2962.0,0,25,490.5,477.2,463.5,473.0,967.7,936.5,25,26,8,6,0,
2963.0,0,25,490.5,477.2,463.5,473.0,967.7,936.5,25,26,8,6,0,
2964.0,0,25,490.5,477.2,463.8,473.0,967.7,936.8,25,26,8,6,0,
2965.0,0,25,490.5,477.2,462.8,473.0,967.7,935.8,25,26,8,6,1,0
2966.0,0,25,490.5,477.2,463.0,473.2,967.7,936.2,25,26,8,6,0,
2967.0,0,25,490.5,477.2,462.8,473.2,967.7,935.9,25,26,8,6,0,
2968.0,0,25,490.5,477.2,463.5,473.2,967.7,936.6,25,26,8,6,0,
2969.0,0,25,490.5,477.2,463.8,473.0,967.7,936.8,25,26,8,6,0,
2970.0,0,25,490.5,477.2,463.7,473.1,967.7,936.9,25,26,8,6,1,0
2971.0,0,25,490.5,477.2,463.8,472.6,967.7,936.5,25,26,8,6,0,
2972.0,0,25,490.5,477.2,463.8,473.4,967.7,937.2,25,26,8,6,0,
2973.0,0,25,490.5,477.2,463.8,473.5,967.7,937.4,25,26,8,6,0,
2974.0,0,25,490.5,477.2,463.8,473.4,967.7,937.2,25,26,8,6,0,
2975.0,0,25,490.5,477.2,463.6,473.4,967.7,937.0,25,26,8,6,1,0
2976.0,0,25,490.5,477.2,463.6,473.4,967.7,937.0,25,26,8,6,0,
2977.0,0,25,490.5,477.2,463.6,473.4,967.7,937.0,25,26,8,6,0,
2978.0,0,25,490.5,477.2,463.6,472.9,967.7,936.6,25,26,8,6,0,
2979.0,0,25,490.5,477.2,463.6,472.9,967.7,936.6,25,26,8,6,0,
2980.0,0,25,490.5,477.2,463.6,472.9,967.7,936.6,25,26,8,6,1,0
2981.0,0,25,490.5,477.2,463.6,472.9,967.7,936.6,25,26,8,6,0,
2982.0,0,25,490.5,477.2,463.6,472.9,967.7,936.6,25,26,8,6,0,
2983.0,0,25,490.5,477.2,463.6,472.9,967.7,936.6,25,26,8,6,0,
2984.0,0,25,490.5,477.2,463.6,473.0,967.7,936.7,25,26,8,6,0,
2985.0,0,25,490.5,477.2,463.6,473.0,967.7,936.7,25,26,8,6,1,0
2986.0,1,7,487.2,475.6,460.8,469.4,962.7,930.2,25,26,8,6,0,
2987.0,1,7,487.2,475.6,460.6,469.0,962.7,929.6,25,26,8,6,0,
2988.0,1,7,487.2,475.6,460.8,469.4,962.7,930.2,25,26,8,6,0,
2989.0,1,7,487.2,475.6,459.8,469.6,962.7,929.4,25,26,8,6,0,
2990.0,1,7,487.2,475.6,459.8,469.6,962.7,929.4,25,26,8,6,1,0
2991.0,0,25,490.5,477.2,462.8,473.1,967.7,935.9,25,26,8,6,0,
2992.0,0,25,490.5,477.2,462.8,473.2,967.7,935.9,25,26,8,6,0,
2993.0,0,25,490.5,477.0,447.9,473.0,967.5,921.0,25,25,9,6,0,
2994.0,0,25,490.5,477.0,452.3,473.0,967.5,925.4,25,25,9,6,0,
2995.0,0,25,490.5,477.0,431.6,473.0,967.5,904.6,25,25,9,6,1,0
2996.0,0,25,490.5,477.0,460.4,473.1,967.5,933.5,25,25,9,6,0,
2997.0,0,25,490.5,477.0,464.8,472.5,967.5,937.3,25,25,9,6,0,
2998.0,0,25,490.5,477.2,422.7,473.4,967.7,896.0,25,25,9,6,0,
2999.0,0,25,490.5,477.2,444.7,473.4,967.7,918.1,25,25,9,6,0,
3000.0,0,25,490.5,477.2,464.7,473.4,967.7,938.0,25,25,9,6,1,0
3001.0,0,25,490.5,477.2,464.7,473.4,967.7,938.0,25,25,9,6,0,
3002.0,0,25,490.5,477.2,464.7,460.9,967.7,925.6,24,25,9,7,0,
3003.0,0,25,490.5,477.2,464.7,460.9,967.7,925.6,24,25,9,7,0,
3004.0,0,25,490.5,477.2,464.7,461.7,967.7,926.4,24,25,9,7,0,
3005.0,0,25,490.5,477.2,464.7,461.7,967.7,926.4,24,25,9,7,1,0
3006.0,0,25,490.5,477.2,464.7,461.7,967.7,926.4,24,25,9,7,0,
3007.0,0,25,490.5,477.2,464.7,461.7,967.7,926.4,24,25,9,7,0,
3008.0,0,25,490.5,477.2,464.7,461.7,967.7,926.4,24,25,9,7,0,
3009.0,0,25,490.5,477.2,462.3,461.7,967.7,924.0,24,25,9,7,0,
3010.0,0,25,490.5,477.2,464.7,461.7,967.7,926.4,24,25,9,7,1,0
3011.0,0,25,490.5,477.2,462.3,461.7,967.7,924.0,24,25,9,7,0,
3012.0,0,25,490.5,477.2,464.7,461.7,967.7,926.4,24,25,9,7,0,
3013.0,0,25,490.5,477.2,464.7,459.5,967.7,924.2,24,25,9,7,0,
3014.0,0,25,490.5,477.2,462.4,459.5,967.7,921.9,24,25,9,7,0,
3015.0,0,25,490.5,477.2,464.7,459.5,967.7,924.2,24,25,9,7,1,0
3016.0,1,7,487.2,475.6,461.3,454.9,962.7,916.2,24,25,9,7,0,
3017.0,1,7,487.2,475.6,460.7,455.3,962.7,916.0,24,25,9,7,0,
3018.0,1,7,487.2,475.6,463.4,453.7,962.7,917.1,24,25,9,7,0,
3019.0,1,7,487.2,475.6,463.1,455.2,962.7,918.3,24,25,9,7,0,
3020.0,1,7,487.2,475.6,465.3,455.9,962.7,921.2,24,25,9,7,1,0
3021.0,0,25,490.5,477.2,465.7,459.9,967.7,925.6,24,25,9,7,0,
3022.0,0,25,490.5,477.2,462.0,460.4,967.7,922.3,24,25,8,7,0,
3023.0,0,25,490.5,477.2,462.1,460.4,967.7,922.4,24,25,8,7,0,
3024.0,0,25,490.5,477.2,462.1,460.4,967.7,922.4,24,25,8,7,0,
3025.0,0,25,490.5,477.2,462.1,462.7,967.7,924.8,24,25,8,7,1,0
3026.0,0,25,490.5,477.2,461.9,472.5,967.7,934.4,24,25,8,7,0,
3027.0,0,25,490.5,477.2,463.6,473.7,967.7,937.3,24,25,8,7,0,
3028.0,0,25,490.5,477.2,463.6,474.1,967.7,937.7,24,25,8,7,0,
3029.0,0,25,490.5,477.2,463.6,470.2,967.7,933.9,24,25,8,7,0,
3030.0,0,25,490.5,477.2,463.6,471.2,967.7,934.9,24,25,8,6,1,0
3031.0,0,25,490.5,477.2,463.6,471.2,967.7,934.9,24,25,8,6,0,
3032.0,0,25,490.5,477.2,463.6,471.2,967.7,934.9,24,25,8,6,0,
3033.0,0,25,490.5,477.2,463.6,471.2,967.7,934.9,24,25,8,6,0,
3034.0,0,25,490.5,477.2,463.6,471.2,967.7,934.9,24,25,8,6,0,
3035.0,0,25,490.5,477.2,463.6,472.9,967.7,936.6,24,25,8,6,1,0
3036.0,0,25,490.5,477.2,463.6,472.9,967.7,936.6,24,25,8,6,0,
3037.0,0,25,490.5,477.2,463.6,472.9,967.7,936.6,24,25,8,6,0,
3038.0,0,25,490.5,477.2,463.5,472.9,967.7,936.4,24,25,8,6,0,
3039.0,0,25,490.5,477.2,463.8,473.0,967.7,936.9,24,25,8,6,0,
3040.0,0,25,490.5,477.2,463.5,473.0,967.7,936.5,24,25,8,6,1,0
3041.0,0,25,490.5,477.2,463.8,473.0,967.7,936.9,24,25,8,6,0,
3042.0,0,25,490.5,477.2,463.5,473.0,967.7,936.5,24,25,8,6,0,
3043.0,0,25,490.5,477.2,463.8,472.9,967.7,936.7,24,25,8,6,0,
3044.0,0,25,490.5,477.2,463.8,473.2,967.7,936.9,24,25,8,6,0,
3045.0,0,25,490.7,477.2,463.8,473.2,968.0,936.9,25,25,8,6,1,0
3046.0,1,7,487.4,475.6,461.9,469.6,963.0,931.5,25,25,8,6,0,
3047.0,1,7,487.4,475.6,461.5,469.6,963.0,931.1,25,25,8,6,0,
3048.0,1,7,487.4,475.6,461.5,469.1,963.0,930.6,25,25,8,6,0,
3049.0,1,7,487.4,475.6,460.4,469.2,963.0,929.6,25,25,8,6,0,
3050.0,1,7,487.2,475.6,460.7,470.1,962.7,930.8,25,25,8,6,1,0
3051.0,0,25,490.5,477.2,463.8,473.5,967.7,937.3,25,25,8,6,0,
3052.0,0,25,490.5,477.2,463.8,473.4,967.7,937.1,25,25,8,6,0,
3053.0,0,25,490.5,477.2,463.8,472.9,967.7,936.7,25,25,8,6,0,
3054.0,0,25,490.5,477.2,463.8,472.9,967.7,936.8,25,25,8,6,0,
3055.0,0,25,490.5,477.2,463.8,472.9,967.7,936.8,25,25,8,6,1,0
3056.0,0,25,490.5,477.2,463.8,472.9,967.7,936.8,25,25,8,6,0,
3057.0,0,25,490.5,477.2,463.6,472.9,967.7,936.6,25,25,8,6,0,
3058.0,0,25,490.5,477.2,463.6,472.9,967.7,936.6,25,25,8,6,0,
3059.0,0,25,490.5,477.2,463.6,472.9,967.7,936.6,25,25,8,6,0,
3060.0,0,25,490.5,477.2,463.6,472.9,967.7,936.6,25,26,8,6,1,0
3061.0,0,25,490.5,477.2,463.6,472.9,967.7,936.6,25,26,8,6,0,
3062.0,0,25,490.5,477.2,463.6,472.9,967.7,936.6,25,26,8,6,0,
3063.0,0,25,490.5,477.2,463.6,472.9,967.7,936.6,25,26,8,6,0,
3064.0,0,25,490.5,477.2,463.6,472.9,967.7,936.6,25,26,8,6,0,
3065.0,0,25,490.5,477.2,463.8,473.0,967.7,936.8,25,26,8,6,1,0
3066.0,0,25,490.5,477.2,463.5,473.1,967.7,936.6,25,26,8,6,0,
3067.0,0,25,490.5,477.2,463.5,473.0,967.7,936.5,25,26,8,6,0,
3068.0,0,25,490.5,477.2,463.5,473.1,967.7,936.6,25,26,8,6,0,
3069.0,0,25,490.5,477.2,462.6,473.0,967.7,935.6,25,26,8,6,0,
3070.0,0,25,490.5,477.2,462.6,473.2,967.7,935.8,25,26,8,6,1,0
3071.0,0,25,490.5,477.2,462.8,472.9,967.7,935.7,25,26,8,6,0,
3072.0,0,25,490.5,477.2,462.8,473.2,967.7,935.9,25,26,8,6,0,
3073.0,0,25,490.5,477.2,463.0,472.9,967.7,935.9,25,26,8,6,0,
3074.0,0,25,490.5,477.2,463.7,473.2,967.7,936.9,25,26,8,6,0,
3075.0,0,25,490.5,477.2,463.7,472.6,967.7,936.3,25,26,8,6,1,0
3076.0,1,7,487.2,475.6,462.4,469.1,962.7,931.5,25,26,8,6,0,
3077.0,1,7,487.2,475.6,462.4,470.1,962.7,932.5,25,26,8,6,0,
3078.0,1,7,487.2,475.6,463.4,470.1,962.7,933.5,25,26,8,6,0,
3079.0,1,7,487.2,475.6,463.1,472.2,962.7,935.3,25,26,8,6,0,
3080.0,1,7,487.2,475.6,463.1,470.4,962.7,933.5,25,26,8,6,1,0
3081.0,0,25,490.5,477.2,463.6,472.9,967.7,936.6,25,26,8,6,0,
3082.0,0,25,490.5,477.2,463.6,472.9,967.7,936.6,25,26,8,6,0,
3083.0,0,25,490.5,477.2,463.6,472.9,967.7,936.6,25,26,8,6,0,
3084.0,0,25,490.5,477.2,463.6,472.9,967.7,936.6,25,26,8,6,0,
3085.0,0,25,490.5,477.2,463.6,472.9,967.7,936.6,25,26,8,6,1,0
3086.0,0,25,490.5,477.2,463.6,472.9,967.7,936.6,25,26,8,6,0,
3087.0,0,25,490.5,477.2,463.6,472.9,967.7,936.6,25,26,8,6,0,
3088.0,0,25,490.5,477.2,463.6,472.9,967.7,936.6,25,26,8,6,0,
3089.0,0,25,490.5,477.2,463.6,472.9,967.7,936.6,25,26,8,6,0,
3090.0,0,25,490.5,477.2,463.6,472.9,967.7,936.6,25,26,8,6,1,0
3091.0,0,25,490.5,477.2,463.5,473.0,967.7,936.5,25,26,8,6,0,
3092.0,0,25,490.5,477.2,463.5,473.0,967.7,936.5,25,26,8,6,0,
3093.0,0,25,490.5,477.2,463.5,473.1,967.7,936.6,25,26,8,6,0,
3094.0,0,25,490.5,477.2,463.5,473.0,967.7,936.5,25,26,8,6,0,
3095.0,0,25,490.5,477.2,463.5,473.1,967.7,936.6,25,26,8,6,1,0
3096.0,0,25,490.5,477.2,463.8,473.2,967.7,937.0,25,26,8,6,0,
3097.0,0,25,490.5,477.2,463.8,473.2,967.7,936.9,25,26,8,6,0,
3098.0,0,25,490.5,477.2,463.8,472.9,967.7,936.6,25,26,8,6,0,
3099.0,0,25,490.5,477.2,463.8,473.2,967.7,936.9,25,26,8,6,0,
3100.0,0,25,490.5,477.2,463.6,473.0,967.7,936.7,25,26,8,6,1,0
3101.0,0,25,490.5,477.2,463.8,472.6,967.7,936.3,25,26,8,6,0,
3102.0,0,25,490.5,477.2,463.8,472.6,967.7,936.3,25,26,8,6,0,
3103.0,0,25,490.5,477.2,463.8,473.5,967.7,937.3,25,26,8,6,0,
3104.0,0,25,490.5,477.2,463.8,473.5,967.7,937.3,25,26,8,6,0,
3105.0,0,25,490.5,477.2,463.8,473.1,967.7,936.8,25,26,8,6,1,0
3106.0,1,7,487.2,475.6,461.9,470.4,962.7,932.4,25,26,8,6,0,
3107.0,1,7,487.2,475.6,461.9,470.4,962.7,932.4,25,26,8,6,0,
3108.0,1,7,487.2,475.6,461.9,470.4,962.7,932.3,25,26,8,6,0,
3109.0,1,7,487.2,475.6,461.9,470.4,962.7,932.3,25,26,8,6,0,
3110.0,1,7,487.2,475.6,461.9,470.4,962.7,932.3,25,26,8,6,1,0
3111.0,0,25,490.5,477.2,463.6,472.9,967.7,936.6,25,26,8,6,0,
3112.0,0,25,490.5,477.2,463.6,472.9,967.7,936.6,25,26,8,6,0,
3113.0,0,25,490.5,477.2,463.6,472.9,967.7,936.6,25,26,8,6,0,
3114.0,0,25,490.5,477.2,463.6,472.9,967.7,936.6,25,26,8,6,0,
3115.0,0,25,490.5,477.2,463.6,472.9,967.7,936.6,25,26,8,6,1,0
3116.0,0,25,490.5,477.2,463.6,472.9,967.7,936.6,25,26,8,6,0,
3117.0,0,25,490.5,477.2,463.6,472.9,967.7,936.6,25,26,8,6,0,
3118.0,0,25,490.5,477.2,463.6,473.0,967.7,936.7,25,26,8,6,0,
3119.0,0,25,490.5,477.2,463.8,473.1,967.7,936.9,25,26,8,6,0,
3120.0,0,25,490.5,477.2,463.5,473.0,967.7,936.5,25,26,8,6,1,0
3121.0,0,25,490.5,477.2,463.8,473.0,967.7,936.9,25,26,8,6,0,
3122.0,0,25,490.5,477.2,463.5,473.0,967.7,936.5,25,26,8,6,0,
3123.0,0,25,490.5,477.2,463.2,473.0,967.7,936.2,25,26,8,6,0,
3124.0,0,25,490.5,477.2,462.6,473.0,967.7,935.6,25,26,8,6,0,
3125.0,0,25,490.5,477.2,462.6,473.2,967.7,935.8,25,26,8,6,1,0
3126.0,0,25,490.5,477.2,462.6,472.9,967.7,935.5,25,26,8,6,0,
3127.0,0,25,490.5,477.2,463.5,473.2,967.7,936.6,25,26,8,6,0,
3128.0,0,25,490.5,477.2,463.8,473.0,967.7,936.8,25,26,8,6,0,
3129.0,0,25,490.5,477.2,463.7,473.0,967.7,936.8,25,26,8,6,0,
3130.0,0,25,490.5,477.2,463.8,472.6,967.7,936.4,25,26,8,6,1,0
3131.0,0,25,490.5,477.2,463.8,472.6,967.7,936.5,25,26,8,6,0,
3132.0,0,25,490.5,477.2,463.8,473.5,967.7,937.4,25,26,8,6,0,
3133.0,0,25,490.5,477.2,463.6,473.4,967.7,937.0,25,26,8,6,0,
3134.0,0,25,490.5,477.2,463.6,473.1,967.7,936.7,25,26,8,6,0,
3135.0,0,25,490.5,477.2,463.6,472.9,967.7,936.6,25,26,8,6,1,0
3136.0,1,7,487.2,475.6,463.1,470.4,962.7,933.5,25,26,8,6,0,
3137.0,1,7,487.2,475.6,462.6,470.4,962.7,933.0,25,26,8,6,0,
3138.0,1,7,487.2,475.1,413.8,470.4,962.2,884.2,25,25,9,6,0,
3139.0,1,7,487.2,475.1,427.8,470.4,962.2,898.2,25,25,9,6,0,
3140.0,1,7,487.2,475.1,442.2,470.4,962.2,912.7,25,25,9,6,1,0
3141.0,0,25,490.5,477.0,457.8,472.9,967.5,930.7,25,25,9,6,0,
3142.0,0,25,490.5,477.0,457.8,472.9,967.5,930.7,25,25,9,6,0,
3143.0,0,25,490.5,477.2,371.5,472.9,967.7,844.5,25,25,9,6,0,
3144.0,0,25,490.5,477.2,421.1,472.9,967.7,894.0,25,25,9,6,0,
3145.0,0,25,490.5,477.2,458.5,473.0,967.7,931.5,25,25,9,6,1,0
3146.0,0,25,490.5,477.2,446.1,473.1,967.7,919.2,25,25,9,6,0,
3147.0,0,25,490.5,477.2,457.1,473.0,967.7,930.1,25,25,9,6,0,
3148.0,0,25,490.5,477.2,446.1,473.1,967.7,919.2,25,25,9,6,0,
3149.0,0,25,490.5,477.2,442.3,473.0,967.7,915.3,25,25,9,6,0,
3150.0,0,25,490.5,477.2,457.3,473.0,967.7,930.3,25,25,9,6,1,0
3151.0,0,25,490.5,477.2,458.6,472.9,967.7,931.5,25,25,9,6,0,
3152.0,0,25,490.5,477.2,458.6,472.9,967.7,931.5,25,25,9,6,0,
3153.0,0,25,490.5,477.2,459.0,472.9,967.7,931.9,25,25,9,6,0,
3154.0,0,25,490.5,477.2,456.2,473.0,967.7,929.2,25,25,9,6,0,
3155.0,0,25,490.5,477.2,464.4,473.0,967.7,937.4,25,25,9,6,1,0
3156.0,0,25,490.5,477.2,467.2,472.6,967.7,939.8,25,25,9,6,0,
3157.0,0,25,490.5,477.2,466.0,472.6,967.7,938.6,25,25,9,6,0,
3158.0,0,25,490.5,477.2,457.4,473.5,967.7,930.9,25,25,9,6,0,
3159.0,0,25,490.5,477.2,461.9,473.1,967.7,935.0,25,25,8,6,0,
3160.0,0,25,490.5,477.2,461.9,473.1,967.7,935.0,25,25,8,6,1,0
3161.0,0,25,490.5,477.2,461.9,472.9,967.7,934.8,25,25,8,6,0,
3162.0,0,25,490.5,477.2,461.9,472.9,967.7,934.8,25,25,8,6,0,
3163.0,0,25,490.5,477.2,461.9,472.9,967.7,934.8,25,25,8,6,0,
3164.0,0,25,490.5,477.2,463.6,472.9,967.7,936.6,25,25,8,6,0,
3165.0,0,25,490.5,477.2,463.6,410.6,967.7,874.2,24,25,8,7,1,0
3166.0,1,7,486.9,475.6,462.4,438.1,962.5,900.4,24,25,8,7,0,
3167.0,1,7,486.9,475.6,462.4,438.1,962.5,900.4,24,25,8,7,0,
3168.0,1,7,486.9,475.6,462.4,438.1,962.5,900.4,24,25,8,7,0,
3169.0,1,7,486.9,475.6,462.4,438.1,962.5,900.4,24,25,8,7,0,
3170.0,1,7,487.2,475.6,462.4,408.7,962.7,871.0,24,25,8,7,1,0
3171.0,0,25,490.5,477.2,463.8,416.8,967.7,880.6,24,25,8,7,0,
3172.0,0,25,490.5,477.2,463.5,416.0,967.7,879.5,24,25,8,7,0,
3173.0,0,25,490.5,477.2,463.8,440.5,967.7,904.2,24,25,8,7,0,
3174.0,0,25,490.5,477.2,463.5,440.5,967.7,904.0,24,25,8,7,0,
3175.0,0,25,490.5,477.2,463.8,440.5,967.7,904.2,24,25,8,7,1,0
3176.0,0,25,490.5,477.2,463.8,440.5,967.7,904.2,24,25,8,7,0,
3177.0,0,25,490.5,477.2,463.8,441.1,967.7,904.9,24,25,8,7,0,
3178.0,0,25,490.5,477.2,463.8,413.7,967.7,877.4,24,25,8,7,0,
3179.0,0,25,490.5,477.2,462.8,417.1,967.7,879.8,24,25,8,7,0,
3180.0,0,25,490.5,477.2,462.6,412.0,967.7,874.6,24,25,8,7,1,0
3181.0,0,25,490.5,477.2,463.5,416.7,967.7,880.1,24,25,8,7,0,
3182.0,0,25,490.5,477.2,463.5,429.9,967.7,893.3,24,25,8,8,0,
3183.0,0,25,490.5,477.2,463.5,428.2,967.7,891.7,24,25,8,8,0,
3184.0,0,25,490.5,477.2,463.7,439.6,967.7,903.3,24,25,8,8,0,
3185.0,0,25,490.5,477.2,463.8,445.2,967.7,909.0,24,25,8,8,1,0
3186.0,0,25,490.5,477.2,463.8,465.1,967.7,928.9,24,25,8,7,0,
3187.0,0,25,490.5,477.2,463.8,460.2,967.7,924.0,24,25,8,7,0,
3188.0,0,25,490.5,477.2,463.6,463.2,967.7,926.9,24,25,8,7,0,
3189.0,0,25,490.5,477.2,463.6,460.0,967.7,923.7,24,25,8,7,0,
3190.0,0,25,490.5,477.2,463.6,471.6,967.7,935.2,24,25,8,7,1,0
3191.0,0,25,490.5,477.2,463.6,461.7,967.7,925.4,24,25,8,7,0,
3192.0,0,25,490.5,477.2,463.6,461.7,967.7,925.4,24,25,8,7,0,
3193.0,0,25,490.5,477.2,463.6,461.7,967.7,925.4,24,25,8,7,0,
3194.0,0,25,490.5,477.2,463.6,461.7,967.7,925.4,24,25,8,7,0,
3195.0,0,25,490.5,477.2,463.6,461.7,967.7,925.4,24,25,8,7,1,0
3196.0,1,7,487.2,475.6,462.4,455.9,962.7,918.2,24,25,8,7,0,
3197.0,1,7,487.2,475.6,460.6,454.9,962.7,915.5,24,25,8,7,0,
3198.0,1,7,487.2,475.6,460.8,470.9,962.7,931.7,24,25,8,7,0,
3199.0,1,7,487.2,475.6,460.6,454.9,962.7,915.5,24,25,8,7,0,
3200.0,1,7,487.2,475.6,460.8,453.0,962.7,913.8,24,25,8,7,1,0
3201.0,0,25,490.5,477.2,463.5,459.5,967.7,923.0,24,25,8,7,0,
3202.0,0,25,490.5,477.2,463.5,473.0,967.7,936.4,24,25,8,7,0,
3203.0,0,25,490.5,477.2,463.8,460.4,967.7,924.1,24,25,8,7,0,
3204.0,0,25,490.5,477.2,463.8,460.4,967.7,924.1,24,25,8,7,0,
3205.0,0,25,490.5,477.2,463.5,459.6,967.7,923.1,24,25,8,7,1,0
3206.0,0,25,490.5,477.2,463.5,471.8,967.7,935.3,24,25,8,6,0,
3207.0,0,25,490.5,477.2,463.5,471.8,967.7,935.3,24,25,8,6,0,
3208.0,0,25,490.5,477.2,463.5,471.7,967.7,935.2,24,25,8,6,0,
3209.0,0,25,490.5,477.2,463.5,471.7,967.7,935.2,24,25,8,6,0,
3210.0,0,25,490.7,477.2,463.8,470.9,968.0,934.6,25,25,8,6,1,0
3211.0,0,25,490.7,477.2,463.8,472.5,968.0,936.3,25,25,8,6,0,
3212.0,0,25,490.7,477.2,463.8,473.4,968.0,937.2,25,25,8,6,0,
3213.0,0,25,490.7,477.2,463.6,473.4,968.0,937.0,25,25,8,6,0,
3214.0,0,25,490.7,477.2,463.6,473.1,968.0,936.7,25,25,8,6,0,
3215.0,0,25,490.5,477.2,463.6,472.9,967.7,936.6,25,25,8,6,1,0
3216.0,0,25,490.5,477.2,463.6,472.9,967.7,936.6,25,25,8,6,0,
3217.0,0,25,490.5,477.2,463.6,472.9,967.7,936.6,25,25,8,6,0,
3218.0,0,25,490.5,477.2,463.6,472.9,967.7,936.6,25,25,8,6,0,
3219.0,0,25,490.5,477.2,463.6,472.9,967.7,936.6,25,25,8,6,0,
3220.0,0,25,490.5,477.2,463.6,472.9,967.7,936.6,25,25,8,6,1,0
3221.0,0,25,490.5,477.2,463.6,472.9,967.7,936.6,25,25,8,6,0,
3222.0,0,25,490.5,477.2,463.6,472.9,967.7,936.6,25,25,8,6,0,
3223.0,0,25,490.5,477.2,463.8,472.9,967.7,936.8,25,25,8,6,0,
3224.0,0,25,490.5,477.2,463.5,473.1,967.7,936.6,25,25,8,6,0,
3225.0,0,25,490.5,477.2,463.8,473.0,967.7,936.8,25,25,8,6,1,0
3226.0,1,7,487.2,475.6,460.6,469.4,962.7,930.1,25,25,8,6,0,
3227.0,1,7,487.2,475.6,460.8,469.0,962.7,929.8,25,25,8,6,0,
3228.0,1,7,487.2,475.6,461.2,469.4,962.7,930.7,25,25,8,6,0,
3229.0,1,7,487.2,475.6,461.7,469.6,962.7,931.3,25,26,8,6,0,
3230.0,1,7,487.2,475.6,461.6,469.7,962.7,931.3,25,26,8,6,1,0
3231.0,0,25,490.5,477.2,463.8,473.0,967.7,936.8,25,26,8,6,0,
3232.0,0,25,490.5,477.2,463.8,473.1,967.7,936.9,25,26,8,6,0,
3233.0,0,25,490.5,477.2,463.5,473.1,967.7,936.6,25,26,8,6,0,
3234.0,0,25,490.5,477.2,463.5,472.9,967.7,936.4,25,26,8,6,0,
3235.0,0,25,490.5,477.2,463.5,472.9,967.7,936.4,25,26,8,6,1,0
3236.0,0,25,490.5,477.2,463.5,472.9,967.7,936.4,25,26,8,6,0,
3237.0,0,25,490.5,477.2,463.5,473.0,967.7,936.5,25,26,8,6,0,
3238.0,0,25,490.5,477.2,463.8,473.0,967.7,936.8,25,26,8,6,0,
3239.0,0,25,490.5,477.2,463.8,473.0,967.7,936.9,25,26,8,6,0,
3240.0,0,25,490.5,477.2,463.8,473.0,967.7,936.9,25,26,8,6,1,0
3241.0,0,25,490.5,477.2,463.6,473.1,967.7,936.8,25,26,8,6,0,
3242.0,0,25,490.5,477.2,463.6,473.1,967.7,936.8,25,26,8,6,0,
3243.0,0,25,490.5,477.2,463.6,473.4,967.7,937.0,25,26,8,6,0,
3244.0,0,25,490.5,477.2,463.6,473.4,967.7,937.0,25,26,8,6,0,
3245.0,0,25,490.5,477.2,463.6,473.4,967.7,937.0,25,26,8,6,1,0
3246.0,0,25,490.5,477.2,463.6,473.4,967.7,937.0,25,26,8,6,0,
3247.0,0,25,490.5,477.0,463.6,437.4,967.5,901.0,25,25,8,7,0,
3248.0,0,25,490.5,477.0,463.6,441.2,967.5,904.8,25,25,8,7,0,
3249.0,0,25,490.5,477.0,463.6,441.2,967.5,904.8,25,25,8,7,0,
3250.0,0,25,490.5,477.0,463.6,441.9,967.5,905.6,25,25,8,7,1,0
3251.0,0,25,490.5,477.0,463.5,441.3,967.5,904.8,25,25,8,7,0,
3252.0,0,25,490.5,477.2,463.5,441.2,967.7,904.7,25,25,8,7,0,
3253.0,0,25,490.5,477.2,463.5,441.3,967.7,904.8,25,25,8,7,0,
3254.0,0,25,490.5,477.2,463.5,441.1,967.7,904.6,25,25,8,7,0,
3255.0,0,25,490.5,477.2,463.5,440.5,967.7,904.0,25,25,8,7,1,0
3256.0,1,7,487.2,475.6,461.2,435.0,962.7,896.3,25,25,8,7,0,
3257.0,1,7,486.9,475.6,461.9,420.6,962.5,882.6,24,25,8,8,0,
3258.0,1,7,486.9,475.6,461.9,423.7,962.5,885.5,24,25,8,8,0,
3259.0,1,7,486.9,475.6,461.9,427.1,962.5,889.0,24,25,8,8,0,
3260.0,1,7,486.9,475.6,461.9,429.9,962.5,891.8,24,25,8,8,1,0
3261.0,0,25,490.5,477.2,463.5,432.4,967.7,895.9,24,25,8,8,0,
3262.0,0,25,490.5,477.2,463.5,424.8,967.7,888.3,24,25,8,8,0,
3263.0,0,25,490.5,477.2,463.5,432.2,967.7,895.7,24,25,8,8,0,
3264.0,0,25,490.5,477.2,463.5,428.7,967.7,892.1,24,25,8,8,0,
3265.0,0,25,490.5,477.2,463.5,428.1,967.7,891.5,24,25,8,8,1,0
3266.0,0,25,490.5,477.2,463.8,429.0,967.7,892.8,24,25,8,8,0,
3267.0,0,25,490.5,477.2,463.8,429.6,967.7,893.4,24,25,8,8,0,
3268.0,0,25,490.5,477.2,463.8,444.4,967.7,908.2,24,25,8,8,0,
3269.0,0,25,490.5,477.2,463.8,460.2,967.7,924.0,24,25,8,7,0,
3270.0,0,25,490.5,477.2,463.6,463.4,967.7,927.1,24,25,8,7,1,0
3271.0,0,25,490.5,477.2,463.6,460.2,967.7,923.9,24,25,8,7,0,
3272.0,0,25,490.5,477.2,463.6,463.2,967.7,926.9,24,25,8,7,0,
3273.0,0,25,490.5,477.2,463.6,460.0,967.7,923.7,24,25,8,7,0,
3274.0,0,25,490.5,477.2,463.6,464.9,967.7,928.6,24,25,8,7,0,
3275.0,0,25,490.5,477.2,463.6,461.7,967.7,925.4,24,25,8,7,1,0
3276.0,0,25,490.5,477.2,463.5,473.0,967.7,936.5,24,25,8,7,0,
3277.0,0,25,490.5,477.2,463.5,459.5,967.7,923.0,24,25,8,7,0,
3278.0,0,25,490.5,477.2,463.5,462.7,967.7,926.2,24,25,8,7,0,
3279.0,0,25,490.5,477.2,463.5,459.5,967.7,923.0,24,25,8,7,0,
3280.0,0,25,490.5,477.2,463.5,462.7,967.7,926.2,24,25,8,7,1,0
3281.0,0,25,490.5,477.2,463.8,460.4,967.7,924.1,24,25,8,7,0,
3282.0,0,25,490.5,477.2,463.8,463.3,967.7,927.1,24,25,8,7,0,
3283.0,0,25,490.5,477.2,463.8,460.4,967.7,924.1,24,25,8,7,0,
3284.0,0,25,490.5,477.2,463.8,463.4,967.7,927.2,24,25,8,7,0,
3285.0,0,25,490.5,477.2,463.6,471.2,967.7,934.9,24,25,8,6,1,0
3286.0,1,7,487.2,475.6,463.1,468.9,962.7,932.1,24,25,8,6,0,
3287.0,1,7,487.2,475.6,460.6,468.0,962.7,928.6,24,25,8,6,0,
3288.0,1,7,487.2,475.6,462.0,468.5,962.7,930.5,24,25,8,6,0,
3289.0,1,7,487.2,475.6,462.0,469.3,962.7,931.2,24,25,8,6,0,
3290.0,1,7,487.2,475.6,460.8,469.4,962.7,930.2,24,25,8,6,1,0
3291.0,0,25,490.5,477.2,463.2,473.0,967.7,936.2,24,25,8,6,0,
3292.0,0,25,490.5,477.2,463.8,472.4,967.7,936.1,24,25,8,6,0,
3293.0,0,25,490.7,477.2,463.8,472.5,968.0,936.3,25,25,8,6,0,
3294.0,0,25,490.7,477.2,463.8,473.4,968.0,937.2,25,25,8,6,0,
3295.0,0,25,490.7,477.2,463.6,473.1,968.0,936.7,25,25,8,6,1,0
3296.0,0,25,490.7,477.2,463.6,473.1,968.0,936.7,25,25,8,6,0,
3297.0,0,25,490.7,477.2,463.6,472.9,968.0,936.6,25,25,8,6,0,
3298.0,0,25,490.5,477.2,463.6,472.9,967.7,936.6,25,25,8,6,0,
3299.0,0,25,490.5,477.2,463.6,472.9,967.7,936.6,25,25,8,6,0,
3300.0,0,25,490.5,477.2,463.6,472.9,967.7,936.6,25,25,8,6,1,0
3301.0,0,25,490.5,477.2,463.6,472.9,967.7,936.6,25,25,8,6,0,
3302.0,0,25,490.5,477.2,463.6,472.9,967.7,936.6,25,25,8,6,0,
3303.0,0,25,490.5,477.2,463.2,473.0,967.7,936.2,25,25,8,6,0,
3304.0,0,25,490.5,477.2,463.5,473.1,967.7,936.6,25,25,8,6,0,
3305.0,0,25,490.5,477.2,463.5,459.5,967.7,923.0,25,25,8,7,1,0
3306.0,0,25,490.5,477.2,463.5,473.0,967.7,936.5,25,25,8,7,0,
3307.0,0,25,490.5,477.2,463.5,459.5,967.7,923.0,25,25,8,7,0,
3308.0,0,25,490.5,477.2,463.8,473.0,967.7,936.7,25,25,8,7,0,
3309.0,0,25,490.5,477.2,463.8,460.4,967.7,924.1,25,25,8,7,0,
3310.0,0,25,490.5,477.2,463.8,473.0,967.7,936.8,25,25,8,7,1,0
3311.0,0,25,490.5,477.2,463.8,460.3,967.7,924.1,25,25,8,7,0,
3312.0,0,25,490.5,477.2,463.6,471.9,967.7,935.5,25,25,8,7,0,
3313.0,0,25,490.5,477.2,463.6,471.2,967.7,934.9,25,25,8,6,0,
3314.0,0,25,490.5,477.2,463.6,471.2,967.7,934.9,25,25,8,6,0,
3315.0,0,25,490.5,477.2,463.6,471.2,967.7,934.9,25,25,8,6,1,0
3316.0,1,7,487.2,475.6,462.0,468.9,962.7,930.9,25,25,8,6,0,
3317.0,1,7,487.2,475.6,460.3,468.9,962.7,929.2,25,25,8,6,0,
3318.0,1,7,487.2,475.6,460.3,470.4,962.7,930.7,25,25,8,6,0,
3319.0,1,7,487.2,475.6,460.8,469.4,962.7,930.2,25,25,8,6,0,
3320.0,1,7,487.2,475.6,461.1,469.4,962.7,930.5,25,25,8,6,1,0
3321.0,0,25,490.5,477.2,463.8,473.0,967.7,936.8,25,25,8,6,0,
3322.0,0,25,490.5,477.2,463.8,473.0,967.7,936.9,25,25,8,6,0,
3323.0,0,25,490.5,477.2,463.8,473.0,967.7,936.9,25,25,8,6,0,
3324.0,0,25,490.5,477.2,463.8,473.0,967.7,936.9,25,25,8,6,0,
3325.0,0,25,490.5,477.2,463.6,473.0,967.7,936.7,25,25,8,6,1,0
3326.0,0,25,490.5,477.2,463.6,473.1,967.7,936.8,25,25,8,6,0,
3327.0,0,25,490.5,477.2,463.6,473.4,967.7,937.0,25,25,8,6,0,
3328.0,0,25,490.5,477.2,463.6,473.4,967.7,937.0,25,25,8,6,0,
3329.0,0,25,490.5,477.2,463.8,411.9,967.7,875.7,25,25,8,7,0,
3330.0,0,25,490.5,477.2,463.5,416.8,967.7,880.3,25,25,8,7,1,0
3331.0,0,25,490.5,477.2,463.8,416.8,967.7,880.6,25,25,8,7,0,
3332.0,0,25,490.5,477.2,463.5,416.8,967.7,880.3,25,25,8,7,0,
3333.0,0,25,490.5,477.2,463.8,441.3,967.7,905.1,25,25,8,7,0,
3334.0,0,25,490.5,477.2,463.8,437.2,967.7,901.0,25,25,8,7,0,
3335.0,0,25,490.5,477.2,463.8,440.4,967.7,904.3,25,25,8,7,1,0
3336.0,0,25,490.5,477.2,463.8,441.3,967.7,905.1,25,25,8,7,0,
3337.0,0,25,490.5,477.2,463.5,441.3,967.7,904.8,25,25,8,7,0,
3338.0,0,25,490.5,477.2,463.6,416.8,967.7,880.5,25,25,8,7,0,
3339.0,0,25,490.5,477.2,463.6,441.3,967.7,905.0,25,25,8,7,0,
3340.0,0,25,490.5,477.2,463.6,441.3,967.7,905.0,25,25,8,7,1,0
3341.0,0,25,490.5,477.2,463.6,416.8,967.7,880.5,25,25,8,7,0,
3342.0,0,25,490.5,477.2,463.6,441.1,967.7,904.7,25,25,8,7,0,
3343.0,0,25,490.5,477.2,463.1,440.9,967.7,903.9,25,25,8,7,0,
3344.0,0,25,490.5,477.2,463.1,439.9,967.7,903.0,25,25,8,7,0,
3345.0,0,25,490.5,477.2,463.1,457.2,967.7,920.3,25,25,8,7,1,0
3346.0,1,7,487.2,475.6,460.8,455.3,962.7,916.1,25,25,8,7,0,
3347.0,1,7,487.2,475.6,460.8,453.1,962.7,913.8,25,25,8,7,0,
3348.0,1,7,487.2,475.6,461.9,469.4,962.7,931.3,25,25,8,7,0,
3349.0,1,7,487.2,475.6,462.4,455.3,962.7,917.7,25,25,8,7,0,
3350.0,1,7,487.2,475.6,462.4,469.1,962.7,931.5,25,25,8,6,1,0
3351.0,0,25,490.5,477.2,463.8,471.4,967.7,935.2,25,25,8,6,0,
3352.0,0,25,490.5,477.2,463.6,471.2,967.7,934.9,25,25,8,6,0,
3353.0,0,25,490.5,477.2,463.6,471.2,967.7,934.9,25,25,8,6,0,
3354.0,0,25,490.5,477.2,463.6,471.2,967.7,934.9,25,25,8,6,0,
3355.0,0,25,490.5,477.2,463.6,472.9,967.7,936.6,25,25,8,6,1,0
3356.0,0,25,490.5,477.2,463.6,472.9,967.7,936.6,25,25,8,6,0,
3357.0,0,25,490.5,477.2,463.5,473.0,967.7,936.5,25,25,8,6,0,
3358.0,0,25,490.5,477.2,463.5,473.0,967.7,936.5,25,25,8,6,0,
3359.0,0,25,490.5,477.2,463.5,473.0,967.7,936.5,25,25,8,6,0,
3360.0,0,25,490.5,477.2,463.2,473.0,967.7,936.2,25,25,8,6,1,0
3361.0,0,25,490.5,477.2,463.5,473.0,967.7,936.5,25,25,8,6,0,
3362.0,0,25,490.5,477.2,463.8,473.0,967.7,936.8,25,25,8,6,0,
3363.0,0,25,490.5,477.2,463.8,473.0,967.7,936.8,25,25,8,6,0,
3364.0,0,25,490.5,477.2,463.8,473.0,967.7,936.8,25,25,8,6,0,
3365.0,0,25,490.5,477.2,463.8,472.9,967.7,936.7,25,25,8,6,1,0
3366.0,0,25,490.5,477.2,463.6,472.9,967.7,936.6,25,25,8,6,0,
3367.0,0,25,490.5,477.2,463.6,472.9,967.7,936.6,25,25,8,6,0,
3368.0,0,25,490.5,477.2,463.6,472.9,967.7,936.6,25,25,8,6,0,
3369.0,0,25,490.5,477.2,463.5,473.1,967.7,936.6,25,25,8,6,0,
3370.0,0,25,490.5,477.2,463.5,472.8,967.7,936.3,25,25,8,6,1,0
3371.0,0,25,490.5,477.2,463.1,472.7,967.7,935.8,25,25,8,6,0,
3372.0,0,25,490.5,477.2,463.2,473.0,967.7,936.2,25,26,8,6,0,
3373.0,0,25,490.5,477.2,463.5,473.0,967.7,936.5,25,26,8,6,0,
3374.0,0,25,490.5,477.2,463.8,472.4,967.7,936.1,25,26,8,6,0,
3375.0,0,25,490.5,477.2,463.8,472.5,967.7,936.3,25,26,8,6,1,0
3376.0,1,7,487.2,475.6,462.4,469.9,962.7,932.3,25,26,8,6,0,
3377.0,1,7,487.2,475.6,463.1,470.6,962.7,933.7,25,26,8,6,0,
3378.0,1,7,487.2,475.6,463.1,470.6,962.7,933.7,25,26,8,6,0,
3379.0,1,7,487.2,475.6,463.1,470.4,962.7,933.5,25,26,8,6,0,
3380.0,1,7,487.2,475.6,463.1,470.4,962.7,933.5,25,26,8,6,1,0
3381.0,0,25,490.5,477.2,463.8,472.9,967.7,936.7,25,26,8,6,0,
3382.0,0,25,490.5,477.2,463.5,472.9,967.7,936.4,25,26,8,6,0,
3383.0,0,25,490.5,477.2,463.2,473.0,967.7,936.2,25,26,8,6,0,
3384.0,0,25,490.5,477.2,463.5,473.0,967.7,936.5,25,26,8,6,0,
3385.0,0,25,490.5,477.2,463.2,473.0,967.7,936.2,25,26,8,6,1,0
3386.0,0,25,490.5,477.2,463.8,473.0,967.7,936.8,25,26,8,6,0,
3387.0,0,25,490.5,477.2,463.5,473.0,967.7,936.5,25,26,8,6,0,
3388.0,0,25,490.5,477.2,463.8,473.0,967.7,936.8,25,26,8,6,0,
3389.0,0,25,490.5,477.2,463.8,473.0,967.7,936.8,25,26,8,6,0,
3390.0,0,25,490.5,477.2,463.6,473.0,967.7,936.7,25,26,8,6,1,0
3391.0,0,25,490.5,477.2,463.6,473.0,967.7,936.7,25,26,8,6,0,
3392.0,0,25,490.5,477.2,463.6,472.9,967.7,936.6,25,26,8,6,0,
3393.0,0,25,490.5,477.2,463.6,472.9,967.7,936.6,25,26,8,6,0,
3394.0,0,25,490.5,477.2,463.6,472.9,967.7,936.6,25,26,8,6,0,
3395.0,0,25,490.5,477.2,463.6,472.9,967.7,936.6,25,26,8,6,1,0
3396.0,0,25,490.5,477.2,463.6,473.1,967.7,936.7,25,26,8,6,0,
3397.0,0,25,490.5,477.2,463.1,472.8,967.7,935.9,25,26,8,6,0,
3398.0,0,25,490.5,477.2,463.1,472.8,967.7,935.9,25,26,8,6,0,
3399.0,0,25,490.5,477.2,463.1,473.0,967.7,936.1,25,26,8,6,0,
3400.0,0,25,490.5,477.2,463.0,473.0,967.7,936.0,25,26,8,6,1,0
3401.0,0,25,490.5,477.2,463.2,472.4,967.7,935.6,25,26,8,6,0,
3402.0,0,25,490.5,477.2,463.8,472.5,967.7,936.2,25,26,8,6,0,
3403.0,0,25,490.5,477.2,463.8,473.4,967.7,937.2,25,26,8,6,0,
3404.0,0,25,490.5,477.2,463.8,473.1,967.7,936.9,25,26,8,6,0,
3405.0,0,25,490.5,477.2,463.8,473.1,967.7,936.9,25,26,8,6,1,0
3406.0,1,7,487.2,475.6,463.1,470.4,962.7,933.5,25,26,8,6,0,
3407.0,1,7,487.2,475.6,463.1,470.4,962.7,933.5,25,26,8,6,0,
3408.0,1,7,487.2,475.6,463.1,470.4,962.7,933.5,25,26,8,6,0,
3409.0,1,7,487.2,475.6,463.1,470.4,962.7,933.6,25,26,8,6,0,
3410.0,1,7,487.2,475.6,461.2,469.0,962.7,930.2,25,26,8,6,1,0
3411.0,0,25,490.5,477.2,463.5,473.0,967.7,936.5,25,26,8,6,0,
3412.0,0,25,490.5,477.2,463.5,473.0,967.7,936.5,25,26,8,6,0,
3413.0,0,25,490.5,477.2,463.5,473.0,967.7,936.5,25,26,8,6,0,
3414.0,0,25,490.5,477.2,463.5,473.0,967.7,936.5,25,26,8,6,0,
3415.0,0,25,490.5,477.2,463.8,473.0,967.7,936.8,25,26,8,6,1,0
3416.0,0,25,490.5,477.2,463.8,473.0,967.7,936.8,25,26,8,6,0,
3417.0,0,25,490.5,477.2,463.8,473.0,967.7,936.8,25,26,8,6,0,
3418.0,0,25,490.5,477.2,463.6,473.0,967.7,936.7,25,26,8,6,0,
3419.0,0,25,490.5,477.2,463.6,472.9,967.7,936.6,25,26,8,6,0,
3420.0,0,25,490.5,477.2,463.6,472.9,967.7,936.6,25,26,8,6,1,0
3421.0,0,25,490.5,477.2,463.6,472.9,967.7,936.6,25,26,8,6,0,
3422.0,0,25,490.5,477.2,463.6,472.9,967.7,936.6,25,26,8,6,0,
3423.0,0,25,490.5,477.2,463.6,472.9,967.7,936.6,25,26,8,6,0,
3424.0,0,25,490.5,477.2,463.6,472.9,967.7,936.6,25,26,8,6,0,
3425.0,0,25,490.5,477.2,463.0,472.7,967.7,935.8,25,26,8,6,1,0
3426.0,0,25,490.5,477.2,463.1,472.8,967.7,935.9,25,26,8,6,0,
3427.0,0,25,490.5,477.2,463.1,472.8,967.7,935.9,25,26,8,6,0,
3428.0,0,25,490.5,477.2,463.0,472.7,967.7,935.8,25,26,8,6,0,
3429.0,0,25,490.5,477.2,463.2,473.0,967.7,936.2,25,26,8,6,0,
3430.0,0,25,490.5,477.2,463.8,472.4,967.7,936.1,25,26,8,6,1,0
3431.0,0,25,490.5,477.2,463.8,472.5,967.7,936.3,25,26,8,6,0,
3432.0,0,25,490.5,477.2,463.8,473.4,967.7,937.2,25,26,8,6,0,
3433.0,0,25,490.5,477.2,463.8,473.1,967.7,936.9,25,26,8,6,0,
3434.0,0,25,490.5,477.2,463.6,473.1,967.7,936.7,25,26,8,6,0,
3435.0,0,25,490.5,477.2,463.6,472.9,967.7,936.6,25,26,8,6,1,0
3436.0,1,7,487.2,475.6,461.2,469.6,962.7,930.8,25,26,8,6,0,
3437.0,1,7,487.2,475.6,461.2,469.6,962.7,930.7,25,26,8,6,0,
3438.0,1,7,487.2,475.6,462.2,469.1,962.7,931.3,25,26,8,6,0,
3439.0,1,7,487.2,475.6,460.9,469.0,962.7,929.9,25,26,8,6,0,
3440.0,1,7,487.2,475.6,460.6,469.4,962.7,930.1,25,26,8,6,1,0
3441.0,0,25,490.5,477.2,463.8,473.0,967.7,936.9,25,26,8,6,0,
3442.0,0,25,490.5,477.2,463.8,473.0,967.7,936.8,25,26,8,6,0,
3443.0,0,25,490.5,477.2,463.8,473.0,967.7,936.8,25,26,8,6,0,
3444.0,0,25,490.5,477.2,463.8,473.0,967.7,936.8,25,26,8,6,0,
3445.0,0,25,490.5,477.2,463.6,473.1,967.7,936.7,25,26,8,6,1,0
3446.0,0,25,490.5,477.2,463.6,472.9,967.7,936.6,25,26,8,6,0,
3447.0,0,25,490.5,477.2,463.6,473.1,967.7,936.7,25,26,8,6,0,
3448.0,0,25,490.5,477.2,463.6,472.9,967.7,936.6,25,26,8,6,0,
3449.0,0,25,490.5,477.2,463.6,473.1,967.7,936.7,25,26,8,6,0,
3450.0,0,25,490.5,477.2,463.6,472.9,967.7,936.6,25,26,8,6,1,0
3451.0,0,25,490.5,477.2,463.6,472.9,967.7,936.6,25,26,8,6,0,
3452.0,0,25,490.5,477.2,463.1,472.8,967.7,935.9,25,26,8,6,0,
3453.0,0,25,490.5,477.2,463.1,472.8,967.7,935.9,25,26,8,6,0,
3454.0,0,25,490.5,477.2,463.1,472.8,967.7,935.9,25,26,8,6,0,
3455.0,0,25,490.5,477.2,463.0,472.7,967.7,935.8,25,26,8,6,1,0
3456.0,0,25,490.5,477.2,463.2,473.0,967.7,936.2,25,26,8,6,0,
3457.0,0,25,490.5,477.2,463.8,472.4,967.7,936.1,25,26,8,6,0,
3458.0,0,25,490.5,477.2,463.8,472.4,967.7,936.2,25,26,8,6,0,
3459.0,0,25,490.5,477.2,463.8,473.4,967.7,937.2,25,26,8,6,0,
3460.0,0,25,490.5,477.2,463.8,473.4,967.7,937.2,25,26,8,6,1,0
3461.0,0,25,490.5,477.2,463.6,473.1,967.7,936.7,25,26,8,6,0,
3462.0,0,25,490.5,477.2,463.8,472.9,967.7,936.7,25,26,8,6,0,
3463.0,0,25,490.5,477.2,463.8,473.0,967.7,936.8,25,26,8,6,0,
3464.0,0,25,490.5,477.2,463.8,473.0,967.7,936.8,25,26,8,6,0,
3465.0,0,25,490.5,477.0,447.3,473.0,967.5,920.3,25,25,9,6,1,0
3466.0,1,7,487.2,475.1,450.4,469.0,962.2,919.4,25,25,9,6,0,
3467.0,1,7,487.2,475.1,453.8,469.4,962.2,923.2,25,25,9,6,0,
3468.0,1,7,487.2,475.1,454.8,469.6,962.2,924.3,25,25,9,6,0,
3469.0,1,7,486.9,475.1,455.3,455.5,962.0,910.7,24,25,9,7,0,
3470.0,1,7,486.9,475.6,383.8,454.4,962.5,838.2,24,25,9,7,1,0
3471.0,0,25,490.5,477.2,433.9,460.4,967.7,894.3,24,25,9,7,0,
3472.0,0,25,490.5,477.2,460.7,461.7,967.7,922.4,24,25,9,7,0,
3473.0,0,25,490.5,477.2,460.7,461.7,967.7,922.4,24,25,9,7,0,
3474.0,0,25,490.5,477.2,460.7,461.7,967.7,922.4,24,25,9,7,0,
3475.0,0,25,490.5,477.2,460.7,461.7,967.7,922.4,24,25,9,7,1,0
3476.0,0,25,490.5,477.2,460.7,461.7,967.7,922.4,24,25,9,7,0,
3477.0,0,25,490.5,477.2,460.7,461.7,967.7,922.4,24,25,9,7,0,
3478.0,0,25,490.5,477.2,460.7,461.7,967.7,922.4,24,25,9,7,0,
3479.0,0,25,490.5,477.2,457.9,459.3,967.7,917.2,24,25,9,7,0,
3480.0,0,25,490.5,477.2,457.9,459.3,967.7,917.2,24,25,9,7,1,0
3481.0,0,25,490.5,477.2,457.9,459.3,967.7,917.2,24,25,9,7,0,
3482.0,0,25,490.5,477.2,457.2,459.5,967.7,916.8,24,25,9,7,0,
3483.0,0,25,490.5,477.2,459.1,459.5,967.7,918.6,24,25,9,7,0,
3484.0,0,25,490.5,477.2,465.7,459.5,967.7,925.2,24,25,9,7,0,
3485.0,0,25,490.5,477.2,467.2,459.5,967.7,926.7,24,25,9,7,1,0
3486.0,0,25,490.5,477.2,466.0,460.9,967.7,926.9,24,25,9,7,0,
3487.0,0,25,490.5,477.2,457.8,460.9,967.7,918.8,24,25,9,7,0,
3488.0,0,25,490.5,477.2,462.4,460.1,967.7,922.5,24,25,8,7,0,
3489.0,0,25,490.5,477.2,462.1,460.1,967.7,922.2,24,25,8,7,0,
3490.0,0,25,490.5,477.2,462.4,460.4,967.7,922.7,24,25,8,7,1,0
3491.0,0,25,490.5,477.2,462.4,460.4,967.7,922.7,24,25,8,7,0,
3492.0,0,25,490.5,477.2,462.4,460.2,967.7,922.5,24,25,8,7,0,
3493.0,0,25,490.5,477.2,463.8,460.1,967.7,923.9,24,25,8,7,0,
3494.0,0,25,490.5,477.2,463.8,460.1,967.7,923.9,24,25,8,7,0,
3495.0,0,25,490.5,477.2,463.8,460.1,967.7,923.9,24,25,8,7,1,0
3496.0,1,7,487.2,475.6,414.5,447.0,962.7,861.4,24,25,9,6,0,
3497.0,1,7,487.2,475.6,446.4,421.3,962.7,867.8,24,25,9,5,0,
3498.0,1,7,487.2,475.6,460.2,421.3,962.7,881.5,24,25,9,5,0,
3499.0,1,7,487.2,475.6,459.4,421.3,962.7,880.7,24,25,9,5,0,
3500.0,1,7,487.2,475.6,465.6,421.3,962.7,886.9,24,25,9,5,1,0
3501.0,0,25,490.5,477.2,421.8,423.7,967.7,845.5,24,25,9,5,0,
3502.0,0,25,490.5,477.2,443.0,425.4,967.7,868.3,24,25,9,5,0,
3503.0,0,25,490.5,477.2,464.7,425.4,967.7,890.0,24,25,9,5,0,
3504.0,0,25,490.5,477.2,464.7,425.4,967.7,890.0,24,25,9,5,0,
3505.0,0,25,490.5,477.2,464.7,425.4,967.7,890.0,24,25,9,5,1,0
3506.0,0,25,490.5,477.2,464.7,425.2,967.7,889.9,24,25,9,5,0,
3507.0,0,25,490.5,477.2,464.7,425.2,967.7,889.9,24,25,9,5,0,
3508.0,0,25,490.5,477.2,464.7,425.2,967.7,889.9,24,25,9,5,0,
3509.0,0,25,490.5,477.2,460.0,425.4,967.7,885.4,24,25,9,5,0,
3510.0,0,25,490.5,477.2,462.4,425.4,967.7,887.9,24,25,9,5,1,0
3511.0,0,25,490.5,477.2,464.6,424.8,967.7,889.4,24,25,9,5,0,
3512.0,0,25,490.5,477.2,464.6,424.8,967.7,889.4,24,25,9,5,0,
3513.0,0,25,490.5,477.2,464.6,473.4,967.7,937.9,24,25,9,6,0,
3514.0,0,25,490.5,477.2,464.7,473.4,967.7,938.0,24,25,9,6,0,
3515.0,0,25,490.5,477.2,462.7,473.1,967.7,935.8,24,25,9,6,1,0
3516.0,0,25,490.5,477.2,461.7,473.0,967.7,934.7,24,25,9,6,0,
3517.0,0,25,490.5,477.2,462.7,473.0,967.7,935.7,24,25,9,6,0,
3518.0,0,25,490.5,477.2,461.7,473.0,967.7,934.7,24,25,9,6,0,
3519.0,0,25,490.5,477.2,462.7,473.0,967.7,935.7,24,25,9,6,0,
3520.0,0,25,490.5,477.2,464.0,473.0,967.7,937.0,24,25,9,6,1,0
3521.0,0,25,490.5,477.2,466.1,473.0,967.7,939.1,24,25,9,6,0,
3522.0,0,25,490.5,477.2,467.3,473.0,967.7,940.3,24,25,9,6,0,
3523.0,0,25,490.5,477.2,465.3,473.0,967.7,938.3,24,25,9,6,0,
3524.0,0,25,490.5,477.2,461.9,473.0,967.7,934.9,24,25,8,6,0,
3525.0,0,25,490.7,477.2,461.9,472.9,968.0,934.8,25,25,8,6,1,0
3526.0,1,7,487.4,475.6,461.1,470.4,963.0,931.5,25,25,8,6,0,
3527.0,1,7,487.4,475.6,461.1,470.4,963.0,931.5,25,25,8,6,0,
3528.0,1,7,487.4,475.6,461.1,470.6,963.0,931.7,25,25,8,6,0,
3529.0,1,7,487.4,475.6,462.4,470.4,963.0,932.8,25,25,8,6,0,
3530.0,1,7,487.2,475.6,462.4,470.4,962.7,932.8,25,25,8,6,1,0
3531.0,0,25,490.5,477.2,463.6,472.9,967.7,936.6,25,25,8,6,0,
3532.0,0,25,490.5,477.2,463.6,472.9,967.7,936.6,25,25,8,6,0,
3533.0,0,25,490.5,477.2,463.1,472.8,967.7,935.9,25,25,8,6,0,
3534.0,0,25,490.5,477.2,463.1,472.8,967.7,935.9,25,25,8,6,0,
3535.0,0,25,490.5,477.2,463.1,472.7,967.7,935.8,25,25,8,6,1,0
3536.0,0,25,490.5,477.2,463.2,473.0,967.7,936.2,25,25,8,6,0,
3537.0,0,25,490.5,477.2,463.5,473.0,967.7,936.5,25,25,8,6,0,
3538.0,0,25,490.5,477.2,463.8,472.4,967.7,936.1,25,25,8,6,0,
3539.0,0,25,490.5,477.2,463.8,472.5,967.7,936.3,25,25,8,6,0,
3540.0,0,25,490.5,477.2,463.8,473.4,967.7,937.2,25,25,8,6,1,0
3541.0,0,25,490.5,477.2,463.8,473.1,967.7,936.9,25,25,8,6,0,
3542.0,0,25,490.5,477.2,463.8,473.0,967.7,936.8,25,25,8,6,0,
3543.0,0,25,490.5,477.2,463.8,473.0,967.7,936.8,25,25,8,6,0,
3544.0,0,25,490.5,477.2,463.8,473.0,967.7,936.8,25,25,8,6,0,
3545.0,0,25,490.5,477.2,463.8,473.0,967.7,936.8,25,26,8,6,1,0
3546.0,0,25,490.5,477.2,463.8,473.0,967.7,936.8,25,26,8,6,0,
3547.0,0,25,490.5,477.2,453.4,412.5,967.7,865.9,24,25,9,7,0,
3548.0,0,25,490.5,477.2,457.0,441.3,967.7,898.3,24,25,9,7,0,
3549.0,0,25,490.5,477.2,443.9,441.3,967.7,885.2,24,25,9,7,0,
3550.0,0,25,490.5,477.0,461.2,441.5,967.5,902.7,24,25,9,7,1,0
3551.0,0,25,490.5,477.0,464.8,441.3,967.5,906.1,24,25,9,7,0,
3552.0,0,25,490.5,477.2,415.5,436.7,967.7,852.2,24,25,9,7,0,
3553.0,0,25,490.5,477.2,434.9,441.3,967.7,876.2,24,25,9,7,0,
3554.0,0,25,490.5,477.2,464.5,441.3,967.7,905.8,24,25,9,7,0,
3555.0,0,25,490.5,477.2,462.3,441.3,967.7,903.6,24,25,9,7,1,0
3556.0,1,7,487.2,475.6,460.9,437.8,962.7,898.7,24,25,9,7,0,
3557.0,1,7,487.2,475.6,464.6,413.3,962.7,877.9,24,25,9,7,0,
3558.0,1,7,487.2,475.6,460.9,437.8,962.7,898.7,24,25,9,7,0,
3559.0,1,7,487.2,475.6,460.9,437.8,962.7,898.7,24,25,9,7,0,
3560.0,1,7,487.2,475.6,460.9,434.7,962.7,895.6,24,25,9,7,1,0
3561.0,0,25,490.5,477.2,462.3,439.9,967.7,902.2,24,25,9,7,0,
3562.0,0,25,490.5,477.2,462.3,439.9,967.7,902.2,24,25,9,7,0,
3563.0,0,25,490.5,477.2,464.7,440.2,967.7,904.8,24,25,9,7,0,
3564.0,0,25,490.5,477.2,462.3,459.5,967.7,921.8,24,25,9,7,0,
3565.0,0,25,490.5,477.2,459.7,459.5,967.7,919.2,24,25,9,7,1,0
3566.0,0,25,490.5,477.2,462.4,472.6,967.7,935.0,24,25,9,7,0,
3567.0,0,25,490.5,477.2,462.1,477.5,967.7,939.6,24,25,9,7,0,
3568.0,0,25,490.5,477.2,462.5,470.7,967.7,933.2,24,25,9,6,0,
3569.0,0,25,490.5,477.2,463.6,471.7,967.7,935.3,24,25,9,6,0,
3570.0,0,25,490.5,477.2,464.5,471.8,967.7,936.3,24,25,9,6,1,0
3571.0,0,25,490.5,477.2,465.7,471.7,967.7,937.4,24,25,9,6,0,
3572.0,0,25,490.5,477.2,463.6,471.7,967.7,935.3,24,25,9,6,0,
3573.0,0,25,490.5,477.2,462.7,473.0,967.7,935.7,24,25,9,6,0,
3574.0,0,25,490.5,477.2,462.3,404.4,967.7,866.6,24,25,9,6,0,
3575.0,0,25,490.5,477.2,462.0,407.6,967.7,869.6,24,25,8,6,1,0
3576.0,0,25,490.5,477.2,462.0,408.2,967.7,870.2,24,25,8,6,0,
3577.0,0,25,490.5,477.2,461.9,412.2,967.7,874.1,24,25,8,6,0,
3578.0,0,25,490.5,477.2,461.9,412.2,967.7,874.1,24,25,8,6,0,
3579.0,0,25,490.5,477.2,461.9,412.1,967.7,873.9,24,25,8,6,0,
3580.0,0,25,490.5,477.2,463.6,412.2,967.7,875.9,24,25,8,6,1,0
3581.0,0,25,490.5,477.2,463.6,412.2,967.7,875.9,24,25,8,6,0,
3582.0,0,25,490.5,477.2,463.6,412.2,967.7,875.9,24,25,8,6,0,
3583.0,0,25,490.5,477.2,463.6,412.2,967.7,875.9,24,25,8,6,0,
3584.0,0,25,490.5,477.2,463.6,412.2,967.7,875.9,24,25,8,6,0,
3585.0,0,25,490.5,477.2,463.6,408.2,967.7,871.9,24,25,8,6,1,0
3586.0,1,7,487.2,475.6,462.4,408.7,962.7,871.0,24,25,8,6,0,
3587.0,1,7,487.2,475.6,462.4,433.2,962.7,895.6,24,25,8,6,0,
3588.0,1,7,487.2,475.6,462.4,399.4,962.7,861.8,24,25,8,6,0,
3589.0,1,7,487.2,475.6,462.4,403.4,962.7,865.8,24,25,8,6,0,
3590.0,1,7,487.2,475.6,462.4,399.4,962.7,861.8,24,25,8,6,1,0
3591.0,0,25,490.5,477.2,463.2,440.2,967.7,903.4,24,25,8,7,0,
3592.0,0,25,490.5,477.2,463.5,459.5,967.7,923.0,24,25,8,7,0,
3593.0,0,25,490.5,477.2,463.5,459.5,967.7,923.0,24,25,8,7,0,
3594.0,0,25,490.5,477.2,463.5,472.3,967.7,935.8,24,25,8,7,0,
3595.0,0,25,490.5,477.2,462.6,472.9,967.7,935.5,24,25,8,7,1,0
3596.0,0,25,490.5,477.2,463.0,476.6,967.7,939.6,24,25,8,7,0,
3597.0,0,25,490.5,477.2,463.0,471.7,967.7,934.8,24,25,8,6,0,
3598.0,0,25,490.5,477.2,463.0,471.7,967.7,934.8,24,25,8,6,0,
3599.0,0,25,490.5,477.2,463.0,471.7,967.7,934.8,24,25,8,6,0,
3600.0,0,25,490.5,477.2,463.0,470.7,967.7,933.7,24,25,8,6,1,0
3601.0,0,25,490.5,477.2,463.0,470.7,967.7,933.7,24,25,8,6,0,
