timestamp,approach_edge,camera_range_m,visible_vehicle_count,visible_mean_speed_mps,visible_queue_count,visible_queue_length_m,queue_reaches_camera_edge,probe_count,probe_mean_speed_mps,probe_min_distance_to_stopline_m,probe_max_distance_to_stopline_m,scenario_id,split,design_method,gps_penetration_rate_requested
0,1i,150.0,0,0.0,0,0.0,False,0,,,,scenario_normal_balanced,train,development,0.11
5,1i,150.0,0,0.0,0,0.0,False,2,24.935,378.1,384.92,scenario_normal_balanced,train,development,0.11
10,1i,150.0,0,0.0,0,0.0,False,2,26.3316,242.68,262.97,scenario_normal_balanced,train,development,0.11
15,1i,150.0,3,25.0237,0,0.0,False,2,25.2267,109.46,143.75,scenario_normal_balanced,train,development,0.11
20,1i,150.0,3,15.0493,0,0.0,False,2,14.0816,19.21,38.14,scenario_normal_balanced,train,development,0.11
25,1i,150.0,3,1.1476,1,1.0,False,2,0.7289,1.0,1.0,scenario_normal_balanced,train,development,0.11
30,1i,150.0,3,0.0,3,1.0,False,3,8.8764,1.0,456.67,scenario_normal_balanced,train,development,0.11
35,1i,150.0,3,0.0,3,1.0,False,3,9.0424,1.0,320.88,scenario_normal_balanced,train,development,0.11
40,1i,150.0,3,0.0,3,1.0,False,3,8.9842,1.0,188.19,scenario_normal_balanced,train,development,0.11
45,1i,150.0,6,9.7554,3,1.0,False,3,6.4078,1.0,68.63,scenario_normal_balanced,train,development,0.11
50,1i,150.0,3,6.4892,1,1.0,False,2,3.1759,1.0,10.74,scenario_normal_balanced,train,development,0.11
55,1i,150.0,2,0.0474,2,5.0,False,3,6.3463,1.0,454.32,scenario_normal_balanced,train,development,0.11
60,1i,150.0,2,0.0,2,5.0,False,3,6.3529,1.0,358.91,scenario_normal_balanced,train,development,0.11
65,1i,150.0,2,0.0,2,5.0,False,3,6.3734,1.0,263.35,scenario_normal_balanced,train,development,0.11
70,1i,150.0,3,7.7678,2,5.0,False,3,6.4467,1.0,167.75,scenario_normal_balanced,train,development,0.11
75,1i,150.0,5,10.3478,2,5.0,False,3,6.0428,1.0,73.23,scenario_normal_balanced,train,development,0.11
80,1i,150.0,3,8.1247,0,0.0,False,1,7.7343,7.47,7.47,scenario_normal_balanced,train,development,0.11
85,1i,150.0,2,0.0,1,1.0,False,1,0.0,1.0,1.0,scenario_normal_balanced,train,development,0.11
90,1i,150.0,2,0.0,2,1.0,False,1,0.0,1.0,1.0,scenario_normal_balanced,train,development,0.11
95,1i,150.0,3,8.0814,2,1.0,False,1,0.0,1.0,1.0,scenario_normal_balanced,train,development,0.11
100,1i,150.0,4,7.9368,2,1.0,False,1,0.0,1.0,1.0,scenario_normal_balanced,train,development,0.11
105,1i,150.0,5,5.2986,2,1.0,False,1,0.0,1.0,1.0,scenario_normal_balanced,train,development,0.11
110,1i,150.0,5,1.2012,4,15.04,False,1,0.0,1.0,1.0,scenario_normal_balanced,train,development,0.11
115,1i,150.0,5,0.0,5,15.04,False,1,0.0,1.0,1.0,scenario_normal_balanced,train,development,0.11
120,1i,150.0,5,0.0,5,15.04,False,1,0.0,1.0,1.0,scenario_normal_balanced,train,development,0.11
125,1i,150.0,8,7.9333,5,15.04,False,1,0.0,1.0,1.0,scenario_normal_balanced,train,development,0.11
130,1i,150.0,8,3.5515,5,15.04,False,1,0.0,1.0,1.0,scenario_normal_balanced,train,development,0.11
135,1i,150.0,8,0.2748,6,22.04,False,1,0.0,1.0,1.0,scenario_normal_balanced,train,development,0.11
140,1i,150.0,4,1.0568,2,13.71,False,1,24.2685,432.68,432.68,scenario_normal_balanced,train,development,0.11
145,1i,150.0,2,0.0,2,13.71,False,1,24.8948,312.98,312.98,scenario_normal_balanced,train,development,0.11
150,1i,150.0,3,7.304,2,13.71,False,1,23.4006,192.32,192.32,scenario_normal_balanced,train,development,0.11
155,1i,150.0,4,10.2618,2,13.71,False,1,21.8848,73.81,73.81,scenario_normal_balanced,train,development,0.11
160,1i,150.0,4,5.4732,2,13.71,False,1,10.4066,0.58,0.58,scenario_normal_balanced,train,development,0.11
165,1i,150.0,3,2.3621,2,13.71,False,1,27.77,483.3,483.3,scenario_normal_balanced,train,development,0.11
170,1i,150.0,2,2.3968,0,0.0,False,1,26.7215,350.09,350.09,scenario_normal_balanced,train,development,0.11
175,1i,150.0,2,13.2261,0,0.0,False,1,27.145,214.31,214.31,scenario_normal_balanced,train,development,0.11
180,1i,150.0,4,13.4864,1,1.0,False,1,20.8759,89.87,89.87,scenario_normal_balanced,train,development,0.11
185,1i,150.0,4,4.1985,2,1.0,False,1,7.6219,24.16,24.16,scenario_normal_balanced,train,development,0.11
190,1i,150.0,4,0.0466,4,15.05,False,1,0.0616,15.05,15.05,scenario_normal_balanced,train,development,0.11
195,1i,150.0,4,0.0,4,15.04,False,2,13.4943,15.04,402.6,scenario_normal_balanced,train,development,0.11
200,1i,150.0,5,5.2135,4,15.04,False,2,13.8433,15.04,267.52,scenario_normal_balanced,train,development,0.11
205,1i,150.0,7,9.6021,4,15.04,False,2,13.0945,15.04,132.75,scenario_normal_balanced,train,development,0.11
210,1i,150.0,7,3.9814,4,15.04,False,2,6.9088,15.04,37.09,scenario_normal_balanced,train,development,0.11
215,1i,150.0,7,0.1783,5,15.04,False,3,6.8298,5.62,436.95,scenario_normal_balanced,train,development,0.11
220,1i,150.0,7,0.0004,7,19.04,False,3,6.0778,5.0,342.43,scenario_normal_balanced,train,development,0.11
225,1i,150.0,7,0.0,7,19.04,False,3,6.2483,5.0,248.65,scenario_normal_balanced,train,development,0.11
230,1i,150.0,3,0.0,3,19.04,False,2,9.6093,15.04,153.62,scenario_normal_balanced,train,development,0.11
235,1i,150.0,6,9.8289,3,19.04,False,2,8.5215,15.04,65.65,scenario_normal_balanced,train,development,0.11
240,1i,150.0,5,4.5673,3,19.04,False,1,0.0,15.04,15.04,scenario_normal_balanced,train,development,0.11
245,1i,150.0,4,0.0047,4,23.05,False,1,0.0,15.04,15.04,scenario_normal_balanced,train,development,0.11
250,1i,150.0,4,0.0,4,23.04,False,1,0.0,15.04,15.04,scenario_normal_balanced,train,development,0.11
255,1i,150.0,5,4.7395,4,23.04,False,1,0.0,15.04,15.04,scenario_normal_balanced,train,development,0.11
260,1i,150.0,4,3.9807,3,23.04,False,1,0.9385,13.34,13.34,scenario_normal_balanced,train,development,0.11
265,1i,150.0,6,6.8361,0,0.0,False,1,0.8635,1.47,1.47,scenario_normal_balanced,train,development,0.11
270,1i,150.0,6,1.7865,4,9.04,False,1,0.0,1.0,1.0,scenario_normal_balanced,train,development,0.11
275,1i,150.0,6,0.0172,6,13.01,False,1,0.0,1.0,1.0,scenario_normal_balanced,train,development,0.11
280,1i,150.0,7,3.3833,6,13.0,False,1,0.0,1.0,1.0,scenario_normal_balanced,train,development,0.11
285,1i,150.0,7,1.6448,6,13.0,False,1,0.0,1.0,1.0,scenario_normal_balanced,train,development,0.11
290,1i,150.0,9,4.2086,6,13.0,False,1,0.0,1.0,1.0,scenario_normal_balanced,train,development,0.11
295,1i,150.0,9,1.1468,7,13.0,False,1,0.0,1.0,1.0,scenario_normal_balanced,train,development,0.11
300,1i,150.0,9,0.0022,9,20.01,False,1,0.0,1.0,1.0,scenario_normal_balanced,train,development,0.11
305,1i,150.0,9,0.0,9,20.01,False,2,12.417,1.0,406.34,scenario_normal_balanced,train,development,0.11
310,1i,150.0,10,1.8663,9,20.01,False,2,11.7098,1.0,286.9,scenario_normal_balanced,train,development,0.11
315,1i,150.0,10,0.7288,9,20.01,False,2,12.2715,1.0,165.38,scenario_normal_balanced,train,development,0.11
320,1i,150.0,7,4.8657,5,20.01,False,2,7.8416,1.0,63.48,scenario_normal_balanced,train,development,0.11
325,1i,150.0,6,0.332,5,20.01,False,2,0.9961,1.0,26.44,scenario_normal_balanced,train,development,0.11
330,1i,150.0,6,0.0003,6,24.01,False,2,0.0009,1.0,24.01,scenario_normal_balanced,train,development,0.11
335,1i,150.0,6,0.0,6,24.01,False,2,0.0,1.0,24.01,scenario_normal_balanced,train,development,0.11
340,1i,150.0,7,2.4737,6,24.01,False,2,0.0,1.0,24.01,scenario_normal_balanced,train,development,0.11
345,1i,150.0,9,5.91,6,24.01,False,2,0.0,1.0,24.01,scenario_normal_balanced,train,development,0.11
350,1i,150.0,7,3.0214,4,24.01,False,1,0.0,24.01,24.01,scenario_normal_balanced,train,development,0.11
355,1i,150.0,5,2.4043,2,1.0,False,1,4.1683,16.62,16.62,scenario_normal_balanced,train,development,0.11
360,1i,150.0,6,4.221,4,5.03,False,2,13.607,5.03,374.66,scenario_normal_balanced,train,development,0.11
365,1i,150.0,6,1.8089,5,12.0,False,2,13.6365,5.0,240.17,scenario_normal_balanced,train,development,0.11
370,1i,150.0,7,3.454,5,12.0,False,2,11.9919,5.0,109.17,scenario_normal_balanced,train,development,0.11
375,1i,150.0,8,3.6321,6,13.71,False,2,5.9198,5.0,28.94,scenario_normal_balanced,train,development,0.11
380,1i,150.0,8,1.3897,6,13.71,False,2,0.1761,5.0,8.01,scenario_normal_balanced,train,development,0.11
385,1i,150.0,8,0.4082,7,13.71,False,2,0.0,5.0,8.0,scenario_normal_balanced,train,development,0.11
390,1i,150.0,9,2.0423,8,19.01,False,2,0.0,5.0,8.0,scenario_normal_balanced,train,development,0.11
395,1i,150.0,9,1.3581,8,19.0,False,2,0.0,5.0,8.0,scenario_normal_balanced,train,development,0.11
400,1i,150.0,10,1.8972,8,19.0,False,2,0.0,5.0,8.0,scenario_normal_balanced,train,development,0.11
405,1i,150.0,11,1.1301,9,19.0,False,2,0.0,5.0,8.0,scenario_normal_balanced,train,development,0.11
410,1i,150.0,7,1.999,5,31.72,False,1,0.0,5.0,5.0,scenario_normal_balanced,train,development,0.11
415,1i,150.0,6,2.8484,5,31.72,False,1,0.0,5.0,5.0,scenario_normal_balanced,train,development,0.11
420,1i,150.0,5,0.0,5,31.72,False,1,0.0,5.0,5.0,scenario_normal_balanced,train,development,0.11
425,1i,150.0,7,6.8963,5,31.72,False,1,0.0,5.0,5.0,scenario_normal_balanced,train,development,0.11
430,1i,150.0,7,3.1143,5,31.72,False,1,0.0,5.0,5.0,scenario_normal_balanced,train,development,0.11
435,1i,150.0,6,0.0023,6,35.72,False,1,0.0,5.0,5.0,scenario_normal_balanced,train,development,0.11
440,1i,150.0,5,4.7367,4,35.72,False,1,26.0357,430.99,430.99,scenario_normal_balanced,train,development,0.11
445,1i,150.0,4,6.3177,0,0.0,False,1,26.1661,296.79,296.79,scenario_normal_balanced,train,development,0.11
450,1i,150.0,4,0.808,2,13.74,False,1,26.9288,162.16,162.16,scenario_normal_balanced,train,development,0.11
455,1i,150.0,6,5.3047,4,17.71,False,1,14.9504,61.95,61.95,scenario_normal_balanced,train,development,0.11
460,1i,150.0,6,1.374,4,17.71,False,1,2.8776,22.51,22.51,scenario_normal_balanced,train,development,0.11
465,1i,150.0,7,3.7652,6,21.71,False,1,0.0078,21.71,21.71,scenario_normal_balanced,train,development,0.11
470,1i,150.0,7,2.1649,6,21.71,False,1,0.0,21.71,21.71,scenario_normal_balanced,train,development,0.11
475,1i,150.0,7,0.3864,6,21.71,False,1,0.0,21.71,21.71,scenario_normal_balanced,train,development,0.11
480,1i,150.0,8,2.5354,7,21.71,False,1,0.0,21.71,21.71,scenario_normal_balanced,train,development,0.11
485,1i,150.0,9,2.5882,7,21.71,False,1,0.0,21.71,21.71,scenario_normal_balanced,train,development,0.11
490,1i,150.0,9,1.1426,8,25.72,False,1,0.0,21.71,21.71,scenario_normal_balanced,train,development,0.11
495,1i,150.0,10,2.0833,8,25.72,False,2,13.643,21.71,403.12,scenario_normal_balanced,train,development,0.11
500,1i,150.0,6,1.9807,5,25.72,False,2,13.6265,21.71,267.79,scenario_normal_balanced,train,development,0.11
505,1i,150.0,6,4.5214,5,25.72,False,2,13.5641,21.71,132.09,scenario_normal_balanced,train,development,0.11
510,1i,150.0,7,4.9015,5,25.72,False,2,8.1667,21.71,24.89,scenario_normal_balanced,train,development,0.11
515,1i,150.0,6,1.8485,5,25.72,False,1,0.0,21.71,21.71,scenario_normal_balanced,train,development,0.11
520,1i,150.0,6,0.7088,5,25.72,False,1,0.0,21.71,21.71,scenario_normal_balanced,train,development,0.11
525,1i,150.0,7,2.378,6,29.73,False,1,0.0,21.71,21.71,scenario_normal_balanced,train,development,0.11
530,1i,150.0,6,2.5072,3,29.72,False,1,0.0,21.71,21.71,scenario_normal_balanced,train,development,0.11
535,1i,150.0,7,7.1783,1,1.0,False,1,4.2634,6.81,6.81,scenario_normal_balanced,train,development,0.11
540,1i,150.0,7,2.8648,4,9.06,False,1,0.0194,5.01,5.01,scenario_normal_balanced,train,development,0.11
545,1i,150.0,8,2.8485,7,25.74,False,1,0.0,5.0,5.0,scenario_normal_balanced,train,development,0.11
550,1i,150.0,8,1.3303,7,25.72,False,2,13.6924,5.0,400.94,scenario_normal_balanced,train,development,0.11
555,1i,150.0,8,0.0192,7,25.72,False,2,13.7419,5.0,264.43,scenario_normal_balanced,train,development,0.11
560,1i,150.0,9,2.9418,8,25.72,False,2,13.2381,5.0,131.33,scenario_normal_balanced,train,development,0.11
565,1i,150.0,10,3.0478,8,25.72,False,2,7.4399,5.0,38.54,scenario_normal_balanced,train,development,0.11
570,1i,150.0,11,2.5269,8,25.72,False,2,0.5149,5.0,5.6,scenario_normal_balanced,train,development,0.11
575,1i,150.0,11,1.2224,10,29.72,False,2,0.0001,5.0,5.0,scenario_normal_balanced,train,development,0.11
580,1i,150.0,11,0.0453,10,29.72,False,2,0.0,5.0,5.0,scenario_normal_balanced,train,development,0.11
585,1i,150.0,11,0.0001,11,29.72,False,2,0.0,5.0,5.0,scenario_normal_balanced,train,development,0.11
590,1i,150.0,9,2.2866,6,29.72,False,1,0.0,5.0,5.0,scenario_normal_balanced,train,development,0.11
595,1i,150.0,8,2.1977,6,29.72,False,1,0.0,5.0,5.0,scenario_normal_balanced,train,development,0.11
600,1i,150.0,9,3.3388,7,36.72,False,1,0.0,5.0,5.0,scenario_normal_balanced,train,development,0.11
605,1i,150.0,8,2.1381,7,36.72,False,1,0.0,5.0,5.0,scenario_normal_balanced,train,development,0.11
610,1i,150.0,7,0.0,7,36.72,False,1,0.0,5.0,5.0,scenario_normal_balanced,train,development,0.11
615,1i,150.0,8,3.0278,7,36.72,False,1,0.0,5.0,5.0,scenario_normal_balanced,train,development,0.11
620,1i,150.0,7,4.4908,4,36.72,False,0,,,,scenario_normal_balanced,train,development,0.11
625,1i,150.0,7,4.7634,1,40.13,False,0,,,,scenario_normal_balanced,train,development,0.11
630,1i,150.0,7,2.2319,4,17.72,False,0,,,,scenario_normal_balanced,train,development,0.11
635,1i,150.0,7,0.1392,6,28.74,False,0,,,,scenario_normal_balanced,train,development,0.11
640,1i,150.0,7,0.0,7,28.72,False,0,,,,scenario_normal_balanced,train,development,0.11
645,1i,150.0,8,2.3205,7,28.72,False,0,,,,scenario_normal_balanced,train,development,0.11
650,1i,150.0,9,1.9727,7,28.72,False,0,,,,scenario_normal_balanced,train,development,0.11
655,1i,150.0,10,2.3403,8,28.72,False,0,,,,scenario_normal_balanced,train,development,0.11
660,1i,150.0,10,1.4446,8,28.72,False,0,,,,scenario_normal_balanced,train,development,0.11
665,1i,150.0,10,0.7106,9,32.72,False,0,,,,scenario_normal_balanced,train,development,0.11
670,1i,150.0,11,2.3868,9,32.72,False,0,,,,scenario_normal_balanced,train,development,0.11
675,1i,150.0,12,2.2682,10,32.72,False,0,,,,scenario_normal_balanced,train,development,0.11
680,1i,150.0,9,3.4706,6,32.72,False,0,,,,scenario_normal_balanced,train,development,0.11
685,1i,150.0,8,1.9148,6,32.72,False,1,27.1273,428.45,428.45,scenario_normal_balanced,train,development,0.11
690,1i,150.0,7,0.0,7,46.76,False,1,26.4476,293.31,293.31,scenario_normal_balanced,train,development,0.11
695,1i,150.0,7,0.0,7,46.76,False,1,26.9768,159.97,159.97,scenario_normal_balanced,train,development,0.11
700,1i,150.0,9,3.6052,7,46.76,False,1,17.9045,46.12,46.12,scenario_normal_balanced,train,development,0.11
705,1i,150.0,10,2.0958,7,46.76,False,1,3.0199,1.02,1.02,scenario_normal_balanced,train,development,0.11
710,1i,150.0,9,1.9081,6,59.47,False,1,0.0,1.0,1.0,scenario_normal_balanced,train,development,0.11
715,1i,150.0,7,2.1052,3,59.04,False,1,0.0,1.0,1.0,scenario_normal_balanced,train,development,0.11
720,1i,150.0,7,1.2212,3,1.0,False,1,0.0,1.0,1.0,scenario_normal_balanced,train,development,0.11
725,1i,150.0,8,3.2892,5,9.15,False,1,0.0,1.0,1.0,scenario_normal_balanced,train,development,0.11
730,1i,150.0,9,3.2312,7,35.77,False,1,0.0,1.0,1.0,scenario_normal_balanced,train,development,0.11
735,1i,150.0,10,2.7064,7,35.76,False,1,0.0,1.0,1.0,scenario_normal_balanced,train,development,0.11
740,1i,150.0,10,1.6495,8,35.76,False,1,0.0,1.0,1.0,scenario_normal_balanced,train,development,0.11
745,1i,150.0,10,0.5392,9,42.89,False,2,13.1533,1.0,430.65,scenario_normal_balanced,train,development,0.11
750,1i,150.0,10,0.0084,10,42.76,False,2,13.4999,1.0,297.27,scenario_normal_balanced,train,development,0.11
755,1i,150.0,12,2.8733,10,42.76,False,2,12.3559,1.0,164.4,scenario_normal_balanced,train,development,0.11
760,1i,150.0,13,1.9489,10,42.76,False,2,8.3894,1.0,69.79,scenario_normal_balanced,train,development,0.11
765,1i,150.0,13,0.423,12,56.8,False,2,2.7492,1.0,20.99,scenario_normal_balanced,train,development,0.11
770,1i,150.0,9,0.959,7,56.8,False,1,4.3424,9.59,9.59,scenario_normal_balanced,train,development,0.11
775,1i,150.0,7,0.0,7,56.8,False,0,,,,scenario_normal_balanced,train,development,0.11
780,1i,150.0,9,4.5107,7,56.8,False,0,,,,scenario_normal_balanced,train,development,0.11
785,1i,150.0,9,1.5482,7,56.8,False,0,,,,scenario_normal_balanced,train,development,0.11
790,1i,150.0,9,2.0038,8,63.8,False,0,,,,scenario_normal_balanced,train,development,0.11
795,1i,150.0,9,1.1287,8,63.8,False,0,,,,scenario_normal_balanced,train,development,0.11
800,1i,150.0,7,0.1485,6,63.8,False,1,26.1575,376.49,376.49,scenario_normal_balanced,train,development,0.11
805,1i,150.0,8,7.3144,2,63.55,False,1,26.7644,244.54,244.54,scenario_normal_balanced,train,development,0.11
810,1i,150.0,9,5.532,2,1.0,False,1,19.0201,126.25,126.25,scenario_normal_balanced,train,development,0.11
815,1i,150.0,9,2.4108,4,20.72,False,1,14.4712,45.07,45.07,scenario_normal_balanced,train,development,0.11
820,1i,150.0,9,0.1036,8,45.78,False,1,0.9043,14.28,14.28,scenario_normal_balanced,train,development,0.11
825,1i,150.0,9,0.0002,9,45.76,False,1,0.0014,13.71,13.71,scenario_normal_balanced,train,development,0.11
830,1i,150.0,9,0.0,9,45.76,False,1,0.0,13.71,13.71,scenario_normal_balanced,train,development,0.11
835,1i,150.0,10,2.1326,9,45.76,False,1,0.0,13.71,13.71,scenario_normal_balanced,train,development,0.11
840,1i,150.0,12,3.1074,9,45.76,False,1,0.0,13.71,13.71,scenario_normal_balanced,train,development,0.11
845,1i,150.0,12,1.842,10,45.76,False,1,0.0,13.71,13.71,scenario_normal_balanced,train,development,0.11
850,1i,150.0,12,0.3894,10,45.76,False,2,13.5244,13.71,456.25,scenario_normal_balanced,train,development,0.11
855,1i,150.0,12,0.0016,12,49.76,False,2,12.4543,13.71,328.78,scenario_normal_balanced,train,development,0.11
860,1i,150.0,8,0.6293,7,49.76,False,1,24.7433,205.24,205.24,scenario_normal_balanced,train,development,0.11
865,1i,150.0,10,4.6688,7,49.76,False,1,14.9995,104.7,104.7,scenario_normal_balanced,train,development,0.11
870,1i,150.0,9,2.0763,7,49.76,False,1,18.5899,18.47,18.47,scenario_normal_balanced,train,development,0.11
875,1i,150.0,8,0.0,8,63.8,False,0,,,,scenario_normal_balanced,train,development,0.11
880,1i,150.0,8,0.0,8,63.8,False,0,,,,scenario_normal_balanced,train,development,0.11
885,1i,150.0,8,0.0,8,63.8,False,0,,,,scenario_normal_balanced,train,development,0.11
890,1i,150.0,8,3.5739,6,63.8,False,0,,,,scenario_normal_balanced,train,development,0.11
895,1i,150.0,9,5.759,2,63.68,False,0,,,,scenario_normal_balanced,train,development,0.11
900,1i,150.0,9,2.8669,3,15.22,False,0,,,,scenario_normal_balanced,train,development,0.11
905,1i,150.0,9,0.8234,5,26.19,False,1,27.0094,402.24,402.24,scenario_normal_balanced,train,development,0.11
910,1i,150.0,9,0.078,9,51.41,False,1,26.4387,269.07,269.07,scenario_normal_balanced,train,development,0.11
915,1i,150.0,11,4.0166,9,51.09,False,1,22.1184,140.44,140.44,scenario_normal_balanced,train,development,0.11
920,1i,150.0,12,3.5053,9,51.09,False,1,17.0426,53.26,53.26,scenario_normal_balanced,train,development,0.11
925,1i,150.0,12,0.8273,10,63.8,False,1,3.6361,8.86,8.86,scenario_normal_balanced,train,development,0.11
930,1i,150.0,12,0.0009,12,63.8,False,1,0.0,8.0,8.0,scenario_normal_balanced,train,development,0.11
935,1i,150.0,12,0.0,12,63.8,False,1,0.0,8.0,8.0,scenario_normal_balanced,train,development,0.11
940,1i,150.0,12,0.0,12,63.8,False,1,0.0,8.0,8.0,scenario_normal_balanced,train,development,0.11
945,1i,150.0,14,2.5029,12,63.8,False,1,0.0,8.0,8.0,scenario_normal_balanced,train,development,0.11
950,1i,150.0,11,3.4581,8,63.8,False,0,,,,scenario_normal_balanced,train,development,0.11
955,1i,150.0,9,0.4722,8,63.8,False,0,,,,scenario_normal_balanced,train,development,0.11
960,1i,150.0,9,0.0048,9,67.8,False,1,24.2483,382.97,382.97,scenario_normal_balanced,train,development,0.11
965,1i,150.0,9,0.0,9,67.8,False,1,24.4834,261.07,261.07,scenario_normal_balanced,train,development,0.11
970,1i,150.0,11,3.4572,9,67.8,False,1,20.0015,146.12,146.12,scenario_normal_balanced,train,development,0.11
975,1i,150.0,12,3.4848,9,67.8,False,1,17.1111,48.07,48.07,scenario_normal_balanced,train,development,0.11
980,1i,150.0,11,1.0567,8,67.8,False,1,3.852,1.85,1.85,scenario_normal_balanced,train,development,0.11
985,1i,150.0,10,1.2642,6,80.52,False,1,0.0,1.0,1.0,scenario_normal_balanced,train,development,0.11
990,1i,150.0,10,1.2058,3,1.0,False,1,0.0,1.0,1.0,scenario_normal_balanced,train,development,0.11
995,1i,150.0,11,2.3604,6,23.17,False,1,0.0,1.0,1.0,scenario_normal_balanced,train,development,0.11
1000,1i,150.0,13,3.7766,8,42.78,False,1,0.0,1.0,1.0,scenario_normal_balanced,train,development,0.11
1005,1i,150.0,13,0.9229,10,59.49,False,1,0.0,1.0,1.0,scenario_normal_balanced,train,development,0.11
1010,1i,150.0,13,0.0016,13,72.18,False,1,0.0,1.0,1.0,scenario_normal_balanced,train,development,0.11
1015,1i,150.0,13,0.0,13,72.18,False,2,11.7537,1.0,384.75,scenario_normal_balanced,train,development,0.11
1020,1i,150.0,13,0.0,13,72.18,False,2,11.8333,1.0,263.91,scenario_normal_balanced,train,development,0.11
1025,1i,150.0,15,2.5784,13,72.18,False,2,10.1572,1.0,148.14,scenario_normal_balanced,train,development,0.11
1030,1i,150.0,16,2.2657,13,72.18,False,2,3.4947,1.0,85.25,scenario_normal_balanced,train,development,0.11
1035,1i,150.0,16,0.9311,14,79.18,False,3,6.4731,1.0,455.18,scenario_normal_balanced,train,development,0.11
1040,1i,150.0,11,0.493,10,79.18,False,2,9.139,79.18,361.45,scenario_normal_balanced,train,development,0.11
1045,1i,150.0,10,0.0,10,79.18,False,2,9.6563,79.18,267.67,scenario_normal_balanced,train,development,0.11
1050,1i,150.0,10,0.0,10,79.18,False,2,9.4917,79.18,174.07,scenario_normal_balanced,train,development,0.11
1055,1i,150.0,13,3.2415,10,79.18,False,2,8.5468,79.18,87.81,scenario_normal_balanced,train,development,0.11
1060,1i,150.0,13,2.4985,11,86.18,False,3,13.6735,6.31,480.3,scenario_normal_balanced,train,development,0.11
1065,1i,150.0,11,0.0,11,86.18,False,2,11.9128,79.18,360.88,scenario_normal_balanced,train,development,0.11
1070,1i,150.0,9,0.0988,9,86.18,False,2,12.02,79.18,240.48,scenario_normal_balanced,train,development,0.11
1075,1i,150.0,9,2.9301,5,86.18,False,2,8.4201,79.18,132.42,scenario_normal_balanced,train,development,0.11
1080,1i,150.0,11,6.1092,2,85.14,False,2,9.8125,49.93,76.03,scenario_normal_balanced,train,development,0.11
1085,1i,150.0,11,2.5111,4,25.09,False,2,2.7703,1.92,65.44,scenario_normal_balanced,train,development,0.11
1090,1i,150.0,11,0.4535,7,50.26,False,2,0.217,1.0,57.58,scenario_normal_balanced,train,development,0.11
1095,1i,150.0,11,0.0111,11,68.19,False,3,8.9202,1.0,403.68,scenario_normal_balanced,train,development,0.11
1100,1i,150.0,11,0.0001,11,68.14,False,3,8.7788,1.0,269.63,scenario_normal_balanced,train,development,0.11
1105,1i,150.0,14,4.4686,11,68.14,False,3,8.2874,1.0,140.16,scenario_normal_balanced,train,development,0.11
1110,1i,150.0,14,2.0025,11,68.14,False,3,4.712,1.0,57.14,scenario_normal_balanced,train,development,0.11
1115,1i,150.0,14,0.2125,13,72.14,False,3,0.9892,1.0,57.14,scenario_normal_balanced,train,development,0.11
1120,1i,150.0,14,0.0,14,72.14,False,4,6.9426,1.0,483.3,scenario_normal_balanced,train,development,0.11
1125,1i,150.0,14,0.0,14,72.14,False,4,6.6842,1.0,350.16,scenario_normal_balanced,train,development,0.11
1130,1i,150.0,11,1.4121,10,72.14,False,2,13.8631,57.14,216.97,scenario_normal_balanced,train,development,0.11
1135,1i,150.0,12,3.3726,10,72.14,False,2,12.3713,57.14,83.97,scenario_normal_balanced,train,development,0.11
1140,1i,150.0,12,1.0693,10,72.14,False,3,12.0341,0.81,480.3,scenario_normal_balanced,train,development,0.11
1145,1i,150.0,11,0.0,11,76.14,False,2,12.103,57.14,358.27,scenario_normal_balanced,train,development,0.11
1150,1i,150.0,11,0.0,11,76.14,False,2,11.9483,57.14,237.93,scenario_normal_balanced,train,development,0.11
1155,1i,150.0,12,1.4787,11,76.14,False,2,8.8721,57.14,127.81,scenario_normal_balanced,train,development,0.11
1160,1i,150.0,12,3.8943,8,76.14,False,2,7.3615,47.49,57.14,scenario_normal_balanced,train,development,0.11
1165,1i,150.0,11,2.7143,4,76.14,False,2,2.6443,2.76,54.79,scenario_normal_balanced,train,development,0.11
1170,1i,150.0,12,2.0412,3,5.01,False,3,9.8393,1.01,374.55,scenario_normal_balanced,train,development,0.11
1175,1i,150.0,12,0.9548,8,44.65,False,3,8.9629,1.0,239.56,scenario_normal_balanced,train,development,0.11
1180,1i,150.0,13,1.5805,10,52.45,False,3,5.903,1.0,127.87,scenario_normal_balanced,train,development,0.11
1185,1i,150.0,13,1.1127,12,60.44,False,3,4.8188,1.0,48.17,scenario_normal_balanced,train,development,0.11
1190,1i,150.0,14,1.7971,12,60.43,False,3,0.7868,1.0,37.43,scenario_normal_balanced,train,development,0.11
1195,1i,150.0,15,1.3511,13,60.43,False,3,0.0,1.0,37.43,scenario_normal_balanced,train,development,0.11
1200,1i,150.0,15,0.2135,13,60.43,False,3,0.0,1.0,37.43,scenario_normal_balanced,train,development,0.11
1205,1i,150.0,15,0.0004,15,74.48,False,3,0.0,1.0,37.43,scenario_normal_balanced,train,development,0.11
1210,1i,150.0,16,1.037,15,74.47,False,3,0.0,1.0,37.43,scenario_normal_balanced,train,development,0.11
1215,1i,150.0,18,3.0718,15,74.47,False,3,0.0,1.0,37.43,scenario_normal_balanced,train,development,0.11
1220,1i,150.0,14,1.95,11,74.47,False,1,0.0,37.43,37.43,scenario_normal_balanced,train,development,0.11
1225,1i,150.0,12,0.0014,12,87.19,False,1,0.0,37.43,37.43,scenario_normal_balanced,train,development,0.11
1230,1i,150.0,12,0.0,12,87.18,False,1,0.0,37.43,37.43,scenario_normal_balanced,train,development,0.11
1235,1i,150.0,13,1.2884,12,87.18,False,1,0.0,37.43,37.43,scenario_normal_balanced,train,development,0.11
1240,1i,150.0,13,1.388,12,87.18,False,1,0.0,37.43,37.43,scenario_normal_balanced,train,development,0.11
1245,1i,150.0,14,2.448,12,87.18,False,1,0.0,37.43,37.43,scenario_normal_balanced,train,development,0.11
1250,1i,150.0,13,1.0079,11,91.19,False,1,0.0,37.43,37.43,scenario_normal_balanced,train,development,0.11
1255,1i,150.0,12,1.1433,8,91.18,False,1,5.6162,27.29,27.29,scenario_normal_balanced,train,development,0.11
1260,1i,150.0,12,0.736,7,91.12,False,1,0.038,20.72,20.72,scenario_normal_balanced,train,development,0.11
1265,1i,150.0,13,1.9441,8,39.86,False,1,0.0,20.71,20.71,scenario_normal_balanced,train,development,0.11
1270,1i,150.0,15,3.5964,10,57.85,False,1,0.0,20.71,20.71,scenario_normal_balanced,train,development,0.11
1275,1i,150.0,15,1.4215,13,74.5,False,1,0.0,20.71,20.71,scenario_normal_balanced,train,development,0.11
1280,1i,150.0,15,0.2033,14,78.53,False,1,0.0,20.71,20.71,scenario_normal_balanced,train,development,0.11
1285,1i,150.0,16,1.2571,15,78.47,False,1,0.0,20.71,20.71,scenario_normal_balanced,train,development,0.11
1290,1i,150.0,16,1.0167,15,78.47,False,1,0.0,20.71,20.71,scenario_normal_balanced,train,development,0.11
1295,1i,150.0,16,0.4304,15,78.47,False,1,0.0,20.71,20.71,scenario_normal_balanced,train,development,0.11
1300,1i,150.0,18,1.5773,16,78.47,False,1,0.0,20.71,20.71,scenario_normal_balanced,train,development,0.11
1305,1i,150.0,18,0.3616,17,85.48,False,1,0.0,20.71,20.71,scenario_normal_balanced,train,development,0.11
1310,1i,150.0,14,0.3995,13,85.47,False,1,0.0,20.71,20.71,scenario_normal_balanced,train,development,0.11
1315,1i,150.0,14,1.208,13,85.47,False,1,0.0,20.71,20.71,scenario_normal_balanced,train,development,0.11
1320,1i,150.0,14,1.3388,13,85.47,False,1,0.0,20.71,20.71,scenario_normal_balanced,train,development,0.11
1325,1i,150.0,14,1.7698,13,85.47,False,2,9.72,20.71,473.26,scenario_normal_balanced,train,development,0.11
1330,1i,150.0,15,1.5421,13,85.47,False,2,9.6577,20.71,376.83,scenario_normal_balanced,train,development,0.11
1335,1i,150.0,14,0.0016,14,89.49,False,2,9.3445,20.71,281.29,scenario_normal_balanced,train,development,0.11
1340,1i,150.0,13,0.2557,12,89.47,False,2,8.3129,19.88,198.14,scenario_normal_balanced,train,development,0.11
1345,1i,150.0,12,3.0671,8,89.47,False,1,16.8191,115.5,115.5,scenario_normal_balanced,train,development,0.11
1350,1i,150.0,12,2.6299,5,89.47,False,1,15.5116,33.56,33.56,scenario_normal_balanced,train,development,0.11
1355,1i,150.0,14,3.0086,4,13.02,False,1,0.5116,1.0,1.0,scenario_normal_balanced,train,development,0.11
1360,1i,150.0,14,1.1453,7,31.09,False,1,0.0,1.0,1.0,scenario_normal_balanced,train,development,0.11
1365,1i,150.0,15,1.5398,12,58.87,False,1,0.0,1.0,1.0,scenario_normal_balanced,train,development,0.11
1370,1i,150.0,15,1.0662,14,69.78,False,1,0.0,1.0,1.0,scenario_normal_balanced,train,development,0.11
1375,1i,150.0,15,0.22,14,69.76,False,1,0.0,1.0,1.0,scenario_normal_balanced,train,development,0.11
1380,1i,150.0,16,0.9613,15,69.76,False,1,0.0,1.0,1.0,scenario_normal_balanced,train,development,0.11
1385,1i,150.0,17,0.9063,15,69.76,False,1,0.0,1.0,1.0,scenario_normal_balanced,train,development,0.11
1390,1i,150.0,17,0.5702,16,73.76,False,1,0.0,1.0,1.0,scenario_normal_balanced,train,development,0.11
1395,1i,150.0,18,1.149,16,73.76,False,2,13.6178,1.0,402.96,scenario_normal_balanced,train,development,0.11
1400,1i,150.0,15,0.6581,13,73.76,False,1,27.563,268.07,268.07,scenario_normal_balanced,train,development,0.11
1405,1i,150.0,14,1.4378,13,73.76,False,1,20.1289,145.97,145.97,scenario_normal_balanced,train,development,0.11
1410,1i,150.0,15,1.6109,13,73.76,False,1,7.0076,85.04,85.04,scenario_normal_balanced,train,development,0.11
1415,1i,150.0,15,0.8561,14,77.76,False,1,0.012,77.76,77.76,scenario_normal_balanced,train,development,0.11
1420,1i,150.0,16,1.6173,14,77.76,False,1,0.0,77.76,77.76,scenario_normal_balanced,train,development,0.11
1425,1i,150.0,15,0.7738,14,77.76,False,1,0.0,77.76,77.76,scenario_normal_balanced,train,development,0.11
1430,1i,150.0,13,0.1955,12,77.76,False,1,0.0,77.76,77.76,scenario_normal_balanced,train,development,0.11
1435,1i,150.0,13,3.4647,9,77.76,False,1,0.0,77.76,77.76,scenario_normal_balanced,train,development,0.11
1440,1i,150.0,13,1.7788,6,77.76,False,1,0.0,77.76,77.76,scenario_normal_balanced,train,development,0.11
1445,1i,150.0,14,2.2199,8,80.37,False,1,2.0783,74.07,74.07,scenario_normal_balanced,train,development,0.11
1450,1i,150.0,14,1.7357,10,53.78,False,1,2.3334,62.53,62.53,scenario_normal_balanced,train,development,0.11
1455,1i,150.0,14,0.385,13,65.8,False,1,0.0155,61.76,61.76,scenario_normal_balanced,train,development,0.11
1460,1i,150.0,15,1.8392,14,65.76,False,2,12.2018,61.76,408.24,scenario_normal_balanced,train,development,0.11
1465,1i,150.0,16,1.5968,14,65.76,False,2,12.0519,61.76,288.82,scenario_normal_balanced,train,development,0.11
1470,1i,150.0,16,0.126,15,69.77,False,2,12.0008,61.76,168.01,scenario_normal_balanced,train,development,0.11
1475,1i,150.0,17,0.8574,16,69.76,False,2,7.2874,61.76,80.85,scenario_normal_balanced,train,development,0.11
1480,1i,150.0,17,0.4388,16,69.76,False,2,3.7298,20.32,61.76,scenario_normal_balanced,train,development,0.11
1485,1i,150.0,17,0.0019,17,69.76,False,2,0.0164,12.01,61.76,scenario_normal_balanced,train,development,0.11
1490,1i,150.0,14,2.288,12,69.76,False,1,0.0,61.76,61.76,scenario_normal_balanced,train,development,0.11
1495,1i,150.0,14,0.7635,12,69.76,False,1,0.0,61.76,61.76,scenario_normal_balanced,train,development,0.11
1500,1i,150.0,14,1.2092,13,76.76,False,1,0.0,61.76,61.76,scenario_normal_balanced,train,development,0.11
1505,1i,150.0,14,1.3326,13,76.76,False,2,13.2741,61.76,401.76,scenario_normal_balanced,train,development,0.11
1510,1i,150.0,13,0.0,13,76.76,False,2,13.095,61.76,270.01,scenario_normal_balanced,train,development,0.11
1515,1i,150.0,15,3.173,13,76.76,False,2,10.0956,61.76,147.98,scenario_normal_balanced,train,development,0.11
1520,1i,150.0,14,1.7107,11,76.76,False,2,3.5482,61.76,88.12,scenario_normal_balanced,train,development,0.11
1525,1i,150.0,14,0.7522,9,80.76,False,2,0.0001,61.76,80.76,scenario_normal_balanced,train,development,0.11
1530,1i,150.0,15,1.9054,8,80.76,False,2,0.6971,59.8,80.76,scenario_normal_balanced,train,development,0.11
1535,1i,150.0,15,1.5923,8,39.84,False,2,2.2843,50.4,79.02,scenario_normal_balanced,train,development,0.11
1540,1i,150.0,15,0.3363,11,51.94,False,2,1.0206,47.77,72.09,scenario_normal_balanced,train,development,0.11
1545,1i,150.0,17,2.0241,15,66.91,False,2,0.1582,47.72,66.91,scenario_normal_balanced,train,development,0.11
1550,1i,150.0,18,1.685,15,66.72,False,2,0.0012,47.72,66.72,scenario_normal_balanced,train,development,0.11
1555,1i,150.0,18,0.9029,17,70.72,False,2,0.0,47.72,66.72,scenario_normal_balanced,train,development,0.11
1560,1i,150.0,18,0.2624,17,70.72,False,3,8.2913,47.72,382.97,scenario_normal_balanced,train,development,0.11
1565,1i,150.0,18,0.0,18,70.72,False,3,8.2108,47.72,261.71,scenario_normal_balanced,train,development,0.11
1570,1i,150.0,20,2.0704,18,70.72,False,3,7.7565,47.72,142.27,scenario_normal_balanced,train,development,0.11
1575,1i,150.0,20,0.9046,18,70.72,False,3,4.6339,45.32,66.72,scenario_normal_balanced,train,development,0.11
1580,1i,150.0,16,0.4397,15,77.73,False,3,2.3447,3.75,66.72,scenario_normal_balanced,train,development,0.11
1585,1i,150.0,16,0.984,15,77.73,False,2,0.0,47.72,66.72,scenario_normal_balanced,train,development,0.11
1590,1i,150.0,15,0.0,15,77.73,False,2,0.0,47.72,66.72,scenario_normal_balanced,train,development,0.11
1595,1i,150.0,15,0.0,15,77.73,False,2,0.0,47.72,66.72,scenario_normal_balanced,train,development,0.11
1600,1i,150.0,17,1.6055,15,77.73,False,2,0.0,47.72,66.72,scenario_normal_balanced,train,development,0.11
1605,1i,150.0,17,0.1858,16,81.73,False,2,0.0,47.72,66.72,scenario_normal_balanced,train,development,0.11
1610,1i,150.0,17,1.1844,15,81.73,False,2,0.0,47.72,66.72,scenario_normal_balanced,train,development,0.11
1615,1i,150.0,16,1.6504,10,81.73,False,2,0.0,47.72,66.72,scenario_normal_balanced,train,development,0.11
1620,1i,150.0,16,0.7629,10,81.73,False,3,8.7711,40.59,383.46,scenario_normal_balanced,train,development,0.11
1625,1i,150.0,16,0.8007,9,81.43,False,3,7.8061,31.57,269.63,scenario_normal_balanced,train,development,0.11
1630,1i,150.0,18,2.0039,12,51.22,False,3,6.591,31.01,180.52,scenario_normal_balanced,train,development,0.11
1635,1i,150.0,19,1.8576,15,61.28,False,3,4.9881,31.01,97.21,scenario_normal_balanced,train,development,0.11
1640,1i,150.0,19,0.9653,16,65.03,False,4,9.154,29.24,428.74,scenario_normal_balanced,train,development,0.11
1645,1i,150.0,19,0.018,19,69.27,False,5,10.6953,15.05,430.3,scenario_normal_balanced,train,development,0.11
1650,1i,150.0,19,0.0,19,69.02,False,5,10.5424,15.04,294.73,scenario_normal_balanced,train,development,0.11
1655,1i,150.0,21,1.1532,19,69.02,False,5,7.5516,15.04,166.94,scenario_normal_balanced,train,development,0.11
1660,1i,150.0,22,0.7817,20,83.08,False,5,3.4128,15.04,84.54,scenario_normal_balanced,train,development,0.11
1665,1i,150.0,22,0.2932,21,83.06,False,5,1.2899,15.04,50.01,scenario_normal_balanced,train,development,0.11
1670,1i,150.0,19,0.5335,16,83.06,False,5,2.0274,7.92,50.01,scenario_normal_balanced,train,development,0.11
1675,1i,150.0,16,0.0,16,83.06,False,2,0.0,31.01,50.01,scenario_normal_balanced,train,development,0.11
1680,1i,150.0,17,1.45,16,83.06,False,2,0.0,31.01,50.01,scenario_normal_balanced,train,development,0.11
1685,1i,150.0,18,1.4005,16,83.06,False,2,0.0,31.01,50.01,scenario_normal_balanced,train,development,0.11
1690,1i,150.0,18,1.2143,16,83.06,False,2,0.0,31.01,50.01,scenario_normal_balanced,train,development,0.11
1695,1i,150.0,18,0.6429,17,87.06,False,2,0.0,31.01,50.01,scenario_normal_balanced,train,development,0.11
1700,1i,150.0,16,0.0685,15,87.06,False,2,0.0,31.01,50.01,scenario_normal_balanced,train,development,0.11
1705,1i,150.0,16,2.4057,11,87.06,False,2,0.541,29.57,50.01,scenario_normal_balanced,train,development,0.11
1710,1i,150.0,16,1.6201,11,87.06,False,2,0.9535,16.93,48.97,scenario_normal_balanced,train,development,0.11
1715,1i,150.0,18,1.9445,9,86.96,False,2,0.7464,16.0,37.93,scenario_normal_balanced,train,development,0.11
1720,1i,150.0,18,1.1664,12,46.62,False,2,0.007,16.0,35.02,scenario_normal_balanced,train,development,0.11
1725,1i,150.0,18,0.5009,15,68.71,False,2,0.0,16.0,35.01,scenario_normal_balanced,train,development,0.11
1730,1i,150.0,18,0.0187,18,85.01,False,2,0.0,16.0,35.01,scenario_normal_balanced,train,development,0.11
1735,1i,150.0,20,1.7729,18,84.77,False,2,0.0,16.0,35.01,scenario_normal_balanced,train,development,0.11
1740,1i,150.0,21,1.3817,18,84.77,False,2,0.0,16.0,35.01,scenario_normal_balanced,train,development,0.11
1745,1i,150.0,21,0.3434,20,98.81,False,2,0.0,16.0,35.01,scenario_normal_balanced,train,development,0.11
1750,1i,150.0,21,0.0035,21,98.81,False,2,0.0,16.0,35.01,scenario_normal_balanced,train,development,0.11
1755,1i,150.0,21,0.0,21,98.81,False,2,0.0,16.0,35.01,scenario_normal_balanced,train,development,0.11
1760,1i,150.0,18,1.6634,16,98.81,False,2,0.0,16.0,35.01,scenario_normal_balanced,train,development,0.11
1765,1i,150.0,19,2.0034,16,98.81,False,2,0.0,16.0,35.01,scenario_normal_balanced,train,development,0.11
1770,1i,150.0,18,1.07,17,105.81,False,2,0.0,16.0,35.01,scenario_normal_balanced,train,development,0.11
1775,1i,150.0,17,0.0,17,105.81,False,3,8.862,16.0,456.71,scenario_normal_balanced,train,development,0.11
1780,1i,150.0,17,0.0,17,105.81,False,3,8.6948,16.0,323.75,scenario_normal_balanced,train,development,0.11
1785,1i,150.0,17,0.0,17,105.81,False,3,7.5752,16.0,194.53,scenario_normal_balanced,train,development,0.11
1790,1i,150.0,18,1.6864,14,105.81,False,3,2.9085,16.0,122.9,scenario_normal_balanced,train,development,0.11
1795,1i,150.0,17,2.6945,11,112.81,False,3,0.2807,1.17,112.81,scenario_normal_balanced,train,development,0.11
1800,1i,150.0,17,1.4601,10,112.81,False,3,0.9429,1.0,112.81,scenario_normal_balanced,train,development,0.11
1805,1i,150.0,17,0.5712,12,112.8,False,3,0.0137,1.0,112.8,scenario_normal_balanced,train,development,0.11
1810,1i,150.0,17,0.4723,12,110.07,False,3,0.2357,1.0,110.07,scenario_normal_balanced,train,development,0.11
1815,1i,150.0,17,0.2832,14,69.9,False,3,0.6052,1.0,102.28,scenario_normal_balanced,train,development,0.11
1820,1i,150.0,20,2.0659,17,97.92,False,3,0.0172,1.0,97.92,scenario_normal_balanced,train,development,0.11
1825,1i,150.0,20,0.9013,18,101.82,False,3,0.0004,1.0,97.81,scenario_normal_balanced,train,development,0.11
1830,1i,150.0,20,0.3194,19,101.81,False,3,0.0,1.0,97.81,scenario_normal_balanced,train,development,0.11
1835,1i,150.0,20,0.0218,20,101.81,False,3,0.0,1.0,97.81,scenario_normal_balanced,train,development,0.11
1840,1i,150.0,20,0.0,20,101.81,False,3,0.0,1.0,97.81,scenario_normal_balanced,train,development,0.11
1845,1i,150.0,22,1.0716,20,101.81,False,3,0.0,1.0,97.81,scenario_normal_balanced,train,development,0.11
1850,1i,150.0,19,1.3383,17,105.81,False,3,0.0,1.0,97.81,scenario_normal_balanced,train,development,0.11
1855,1i,150.0,18,0.6427,17,105.81,False,3,0.0,1.0,97.81,scenario_normal_balanced,train,development,0.11
1860,1i,150.0,17,0.0,17,105.81,False,4,6.1676,1.0,383.34,scenario_normal_balanced,train,development,0.11
1865,1i,150.0,17,0.0,17,105.81,False,4,5.9087,1.0,264.84,scenario_normal_balanced,train,development,0.11
1870,1i,150.0,17,0.0,17,105.81,False,4,4.3202,1.0,156.01,scenario_normal_balanced,train,development,0.11
1875,1i,150.0,20,1.829,17,105.81,False,4,0.8202,1.0,111.6,scenario_normal_balanced,train,development,0.11
1880,1i,150.0,18,1.5509,16,109.81,False,3,0.0003,20.01,109.81,scenario_normal_balanced,train,development,0.11
1885,1i,150.0,17,0.7686,13,109.81,False,4,5.812,10.53,434.74,scenario_normal_balanced,train,development,0.11
1890,1i,150.0,17,0.5175,13,109.81,False,4,4.8003,5.02,338.69,scenario_normal_balanced,train,development,0.11
1895,1i,150.0,18,1.588,12,109.8,False,4,4.1286,5.0,250.87,scenario_normal_balanced,train,development,0.11
1900,1i,150.0,19,2.3379,11,108.19,False,4,3.2703,5.0,185.01,scenario_normal_balanced,train,development,0.11
1905,1i,150.0,20,1.2005,14,83.47,False,4,2.6166,5.0,139.11,scenario_normal_balanced,train,development,0.11
1910,1i,150.0,20,0.2276,19,95.17,False,4,1.0956,5.0,110.98,scenario_normal_balanced,train,development,0.11
1915,1i,150.0,20,0.0225,20,101.83,False,5,3.9425,5.0,396.8,scenario_normal_balanced,train,development,0.11
1920,1i,150.0,20,0.0,20,101.81,False,5,3.6591,5.0,302.26,scenario_normal_balanced,train,development,0.11
1925,1i,150.0,22,1.7781,20,101.81,False,5,2.8671,5.0,222.98,scenario_normal_balanced,train,development,0.11
1930,1i,150.0,22,0.9112,20,101.81,False,5,1.9671,5.0,164.8,scenario_normal_balanced,train,development,0.11
1935,1i,150.0,23,0.2855,21,101.81,False,5,1.0671,5.0,129.12,scenario_normal_balanced,train,development,0.11
1940,1i,150.0,19,0.4022,16,101.81,False,5,0.1671,5.0,115.95,scenario_normal_balanced,train,development,0.11
1945,1i,150.0,17,0.0,17,115.85,False,5,0.0,5.0,115.85,scenario_normal_balanced,train,development,0.11
1950,1i,150.0,18,0.7932,17,115.85,False,5,0.0,5.0,115.85,scenario_normal_balanced,train,development,0.11
1955,1i,150.0,18,0.8339,17,115.85,False,5,0.0,5.0,115.85,scenario_normal_balanced,train,development,0.11
1960,1i,150.0,19,1.1707,17,115.85,False,6,4.6283,5.0,483.3,scenario_normal_balanced,train,development,0.11
1965,1i,150.0,19,0.4288,17,115.85,False,6,4.623,5.0,348.22,scenario_normal_balanced,train,development,0.11
1970,1i,150.0,17,0.0489,17,129.89,False,5,4.4454,82.8,221.12,scenario_normal_balanced,train,development,0.11
1975,1i,150.0,17,1.3081,12,129.89,False,5,2.8712,82.8,133.6,scenario_normal_balanced,train,development,0.11
1980,1i,150.0,18,2.7052,11,129.89,False,5,3.4301,53.03,115.85,scenario_normal_balanced,train,development,0.11
1985,1i,150.0,19,1.513,12,143.93,False,5,1.4214,3.21,115.8,scenario_normal_balanced,train,development,0.11
1990,1i,150.0,19,0.4829,14,143.07,False,5,0.8942,1.0,112.93,scenario_normal_balanced,train,development,0.11
1995,1i,150.0,19,0.4159,15,80.56,False,6,5.0495,1.0,402.25,scenario_normal_balanced,train,development,0.11
2000,1i,150.0,19,0.1277,18,115.35,False,6,4.5939,1.0,266.64,scenario_normal_balanced,train,development,0.11
2005,1i,150.0,21,1.8896,19,128.96,False,6,2.4233,1.0,166.66,scenario_normal_balanced,train,development,0.11
2010,1i,150.0,22,1.1102,19,128.93,False,6,0.1832,1.0,133.6,scenario_normal_balanced,train,development,0.11
2015,1i,150.0,22,0.0477,21,132.93,False,6,0.0001,1.0,132.93,scenario_normal_balanced,train,development,0.11
2020,1i,150.0,22,0.0,22,132.93,False,6,0.0,1.0,132.93,scenario_normal_balanced,train,development,0.11
2025,1i,150.0,22,0.0,22,132.93,False,6,0.0,1.0,132.93,scenario_normal_balanced,train,development,0.11
2030,1i,150.0,19,1.2438,17,132.93,False,5,0.0,67.8,132.93,scenario_normal_balanced,train,development,0.11
2035,1i,150.0,19,2.0964,17,132.93,False,5,0.0,67.8,132.93,scenario_normal_balanced,train,development,0.11
2040,1i,150.0,19,0.6264,18,136.96,False,5,0.0,67.8,132.93,scenario_normal_balanced,train,development,0.11
2045,1i,150.0,18,0.0,18,136.93,False,5,0.0,67.8,132.93,scenario_normal_balanced,train,development,0.11
2050,1i,150.0,18,0.0,18,136.93,False,5,0.0,67.8,132.93,scenario_normal_balanced,train,development,0.11
2055,1i,150.0,19,0.733,18,136.93,False,5,0.0,67.8,132.93,scenario_normal_balanced,train,development,0.11
2060,1i,150.0,17,1.0328,16,136.93,False,5,0.0,67.8,132.93,scenario_normal_balanced,train,development,0.11
2065,1i,150.0,19,1.6085,13,136.93,False,5,0.0,67.8,132.93,scenario_normal_balanced,train,development,0.11
2070,1i,150.0,19,0.6571,13,140.93,False,5,0.4114,63.79,132.93,scenario_normal_balanced,train,development,0.11
2075,1i,150.0,19,0.3111,17,140.93,False,5,0.7196,59.19,132.77,scenario_normal_balanced,train,development,0.11
2080,1i,150.0,20,1.115,17,139.96,False,5,0.4291,58.95,130.1,scenario_normal_balanced,train,development,0.11
2085,1i,150.0,20,1.1056,16,120.6,False,5,0.0773,58.95,125.33,scenario_normal_balanced,train,development,0.11
2090,1i,150.0,22,1.4787,19,132.4,False,5,0.0087,58.95,124.11,scenario_normal_balanced,train,development,0.11
2095,1i,150.0,22,0.2858,21,136.13,False,5,0.0,58.95,124.08,scenario_normal_balanced,train,development,0.11
2100,1i,150.0,22,0.0002,22,136.08,False,5,0.0,58.95,124.08,scenario_normal_balanced,train,development,0.11
2105,1i,150.0,22,0.0,22,136.08,False,5,0.0,58.95,124.08,scenario_normal_balanced,train,development,0.11
2110,1i,150.0,23,0.6339,22,136.08,False,5,0.0,58.95,124.08,scenario_normal_balanced,train,development,0.11
2115,1i,150.0,23,0.4844,22,136.08,False,5,0.0,58.95,124.08,scenario_normal_balanced,train,development,0.11
2120,1i,150.0,19,0.9648,18,136.08,False,5,0.0,58.95,124.08,scenario_normal_balanced,train,development,0.11
2125,1i,150.0,19,0.1276,18,136.08,False,5,0.0,58.95,124.08,scenario_normal_balanced,train,development,0.11
2130,1i,150.0,19,0.0001,19,140.08,False,5,0.0,58.95,124.08,scenario_normal_balanced,train,development,0.11
2135,1i,150.0,20,0.7393,19,140.08,False,5,0.0,58.95,124.08,scenario_normal_balanced,train,development,0.11
2140,1i,150.0,20,0.8145,19,140.08,False,5,0.0,58.95,124.08,scenario_normal_balanced,train,development,0.11
2145,1i,150.0,21,1.0938,19,140.08,False,5,0.0,58.95,124.08,scenario_normal_balanced,train,development,0.11
2150,1i,150.0,20,0.4432,18,140.08,False,5,0.0,58.95,124.08,scenario_normal_balanced,train,development,0.11
2155,1i,150.0,20,0.4258,16,140.08,False,5,0.0658,58.4,124.08,scenario_normal_balanced,train,development,0.11
2160,1i,150.0,20,0.5443,15,140.08,False,5,0.724,49.37,124.08,scenario_normal_balanced,train,development,0.11
2165,1i,150.0,21,1.2128,15,140.08,False,5,0.8941,45.84,123.37,scenario_normal_balanced,train,development,0.11
2170,1i,150.0,22,1.9643,14,139.11,False,5,0.579,45.76,117.01,scenario_normal_balanced,train,development,0.11
2175,1i,150.0,23,0.7545,17,112.08,False,5,0.0791,45.76,112.08,scenario_normal_balanced,train,development,0.11
2180,1i,150.0,23,0.1367,21,128.32,False,5,0.0048,45.76,110.94,scenario_normal_balanced,train,development,0.11
2185,1i,150.0,23,0.0205,23,139.88,False,5,0.0002,45.76,110.89,scenario_normal_balanced,train,development,0.11
2190,1i,150.0,23,0.0005,23,139.61,False,5,0.0,45.76,110.88,scenario_normal_balanced,train,development,0.11
2195,1i,150.0,24,0.4998,23,139.6,False,5,0.0,45.76,110.88,scenario_normal_balanced,train,development,0.11
2200,1i,150.0,25,1.0604,23,139.6,False,5,0.0,45.76,110.88,scenario_normal_balanced,train,development,0.11
2205,1i,150.0,25,0.429,23,139.6,False,5,0.0,45.76,110.88,scenario_normal_balanced,train,development,0.11
2210,1i,150.0,20,0.1547,19,139.6,False,5,0.0,45.76,110.88,scenario_normal_balanced,train,development,0.11
2215,1i,150.0,20,0.8564,19,139.6,False,5,0.0,45.76,110.88,scenario_normal_balanced,train,development,0.11
2220,1i,150.0,20,0.9505,19,139.6,False,5,0.0,45.76,110.88,scenario_normal_balanced,train,development,0.11
2225,1i,150.0,20,1.2801,19,139.6,False,5,0.0,45.76,110.88,scenario_normal_balanced,train,development,0.11
2230,1i,150.0,20,0.6737,19,139.6,False,5,0.0,45.76,110.88,scenario_normal_balanced,train,development,0.11
2235,1i,150.0,19,0.0,19,139.6,False,5,0.0,45.76,110.88,scenario_normal_balanced,train,development,0.11
2240,1i,150.0,18,0.2126,17,139.6,False,6,3.9673,45.76,431.9,scenario_normal_balanced,train,development,0.11
2245,1i,150.0,18,1.6139,12,139.6,False,6,4.3011,43.34,311.76,scenario_normal_balanced,train,development,0.11
2250,1i,150.0,18,1.5535,12,139.6,False,6,4.9993,30.29,191.21,scenario_normal_balanced,train,development,0.11
2255,1i,150.0,19,1.7484,11,139.6,False,6,4.4424,29.06,108.34,scenario_normal_balanced,train,development,0.11
2260,1i,150.0,19,1.058,11,138.61,False,6,1.8095,11.32,100.93,scenario_normal_balanced,train,development,0.11
2265,1i,150.0,20,0.4625,13,90.31,False,7,3.5954,1.0,480.3,scenario_normal_balanced,train,development,0.11
2270,1i,150.0,21,1.0957,17,106.51,False,7,3.4791,1.0,358.85,scenario_normal_balanced,train,development,0.11
2275,1i,150.0,22,0.4693,21,144.8,False,7,3.1304,1.0,240.08,scenario_normal_balanced,train,development,0.11
2280,1i,150.0,23,0.9232,22,143.97,False,7,1.2248,1.0,170.14,scenario_normal_balanced,train,development,0.11
2285,1i,150.0,23,0.3864,22,143.93,False,7,0.0106,1.0,158.97,scenario_normal_balanced,train,development,0.11
2290,1i,150.0,23,0.0024,23,143.93,False,7,0.0002,1.0,158.93,scenario_normal_balanced,train,development,0.11
2295,1i,150.0,23,0.0,23,143.93,False,8,2.3029,1.0,418.51,scenario_normal_balanced,train,development,0.11
2300,1i,150.0,21,0.7178,19,143.93,False,7,2.6323,29.04,324.76,scenario_normal_balanced,train,development,0.11
2305,1i,150.0,21,1.5988,19,143.93,False,7,2.1838,29.04,238.62,scenario_normal_balanced,train,development,0.11
2310,1i,150.0,20,0.8194,19,143.93,False,7,1.1533,29.04,184.4,scenario_normal_balanced,train,development,0.11
2315,1i,150.0,19,0.0,19,143.93,False,7,0.103,29.04,165.99,scenario_normal_balanced,train,development,0.11
2320,1i,150.0,19,0.0,19,143.93,False,7,0.0,29.04,165.93,scenario_normal_balanced,train,development,0.11
2325,1i,150.0,20,0.7987,19,143.93,False,7,0.0,29.04,165.93,scenario_normal_balanced,train,development,0.11
2330,1i,150.0,19,0.8018,17,143.93,False,7,0.0,29.04,165.93,scenario_normal_balanced,train,development,0.11
2335,1i,150.0,20,1.6118,14,143.93,False,7,0.5555,21.55,165.93,scenario_normal_balanced,train,development,0.11
2340,1i,150.0,20,1.1547,14,143.93,False,7,0.7861,15.07,165.93,scenario_normal_balanced,train,development,0.11
2345,1i,150.0,20,0.4861,14,143.93,False,7,0.5179,15.0,165.93,scenario_normal_balanced,train,development,0.11
2350,1i,150.0,21,1.4011,15,143.17,False,7,0.1996,15.0,165.93,scenario_normal_balanced,train,development,0.11
2355,1i,150.0,22,0.7499,15,88.69,False,7,0.1066,15.0,165.06,scenario_normal_balanced,train,development,0.11
2360,1i,150.0,23,0.226,19,109.32,False,7,0.353,15.0,161.49,scenario_normal_balanced,train,development,0.11
2365,1i,150.0,25,0.7173,23,141.43,False,7,0.2732,15.0,154.81,scenario_normal_balanced,train,development,0.11
2370,1i,150.0,25,0.1889,24,144.97,False,7,0.0432,15.0,152.05,scenario_normal_balanced,train,development,0.11
2375,1i,150.0,26,0.6695,25,144.9,False,7,0.001,15.0,151.9,scenario_normal_balanced,train,development,0.11
2380,1i,150.0,26,0.3975,25,144.89,False,7,0.0001,15.0,151.89,scenario_normal_balanced,train,development,0.11
2385,1i,150.0,26,0.0268,25,144.89,False,7,0.0,15.0,151.89,scenario_normal_balanced,train,development,0.11
2390,1i,150.0,23,0.9698,21,144.89,False,7,0.0,15.0,151.89,scenario_normal_balanced,train,development,0.11
2395,1i,150.0,22,0.476,21,144.89,False,7,0.0,15.0,151.89,scenario_normal_balanced,train,development,0.11
2400,1i,150.0,22,0.7591,21,144.89,False,7,0.0,15.0,151.89,scenario_normal_balanced,train,development,0.11
2405,1i,150.0,22,0.6703,21,144.89,False,7,0.0,15.0,151.89,scenario_normal_balanced,train,development,0.11
2410,1i,150.0,21,0.0,21,144.89,False,7,0.0,15.0,151.89,scenario_normal_balanced,train,development,0.11
2415,1i,150.0,21,0.0,21,144.89,False,7,0.0,15.0,151.89,scenario_normal_balanced,train,development,0.11
2420,1i,150.0,20,1.0867,18,144.89,False,7,0.3959,12.23,151.89,scenario_normal_balanced,train,development,0.11
2425,1i,150.0,19,0.8356,13,144.89,False,6,1.0397,19.36,151.89,scenario_normal_balanced,train,development,0.11
2430,1i,150.0,20,1.4947,13,144.89,False,6,1.1897,9.17,151.89,scenario_normal_balanced,train,development,0.11
2435,1i,150.0,20,1.5349,13,144.89,False,6,0.333,9.0,151.89,scenario_normal_balanced,train,development,0.11
2440,1i,150.0,20,0.6393,13,144.39,False,6,0.1211,9.0,151.81,scenario_normal_balanced,train,development,0.11
2445,1i,150.0,22,1.3458,14,78.3,False,6,0.4174,9.0,148.39,scenario_normal_balanced,train,development,0.11
2450,1i,150.0,22,0.5218,17,112.01,False,6,0.6171,9.0,139.87,scenario_normal_balanced,train,development,0.11
2455,1i,150.0,24,0.8008,22,134.4,False,6,0.0808,9.0,134.4,scenario_normal_balanced,train,development,0.11
2460,1i,150.0,24,0.4412,23,146.62,True,6,0.0024,9.0,133.9,scenario_normal_balanced,train,development,0.11
2465,1i,150.0,24,0.012,24,146.6,True,6,0.0,9.0,133.89,scenario_normal_balanced,train,development,0.11
2470,1i,150.0,25,0.9716,24,146.6,True,6,0.0,9.0,133.89,scenario_normal_balanced,train,development,0.11
2475,1i,150.0,25,0.4376,24,146.6,True,6,0.0,9.0,133.89,scenario_normal_balanced,train,development,0.11
2480,1i,150.0,21,0.2811,20,146.6,True,6,0.0,9.0,133.89,scenario_normal_balanced,train,development,0.11
2485,1i,150.0,21,0.7694,20,146.6,True,7,3.3573,9.0,433.12,scenario_normal_balanced,train,development,0.11
2490,1i,150.0,21,0.8038,20,146.6,True,7,3.3677,9.0,314.51,scenario_normal_balanced,train,development,0.11
2495,1i,150.0,20,0.0,20,146.6,True,7,3.4686,9.0,194.5,scenario_normal_balanced,train,development,0.11
2500,1i,150.0,21,1.0325,20,146.6,True,7,3.0976,9.0,133.89,scenario_normal_balanced,train,development,0.11
2505,1i,150.0,21,0.3875,20,146.6,True,7,1.1624,9.0,133.89,scenario_normal_balanced,train,development,0.11
2510,1i,150.0,20,0.9649,18,146.6,True,7,0.2537,1.01,133.89,scenario_normal_balanced,train,development,0.11
2515,1i,150.0,19,1.0201,14,146.6,True,7,5.0867,1.0,376.82,scenario_normal_balanced,train,development,0.11
2520,1i,150.0,19,0.5454,14,146.6,True,7,4.1483,1.0,241.69,scenario_normal_balanced,train,development,0.11
2525,1i,150.0,20,1.6721,13,146.6,True,7,3.5021,1.0,133.89,scenario_normal_balanced,train,development,0.11
2530,1i,150.0,20,1.0279,13,145.45,True,7,1.8148,1.0,131.6,scenario_normal_balanced,train,development,0.11
2535,1i,150.0,22,1.0452,15,97.04,False,7,0.3975,1.0,126.06,scenario_normal_balanced,train,development,0.11
2540,1i,150.0,23,0.6561,18,112.03,False,7,0.141,1.0,119.23,scenario_normal_balanced,train,development,0.11
2545,1i,150.0,24,0.0943,22,135.67,False,7,0.0015,1.0,118.9,scenario_normal_balanced,train,development,0.11
2550,1i,150.0,24,0.0023,24,146.63,True,7,0.0,1.0,118.89,scenario_normal_balanced,train,development,0.11
2555,1i,150.0,25,0.6384,24,146.6,True,7,0.0,1.0,118.89,scenario_normal_balanced,train,development,0.11
2560,1i,150.0,26,0.7091,24,146.6,True,7,0.0,1.0,118.89,scenario_normal_balanced,train,development,0.11
2565,1i,150.0,26,0.4787,25,146.6,True,7,0.0,1.0,118.89,scenario_normal_balanced,train,development,0.11
2570,1i,150.0,21,0.3162,20,146.6,True,5,0.0,1.0,118.89,scenario_normal_balanced,train,development,0.11
2575,1i,150.0,20,0.0,20,146.6,True,5,0.0,1.0,118.89,scenario_normal_balanced,train,development,0.11
2580,1i,150.0,21,1.0956,20,146.6,True,5,0.0,1.0,118.89,scenario_normal_balanced,train,development,0.11
2585,1i,150.0,21,0.4671,20,146.6,True,5,0.0,1.0,118.89,scenario_normal_balanced,train,development,0.11
2590,1i,150.0,21,0.7988,20,146.6,True,5,0.0,1.0,118.89,scenario_normal_balanced,train,development,0.11
2595,1i,150.0,21,0.6108,20,146.6,True,5,0.0,1.0,118.89,scenario_normal_balanced,train,development,0.11
2600,1i,150.0,20,0.1039,19,146.6,True,4,0.4265,12.82,118.89,scenario_normal_balanced,train,development,0.11
2605,1i,150.0,20,0.4283,15,146.6,True,4,0.5214,1.0,118.89,scenario_normal_balanced,train,development,0.11
2610,1i,150.0,21,1.2861,14,146.6,True,4,0.0713,1.0,118.89,scenario_normal_balanced,train,development,0.11
2615,1i,150.0,22,1.3644,15,146.6,True,4,0.2068,1.0,118.68,scenario_normal_balanced,train,development,0.11
2620,1i,150.0,22,0.8116,16,145.87,True,5,5.6048,1.0,480.3,scenario_normal_balanced,train,development,0.11
2625,1i,150.0,23,0.4086,17,98.51,False,5,5.1721,1.0,360.1,scenario_normal_balanced,train,development,0.11
2630,1i,150.0,24,0.2682,21,126.65,False,5,3.972,1.0,245.01,scenario_normal_balanced,train,development,0.11
2635,1i,150.0,25,0.0651,24,141.12,False,5,1.5566,1.0,184.83,scenario_normal_balanced,train,development,0.11
2640,1i,150.0,28,1.2837,26,148.81,True,5,0.3545,1.0,171.14,scenario_normal_balanced,train,development,0.11
2645,1i,150.0,28,0.7805,26,148.57,True,5,0.0482,1.0,167.93,scenario_normal_balanced,train,development,0.11
2650,1i,150.0,28,0.1215,26,148.56,True,5,0.0028,1.0,167.58,scenario_normal_balanced,train,development,0.11
2655,1i,150.0,28,0.0002,28,148.56,True,5,0.0001,1.0,167.57,scenario_normal_balanced,train,development,0.11
2660,1i,150.0,26,1.3849,23,148.56,True,5,0.0,1.0,167.57,scenario_normal_balanced,train,development,0.11
2665,1i,150.0,25,1.2017,23,148.56,True,5,0.0,1.0,167.57,scenario_normal_balanced,train,development,0.11
2670,1i,150.0,24,0.7327,23,148.56,True,5,0.0,1.0,167.57,scenario_normal_balanced,train,development,0.11
2675,1i,150.0,23,0.0,23,148.56,True,5,0.0,1.0,167.57,scenario_normal_balanced,train,development,0.11
2680,1i,150.0,23,0.0,23,148.56,True,5,0.0,1.0,167.57,scenario_normal_balanced,train,development,0.11
2685,1i,150.0,23,0.0,23,148.56,True,5,0.0,1.0,167.57,scenario_normal_balanced,train,development,0.11
2690,1i,150.0,23,0.9991,21,148.56,True,4,0.0,33.08,167.57,scenario_normal_balanced,train,development,0.11
2695,1i,150.0,24,1.4326,17,148.56,True,4,0.9603,23.13,167.57,scenario_normal_balanced,train,development,0.11
2700,1i,150.0,24,1.0613,18,148.56,True,4,0.0068,18.88,167.57,scenario_normal_balanced,train,development,0.11
2705,1i,150.0,24,0.462,18,148.56,True,6,8.5703,18.85,406.82,scenario_normal_balanced,train,development,0.11
2710,1i,150.0,24,0.4244,18,148.56,True,6,8.6581,18.85,288.93,scenario_normal_balanced,train,development,0.11
2715,1i,150.0,24,0.4244,16,147.59,True,6,4.7236,18.85,202.76,scenario_normal_balanced,train,development,0.11
2720,1i,150.0,27,1.6102,19,111.72,False,6,3.078,18.85,185.53,scenario_normal_balanced,train,development,0.11
2725,1i,150.0,28,0.7442,23,131.2,False,6,2.2048,18.85,183.1,scenario_normal_balanced,train,development,0.11
2730,1i,150.0,28,0.0271,28,142.81,False,6,0.2937,13.75,178.8,scenario_normal_balanced,train,development,0.11
2735,1i,150.0,29,0.0021,29,149.39,True,6,0.1411,13.71,172.61,scenario_normal_balanced,train,development,0.11
2740,1i,150.0,29,0.0001,29,149.34,True,6,0.0178,13.71,171.49,scenario_normal_balanced,train,development,0.11
2745,1i,150.0,29,0.0,29,149.34,True,6,0.0017,13.71,171.35,scenario_normal_balanced,train,development,0.11
2750,1i,150.0,27,1.2116,25,149.34,True,5,0.0,18.85,171.34,scenario_normal_balanced,train,development,0.11
2755,1i,150.0,27,1.0368,25,149.34,True,5,0.0,18.85,171.34,scenario_normal_balanced,train,development,0.11
2760,1i,150.0,25,0.0,25,149.34,True,5,0.0,18.85,171.34,scenario_normal_balanced,train,development,0.11
2765,1i,150.0,25,0.0,25,149.34,True,5,0.0,18.85,171.34,scenario_normal_balanced,train,development,0.11
2770,1i,150.0,26,0.6794,25,149.34,True,5,0.0,18.85,171.34,scenario_normal_balanced,train,development,0.11
2775,1i,150.0,27,1.2449,25,149.34,True,5,0.0,18.85,171.34,scenario_normal_balanced,train,development,0.11
2780,1i,150.0,26,0.5986,23,149.34,True,5,0.1223,18.24,171.34,scenario_normal_balanced,train,development,0.11
2785,1i,150.0,26,0.4124,21,149.34,True,5,0.5088,6.56,171.34,scenario_normal_balanced,train,development,0.11
2790,1i,150.0,26,0.3024,22,149.34,True,5,0.0086,5.0,171.34,scenario_normal_balanced,train,development,0.11
2795,1i,150.0,26,0.375,19,149.34,True,5,0.366,5.0,171.34,scenario_normal_balanced,train,development,0.11
2800,1i,150.0,28,1.556,22,149.34,True,5,0.5388,5.0,171.34,scenario_normal_balanced,train,development,0.11
2805,1i,150.0,28,1.2528,19,149.28,True,5,0.0797,5.0,171.34,scenario_normal_balanced,train,development,0.11
2810,1i,150.0,28,0.3456,22,147.46,True,6,4.3714,5.0,402.95,scenario_normal_balanced,train,development,0.11
2815,1i,150.0,29,0.2127,24,117.15,False,6,3.9483,5.0,277.48,scenario_normal_balanced,train,development,0.11
2820,1i,150.0,30,0.1029,29,141.16,False,6,3.1289,5.0,192.4,scenario_normal_balanced,train,development,0.11
2825,1i,150.0,32,1.195,30,146.76,True,6,3.2537,5.0,158.48,scenario_normal_balanced,train,development,0.11
2830,1i,150.0,32,0.8403,30,146.5,True,6,1.9283,5.0,157.62,scenario_normal_balanced,train,development,0.11
2835,1i,150.0,32,0.1098,31,146.49,True,6,0.0161,5.0,157.49,scenario_normal_balanced,train,development,0.11
2840,1i,150.0,26,0.0,26,146.49,True,5,0.0,5.0,157.49,scenario_normal_balanced,train,development,0.11
2845,1i,150.0,26,0.0,26,146.49,True,5,0.0,5.0,157.49,scenario_normal_balanced,train,development,0.11
2850,1i,150.0,27,0.6235,26,146.49,True,5,0.0,5.0,157.49,scenario_normal_balanced,train,development,0.11
2855,1i,150.0,28,1.2913,26,146.49,True,5,0.0,5.0,157.49,scenario_normal_balanced,train,development,0.11
2860,1i,150.0,27,0.4804,26,146.49,True,6,4.1667,5.0,480.3,scenario_normal_balanced,train,development,0.11
2865,1i,150.0,26,0.0,26,146.49,True,6,3.9157,5.0,360.05,scenario_normal_balanced,train,development,0.11
2870,1i,150.0,24,0.0371,24,146.49,True,5,3.4241,69.76,253.17,scenario_normal_balanced,train,development,0.11
2875,1i,150.0,23,0.3781,20,146.49,True,5,3.4464,69.76,172.04,scenario_normal_balanced,train,development,0.11
2880,1i,150.0,25,1.7266,18,146.49,True,5,3.0052,69.19,157.49,scenario_normal_balanced,train,development,0.11
2885,1i,150.0,25,1.4062,19,146.49,True,5,2.7726,19.12,157.49,scenario_normal_balanced,train,development,0.11
2890,1i,150.0,25,0.4923,17,146.49,True,5,0.2282,1.01,157.49,scenario_normal_balanced,train,development,0.11
2895,1i,150.0,25,0.3518,20,146.4,True,5,0.0492,1.0,157.49,scenario_normal_balanced,train,development,0.11
2900,1i,150.0,26,0.3141,21,148.96,True,5,0.3146,1.0,156.87,scenario_normal_balanced,train,development,0.11
2905,1i,150.0,26,0.1959,23,124.92,False,5,0.498,1.0,152.03,scenario_normal_balanced,train,development,0.11
2910,1i,150.0,29,1.1132,27,147.15,True,5,0.0906,1.0,147.15,scenario_normal_balanced,train,development,0.11
2915,1i,150.0,29,0.6815,27,145.75,True,5,0.0328,1.0,145.75,scenario_normal_balanced,train,development,0.11
2920,1i,150.0,29,0.0513,27,145.49,True,5,0.0019,1.0,145.49,scenario_normal_balanced,train,development,0.11
2925,1i,150.0,29,0.0,29,145.49,True,5,0.0001,1.0,145.49,scenario_normal_balanced,train,development,0.11
2930,1i,150.0,26,0.5737,25,145.49,True,4,0.0,57.76,145.49,scenario_normal_balanced,train,development,0.11
2935,1i,150.0,27,1.3415,25,145.49,True,4,0.0,57.76,145.49,scenario_normal_balanced,train,development,0.11
2940,1i,150.0,26,0.5447,25,145.49,True,4,0.0,57.76,145.49,scenario_normal_balanced,train,development,0.11
2945,1i,150.0,25,0.0,25,145.49,True,4,0.0,57.76,145.49,scenario_normal_balanced,train,development,0.11
2950,1i,150.0,25,0.0,25,145.49,True,4,0.0,57.76,145.49,scenario_normal_balanced,train,development,0.11
2955,1i,150.0,25,0.0,25,145.49,True,4,0.0,57.76,145.49,scenario_normal_balanced,train,development,0.11
2960,1i,150.0,24,0.6693,23,145.49,True,4,0.0,57.76,145.49,scenario_normal_balanced,train,development,0.11
2965,1i,150.0,24,1.4648,19,145.49,True,4,0.0,57.76,145.49,scenario_normal_balanced,train,development,0.11
2970,1i,150.0,24,1.3068,17,145.49,True,4,1.0181,51.1,145.49,scenario_normal_balanced,train,development,0.11
2975,1i,150.0,24,0.8722,17,145.49,True,4,1.2852,37.33,145.49,scenario_normal_balanced,train,development,0.11
2980,1i,150.0,24,0.614,16,145.49,True,4,0.0209,37.07,145.49,scenario_normal_balanced,train,development,0.11
2985,1i,150.0,25,1.3157,16,145.28,True,4,0.4112,37.05,145.28,scenario_normal_balanced,train,development,0.11
2990,1i,150.0,27,1.8172,17,88.24,False,4,0.8577,37.05,140.42,scenario_normal_balanced,train,development,0.11
2995,1i,150.0,27,0.6729,20,103.16,False,4,0.5668,37.05,132.35,scenario_normal_balanced,train,development,0.11
3000,1i,150.0,28,0.1727,25,117.96,False,4,0.1597,37.05,125.19,scenario_normal_balanced,train,development,0.11
3005,1i,150.0,28,0.0092,28,144.67,False,4,0.004,37.05,124.79,scenario_normal_balanced,train,development,0.11
3010,1i,150.0,28,0.0003,28,144.49,False,4,0.0003,37.05,124.77,scenario_normal_balanced,train,development,0.11
3015,1i,150.0,29,0.4607,28,144.48,False,4,0.0,37.05,124.77,scenario_normal_balanced,train,development,0.11
3020,1i,150.0,27,1.0588,24,144.48,False,4,0.0,37.05,124.77,scenario_normal_balanced,train,development,0.11
3025,1i,150.0,25,0.488,24,144.48,False,4,0.0,37.05,124.77,scenario_normal_balanced,train,development,0.11
3030,1i,150.0,24,0.0,24,144.48,False,4,0.0,37.05,124.77,scenario_normal_balanced,train,development,0.11
3035,1i,150.0,24,0.0,24,144.48,False,4,0.0,37.05,124.77,scenario_normal_balanced,train,development,0.11
3040,1i,150.0,25,0.6643,24,144.48,False,4,0.0,37.05,124.77,scenario_normal_balanced,train,development,0.11
3045,1i,150.0,26,1.369,24,144.48,False,4,0.0,37.05,124.77,scenario_normal_balanced,train,development,0.11
3050,1i,150.0,25,0.5065,23,144.48,False,4,0.0,37.05,124.77,scenario_normal_balanced,train,development,0.11
3055,1i,150.0,25,0.3388,20,144.48,False,4,0.3551,35.38,124.77,scenario_normal_balanced,train,development,0.11
3060,1i,150.0,25,0.3655,18,144.48,False,5,5.5018,25.94,383.85,scenario_normal_balanced,train,development,0.11
3065,1i,150.0,26,1.1539,19,144.48,False,5,4.8043,23.01,263.46,scenario_normal_balanced,train,development,0.11
3070,1i,150.0,27,1.7554,19,144.48,False,5,4.6672,23.01,143.13,scenario_normal_balanced,train,development,0.11
3075,1i,150.0,27,1.1968,20,144.0,False,5,3.6627,23.01,123.21,scenario_normal_balanced,train,development,0.11
3080,1i,150.0,28,0.4537,22,148.98,True,5,1.1865,10.13,117.85,scenario_normal_balanced,train,development,0.11
3085,1i,150.0,28,0.1967,25,111.36,False,5,0.1497,8.0,111.36,scenario_normal_balanced,train,development,0.11
3090,1i,150.0,30,0.5279,28,138.03,False,5,0.0044,8.0,110.79,scenario_normal_balanced,train,development,0.11
3095,1i,150.0,30,0.4538,29,144.53,False,5,0.0007,8.0,110.73,scenario_normal_balanced,train,development,0.11
3100,1i,150.0,31,0.5807,29,144.45,False,5,0.0,8.0,110.73,scenario_normal_balanced,train,development,0.11
3105,1i,150.0,31,0.102,30,144.45,False,5,0.0,8.0,110.73,scenario_normal_balanced,train,development,0.11
3110,1i,150.0,27,0.3362,25,144.45,False,4,0.0,23.01,110.73,scenario_normal_balanced,train,development,0.11
3115,1i,150.0,25,0.0,25,144.45,False,6,9.0825,23.01,374.62,scenario_normal_balanced,train,development,0.11
3120,1i,150.0,26,0.683,25,144.45,False,6,7.2031,23.01,264.63,scenario_normal_balanced,train,development,0.11
3125,1i,150.0,26,1.0542,25,144.45,False,6,5.2477,23.01,218.94,scenario_normal_balanced,train,development,0.11
3130,1i,150.0,26,0.5158,25,144.45,False,6,2.2355,11.27,217.54,scenario_normal_balanced,train,development,0.11
3135,1i,150.0,25,0.0,25,144.45,False,5,0.0,23.01,217.54,scenario_normal_balanced,train,development,0.11
3140,1i,150.0,24,0.1995,22,144.45,False,5,0.0,23.01,217.54,scenario_normal_balanced,train,development,0.11
3145,1i,150.0,23,1.3094,19,144.45,False,5,1.4022,12.85,217.54,scenario_normal_balanced,train,development,0.11
3150,1i,150.0,23,1.2203,17,144.45,False,5,0.2824,5.04,217.54,scenario_normal_balanced,train,development,0.11
3155,1i,150.0,24,1.3321,16,144.45,False,6,4.4962,5.0,403.52,scenario_normal_balanced,train,development,0.11
3160,1i,150.0,24,0.7801,17,144.45,False,6,3.534,5.0,283.32,scenario_normal_balanced,train,development,0.11
3165,1i,150.0,24,0.6003,17,144.18,False,6,3.362,5.0,217.54,scenario_normal_balanced,train,development,0.11
3170,1i,150.0,25,1.0946,18,82.62,False,6,3.3061,5.0,217.54,scenario_normal_balanced,train,development,0.11
3175,1i,150.0,26,0.7642,21,113.96,False,6,2.1968,5.0,217.53,scenario_normal_balanced,train,development,0.11
3180,1i,150.0,28,0.8753,24,127.09,False,6,0.1114,5.0,216.58,scenario_normal_balanced,train,development,0.11
3185,1i,150.0,29,0.3517,28,148.85,True,6,0.1946,5.0,213.25,scenario_normal_balanced,train,development,0.11
3190,1i,150.0,29,0.0046,29,148.5,True,6,0.2894,5.0,205.97,scenario_normal_balanced,train,development,0.11
3195,1i,150.0,29,0.0,29,148.49,True,6,0.0909,5.0,200.99,scenario_normal_balanced,train,development,0.11
3200,1i,150.0,26,0.5178,25,148.49,True,5,0.0301,5.0,199.73,scenario_normal_balanced,train,development,0.11
3205,1i,150.0,27,1.409,25,148.49,True,5,0.0014,5.0,199.54,scenario_normal_balanced,train,development,0.11
3210,1i,150.0,26,0.6162,25,148.49,True,5,0.0,5.0,199.53,scenario_normal_balanced,train,development,0.11
3215,1i,150.0,25,0.0,25,148.49,True,5,0.0,5.0,199.53,scenario_normal_balanced,train,development,0.11
3220,1i,150.0,25,0.0,25,148.49,True,5,0.0,5.0,199.53,scenario_normal_balanced,train,development,0.11
3225,1i,150.0,26,0.7163,25,148.49,True,5,0.0,5.0,199.53,scenario_normal_balanced,train,development,0.11
3230,1i,150.0,24,0.4362,22,148.49,True,4,0.3177,10.73,199.53,scenario_normal_balanced,train,development,0.11
3235,1i,150.0,23,0.6675,19,148.49,True,3,0.0,74.73,199.53,scenario_normal_balanced,train,development,0.11
3240,1i,150.0,24,1.483,16,148.49,True,3,0.0,74.73,199.53,scenario_normal_balanced,train,development,0.11
3245,1i,150.0,24,1.3131,15,148.49,True,3,0.8232,71.12,199.53,scenario_normal_balanced,train,development,0.11
3250,1i,150.0,25,1.2256,14,148.49,True,3,1.4171,60.18,199.53,scenario_normal_balanced,train,development,0.11
3255,1i,150.0,25,1.1109,16,148.11,True,3,1.5299,51.5,199.53,scenario_normal_balanced,train,development,0.11
3260,1i,150.0,27,1.5009,17,69.27,False,3,0.0942,51.02,199.53,scenario_normal_balanced,train,development,0.11
3265,1i,150.0,27,0.8148,21,96.12,False,3,0.0889,51.01,199.12,scenario_normal_balanced,train,development,0.11
3270,1i,150.0,29,0.2436,24,121.07,False,3,0.4373,51.01,194.46,scenario_normal_balanced,train,development,0.11
3275,1i,150.0,31,0.6397,29,140.33,False,4,7.0538,51.01,456.61,scenario_normal_balanced,train,development,0.11
3280,1i,150.0,31,0.4762,30,143.8,False,4,6.1745,51.01,328.0,scenario_normal_balanced,train,development,0.11
3285,1i,150.0,31,0.1396,30,143.78,False,4,2.9093,51.01,248.61,scenario_normal_balanced,train,development,0.11
3290,1i,150.0,27,0.7344,26,143.78,False,4,0.4662,51.01,223.33,scenario_normal_balanced,train,development,0.11
3295,1i,150.0,27,0.3383,26,143.78,False,4,0.0258,51.01,219.99,scenario_normal_balanced,train,development,0.11
3300,1i,150.0,26,0.0,26,143.78,False,4,0.0003,51.01,219.91,scenario_normal_balanced,train,development,0.11
3305,1i,150.0,27,0.6333,26,143.78,False,5,5.3389,51.01,403.03,scenario_normal_balanced,train,development,0.11
3310,1i,150.0,27,0.5924,26,143.78,False,5,5.224,51.01,269.07,scenario_normal_balanced,train,development,0.11
3315,1i,150.0,27,1.0008,26,143.78,False,5,5.4045,51.01,219.91,scenario_normal_balanced,train,development,0.11
3320,1i,150.0,25,0.6586,23,143.78,False,5,2.9844,31.59,219.91,scenario_normal_balanced,train,development,0.11
3325,1i,150.0,24,0.4772,19,143.78,False,5,0.0235,1.0,219.91,scenario_normal_balanced,train,development,0.11
3330,1i,150.0,25,1.1459,18,143.78,False,5,0.064,1.0,219.91,scenario_normal_balanced,train,development,0.11
3335,1i,150.0,25,0.896,18,143.78,False,5,0.4255,1.0,219.91,scenario_normal_balanced,train,development,0.11
3340,1i,150.0,25,0.3644,20,143.78,False,5,0.3114,1.0,219.91,scenario_normal_balanced,train,development,0.11
3345,1i,150.0,26,1.1177,18,143.71,False,5,0.0159,1.0,219.91,scenario_normal_balanced,train,development,0.11
3350,1i,150.0,27,0.6351,20,148.82,True,5,0.0112,1.0,219.91,scenario_normal_balanced,train,development,0.11
3355,1i,150.0,28,0.7783,23,114.45,False,5,0.217,1.0,219.9,scenario_normal_balanced,train,development,0.11
3360,1i,150.0,28,0.6737,25,124.93,False,5,0.3943,1.0,219.3,scenario_normal_balanced,train,development,0.11
3365,1i,150.0,29,0.1526,28,149.9,True,5,0.5076,1.0,214.25,scenario_normal_balanced,train,development,0.11
3370,1i,150.0,30,0.7835,29,149.82,True,5,0.1193,1.0,209.64,scenario_normal_balanced,train,development,0.11
3375,1i,150.0,30,0.4859,29,149.82,True,5,0.0776,1.0,205.87,scenario_normal_balanced,train,development,0.11
3380,1i,150.0,26,0.2883,25,149.82,True,4,0.0136,36.01,204.93,scenario_normal_balanced,train,development,0.11
3385,1i,150.0,26,0.6091,25,149.82,True,4,0.0001,36.01,204.9,scenario_normal_balanced,train,development,0.11
3390,1i,150.0,25,0.0,25,149.82,True,4,0.0,36.01,204.9,scenario_normal_balanced,train,development,0.11
3395,1i,150.0,25,0.0,25,149.82,True,4,0.0,36.01,204.9,scenario_normal_balanced,train,development,0.11
3400,1i,150.0,26,0.7403,25,149.82,True,4,0.0,36.01,204.9,scenario_normal_balanced,train,development,0.11
3405,1i,150.0,25,0.0,25,149.82,True,4,0.0,36.01,204.9,scenario_normal_balanced,train,development,0.11
3410,1i,150.0,24,0.7337,22,149.82,True,4,0.0,36.01,204.9,scenario_normal_balanced,train,development,0.11
3415,1i,150.0,23,0.9124,18,149.82,True,4,0.0,36.01,204.9,scenario_normal_balanced,train,development,0.11
3420,1i,150.0,23,0.4964,17,149.82,True,4,1.035,26.77,204.9,scenario_normal_balanced,train,development,0.11
3425,1i,150.0,24,1.4875,18,149.82,True,4,0.5113,23.32,204.9,scenario_normal_balanced,train,development,0.11
3430,1i,150.0,24,0.8459,18,149.82,True,4,0.0095,23.3,204.9,scenario_normal_balanced,train,development,0.11
3435,1i,150.0,25,0.998,17,149.48,True,4,0.0056,23.3,204.9,scenario_normal_balanced,train,development,0.11
3440,1i,150.0,25,0.7645,19,101.41,False,4,0.2479,23.3,204.9,scenario_normal_balanced,train,development,0.11
3445,1i,150.0,26,0.3927,23,123.63,False,5,5.7725,23.3,429.54,scenario_normal_balanced,train,development,0.11
3450,1i,150.0,27,0.041,26,148.74,True,5,3.9286,23.3,310.55,scenario_normal_balanced,train,development,0.11
3455,1i,150.0,27,0.0015,27,148.13,True,5,3.3329,23.3,225.04,scenario_normal_balanced,train,development,0.11
3460,1i,150.0,29,1.0351,27,148.11,True,5,3.5739,23.3,192.54,scenario_normal_balanced,train,development,0.11
3465,1i,150.0,29,0.774,27,148.11,True,5,2.915,23.3,192.21,scenario_normal_balanced,train,development,0.11
3470,1i,150.0,26,0.5774,24,148.11,True,5,1.5869,16.07,192.19,scenario_normal_balanced,train,development,0.11
3475,1i,150.0,24,0.0,24,148.11,True,4,0.0,23.3,192.19,scenario_normal_balanced,train,development,0.11
3480,1i,150.0,25,0.9884,24,148.11,True,4,0.0,23.3,192.19,scenario_normal_balanced,train,development,0.11
3485,1i,150.0,25,0.5778,24,148.11,True,4,0.0,23.3,192.19,scenario_normal_balanced,train,development,0.11
3490,1i,150.0,25,0.7322,24,148.11,True,4,0.0,23.3,192.19,scenario_normal_balanced,train,development,0.11
3495,1i,150.0,25,0.4234,24,148.11,True,5,3.5018,23.3,418.03,scenario_normal_balanced,train,development,0.11
3500,1i,150.0,23,0.0475,21,148.11,True,5,2.6018,23.3,343.99,scenario_normal_balanced,train,development,0.11
3505,1i,150.0,22,0.3357,18,148.11,True,5,2.1688,18.7,292.2,scenario_normal_balanced,train,development,0.11
3510,1i,150.0,23,1.1536,17,148.11,True,5,1.2347,12.1,262.91,scenario_normal_balanced,train,development,0.11
3515,1i,150.0,24,1.2732,18,148.11,True,5,0.0537,12.0,254.68,scenario_normal_balanced,train,development,0.11
3520,1i,150.0,24,0.9387,17,148.11,True,5,0.0001,12.0,254.66,scenario_normal_balanced,train,development,0.11
3525,1i,150.0,24,0.5456,17,147.64,True,5,0.0297,12.0,254.66,scenario_normal_balanced,train,development,0.11
3530,1i,150.0,25,0.2848,21,148.81,True,5,0.2537,12.0,254.66,scenario_normal_balanced,train,development,0.11
3535,1i,150.0,27,0.9153,23,133.3,False,5,0.2476,12.0,254.66,scenario_normal_balanced,train,development,0.11
3540,1i,150.0,28,0.8971,26,145.03,True,5,0.2947,12.0,254.52,scenario_normal_balanced,train,development,0.11
3545,1i,150.0,28,0.6503,27,144.83,False,5,0.164,12.0,253.03,scenario_normal_balanced,train,development,0.11
3550,1i,150.0,28,0.1567,27,144.81,False,5,0.2466,12.0,249.32,scenario_normal_balanced,train,development,0.11
3555,1i,150.0,28,0.0001,28,144.81,False,5,0.1339,12.0,244.94,scenario_normal_balanced,train,development,0.11
3560,1i,150.0,24,0.2055,23,144.81,False,5,0.0076,12.0,243.49,scenario_normal_balanced,train,development,0.11
3565,1i,150.0,24,0.806,23,144.81,False,5,0.0019,12.0,243.37,scenario_normal_balanced,train,development,0.11
3570,1i,150.0,24,0.8003,23,144.81,False,5,0.0,12.0,243.37,scenario_normal_balanced,train,development,0.11
3575,1i,150.0,24,0.6492,23,144.81,False,6,4.3983,12.0,456.91,scenario_normal_balanced,train,development,0.11
3580,1i,150.0,23,0.0,23,144.81,False,6,3.319,12.0,336.98,scenario_normal_balanced,train,development,0.11
3585,1i,150.0,23,0.0,23,144.81,False,6,0.9857,12.0,279.41,scenario_normal_balanced,train,development,0.11
3590,1i,150.0,23,1.1583,20,144.81,False,6,0.2468,10.55,275.47,scenario_normal_balanced,train,development,0.11
3595,1i,150.0,22,1.693,16,144.81,False,5,0.8789,23.67,275.45,scenario_normal_balanced,train,development,0.11
3600,1i,150.0,22,1.0695,17,144.81,False,5,0.0862,12.16,275.45,scenario_normal_balanced,train,development,0.11
0,2i,150.0,0,0.0,0,0.0,False,0,,,,scenario_normal_balanced,train,development,0.11
5,2i,150.0,0,0.0,0,0.0,False,0,,,,scenario_normal_balanced,train,development,0.11
10,2i,150.0,0,0.0,0,0.0,False,0,,,,scenario_normal_balanced,train,development,0.11
15,2i,150.0,1,24.6855,0,0.0,False,0,,,,scenario_normal_balanced,train,development,0.11
20,2i,150.0,3,17.6466,0,0.0,False,0,,,,scenario_normal_balanced,train,development,0.11
25,2i,150.0,3,10.3207,0,0.0,False,0,,,,scenario_normal_balanced,train,development,0.11
30,2i,150.0,3,0.3401,1,1.0,False,0,,,,scenario_normal_balanced,train,development,0.11
35,2i,150.0,3,0.0,3,1.0,False,0,,,,scenario_normal_balanced,train,development,0.11
40,2i,150.0,3,0.0,3,1.0,False,0,,,,scenario_normal_balanced,train,development,0.11
45,2i,150.0,4,4.7572,3,1.0,False,0,,,,scenario_normal_balanced,train,development,0.11
50,2i,150.0,4,10.1339,1,1.0,False,0,,,,scenario_normal_balanced,train,development,0.11
55,2i,150.0,3,4.457,2,8.01,False,0,,,,scenario_normal_balanced,train,development,0.11
60,2i,150.0,2,0.0,2,8.0,False,0,,,,scenario_normal_balanced,train,development,0.11
65,2i,150.0,2,0.0,2,8.0,False,0,,,,scenario_normal_balanced,train,development,0.11
70,2i,150.0,5,14.5381,2,8.0,False,0,,,,scenario_normal_balanced,train,development,0.11
75,2i,150.0,5,7.9834,2,8.0,False,0,,,,scenario_normal_balanced,train,development,0.11
80,2i,150.0,4,2.7521,1,1.07,False,0,,,,scenario_normal_balanced,train,development,0.11
85,2i,150.0,2,0.0,2,1.0,False,0,,,,scenario_normal_balanced,train,development,0.11
90,2i,150.0,2,0.0,2,1.0,False,0,,,,scenario_normal_balanced,train,development,0.11
95,2i,150.0,2,0.0,2,1.0,False,0,,,,scenario_normal_balanced,train,development,0.11
100,2i,150.0,4,9.2196,2,1.0,False,0,,,,scenario_normal_balanced,train,development,0.11
105,2i,150.0,5,7.2655,2,1.0,False,0,,,,scenario_normal_balanced,train,development,0.11
110,2i,150.0,5,2.3615,3,1.0,False,0,,,,scenario_normal_balanced,train,development,0.11
115,2i,150.0,5,0.2908,4,5.01,False,0,,,,scenario_normal_balanced,train,development,0.11
120,2i,150.0,6,4.2772,5,8.0,False,0,,,,scenario_normal_balanced,train,development,0.11
125,2i,150.0,8,7.5488,5,8.0,False,0,,,,scenario_normal_balanced,train,development,0.11
130,2i,150.0,8,3.3282,5,8.0,False,0,,,,scenario_normal_balanced,train,development,0.11
135,2i,150.0,8,0.3945,6,22.04,False,0,,,,scenario_normal_balanced,train,development,0.11
140,2i,150.0,4,2.0927,2,8.0,False,0,,,,scenario_normal_balanced,train,development,0.11
145,2i,150.0,2,0.0,2,8.0,False,0,,,,scenario_normal_balanced,train,development,0.11
150,2i,150.0,3,6.3174,2,8.0,False,0,,,,scenario_normal_balanced,train,development,0.11
155,2i,150.0,4,9.3446,2,8.0,False,0,,,,scenario_normal_balanced,train,development,0.11
160,2i,150.0,4,3.024,2,8.0,False,0,,,,scenario_normal_balanced,train,development,0.11
165,2i,150.0,3,0.0001,3,15.0,False,0,,,,scenario_normal_balanced,train,development,0.11
170,2i,150.0,2,3.2607,0,0.0,False,0,,,,scenario_normal_balanced,train,development,0.11
175,2i,150.0,1,23.7422,0,0.0,False,0,,,,scenario_normal_balanced,train,development,0.11
180,2i,150.0,3,18.8729,0,0.0,False,0,,,,scenario_normal_balanced,train,development,0.11
185,2i,150.0,3,7.5873,1,1.0,False,0,,,,scenario_normal_balanced,train,development,0.11
190,2i,150.0,3,0.0078,2,1.01,False,0,,,,scenario_normal_balanced,train,development,0.11
195,2i,150.0,3,0.0,3,1.0,False,1,25.5889,405.27,405.27,scenario_normal_balanced,train,development,0.11
200,2i,150.0,3,0.0,3,1.0,False,1,22.6297,287.1,287.1,scenario_normal_balanced,train,development,0.11
205,2i,150.0,5,9.3243,3,1.0,False,1,20.5042,180.77,180.77,scenario_normal_balanced,train,development,0.11
210,2i,150.0,6,7.0264,3,1.0,False,1,15.5067,89.59,89.59,scenario_normal_balanced,train,development,0.11
215,2i,150.0,6,2.5883,3,1.0,False,1,9.5439,21.12,21.12,scenario_normal_balanced,train,development,0.11
220,2i,150.0,6,0.056,6,8.0,False,2,13.9803,5.02,483.3,scenario_normal_balanced,train,development,0.11
225,2i,150.0,6,0.0,6,8.0,False,2,13.1305,5.0,349.06,scenario_normal_balanced,train,development,0.11
230,2i,150.0,3,5.4882,2,8.0,False,1,26.7316,215.64,215.64,scenario_normal_balanced,train,development,0.11
235,2i,150.0,4,11.634,2,8.0,False,1,24.4899,81.15,81.15,scenario_normal_balanced,train,development,0.11
240,2i,150.0,4,4.6512,2,8.0,False,1,10.4899,0.7,0.7,scenario_normal_balanced,train,development,0.11
245,2i,150.0,3,0.0144,3,12.02,False,0,,,,scenario_normal_balanced,train,development,0.11
250,2i,150.0,3,0.0,3,12.0,False,1,26.2746,402.62,402.62,scenario_normal_balanced,train,development,0.11
255,2i,150.0,4,6.0713,3,12.0,False,1,27.3538,268.06,268.06,scenario_normal_balanced,train,development,0.11
260,2i,150.0,5,14.0712,0,0.0,False,1,26.3822,134.44,134.44,scenario_normal_balanced,train,development,0.11
265,2i,150.0,3,9.7796,0,0.0,False,1,14.1019,36.82,36.82,scenario_normal_balanced,train,development,0.11
270,2i,150.0,3,1.2168,1,1.0,False,1,1.9801,1.34,1.34,scenario_normal_balanced,train,development,0.11
275,2i,150.0,3,0.0002,3,1.0,False,2,9.423,1.0,454.41,scenario_normal_balanced,train,development,0.11
280,2i,150.0,4,6.3323,3,1.0,False,2,9.6572,1.0,357.95,scenario_normal_balanced,train,development,0.11
285,2i,150.0,4,2.8323,3,1.0,False,2,9.6626,1.0,261.83,scenario_normal_balanced,train,development,0.11
290,2i,150.0,4,0.0739,4,8.01,False,2,8.6233,1.0,168.99,scenario_normal_balanced,train,development,0.11
295,2i,150.0,6,4.8301,4,8.0,False,2,6.5546,1.0,94.96,scenario_normal_balanced,train,development,0.11
300,2i,150.0,6,2.853,4,8.0,False,2,4.307,1.0,42.9,scenario_normal_balanced,train,development,0.11
305,2i,150.0,6,0.9202,4,8.0,False,2,2.057,1.0,13.33,scenario_normal_balanced,train,development,0.11
310,2i,150.0,6,0.06,6,8.0,False,2,0.1801,1.0,5.35,scenario_normal_balanced,train,development,0.11
315,2i,150.0,7,1.9718,6,8.0,False,2,0.002,1.0,5.01,scenario_normal_balanced,train,development,0.11
320,2i,150.0,5,8.7638,2,5.0,False,1,27.1113,456.19,456.19,scenario_normal_balanced,train,development,0.11
325,2i,150.0,4,4.5657,2,5.0,False,1,27.2626,320.81,320.81,scenario_normal_balanced,train,development,0.11
330,2i,150.0,3,0.0024,3,17.71,False,1,27.3409,186.42,186.42,scenario_normal_balanced,train,development,0.11
335,2i,150.0,4,4.4216,3,17.71,False,1,17.6864,72.03,72.03,scenario_normal_balanced,train,development,0.11
340,2i,150.0,3,0.0,3,17.71,False,0,,,,scenario_normal_balanced,train,development,0.11
345,2i,150.0,5,8.1369,3,17.71,False,0,,,,scenario_normal_balanced,train,development,0.11
350,2i,150.0,4,4.4442,1,16.97,False,0,,,,scenario_normal_balanced,train,development,0.11
355,2i,150.0,3,1.1434,1,1.0,False,0,,,,scenario_normal_balanced,train,development,0.11
360,2i,150.0,3,0.0003,3,7.81,False,0,,,,scenario_normal_balanced,train,development,0.11
365,2i,150.0,4,4.1204,3,7.81,False,0,,,,scenario_normal_balanced,train,development,0.11
370,2i,150.0,4,3.976,3,7.81,False,0,,,,scenario_normal_balanced,train,development,0.11
375,2i,150.0,6,6.3003,3,7.81,False,0,,,,scenario_normal_balanced,train,development,0.11
380,2i,150.0,6,3.8277,4,7.81,False,0,,,,scenario_normal_balanced,train,development,0.11
385,2i,150.0,6,1.3296,4,7.81,False,0,,,,scenario_normal_balanced,train,development,0.11
390,2i,150.0,7,2.3224,6,11.81,False,0,,,,scenario_normal_balanced,train,development,0.11
395,2i,150.0,7,0.5371,6,11.81,False,0,,,,scenario_normal_balanced,train,development,0.11
400,2i,150.0,8,1.9075,7,15.04,False,1,27.2026,456.1,456.1,scenario_normal_balanced,train,development,0.11
405,2i,150.0,9,1.5633,7,15.04,False,1,27.5651,320.87,320.87,scenario_normal_balanced,train,development,0.11
410,2i,150.0,6,1.8524,4,24.52,False,1,26.8266,186.52,186.52,scenario_normal_balanced,train,development,0.11
415,2i,150.0,5,3.4716,4,24.52,False,2,22.1508,73.87,375.82,scenario_normal_balanced,train,development,0.11
420,2i,150.0,4,0.0,4,24.52,False,1,27.5057,240.63,240.63,scenario_normal_balanced,train,development,0.11
425,2i,150.0,6,8.1598,4,24.52,False,1,27.2383,105.26,105.26,scenario_normal_balanced,train,development,0.11
430,2i,150.0,6,3.7779,4,24.52,False,1,13.3594,10.71,10.71,scenario_normal_balanced,train,development,0.11
435,2i,150.0,5,0.0004,5,28.53,False,0,,,,scenario_normal_balanced,train,development,0.11
440,2i,150.0,5,5.6832,2,28.52,False,1,26.839,428.9,428.9,scenario_normal_balanced,train,development,0.11
445,2i,150.0,3,8.4206,0,0.0,False,1,26.4784,294.61,294.61,scenario_normal_balanced,train,development,0.11
450,2i,150.0,3,0.1848,1,1.01,False,1,26.83,162.76,162.76,scenario_normal_balanced,train,development,0.11
455,2i,150.0,5,6.7603,3,5.0,False,1,16.9907,51.15,51.15,scenario_normal_balanced,train,development,0.11
460,2i,150.0,5,1.4589,3,5.0,False,1,4.4843,2.82,2.82,scenario_normal_balanced,train,development,0.11
465,2i,150.0,5,0.0011,5,9.0,False,1,0.0023,1.0,1.0,scenario_normal_balanced,train,development,0.11
470,2i,150.0,6,3.0465,5,9.0,False,1,0.0,1.0,1.0,scenario_normal_balanced,train,development,0.11
475,2i,150.0,6,2.0553,5,9.0,False,1,0.0,1.0,1.0,scenario_normal_balanced,train,development,0.11
480,2i,150.0,8,6.2597,5,9.0,False,1,0.0,1.0,1.0,scenario_normal_balanced,train,development,0.11
485,2i,150.0,8,2.7121,6,9.0,False,1,0.0,1.0,1.0,scenario_normal_balanced,train,development,0.11
490,2i,150.0,8,0.1015,7,13.03,False,1,0.0,1.0,1.0,scenario_normal_balanced,train,development,0.11
495,2i,150.0,9,1.672,8,13.0,False,1,0.0,1.0,1.0,scenario_normal_balanced,train,development,0.11
500,2i,150.0,5,1.2404,4,13.0,False,0,,,,scenario_normal_balanced,train,development,0.11
505,2i,150.0,6,8.6651,4,13.0,False,0,,,,scenario_normal_balanced,train,development,0.11
510,2i,150.0,6,5.1379,4,13.0,False,0,,,,scenario_normal_balanced,train,development,0.11
515,2i,150.0,5,0.0232,4,13.0,False,0,,,,scenario_normal_balanced,train,development,0.11
520,2i,150.0,6,3.0256,5,17.01,False,0,,,,scenario_normal_balanced,train,development,0.11
525,2i,150.0,6,1.3038,5,17.01,False,0,,,,scenario_normal_balanced,train,development,0.11
530,2i,150.0,5,0.7752,3,17.01,False,0,,,,scenario_normal_balanced,train,development,0.11
535,2i,150.0,5,10.6174,1,1.0,False,0,,,,scenario_normal_balanced,train,development,0.11
540,2i,150.0,5,5.0061,3,5.01,False,0,,,,scenario_normal_balanced,train,development,0.11
545,2i,150.0,6,4.1893,3,5.0,False,0,,,,scenario_normal_balanced,train,development,0.11
550,2i,150.0,6,1.8845,5,9.0,False,0,,,,scenario_normal_balanced,train,development,0.11
555,2i,150.0,6,0.0881,5,9.0,False,0,,,,scenario_normal_balanced,train,development,0.11
560,2i,150.0,8,6.6706,6,9.0,False,0,,,,scenario_normal_balanced,train,development,0.11
565,2i,150.0,8,3.3391,6,9.0,False,0,,,,scenario_normal_balanced,train,development,0.11
570,2i,150.0,9,3.0865,6,9.0,False,0,,,,scenario_normal_balanced,train,development,0.11
575,2i,150.0,9,1.5287,8,16.0,False,0,,,,scenario_normal_balanced,train,development,0.11
580,2i,150.0,9,0.215,8,16.0,False,0,,,,scenario_normal_balanced,train,development,0.11
585,2i,150.0,9,0.0002,9,16.0,False,0,,,,scenario_normal_balanced,train,development,0.11
590,2i,150.0,5,3.5823,4,16.0,False,0,,,,scenario_normal_balanced,train,development,0.11
595,2i,150.0,6,3.3476,4,16.0,False,0,,,,scenario_normal_balanced,train,development,0.11
600,2i,150.0,7,4.1847,5,20.01,False,0,,,,scenario_normal_balanced,train,development,0.11
605,2i,150.0,5,0.0,5,20.01,False,0,,,,scenario_normal_balanced,train,development,0.11
610,2i,150.0,5,0.0,5,20.01,False,0,,,,scenario_normal_balanced,train,development,0.11
615,2i,150.0,6,4.4547,5,20.01,False,0,,,,scenario_normal_balanced,train,development,0.11
620,2i,150.0,5,6.6461,2,20.01,False,0,,,,scenario_normal_balanced,train,development,0.11
625,2i,150.0,4,7.8482,0,0.0,False,0,,,,scenario_normal_balanced,train,development,0.11
630,2i,150.0,4,2.6939,3,5.06,False,0,,,,scenario_normal_balanced,train,development,0.11
635,2i,150.0,4,0.0062,4,5.0,False,0,,,,scenario_normal_balanced,train,development,0.11
640,2i,150.0,4,0.0,4,5.0,False,0,,,,scenario_normal_balanced,train,development,0.11
645,2i,150.0,6,6.8651,4,5.0,False,0,,,,scenario_normal_balanced,train,development,0.11
650,2i,150.0,6,2.6267,4,5.0,False,0,,,,scenario_normal_balanced,train,development,0.11
655,2i,150.0,7,2.6327,6,12.01,False,0,,,,scenario_normal_balanced,train,development,0.11
660,2i,150.0,7,1.8598,6,12.0,False,1,24.8967,383.39,383.39,scenario_normal_balanced,train,development,0.11
665,2i,150.0,7,0.8664,6,12.0,False,1,24.3028,262.46,262.46,scenario_normal_balanced,train,development,0.11
670,2i,150.0,9,5.3507,7,12.0,False,1,24.0179,140.23,140.23,scenario_normal_balanced,train,development,0.11
675,2i,150.0,9,2.7542,7,12.0,False,1,13.5904,44.7,44.7,scenario_normal_balanced,train,development,0.11
680,2i,150.0,6,3.5976,3,12.0,False,1,1.1599,16.48,16.48,scenario_normal_balanced,train,development,0.11
685,2i,150.0,4,0.0003,4,16.01,False,1,0.0014,16.01,16.01,scenario_normal_balanced,train,development,0.11
690,2i,150.0,4,0.0,4,16.0,False,1,0.0,16.0,16.0,scenario_normal_balanced,train,development,0.11
695,2i,150.0,4,0.0,4,16.0,False,1,0.0,16.0,16.0,scenario_normal_balanced,train,development,0.11
700,2i,150.0,6,6.1787,4,16.0,False,1,0.0,16.0,16.0,scenario_normal_balanced,train,development,0.11
705,2i,150.0,7,4.6876,4,16.0,False,1,0.0,16.0,16.0,scenario_normal_balanced,train,development,0.11
710,2i,150.0,5,3.3765,3,23.01,False,1,0.0,16.0,16.0,scenario_normal_balanced,train,development,0.11
715,2i,150.0,4,0.9866,1,1.0,False,2,12.0319,1.09,385.56,scenario_normal_balanced,train,development,0.11
720,2i,150.0,4,0.0133,4,8.02,False,2,12.3123,1.0,263.88,scenario_normal_balanced,train,development,0.11
725,2i,150.0,6,7.7967,4,8.0,False,2,11.7123,1.0,145.61,scenario_normal_balanced,train,development,0.11
730,2i,150.0,7,7.7368,4,8.0,False,2,7.5171,1.0,44.73,scenario_normal_balanced,train,development,0.11
735,2i,150.0,7,2.147,4,8.0,False,2,0.9244,1.0,9.12,scenario_normal_balanced,train,development,0.11
740,2i,150.0,7,0.0935,6,12.01,False,2,0.0047,1.0,8.01,scenario_normal_balanced,train,development,0.11
745,2i,150.0,7,0.0,7,12.0,False,2,0.0,1.0,8.0,scenario_normal_balanced,train,development,0.11
750,2i,150.0,7,0.0,7,12.0,False,2,0.0,1.0,8.0,scenario_normal_balanced,train,development,0.11
755,2i,150.0,8,1.9493,7,12.0,False,2,0.0,1.0,8.0,scenario_normal_balanced,train,development,0.11
760,2i,150.0,9,1.5818,7,12.0,False,2,0.0,1.0,8.0,scenario_normal_balanced,train,development,0.11
765,2i,150.0,10,1.9403,8,19.0,False,2,0.0,1.0,8.0,scenario_normal_balanced,train,development,0.11
770,2i,150.0,6,2.331,4,19.0,False,1,0.0,1.0,1.0,scenario_normal_balanced,train,development,0.11
775,2i,150.0,4,0.0,4,19.0,False,1,0.0,1.0,1.0,scenario_normal_balanced,train,development,0.11
780,2i,150.0,6,7.8912,4,19.0,False,1,0.0,1.0,1.0,scenario_normal_balanced,train,development,0.11
785,2i,150.0,7,5.8575,4,19.0,False,1,0.0,1.0,1.0,scenario_normal_balanced,train,development,0.11
790,2i,150.0,6,2.7632,5,23.09,False,1,0.0,1.0,1.0,scenario_normal_balanced,train,development,0.11
795,2i,150.0,5,0.0,5,23.01,False,1,0.0,1.0,1.0,scenario_normal_balanced,train,development,0.11
800,2i,150.0,4,1.3436,2,23.01,False,0,,,,scenario_normal_balanced,train,development,0.11
805,2i,150.0,4,15.085,0,0.0,False,0,,,,scenario_normal_balanced,train,development,0.11
810,2i,150.0,5,10.3502,2,5.0,False,0,,,,scenario_normal_balanced,train,development,0.11
815,2i,150.0,5,2.866,2,5.0,False,0,,,,scenario_normal_balanced,train,development,0.11
820,2i,150.0,5,0.0005,4,12.0,False,0,,,,scenario_normal_balanced,train,development,0.11
825,2i,150.0,5,0.0,5,12.0,False,0,,,,scenario_normal_balanced,train,development,0.11
830,2i,150.0,5,0.0,5,12.0,False,0,,,,scenario_normal_balanced,train,development,0.11
835,2i,150.0,5,0.0,5,12.0,False,0,,,,scenario_normal_balanced,train,development,0.11
840,2i,150.0,8,5.969,5,12.0,False,0,,,,scenario_normal_balanced,train,development,0.11
845,2i,150.0,8,4.1095,5,12.0,False,0,,,,scenario_normal_balanced,train,development,0.11
850,2i,150.0,8,1.3986,5,12.0,False,1,26.402,402.4,402.4,scenario_normal_balanced,train,development,0.11
855,2i,150.0,8,0.0924,7,16.0,False,1,26.2039,270.15,270.15,scenario_normal_balanced,train,development,0.11
860,2i,150.0,5,5.1216,4,16.0,False,1,25.6078,136.59,136.59,scenario_normal_balanced,train,development,0.11
865,2i,150.0,6,5.2937,4,16.0,False,1,12.0324,49.76,49.76,scenario_normal_balanced,train,development,0.11
870,2i,150.0,6,2.9499,5,28.77,False,1,0.6994,28.77,28.77,scenario_normal_balanced,train,development,0.11
875,2i,150.0,6,2.7525,5,28.72,False,2,12.5001,28.72,480.3,scenario_normal_balanced,train,development,0.11
880,2i,150.0,5,0.0,5,28.72,False,2,8.8452,28.72,381.44,scenario_normal_balanced,train,development,0.11
885,2i,150.0,5,0.0,5,28.72,False,2,9.3279,28.72,290.36,scenario_normal_balanced,train,development,0.11
890,2i,150.0,4,5.4619,2,28.72,False,2,8.4028,28.72,200.13,scenario_normal_balanced,train,development,0.11
895,2i,150.0,5,8.122,0,0.0,False,2,9.7462,18.49,114.25,scenario_normal_balanced,train,development,0.11
900,2i,150.0,5,4.7879,3,13.74,False,2,7.7638,13.74,33.93,scenario_normal_balanced,train,development,0.11
905,2i,150.0,5,0.9137,3,13.71,False,3,9.1315,1.0,401.42,scenario_normal_balanced,train,development,0.11
910,2i,150.0,5,0.0108,5,17.72,False,3,8.9312,1.0,264.84,scenario_normal_balanced,train,development,0.11
915,2i,150.0,8,9.312,5,17.71,False,3,8.0083,1.0,134.74,scenario_normal_balanced,train,development,0.11
920,2i,150.0,8,5.1702,5,17.71,False,3,4.7536,1.0,37.42,scenario_normal_balanced,train,development,0.11
925,2i,150.0,8,0.2595,6,31.76,False,3,0.1085,1.0,13.71,scenario_normal_balanced,train,development,0.11
930,2i,150.0,8,0.0003,8,31.75,False,3,0.0,1.0,13.71,scenario_normal_balanced,train,development,0.11
935,2i,150.0,8,0.0,8,31.75,False,3,0.0,1.0,13.71,scenario_normal_balanced,train,development,0.11
940,2i,150.0,8,0.0,8,31.75,False,3,0.0,1.0,13.71,scenario_normal_balanced,train,development,0.11
945,2i,150.0,9,1.8941,8,31.75,False,3,0.0,1.0,13.71,scenario_normal_balanced,train,development,0.11
950,2i,150.0,7,4.6086,4,31.75,False,1,0.0,13.71,13.71,scenario_normal_balanced,train,development,0.11
955,2i,150.0,7,4.2194,5,35.76,False,1,0.0,13.71,13.71,scenario_normal_balanced,train,development,0.11
960,2i,150.0,5,0.0,5,35.76,False,1,0.0,13.71,13.71,scenario_normal_balanced,train,development,0.11
965,2i,150.0,5,0.0,5,35.76,False,1,0.0,13.71,13.71,scenario_normal_balanced,train,development,0.11
970,2i,150.0,8,7.3835,5,35.76,False,1,0.0,13.71,13.71,scenario_normal_balanced,train,development,0.11
975,2i,150.0,8,3.7666,5,35.76,False,1,0.0,13.71,13.71,scenario_normal_balanced,train,development,0.11
980,2i,150.0,7,0.6638,5,39.76,False,1,2.9989,8.64,8.64,scenario_normal_balanced,train,development,0.11
985,2i,150.0,6,1.7509,2,1.0,False,1,26.7752,374.55,374.55,scenario_normal_balanced,train,development,0.11
990,2i,150.0,6,0.4313,4,15.09,False,1,26.8671,239.1,239.1,scenario_normal_balanced,train,development,0.11
995,2i,150.0,7,3.2731,6,23.05,False,1,22.9002,109.47,109.47,scenario_normal_balanced,train,development,0.11
1000,2i,150.0,9,5.3621,6,23.04,False,1,12.7826,29.82,29.82,scenario_normal_balanced,train,development,0.11
1005,2i,150.0,9,1.1965,6,23.04,False,1,0.8153,5.12,5.12,scenario_normal_balanced,train,development,0.11
1010,2i,150.0,9,0.0016,9,27.05,False,1,0.0,5.0,5.0,scenario_normal_balanced,train,development,0.11
1015,2i,150.0,9,0.0,9,27.05,False,1,0.0,5.0,5.0,scenario_normal_balanced,train,development,0.11
1020,2i,150.0,9,0.0,9,27.05,False,1,0.0,5.0,5.0,scenario_normal_balanced,train,development,0.11
1025,2i,150.0,12,5.044,9,27.05,False,1,0.0,5.0,5.0,scenario_normal_balanced,train,development,0.11
1030,2i,150.0,12,2.5503,9,27.05,False,1,0.0,5.0,5.0,scenario_normal_balanced,train,development,0.11
1035,2i,150.0,12,0.0461,10,27.05,False,1,0.0,5.0,5.0,scenario_normal_balanced,train,development,0.11
1040,2i,150.0,6,0.0,6,34.05,False,0,,,,scenario_normal_balanced,train,development,0.11
1045,2i,150.0,6,0.0,6,34.05,False,0,,,,scenario_normal_balanced,train,development,0.11
1050,2i,150.0,7,2.283,6,34.05,False,0,,,,scenario_normal_balanced,train,development,0.11
1055,2i,150.0,8,4.8672,6,34.05,False,0,,,,scenario_normal_balanced,train,development,0.11
1060,2i,150.0,7,0.4608,6,34.05,False,1,27.77,483.3,483.3,scenario_normal_balanced,train,development,0.11
1065,2i,150.0,7,0.0001,7,41.05,False,1,26.4323,349.07,349.07,scenario_normal_balanced,train,development,0.11
1070,2i,150.0,6,0.3413,5,41.05,False,1,27.0622,214.36,214.36,scenario_normal_balanced,train,development,0.11
1075,2i,150.0,7,4.2542,2,40.16,False,1,18.1254,97.87,97.87,scenario_normal_balanced,train,development,0.11
1080,2i,150.0,9,6.6468,4,13.1,False,1,12.2734,21.94,21.94,scenario_normal_balanced,train,development,0.11
1085,2i,150.0,9,2.1056,7,27.05,False,1,0.0,1.0,1.0,scenario_normal_balanced,train,development,0.11
1090,2i,150.0,9,0.0644,8,34.02,False,2,12.0024,1.0,408.7,scenario_normal_balanced,train,development,0.11
1095,2i,150.0,9,0.0001,9,34.01,False,4,17.992,1.0,408.22,scenario_normal_balanced,train,development,0.11
1100,2i,150.0,9,0.0,9,34.01,False,4,18.2647,1.0,288.34,scenario_normal_balanced,train,development,0.11
1105,2i,150.0,10,1.4448,9,34.01,False,4,15.6781,1.0,166.46,scenario_normal_balanced,train,development,0.11
1110,2i,150.0,12,3.0713,9,34.01,False,4,9.214,1.0,71.12,scenario_normal_balanced,train,development,0.11
1115,2i,150.0,12,0.6171,10,34.01,False,5,6.1509,1.0,433.27,scenario_normal_balanced,train,development,0.11
1120,2i,150.0,12,0.0006,12,38.01,False,5,4.7376,1.0,313.52,scenario_normal_balanced,train,development,0.11
1125,2i,150.0,12,0.0,12,38.01,False,5,4.8836,1.0,194.04,scenario_normal_balanced,train,development,0.11
1130,2i,150.0,9,1.8706,8,38.01,False,2,8.4177,38.01,87.22,scenario_normal_balanced,train,development,0.11
1135,2i,150.0,10,4.3478,8,38.01,False,2,9.6325,6.1,38.01,scenario_normal_balanced,train,development,0.11
1140,2i,150.0,10,2.4483,8,38.01,False,1,0.0,38.01,38.01,scenario_normal_balanced,train,development,0.11
1145,2i,150.0,9,0.7663,8,38.01,False,1,0.0,38.01,38.01,scenario_normal_balanced,train,development,0.11
1150,2i,150.0,9,0.0336,9,45.04,False,1,0.0,38.01,38.01,scenario_normal_balanced,train,development,0.11
1155,2i,150.0,10,1.7234,9,45.01,False,1,0.0,38.01,38.01,scenario_normal_balanced,train,development,0.11
1160,2i,150.0,8,1.8146,6,45.01,False,1,0.0,38.01,38.01,scenario_normal_balanced,train,development,0.11
1165,2i,150.0,9,4.4908,2,45.01,False,1,0.3079,37.7,37.7,scenario_normal_balanced,train,development,0.11
1170,2i,150.0,9,2.6194,4,15.01,False,1,1.4155,27.41,27.41,scenario_normal_balanced,train,development,0.11
1175,2i,150.0,9,0.4667,7,33.1,False,1,0.0169,26.02,26.02,scenario_normal_balanced,train,development,0.11
1180,2i,150.0,10,2.0656,9,45.72,False,1,0.0,26.01,26.01,scenario_normal_balanced,train,development,0.11
1185,2i,150.0,10,1.4476,9,45.72,False,1,0.0001,26.01,26.01,scenario_normal_balanced,train,development,0.11
1190,2i,150.0,12,3.0594,9,45.72,False,1,0.0,26.01,26.01,scenario_normal_balanced,train,development,0.11
1195,2i,150.0,12,0.5211,10,45.72,False,1,0.0,26.01,26.01,scenario_normal_balanced,train,development,0.11
1200,2i,150.0,12,0.0,12,52.72,False,1,0.0,26.01,26.01,scenario_normal_balanced,train,development,0.11
1205,2i,150.0,12,0.0,12,52.72,False,1,0.0,26.01,26.01,scenario_normal_balanced,train,development,0.11
1210,2i,150.0,13,1.2576,12,52.72,False,1,0.0,26.01,26.01,scenario_normal_balanced,train,development,0.11
1215,2i,150.0,13,0.4486,12,52.72,False,1,0.0,26.01,26.01,scenario_normal_balanced,train,development,0.11
1220,2i,150.0,10,3.1074,8,52.72,False,1,0.0,26.01,26.01,scenario_normal_balanced,train,development,0.11
1225,2i,150.0,10,1.5377,8,52.72,False,1,0.0,26.01,26.01,scenario_normal_balanced,train,development,0.11
1230,2i,150.0,9,0.0,9,56.72,False,1,0.0,26.01,26.01,scenario_normal_balanced,train,development,0.11
1235,2i,150.0,10,1.951,9,56.72,False,1,0.0,26.01,26.01,scenario_normal_balanced,train,development,0.11
1240,2i,150.0,10,1.6468,9,56.72,False,1,0.0,26.01,26.01,scenario_normal_balanced,train,development,0.11
1245,2i,150.0,11,3.0983,9,56.72,False,1,0.0,26.01,26.01,scenario_normal_balanced,train,development,0.11
1250,2i,150.0,9,0.9238,6,56.72,False,1,0.0,26.01,26.01,scenario_normal_balanced,train,development,0.11
1255,2i,150.0,8,1.8466,4,63.72,False,1,5.8126,10.5,10.5,scenario_normal_balanced,train,development,0.11
1260,2i,150.0,8,1.5081,3,5.04,False,1,0.0278,5.04,5.04,scenario_normal_balanced,train,development,0.11
1265,2i,150.0,9,2.2146,6,31.82,False,1,0.0005,5.0,5.0,scenario_normal_balanced,train,development,0.11
1270,2i,150.0,10,3.9531,8,42.73,False,1,0.0,5.0,5.0,scenario_normal_balanced,train,development,0.11
1275,2i,150.0,11,2.5642,8,42.72,False,1,0.0,5.0,5.0,scenario_normal_balanced,train,development,0.11
1280,2i,150.0,11,0.9633,10,46.81,False,1,0.0,5.0,5.0,scenario_normal_balanced,train,development,0.11
1285,2i,150.0,12,2.4461,10,46.72,False,1,0.0,5.0,5.0,scenario_normal_balanced,train,development,0.11
1290,2i,150.0,12,1.4415,10,46.72,False,1,0.0,5.0,5.0,scenario_normal_balanced,train,development,0.11
1295,2i,150.0,12,0.1814,11,46.72,False,1,0.0,5.0,5.0,scenario_normal_balanced,train,development,0.11
1300,2i,150.0,14,2.1933,12,46.72,False,1,0.0,5.0,5.0,scenario_normal_balanced,train,development,0.11
1305,2i,150.0,14,0.3431,13,53.8,False,1,0.0,5.0,5.0,scenario_normal_balanced,train,development,0.11
1310,2i,150.0,11,0.4836,9,53.72,False,1,0.0,5.0,5.0,scenario_normal_balanced,train,development,0.11
1315,2i,150.0,10,1.4453,9,53.72,False,2,13.8709,5.0,376.09,scenario_normal_balanced,train,development,0.11
1320,2i,150.0,10,1.7132,9,53.72,False,2,13.8498,5.0,239.99,scenario_normal_balanced,train,development,0.11
1325,2i,150.0,11,4.2295,9,53.72,False,2,9.771,5.0,119.76,scenario_normal_balanced,train,development,0.11
1330,2i,150.0,11,1.7332,9,53.72,False,2,3.041,5.0,62.78,scenario_normal_balanced,train,development,0.11
1335,2i,150.0,10,0.0002,10,57.72,False,2,0.001,5.0,57.72,scenario_normal_balanced,train,development,0.11
1340,2i,150.0,9,2.0032,7,57.72,False,1,0.0,57.72,57.72,scenario_normal_balanced,train,development,0.11
1345,2i,150.0,8,3.8427,4,57.72,False,1,0.0,57.72,57.72,scenario_normal_balanced,train,development,0.11
1350,2i,150.0,8,1.7892,2,8.05,False,1,3.7252,50.95,50.95,scenario_normal_balanced,train,development,0.11
1355,2i,150.0,10,3.7264,6,23.11,False,1,3.2691,36.72,36.72,scenario_normal_balanced,train,development,0.11
1360,2i,150.0,10,0.927,8,34.05,False,1,0.0634,34.05,34.05,scenario_normal_balanced,train,development,0.11
1365,2i,150.0,10,0.0007,10,38.01,False,1,0.0008,34.01,34.01,scenario_normal_balanced,train,development,0.11
1370,2i,150.0,11,1.7204,10,38.01,False,1,0.0,34.01,34.01,scenario_normal_balanced,train,development,0.11
1375,2i,150.0,11,0.5287,10,38.01,False,1,0.0,34.01,34.01,scenario_normal_balanced,train,development,0.11
1380,2i,150.0,11,0.0005,11,38.01,False,1,0.0,34.01,34.01,scenario_normal_balanced,train,development,0.11
1385,2i,150.0,13,2.3871,11,38.01,False,1,0.0,34.01,34.01,scenario_normal_balanced,train,development,0.11
1390,2i,150.0,13,1.3069,11,38.01,False,1,0.0,34.01,34.01,scenario_normal_balanced,train,development,0.11
1395,2i,150.0,14,1.4312,11,38.01,False,1,0.0,34.01,34.01,scenario_normal_balanced,train,development,0.11
1400,2i,150.0,10,1.0182,9,45.01,False,1,0.0,34.01,34.01,scenario_normal_balanced,train,development,0.11
1405,2i,150.0,11,4.397,9,45.01,False,1,0.0,34.01,34.01,scenario_normal_balanced,train,development,0.11
1410,2i,150.0,11,2.337,9,45.01,False,1,0.0,34.01,34.01,scenario_normal_balanced,train,development,0.11
1415,2i,150.0,10,0.0268,10,57.76,False,1,0.0,34.01,34.01,scenario_normal_balanced,train,development,0.11
1420,2i,150.0,11,1.2987,10,57.72,False,1,0.0,34.01,34.01,scenario_normal_balanced,train,development,0.11
1425,2i,150.0,11,1.0684,10,57.72,False,1,0.0,34.01,34.01,scenario_normal_balanced,train,development,0.11
1430,2i,150.0,10,0.7002,8,57.72,False,1,0.0,34.01,34.01,scenario_normal_balanced,train,development,0.11
1435,2i,150.0,10,5.0819,4,57.72,False,1,1.7543,31.82,31.82,scenario_normal_balanced,train,development,0.11
1440,2i,150.0,10,2.3837,3,5.08,False,1,1.7342,17.0,17.0,scenario_normal_balanced,train,development,0.11
1445,2i,150.0,11,2.5365,8,27.38,False,1,0.0612,16.05,16.05,scenario_normal_balanced,train,development,0.11
1450,2i,150.0,11,1.4897,10,43.83,False,1,0.0,16.0,16.0,scenario_normal_balanced,train,development,0.11
1455,2i,150.0,11,0.3551,10,43.72,False,1,0.0,16.0,16.0,scenario_normal_balanced,train,development,0.11
1460,2i,150.0,11,0.0,11,43.72,False,1,0.0,16.0,16.0,scenario_normal_balanced,train,development,0.11
1465,2i,150.0,13,2.2827,11,43.72,False,1,0.0,16.0,16.0,scenario_normal_balanced,train,development,0.11
1470,2i,150.0,14,2.0096,11,43.72,False,1,0.0,16.0,16.0,scenario_normal_balanced,train,development,0.11
1475,2i,150.0,14,1.0556,13,47.72,False,1,0.0,16.0,16.0,scenario_normal_balanced,train,development,0.11
1480,2i,150.0,14,0.2151,13,47.72,False,1,0.0,16.0,16.0,scenario_normal_balanced,train,development,0.11
1485,2i,150.0,14,0.0001,14,47.72,False,1,0.0,16.0,16.0,scenario_normal_balanced,train,development,0.11
1490,2i,150.0,12,3.8581,9,47.72,False,1,0.0,16.0,16.0,scenario_normal_balanced,train,development,0.11
1495,2i,150.0,11,1.5826,9,47.72,False,1,0.0,16.0,16.0,scenario_normal_balanced,train,development,0.11
1500,2i,150.0,11,1.3052,10,51.72,False,1,0.0,16.0,16.0,scenario_normal_balanced,train,development,0.11
1505,2i,150.0,11,1.3737,10,51.72,False,1,0.0,16.0,16.0,scenario_normal_balanced,train,development,0.11
1510,2i,150.0,10,0.0,10,51.72,False,1,0.0,16.0,16.0,scenario_normal_balanced,train,development,0.11
1515,2i,150.0,11,2.3967,10,51.72,False,1,0.0,16.0,16.0,scenario_normal_balanced,train,development,0.11
1520,2i,150.0,9,1.856,7,51.72,False,1,0.0,16.0,16.0,scenario_normal_balanced,train,development,0.11
1525,2i,150.0,10,3.8807,3,51.72,False,1,0.1773,0.55,0.55,scenario_normal_balanced,train,development,0.11
1530,2i,150.0,10,2.8416,4,11.59,False,1,0.0,0.55,0.55,scenario_normal_balanced,train,development,0.11
1535,2i,150.0,10,0.8277,7,32.37,False,1,0.0,0.55,0.55,scenario_normal_balanced,train,development,0.11
1540,2i,150.0,10,0.0088,10,43.29,False,1,0.0,0.55,0.55,scenario_normal_balanced,train,development,0.11
1545,2i,150.0,12,3.0722,10,43.26,False,1,0.0,0.55,0.55,scenario_normal_balanced,train,development,0.11
1550,2i,150.0,12,0.9738,10,43.26,False,1,0.0,0.55,0.55,scenario_normal_balanced,train,development,0.11
1555,2i,150.0,13,1.3521,12,57.31,False,1,0.0,0.55,0.55,scenario_normal_balanced,train,development,0.11
1560,2i,150.0,13,0.6319,12,57.3,False,1,0.0,0.55,0.55,scenario_normal_balanced,train,development,0.11
1565,2i,150.0,13,0.0031,13,57.3,False,2,13.6949,0.55,428.26,scenario_normal_balanced,train,development,0.11
1570,2i,150.0,15,2.9018,13,57.3,False,2,13.7506,0.55,292.19,scenario_normal_balanced,train,development,0.11
1575,2i,150.0,15,1.0682,13,57.3,False,2,11.9675,0.55,160.74,scenario_normal_balanced,train,development,0.11
1580,2i,150.0,11,1.4436,10,64.32,False,2,7.9225,0.55,71.08,scenario_normal_balanced,train,development,0.11
1585,2i,150.0,10,0.0,10,64.31,False,1,0.0,0.55,0.55,scenario_normal_balanced,train,development,0.11
1590,2i,150.0,10,0.0,10,64.31,False,2,12.5,0.55,480.3,scenario_normal_balanced,train,development,0.11
1595,2i,150.0,10,0.0,10,64.31,False,2,12.0181,0.55,360.66,scenario_normal_balanced,train,development,0.11
1600,2i,150.0,11,1.7397,10,64.31,False,2,12.4586,0.55,238.85,scenario_normal_balanced,train,development,0.11
1605,2i,150.0,13,3.4153,10,64.31,False,2,7.9093,0.55,140.75,scenario_normal_balanced,train,development,0.11
1610,2i,150.0,11,2.0276,7,64.31,False,1,14.1496,54.25,54.25,scenario_normal_balanced,train,development,0.11
1615,2i,150.0,10,1.9882,5,68.31,False,1,5.4221,3.45,3.45,scenario_normal_balanced,train,development,0.11
1620,2i,150.0,10,1.2657,4,66.52,False,1,0.0,1.0,1.0,scenario_normal_balanced,train,development,0.11
1625,2i,150.0,10,0.8717,6,13.06,False,1,0.0,1.0,1.0,scenario_normal_balanced,train,development,0.11
1630,2i,150.0,12,2.6804,9,41.09,False,1,0.0,1.0,1.0,scenario_normal_balanced,train,development,0.11
1635,2i,150.0,13,2.6297,10,45.05,False,1,0.0,1.0,1.0,scenario_normal_balanced,train,development,0.11
1640,2i,150.0,13,1.4573,10,45.05,False,1,0.0,1.0,1.0,scenario_normal_balanced,train,development,0.11
1645,2i,150.0,13,0.4936,12,57.79,False,1,0.0,1.0,1.0,scenario_normal_balanced,train,development,0.11
1650,2i,150.0,13,0.1596,12,57.76,False,1,0.0,1.0,1.0,scenario_normal_balanced,train,development,0.11
1655,2i,150.0,15,1.8872,13,57.76,False,1,0.0,1.0,1.0,scenario_normal_balanced,train,development,0.11
1660,2i,150.0,16,1.2794,14,71.8,False,1,0.0,1.0,1.0,scenario_normal_balanced,train,development,0.11
1665,2i,150.0,16,0.3831,15,71.8,False,1,0.0,1.0,1.0,scenario_normal_balanced,train,development,0.11
1670,2i,150.0,14,0.681,10,71.8,False,0,,,,scenario_normal_balanced,train,development,0.11
1675,2i,150.0,11,0.5525,10,71.8,False,0,,,,scenario_normal_balanced,train,development,0.11
1680,2i,150.0,12,3.5022,10,71.8,False,0,,,,scenario_normal_balanced,train,development,0.11
1685,2i,150.0,13,2.4617,10,71.8,False,0,,,,scenario_normal_balanced,train,development,0.11
1690,2i,150.0,12,1.2866,11,75.8,False,0,,,,scenario_normal_balanced,train,development,0.11
1695,2i,150.0,11,0.0,11,75.8,False,0,,,,scenario_normal_balanced,train,development,0.11
1700,2i,150.0,9,0.2281,8,75.8,False,0,,,,scenario_normal_balanced,train,development,0.11
1705,2i,150.0,9,6.08,4,75.8,False,0,,,,scenario_normal_balanced,train,development,0.11
1710,2i,150.0,10,4.9098,1,1.0,False,0,,,,scenario_normal_balanced,train,development,0.11
1715,2i,150.0,10,2.5593,4,26.06,False,0,,,,scenario_normal_balanced,train,development,0.11
1720,2i,150.0,10,0.5504,8,56.99,False,1,25.0,480.3,480.3,scenario_normal_balanced,train,development,0.11
1725,2i,150.0,10,0.004,10,63.8,False,1,23.8298,360.56,360.56,scenario_normal_balanced,train,development,0.11
1730,2i,150.0,10,0.0,10,63.8,False,1,23.546,241.81,241.81,scenario_normal_balanced,train,development,0.11
1735,2i,150.0,13,4.6098,10,63.8,False,1,23.4061,120.07,120.07,scenario_normal_balanced,train,development,0.11
1740,2i,150.0,13,2.4935,10,63.8,False,1,12.5787,30.22,30.22,scenario_normal_balanced,train,development,0.11
1745,2i,150.0,13,0.3743,11,67.8,False,1,0.347,5.04,5.04,scenario_normal_balanced,train,development,0.11
1750,2i,150.0,13,0.0003,13,67.8,False,2,13.3253,5.0,456.65,scenario_normal_balanced,train,development,0.11
1755,2i,150.0,13,0.0,13,67.8,False,2,12.3029,5.0,328.62,scenario_normal_balanced,train,development,0.11
1760,2i,150.0,9,0.0,9,67.8,False,1,24.55,205.58,205.58,scenario_normal_balanced,train,development,0.11
1765,2i,150.0,12,3.7054,9,67.8,False,1,14.2295,108.21,108.21,scenario_normal_balanced,train,development,0.11
1770,2i,150.0,11,1.4958,10,71.85,False,1,16.3948,27.93,27.93,scenario_normal_balanced,train,development,0.11
1775,2i,150.0,10,0.0,10,71.8,False,0,,,,scenario_normal_balanced,train,development,0.11
1780,2i,150.0,10,0.0,10,71.8,False,0,,,,scenario_normal_balanced,train,development,0.11
1785,2i,150.0,10,0.0,10,71.8,False,0,,,,scenario_normal_balanced,train,development,0.11
1790,2i,150.0,12,4.1233,8,71.8,False,0,,,,scenario_normal_balanced,train,development,0.11
1795,2i,150.0,12,2.62,4,71.8,False,0,,,,scenario_normal_balanced,train,development,0.11
1800,2i,150.0,12,1.0499,5,77.84,False,0,,,,scenario_normal_balanced,train,development,0.11
1805,2i,150.0,12,0.4289,9,49.93,False,0,,,,scenario_normal_balanced,train,development,0.11
1810,2i,150.0,12,0.017,12,64.85,False,0,,,,scenario_normal_balanced,train,development,0.11
1815,2i,150.0,12,0.0005,12,64.76,False,0,,,,scenario_normal_balanced,train,development,0.11
1820,2i,150.0,15,3.0213,12,64.76,False,0,,,,scenario_normal_balanced,train,development,0.11
1825,2i,150.0,15,1.7187,13,68.77,False,0,,,,scenario_normal_balanced,train,development,0.11
1830,2i,150.0,15,0.7833,13,68.76,False,0,,,,scenario_normal_balanced,train,development,0.11
1835,2i,150.0,15,0.0111,14,68.76,False,0,,,,scenario_normal_balanced,train,development,0.11
1840,2i,150.0,15,0.0,15,68.76,False,0,,,,scenario_normal_balanced,train,development,0.11
1845,2i,150.0,18,2.7043,15,68.76,False,0,,,,scenario_normal_balanced,train,development,0.11
1850,2i,150.0,14,1.4753,11,68.76,False,0,,,,scenario_normal_balanced,train,development,0.11
1855,2i,150.0,12,0.0,12,75.76,False,0,,,,scenario_normal_balanced,train,development,0.11
1860,2i,150.0,12,0.0,12,75.76,False,0,,,,scenario_normal_balanced,train,development,0.11
1865,2i,150.0,12,0.0,12,75.76,False,0,,,,scenario_normal_balanced,train,development,0.11
1870,2i,150.0,15,3.4191,12,75.76,False,0,,,,scenario_normal_balanced,train,development,0.11
1875,2i,150.0,15,2.0338,12,75.76,False,0,,,,scenario_normal_balanced,train,development,0.11
1880,2i,150.0,14,0.5187,11,82.77,False,0,,,,scenario_normal_balanced,train,development,0.11
1885,2i,150.0,12,0.8244,8,82.76,False,1,27.2186,429.62,429.62,scenario_normal_balanced,train,development,0.11
1890,2i,150.0,12,1.5838,5,82.71,False,1,27.2626,293.51,293.51,scenario_normal_balanced,train,development,0.11
1895,2i,150.0,13,2.6431,6,26.14,False,1,22.0043,164.57,164.57,scenario_normal_balanced,train,development,0.11
1900,2i,150.0,15,3.4423,10,45.66,False,1,10.1869,87.97,87.97,scenario_normal_balanced,train,development,0.11
1905,2i,150.0,15,1.2084,12,59.2,False,1,2.0732,63.6,63.6,scenario_normal_balanced,train,development,0.11
1910,2i,150.0,15,0.0152,15,63.06,False,1,0.0044,63.06,63.06,scenario_normal_balanced,train,development,0.11
1915,2i,150.0,15,0.0,15,63.05,False,1,0.0,63.05,63.05,scenario_normal_balanced,train,development,0.11
1920,2i,150.0,15,0.0,15,63.05,False,1,0.0,63.05,63.05,scenario_normal_balanced,train,development,0.11
1925,2i,150.0,17,2.1959,15,63.05,False,1,0.0,63.05,63.05,scenario_normal_balanced,train,development,0.11
1930,2i,150.0,18,2.158,15,63.05,False,1,0.0,63.05,63.05,scenario_normal_balanced,train,development,0.11
1935,2i,150.0,18,0.9428,16,67.06,False,1,0.0,63.05,63.05,scenario_normal_balanced,train,development,0.11
1940,2i,150.0,14,0.8225,12,67.05,False,1,0.0,63.05,63.05,scenario_normal_balanced,train,development,0.11
1945,2i,150.0,12,0.0,12,67.05,False,1,0.0,63.05,63.05,scenario_normal_balanced,train,development,0.11
1950,2i,150.0,13,1.2226,12,67.05,False,1,0.0,63.05,63.05,scenario_normal_balanced,train,development,0.11
1955,2i,150.0,14,2.6302,12,67.05,False,1,0.0,63.05,63.05,scenario_normal_balanced,train,development,0.11
1960,2i,150.0,14,1.2155,12,67.05,False,1,0.0,63.05,63.05,scenario_normal_balanced,train,development,0.11
1965,2i,150.0,13,0.3506,12,67.05,False,1,0.0,63.05,63.05,scenario_normal_balanced,train,development,0.11
1970,2i,150.0,12,0.1793,11,74.14,False,1,0.0,63.05,63.05,scenario_normal_balanced,train,development,0.11
1975,2i,150.0,13,2.2949,7,74.05,False,1,0.0,63.05,63.05,scenario_normal_balanced,train,development,0.11
1980,2i,150.0,15,4.2048,7,74.04,False,1,0.6108,62.12,62.12,scenario_normal_balanced,train,development,0.11
1985,2i,150.0,15,1.2524,8,38.81,False,1,2.6001,53.0,53.0,scenario_normal_balanced,train,development,0.11
1990,2i,150.0,15,0.2648,12,49.15,False,1,0.2006,49.15,49.15,scenario_normal_balanced,train,development,0.11
1995,2i,150.0,15,0.02,15,74.25,False,2,12.8239,49.01,407.26,scenario_normal_balanced,train,development,0.11
2000,2i,150.0,15,0.0002,15,74.05,False,2,12.5425,49.01,281.85,scenario_normal_balanced,train,development,0.11
2005,2i,150.0,16,0.9132,15,74.05,False,2,10.7191,49.01,162.43,scenario_normal_balanced,train,development,0.11
2010,2i,150.0,18,2.0396,15,74.05,False,2,4.7324,49.01,90.46,scenario_normal_balanced,train,development,0.11
2015,2i,150.0,18,0.7125,17,78.06,False,2,0.0013,49.01,78.06,scenario_normal_balanced,train,development,0.11
2020,2i,150.0,18,0.3434,17,78.05,False,2,0.0,49.01,78.05,scenario_normal_balanced,train,development,0.11
2025,2i,150.0,18,0.0035,18,78.05,False,2,0.0,49.01,78.05,scenario_normal_balanced,train,development,0.11
2030,2i,150.0,15,1.2735,14,78.05,False,2,0.0,49.01,78.05,scenario_normal_balanced,train,development,0.11
2035,2i,150.0,15,0.9765,14,78.05,False,2,0.0,49.01,78.05,scenario_normal_balanced,train,development,0.11
2040,2i,150.0,16,1.0423,14,78.05,False,2,0.0,49.01,78.05,scenario_normal_balanced,train,development,0.11
2045,2i,150.0,16,0.7154,15,82.06,False,2,0.0,49.01,78.05,scenario_normal_balanced,train,development,0.11
2050,2i,150.0,15,0.0,15,82.06,False,2,0.0,49.01,78.05,scenario_normal_balanced,train,development,0.11
2055,2i,150.0,16,1.0707,15,82.06,False,2,0.0,49.01,78.05,scenario_normal_balanced,train,development,0.11
2060,2i,150.0,15,1.2651,12,82.06,False,2,0.0,49.01,78.05,scenario_normal_balanced,train,development,0.11
2065,2i,150.0,15,3.201,8,82.06,False,2,0.0,49.01,78.05,scenario_normal_balanced,train,development,0.11
2070,2i,150.0,15,2.2789,8,82.06,False,2,0.7935,45.55,78.05,scenario_normal_balanced,train,development,0.11
2075,2i,150.0,15,0.9743,8,80.52,False,2,1.3331,35.13,75.68,scenario_normal_balanced,train,development,0.11
2080,2i,150.0,15,0.4623,11,45.54,False,2,0.7499,34.02,65.83,scenario_normal_balanced,train,development,0.11
2085,2i,150.0,16,1.1453,14,67.4,False,2,0.0528,34.01,63.1,scenario_normal_balanced,train,development,0.11
2090,2i,150.0,18,2.4649,15,71.07,False,2,0.0006,34.01,63.05,scenario_normal_balanced,train,development,0.11
2095,2i,150.0,18,0.8301,15,71.05,False,2,0.0,34.01,63.05,scenario_normal_balanced,train,development,0.11
2100,2i,150.0,18,0.009,18,83.76,False,2,0.0,34.01,63.05,scenario_normal_balanced,train,development,0.11
2105,2i,150.0,18,0.0,18,83.76,False,2,0.0,34.01,63.05,scenario_normal_balanced,train,development,0.11
2110,2i,150.0,19,0.8562,18,83.76,False,2,0.0,34.01,63.05,scenario_normal_balanced,train,development,0.11
2115,2i,150.0,21,2.5276,18,83.76,False,2,0.0,34.01,63.05,scenario_normal_balanced,train,development,0.11
2120,2i,150.0,17,1.4991,14,83.76,False,2,0.0,34.01,63.05,scenario_normal_balanced,train,development,0.11
2125,2i,150.0,15,0.0007,15,90.77,False,2,0.0,34.01,63.05,scenario_normal_balanced,train,development,0.11
2130,2i,150.0,15,0.0,15,90.77,False,2,0.0,34.01,63.05,scenario_normal_balanced,train,development,0.11
2135,2i,150.0,15,0.0,15,90.77,False,2,0.0,34.01,63.05,scenario_normal_balanced,train,development,0.11
2140,2i,150.0,16,1.016,15,90.77,False,2,0.0,34.01,63.05,scenario_normal_balanced,train,development,0.11
2145,2i,150.0,17,1.4207,15,90.77,False,2,0.0,34.01,63.05,scenario_normal_balanced,train,development,0.11
2150,2i,150.0,16,1.138,13,90.77,False,2,0.0,34.01,63.05,scenario_normal_balanced,train,development,0.11
2155,2i,150.0,15,1.4193,10,94.77,False,2,0.9348,31.93,63.05,scenario_normal_balanced,train,development,0.11
2160,2i,150.0,16,1.5675,10,94.77,False,3,8.4455,19.74,383.0,scenario_normal_balanced,train,development,0.11
2165,2i,150.0,16,1.5902,10,94.42,False,3,8.4308,19.01,262.05,scenario_normal_balanced,train,development,0.11
2170,2i,150.0,18,2.7864,11,52.25,False,3,8.0666,19.0,142.97,scenario_normal_balanced,train,development,0.11
2175,2i,150.0,18,1.0697,16,80.39,False,3,4.6386,19.0,48.05,scenario_normal_balanced,train,development,0.11
2180,2i,150.0,18,0.0657,17,86.85,False,3,0.3641,16.09,48.05,scenario_normal_balanced,train,development,0.11
2185,2i,150.0,18,0.0,18,86.76,False,4,6.6027,15.04,430.82,scenario_normal_balanced,train,development,0.11
2190,2i,150.0,19,0.9511,18,86.76,False,4,6.639,15.04,295.97,scenario_normal_balanced,train,development,0.11
2195,2i,150.0,19,0.3007,18,86.76,False,4,5.4152,15.04,168.61,scenario_normal_balanced,train,development,0.11
2200,2i,150.0,21,1.2619,19,86.76,False,4,1.9369,15.04,102.22,scenario_normal_balanced,train,development,0.11
2205,2i,150.0,21,0.2638,20,90.79,False,4,0.0205,15.04,90.79,scenario_normal_balanced,train,development,0.11
2210,2i,150.0,18,0.5251,15,90.77,False,4,0.8124,6.71,90.77,scenario_normal_balanced,train,development,0.11
2215,2i,150.0,16,0.9742,15,90.77,False,3,0.0,19.0,90.77,scenario_normal_balanced,train,development,0.11
2220,2i,150.0,16,1.1171,15,90.77,False,3,0.0,19.0,90.77,scenario_normal_balanced,train,development,0.11
2225,2i,150.0,17,2.4817,15,90.77,False,3,0.0,19.0,90.77,scenario_normal_balanced,train,development,0.11
2230,2i,150.0,17,0.8955,15,90.77,False,3,0.0,19.0,90.77,scenario_normal_balanced,train,development,0.11
2235,2i,150.0,16,0.0002,16,94.77,False,3,0.0,19.0,90.77,scenario_normal_balanced,train,development,0.11
2240,2i,150.0,15,0.2955,13,94.77,False,4,6.5282,19.0,430.09,scenario_normal_balanced,train,development,0.11
2245,2i,150.0,14,1.9612,10,94.77,False,4,7.7287,4.58,296.51,scenario_normal_balanced,train,development,0.11
2250,2i,150.0,14,1.8426,8,94.77,False,4,5.9933,1.0,170.95,scenario_normal_balanced,train,development,0.11
2255,2i,150.0,16,2.2657,7,94.16,False,4,2.0976,1.0,105.4,scenario_normal_balanced,train,development,0.11
2260,2i,150.0,16,1.0397,8,38.14,False,4,0.8479,1.0,95.56,scenario_normal_balanced,train,development,0.11
2265,2i,150.0,17,1.3793,13,69.05,False,4,0.4849,1.0,85.73,scenario_normal_balanced,train,development,0.11
2270,2i,150.0,17,0.9682,16,81.02,False,4,0.07,1.0,81.02,scenario_normal_balanced,train,development,0.11
2275,2i,150.0,17,0.3026,16,80.77,False,4,0.0012,1.0,80.77,scenario_normal_balanced,train,development,0.11
2280,2i,150.0,19,2.0345,17,80.76,False,4,0.0,1.0,80.76,scenario_normal_balanced,train,development,0.11
2285,2i,150.0,19,0.6787,17,80.76,False,4,0.0,1.0,80.76,scenario_normal_balanced,train,development,0.11
2290,2i,150.0,19,0.001,19,84.77,False,4,0.0,1.0,80.76,scenario_normal_balanced,train,development,0.11
2295,2i,150.0,20,0.8935,19,84.77,False,4,0.0,1.0,80.76,scenario_normal_balanced,train,development,0.11
2300,2i,150.0,16,0.6422,15,84.77,False,4,0.0,1.0,80.76,scenario_normal_balanced,train,development,0.11
2305,2i,150.0,16,1.1866,15,84.77,False,4,0.0,1.0,80.76,scenario_normal_balanced,train,development,0.11
2310,2i,150.0,17,1.4606,15,84.77,False,4,0.0,1.0,80.76,scenario_normal_balanced,train,development,0.11
2315,2i,150.0,16,0.0007,16,91.77,False,4,0.0,1.0,80.76,scenario_normal_balanced,train,development,0.11
2320,2i,150.0,17,0.9301,16,91.77,False,4,0.0,1.0,80.76,scenario_normal_balanced,train,development,0.11
2325,2i,150.0,17,0.7367,16,91.77,False,4,0.0,1.0,80.76,scenario_normal_balanced,train,development,0.11
2330,2i,150.0,15,0.0424,15,91.77,False,3,0.0,30.05,80.76,scenario_normal_balanced,train,development,0.11
2335,2i,150.0,17,2.4671,11,91.77,False,3,0.5952,25.04,80.76,scenario_normal_balanced,train,development,0.11
2340,2i,150.0,17,0.9736,11,91.77,False,3,0.0525,19.06,80.76,scenario_normal_balanced,train,development,0.11
2345,2i,150.0,17,0.4818,13,95.7,False,3,0.8802,19.04,79.04,scenario_normal_balanced,train,development,0.11
2350,2i,150.0,18,1.3092,13,93.58,False,3,0.6922,19.04,71.48,scenario_normal_balanced,train,development,0.11
2355,2i,150.0,18,0.4067,16,81.48,False,3,0.0487,19.04,69.88,scenario_normal_balanced,train,development,0.11
2360,2i,150.0,19,1.0269,18,84.91,False,3,0.0001,19.04,69.76,scenario_normal_balanced,train,development,0.11
2365,2i,150.0,20,1.1526,18,84.77,False,3,0.0,19.04,69.76,scenario_normal_balanced,train,development,0.11
2370,2i,150.0,21,1.1351,19,88.77,False,3,0.0,19.04,69.76,scenario_normal_balanced,train,development,0.11
2375,2i,150.0,21,0.7329,20,88.77,False,3,0.0,19.04,69.76,scenario_normal_balanced,train,development,0.11
2380,2i,150.0,21,0.2169,20,88.77,False,3,0.0,19.04,69.76,scenario_normal_balanced,train,development,0.11
2385,2i,150.0,21,0.0032,21,88.77,False,3,0.0,19.04,69.76,scenario_normal_balanced,train,development,0.11
2390,2i,150.0,18,1.824,16,88.77,False,3,0.0,19.04,69.76,scenario_normal_balanced,train,development,0.11
2395,2i,150.0,18,0.5236,16,88.77,False,3,0.0,19.04,69.76,scenario_normal_balanced,train,development,0.11
2400,2i,150.0,18,0.8745,17,92.77,False,3,0.0,19.04,69.76,scenario_normal_balanced,train,development,0.11
2405,2i,150.0,18,0.9504,17,92.77,False,3,0.0,19.04,69.76,scenario_normal_balanced,train,development,0.11
2410,2i,150.0,17,0.0,17,92.77,False,3,0.0,19.04,69.76,scenario_normal_balanced,train,development,0.11
2415,2i,150.0,18,1.4948,17,92.77,False,3,0.0,19.04,69.76,scenario_normal_balanced,train,development,0.11
2420,2i,150.0,18,1.2578,15,92.77,False,3,0.2197,18.38,69.76,scenario_normal_balanced,train,development,0.11
2425,2i,150.0,18,1.655,12,99.77,False,3,1.0001,3.38,69.76,scenario_normal_balanced,train,development,0.11
2430,2i,150.0,18,1.5088,11,99.77,False,3,0.6269,1.0,69.63,scenario_normal_balanced,train,development,0.11
2435,2i,150.0,18,0.8152,10,99.76,False,3,1.5122,1.0,62.54,scenario_normal_balanced,train,development,0.11
2440,2i,150.0,18,0.584,12,97.91,False,3,0.349,1.0,53.44,scenario_normal_balanced,train,development,0.11
2445,2i,150.0,20,1.8966,13,55.83,False,3,0.0214,1.0,51.75,scenario_normal_balanced,train,development,0.11
2450,2i,150.0,20,0.445,17,74.97,False,3,0.0001,1.0,51.72,scenario_normal_balanced,train,development,0.11
2455,2i,150.0,21,0.7646,20,85.76,False,3,0.0,1.0,51.72,scenario_normal_balanced,train,development,0.11
2460,2i,150.0,21,0.5752,20,85.73,False,3,0.0,1.0,51.72,scenario_normal_balanced,train,development,0.11
2465,2i,150.0,21,0.3608,20,85.73,False,3,0.0,1.0,51.72,scenario_normal_balanced,train,development,0.11
2470,2i,150.0,22,1.2071,20,85.73,False,3,0.0,1.0,51.72,scenario_normal_balanced,train,development,0.11
2475,2i,150.0,22,0.6451,21,85.73,False,3,0.0,1.0,51.72,scenario_normal_balanced,train,development,0.11
2480,2i,150.0,20,1.3601,17,85.73,False,3,0.0,1.0,51.72,scenario_normal_balanced,train,development,0.11
2485,2i,150.0,19,1.0393,17,85.73,False,3,0.0,1.0,51.72,scenario_normal_balanced,train,development,0.11
2490,2i,150.0,18,0.0002,18,89.73,False,3,0.0,1.0,51.72,scenario_normal_balanced,train,development,0.11
2495,2i,150.0,18,0.0,18,89.73,False,3,0.0,1.0,51.72,scenario_normal_balanced,train,development,0.11
2500,2i,150.0,18,0.0,18,89.73,False,3,0.0,1.0,51.72,scenario_normal_balanced,train,development,0.11
2505,2i,150.0,21,1.9152,18,89.73,False,3,0.0,1.0,51.72,scenario_normal_balanced,train,development,0.11
2510,2i,150.0,20,1.3511,15,89.73,False,2,0.0,43.72,51.72,scenario_normal_balanced,train,development,0.11
2515,2i,150.0,18,1.0948,13,103.77,False,3,9.0185,43.36,376.6,scenario_normal_balanced,train,development,0.11
2520,2i,150.0,18,0.8362,12,103.77,False,3,10.94,30.91,243.9,scenario_normal_balanced,train,development,0.11
2525,2i,150.0,20,2.5946,11,103.77,False,3,5.3119,23.12,146.71,scenario_normal_balanced,train,development,0.11
2530,2i,150.0,21,2.4022,10,35.2,False,3,0.7929,23.01,115.07,scenario_normal_balanced,train,development,0.11
2535,2i,150.0,21,1.1911,13,50.12,False,3,0.6076,23.01,109.21,scenario_normal_balanced,train,development,0.11
2540,2i,150.0,21,0.4206,18,69.3,False,3,0.6374,23.01,100.44,scenario_normal_balanced,train,development,0.11
2545,2i,150.0,21,0.0105,21,95.83,False,3,0.0625,23.01,95.83,scenario_normal_balanced,train,development,0.11
2550,2i,150.0,21,0.0002,21,95.77,False,3,0.0009,23.01,95.77,scenario_normal_balanced,train,development,0.11
2555,2i,150.0,23,0.9693,21,95.77,False,3,0.0,23.01,95.77,scenario_normal_balanced,train,development,0.11
2560,2i,150.0,24,0.7846,22,99.78,False,3,0.0,23.01,95.77,scenario_normal_balanced,train,development,0.11
2565,2i,150.0,24,0.3799,23,99.77,False,3,0.0,23.01,95.77,scenario_normal_balanced,train,development,0.11
2570,2i,150.0,19,0.2433,18,99.77,False,3,0.0,23.01,95.77,scenario_normal_balanced,train,development,0.11
2575,2i,150.0,18,0.0,18,99.77,False,3,0.0,23.01,95.77,scenario_normal_balanced,train,development,0.11
2580,2i,150.0,19,0.6688,18,99.77,False,3,0.0,23.01,95.77,scenario_normal_balanced,train,development,0.11
2585,2i,150.0,20,0.9334,18,99.77,False,3,0.0,23.01,95.77,scenario_normal_balanced,train,development,0.11
2590,2i,150.0,21,1.4685,19,103.77,False,3,0.0,23.01,95.77,scenario_normal_balanced,train,development,0.11
2595,2i,150.0,21,0.5725,20,103.77,False,3,0.0,23.01,95.77,scenario_normal_balanced,train,development,0.11
2600,2i,150.0,20,0.2099,19,103.77,False,3,0.0,23.01,95.77,scenario_normal_balanced,train,development,0.11
2605,2i,150.0,19,2.1062,14,103.77,False,3,2.104,11.59,95.77,scenario_normal_balanced,train,development,0.11
2610,2i,150.0,21,2.2315,12,103.77,False,3,0.6769,5.18,95.77,scenario_normal_balanced,train,development,0.11
2615,2i,150.0,21,1.2873,13,107.77,False,3,0.0599,5.0,95.6,scenario_normal_balanced,train,development,0.11
2620,2i,150.0,21,0.8448,13,106.85,False,3,0.4295,5.0,88.88,scenario_normal_balanced,train,development,0.11
2625,2i,150.0,21,0.3567,16,51.47,False,3,0.5644,5.0,81.29,scenario_normal_balanced,train,development,0.11
2630,2i,150.0,21,0.0947,19,82.07,False,3,0.0233,5.0,77.84,scenario_normal_balanced,train,development,0.11
2635,2i,150.0,23,1.6144,21,89.83,False,3,0.0006,5.0,77.77,scenario_normal_balanced,train,development,0.11
2640,2i,150.0,24,1.0479,21,89.77,False,3,0.0,5.0,77.76,scenario_normal_balanced,train,development,0.11
2645,2i,150.0,24,0.455,23,93.78,False,3,0.0,5.0,77.76,scenario_normal_balanced,train,development,0.11
2650,2i,150.0,24,0.2668,23,93.77,False,3,0.0,5.0,77.76,scenario_normal_balanced,train,development,0.11
2655,2i,150.0,24,0.0793,23,93.77,False,3,0.0,5.0,77.76,scenario_normal_balanced,train,development,0.11
2660,2i,150.0,20,0.381,18,93.77,False,3,0.0,5.0,77.76,scenario_normal_balanced,train,development,0.11
2665,2i,150.0,19,0.9395,18,93.77,False,3,0.0,5.0,77.76,scenario_normal_balanced,train,development,0.11
2670,2i,150.0,20,1.2754,18,93.77,False,3,0.0,5.0,77.76,scenario_normal_balanced,train,development,0.11
2675,2i,150.0,20,0.8431,19,100.78,False,3,0.0,5.0,77.76,scenario_normal_balanced,train,development,0.11
2680,2i,150.0,19,0.0,19,100.77,False,3,0.0,5.0,77.76,scenario_normal_balanced,train,development,0.11
2685,2i,150.0,19,0.0,19,100.77,False,3,0.0,5.0,77.76,scenario_normal_balanced,train,development,0.11
2690,2i,150.0,19,1.2936,17,100.77,False,3,1.0193,0.51,77.76,scenario_normal_balanced,train,development,0.11
2695,2i,150.0,19,2.112,13,100.77,False,2,1.1188,1.04,77.76,scenario_normal_balanced,train,development,0.11
2700,2i,150.0,19,1.343,13,100.77,False,2,0.0,1.0,77.76,scenario_normal_balanced,train,development,0.11
2705,2i,150.0,19,0.6544,12,113.5,False,2,0.6529,1.0,75.38,scenario_normal_balanced,train,development,0.11
2710,2i,150.0,19,0.423,14,113.11,False,2,0.8727,1.0,68.82,scenario_normal_balanced,train,development,0.11
2715,2i,150.0,20,1.717,15,86.66,False,2,0.0885,1.0,65.82,scenario_normal_balanced,train,development,0.11
2720,2i,150.0,22,1.7523,18,104.23,False,2,0.0001,1.0,65.76,scenario_normal_balanced,train,development,0.11
2725,2i,150.0,22,0.6248,20,115.85,False,2,0.0,1.0,65.76,scenario_normal_balanced,train,development,0.11
2730,2i,150.0,22,0.0259,21,115.52,False,2,0.0,1.0,65.76,scenario_normal_balanced,train,development,0.11
2735,2i,150.0,22,0.0,22,115.52,False,2,0.0,1.0,65.76,scenario_normal_balanced,train,development,0.11
2740,2i,150.0,22,0.0,22,115.52,False,2,0.0,1.0,65.76,scenario_normal_balanced,train,development,0.11
2745,2i,150.0,24,1.4229,22,115.52,False,2,0.0,1.0,65.76,scenario_normal_balanced,train,development,0.11
2750,2i,150.0,21,1.8221,18,115.52,False,2,0.0,1.0,65.76,scenario_normal_balanced,train,development,0.11
2755,2i,150.0,19,0.016,18,115.52,False,2,0.0,1.0,65.76,scenario_normal_balanced,train,development,0.11
2760,2i,150.0,19,0.0,19,122.52,False,2,0.0,1.0,65.76,scenario_normal_balanced,train,development,0.11
2765,2i,150.0,19,0.0,19,122.52,False,2,0.0,1.0,65.76,scenario_normal_balanced,train,development,0.11
2770,2i,150.0,20,0.936,19,122.52,False,2,0.0,1.0,65.76,scenario_normal_balanced,train,development,0.11
2775,2i,150.0,22,1.6472,19,122.52,False,2,0.0,1.0,65.76,scenario_normal_balanced,train,development,0.11
2780,2i,150.0,20,1.0458,17,135.23,False,1,0.0,65.76,65.76,scenario_normal_balanced,train,development,0.11
2785,2i,150.0,19,0.7137,14,135.23,False,1,0.0,65.76,65.76,scenario_normal_balanced,train,development,0.11
2790,2i,150.0,19,0.4929,14,135.23,False,1,1.188,64.0,64.0,scenario_normal_balanced,train,development,0.11
2795,2i,150.0,19,0.6422,13,135.23,False,1,1.8202,54.32,54.32,scenario_normal_balanced,train,development,0.11
2800,2i,150.0,22,2.2446,11,134.1,False,1,0.0957,50.79,50.79,scenario_normal_balanced,train,development,0.11
2805,2i,150.0,22,1.1588,16,114.5,False,1,0.0001,50.76,50.76,scenario_normal_balanced,train,development,0.11
2810,2i,150.0,22,0.1748,19,100.72,False,1,0.0,50.76,50.76,scenario_normal_balanced,train,development,0.11
2815,2i,150.0,22,0.0142,22,127.34,False,1,0.0,50.76,50.76,scenario_normal_balanced,train,development,0.11
2820,2i,150.0,22,0.0002,22,127.23,False,1,0.0,50.76,50.76,scenario_normal_balanced,train,development,0.11
2825,2i,150.0,24,1.5504,22,127.23,False,1,0.0,50.76,50.76,scenario_normal_balanced,train,development,0.11
2830,2i,150.0,24,0.914,22,127.23,False,1,0.0,50.76,50.76,scenario_normal_balanced,train,development,0.11
2835,2i,150.0,25,0.249,23,127.23,False,1,0.0,50.76,50.76,scenario_normal_balanced,train,development,0.11
2840,2i,150.0,22,0.7277,18,127.23,False,1,0.0,50.76,50.76,scenario_normal_balanced,train,development,0.11
2845,2i,150.0,19,0.0,19,131.23,False,1,0.0,50.76,50.76,scenario_normal_balanced,train,development,0.11
2850,2i,150.0,19,0.0,19,131.23,False,1,0.0,50.76,50.76,scenario_normal_balanced,train,development,0.11
2855,2i,150.0,21,1.638,19,131.23,False,1,0.0,50.76,50.76,scenario_normal_balanced,train,development,0.11
2860,2i,150.0,22,1.6965,19,131.23,False,1,0.0,50.76,50.76,scenario_normal_balanced,train,development,0.11
2865,2i,150.0,21,0.2067,20,145.27,True,2,12.5,50.76,480.3,scenario_normal_balanced,train,development,0.11
2870,2i,150.0,19,0.0706,18,145.27,True,2,12.1867,50.76,360.56,scenario_normal_balanced,train,development,0.11
2875,2i,150.0,19,1.4039,14,145.27,True,2,12.1407,50.58,239.77,scenario_normal_balanced,train,development,0.11
2880,2i,150.0,20,2.5282,12,145.27,True,2,13.2378,40.29,119.08,scenario_normal_balanced,train,development,0.11
2885,2i,150.0,20,1.4289,13,145.27,True,2,6.4222,29.55,34.9,scenario_normal_balanced,train,development,0.11
2890,2i,150.0,20,0.5801,13,144.64,False,2,0.2233,5.03,34.86,scenario_normal_balanced,train,development,0.11
2895,2i,150.0,20,0.3844,15,85.18,False,2,0.0,5.0,34.86,scenario_normal_balanced,train,development,0.11
2900,2i,150.0,21,0.2239,18,111.79,False,2,0.0,5.0,34.86,scenario_normal_balanced,train,development,0.11
2905,2i,150.0,22,0.6824,21,142.66,False,2,0.0,5.0,34.86,scenario_normal_balanced,train,development,0.11
2910,2i,150.0,24,1.3034,21,142.08,False,2,0.0,5.0,34.86,scenario_normal_balanced,train,development,0.11
2915,2i,150.0,24,0.5225,22,146.08,True,2,0.0,5.0,34.86,scenario_normal_balanced,train,development,0.11
2920,2i,150.0,24,0.2104,23,146.08,True,2,0.0,5.0,34.86,scenario_normal_balanced,train,development,0.11
2925,2i,150.0,24,0.0066,24,146.08,True,2,0.0,5.0,34.86,scenario_normal_balanced,train,development,0.11
2930,2i,150.0,21,1.0586,19,146.08,True,1,0.0,34.86,34.86,scenario_normal_balanced,train,development,0.11
2935,2i,150.0,20,0.8041,19,146.08,True,1,0.0,34.86,34.86,scenario_normal_balanced,train,development,0.11
2940,2i,150.0,20,0.9447,19,146.08,True,1,0.0,34.86,34.86,scenario_normal_balanced,train,development,0.11
2945,2i,150.0,20,0.579,19,146.08,True,1,0.0,34.86,34.86,scenario_normal_balanced,train,development,0.11
2950,2i,150.0,19,0.0,19,146.08,True,2,13.345,34.86,401.66,scenario_normal_balanced,train,development,0.11
2955,2i,150.0,20,0.8528,19,146.08,True,2,13.7539,34.86,267.16,scenario_normal_balanced,train,development,0.11
2960,2i,150.0,19,2.3217,17,146.08,True,2,12.435,34.86,135.2,scenario_normal_balanced,train,development,0.11
2965,2i,150.0,18,1.7061,13,146.08,True,2,9.141,26.4,36.46,scenario_normal_balanced,train,development,0.11
2970,2i,150.0,18,0.8892,11,146.08,True,2,1.1231,1.0,13.74,scenario_normal_balanced,train,development,0.11
2975,2i,150.0,18,0.7589,12,146.08,True,2,0.0,1.0,13.71,scenario_normal_balanced,train,development,0.11
2980,2i,150.0,19,0.7238,12,149.55,True,2,0.0,1.0,13.71,scenario_normal_balanced,train,development,0.11
2985,2i,150.0,20,1.6021,12,70.63,False,2,0.0,1.0,13.71,scenario_normal_balanced,train,development,0.11
2990,2i,150.0,22,1.9206,14,90.27,False,2,0.0,1.0,13.71,scenario_normal_balanced,train,development,0.11
2995,2i,150.0,23,0.6752,20,135.87,False,2,0.0,1.0,13.71,scenario_normal_balanced,train,development,0.11
3000,2i,150.0,23,0.0141,23,140.16,False,2,0.0,1.0,13.71,scenario_normal_balanced,train,development,0.11
3005,2i,150.0,23,0.0005,23,139.95,False,3,8.9883,1.0,402.79,scenario_normal_balanced,train,development,0.11
3010,2i,150.0,24,0.8225,23,139.94,False,3,8.8309,1.0,268.62,scenario_normal_balanced,train,development,0.11
3015,2i,150.0,25,1.4801,23,139.94,False,3,8.8182,1.0,135.56,scenario_normal_balanced,train,development,0.11
3020,2i,150.0,21,0.9223,19,139.94,False,2,8.3893,13.71,38.43,scenario_normal_balanced,train,development,0.11
3025,2i,150.0,20,0.0002,20,143.94,False,1,0.0,13.71,13.71,scenario_normal_balanced,train,development,0.11
3030,2i,150.0,20,0.0,20,143.94,False,3,18.0498,13.71,456.78,scenario_normal_balanced,train,development,0.11
3035,2i,150.0,21,0.8128,20,143.94,False,3,17.5047,13.71,322.88,scenario_normal_balanced,train,development,0.11
3040,2i,150.0,21,0.6747,20,143.94,False,3,15.3323,13.71,203.22,scenario_normal_balanced,train,development,0.11
3045,2i,150.0,22,1.1584,20,143.94,False,3,8.1375,13.71,153.16,scenario_normal_balanced,train,development,0.11
3050,2i,150.0,21,0.4728,19,143.94,False,3,3.0226,6.2,150.94,scenario_normal_balanced,train,development,0.11
3055,2i,150.0,20,0.6381,16,143.94,False,2,0.0,1.0,150.94,scenario_normal_balanced,train,development,0.11
3060,2i,150.0,20,0.5527,14,143.94,False,2,0.0,1.0,150.94,scenario_normal_balanced,train,development,0.11
3065,2i,150.0,21,1.3917,14,143.94,False,2,0.0,1.0,150.94,scenario_normal_balanced,train,development,0.11
3070,2i,150.0,22,2.1656,13,143.58,False,2,0.0227,1.0,150.86,scenario_normal_balanced,train,development,0.11
3075,2i,150.0,23,1.4689,15,148.13,True,2,0.2819,1.0,148.13,scenario_normal_balanced,train,development,0.11
3080,2i,150.0,24,0.4728,19,116.65,False,2,0.7074,1.0,140.35,scenario_normal_balanced,train,development,0.11
3085,2i,150.0,24,0.0472,24,139.36,False,2,0.1837,1.0,134.68,scenario_normal_balanced,train,development,0.11
3090,2i,150.0,25,0.6965,24,138.25,False,2,0.0031,1.0,134.23,scenario_normal_balanced,train,development,0.11
3095,2i,150.0,25,0.3651,24,138.23,False,2,0.0,1.0,134.23,scenario_normal_balanced,train,development,0.11
3100,2i,150.0,27,0.642,25,138.23,False,3,7.8216,1.0,456.84,scenario_normal_balanced,train,development,0.11
3105,2i,150.0,27,0.1422,26,145.23,True,3,8.2784,1.0,334.1,scenario_normal_balanced,train,development,0.11
3110,2i,150.0,23,0.3913,21,145.23,True,2,10.4329,134.23,216.89,scenario_normal_balanced,train,development,0.11
3115,2i,150.0,22,0.8788,21,145.23,True,2,9.6663,129.72,134.23,scenario_normal_balanced,train,development,0.11
3120,2i,150.0,22,0.809,21,145.23,True,2,8.8994,43.93,134.23,scenario_normal_balanced,train,development,0.11
3125,2i,150.0,22,1.0685,21,145.23,True,1,0.0,134.23,134.23,scenario_normal_balanced,train,development,0.11
3130,2i,150.0,23,0.743,21,145.23,True,1,0.0,134.23,134.23,scenario_normal_balanced,train,development,0.11
3135,2i,150.0,22,0.0,22,149.23,True,1,0.0,134.23,134.23,scenario_normal_balanced,train,development,0.11
3140,2i,150.0,20,0.0828,19,149.23,True,1,0.0,134.23,134.23,scenario_normal_balanced,train,development,0.11
3145,2i,150.0,20,1.2671,15,149.23,True,1,0.0,134.23,134.23,scenario_normal_balanced,train,development,0.11
3150,2i,150.0,20,0.7318,15,149.23,True,1,0.0,134.23,134.23,scenario_normal_balanced,train,development,0.11
3155,2i,150.0,21,1.1477,15,149.23,True,1,0.0,134.23,134.23,scenario_normal_balanced,train,development,0.11
3160,2i,150.0,21,0.67,14,149.19,True,1,1.1214,132.25,132.25,scenario_normal_balanced,train,development,0.11
3165,2i,150.0,21,0.3644,18,146.84,True,2,13.4216,125.88,480.3,scenario_normal_balanced,train,development,0.11
3170,2i,150.0,22,0.1943,20,134.97,False,2,12.6132,122.68,356.9,scenario_normal_balanced,train,development,0.11
3175,2i,150.0,23,0.5623,22,141.92,False,2,11.0723,122.24,238.02,scenario_normal_balanced,train,development,0.11
3180,2i,150.0,24,1.0928,22,141.28,False,2,5.4743,122.23,162.04,scenario_normal_balanced,train,development,0.11
3185,2i,150.0,25,0.6047,23,145.27,True,2,0.0181,122.23,145.27,scenario_normal_balanced,train,development,0.11
3190,2i,150.0,25,0.002,24,145.23,True,2,0.0001,122.23,145.23,scenario_normal_balanced,train,development,0.11
3195,2i,150.0,26,0.5683,25,145.23,True,3,9.0004,122.23,401.89,scenario_normal_balanced,train,development,0.11
3200,2i,150.0,22,0.5996,21,145.23,True,3,8.9814,122.23,268.91,scenario_normal_balanced,train,development,0.11
3205,2i,150.0,22,1.257,21,145.23,True,3,9.2181,122.23,145.23,scenario_normal_balanced,train,development,0.11
3210,2i,150.0,22,0.7303,21,145.23,True,3,5.3554,26.91,145.23,scenario_normal_balanced,train,development,0.11
3215,2i,150.0,21,0.0,21,145.23,True,2,0.0,122.23,145.23,scenario_normal_balanced,train,development,0.11
3220,2i,150.0,22,0.8044,21,145.23,True,2,0.0,122.23,145.23,scenario_normal_balanced,train,development,0.11
3225,2i,150.0,22,0.6554,21,145.23,True,2,0.0,122.23,145.23,scenario_normal_balanced,train,development,0.11
3230,2i,150.0,21,0.4292,19,145.23,True,2,0.0,122.23,145.23,scenario_normal_balanced,train,development,0.11
3235,2i,150.0,21,1.7047,16,145.23,True,2,0.0,122.23,145.23,scenario_normal_balanced,train,development,0.11
3240,2i,150.0,21,1.0666,15,145.23,True,2,0.0,122.23,145.23,scenario_normal_balanced,train,development,0.11
3245,2i,150.0,21,0.667,13,145.23,True,2,0.0931,121.98,145.23,scenario_normal_balanced,train,development,0.11
3250,2i,150.0,22,1.3155,14,145.12,True,3,8.481,117.23,408.32,scenario_normal_balanced,train,development,0.11
3255,2i,150.0,22,1.0758,13,142.93,False,3,8.6894,109.76,289.04,scenario_normal_balanced,train,development,0.11
3260,2i,150.0,23,0.7325,16,103.04,False,3,8.7304,103.04,169.51,scenario_normal_balanced,train,development,0.11
3265,2i,150.0,25,0.9983,19,117.93,False,3,5.9709,66.36,127.45,scenario_normal_balanced,train,development,0.11
3270,2i,150.0,26,0.3204,24,137.33,False,3,2.09,10.9,125.64,scenario_normal_balanced,train,development,0.11
3275,2i,150.0,27,0.5355,26,143.6,False,3,0.0004,5.0,125.52,scenario_normal_balanced,train,development,0.11
3280,2i,150.0,27,0.2855,26,143.52,False,3,0.0,5.0,125.52,scenario_normal_balanced,train,development,0.11
3285,2i,150.0,27,0.0,27,143.52,False,3,0.0,5.0,125.52,scenario_normal_balanced,train,development,0.11
3290,2i,150.0,24,0.8682,22,143.52,False,2,0.0,102.51,125.52,scenario_normal_balanced,train,development,0.11
3295,2i,150.0,23,0.4793,22,143.52,False,2,0.0,102.51,125.52,scenario_normal_balanced,train,development,0.11
3300,2i,150.0,22,0.0,22,143.52,False,2,0.0,102.51,125.52,scenario_normal_balanced,train,development,0.11
3305,2i,150.0,23,0.7014,22,143.52,False,2,0.0,102.51,125.52,scenario_normal_balanced,train,development,0.11
3310,2i,150.0,23,0.7299,22,143.52,False,2,0.0,102.51,125.52,scenario_normal_balanced,train,development,0.11
3315,2i,150.0,23,1.2053,22,143.52,False,2,0.0,102.51,125.52,scenario_normal_balanced,train,development,0.11
3320,2i,150.0,22,0.7789,20,143.52,False,2,0.0,102.51,125.52,scenario_normal_balanced,train,development,0.11
3325,2i,150.0,23,1.0889,17,143.52,False,2,0.0,102.51,125.52,scenario_normal_balanced,train,development,0.11
3330,2i,150.0,23,1.2316,16,143.52,False,2,0.0,102.51,125.52,scenario_normal_balanced,train,development,0.11
3335,2i,150.0,23,0.7022,15,143.52,False,2,0.3326,101.16,125.52,scenario_normal_balanced,train,development,0.11
3340,2i,150.0,23,0.4473,17,143.51,False,2,0.6906,94.04,124.84,scenario_normal_balanced,train,development,0.11
3345,2i,150.0,25,1.3197,18,149.89,True,2,1.0071,89.13,119.08,scenario_normal_balanced,train,development,0.11
3350,2i,150.0,25,0.6835,20,112.66,False,2,0.2743,88.49,112.66,scenario_normal_balanced,train,development,0.11
3355,2i,150.0,25,0.1133,23,123.08,False,2,0.0683,88.47,111.66,scenario_normal_balanced,train,development,0.11
3360,2i,150.0,26,0.4912,25,136.75,False,2,0.0006,88.47,111.48,scenario_normal_balanced,train,development,0.11
3365,2i,150.0,26,0.3144,25,136.49,False,2,0.0,88.47,111.48,scenario_normal_balanced,train,development,0.11
3370,2i,150.0,27,1.0456,25,136.48,False,2,0.0,88.47,111.48,scenario_normal_balanced,train,development,0.11
3375,2i,150.0,27,0.515,26,136.48,False,2,0.0,88.47,111.48,scenario_normal_balanced,train,development,0.11
3380,2i,150.0,23,0.3685,22,136.48,False,2,0.0,88.47,111.48,scenario_normal_balanced,train,development,0.11
3385,2i,150.0,23,0.7028,22,136.48,False,3,8.9058,88.47,429.07,scenario_normal_balanced,train,development,0.11
3390,2i,150.0,23,0.7634,22,136.48,False,4,11.4021,88.47,474.59,scenario_normal_balanced,train,development,0.11
3395,2i,150.0,22,0.0,22,136.48,False,4,8.3758,88.47,379.72,scenario_normal_balanced,train,development,0.11
3400,2i,150.0,23,0.9781,22,136.48,False,4,4.8439,88.47,284.85,scenario_normal_balanced,train,development,0.11
3405,2i,150.0,23,0.3272,22,136.48,False,4,4.6143,88.47,199.2,scenario_normal_balanced,train,development,0.11
3410,2i,150.0,23,0.9229,21,136.48,False,4,4.3205,88.47,168.53,scenario_normal_balanced,train,development,0.11
3415,2i,150.0,22,1.188,17,136.48,False,4,3.9061,34.12,168.53,scenario_normal_balanced,train,development,0.11
3420,2i,150.0,22,0.563,14,136.48,False,4,0.1611,1.0,168.53,scenario_normal_balanced,train,development,0.11
3425,2i,150.0,23,1.6465,14,136.48,False,4,0.5827,1.0,168.53,scenario_normal_balanced,train,development,0.11
3430,2i,150.0,23,1.2369,14,136.48,False,4,0.9615,1.0,168.53,scenario_normal_balanced,train,development,0.11
3435,2i,150.0,25,1.3073,14,149.54,True,4,0.581,1.0,168.51,scenario_normal_balanced,train,development,0.11
3440,2i,150.0,25,0.7842,18,88.32,False,4,0.4729,1.0,166.11,scenario_normal_balanced,train,development,0.11
3445,2i,150.0,27,0.238,23,110.9,False,4,0.5936,1.0,158.54,scenario_normal_balanced,train,development,0.11
3450,2i,150.0,27,0.078,25,131.14,False,4,0.3402,1.0,152.28,scenario_normal_balanced,train,development,0.11
3455,2i,150.0,29,0.5349,28,148.96,True,4,0.0318,1.0,148.96,scenario_normal_balanced,train,development,0.11
3460,2i,150.0,29,0.0885,28,148.83,True,4,0.0026,1.0,148.83,scenario_normal_balanced,train,development,0.11
3465,2i,150.0,30,0.4925,29,148.81,True,4,0.0,1.0,148.81,scenario_normal_balanced,train,development,0.11
3470,2i,150.0,26,0.6066,24,148.81,True,3,0.0,68.76,148.81,scenario_normal_balanced,train,development,0.11
3475,2i,150.0,24,0.0,24,148.81,True,3,0.0,68.76,148.81,scenario_normal_balanced,train,development,0.11
3480,2i,150.0,25,0.976,24,148.81,True,3,0.0,68.76,148.81,scenario_normal_balanced,train,development,0.11
3485,2i,150.0,26,1.3016,24,148.81,True,3,0.0,68.76,148.81,scenario_normal_balanced,train,development,0.11
3490,2i,150.0,25,0.6364,24,148.81,True,3,0.0,68.76,148.81,scenario_normal_balanced,train,development,0.11
3495,2i,150.0,25,0.0703,24,148.81,True,3,0.0,68.76,148.81,scenario_normal_balanced,train,development,0.11
3500,2i,150.0,23,0.0273,23,148.81,True,3,0.0,68.76,148.81,scenario_normal_balanced,train,development,0.11
3505,2i,150.0,24,1.4258,19,148.81,True,3,0.0,68.76,148.81,scenario_normal_balanced,train,development,0.11
3510,2i,150.0,24,0.9417,18,148.81,True,3,0.3786,67.36,148.81,scenario_normal_balanced,train,development,0.11
3515,2i,150.0,25,0.9982,18,148.81,True,3,0.4163,59.36,148.81,scenario_normal_balanced,train,development,0.11
3520,2i,150.0,25,0.8261,20,148.81,True,3,0.3929,57.81,148.81,scenario_normal_balanced,train,development,0.11
3525,2i,150.0,25,0.5741,20,148.56,True,4,7.0622,57.76,401.77,scenario_normal_balanced,train,development,0.11
3530,2i,150.0,26,0.3177,21,106.51,False,4,6.4969,57.76,270.74,scenario_normal_balanced,train,development,0.11
3535,2i,150.0,28,0.8812,25,138.58,False,4,3.9768,57.76,181.3,scenario_normal_balanced,train,development,0.11
3540,2i,150.0,29,0.9487,27,146.01,True,4,4.4398,57.76,137.84,scenario_normal_balanced,train,development,0.11
3545,2i,150.0,29,0.3334,28,145.83,True,4,2.3828,30.66,137.81,scenario_normal_balanced,train,development,0.11
3550,2i,150.0,29,0.0032,29,145.81,True,4,0.0227,17.72,137.81,scenario_normal_balanced,train,development,0.11
3555,2i,150.0,29,0.0,29,145.81,True,4,0.0001,17.71,137.81,scenario_normal_balanced,train,development,0.11
3560,2i,150.0,25,0.1555,24,145.81,True,4,0.9717,9.77,137.81,scenario_normal_balanced,train,development,0.11
3565,2i,150.0,26,1.3246,24,145.81,True,3,0.0,57.76,137.81,scenario_normal_balanced,train,development,0.11
3570,2i,150.0,25,0.6836,24,145.81,True,3,0.0,57.76,137.81,scenario_normal_balanced,train,development,0.11
3575,2i,150.0,24,0.0,24,145.81,True,3,0.0,57.76,137.81,scenario_normal_balanced,train,development,0.11
3580,2i,150.0,24,0.0,24,145.81,True,3,0.0,57.76,137.81,scenario_normal_balanced,train,development,0.11
3585,2i,150.0,24,0.0,24,145.81,True,3,0.0,57.76,137.81,scenario_normal_balanced,train,development,0.11
3590,2i,150.0,24,0.9376,22,145.81,True,3,0.0,57.76,137.81,scenario_normal_balanced,train,development,0.11
3595,2i,150.0,25,1.2425,18,145.81,True,3,0.0,57.76,137.81,scenario_normal_balanced,train,development,0.11
3600,2i,150.0,25,0.6873,18,145.81,True,3,0.3373,54.52,137.81,scenario_normal_balanced,train,development,0.11
0,3i,150.0,0,0.0,0,0.0,False,0,,,,scenario_normal_balanced,train,development,0.11
5,3i,150.0,0,0.0,0,0.0,False,0,,,,scenario_normal_balanced,train,development,0.11
10,3i,150.0,0,0.0,0,0.0,False,0,,,,scenario_normal_balanced,train,development,0.11
15,3i,150.0,2,25.8431,0,0.0,False,0,,,,scenario_normal_balanced,train,development,0.11
20,3i,150.0,3,14.4742,0,0.0,False,0,,,,scenario_normal_balanced,train,development,0.11
25,3i,150.0,2,8.4254,0,0.0,False,0,,,,scenario_normal_balanced,train,development,0.11
30,3i,150.0,1,0.0,1,1.0,False,0,,,,scenario_normal_balanced,train,development,0.11
35,3i,150.0,0,0.0,0,0.0,False,0,,,,scenario_normal_balanced,train,development,0.11
40,3i,150.0,0,0.0,0,0.0,False,0,,,,scenario_normal_balanced,train,development,0.11
45,3i,150.0,3,23.471,0,0.0,False,0,,,,scenario_normal_balanced,train,development,0.11
50,3i,150.0,3,9.4791,0,0.0,False,0,,,,scenario_normal_balanced,train,development,0.11
55,3i,150.0,3,0.0985,3,1.09,False,0,,,,scenario_normal_balanced,train,development,0.11
60,3i,150.0,3,0.0003,3,1.0,False,0,,,,scenario_normal_balanced,train,development,0.11
65,3i,150.0,3,0.0,3,1.0,False,0,,,,scenario_normal_balanced,train,development,0.11
70,3i,150.0,6,11.2186,3,1.0,False,0,,,,scenario_normal_balanced,train,development,0.11
75,3i,150.0,6,5.3109,3,1.0,False,0,,,,scenario_normal_balanced,train,development,0.11
80,3i,150.0,6,0.5103,4,8.0,False,0,,,,scenario_normal_balanced,train,development,0.11
85,3i,150.0,6,0.0005,6,8.0,False,0,,,,scenario_normal_balanced,train,development,0.11
90,3i,150.0,6,0.0,6,8.0,False,0,,,,scenario_normal_balanced,train,development,0.11
95,3i,150.0,2,0.0,2,8.0,False,0,,,,scenario_normal_balanced,train,development,0.11
100,3i,150.0,4,9.5887,2,8.0,False,0,,,,scenario_normal_balanced,train,development,0.11
105,3i,150.0,5,8.1979,2,8.0,False,0,,,,scenario_normal_balanced,train,development,0.11
110,3i,150.0,3,0.0,3,15.0,False,0,,,,scenario_normal_balanced,train,development,0.11
115,3i,150.0,3,0.0,3,15.0,False,0,,,,scenario_normal_balanced,train,development,0.11
120,3i,150.0,3,0.0,3,15.0,False,0,,,,scenario_normal_balanced,train,development,0.11
125,3i,150.0,5,13.545,0,0.0,False,0,,,,scenario_normal_balanced,train,development,0.11
130,3i,150.0,3,11.5002,0,0.0,False,0,,,,scenario_normal_balanced,train,development,0.11
135,3i,150.0,3,0.7676,1,1.0,False,0,,,,scenario_normal_balanced,train,development,0.11
140,3i,150.0,3,0.0,3,1.0,False,0,,,,scenario_normal_balanced,train,development,0.11
145,3i,150.0,3,0.0,3,1.0,False,0,,,,scenario_normal_balanced,train,development,0.11
150,3i,150.0,4,4.7845,3,1.0,False,0,,,,scenario_normal_balanced,train,development,0.11
155,3i,150.0,4,1.2845,3,1.0,False,0,,,,scenario_normal_balanced,train,development,0.11
160,3i,150.0,6,4.6164,4,8.0,False,1,27.77,483.3,483.3,scenario_normal_balanced,train,development,0.11
165,3i,150.0,6,2.3556,4,8.0,False,1,27.4131,348.19,348.19,scenario_normal_balanced,train,development,0.11
170,3i,150.0,6,0.1103,4,8.0,False,1,26.4137,213.35,213.35,scenario_normal_balanced,train,development,0.11
175,3i,150.0,7,3.032,6,8.0,False,1,21.2236,87.88,87.88,scenario_normal_balanced,train,development,0.11
180,3i,150.0,8,3.6605,6,8.0,False,1,8.3779,20.99,20.99,scenario_normal_balanced,train,development,0.11
185,3i,150.0,5,5.7193,2,5.0,False,1,5.9638,0.7,0.7,scenario_normal_balanced,train,development,0.11
190,3i,150.0,3,2.9849,2,5.0,False,0,,,,scenario_normal_balanced,train,development,0.11
195,3i,150.0,3,1.5119,2,5.0,False,0,,,,scenario_normal_balanced,train,development,0.11
200,3i,150.0,4,6.3415,2,5.0,False,0,,,,scenario_normal_balanced,train,development,0.11
205,3i,150.0,4,4.2035,3,17.71,False,0,,,,scenario_normal_balanced,train,development,0.11
210,3i,150.0,6,5.6275,3,17.71,False,0,,,,scenario_normal_balanced,train,development,0.11
215,3i,150.0,4,4.7258,1,1.0,False,0,,,,scenario_normal_balanced,train,development,0.11
220,3i,150.0,4,2.8843,1,1.0,False,1,27.77,483.3,483.3,scenario_normal_balanced,train,development,0.11
225,3i,150.0,4,0.0077,4,15.04,False,1,26.6379,348.77,348.77,scenario_normal_balanced,train,development,0.11
230,3i,150.0,5,3.778,4,15.04,False,1,26.6902,214.2,214.2,scenario_normal_balanced,train,development,0.11
235,3i,150.0,7,6.8867,4,15.04,False,1,20.8732,90.24,90.24,scenario_normal_balanced,train,development,0.11
240,3i,150.0,7,2.1065,5,15.04,False,2,17.6127,25.55,483.3,scenario_normal_balanced,train,development,0.11
245,3i,150.0,7,0.015,7,22.05,False,2,13.3345,15.09,348.62,scenario_normal_balanced,train,development,0.11
250,3i,150.0,7,0.0,7,22.04,False,3,16.9467,15.04,407.4,scenario_normal_balanced,train,development,0.11
255,3i,150.0,8,2.5931,7,22.04,False,3,15.0148,15.04,285.95,scenario_normal_balanced,train,development,0.11
260,3i,150.0,9,3.8936,7,22.04,False,3,10.955,15.04,165.93,scenario_normal_balanced,train,development,0.11
265,3i,150.0,10,2.8116,8,22.04,False,3,5.072,12.01,64.56,scenario_normal_balanced,train,development,0.11
270,3i,150.0,10,0.3132,8,22.04,False,3,0.6384,12.0,27.18,scenario_normal_balanced,train,development,0.11
275,3i,150.0,6,0.8482,4,26.05,False,2,1.3543,7.78,26.05,scenario_normal_balanced,train,development,0.11
280,3i,150.0,5,4.4645,4,26.04,False,1,0.0,26.04,26.04,scenario_normal_balanced,train,development,0.11
285,3i,150.0,5,3.5684,4,26.04,False,1,0.0,26.04,26.04,scenario_normal_balanced,train,development,0.11
290,3i,150.0,6,6.3735,4,26.04,False,1,0.0,26.04,26.04,scenario_normal_balanced,train,development,0.11
295,3i,150.0,5,0.5487,4,26.04,False,2,9.5474,26.04,436.76,scenario_normal_balanced,train,development,0.11
300,3i,150.0,5,0.0,5,33.05,False,2,9.5725,26.04,341.51,scenario_normal_balanced,train,development,0.11
305,3i,150.0,4,0.4425,3,33.05,False,3,14.5152,26.04,405.59,scenario_normal_balanced,train,development,0.11
310,3i,150.0,4,2.1923,0,0.0,False,3,15.2844,17.9,285.31,scenario_normal_balanced,train,development,0.11
315,3i,150.0,6,6.7371,3,12.01,False,3,13.2557,12.01,163.71,scenario_normal_balanced,train,development,0.11
320,3i,150.0,7,5.3387,4,19.0,False,3,7.4213,5.76,62.42,scenario_normal_balanced,train,development,0.11
325,3i,150.0,7,0.8664,5,19.0,False,3,1.0061,1.0,23.85,scenario_normal_balanced,train,development,0.11
330,3i,150.0,7,0.0002,7,23.01,False,3,0.0004,1.0,23.01,scenario_normal_balanced,train,development,0.11
335,3i,150.0,7,0.0,7,23.01,False,3,0.0,1.0,23.01,scenario_normal_balanced,train,development,0.11
340,3i,150.0,8,1.6116,7,23.01,False,3,0.0,1.0,23.01,scenario_normal_balanced,train,development,0.11
345,3i,150.0,10,4.5243,7,23.01,False,3,0.0,1.0,23.01,scenario_normal_balanced,train,development,0.11
350,3i,150.0,10,2.1851,7,23.01,False,4,6.5697,1.0,376.54,scenario_normal_balanced,train,development,0.11
355,3i,150.0,10,0.0323,9,30.03,False,4,6.53,1.0,243.65,scenario_normal_balanced,train,development,0.11
360,3i,150.0,11,2.0462,10,30.01,False,4,5.6272,1.0,116.52,scenario_normal_balanced,train,development,0.11
365,3i,150.0,8,1.8385,6,30.01,False,3,3.6906,12.0,42.42,scenario_normal_balanced,train,development,0.11
370,3i,150.0,9,6.026,6,30.01,False,3,3.0728,1.55,23.01,scenario_normal_balanced,train,development,0.11
375,3i,150.0,8,3.1309,6,30.01,False,2,0.0,12.0,23.01,scenario_normal_balanced,train,development,0.11
380,3i,150.0,7,0.0095,7,37.06,False,2,0.0,12.0,23.01,scenario_normal_balanced,train,development,0.11
385,3i,150.0,8,3.0749,7,37.01,False,2,0.0,12.0,23.01,scenario_normal_balanced,train,development,0.11
390,3i,150.0,8,2.0036,7,37.01,False,2,0.0,12.0,23.01,scenario_normal_balanced,train,development,0.11
395,3i,150.0,7,1.3975,4,37.01,False,2,0.5808,10.84,23.01,scenario_normal_balanced,train,development,0.11
400,3i,150.0,6,5.048,1,1.0,False,1,3.0196,9.82,9.82,scenario_normal_balanced,train,development,0.11
405,3i,150.0,7,3.519,4,12.1,False,1,0.0022,5.0,5.0,scenario_normal_balanced,train,development,0.11
410,3i,150.0,7,1.0551,6,23.03,False,1,0.0,5.0,5.0,scenario_normal_balanced,train,development,0.11
415,3i,150.0,8,2.6189,7,23.01,False,1,0.0,5.0,5.0,scenario_normal_balanced,train,development,0.11
420,3i,150.0,8,1.4154,7,23.01,False,1,0.0,5.0,5.0,scenario_normal_balanced,train,development,0.11
425,3i,150.0,10,4.6831,8,23.01,False,1,0.0,5.0,5.0,scenario_normal_balanced,train,development,0.11
430,3i,150.0,10,2.3175,8,23.01,False,1,0.0,5.0,5.0,scenario_normal_balanced,train,development,0.11
435,3i,150.0,10,0.135,9,30.01,False,1,0.0,5.0,5.0,scenario_normal_balanced,train,development,0.11
440,3i,150.0,11,1.7693,10,30.01,False,1,0.0,5.0,5.0,scenario_normal_balanced,train,development,0.11
445,3i,150.0,11,0.8138,10,30.01,False,1,0.0,5.0,5.0,scenario_normal_balanced,train,development,0.11
450,3i,150.0,11,0.0021,10,30.01,False,1,0.0,5.0,5.0,scenario_normal_balanced,train,development,0.11
455,3i,150.0,10,4.5076,6,30.01,False,1,0.0,5.0,5.0,scenario_normal_balanced,train,development,0.11
460,3i,150.0,8,1.9971,6,30.01,False,1,0.0,5.0,5.0,scenario_normal_balanced,train,development,0.11
465,3i,150.0,7,0.0001,7,34.01,False,2,12.5,5.0,480.3,scenario_normal_balanced,train,development,0.11
470,3i,150.0,8,2.2092,7,34.01,False,2,12.4475,5.0,358.36,scenario_normal_balanced,train,development,0.11
475,3i,150.0,8,2.034,7,34.01,False,2,11.6747,5.0,238.79,scenario_normal_balanced,train,development,0.11
480,3i,150.0,10,5.0442,7,34.01,False,2,10.9238,5.0,121.93,scenario_normal_balanced,train,development,0.11
485,3i,150.0,8,2.9439,5,34.01,False,1,8.6562,50.93,50.93,scenario_normal_balanced,train,development,0.11
490,3i,150.0,7,2.0101,2,40.72,False,1,0.3066,40.72,40.72,scenario_normal_balanced,train,development,0.11
495,3i,150.0,8,3.0479,5,12.16,False,1,5.3629,26.67,26.67,scenario_normal_balanced,train,development,0.11
500,3i,150.0,8,0.9914,7,23.03,False,1,0.1093,23.03,23.03,scenario_normal_balanced,train,development,0.11
505,3i,150.0,10,5.158,8,23.01,False,1,0.0004,23.01,23.01,scenario_normal_balanced,train,development,0.11
510,3i,150.0,10,2.596,8,23.0,False,1,0.0,23.0,23.0,scenario_normal_balanced,train,development,0.11
515,3i,150.0,10,0.1677,9,30.01,False,1,0.0,23.0,23.0,scenario_normal_balanced,train,development,0.11
520,3i,150.0,11,1.8758,10,30.01,False,1,0.0,23.0,23.0,scenario_normal_balanced,train,development,0.11
525,3i,150.0,11,0.8107,10,30.01,False,1,0.0,23.0,23.0,scenario_normal_balanced,train,development,0.11
530,3i,150.0,11,0.0034,11,30.01,False,1,0.0,23.0,23.0,scenario_normal_balanced,train,development,0.11
535,3i,150.0,13,3.287,11,30.01,False,1,0.0,23.0,23.0,scenario_normal_balanced,train,development,0.11
540,3i,150.0,13,1.4377,11,30.01,False,1,0.0,23.0,23.0,scenario_normal_balanced,train,development,0.11
545,3i,150.0,9,1.0255,7,34.01,False,1,0.0,23.0,23.0,scenario_normal_balanced,train,development,0.11
550,3i,150.0,8,2.1651,7,34.01,False,1,0.0,23.0,23.0,scenario_normal_balanced,train,development,0.11
555,3i,150.0,8,2.0815,7,34.01,False,1,0.0,23.0,23.0,scenario_normal_balanced,train,development,0.11
560,3i,150.0,8,3.0095,7,34.01,False,1,0.0,23.0,23.0,scenario_normal_balanced,train,development,0.11
565,3i,150.0,9,3.3111,7,34.01,False,1,0.0,23.0,23.0,scenario_normal_balanced,train,development,0.11
570,3i,150.0,8,0.0793,7,34.01,False,1,0.0,23.0,23.0,scenario_normal_balanced,train,development,0.11
575,3i,150.0,7,2.4543,5,41.01,False,1,0.0,23.0,23.0,scenario_normal_balanced,train,development,0.11
580,3i,150.0,6,4.6361,1,40.85,False,1,3.5366,11.53,11.53,scenario_normal_balanced,train,development,0.11
585,3i,150.0,6,1.4075,3,15.03,False,1,0.0,8.0,8.0,scenario_normal_balanced,train,development,0.11
590,3i,150.0,8,4.4741,6,26.01,False,1,0.0,8.0,8.0,scenario_normal_balanced,train,development,0.11
595,3i,150.0,8,1.3647,6,26.01,False,1,0.0,8.0,8.0,scenario_normal_balanced,train,development,0.11
600,3i,150.0,9,1.8836,8,30.03,False,1,0.0,8.0,8.0,scenario_normal_balanced,train,development,0.11
605,3i,150.0,9,0.7296,8,30.01,False,1,0.0,8.0,8.0,scenario_normal_balanced,train,development,0.11
610,3i,150.0,9,0.0027,9,30.01,False,1,0.0,8.0,8.0,scenario_normal_balanced,train,development,0.11
615,3i,150.0,11,4.5971,9,30.01,False,1,0.0,8.0,8.0,scenario_normal_balanced,train,development,0.11
620,3i,150.0,11,2.4304,9,30.01,False,1,0.0,8.0,8.0,scenario_normal_balanced,train,development,0.11
625,3i,150.0,12,1.752,10,34.15,False,1,0.0,8.0,8.0,scenario_normal_balanced,train,development,0.11
630,3i,150.0,12,0.6559,11,34.01,False,1,0.0,8.0,8.0,scenario_normal_balanced,train,development,0.11
635,3i,150.0,9,0.528,7,34.01,False,1,0.0,8.0,8.0,scenario_normal_balanced,train,development,0.11
640,3i,150.0,7,0.0,7,34.01,False,2,13.4151,8.0,402.65,scenario_normal_balanced,train,development,0.11
645,3i,150.0,9,4.4653,7,34.01,False,2,13.5267,8.0,270.13,scenario_normal_balanced,train,development,0.11
650,3i,150.0,10,3.9828,7,34.01,False,2,12.3085,8.0,138.72,scenario_normal_balanced,train,development,0.11
655,3i,150.0,9,1.8828,8,38.01,False,2,8.4703,8.0,44.89,scenario_normal_balanced,train,development,0.11
660,3i,150.0,9,0.3309,8,38.01,False,2,1.4889,2.11,8.0,scenario_normal_balanced,train,development,0.11
665,3i,150.0,8,0.6811,7,38.01,False,2,2.2727,1.0,2.13,scenario_normal_balanced,train,development,0.11
670,3i,150.0,8,8.0364,2,37.85,False,1,0.0,1.0,1.0,scenario_normal_balanced,train,development,0.11
675,3i,150.0,8,3.727,4,12.18,False,1,0.0,1.0,1.0,scenario_normal_balanced,train,development,0.11
680,3i,150.0,8,0.3283,6,20.06,False,1,0.0,1.0,1.0,scenario_normal_balanced,train,development,0.11
685,3i,150.0,9,1.3943,8,24.01,False,1,0.0,1.0,1.0,scenario_normal_balanced,train,development,0.11
690,3i,150.0,9,0.8913,8,24.01,False,1,0.0,1.0,1.0,scenario_normal_balanced,train,development,0.11
695,3i,150.0,9,0.3913,8,24.01,False,1,0.0,1.0,1.0,scenario_normal_balanced,train,development,0.11
700,3i,150.0,11,3.4799,9,24.01,False,1,0.0,1.0,1.0,scenario_normal_balanced,train,development,0.11
705,3i,150.0,12,3.0585,9,24.01,False,1,0.0,1.0,1.0,scenario_normal_balanced,train,development,0.11
710,3i,150.0,12,0.9778,11,31.01,False,1,0.0,1.0,1.0,scenario_normal_balanced,train,development,0.11
715,3i,150.0,12,0.0003,11,31.01,False,1,0.0,1.0,1.0,scenario_normal_balanced,train,development,0.11
720,3i,150.0,12,0.0,12,31.01,False,1,0.0,1.0,1.0,scenario_normal_balanced,train,development,0.11
725,3i,150.0,10,4.7295,7,31.01,False,0,,,,scenario_normal_balanced,train,development,0.11
730,3i,150.0,9,2.6068,7,31.01,False,0,,,,scenario_normal_balanced,train,development,0.11
735,3i,150.0,9,1.8422,8,38.11,False,0,,,,scenario_normal_balanced,train,development,0.11
740,3i,150.0,9,1.9618,8,38.01,False,0,,,,scenario_normal_balanced,train,development,0.11
745,3i,150.0,8,0.0,8,38.01,False,0,,,,scenario_normal_balanced,train,development,0.11
750,3i,150.0,8,0.0,8,38.01,False,0,,,,scenario_normal_balanced,train,development,0.11
755,3i,150.0,9,4.1345,6,38.01,False,0,,,,scenario_normal_balanced,train,development,0.11
760,3i,150.0,8,4.1642,1,37.53,False,0,,,,scenario_normal_balanced,train,development,0.11
765,3i,150.0,8,1.4473,4,8.96,False,1,27.77,483.3,483.3,scenario_normal_balanced,train,development,0.11
770,3i,150.0,8,0.0059,8,26.96,False,1,26.3961,347.15,347.15,scenario_normal_balanced,train,development,0.11
775,3i,150.0,8,0.0,8,26.95,False,1,27.0296,212.28,212.28,scenario_normal_balanced,train,development,0.11
780,3i,150.0,10,4.1986,8,26.95,False,1,19.5397,92.4,92.4,scenario_normal_balanced,train,development,0.11
785,3i,150.0,11,2.8926,8,26.95,False,1,6.0888,34.82,34.82,scenario_normal_balanced,train,development,0.11
790,3i,150.0,11,0.8011,10,30.95,False,1,0.0,30.95,30.95,scenario_normal_balanced,train,development,0.11
795,3i,150.0,11,0.0022,11,30.95,False,1,0.0,30.95,30.95,scenario_normal_balanced,train,development,0.11
800,3i,150.0,11,0.0,11,30.95,False,1,0.0,30.95,30.95,scenario_normal_balanced,train,development,0.11
805,3i,150.0,11,0.0,11,30.95,False,1,0.0,30.95,30.95,scenario_normal_balanced,train,development,0.11
810,3i,150.0,13,2.4553,11,30.95,False,1,0.0,30.95,30.95,scenario_normal_balanced,train,development,0.11
815,3i,150.0,10,2.6851,7,30.95,False,1,0.0,30.95,30.95,scenario_normal_balanced,train,development,0.11
820,3i,150.0,9,1.8513,8,34.95,False,1,0.0,30.95,30.95,scenario_normal_balanced,train,development,0.11
825,3i,150.0,8,0.0,8,34.95,False,1,0.0,30.95,30.95,scenario_normal_balanced,train,development,0.11
830,3i,150.0,8,0.0,8,34.95,False,1,0.0,30.95,30.95,scenario_normal_balanced,train,development,0.11
835,3i,150.0,10,4.2183,8,34.95,False,1,0.0,30.95,30.95,scenario_normal_balanced,train,development,0.11
840,3i,150.0,11,2.7709,8,34.95,False,1,0.0,30.95,30.95,scenario_normal_balanced,train,development,0.11
845,3i,150.0,9,1.941,7,41.96,False,1,0.0,30.95,30.95,scenario_normal_balanced,train,development,0.11
850,3i,150.0,8,2.0045,3,41.96,False,1,1.7545,29.02,29.02,scenario_normal_balanced,train,development,0.11
855,3i,150.0,8,0.8016,5,12.24,False,1,0.609,16.78,16.78,scenario_normal_balanced,train,development,0.11
860,3i,150.0,9,2.7275,8,27.19,False,1,0.0152,16.01,16.01,scenario_normal_balanced,train,development,0.11
865,3i,150.0,11,4.196,8,27.01,False,1,0.0,16.0,16.0,scenario_normal_balanced,train,development,0.11
870,3i,150.0,11,1.1479,8,27.01,False,1,0.0,16.0,16.0,scenario_normal_balanced,train,development,0.11
875,3i,150.0,11,0.0008,11,31.01,False,2,9.6506,16.0,453.96,scenario_normal_balanced,train,development,0.11
880,3i,150.0,11,0.0,11,31.01,False,2,9.4861,16.0,358.43,scenario_normal_balanced,train,development,0.11
885,3i,150.0,11,0.0,11,31.01,False,2,9.5527,16.0,262.9,scenario_normal_balanced,train,development,0.11
890,3i,150.0,12,1.5443,11,31.01,False,2,8.0491,16.0,174.57,scenario_normal_balanced,train,development,0.11
895,3i,150.0,14,2.4273,11,31.01,False,2,5.8872,16.0,107.04,scenario_normal_balanced,train,development,0.11
900,3i,150.0,14,1.3866,12,31.01,False,2,3.6781,16.0,61.58,scenario_normal_balanced,train,development,0.11
905,3i,150.0,11,1.1486,7,31.01,False,2,1.4281,16.0,38.3,scenario_normal_balanced,train,development,0.11
910,3i,150.0,8,0.0012,8,35.01,False,2,0.0046,16.0,35.01,scenario_normal_balanced,train,development,0.11
915,3i,150.0,10,4.9345,8,35.01,False,2,0.0,16.0,35.01,scenario_normal_balanced,train,development,0.11
920,3i,150.0,11,3.905,8,35.01,False,2,0.0,16.0,35.01,scenario_normal_balanced,train,development,0.11
925,3i,150.0,9,0.0001,9,49.05,False,2,0.0,16.0,35.01,scenario_normal_balanced,train,development,0.11
930,3i,150.0,9,0.0,9,49.05,False,2,0.0,16.0,35.01,scenario_normal_balanced,train,development,0.11
935,3i,150.0,8,0.4751,6,49.05,False,2,0.0,16.0,35.01,scenario_normal_balanced,train,development,0.11
940,3i,150.0,6,1.7928,3,49.05,False,2,1.6351,3.08,34.81,scenario_normal_balanced,train,development,0.11
945,3i,150.0,9,6.7241,2,5.02,False,2,0.895,1.0,26.93,scenario_normal_balanced,train,development,0.11
950,3i,150.0,9,3.6968,5,20.22,False,2,0.4686,1.0,20.22,scenario_normal_balanced,train,development,0.11
955,3i,150.0,9,0.0475,8,38.08,False,2,0.0023,1.0,20.01,scenario_normal_balanced,train,development,0.11
960,3i,150.0,9,0.0,9,38.05,False,3,6.3368,1.0,396.61,scenario_normal_balanced,train,development,0.11
965,3i,150.0,9,0.0,9,38.05,False,3,6.4157,1.0,300.39,scenario_normal_balanced,train,development,0.11
970,3i,150.0,10,1.8923,9,38.05,False,3,5.7621,1.0,207.41,scenario_normal_balanced,train,development,0.11
975,3i,150.0,12,3.2184,9,38.05,False,3,4.3446,1.0,133.99,scenario_normal_balanced,train,development,0.11
980,3i,150.0,12,1.5977,10,38.05,False,3,2.8446,1.0,82.32,scenario_normal_balanced,train,development,0.11
985,3i,150.0,12,0.835,10,38.05,False,3,1.3524,1.0,53.08,scenario_normal_balanced,train,development,0.11
990,3i,150.0,12,0.1224,11,45.05,False,3,0.0026,1.0,45.05,scenario_normal_balanced,train,development,0.11
995,3i,150.0,9,2.1979,8,45.05,False,3,0.0,1.0,45.05,scenario_normal_balanced,train,development,0.11
1000,3i,150.0,11,4.4449,8,45.05,False,3,0.0,1.0,45.05,scenario_normal_balanced,train,development,0.11
1005,3i,150.0,10,0.9703,9,59.16,False,3,0.0,1.0,45.05,scenario_normal_balanced,train,development,0.11
1010,3i,150.0,9,0.0,9,59.09,False,3,0.0,1.0,45.05,scenario_normal_balanced,train,development,0.11
1015,3i,150.0,9,0.0,9,59.09,False,3,0.0,1.0,45.05,scenario_normal_balanced,train,development,0.11
1020,3i,150.0,9,0.0,9,59.09,False,3,0.0,1.0,45.05,scenario_normal_balanced,train,development,0.11
1025,3i,150.0,10,6.3055,6,59.09,False,2,0.0,20.01,45.05,scenario_normal_balanced,train,development,0.11
1030,3i,150.0,9,4.4764,2,59.09,False,2,1.7628,12.63,44.81,scenario_normal_balanced,train,development,0.11
1035,3i,150.0,9,1.3262,3,5.1,False,2,1.0258,5.1,37.94,scenario_normal_balanced,train,development,0.11
1040,3i,150.0,9,0.483,6,23.06,False,2,0.2693,5.0,30.25,scenario_normal_balanced,train,development,0.11
1045,3i,150.0,9,0.012,9,48.11,False,2,0.0003,5.0,30.05,scenario_normal_balanced,train,development,0.11
1050,3i,150.0,10,1.869,9,48.09,False,2,0.0,5.0,30.05,scenario_normal_balanced,train,development,0.11
1055,3i,150.0,10,1.2043,9,48.09,False,2,0.0,5.0,30.05,scenario_normal_balanced,train,development,0.11
1060,3i,150.0,12,2.0965,9,48.09,False,2,0.0,5.0,30.05,scenario_normal_balanced,train,development,0.11
1065,3i,150.0,12,0.8791,10,48.09,False,3,8.3333,5.0,480.3,scenario_normal_balanced,train,development,0.11
1070,3i,150.0,12,0.079,11,52.1,False,3,8.3279,5.0,359.07,scenario_normal_balanced,train,development,0.11
1075,3i,150.0,13,1.5133,12,52.09,False,3,8.3095,5.0,237.1,scenario_normal_balanced,train,development,0.11
1080,3i,150.0,15,3.7264,12,52.09,False,3,7.8119,5.0,116.25,scenario_normal_balanced,train,development,0.11
1085,3i,150.0,11,2.4293,8,52.09,False,3,4.139,5.0,36.75,scenario_normal_balanced,train,development,0.11
1090,3i,150.0,9,0.0002,9,64.8,False,2,0.0,5.0,30.05,scenario_normal_balanced,train,development,0.11
1095,3i,150.0,9,0.0,9,64.8,False,3,8.5172,5.0,403.96,scenario_normal_balanced,train,development,0.11
1100,3i,150.0,9,0.0,9,64.8,False,3,7.5522,5.0,287.49,scenario_normal_balanced,train,development,0.11
1105,3i,150.0,10,1.5421,9,64.8,False,3,6.3003,5.0,183.52,scenario_normal_balanced,train,development,0.11
1110,3i,150.0,12,4.1752,9,64.8,False,3,5.6895,5.0,94.59,scenario_normal_balanced,train,development,0.11
1115,3i,150.0,11,2.3409,7,64.8,False,3,4.0877,2.72,30.05,scenario_normal_balanced,train,development,0.11
1120,3i,150.0,10,1.1773,4,64.8,False,3,9.9184,1.03,483.3,scenario_normal_balanced,train,development,0.11
1125,3i,150.0,10,1.0899,5,69.79,False,3,9.439,1.0,349.73,scenario_normal_balanced,train,development,0.11
1130,3i,150.0,11,2.0996,7,30.1,False,3,8.68,1.0,215.98,scenario_normal_balanced,train,development,0.11
1135,3i,150.0,13,3.6392,9,46.81,False,3,6.9638,1.0,92.54,scenario_normal_balanced,train,development,0.11
1140,3i,150.0,13,1.096,11,53.76,False,3,3.2126,1.0,21.52,scenario_normal_balanced,train,development,0.11
1145,3i,150.0,13,0.0052,12,66.47,False,3,0.0225,1.0,12.0,scenario_normal_balanced,train,development,0.11
1150,3i,150.0,13,0.0,13,66.47,False,3,0.0,1.0,12.0,scenario_normal_balanced,train,development,0.11
1155,3i,150.0,14,1.1126,13,66.47,False,3,0.0,1.0,12.0,scenario_normal_balanced,train,development,0.11
1160,3i,150.0,14,0.6836,13,66.47,False,3,0.0,1.0,12.0,scenario_normal_balanced,train,development,0.11
1165,3i,150.0,16,1.9968,14,66.47,False,3,0.0,1.0,12.0,scenario_normal_balanced,train,development,0.11
1170,3i,150.0,16,0.8261,14,66.47,False,3,0.0,1.0,12.0,scenario_normal_balanced,train,development,0.11
1175,3i,150.0,12,0.7339,9,66.47,False,1,0.0,12.0,12.0,scenario_normal_balanced,train,development,0.11
1180,3i,150.0,11,1.8745,10,70.47,False,1,0.0,12.0,12.0,scenario_normal_balanced,train,development,0.11
1185,3i,150.0,11,1.5192,10,70.47,False,1,0.0,12.0,12.0,scenario_normal_balanced,train,development,0.11
1190,3i,150.0,12,2.7532,10,70.47,False,1,0.0,12.0,12.0,scenario_normal_balanced,train,development,0.11
1195,3i,150.0,12,0.7311,10,70.47,False,1,0.0,12.0,12.0,scenario_normal_balanced,train,development,0.11
1200,3i,150.0,11,0.0,11,83.18,False,1,0.0,12.0,12.0,scenario_normal_balanced,train,development,0.11
1205,3i,150.0,9,0.1144,8,83.18,False,1,1.0292,10.97,10.97,scenario_normal_balanced,train,development,0.11
1210,3i,150.0,10,2.1927,4,83.18,False,1,0.0,1.0,1.0,scenario_normal_balanced,train,development,0.11
1215,3i,150.0,12,5.1428,3,19.11,False,1,0.0,1.0,1.0,scenario_normal_balanced,train,development,0.11
1220,3i,150.0,12,2.0477,8,56.04,False,2,13.8345,1.0,455.63,scenario_normal_balanced,train,development,0.11
1225,3i,150.0,12,0.1883,11,76.47,False,2,13.207,1.0,322.01,scenario_normal_balanced,train,development,0.11
1230,3i,150.0,12,0.0006,12,76.19,False,2,12.9668,1.0,187.59,scenario_normal_balanced,train,development,0.11
1235,3i,150.0,13,1.384,12,76.18,False,2,8.9957,1.0,93.86,scenario_normal_balanced,train,development,0.11
1240,3i,150.0,13,0.7797,12,76.18,False,2,5.0679,1.0,23.06,scenario_normal_balanced,train,development,0.11
1245,3i,150.0,15,2.1435,13,76.18,False,2,0.0525,1.0,5.06,scenario_normal_balanced,train,development,0.11
1250,3i,150.0,15,0.4657,13,76.18,False,2,0.0,1.0,5.0,scenario_normal_balanced,train,development,0.11
1255,3i,150.0,15,0.0094,15,80.18,False,2,0.0,1.0,5.0,scenario_normal_balanced,train,development,0.11
1260,3i,150.0,16,1.2721,15,80.18,False,2,0.0,1.0,5.0,scenario_normal_balanced,train,development,0.11
1265,3i,150.0,12,1.4338,11,80.18,False,1,0.0,1.0,1.0,scenario_normal_balanced,train,development,0.11
1270,3i,150.0,12,1.3742,11,80.18,False,1,0.0,1.0,1.0,scenario_normal_balanced,train,development,0.11
1275,3i,150.0,13,1.6794,11,80.18,False,1,0.0,1.0,1.0,scenario_normal_balanced,train,development,0.11
1280,3i,150.0,13,1.0378,12,84.18,False,1,0.0,1.0,1.0,scenario_normal_balanced,train,development,0.11
1285,3i,150.0,13,1.4906,12,84.18,False,2,11.8387,1.0,433.08,scenario_normal_balanced,train,development,0.11
1290,3i,150.0,13,1.271,12,84.18,False,2,11.8909,1.0,313.56,scenario_normal_balanced,train,development,0.11
1295,3i,150.0,12,0.7144,10,84.18,False,1,23.4742,194.59,194.59,scenario_normal_balanced,train,development,0.11
1300,3i,150.0,13,3.1662,7,84.18,False,1,21.6143,77.9,77.9,scenario_normal_balanced,train,development,0.11
1305,3i,150.0,13,1.6053,7,88.17,False,1,8.5473,10.44,10.44,scenario_normal_balanced,train,development,0.11
1310,3i,150.0,13,0.9005,7,37.58,False,1,0.0544,1.01,1.01,scenario_normal_balanced,train,development,0.11
1315,3i,150.0,13,0.3952,10,58.3,False,1,0.0,1.0,1.0,scenario_normal_balanced,train,development,0.11
1320,3i,150.0,14,0.999,13,70.31,False,1,0.0,1.0,1.0,scenario_normal_balanced,train,development,0.11
1325,3i,150.0,16,3.1082,13,70.14,False,1,0.0,1.0,1.0,scenario_normal_balanced,train,development,0.11
1330,3i,150.0,16,1.641,13,70.14,False,1,0.0,1.0,1.0,scenario_normal_balanced,train,development,0.11
1335,3i,150.0,16,0.0986,14,74.15,False,1,0.0,1.0,1.0,scenario_normal_balanced,train,development,0.11
1340,3i,150.0,17,0.8375,16,74.14,False,1,0.0,1.0,1.0,scenario_normal_balanced,train,development,0.11
1345,3i,150.0,17,0.6282,16,74.14,False,1,0.0,1.0,1.0,scenario_normal_balanced,train,development,0.11
1350,3i,150.0,17,0.0017,16,74.14,False,1,0.0,1.0,1.0,scenario_normal_balanced,train,development,0.11
1355,3i,150.0,15,1.8069,12,74.14,False,0,,,,scenario_normal_balanced,train,development,0.11
1360,3i,150.0,13,0.0035,13,81.16,False,0,,,,scenario_normal_balanced,train,development,0.11
1365,3i,150.0,14,1.4342,13,81.14,False,0,,,,scenario_normal_balanced,train,development,0.11
1370,3i,150.0,14,1.2322,13,81.14,False,0,,,,scenario_normal_balanced,train,development,0.11
1375,3i,150.0,13,0.0,13,81.14,False,0,,,,scenario_normal_balanced,train,development,0.11
1380,3i,150.0,15,2.6786,13,81.14,False,1,24.1709,431.33,431.33,scenario_normal_balanced,train,development,0.11
1385,3i,150.0,13,1.0682,10,81.14,False,1,24.3215,310.78,310.78,scenario_normal_balanced,train,development,0.11
1390,3i,150.0,13,0.9556,8,85.14,False,1,23.5127,190.02,190.02,scenario_normal_balanced,train,development,0.11
1395,3i,150.0,14,1.8829,7,85.14,False,1,15.9112,97.69,97.69,scenario_normal_balanced,train,development,0.11
1400,3i,150.0,14,1.554,7,41.4,False,1,11.7341,19.52,19.52,scenario_normal_balanced,train,development,0.11
1405,3i,150.0,15,2.1111,12,57.67,False,1,0.0,1.0,1.0,scenario_normal_balanced,train,development,0.11
1410,3i,150.0,16,1.4825,14,68.41,False,1,0.0,1.0,1.0,scenario_normal_balanced,train,development,0.11
1415,3i,150.0,16,0.0555,14,68.38,False,1,0.0,1.0,1.0,scenario_normal_balanced,train,development,0.11
1420,3i,150.0,17,0.8812,16,75.38,False,1,0.0,1.0,1.0,scenario_normal_balanced,train,development,0.11
1425,3i,150.0,17,0.8527,16,75.38,False,1,0.0,1.0,1.0,scenario_normal_balanced,train,development,0.11
1430,3i,150.0,17,0.0319,16,75.38,False,1,0.0,1.0,1.0,scenario_normal_balanced,train,development,0.11
1435,3i,150.0,19,2.0352,17,75.38,False,1,0.0,1.0,1.0,scenario_normal_balanced,train,development,0.11
1440,3i,150.0,19,0.6572,17,75.38,False,1,0.0,1.0,1.0,scenario_normal_balanced,train,development,0.11
1445,3i,150.0,15,1.3027,14,82.38,False,0,,,,scenario_normal_balanced,train,development,0.11
1450,3i,150.0,15,1.0665,14,82.38,False,0,,,,scenario_normal_balanced,train,development,0.11
1455,3i,150.0,14,0.0,14,82.38,False,0,,,,scenario_normal_balanced,train,development,0.11
1460,3i,150.0,16,2.8827,14,82.38,False,0,,,,scenario_normal_balanced,train,development,0.11
1465,3i,150.0,16,1.373,14,82.38,False,0,,,,scenario_normal_balanced,train,development,0.11
1470,3i,150.0,16,1.1925,15,89.38,False,0,,,,scenario_normal_balanced,train,development,0.11
1475,3i,150.0,15,1.3506,12,89.38,False,0,,,,scenario_normal_balanced,train,development,0.11
1480,3i,150.0,13,1.6803,8,89.38,False,0,,,,scenario_normal_balanced,train,development,0.11
1485,3i,150.0,13,1.1724,8,89.38,False,0,,,,scenario_normal_balanced,train,development,0.11
1490,3i,150.0,14,1.9458,6,87.48,False,0,,,,scenario_normal_balanced,train,development,0.11
1495,3i,150.0,15,2.0666,8,33.92,False,0,,,,scenario_normal_balanced,train,development,0.11
1500,3i,150.0,16,1.7872,11,51.99,False,0,,,,scenario_normal_balanced,train,development,0.11
1505,3i,150.0,16,0.8456,15,69.84,False,0,,,,scenario_normal_balanced,train,development,0.11
1510,3i,150.0,16,0.0519,15,69.73,False,0,,,,scenario_normal_balanced,train,development,0.11
1515,3i,150.0,17,1.5098,16,69.72,False,0,,,,scenario_normal_balanced,train,development,0.11
1520,3i,150.0,18,1.3405,16,69.72,False,0,,,,scenario_normal_balanced,train,development,0.11
1525,3i,150.0,19,0.9596,17,73.72,False,0,,,,scenario_normal_balanced,train,development,0.11
1530,3i,150.0,19,0.7773,18,73.72,False,1,26.8554,456.44,456.44,scenario_normal_balanced,train,development,0.11
1535,3i,150.0,16,0.8486,14,73.72,False,1,27.2674,320.45,320.45,scenario_normal_balanced,train,development,0.11
1540,3i,150.0,14,0.0,14,73.72,False,1,26.9621,187.85,187.85,scenario_normal_balanced,train,development,0.11
1545,3i,150.0,16,2.2666,14,73.72,False,1,21.4937,60.85,60.85,scenario_normal_balanced,train,development,0.11
1550,3i,150.0,16,1.3554,14,73.72,False,0,,,,scenario_normal_balanced,train,development,0.11
1555,3i,150.0,16,0.9819,15,80.73,False,0,,,,scenario_normal_balanced,train,development,0.11
1560,3i,150.0,16,0.4303,15,80.73,False,0,,,,scenario_normal_balanced,train,development,0.11
1565,3i,150.0,15,0.2868,13,80.73,False,0,,,,scenario_normal_balanced,train,development,0.11
1570,3i,150.0,14,2.7604,9,80.73,False,0,,,,scenario_normal_balanced,train,development,0.11
1575,3i,150.0,15,2.4691,7,80.73,False,0,,,,scenario_normal_balanced,train,development,0.11
1580,3i,150.0,16,2.1529,7,86.79,False,0,,,,scenario_normal_balanced,train,development,0.11
1585,3i,150.0,16,1.1005,11,45.38,False,0,,,,scenario_normal_balanced,train,development,0.11
1590,3i,150.0,16,0.08,15,60.33,False,0,,,,scenario_normal_balanced,train,development,0.11
1595,3i,150.0,16,0.0023,16,67.03,False,0,,,,scenario_normal_balanced,train,development,0.11
1600,3i,150.0,17,1.1522,16,67.01,False,0,,,,scenario_normal_balanced,train,development,0.11
1605,3i,150.0,18,0.8893,16,67.01,False,0,,,,scenario_normal_balanced,train,development,0.11
1610,3i,150.0,19,0.9804,17,67.01,False,0,,,,scenario_normal_balanced,train,development,0.11
1615,3i,150.0,19,0.341,18,74.02,False,1,18.9321,396.78,396.78,scenario_normal_balanced,train,development,0.11
1620,3i,150.0,19,0.0001,19,74.01,False,1,19.0916,300.64,300.64,scenario_normal_balanced,train,development,0.11
1625,3i,150.0,15,1.6775,14,74.01,False,1,15.538,214.61,214.61,scenario_normal_balanced,train,development,0.11
1630,3i,150.0,15,0.9522,14,74.01,False,1,11.038,150.42,150.42,scenario_normal_balanced,train,development,0.11
1635,3i,150.0,16,1.5568,14,74.01,False,1,6.538,108.73,108.73,scenario_normal_balanced,train,development,0.11
1640,3i,150.0,16,1.0664,14,74.01,False,1,2.0579,89.5,89.5,scenario_normal_balanced,train,development,0.11
1645,3i,150.0,15,0.0,15,88.06,False,1,0.0003,88.06,88.06,scenario_normal_balanced,train,development,0.11
1650,3i,150.0,15,0.0,15,88.06,False,1,0.0,88.06,88.06,scenario_normal_balanced,train,development,0.11
1655,3i,150.0,15,2.083,12,88.06,False,1,0.0,88.06,88.06,scenario_normal_balanced,train,development,0.11
1660,3i,150.0,15,2.2486,9,102.1,False,1,0.0,88.06,88.06,scenario_normal_balanced,train,development,0.11
1665,3i,150.0,15,1.26,10,102.1,False,1,0.0,88.06,88.06,scenario_normal_balanced,train,development,0.11
1670,3i,150.0,15,0.49,10,101.81,False,1,1.0913,86.59,86.59,scenario_normal_balanced,train,development,0.11
1675,3i,150.0,15,0.2837,12,55.4,False,1,1.7483,79.01,79.01,scenario_normal_balanced,train,development,0.11
1680,3i,150.0,15,0.0365,15,90.42,False,1,0.1063,76.16,76.16,scenario_normal_balanced,train,development,0.11
1685,3i,150.0,18,2.2401,15,90.1,False,1,0.0001,76.05,76.05,scenario_normal_balanced,train,development,0.11
1690,3i,150.0,18,1.7094,15,90.09,False,1,0.0,76.05,76.05,scenario_normal_balanced,train,development,0.11
1695,3i,150.0,18,0.555,16,94.09,False,1,0.0,76.05,76.05,scenario_normal_balanced,train,development,0.11
1700,3i,150.0,18,0.0311,17,94.09,False,1,0.0,76.05,76.05,scenario_normal_balanced,train,development,0.11
1705,3i,150.0,18,0.0,18,94.09,False,1,0.0,76.05,76.05,scenario_normal_balanced,train,development,0.11
1710,3i,150.0,20,0.9983,18,94.09,False,1,0.0,76.05,76.05,scenario_normal_balanced,train,development,0.11
1715,3i,150.0,17,1.1769,15,106.81,False,1,0.0,76.05,76.05,scenario_normal_balanced,train,development,0.11
1720,3i,150.0,15,0.0,15,106.81,False,1,0.0,76.05,76.05,scenario_normal_balanced,train,development,0.11
1725,3i,150.0,15,0.0,15,106.81,False,2,13.6692,76.05,402.48,scenario_normal_balanced,train,development,0.11
1730,3i,150.0,15,0.0,15,106.81,False,2,13.3018,76.05,267.49,scenario_normal_balanced,train,development,0.11
1735,3i,150.0,17,2.0558,15,106.81,False,2,8.2619,76.05,157.28,scenario_normal_balanced,train,development,0.11
1740,3i,150.0,18,1.7032,16,110.99,False,2,9.8625,65.89,76.05,scenario_normal_balanced,train,development,0.11
1745,3i,150.0,16,0.7565,14,110.81,False,2,3.7972,7.4,76.05,scenario_normal_balanced,train,development,0.11
1750,3i,150.0,14,0.8336,10,110.81,False,2,0.0,1.0,76.05,scenario_normal_balanced,train,development,0.11
1755,3i,150.0,14,0.9275,9,110.81,False,2,0.1941,1.0,75.62,scenario_normal_balanced,train,development,0.11
1760,3i,150.0,15,2.6367,8,110.1,False,2,1.3577,1.0,67.95,scenario_normal_balanced,train,development,0.11
1765,3i,150.0,17,2.6815,9,44.19,False,2,0.3786,1.0,59.48,scenario_normal_balanced,train,development,0.11
1770,3i,150.0,17,1.3675,13,90.46,False,2,0.0044,1.0,58.06,scenario_normal_balanced,train,development,0.11
1775,3i,150.0,17,0.1461,16,97.11,False,2,0.0001,1.0,58.05,scenario_normal_balanced,train,development,0.11
1780,3i,150.0,17,0.0006,17,96.81,False,2,0.0,1.0,58.05,scenario_normal_balanced,train,development,0.11
1785,3i,150.0,17,0.0,17,96.8,False,2,0.0,1.0,58.05,scenario_normal_balanced,train,development,0.11
1790,3i,150.0,20,2.5415,17,96.8,False,2,0.0,1.0,58.05,scenario_normal_balanced,train,development,0.11
1795,3i,150.0,20,1.1545,17,96.8,False,2,0.0,1.0,58.05,scenario_normal_balanced,train,development,0.11
1800,3i,150.0,20,0.1638,19,103.81,False,2,0.0,1.0,58.05,scenario_normal_balanced,train,development,0.11
1805,3i,150.0,15,0.0,15,103.81,False,1,0.0,58.05,58.05,scenario_normal_balanced,train,development,0.11
1810,3i,150.0,15,0.0,15,103.81,False,1,0.0,58.05,58.05,scenario_normal_balanced,train,development,0.11
1815,3i,150.0,16,1.6626,15,103.81,False,1,0.0,58.05,58.05,scenario_normal_balanced,train,development,0.11
1820,3i,150.0,18,2.0079,15,103.81,False,1,0.0,58.05,58.05,scenario_normal_balanced,train,development,0.11
1825,3i,150.0,17,1.0691,16,110.81,False,1,0.0,58.05,58.05,scenario_normal_balanced,train,development,0.11
1830,3i,150.0,16,0.0,16,110.81,False,1,0.0,58.05,58.05,scenario_normal_balanced,train,development,0.11
1835,3i,150.0,15,0.4377,13,110.81,False,1,0.0,58.05,58.05,scenario_normal_balanced,train,development,0.11
1840,3i,150.0,13,0.8605,9,110.81,False,1,0.0,58.05,58.05,scenario_normal_balanced,train,development,0.11
1845,3i,150.0,16,3.6114,8,110.81,False,1,2.3833,52.18,52.18,scenario_normal_balanced,train,development,0.11
1850,3i,150.0,16,2.1929,8,114.77,False,1,1.1452,41.49,41.49,scenario_normal_balanced,train,development,0.11
1855,3i,150.0,16,0.6376,8,54.12,False,1,0.0081,40.05,40.05,scenario_normal_balanced,train,development,0.11
1860,3i,150.0,16,0.3429,13,79.13,False,1,0.0,40.05,40.05,scenario_normal_balanced,train,development,0.11
1865,3i,150.0,16,0.0157,16,96.94,False,1,0.0,40.05,40.05,scenario_normal_balanced,train,development,0.11
1870,3i,150.0,18,1.9961,16,96.81,False,1,0.0,40.05,40.05,scenario_normal_balanced,train,development,0.11
1875,3i,150.0,19,1.7222,16,96.8,False,1,0.0,40.05,40.05,scenario_normal_balanced,train,development,0.11
1880,3i,150.0,19,0.1982,17,103.81,False,1,0.0,40.05,40.05,scenario_normal_balanced,train,development,0.11
1885,3i,150.0,19,0.0001,19,103.81,False,1,0.0,40.05,40.05,scenario_normal_balanced,train,development,0.11
1890,3i,150.0,19,0.0,19,103.81,False,1,0.0,40.05,40.05,scenario_normal_balanced,train,development,0.11
1895,3i,150.0,16,0.9112,15,103.81,False,1,0.0,40.05,40.05,scenario_normal_balanced,train,development,0.11
1900,3i,150.0,17,2.1827,15,103.81,False,1,0.0,40.05,40.05,scenario_normal_balanced,train,development,0.11
1905,3i,150.0,17,0.9729,15,103.81,False,1,0.0,40.05,40.05,scenario_normal_balanced,train,development,0.11
1910,3i,150.0,16,0.0015,16,110.81,False,1,0.0,40.05,40.05,scenario_normal_balanced,train,development,0.11
1915,3i,150.0,16,0.0,16,110.81,False,1,0.0,40.05,40.05,scenario_normal_balanced,train,development,0.11
1920,3i,150.0,16,0.0,16,110.81,False,1,0.0,40.05,40.05,scenario_normal_balanced,train,development,0.11
1925,3i,150.0,14,0.165,13,110.81,False,1,0.0,40.05,40.05,scenario_normal_balanced,train,development,0.11
1930,3i,150.0,16,2.9601,9,110.81,False,1,2.2955,35.27,35.27,scenario_normal_balanced,train,development,0.11
1935,3i,150.0,16,2.2988,7,123.52,False,2,13.1801,23.09,455.57,scenario_normal_balanced,train,development,0.11
1940,3i,150.0,16,0.9299,7,123.33,False,2,11.8705,22.04,336.37,scenario_normal_balanced,train,development,0.11
1945,3i,150.0,16,0.5922,10,60.89,False,2,11.7038,22.04,217.93,scenario_normal_balanced,train,development,0.11
1950,3i,150.0,17,1.198,14,86.24,False,2,7.7183,22.04,127.72,scenario_normal_balanced,train,development,0.11
1955,3i,150.0,19,1.9733,16,105.66,False,2,6.5613,22.04,47.16,scenario_normal_balanced,train,development,0.11
1960,3i,150.0,19,0.4062,17,112.52,False,2,0.4117,15.04,22.04,scenario_normal_balanced,train,development,0.11
1965,3i,150.0,19,0.0036,19,112.52,False,2,0.0001,15.04,22.04,scenario_normal_balanced,train,development,0.11
1970,3i,150.0,19,0.0,19,112.52,False,2,0.0,15.04,22.04,scenario_normal_balanced,train,development,0.11
1975,3i,150.0,20,0.8255,19,112.52,False,2,0.0,15.04,22.04,scenario_normal_balanced,train,development,0.11
1980,3i,150.0,22,2.0465,19,112.52,False,2,0.0,15.04,22.04,scenario_normal_balanced,train,development,0.11
1985,3i,150.0,20,0.9931,15,112.52,False,2,1.7603,7.57,22.04,scenario_normal_balanced,train,development,0.11
1990,3i,150.0,16,0.0,16,116.52,False,1,0.0,22.04,22.04,scenario_normal_balanced,train,development,0.11
1995,3i,150.0,16,0.0,16,116.52,False,1,0.0,22.04,22.04,scenario_normal_balanced,train,development,0.11
2000,3i,150.0,16,0.0,16,116.52,False,1,0.0,22.04,22.04,scenario_normal_balanced,train,development,0.11
2005,3i,150.0,17,0.8261,16,116.52,False,1,0.0,22.04,22.04,scenario_normal_balanced,train,development,0.11
2010,3i,150.0,18,1.4944,16,116.52,False,1,0.0,22.04,22.04,scenario_normal_balanced,train,development,0.11
2015,3i,150.0,18,0.7835,14,116.52,False,1,1.0596,20.98,20.98,scenario_normal_balanced,train,development,0.11
2020,3i,150.0,17,0.9588,11,116.52,False,2,14.8353,3.83,480.3,scenario_normal_balanced,train,development,0.11
2025,3i,150.0,17,0.9265,11,123.52,False,2,11.7537,1.0,358.9,scenario_normal_balanced,train,development,0.11
2030,3i,150.0,18,1.7061,10,123.42,False,2,11.7171,1.0,237.92,scenario_normal_balanced,train,development,0.11
2035,3i,150.0,19,2.6936,10,53.95,False,2,11.8095,1.0,118.34,scenario_normal_balanced,train,development,0.11
2040,3i,150.0,20,1.1751,14,85.06,False,2,5.7988,1.0,32.66,scenario_normal_balanced,train,development,0.11
2045,3i,150.0,20,0.1637,17,95.59,False,2,0.2117,1.0,8.29,scenario_normal_balanced,train,development,0.11
2050,3i,150.0,20,0.0023,20,116.56,False,2,0.0,1.0,8.0,scenario_normal_balanced,train,development,0.11
2055,3i,150.0,21,0.8284,20,116.52,False,2,0.0,1.0,8.0,scenario_normal_balanced,train,development,0.11
2060,3i,150.0,21,0.7384,20,116.52,False,2,0.0,1.0,8.0,scenario_normal_balanced,train,development,0.11
2065,3i,150.0,23,1.1232,20,116.52,False,2,0.0,1.0,8.0,scenario_normal_balanced,train,development,0.11
2070,3i,150.0,23,0.142,22,123.52,False,2,0.0,1.0,8.0,scenario_normal_balanced,train,development,0.11
2075,3i,150.0,18,0.3703,17,123.52,False,1,0.0,1.0,1.0,scenario_normal_balanced,train,development,0.11
2080,3i,150.0,18,1.0113,17,123.52,False,1,0.0,1.0,1.0,scenario_normal_balanced,train,development,0.11
2085,3i,150.0,18,0.8419,17,123.52,False,1,0.0,1.0,1.0,scenario_normal_balanced,train,development,0.11
2090,3i,150.0,19,1.8046,17,123.52,False,1,0.0,1.0,1.0,scenario_normal_balanced,train,development,0.11
2095,3i,150.0,19,0.5976,18,130.56,False,1,0.0,1.0,1.0,scenario_normal_balanced,train,development,0.11
2100,3i,150.0,18,0.0,18,130.52,False,1,0.0,1.0,1.0,scenario_normal_balanced,train,development,0.11
2105,3i,150.0,17,0.0894,16,130.52,False,1,23.8631,408.4,408.4,scenario_normal_balanced,train,development,0.11
2110,3i,150.0,18,1.4118,13,130.52,False,1,24.1366,287.62,287.62,scenario_normal_balanced,train,development,0.11
2115,3i,150.0,18,1.4546,13,130.52,False,1,16.38,182.46,182.46,scenario_normal_balanced,train,development,0.11
2120,3i,150.0,20,1.6293,12,130.51,False,1,3.3476,138.63,138.63,scenario_normal_balanced,train,development,0.11
2125,3i,150.0,20,1.3382,14,136.87,False,1,0.3356,136.87,136.87,scenario_normal_balanced,train,development,0.11
2130,3i,150.0,20,0.5441,14,81.76,False,1,0.66,132.99,132.99,scenario_normal_balanced,train,development,0.11
2135,3i,150.0,21,0.9826,19,117.18,False,1,0.6359,125.07,125.07,scenario_normal_balanced,train,development,0.11
2140,3i,150.0,21,0.6693,20,123.52,False,1,0.0575,123.52,123.52,scenario_normal_balanced,train,development,0.11
2145,3i,150.0,23,1.2197,20,123.48,False,1,0.0008,123.48,123.48,scenario_normal_balanced,train,development,0.11
2150,3i,150.0,23,0.2197,22,130.48,False,1,0.0,123.48,123.48,scenario_normal_balanced,train,development,0.11
2155,3i,150.0,23,0.0001,23,130.48,False,1,0.0,123.48,123.48,scenario_normal_balanced,train,development,0.11
2160,3i,150.0,23,0.0,23,130.48,False,2,13.7746,123.48,376.32,scenario_normal_balanced,train,development,0.11
2165,3i,150.0,21,0.9039,19,130.48,False,2,13.693,123.48,242.23,scenario_normal_balanced,train,development,0.11
2170,3i,150.0,20,1.3354,19,130.48,False,2,13.3538,106.77,123.48,scenario_normal_balanced,train,development,0.11
2175,3i,150.0,21,0.6457,19,130.48,False,3,13.036,13.98,403.22,scenario_normal_balanced,train,development,0.11
2180,3i,150.0,20,0.0,20,134.48,False,2,13.5523,123.48,268.81,scenario_normal_balanced,train,development,0.11
2185,3i,150.0,20,0.0,20,134.48,False,2,7.2164,123.48,168.65,scenario_normal_balanced,train,development,0.11
2190,3i,150.0,21,0.8379,20,134.48,False,2,8.7981,88.23,123.48,scenario_normal_balanced,train,development,0.11
2195,3i,150.0,19,0.6709,17,134.48,False,2,5.6673,17.01,123.48,scenario_normal_balanced,train,development,0.11
2200,3i,150.0,20,1.7288,14,134.48,False,2,0.0,1.0,123.48,scenario_normal_balanced,train,development,0.11
2205,3i,150.0,20,0.8048,13,138.48,False,2,0.0,1.0,123.48,scenario_normal_balanced,train,development,0.11
2210,3i,150.0,20,0.595,13,138.48,False,2,0.0133,1.0,123.45,scenario_normal_balanced,train,development,0.11
2215,3i,150.0,21,1.4831,12,138.33,False,2,0.5466,1.0,121.18,scenario_normal_balanced,train,development,0.11
2220,3i,150.0,21,1.3528,12,60.73,False,2,0.5723,1.0,113.25,scenario_normal_balanced,train,development,0.11
2225,3i,150.0,22,1.5296,15,88.97,False,2,0.5509,1.0,104.08,scenario_normal_balanced,train,development,0.11
2230,3i,150.0,23,0.6969,20,114.11,False,2,0.0097,1.0,102.78,scenario_normal_balanced,train,development,0.11
2235,3i,150.0,23,0.0196,23,121.91,False,2,0.0001,1.0,102.77,scenario_normal_balanced,train,development,0.11
2240,3i,150.0,24,0.6526,23,121.77,False,2,0.0001,1.0,102.77,scenario_normal_balanced,train,development,0.11
2245,3i,150.0,24,0.588,23,121.77,False,2,0.0,1.0,102.77,scenario_normal_balanced,train,development,0.11
2250,3i,150.0,24,0.1328,23,121.77,False,2,0.0,1.0,102.77,scenario_normal_balanced,train,development,0.11
2255,3i,150.0,21,1.1657,19,121.77,False,1,0.0,102.77,102.77,scenario_normal_balanced,train,development,0.11
2260,3i,150.0,20,0.0012,20,128.78,False,1,0.0,102.77,102.77,scenario_normal_balanced,train,development,0.11
2265,3i,150.0,20,0.0,20,128.77,False,1,0.0,102.77,102.77,scenario_normal_balanced,train,development,0.11
2270,3i,150.0,21,0.8739,20,128.77,False,1,0.0,102.77,102.77,scenario_normal_balanced,train,development,0.11
2275,3i,150.0,21,0.7441,20,128.77,False,1,0.0,102.77,102.77,scenario_normal_balanced,train,development,0.11
2280,3i,150.0,22,1.5344,20,128.77,False,1,0.0,102.77,102.77,scenario_normal_balanced,train,development,0.11
2285,3i,150.0,20,0.7295,18,135.77,False,1,0.0,102.77,102.77,scenario_normal_balanced,train,development,0.11
2290,3i,150.0,19,0.72,14,135.77,False,1,0.0,102.77,102.77,scenario_normal_balanced,train,development,0.11
2295,3i,150.0,20,1.3761,13,135.77,False,1,0.0,102.77,102.77,scenario_normal_balanced,train,development,0.11
2300,3i,150.0,20,1.2656,13,135.77,False,1,1.1122,100.42,100.42,scenario_normal_balanced,train,development,0.11
2305,3i,150.0,21,1.9535,11,135.28,False,1,1.931,91.72,91.72,scenario_normal_balanced,train,development,0.11
2310,3i,150.0,21,1.1163,14,85.23,False,1,0.4024,85.23,85.23,scenario_normal_balanced,train,development,0.11
2315,3i,150.0,22,0.4644,18,104.4,False,1,0.0029,84.76,84.76,scenario_normal_balanced,train,development,0.11
2320,3i,150.0,23,0.7235,21,117.93,False,1,0.0,84.76,84.76,scenario_normal_balanced,train,development,0.11
2325,3i,150.0,23,0.6157,22,121.78,False,1,0.0,84.76,84.76,scenario_normal_balanced,train,development,0.11
2330,3i,150.0,23,0.0707,22,121.77,False,1,0.0,84.76,84.76,scenario_normal_balanced,train,development,0.11
2335,3i,150.0,24,1.0215,23,121.77,False,1,0.0,84.76,84.76,scenario_normal_balanced,train,development,0.11
2340,3i,150.0,25,0.4873,23,121.77,False,1,0.0,84.76,84.76,scenario_normal_balanced,train,development,0.11
2345,3i,150.0,21,0.2642,20,134.48,False,1,0.0,84.76,84.76,scenario_normal_balanced,train,development,0.11
2350,3i,150.0,21,0.8657,20,134.48,False,1,0.0,84.76,84.76,scenario_normal_balanced,train,development,0.11
2355,3i,150.0,20,0.0,20,134.48,False,1,0.0,84.76,84.76,scenario_normal_balanced,train,development,0.11
2360,3i,150.0,21,1.319,20,134.48,False,1,0.0,84.76,84.76,scenario_normal_balanced,train,development,0.11
2365,3i,150.0,21,0.7562,20,134.48,False,1,0.0,84.76,84.76,scenario_normal_balanced,train,development,0.11
2370,3i,150.0,20,0.0,20,134.48,False,1,0.0,84.76,84.76,scenario_normal_balanced,train,development,0.11
2375,3i,150.0,20,0.8253,17,134.48,False,2,13.8774,84.76,455.55,scenario_normal_balanced,train,development,0.11
2380,3i,150.0,19,1.396,14,141.48,False,2,13.3613,84.76,323.07,scenario_normal_balanced,train,development,0.11
2385,3i,150.0,19,0.5471,13,141.48,False,2,9.2211,84.15,208.21,scenario_normal_balanced,train,development,0.11
2390,3i,150.0,19,0.6959,11,141.48,False,2,3.6319,77.41,158.43,scenario_normal_balanced,train,development,0.11
2395,3i,150.0,20,1.4315,11,141.3,False,2,0.6235,67.28,155.48,scenario_normal_balanced,train,development,0.11
2400,3i,150.0,21,1.8431,12,77.89,False,2,0.5226,66.77,153.12,scenario_normal_balanced,train,development,0.11
2405,3i,150.0,22,1.0377,17,100.29,False,2,0.9894,66.76,147.03,scenario_normal_balanced,train,development,0.11
2410,3i,150.0,22,0.1671,19,116.58,False,2,0.2898,66.76,139.75,scenario_normal_balanced,train,development,0.11
2415,3i,150.0,23,1.1474,22,137.55,False,2,0.0181,66.76,137.55,scenario_normal_balanced,train,development,0.11
2420,3i,150.0,24,0.7031,22,137.52,False,2,0.0005,66.76,137.52,scenario_normal_balanced,train,development,0.11
2425,3i,150.0,25,0.7782,23,141.52,False,2,0.0001,66.76,137.52,scenario_normal_balanced,train,development,0.11
2430,3i,150.0,25,0.5929,24,141.52,False,2,0.0,66.76,137.52,scenario_normal_balanced,train,development,0.11
2435,3i,150.0,21,0.4247,20,141.52,False,2,0.0,66.76,137.52,scenario_normal_balanced,train,development,0.11
2440,3i,150.0,20,0.0,20,141.52,False,2,0.0,66.76,137.52,scenario_normal_balanced,train,development,0.11
2445,3i,150.0,21,1.1202,20,141.52,False,2,0.0,66.76,137.52,scenario_normal_balanced,train,development,0.11
2450,3i,150.0,22,0.5419,21,148.53,True,2,0.0,66.76,137.52,scenario_normal_balanced,train,development,0.11
2455,3i,150.0,22,0.821,21,148.52,True,2,0.0,66.76,137.52,scenario_normal_balanced,train,development,0.11
2460,3i,150.0,22,0.604,21,148.52,True,2,0.0,66.76,137.52,scenario_normal_balanced,train,development,0.11
2465,3i,150.0,21,0.1874,19,148.52,True,2,0.0,66.76,137.52,scenario_normal_balanced,train,development,0.11
2470,3i,150.0,21,1.8031,15,148.52,True,2,0.0,66.76,137.52,scenario_normal_balanced,train,development,0.11
2475,3i,150.0,21,1.2505,14,148.52,True,2,0.8419,62.32,137.52,scenario_normal_balanced,train,development,0.11
2480,3i,150.0,22,1.3326,14,148.52,True,2,0.8894,49.55,137.52,scenario_normal_balanced,train,development,0.11
2485,3i,150.0,22,1.2453,14,148.42,True,2,0.2756,47.06,136.34,scenario_normal_balanced,train,development,0.11
2490,3i,150.0,22,0.5025,14,73.23,False,3,6.7596,47.05,474.59,scenario_normal_balanced,train,development,0.11
2495,3i,150.0,23,0.3783,18,96.9,False,3,7.0983,47.05,380.52,scenario_normal_balanced,train,development,0.11
2500,3i,150.0,25,1.0141,20,117.89,False,3,6.4304,47.05,285.34,scenario_normal_balanced,train,development,0.11
2505,3i,150.0,25,0.1736,24,140.07,False,3,5.7986,47.05,199.06,scenario_normal_balanced,train,development,0.11
2510,3i,150.0,26,0.6526,25,139.81,False,3,5.6514,47.05,117.81,scenario_normal_balanced,train,development,0.11
2515,3i,150.0,26,0.4029,25,139.81,False,3,3.4918,47.05,117.81,scenario_normal_balanced,train,development,0.11
2520,3i,150.0,26,0.147,25,139.81,False,3,1.2744,17.21,117.81,scenario_normal_balanced,train,development,0.11
2525,3i,150.0,23,1.2432,21,139.81,False,3,1.485,3.47,117.81,scenario_normal_balanced,train,development,0.11
2530,3i,150.0,23,0.6389,21,139.81,False,2,0.0,47.05,117.81,scenario_normal_balanced,train,development,0.11
2535,3i,150.0,23,0.7012,22,143.81,False,2,0.0,47.05,117.81,scenario_normal_balanced,train,development,0.11
2540,3i,150.0,23,0.7646,22,143.81,False,2,0.0,47.05,117.81,scenario_normal_balanced,train,development,0.11
2545,3i,150.0,22,0.0,22,143.81,False,2,0.0,47.05,117.81,scenario_normal_balanced,train,development,0.11
2550,3i,150.0,22,0.0,22,143.81,False,2,0.0,47.05,117.81,scenario_normal_balanced,train,development,0.11
2555,3i,150.0,22,1.1283,20,143.81,False,2,0.0,47.05,117.81,scenario_normal_balanced,train,development,0.11
2560,3i,150.0,22,1.5254,15,143.81,False,2,0.6956,45.25,117.81,scenario_normal_balanced,train,development,0.11
2565,3i,150.0,22,0.9898,16,143.81,False,2,0.537,36.48,117.81,scenario_normal_balanced,train,development,0.11
2570,3i,150.0,22,0.3684,17,143.81,False,2,0.0339,36.05,117.74,scenario_normal_balanced,train,development,0.11
2575,3i,150.0,22,0.3503,17,143.79,False,2,0.4,36.05,113.82,scenario_normal_balanced,train,development,0.11
2580,3i,150.0,24,1.239,19,149.6,True,2,0.2554,36.05,107.92,scenario_normal_balanced,train,development,0.11
2585,3i,150.0,24,0.7022,20,130.36,False,2,0.0114,36.05,106.83,scenario_normal_balanced,train,development,0.11
2590,3i,150.0,25,0.7962,23,140.36,False,2,0.0003,36.05,106.81,scenario_normal_balanced,train,development,0.11
2595,3i,150.0,26,0.35,24,139.83,False,2,0.0,36.05,106.81,scenario_normal_balanced,train,development,0.11
2600,3i,150.0,26,0.0041,26,143.81,False,2,0.0,36.05,106.81,scenario_normal_balanced,train,development,0.11
2605,3i,150.0,27,0.9973,26,143.81,False,2,0.0,36.05,106.81,scenario_normal_balanced,train,development,0.11
2610,3i,150.0,27,0.4788,26,143.81,False,2,0.0,36.05,106.81,scenario_normal_balanced,train,development,0.11
2615,3i,150.0,24,0.9899,22,143.81,False,2,0.0,36.05,106.81,scenario_normal_balanced,train,development,0.11
2620,3i,150.0,22,0.0,22,143.81,False,2,0.0,36.05,106.81,scenario_normal_balanced,train,development,0.11
2625,3i,150.0,22,0.0,22,143.81,False,2,0.0,36.05,106.81,scenario_normal_balanced,train,development,0.11
2630,3i,150.0,22,0.0,22,143.81,False,2,0.0,36.05,106.81,scenario_normal_balanced,train,development,0.11
2635,3i,150.0,23,1.0431,22,143.81,False,2,0.0,36.05,106.81,scenario_normal_balanced,train,development,0.11
2640,3i,150.0,24,1.1608,22,143.81,False,2,0.0,36.05,106.81,scenario_normal_balanced,train,development,0.11
2645,3i,150.0,23,0.6351,20,143.81,False,2,0.0,36.05,106.81,scenario_normal_balanced,train,development,0.11
2650,3i,150.0,23,0.4135,18,143.81,False,2,0.9669,31.54,106.81,scenario_normal_balanced,train,development,0.11
2655,3i,150.0,23,0.4637,17,143.81,False,2,0.2358,22.37,106.81,scenario_normal_balanced,train,development,0.11
2660,3i,150.0,23,0.4166,19,143.81,False,2,0.2046,22.0,106.19,scenario_normal_balanced,train,development,0.11
2665,3i,150.0,25,1.8308,18,143.8,False,2,0.7238,22.0,101.21,scenario_normal_balanced,train,development,0.11
2670,3i,150.0,25,1.1857,17,142.54,False,2,0.3441,22.0,93.93,scenario_normal_balanced,train,development,0.11
2675,3i,150.0,25,0.3504,21,115.9,False,2,0.0075,22.0,92.77,scenario_normal_balanced,train,development,0.11
2680,3i,150.0,26,0.086,25,146.32,True,2,0.0,22.0,92.76,scenario_normal_balanced,train,development,0.11
2685,3i,150.0,27,0.0295,27,148.08,True,2,0.0,22.0,92.76,scenario_normal_balanced,train,development,0.11
2690,3i,150.0,28,0.7542,27,147.83,True,2,0.0,22.0,92.76,scenario_normal_balanced,train,development,0.11
2695,3i,150.0,29,0.8283,27,147.81,True,2,0.0,22.0,92.76,scenario_normal_balanced,train,development,0.11
2700,3i,150.0,29,0.5306,28,147.81,True,2,0.0,22.0,92.76,scenario_normal_balanced,train,development,0.11
2705,3i,150.0,25,0.5688,23,147.81,True,2,0.0,22.0,92.76,scenario_normal_balanced,train,development,0.11
2710,3i,150.0,23,0.0,23,147.81,True,2,0.0,22.0,92.76,scenario_normal_balanced,train,development,0.11
2715,3i,150.0,24,1.104,23,147.81,True,2,0.0,22.0,92.76,scenario_normal_balanced,train,development,0.11
2720,3i,150.0,25,1.3501,23,147.81,True,2,0.0,22.0,92.76,scenario_normal_balanced,train,development,0.11
2725,3i,150.0,24,0.726,23,147.81,True,2,0.0,22.0,92.76,scenario_normal_balanced,train,development,0.11
2730,3i,150.0,24,0.2744,23,147.81,True,2,0.0,22.0,92.76,scenario_normal_balanced,train,development,0.11
2735,3i,150.0,23,0.2543,21,147.81,True,2,0.0,22.0,92.76,scenario_normal_balanced,train,development,0.11
2740,3i,150.0,21,0.7194,17,147.81,True,2,2.0351,2.75,92.76,scenario_normal_balanced,train,development,0.11
2745,3i,150.0,23,2.1024,15,147.81,True,2,0.0015,1.0,92.76,scenario_normal_balanced,train,development,0.11
2750,3i,150.0,23,1.9043,13,147.81,True,2,0.7799,1.0,88.35,scenario_normal_balanced,train,development,0.11
2755,3i,150.0,23,0.7396,15,147.8,True,2,1.0,1.0,78.27,scenario_normal_balanced,train,development,0.11
2760,3i,150.0,23,0.6442,15,145.48,True,2,0.1307,1.0,71.85,scenario_normal_balanced,train,development,0.11
2765,3i,150.0,24,0.4472,18,94.05,False,2,0.0018,1.0,71.76,scenario_normal_balanced,train,development,0.11
2770,3i,150.0,26,0.9275,21,109.09,False,2,0.0,1.0,71.76,scenario_normal_balanced,train,development,0.11
2775,3i,150.0,27,1.2809,25,142.06,False,2,0.0,1.0,71.76,scenario_normal_balanced,train,development,0.11
2780,3i,150.0,27,0.6025,25,140.83,False,2,0.0,1.0,71.76,scenario_normal_balanced,train,development,0.11
2785,3i,150.0,27,0.1863,26,140.81,False,2,0.0,1.0,71.76,scenario_normal_balanced,train,development,0.11
2790,3i,150.0,27,0.0003,27,140.81,False,2,0.0,1.0,71.76,scenario_normal_balanced,train,development,0.11
2795,3i,150.0,23,0.2148,22,140.81,False,2,0.0,1.0,71.76,scenario_normal_balanced,train,development,0.11
2800,3i,150.0,23,0.8126,22,140.81,False,2,0.0,1.0,71.76,scenario_normal_balanced,train,development,0.11
2805,3i,150.0,24,1.4449,22,140.81,False,2,0.0,1.0,71.76,scenario_normal_balanced,train,development,0.11
2810,3i,150.0,23,0.5042,22,140.81,False,2,0.0,1.0,71.76,scenario_normal_balanced,train,development,0.11
2815,3i,150.0,22,0.0,22,140.81,False,2,0.0,1.0,71.76,scenario_normal_balanced,train,development,0.11
2820,3i,150.0,22,0.0,22,140.81,False,2,0.0,1.0,71.76,scenario_normal_balanced,train,development,0.11
2825,3i,150.0,21,0.2866,19,140.81,False,1,0.0,71.76,71.76,scenario_normal_balanced,train,development,0.11
2830,3i,150.0,21,2.1935,15,140.81,False,1,0.0,71.76,71.76,scenario_normal_balanced,train,development,0.11
2835,3i,150.0,21,1.4252,14,140.81,False,1,1.2201,69.99,69.99,scenario_normal_balanced,train,development,0.11
2840,3i,150.0,21,0.6144,14,140.81,False,1,2.617,60.36,60.36,scenario_normal_balanced,train,development,0.11
2845,3i,150.0,21,0.4647,16,140.77,False,1,0.2265,56.81,56.81,scenario_normal_balanced,train,development,0.11
2850,3i,150.0,22,1.1784,14,79.09,False,1,0.0015,56.76,56.76,scenario_normal_balanced,train,development,0.11
2855,3i,150.0,24,1.6916,18,147.98,True,1,0.0,56.76,56.76,scenario_normal_balanced,train,development,0.11
2860,3i,150.0,25,0.56,21,126.44,False,1,0.0,56.76,56.76,scenario_normal_balanced,train,development,0.11
2865,3i,150.0,25,0.0104,25,144.01,False,1,0.0,56.76,56.76,scenario_normal_balanced,train,development,0.11
2870,3i,150.0,25,0.0002,25,143.86,False,1,0.0,56.76,56.76,scenario_normal_balanced,train,development,0.11
2875,3i,150.0,25,0.0,25,143.85,False,1,0.0,56.76,56.76,scenario_normal_balanced,train,development,0.11
2880,3i,150.0,26,0.6027,25,143.85,False,1,0.0,56.76,56.76,scenario_normal_balanced,train,development,0.11
2885,3i,150.0,24,1.0344,21,143.85,False,1,0.0,56.76,56.76,scenario_normal_balanced,train,development,0.11
2890,3i,150.0,22,0.6006,21,143.85,False,2,13.5095,56.76,402.63,scenario_normal_balanced,train,development,0.11
2895,3i,150.0,21,0.0,21,143.85,False,2,11.5151,56.76,273.05,scenario_normal_balanced,train,development,0.11
2900,3i,150.0,21,0.0,21,143.85,False,2,9.2236,56.76,185.92,scenario_normal_balanced,train,development,0.11
2905,3i,150.0,22,0.7177,21,143.85,False,2,7.8948,56.76,101.96,scenario_normal_balanced,train,development,0.11
2910,3i,150.0,23,1.3613,21,143.85,False,2,6.1414,24.12,56.76,scenario_normal_balanced,train,development,0.11
2915,3i,150.0,22,0.4667,19,143.85,False,2,0.1779,1.32,56.76,scenario_normal_balanced,train,development,0.11
2920,3i,150.0,20,0.5088,17,143.85,False,2,0.0906,1.0,56.58,scenario_normal_balanced,train,development,0.11
2925,3i,150.0,20,0.5384,15,143.85,False,2,1.6794,1.0,48.11,scenario_normal_balanced,train,development,0.11
2930,3i,150.0,20,0.6648,13,143.85,False,2,0.6504,1.0,39.19,scenario_normal_balanced,train,development,0.11
2935,3i,150.0,22,1.9881,12,143.72,False,2,0.0032,1.0,38.76,scenario_normal_balanced,train,development,0.11
2940,3i,150.0,22,1.6179,14,141.06,False,2,0.0,1.0,38.76,scenario_normal_balanced,train,development,0.11
2945,3i,150.0,22,0.7508,15,89.87,False,2,0.0,1.0,38.76,scenario_normal_balanced,train,development,0.11
2950,3i,150.0,24,0.2614,20,122.36,False,2,0.0,1.0,38.76,scenario_normal_balanced,train,development,0.11
2955,3i,150.0,24,0.0116,24,144.22,False,2,0.0,1.0,38.76,scenario_normal_balanced,train,development,0.11
2960,3i,150.0,25,0.5872,24,143.89,False,2,0.0,1.0,38.76,scenario_normal_balanced,train,development,0.11
2965,3i,150.0,26,0.9163,24,143.89,False,2,0.0,1.0,38.76,scenario_normal_balanced,train,development,0.11
2970,3i,150.0,26,0.4743,25,143.89,False,2,0.0,1.0,38.76,scenario_normal_balanced,train,development,0.11
2975,3i,150.0,22,0.4483,20,143.89,False,1,0.0,38.76,38.76,scenario_normal_balanced,train,development,0.11
2980,3i,150.0,20,0.0,20,143.89,False,1,0.0,38.76,38.76,scenario_normal_balanced,train,development,0.11
2985,3i,150.0,21,0.8729,20,143.89,False,1,0.0,38.76,38.76,scenario_normal_balanced,train,development,0.11
2990,3i,150.0,22,1.7925,20,143.89,False,1,0.0,38.76,38.76,scenario_normal_balanced,train,development,0.11
2995,3i,150.0,21,0.5734,20,143.89,False,1,0.0,38.76,38.76,scenario_normal_balanced,train,development,0.11
3000,3i,150.0,20,0.0,20,143.89,False,1,0.0,38.76,38.76,scenario_normal_balanced,train,development,0.11
3005,3i,150.0,19,0.248,17,143.89,False,2,12.0747,38.76,407.68,scenario_normal_balanced,train,development,0.11
3010,3i,150.0,18,1.5935,14,143.89,False,2,12.3172,32.16,290.12,scenario_normal_balanced,train,development,0.11
3015,3i,150.0,18,1.8222,12,143.89,False,2,5.122,15.74,217.71,scenario_normal_balanced,train,development,0.11
3020,3i,150.0,19,1.9984,11,143.89,False,2,0.0258,15.04,205.32,scenario_normal_balanced,train,development,0.11
3025,3i,150.0,19,1.0546,10,143.47,False,2,0.0,15.04,205.32,scenario_normal_balanced,train,development,0.11
3030,3i,150.0,19,0.6563,11,52.08,False,2,0.0002,15.04,205.32,scenario_normal_balanced,train,development,0.11
3035,3i,150.0,20,0.4763,14,77.17,False,2,0.1282,15.04,204.79,scenario_normal_balanced,train,development,0.11
3040,3i,150.0,22,0.9205,17,102.3,False,2,0.4245,15.04,201.61,scenario_normal_balanced,train,development,0.11
3045,3i,150.0,23,0.3903,20,132.94,False,2,0.5118,15.04,194.81,scenario_normal_balanced,train,development,0.11
3050,3i,150.0,25,0.613,24,148.01,True,2,0.9616,15.04,185.79,scenario_normal_balanced,train,development,0.11
3055,3i,150.0,25,0.3346,24,147.89,True,2,0.1389,15.04,181.86,scenario_normal_balanced,train,development,0.11
3060,3i,150.0,25,0.0395,24,147.89,True,3,9.036,15.04,376.41,scenario_normal_balanced,train,development,0.11
3065,3i,150.0,22,0.841,21,147.89,True,3,8.8355,15.04,242.69,scenario_normal_balanced,train,development,0.11
3070,3i,150.0,23,1.7867,21,147.89,True,3,8.6315,15.04,181.61,scenario_normal_balanced,train,development,0.11
3075,3i,150.0,22,0.6071,21,147.89,True,3,4.4517,14.96,181.61,scenario_normal_balanced,train,development,0.11
3080,3i,150.0,21,0.0,21,147.89,True,2,0.0,15.04,181.61,scenario_normal_balanced,train,development,0.11
3085,3i,150.0,21,0.0,21,147.89,True,2,0.0,15.04,181.61,scenario_normal_balanced,train,development,0.11
3090,3i,150.0,22,0.7147,21,147.89,True,2,0.0,15.04,181.61,scenario_normal_balanced,train,development,0.11
3095,3i,150.0,21,0.8211,19,147.89,True,2,0.802,12.46,181.61,scenario_normal_balanced,train,development,0.11
3100,3i,150.0,21,0.5038,15,147.89,True,2,0.014,1.01,181.61,scenario_normal_balanced,train,development,0.11
3105,3i,150.0,22,1.1091,16,147.89,True,2,0.0,1.0,181.61,scenario_normal_balanced,train,development,0.11
3110,3i,150.0,22,0.7715,16,147.89,True,2,0.0,1.0,181.61,scenario_normal_balanced,train,development,0.11
3115,3i,150.0,22,0.4205,16,147.82,True,2,0.0,1.0,181.61,scenario_normal_balanced,train,development,0.11
3120,3i,150.0,23,1.1393,16,145.35,True,2,0.0205,1.0,181.52,scenario_normal_balanced,train,development,0.11
3125,3i,150.0,25,1.4728,19,119.5,False,2,0.2927,1.0,179.51,scenario_normal_balanced,train,development,0.11
3130,3i,150.0,25,0.466,23,134.42,False,2,0.4945,1.0,173.16,scenario_normal_balanced,train,development,0.11
3135,3i,150.0,25,0.0087,24,140.92,False,2,0.4283,1.0,168.33,scenario_normal_balanced,train,development,0.11
3140,3i,150.0,25,0.0001,25,140.85,False,2,0.0209,1.0,167.62,scenario_normal_balanced,train,development,0.11
3145,3i,150.0,26,0.592,25,140.85,False,2,0.0012,1.0,167.57,scenario_normal_balanced,train,development,0.11
3150,3i,150.0,26,0.3028,25,140.85,False,2,0.0,1.0,167.56,scenario_normal_balanced,train,development,0.11
3155,3i,150.0,24,1.0799,21,140.85,False,3,8.226,1.0,407.71,scenario_normal_balanced,train,development,0.11
3160,3i,150.0,21,0.0,21,140.85,False,3,7.166,1.0,288.41,scenario_normal_balanced,train,development,0.11
3165,3i,150.0,21,0.0,21,140.85,False,4,9.3929,1.0,474.59,scenario_normal_balanced,train,development,0.11
3170,3i,150.0,22,0.6539,21,140.85,False,4,8.4024,1.0,379.91,scenario_normal_balanced,train,development,0.11
3175,3i,150.0,22,0.8188,21,140.85,False,4,8.4176,1.0,290.69,scenario_normal_balanced,train,development,0.11
3180,3i,150.0,22,1.0851,21,140.85,False,3,2.7285,1.0,234.82,scenario_normal_balanced,train,development,0.11
3185,3i,150.0,21,0.841,19,140.85,False,2,0.3427,167.56,216.39,scenario_normal_balanced,train,development,0.11
3190,3i,150.0,19,0.5819,14,140.85,False,2,0.0,167.56,216.32,scenario_normal_balanced,train,development,0.11
3195,3i,150.0,20,1.3251,13,140.85,False,2,0.0,167.56,216.32,scenario_normal_balanced,train,development,0.11
3200,3i,150.0,20,1.1912,12,140.85,False,2,0.0,167.56,216.32,scenario_normal_balanced,train,development,0.11
3205,3i,150.0,21,2.063,13,140.75,False,2,0.0,167.56,216.32,scenario_normal_balanced,train,development,0.11
3210,3i,150.0,21,1.1396,14,88.32,False,2,0.1477,166.97,216.32,scenario_normal_balanced,train,development,0.11
3215,3i,150.0,22,0.2851,17,111.62,False,2,0.5103,163.07,216.25,scenario_normal_balanced,train,development,0.11
3220,3i,150.0,24,0.8801,23,147.53,True,3,9.7095,155.71,483.3,scenario_normal_balanced,train,development,0.11
3225,3i,150.0,24,0.6511,23,145.74,True,3,9.2437,152.83,350.4,scenario_normal_balanced,train,development,0.11
3230,3i,150.0,24,0.2239,23,145.56,True,3,5.065,152.57,253.93,scenario_normal_balanced,train,development,0.11
3235,3i,150.0,25,0.8666,24,145.56,True,3,0.6078,152.56,220.78,scenario_normal_balanced,train,development,0.11
3240,3i,150.0,25,0.3136,24,145.56,True,3,0.0348,152.56,218.16,scenario_normal_balanced,train,development,0.11
3245,3i,150.0,20,0.0,20,145.56,True,3,0.0012,152.56,218.03,scenario_normal_balanced,train,development,0.11
3250,3i,150.0,21,0.8106,20,145.56,True,4,6.6636,152.56,402.72,scenario_normal_balanced,train,development,0.11
3255,3i,150.0,21,0.7701,20,145.56,True,4,4.9623,152.56,283.41,scenario_normal_balanced,train,development,0.11
3260,3i,150.0,20,0.0,20,145.56,True,4,1.4623,152.56,226.16,scenario_normal_balanced,train,development,0.11
3265,3i,150.0,21,0.983,20,145.56,True,4,0.0072,152.56,222.04,scenario_normal_balanced,train,development,0.11
3270,3i,150.0,20,0.0,20,145.56,True,4,0.0,152.56,222.03,scenario_normal_balanced,train,development,0.11
3275,3i,150.0,20,1.2259,17,145.56,True,4,0.0,152.56,222.03,scenario_normal_balanced,train,development,0.11
3280,3i,150.0,18,1.3753,13,145.56,True,4,0.0,152.56,222.03,scenario_normal_balanced,train,development,0.11
3285,3i,150.0,18,0.5589,11,145.56,True,4,0.0,152.56,222.03,scenario_normal_balanced,train,development,0.11
3290,3i,150.0,19,1.6183,11,145.56,True,4,0.0,152.56,222.03,scenario_normal_balanced,train,development,0.11
3295,3i,150.0,19,0.9549,11,145.08,True,4,0.0444,152.32,222.03,scenario_normal_balanced,train,development,0.11
3300,3i,150.0,20,0.5543,13,86.29,False,4,0.2212,149.29,222.03,scenario_normal_balanced,train,development,0.11
3305,3i,150.0,21,1.0732,16,101.26,False,4,0.6135,141.56,221.91,scenario_normal_balanced,train,development,0.11
3310,3i,150.0,22,0.4268,20,135.11,False,4,0.9271,135.11,220.07,scenario_normal_balanced,train,development,0.11
3315,3i,150.0,22,0.006,22,141.62,False,4,0.8037,134.58,214.91,scenario_normal_balanced,train,development,0.11
3320,3i,150.0,23,0.7539,22,141.56,False,4,0.6324,134.56,208.14,scenario_normal_balanced,train,development,0.11
3325,3i,150.0,23,0.1918,22,141.56,False,4,0.1245,134.56,204.28,scenario_normal_balanced,train,development,0.11
3330,3i,150.0,24,0.6112,23,141.56,False,5,5.3803,134.56,456.41,scenario_normal_balanced,train,development,0.11
3335,3i,150.0,20,0.6236,19,141.56,False,5,4.768,134.56,324.68,scenario_normal_balanced,train,development,0.11
3340,3i,150.0,19,0.0,19,141.56,False,5,2.1161,134.56,245.1,scenario_normal_balanced,train,development,0.11
3345,3i,150.0,20,1.1635,19,141.56,False,5,0.016,134.56,229.1,scenario_normal_balanced,train,development,0.11
3350,3i,150.0,20,0.5659,19,141.56,False,5,0.0,134.56,229.07,scenario_normal_balanced,train,development,0.11
3355,3i,150.0,19,0.0,19,141.56,False,5,0.0,134.56,229.07,scenario_normal_balanced,train,development,0.11
3360,3i,150.0,20,0.8666,19,141.56,False,5,0.0,134.56,229.07,scenario_normal_balanced,train,development,0.11
3365,3i,150.0,19,0.5476,17,141.56,False,5,0.0,134.56,229.07,scenario_normal_balanced,train,development,0.11
3370,3i,150.0,19,1.9774,14,141.56,False,5,0.0,134.56,229.07,scenario_normal_balanced,train,development,0.11
3375,3i,150.0,19,1.2515,13,141.56,False,5,0.0,134.56,229.07,scenario_normal_balanced,train,development,0.11
3380,3i,150.0,19,0.6976,12,141.56,False,5,0.0006,134.56,229.07,scenario_normal_balanced,train,development,0.11
3385,3i,150.0,20,1.5677,11,140.97,False,5,0.107,133.42,229.07,scenario_normal_balanced,train,development,0.11
3390,3i,150.0,20,0.63,13,79.13,False,5,0.2146,127.31,229.07,scenario_normal_balanced,train,development,0.11
3395,3i,150.0,21,0.3214,16,89.87,False,5,0.635,119.4,229.02,scenario_normal_balanced,train,development,0.11
3400,3i,150.0,22,0.9441,20,123.88,False,5,0.9408,116.56,227.73,scenario_normal_balanced,train,development,0.11
3405,3i,150.0,22,0.3675,21,136.24,False,5,1.0551,116.52,223.2,scenario_normal_balanced,train,development,0.11
3410,3i,150.0,23,0.7875,22,136.23,False,5,0.5382,116.52,217.51,scenario_normal_balanced,train,development,0.11
3415,3i,150.0,23,0.4809,22,136.23,False,5,0.1756,116.52,212.2,scenario_normal_balanced,train,development,0.11
3420,3i,150.0,23,0.1548,22,136.23,False,5,0.0088,116.52,211.09,scenario_normal_balanced,train,development,0.11
3425,3i,150.0,20,1.3931,18,136.23,False,5,0.0004,116.52,211.03,scenario_normal_balanced,train,development,0.11
3430,3i,150.0,19,0.8914,18,136.23,False,5,0.0001,116.52,211.03,scenario_normal_balanced,train,development,0.11
3435,3i,150.0,19,0.7382,18,136.23,False,5,0.0,116.52,211.03,scenario_normal_balanced,train,development,0.11
3440,3i,150.0,19,0.8924,18,136.23,False,5,0.0,116.52,211.03,scenario_normal_balanced,train,development,0.11
3445,3i,150.0,18,0.0,18,136.23,False,5,0.0,116.52,211.03,scenario_normal_balanced,train,development,0.11
3450,3i,150.0,18,0.0,18,136.23,False,5,0.0,116.52,211.03,scenario_normal_balanced,train,development,0.11
3455,3i,150.0,17,1.3316,15,136.23,False,5,0.0,116.52,211.03,scenario_normal_balanced,train,development,0.11
3460,3i,150.0,16,1.0558,12,136.23,False,5,0.0,116.52,211.03,scenario_normal_balanced,train,development,0.11
3465,3i,150.0,17,1.7935,9,136.23,False,5,0.0,116.52,211.03,scenario_normal_balanced,train,development,0.11
3470,3i,150.0,17,1.3708,9,136.22,False,5,0.0908,115.97,211.03,scenario_normal_balanced,train,development,0.11
3475,3i,150.0,18,0.5819,12,148.86,True,5,0.2934,109.16,211.03,scenario_normal_balanced,train,development,0.11
3480,3i,150.0,20,1.6671,13,84.94,False,5,0.4687,100.77,211.03,scenario_normal_balanced,train,development,0.11
3485,3i,150.0,21,0.8149,16,105.82,False,5,1.1467,98.65,210.15,scenario_normal_balanced,train,development,0.11
3490,3i,150.0,23,0.7795,19,136.54,False,5,0.8597,98.51,206.01,scenario_normal_balanced,train,development,0.11
3495,3i,150.0,23,0.2656,22,147.33,True,5,0.6421,98.51,198.67,scenario_normal_balanced,train,development,0.11
3500,3i,150.0,23,0.0008,23,147.27,True,5,0.1533,98.51,193.85,scenario_normal_balanced,train,development,0.11
3505,3i,150.0,23,0.0,23,147.27,True,5,0.0084,98.51,193.05,scenario_normal_balanced,train,development,0.11
3510,3i,150.0,24,0.6362,23,147.27,True,5,0.0001,98.51,193.03,scenario_normal_balanced,train,development,0.11
3515,3i,150.0,20,0.5678,19,147.27,True,5,0.0,98.51,193.03,scenario_normal_balanced,train,development,0.11
3520,3i,150.0,21,1.4619,19,147.27,True,5,0.0,98.51,193.03,scenario_normal_balanced,train,development,0.11
3525,3i,150.0,19,0.0,19,147.27,True,6,4.0888,98.51,407.48,scenario_normal_balanced,train,development,0.11
3530,3i,150.0,19,0.0,19,147.27,True,6,2.8902,98.51,299.05,scenario_normal_balanced,train,development,0.11
3535,3i,150.0,20,1.2344,19,147.27,True,6,2.9908,98.51,215.69,scenario_normal_balanced,train,development,0.11
3540,3i,150.0,21,1.1867,19,147.27,True,6,2.3646,98.51,193.03,scenario_normal_balanced,train,development,0.11
3545,3i,150.0,19,0.9776,17,147.27,True,6,2.7914,56.63,193.03,scenario_normal_balanced,train,development,0.11
3550,3i,150.0,19,0.7521,14,147.27,True,6,0.9651,3.79,193.03,scenario_normal_balanced,train,development,0.11
3555,3i,150.0,19,0.5024,15,147.27,True,6,0.0037,1.0,193.03,scenario_normal_balanced,train,development,0.11
3560,3i,150.0,19,0.5535,13,147.27,True,6,0.1923,1.0,193.03,scenario_normal_balanced,train,development,0.11
3565,3i,150.0,20,1.4448,13,146.83,True,6,0.298,1.0,193.03,scenario_normal_balanced,train,development,0.11
3570,3i,150.0,21,2.122,13,83.79,False,6,0.3768,1.0,192.96,scenario_normal_balanced,train,development,0.11
3575,3i,150.0,21,0.9287,16,117.53,False,6,1.0206,1.0,190.99,scenario_normal_balanced,train,development,0.11
3580,3i,150.0,23,0.0491,21,145.38,True,6,0.6433,1.0,186.22,scenario_normal_balanced,train,development,0.11
3585,3i,150.0,23,0.0009,23,149.2,True,6,0.2949,1.0,179.56,scenario_normal_balanced,train,development,0.11
3590,3i,150.0,23,0.0,23,149.19,True,6,0.0028,1.0,178.28,scenario_normal_balanced,train,development,0.11
3595,3i,150.0,25,1.0865,23,149.19,True,6,0.0003,1.0,178.23,scenario_normal_balanced,train,development,0.11
3600,3i,150.0,25,0.8412,23,149.19,True,6,0.0,1.0,178.23,scenario_normal_balanced,train,development,0.11
0,4i,150.0,0,0.0,0,0.0,False,0,,,,scenario_normal_balanced,train,development,0.11
5,4i,150.0,0,0.0,0,0.0,False,0,,,,scenario_normal_balanced,train,development,0.11
10,4i,150.0,0,0.0,0,0.0,False,0,,,,scenario_normal_balanced,train,development,0.11
15,4i,150.0,3,25.1754,0,0.0,False,0,,,,scenario_normal_balanced,train,development,0.11
20,4i,150.0,3,13.8465,0,0.0,False,0,,,,scenario_normal_balanced,train,development,0.11
25,4i,150.0,1,0.0,1,1.0,False,0,,,,scenario_normal_balanced,train,development,0.11
30,4i,150.0,1,0.0,1,1.0,False,0,,,,scenario_normal_balanced,train,development,0.11
35,4i,150.0,0,0.0,0,0.0,False,0,,,,scenario_normal_balanced,train,development,0.11
40,4i,150.0,0,0.0,0,0.0,False,0,,,,scenario_normal_balanced,train,development,0.11
45,4i,150.0,3,22.1121,0,0.0,False,0,,,,scenario_normal_balanced,train,development,0.11
50,4i,150.0,3,8.1919,0,0.0,False,0,,,,scenario_normal_balanced,train,development,0.11
55,4i,150.0,3,0.0065,2,1.0,False,0,,,,scenario_normal_balanced,train,development,0.11
60,4i,150.0,3,0.0,3,1.0,False,0,,,,scenario_normal_balanced,train,development,0.11
65,4i,150.0,3,0.0,3,1.0,False,0,,,,scenario_normal_balanced,train,development,0.11
70,4i,150.0,6,11.4841,3,1.0,False,0,,,,scenario_normal_balanced,train,development,0.11
75,4i,150.0,6,4.7215,3,1.0,False,0,,,,scenario_normal_balanced,train,development,0.11
80,4i,150.0,6,0.0528,4,8.0,False,0,,,,scenario_normal_balanced,train,development,0.11
85,4i,150.0,6,0.0,6,8.0,False,1,26.6422,430.53,430.53,scenario_normal_balanced,train,development,0.11
90,4i,150.0,6,0.0,6,8.0,False,1,25.8972,302.45,302.45,scenario_normal_balanced,train,development,0.11
95,4i,150.0,3,7.8127,2,5.0,False,1,25.2915,177.95,177.95,scenario_normal_balanced,train,development,0.11
100,4i,150.0,5,10.5961,2,5.0,False,1,18.2583,66.75,66.75,scenario_normal_balanced,train,development,0.11
105,4i,150.0,4,3.9747,2,5.0,False,1,8.6407,0.47,0.47,scenario_normal_balanced,train,development,0.11
110,4i,150.0,3,0.0003,3,9.0,False,1,24.9102,407.54,407.54,scenario_normal_balanced,train,development,0.11
115,4i,150.0,3,0.0,3,9.0,False,1,24.33,285.79,285.79,scenario_normal_balanced,train,development,0.11
120,4i,150.0,3,0.0,3,9.0,False,1,23.5248,165.85,165.85,scenario_normal_balanced,train,development,0.11
125,4i,150.0,4,16.5668,0,0.0,False,1,16.8236,58.15,58.15,scenario_normal_balanced,train,development,0.11
130,4i,150.0,3,10.4987,0,0.0,False,1,5.7891,3.79,3.79,scenario_normal_balanced,train,development,0.11
135,4i,150.0,3,0.0,1,1.0,False,1,0.0,1.0,1.0,scenario_normal_balanced,train,development,0.11
140,4i,150.0,3,0.0,3,1.0,False,1,0.0,1.0,1.0,scenario_normal_balanced,train,development,0.11
145,4i,150.0,3,0.0,3,1.0,False,1,0.0,1.0,1.0,scenario_normal_balanced,train,development,0.11
150,4i,150.0,3,0.0,3,1.0,False,1,0.0,1.0,1.0,scenario_normal_balanced,train,development,0.11
155,4i,150.0,6,8.743,3,1.0,False,1,0.0,1.0,1.0,scenario_normal_balanced,train,development,0.11
160,4i,150.0,6,5.1496,3,1.0,False,2,9.72,1.0,474.59,scenario_normal_balanced,train,development,0.11
165,4i,150.0,6,1.1109,4,5.0,False,3,12.5666,1.0,474.59,scenario_normal_balanced,train,development,0.11
170,4i,150.0,6,0.007,6,8.0,False,3,12.581,1.0,380.71,scenario_normal_balanced,train,development,0.11
175,4i,150.0,6,0.0,6,8.0,False,3,12.4158,1.0,286.32,scenario_normal_balanced,train,development,0.11
180,4i,150.0,8,4.6857,6,8.0,False,3,11.9335,1.0,192.62,scenario_normal_balanced,train,development,0.11
185,4i,150.0,5,6.6822,2,5.0,False,2,12.357,44.2,105.3,scenario_normal_balanced,train,development,0.11
190,4i,150.0,5,4.55,3,12.0,False,2,11.3518,0.29,28.47,scenario_normal_balanced,train,development,0.11
195,4i,150.0,3,0.0,3,12.0,False,0,,,,scenario_normal_balanced,train,development,0.11
200,4i,150.0,4,6.7617,3,12.0,False,0,,,,scenario_normal_balanced,train,development,0.11
205,4i,150.0,5,8.889,3,12.0,False,0,,,,scenario_normal_balanced,train,development,0.11
210,4i,150.0,5,6.4145,3,12.0,False,0,,,,scenario_normal_balanced,train,development,0.11
215,4i,150.0,3,2.2638,0,0.0,False,0,,,,scenario_normal_balanced,train,development,0.11
220,4i,150.0,2,0.7278,1,1.0,False,0,,,,scenario_normal_balanced,train,development,0.11
225,4i,150.0,2,0.0006,2,1.0,False,0,,,,scenario_normal_balanced,train,development,0.11
230,4i,150.0,3,7.0961,2,1.0,False,0,,,,scenario_normal_balanced,train,development,0.11
235,4i,150.0,5,10.4094,2,1.0,False,0,,,,scenario_normal_balanced,train,development,0.11
240,4i,150.0,5,3.4514,3,1.03,False,0,,,,scenario_normal_balanced,train,development,0.11
245,4i,150.0,5,0.035,4,8.0,False,0,,,,scenario_normal_balanced,train,development,0.11
250,4i,150.0,5,0.0,5,8.0,False,0,,,,scenario_normal_balanced,train,development,0.11
255,4i,150.0,6,3.53,5,8.0,False,0,,,,scenario_normal_balanced,train,development,0.11
260,4i,150.0,6,1.5521,5,8.0,False,0,,,,scenario_normal_balanced,train,development,0.11
265,4i,150.0,8,4.3137,6,8.09,False,0,,,,scenario_normal_balanced,train,development,0.11
270,4i,150.0,8,1.0502,6,8.0,False,1,25.9394,378.1,378.1,scenario_normal_balanced,train,development,0.11
275,4i,150.0,4,1.5495,3,9.0,False,1,25.562,247.76,247.76,scenario_normal_balanced,train,development,0.11
280,4i,150.0,4,6.276,3,9.0,False,1,25.1042,116.04,116.04,scenario_normal_balanced,train,development,0.11
285,4i,150.0,4,4.1074,3,9.0,False,1,16.4295,27.19,27.19,scenario_normal_balanced,train,development,0.11
290,4i,150.0,4,4.6467,3,9.0,False,0,,,,scenario_normal_balanced,train,development,0.11
295,4i,150.0,5,4.7125,3,9.0,False,0,,,,scenario_normal_balanced,train,development,0.11
300,4i,150.0,5,1.7434,4,16.0,False,0,,,,scenario_normal_balanced,train,development,0.11
305,4i,150.0,3,0.7489,2,16.0,False,1,23.5374,408.65,408.65,scenario_normal_balanced,train,development,0.11
310,4i,150.0,3,6.2649,1,1.0,False,1,23.8196,287.61,287.61,scenario_normal_balanced,train,development,0.11
315,4i,150.0,3,1.6711,2,1.01,False,1,24.755,165.59,165.59,scenario_normal_balanced,train,development,0.11
320,4i,150.0,5,6.9773,3,1.0,False,1,16.8134,59.75,59.75,scenario_normal_balanced,train,development,0.11
325,4i,150.0,5,1.7063,3,1.0,False,1,3.994,15.29,15.29,scenario_normal_balanced,train,development,0.11
330,4i,150.0,5,0.0005,5,13.71,False,1,0.0027,13.71,13.71,scenario_normal_balanced,train,development,0.11
335,4i,150.0,6,3.7966,5,13.71,False,1,0.0,13.71,13.71,scenario_normal_balanced,train,development,0.11
340,4i,150.0,6,1.6036,5,13.71,False,1,0.0,13.71,13.71,scenario_normal_balanced,train,development,0.11
345,4i,150.0,7,3.0963,6,13.71,False,1,0.0,13.71,13.71,scenario_normal_balanced,train,development,0.11
350,4i,150.0,8,2.5804,6,13.71,False,1,0.0,13.71,13.71,scenario_normal_balanced,train,development,0.11
355,4i,150.0,8,1.05,7,20.72,False,1,0.0,13.71,13.71,scenario_normal_balanced,train,development,0.11
360,4i,150.0,9,2.9687,7,20.71,False,1,0.0,13.71,13.71,scenario_normal_balanced,train,development,0.11
365,4i,150.0,5,3.5885,3,12.01,False,0,,,,scenario_normal_balanced,train,development,0.11
370,4i,150.0,5,9.3956,3,12.0,False,0,,,,scenario_normal_balanced,train,development,0.11
375,4i,150.0,5,5.3191,3,12.0,False,0,,,,scenario_normal_balanced,train,development,0.11
380,4i,150.0,4,0.0945,4,26.12,False,0,,,,scenario_normal_balanced,train,development,0.11
385,4i,150.0,4,0.0,4,26.04,False,1,24.7324,431.93,431.93,scenario_normal_balanced,train,development,0.11
390,4i,150.0,5,3.0648,4,26.04,False,1,23.567,309.94,309.94,scenario_normal_balanced,train,development,0.11
395,4i,150.0,3,2.404,2,26.04,False,1,24.8976,189.02,189.02,scenario_normal_balanced,train,development,0.11
400,4i,150.0,5,7.6065,1,1.0,False,1,20.4388,72.67,72.67,scenario_normal_balanced,train,development,0.11
405,4i,150.0,5,2.1276,3,15.04,False,1,8.0795,8.16,8.16,scenario_normal_balanced,train,development,0.11
410,4i,150.0,5,0.0001,5,19.04,False,1,0.0,1.0,1.0,scenario_normal_balanced,train,development,0.11
415,4i,150.0,6,2.9887,5,19.04,False,1,0.0,1.0,1.0,scenario_normal_balanced,train,development,0.11
420,4i,150.0,6,1.24,5,19.04,False,1,0.0,1.0,1.0,scenario_normal_balanced,train,development,0.11
425,4i,150.0,7,3.5591,6,19.04,False,1,0.0,1.0,1.0,scenario_normal_balanced,train,development,0.11
430,4i,150.0,8,3.5526,6,19.04,False,1,0.0,1.0,1.0,scenario_normal_balanced,train,development,0.11
435,4i,150.0,8,1.5114,6,19.04,False,1,0.0,1.0,1.0,scenario_normal_balanced,train,development,0.11
440,4i,150.0,8,0.6357,7,19.04,False,1,0.0,1.0,1.0,scenario_normal_balanced,train,development,0.11
445,4i,150.0,9,1.9443,7,19.04,False,1,0.0,1.0,1.0,scenario_normal_balanced,train,development,0.11
450,4i,150.0,9,1.0982,8,23.04,False,1,0.0,1.0,1.0,scenario_normal_balanced,train,development,0.11
455,4i,150.0,7,5.5382,4,23.04,False,0,,,,scenario_normal_balanced,train,development,0.11
460,4i,150.0,6,1.8855,4,23.04,False,0,,,,scenario_normal_balanced,train,development,0.11
465,4i,150.0,6,4.0448,5,37.09,False,0,,,,scenario_normal_balanced,train,development,0.11
470,4i,150.0,6,2.5357,5,37.09,False,0,,,,scenario_normal_balanced,train,development,0.11
475,4i,150.0,5,0.0,5,37.09,False,0,,,,scenario_normal_balanced,train,development,0.11
480,4i,150.0,7,6.1388,5,37.09,False,0,,,,scenario_normal_balanced,train,development,0.11
485,4i,150.0,6,3.3458,3,37.09,False,0,,,,scenario_normal_balanced,train,development,0.11
490,4i,150.0,5,2.1177,1,42.31,False,0,,,,scenario_normal_balanced,train,development,0.11
495,4i,150.0,6,3.8465,2,1.0,False,0,,,,scenario_normal_balanced,train,development,0.11
500,4i,150.0,6,0.9799,5,26.09,False,0,,,,scenario_normal_balanced,train,development,0.11
505,4i,150.0,7,3.9636,6,26.04,False,1,24.5797,455.72,455.72,scenario_normal_balanced,train,development,0.11
510,4i,150.0,8,3.6355,6,26.04,False,1,23.5605,335.99,335.99,scenario_normal_balanced,train,development,0.11
515,4i,150.0,8,0.2263,6,26.04,False,1,23.6567,215.04,215.04,scenario_normal_balanced,train,development,0.11
520,4i,150.0,9,2.2318,8,30.05,False,1,20.0862,99.25,99.25,scenario_normal_balanced,train,development,0.11
525,4i,150.0,9,1.2057,8,30.05,False,1,10.8516,26.52,26.52,scenario_normal_balanced,train,development,0.11
530,4i,150.0,9,0.1165,8,30.05,False,1,1.0485,5.05,5.05,scenario_normal_balanced,train,development,0.11
535,4i,150.0,11,3.586,9,30.05,False,1,0.0005,5.0,5.0,scenario_normal_balanced,train,development,0.11
540,4i,150.0,11,1.2765,9,30.05,False,1,0.0,5.0,5.0,scenario_normal_balanced,train,development,0.11
545,4i,150.0,8,3.2975,6,37.05,False,0,,,,scenario_normal_balanced,train,development,0.11
550,4i,150.0,7,2.6542,6,37.05,False,0,,,,scenario_normal_balanced,train,development,0.11
555,4i,150.0,6,0.0,6,37.05,False,0,,,,scenario_normal_balanced,train,development,0.11
560,4i,150.0,6,0.0,6,37.05,False,0,,,,scenario_normal_balanced,train,development,0.11
565,4i,150.0,8,4.0882,6,37.05,False,0,,,,scenario_normal_balanced,train,development,0.11
570,4i,150.0,9,4.6277,6,37.05,False,0,,,,scenario_normal_balanced,train,development,0.11
575,4i,150.0,8,2.4447,5,41.05,False,1,26.8544,456.45,456.45,scenario_normal_balanced,train,development,0.11
580,4i,150.0,7,2.3976,1,1.0,False,1,27.1606,320.96,320.96,scenario_normal_balanced,train,development,0.11
585,4i,150.0,7,0.6596,4,8.0,False,1,27.3463,185.77,185.77,scenario_normal_balanced,train,development,0.11
590,4i,150.0,9,4.3119,7,23.02,False,1,18.7186,68.4,68.4,scenario_normal_balanced,train,development,0.11
595,4i,150.0,9,1.2961,7,23.01,False,1,4.7186,16.81,16.81,scenario_normal_balanced,train,development,0.11
600,4i,150.0,10,2.0393,9,30.01,False,1,0.0172,13.72,13.72,scenario_normal_balanced,train,development,0.11
605,4i,150.0,10,1.1802,9,30.01,False,1,0.0,13.71,13.71,scenario_normal_balanced,train,development,0.11
610,4i,150.0,10,0.0515,9,30.01,False,1,0.0,13.71,13.71,scenario_normal_balanced,train,development,0.11
615,4i,150.0,12,4.172,10,30.01,False,1,0.0,13.71,13.71,scenario_normal_balanced,train,development,0.11
620,4i,150.0,12,1.9952,10,30.01,False,1,0.0,13.71,13.71,scenario_normal_balanced,train,development,0.11
625,4i,150.0,13,1.4755,11,37.02,False,1,0.0,13.71,13.71,scenario_normal_balanced,train,development,0.11
630,4i,150.0,13,0.7573,12,37.01,False,1,0.0,13.71,13.71,scenario_normal_balanced,train,development,0.11
635,4i,150.0,9,1.1734,7,37.01,False,0,,,,scenario_normal_balanced,train,development,0.11
640,4i,150.0,7,0.0,7,37.01,False,0,,,,scenario_normal_balanced,train,development,0.11
645,4i,150.0,8,2.0,7,37.01,False,0,,,,scenario_normal_balanced,train,development,0.11
650,4i,150.0,9,1.9821,7,37.01,False,0,,,,scenario_normal_balanced,train,development,0.11
655,4i,150.0,10,2.9659,8,41.01,False,0,,,,scenario_normal_balanced,train,development,0.11
660,4i,150.0,10,0.7052,9,41.01,False,0,,,,scenario_normal_balanced,train,development,0.11
665,4i,150.0,9,0.6057,7,41.01,False,0,,,,scenario_normal_balanced,train,development,0.11
670,4i,150.0,8,4.7817,3,40.77,False,0,,,,scenario_normal_balanced,train,development,0.11
675,4i,150.0,9,3.6051,5,12.05,False,0,,,,scenario_normal_balanced,train,development,0.11
680,4i,150.0,10,2.8845,7,23.03,False,0,,,,scenario_normal_balanced,train,development,0.11
685,4i,150.0,10,1.1893,8,23.01,False,0,,,,scenario_normal_balanced,train,development,0.11
690,4i,150.0,10,0.0063,10,27.01,False,0,,,,scenario_normal_balanced,train,development,0.11
695,4i,150.0,10,0.0,10,27.01,False,0,,,,scenario_normal_balanced,train,development,0.11
700,4i,150.0,11,1.3817,10,27.01,False,0,,,,scenario_normal_balanced,train,development,0.11
705,4i,150.0,13,2.3396,10,27.01,False,0,,,,scenario_normal_balanced,train,development,0.11
710,4i,150.0,13,1.6443,11,27.01,False,0,,,,scenario_normal_balanced,train,development,0.11
715,4i,150.0,13,0.3194,11,27.01,False,1,23.7899,385.34,385.34,scenario_normal_balanced,train,development,0.11
720,4i,150.0,13,0.001,13,39.72,False,1,23.8824,266.12,266.12,scenario_normal_balanced,train,development,0.11
725,4i,150.0,11,2.7182,7,39.72,False,1,23.3952,146.08,146.08,scenario_normal_balanced,train,development,0.11
730,4i,150.0,10,3.7357,7,39.72,False,1,16.5007,47.92,47.92,scenario_normal_balanced,train,development,0.11
735,4i,150.0,9,2.8054,7,39.72,False,0,,,,scenario_normal_balanced,train,development,0.11
740,4i,150.0,9,1.6566,7,39.72,False,1,26.105,430.04,430.04,scenario_normal_balanced,train,development,0.11
745,4i,150.0,8,0.0,8,53.76,False,1,27.0827,295.61,295.61,scenario_normal_balanced,train,development,0.11
750,4i,150.0,8,0.0,8,53.76,False,1,26.444,162.2,162.2,scenario_normal_balanced,train,development,0.11
755,4i,150.0,8,4.1807,5,53.76,False,1,17.9648,45.82,45.82,scenario_normal_balanced,train,development,0.11
760,4i,150.0,8,4.0801,2,53.52,False,1,2.9648,1.0,1.0,scenario_normal_balanced,train,development,0.11
765,4i,150.0,8,2.0846,3,5.03,False,1,0.0,1.0,1.0,scenario_normal_balanced,train,development,0.11
770,4i,150.0,8,0.2189,7,35.85,False,1,0.0,1.0,1.0,scenario_normal_balanced,train,development,0.11
775,4i,150.0,8,0.0008,8,48.47,False,1,0.0,1.0,1.0,scenario_normal_balanced,train,development,0.11
780,4i,150.0,9,2.666,8,48.47,False,1,0.0,1.0,1.0,scenario_normal_balanced,train,development,0.11
785,4i,150.0,10,2.4275,8,48.47,False,1,0.0,1.0,1.0,scenario_normal_balanced,train,development,0.11
790,4i,150.0,11,2.3715,8,48.47,False,1,0.0,1.0,1.0,scenario_normal_balanced,train,development,0.11
795,4i,150.0,11,0.7366,9,48.47,False,1,0.0,1.0,1.0,scenario_normal_balanced,train,development,0.11
800,4i,150.0,11,0.0024,11,55.47,False,1,0.0,1.0,1.0,scenario_normal_balanced,train,development,0.11
805,4i,150.0,12,2.2466,11,55.47,False,1,0.0,1.0,1.0,scenario_normal_balanced,train,development,0.11
810,4i,150.0,12,1.1114,11,55.47,False,1,0.0,1.0,1.0,scenario_normal_balanced,train,development,0.11
815,4i,150.0,10,2.9713,7,55.47,False,0,,,,scenario_normal_balanced,train,development,0.11
820,4i,150.0,9,2.5853,7,55.47,False,0,,,,scenario_normal_balanced,train,development,0.11
825,4i,150.0,8,0.0026,8,69.51,False,0,,,,scenario_normal_balanced,train,development,0.11
830,4i,150.0,8,0.0,8,69.51,False,0,,,,scenario_normal_balanced,train,development,0.11
835,4i,150.0,11,5.3571,8,69.51,False,0,,,,scenario_normal_balanced,train,development,0.11
840,4i,150.0,11,2.4856,8,69.51,False,0,,,,scenario_normal_balanced,train,development,0.11
845,4i,150.0,8,0.9669,6,83.55,False,0,,,,scenario_normal_balanced,train,development,0.11
850,4i,150.0,7,1.5177,4,83.55,False,1,26.0839,402.93,402.93,scenario_normal_balanced,train,development,0.11
855,4i,150.0,7,1.6387,2,1.0,False,1,26.9553,268.82,268.82,scenario_normal_balanced,train,development,0.11
860,4i,150.0,9,5.6038,5,34.82,False,1,21.059,146.15,146.15,scenario_normal_balanced,train,development,0.11
865,4i,150.0,10,4.1699,7,62.84,False,1,8.4529,78.42,78.42,scenario_normal_balanced,train,development,0.11
870,4i,150.0,10,1.1824,8,66.87,False,1,0.0473,66.87,66.87,scenario_normal_balanced,train,development,0.11
875,4i,150.0,10,0.0097,10,66.84,False,1,0.0004,66.84,66.84,scenario_normal_balanced,train,development,0.11
880,4i,150.0,10,0.0,10,66.84,False,1,0.0,66.84,66.84,scenario_normal_balanced,train,development,0.11
885,4i,150.0,10,0.0,10,66.84,False,1,0.0,66.84,66.84,scenario_normal_balanced,train,development,0.11
890,4i,150.0,11,2.1504,10,66.84,False,1,0.0,66.84,66.84,scenario_normal_balanced,train,development,0.11
895,4i,150.0,13,3.0088,10,66.84,False,1,0.0,66.84,66.84,scenario_normal_balanced,train,development,0.11
900,4i,150.0,13,1.3106,11,66.84,False,1,0.0,66.84,66.84,scenario_normal_balanced,train,development,0.11
905,4i,150.0,9,0.5869,8,70.85,False,1,0.0,66.84,66.84,scenario_normal_balanced,train,development,0.11
910,4i,150.0,8,0.0,8,70.84,False,1,0.0,66.84,66.84,scenario_normal_balanced,train,development,0.11
915,4i,150.0,9,2.2174,8,70.84,False,1,0.0,66.84,66.84,scenario_normal_balanced,train,development,0.11
920,4i,150.0,11,3.5578,8,70.84,False,1,0.0,66.84,66.84,scenario_normal_balanced,train,development,0.11
925,4i,150.0,10,1.5623,9,83.55,False,1,0.0,66.84,66.84,scenario_normal_balanced,train,development,0.11
930,4i,150.0,9,0.0,9,83.55,False,1,0.0,66.84,66.84,scenario_normal_balanced,train,development,0.11
935,4i,150.0,8,0.2394,7,83.55,False,1,0.0,66.84,66.84,scenario_normal_balanced,train,development,0.11
940,4i,150.0,8,1.1369,3,83.55,False,1,0.3102,66.39,66.39,scenario_normal_balanced,train,development,0.11
945,4i,150.0,8,1.1502,3,20.81,False,1,3.1297,56.77,56.77,scenario_normal_balanced,train,development,0.11
950,4i,150.0,11,4.0222,7,57.3,False,1,0.1122,52.88,52.88,scenario_normal_balanced,train,development,0.11
955,4i,150.0,11,2.4161,8,69.52,False,1,0.0001,52.8,52.8,scenario_normal_balanced,train,development,0.11
960,4i,150.0,11,0.1477,9,69.51,False,1,0.0,52.8,52.8,scenario_normal_balanced,train,development,0.11
965,4i,150.0,11,0.0005,11,73.51,False,1,0.0,52.8,52.8,scenario_normal_balanced,train,development,0.11
970,4i,150.0,14,3.7658,11,73.51,False,1,0.0,52.8,52.8,scenario_normal_balanced,train,development,0.11
975,4i,150.0,14,1.9888,11,73.51,False,1,0.0,52.8,52.8,scenario_normal_balanced,train,development,0.11
980,4i,150.0,14,0.3014,12,87.55,False,1,0.0,52.8,52.8,scenario_normal_balanced,train,development,0.11
985,4i,150.0,14,0.0001,14,87.55,False,1,0.0,52.8,52.8,scenario_normal_balanced,train,development,0.11
990,4i,150.0,14,0.0,14,87.55,False,1,0.0,52.8,52.8,scenario_normal_balanced,train,development,0.11
995,4i,150.0,11,0.2533,10,87.55,False,1,0.0,52.8,52.8,scenario_normal_balanced,train,development,0.11
1000,4i,150.0,13,3.2805,10,87.55,False,1,0.0,52.8,52.8,scenario_normal_balanced,train,development,0.11
1005,4i,150.0,13,2.345,11,91.55,False,1,0.0,52.8,52.8,scenario_normal_balanced,train,development,0.11
1010,4i,150.0,12,0.7573,11,91.55,False,1,0.0,52.8,52.8,scenario_normal_balanced,train,development,0.11
1015,4i,150.0,11,0.0,11,91.55,False,1,0.0,52.8,52.8,scenario_normal_balanced,train,development,0.11
1020,4i,150.0,11,0.0,11,91.55,False,1,0.0,52.8,52.8,scenario_normal_balanced,train,development,0.11
1025,4i,150.0,12,3.3497,9,91.55,False,1,0.0,52.8,52.8,scenario_normal_balanced,train,development,0.11
1030,4i,150.0,12,4.3895,5,91.55,False,1,1.6158,49.77,49.77,scenario_normal_balanced,train,development,0.11
1035,4i,150.0,12,2.6583,5,95.17,False,1,1.6355,35.56,35.56,scenario_normal_balanced,train,development,0.11
1040,4i,150.0,12,0.8461,6,37.25,False,2,9.2897,33.09,437.62,scenario_normal_balanced,train,development,0.11
1045,4i,150.0,12,0.3487,9,53.83,False,2,9.4724,33.08,342.73,scenario_normal_balanced,train,development,0.11
1050,4i,150.0,13,1.2823,12,75.86,False,2,9.4963,33.08,248.67,scenario_normal_balanced,train,development,0.11
1055,4i,150.0,14,1.4718,12,75.84,False,2,9.2852,33.08,154.9,scenario_normal_balanced,train,development,0.11
1060,4i,150.0,15,0.9444,13,75.84,False,2,6.9481,33.08,74.63,scenario_normal_balanced,train,development,0.11
1065,4i,150.0,15,0.4413,14,82.84,False,2,3.3098,26.98,33.08,scenario_normal_balanced,train,development,0.11
1070,4i,150.0,15,0.0136,15,82.84,False,2,0.1018,15.07,33.08,scenario_normal_balanced,train,development,0.11
1075,4i,150.0,16,1.2434,15,82.84,False,2,0.0001,15.04,33.08,scenario_normal_balanced,train,development,0.11
1080,4i,150.0,18,2.6606,15,82.84,False,2,0.0,15.04,33.08,scenario_normal_balanced,train,development,0.11
1085,4i,150.0,16,1.2228,11,82.84,False,2,1.8673,6.27,33.08,scenario_normal_balanced,train,development,0.11
1090,4i,150.0,12,0.0,12,89.84,False,1,0.0,33.08,33.08,scenario_normal_balanced,train,development,0.11
1095,4i,150.0,12,0.0,12,89.84,False,1,0.0,33.08,33.08,scenario_normal_balanced,train,development,0.11
1100,4i,150.0,13,1.4532,12,89.84,False,1,0.0,33.08,33.08,scenario_normal_balanced,train,development,0.11
1105,4i,150.0,14,3.0031,12,89.84,False,1,0.0,33.08,33.08,scenario_normal_balanced,train,development,0.11
1110,4i,150.0,15,2.03,12,89.84,False,1,0.0,33.08,33.08,scenario_normal_balanced,train,development,0.11
1115,4i,150.0,14,0.2674,12,93.91,False,1,0.0,33.08,33.08,scenario_normal_balanced,train,development,0.11
1120,4i,150.0,14,0.6943,9,93.84,False,1,3.0755,23.87,23.87,scenario_normal_balanced,train,development,0.11
1125,4i,150.0,14,0.5879,9,93.82,False,1,0.0109,19.05,19.05,scenario_normal_balanced,train,development,0.11
1130,4i,150.0,15,1.592,8,91.58,False,1,0.0,19.04,19.04,scenario_normal_balanced,train,development,0.11
1135,4i,150.0,17,3.1303,12,69.63,False,1,0.0,19.04,19.04,scenario_normal_balanced,train,development,0.11
1140,4i,150.0,17,0.8338,14,79.96,False,1,0.0,19.04,19.04,scenario_normal_balanced,train,development,0.11
1145,4i,150.0,17,0.0042,17,86.81,False,1,0.0,19.04,19.04,scenario_normal_balanced,train,development,0.11
1150,4i,150.0,17,0.0,17,86.8,False,1,0.0,19.04,19.04,scenario_normal_balanced,train,development,0.11
1155,4i,150.0,18,0.9141,17,86.8,False,1,0.0,19.04,19.04,scenario_normal_balanced,train,development,0.11
1160,4i,150.0,19,2.1277,17,86.8,False,1,0.0,19.04,19.04,scenario_normal_balanced,train,development,0.11
1165,4i,150.0,20,1.2094,17,86.8,False,1,0.0,19.04,19.04,scenario_normal_balanced,train,development,0.11
1170,4i,150.0,20,0.0484,19,93.81,False,1,0.0,19.04,19.04,scenario_normal_balanced,train,development,0.11
1175,4i,150.0,16,0.6255,14,93.8,False,1,0.0,19.04,19.04,scenario_normal_balanced,train,development,0.11
1180,4i,150.0,14,0.0,14,93.8,False,1,0.0,19.04,19.04,scenario_normal_balanced,train,development,0.11
1185,4i,150.0,15,1.0025,14,93.8,False,1,0.0,19.04,19.04,scenario_normal_balanced,train,development,0.11
1190,4i,150.0,15,0.6399,14,93.8,False,1,0.0,19.04,19.04,scenario_normal_balanced,train,development,0.11
1195,4i,150.0,16,0.9164,15,100.81,False,1,0.0,19.04,19.04,scenario_normal_balanced,train,development,0.11
1200,4i,150.0,16,0.6434,15,100.81,False,1,0.0,19.04,19.04,scenario_normal_balanced,train,development,0.11
1205,4i,150.0,15,0.1418,14,100.81,False,1,0.3711,18.67,18.67,scenario_normal_balanced,train,development,0.11
1210,4i,150.0,15,2.0424,10,100.81,False,1,3.4075,3.49,3.49,scenario_normal_balanced,train,development,0.11
1215,4i,150.0,15,1.4805,7,100.81,False,1,0.0001,1.0,1.0,scenario_normal_balanced,train,development,0.11
1220,4i,150.0,17,2.021,7,99.9,False,1,0.0,1.0,1.0,scenario_normal_balanced,train,development,0.11
1225,4i,150.0,17,1.2015,9,43.86,False,1,0.0,1.0,1.0,scenario_normal_balanced,train,development,0.11
1230,4i,150.0,17,0.7113,13,69.07,False,1,0.0,1.0,1.0,scenario_normal_balanced,train,development,0.11
1235,4i,150.0,18,1.0019,16,87.04,False,1,0.0,1.0,1.0,scenario_normal_balanced,train,development,0.11
1240,4i,150.0,18,0.6135,17,86.77,False,1,0.0,1.0,1.0,scenario_normal_balanced,train,development,0.11
1245,4i,150.0,20,1.6096,17,86.76,False,1,0.0,1.0,1.0,scenario_normal_balanced,train,development,0.11
1250,4i,150.0,20,0.3516,19,93.77,False,1,0.0,1.0,1.0,scenario_normal_balanced,train,development,0.11
1255,4i,150.0,20,0.0004,20,93.77,False,1,0.0,1.0,1.0,scenario_normal_balanced,train,development,0.11
1260,4i,150.0,21,0.743,20,93.77,False,1,0.0,1.0,1.0,scenario_normal_balanced,train,development,0.11
1265,4i,150.0,18,1.3329,15,93.77,False,1,0.0,1.0,1.0,scenario_normal_balanced,train,development,0.11
1270,4i,150.0,17,1.7781,15,93.77,False,1,0.0,1.0,1.0,scenario_normal_balanced,train,development,0.11
1275,4i,150.0,16,1.0446,15,93.77,False,1,0.0,1.0,1.0,scenario_normal_balanced,train,development,0.11
1280,4i,150.0,16,0.3807,15,93.77,False,1,0.0,1.0,1.0,scenario_normal_balanced,train,development,0.11
1285,4i,150.0,16,0.0994,15,93.77,False,1,0.0,1.0,1.0,scenario_normal_balanced,train,development,0.11
1290,4i,150.0,17,1.0708,16,97.77,False,1,0.0,1.0,1.0,scenario_normal_balanced,train,development,0.11
1295,4i,150.0,15,1.222,13,97.77,False,0,,,,scenario_normal_balanced,train,development,0.11
1300,4i,150.0,16,2.5219,9,97.77,False,0,,,,scenario_normal_balanced,train,development,0.11
1305,4i,150.0,16,1.1615,10,111.84,False,0,,,,scenario_normal_balanced,train,development,0.11
1310,4i,150.0,16,0.9443,10,111.78,False,0,,,,scenario_normal_balanced,train,development,0.11
1315,4i,150.0,17,1.913,10,48.57,False,0,,,,scenario_normal_balanced,train,development,0.11
1320,4i,150.0,17,1.0645,13,66.44,False,0,,,,scenario_normal_balanced,train,development,0.11
1325,4i,150.0,17,0.0503,17,91.38,False,0,,,,scenario_normal_balanced,train,development,0.11
1330,4i,150.0,19,1.0688,17,91.1,False,0,,,,scenario_normal_balanced,train,development,0.11
1335,4i,150.0,19,0.5551,18,98.1,False,0,,,,scenario_normal_balanced,train,development,0.11
1340,4i,150.0,20,1.1507,18,98.1,False,0,,,,scenario_normal_balanced,train,development,0.11
1345,4i,150.0,20,0.7315,18,98.1,False,0,,,,scenario_normal_balanced,train,development,0.11
1350,4i,150.0,20,0.0092,19,98.1,False,0,,,,scenario_normal_balanced,train,development,0.11
1355,4i,150.0,19,1.7764,15,98.1,False,0,,,,scenario_normal_balanced,train,development,0.11
1360,4i,150.0,17,0.42,16,105.11,False,0,,,,scenario_normal_balanced,train,development,0.11
1365,4i,150.0,16,0.0,16,105.1,False,0,,,,scenario_normal_balanced,train,development,0.11
1370,4i,150.0,17,0.963,16,105.1,False,0,,,,scenario_normal_balanced,train,development,0.11
1375,4i,150.0,17,1.0097,16,105.1,False,0,,,,scenario_normal_balanced,train,development,0.11
1380,4i,150.0,17,0.3843,16,105.1,False,0,,,,scenario_normal_balanced,train,development,0.11
1385,4i,150.0,18,1.5414,15,105.1,False,0,,,,scenario_normal_balanced,train,development,0.11
1390,4i,150.0,18,1.3355,11,105.1,False,0,,,,scenario_normal_balanced,train,development,0.11
1395,4i,150.0,19,1.4465,13,112.1,False,0,,,,scenario_normal_balanced,train,development,0.11
1400,4i,150.0,19,1.0346,12,112.06,False,0,,,,scenario_normal_balanced,train,development,0.11
1405,4i,150.0,19,0.3569,13,52.27,False,0,,,,scenario_normal_balanced,train,development,0.11
1410,4i,150.0,21,1.2933,17,84.48,False,0,,,,scenario_normal_balanced,train,development,0.11
1415,4i,150.0,21,0.2625,19,98.12,False,0,,,,scenario_normal_balanced,train,development,0.11
1420,4i,150.0,22,0.7162,21,110.77,False,0,,,,scenario_normal_balanced,train,development,0.11
1425,4i,150.0,22,0.5659,21,110.77,False,0,,,,scenario_normal_balanced,train,development,0.11
1430,4i,150.0,22,0.0132,21,110.77,False,0,,,,scenario_normal_balanced,train,development,0.11
1435,4i,150.0,24,1.2943,22,110.77,False,0,,,,scenario_normal_balanced,train,development,0.11
1440,4i,150.0,24,0.3232,23,117.96,False,0,,,,scenario_normal_balanced,train,development,0.11
1445,4i,150.0,22,0.4743,18,117.77,False,0,,,,scenario_normal_balanced,train,development,0.11
1450,4i,150.0,19,0.8181,18,117.77,False,1,26.7386,403.98,403.98,scenario_normal_balanced,train,development,0.11
1455,4i,150.0,19,0.734,18,117.77,False,1,27.0574,271.25,271.25,scenario_normal_balanced,train,development,0.11
1460,4i,150.0,19,1.4018,18,117.77,False,1,26.6347,136.03,136.03,scenario_normal_balanced,train,development,0.11
1465,4i,150.0,20,1.0184,18,117.77,False,1,15.5803,30.35,30.35,scenario_normal_balanced,train,development,0.11
1470,4i,150.0,19,0.0,19,121.77,False,0,,,,scenario_normal_balanced,train,development,0.11
1475,4i,150.0,18,1.1528,16,121.77,False,0,,,,scenario_normal_balanced,train,development,0.11
1480,4i,150.0,17,1.0519,12,121.77,False,0,,,,scenario_normal_balanced,train,development,0.11
1485,4i,150.0,17,0.6246,12,121.77,False,0,,,,scenario_normal_balanced,train,development,0.11
1490,4i,150.0,19,2.1492,10,121.77,False,0,,,,scenario_normal_balanced,train,development,0.11
1495,4i,150.0,19,1.0581,12,128.17,False,0,,,,scenario_normal_balanced,train,development,0.11
1500,4i,150.0,20,1.259,15,83.47,False,0,,,,scenario_normal_balanced,train,development,0.11
1505,4i,150.0,20,0.7611,18,107.27,False,0,,,,scenario_normal_balanced,train,development,0.11
1510,4i,150.0,20,0.0811,19,113.8,False,0,,,,scenario_normal_balanced,train,development,0.11
1515,4i,150.0,20,0.0,20,113.77,False,0,,,,scenario_normal_balanced,train,development,0.11
1520,4i,150.0,21,0.7461,20,113.77,False,0,,,,scenario_normal_balanced,train,development,0.11
1525,4i,150.0,23,1.3477,20,113.77,False,0,,,,scenario_normal_balanced,train,development,0.11
1530,4i,150.0,23,1.0605,21,117.77,False,0,,,,scenario_normal_balanced,train,development,0.11
1535,4i,150.0,20,0.8483,18,117.77,False,0,,,,scenario_normal_balanced,train,development,0.11
1540,4i,150.0,18,0.0,18,117.77,False,0,,,,scenario_normal_balanced,train,development,0.11
1545,4i,150.0,20,1.4386,18,117.77,False,0,,,,scenario_normal_balanced,train,development,0.11
1550,4i,150.0,19,0.0101,19,130.49,False,0,,,,scenario_normal_balanced,train,development,0.11
1555,4i,150.0,19,0.0,19,130.48,False,0,,,,scenario_normal_balanced,train,development,0.11
1560,4i,150.0,20,0.8834,19,130.48,False,0,,,,scenario_normal_balanced,train,development,0.11
1565,4i,150.0,19,0.6783,16,130.48,False,0,,,,scenario_normal_balanced,train,development,0.11
1570,4i,150.0,18,2.1258,13,130.48,False,0,,,,scenario_normal_balanced,train,development,0.11
1575,4i,150.0,19,1.3732,11,130.48,False,0,,,,scenario_normal_balanced,train,development,0.11
1580,4i,150.0,19,0.7282,11,134.48,False,0,,,,scenario_normal_balanced,train,development,0.11
1585,4i,150.0,20,1.1488,13,133.57,False,0,,,,scenario_normal_balanced,train,development,0.11
1590,4i,150.0,20,0.8745,13,77.79,False,0,,,,scenario_normal_balanced,train,development,0.11
1595,4i,150.0,20,0.3398,17,100.02,False,0,,,,scenario_normal_balanced,train,development,0.11
1600,4i,150.0,22,0.9973,20,116.56,False,0,,,,scenario_normal_balanced,train,development,0.11
1605,4i,150.0,23,0.9434,21,123.48,False,0,,,,scenario_normal_balanced,train,development,0.11
1610,4i,150.0,23,0.628,22,123.48,False,0,,,,scenario_normal_balanced,train,development,0.11
1615,4i,150.0,23,0.1238,22,123.48,False,0,,,,scenario_normal_balanced,train,development,0.11
1620,4i,150.0,23,0.0004,23,123.48,False,0,,,,scenario_normal_balanced,train,development,0.11
1625,4i,150.0,21,1.3273,18,123.48,False,0,,,,scenario_normal_balanced,train,development,0.11
1630,4i,150.0,20,0.7858,18,123.48,False,0,,,,scenario_normal_balanced,train,development,0.11
1635,4i,150.0,20,0.7332,19,130.48,False,0,,,,scenario_normal_balanced,train,development,0.11
1640,4i,150.0,20,0.8412,19,130.48,False,0,,,,scenario_normal_balanced,train,development,0.11
1645,4i,150.0,19,0.0,19,130.48,False,1,27.1817,429.5,429.5,scenario_normal_balanced,train,development,0.11
1650,4i,150.0,19,0.0,19,130.48,False,1,26.0972,294.35,294.35,scenario_normal_balanced,train,development,0.11
1655,4i,150.0,20,1.4035,16,130.48,False,1,17.0944,182.4,182.4,scenario_normal_balanced,train,development,0.11
1660,4i,150.0,19,2.3848,14,134.48,False,1,14.377,105.37,105.37,scenario_normal_balanced,train,development,0.11
1665,4i,150.0,19,1.4795,12,134.48,False,1,13.6723,27.12,27.12,scenario_normal_balanced,train,development,0.11
1670,4i,150.0,19,0.6982,13,134.48,False,1,0.0,1.0,1.0,scenario_normal_balanced,train,development,0.11
1675,4i,150.0,19,0.6003,13,133.69,False,1,0.0,1.0,1.0,scenario_normal_balanced,train,development,0.11
1680,4i,150.0,20,1.5946,13,77.88,False,1,0.0,1.0,1.0,scenario_normal_balanced,train,development,0.11
1685,4i,150.0,20,0.558,17,105.96,False,1,0.0,1.0,1.0,scenario_normal_balanced,train,development,0.11
1690,4i,150.0,22,1.1184,20,116.57,False,1,0.0,1.0,1.0,scenario_normal_balanced,train,development,0.11
1695,4i,150.0,22,0.4266,20,116.48,False,2,13.7911,1.0,402.29,scenario_normal_balanced,train,development,0.11
1700,4i,150.0,22,0.0042,22,120.48,False,2,13.4557,1.0,270.08,scenario_normal_balanced,train,development,0.11
1705,4i,150.0,23,1.1521,22,120.48,False,2,13.2491,1.0,136.53,scenario_normal_balanced,train,development,0.11
1710,4i,150.0,24,0.6164,22,120.48,False,2,6.5731,1.0,44.09,scenario_normal_balanced,train,development,0.11
1715,4i,150.0,22,0.9313,19,134.52,False,1,1.8968,16.43,16.43,scenario_normal_balanced,train,development,0.11
1720,4i,150.0,19,0.0,19,134.52,False,0,,,,scenario_normal_balanced,train,development,0.11
1725,4i,150.0,19,0.0,19,134.52,False,0,,,,scenario_normal_balanced,train,development,0.11
1730,4i,150.0,19,0.0,19,134.52,False,0,,,,scenario_normal_balanced,train,development,0.11
1735,4i,150.0,21,1.5713,19,134.52,False,0,,,,scenario_normal_balanced,train,development,0.11
1740,4i,150.0,22,1.2991,20,138.52,False,0,,,,scenario_normal_balanced,train,development,0.11
1745,4i,150.0,20,0.7242,18,138.52,False,0,,,,scenario_normal_balanced,train,development,0.11
1750,4i,150.0,19,0.447,14,138.52,False,1,26.2562,404.03,404.03,scenario_normal_balanced,train,development,0.11
1755,4i,150.0,19,0.4412,15,138.52,False,1,27.4271,270.79,270.79,scenario_normal_balanced,train,development,0.11
1760,4i,150.0,19,0.4516,14,138.52,False,1,13.8741,175.04,175.04,scenario_normal_balanced,train,development,0.11
1765,4i,150.0,22,1.9821,14,137.99,False,1,2.4621,142.54,142.54,scenario_normal_balanced,train,development,0.11
1770,4i,150.0,22,1.7985,16,106.09,False,1,1.3556,138.05,138.05,scenario_normal_balanced,train,development,0.11
1775,4i,150.0,22,0.5072,20,132.75,False,1,0.8251,132.75,132.75,scenario_normal_balanced,train,development,0.11
1780,4i,150.0,22,0.004,22,131.6,False,1,0.0441,131.6,131.6,scenario_normal_balanced,train,development,0.11
1785,4i,150.0,22,0.0001,22,131.52,False,1,0.0027,131.52,131.52,scenario_normal_balanced,train,development,0.11
1790,4i,150.0,25,1.8219,22,131.52,False,1,0.0,131.52,131.52,scenario_normal_balanced,train,development,0.11
1795,4i,150.0,25,0.9728,23,135.54,False,1,0.0,131.52,131.52,scenario_normal_balanced,train,development,0.11
1800,4i,150.0,25,0.1995,24,135.52,False,1,0.0,131.52,131.52,scenario_normal_balanced,train,development,0.11
1805,4i,150.0,21,0.2671,20,135.52,False,1,0.0,131.52,131.52,scenario_normal_balanced,train,development,0.11
1810,4i,150.0,20,0.0,20,135.52,False,1,0.0,131.52,131.52,scenario_normal_balanced,train,development,0.11
1815,4i,150.0,20,0.0,20,135.52,False,1,0.0,131.52,131.52,scenario_normal_balanced,train,development,0.11
1820,4i,150.0,23,1.693,20,135.52,False,1,0.0,131.52,131.52,scenario_normal_balanced,train,development,0.11
1825,4i,150.0,22,0.713,21,139.52,False,1,0.0,131.52,131.52,scenario_normal_balanced,train,development,0.11
1830,4i,150.0,21,0.0,21,139.52,False,1,0.0,131.52,131.52,scenario_normal_balanced,train,development,0.11
1835,4i,150.0,20,0.1517,19,139.52,False,1,0.0,131.52,131.52,scenario_normal_balanced,train,development,0.11
1840,4i,150.0,20,0.5592,15,139.52,False,1,0.0,131.52,131.52,scenario_normal_balanced,train,development,0.11
1845,4i,150.0,21,1.1709,14,139.52,False,1,0.0,131.52,131.52,scenario_normal_balanced,train,development,0.11
1850,4i,150.0,23,1.878,15,143.52,False,1,0.0,131.52,131.52,scenario_normal_balanced,train,development,0.11
1855,4i,150.0,23,0.8887,14,143.51,False,2,13.3154,130.33,457.11,scenario_normal_balanced,train,development,0.11
1860,4i,150.0,23,0.4235,18,141.32,False,2,14.4351,123.07,323.64,scenario_normal_balanced,train,development,0.11
1865,4i,150.0,23,0.2002,20,117.49,False,2,10.262,117.49,203.18,scenario_normal_balanced,train,development,0.11
1870,4i,150.0,25,1.4178,23,129.4,False,2,8.886,116.63,121.77,scenario_normal_balanced,train,development,0.11
1875,4i,150.0,26,1.142,23,128.63,False,2,6.9383,43.7,116.58,scenario_normal_balanced,train,development,0.11
1880,4i,150.0,26,0.2234,24,135.59,False,2,1.1274,8.17,116.58,scenario_normal_balanced,train,development,0.11
1885,4i,150.0,26,0.0001,26,135.58,False,4,12.8912,8.0,430.73,scenario_normal_balanced,train,development,0.11
1890,4i,150.0,26,0.0,26,135.58,False,4,12.879,8.0,304.53,scenario_normal_balanced,train,development,0.11
1895,4i,150.0,23,0.0912,22,135.58,False,3,11.5765,116.58,193.88,scenario_normal_balanced,train,development,0.11
1900,4i,150.0,25,1.3743,22,135.58,False,3,5.9816,114.59,140.93,scenario_normal_balanced,train,development,0.11
1905,4i,150.0,25,1.2381,23,139.59,False,3,5.4723,32.21,139.59,scenario_normal_balanced,train,development,0.11
1910,4i,150.0,23,0.0,23,139.58,False,2,0.0,116.58,139.58,scenario_normal_balanced,train,development,0.11
1915,4i,150.0,23,0.0,23,139.58,False,2,0.0,116.58,139.58,scenario_normal_balanced,train,development,0.11
1920,4i,150.0,23,0.0,23,139.58,False,2,0.0,116.58,139.58,scenario_normal_balanced,train,development,0.11
1925,4i,150.0,23,1.8556,20,139.58,False,2,0.0,116.58,139.58,scenario_normal_balanced,train,development,0.11
1930,4i,150.0,23,1.7936,17,143.59,False,2,0.0,116.58,139.58,scenario_normal_balanced,train,development,0.11
1935,4i,150.0,23,0.586,16,143.58,False,2,0.0,116.58,139.58,scenario_normal_balanced,train,development,0.11
1940,4i,150.0,23,0.557,17,143.58,False,2,0.0039,116.57,139.58,scenario_normal_balanced,train,development,0.11
1945,4i,150.0,23,0.5745,17,143.58,False,2,1.1308,112.55,139.58,scenario_normal_balanced,train,development,0.11
1950,4i,150.0,24,1.3349,15,142.79,False,2,1.9546,102.85,137.87,scenario_normal_balanced,train,development,0.11
1955,4i,150.0,25,1.2542,17,96.77,False,2,1.0126,96.77,129.71,scenario_normal_balanced,train,development,0.11
1960,4i,150.0,26,0.8375,21,116.02,False,2,0.214,96.48,120.54,scenario_normal_balanced,train,development,0.11
1965,4i,150.0,26,0.2927,25,127.92,False,3,6.4965,96.48,474.59,scenario_normal_balanced,train,development,0.11
1970,4i,150.0,26,0.004,25,127.5,False,3,6.0975,96.48,379.55,scenario_normal_balanced,train,development,0.11
1975,4i,150.0,27,0.6177,26,127.48,False,3,6.3354,96.48,286.77,scenario_normal_balanced,train,development,0.11
1980,4i,150.0,27,0.6436,26,127.48,False,3,4.9157,96.48,199.71,scenario_normal_balanced,train,development,0.11
1985,4i,150.0,25,1.3296,22,127.48,False,3,2.4157,96.48,148.47,scenario_normal_balanced,train,development,0.11
1990,4i,150.0,24,0.5189,22,127.48,False,3,0.0002,96.48,134.48,scenario_normal_balanced,train,development,0.11
1995,4i,150.0,24,0.3374,23,134.48,False,3,0.0,96.48,134.48,scenario_normal_balanced,train,development,0.11
2000,4i,150.0,23,0.0,23,134.48,False,3,0.0,96.48,134.48,scenario_normal_balanced,train,development,0.11
2005,4i,150.0,25,1.6507,23,134.48,False,3,0.0,96.48,134.48,scenario_normal_balanced,train,development,0.11
2010,4i,150.0,26,0.9561,23,134.48,False,3,0.0,96.48,134.48,scenario_normal_balanced,train,development,0.11
2015,4i,150.0,25,0.2328,22,147.2,True,3,0.0,96.48,134.48,scenario_normal_balanced,train,development,0.11
2020,4i,150.0,24,0.5963,19,147.19,True,3,0.0,96.48,134.48,scenario_normal_balanced,train,development,0.11
2025,4i,150.0,24,0.5331,18,147.19,True,3,0.0,96.48,134.48,scenario_normal_balanced,train,development,0.11
2030,4i,150.0,25,1.1352,17,147.19,True,3,0.4318,94.75,134.48,scenario_normal_balanced,train,development,0.11
2035,4i,150.0,26,1.9331,16,147.19,True,3,1.1098,85.42,134.48,scenario_normal_balanced,train,development,0.11
2040,4i,150.0,26,0.9284,16,146.02,True,3,0.9764,78.5,132.74,scenario_normal_balanced,train,development,0.11
2045,4i,150.0,27,0.4361,19,85.19,False,3,0.7518,76.79,126.48,scenario_normal_balanced,train,development,0.11
2050,4i,150.0,27,0.2208,22,100.09,False,3,0.3432,76.76,118.16,scenario_normal_balanced,train,development,0.11
2055,4i,150.0,28,0.5612,26,128.07,False,3,0.1183,76.76,115.0,scenario_normal_balanced,train,development,0.11
2060,4i,150.0,28,0.5478,27,131.53,False,3,0.0037,76.76,114.78,scenario_normal_balanced,train,development,0.11
2065,4i,150.0,30,0.7718,27,131.49,False,3,0.0,76.76,114.77,scenario_normal_balanced,train,development,0.11
2070,4i,150.0,30,0.1308,29,135.49,False,3,0.0,76.76,114.77,scenario_normal_balanced,train,development,0.11
2075,4i,150.0,25,0.207,24,135.49,False,4,4.6791,76.76,455.87,scenario_normal_balanced,train,development,0.11
2080,4i,150.0,24,0.0,24,135.49,False,4,4.7528,76.76,361.49,scenario_normal_balanced,train,development,0.11
2085,4i,150.0,25,0.7651,24,135.49,False,4,4.8222,76.76,266.0,scenario_normal_balanced,train,development,0.11
2090,4i,150.0,25,0.3052,24,135.49,False,4,4.5999,76.76,171.51,scenario_normal_balanced,train,development,0.11
2095,4i,150.0,26,0.6312,25,142.49,False,4,4.1028,76.76,114.77,scenario_normal_balanced,train,development,0.11
2100,4i,150.0,26,0.3483,25,142.49,False,4,2.2642,10.17,114.77,scenario_normal_balanced,train,development,0.11
2105,4i,150.0,24,0.0358,24,142.49,False,5,4.9902,1.0,407.29,scenario_normal_balanced,train,development,0.11
2110,4i,150.0,24,1.0573,20,142.49,False,5,4.8695,1.0,284.89,scenario_normal_balanced,train,development,0.11
2115,4i,150.0,24,0.9782,19,142.49,False,5,2.9576,1.0,185.45,scenario_normal_balanced,train,development,0.11
2120,4i,150.0,25,1.1139,16,142.49,False,5,0.8826,1.0,150.99,scenario_normal_balanced,train,development,0.11
2125,4i,150.0,26,0.5843,17,149.49,True,5,0.3879,1.0,149.49,scenario_normal_balanced,train,development,0.11
2130,4i,150.0,26,0.4014,21,149.45,True,5,0.4998,1.0,149.45,scenario_normal_balanced,train,development,0.11
2135,4i,150.0,27,0.9934,19,139.36,False,5,0.3722,1.0,146.92,scenario_normal_balanced,train,development,0.11
2140,4i,150.0,27,0.7545,22,113.64,False,5,0.4541,1.0,140.69,scenario_normal_balanced,train,development,0.11
2145,4i,150.0,27,0.2545,26,135.86,False,5,0.0986,1.0,135.86,scenario_normal_balanced,train,development,0.11
2150,4i,150.0,29,0.4393,28,141.59,False,5,0.012,1.0,134.52,scenario_normal_balanced,train,development,0.11
2155,4i,150.0,29,0.2713,28,141.49,False,5,0.0004,1.0,134.49,scenario_normal_balanced,train,development,0.11
2160,4i,150.0,29,0.1159,28,141.48,False,5,0.0,1.0,134.48,scenario_normal_balanced,train,development,0.11
2165,4i,150.0,26,0.6386,24,141.48,False,4,0.0,61.76,134.48,scenario_normal_balanced,train,development,0.11
2170,4i,150.0,26,1.6486,24,141.48,False,4,0.0,61.76,134.48,scenario_normal_balanced,train,development,0.11
2175,4i,150.0,25,0.5688,24,141.48,False,4,0.0,61.76,134.48,scenario_normal_balanced,train,development,0.11
2180,4i,150.0,24,0.0,24,141.48,False,4,0.0,61.76,134.48,scenario_normal_balanced,train,development,0.11
2185,4i,150.0,25,0.0027,25,148.49,True,4,0.0,61.76,134.48,scenario_normal_balanced,train,development,0.11
2190,4i,150.0,26,0.5344,25,148.49,True,4,0.0,61.76,134.48,scenario_normal_balanced,train,development,0.11
2195,4i,150.0,25,0.6796,22,148.49,True,4,0.0,61.76,134.48,scenario_normal_balanced,train,development,0.11
2200,4i,150.0,23,0.7241,18,148.49,True,5,5.2792,61.76,456.9,scenario_normal_balanced,train,development,0.11
2205,4i,150.0,24,1.2624,16,148.49,True,5,5.8674,57.44,321.73,scenario_normal_balanced,train,development,0.11
2210,4i,150.0,24,1.0417,16,148.49,True,5,4.0395,44.31,213.99,scenario_normal_balanced,train,development,0.11
2215,4i,150.0,25,1.4334,15,148.49,True,5,4.6506,38.11,134.48,scenario_normal_balanced,train,development,0.11
2220,4i,150.0,25,1.276,16,148.26,True,5,3.8354,38.05,132.95,scenario_normal_balanced,train,development,0.11
2225,4i,150.0,26,1.5474,17,77.49,False,5,1.0826,7.03,124.23,scenario_normal_balanced,train,development,0.11
2230,4i,150.0,26,0.6769,21,97.66,False,5,0.3892,5.0,114.0,scenario_normal_balanced,train,development,0.11
2235,4i,150.0,27,0.131,24,110.92,False,5,0.0393,5.0,110.92,scenario_normal_balanced,train,development,0.11
2240,4i,150.0,28,0.6349,27,138.95,False,5,0.0004,5.0,110.78,scenario_normal_balanced,train,development,0.11
2245,4i,150.0,28,0.5227,27,138.82,False,5,0.0,5.0,110.77,scenario_normal_balanced,train,development,0.11
2250,4i,150.0,28,0.1767,27,138.81,False,5,0.0,5.0,110.77,scenario_normal_balanced,train,development,0.11
2255,4i,150.0,25,0.7799,23,138.81,False,4,0.0,38.05,110.77,scenario_normal_balanced,train,development,0.11
2260,4i,150.0,23,0.0,23,138.81,False,4,0.0,38.05,110.77,scenario_normal_balanced,train,development,0.11
2265,4i,150.0,23,0.0,23,138.81,False,4,0.0,38.05,110.77,scenario_normal_balanced,train,development,0.11
2270,4i,150.0,24,0.6722,23,138.81,False,4,0.0,38.05,110.77,scenario_normal_balanced,train,development,0.11
2275,4i,150.0,24,0.7661,23,138.81,False,4,0.0,38.05,110.77,scenario_normal_balanced,train,development,0.11
2280,4i,150.0,24,1.0278,23,138.81,False,4,0.0,38.05,110.77,scenario_normal_balanced,train,development,0.11
2285,4i,150.0,23,0.8146,20,138.81,False,4,0.0,38.05,110.77,scenario_normal_balanced,train,development,0.11
2290,4i,150.0,21,0.4846,17,138.81,False,4,0.2119,36.96,110.77,scenario_normal_balanced,train,development,0.11
2295,4i,150.0,22,1.2712,16,138.81,False,4,0.7559,25.31,110.77,scenario_normal_balanced,train,development,0.11
2300,4i,150.0,22,1.2406,15,138.81,False,4,0.6058,23.11,110.77,scenario_normal_balanced,train,development,0.11
2305,4i,150.0,23,1.7573,16,138.81,False,4,0.6944,23.04,110.06,scenario_normal_balanced,train,development,0.11
2310,4i,150.0,23,0.9889,16,137.35,False,4,0.4098,23.04,105.18,scenario_normal_balanced,train,development,0.11
2315,4i,150.0,24,0.3155,19,147.1,True,4,0.3507,23.04,97.28,scenario_normal_balanced,train,development,0.11
2320,4i,150.0,26,0.9409,22,110.4,False,5,5.0151,23.04,480.3,scenario_normal_balanced,train,development,0.11
2325,4i,150.0,26,0.6245,24,136.73,False,5,4.9678,23.04,357.57,scenario_normal_balanced,train,development,0.11
2330,4i,150.0,26,0.1773,25,140.53,False,5,4.8363,23.04,238.07,scenario_normal_balanced,train,development,0.11
2335,4i,150.0,27,0.9112,26,140.52,False,5,4.9202,23.04,117.9,scenario_normal_balanced,train,development,0.11
2340,4i,150.0,27,0.4235,26,140.52,False,5,2.287,23.04,95.77,scenario_normal_balanced,train,development,0.11
2345,4i,150.0,23,0.2789,22,140.52,False,5,1.2832,0.59,95.77,scenario_normal_balanced,train,development,0.11
2350,4i,150.0,23,0.7257,22,140.52,False,4,0.0,23.04,95.77,scenario_normal_balanced,train,development,0.11
2355,4i,150.0,23,0.7689,22,140.52,False,4,0.0,23.04,95.77,scenario_normal_balanced,train,development,0.11
2360,4i,150.0,23,1.1762,22,140.52,False,4,0.0,23.04,95.77,scenario_normal_balanced,train,development,0.11
2365,4i,150.0,23,0.7585,22,140.52,False,4,0.0,23.04,95.77,scenario_normal_balanced,train,development,0.11
2370,4i,150.0,22,0.0,22,140.52,False,4,0.0,23.04,95.77,scenario_normal_balanced,train,development,0.11
2375,4i,150.0,21,0.0958,20,140.52,False,4,0.0,23.04,95.77,scenario_normal_balanced,train,development,0.11
2380,4i,150.0,22,1.154,16,140.52,False,4,0.4793,14.69,95.77,scenario_normal_balanced,train,development,0.11
2385,4i,150.0,22,0.8455,15,140.52,False,4,0.4589,9.03,95.77,scenario_normal_balanced,train,development,0.11
2390,4i,150.0,23,1.4624,17,140.52,False,4,0.8448,9.0,95.68,scenario_normal_balanced,train,development,0.11
2395,4i,150.0,23,0.9584,16,140.5,False,4,0.7107,9.0,91.89,scenario_normal_balanced,train,development,0.11
2400,4i,150.0,23,0.3974,17,138.7,False,4,0.3834,9.0,84.6,scenario_normal_balanced,train,development,0.11
2405,4i,150.0,25,0.8667,19,89.21,False,4,0.0331,9.0,81.91,scenario_normal_balanced,train,development,0.11
2410,4i,150.0,26,0.2957,22,122.94,False,4,0.0001,9.0,81.73,scenario_normal_balanced,train,development,0.11
2415,4i,150.0,26,0.0222,26,144.81,False,4,0.0,9.0,81.73,scenario_normal_balanced,train,development,0.11
2420,4i,150.0,27,0.6352,26,144.53,False,4,0.0,9.0,81.73,scenario_normal_balanced,train,development,0.11
2425,4i,150.0,27,0.2309,26,144.52,False,4,0.0,9.0,81.73,scenario_normal_balanced,train,development,0.11
2430,4i,150.0,28,0.6115,27,144.52,False,4,0.0,9.0,81.73,scenario_normal_balanced,train,development,0.11
2435,4i,150.0,25,0.4294,23,144.52,False,4,0.0,9.0,81.73,scenario_normal_balanced,train,development,0.11
2440,4i,150.0,23,0.0,23,144.52,False,4,0.0,9.0,81.73,scenario_normal_balanced,train,development,0.11
2445,4i,150.0,24,0.992,23,144.52,False,4,0.0,9.0,81.73,scenario_normal_balanced,train,development,0.11
2450,4i,150.0,24,0.5137,23,144.52,False,4,0.0,9.0,81.73,scenario_normal_balanced,train,development,0.11
2455,4i,150.0,24,0.642,23,144.52,False,4,0.0,9.0,81.73,scenario_normal_balanced,train,development,0.11
2460,4i,150.0,24,0.5979,23,144.52,False,4,0.0,9.0,81.73,scenario_normal_balanced,train,development,0.11
2465,4i,150.0,22,0.1412,20,144.52,False,4,0.5081,6.97,81.73,scenario_normal_balanced,train,development,0.11
2470,4i,150.0,21,1.7024,17,144.52,False,3,0.2019,31.4,81.73,scenario_normal_balanced,train,development,0.11
2475,4i,150.0,21,1.0935,15,144.52,False,3,1.3292,18.02,81.73,scenario_normal_balanced,train,development,0.11
2480,4i,150.0,22,1.2785,14,144.52,False,3,0.835,16.03,80.53,scenario_normal_balanced,train,development,0.11
2485,4i,150.0,22,1.1555,15,144.51,False,3,0.4686,16.0,73.5,scenario_normal_balanced,train,development,0.11
2490,4i,150.0,22,0.5898,15,142.44,False,3,0.1155,16.0,66.01,scenario_normal_balanced,train,development,0.11
2495,4i,150.0,23,0.3115,17,79.78,False,3,0.0022,16.0,65.73,scenario_normal_balanced,train,development,0.11
2500,4i,150.0,25,1.011,20,110.56,False,3,0.0,16.0,65.72,scenario_normal_balanced,train,development,0.11
2505,4i,150.0,25,0.2947,24,142.67,False,3,0.0,16.0,65.72,scenario_normal_balanced,train,development,0.11
2510,4i,150.0,27,0.6616,26,149.54,True,3,0.0,16.0,65.72,scenario_normal_balanced,train,development,0.11
2515,4i,150.0,27,0.3309,26,149.52,True,3,0.0,16.0,65.72,scenario_normal_balanced,train,development,0.11
2520,4i,150.0,27,0.0001,27,149.52,True,3,0.0,16.0,65.72,scenario_normal_balanced,train,development,0.11
2525,4i,150.0,24,1.2549,22,149.52,True,3,0.0,16.0,65.72,scenario_normal_balanced,train,development,0.11
2530,4i,150.0,23,0.7393,22,149.52,True,3,0.0,16.0,65.72,scenario_normal_balanced,train,development,0.11
2535,4i,150.0,23,0.7798,22,149.52,True,3,0.0,16.0,65.72,scenario_normal_balanced,train,development,0.11
2540,4i,150.0,23,0.692,22,149.52,True,3,0.0,16.0,65.72,scenario_normal_balanced,train,development,0.11
2545,4i,150.0,22,0.0,22,149.52,True,3,0.0,16.0,65.72,scenario_normal_balanced,train,development,0.11
2550,4i,150.0,22,0.0,22,149.52,True,3,0.0,16.0,65.72,scenario_normal_balanced,train,development,0.11
2555,4i,150.0,20,0.1086,19,149.52,True,3,0.0,16.0,65.72,scenario_normal_balanced,train,development,0.11
2560,4i,150.0,20,1.4634,15,149.52,True,3,0.6801,1.39,65.72,scenario_normal_balanced,train,development,0.11
2565,4i,150.0,21,1.5155,14,149.52,True,3,0.6998,1.0,64.94,scenario_normal_balanced,train,development,0.11
2570,4i,150.0,21,1.0362,14,149.52,True,3,0.4917,1.0,55.39,scenario_normal_balanced,train,development,0.11
2575,4i,150.0,21,0.4974,15,149.45,True,3,0.0792,1.0,50.88,scenario_normal_balanced,train,development,0.11
2580,4i,150.0,22,1.3372,17,146.47,True,3,0.0008,1.0,50.72,scenario_normal_balanced,train,development,0.11
2585,4i,150.0,22,0.5337,18,114.21,False,3,0.0,1.0,50.72,scenario_normal_balanced,train,development,0.11
2590,4i,150.0,24,0.6698,22,134.81,False,3,0.0,1.0,50.72,scenario_normal_balanced,train,development,0.11
2595,4i,150.0,24,0.2409,23,148.6,True,3,0.0,1.0,50.72,scenario_normal_balanced,train,development,0.11
2600,4i,150.0,24,0.0002,24,148.56,True,3,0.0,1.0,50.72,scenario_normal_balanced,train,development,0.11
2605,4i,150.0,25,1.0629,24,148.56,True,3,0.0,1.0,50.72,scenario_normal_balanced,train,development,0.11
2610,4i,150.0,25,0.5029,24,148.56,True,3,0.0,1.0,50.72,scenario_normal_balanced,train,development,0.11
2615,4i,150.0,22,1.0778,20,148.56,True,3,0.0,1.0,50.72,scenario_normal_balanced,train,development,0.11
2620,4i,150.0,21,0.694,20,148.56,True,3,0.0,1.0,50.72,scenario_normal_balanced,train,development,0.11
2625,4i,150.0,20,0.0,20,148.56,True,3,0.0,1.0,50.72,scenario_normal_balanced,train,development,0.11
2630,4i,150.0,20,0.0,20,148.56,True,3,0.0,1.0,50.72,scenario_normal_balanced,train,development,0.11
2635,4i,150.0,21,1.1359,20,148.56,True,3,0.0,1.0,50.72,scenario_normal_balanced,train,development,0.11
2640,4i,150.0,22,1.0497,20,148.56,True,3,0.0,1.0,50.72,scenario_normal_balanced,train,development,0.11
2645,4i,150.0,20,0.8345,18,148.56,True,2,0.0,16.0,50.72,scenario_normal_balanced,train,development,0.11
2650,4i,150.0,19,0.9109,15,148.56,True,2,1.7295,1.46,50.72,scenario_normal_balanced,train,development,0.11
2655,4i,150.0,19,0.4491,14,148.56,True,2,1.1033,1.0,44.12,scenario_normal_balanced,train,development,0.11
2660,4i,150.0,19,0.5074,14,148.56,True,2,0.3041,1.0,35.85,scenario_normal_balanced,train,development,0.11
2665,4i,150.0,20,1.3639,13,147.87,True,2,0.0009,1.0,35.72,scenario_normal_balanced,train,development,0.11
2670,4i,150.0,21,1.2792,15,100.28,False,2,0.0,1.0,35.72,scenario_normal_balanced,train,development,0.11
2675,4i,150.0,21,0.6568,19,120.9,False,3,6.3401,1.0,455.57,scenario_normal_balanced,train,development,0.11
2680,4i,150.0,22,0.0313,22,146.73,True,3,6.3896,1.0,361.72,scenario_normal_balanced,train,development,0.11
2685,4i,150.0,22,0.0009,22,146.28,True,3,4.1918,1.0,286.13,scenario_normal_balanced,train,development,0.11
2690,4i,150.0,22,0.0,22,146.27,True,3,2.0741,1.0,243.05,scenario_normal_balanced,train,development,0.11
2695,4i,150.0,24,1.13,22,146.27,True,3,0.4117,1.0,228.43,scenario_normal_balanced,train,development,0.11
2700,4i,150.0,24,0.935,22,146.27,True,3,0.0025,1.0,227.12,scenario_normal_balanced,train,development,0.11
2705,4i,150.0,20,0.5753,18,146.27,True,3,0.0,1.0,227.11,scenario_normal_balanced,train,development,0.11
2710,4i,150.0,18,0.0,18,146.27,True,3,0.0,1.0,227.11,scenario_normal_balanced,train,development,0.11
2715,4i,150.0,19,1.4117,18,146.27,True,3,0.0,1.0,227.11,scenario_normal_balanced,train,development,0.11
2720,4i,150.0,20,1.6782,18,146.27,True,3,0.0,1.0,227.11,scenario_normal_balanced,train,development,0.11
2725,4i,150.0,19,0.9673,18,146.27,True,3,0.0,1.0,227.11,scenario_normal_balanced,train,development,0.11
2730,4i,150.0,18,0.0,18,146.27,True,3,0.0,1.0,227.11,scenario_normal_balanced,train,development,0.11
2735,4i,150.0,17,0.1766,16,146.27,True,2,0.0,35.72,227.11,scenario_normal_balanced,train,development,0.11
2740,4i,150.0,16,0.7713,11,146.27,True,2,0.5893,33.07,227.11,scenario_normal_balanced,train,development,0.11
2745,4i,150.0,16,0.5605,12,146.27,True,2,0.2922,19.38,227.11,scenario_normal_balanced,train,development,0.11
2750,4i,150.0,18,2.4597,9,146.26,True,2,0.0008,19.0,227.11,scenario_normal_balanced,train,development,0.11
2755,4i,150.0,18,1.8555,8,59.77,False,2,0.0,19.0,227.11,scenario_normal_balanced,train,development,0.11
2760,4i,150.0,18,0.3473,12,82.05,False,2,0.0053,19.0,227.1,scenario_normal_balanced,train,development,0.11
2765,4i,150.0,19,0.2096,17,117.28,False,2,0.3186,19.0,225.96,scenario_normal_balanced,train,development,0.11
2770,4i,150.0,20,0.0173,20,149.6,True,2,0.2856,19.0,222.68,scenario_normal_balanced,train,development,0.11
2775,4i,150.0,22,1.5061,20,149.27,True,2,1.0026,19.0,216.6,scenario_normal_balanced,train,development,0.11
2780,4i,150.0,22,0.8718,20,149.27,True,2,0.2837,19.0,211.07,scenario_normal_balanced,train,development,0.11
2785,4i,150.0,22,0.0216,21,149.27,True,2,0.0202,19.0,210.41,scenario_normal_balanced,train,development,0.11
2790,4i,150.0,22,0.0,22,149.27,True,2,0.0,19.0,210.4,scenario_normal_balanced,train,development,0.11
2795,4i,150.0,18,0.0,18,149.27,True,2,0.0,19.0,210.4,scenario_normal_balanced,train,development,0.11
2800,4i,150.0,19,0.8983,18,149.27,True,2,0.0,19.0,210.4,scenario_normal_balanced,train,development,0.11
2805,4i,150.0,20,1.5772,18,149.27,True,2,0.0,19.0,210.4,scenario_normal_balanced,train,development,0.11
2810,4i,150.0,19,0.614,18,149.27,True,2,0.0,19.0,210.4,scenario_normal_balanced,train,development,0.11
2815,4i,150.0,18,0.0,18,149.27,True,2,0.0,19.0,210.4,scenario_normal_balanced,train,development,0.11
2820,4i,150.0,18,0.0,18,149.27,True,2,0.0,19.0,210.4,scenario_normal_balanced,train,development,0.11
2825,4i,150.0,18,1.1665,16,149.27,True,2,0.0,19.0,210.4,scenario_normal_balanced,train,development,0.11
2830,4i,150.0,17,2.6967,12,149.27,True,2,1.4134,4.24,210.4,scenario_normal_balanced,train,development,0.11
2835,4i,150.0,17,1.1353,10,149.27,True,2,0.0,1.0,210.4,scenario_normal_balanced,train,development,0.11
2840,4i,150.0,17,0.7121,11,149.27,True,2,0.0,1.0,210.4,scenario_normal_balanced,train,development,0.11
2845,4i,150.0,17,0.7008,9,60.01,False,2,0.0,1.0,210.4,scenario_normal_balanced,train,development,0.11
2850,4i,150.0,18,0.4699,12,77.91,False,2,0.0281,1.0,210.32,scenario_normal_balanced,train,development,0.11
2855,4i,150.0,20,1.9987,15,111.77,False,2,0.2306,1.0,207.96,scenario_normal_balanced,train,development,0.11
2860,4i,150.0,20,1.1216,18,138.72,False,3,8.5596,1.0,480.3,scenario_normal_balanced,train,development,0.11
2865,4i,150.0,20,0.0262,19,138.27,False,3,8.7295,1.0,357.75,scenario_normal_balanced,train,development,0.11
2870,4i,150.0,20,0.0,20,138.27,False,3,6.2602,1.0,260.27,scenario_normal_balanced,train,development,0.11
2875,4i,150.0,20,0.0,20,138.27,False,3,5.0936,1.0,192.4,scenario_normal_balanced,train,development,0.11
2880,4i,150.0,22,1.5505,20,138.27,False,3,5.4459,1.0,192.39,scenario_normal_balanced,train,development,0.11
2885,4i,150.0,18,1.5387,16,138.27,False,3,4.4073,1.0,192.39,scenario_normal_balanced,train,development,0.11
2890,4i,150.0,16,0.0,16,138.27,False,2,0.0,1.0,192.39,scenario_normal_balanced,train,development,0.11
2895,4i,150.0,16,0.0,16,138.27,False,2,0.0,1.0,192.39,scenario_normal_balanced,train,development,0.11
2900,4i,150.0,16,0.0,16,138.27,False,2,0.0,1.0,192.39,scenario_normal_balanced,train,development,0.11
2905,4i,150.0,17,1.0378,16,138.27,False,2,0.0,1.0,192.39,scenario_normal_balanced,train,development,0.11
2910,4i,150.0,17,0.8512,16,138.27,False,2,0.0,1.0,192.39,scenario_normal_balanced,train,development,0.11
2915,4i,150.0,17,1.548,14,138.27,False,1,0.0,192.39,192.39,scenario_normal_balanced,train,development,0.11
2920,4i,150.0,16,1.0336,11,138.27,False,1,0.0,192.39,192.39,scenario_normal_balanced,train,development,0.11
2925,4i,150.0,16,0.6438,11,138.27,False,1,0.0,192.39,192.39,scenario_normal_balanced,train,development,0.11
2930,4i,150.0,17,1.6857,11,138.02,False,1,0.0,192.39,192.39,scenario_normal_balanced,train,development,0.11
2935,4i,150.0,19,2.3816,13,149.51,True,1,0.0075,192.38,192.38,scenario_normal_balanced,train,development,0.11
2940,4i,150.0,20,1.1202,14,110.35,False,2,12.7924,190.82,480.3,scenario_normal_balanced,train,development,0.11
2945,4i,150.0,21,0.1064,20,142.66,False,2,13.065,185.8,359.04,scenario_normal_balanced,train,development,0.11
2950,4i,150.0,21,0.0046,21,146.33,True,2,9.1621,180.2,266.85,scenario_normal_balanced,train,development,0.11
2955,4i,150.0,21,0.0001,21,146.31,True,2,9.4955,178.44,182.58,scenario_normal_balanced,train,development,0.11
2960,4i,150.0,22,0.7888,21,146.31,True,2,8.6771,98.96,178.39,scenario_normal_balanced,train,development,0.11
2965,4i,150.0,22,0.4689,21,146.31,True,2,5.1575,30.39,178.39,scenario_normal_balanced,train,development,0.11
2970,4i,150.0,23,0.5059,22,146.31,True,2,0.0245,15.01,178.39,scenario_normal_balanced,train,development,0.11
2975,4i,150.0,20,0.8469,17,146.31,True,2,3.0139,2.98,178.39,scenario_normal_balanced,train,development,0.11
2980,4i,150.0,18,0.37,17,146.31,True,1,0.0,178.39,178.39,scenario_normal_balanced,train,development,0.11
2985,4i,150.0,18,0.9418,17,146.31,True,1,0.0,178.39,178.39,scenario_normal_balanced,train,development,0.11
2990,4i,150.0,18,0.7962,17,146.31,True,1,0.0,178.39,178.39,scenario_normal_balanced,train,development,0.11
2995,4i,150.0,18,0.8414,17,146.31,True,1,0.0,178.39,178.39,scenario_normal_balanced,train,development,0.11
3000,4i,150.0,18,0.6665,17,146.31,True,1,0.0,178.39,178.39,scenario_normal_balanced,train,development,0.11
3005,4i,150.0,17,0.1043,16,146.31,True,1,0.0,178.39,178.39,scenario_normal_balanced,train,development,0.11
3010,4i,150.0,17,1.818,13,146.31,True,1,0.0,178.39,178.39,scenario_normal_balanced,train,development,0.11
3015,4i,150.0,17,1.8489,10,146.31,True,1,0.0,178.39,178.39,scenario_normal_balanced,train,development,0.11
3020,4i,150.0,18,2.2977,8,146.28,True,2,9.5485,178.39,454.16,scenario_normal_balanced,train,development,0.11
3025,4i,150.0,18,1.5648,9,143.96,False,2,8.3834,178.18,368.13,scenario_normal_balanced,train,development,0.11
3030,4i,150.0,18,0.8664,11,71.45,False,3,14.1937,175.33,455.43,scenario_normal_balanced,train,development,0.11
3035,4i,150.0,19,0.4812,15,98.33,False,3,12.982,168.68,336.82,scenario_normal_balanced,train,development,0.11
3040,4i,150.0,21,0.8875,17,115.62,False,3,8.028,119.44,269.89,scenario_normal_balanced,train,development,0.11
3045,4i,150.0,22,1.276,19,133.63,False,3,3.9591,59.23,259.1,scenario_normal_balanced,train,development,0.11
3050,4i,150.0,22,0.705,20,137.6,False,3,2.3921,21.21,254.41,scenario_normal_balanced,train,development,0.11
3055,4i,150.0,22,0.0729,21,137.6,False,3,0.9456,5.56,247.7,scenario_normal_balanced,train,development,0.11
3060,4i,150.0,22,0.0,22,137.6,False,3,0.7742,5.0,238.98,scenario_normal_balanced,train,development,0.11
3065,4i,150.0,20,1.1962,17,137.6,False,2,0.2083,151.64,234.8,scenario_normal_balanced,train,development,0.11
3070,4i,150.0,19,2.1357,17,137.6,False,2,0.0437,151.64,234.17,scenario_normal_balanced,train,development,0.11
3075,4i,150.0,18,0.9124,17,137.6,False,2,0.0008,151.64,234.11,scenario_normal_balanced,train,development,0.11
3080,4i,150.0,17,0.0,17,137.6,False,2,0.0,151.64,234.11,scenario_normal_balanced,train,development,0.11
3085,4i,150.0,17,0.0,17,137.6,False,2,0.0,151.64,234.11,scenario_normal_balanced,train,development,0.11
3090,4i,150.0,18,0.9982,17,137.6,False,2,0.0,151.64,234.11,scenario_normal_balanced,train,development,0.11
3095,4i,150.0,17,1.0297,15,137.6,False,2,0.0,151.64,234.11,scenario_normal_balanced,train,development,0.11
3100,4i,150.0,17,1.8976,10,137.6,False,2,0.0,151.64,234.11,scenario_normal_balanced,train,development,0.11
3105,4i,150.0,17,0.864,10,137.6,False,2,0.0,151.64,234.11,scenario_normal_balanced,train,development,0.11
3110,4i,150.0,17,0.7474,10,137.43,False,2,0.0066,151.63,234.11,scenario_normal_balanced,train,development,0.11
3115,4i,150.0,18,0.5611,12,149.9,True,2,0.2601,149.9,234.11,scenario_normal_balanced,train,development,0.11
3120,4i,150.0,19,1.3198,13,93.76,False,2,0.7382,144.04,234.11,scenario_normal_balanced,train,development,0.11
3125,4i,150.0,20,1.8223,15,101.56,False,2,0.7285,136.42,234.1,scenario_normal_balanced,train,development,0.11
3130,4i,150.0,21,0.7126,19,133.65,False,2,0.2015,133.65,233.3,scenario_normal_balanced,train,development,0.11
3135,4i,150.0,21,0.1307,20,146.31,True,2,0.5166,133.6,229.55,scenario_normal_balanced,train,development,0.11
3140,4i,150.0,21,0.0001,21,146.31,True,2,0.3323,133.6,224.23,scenario_normal_balanced,train,development,0.11
3145,4i,150.0,22,0.6812,21,146.31,True,2,0.3999,133.6,217.96,scenario_normal_balanced,train,development,0.11
3150,4i,150.0,22,0.488,21,146.31,True,2,0.057,133.6,216.18,scenario_normal_balanced,train,development,0.11
3155,4i,150.0,19,1.2162,17,146.31,True,2,0.0027,133.6,216.08,scenario_normal_balanced,train,development,0.11
3160,4i,150.0,17,0.0,17,146.31,True,2,0.0001,133.6,216.07,scenario_normal_balanced,train,development,0.11
3165,4i,150.0,17,0.0,17,146.31,True,2,0.0,133.6,216.07,scenario_normal_balanced,train,development,0.11
3170,4i,150.0,17,0.0,17,146.31,True,2,0.0,133.6,216.07,scenario_normal_balanced,train,development,0.11
3175,4i,150.0,18,0.8685,17,146.31,True,2,0.0,133.6,216.07,scenario_normal_balanced,train,development,0.11
3180,4i,150.0,19,1.6147,17,146.31,True,2,0.0,133.6,216.07,scenario_normal_balanced,train,development,0.11
3185,4i,150.0,17,0.6498,15,146.31,True,2,0.0,133.6,216.07,scenario_normal_balanced,train,development,0.11
3190,4i,150.0,16,0.5091,13,146.31,True,2,0.0,133.6,216.07,scenario_normal_balanced,train,development,0.11
3195,4i,150.0,16,0.8181,11,146.31,True,2,0.0,133.6,216.07,scenario_normal_balanced,train,development,0.11
3200,4i,150.0,17,1.5307,11,146.21,True,2,0.1246,133.25,216.07,scenario_normal_balanced,train,development,0.11
3205,4i,150.0,19,2.2685,11,148.93,True,2,0.8773,128.78,216.07,scenario_normal_balanced,train,development,0.11
3210,4i,150.0,20,1.2655,13,83.81,False,2,0.9612,120.49,216.07,scenario_normal_balanced,train,development,0.11
3215,4i,150.0,21,0.4087,16,115.97,False,2,0.3076,115.97,215.93,scenario_normal_balanced,train,development,0.11
3220,4i,150.0,22,0.0854,21,141.16,False,2,0.232,115.6,214.1,scenario_normal_balanced,train,development,0.11
3225,4i,150.0,23,0.6966,22,147.44,True,2,0.757,115.59,207.49,scenario_normal_balanced,train,development,0.11
3230,4i,150.0,23,0.3284,22,147.31,True,2,0.7919,115.59,201.55,scenario_normal_balanced,train,development,0.11
3235,4i,150.0,23,0.0,23,147.31,True,2,0.1989,115.59,198.51,scenario_normal_balanced,train,development,0.11
3240,4i,150.0,24,0.5813,23,147.31,True,2,0.0086,115.59,198.09,scenario_normal_balanced,train,development,0.11
3245,4i,150.0,20,0.7545,18,147.31,True,2,0.0001,115.59,198.07,scenario_normal_balanced,train,development,0.11
3250,4i,150.0,19,0.4263,18,147.31,True,3,7.8132,115.59,407.58,scenario_normal_balanced,train,development,0.11
3255,4i,150.0,19,0.8476,18,147.31,True,3,8.0266,115.59,288.21,scenario_normal_balanced,train,development,0.11
3260,4i,150.0,18,0.0,18,147.31,True,3,7.7657,115.59,198.07,scenario_normal_balanced,train,development,0.11
3265,4i,150.0,19,1.107,18,147.31,True,3,7.0112,51.51,198.07,scenario_normal_balanced,train,development,0.11
3270,4i,150.0,18,0.0,18,147.31,True,2,0.0,115.59,198.07,scenario_normal_balanced,train,development,0.11
3275,4i,150.0,18,1.1945,16,147.31,True,2,0.0,115.59,198.07,scenario_normal_balanced,train,development,0.11
3280,4i,150.0,17,1.8071,12,147.31,True,2,0.0,115.59,198.07,scenario_normal_balanced,train,development,0.11
3285,4i,150.0,17,0.929,9,147.31,True,2,0.0144,115.56,198.07,scenario_normal_balanced,train,development,0.11
3290,4i,150.0,18,1.8961,10,147.3,True,2,0.6368,112.05,198.07,scenario_normal_balanced,train,development,0.11
3295,4i,150.0,18,1.1131,9,137.17,False,2,0.7265,104.5,198.07,scenario_normal_balanced,train,development,0.11
3300,4i,150.0,19,0.6126,11,76.52,False,2,0.6419,96.39,198.03,scenario_normal_balanced,train,development,0.11
3305,4i,150.0,21,1.1558,15,111.59,False,2,0.2952,94.56,195.87,scenario_normal_balanced,train,development,0.11
3310,4i,150.0,22,0.5978,20,135.78,False,2,0.5776,94.55,191.51,scenario_normal_balanced,train,development,0.11
3315,4i,150.0,22,0.038,21,147.24,True,2,1.425,94.55,183.09,scenario_normal_balanced,train,development,0.11
3320,4i,150.0,23,0.6752,22,146.98,True,2,0.1983,94.55,178.21,scenario_normal_balanced,train,development,0.11
3325,4i,150.0,23,0.4899,22,146.98,True,2,0.02,94.55,177.08,scenario_normal_balanced,train,development,0.11
3330,4i,150.0,24,1.0002,22,146.98,True,2,0.0003,94.55,177.03,scenario_normal_balanced,train,development,0.11
3335,4i,150.0,21,0.9936,19,146.98,True,2,0.0,94.55,177.02,scenario_normal_balanced,train,development,0.11
3340,4i,150.0,19,0.0,19,146.98,True,2,0.0,94.55,177.02,scenario_normal_balanced,train,development,0.11
3345,4i,150.0,20,1.1163,19,146.98,True,2,0.0,94.55,177.02,scenario_normal_balanced,train,development,0.11
3350,4i,150.0,19,0.0,19,146.98,True,2,0.0,94.55,177.02,scenario_normal_balanced,train,development,0.11
3355,4i,150.0,19,0.0,19,146.98,True,2,0.0,94.55,177.02,scenario_normal_balanced,train,development,0.11
3360,4i,150.0,20,0.845,19,146.98,True,2,0.0,94.55,177.02,scenario_normal_balanced,train,development,0.11
3365,4i,150.0,19,0.6988,17,146.98,True,2,0.0,94.55,177.02,scenario_normal_balanced,train,development,0.11
3370,4i,150.0,19,2.0428,14,146.98,True,2,0.0,94.55,177.02,scenario_normal_balanced,train,development,0.11
3375,4i,150.0,19,1.5536,13,146.98,True,2,0.4142,93.4,177.02,scenario_normal_balanced,train,development,0.11
3380,4i,150.0,20,1.6096,10,146.98,True,2,0.7978,86.72,177.02,scenario_normal_balanced,train,development,0.11
3385,4i,150.0,20,1.5937,11,146.03,True,2,0.8772,73.28,177.02,scenario_normal_balanced,train,development,0.11
3390,4i,150.0,21,0.9578,12,87.92,False,2,0.1525,69.15,176.65,scenario_normal_balanced,train,development,0.11
3395,4i,150.0,22,0.5075,16,94.25,False,2,0.5915,69.13,172.92,scenario_normal_balanced,train,development,0.11
3400,4i,150.0,25,0.924,19,108.98,False,2,1.1244,69.13,164.36,scenario_normal_balanced,train,development,0.11
3405,4i,150.0,25,0.2371,23,134.1,False,2,1.2911,69.13,155.0,scenario_normal_balanced,train,development,0.11
3410,4i,150.0,26,0.7115,25,137.59,False,2,0.1658,69.13,151.72,scenario_normal_balanced,train,development,0.11
3415,4i,150.0,26,0.4079,25,137.56,False,3,8.4686,69.13,375.65,scenario_normal_balanced,train,development,0.11
3420,4i,150.0,26,0.0068,26,137.56,False,3,4.4117,69.13,286.97,scenario_normal_balanced,train,development,0.11
3425,4i,150.0,24,1.2545,21,137.56,False,3,0.9334,69.13,252.86,scenario_normal_balanced,train,development,0.11
3430,4i,150.0,22,0.8105,21,137.56,False,3,0.1885,69.13,247.7,scenario_normal_balanced,train,development,0.11
3435,4i,150.0,22,0.6363,21,137.56,False,3,0.0262,69.13,247.11,scenario_normal_balanced,train,development,0.11
3440,4i,150.0,22,0.6892,21,137.56,False,4,6.7407,69.13,429.71,scenario_normal_balanced,train,development,0.11
3445,4i,150.0,21,0.0,21,137.56,False,4,4.8524,69.13,309.57,scenario_normal_balanced,train,development,0.11
3450,4i,150.0,21,0.0,21,137.56,False,4,1.3607,69.13,254.35,scenario_normal_balanced,train,development,0.11
3455,4i,150.0,21,1.317,19,137.56,False,4,0.0016,69.13,251.08,scenario_normal_balanced,train,development,0.11
3460,4i,150.0,20,0.878,15,137.56,False,4,0.0,69.13,251.08,scenario_normal_balanced,train,development,0.11
3465,4i,150.0,21,1.2616,16,137.56,False,6,7.6573,65.2,480.3,scenario_normal_balanced,train,development,0.11
3470,4i,150.0,21,0.8748,14,137.56,False,6,7.1993,56.85,380.82,scenario_normal_balanced,train,development,0.11
3475,4i,150.0,21,0.4789,15,137.47,False,6,6.1089,55.14,303.34,scenario_normal_balanced,train,development,0.11
3480,4i,150.0,22,1.4838,15,91.81,False,6,4.8813,55.13,262.72,scenario_normal_balanced,train,development,0.11
3485,4i,150.0,23,0.7857,18,112.09,False,6,2.2544,31.48,255.09,scenario_normal_balanced,train,development,0.11
3490,4i,150.0,25,0.7215,21,123.86,False,6,0.2849,8.28,255.08,scenario_normal_balanced,train,development,0.11
3495,4i,150.0,26,0.4155,25,148.8,True,7,3.467,8.0,407.57,scenario_normal_balanced,train,development,0.11
3500,4i,150.0,26,0.217,25,148.61,True,7,3.6137,8.0,287.33,scenario_normal_balanced,train,development,0.11
3505,4i,150.0,26,0.0436,25,148.6,True,7,3.9522,8.0,248.88,scenario_normal_balanced,train,development,0.11
3510,4i,150.0,27,0.6096,26,148.6,True,7,2.6402,8.0,244.09,scenario_normal_balanced,train,development,0.11
3515,4i,150.0,24,1.0389,22,148.6,True,6,1.4467,11.3,241.38,scenario_normal_balanced,train,development,0.11
3520,4i,150.0,23,0.8671,22,148.6,True,5,0.0052,55.13,241.09,scenario_normal_balanced,train,development,0.11
3525,4i,150.0,22,0.0,22,148.6,True,5,0.0003,55.13,241.08,scenario_normal_balanced,train,development,0.11
3530,4i,150.0,22,0.0,22,148.6,True,5,0.0,55.13,241.08,scenario_normal_balanced,train,development,0.11
3535,4i,150.0,23,1.0755,22,148.6,True,5,0.0,55.13,241.08,scenario_normal_balanced,train,development,0.11
3540,4i,150.0,23,0.4926,22,148.6,True,5,0.0,55.13,241.08,scenario_normal_balanced,train,development,0.11
3545,4i,150.0,22,0.7926,20,148.6,True,5,0.0,55.13,241.08,scenario_normal_balanced,train,development,0.11
3550,4i,150.0,22,0.8017,17,148.6,True,6,4.5523,54.33,402.83,scenario_normal_balanced,train,development,0.11
3555,4i,150.0,22,0.3883,17,148.6,True,6,4.6806,47.37,269.25,scenario_normal_balanced,train,development,0.11
3560,4i,150.0,23,1.5638,16,148.6,True,6,4.578,41.73,241.08,scenario_normal_balanced,train,development,0.11
3565,4i,150.0,23,1.0995,16,148.58,True,6,2.5656,38.05,241.08,scenario_normal_balanced,train,development,0.11
3570,4i,150.0,24,1.1605,15,146.99,True,6,0.504,1.74,241.08,scenario_normal_balanced,train,development,0.11
3575,4i,150.0,24,0.5787,20,127.8,False,7,3.4996,1.0,456.7,scenario_normal_balanced,train,development,0.11
3580,4i,150.0,24,0.0927,22,123.93,False,7,3.6542,1.0,334.54,scenario_normal_balanced,train,development,0.11
3585,4i,150.0,25,0.0212,25,149.07,True,7,3.7249,1.0,240.62,scenario_normal_balanced,train,development,0.11
3590,4i,150.0,26,0.8544,25,148.61,True,7,3.4704,1.0,237.68,scenario_normal_balanced,train,development,0.11
3595,4i,150.0,27,1.0378,25,148.6,True,7,1.8181,1.0,233.14,scenario_normal_balanced,train,development,0.11
3600,4i,150.0,27,0.4141,26,148.6,True,7,0.1772,1.0,228.42,scenario_normal_balanced,train,development,0.11
