timestamp,approach_edge,camera_range_m,visible_vehicle_count,visible_mean_speed_mps,visible_queue_count,visible_queue_length_m,queue_reaches_camera_edge,probe_count,probe_mean_speed_mps,probe_min_distance_to_stopline_m,probe_max_distance_to_stopline_m,scenario_id,split,design_method,gps_penetration_rate_requested
0,1i,150.0,0,0.0,0,0.0,False,0,,,,scenario_north_heavy,val,development,0.5
5,1i,150.0,0,0.0,0,0.0,False,2,25.3113,375.41,384.3,scenario_north_heavy,val,development,0.5
10,1i,150.0,0,0.0,0,0.0,False,2,25.8178,241.19,261.58,scenario_north_heavy,val,development,0.5
15,1i,150.0,3,25.182,0,0.0,False,2,24.7752,107.31,141.85,scenario_north_heavy,val,development,0.5
20,1i,150.0,3,13.4799,0,0.0,False,2,13.8211,18.43,38.15,scenario_north_heavy,val,development,0.5
25,1i,150.0,3,0.6078,2,1.0,False,2,0.9117,1.0,1.0,scenario_north_heavy,val,development,0.5
30,1i,150.0,3,0.0,3,1.0,False,2,0.0,1.0,1.0,scenario_north_heavy,val,development,0.5
35,1i,150.0,3,0.0,3,1.0,False,2,0.0,1.0,1.0,scenario_north_heavy,val,development,0.5
40,1i,150.0,3,0.0,3,1.0,False,2,0.0,1.0,1.0,scenario_north_heavy,val,development,0.5
45,1i,150.0,3,0.0,3,1.0,False,2,0.0,1.0,1.0,scenario_north_heavy,val,development,0.5
50,1i,150.0,1,0.0,1,1.0,False,1,0.0,1.0,1.0,scenario_north_heavy,val,development,0.5
55,1i,150.0,1,0.0,1,1.0,False,1,0.0,1.0,1.0,scenario_north_heavy,val,development,0.5
60,1i,150.0,2,12.6813,1,1.0,False,1,0.0,1.0,1.0,scenario_north_heavy,val,development,0.5
65,1i,150.0,4,13.0493,1,1.0,False,1,0.0,1.0,1.0,scenario_north_heavy,val,development,0.5
70,1i,150.0,2,2.3674,1,1.0,False,1,0.0,1.0,1.0,scenario_north_heavy,val,development,0.5
75,1i,150.0,2,0.0006,2,5.0,False,1,0.0,1.0,1.0,scenario_north_heavy,val,development,0.5
80,1i,150.0,0,0.0,0,0.0,False,0,,,,scenario_north_heavy,val,development,0.5
85,1i,150.0,0,0.0,0,0.0,False,0,,,,scenario_north_heavy,val,development,0.5
90,1i,150.0,0,0.0,0,0.0,False,0,,,,scenario_north_heavy,val,development,0.5
95,1i,150.0,0,0.0,0,0.0,False,1,26.2929,403.78,403.78,scenario_north_heavy,val,development,0.5
100,1i,150.0,0,0.0,0,0.0,False,1,27.1852,268.17,268.17,scenario_north_heavy,val,development,0.5
105,1i,150.0,2,25.2957,0,0.0,False,1,26.1128,133.96,133.96,scenario_north_heavy,val,development,0.5
110,1i,150.0,3,15.8358,0,0.0,False,1,15.1012,31.51,31.51,scenario_north_heavy,val,development,0.5
115,1i,150.0,3,5.3137,0,0.0,False,1,0.1012,1.0,1.0,scenario_north_heavy,val,development,0.5
120,1i,150.0,3,1.1993,2,1.0,False,1,0.0,1.0,1.0,scenario_north_heavy,val,development,0.5
125,1i,150.0,3,0.0,3,1.0,False,1,0.0,1.0,1.0,scenario_north_heavy,val,development,0.5
130,1i,150.0,3,0.0,3,1.0,False,1,0.0,1.0,1.0,scenario_north_heavy,val,development,0.5
135,1i,150.0,3,0.0,3,1.0,False,2,13.5051,1.0,456.29,scenario_north_heavy,val,development,0.5
140,1i,150.0,1,0.0,1,1.0,False,3,17.9342,1.0,429.78,scenario_north_heavy,val,development,0.5
145,1i,150.0,1,0.0,1,1.0,False,3,17.7514,1.0,293.19,scenario_north_heavy,val,development,0.5
150,1i,150.0,2,9.8637,1,1.0,False,3,15.5648,1.0,157.9,scenario_north_heavy,val,development,0.5
155,1i,150.0,3,11.3918,1,1.0,False,2,8.1676,1.0,49.13,scenario_north_heavy,val,development,0.5
160,1i,150.0,2,1.3369,1,1.0,False,2,1.3369,1.0,7.76,scenario_north_heavy,val,development,0.5
165,1i,150.0,2,0.0009,2,5.0,False,2,0.0009,1.0,5.0,scenario_north_heavy,val,development,0.5
170,1i,150.0,0,0.0,0,0.0,False,0,,,,scenario_north_heavy,val,development,0.5
175,1i,150.0,0,0.0,0,0.0,False,0,,,,scenario_north_heavy,val,development,0.5
180,1i,150.0,0,0.0,0,0.0,False,0,,,,scenario_north_heavy,val,development,0.5
185,1i,150.0,0,0.0,0,0.0,False,1,26.8534,429.49,429.49,scenario_north_heavy,val,development,0.5
190,1i,150.0,0,0.0,0,0.0,False,1,26.65,295.11,295.11,scenario_north_heavy,val,development,0.5
195,1i,150.0,1,21.4172,0,0.0,False,1,26.451,159.37,159.37,scenario_north_heavy,val,development,0.5
200,1i,150.0,3,13.8319,0,0.0,False,1,17.5481,47.47,47.47,scenario_north_heavy,val,development,0.5
205,1i,150.0,3,2.4279,1,1.0,False,1,3.5481,1.73,1.73,scenario_north_heavy,val,development,0.5
210,1i,150.0,3,0.0,3,1.0,False,1,0.0,1.0,1.0,scenario_north_heavy,val,development,0.5
215,1i,150.0,3,0.0,3,1.0,False,1,0.0,1.0,1.0,scenario_north_heavy,val,development,0.5
220,1i,150.0,3,0.0,3,1.0,False,1,0.0,1.0,1.0,scenario_north_heavy,val,development,0.5
225,1i,150.0,3,0.0,3,1.0,False,1,0.0,1.0,1.0,scenario_north_heavy,val,development,0.5
230,1i,150.0,1,0.0,1,1.0,False,2,11.7674,1.0,456.77,scenario_north_heavy,val,development,0.5
235,1i,150.0,1,0.0,1,1.0,False,2,11.8384,1.0,336.45,scenario_north_heavy,val,development,0.5
240,1i,150.0,2,9.0255,1,1.0,False,2,12.1715,1.0,214.42,scenario_north_heavy,val,development,0.5
245,1i,150.0,3,15.1027,1,1.0,False,2,11.7927,1.0,94.21,scenario_north_heavy,val,development,0.5
250,1i,150.0,2,4.7927,1,1.0,False,2,4.7927,1.0,18.29,scenario_north_heavy,val,development,0.5
255,1i,150.0,2,0.0814,2,5.07,False,2,0.0814,1.0,5.07,scenario_north_heavy,val,development,0.5
260,1i,150.0,0,0.0,0,0.0,False,0,,,,scenario_north_heavy,val,development,0.5
265,1i,150.0,0,0.0,0,0.0,False,0,,,,scenario_north_heavy,val,development,0.5
270,1i,150.0,0,0.0,0,0.0,False,1,26.4204,376.6,376.6,scenario_north_heavy,val,development,0.5
275,1i,150.0,0,0.0,0,0.0,False,2,25.0871,242.81,456.96,scenario_north_heavy,val,development,0.5
280,1i,150.0,1,25.1796,0,0.0,False,2,24.6055,108.85,337.2,scenario_north_heavy,val,development,0.5
285,1i,150.0,1,12.209,0,0.0,False,2,18.2086,19.84,217.89,scenario_north_heavy,val,development,0.5
290,1i,150.0,3,14.7958,1,1.0,False,2,12.2193,1.0,97.08,scenario_north_heavy,val,development,0.5
295,1i,150.0,3,5.8323,1,1.0,False,2,5.2975,1.0,16.11,scenario_north_heavy,val,development,0.5
300,1i,150.0,3,0.0086,3,1.01,False,2,0.007,1.0,1.01,scenario_north_heavy,val,development,0.5
305,1i,150.0,3,0.0,3,1.0,False,2,0.0,1.0,1.0,scenario_north_heavy,val,development,0.5
310,1i,150.0,3,0.0,3,1.0,False,2,0.0,1.0,1.0,scenario_north_heavy,val,development,0.5
315,1i,150.0,3,0.0,3,1.0,False,2,0.0,1.0,1.0,scenario_north_heavy,val,development,0.5
320,1i,150.0,1,0.0,1,1.0,False,3,17.59,1.0,483.3,scenario_north_heavy,val,development,0.5
325,1i,150.0,2,11.2704,1,1.0,False,3,17.2247,1.0,359.97,scenario_north_heavy,val,development,0.5
330,1i,150.0,2,7.3905,1,1.0,False,3,16.8724,1.0,237.54,scenario_north_heavy,val,development,0.5
335,1i,150.0,3,16.0979,1,1.0,False,3,16.0979,1.0,116.31,scenario_north_heavy,val,development,0.5
340,1i,150.0,3,7.6184,1,1.0,False,3,7.6184,1.0,29.18,scenario_north_heavy,val,development,0.5
345,1i,150.0,2,0.1131,1,1.0,False,2,0.1131,1.0,8.21,scenario_north_heavy,val,development,0.5
350,1i,150.0,1,3.4049,0,0.0,False,1,3.4049,3.08,3.08,scenario_north_heavy,val,development,0.5
355,1i,150.0,0,0.0,0,0.0,False,1,27.3143,455.99,455.99,scenario_north_heavy,val,development,0.5
360,1i,150.0,0,0.0,0,0.0,False,1,26.89,322.89,322.89,scenario_north_heavy,val,development,0.5
365,1i,150.0,0,0.0,0,0.0,False,2,27.6356,188.04,483.3,scenario_north_heavy,val,development,0.5
370,1i,150.0,1,20.7469,0,0.0,False,2,24.1502,64.46,348.35,scenario_north_heavy,val,development,0.5
375,1i,150.0,1,6.0853,0,0.0,False,2,16.4665,4.17,213.9,scenario_north_heavy,val,development,0.5
380,1i,150.0,3,15.3601,1,1.0,False,2,11.6076,1.0,83.65,scenario_north_heavy,val,development,0.5
385,1i,150.0,3,6.1143,1,1.0,False,2,4.4753,1.0,9.9,scenario_north_heavy,val,development,0.5
390,1i,150.0,3,0.0253,3,1.07,False,2,0.0,1.0,1.0,scenario_north_heavy,val,development,0.5
395,1i,150.0,3,0.0002,3,1.0,False,2,0.0,1.0,1.0,scenario_north_heavy,val,development,0.5
400,1i,150.0,3,0.0,3,1.0,False,2,0.0,1.0,1.0,scenario_north_heavy,val,development,0.5
405,1i,150.0,3,0.0,3,1.0,False,2,0.0,1.0,1.0,scenario_north_heavy,val,development,0.5
410,1i,150.0,1,0.0,1,1.0,False,1,0.0,1.0,1.0,scenario_north_heavy,val,development,0.5
415,1i,150.0,1,0.0,1,1.0,False,1,0.0,1.0,1.0,scenario_north_heavy,val,development,0.5
420,1i,150.0,2,8.0732,1,1.0,False,1,0.0,1.0,1.0,scenario_north_heavy,val,development,0.5
425,1i,150.0,2,11.6313,1,1.0,False,1,0.0,1.0,1.0,scenario_north_heavy,val,development,0.5
430,1i,150.0,3,10.63,1,1.0,False,1,0.0,1.0,1.0,scenario_north_heavy,val,development,0.5
435,1i,150.0,2,5.2113,1,1.0,False,1,0.0,1.0,1.0,scenario_north_heavy,val,development,0.5
440,1i,150.0,1,7.1101,0,0.0,False,0,,,,scenario_north_heavy,val,development,0.5
445,1i,150.0,0,0.0,0,0.0,False,1,18.2303,437.24,437.24,scenario_north_heavy,val,development,0.5
450,1i,150.0,0,0.0,0,0.0,False,1,18.4578,344.14,344.14,scenario_north_heavy,val,development,0.5
455,1i,150.0,0,0.0,0,0.0,False,1,19.2045,251.27,251.27,scenario_north_heavy,val,development,0.5
460,1i,150.0,0,0.0,0,0.0,False,2,22.6169,157.74,378.29,scenario_north_heavy,val,development,0.5
465,1i,150.0,1,18.2264,0,0.0,False,2,22.5617,62.26,244.06,scenario_north_heavy,val,development,0.5
470,1i,150.0,2,15.4799,0,0.0,False,2,15.4799,3.91,112.24,scenario_north_heavy,val,development,0.5
475,1i,150.0,3,10.5035,1,1.0,False,2,6.3761,1.0,25.57,scenario_north_heavy,val,development,0.5
480,1i,150.0,3,4.9486,1,1.0,False,2,0.0341,1.0,1.0,scenario_north_heavy,val,development,0.5
485,1i,150.0,3,0.0,2,1.0,False,2,0.0,1.0,1.0,scenario_north_heavy,val,development,0.5
490,1i,150.0,3,0.0,3,1.0,False,3,8.9888,1.0,401.33,scenario_north_heavy,val,development,0.5
495,1i,150.0,3,0.0,3,1.0,False,3,8.7703,1.0,266.32,scenario_north_heavy,val,development,0.5
500,1i,150.0,2,13.5318,1,1.0,False,1,27.0635,131.96,131.96,scenario_north_heavy,val,development,0.5
505,1i,150.0,2,9.5501,1,1.0,False,2,22.0329,32.3,406.83,scenario_north_heavy,val,development,0.5
510,1i,150.0,1,0.0,1,1.0,False,1,24.1764,285.14,285.14,scenario_north_heavy,val,development,0.5
515,1i,150.0,2,12.9981,1,1.0,False,1,23.5878,166.18,166.18,scenario_north_heavy,val,development,0.5
520,1i,150.0,3,10.9788,1,1.0,False,1,19.8124,50.49,50.49,scenario_north_heavy,val,development,0.5
525,1i,150.0,2,0.9734,1,1.0,False,0,,,,scenario_north_heavy,val,development,0.5
530,1i,150.0,1,4.7721,0,0.0,False,0,,,,scenario_north_heavy,val,development,0.5
535,1i,150.0,0,0.0,0,0.0,False,1,27.4354,373.46,373.46,scenario_north_heavy,val,development,0.5
540,1i,150.0,0,0.0,0,0.0,False,1,26.4582,237.87,237.87,scenario_north_heavy,val,development,0.5
545,1i,150.0,1,25.7896,0,0.0,False,1,25.7896,103.18,103.18,scenario_north_heavy,val,development,0.5
550,1i,150.0,1,11.334,0,0.0,False,3,20.9961,17.0,406.08,scenario_north_heavy,val,development,0.5
555,1i,150.0,1,0.0,1,1.0,False,3,17.4372,1.0,283.71,scenario_north_heavy,val,development,0.5
560,1i,150.0,2,13.8057,1,1.0,False,3,17.3253,1.0,162.52,scenario_north_heavy,val,development,0.5
565,1i,150.0,3,10.9165,1,1.0,False,3,10.9165,1.0,50.51,scenario_north_heavy,val,development,0.5
570,1i,150.0,3,1.9511,1,1.0,False,3,1.9511,1.0,1.77,scenario_north_heavy,val,development,0.5
575,1i,150.0,3,0.0,3,1.0,False,4,6.9425,1.0,483.3,scenario_north_heavy,val,development,0.5
580,1i,150.0,3,0.0,3,1.0,False,4,6.7969,1.0,347.14,scenario_north_heavy,val,development,0.5
585,1i,150.0,3,0.0,3,1.0,False,4,6.6245,1.0,215.1,scenario_north_heavy,val,development,0.5
590,1i,150.0,2,11.2799,1,1.0,False,2,11.2799,1.0,87.68,scenario_north_heavy,val,development,0.5
595,1i,150.0,2,6.9535,1,1.0,False,2,6.9535,1.0,6.19,scenario_north_heavy,val,development,0.5
600,1i,150.0,1,0.0,1,1.0,False,1,0.0,1.0,1.0,scenario_north_heavy,val,development,0.5
605,1i,150.0,1,0.0,1,1.0,False,1,0.0,1.0,1.0,scenario_north_heavy,val,development,0.5
610,1i,150.0,3,12.5778,1,1.0,False,1,0.0,1.0,1.0,scenario_north_heavy,val,development,0.5
615,1i,150.0,3,10.0752,1,1.0,False,1,0.0,1.0,1.0,scenario_north_heavy,val,development,0.5
620,1i,150.0,2,4.682,0,0.0,False,0,,,,scenario_north_heavy,val,development,0.5
625,1i,150.0,1,0.0,1,1.0,False,0,,,,scenario_north_heavy,val,development,0.5
630,1i,150.0,1,0.0,1,1.0,False,0,,,,scenario_north_heavy,val,development,0.5
635,1i,150.0,2,10.2425,1,1.0,False,0,,,,scenario_north_heavy,val,development,0.5
640,1i,150.0,2,3.0943,1,1.0,False,2,27.1836,428.1,429.93,scenario_north_heavy,val,development,0.5
645,1i,150.0,2,0.0,2,1.0,False,2,27.4753,292.48,293.8,scenario_north_heavy,val,development,0.5
650,1i,150.0,2,0.0,2,1.0,False,2,26.5147,158.28,161.05,scenario_north_heavy,val,development,0.5
655,1i,150.0,4,8.4845,2,1.0,False,2,16.9689,44.56,53.24,scenario_north_heavy,val,development,0.5
660,1i,150.0,4,1.2538,2,1.0,False,2,2.5076,1.0,13.73,scenario_north_heavy,val,development,0.5
665,1i,150.0,4,0.0,4,13.71,False,3,8.2913,1.0,431.71,scenario_north_heavy,val,development,0.5
670,1i,150.0,4,0.0,4,13.71,False,3,7.7677,1.0,311.0,scenario_north_heavy,val,development,0.5
675,1i,150.0,4,0.0,4,13.71,False,3,8.0112,1.0,188.19,scenario_north_heavy,val,development,0.5
680,1i,150.0,2,10.3013,1,1.0,False,2,10.3013,1.0,70.82,scenario_north_heavy,val,development,0.5
685,1i,150.0,1,0.0,1,1.0,False,2,13.0442,1.0,430.36,scenario_north_heavy,val,development,0.5
690,1i,150.0,1,0.0,1,1.0,False,2,13.4856,1.0,295.33,scenario_north_heavy,val,development,0.5
695,1i,150.0,1,0.0,1,1.0,False,2,13.1006,1.0,163.72,scenario_north_heavy,val,development,0.5
700,1i,150.0,3,11.903,1,1.0,False,2,9.3977,1.0,45.71,scenario_north_heavy,val,development,0.5
705,1i,150.0,2,1.5088,1,1.0,False,1,0.0,1.0,1.0,scenario_north_heavy,val,development,0.5
710,1i,150.0,0,0.0,0,0.0,False,1,26.1074,403.53,403.53,scenario_north_heavy,val,development,0.5
715,1i,150.0,0,0.0,0,0.0,False,1,27.6558,269.18,269.18,scenario_north_heavy,val,development,0.5
720,1i,150.0,1,26.1365,0,0.0,False,1,26.1365,135.25,135.25,scenario_north_heavy,val,development,0.5
725,1i,150.0,1,14.9246,0,0.0,False,1,14.9246,30.7,30.7,scenario_north_heavy,val,development,0.5
730,1i,150.0,1,0.0,0,0.0,False,1,0.0,1.0,1.0,scenario_north_heavy,val,development,0.5
735,1i,150.0,1,0.0,1,1.0,False,1,0.0,1.0,1.0,scenario_north_heavy,val,development,0.5
740,1i,150.0,1,0.0,1,1.0,False,1,0.0,1.0,1.0,scenario_north_heavy,val,development,0.5
745,1i,150.0,2,11.7601,1,1.0,False,1,0.0,1.0,1.0,scenario_north_heavy,val,development,0.5
750,1i,150.0,3,9.6088,1,1.0,False,1,0.0,1.0,1.0,scenario_north_heavy,val,development,0.5
755,1i,150.0,3,2.8817,2,1.0,False,2,13.0235,1.0,403.18,scenario_north_heavy,val,development,0.5
760,1i,150.0,3,0.0,3,1.0,False,2,13.2781,1.0,268.62,scenario_north_heavy,val,development,0.5
765,1i,150.0,4,6.5169,3,1.0,False,2,13.0339,1.0,135.77,scenario_north_heavy,val,development,0.5
770,1i,150.0,2,9.747,1,1.0,False,1,19.494,34.09,34.09,scenario_north_heavy,val,development,0.5
775,1i,150.0,1,0.0,1,1.0,False,1,26.2203,457.08,457.08,scenario_north_heavy,val,development,0.5
780,1i,150.0,1,0.0,1,1.0,False,1,26.1961,323.35,323.35,scenario_north_heavy,val,development,0.5
785,1i,150.0,1,0.0,1,1.0,False,1,27.5456,189.51,189.51,scenario_north_heavy,val,development,0.5
790,1i,150.0,3,14.7431,1,1.0,False,1,21.6985,62.09,62.09,scenario_north_heavy,val,development,0.5
795,1i,150.0,2,4.2655,1,1.0,False,0,,,,scenario_north_heavy,val,development,0.5
800,1i,150.0,1,1.8623,0,0.0,False,0,,,,scenario_north_heavy,val,development,0.5
805,1i,150.0,0,0.0,0,0.0,False,0,,,,scenario_north_heavy,val,development,0.5
810,1i,150.0,1,24.9935,0,0.0,False,0,,,,scenario_north_heavy,val,development,0.5
815,1i,150.0,1,16.4662,0,0.0,False,0,,,,scenario_north_heavy,val,development,0.5
820,1i,150.0,1,1.5247,0,0.0,False,1,25.0,480.3,480.3,scenario_north_heavy,val,development,0.5
825,1i,150.0,1,0.0,1,1.0,False,1,23.7977,360.49,360.49,scenario_north_heavy,val,development,0.5
830,1i,150.0,1,0.0,1,1.0,False,1,24.9084,239.07,239.07,scenario_north_heavy,val,development,0.5
835,1i,150.0,3,15.42,1,1.0,False,1,23.4264,118.94,118.94,scenario_north_heavy,val,development,0.5
840,1i,150.0,3,7.488,1,1.0,False,2,20.267,28.44,483.3,scenario_north_heavy,val,development,0.5
845,1i,150.0,3,0.0,2,1.0,False,2,13.0698,1.0,351.03,scenario_north_heavy,val,development,0.5
850,1i,150.0,3,0.0,3,1.0,False,2,13.3378,1.0,219.25,scenario_north_heavy,val,development,0.5
855,1i,150.0,4,5.6843,3,1.0,False,2,11.3686,1.0,90.54,scenario_north_heavy,val,development,0.5
860,1i,150.0,2,7.6365,1,1.0,False,1,15.2731,7.67,7.67,scenario_north_heavy,val,development,0.5
865,1i,150.0,1,0.0,1,1.0,False,1,25.0,480.3,480.3,scenario_north_heavy,val,development,0.5
870,1i,150.0,1,0.0,1,1.0,False,1,24.8034,357.92,357.92,scenario_north_heavy,val,development,0.5
875,1i,150.0,1,0.0,1,1.0,False,1,23.6288,238.25,238.25,scenario_north_heavy,val,development,0.5
880,1i,150.0,3,15.537,1,1.0,False,1,23.2831,117.31,117.31,scenario_north_heavy,val,development,0.5
885,1i,150.0,3,8.6222,1,1.0,False,2,15.8653,22.74,455.79,scenario_north_heavy,val,development,0.5
890,1i,150.0,1,0.0,1,1.0,False,2,9.6431,1.0,361.39,scenario_north_heavy,val,development,0.5
895,1i,150.0,1,0.0,1,1.0,False,2,9.158,1.0,267.86,scenario_north_heavy,val,development,0.5
900,1i,150.0,1,0.0,1,1.0,False,2,9.3521,1.0,174.43,scenario_north_heavy,val,development,0.5
905,1i,150.0,2,9.5703,1,1.0,False,2,9.5703,1.0,79.4,scenario_north_heavy,val,development,0.5
910,1i,150.0,2,4.2824,1,1.0,False,2,4.2824,1.0,9.13,scenario_north_heavy,val,development,0.5
915,1i,150.0,2,0.0,2,1.0,False,2,0.0,1.0,1.0,scenario_north_heavy,val,development,0.5
920,1i,150.0,2,0.0,2,1.0,False,2,0.0,1.0,1.0,scenario_north_heavy,val,development,0.5
925,1i,150.0,4,12.7112,2,1.0,False,2,0.0,1.0,1.0,scenario_north_heavy,val,development,0.5
930,1i,150.0,4,5.9942,2,1.0,False,3,6.33,1.0,436.49,scenario_north_heavy,val,development,0.5
935,1i,150.0,4,0.2402,3,1.0,False,3,6.1227,1.0,343.12,scenario_north_heavy,val,development,0.5
940,1i,150.0,4,0.0007,4,8.0,False,3,6.1943,1.0,249.84,scenario_north_heavy,val,development,0.5
945,1i,150.0,4,0.0,4,8.0,False,3,6.3547,1.0,156.25,scenario_north_heavy,val,development,0.5
950,1i,150.0,2,8.2937,1,1.0,False,1,16.5875,68.81,68.81,scenario_north_heavy,val,development,0.5
955,1i,150.0,1,0.0,1,1.0,False,0,,,,scenario_north_heavy,val,development,0.5
960,1i,150.0,1,0.0,1,1.0,False,0,,,,scenario_north_heavy,val,development,0.5
965,1i,150.0,1,0.0,1,1.0,False,0,,,,scenario_north_heavy,val,development,0.5
970,1i,150.0,3,17.0985,1,1.0,False,0,,,,scenario_north_heavy,val,development,0.5
975,1i,150.0,3,7.6988,1,1.0,False,1,27.1364,402.1,402.1,scenario_north_heavy,val,development,0.5
980,1i,150.0,1,0.0,1,1.0,False,1,26.1007,268.02,268.02,scenario_north_heavy,val,development,0.5
985,1i,150.0,2,13.6521,1,1.0,False,1,27.3042,133.69,133.69,scenario_north_heavy,val,development,0.5
990,1i,150.0,2,7.4099,1,1.0,False,1,14.8198,30.28,30.28,scenario_north_heavy,val,development,0.5
995,1i,150.0,2,0.0,1,1.0,False,1,0.0,1.0,1.0,scenario_north_heavy,val,development,0.5
1000,1i,150.0,2,0.0,2,1.0,False,1,0.0,1.0,1.0,scenario_north_heavy,val,development,0.5
1005,1i,150.0,2,0.0,2,1.0,False,3,17.6528,1.0,403.3,scenario_north_heavy,val,development,0.5
1010,1i,150.0,2,0.0,2,1.0,False,3,17.808,1.0,268.4,scenario_north_heavy,val,development,0.5
1015,1i,150.0,4,13.7684,2,1.0,False,3,18.3578,1.0,133.52,scenario_north_heavy,val,development,0.5
1020,1i,150.0,4,7.2306,2,1.0,False,3,9.6407,1.0,34.71,scenario_north_heavy,val,development,0.5
1025,1i,150.0,4,0.1408,2,1.0,False,3,0.1878,1.0,5.28,scenario_north_heavy,val,development,0.5
1030,1i,150.0,5,5.0039,4,5.0,False,3,0.0008,1.0,5.0,scenario_north_heavy,val,development,0.5
1035,1i,150.0,5,2.3576,4,5.0,False,3,0.0,1.0,5.0,scenario_north_heavy,val,development,0.5
1040,1i,150.0,1,0.0,1,1.0,False,1,0.0,1.0,1.0,scenario_north_heavy,val,development,0.5
1045,1i,150.0,1,0.0,1,1.0,False,1,0.0,1.0,1.0,scenario_north_heavy,val,development,0.5
1050,1i,150.0,1,0.0,1,1.0,False,2,13.839,1.0,400.55,scenario_north_heavy,val,development,0.5
1055,1i,150.0,1,0.0,1,1.0,False,2,13.5135,1.0,264.92,scenario_north_heavy,val,development,0.5
1060,1i,150.0,2,13.0515,1,1.0,False,2,13.0515,1.0,129.99,scenario_north_heavy,val,development,0.5
1065,1i,150.0,3,11.0879,1,1.0,False,2,6.9245,1.0,34.06,scenario_north_heavy,val,development,0.5
1070,1i,150.0,2,10.4534,0,0.0,False,1,4.6884,1.63,1.63,scenario_north_heavy,val,development,0.5
1075,1i,150.0,1,1.2183,0,0.0,False,0,,,,scenario_north_heavy,val,development,0.5
1080,1i,150.0,2,9.1826,1,1.0,False,0,,,,scenario_north_heavy,val,development,0.5
1085,1i,150.0,2,5.8377,1,1.0,False,0,,,,scenario_north_heavy,val,development,0.5
1090,1i,150.0,2,0.0,2,1.0,False,0,,,,scenario_north_heavy,val,development,0.5
1095,1i,150.0,2,0.0,2,1.0,False,1,19.1683,415.75,415.75,scenario_north_heavy,val,development,0.5
1100,1i,150.0,2,0.0,2,1.0,False,1,19.0783,320.17,320.17,scenario_north_heavy,val,development,0.5
1105,1i,150.0,2,0.0,2,1.0,False,2,19.3274,224.61,453.83,scenario_north_heavy,val,development,0.5
1110,1i,150.0,4,9.0535,2,1.0,False,2,19.0665,128.48,358.03,scenario_north_heavy,val,development,0.5
1115,1i,150.0,4,4.828,2,1.0,False,2,17.6144,36.25,261.98,scenario_north_heavy,val,development,0.5
1120,1i,150.0,4,0.2633,3,15.04,False,2,8.9832,1.0,170.96,scenario_north_heavy,val,development,0.5
1125,1i,150.0,5,2.5401,4,15.04,False,2,6.3503,1.0,98.5,scenario_north_heavy,val,development,0.5
1130,1i,150.0,3,4.5422,1,1.0,False,2,5.3019,1.0,45.03,scenario_north_heavy,val,development,0.5
1135,1i,150.0,1,0.0,1,1.0,False,1,0.0,1.0,1.0,scenario_north_heavy,val,development,0.5
1140,1i,150.0,1,0.0,1,1.0,False,2,13.2685,1.0,429.34,scenario_north_heavy,val,development,0.5
1145,1i,150.0,1,0.0,1,1.0,False,2,13.5469,1.0,293.57,scenario_north_heavy,val,development,0.5
1150,1i,150.0,1,0.0,1,1.0,False,2,13.6654,1.0,157.89,scenario_north_heavy,val,development,0.5
1155,1i,150.0,3,12.6622,1,1.0,False,2,7.9531,1.0,53.55,scenario_north_heavy,val,development,0.5
1160,1i,150.0,2,4.9947,0,0.0,False,1,2.6296,15.29,15.29,scenario_north_heavy,val,development,0.5
1165,1i,150.0,2,0.0372,1,1.0,False,1,0.0743,1.04,1.04,scenario_north_heavy,val,development,0.5
1170,1i,150.0,3,5.3591,2,1.0,False,1,0.0,1.0,1.0,scenario_north_heavy,val,development,0.5
1175,1i,150.0,3,3.2006,2,1.0,False,1,0.0,1.0,1.0,scenario_north_heavy,val,development,0.5
1180,1i,150.0,3,0.0,3,1.0,False,1,0.0,1.0,1.0,scenario_north_heavy,val,development,0.5
1185,1i,150.0,3,0.0,3,1.0,False,1,0.0,1.0,1.0,scenario_north_heavy,val,development,0.5
1190,1i,150.0,3,0.0,3,1.0,False,1,0.0,1.0,1.0,scenario_north_heavy,val,development,0.5
1195,1i,150.0,3,0.0,3,1.0,False,2,13.7312,1.0,429.17,scenario_north_heavy,val,development,0.5
1200,1i,150.0,5,7.33,3,1.0,False,2,13.3439,1.0,294.83,scenario_north_heavy,val,development,0.5
1205,1i,150.0,5,1.9851,3,1.0,False,2,13.3122,1.0,159.6,scenario_north_heavy,val,development,0.5
1210,1i,150.0,6,2.6766,5,8.0,False,2,8.012,1.0,52.42,scenario_north_heavy,val,development,0.5
1215,1i,150.0,6,0.3732,5,8.0,False,2,1.1196,1.0,13.87,scenario_north_heavy,val,development,0.5
1220,1i,150.0,2,0.0,2,5.0,False,1,0.0,1.0,1.0,scenario_north_heavy,val,development,0.5
1225,1i,150.0,2,0.0,2,5.0,False,1,0.0,1.0,1.0,scenario_north_heavy,val,development,0.5
1230,1i,150.0,2,0.0,2,5.0,False,1,0.0,1.0,1.0,scenario_north_heavy,val,development,0.5
1235,1i,150.0,2,0.0,2,5.0,False,1,0.0,1.0,1.0,scenario_north_heavy,val,development,0.5
1240,1i,150.0,2,0.0,2,5.0,False,1,0.0,1.0,1.0,scenario_north_heavy,val,development,0.5
1245,1i,150.0,2,0.0,2,5.0,False,1,0.0,1.0,1.0,scenario_north_heavy,val,development,0.5
1250,1i,150.0,2,16.8068,0,0.0,False,0,,,,scenario_north_heavy,val,development,0.5
1255,1i,150.0,3,13.0235,0,0.0,False,0,,,,scenario_north_heavy,val,development,0.5
1260,1i,150.0,3,2.2501,2,1.0,False,0,,,,scenario_north_heavy,val,development,0.5
1265,1i,150.0,3,0.0,3,1.0,False,0,,,,scenario_north_heavy,val,development,0.5
1270,1i,150.0,3,0.0,3,1.0,False,0,,,,scenario_north_heavy,val,development,0.5
1275,1i,150.0,3,0.0,3,1.0,False,1,19.0055,454.25,454.25,scenario_north_heavy,val,development,0.5
1280,1i,150.0,3,0.0,3,1.0,False,1,19.2317,358.19,358.19,scenario_north_heavy,val,development,0.5
1285,1i,150.0,3,0.0,3,1.0,False,2,22.736,262.21,377.79,scenario_north_heavy,val,development,0.5
1290,1i,150.0,4,4.7847,3,1.0,False,2,20.6003,170.5,247.05,scenario_north_heavy,val,development,0.5
1295,1i,150.0,6,5.8674,3,1.0,False,2,15.0328,98.85,145.97,scenario_north_heavy,val,development,0.5
1300,1i,150.0,6,3.9429,4,13.72,False,2,11.8103,48.94,62.43,scenario_north_heavy,val,development,0.5
1305,1i,150.0,6,1.4459,4,13.71,False,2,4.3378,13.56,20.71,scenario_north_heavy,val,development,0.5
1310,1i,150.0,2,0.099,2,13.81,False,1,0.198,13.81,13.81,scenario_north_heavy,val,development,0.5
1315,1i,150.0,2,0.0004,2,13.71,False,1,0.0008,13.71,13.71,scenario_north_heavy,val,development,0.5
1320,1i,150.0,2,0.0,2,13.71,False,1,0.0,13.71,13.71,scenario_north_heavy,val,development,0.5
1325,1i,150.0,2,0.0,2,13.71,False,2,9.72,13.71,474.59,scenario_north_heavy,val,development,0.5
1330,1i,150.0,2,0.0,2,13.71,False,2,9.5603,13.71,379.67,scenario_north_heavy,val,development,0.5
1335,1i,150.0,3,6.5459,2,13.71,False,2,9.0963,13.71,286.76,scenario_north_heavy,val,development,0.5
1340,1i,150.0,3,9.2954,0,0.0,False,2,10.6459,10.74,192.48,scenario_north_heavy,val,development,0.5
1345,1i,150.0,3,10.7509,0,0.0,False,1,16.6982,101.4,101.4,scenario_north_heavy,val,development,0.5
1350,1i,150.0,3,4.4128,2,1.0,False,1,13.2373,23.95,23.95,scenario_north_heavy,val,development,0.5
1355,1i,150.0,3,0.0,2,1.0,False,1,0.0,1.0,1.0,scenario_north_heavy,val,development,0.5
1360,1i,150.0,3,0.0,3,1.0,False,1,0.0,1.0,1.0,scenario_north_heavy,val,development,0.5
1365,1i,150.0,3,0.0,3,1.0,False,2,13.885,1.0,483.3,scenario_north_heavy,val,development,0.5
1370,1i,150.0,3,0.0,3,1.0,False,2,13.406,1.0,347.86,scenario_north_heavy,val,development,0.5
1375,1i,150.0,3,0.0,3,1.0,False,2,13.1263,1.0,213.72,scenario_north_heavy,val,development,0.5
1380,1i,150.0,5,9.0998,3,1.0,False,2,11.0341,1.0,84.81,scenario_north_heavy,val,development,0.5
1385,1i,150.0,6,6.3688,3,1.0,False,2,4.248,1.0,14.33,scenario_north_heavy,val,development,0.5
1390,1i,150.0,6,0.9246,5,15.14,False,2,0.0109,1.0,5.01,scenario_north_heavy,val,development,0.5
1395,1i,150.0,6,0.0,6,15.04,False,2,0.0,1.0,5.0,scenario_north_heavy,val,development,0.5
1400,1i,150.0,3,1.1763,2,5.0,False,1,0.0,5.0,5.0,scenario_north_heavy,val,development,0.5
1405,1i,150.0,2,0.0,2,5.0,False,1,0.0,5.0,5.0,scenario_north_heavy,val,development,0.5
1410,1i,150.0,2,0.0,2,5.0,False,1,0.0,5.0,5.0,scenario_north_heavy,val,development,0.5
1415,1i,150.0,2,0.0,2,5.0,False,2,13.3905,5.0,375.9,scenario_north_heavy,val,development,0.5
1420,1i,150.0,2,0.0,2,5.0,False,2,13.5013,5.0,240.4,scenario_north_heavy,val,development,0.5
1425,1i,150.0,4,11.9892,2,5.0,False,2,11.89,5.0,109.14,scenario_north_heavy,val,development,0.5
1430,1i,150.0,3,15.8598,0,0.0,False,1,11.2401,26.4,26.4,scenario_north_heavy,val,development,0.5
1435,1i,150.0,2,5.1255,0,0.0,False,0,,,,scenario_north_heavy,val,development,0.5
1440,1i,150.0,2,0.0,2,1.0,False,0,,,,scenario_north_heavy,val,development,0.5
1445,1i,150.0,2,0.0,2,1.0,False,0,,,,scenario_north_heavy,val,development,0.5
1450,1i,150.0,2,0.0,2,1.0,False,0,,,,scenario_north_heavy,val,development,0.5
1455,1i,150.0,2,0.0,2,1.0,False,0,,,,scenario_north_heavy,val,development,0.5
1460,1i,150.0,2,0.0,2,1.0,False,0,,,,scenario_north_heavy,val,development,0.5
1465,1i,150.0,2,0.0,2,1.0,False,0,,,,scenario_north_heavy,val,development,0.5
1470,1i,150.0,4,13.152,2,1.0,False,0,,,,scenario_north_heavy,val,development,0.5
1475,1i,150.0,5,8.8713,2,1.0,False,0,,,,scenario_north_heavy,val,development,0.5
1480,1i,150.0,5,2.2926,3,1.0,False,0,,,,scenario_north_heavy,val,development,0.5
1485,1i,150.0,5,0.861,4,8.0,False,0,,,,scenario_north_heavy,val,development,0.5
1490,1i,150.0,1,0.0,1,1.0,False,0,,,,scenario_north_heavy,val,development,0.5
1495,1i,150.0,1,0.0,1,1.0,False,0,,,,scenario_north_heavy,val,development,0.5
1500,1i,150.0,1,0.0,1,1.0,False,0,,,,scenario_north_heavy,val,development,0.5
1505,1i,150.0,1,0.0,1,1.0,False,1,27.6403,401.98,401.98,scenario_north_heavy,val,development,0.5
1510,1i,150.0,1,0.0,1,1.0,False,1,27.1287,268.0,268.0,scenario_north_heavy,val,development,0.5
1515,1i,150.0,3,17.3958,1,1.0,False,1,26.1293,134.26,134.26,scenario_north_heavy,val,development,0.5
1520,1i,150.0,3,16.1287,0,0.0,False,1,15.3877,36.05,36.05,scenario_north_heavy,val,development,0.5
1525,1i,150.0,2,2.6232,0,0.0,False,0,,,,scenario_north_heavy,val,development,0.5
1530,1i,150.0,2,0.0029,2,1.01,False,0,,,,scenario_north_heavy,val,development,0.5
1535,1i,150.0,2,0.0,2,1.0,False,0,,,,scenario_north_heavy,val,development,0.5
1540,1i,150.0,2,0.0,2,1.0,False,0,,,,scenario_north_heavy,val,development,0.5
1545,1i,150.0,2,0.0,2,1.0,False,0,,,,scenario_north_heavy,val,development,0.5
1550,1i,150.0,2,0.0,2,1.0,False,1,21.0196,411.84,411.84,scenario_north_heavy,val,development,0.5
1555,1i,150.0,2,0.0,2,1.0,False,1,16.5388,323.17,323.17,scenario_north_heavy,val,development,0.5
1560,1i,150.0,3,9.1916,2,1.0,False,1,17.6372,234.76,234.76,scenario_north_heavy,val,development,0.5
1565,1i,150.0,5,10.3218,2,1.0,False,1,17.8373,145.13,145.13,scenario_north_heavy,val,development,0.5
1570,1i,150.0,5,5.3841,2,1.0,False,1,14.9897,62.01,62.01,scenario_north_heavy,val,development,0.5
1575,1i,150.0,5,1.834,3,1.0,False,1,5.0408,10.38,10.38,scenario_north_heavy,val,development,0.5
1580,1i,150.0,1,0.0,1,1.0,False,0,,,,scenario_north_heavy,val,development,0.5
1585,1i,150.0,1,0.0,1,1.0,False,0,,,,scenario_north_heavy,val,development,0.5
1590,1i,150.0,1,0.0,1,1.0,False,1,25.0,480.3,480.3,scenario_north_heavy,val,development,0.5
1595,1i,150.0,1,0.0,1,1.0,False,3,23.0978,359.55,415.96,scenario_north_heavy,val,development,0.5
1600,1i,150.0,1,0.0,1,1.0,False,3,22.8275,239.08,320.03,scenario_north_heavy,val,development,0.5
1605,1i,150.0,2,11.7843,1,1.0,False,3,22.1962,119.85,225.03,scenario_north_heavy,val,development,0.5
1610,1i,150.0,3,15.0932,0,0.0,False,3,15.0932,27.8,138.14,scenario_north_heavy,val,development,0.5
1615,1i,150.0,3,7.3815,0,0.0,False,3,7.3815,1.04,56.35,scenario_north_heavy,val,development,0.5
1620,1i,150.0,3,1.5747,2,1.0,False,3,1.5747,1.0,2.73,scenario_north_heavy,val,development,0.5
1625,1i,150.0,3,0.0,3,1.0,False,3,0.0,1.0,1.0,scenario_north_heavy,val,development,0.5
1630,1i,150.0,3,0.0,3,1.0,False,3,0.0,1.0,1.0,scenario_north_heavy,val,development,0.5
1635,1i,150.0,3,0.0,3,1.0,False,3,0.0,1.0,1.0,scenario_north_heavy,val,development,0.5
1640,1i,150.0,3,0.0,3,1.0,False,4,6.6654,1.0,430.45,scenario_north_heavy,val,development,0.5
1645,1i,150.0,3,0.0,3,1.0,False,4,6.8642,1.0,295.89,scenario_north_heavy,val,development,0.5
1650,1i,150.0,4,5.5926,3,1.0,False,4,6.5709,1.0,161.63,scenario_north_heavy,val,development,0.5
1655,1i,150.0,6,7.4447,3,1.0,False,4,4.0032,1.0,53.72,scenario_north_heavy,val,development,0.5
1660,1i,150.0,6,1.7268,3,1.0,False,4,0.5032,1.0,15.65,scenario_north_heavy,val,development,0.5
1665,1i,150.0,6,0.0105,6,15.04,False,4,0.0002,1.0,15.04,scenario_north_heavy,val,development,0.5
1670,1i,150.0,2,0.0,2,15.04,False,2,0.0,1.0,15.04,scenario_north_heavy,val,development,0.5
1675,1i,150.0,2,0.0,2,15.04,False,2,0.0,1.0,15.04,scenario_north_heavy,val,development,0.5
1680,1i,150.0,2,0.0,2,15.04,False,3,9.0899,1.0,429.74,scenario_north_heavy,val,development,0.5
1685,1i,150.0,2,0.0,2,15.04,False,3,9.0424,1.0,296.17,scenario_north_heavy,val,development,0.5
1690,1i,150.0,2,0.0,2,15.04,False,3,8.8305,1.0,161.84,scenario_north_heavy,val,development,0.5
1695,1i,150.0,3,5.2266,2,15.04,False,3,5.2266,1.0,55.44,scenario_north_heavy,val,development,0.5
1700,1i,150.0,4,10.6386,0,0.0,False,2,3.5419,3.54,12.78,scenario_north_heavy,val,development,0.5
1705,1i,150.0,4,3.3018,1,1.0,False,2,0.1243,1.0,1.2,scenario_north_heavy,val,development,0.5
1710,1i,150.0,4,0.0473,4,5.11,False,2,0.0001,1.0,1.0,scenario_north_heavy,val,development,0.5
1715,1i,150.0,4,0.0,4,5.0,False,2,0.0,1.0,1.0,scenario_north_heavy,val,development,0.5
1720,1i,150.0,4,0.0,4,5.0,False,2,0.0,1.0,1.0,scenario_north_heavy,val,development,0.5
1725,1i,150.0,4,0.0,4,5.0,False,2,0.0,1.0,1.0,scenario_north_heavy,val,development,0.5
1730,1i,150.0,4,0.0,4,5.0,False,3,6.3765,1.0,454.13,scenario_north_heavy,val,development,0.5
1735,1i,150.0,4,0.0,4,5.0,False,3,6.2956,1.0,358.75,scenario_north_heavy,val,development,0.5
1740,1i,150.0,5,3.4503,4,5.0,False,3,6.3898,1.0,263.14,scenario_north_heavy,val,development,0.5
1745,1i,150.0,6,4.094,4,5.0,False,3,5.7044,1.0,170.3,scenario_north_heavy,val,development,0.5
1750,1i,150.0,7,2.6027,5,5.0,False,3,4.3924,1.0,96.32,scenario_north_heavy,val,development,0.5
1755,1i,150.0,7,1.2397,6,12.0,False,3,2.8924,1.0,43.94,scenario_north_heavy,val,development,0.5
1760,1i,150.0,4,1.9858,3,12.0,False,2,3.9716,1.0,6.48,scenario_north_heavy,val,development,0.5
1765,1i,150.0,3,0.0,3,12.0,False,1,0.0,1.0,1.0,scenario_north_heavy,val,development,0.5
1770,1i,150.0,3,0.0,3,12.0,False,2,13.8804,1.0,374.51,scenario_north_heavy,val,development,0.5
1775,1i,150.0,3,0.0,3,12.0,False,2,13.8825,1.0,238.56,scenario_north_heavy,val,development,0.5
1780,1i,150.0,4,5.9764,3,12.0,False,2,11.9527,1.0,106.45,scenario_north_heavy,val,development,0.5
1785,1i,150.0,4,3.1825,3,12.0,False,2,6.3651,1.0,23.27,scenario_north_heavy,val,development,0.5
1790,1i,150.0,3,7.1993,0,0.0,False,1,0.0,1.0,1.0,scenario_north_heavy,val,development,0.5
1795,1i,150.0,3,8.6548,1,1.0,False,1,0.0,1.0,1.0,scenario_north_heavy,val,development,0.5
1800,1i,150.0,3,2.9697,2,1.0,False,1,0.0,1.0,1.0,scenario_north_heavy,val,development,0.5
1805,1i,150.0,3,0.0,3,1.0,False,1,0.0,1.0,1.0,scenario_north_heavy,val,development,0.5
1810,1i,150.0,3,0.0,3,1.0,False,2,12.5,1.0,480.3,scenario_north_heavy,val,development,0.5
1815,1i,150.0,3,0.0,3,1.0,False,2,12.4485,1.0,360.06,scenario_north_heavy,val,development,0.5
1820,1i,150.0,3,0.0,3,1.0,False,3,17.5735,1.0,483.3,scenario_north_heavy,val,development,0.5
1825,1i,150.0,4,5.8555,3,1.0,False,3,17.0523,1.0,346.51,scenario_north_heavy,val,development,0.5
1830,1i,150.0,4,3.1231,3,1.0,False,3,13.0935,1.0,210.62,scenario_north_heavy,val,development,0.5
1835,1i,150.0,6,7.9213,3,1.0,False,3,7.8324,1.0,84.75,scenario_north_heavy,val,development,0.5
1840,1i,150.0,6,3.3948,4,5.0,False,3,2.9795,1.0,15.87,scenario_north_heavy,val,development,0.5
1845,1i,150.0,6,0.0812,5,5.02,False,3,0.0456,1.0,5.02,scenario_north_heavy,val,development,0.5
1850,1i,150.0,2,0.0001,2,13.71,False,0,,,,scenario_north_heavy,val,development,0.5
1855,1i,150.0,2,0.0,2,13.71,False,0,,,,scenario_north_heavy,val,development,0.5
1860,1i,150.0,2,0.0,2,13.71,False,0,,,,scenario_north_heavy,val,development,0.5
1865,1i,150.0,2,0.0,2,13.71,False,0,,,,scenario_north_heavy,val,development,0.5
1870,1i,150.0,3,7.5967,2,13.71,False,0,,,,scenario_north_heavy,val,development,0.5
1875,1i,150.0,3,3.8536,2,13.71,False,0,,,,scenario_north_heavy,val,development,0.5
1880,1i,150.0,3,8.1857,0,0.0,False,0,,,,scenario_north_heavy,val,development,0.5
1885,1i,150.0,3,8.9793,1,1.0,False,0,,,,scenario_north_heavy,val,development,0.5
1890,1i,150.0,3,4.152,2,1.0,False,0,,,,scenario_north_heavy,val,development,0.5
1895,1i,150.0,3,0.0,3,1.0,False,0,,,,scenario_north_heavy,val,development,0.5
1900,1i,150.0,3,0.0,3,1.0,False,0,,,,scenario_north_heavy,val,development,0.5
1905,1i,150.0,3,0.0,3,1.0,False,0,,,,scenario_north_heavy,val,development,0.5
1910,1i,150.0,3,0.0,3,1.0,False,0,,,,scenario_north_heavy,val,development,0.5
1915,1i,150.0,4,4.7443,3,1.0,False,1,26.8004,375.9,375.9,scenario_north_heavy,val,development,0.5
1920,1i,150.0,4,1.6842,3,1.0,False,1,26.6479,239.92,239.92,scenario_north_heavy,val,development,0.5
1925,1i,150.0,6,8.1806,4,8.06,False,1,24.3499,106.19,106.19,scenario_north_heavy,val,development,0.5
1930,1i,150.0,6,3.6965,4,8.0,False,1,11.5733,23.94,23.94,scenario_north_heavy,val,development,0.5
1935,1i,150.0,6,0.0149,6,15.08,False,1,0.0448,5.03,5.03,scenario_north_heavy,val,development,0.5
1940,1i,150.0,2,0.0,2,15.04,False,0,,,,scenario_north_heavy,val,development,0.5
1945,1i,150.0,2,0.0,2,15.04,False,1,19.2395,434.74,434.74,scenario_north_heavy,val,development,0.5
1950,1i,150.0,2,0.0,2,15.04,False,1,19.1574,338.85,338.85,scenario_north_heavy,val,development,0.5
1955,1i,150.0,2,0.0,2,15.04,False,1,18.9843,244.09,244.09,scenario_north_heavy,val,development,0.5
1960,1i,150.0,2,0.0,2,15.04,False,2,17.7086,154.9,396.77,scenario_north_heavy,val,development,0.5
1965,1i,150.0,3,5.6307,2,15.04,False,2,18.1091,72.09,300.53,scenario_north_heavy,val,development,0.5
1970,1i,150.0,2,4.6903,0,0.0,False,2,13.533,7.6,204.9,scenario_north_heavy,val,development,0.5
1975,1i,150.0,4,8.9753,1,1.0,False,2,8.4869,1.0,117.72,scenario_north_heavy,val,development,0.5
1980,1i,150.0,4,6.8058,2,1.0,False,2,7.923,1.0,35.23,scenario_north_heavy,val,development,0.5
1985,1i,150.0,4,1.304,2,1.0,False,2,0.4229,1.0,1.0,scenario_north_heavy,val,development,0.5
1990,1i,150.0,4,0.0009,4,5.0,False,2,0.0,1.0,1.0,scenario_north_heavy,val,development,0.5
1995,1i,150.0,4,0.0,4,5.0,False,2,0.0,1.0,1.0,scenario_north_heavy,val,development,0.5
2000,1i,150.0,5,5.3713,4,5.0,False,2,0.0,1.0,1.0,scenario_north_heavy,val,development,0.5
2005,1i,150.0,5,2.5729,4,5.0,False,4,11.6544,1.0,419.26,scenario_north_heavy,val,development,0.5
2010,1i,150.0,5,0.4187,4,5.0,False,4,11.4359,1.0,324.5,scenario_north_heavy,val,development,0.5
2015,1i,150.0,6,4.2219,5,15.04,False,4,10.9854,1.0,229.92,scenario_north_heavy,val,development,0.5
2020,1i,150.0,7,4.471,5,15.04,False,4,7.8243,1.0,137.63,scenario_north_heavy,val,development,0.5
2025,1i,150.0,7,1.9547,5,15.04,False,4,3.4207,1.0,61.9,scenario_north_heavy,val,development,0.5
2030,1i,150.0,5,1.8099,3,17.71,False,2,3.1702,17.71,19.21,scenario_north_heavy,val,development,0.5
2035,1i,150.0,3,0.0,3,17.71,False,2,13.8443,17.71,373.88,scenario_north_heavy,val,development,0.5
2040,1i,150.0,3,0.0,3,17.71,False,2,13.4656,17.71,239.22,scenario_north_heavy,val,development,0.5
2045,1i,150.0,4,5.8662,3,17.71,False,2,11.7325,17.71,108.63,scenario_north_heavy,val,development,0.5
2050,1i,150.0,4,3.5048,3,17.71,False,3,10.9644,17.71,415.74,scenario_north_heavy,val,development,0.5
2055,1i,150.0,3,0.0,3,17.71,False,2,9.5001,17.71,319.65,scenario_north_heavy,val,development,0.5
2060,1i,150.0,3,10.4344,1,16.74,False,2,10.1712,16.74,223.53,scenario_north_heavy,val,development,0.5
2065,1i,150.0,3,10.1996,0,0.0,False,2,7.7836,1.0,138.42,scenario_north_heavy,val,development,0.5
2070,1i,150.0,3,3.8284,1,1.0,False,2,5.7207,1.0,73.33,scenario_north_heavy,val,development,0.5
2075,1i,150.0,3,2.3576,2,1.0,False,2,3.5364,1.0,29.37,scenario_north_heavy,val,development,0.5
2080,1i,150.0,3,0.8576,2,1.0,False,2,1.2864,1.0,7.5,scenario_north_heavy,val,development,0.5
2085,1i,150.0,3,0.0015,3,5.0,False,2,0.0022,1.0,5.0,scenario_north_heavy,val,development,0.5
2090,1i,150.0,4,5.2649,3,5.0,False,2,0.0001,1.0,5.0,scenario_north_heavy,val,development,0.5
2095,1i,150.0,4,2.4177,3,5.0,False,3,8.1288,1.0,408.7,scenario_north_heavy,val,development,0.5
2100,1i,150.0,4,0.0031,3,5.0,False,3,8.2526,1.0,288.33,scenario_north_heavy,val,development,0.5
2105,1i,150.0,4,0.0,4,5.0,False,3,8.2527,1.0,166.74,scenario_north_heavy,val,development,0.5
2110,1i,150.0,6,5.7329,4,5.0,False,3,5.9843,1.0,56.52,scenario_north_heavy,val,development,0.5
2115,1i,150.0,6,1.1155,4,5.0,False,3,1.4162,1.0,7.27,scenario_north_heavy,val,development,0.5
2120,1i,150.0,3,0.0001,3,19.04,False,3,9.2144,1.0,455.66,scenario_north_heavy,val,development,0.5
2125,1i,150.0,3,0.0,3,19.04,False,3,8.8201,1.0,321.74,scenario_north_heavy,val,development,0.5
2130,1i,150.0,3,0.0,3,19.04,False,3,9.1687,1.0,186.71,scenario_north_heavy,val,development,0.5
2135,1i,150.0,4,4.4002,3,19.04,False,3,5.8669,1.0,72.85,scenario_north_heavy,val,development,0.5
2140,1i,150.0,3,0.0,3,19.04,False,3,8.9972,1.0,430.07,scenario_north_heavy,val,development,0.5
2145,1i,150.0,3,0.0,3,19.04,False,3,8.6785,1.0,295.69,scenario_north_heavy,val,development,0.5
2150,1i,150.0,2,1.3766,1,18.27,False,2,14.1275,2.19,161.96,scenario_north_heavy,val,development,0.5
2155,1i,150.0,3,13.0814,0,0.0,False,1,16.9469,56.64,56.64,scenario_north_heavy,val,development,0.5
2160,1i,150.0,3,2.2237,1,1.0,False,1,3.8139,10.89,10.89,scenario_north_heavy,val,development,0.5
2165,1i,150.0,3,0.0,3,8.0,False,2,9.6189,8.0,434.62,scenario_north_heavy,val,development,0.5
2170,1i,150.0,3,0.0,3,8.0,False,2,9.6823,8.0,338.47,scenario_north_heavy,val,development,0.5
2175,1i,150.0,3,0.0,3,8.0,False,2,9.4327,8.0,243.06,scenario_north_heavy,val,development,0.5
2180,1i,150.0,3,0.0,3,8.0,False,2,8.1874,8.0,152.85,scenario_north_heavy,val,development,0.5
2185,1i,150.0,4,4.3747,3,8.0,False,2,8.7495,8.0,67.5,scenario_north_heavy,val,development,0.5
2190,1i,150.0,4,1.7103,3,8.0,False,2,3.4205,5.68,8.0,scenario_north_heavy,val,development,0.5
2195,1i,150.0,4,0.0,4,8.0,False,2,0.0,1.0,8.0,scenario_north_heavy,val,development,0.5
2200,1i,150.0,6,6.0176,4,8.0,False,2,0.0,1.0,8.0,scenario_north_heavy,val,development,0.5
2205,1i,150.0,6,1.7443,4,8.0,False,2,0.0,1.0,8.0,scenario_north_heavy,val,development,0.5
2210,1i,150.0,3,0.0057,3,12.01,False,1,0.0,8.0,8.0,scenario_north_heavy,val,development,0.5
2215,1i,150.0,3,0.0,3,12.0,False,1,0.0,8.0,8.0,scenario_north_heavy,val,development,0.5
2220,1i,150.0,3,0.0,3,12.0,False,1,0.0,8.0,8.0,scenario_north_heavy,val,development,0.5
2225,1i,150.0,4,4.189,3,12.0,False,1,0.0,8.0,8.0,scenario_north_heavy,val,development,0.5
2230,1i,150.0,3,0.0,3,12.0,False,2,13.5378,8.0,456.22,scenario_north_heavy,val,development,0.5
2235,1i,150.0,3,0.0,3,12.0,False,2,13.7363,8.0,319.95,scenario_north_heavy,val,development,0.5
2240,1i,150.0,2,2.6991,0,0.0,False,2,14.9052,2.57,186.91,scenario_north_heavy,val,development,0.5
2245,1i,150.0,2,21.8752,0,0.0,False,1,20.5338,62.41,62.41,scenario_north_heavy,val,development,0.5
2250,1i,150.0,2,8.5547,0,0.0,False,1,5.7349,3.74,3.74,scenario_north_heavy,val,development,0.5
2255,1i,150.0,2,0.0,2,1.0,False,1,0.0,1.0,1.0,scenario_north_heavy,val,development,0.5
2260,1i,150.0,2,0.0,2,1.0,False,1,0.0,1.0,1.0,scenario_north_heavy,val,development,0.5
2265,1i,150.0,3,9.1915,2,1.0,False,1,0.0,1.0,1.0,scenario_north_heavy,val,development,0.5
2270,1i,150.0,3,4.6567,2,1.0,False,1,0.0,1.0,1.0,scenario_north_heavy,val,development,0.5
2275,1i,150.0,3,0.4315,2,1.0,False,2,13.6534,1.0,455.99,scenario_north_heavy,val,development,0.5
2280,1i,150.0,3,0.0001,3,1.0,False,2,13.6976,1.0,323.1,scenario_north_heavy,val,development,0.5
2285,1i,150.0,3,0.0,3,1.0,False,2,13.4494,1.0,188.44,scenario_north_heavy,val,development,0.5
2290,1i,150.0,5,8.5638,3,1.0,False,2,10.0535,1.0,68.1,scenario_north_heavy,val,development,0.5
2295,1i,150.0,5,3.153,3,1.0,False,2,3.1103,1.0,9.45,scenario_north_heavy,val,development,0.5
2300,1i,150.0,2,0.1609,2,5.05,False,0,,,,scenario_north_heavy,val,development,0.5
2305,1i,150.0,2,0.0001,2,5.0,False,0,,,,scenario_north_heavy,val,development,0.5
2310,1i,150.0,3,8.0179,2,5.0,False,0,,,,scenario_north_heavy,val,development,0.5
2315,1i,150.0,3,4.862,2,5.0,False,0,,,,scenario_north_heavy,val,development,0.5
2320,1i,150.0,2,0.0,2,5.0,False,1,27.77,483.3,483.3,scenario_north_heavy,val,development,0.5
2325,1i,150.0,2,0.0,2,5.0,False,1,27.5488,348.76,348.76,scenario_north_heavy,val,development,0.5
2330,1i,150.0,0,0.0,0,0.0,False,1,26.9475,214.21,214.21,scenario_north_heavy,val,development,0.5
2335,1i,150.0,2,23.0423,0,0.0,False,1,22.5248,85.63,85.63,scenario_north_heavy,val,development,0.5
2340,1i,150.0,2,9.0912,0,0.0,False,1,9.3035,11.33,11.33,scenario_north_heavy,val,development,0.5
2345,1i,150.0,2,0.0,2,1.0,False,1,0.0,1.0,1.0,scenario_north_heavy,val,development,0.5
2350,1i,150.0,2,0.0,2,1.0,False,1,0.0,1.0,1.0,scenario_north_heavy,val,development,0.5
2355,1i,150.0,3,7.8638,2,1.0,False,1,0.0,1.0,1.0,scenario_north_heavy,val,development,0.5
2360,1i,150.0,3,4.3322,2,1.0,False,1,0.0,1.0,1.0,scenario_north_heavy,val,development,0.5
2365,1i,150.0,3,0.0836,2,1.0,False,1,0.0,1.0,1.0,scenario_north_heavy,val,development,0.5
2370,1i,150.0,3,0.0,3,1.0,False,1,0.0,1.0,1.0,scenario_north_heavy,val,development,0.5
2375,1i,150.0,3,0.0,3,1.0,False,1,0.0,1.0,1.0,scenario_north_heavy,val,development,0.5
2380,1i,150.0,5,9.8342,3,1.0,False,1,0.0,1.0,1.0,scenario_north_heavy,val,development,0.5
2385,1i,150.0,5,5.2733,3,1.0,False,1,0.0,1.0,1.0,scenario_north_heavy,val,development,0.5
2390,1i,150.0,2,0.3242,1,1.0,False,1,0.0,1.0,1.0,scenario_north_heavy,val,development,0.5
2395,1i,150.0,2,0.0,2,5.0,False,1,0.0,1.0,1.0,scenario_north_heavy,val,development,0.5
2400,1i,150.0,3,7.6506,2,5.0,False,1,0.0,1.0,1.0,scenario_north_heavy,val,development,0.5
2405,1i,150.0,3,6.1462,2,5.0,False,1,0.0,1.0,1.0,scenario_north_heavy,val,development,0.5
2410,1i,150.0,2,0.0,2,5.0,False,1,0.0,1.0,1.0,scenario_north_heavy,val,development,0.5
2415,1i,150.0,2,0.0,2,5.0,False,2,13.1837,1.0,375.38,scenario_north_heavy,val,development,0.5
2420,1i,150.0,0,0.0,0,0.0,False,1,26.8233,241.23,241.23,scenario_north_heavy,val,development,0.5
2425,1i,150.0,2,25.7393,0,0.0,False,1,26.4332,106.93,106.93,scenario_north_heavy,val,development,0.5
2430,1i,150.0,2,11.9446,0,0.0,False,1,11.7569,18.27,18.27,scenario_north_heavy,val,development,0.5
2435,1i,150.0,2,0.0,2,1.0,False,1,0.0,1.0,1.0,scenario_north_heavy,val,development,0.5
2440,1i,150.0,2,0.0,2,1.0,False,1,0.0,1.0,1.0,scenario_north_heavy,val,development,0.5
2445,1i,150.0,3,6.9973,2,1.0,False,1,0.0,1.0,1.0,scenario_north_heavy,val,development,0.5
2450,1i,150.0,3,2.7092,2,1.0,False,1,0.0,1.0,1.0,scenario_north_heavy,val,development,0.5
2455,1i,150.0,3,0.0,3,1.0,False,1,0.0,1.0,1.0,scenario_north_heavy,val,development,0.5
2460,1i,150.0,3,0.0,3,1.0,False,2,9.1626,1.0,399.13,scenario_north_heavy,val,development,0.5
2465,1i,150.0,3,0.0,3,1.0,False,2,9.2451,1.0,304.95,scenario_north_heavy,val,development,0.5
2470,1i,150.0,4,6.2752,3,1.0,False,2,9.1852,1.0,211.67,scenario_north_heavy,val,development,0.5
2475,1i,150.0,5,5.9076,3,1.0,False,2,9.0099,1.0,117.81,scenario_north_heavy,val,development,0.5
2480,1i,150.0,3,4.4841,2,5.13,False,1,13.2671,41.51,41.51,scenario_north_heavy,val,development,0.5
2485,1i,150.0,2,0.0,2,5.0,False,0,,,,scenario_north_heavy,val,development,0.5
2490,1i,150.0,3,5.7437,2,5.0,False,0,,,,scenario_north_heavy,val,development,0.5
2495,1i,150.0,3,5.353,2,5.0,False,0,,,,scenario_north_heavy,val,development,0.5
2500,1i,150.0,2,0.0,2,5.0,False,0,,,,scenario_north_heavy,val,development,0.5
2505,1i,150.0,2,0.0,2,5.0,False,1,23.8429,408.45,408.45,scenario_north_heavy,val,development,0.5
2510,1i,150.0,0,0.0,0,0.0,False,1,24.9521,287.32,287.32,scenario_north_heavy,val,development,0.5
2515,1i,150.0,0,0.0,0,0.0,False,1,24.5528,166.44,166.44,scenario_north_heavy,val,development,0.5
2520,1i,150.0,2,18.8724,0,0.0,False,1,18.888,53.15,53.15,scenario_north_heavy,val,development,0.5
2525,1i,150.0,2,10.7235,0,0.0,False,1,4.1978,2.2,2.2,scenario_north_heavy,val,development,0.5
2530,1i,150.0,3,9.0002,1,1.0,False,1,0.0,1.0,1.0,scenario_north_heavy,val,development,0.5
2535,1i,150.0,3,4.1715,2,1.0,False,1,0.0,1.0,1.0,scenario_north_heavy,val,development,0.5
2540,1i,150.0,3,0.4948,2,1.0,False,1,0.0,1.0,1.0,scenario_north_heavy,val,development,0.5
2545,1i,150.0,3,0.0001,3,1.0,False,1,0.0,1.0,1.0,scenario_north_heavy,val,development,0.5
2550,1i,150.0,3,0.0,3,1.0,False,1,0.0,1.0,1.0,scenario_north_heavy,val,development,0.5
2555,1i,150.0,3,0.0,3,1.0,False,1,0.0,1.0,1.0,scenario_north_heavy,val,development,0.5
2560,1i,150.0,4,6.8939,3,1.0,False,1,0.0,1.0,1.0,scenario_north_heavy,val,development,0.5
2565,1i,150.0,5,6.4624,3,1.0,False,1,0.0,1.0,1.0,scenario_north_heavy,val,development,0.5
2570,1i,150.0,2,6.2661,1,1.0,False,0,,,,scenario_north_heavy,val,development,0.5
2575,1i,150.0,3,8.2124,1,1.0,False,0,,,,scenario_north_heavy,val,development,0.5
2580,1i,150.0,3,6.2327,2,13.77,False,0,,,,scenario_north_heavy,val,development,0.5
2585,1i,150.0,2,0.0001,2,13.71,False,0,,,,scenario_north_heavy,val,development,0.5
2590,1i,150.0,2,0.0,2,13.71,False,0,,,,scenario_north_heavy,val,development,0.5
2595,1i,150.0,2,0.0,2,13.71,False,0,,,,scenario_north_heavy,val,development,0.5
2600,1i,150.0,1,3.8104,0,0.0,False,0,,,,scenario_north_heavy,val,development,0.5
2605,1i,150.0,0,0.0,0,0.0,False,0,,,,scenario_north_heavy,val,development,0.5
2610,1i,150.0,2,19.0079,0,0.0,False,0,,,,scenario_north_heavy,val,development,0.5
2615,1i,150.0,2,10.4989,0,0.0,False,0,,,,scenario_north_heavy,val,development,0.5
2620,1i,150.0,3,6.8569,1,1.0,False,0,,,,scenario_north_heavy,val,development,0.5
2625,1i,150.0,3,2.0216,2,1.0,False,0,,,,scenario_north_heavy,val,development,0.5
2630,1i,150.0,3,0.0027,3,1.0,False,0,,,,scenario_north_heavy,val,development,0.5
2635,1i,150.0,3,0.0,3,1.0,False,0,,,,scenario_north_heavy,val,development,0.5
2640,1i,150.0,3,0.0,3,1.0,False,1,24.6825,431.62,431.62,scenario_north_heavy,val,development,0.5
2645,1i,150.0,3,0.0,3,1.0,False,1,23.6272,310.82,310.82,scenario_north_heavy,val,development,0.5
2650,1i,150.0,3,0.0,3,1.0,False,1,24.5619,188.57,188.57,scenario_north_heavy,val,development,0.5
2655,1i,150.0,5,7.9711,3,1.0,False,1,19.4467,75.41,75.41,scenario_north_heavy,val,development,0.5
2660,1i,150.0,3,4.8891,1,1.0,False,1,7.7654,15.98,15.98,scenario_north_heavy,val,development,0.5
2665,1i,150.0,3,6.2788,2,8.0,False,0,,,,scenario_north_heavy,val,development,0.5
2670,1i,150.0,2,0.0,2,8.0,False,0,,,,scenario_north_heavy,val,development,0.5
2675,1i,150.0,2,0.0,2,8.0,False,0,,,,scenario_north_heavy,val,development,0.5
2680,1i,150.0,2,0.0,2,8.0,False,0,,,,scenario_north_heavy,val,development,0.5
2685,1i,150.0,2,0.0,2,8.0,False,1,27.2703,429.85,429.85,scenario_north_heavy,val,development,0.5
2690,1i,150.0,1,2.7971,0,0.0,False,1,26.1248,296.88,296.88,scenario_north_heavy,val,development,0.5
2695,1i,150.0,0,0.0,0,0.0,False,2,27.3681,160.99,429.39,scenario_north_heavy,val,development,0.5
2700,1i,150.0,2,19.8914,0,0.0,False,2,22.0804,45.37,295.04,scenario_north_heavy,val,development,0.5
2705,1i,150.0,2,5.0359,0,0.0,False,2,14.5442,1.0,160.51,scenario_north_heavy,val,development,0.5
2710,1i,150.0,3,5.5859,2,1.0,False,2,8.3789,1.0,49.59,scenario_north_heavy,val,development,0.5
2715,1i,150.0,3,1.2491,2,1.0,False,2,1.8736,1.0,4.7,scenario_north_heavy,val,development,0.5
2720,1i,150.0,3,0.0,3,1.0,False,2,0.0,1.0,1.0,scenario_north_heavy,val,development,0.5
2725,1i,150.0,3,0.0,3,1.0,False,2,0.0,1.0,1.0,scenario_north_heavy,val,development,0.5
2730,1i,150.0,3,0.0,3,1.0,False,3,9.0742,1.0,456.08,scenario_north_heavy,val,development,0.5
2735,1i,150.0,3,0.0,3,1.0,False,3,8.9206,1.0,321.39,scenario_north_heavy,val,development,0.5
2740,1i,150.0,3,0.0,3,1.0,False,3,8.8579,1.0,187.54,scenario_north_heavy,val,development,0.5
2745,1i,150.0,5,7.6934,3,1.0,False,3,6.291,1.0,69.2,scenario_north_heavy,val,development,0.5
2750,1i,150.0,4,10.8561,1,1.0,False,1,6.3155,14.72,14.72,scenario_north_heavy,val,development,0.5
2755,1i,150.0,3,6.2374,2,8.02,False,1,0.0496,8.02,8.02,scenario_north_heavy,val,development,0.5
2760,1i,150.0,2,0.0001,2,8.0,False,1,0.0003,8.0,8.0,scenario_north_heavy,val,development,0.5
2765,1i,150.0,2,0.0,2,8.0,False,1,0.0,8.0,8.0,scenario_north_heavy,val,development,0.5
2770,1i,150.0,2,0.0,2,8.0,False,1,0.0,8.0,8.0,scenario_north_heavy,val,development,0.5
2775,1i,150.0,2,0.0,2,8.0,False,1,0.0,8.0,8.0,scenario_north_heavy,val,development,0.5
2780,1i,150.0,1,5.1263,0,0.0,False,1,5.1263,0.48,0.48,scenario_north_heavy,val,development,0.5
2785,1i,150.0,0,0.0,0,0.0,False,1,24.2001,384.22,384.22,scenario_north_heavy,val,development,0.5
2790,1i,150.0,2,20.8365,0,0.0,False,1,23.3656,264.7,264.7,scenario_north_heavy,val,development,0.5
2795,1i,150.0,3,11.9209,0,0.0,False,1,23.7477,144.18,144.18,scenario_north_heavy,val,development,0.5
2800,1i,150.0,3,5.2071,2,1.0,False,1,15.6212,40.91,40.91,scenario_north_heavy,val,development,0.5
2805,1i,150.0,3,0.8929,2,1.0,False,1,2.6787,1.24,1.24,scenario_north_heavy,val,development,0.5
2810,1i,150.0,3,0.0,3,1.0,False,1,0.0,1.0,1.0,scenario_north_heavy,val,development,0.5
2815,1i,150.0,3,0.0,3,1.0,False,1,0.0,1.0,1.0,scenario_north_heavy,val,development,0.5
2820,1i,150.0,3,0.0,3,1.0,False,3,15.7367,1.0,483.3,scenario_north_heavy,val,development,0.5
2825,1i,150.0,3,0.0,3,1.0,False,4,18.6619,1.0,483.3,scenario_north_heavy,val,development,0.5
2830,1i,150.0,3,0.0,3,1.0,False,4,18.3865,1.0,348.63,scenario_north_heavy,val,development,0.5
2835,1i,150.0,4,5.469,3,1.0,False,4,16.8561,1.0,212.41,scenario_north_heavy,val,development,0.5
2840,1i,150.0,4,11.3544,1,1.0,False,3,15.1392,16.55,105.21,scenario_north_heavy,val,development,0.5
2845,1i,150.0,3,3.9859,2,5.02,False,2,5.9788,5.02,38.46,scenario_north_heavy,val,development,0.5
2850,1i,150.0,2,0.0,2,5.0,False,1,0.0,5.0,5.0,scenario_north_heavy,val,development,0.5
2855,1i,150.0,2,0.0,2,5.0,False,1,0.0,5.0,5.0,scenario_north_heavy,val,development,0.5
2860,1i,150.0,2,0.0,2,5.0,False,1,0.0,5.0,5.0,scenario_north_heavy,val,development,0.5
2865,1i,150.0,2,0.0,2,5.0,False,2,13.885,5.0,483.3,scenario_north_heavy,val,development,0.5
2870,1i,150.0,0,0.0,0,0.0,False,1,26.0259,350.12,350.12,scenario_north_heavy,val,development,0.5
2875,1i,150.0,0,0.0,0,0.0,False,1,26.7976,217.52,217.52,scenario_north_heavy,val,development,0.5
2880,1i,150.0,2,23.7442,0,0.0,False,1,23.5252,87.37,87.37,scenario_north_heavy,val,development,0.5
2885,1i,150.0,3,12.8061,0,0.0,False,1,9.534,11.74,11.74,scenario_north_heavy,val,development,0.5
2890,1i,150.0,3,2.1898,2,1.0,False,1,0.0,1.0,1.0,scenario_north_heavy,val,development,0.5
2895,1i,150.0,3,0.0,3,1.0,False,1,0.0,1.0,1.0,scenario_north_heavy,val,development,0.5
2900,1i,150.0,3,0.0,3,1.0,False,1,0.0,1.0,1.0,scenario_north_heavy,val,development,0.5
2905,1i,150.0,3,0.0,3,1.0,False,1,0.0,1.0,1.0,scenario_north_heavy,val,development,0.5
2910,1i,150.0,3,0.0,3,1.0,False,1,0.0,1.0,1.0,scenario_north_heavy,val,development,0.5
2915,1i,150.0,3,0.0,3,1.0,False,3,14.6904,1.0,399.95,scenario_north_heavy,val,development,0.5
2920,1i,150.0,3,0.0,3,1.0,False,3,14.2708,1.0,306.42,scenario_north_heavy,val,development,0.5
2925,1i,150.0,4,6.229,3,1.0,False,3,14.4402,1.0,212.83,scenario_north_heavy,val,development,0.5
2930,1i,150.0,3,11.843,1,1.0,False,3,11.843,1.0,118.42,scenario_north_heavy,val,development,0.5
2935,1i,150.0,3,9.3037,1,1.0,False,2,5.8246,1.0,45.8,scenario_north_heavy,val,development,0.5
2940,1i,150.0,2,2.1525,1,1.0,False,2,2.1525,1.0,9.44,scenario_north_heavy,val,development,0.5
2945,1i,150.0,2,0.0014,2,5.0,False,2,0.0014,1.0,5.0,scenario_north_heavy,val,development,0.5
2950,1i,150.0,2,0.0,2,5.0,False,2,0.0,1.0,5.0,scenario_north_heavy,val,development,0.5
2955,1i,150.0,2,0.0,2,5.0,False,2,0.0,1.0,5.0,scenario_north_heavy,val,development,0.5
2960,1i,150.0,0,0.0,0,0.0,False,1,19.4385,415.19,415.19,scenario_north_heavy,val,development,0.5
2965,1i,150.0,0,0.0,0,0.0,False,1,19.0748,319.67,319.67,scenario_north_heavy,val,development,0.5
2970,1i,150.0,2,25.439,0,0.0,False,1,18.9975,224.07,224.07,scenario_north_heavy,val,development,0.5
2975,1i,150.0,3,15.0487,0,0.0,False,1,17.169,131.74,131.74,scenario_north_heavy,val,development,0.5
2980,1i,150.0,3,6.0147,1,1.0,False,1,16.2939,48.88,48.88,scenario_north_heavy,val,development,0.5
2985,1i,150.0,3,1.1658,2,1.0,False,1,3.4974,1.5,1.5,scenario_north_heavy,val,development,0.5
2990,1i,150.0,3,0.0,3,1.0,False,1,0.0,1.0,1.0,scenario_north_heavy,val,development,0.5
2995,1i,150.0,3,0.0,3,1.0,False,1,0.0,1.0,1.0,scenario_north_heavy,val,development,0.5
3000,1i,150.0,3,0.0,3,1.0,False,1,0.0,1.0,1.0,scenario_north_heavy,val,development,0.5
3005,1i,150.0,3,0.0,3,1.0,False,3,17.7551,1.0,403.55,scenario_north_heavy,val,development,0.5
3010,1i,150.0,3,0.0,3,1.0,False,3,17.8416,1.0,269.88,scenario_north_heavy,val,development,0.5
3015,1i,150.0,6,13.3994,3,1.0,False,3,17.8235,1.0,135.69,scenario_north_heavy,val,development,0.5
3020,1i,150.0,4,10.4818,1,1.0,False,2,14.4739,33.95,34.31,scenario_north_heavy,val,development,0.5
3025,1i,150.0,2,0.3797,1,1.0,False,1,0.7595,5.45,5.45,scenario_north_heavy,val,development,0.5
3030,1i,150.0,2,0.0001,2,5.0,False,1,0.0003,5.0,5.0,scenario_north_heavy,val,development,0.5
3035,1i,150.0,2,0.0,2,5.0,False,1,0.0,5.0,5.0,scenario_north_heavy,val,development,0.5
3040,1i,150.0,2,0.0,2,5.0,False,1,0.0,5.0,5.0,scenario_north_heavy,val,development,0.5
3045,1i,150.0,2,0.0,2,5.0,False,1,0.0,5.0,5.0,scenario_north_heavy,val,development,0.5
3050,1i,150.0,0,0.0,0,0.0,False,0,,,,scenario_north_heavy,val,development,0.5
3055,1i,150.0,0,0.0,0,0.0,False,0,,,,scenario_north_heavy,val,development,0.5
3060,1i,150.0,1,24.749,0,0.0,False,0,,,,scenario_north_heavy,val,development,0.5
3065,1i,150.0,3,18.1143,0,0.0,False,0,,,,scenario_north_heavy,val,development,0.5
3070,1i,150.0,3,3.7833,0,0.0,False,0,,,,scenario_north_heavy,val,development,0.5
3075,1i,150.0,3,0.0054,3,1.0,False,0,,,,scenario_north_heavy,val,development,0.5
3080,1i,150.0,3,0.0,3,1.0,False,0,,,,scenario_north_heavy,val,development,0.5
3085,1i,150.0,3,0.0,3,1.0,False,0,,,,scenario_north_heavy,val,development,0.5
3090,1i,150.0,3,0.0,3,1.0,False,0,,,,scenario_north_heavy,val,development,0.5
3095,1i,150.0,3,0.0,3,1.0,False,2,18.9633,417.89,418.18,scenario_north_heavy,val,development,0.5
3100,1i,150.0,3,0.0,3,1.0,False,2,19.2714,321.16,323.9,scenario_north_heavy,val,development,0.5
3105,1i,150.0,4,5.3613,3,1.0,False,2,18.3226,228.38,229.96,scenario_north_heavy,val,development,0.5
3110,1i,150.0,4,13.4636,1,1.0,False,2,18.8047,133.94,135.64,scenario_north_heavy,val,development,0.5
3115,1i,150.0,3,9.1781,1,1.0,False,2,13.7671,50.2,57.06,scenario_north_heavy,val,development,0.5
3120,1i,150.0,2,2.6287,1,1.0,False,1,5.2574,15.77,15.77,scenario_north_heavy,val,development,0.5
3125,1i,150.0,2,0.019,2,8.01,False,1,0.038,8.01,8.01,scenario_north_heavy,val,development,0.5
3130,1i,150.0,2,0.0,2,8.0,False,1,0.0,8.0,8.0,scenario_north_heavy,val,development,0.5
3135,1i,150.0,2,0.0,2,8.0,False,2,11.9718,8.0,456.36,scenario_north_heavy,val,development,0.5
3140,1i,150.0,1,3.3545,0,0.0,False,2,13.5154,3.66,335.24,scenario_north_heavy,val,development,0.5
3145,1i,150.0,0,0.0,0,0.0,False,1,23.3491,213.81,213.81,scenario_north_heavy,val,development,0.5
3150,1i,150.0,1,24.0732,0,0.0,False,1,24.0732,91.57,91.57,scenario_north_heavy,val,development,0.5
3155,1i,150.0,2,14.4763,0,0.0,False,1,9.9119,12.74,12.74,scenario_north_heavy,val,development,0.5
3160,1i,150.0,3,11.5109,1,1.0,False,1,0.0,1.0,1.0,scenario_north_heavy,val,development,0.5
3165,1i,150.0,3,3.6836,1,1.0,False,1,0.0,1.0,1.0,scenario_north_heavy,val,development,0.5
3170,1i,150.0,3,0.0,3,1.0,False,1,0.0,1.0,1.0,scenario_north_heavy,val,development,0.5
3175,1i,150.0,3,0.0,3,1.0,False,1,0.0,1.0,1.0,scenario_north_heavy,val,development,0.5
3180,1i,150.0,3,0.0,3,1.0,False,1,0.0,1.0,1.0,scenario_north_heavy,val,development,0.5
3185,1i,150.0,3,0.0,3,1.0,False,3,17.9111,1.0,429.89,scenario_north_heavy,val,development,0.5
3190,1i,150.0,3,0.0,3,1.0,False,3,17.8052,1.0,294.27,scenario_north_heavy,val,development,0.5
3195,1i,150.0,4,5.023,3,1.0,False,3,18.0713,1.0,161.23,scenario_north_heavy,val,development,0.5
3200,1i,150.0,4,11.7924,1,1.0,False,2,16.5987,53.52,54.26,scenario_north_heavy,val,development,0.5
3205,1i,150.0,2,1.1262,1,1.0,False,1,2.2524,15.56,15.56,scenario_north_heavy,val,development,0.5
3210,1i,150.0,2,0.0034,2,15.04,False,1,0.0068,15.04,15.04,scenario_north_heavy,val,development,0.5
3215,1i,150.0,2,0.0,2,15.04,False,1,0.0,15.04,15.04,scenario_north_heavy,val,development,0.5
3220,1i,150.0,2,0.0,2,15.04,False,1,0.0,15.04,15.04,scenario_north_heavy,val,development,0.5
3225,1i,150.0,2,0.0,2,15.04,False,1,0.0,15.04,15.04,scenario_north_heavy,val,development,0.5
3230,1i,150.0,1,1.3191,0,0.0,False,2,10.3721,13.39,453.83,scenario_north_heavy,val,development,0.5
3235,1i,150.0,1,1.6188,0,0.0,False,2,10.2809,2.3,358.49,scenario_north_heavy,val,development,0.5
3240,1i,150.0,2,9.248,1,1.01,False,2,9.7067,1.01,263.01,scenario_north_heavy,val,development,0.5
3245,1i,150.0,2,2.7184,1,1.0,False,2,8.7276,1.0,169.82,scenario_north_heavy,val,development,0.5
3250,1i,150.0,4,7.4848,2,1.0,False,2,8.3852,1.0,84.8,scenario_north_heavy,val,development,0.5
3255,1i,150.0,4,4.6639,2,1.0,False,2,4.9941,1.0,12.97,scenario_north_heavy,val,development,0.5
3260,1i,150.0,4,1.066,3,1.0,False,2,0.0,1.0,1.0,scenario_north_heavy,val,development,0.5
3265,1i,150.0,4,0.0709,4,5.12,False,2,0.0,1.0,1.0,scenario_north_heavy,val,development,0.5
3270,1i,150.0,4,0.0,4,5.0,False,2,0.0,1.0,1.0,scenario_north_heavy,val,development,0.5
3275,1i,150.0,4,0.0,4,5.0,False,4,11.005,1.0,455.6,scenario_north_heavy,val,development,0.5
3280,1i,150.0,5,4.7921,4,5.0,False,4,10.6722,1.0,358.59,scenario_north_heavy,val,development,0.5
3285,1i,150.0,5,2.4141,4,5.0,False,4,10.8041,1.0,263.38,scenario_north_heavy,val,development,0.5
3290,1i,150.0,3,7.773,2,5.0,False,3,13.33,1.0,172.25,scenario_north_heavy,val,development,0.5
3295,1i,150.0,4,6.1435,2,5.0,False,3,8.1914,1.0,101.53,scenario_north_heavy,val,development,0.5
3300,1i,150.0,3,2.6731,2,5.0,False,2,4.0097,1.0,52.51,scenario_north_heavy,val,development,0.5
3305,1i,150.0,3,1.2222,2,5.0,False,2,1.8333,1.0,25.33,scenario_north_heavy,val,development,0.5
3310,1i,150.0,3,0.0211,3,19.07,False,2,0.0317,1.0,19.07,scenario_north_heavy,val,development,0.5
3315,1i,150.0,3,0.0,3,19.04,False,2,0.0,1.0,19.04,scenario_north_heavy,val,development,0.5
3320,1i,150.0,2,1.3385,1,18.15,False,3,16.0336,18.15,483.3,scenario_north_heavy,val,development,0.5
3325,1i,150.0,2,12.5541,0,0.0,False,3,16.4937,2.83,380.51,scenario_north_heavy,val,development,0.5
3330,1i,150.0,2,5.1162,1,1.0,False,3,14.9249,1.0,288.48,scenario_north_heavy,val,development,0.5
3335,1i,150.0,3,7.6008,2,1.0,False,3,14.0554,1.0,193.73,scenario_north_heavy,val,development,0.5
3340,1i,150.0,4,6.6287,2,1.0,False,3,8.8382,1.0,101.82,scenario_north_heavy,val,development,0.5
3345,1i,150.0,4,2.3129,3,1.0,False,3,3.0839,1.0,40.56,scenario_north_heavy,val,development,0.5
3350,1i,150.0,4,0.4799,3,1.0,False,3,0.6399,1.0,15.96,scenario_north_heavy,val,development,0.5
3355,1i,150.0,4,0.0,4,15.04,False,4,6.7052,1.0,456.48,scenario_north_heavy,val,development,0.5
3360,1i,150.0,4,0.0,4,15.04,False,4,6.61,1.0,322.64,scenario_north_heavy,val,development,0.5
3365,1i,150.0,4,0.0,4,15.04,False,6,13.6323,1.0,483.3,scenario_north_heavy,val,development,0.5
3370,1i,150.0,5,3.5323,4,15.04,False,6,11.9036,1.0,348.9,scenario_north_heavy,val,development,0.5
3375,1i,150.0,5,1.5033,4,15.04,False,6,10.0643,1.0,215.92,scenario_north_heavy,val,development,0.5
3380,1i,150.0,4,10.942,2,15.04,False,4,10.942,1.0,92.79,scenario_north_heavy,val,development,0.5
3385,1i,150.0,4,4.4714,2,15.04,False,4,4.4714,1.0,34.37,scenario_north_heavy,val,development,0.5
3390,1i,150.0,3,0.0031,3,27.76,False,3,0.0031,1.0,27.76,scenario_north_heavy,val,development,0.5
3395,1i,150.0,3,0.0,3,27.75,False,3,0.0,1.0,27.75,scenario_north_heavy,val,development,0.5
3400,1i,150.0,3,0.0,3,27.75,False,4,6.6236,1.0,456.81,scenario_north_heavy,val,development,0.5
3405,1i,150.0,3,0.0,3,27.75,False,4,6.5635,1.0,323.28,scenario_north_heavy,val,development,0.5
3410,1i,150.0,2,0.9381,1,27.11,False,3,9.8427,12.82,186.79,scenario_north_heavy,val,development,0.5
3415,1i,150.0,2,11.9259,0,0.0,False,4,16.7588,9.97,398.36,scenario_north_heavy,val,development,0.5
3420,1i,150.0,2,3.4674,1,1.0,False,4,12.4123,1.0,303.08,scenario_north_heavy,val,development,0.5
3425,1i,150.0,3,8.1085,2,1.01,False,4,10.8734,1.0,208.49,scenario_north_heavy,val,development,0.5
3430,1i,150.0,4,8.5147,2,1.0,False,4,8.5147,1.0,114.4,scenario_north_heavy,val,development,0.5
3435,1i,150.0,4,3.2401,2,1.0,False,4,3.2401,1.0,43.95,scenario_north_heavy,val,development,0.5
3440,1i,150.0,4,1.0759,3,1.0,False,4,1.0759,1.0,9.57,scenario_north_heavy,val,development,0.5
3445,1i,150.0,4,0.0003,4,5.0,False,5,5.4292,1.0,429.67,scenario_north_heavy,val,development,0.5
3450,1i,150.0,4,0.0,4,5.0,False,5,5.5426,1.0,294.86,scenario_north_heavy,val,development,0.5
3455,1i,150.0,4,0.0,4,5.0,False,5,5.4892,1.0,160.06,scenario_north_heavy,val,development,0.5
3460,1i,150.0,5,3.149,4,5.0,False,6,5.7443,1.0,399.67,scenario_north_heavy,val,development,0.5
3465,1i,150.0,5,0.8114,4,5.0,False,6,3.7681,1.0,306.36,scenario_north_heavy,val,development,0.5
3470,1i,150.0,3,7.7995,2,5.0,False,3,6.4537,1.0,211.5,scenario_north_heavy,val,development,0.5
3475,1i,150.0,4,7.1128,2,5.0,False,3,6.2208,1.0,118.41,scenario_north_heavy,val,development,0.5
3480,1i,150.0,4,3.451,3,17.72,False,3,4.5967,1.0,36.9,scenario_north_heavy,val,development,0.5
3485,1i,150.0,3,0.0,3,17.71,False,2,0.0,1.0,5.0,scenario_north_heavy,val,development,0.5
3490,1i,150.0,3,0.0,3,17.71,False,2,0.0,1.0,5.0,scenario_north_heavy,val,development,0.5
3495,1i,150.0,3,0.0,3,17.71,False,2,0.0,1.0,5.0,scenario_north_heavy,val,development,0.5
3500,1i,150.0,3,10.3084,1,16.81,False,1,3.3634,0.35,0.35,scenario_north_heavy,val,development,0.5
3505,1i,150.0,1,15.6903,0,0.0,False,1,26.3153,403.88,403.88,scenario_north_heavy,val,development,0.5
3510,1i,150.0,1,1.1158,0,0.0,False,1,26.7902,269.38,269.38,scenario_north_heavy,val,development,0.5
3515,1i,150.0,2,13.5834,1,1.0,False,1,27.1669,135.92,135.92,scenario_north_heavy,val,development,0.5
3520,1i,150.0,3,11.0329,1,1.0,False,1,15.1409,31.71,31.71,scenario_north_heavy,val,development,0.5
3525,1i,150.0,3,1.6835,1,1.0,False,1,0.1409,1.0,1.0,scenario_north_heavy,val,development,0.5
3530,1i,150.0,3,0.0,3,1.0,False,1,0.0,1.0,1.0,scenario_north_heavy,val,development,0.5
3535,1i,150.0,3,0.0,3,1.0,False,1,0.0,1.0,1.0,scenario_north_heavy,val,development,0.5
3540,1i,150.0,3,0.0,3,1.0,False,1,0.0,1.0,1.0,scenario_north_heavy,val,development,0.5
3545,1i,150.0,4,5.9667,3,1.0,False,1,0.0,1.0,1.0,scenario_north_heavy,val,development,0.5
3550,1i,150.0,4,3.7066,3,1.0,False,2,13.7914,1.0,403.24,scenario_north_heavy,val,development,0.5
3555,1i,150.0,4,0.5981,3,1.0,False,2,13.5853,1.0,270.77,scenario_north_heavy,val,development,0.5
3560,1i,150.0,2,13.3263,1,1.0,False,2,13.3263,1.0,137.67,scenario_north_heavy,val,development,0.5
3565,1i,150.0,3,11.5443,1,1.0,False,2,8.0685,1.0,32.71,scenario_north_heavy,val,development,0.5
3570,1i,150.0,2,2.4158,1,1.0,False,1,0.0,1.0,1.0,scenario_north_heavy,val,development,0.5
3575,1i,150.0,2,0.0004,2,5.0,False,2,12.5,1.0,480.3,scenario_north_heavy,val,development,0.5
3580,1i,150.0,2,0.0,2,5.0,False,2,12.492,1.0,357.9,scenario_north_heavy,val,development,0.5
3585,1i,150.0,2,0.0,2,5.0,False,2,12.35,1.0,235.93,scenario_north_heavy,val,development,0.5
3590,1i,150.0,1,24.5044,0,0.0,False,1,24.5044,112.98,112.98,scenario_north_heavy,val,development,0.5
3595,1i,150.0,1,12.7301,0,0.0,False,3,22.5647,21.92,401.52,scenario_north_heavy,val,development,0.5
3600,1i,150.0,1,0.0,1,1.0,False,3,17.8454,1.0,267.37,scenario_north_heavy,val,development,0.5
0,2i,150.0,0,0.0,0,0.0,False,0,,,,scenario_north_heavy,val,development,0.5
5,2i,150.0,0,0.0,0,0.0,False,2,27.0433,373.25,376.43,scenario_north_heavy,val,development,0.5
10,2i,150.0,0,0.0,0,0.0,False,2,26.8255,239.16,242.01,scenario_north_heavy,val,development,0.5
15,2i,150.0,2,25.0958,0,0.0,False,2,25.0958,107.21,109.97,scenario_north_heavy,val,development,0.5
20,2i,150.0,3,14.259,0,0.0,False,2,12.1394,18.81,20.37,scenario_north_heavy,val,development,0.5
25,2i,150.0,3,4.9495,2,1.0,False,2,0.0,1.0,1.0,scenario_north_heavy,val,development,0.5
30,2i,150.0,3,0.2118,2,1.0,False,2,0.0,1.0,1.0,scenario_north_heavy,val,development,0.5
35,2i,150.0,3,0.0,3,1.0,False,3,6.48,1.0,474.59,scenario_north_heavy,val,development,0.5
40,2i,150.0,3,0.0,3,1.0,False,4,8.9991,1.0,401.55,scenario_north_heavy,val,development,0.5
45,2i,150.0,3,0.0,3,1.0,False,4,9.3297,1.0,313.06,scenario_north_heavy,val,development,0.5
50,2i,150.0,2,12.6348,1,1.0,False,3,12.4501,1.0,221.09,scenario_north_heavy,val,development,0.5
55,2i,150.0,4,11.6672,1,1.0,False,3,11.7069,1.0,127.31,scenario_north_heavy,val,development,0.5
60,2i,150.0,4,8.7473,1,1.0,False,3,11.4501,1.0,43.94,scenario_north_heavy,val,development,0.5
65,2i,150.0,2,0.0001,2,5.0,False,1,0.0,1.0,1.0,scenario_north_heavy,val,development,0.5
70,2i,150.0,2,0.0,2,5.0,False,3,18.101,1.0,483.3,scenario_north_heavy,val,development,0.5
75,2i,150.0,2,0.0,2,5.0,False,3,17.6222,1.0,351.24,scenario_north_heavy,val,development,0.5
80,2i,150.0,0,0.0,0,0.0,False,2,26.8832,159.59,215.57,scenario_north_heavy,val,development,0.5
85,2i,150.0,3,21.2369,0,0.0,False,2,20.5793,46.33,84.9,scenario_north_heavy,val,development,0.5
90,2i,150.0,3,7.2922,0,0.0,False,2,6.0848,1.15,10.06,scenario_north_heavy,val,development,0.5
95,2i,150.0,3,0.0,3,1.0,False,2,0.0,1.0,1.0,scenario_north_heavy,val,development,0.5
100,2i,150.0,3,0.0,3,1.0,False,2,0.0,1.0,1.0,scenario_north_heavy,val,development,0.5
105,2i,150.0,3,0.0,3,1.0,False,5,16.2843,1.0,456.39,scenario_north_heavy,val,development,0.5
110,2i,150.0,3,0.0,3,1.0,False,5,16.028,1.0,322.76,scenario_north_heavy,val,development,0.5
115,2i,150.0,4,6.1316,3,1.0,False,5,15.866,1.0,186.74,scenario_north_heavy,val,development,0.5
120,2i,150.0,6,8.3288,3,1.0,False,5,9.9945,1.0,65.91,scenario_north_heavy,val,development,0.5
125,2i,150.0,6,1.9972,3,1.0,False,5,2.3966,1.0,9.19,scenario_north_heavy,val,development,0.5
130,2i,150.0,6,0.003,6,5.01,False,5,0.0036,1.0,5.01,scenario_north_heavy,val,development,0.5
135,2i,150.0,6,0.0,6,5.0,False,6,4.6002,1.0,455.7,scenario_north_heavy,val,development,0.5
140,2i,150.0,2,0.0,2,5.0,False,4,13.8016,1.0,428.64,scenario_north_heavy,val,development,0.5
145,2i,150.0,2,0.0,2,5.0,False,4,13.6108,1.0,292.6,scenario_north_heavy,val,development,0.5
150,2i,150.0,3,6.345,2,5.0,False,4,11.4972,1.0,158.67,scenario_north_heavy,val,development,0.5
155,2i,150.0,4,9.6167,2,5.0,False,3,5.4533,1.0,49.31,scenario_north_heavy,val,development,0.5
160,2i,150.0,4,3.0543,2,5.0,False,3,0.7867,1.0,9.51,scenario_north_heavy,val,development,0.5
165,2i,150.0,3,0.0003,3,9.0,False,3,0.0003,1.0,9.0,scenario_north_heavy,val,development,0.5
170,2i,150.0,1,1.681,0,0.0,False,2,12.9466,7.32,408.03,scenario_north_heavy,val,development,0.5
175,2i,150.0,0,0.0,0,0.0,False,2,23.8809,286.96,408.28,scenario_north_heavy,val,development,0.5
180,2i,150.0,0,0.0,0,0.0,False,2,23.748,167.88,285.07,scenario_north_heavy,val,development,0.5
185,2i,150.0,2,22.913,0,0.0,False,2,20.9109,55.26,166.36,scenario_north_heavy,val,development,0.5
190,2i,150.0,3,12.6207,0,0.0,False,2,11.4309,2.87,56.58,scenario_north_heavy,val,development,0.5
195,2i,150.0,3,1.811,1,1.0,False,2,2.7163,1.0,3.91,scenario_north_heavy,val,development,0.5
200,2i,150.0,3,0.0054,3,1.01,False,2,0.0081,1.0,1.01,scenario_north_heavy,val,development,0.5
205,2i,150.0,3,0.0,3,1.0,False,2,0.0,1.0,1.0,scenario_north_heavy,val,development,0.5
210,2i,150.0,3,0.0,3,1.0,False,3,7.8364,1.0,384.63,scenario_north_heavy,val,development,0.5
215,2i,150.0,3,0.0,3,1.0,False,3,7.7591,1.0,264.74,scenario_north_heavy,val,development,0.5
220,2i,150.0,6,10.4088,3,1.0,False,3,8.0219,1.0,146.14,scenario_north_heavy,val,development,0.5
225,2i,150.0,6,7.0078,3,1.0,False,3,5.1867,1.0,43.94,scenario_north_heavy,val,development,0.5
230,2i,150.0,4,4.6645,1,1.0,False,1,2.2242,6.15,6.15,scenario_north_heavy,val,development,0.5
235,2i,150.0,2,0.0027,2,5.0,False,1,0.0054,5.0,5.0,scenario_north_heavy,val,development,0.5
240,2i,150.0,2,0.0,2,5.0,False,2,13.885,5.0,483.3,scenario_north_heavy,val,development,0.5
245,2i,150.0,2,0.0001,2,5.0,False,2,13.6835,5.0,350.56,scenario_north_heavy,val,development,0.5
250,2i,150.0,3,6.7559,2,5.0,False,2,13.5991,5.0,216.64,scenario_north_heavy,val,development,0.5
255,2i,150.0,5,10.472,2,5.0,False,2,10.6765,5.0,90.38,scenario_north_heavy,val,development,0.5
260,2i,150.0,3,5.8546,1,1.0,False,1,8.2812,20.98,20.98,scenario_north_heavy,val,development,0.5
265,2i,150.0,2,0.03,2,1.01,False,0,,,,scenario_north_heavy,val,development,0.5
270,2i,150.0,2,0.0,2,1.0,False,0,,,,scenario_north_heavy,val,development,0.5
275,2i,150.0,2,0.0,2,1.0,False,2,26.1863,455.37,455.86,scenario_north_heavy,val,development,0.5
280,2i,150.0,3,7.8617,2,1.0,False,2,25.9731,319.37,333.87,scenario_north_heavy,val,development,0.5
285,2i,150.0,3,5.0094,2,1.0,False,2,25.6673,185.59,213.45,scenario_north_heavy,val,development,0.5
290,2i,150.0,5,9.0827,2,1.0,False,2,21.2531,68.73,92.77,scenario_north_heavy,val,development,0.5
295,2i,150.0,5,3.3164,3,8.0,False,2,8.2876,10.36,14.14,scenario_north_heavy,val,development,0.5
300,2i,150.0,5,0.0009,5,8.0,False,2,0.0022,1.0,5.0,scenario_north_heavy,val,development,0.5
305,2i,150.0,5,0.0,5,8.0,False,2,0.0,1.0,5.0,scenario_north_heavy,val,development,0.5
310,2i,150.0,5,0.0,5,8.0,False,4,11.7373,1.0,432.15,scenario_north_heavy,val,development,0.5
315,2i,150.0,6,3.154,5,8.0,False,4,11.9344,1.0,313.71,scenario_north_heavy,val,development,0.5
320,2i,150.0,2,4.8712,1,1.0,False,3,15.6261,1.0,194.57,scenario_north_heavy,val,development,0.5
325,2i,150.0,3,14.51,1,1.0,False,3,14.51,1.0,78.19,scenario_north_heavy,val,development,0.5
330,2i,150.0,2,3.5699,1,1.0,False,2,3.5699,1.0,14.67,scenario_north_heavy,val,development,0.5
335,2i,150.0,2,0.0006,2,8.0,False,3,6.3571,1.0,415.62,scenario_north_heavy,val,development,0.5
340,2i,150.0,2,0.0,2,8.0,False,3,6.4779,1.0,319.28,scenario_north_heavy,val,development,0.5
345,2i,150.0,2,0.0,2,8.0,False,4,9.6731,1.0,415.56,scenario_north_heavy,val,development,0.5
350,2i,150.0,2,10.8231,0,0.0,False,3,13.592,1.79,319.98,scenario_north_heavy,val,development,0.5
355,2i,150.0,1,17.9878,0,0.0,False,2,18.4526,47.96,224.44,scenario_north_heavy,val,development,0.5
360,2i,150.0,3,13.4326,0,0.0,False,2,10.4483,1.33,130.57,scenario_north_heavy,val,development,0.5
365,2i,150.0,3,10.7867,1,1.0,False,3,13.7631,1.0,480.3,scenario_north_heavy,val,development,0.5
370,2i,150.0,3,1.4738,1,1.0,False,3,9.3164,1.0,361.08,scenario_north_heavy,val,development,0.5
375,2i,150.0,3,0.0,3,1.0,False,3,8.3076,1.0,240.33,scenario_north_heavy,val,development,0.5
380,2i,150.0,4,6.0057,3,1.0,False,3,8.0076,1.0,120.45,scenario_north_heavy,val,development,0.5
385,2i,150.0,4,2.9055,3,1.0,False,3,3.8739,1.0,34.82,scenario_north_heavy,val,development,0.5
390,2i,150.0,5,5.4579,3,1.0,False,3,0.0436,1.0,15.16,scenario_north_heavy,val,development,0.5
395,2i,150.0,6,4.9347,4,15.04,False,3,0.0001,1.0,15.04,scenario_north_heavy,val,development,0.5
400,2i,150.0,6,0.6895,4,15.04,False,3,0.0,1.0,15.04,scenario_north_heavy,val,development,0.5
405,2i,150.0,6,0.0002,6,15.04,False,3,0.0,1.0,15.04,scenario_north_heavy,val,development,0.5
410,2i,150.0,4,1.3281,2,15.04,False,1,3.4853,7.35,7.35,scenario_north_heavy,val,development,0.5
415,2i,150.0,2,0.0,2,15.04,False,1,26.7643,375.98,375.98,scenario_north_heavy,val,development,0.5
420,2i,150.0,3,5.4413,2,15.04,False,1,26.5589,242.29,242.29,scenario_north_heavy,val,development,0.5
425,2i,150.0,5,13.2643,2,15.04,False,1,23.4461,112.06,112.06,scenario_north_heavy,val,development,0.5
430,2i,150.0,4,6.0352,2,15.04,False,1,10.765,35.39,35.39,scenario_north_heavy,val,development,0.5
435,2i,150.0,3,0.0904,3,19.06,False,2,13.2139,19.06,404.72,scenario_north_heavy,val,development,0.5
440,2i,150.0,2,1.3046,1,18.58,False,2,13.8526,18.58,270.93,scenario_north_heavy,val,development,0.5
445,2i,150.0,3,9.8732,0,0.0,False,3,19.1016,6.55,483.3,scenario_north_heavy,val,development,0.5
450,2i,150.0,3,4.6986,2,5.0,False,3,13.5126,5.0,348.11,scenario_north_heavy,val,development,0.5
455,2i,150.0,3,0.5671,2,5.0,False,3,9.2808,1.0,214.64,scenario_north_heavy,val,development,0.5
460,2i,150.0,5,8.8402,3,5.0,False,3,7.1343,1.0,88.08,scenario_north_heavy,val,development,0.5
465,2i,150.0,5,3.4942,3,5.0,False,4,8.4182,1.0,480.3,scenario_north_heavy,val,development,0.5
470,2i,150.0,5,0.0181,5,9.04,False,4,6.247,1.0,357.59,scenario_north_heavy,val,development,0.5
475,2i,150.0,5,0.0,5,9.0,False,4,6.1066,1.0,236.49,scenario_north_heavy,val,development,0.5
480,2i,150.0,6,3.9017,5,9.0,False,6,11.6016,1.0,456.42,scenario_north_heavy,val,development,0.5
485,2i,150.0,6,1.8984,5,9.0,False,6,9.5286,1.0,361.86,scenario_north_heavy,val,development,0.5
490,2i,150.0,6,0.0554,5,9.0,False,6,7.6467,1.0,268.88,scenario_north_heavy,val,development,0.5
495,2i,150.0,7,2.6984,6,9.0,False,6,6.362,1.0,175.03,scenario_north_heavy,val,development,0.5
500,2i,150.0,5,4.9721,3,9.0,False,5,10.2326,1.81,430.41,scenario_north_heavy,val,development,0.5
505,2i,150.0,4,2.0375,3,9.0,False,4,8.6479,5.0,295.61,scenario_north_heavy,val,development,0.5
510,2i,150.0,4,0.1708,3,9.0,False,4,6.7326,5.0,162.77,scenario_north_heavy,val,development,0.5
515,2i,150.0,5,3.0218,4,13.0,False,6,9.6484,5.0,437.52,scenario_north_heavy,val,development,0.5
520,2i,150.0,4,0.0,4,13.0,False,5,8.8491,5.0,343.63,scenario_north_heavy,val,development,0.5
525,2i,150.0,4,0.0,4,13.0,False,5,8.6244,5.0,250.04,scenario_north_heavy,val,development,0.5
530,2i,150.0,3,6.3956,1,13.0,False,4,9.5731,7.78,156.05,scenario_north_heavy,val,development,0.5
535,2i,150.0,3,8.9331,0,0.0,False,4,13.4532,1.0,375.54,scenario_north_heavy,val,development,0.5
540,2i,150.0,3,1.9704,2,13.74,False,4,8.1461,1.0,243.24,scenario_north_heavy,val,development,0.5
545,2i,150.0,4,6.0257,3,13.71,False,4,6.0257,1.0,112.73,scenario_north_heavy,val,development,0.5
550,2i,150.0,4,3.3669,3,13.71,False,5,7.9414,1.0,403.73,scenario_north_heavy,val,development,0.5
555,2i,150.0,4,0.0,3,13.71,False,5,5.2834,1.0,270.59,scenario_north_heavy,val,development,0.5
560,2i,150.0,6,8.5412,4,13.71,False,5,5.1439,1.0,135.92,scenario_north_heavy,val,development,0.5
565,2i,150.0,6,4.3332,4,13.71,False,5,2.6731,1.0,41.19,scenario_north_heavy,val,development,0.5
570,2i,150.0,6,0.1532,4,13.71,False,5,0.1413,1.0,14.15,scenario_north_heavy,val,development,0.5
575,2i,150.0,6,0.0,6,20.71,False,5,0.0,1.0,13.71,scenario_north_heavy,val,development,0.5
580,2i,150.0,6,0.0,6,20.71,False,5,0.0,1.0,13.71,scenario_north_heavy,val,development,0.5
585,2i,150.0,7,2.1598,6,20.71,False,7,7.7552,1.0,375.39,scenario_north_heavy,val,development,0.5
590,2i,150.0,4,3.2013,3,20.71,False,4,13.2021,1.0,241.39,scenario_north_heavy,val,development,0.5
595,2i,150.0,5,10.0505,3,20.71,False,4,12.5631,1.0,111.4,scenario_north_heavy,val,development,0.5
600,2i,150.0,5,4.5761,3,20.71,False,4,5.7201,1.0,37.27,scenario_north_heavy,val,development,0.5
605,2i,150.0,4,0.0098,4,24.73,False,3,0.0131,1.0,24.73,scenario_north_heavy,val,development,0.5
610,2i,150.0,5,5.2742,4,24.71,False,3,0.0,1.0,24.71,scenario_north_heavy,val,development,0.5
615,2i,150.0,5,3.4501,4,24.71,False,5,10.554,1.0,483.3,scenario_north_heavy,val,development,0.5
620,2i,150.0,4,2.1119,1,24.71,False,4,13.6251,8.39,362.7,scenario_north_heavy,val,development,0.5
625,2i,150.0,2,2.8495,1,1.0,False,3,18.9071,6.79,243.16,scenario_north_heavy,val,development,0.5
630,2i,150.0,4,11.5265,2,1.01,False,4,18.4689,1.01,483.3,scenario_north_heavy,val,development,0.5
635,2i,150.0,4,5.5189,2,1.0,False,4,12.1457,1.0,349.05,scenario_north_heavy,val,development,0.5
640,2i,150.0,4,0.0057,3,5.0,False,4,6.5169,1.0,215.78,scenario_north_heavy,val,development,0.5
645,2i,150.0,5,4.5055,4,5.0,False,4,5.6319,1.0,88.42,scenario_north_heavy,val,development,0.5
650,2i,150.0,5,1.8371,4,5.0,False,5,7.2123,1.0,456.42,scenario_north_heavy,val,development,0.5
655,2i,150.0,5,0.0133,5,5.02,False,5,5.4728,1.0,324.66,scenario_north_heavy,val,development,0.5
660,2i,150.0,5,0.0,5,5.0,False,5,5.2617,1.0,190.84,scenario_north_heavy,val,development,0.5
665,2i,150.0,7,5.9782,5,5.0,False,6,7.8479,1.0,428.14,scenario_north_heavy,val,development,0.5
670,2i,150.0,7,2.3316,5,5.0,False,6,5.5515,1.0,295.02,scenario_north_heavy,val,development,0.5
675,2i,150.0,7,0.0354,7,9.01,False,6,4.5566,1.0,159.42,scenario_north_heavy,val,development,0.5
680,2i,150.0,4,4.0104,3,9.0,False,4,4.0104,1.0,51.21,scenario_north_heavy,val,development,0.5
685,2i,150.0,3,0.0,3,9.0,False,4,4.7143,1.0,434.99,scenario_north_heavy,val,development,0.5
690,2i,150.0,3,0.0,3,9.0,False,4,4.8324,1.0,339.31,scenario_north_heavy,val,development,0.5
695,2i,150.0,3,0.0,3,9.0,False,4,4.7151,1.0,244.55,scenario_north_heavy,val,development,0.5
700,2i,150.0,5,6.9649,3,9.0,False,4,4.7019,1.0,149.21,scenario_north_heavy,val,development,0.5
705,2i,150.0,5,4.1611,3,9.0,False,4,4.697,1.0,53.5,scenario_north_heavy,val,development,0.5
710,2i,150.0,3,1.7194,2,13.0,False,2,2.5788,2.25,8.1,scenario_north_heavy,val,development,0.5
715,2i,150.0,3,6.3565,1,1.0,False,1,0.0,1.0,1.0,scenario_north_heavy,val,development,0.5
720,2i,150.0,3,5.031,2,1.0,False,2,13.0439,1.0,403.92,scenario_north_heavy,val,development,0.5
725,2i,150.0,3,0.2294,2,1.0,False,2,13.7349,1.0,267.15,scenario_north_heavy,val,development,0.5
730,2i,150.0,5,10.4671,3,1.0,False,2,12.8244,1.0,133.61,scenario_north_heavy,val,development,0.5
735,2i,150.0,5,5.5309,3,1.0,False,2,6.5211,1.0,41.06,scenario_north_heavy,val,development,0.5
740,2i,150.0,5,0.4589,3,1.0,False,2,0.3187,1.0,15.24,scenario_north_heavy,val,development,0.5
745,2i,150.0,6,3.1105,5,15.04,False,2,0.0,1.0,15.04,scenario_north_heavy,val,development,0.5
750,2i,150.0,6,0.8297,5,15.04,False,2,0.0,1.0,15.04,scenario_north_heavy,val,development,0.5
755,2i,150.0,6,0.0002,6,15.04,False,2,0.0,1.0,15.04,scenario_north_heavy,val,development,0.5
760,2i,150.0,6,0.0,6,15.04,False,2,0.0,1.0,15.04,scenario_north_heavy,val,development,0.5
765,2i,150.0,7,3.7187,6,15.04,False,2,0.0,1.0,15.04,scenario_north_heavy,val,development,0.5
770,2i,150.0,5,6.5124,2,5.0,False,1,2.363,7.85,7.85,scenario_north_heavy,val,development,0.5
775,2i,150.0,3,1.455,2,5.0,False,0,,,,scenario_north_heavy,val,development,0.5
780,2i,150.0,4,4.878,3,9.0,False,0,,,,scenario_north_heavy,val,development,0.5
785,2i,150.0,3,0.0,3,9.0,False,0,,,,scenario_north_heavy,val,development,0.5
790,2i,150.0,3,0.0,3,9.0,False,1,24.0405,383.42,383.42,scenario_north_heavy,val,development,0.5
795,2i,150.0,3,0.0,3,9.0,False,1,24.5689,262.39,262.39,scenario_north_heavy,val,development,0.5
800,2i,150.0,4,12.9203,0,0.0,False,1,23.2784,143.84,143.84,scenario_north_heavy,val,development,0.5
805,2i,150.0,2,14.7283,0,0.0,False,1,16.0365,40.01,40.01,scenario_north_heavy,val,development,0.5
810,2i,150.0,3,9.2828,0,0.0,False,1,2.1696,1.0,1.0,scenario_north_heavy,val,development,0.5
815,2i,150.0,3,3.8929,2,1.0,False,1,0.0,1.0,1.0,scenario_north_heavy,val,development,0.5
820,2i,150.0,3,0.0,2,1.0,False,2,12.5,1.0,480.3,scenario_north_heavy,val,development,0.5
825,2i,150.0,3,0.0,3,1.0,False,2,12.0284,1.0,359.7,scenario_north_heavy,val,development,0.5
830,2i,150.0,3,0.0,3,1.0,False,3,14.3915,1.0,454.15,scenario_north_heavy,val,development,0.5
835,2i,150.0,5,9.2644,3,1.0,False,3,14.7399,1.0,358.78,scenario_north_heavy,val,development,0.5
840,2i,150.0,5,4.268,3,1.0,False,3,10.6836,1.0,263.01,scenario_north_heavy,val,development,0.5
845,2i,150.0,5,0.1242,4,8.0,False,3,5.9661,1.0,170.5,scenario_north_heavy,val,development,0.5
850,2i,150.0,6,2.1986,5,8.0,False,3,4.3972,1.0,95.93,scenario_north_heavy,val,development,0.5
855,2i,150.0,6,1.4553,5,8.0,False,5,12.4962,1.0,456.78,scenario_north_heavy,val,development,0.5
860,2i,150.0,3,2.7421,2,5.0,False,4,15.2681,5.0,323.56,scenario_north_heavy,val,development,0.5
865,2i,150.0,2,0.0,2,5.0,False,4,18.2783,5.0,417.01,scenario_north_heavy,val,development,0.5
870,2i,150.0,4,9.996,2,5.0,False,4,14.5876,5.0,323.63,scenario_north_heavy,val,development,0.5
875,2i,150.0,3,1.9095,2,5.0,False,3,8.2875,5.0,228.41,scenario_north_heavy,val,development,0.5
880,2i,150.0,4,4.6817,3,12.0,False,3,6.2422,5.0,133.05,scenario_north_heavy,val,development,0.5
885,2i,150.0,4,4.3088,3,12.0,False,3,5.745,5.0,46.74,scenario_north_heavy,val,development,0.5
890,2i,150.0,2,2.1238,0,0.0,False,4,13.9848,1.12,432.56,scenario_north_heavy,val,development,0.5
895,2i,150.0,1,0.0,1,1.0,False,4,19.0641,1.0,480.3,scenario_north_heavy,val,development,0.5
900,2i,150.0,1,0.0,1,1.0,False,4,18.8816,1.0,359.53,scenario_north_heavy,val,development,0.5
905,2i,150.0,3,12.7348,1,1.0,False,4,15.4751,1.0,238.34,scenario_north_heavy,val,development,0.5
910,2i,150.0,4,9.0116,1,1.0,False,4,9.0116,1.0,116.54,scenario_north_heavy,val,development,0.5
915,2i,150.0,4,2.7728,3,1.0,False,4,2.7728,1.0,33.71,scenario_north_heavy,val,development,0.5
920,2i,150.0,4,0.1178,3,1.0,False,4,0.1178,1.0,13.87,scenario_north_heavy,val,development,0.5
925,2i,150.0,4,0.0,4,13.71,False,4,0.0,1.0,13.71,scenario_north_heavy,val,development,0.5
930,2i,150.0,4,0.0,4,13.71,False,4,0.0,1.0,13.71,scenario_north_heavy,val,development,0.5
935,2i,150.0,6,8.9204,4,13.71,False,4,0.0,1.0,13.71,scenario_north_heavy,val,development,0.5
940,2i,150.0,6,4.7867,4,13.71,False,4,0.0,1.0,13.71,scenario_north_heavy,val,development,0.5
945,2i,150.0,7,2.5986,4,13.71,False,4,0.0,1.0,13.71,scenario_north_heavy,val,development,0.5
950,2i,150.0,3,2.3237,2,8.0,False,1,0.0,1.0,1.0,scenario_north_heavy,val,development,0.5
955,2i,150.0,2,0.0,2,8.0,False,1,0.0,1.0,1.0,scenario_north_heavy,val,development,0.5
960,2i,150.0,2,0.0,2,8.0,False,2,12.4149,1.0,382.13,scenario_north_heavy,val,development,0.5
965,2i,150.0,2,0.0,2,8.0,False,3,16.5891,1.0,378.46,scenario_north_heavy,val,development,0.5
970,2i,150.0,3,8.3005,2,8.0,False,3,15.8429,1.0,261.51,scenario_north_heavy,val,development,0.5
975,2i,150.0,4,7.5873,2,8.0,False,3,11.0846,1.0,163.35,scenario_north_heavy,val,development,0.5
980,2i,150.0,4,7.9474,0,0.0,False,2,9.0482,1.0,79.83,scenario_north_heavy,val,development,0.5
985,2i,150.0,3,6.4048,1,1.0,False,2,4.538,1.0,13.33,scenario_north_heavy,val,development,0.5
990,2i,150.0,3,0.0,3,1.0,False,4,13.1925,1.0,483.3,scenario_north_heavy,val,development,0.5
995,2i,150.0,3,0.0,3,1.0,False,5,15.6487,1.0,456.39,scenario_north_heavy,val,development,0.5
1000,2i,150.0,3,0.0,3,1.0,False,5,15.6073,1.0,320.71,scenario_north_heavy,val,development,0.5
1005,2i,150.0,5,9.204,3,1.0,False,5,14.6569,1.0,186.21,scenario_north_heavy,val,development,0.5
1010,2i,150.0,6,6.1325,3,1.0,False,5,7.359,1.0,70.53,scenario_north_heavy,val,development,0.5
1015,2i,150.0,6,1.2808,5,15.05,False,5,1.537,1.0,15.05,scenario_north_heavy,val,development,0.5
1020,2i,150.0,6,0.0054,6,15.04,False,5,0.0065,1.0,15.04,scenario_north_heavy,val,development,0.5
1025,2i,150.0,6,0.0,6,15.04,False,6,4.4685,1.0,456.49,scenario_north_heavy,val,development,0.5
1030,2i,150.0,6,0.0,6,15.04,False,6,4.4503,1.0,323.56,scenario_north_heavy,val,development,0.5
1035,2i,150.0,6,0.0,6,15.04,False,6,4.4751,1.0,188.02,scenario_north_heavy,val,development,0.5
1040,2i,150.0,3,6.969,2,15.04,False,2,10.4535,15.04,65.91,scenario_north_heavy,val,development,0.5
1045,2i,150.0,4,7.8458,2,15.04,False,1,0.0,15.04,15.04,scenario_north_heavy,val,development,0.5
1050,2i,150.0,4,5.8038,2,15.04,False,1,0.0,15.04,15.04,scenario_north_heavy,val,development,0.5
1055,2i,150.0,3,1.1127,2,15.04,False,1,0.0,15.04,15.04,scenario_north_heavy,val,development,0.5
1060,2i,150.0,3,0.0032,3,22.05,False,3,15.449,15.04,483.3,scenario_north_heavy,val,development,0.5
1065,2i,150.0,3,0.0,3,22.04,False,3,12.6937,15.04,374.26,scenario_north_heavy,val,development,0.5
1070,2i,150.0,2,0.9024,1,21.73,False,3,12.9909,12.94,279.95,scenario_north_heavy,val,development,0.5
1075,2i,150.0,3,7.3165,0,0.0,False,3,13.5034,1.41,185.8,scenario_north_heavy,val,development,0.5
1080,2i,150.0,5,6.7678,2,8.01,False,3,10.2405,1.0,98.89,scenario_north_heavy,val,development,0.5
1085,2i,150.0,5,3.8446,3,8.0,False,3,6.4077,1.0,32.04,scenario_north_heavy,val,development,0.5
1090,2i,150.0,5,0.0597,4,22.15,False,3,0.0995,1.0,22.15,scenario_north_heavy,val,development,0.5
1095,2i,150.0,5,0.0001,5,22.04,False,3,0.0001,1.0,22.04,scenario_north_heavy,val,development,0.5
1100,2i,150.0,5,0.0,5,22.04,False,3,0.0,1.0,22.04,scenario_north_heavy,val,development,0.5
1105,2i,150.0,5,0.0,5,22.04,False,3,0.0,1.0,22.04,scenario_north_heavy,val,development,0.5
1110,2i,150.0,8,6.3009,5,22.04,False,3,0.0,1.0,22.04,scenario_north_heavy,val,development,0.5
1115,2i,150.0,8,3.1054,5,22.04,False,3,0.0,1.0,22.04,scenario_north_heavy,val,development,0.5
1120,2i,150.0,8,0.7305,7,34.75,False,3,0.0,1.0,22.04,scenario_north_heavy,val,development,0.5
1125,2i,150.0,8,0.049,8,34.75,False,3,0.0,1.0,22.04,scenario_north_heavy,val,development,0.5
1130,2i,150.0,4,0.0,4,34.75,False,2,0.0,1.0,22.04,scenario_north_heavy,val,development,0.5
1135,2i,150.0,4,0.0,4,34.75,False,2,0.0,1.0,22.04,scenario_north_heavy,val,development,0.5
1140,2i,150.0,5,4.9149,4,34.75,False,2,0.0,1.0,22.04,scenario_north_heavy,val,development,0.5
1145,2i,150.0,7,6.4996,4,34.75,False,2,0.0,1.0,22.04,scenario_north_heavy,val,development,0.5
1150,2i,150.0,6,2.3181,4,34.75,False,2,0.0,1.0,22.04,scenario_north_heavy,val,development,0.5
1155,2i,150.0,5,0.0,5,41.76,False,2,0.0,1.0,22.04,scenario_north_heavy,val,development,0.5
1160,2i,150.0,4,0.7043,3,41.76,False,2,14.2692,21.27,483.3,scenario_north_heavy,val,development,0.5
1165,2i,150.0,3,3.8562,0,0.0,False,4,18.8314,4.76,400.58,scenario_north_heavy,val,development,0.5
1170,2i,150.0,3,0.2141,2,13.74,False,4,17.9053,1.0,306.89,scenario_north_heavy,val,development,0.5
1175,2i,150.0,5,8.7223,3,20.71,False,4,15.5304,1.0,213.72,scenario_north_heavy,val,development,0.5
1180,2i,150.0,6,6.5063,3,20.71,False,4,9.7595,1.0,121.09,scenario_north_heavy,val,development,0.5
1185,2i,150.0,6,2.5353,5,27.75,False,4,3.8029,1.0,37.17,scenario_north_heavy,val,development,0.5
1190,2i,150.0,6,0.2055,5,27.71,False,4,0.3082,1.0,27.71,scenario_north_heavy,val,development,0.5
1195,2i,150.0,6,0.0,6,27.71,False,4,0.0,1.0,27.71,scenario_north_heavy,val,development,0.5
1200,2i,150.0,6,0.0,6,27.71,False,4,0.0,1.0,27.71,scenario_north_heavy,val,development,0.5
1205,2i,150.0,6,0.0,6,27.71,False,4,0.0,1.0,27.71,scenario_north_heavy,val,development,0.5
1210,2i,150.0,7,3.3415,6,27.71,False,4,0.0,1.0,27.71,scenario_north_heavy,val,development,0.5
1215,2i,150.0,9,4.2199,6,27.71,False,4,0.0,1.0,27.71,scenario_north_heavy,val,development,0.5
1220,2i,150.0,7,3.3367,5,31.72,False,2,0.0,1.0,27.71,scenario_north_heavy,val,development,0.5
1225,2i,150.0,6,1.4149,5,31.72,False,2,0.0,1.0,27.71,scenario_north_heavy,val,development,0.5
1230,2i,150.0,5,0.0,5,31.72,False,5,12.2959,1.0,457.04,scenario_north_heavy,val,development,0.5
1235,2i,150.0,5,0.0,5,31.72,False,5,11.7691,1.0,358.01,scenario_north_heavy,val,development,0.5
1240,2i,150.0,5,0.0,5,31.72,False,5,11.5927,1.0,262.23,scenario_north_heavy,val,development,0.5
1245,2i,150.0,6,2.7633,5,31.72,False,5,10.204,1.0,174.81,scenario_north_heavy,val,development,0.5
1250,2i,150.0,7,7.2821,2,31.72,False,4,11.5333,27.71,108.16,scenario_north_heavy,val,development,0.5
1255,2i,150.0,5,5.7631,0,0.0,False,4,5.3814,1.0,62.95,scenario_north_heavy,val,development,0.5
1260,2i,150.0,5,1.2107,4,5.18,False,4,1.353,1.0,29.33,scenario_north_heavy,val,development,0.5
1265,2i,150.0,5,0.3171,4,5.0,False,4,0.3963,1.0,13.42,scenario_north_heavy,val,development,0.5
1270,2i,150.0,5,0.0003,5,12.0,False,4,0.0004,1.0,12.0,scenario_north_heavy,val,development,0.5
1275,2i,150.0,6,2.9289,5,12.0,False,4,0.0,1.0,12.0,scenario_north_heavy,val,development,0.5
1280,2i,150.0,6,0.9414,5,12.0,False,4,0.0,1.0,12.0,scenario_north_heavy,val,development,0.5
1285,2i,150.0,8,3.4218,6,13.72,False,4,0.0,1.0,12.0,scenario_north_heavy,val,development,0.5
1290,2i,150.0,8,1.5566,6,13.71,False,4,0.0,1.0,12.0,scenario_north_heavy,val,development,0.5
1295,2i,150.0,8,0.0568,7,26.1,False,5,4.9349,1.0,406.28,scenario_north_heavy,val,development,0.5
1300,2i,150.0,8,0.0,8,26.04,False,6,7.8694,1.0,408.13,scenario_north_heavy,val,development,0.5
1305,2i,150.0,8,0.0,8,26.04,False,6,8.0392,1.0,289.38,scenario_north_heavy,val,development,0.5
1310,2i,150.0,6,6.3425,4,26.04,False,4,9.7772,1.0,168.29,scenario_north_heavy,val,development,0.5
1315,2i,150.0,6,4.9532,4,26.04,False,3,6.4923,1.0,55.0,scenario_north_heavy,val,development,0.5
1320,2i,150.0,5,0.1368,4,26.04,False,2,0.0,1.0,12.0,scenario_north_heavy,val,development,0.5
1325,2i,150.0,5,0.0,5,38.76,False,2,0.0,1.0,12.0,scenario_north_heavy,val,development,0.5
1330,2i,150.0,5,0.0,5,38.76,False,2,0.0,1.0,12.0,scenario_north_heavy,val,development,0.5
1335,2i,150.0,5,0.0,5,38.76,False,3,9.0792,1.0,375.86,scenario_north_heavy,val,development,0.5
1340,2i,150.0,4,5.8098,3,38.76,False,2,13.8877,11.07,240.65,scenario_north_heavy,val,development,0.5
1345,2i,150.0,6,11.3914,0,0.0,False,2,12.3552,1.0,112.13,scenario_north_heavy,val,development,0.5
1350,2i,150.0,6,4.5935,3,27.75,False,2,6.3921,1.0,26.41,scenario_north_heavy,val,development,0.5
1355,2i,150.0,6,0.2462,4,27.75,False,2,0.3858,1.0,1.22,scenario_north_heavy,val,development,0.5
1360,2i,150.0,6,0.0012,6,31.75,False,2,0.0,1.0,1.0,scenario_north_heavy,val,development,0.5
1365,2i,150.0,6,0.0,6,31.75,False,2,0.0,1.0,1.0,scenario_north_heavy,val,development,0.5
1370,2i,150.0,6,0.0,6,31.75,False,2,0.0,1.0,1.0,scenario_north_heavy,val,development,0.5
1375,2i,150.0,7,2.4276,6,31.75,False,2,0.0,1.0,1.0,scenario_north_heavy,val,development,0.5
1380,2i,150.0,9,5.4232,6,31.75,False,2,0.0,1.0,1.0,scenario_north_heavy,val,development,0.5
1385,2i,150.0,9,1.6992,7,31.75,False,2,0.0,1.0,1.0,scenario_north_heavy,val,development,0.5
1390,2i,150.0,9,0.0063,9,38.76,False,2,0.0,1.0,1.0,scenario_north_heavy,val,development,0.5
1395,2i,150.0,9,0.0,9,38.76,False,3,8.9913,1.0,376.49,scenario_north_heavy,val,development,0.5
1400,2i,150.0,5,0.0,5,38.76,False,3,17.003,1.0,457.01,scenario_north_heavy,val,development,0.5
1405,2i,150.0,6,3.5539,5,38.76,False,3,15.202,1.0,337.53,scenario_north_heavy,val,development,0.5
1410,2i,150.0,6,3.1592,5,38.76,False,3,14.573,1.0,214.78,scenario_north_heavy,val,development,0.5
1415,2i,150.0,6,3.1378,5,38.76,False,2,9.4134,1.0,103.57,scenario_north_heavy,val,development,0.5
1420,2i,150.0,7,2.9731,5,38.76,False,2,3.0385,1.0,46.88,scenario_north_heavy,val,development,0.5
1425,2i,150.0,7,1.4946,6,42.76,False,2,0.0011,1.0,42.76,scenario_north_heavy,val,development,0.5
1430,2i,150.0,6,0.3891,5,42.76,False,1,0.0,42.76,42.76,scenario_north_heavy,val,development,0.5
1435,2i,150.0,5,2.8414,1,1.0,False,2,14.5382,39.9,428.63,scenario_north_heavy,val,development,0.5
1440,2i,150.0,6,4.7708,2,1.0,False,2,16.046,19.7,293.94,scenario_north_heavy,val,development,0.5
1445,2i,150.0,6,1.9725,5,16.02,False,2,13.4105,16.02,158.36,scenario_north_heavy,val,development,0.5
1450,2i,150.0,8,3.8598,6,16.0,False,2,7.6834,16.0,53.53,scenario_north_heavy,val,development,0.5
1455,2i,150.0,8,0.489,6,16.0,False,2,1.2002,16.0,16.04,scenario_north_heavy,val,development,0.5
1460,2i,150.0,8,0.0004,8,23.01,False,2,0.0,15.04,16.0,scenario_north_heavy,val,development,0.5
1465,2i,150.0,8,0.0,8,23.01,False,2,0.0,15.04,16.0,scenario_north_heavy,val,development,0.5
1470,2i,150.0,9,2.8767,8,23.01,False,3,9.2393,15.04,401.27,scenario_north_heavy,val,development,0.5
1475,2i,150.0,9,1.6951,8,23.01,False,3,9.208,15.04,265.73,scenario_north_heavy,val,development,0.5
1480,2i,150.0,11,4.7538,8,23.01,False,3,8.5726,15.04,132.1,scenario_north_heavy,val,development,0.5
1485,2i,150.0,11,2.2458,9,23.01,False,3,4.2916,15.04,43.19,scenario_north_heavy,val,development,0.5
1490,2i,150.0,8,0.7768,5,23.01,False,3,1.8125,7.77,16.0,scenario_north_heavy,val,development,0.5
1495,2i,150.0,6,0.0001,6,27.01,False,1,0.0,16.0,16.0,scenario_north_heavy,val,development,0.5
1500,2i,150.0,6,0.0,6,27.01,False,1,0.0,16.0,16.0,scenario_north_heavy,val,development,0.5
1505,2i,150.0,7,2.8617,6,27.01,False,1,0.0,16.0,16.0,scenario_north_heavy,val,development,0.5
1510,2i,150.0,7,2.3816,6,27.01,False,1,0.0,16.0,16.0,scenario_north_heavy,val,development,0.5
1515,2i,150.0,6,0.0,6,27.01,False,1,0.0,16.0,16.0,scenario_north_heavy,val,development,0.5
1520,2i,150.0,6,6.1366,3,27.01,False,1,0.0,16.0,16.0,scenario_north_heavy,val,development,0.5
1525,2i,150.0,5,3.2599,0,0.0,False,1,1.9042,1.08,1.08,scenario_north_heavy,val,development,0.5
1530,2i,150.0,5,0.347,3,8.01,False,1,0.0003,1.0,1.0,scenario_north_heavy,val,development,0.5
1535,2i,150.0,5,0.0014,5,16.01,False,1,0.0,1.0,1.0,scenario_north_heavy,val,development,0.5
1540,2i,150.0,6,2.9762,5,16.0,False,2,13.5479,1.0,373.87,scenario_north_heavy,val,development,0.5
1545,2i,150.0,6,1.2191,5,16.0,False,2,13.1305,1.0,241.9,scenario_north_heavy,val,development,0.5
1550,2i,150.0,8,6.1592,6,16.0,False,2,12.3819,1.0,107.91,scenario_north_heavy,val,development,0.5
1555,2i,150.0,8,3.0271,6,16.0,False,2,5.5193,1.0,25.55,scenario_north_heavy,val,development,0.5
1560,2i,150.0,8,0.0156,7,16.0,False,2,0.0418,1.0,8.01,scenario_north_heavy,val,development,0.5
1565,2i,150.0,8,0.0,8,23.01,False,2,0.0,1.0,8.0,scenario_north_heavy,val,development,0.5
1570,2i,150.0,8,0.0,8,23.01,False,2,0.0,1.0,8.0,scenario_north_heavy,val,development,0.5
1575,2i,150.0,9,1.7296,8,23.01,False,2,0.0,1.0,8.0,scenario_north_heavy,val,development,0.5
1580,2i,150.0,5,0.0,5,23.01,False,1,0.0,1.0,1.0,scenario_north_heavy,val,development,0.5
1585,2i,150.0,6,4.0017,5,23.01,False,1,0.0,1.0,1.0,scenario_north_heavy,val,development,0.5
1590,2i,150.0,7,4.2983,5,23.01,False,2,12.5,1.0,480.3,scenario_north_heavy,val,development,0.5
1595,2i,150.0,6,1.3769,5,23.01,False,2,11.7897,1.0,360.37,scenario_north_heavy,val,development,0.5
1600,2i,150.0,6,0.167,5,23.01,False,2,11.8165,1.0,239.76,scenario_north_heavy,val,development,0.5
1605,2i,150.0,7,3.1893,6,30.01,False,3,15.344,1.0,456.59,scenario_north_heavy,val,development,0.5
1610,2i,150.0,6,3.3386,4,30.01,False,2,19.2116,39.52,336.33,scenario_north_heavy,val,development,0.5
1615,2i,150.0,4,3.2356,0,0.0,False,2,12.9609,1.8,215.26,scenario_north_heavy,val,development,0.5
1620,2i,150.0,5,3.9747,3,8.0,False,2,9.917,1.0,99.18,scenario_north_heavy,val,development,0.5
1625,2i,150.0,6,3.8279,4,15.0,False,2,3.6452,1.0,34.73,scenario_north_heavy,val,development,0.5
1630,2i,150.0,6,1.628,5,27.72,False,2,0.0073,1.0,27.72,scenario_north_heavy,val,development,0.5
1635,2i,150.0,6,0.0,6,27.71,False,2,0.0,1.0,27.71,scenario_north_heavy,val,development,0.5
1640,2i,150.0,6,0.0,6,27.71,False,4,11.0069,1.0,435.05,scenario_north_heavy,val,development,0.5
1645,2i,150.0,7,1.7584,6,27.71,False,4,10.9388,1.0,339.41,scenario_north_heavy,val,development,0.5
1650,2i,150.0,7,1.1155,6,27.71,False,4,10.7527,1.0,243.02,scenario_north_heavy,val,development,0.5
1655,2i,150.0,8,2.6876,6,27.71,False,4,8.5025,1.0,154.81,scenario_north_heavy,val,development,0.5
1660,2i,150.0,9,1.7734,7,27.71,False,5,8.7009,1.0,376.22,scenario_north_heavy,val,development,0.5
1665,2i,150.0,9,0.8144,8,34.72,False,5,6.7237,1.0,242.57,scenario_north_heavy,val,development,0.5
1670,2i,150.0,8,4.0307,5,34.72,False,4,7.2564,9.3,115.34,scenario_north_heavy,val,development,0.5
1675,2i,150.0,6,2.6983,5,34.72,False,4,10.131,27.71,407.59,scenario_north_heavy,val,development,0.5
1680,2i,150.0,5,0.0,5,34.72,False,3,7.9411,27.71,286.18,scenario_north_heavy,val,development,0.5
1685,2i,150.0,6,4.3416,5,34.72,False,3,7.8706,27.71,167.6,scenario_north_heavy,val,development,0.5
1690,2i,150.0,7,4.2519,5,34.72,False,3,4.6596,27.71,70.56,scenario_north_heavy,val,development,0.5
1695,2i,150.0,6,0.1098,5,34.72,False,3,0.2196,27.71,41.72,scenario_north_heavy,val,development,0.5
1700,2i,150.0,4,0.5461,3,41.72,False,3,0.0,27.71,41.72,scenario_north_heavy,val,development,0.5
1705,2i,150.0,4,8.7155,0,0.0,False,3,5.2224,6.93,35.41,scenario_north_heavy,val,development,0.5
1710,2i,150.0,4,3.5226,2,8.17,False,4,6.2622,1.0,384.61,scenario_north_heavy,val,development,0.5
1715,2i,150.0,4,0.0036,4,15.01,False,4,6.0841,1.0,263.98,scenario_north_heavy,val,development,0.5
1720,2i,150.0,6,8.2506,4,15.0,False,4,6.1587,1.0,142.71,scenario_north_heavy,val,development,0.5
1725,2i,150.0,6,4.3362,4,15.0,False,4,3.4075,1.0,51.26,scenario_north_heavy,val,development,0.5
1730,2i,150.0,6,0.1459,5,15.0,False,4,0.2188,1.0,22.2,scenario_north_heavy,val,development,0.5
1735,2i,150.0,7,3.6027,6,22.0,False,4,0.0,1.0,22.0,scenario_north_heavy,val,development,0.5
1740,2i,150.0,7,2.0195,6,22.0,False,6,9.2567,1.0,483.3,scenario_north_heavy,val,development,0.5
1745,2i,150.0,7,0.3483,6,22.0,False,6,9.1765,1.0,348.91,scenario_north_heavy,val,development,0.5
1750,2i,150.0,7,0.0004,7,22.0,False,6,8.9742,1.0,214.21,scenario_north_heavy,val,development,0.5
1755,2i,150.0,9,4.6067,7,22.0,False,7,9.4944,1.0,480.3,scenario_north_heavy,val,development,0.5
1760,2i,150.0,6,3.1306,4,22.0,False,7,6.0135,1.0,360.32,scenario_north_heavy,val,development,0.5
1765,2i,150.0,5,0.0026,5,29.01,False,6,4.01,1.0,238.8,scenario_north_heavy,val,development,0.5
1770,2i,150.0,6,3.9124,5,29.01,False,6,3.9124,1.0,120.0,scenario_north_heavy,val,development,0.5
1775,2i,150.0,6,2.3436,5,29.01,False,6,2.3436,1.0,35.46,scenario_north_heavy,val,development,0.5
1780,2i,150.0,5,0.0,5,29.01,False,5,0.0,1.0,29.01,scenario_north_heavy,val,development,0.5
1785,2i,150.0,5,0.0,5,29.01,False,5,0.0,1.0,29.01,scenario_north_heavy,val,development,0.5
1790,2i,150.0,6,7.4513,2,29.01,False,5,6.8449,0.04,428.88,scenario_north_heavy,val,development,0.5
1795,2i,150.0,4,5.3206,0,0.0,False,3,11.8734,2.21,294.52,scenario_north_heavy,val,development,0.5
1800,2i,150.0,4,0.1206,3,8.01,False,3,8.7921,1.0,159.11,scenario_north_heavy,val,development,0.5
1805,2i,150.0,5,3.1582,4,12.0,False,3,5.2635,1.0,52.96,scenario_north_heavy,val,development,0.5
1810,2i,150.0,5,0.862,4,12.0,False,5,9.6367,1.0,436.24,scenario_north_heavy,val,development,0.5
1815,2i,150.0,5,0.0,5,12.0,False,5,8.5176,1.0,343.07,scenario_north_heavy,val,development,0.5
1820,2i,150.0,5,0.0,5,12.0,False,5,8.6626,1.0,248.82,scenario_north_heavy,val,development,0.5
1825,2i,150.0,6,3.4185,5,12.0,False,6,10.6472,1.0,383.52,scenario_north_heavy,val,development,0.5
1830,2i,150.0,7,2.9492,5,12.0,False,6,7.5742,1.0,263.08,scenario_north_heavy,val,development,0.5
1835,2i,150.0,8,3.898,6,12.0,False,6,5.1973,1.0,142.55,scenario_north_heavy,val,development,0.5
1840,2i,150.0,8,2.0239,6,12.0,False,6,2.6985,1.0,49.53,scenario_north_heavy,val,development,0.5
1845,2i,150.0,8,0.4446,7,16.0,False,7,3.2802,1.0,415.02,scenario_north_heavy,val,development,0.5
1850,2i,150.0,4,0.0,4,16.0,False,4,4.765,1.0,319.52,scenario_north_heavy,val,development,0.5
1855,2i,150.0,4,0.0,4,16.0,False,4,4.8141,1.0,223.66,scenario_north_heavy,val,development,0.5
1860,2i,150.0,6,5.5691,4,16.0,False,4,4.3904,1.0,130.1,scenario_north_heavy,val,development,0.5
1865,2i,150.0,6,2.5921,4,16.0,False,4,3.3508,1.0,54.49,scenario_north_heavy,val,development,0.5
1870,2i,150.0,7,3.6632,5,28.72,False,4,2.2258,0.98,16.0,scenario_north_heavy,val,development,0.5
1875,2i,150.0,6,1.4669,5,28.72,False,3,0.0,1.0,16.0,scenario_north_heavy,val,development,0.5
1880,2i,150.0,5,1.2039,3,28.72,False,3,7.9697,1.72,415.81,scenario_north_heavy,val,development,0.5
1885,2i,150.0,3,2.6566,1,1.0,False,2,11.0717,1.59,319.76,scenario_north_heavy,val,development,0.5
1890,2i,150.0,3,0.001,3,13.71,False,2,9.6439,1.0,224.01,scenario_north_heavy,val,development,0.5
1895,2i,150.0,5,6.3843,3,13.71,False,2,7.9119,1.0,136.31,scenario_north_heavy,val,development,0.5
1900,2i,150.0,5,4.0016,3,13.71,False,2,8.6335,1.0,52.6,scenario_north_heavy,val,development,0.5
1905,2i,150.0,6,3.1004,4,20.71,False,2,2.0497,1.0,2.1,scenario_north_heavy,val,development,0.5
1910,2i,150.0,6,0.7889,5,20.71,False,2,0.0,1.0,1.0,scenario_north_heavy,val,development,0.5
1915,2i,150.0,6,0.0,6,20.71,False,3,8.823,1.0,376.38,scenario_north_heavy,val,development,0.5
1920,2i,150.0,6,0.0,6,20.71,False,3,8.9097,1.0,242.48,scenario_north_heavy,val,development,0.5
1925,2i,150.0,8,5.8525,6,20.71,False,4,11.77,1.0,383.81,scenario_north_heavy,val,development,0.5
1930,2i,150.0,8,2.4135,6,20.71,False,4,8.2906,1.0,263.22,scenario_north_heavy,val,development,0.5
1935,2i,150.0,9,2.7638,8,27.72,False,4,6.1298,1.0,143.92,scenario_north_heavy,val,development,0.5
1940,2i,150.0,6,3.5769,4,27.71,False,3,5.9164,1.0,48.3,scenario_north_heavy,val,development,0.5
1945,2i,150.0,4,0.0,4,27.71,False,4,11.8025,1.0,483.3,scenario_north_heavy,val,development,0.5
1950,2i,150.0,4,0.0,4,27.71,False,4,11.5891,1.0,377.7,scenario_north_heavy,val,development,0.5
1955,2i,150.0,4,0.0,4,27.71,False,5,13.1082,1.0,455.33,scenario_north_heavy,val,development,0.5
1960,2i,150.0,5,4.8557,4,27.71,False,5,11.9587,1.0,360.86,scenario_north_heavy,val,development,0.5
1965,2i,150.0,6,3.8521,4,27.71,False,5,8.4973,0.0,266.32,scenario_north_heavy,val,development,0.5
1970,2i,150.0,4,2.9538,2,27.71,False,3,9.0197,27.71,172.35,scenario_north_heavy,val,development,0.5
1975,2i,150.0,4,6.5211,0,0.0,False,3,8.2056,12.52,88.13,scenario_north_heavy,val,development,0.5
1980,2i,150.0,4,3.3594,2,8.01,False,3,4.4785,8.01,15.37,scenario_north_heavy,val,development,0.5
1985,2i,150.0,4,0.0051,4,12.01,False,3,0.0068,1.0,12.01,scenario_north_heavy,val,development,0.5
1990,2i,150.0,4,0.0,4,12.0,False,3,0.0,1.0,12.0,scenario_north_heavy,val,development,0.5
1995,2i,150.0,6,7.0644,4,12.0,False,3,0.0,1.0,12.0,scenario_north_heavy,val,development,0.5
2000,2i,150.0,7,6.236,4,12.0,False,3,0.0,1.0,12.0,scenario_north_heavy,val,development,0.5
2005,2i,150.0,7,1.9538,6,26.04,False,3,0.0,1.0,12.0,scenario_north_heavy,val,development,0.5
2010,2i,150.0,7,0.3585,6,26.04,False,3,0.0,1.0,12.0,scenario_north_heavy,val,development,0.5
2015,2i,150.0,7,0.0,7,26.04,False,4,5.9009,1.0,433.24,scenario_north_heavy,val,development,0.5
2020,2i,150.0,7,0.0,7,26.04,False,4,6.1226,1.0,310.78,scenario_north_heavy,val,development,0.5
2025,2i,150.0,7,0.0,7,26.04,False,4,6.1866,1.0,189.46,scenario_north_heavy,val,development,0.5
2030,2i,150.0,6,5.7866,4,26.04,False,3,5.8144,8.0,80.27,scenario_north_heavy,val,development,0.5
2035,2i,150.0,6,3.7559,4,26.04,False,3,1.1477,8.0,35.05,scenario_north_heavy,val,development,0.5
2040,2i,150.0,6,2.5866,5,33.05,False,3,0.0001,8.0,33.05,scenario_north_heavy,val,development,0.5
2045,2i,150.0,5,0.0,5,33.05,False,3,0.0,8.0,33.05,scenario_north_heavy,val,development,0.5
2050,2i,150.0,5,0.0,5,33.05,False,5,10.7759,8.0,402.71,scenario_north_heavy,val,development,0.5
2055,2i,150.0,5,0.0,5,33.05,False,6,13.1131,8.0,429.99,scenario_north_heavy,val,development,0.5
2060,2i,150.0,6,9.3363,2,33.05,False,6,13.8149,2.87,294.76,scenario_north_heavy,val,development,0.5
2065,2i,150.0,5,6.1737,0,0.0,False,5,11.2127,1.0,159.81,scenario_north_heavy,val,development,0.5
2070,2i,150.0,6,3.5492,3,22.06,False,5,4.2558,1.0,59.24,scenario_north_heavy,val,development,0.5
2075,2i,150.0,6,1.0264,5,29.05,False,5,1.2316,1.0,29.05,scenario_north_heavy,val,development,0.5
2080,2i,150.0,6,0.0,6,29.04,False,5,0.0,1.0,29.04,scenario_north_heavy,val,development,0.5
2085,2i,150.0,6,0.0,6,29.04,False,5,0.0,1.0,29.04,scenario_north_heavy,val,development,0.5
2090,2i,150.0,6,0.0,6,29.04,False,5,0.0,1.0,29.04,scenario_north_heavy,val,development,0.5
2095,2i,150.0,8,5.8698,6,29.04,False,5,0.0,1.0,29.04,scenario_north_heavy,val,development,0.5
2100,2i,150.0,9,4.847,6,29.04,False,5,0.0,1.0,29.04,scenario_north_heavy,val,development,0.5
2105,2i,150.0,9,1.8078,8,33.05,False,5,0.0,1.0,29.04,scenario_north_heavy,val,development,0.5
2110,2i,150.0,9,0.4181,8,33.05,False,5,0.0,1.0,29.04,scenario_north_heavy,val,development,0.5
2115,2i,150.0,9,0.0,9,33.05,False,6,4.6283,1.0,483.3,scenario_north_heavy,val,development,0.5
2120,2i,150.0,5,0.0,5,33.05,False,4,6.8841,1.0,349.84,scenario_north_heavy,val,development,0.5
2125,2i,150.0,5,0.0,5,33.05,False,4,6.7176,1.0,216.46,scenario_north_heavy,val,development,0.5
2130,2i,150.0,7,6.1737,5,33.05,False,4,4.7587,1.0,97.74,scenario_north_heavy,val,development,0.5
2135,2i,150.0,8,4.5153,5,33.05,False,4,1.4905,1.0,41.84,scenario_north_heavy,val,development,0.5
2140,2i,150.0,7,2.3195,6,37.05,False,4,0.0004,1.0,37.05,scenario_north_heavy,val,development,0.5
2145,2i,150.0,6,0.0,6,37.05,False,4,0.0,1.0,37.05,scenario_north_heavy,val,development,0.5
2150,2i,150.0,5,0.3234,4,37.05,False,3,0.1084,21.72,37.05,scenario_north_heavy,val,development,0.5
2155,2i,150.0,5,2.3119,1,35.22,False,3,2.3273,10.54,35.22,scenario_north_heavy,val,development,0.5
2160,2i,150.0,5,0.3774,3,15.01,False,3,0.4577,8.0,25.11,scenario_north_heavy,val,development,0.5
2165,2i,150.0,8,8.3405,5,23.01,False,3,0.0008,8.0,23.01,scenario_north_heavy,val,development,0.5
2170,2i,150.0,8,3.7348,5,23.01,False,3,0.0,8.0,23.01,scenario_north_heavy,val,development,0.5
2175,2i,150.0,8,0.4,7,27.01,False,3,0.0,8.0,23.01,scenario_north_heavy,val,development,0.5
2180,2i,150.0,8,0.0001,8,27.01,False,3,0.0,8.0,23.01,scenario_north_heavy,val,development,0.5
2185,2i,150.0,8,0.0,8,27.01,False,6,11.7762,8.0,473.26,scenario_north_heavy,val,development,0.5
2190,2i,150.0,8,0.0,8,27.01,False,6,11.5881,8.0,377.33,scenario_north_heavy,val,development,0.5
2195,2i,150.0,8,0.0,8,27.01,False,6,11.7922,8.0,280.86,scenario_north_heavy,val,development,0.5
2200,2i,150.0,10,3.3716,8,27.01,False,6,8.6186,8.0,187.21,scenario_north_heavy,val,development,0.5
2205,2i,150.0,11,2.03,8,27.01,False,6,3.7216,8.0,109.99,scenario_north_heavy,val,development,0.5
2210,2i,150.0,8,1.5481,7,31.01,False,5,2.477,8.0,47.99,scenario_north_heavy,val,development,0.5
2215,2i,150.0,7,0.0,7,31.01,False,4,0.0,8.0,31.01,scenario_north_heavy,val,development,0.5
2220,2i,150.0,7,0.0,7,31.01,False,6,9.0872,8.0,429.8,scenario_north_heavy,val,development,0.5
2225,2i,150.0,7,0.0,7,31.01,False,6,8.9033,8.0,296.63,scenario_north_heavy,val,development,0.5
2230,2i,150.0,9,5.7385,7,31.01,False,6,9.0536,8.0,161.95,scenario_north_heavy,val,development,0.5
2235,2i,150.0,10,4.384,7,31.01,False,6,5.4652,8.0,63.31,scenario_north_heavy,val,development,0.5
2240,2i,150.0,9,1.3918,5,38.02,False,6,2.0843,1.0,31.01,scenario_north_heavy,val,development,0.5
2245,2i,150.0,7,2.0313,3,37.88,False,4,1.8932,1.0,29.05,scenario_north_heavy,val,development,0.5
2250,2i,150.0,7,0.6305,5,9.17,False,4,0.1625,1.0,13.91,scenario_north_heavy,val,development,0.5
2255,2i,150.0,7,0.0157,7,20.03,False,5,5.3483,1.0,375.91,scenario_north_heavy,val,development,0.5
2260,2i,150.0,7,0.0,7,20.01,False,5,5.3285,1.0,241.78,scenario_north_heavy,val,development,0.5
2265,2i,150.0,9,5.5222,7,20.01,False,5,4.7116,1.0,111.67,scenario_north_heavy,val,development,0.5
2270,2i,150.0,10,4.4497,7,20.01,False,5,2.6161,1.0,30.37,scenario_north_heavy,val,development,0.5
2275,2i,150.0,10,0.5002,7,20.01,False,5,0.1067,1.0,13.0,scenario_north_heavy,val,development,0.5
2280,2i,150.0,10,0.0036,10,24.01,False,5,0.0005,1.0,13.0,scenario_north_heavy,val,development,0.5
2285,2i,150.0,10,0.0,10,24.01,False,6,4.1667,1.0,480.3,scenario_north_heavy,val,development,0.5
2290,2i,150.0,10,0.0,10,24.01,False,7,6.9104,1.0,385.25,scenario_north_heavy,val,development,0.5
2295,2i,150.0,10,0.0,10,24.01,False,7,6.7604,1.0,267.52,scenario_north_heavy,val,development,0.5
2300,2i,150.0,9,7.7954,6,24.01,False,4,12.0319,5.0,148.58,scenario_north_heavy,val,development,0.5
2305,2i,150.0,9,4.4743,6,24.01,False,4,7.96,5.0,53.89,scenario_north_heavy,val,development,0.5
2310,2i,150.0,7,0.0121,7,31.05,False,2,0.0,5.0,13.0,scenario_north_heavy,val,development,0.5
2315,2i,150.0,7,0.0,7,31.01,False,2,0.0,5.0,13.0,scenario_north_heavy,val,development,0.5
2320,2i,150.0,7,0.0,7,31.01,False,3,8.1817,5.0,431.42,scenario_north_heavy,val,development,0.5
2325,2i,150.0,7,0.0,7,31.01,False,3,7.862,5.0,312.79,scenario_north_heavy,val,development,0.5
2330,2i,150.0,5,0.3498,4,31.01,False,2,12.07,13.0,190.99,scenario_north_heavy,val,development,0.5
2335,2i,150.0,5,10.6165,0,0.0,False,1,17.6127,81.48,81.48,scenario_north_heavy,val,development,0.5
2340,2i,150.0,6,6.5478,2,5.03,False,1,9.9095,12.87,12.87,scenario_north_heavy,val,development,0.5
2345,2i,150.0,6,2.0727,4,12.0,False,1,0.0,1.0,1.0,scenario_north_heavy,val,development,0.5
2350,2i,150.0,6,0.0003,6,16.0,False,1,0.0,1.0,1.0,scenario_north_heavy,val,development,0.5
2355,2i,150.0,6,0.0,6,16.0,False,1,0.0,1.0,1.0,scenario_north_heavy,val,development,0.5
2360,2i,150.0,6,0.0,6,16.0,False,1,0.0,1.0,1.0,scenario_north_heavy,val,development,0.5
2365,2i,150.0,7,3.3738,6,16.0,False,1,0.0,1.0,1.0,scenario_north_heavy,val,development,0.5
2370,2i,150.0,9,5.7922,6,16.0,False,1,0.0,1.0,1.0,scenario_north_heavy,val,development,0.5
2375,2i,150.0,9,1.4613,6,16.0,False,1,0.0,1.0,1.0,scenario_north_heavy,val,development,0.5
2380,2i,150.0,9,0.0106,9,23.01,False,1,0.0,1.0,1.0,scenario_north_heavy,val,development,0.5
2385,2i,150.0,9,0.0,9,23.01,False,2,9.2096,1.0,456.17,scenario_north_heavy,val,development,0.5
2390,2i,150.0,6,0.434,5,23.01,False,1,18.23,362.63,362.63,scenario_north_heavy,val,development,0.5
2395,2i,150.0,5,0.0,5,23.01,False,1,18.9655,268.74,268.74,scenario_north_heavy,val,development,0.5
2400,2i,150.0,5,0.0,5,23.01,False,1,18.3588,173.82,173.82,scenario_north_heavy,val,development,0.5
2405,2i,150.0,8,7.0657,5,23.01,False,1,19.0474,81.1,81.1,scenario_north_heavy,val,development,0.5
2410,2i,150.0,7,3.0758,5,23.01,False,0,,,,scenario_north_heavy,val,development,0.5
2415,2i,150.0,6,0.0005,6,27.01,False,0,,,,scenario_north_heavy,val,development,0.5
2420,2i,150.0,5,0.9074,3,27.01,False,0,,,,scenario_north_heavy,val,development,0.5
2425,2i,150.0,3,3.3168,0,0.0,False,2,23.2807,402.58,417.09,scenario_north_heavy,val,development,0.5
2430,2i,150.0,4,6.6195,3,12.03,False,2,22.8367,267.84,323.74,scenario_north_heavy,val,development,0.5
2435,2i,150.0,5,8.1965,3,12.0,False,2,22.5116,132.71,230.96,scenario_north_heavy,val,development,0.5
2440,2i,150.0,6,5.9018,3,12.0,False,2,16.8697,34.04,135.52,scenario_north_heavy,val,development,0.5
2445,2i,150.0,6,2.2498,4,12.0,False,2,6.7495,1.7,61.36,scenario_north_heavy,val,development,0.5
2450,2i,150.0,6,0.7524,5,12.0,False,2,2.2572,1.0,23.93,scenario_north_heavy,val,development,0.5
2455,2i,150.0,6,0.0008,6,19.01,False,2,0.0023,1.0,19.01,scenario_north_heavy,val,development,0.5
2460,2i,150.0,6,0.0,6,19.0,False,2,0.0,1.0,19.0,scenario_north_heavy,val,development,0.5
2465,2i,150.0,7,2.7997,6,19.0,False,2,0.0,1.0,19.0,scenario_north_heavy,val,development,0.5
2470,2i,150.0,9,6.3967,6,19.0,False,2,0.0,1.0,19.0,scenario_north_heavy,val,development,0.5
2475,2i,150.0,9,2.2286,7,19.0,False,2,0.0,1.0,19.0,scenario_north_heavy,val,development,0.5
2480,2i,150.0,5,0.013,5,31.73,False,1,0.0,19.0,19.0,scenario_north_heavy,val,development,0.5
2485,2i,150.0,5,0.0,5,31.72,False,1,0.0,19.0,19.0,scenario_north_heavy,val,development,0.5
2490,2i,150.0,5,0.0,5,31.72,False,1,0.0,19.0,19.0,scenario_north_heavy,val,development,0.5
2495,2i,150.0,5,0.0,5,31.72,False,1,0.0,19.0,19.0,scenario_north_heavy,val,development,0.5
2500,2i,150.0,5,0.0,5,31.72,False,1,0.0,19.0,19.0,scenario_north_heavy,val,development,0.5
2505,2i,150.0,7,5.3868,5,31.72,False,1,0.0,19.0,19.0,scenario_north_heavy,val,development,0.5
2510,2i,150.0,7,5.9478,2,31.72,False,1,0.0,19.0,19.0,scenario_north_heavy,val,development,0.5
2515,2i,150.0,5,5.2593,1,1.0,False,1,3.5287,1.53,1.53,scenario_north_heavy,val,development,0.5
2520,2i,150.0,5,0.049,5,17.79,False,2,13.2852,1.0,375.7,scenario_north_heavy,val,development,0.5
2525,2i,150.0,5,0.0002,5,17.71,False,3,17.1965,1.0,456.1,scenario_north_heavy,val,development,0.5
2530,2i,150.0,6,3.8992,5,17.71,False,3,15.9444,1.0,334.09,scenario_north_heavy,val,development,0.5
2535,2i,150.0,6,1.9051,5,17.71,False,3,12.0635,1.0,212.26,scenario_north_heavy,val,development,0.5
2540,2i,150.0,8,4.7758,6,17.71,False,3,6.7684,1.0,96.69,scenario_north_heavy,val,development,0.5
2545,2i,150.0,8,1.5638,6,17.71,False,3,2.463,1.0,31.75,scenario_north_heavy,val,development,0.5
2550,2i,150.0,8,0.0084,8,24.71,False,4,6.9345,1.0,455.56,scenario_north_heavy,val,development,0.5
2555,2i,150.0,8,0.0,8,24.71,False,4,6.9409,1.0,319.74,scenario_north_heavy,val,development,0.5
2560,2i,150.0,8,0.0,8,24.71,False,5,10.7628,1.0,428.44,scenario_north_heavy,val,development,0.5
2565,2i,150.0,9,1.8811,8,24.71,False,5,8.6621,1.0,295.72,scenario_north_heavy,val,development,0.5
2570,2i,150.0,5,1.9433,4,24.71,False,4,8.9669,1.0,162.03,scenario_north_heavy,val,development,0.5
2575,2i,150.0,6,6.1436,4,24.71,False,3,4.8014,1.0,62.01,scenario_north_heavy,val,development,0.5
2580,2i,150.0,5,0.1196,4,24.71,False,3,0.1994,1.0,31.72,scenario_north_heavy,val,development,0.5
2585,2i,150.0,5,0.0,5,31.72,False,3,0.0,1.0,31.72,scenario_north_heavy,val,development,0.5
2590,2i,150.0,5,0.0,5,31.72,False,3,0.0,1.0,31.72,scenario_north_heavy,val,development,0.5
2595,2i,150.0,6,4.2042,5,31.72,False,4,4.8471,1.0,415.66,scenario_north_heavy,val,development,0.5
2600,2i,150.0,5,4.4393,3,31.72,False,3,6.3779,24.71,319.46,scenario_north_heavy,val,development,0.5
2605,2i,150.0,3,5.2934,0,0.0,False,3,10.526,3.67,223.89,scenario_north_heavy,val,development,0.5
2610,2i,150.0,5,6.8354,3,8.05,False,3,5.2311,1.0,139.25,scenario_north_heavy,val,development,0.5
2615,2i,150.0,5,3.2326,3,8.0,False,4,9.5944,1.0,483.3,scenario_north_heavy,val,development,0.5
2620,2i,150.0,5,1.3117,4,8.0,False,4,8.1857,1.0,351.27,scenario_north_heavy,val,development,0.5
2625,2i,150.0,5,0.4335,4,8.0,False,4,7.3767,1.0,217.71,scenario_north_heavy,val,development,0.5
2630,2i,150.0,6,3.4892,5,12.0,False,4,5.2338,1.0,94.19,scenario_north_heavy,val,development,0.5
2635,2i,150.0,6,1.7694,5,12.0,False,4,2.6542,1.0,20.47,scenario_north_heavy,val,development,0.5
2640,2i,150.0,6,0.0268,6,12.0,False,4,0.0403,1.0,12.0,scenario_north_heavy,val,development,0.5
2645,2i,150.0,8,3.9058,6,12.0,False,4,0.0,1.0,12.0,scenario_north_heavy,val,development,0.5
2650,2i,150.0,8,1.6375,6,12.0,False,4,0.0,1.0,12.0,scenario_north_heavy,val,development,0.5
2655,2i,150.0,8,0.8271,7,26.05,False,4,0.0,1.0,12.0,scenario_north_heavy,val,development,0.5
2660,2i,150.0,5,1.3574,4,26.04,False,3,0.0,1.0,12.0,scenario_north_heavy,val,development,0.5
2665,2i,150.0,4,0.0,4,26.04,False,3,0.0,1.0,12.0,scenario_north_heavy,val,development,0.5
2670,2i,150.0,5,3.4159,4,26.04,False,3,0.0,1.0,12.0,scenario_north_heavy,val,development,0.5
2675,2i,150.0,7,9.323,4,26.04,False,3,0.0,1.0,12.0,scenario_north_heavy,val,development,0.5
2680,2i,150.0,6,4.8346,4,26.04,False,3,0.0,1.0,12.0,scenario_north_heavy,val,development,0.5
2685,2i,150.0,5,0.1359,4,26.04,False,4,5.8745,1.0,409.65,scenario_north_heavy,val,development,0.5
2690,2i,150.0,4,1.4038,2,33.05,False,3,9.659,1.61,291.0,scenario_north_heavy,val,development,0.5
2695,2i,150.0,2,4.5712,0,0.0,False,2,26.3148,170.07,483.3,scenario_north_heavy,val,development,0.5
2700,2i,150.0,3,6.2232,1,1.05,False,2,22.4549,61.39,348.31,scenario_north_heavy,val,development,0.5
2705,2i,150.0,3,2.0602,2,8.0,False,2,16.6781,4.36,214.78,scenario_north_heavy,val,development,0.5
2710,2i,150.0,4,5.5794,3,8.0,False,2,11.1588,1.0,85.83,scenario_north_heavy,val,development,0.5
2715,2i,150.0,5,5.2186,3,8.0,False,3,12.4602,1.0,483.3,scenario_north_heavy,val,development,0.5
2720,2i,150.0,5,1.8279,4,8.0,False,3,8.9839,1.0,349.57,scenario_north_heavy,val,development,0.5
2725,2i,150.0,5,0.4579,4,8.0,False,3,8.7715,1.0,217.06,scenario_north_heavy,val,development,0.5
2730,2i,150.0,6,3.4316,5,15.0,False,4,9.6981,1.0,456.39,scenario_north_heavy,val,development,0.5
2735,2i,150.0,6,1.7047,5,15.0,False,4,7.3278,1.0,361.55,scenario_north_heavy,val,development,0.5
2740,2i,150.0,6,0.0123,6,15.0,False,4,4.5824,1.0,268.74,scenario_north_heavy,val,development,0.5
2745,2i,150.0,7,2.7141,6,15.0,False,4,4.6159,1.0,175.96,scenario_north_heavy,val,development,0.5
2750,2i,150.0,5,4.8368,3,15.0,False,1,14.2689,91.39,91.39,scenario_north_heavy,val,development,0.5
2755,2i,150.0,4,1.7349,3,15.0,False,1,6.9394,41.72,41.72,scenario_north_heavy,val,development,0.5
2760,2i,150.0,4,0.1151,3,15.0,False,1,0.4604,27.75,27.75,scenario_north_heavy,val,development,0.5
2765,2i,150.0,5,3.3667,4,27.71,False,2,13.793,27.71,429.42,scenario_north_heavy,val,development,0.5
2770,2i,150.0,5,2.8184,4,27.71,False,2,13.5086,27.71,293.37,scenario_north_heavy,val,development,0.5
2775,2i,150.0,4,0.0,4,27.71,False,2,12.8428,27.71,161.57,scenario_north_heavy,val,development,0.5
2780,2i,150.0,5,7.4204,1,27.71,False,2,6.6863,27.71,67.35,scenario_north_heavy,val,development,0.5
2785,2i,150.0,3,4.6653,0,0.0,False,3,10.1814,9.0,396.37,scenario_north_heavy,val,development,0.5
2790,2i,150.0,3,0.0965,2,1.0,False,3,6.5753,1.0,300.51,scenario_north_heavy,val,development,0.5
2795,2i,150.0,3,0.0,3,13.71,False,3,6.2747,1.0,205.19,scenario_north_heavy,val,development,0.5
2800,2i,150.0,4,4.0519,3,13.71,False,4,9.933,1.0,407.05,scenario_north_heavy,val,development,0.5
2805,2i,150.0,4,4.0095,3,13.71,False,4,9.9989,1.0,286.33,scenario_north_heavy,val,development,0.5
2810,2i,150.0,5,5.5764,3,13.71,False,4,6.5757,1.0,164.13,scenario_north_heavy,val,development,0.5
2815,2i,150.0,6,4.933,4,13.71,False,4,4.2188,1.0,57.49,scenario_north_heavy,val,development,0.5
2820,2i,150.0,6,0.7264,4,13.71,False,4,1.077,1.0,13.71,scenario_north_heavy,val,development,0.5
2825,2i,150.0,6,0.0042,6,17.71,False,4,0.0063,1.0,13.71,scenario_north_heavy,val,development,0.5
2830,2i,150.0,7,3.0577,6,17.71,False,4,0.0,1.0,13.71,scenario_north_heavy,val,development,0.5
2835,2i,150.0,7,1.2672,6,17.71,False,5,3.6456,1.0,399.96,scenario_north_heavy,val,development,0.5
2840,2i,150.0,4,0.7165,3,17.71,False,3,6.3571,1.0,304.29,scenario_north_heavy,val,development,0.5
2845,2i,150.0,4,6.7805,3,17.71,False,3,6.4632,1.0,209.73,scenario_north_heavy,val,development,0.5
2850,2i,150.0,5,6.3255,3,17.71,False,4,9.0875,1.0,415.62,scenario_north_heavy,val,development,0.5
2855,2i,150.0,4,2.4886,3,17.71,False,4,7.2356,1.0,320.55,scenario_north_heavy,val,development,0.5
2860,2i,150.0,4,0.6136,3,17.71,False,4,5.337,1.0,224.76,scenario_north_heavy,val,development,0.5
2865,2i,150.0,5,3.2731,4,21.72,False,6,10.1343,1.0,480.3,scenario_north_heavy,val,development,0.5
2870,2i,150.0,4,4.9732,2,21.71,False,5,12.5009,10.92,381.19,scenario_north_heavy,val,development,0.5
2875,2i,150.0,3,3.0316,0,0.0,False,4,13.0909,2.7,286.16,scenario_north_heavy,val,development,0.5
2880,2i,150.0,4,6.013,3,4.76,False,5,13.6096,1.0,480.3,scenario_north_heavy,val,development,0.5
2885,2i,150.0,5,5.8396,3,4.76,False,5,10.8075,1.0,360.55,scenario_north_heavy,val,development,0.5
2890,2i,150.0,5,2.1092,3,4.76,False,5,6.7615,1.0,240.1,scenario_north_heavy,val,development,0.5
2895,2i,150.0,6,4.2068,4,4.76,False,5,5.0482,1.0,121.09,scenario_north_heavy,val,development,0.5
2900,2i,150.0,6,2.0228,5,17.47,False,6,6.5037,1.0,456.41,scenario_north_heavy,val,development,0.5
2905,2i,150.0,6,0.0983,5,17.47,False,6,4.6078,1.0,322.74,scenario_north_heavy,val,development,0.5
2910,2i,150.0,6,0.0006,6,17.47,False,6,4.4609,1.0,186.71,scenario_north_heavy,val,development,0.5
2915,2i,150.0,7,2.5696,6,17.47,False,6,2.9979,1.0,71.17,scenario_north_heavy,val,development,0.5
2920,2i,150.0,8,2.3628,6,17.47,False,6,1.161,1.0,17.47,scenario_north_heavy,val,development,0.5
2925,2i,150.0,8,0.9396,7,17.47,False,6,0.0083,1.0,17.47,scenario_north_heavy,val,development,0.5
2930,2i,150.0,6,4.0519,3,17.47,False,3,0.9792,4.76,17.47,scenario_north_heavy,val,development,0.5
2935,2i,150.0,5,2.1285,4,30.18,False,4,10.8147,4.76,436.09,scenario_north_heavy,val,development,0.5
2940,2i,150.0,4,0.0,4,30.18,False,4,10.7415,4.76,342.03,scenario_north_heavy,val,development,0.5
2945,2i,150.0,4,0.0,4,30.18,False,4,11.0122,4.76,247.95,scenario_north_heavy,val,development,0.5
2950,2i,150.0,5,3.3005,4,30.18,False,4,8.7026,4.76,154.55,scenario_north_heavy,val,development,0.5
2955,2i,150.0,6,3.6081,4,30.18,False,4,5.4122,4.76,61.28,scenario_north_heavy,val,development,0.5
2960,2i,150.0,6,5.0335,2,44.22,False,4,2.4335,0.54,44.22,scenario_north_heavy,val,development,0.5
2965,2i,150.0,5,4.4086,1,1.0,False,3,1.0476,1.0,38.0,scenario_north_heavy,val,development,0.5
2970,2i,150.0,5,0.199,3,13.71,False,3,0.0149,1.0,27.78,scenario_north_heavy,val,development,0.5
2975,2i,150.0,5,0.0,5,27.75,False,3,0.0001,1.0,27.75,scenario_north_heavy,val,development,0.5
2980,2i,150.0,6,4.5227,5,27.75,False,3,0.0,1.0,27.75,scenario_north_heavy,val,development,0.5
2985,2i,150.0,7,3.9407,5,27.75,False,3,0.0,1.0,27.75,scenario_north_heavy,val,development,0.5
2990,2i,150.0,7,0.2082,5,27.75,False,3,0.0,1.0,27.75,scenario_north_heavy,val,development,0.5
2995,2i,150.0,7,0.0015,7,34.76,False,3,0.0,1.0,27.75,scenario_north_heavy,val,development,0.5
3000,2i,150.0,8,1.6677,7,34.75,False,3,0.0,1.0,27.75,scenario_north_heavy,val,development,0.5
3005,2i,150.0,8,1.1052,7,34.75,False,5,10.4802,1.0,407.38,scenario_north_heavy,val,development,0.5
3010,2i,150.0,8,0.5583,7,34.75,False,5,10.007,1.0,286.73,scenario_north_heavy,val,development,0.5
3015,2i,150.0,9,2.8816,8,34.75,False,6,11.438,1.0,437.93,scenario_north_heavy,val,development,0.5
3020,2i,150.0,7,4.6441,4,34.75,False,5,8.9572,1.0,343.55,scenario_north_heavy,val,development,0.5
3025,2i,150.0,5,0.224,4,34.75,False,4,4.8547,1.0,250.17,scenario_north_heavy,val,development,0.5
3030,2i,150.0,5,0.0001,5,41.76,False,4,4.6791,1.0,156.35,scenario_north_heavy,val,development,0.5
3035,2i,150.0,6,3.0483,5,41.76,False,4,4.5724,1.0,70.6,scenario_north_heavy,val,development,0.5
3040,2i,150.0,5,0.0,5,41.76,False,4,6.2322,1.0,383.05,scenario_north_heavy,val,development,0.5
3045,2i,150.0,5,0.0,5,41.76,False,4,6.1471,1.0,261.67,scenario_north_heavy,val,development,0.5
3050,2i,150.0,6,7.783,3,41.76,False,3,8.101,27.03,141.73,scenario_north_heavy,val,development,0.5
3055,2i,150.0,5,7.1757,0,0.0,False,3,8.0095,11.42,37.27,scenario_north_heavy,val,development,0.5
3060,2i,150.0,6,5.0887,2,8.29,False,3,1.0613,1.0,16.88,scenario_north_heavy,val,development,0.5
3065,2i,150.0,6,2.496,5,22.14,False,3,0.0008,1.0,15.0,scenario_north_heavy,val,development,0.5
3070,2i,150.0,6,0.0,5,22.0,False,5,10.554,1.0,483.3,scenario_north_heavy,val,development,0.5
3075,2i,150.0,6,0.0,6,22.0,False,5,10.2337,1.0,361.75,scenario_north_heavy,val,development,0.5
3080,2i,150.0,6,0.0,6,22.0,False,6,12.8799,1.0,457.13,scenario_north_heavy,val,development,0.5
3085,2i,150.0,8,5.4282,6,22.0,False,6,11.5778,1.0,322.76,scenario_north_heavy,val,development,0.5
3090,2i,150.0,8,2.3613,6,22.0,False,6,7.5455,1.0,188.18,scenario_north_heavy,val,development,0.5
3095,2i,150.0,9,1.9994,7,26.01,False,6,2.9991,1.0,75.31,scenario_north_heavy,val,development,0.5
3100,2i,150.0,9,0.8351,8,26.01,False,6,1.2526,1.0,26.01,scenario_north_heavy,val,development,0.5
3105,2i,150.0,9,0.0098,9,26.01,False,7,2.731,1.0,454.23,scenario_north_heavy,val,development,0.5
3110,2i,150.0,5,0.0,5,26.01,False,4,4.7619,1.0,357.83,scenario_north_heavy,val,development,0.5
3115,2i,150.0,5,0.0,5,26.01,False,5,8.8197,1.0,406.4,scenario_north_heavy,val,development,0.5
3120,2i,150.0,6,3.5103,5,26.01,False,5,8.4951,1.0,286.39,scenario_north_heavy,val,development,0.5
3125,2i,150.0,7,3.1329,5,26.01,False,5,7.7441,1.0,165.54,scenario_north_heavy,val,development,0.5
3130,2i,150.0,8,3.0608,6,30.01,False,5,4.8953,1.0,67.17,scenario_north_heavy,val,development,0.5
3135,2i,150.0,8,0.8806,6,30.01,False,5,1.409,1.0,26.01,scenario_north_heavy,val,development,0.5
3140,2i,150.0,7,1.0572,5,30.01,False,5,4.2642,1.0,436.82,scenario_north_heavy,val,development,0.5
3145,2i,150.0,5,2.439,2,1.0,False,4,5.892,1.0,344.0,scenario_north_heavy,val,development,0.5
3150,2i,150.0,5,0.1403,4,5.03,False,4,4.5746,1.0,250.85,scenario_north_heavy,val,development,0.5
3155,2i,150.0,6,3.2396,5,9.0,False,4,4.6706,1.0,155.95,scenario_north_heavy,val,development,0.5
3160,2i,150.0,8,5.0559,5,9.0,False,4,3.4768,1.0,72.76,scenario_north_heavy,val,development,0.5
3165,2i,150.0,8,1.9777,6,16.0,False,4,1.6018,1.0,25.72,scenario_north_heavy,val,development,0.5
3170,2i,150.0,8,0.0146,8,16.0,False,4,0.0078,1.0,15.06,scenario_north_heavy,val,development,0.5
3175,2i,150.0,8,0.0,8,16.0,False,5,3.7432,1.0,418.66,scenario_north_heavy,val,development,0.5
3180,2i,150.0,8,0.0,8,16.0,False,5,3.6947,1.0,323.78,scenario_north_heavy,val,development,0.5
3185,2i,150.0,9,2.9011,8,16.0,False,5,3.6533,1.0,231.48,scenario_north_heavy,val,development,0.5
3190,2i,150.0,10,3.0379,8,16.0,False,5,3.6247,1.0,138.24,scenario_north_heavy,val,development,0.5
3195,2i,150.0,11,2.3831,8,16.0,False,5,2.2667,1.0,66.78,scenario_north_heavy,val,development,0.5
3200,2i,150.0,8,2.2688,5,23.01,False,3,3.153,5.0,30.68,scenario_north_heavy,val,development,0.5
3205,2i,150.0,6,0.948,5,23.01,False,2,2.8439,0.3,5.0,scenario_north_heavy,val,development,0.5
3210,2i,150.0,5,0.0,5,23.01,False,1,0.0,5.0,5.0,scenario_north_heavy,val,development,0.5
3215,2i,150.0,5,0.0,5,23.01,False,1,0.0,5.0,5.0,scenario_north_heavy,val,development,0.5
3220,2i,150.0,7,7.0188,5,23.01,False,1,0.0,5.0,5.0,scenario_north_heavy,val,development,0.5
3225,2i,150.0,8,5.3716,5,23.01,False,1,0.0,5.0,5.0,scenario_north_heavy,val,development,0.5
3230,2i,150.0,7,2.475,5,27.01,False,1,2.4789,1.04,1.04,scenario_north_heavy,val,development,0.5
3235,2i,150.0,5,2.2231,1,1.0,False,0,,,,scenario_north_heavy,val,development,0.5
3240,2i,150.0,5,0.1768,4,8.01,False,0,,,,scenario_north_heavy,val,development,0.5
3245,2i,150.0,5,0.0,5,12.0,False,0,,,,scenario_north_heavy,val,development,0.5
3250,2i,150.0,5,0.0,5,12.0,False,0,,,,scenario_north_heavy,val,development,0.5
3255,2i,150.0,7,6.0596,5,12.0,False,0,,,,scenario_north_heavy,val,development,0.5
3260,2i,150.0,7,2.3834,5,12.0,False,0,,,,scenario_north_heavy,val,development,0.5
3265,2i,150.0,8,2.0031,7,16.01,False,0,,,,scenario_north_heavy,val,development,0.5
3270,2i,150.0,8,1.0819,7,16.0,False,0,,,,scenario_north_heavy,val,development,0.5
3275,2i,150.0,8,0.1936,7,16.0,False,0,,,,scenario_north_heavy,val,development,0.5
3280,2i,150.0,8,0.0,8,16.0,False,0,,,,scenario_north_heavy,val,development,0.5
3285,2i,150.0,8,0.0,8,16.0,False,0,,,,scenario_north_heavy,val,development,0.5
3290,2i,150.0,6,7.0176,4,16.0,False,0,,,,scenario_north_heavy,val,development,0.5
3295,2i,150.0,7,4.5125,4,16.0,False,0,,,,scenario_north_heavy,val,development,0.5
3300,2i,150.0,5,0.0001,5,20.01,False,0,,,,scenario_north_heavy,val,development,0.5
3305,2i,150.0,5,0.0,5,20.01,False,0,,,,scenario_north_heavy,val,development,0.5
3310,2i,150.0,5,0.0,5,20.01,False,1,26.9604,429.22,429.22,scenario_north_heavy,val,development,0.5
3315,2i,150.0,5,0.0,5,20.01,False,1,27.0526,296.23,296.23,scenario_north_heavy,val,development,0.5
3320,2i,150.0,4,1.3249,2,20.01,False,1,27.4561,160.84,160.84,scenario_north_heavy,val,development,0.5
3325,2i,150.0,5,11.9586,0,0.0,False,1,15.5705,59.06,59.06,scenario_north_heavy,val,development,0.5
3330,2i,150.0,5,3.7421,2,5.01,False,1,3.9288,14.42,14.42,scenario_north_heavy,val,development,0.5
3335,2i,150.0,5,0.0006,5,12.0,False,1,0.003,12.0,12.0,scenario_north_heavy,val,development,0.5
3340,2i,150.0,5,0.0,5,12.0,False,1,0.0,12.0,12.0,scenario_north_heavy,val,development,0.5
3345,2i,150.0,5,0.0,5,12.0,False,2,9.6837,12.0,418.54,scenario_north_heavy,val,development,0.5
3350,2i,150.0,5,0.0,5,12.0,False,2,9.6807,12.0,323.42,scenario_north_heavy,val,development,0.5
3355,2i,150.0,6,4.4418,5,12.0,False,2,9.3239,12.0,230.08,scenario_north_heavy,val,development,0.5
3360,2i,150.0,8,6.3613,5,12.0,False,2,9.478,12.0,135.65,scenario_north_heavy,val,development,0.5
3365,2i,150.0,8,2.6691,5,12.0,False,2,6.4171,12.0,56.48,scenario_north_heavy,val,development,0.5
3370,2i,150.0,8,0.6997,7,16.0,False,2,2.7978,12.0,13.5,scenario_north_heavy,val,development,0.5
3375,2i,150.0,8,0.0121,8,16.0,False,2,0.0485,5.05,12.0,scenario_north_heavy,val,development,0.5
3380,2i,150.0,4,0.0,4,16.0,False,3,12.2895,12.0,418.34,scenario_north_heavy,val,development,0.5
3385,2i,150.0,4,0.0,4,16.0,False,3,12.1947,12.0,331.48,scenario_north_heavy,val,development,0.5
3390,2i,150.0,4,0.0,4,16.0,False,3,12.3622,12.0,240.84,scenario_north_heavy,val,development,0.5
3395,2i,150.0,7,7.6283,4,16.0,False,3,12.4052,12.0,147.97,scenario_north_heavy,val,development,0.5
3400,2i,150.0,7,4.9327,4,16.0,False,3,10.7811,12.0,64.22,scenario_north_heavy,val,development,0.5
3405,2i,150.0,6,1.0202,5,20.01,False,2,3.0605,5.61,12.0,scenario_north_heavy,val,development,0.5
3410,2i,150.0,4,0.2643,3,20.01,False,2,0.5285,1.0,10.95,scenario_north_heavy,val,development,0.5
3415,2i,150.0,3,2.0636,1,1.0,False,2,13.1097,1.0,376.92,scenario_north_heavy,val,development,0.5
3420,2i,150.0,3,0.0182,3,5.01,False,2,13.6156,1.0,243.66,scenario_north_heavy,val,development,0.5
3425,2i,150.0,6,12.1743,3,5.0,False,2,12.2703,1.0,113.24,scenario_north_heavy,val,development,0.5
3430,2i,150.0,6,6.8619,3,5.0,False,2,5.6723,1.0,29.73,scenario_north_heavy,val,development,0.5
3435,2i,150.0,6,0.4934,4,12.01,False,2,0.0297,1.0,12.01,scenario_north_heavy,val,development,0.5
3440,2i,150.0,6,0.0059,6,12.0,False,2,0.0,1.0,12.0,scenario_north_heavy,val,development,0.5
3445,2i,150.0,6,0.0,6,12.0,False,3,6.48,1.0,473.26,scenario_north_heavy,val,development,0.5
3450,2i,150.0,6,0.0,6,12.0,False,3,6.4222,1.0,377.49,scenario_north_heavy,val,development,0.5
3455,2i,150.0,6,0.0,6,12.0,False,3,6.3605,1.0,281.87,scenario_north_heavy,val,development,0.5
3460,2i,150.0,6,0.0,6,12.0,False,3,5.9941,1.0,187.96,scenario_north_heavy,val,development,0.5
3465,2i,150.0,9,4.7767,6,12.0,False,3,4.5073,1.0,111.43,scenario_north_heavy,val,development,0.5
3470,2i,150.0,6,5.7715,3,12.0,False,2,4.511,12.0,57.32,scenario_north_heavy,val,development,0.5
3475,2i,150.0,4,1.1305,3,12.0,False,2,2.261,12.0,25.71,scenario_north_heavy,val,development,0.5
3480,2i,150.0,4,0.1064,4,16.13,False,5,14.0759,12.0,456.81,scenario_north_heavy,val,development,0.5
3485,2i,150.0,4,0.0,4,16.0,False,5,13.4336,12.0,348.74,scenario_north_heavy,val,development,0.5
3490,2i,150.0,4,0.0,4,16.0,False,5,12.9726,12.0,249.02,scenario_north_heavy,val,development,0.5
3495,2i,150.0,6,5.9606,4,16.0,False,5,10.9195,12.0,153.0,scenario_north_heavy,val,development,0.5
3500,2i,150.0,5,7.2702,1,16.0,False,5,7.2702,10.8,63.6,scenario_north_heavy,val,development,0.5
3505,2i,150.0,4,3.6135,0,0.0,False,4,3.6135,1.0,21.48,scenario_north_heavy,val,development,0.5
3510,2i,150.0,4,0.0041,4,15.05,False,5,5.4074,1.0,456.28,scenario_north_heavy,val,development,0.5
3515,2i,150.0,4,0.0,4,15.04,False,6,8.8551,1.0,430.2,scenario_north_heavy,val,development,0.5
3520,2i,150.0,4,0.0,4,15.04,False,6,8.9699,1.0,293.97,scenario_north_heavy,val,development,0.5
3525,2i,150.0,5,3.6705,4,15.04,False,6,7.6774,1.0,157.05,scenario_north_heavy,val,development,0.5
3530,2i,150.0,7,5.2009,4,15.04,False,6,3.4126,1.0,53.45,scenario_north_heavy,val,development,0.5
3535,2i,150.0,7,0.7987,5,15.04,False,6,0.2317,1.0,19.34,scenario_north_heavy,val,development,0.5
3540,2i,150.0,7,0.0002,7,19.04,False,6,0.0,1.0,19.04,scenario_north_heavy,val,development,0.5
3545,2i,150.0,7,0.0,7,19.04,False,7,3.9381,1.0,403.04,scenario_north_heavy,val,development,0.5
3550,2i,150.0,7,0.0,7,19.04,False,9,8.2186,1.0,416.03,scenario_north_heavy,val,development,0.5
3555,2i,150.0,8,3.2932,7,19.04,False,9,8.0672,1.0,321.08,scenario_north_heavy,val,development,0.5
3560,2i,150.0,5,8.0093,3,19.04,False,6,9.8309,1.0,225.38,scenario_north_heavy,val,development,0.5
3565,2i,150.0,5,5.9719,3,19.04,False,5,5.9719,1.0,134.15,scenario_north_heavy,val,development,0.5
3570,2i,150.0,5,2.6123,3,19.04,False,5,2.6123,1.0,60.93,scenario_north_heavy,val,development,0.5
3575,2i,150.0,5,1.6745,4,23.04,False,6,6.0238,1.0,483.3,scenario_north_heavy,val,development,0.5
3580,2i,150.0,4,0.0,4,23.04,False,5,5.3047,1.0,347.82,scenario_north_heavy,val,development,0.5
3585,2i,150.0,4,0.0,4,23.04,False,7,11.1096,1.0,382.71,scenario_north_heavy,val,development,0.5
3590,2i,150.0,4,5.6931,2,23.04,False,6,12.3784,12.4,264.64,scenario_north_heavy,val,development,0.5
3595,2i,150.0,6,11.0564,0,0.0,False,6,11.0564,1.0,143.59,scenario_north_heavy,val,development,0.5
3600,2i,150.0,6,4.4181,4,9.02,False,6,4.4181,1.0,45.3,scenario_north_heavy,val,development,0.5
0,3i,150.0,0,0.0,0,0.0,False,0,,,,scenario_north_heavy,val,development,0.5
5,3i,150.0,0,0.0,0,0.0,False,3,27.0058,376.12,376.23,scenario_north_heavy,val,development,0.5
10,3i,150.0,0,0.0,0,0.0,False,3,27.2482,240.65,242.06,scenario_north_heavy,val,development,0.5
15,3i,150.0,3,26.6718,0,0.0,False,3,26.6718,105.61,107.67,scenario_north_heavy,val,development,0.5
20,3i,150.0,2,13.1037,0,0.0,False,2,13.1037,12.19,18.5,scenario_north_heavy,val,development,0.5
25,3i,150.0,1,0.0,1,1.0,False,1,0.0,1.0,1.0,scenario_north_heavy,val,development,0.5
30,3i,150.0,1,0.0,1,1.0,False,1,0.0,1.0,1.0,scenario_north_heavy,val,development,0.5
35,3i,150.0,0,0.0,0,0.0,False,0,,,,scenario_north_heavy,val,development,0.5
40,3i,150.0,0,0.0,0,0.0,False,0,,,,scenario_north_heavy,val,development,0.5
45,3i,150.0,0,0.0,0,0.0,False,0,,,,scenario_north_heavy,val,development,0.5
50,3i,150.0,3,23.9296,0,0.0,False,0,,,,scenario_north_heavy,val,development,0.5
55,3i,150.0,3,15.2184,0,0.0,False,0,,,,scenario_north_heavy,val,development,0.5
60,3i,150.0,3,1.24,0,0.0,False,0,,,,scenario_north_heavy,val,development,0.5
65,3i,150.0,3,0.0,3,1.0,False,0,,,,scenario_north_heavy,val,development,0.5
70,3i,150.0,3,0.0,3,1.0,False,1,27.345,429.55,429.55,scenario_north_heavy,val,development,0.5
75,3i,150.0,3,0.0,3,1.0,False,1,27.583,294.17,294.17,scenario_north_heavy,val,development,0.5
80,3i,150.0,3,0.0,3,1.0,False,1,26.8913,159.25,159.25,scenario_north_heavy,val,development,0.5
85,3i,150.0,5,7.9934,3,1.0,False,1,16.2801,51.37,51.37,scenario_north_heavy,val,development,0.5
90,3i,150.0,6,5.5181,3,1.0,False,1,3.3863,8.86,8.86,scenario_north_heavy,val,development,0.5
95,3i,150.0,3,4.289,1,1.0,False,0,,,,scenario_north_heavy,val,development,0.5
100,3i,150.0,2,0.0,2,8.0,False,0,,,,scenario_north_heavy,val,development,0.5
105,3i,150.0,2,0.0,2,8.0,False,3,24.0302,384.09,456.47,scenario_north_heavy,val,development,0.5
110,3i,150.0,2,0.0,2,8.0,False,3,23.663,264.51,335.75,scenario_north_heavy,val,development,0.5
115,3i,150.0,3,8.3163,2,8.0,False,3,24.3045,142.97,216.57,scenario_north_heavy,val,development,0.5
120,3i,150.0,5,11.7251,2,8.0,False,3,19.5418,44.9,96.86,scenario_north_heavy,val,development,0.5
125,3i,150.0,4,6.4878,0,0.0,False,3,7.6596,2.12,24.76,scenario_north_heavy,val,development,0.5
130,3i,150.0,2,0.0008,2,1.0,False,2,0.0008,1.0,1.0,scenario_north_heavy,val,development,0.5
135,3i,150.0,2,0.0,2,1.0,False,2,0.0,1.0,1.0,scenario_north_heavy,val,development,0.5
140,3i,150.0,2,0.0,2,1.0,False,3,7.7585,1.0,433.3,scenario_north_heavy,val,development,0.5
145,3i,150.0,2,0.0,2,1.0,False,3,7.8817,1.0,312.73,scenario_north_heavy,val,development,0.5
150,3i,150.0,3,6.509,2,1.0,False,3,8.2782,1.0,190.74,scenario_north_heavy,val,development,0.5
155,3i,150.0,5,8.5942,2,1.0,False,3,7.0143,1.0,73.48,scenario_north_heavy,val,development,0.5
160,3i,150.0,5,2.2273,3,8.0,False,3,2.5725,1.0,7.56,scenario_north_heavy,val,development,0.5
165,3i,150.0,5,0.0021,5,8.0,False,3,0.0,1.0,1.0,scenario_north_heavy,val,development,0.5
170,3i,150.0,5,0.0,5,8.0,False,3,0.0,1.0,1.0,scenario_north_heavy,val,development,0.5
175,3i,150.0,5,0.0,5,8.0,False,4,6.8564,1.0,401.49,scenario_north_heavy,val,development,0.5
180,3i,150.0,5,0.0,5,8.0,False,4,6.558,1.0,268.76,scenario_north_heavy,val,development,0.5
185,3i,150.0,3,14.6251,1,1.0,False,2,13.5706,1.0,133.73,scenario_north_heavy,val,development,0.5
190,3i,150.0,4,12.8339,1,1.0,False,2,7.0313,1.0,36.34,scenario_north_heavy,val,development,0.5
195,3i,150.0,3,3.5719,1,1.0,False,2,0.0314,1.0,8.02,scenario_north_heavy,val,development,0.5
200,3i,150.0,2,0.0001,2,8.0,False,2,0.0001,1.0,8.0,scenario_north_heavy,val,development,0.5
205,3i,150.0,2,0.0,2,8.0,False,2,0.0,1.0,8.0,scenario_north_heavy,val,development,0.5
210,3i,150.0,2,0.0,2,8.0,False,2,0.0,1.0,8.0,scenario_north_heavy,val,development,0.5
215,3i,150.0,2,12.7737,0,0.0,False,1,3.5568,3.02,3.02,scenario_north_heavy,val,development,0.5
220,3i,150.0,3,20.4099,0,0.0,False,0,,,,scenario_north_heavy,val,development,0.5
225,3i,150.0,3,7.9717,1,1.0,False,0,,,,scenario_north_heavy,val,development,0.5
230,3i,150.0,3,0.1189,2,1.0,False,0,,,,scenario_north_heavy,val,development,0.5
235,3i,150.0,3,0.0002,3,1.0,False,0,,,,scenario_north_heavy,val,development,0.5
240,3i,150.0,3,0.0,3,1.0,False,1,27.77,483.3,483.3,scenario_north_heavy,val,development,0.5
245,3i,150.0,3,0.0,3,1.0,False,1,26.7831,348.8,348.8,scenario_north_heavy,val,development,0.5
250,3i,150.0,4,5.2054,3,1.0,False,1,27.6194,214.22,214.22,scenario_north_heavy,val,development,0.5
255,3i,150.0,6,8.7182,3,1.0,False,1,21.7415,85.98,85.98,scenario_north_heavy,val,development,0.5
260,3i,150.0,6,3.086,4,5.0,False,1,9.3389,16.81,16.81,scenario_north_heavy,val,development,0.5
265,3i,150.0,6,0.0246,6,5.05,False,1,0.0739,5.04,5.04,scenario_north_heavy,val,development,0.5
270,3i,150.0,6,0.0,6,5.0,False,2,13.6647,5.0,375.05,scenario_north_heavy,val,development,0.5
275,3i,150.0,2,0.0,2,5.0,False,2,26.2445,240.93,457.18,scenario_north_heavy,val,development,0.5
280,3i,150.0,3,8.3545,2,5.0,False,2,25.6461,108.71,323.31,scenario_north_heavy,val,development,0.5
285,3i,150.0,3,5.2893,2,5.0,False,2,21.2732,15.78,186.9,scenario_north_heavy,val,development,0.5
290,3i,150.0,4,11.0159,2,5.0,False,1,21.5682,59.86,59.86,scenario_north_heavy,val,development,0.5
295,3i,150.0,3,3.0921,2,5.0,False,0,,,,scenario_north_heavy,val,development,0.5
300,3i,150.0,3,0.0189,3,9.02,False,1,24.4184,455.88,455.88,scenario_north_heavy,val,development,0.5
305,3i,150.0,1,1.9232,0,0.0,False,1,24.1604,336.3,336.3,scenario_north_heavy,val,development,0.5
310,3i,150.0,0,0.0,0,0.0,False,1,23.4205,215.57,215.57,scenario_north_heavy,val,development,0.5
315,3i,150.0,1,23.4013,0,0.0,False,1,23.4013,94.18,94.18,scenario_north_heavy,val,development,0.5
320,3i,150.0,1,10.5396,0,0.0,False,1,10.5396,14.65,14.65,scenario_north_heavy,val,development,0.5
325,3i,150.0,2,9.4329,1,1.0,False,1,0.0,1.0,1.0,scenario_north_heavy,val,development,0.5
330,3i,150.0,3,12.1225,1,1.0,False,1,0.0,1.0,1.0,scenario_north_heavy,val,development,0.5
335,3i,150.0,3,3.7404,1,1.0,False,1,0.0,1.0,1.0,scenario_north_heavy,val,development,0.5
340,3i,150.0,3,0.0,3,1.0,False,1,0.0,1.0,1.0,scenario_north_heavy,val,development,0.5
345,3i,150.0,3,0.0,3,1.0,False,2,9.5417,1.0,415.69,scenario_north_heavy,val,development,0.5
350,3i,150.0,4,4.8242,3,1.0,False,2,9.6401,1.0,319.67,scenario_north_heavy,val,development,0.5
355,3i,150.0,4,3.089,3,1.0,False,2,9.6456,1.0,223.69,scenario_north_heavy,val,development,0.5
360,3i,150.0,6,6.2227,3,1.0,False,2,7.5366,1.0,139.92,scenario_north_heavy,val,development,0.5
365,3i,150.0,3,4.9419,1,1.0,False,2,15.5634,75.29,473.26,scenario_north_heavy,val,development,0.5
370,3i,150.0,3,3.6019,2,15.04,False,2,15.0529,20.15,377.0,scenario_north_heavy,val,development,0.5
375,3i,150.0,2,0.0,2,15.04,False,1,19.0353,281.14,281.14,scenario_north_heavy,val,development,0.5
380,3i,150.0,2,0.0,2,15.04,False,3,21.732,187.54,408.89,scenario_north_heavy,val,development,0.5
385,3i,150.0,3,5.6549,2,15.04,False,3,21.6921,105.25,288.49,scenario_north_heavy,val,development,0.5
390,3i,150.0,3,4.5685,2,15.04,False,3,20.4335,25.82,168.21,scenario_north_heavy,val,development,0.5
395,3i,150.0,4,8.7295,0,0.0,False,3,11.2079,1.0,64.39,scenario_north_heavy,val,development,0.5
400,3i,150.0,4,3.3482,1,1.0,False,4,8.8418,1.0,456.41,scenario_north_heavy,val,development,0.5
405,3i,150.0,4,0.0147,4,8.05,False,4,6.0242,1.0,335.1,scenario_north_heavy,val,development,0.5
410,3i,150.0,4,0.0,4,8.0,False,4,5.9536,1.0,214.36,scenario_north_heavy,val,development,0.5
415,3i,150.0,5,4.3466,4,8.0,False,5,8.1239,1.0,398.3,scenario_north_heavy,val,development,0.5
420,3i,150.0,5,1.8058,4,8.0,False,5,5.6704,1.0,303.81,scenario_north_heavy,val,development,0.5
425,3i,150.0,6,3.8993,5,15.05,False,5,3.7367,1.0,210.59,scenario_north_heavy,val,development,0.5
430,3i,150.0,7,4.6094,5,15.04,False,5,3.5527,1.0,118.44,scenario_north_heavy,val,development,0.5
435,3i,150.0,7,1.7857,5,15.04,False,6,6.0314,1.0,407.56,scenario_north_heavy,val,development,0.5
440,3i,150.0,7,0.5901,6,15.04,False,6,4.607,1.0,287.21,scenario_north_heavy,val,development,0.5
445,3i,150.0,7,0.0099,7,15.04,False,8,9.0109,1.0,483.3,scenario_north_heavy,val,development,0.5
450,3i,150.0,8,1.9635,7,15.04,False,8,7.6824,1.0,379.13,scenario_north_heavy,val,development,0.5
455,3i,150.0,5,1.4903,3,15.0,False,5,10.4664,7.5,285.27,scenario_north_heavy,val,development,0.5
460,3i,150.0,4,5.6532,3,15.0,False,3,13.7534,8.0,191.78,scenario_north_heavy,val,development,0.5
465,3i,150.0,5,5.5579,3,15.0,False,4,13.8899,0.77,483.3,scenario_north_heavy,val,development,0.5
470,3i,150.0,4,2.1329,3,15.0,False,3,11.647,8.0,350.48,scenario_north_heavy,val,development,0.5
475,3i,150.0,4,0.4152,3,15.0,False,3,9.7135,8.0,213.47,scenario_north_heavy,val,development,0.5
480,3i,150.0,5,3.8974,4,22.0,False,5,14.1698,8.0,456.18,scenario_north_heavy,val,development,0.5
485,3i,150.0,4,3.9813,1,22.0,False,5,13.2144,2.56,335.33,scenario_north_heavy,val,development,0.5
490,3i,150.0,2,3.2583,0,0.0,False,4,14.3803,1.01,214.05,scenario_north_heavy,val,development,0.5
495,3i,150.0,4,10.5448,2,1.0,False,4,10.5448,1.0,94.9,scenario_north_heavy,val,development,0.5
500,3i,150.0,4,3.7105,2,1.0,False,5,8.1747,1.0,429.68,scenario_north_heavy,val,development,0.5
505,3i,150.0,4,0.1136,4,13.71,False,5,5.6224,1.0,294.77,scenario_north_heavy,val,development,0.5
510,3i,150.0,4,0.0,4,13.71,False,5,5.3534,1.0,160.94,scenario_north_heavy,val,development,0.5
515,3i,150.0,5,3.1446,4,13.71,False,6,6.9886,1.0,430.93,scenario_north_heavy,val,development,0.5
520,3i,150.0,5,0.7642,4,13.71,False,6,5.2499,1.0,296.46,scenario_north_heavy,val,development,0.5
525,3i,150.0,5,0.0012,5,13.71,False,6,4.4364,1.0,160.98,scenario_north_heavy,val,development,0.5
530,3i,150.0,7,5.0265,5,13.71,False,6,2.8018,1.0,51.07,scenario_north_heavy,val,development,0.5
535,3i,150.0,7,1.2277,5,13.71,False,7,3.0907,1.0,399.21,scenario_north_heavy,val,development,0.5
540,3i,150.0,7,0.0032,7,17.73,False,7,2.6557,1.0,306.1,scenario_north_heavy,val,development,0.5
545,3i,150.0,3,0.0,3,17.71,False,3,6.2333,1.0,212.44,scenario_north_heavy,val,development,0.5
550,3i,150.0,4,4.4156,3,17.71,False,4,10.4858,1.0,408.12,scenario_north_heavy,val,development,0.5
555,3i,150.0,4,4.2015,3,17.71,False,4,10.1934,1.0,287.16,scenario_north_heavy,val,development,0.5
560,3i,150.0,4,6.7151,3,17.71,False,3,8.1238,1.0,168.17,scenario_north_heavy,val,development,0.5
565,3i,150.0,5,6.2312,3,17.71,False,4,8.6809,1.0,453.95,scenario_north_heavy,val,development,0.5
570,3i,150.0,4,0.663,3,17.71,False,4,5.3989,1.0,358.32,scenario_north_heavy,val,development,0.5
575,3i,150.0,3,1.5649,1,24.71,False,3,7.5611,8.76,263.39,scenario_north_heavy,val,development,0.5
580,3i,150.0,1,5.7966,0,0.0,False,2,11.5594,5.67,171.8,scenario_north_heavy,val,development,0.5
585,3i,150.0,2,8.3481,1,1.0,False,3,14.8217,1.0,374.82,scenario_north_heavy,val,development,0.5
590,3i,150.0,2,5.227,1,1.0,False,3,12.4937,1.0,239.64,scenario_north_heavy,val,development,0.5
595,3i,150.0,4,12.0771,2,1.0,False,3,8.0812,1.0,108.19,scenario_north_heavy,val,development,0.5
600,3i,150.0,4,6.9461,2,1.0,False,3,4.1858,1.0,24.35,scenario_north_heavy,val,development,0.5
605,3i,150.0,4,0.474,2,1.0,False,3,0.0,1.0,1.0,scenario_north_heavy,val,development,0.5
610,3i,150.0,4,0.0001,4,8.0,False,3,0.0,1.0,1.0,scenario_north_heavy,val,development,0.5
615,3i,150.0,5,3.0422,4,8.0,False,5,9.442,1.0,483.3,scenario_north_heavy,val,development,0.5
620,3i,150.0,5,2.2076,4,8.0,False,5,9.348,1.0,377.63,scenario_north_heavy,val,development,0.5
625,3i,150.0,5,1.3076,4,8.0,False,5,9.2348,1.0,282.27,scenario_north_heavy,val,development,0.5
630,3i,150.0,6,3.5995,4,8.0,False,5,7.4506,1.0,188.01,scenario_north_heavy,val,development,0.5
635,3i,150.0,5,6.0473,2,8.0,False,3,9.0526,1.0,111.14,scenario_north_heavy,val,development,0.5
640,3i,150.0,3,3.0247,2,8.0,False,2,4.537,1.0,56.77,scenario_north_heavy,val,development,0.5
645,3i,150.0,4,6.0025,2,8.0,False,2,2.287,1.0,24.9,scenario_north_heavy,val,development,0.5
650,3i,150.0,4,4.2385,2,8.0,False,4,10.884,1.0,456.12,scenario_north_heavy,val,development,0.5
655,3i,150.0,3,0.0006,3,15.0,False,4,10.9877,1.0,358.36,scenario_north_heavy,val,development,0.5
660,3i,150.0,3,0.0,3,15.0,False,4,10.8452,1.0,262.3,scenario_north_heavy,val,development,0.5
665,3i,150.0,3,8.1875,0,0.0,False,3,13.5439,13.81,166.11,scenario_north_heavy,val,development,0.5
670,3i,150.0,3,9.882,0,0.0,False,3,9.882,1.0,70.22,scenario_north_heavy,val,development,0.5
675,3i,150.0,3,2.3242,2,15.07,False,3,2.3242,1.0,15.07,scenario_north_heavy,val,development,0.5
680,3i,150.0,3,0.0,3,15.04,False,3,0.0,1.0,15.04,scenario_north_heavy,val,development,0.5
685,3i,150.0,4,4.2387,3,15.04,False,4,6.604,1.0,430.57,scenario_north_heavy,val,development,0.5
690,3i,150.0,4,1.9228,3,15.04,False,4,6.6034,1.0,297.86,scenario_north_heavy,val,development,0.5
695,3i,150.0,4,0.0,4,15.04,False,4,6.6553,1.0,164.69,scenario_north_heavy,val,development,0.5
700,3i,150.0,6,5.2243,4,15.04,False,5,8.4984,1.0,374.74,scenario_north_heavy,val,development,0.5
705,3i,150.0,6,0.9411,4,15.04,False,5,5.9447,1.0,239.57,scenario_north_heavy,val,development,0.5
710,3i,150.0,7,3.2952,6,22.04,False,5,4.6133,1.0,109.77,scenario_north_heavy,val,development,0.5
715,3i,150.0,7,1.5697,6,22.04,False,5,2.1975,1.0,33.61,scenario_north_heavy,val,development,0.5
720,3i,150.0,7,0.0203,7,22.04,False,6,4.1585,1.0,407.21,scenario_north_heavy,val,development,0.5
725,3i,150.0,5,1.102,3,22.04,False,5,5.4268,1.0,286.46,scenario_north_heavy,val,development,0.5
730,3i,150.0,4,6.7144,3,22.04,False,5,10.3688,1.0,456.41,scenario_north_heavy,val,development,0.5
735,3i,150.0,5,6.3039,3,22.04,False,5,8.3501,1.0,323.46,scenario_north_heavy,val,development,0.5
740,3i,150.0,4,0.6379,3,22.04,False,5,5.9381,1.0,187.85,scenario_north_heavy,val,development,0.5
745,3i,150.0,5,3.4104,4,26.04,False,5,3.4104,1.0,76.55,scenario_north_heavy,val,development,0.5
750,3i,150.0,5,1.724,4,26.04,False,5,1.724,1.0,26.04,scenario_north_heavy,val,development,0.5
755,3i,150.0,4,0.4712,3,26.04,False,4,0.4712,1.0,26.04,scenario_north_heavy,val,development,0.5
760,3i,150.0,4,1.5537,1,1.0,False,4,1.5537,1.0,16.4,scenario_north_heavy,val,development,0.5
765,3i,150.0,6,8.8543,4,12.02,False,5,5.4056,1.0,429.23,scenario_north_heavy,val,development,0.5
770,3i,150.0,6,4.5987,4,12.0,False,5,5.3427,1.0,293.17,scenario_north_heavy,val,development,0.5
775,3i,150.0,6,0.3323,4,12.0,False,5,5.3016,1.0,157.69,scenario_north_heavy,val,development,0.5
780,3i,150.0,7,2.1241,6,19.0,False,5,2.9737,1.0,55.35,scenario_north_heavy,val,development,0.5
785,3i,150.0,7,0.563,6,19.0,False,5,0.7883,1.0,12.0,scenario_north_heavy,val,development,0.5
790,3i,150.0,7,0.0001,7,19.0,False,7,7.4852,1.0,376.13,scenario_north_heavy,val,development,0.5
795,3i,150.0,7,0.0,7,19.0,False,7,7.7669,1.0,241.82,scenario_north_heavy,val,development,0.5
800,3i,150.0,9,5.1852,7,19.0,False,7,6.6667,1.0,112.38,scenario_north_heavy,val,development,0.5
805,3i,150.0,9,2.3392,7,19.0,False,7,3.0076,1.0,36.61,scenario_north_heavy,val,development,0.5
810,3i,150.0,10,2.3787,8,23.08,False,7,0.0763,1.0,23.08,scenario_north_heavy,val,development,0.5
815,3i,150.0,6,2.3128,5,23.01,False,4,0.0,1.0,23.01,scenario_north_heavy,val,development,0.5
820,3i,150.0,5,0.0,5,23.01,False,4,0.0,1.0,23.01,scenario_north_heavy,val,development,0.5
825,3i,150.0,5,0.0,5,23.01,False,4,0.0,1.0,23.01,scenario_north_heavy,val,development,0.5
830,3i,150.0,5,0.0,5,23.01,False,4,0.0,1.0,23.01,scenario_north_heavy,val,development,0.5
835,3i,150.0,7,6.7109,5,23.01,False,4,0.0,1.0,23.01,scenario_north_heavy,val,development,0.5
840,3i,150.0,7,3.272,5,23.01,False,4,0.0,1.0,23.01,scenario_north_heavy,val,development,0.5
845,3i,150.0,6,0.6688,4,27.02,False,3,1.3315,3.68,23.01,scenario_north_heavy,val,development,0.5
850,3i,150.0,5,5.6935,1,1.0,False,1,3.9414,12.86,12.86,scenario_north_heavy,val,development,0.5
855,3i,150.0,5,2.1764,3,5.01,False,2,13.4968,5.01,456.35,scenario_north_heavy,val,development,0.5
860,3i,150.0,5,0.0001,5,9.0,False,2,13.7778,5.0,320.54,scenario_north_heavy,val,development,0.5
865,3i,150.0,5,0.0,5,9.0,False,3,18.0953,5.0,400.83,scenario_north_heavy,val,development,0.5
870,3i,150.0,7,5.7859,5,9.0,False,3,15.331,5.0,264.9,scenario_north_heavy,val,development,0.5
875,3i,150.0,8,5.018,5,9.0,False,3,10.4827,5.0,131.81,scenario_north_heavy,val,development,0.5
880,3i,150.0,8,1.7013,7,16.01,False,3,4.5357,5.0,41.92,scenario_north_heavy,val,development,0.5
885,3i,150.0,8,0.1478,7,16.0,False,3,0.3942,5.0,13.99,scenario_north_heavy,val,development,0.5
890,3i,150.0,8,0.0003,8,16.0,False,4,6.6365,5.0,429.34,scenario_north_heavy,val,development,0.5
895,3i,150.0,8,0.0,8,16.0,False,4,6.7852,5.0,294.75,scenario_north_heavy,val,development,0.5
900,3i,150.0,8,0.0,8,16.0,False,4,6.52,5.0,159.29,scenario_north_heavy,val,development,0.5
905,3i,150.0,7,5.8182,4,16.0,False,3,7.3169,2.04,52.0,scenario_north_heavy,val,development,0.5
910,3i,150.0,6,4.856,4,16.0,False,1,0.0,5.0,5.0,scenario_north_heavy,val,development,0.5
915,3i,150.0,6,2.4591,5,23.01,False,1,0.0,5.0,5.0,scenario_north_heavy,val,development,0.5
920,3i,150.0,5,0.0,5,23.01,False,1,0.0,5.0,5.0,scenario_north_heavy,val,development,0.5
925,3i,150.0,5,0.0,5,23.01,False,1,0.0,5.0,5.0,scenario_north_heavy,val,development,0.5
930,3i,150.0,5,0.0,5,23.01,False,2,13.014,5.0,430.8,scenario_north_heavy,val,development,0.5
935,3i,150.0,4,7.1415,2,23.01,False,1,24.9654,301.24,301.24,scenario_north_heavy,val,development,0.5
940,3i,150.0,4,8.3072,0,0.0,False,1,19.2563,192.73,192.73,scenario_north_heavy,val,development,0.5
945,3i,150.0,5,5.3467,2,8.01,False,1,15.4987,107.64,107.64,scenario_north_heavy,val,development,0.5
950,3i,150.0,5,4.0179,3,8.0,False,1,13.4198,28.87,28.87,scenario_north_heavy,val,development,0.5
955,3i,150.0,5,0.4526,3,8.0,False,1,0.0,1.0,1.0,scenario_north_heavy,val,development,0.5
960,3i,150.0,5,0.0,5,15.0,False,1,0.0,1.0,1.0,scenario_north_heavy,val,development,0.5
965,3i,150.0,5,0.0,5,15.0,False,2,11.9144,1.0,383.5,scenario_north_heavy,val,development,0.5
970,3i,150.0,6,4.2433,5,15.0,False,2,11.3545,1.0,265.76,scenario_north_heavy,val,development,0.5
975,3i,150.0,7,3.587,5,15.0,False,2,8.4938,1.0,169.42,scenario_north_heavy,val,development,0.5
980,3i,150.0,8,2.9773,6,15.0,False,2,7.1913,1.0,88.55,scenario_north_heavy,val,development,0.5
985,3i,150.0,8,1.8976,6,15.0,False,2,5.1003,1.0,20.59,scenario_north_heavy,val,development,0.5
990,3i,150.0,8,0.099,7,15.0,False,3,9.3274,1.0,483.3,scenario_north_heavy,val,development,0.5
995,3i,150.0,4,0.0001,4,29.04,False,2,27.2367,348.44,456.25,scenario_north_heavy,val,development,0.5
1000,3i,150.0,4,0.0,4,29.04,False,2,24.3398,212.97,341.45,scenario_north_heavy,val,development,0.5
1005,3i,150.0,5,4.8361,4,29.04,False,2,22.4397,82.25,235.24,scenario_north_heavy,val,development,0.5
1010,3i,150.0,7,6.2198,4,29.04,False,2,14.4862,0.1,139.38,scenario_north_heavy,val,development,0.5
1015,3i,150.0,6,3.6046,4,29.04,False,1,14.5611,58.29,58.29,scenario_north_heavy,val,development,0.5
1020,3i,150.0,6,0.9186,4,29.04,False,1,5.4999,3.5,3.5,scenario_north_heavy,val,development,0.5
1025,3i,150.0,5,1.1782,4,43.09,False,2,13.7701,1.0,455.76,scenario_north_heavy,val,development,0.5
1030,3i,150.0,4,1.855,1,1.0,False,2,13.0935,1.0,323.07,scenario_north_heavy,val,development,0.5
1035,3i,150.0,4,0.1762,3,15.04,False,2,13.1491,1.0,189.55,scenario_north_heavy,val,development,0.5
1040,3i,150.0,6,6.6046,4,29.08,False,2,10.0803,1.0,67.73,scenario_north_heavy,val,development,0.5
1045,3i,150.0,7,4.009,4,29.08,False,2,3.4219,1.0,6.87,scenario_north_heavy,val,development,0.5
1050,3i,150.0,7,1.6108,6,41.79,False,2,0.0013,1.0,1.0,scenario_north_heavy,val,development,0.5
1055,3i,150.0,7,0.9881,6,41.79,False,2,0.0,1.0,1.0,scenario_north_heavy,val,development,0.5
1060,3i,150.0,7,0.3453,6,41.79,False,3,8.3333,1.0,480.3,scenario_north_heavy,val,development,0.5
1065,3i,150.0,7,0.001,7,41.79,False,3,6.5278,1.0,376.35,scenario_north_heavy,val,development,0.5
1070,3i,150.0,7,0.0,7,41.79,False,3,6.4647,1.0,280.51,scenario_north_heavy,val,development,0.5
1075,3i,150.0,8,2.4051,7,41.79,False,3,6.3694,1.0,185.25,scenario_north_heavy,val,development,0.5
1080,3i,150.0,10,3.3867,7,41.79,False,3,5.0152,1.0,101.84,scenario_north_heavy,val,development,0.5
1085,3i,150.0,6,2.3551,4,41.79,False,1,10.5598,32.52,32.52,scenario_north_heavy,val,development,0.5
1090,3i,150.0,5,0.0001,5,48.8,False,0,,,,scenario_north_heavy,val,development,0.5
1095,3i,150.0,5,0.0,5,48.8,False,1,24.5238,431.45,431.45,scenario_north_heavy,val,development,0.5
1100,3i,150.0,5,0.0,5,48.8,False,1,15.9981,340.46,340.46,scenario_north_heavy,val,development,0.5
1105,3i,150.0,5,0.0,5,48.8,False,1,17.2984,253.12,253.12,scenario_north_heavy,val,development,0.5
1110,3i,150.0,7,4.9022,5,48.8,False,1,16.5571,164.94,164.94,scenario_north_heavy,val,development,0.5
1115,3i,150.0,7,4.7782,3,48.8,False,1,18.3763,77.66,77.66,scenario_north_heavy,val,development,0.5
1120,3i,150.0,7,2.5504,1,1.0,False,1,8.5161,11.22,11.22,scenario_north_heavy,val,development,0.5
1125,3i,150.0,7,0.3346,5,27.75,False,1,0.0571,1.01,1.01,scenario_north_heavy,val,development,0.5
1130,3i,150.0,7,0.0048,7,47.48,False,3,14.5774,1.0,418.15,scenario_north_heavy,val,development,0.5
1135,3i,150.0,7,0.0,7,47.47,False,3,14.1145,1.0,324.32,scenario_north_heavy,val,development,0.5
1140,3i,150.0,8,2.8995,7,47.47,False,3,14.1006,1.0,230.21,scenario_north_heavy,val,development,0.5
1145,3i,150.0,10,5.1691,7,47.47,False,3,11.1356,1.0,141.18,scenario_north_heavy,val,development,0.5
1150,3i,150.0,10,2.0893,7,47.47,False,3,5.4648,1.0,82.84,scenario_north_heavy,val,development,0.5
1155,3i,150.0,10,0.1704,9,47.47,False,3,0.5672,1.0,60.52,scenario_north_heavy,val,development,0.5
1160,3i,150.0,10,0.0,10,60.18,False,4,6.2501,1.0,480.3,scenario_north_heavy,val,development,0.5
1165,3i,150.0,10,0.0,10,60.18,False,6,11.7862,1.0,384.77,scenario_north_heavy,val,development,0.5
1170,3i,150.0,10,0.0,10,60.18,False,6,12.2,1.0,265.87,scenario_north_heavy,val,development,0.5
1175,3i,150.0,9,6.7818,6,60.18,False,4,15.2591,60.18,148.72,scenario_north_heavy,val,development,0.5
1180,3i,150.0,9,4.471,6,60.18,False,4,10.0598,43.13,80.22,scenario_north_heavy,val,development,0.5
1185,3i,150.0,7,0.0006,7,72.89,False,2,0.0019,60.18,72.89,scenario_north_heavy,val,development,0.5
1190,3i,150.0,7,0.0,7,72.89,False,2,0.0,60.18,72.89,scenario_north_heavy,val,development,0.5
1195,3i,150.0,7,0.0,7,72.89,False,2,0.0,60.18,72.89,scenario_north_heavy,val,development,0.5
1200,3i,150.0,7,0.0,7,72.89,False,2,0.0,60.18,72.89,scenario_north_heavy,val,development,0.5
1205,3i,150.0,6,0.3057,5,72.89,False,2,0.0,60.18,72.89,scenario_north_heavy,val,development,0.5
1210,3i,150.0,8,5.1883,1,72.33,False,2,0.9154,58.27,72.33,scenario_north_heavy,val,development,0.5
1215,3i,150.0,9,4.7199,3,20.81,False,2,1.6976,49.23,63.75,scenario_north_heavy,val,development,0.5
1220,3i,150.0,9,2.1017,6,59.18,False,2,0.192,46.18,59.18,scenario_north_heavy,val,development,0.5
1225,3i,150.0,9,0.0054,9,65.87,False,2,0.0044,46.14,58.85,scenario_north_heavy,val,development,0.5
1230,3i,150.0,9,0.0,9,65.85,False,4,9.4169,46.14,455.85,scenario_north_heavy,val,development,0.5
1235,3i,150.0,9,0.0,9,65.85,False,4,9.3377,46.14,363.26,scenario_north_heavy,val,development,0.5
1240,3i,150.0,9,0.0,9,65.85,False,4,9.3313,46.14,269.21,scenario_north_heavy,val,development,0.5
1245,3i,150.0,10,1.7443,9,65.85,False,4,8.9,46.14,176.28,scenario_north_heavy,val,development,0.5
1250,3i,150.0,12,3.1682,9,65.85,False,4,6.6504,46.14,106.66,scenario_north_heavy,val,development,0.5
1255,3i,150.0,12,1.4042,9,65.85,False,4,3.1689,31.66,73.11,scenario_north_heavy,val,development,0.5
1260,3i,150.0,12,0.13,11,69.86,False,5,5.1462,9.21,456.11,scenario_north_heavy,val,development,0.5
1265,3i,150.0,9,0.3416,8,69.85,False,5,8.4316,46.14,437.21,scenario_north_heavy,val,development,0.5
1270,3i,150.0,8,0.0,8,69.85,False,5,8.465,46.14,343.45,scenario_north_heavy,val,development,0.5
1275,3i,150.0,9,1.6405,8,69.85,False,5,6.5999,46.14,249.26,scenario_north_heavy,val,development,0.5
1280,3i,150.0,10,3.7846,8,69.85,False,5,6.4727,29.9,159.82,scenario_north_heavy,val,development,0.5
1285,3i,150.0,10,1.6236,8,69.85,False,4,2.1161,46.14,102.79,scenario_north_heavy,val,development,0.5
1290,3i,150.0,9,0.1341,8,69.85,False,4,0.3017,46.14,82.72,scenario_north_heavy,val,development,0.5
1295,3i,150.0,8,0.5924,6,82.56,False,4,0.0,46.14,82.56,scenario_north_heavy,val,development,0.5
1300,3i,150.0,7,2.0646,2,82.56,False,5,6.831,36.5,402.07,scenario_north_heavy,val,development,0.5
1305,3i,150.0,7,1.6398,3,26.42,False,5,7.0657,26.42,266.38,scenario_north_heavy,val,development,0.5
1310,3i,150.0,9,3.9842,7,63.61,False,5,4.1824,26.42,146.57,scenario_north_heavy,val,development,0.5
1315,3i,150.0,10,3.5032,7,62.85,False,5,1.4001,26.42,85.06,scenario_north_heavy,val,development,0.5
1320,3i,150.0,10,0.5494,9,75.56,False,5,0.0068,26.42,75.56,scenario_north_heavy,val,development,0.5
1325,3i,150.0,10,0.0011,10,75.56,False,5,0.0,26.42,75.56,scenario_north_heavy,val,development,0.5
1330,3i,150.0,10,0.0,10,75.56,False,5,0.0,26.42,75.56,scenario_north_heavy,val,development,0.5
1335,3i,150.0,10,0.0,10,75.56,False,5,0.0,26.42,75.56,scenario_north_heavy,val,development,0.5
1340,3i,150.0,10,0.0,10,75.56,False,5,0.0,26.42,75.56,scenario_north_heavy,val,development,0.5
1345,3i,150.0,11,1.5875,10,75.56,False,5,0.0,26.42,75.56,scenario_north_heavy,val,development,0.5
1350,3i,150.0,13,3.145,10,75.56,False,5,0.0,26.42,75.56,scenario_north_heavy,val,development,0.5
1355,3i,150.0,11,2.2736,8,75.56,False,5,0.0,26.42,75.56,scenario_north_heavy,val,development,0.5
1360,3i,150.0,9,0.0009,9,79.56,False,5,0.0,26.42,75.56,scenario_north_heavy,val,development,0.5
1365,3i,150.0,9,0.0,9,79.56,False,6,4.6283,26.42,483.3,scenario_north_heavy,val,development,0.5
1370,3i,150.0,9,0.0,9,79.56,False,6,4.4185,26.42,348.77,scenario_north_heavy,val,development,0.5
1375,3i,150.0,10,1.6132,9,79.56,False,6,4.3833,26.42,214.12,scenario_north_heavy,val,development,0.5
1380,3i,150.0,12,4.008,9,79.56,False,6,3.7562,26.42,88.4,scenario_north_heavy,val,development,0.5
1385,3i,150.0,11,1.2574,7,79.56,False,6,1.8276,14.37,75.56,scenario_north_heavy,val,development,0.5
1390,3i,150.0,10,1.5824,6,92.27,False,6,2.179,1.0,75.38,scenario_north_heavy,val,development,0.5
1395,3i,150.0,10,1.4818,4,13.72,False,6,1.9238,1.0,66.29,scenario_north_heavy,val,development,0.5
1400,3i,150.0,10,0.7213,6,24.75,False,8,6.7783,1.0,456.36,scenario_north_heavy,val,development,0.5
1405,3i,150.0,11,1.7704,9,54.24,False,8,6.3097,1.0,335.44,scenario_north_heavy,val,development,0.5
1410,3i,150.0,11,1.3451,10,66.85,False,8,6.3828,1.0,216.38,scenario_north_heavy,val,development,0.5
1415,3i,150.0,13,2.8644,10,66.85,False,8,4.4256,1.0,112.52,scenario_north_heavy,val,development,0.5
1420,3i,150.0,13,0.7145,11,66.85,False,8,1.16,1.0,71.18,scenario_north_heavy,val,development,0.5
1425,3i,150.0,13,0.0002,13,70.85,False,9,2.6631,1.0,456.33,scenario_north_heavy,val,development,0.5
1430,3i,150.0,13,0.0,13,70.85,False,9,2.6076,1.0,337.25,scenario_north_heavy,val,development,0.5
1435,3i,150.0,13,0.0,13,70.85,False,9,2.6391,1.0,216.08,scenario_north_heavy,val,development,0.5
1440,3i,150.0,14,1.1033,13,70.85,False,9,1.7163,1.0,113.08,scenario_north_heavy,val,development,0.5
1445,3i,150.0,10,1.579,9,70.85,False,7,2.2557,1.0,70.85,scenario_north_heavy,val,development,0.5
1450,3i,150.0,11,2.5421,9,70.85,False,6,0.0,1.0,70.85,scenario_north_heavy,val,development,0.5
1455,3i,150.0,10,0.0014,10,77.85,False,6,0.0,1.0,70.85,scenario_north_heavy,val,development,0.5
1460,3i,150.0,10,0.0,10,77.85,False,7,3.3991,1.0,408.12,scenario_north_heavy,val,development,0.5
1465,3i,150.0,10,0.0,10,77.85,False,7,3.3612,1.0,288.19,scenario_north_heavy,val,development,0.5
1470,3i,150.0,10,0.0,10,77.85,False,9,7.8847,1.0,409.15,scenario_north_heavy,val,development,0.5
1475,3i,150.0,10,1.8519,8,77.85,False,8,8.24,8.87,287.76,scenario_north_heavy,val,development,0.5
1480,3i,150.0,9,2.6813,4,77.85,False,7,9.7975,8.63,167.75,scenario_north_heavy,val,development,0.5
1485,3i,150.0,11,3.5915,3,4.1,False,7,4.5109,1.0,93.37,scenario_north_heavy,val,development,0.5
1490,3i,150.0,11,1.1033,6,33.55,False,8,4.1775,1.0,480.3,scenario_north_heavy,val,development,0.5
1495,3i,150.0,11,0.0214,11,61.5,False,8,3.0743,1.0,359.18,scenario_north_heavy,val,development,0.5
1500,3i,150.0,11,0.0004,11,61.24,False,8,2.9554,1.0,237.93,scenario_north_heavy,val,development,0.5
1505,3i,150.0,12,1.5978,11,61.24,False,8,2.3967,1.0,124.48,scenario_north_heavy,val,development,0.5
1510,3i,150.0,12,1.2181,11,61.24,False,8,1.8271,1.0,61.24,scenario_north_heavy,val,development,0.5
1515,3i,150.0,12,0.1508,11,61.24,False,8,0.2263,1.0,61.24,scenario_north_heavy,val,development,0.5
1520,3i,150.0,14,2.285,12,61.24,False,8,0.0,1.0,61.24,scenario_north_heavy,val,development,0.5
1525,3i,150.0,14,0.8896,12,61.24,False,8,0.0,1.0,61.24,scenario_north_heavy,val,development,0.5
1530,3i,150.0,14,0.0567,13,61.24,False,8,0.0,1.0,61.24,scenario_north_heavy,val,development,0.5
1535,3i,150.0,10,0.0,10,68.24,False,5,0.0,4.1,61.24,scenario_north_heavy,val,development,0.5
1540,3i,150.0,11,1.7285,10,68.24,False,6,3.076,4.1,398.26,scenario_north_heavy,val,development,0.5
1545,3i,150.0,11,1.3698,10,68.24,False,6,3.0796,4.1,304.65,scenario_north_heavy,val,development,0.5
1550,3i,150.0,11,2.4715,10,68.24,False,6,3.2217,4.1,210.08,scenario_north_heavy,val,development,0.5
1555,3i,150.0,12,2.259,10,68.24,False,6,2.2085,4.1,133.12,scenario_north_heavy,val,development,0.5
1560,3i,150.0,11,0.5228,10,68.24,False,7,4.2343,4.1,408.43,scenario_north_heavy,val,development,0.5
1565,3i,150.0,9,0.1491,8,80.98,False,6,4.1415,15.5,289.12,scenario_north_heavy,val,development,0.5
1570,3i,150.0,8,1.9912,5,80.95,False,7,12.1832,6.86,483.3,scenario_north_heavy,val,development,0.5
1575,3i,150.0,9,3.5891,1,1.04,False,7,10.7493,1.04,347.92,scenario_north_heavy,val,development,0.5
1580,3i,150.0,9,2.3306,3,17.76,False,7,9.9878,1.0,214.8,scenario_north_heavy,val,development,0.5
1585,3i,150.0,11,3.7065,7,32.76,False,7,5.6647,1.0,112.16,scenario_north_heavy,val,development,0.5
1590,3i,150.0,11,1.2213,9,52.44,False,8,4.804,1.0,480.3,scenario_north_heavy,val,development,0.5
1595,3i,150.0,11,0.0117,11,65.15,False,8,3.0356,1.0,360.09,scenario_north_heavy,val,development,0.5
1600,3i,150.0,11,0.0,11,65.14,False,8,2.9726,1.0,241.03,scenario_north_heavy,val,development,0.5
1605,3i,150.0,12,1.6219,11,65.14,False,9,5.1456,1.0,456.45,scenario_north_heavy,val,development,0.5
1610,3i,150.0,12,1.2142,11,65.14,False,9,4.6044,1.0,323.23,scenario_north_heavy,val,development,0.5
1615,3i,150.0,12,0.1369,11,65.14,False,9,3.1865,1.0,188.01,scenario_north_heavy,val,development,0.5
1620,3i,150.0,13,1.0028,12,65.14,False,9,1.4485,1.0,94.83,scenario_north_heavy,val,development,0.5
1625,3i,150.0,11,1.5841,9,65.14,False,7,2.7492,1.0,437.03,scenario_north_heavy,val,development,0.5
1630,3i,150.0,11,1.0983,10,69.14,False,7,2.7376,1.0,343.25,scenario_north_heavy,val,development,0.5
1635,3i,150.0,10,0.0,10,69.14,False,7,2.7047,1.0,248.55,scenario_north_heavy,val,development,0.5
1640,3i,150.0,10,0.0,10,69.14,False,9,7.5628,1.0,433.0,scenario_north_heavy,val,development,0.5
1645,3i,150.0,11,1.5007,10,69.14,False,9,7.5095,1.0,314.3,scenario_north_heavy,val,development,0.5
1650,3i,150.0,11,0.6322,10,69.14,False,9,6.4699,1.0,191.68,scenario_north_heavy,val,development,0.5
1655,3i,150.0,12,2.7248,9,69.14,False,8,3.5804,1.0,101.8,scenario_north_heavy,val,development,0.5
1660,3i,150.0,10,1.9398,5,69.14,False,8,1.5987,1.0,73.5,scenario_north_heavy,val,development,0.5
1665,3i,150.0,10,1.5419,5,72.28,False,8,1.6015,1.0,72.28,scenario_north_heavy,val,development,0.5
1670,3i,150.0,11,2.5264,7,31.81,False,8,0.7024,1.0,56.64,scenario_north_heavy,val,development,0.5
1675,3i,150.0,11,1.3825,10,52.51,False,9,2.9859,1.0,403.58,scenario_north_heavy,val,development,0.5
1680,3i,150.0,11,0.3649,10,52.43,False,9,2.9316,1.0,269.44,scenario_north_heavy,val,development,0.5
1685,3i,150.0,13,3.7021,11,52.43,False,9,2.4377,1.0,141.86,scenario_north_heavy,val,development,0.5
1690,3i,150.0,13,1.7473,11,52.43,False,9,0.9473,1.0,71.23,scenario_north_heavy,val,development,0.5
1695,3i,150.0,13,0.1338,12,59.43,False,9,0.0144,1.0,59.43,scenario_north_heavy,val,development,0.5
1700,3i,150.0,13,0.0008,13,59.43,False,9,0.0,1.0,59.43,scenario_north_heavy,val,development,0.5
1705,3i,150.0,14,0.9958,13,59.43,False,9,0.0,1.0,59.43,scenario_north_heavy,val,development,0.5
1710,3i,150.0,14,0.5149,13,59.43,False,10,2.6296,1.0,376.96,scenario_north_heavy,val,development,0.5
1715,3i,150.0,10,0.3414,9,59.43,False,8,3.381,1.0,242.01,scenario_north_heavy,val,development,0.5
1720,3i,150.0,10,1.9347,9,59.43,False,8,2.4184,1.0,120.81,scenario_north_heavy,val,development,0.5
1725,3i,150.0,11,2.2393,9,59.43,False,8,0.6684,1.0,66.07,scenario_north_heavy,val,development,0.5
1730,3i,150.0,11,1.2278,10,63.43,False,8,0.0,1.0,63.43,scenario_north_heavy,val,development,0.5
1735,3i,150.0,10,0.0,10,63.43,False,8,0.0,1.0,63.43,scenario_north_heavy,val,development,0.5
1740,3i,150.0,11,1.4937,10,63.43,False,9,2.7778,1.0,480.3,scenario_north_heavy,val,development,0.5
1745,3i,150.0,10,2.2237,7,63.43,False,8,3.2058,10.51,359.88,scenario_north_heavy,val,development,0.5
1750,3i,150.0,8,2.301,3,63.43,False,7,4.7838,20.33,238.87,scenario_north_heavy,val,development,0.5
1755,3i,150.0,10,5.3474,4,26.42,False,7,4.5347,13.71,124.32,scenario_north_heavy,val,development,0.5
1760,3i,150.0,10,2.0405,7,41.45,False,7,1.4584,13.71,61.04,scenario_north_heavy,val,development,0.5
1765,3i,150.0,10,0.0225,9,49.44,False,7,0.0034,13.71,49.44,scenario_north_heavy,val,development,0.5
1770,3i,150.0,11,1.885,10,49.43,False,7,0.0001,13.71,49.43,scenario_north_heavy,val,development,0.5
1775,3i,150.0,11,1.1816,10,49.43,False,8,3.4197,13.71,455.94,scenario_north_heavy,val,development,0.5
1780,3i,150.0,11,0.1628,10,49.43,False,8,3.2637,13.71,323.01,scenario_north_heavy,val,development,0.5
1785,3i,150.0,11,0.0,11,49.43,False,8,3.4077,13.71,187.85,scenario_north_heavy,val,development,0.5
1790,3i,150.0,13,2.8277,11,49.43,False,8,1.8154,13.71,87.23,scenario_north_heavy,val,development,0.5
1795,3i,150.0,13,0.8653,11,49.43,False,8,0.0763,13.71,56.53,scenario_north_heavy,val,development,0.5
1800,3i,150.0,13,0.0104,13,56.43,False,8,0.0,13.71,56.43,scenario_north_heavy,val,development,0.5
1805,3i,150.0,11,1.566,9,56.43,False,8,0.0,13.71,56.43,scenario_north_heavy,val,development,0.5
1810,3i,150.0,10,1.3019,9,56.43,False,10,4.7012,13.71,434.93,scenario_north_heavy,val,development,0.5
1815,3i,150.0,9,0.0,9,56.43,False,10,4.6689,13.71,339.03,scenario_north_heavy,val,development,0.5
1820,3i,150.0,9,0.0,9,56.43,False,10,4.3215,13.71,243.35,scenario_north_heavy,val,development,0.5
1825,3i,150.0,11,2.6919,9,56.43,False,11,5.099,13.71,376.69,scenario_north_heavy,val,development,0.5
1830,3i,150.0,11,1.6846,10,60.44,False,11,4.1479,13.71,244.45,scenario_north_heavy,val,development,0.5
1835,3i,150.0,11,2.4832,7,60.43,False,11,2.4832,2.14,122.38,scenario_north_heavy,val,development,0.5
1840,3i,150.0,10,3.2494,4,60.43,False,10,3.2494,1.0,60.43,scenario_north_heavy,val,development,0.5
1845,3i,150.0,10,1.9757,3,5.11,False,11,4.216,1.0,402.38,scenario_north_heavy,val,development,0.5
1850,3i,150.0,10,0.5634,7,20.06,False,11,2.9999,1.0,265.33,scenario_north_heavy,val,development,0.5
1855,3i,150.0,11,2.1776,10,35.11,False,11,2.1776,1.0,134.41,scenario_north_heavy,val,development,0.5
1860,3i,150.0,12,2.2637,10,35.01,False,11,0.9538,1.0,54.27,scenario_north_heavy,val,development,0.5
1865,3i,150.0,12,0.2643,11,39.02,False,11,0.0061,1.0,39.02,scenario_north_heavy,val,development,0.5
1870,3i,150.0,12,0.0004,12,39.01,False,11,0.0,1.0,39.01,scenario_north_heavy,val,development,0.5
1875,3i,150.0,13,1.2314,12,39.01,False,11,0.0,1.0,39.01,scenario_north_heavy,val,development,0.5
1880,3i,150.0,13,0.685,12,39.01,False,11,0.0,1.0,39.01,scenario_north_heavy,val,development,0.5
1885,3i,150.0,13,0.1235,12,39.01,False,11,0.0,1.0,39.01,scenario_north_heavy,val,development,0.5
1890,3i,150.0,14,1.8374,13,39.01,False,12,2.2457,1.0,429.16,scenario_north_heavy,val,development,0.5
1895,3i,150.0,12,2.4255,9,39.01,False,10,2.7557,1.0,293.59,scenario_north_heavy,val,development,0.5
1900,3i,150.0,10,0.0383,9,39.01,False,10,2.6228,1.0,160.1,scenario_north_heavy,val,development,0.5
1905,3i,150.0,11,1.5802,10,43.01,False,10,1.7382,1.0,65.79,scenario_north_heavy,val,development,0.5
1910,3i,150.0,10,0.0,10,43.01,False,9,0.0,1.0,39.01,scenario_north_heavy,val,development,0.5
1915,3i,150.0,10,0.0,10,43.01,False,10,2.4136,1.0,382.15,scenario_north_heavy,val,development,0.5
1920,3i,150.0,10,0.0,10,43.01,False,10,2.4688,1.0,261.15,scenario_north_heavy,val,development,0.5
1925,3i,150.0,11,4.8216,8,43.01,False,9,3.0698,0.45,140.5,scenario_north_heavy,val,development,0.5
1930,3i,150.0,9,3.8411,3,43.01,False,7,3.2588,1.27,63.61,scenario_north_heavy,val,development,0.5
1935,3i,150.0,10,3.2344,5,48.52,False,7,0.9917,1.0,48.52,scenario_north_heavy,val,development,0.5
1940,3i,150.0,10,1.9459,7,24.08,False,7,0.3609,1.0,38.55,scenario_north_heavy,val,development,0.5
1945,3i,150.0,10,0.5234,9,35.04,False,9,6.1752,1.0,483.3,scenario_north_heavy,val,development,0.5
1950,3i,150.0,10,0.0001,10,35.01,False,9,6.0397,1.0,351.83,scenario_north_heavy,val,development,0.5
1955,3i,150.0,10,0.0,10,35.01,False,10,8.015,1.0,457.25,scenario_north_heavy,val,development,0.5
1960,3i,150.0,12,3.3388,10,35.01,False,10,6.64,1.0,323.97,scenario_north_heavy,val,development,0.5
1965,3i,150.0,12,1.1847,10,35.01,False,10,4.025,1.0,190.23,scenario_north_heavy,val,development,0.5
1970,3i,150.0,13,1.2242,12,42.01,False,10,1.5914,1.0,83.18,scenario_north_heavy,val,development,0.5
1975,3i,150.0,13,0.6308,12,42.01,False,10,0.82,1.0,42.01,scenario_north_heavy,val,development,0.5
1980,3i,150.0,13,0.0042,13,42.01,False,12,3.8938,1.0,455.53,scenario_north_heavy,val,development,0.5
1985,3i,150.0,9,0.0,9,42.01,False,10,4.6708,1.0,358.43,scenario_north_heavy,val,development,0.5
1990,3i,150.0,9,0.0,9,42.01,False,11,6.6314,1.0,402.38,scenario_north_heavy,val,development,0.5
1995,3i,150.0,10,1.5055,9,42.01,False,11,5.5359,1.0,267.65,scenario_north_heavy,val,development,0.5
2000,3i,150.0,12,3.3359,9,42.01,False,11,3.6392,1.0,137.11,scenario_north_heavy,val,development,0.5
2005,3i,150.0,12,2.1157,10,46.01,False,11,2.308,1.0,50.2,scenario_north_heavy,val,development,0.5
2010,3i,150.0,12,0.3579,10,46.01,False,11,0.3905,1.0,46.01,scenario_north_heavy,val,development,0.5
2015,3i,150.0,10,0.1548,9,46.01,False,9,0.172,1.0,46.01,scenario_north_heavy,val,development,0.5
2020,3i,150.0,8,1.5857,5,46.01,False,7,1.4626,1.0,46.01,scenario_north_heavy,val,development,0.5
2025,3i,150.0,8,1.4528,4,5.01,False,7,1.5515,1.0,38.05,scenario_north_heavy,val,development,0.5
2030,3i,150.0,10,3.4064,8,27.38,False,7,0.063,1.0,27.38,scenario_north_heavy,val,development,0.5
2035,3i,150.0,11,2.3831,8,27.01,False,7,0.0005,1.0,27.01,scenario_north_heavy,val,development,0.5
2040,3i,150.0,11,0.9937,10,31.01,False,7,0.0,1.0,27.01,scenario_north_heavy,val,development,0.5
2045,3i,150.0,11,0.0213,11,31.01,False,7,0.0,1.0,27.01,scenario_north_heavy,val,development,0.5
2050,3i,150.0,11,0.0,11,31.01,False,8,3.3557,1.0,402.15,scenario_north_heavy,val,development,0.5
2055,3i,150.0,11,0.0,11,31.01,False,9,5.637,1.0,431.57,scenario_north_heavy,val,development,0.5
2060,3i,150.0,12,1.9973,11,31.01,False,9,5.2907,1.0,311.12,scenario_north_heavy,val,development,0.5
2065,3i,150.0,13,2.1116,11,31.01,False,9,3.9588,1.0,191.31,scenario_north_heavy,val,development,0.5
2070,3i,150.0,14,1.4274,12,38.2,False,9,1.905,1.0,84.17,scenario_north_heavy,val,development,0.5
2075,3i,150.0,11,1.5063,8,38.01,False,7,1.7078,1.0,38.01,scenario_north_heavy,val,development,0.5
2080,3i,150.0,8,0.0,8,38.01,False,6,0.0,1.0,38.01,scenario_north_heavy,val,development,0.5
2085,3i,150.0,8,0.0,8,38.01,False,7,3.8299,1.0,375.28,scenario_north_heavy,val,development,0.5
2090,3i,150.0,8,0.0,8,38.01,False,8,6.7731,1.0,374.91,scenario_north_heavy,val,development,0.5
2095,3i,150.0,10,4.7381,8,38.01,False,8,6.6179,1.0,240.72,scenario_north_heavy,val,development,0.5
2100,3i,150.0,11,3.6868,8,38.01,False,8,4.0968,1.0,115.94,scenario_north_heavy,val,development,0.5
2105,3i,150.0,9,1.6983,7,42.02,False,6,2.3012,1.0,38.01,scenario_north_heavy,val,development,0.5
2110,3i,150.0,7,2.4557,3,42.01,False,5,2.8354,1.0,37.85,scenario_north_heavy,val,development,0.5
2115,3i,150.0,7,0.9044,4,5.02,False,7,6.6575,1.0,480.3,scenario_north_heavy,val,development,0.5
2120,3i,150.0,7,0.0158,7,20.07,False,8,7.64,1.0,456.2,scenario_north_heavy,val,development,0.5
2125,3i,150.0,7,0.0,7,20.01,False,8,7.8094,1.0,360.92,scenario_north_heavy,val,development,0.5
2130,3i,150.0,8,3.0745,7,20.01,False,8,7.749,1.0,267.45,scenario_north_heavy,val,development,0.5
2135,3i,150.0,9,3.1646,7,20.01,False,8,5.8633,1.0,173.97,scenario_north_heavy,val,development,0.5
2140,3i,150.0,10,2.4865,7,20.01,False,8,3.1082,1.0,87.88,scenario_north_heavy,val,development,0.5
2145,3i,150.0,10,1.0214,8,20.01,False,8,1.2767,1.0,29.8,scenario_north_heavy,val,development,0.5
2150,3i,150.0,10,0.1947,9,24.01,False,9,3.2316,1.0,456.16,scenario_north_heavy,val,development,0.5
2155,3i,150.0,10,0.0001,10,24.01,False,9,2.9468,1.0,322.42,scenario_north_heavy,val,development,0.5
2160,3i,150.0,10,0.0,10,24.01,False,9,2.9406,1.0,188.25,scenario_north_heavy,val,development,0.5
2165,3i,150.0,9,6.7117,6,24.01,False,5,3.9879,1.0,68.83,scenario_north_heavy,val,development,0.5
2170,3i,150.0,9,3.0875,6,24.01,False,5,1.8028,0.76,24.01,scenario_north_heavy,val,development,0.5
2175,3i,150.0,7,0.0069,7,36.73,False,4,0.0,1.0,24.01,scenario_north_heavy,val,development,0.5
2180,3i,150.0,7,0.0,7,36.72,False,4,0.0,1.0,24.01,scenario_north_heavy,val,development,0.5
2185,3i,150.0,7,0.0,7,36.72,False,6,9.2008,1.0,429.33,scenario_north_heavy,val,development,0.5
2190,3i,150.0,7,0.0,7,36.72,False,6,8.7237,1.0,294.09,scenario_north_heavy,val,development,0.5
2195,3i,150.0,5,0.3973,4,36.72,False,4,13.3867,16.0,161.64,scenario_north_heavy,val,development,0.5
2200,3i,150.0,6,9.865,0,0.0,False,3,11.5254,18.12,68.08,scenario_north_heavy,val,development,0.5
2205,3i,150.0,6,3.8312,1,1.0,False,3,2.7966,1.09,30.5,scenario_north_heavy,val,development,0.5
2210,3i,150.0,6,0.0362,6,21.9,False,3,0.0708,1.0,21.9,scenario_north_heavy,val,development,0.5
2215,3i,150.0,6,0.0,6,21.71,False,3,0.0,1.0,21.71,scenario_north_heavy,val,development,0.5
2220,3i,150.0,6,0.0,6,21.71,False,4,5.8646,1.0,433.17,scenario_north_heavy,val,development,0.5
2225,3i,150.0,6,0.0,6,21.71,False,4,6.0971,1.0,312.39,scenario_north_heavy,val,development,0.5
2230,3i,150.0,8,6.5731,6,21.71,False,4,6.0489,1.0,193.08,scenario_north_heavy,val,development,0.5
2235,3i,150.0,9,4.99,6,21.71,False,4,4.6154,1.0,81.9,scenario_north_heavy,val,development,0.5
2240,3i,150.0,9,1.0649,7,25.77,False,4,2.2297,1.0,21.71,scenario_north_heavy,val,development,0.5
2245,3i,150.0,9,0.0083,9,25.72,False,4,0.0187,1.0,21.71,scenario_north_heavy,val,development,0.5
2250,3i,150.0,9,0.0,9,25.72,False,4,0.0,1.0,21.71,scenario_north_heavy,val,development,0.5
2255,3i,150.0,5,0.0,5,25.72,False,4,13.2817,5.0,402.92,scenario_north_heavy,val,development,0.5
2260,3i,150.0,5,0.0,5,25.72,False,4,13.7339,5.0,269.28,scenario_north_heavy,val,development,0.5
2265,3i,150.0,7,6.759,5,25.72,False,4,11.8283,5.0,136.52,scenario_north_heavy,val,development,0.5
2270,3i,150.0,8,5.7484,5,25.72,False,4,6.5155,5.0,52.36,scenario_north_heavy,val,development,0.5
2275,3i,150.0,6,0.051,5,25.72,False,3,0.102,5.0,29.86,scenario_north_heavy,val,development,0.5
2280,3i,150.0,6,0.0002,6,29.72,False,3,0.0003,5.0,29.72,scenario_north_heavy,val,development,0.5
2285,3i,150.0,5,0.798,4,29.72,False,3,1.0422,0.59,29.72,scenario_north_heavy,val,development,0.5
2290,3i,150.0,3,4.8671,0,0.0,False,2,4.053,3.16,24.41,scenario_north_heavy,val,development,0.5
2295,3i,150.0,3,0.1696,2,5.03,False,2,0.2361,1.0,9.26,scenario_north_heavy,val,development,0.5
2300,3i,150.0,5,9.1368,3,9.0,False,2,0.0009,1.0,9.0,scenario_north_heavy,val,development,0.5
2305,3i,150.0,6,6.6297,3,9.0,False,2,0.0,1.0,9.0,scenario_north_heavy,val,development,0.5
2310,3i,150.0,6,2.5864,5,13.04,False,2,0.0,1.0,9.0,scenario_north_heavy,val,development,0.5
2315,3i,150.0,6,0.1798,5,13.0,False,2,0.0,1.0,9.0,scenario_north_heavy,val,development,0.5
2320,3i,150.0,6,0.0,6,13.0,False,4,13.1688,1.0,483.3,scenario_north_heavy,val,development,0.5
2325,3i,150.0,6,0.0,6,13.0,False,4,12.4553,1.0,352.98,scenario_north_heavy,val,development,0.5
2330,3i,150.0,6,0.0,6,13.0,False,4,12.357,1.0,227.68,scenario_north_heavy,val,development,0.5
2335,3i,150.0,9,7.0852,6,13.0,False,4,10.5741,1.0,105.54,scenario_north_heavy,val,development,0.5
2340,3i,150.0,9,2.8607,6,13.0,False,4,4.5527,1.0,30.54,scenario_north_heavy,val,development,0.5
2345,3i,150.0,6,1.0767,5,17.02,False,3,2.1468,1.0,9.0,scenario_north_heavy,val,development,0.5
2350,3i,150.0,5,0.0,5,17.01,False,2,0.0,1.0,9.0,scenario_north_heavy,val,development,0.5
2355,3i,150.0,5,0.0,5,17.01,False,3,7.9203,1.0,456.54,scenario_north_heavy,val,development,0.5
2360,3i,150.0,5,0.0,5,17.01,False,3,8.2971,1.0,335.64,scenario_north_heavy,val,development,0.5
2365,3i,150.0,6,3.8776,5,17.01,False,3,7.9022,1.0,216.05,scenario_north_heavy,val,development,0.5
2370,3i,150.0,7,5.3916,5,17.01,False,3,6.9708,1.0,99.49,scenario_north_heavy,val,development,0.5
2375,3i,150.0,6,4.7893,2,17.01,False,2,4.9274,7.77,30.16,scenario_north_heavy,val,development,0.5
2380,3i,150.0,5,3.3257,1,1.0,False,1,3.0421,15.62,15.62,scenario_north_heavy,val,development,0.5
2385,3i,150.0,5,0.0059,5,9.01,False,1,0.0261,9.01,9.01,scenario_north_heavy,val,development,0.5
2390,3i,150.0,5,0.0,5,9.0,False,1,0.0,9.0,9.0,scenario_north_heavy,val,development,0.5
2395,3i,150.0,5,0.0,5,9.0,False,1,0.0,9.0,9.0,scenario_north_heavy,val,development,0.5
2400,3i,150.0,6,3.7116,5,9.0,False,1,0.0,9.0,9.0,scenario_north_heavy,val,development,0.5
2405,3i,150.0,7,4.0299,5,9.0,False,1,0.0,9.0,9.0,scenario_north_heavy,val,development,0.5
2410,3i,150.0,8,2.5459,5,9.0,False,1,0.0,9.0,9.0,scenario_north_heavy,val,development,0.5
2415,3i,150.0,8,0.7671,7,13.71,False,1,0.0,9.0,9.0,scenario_north_heavy,val,development,0.5
2420,3i,150.0,8,0.0595,7,13.71,False,2,13.3541,9.0,402.79,scenario_north_heavy,val,development,0.5
2425,3i,150.0,8,0.0,8,16.0,False,3,16.8592,9.0,406.87,scenario_north_heavy,val,development,0.5
2430,3i,150.0,9,2.8915,8,16.0,False,3,16.5313,9.0,285.17,scenario_north_heavy,val,development,0.5
2435,3i,150.0,5,3.2243,4,16.0,False,3,13.5489,9.0,164.33,scenario_north_heavy,val,development,0.5
2440,3i,150.0,6,5.8069,4,16.0,False,2,9.6572,9.0,50.16,scenario_north_heavy,val,development,0.5
2445,3i,150.0,5,0.4517,4,16.0,False,1,0.0,9.0,9.0,scenario_north_heavy,val,development,0.5
2450,3i,150.0,5,0.0,5,28.72,False,2,12.5,9.0,480.3,scenario_north_heavy,val,development,0.5
2455,3i,150.0,5,0.0,5,28.72,False,2,12.2715,9.0,358.89,scenario_north_heavy,val,development,0.5
2460,3i,150.0,5,0.0,5,28.72,False,4,19.4831,9.0,376.36,scenario_north_heavy,val,development,0.5
2465,3i,150.0,4,6.0495,2,28.72,False,4,19.6499,7.64,241.64,scenario_north_heavy,val,development,0.5
2470,3i,150.0,5,13.7503,0,0.0,False,3,20.2864,35.13,113.42,scenario_north_heavy,val,development,0.5
2475,3i,150.0,5,4.7108,2,13.72,False,3,7.834,1.0,36.97,scenario_north_heavy,val,development,0.5
2480,3i,150.0,5,0.3348,4,20.75,False,3,0.558,1.0,20.75,scenario_north_heavy,val,development,0.5
2485,3i,150.0,5,0.0,5,20.71,False,3,0.0001,1.0,20.71,scenario_north_heavy,val,development,0.5
2490,3i,150.0,5,0.0,5,20.71,False,4,6.9425,1.0,483.3,scenario_north_heavy,val,development,0.5
2495,3i,150.0,5,0.0,5,20.71,False,4,6.6008,1.0,350.22,scenario_north_heavy,val,development,0.5
2500,3i,150.0,6,2.561,5,20.71,False,4,6.6752,1.0,215.83,scenario_north_heavy,val,development,0.5
2505,3i,150.0,8,5.9288,5,20.71,False,4,5.1903,1.0,93.15,scenario_north_heavy,val,development,0.5
2510,3i,150.0,8,1.9964,6,20.71,False,4,1.748,1.0,30.65,scenario_north_heavy,val,development,0.5
2515,3i,150.0,8,0.005,8,24.72,False,4,0.0089,1.0,24.72,scenario_north_heavy,val,development,0.5
2520,3i,150.0,8,0.0,8,24.71,False,4,0.0,1.0,24.71,scenario_north_heavy,val,development,0.5
2525,3i,150.0,4,0.0,4,24.71,False,4,13.4118,20.71,456.56,scenario_north_heavy,val,development,0.5
2530,3i,150.0,5,4.8133,4,24.71,False,4,13.0633,20.71,322.24,scenario_north_heavy,val,development,0.5
2535,3i,150.0,5,3.0889,4,24.71,False,4,13.3406,20.71,188.28,scenario_north_heavy,val,development,0.5
2540,3i,150.0,6,6.3712,4,24.71,False,4,9.5568,20.71,76.2,scenario_north_heavy,val,development,0.5
2545,3i,150.0,5,0.7087,4,24.71,False,3,1.1811,20.71,30.81,scenario_north_heavy,val,development,0.5
2550,3i,150.0,5,0.0027,5,28.72,False,4,4.8474,20.71,453.88,scenario_north_heavy,val,development,0.5
2555,3i,150.0,4,0.904,3,28.72,False,4,4.9102,20.07,358.5,scenario_north_heavy,val,development,0.5
2560,3i,150.0,3,3.1685,0,0.0,False,5,10.972,1.0,429.52,scenario_north_heavy,val,development,0.5
2565,3i,150.0,3,0.0102,3,9.02,False,5,8.9244,1.0,293.99,scenario_north_heavy,val,development,0.5
2570,3i,150.0,4,4.1357,3,9.0,False,5,8.1955,1.0,165.16,scenario_north_heavy,val,development,0.5
2575,3i,150.0,5,5.5517,3,9.0,False,5,5.5517,1.0,59.82,scenario_north_heavy,val,development,0.5
2580,3i,150.0,6,2.9913,4,9.0,False,5,1.2365,1.0,9.0,scenario_north_heavy,val,development,0.5
2585,3i,150.0,6,1.2108,5,9.0,False,6,4.6174,1.0,401.82,scenario_north_heavy,val,development,0.5
2590,3i,150.0,6,0.4834,5,9.0,False,6,4.3906,1.0,267.9,scenario_north_heavy,val,development,0.5
2595,3i,150.0,7,3.713,6,13.02,False,7,7.5343,1.0,403.92,scenario_north_heavy,val,development,0.5
2600,3i,150.0,7,1.8702,6,13.0,False,7,5.7193,1.0,269.07,scenario_north_heavy,val,development,0.5
2605,3i,150.0,9,5.7603,6,13.0,False,7,3.9332,1.0,135.79,scenario_north_heavy,val,development,0.5
2610,3i,150.0,9,2.9582,7,15.04,False,7,2.0889,1.0,41.29,scenario_north_heavy,val,development,0.5
2615,3i,150.0,6,0.3865,5,27.06,False,4,0.5725,1.0,9.27,scenario_north_heavy,val,development,0.5
2620,3i,150.0,5,0.0,5,27.05,False,3,0.0,1.0,9.0,scenario_north_heavy,val,development,0.5
2625,3i,150.0,5,0.0,5,27.05,False,3,0.0,1.0,9.0,scenario_north_heavy,val,development,0.5
2630,3i,150.0,5,0.0,5,27.05,False,5,9.1654,1.0,418.3,scenario_north_heavy,val,development,0.5
2635,3i,150.0,6,2.5992,5,27.05,False,5,9.1641,1.0,324.66,scenario_north_heavy,val,development,0.5
2640,3i,150.0,7,5.4855,5,27.05,False,5,8.8204,1.0,230.58,scenario_north_heavy,val,development,0.5
2645,3i,150.0,6,5.2927,2,27.05,False,3,10.5853,7.52,137.41,scenario_north_heavy,val,development,0.5
2650,3i,150.0,5,4.8081,1,1.0,False,2,9.6841,26.8,53.74,scenario_north_heavy,val,development,0.5
2655,3i,150.0,5,0.9139,4,19.05,False,2,2.2847,2.38,19.05,scenario_north_heavy,val,development,0.5
2660,3i,150.0,5,0.0,5,19.04,False,2,0.0001,1.0,19.04,scenario_north_heavy,val,development,0.5
2665,3i,150.0,6,3.5548,5,19.04,False,3,6.457,1.0,397.08,scenario_north_heavy,val,development,0.5
2670,3i,150.0,6,1.461,5,19.04,False,3,6.4268,1.0,302.77,scenario_north_heavy,val,development,0.5
2675,3i,150.0,7,3.3716,6,19.04,False,3,6.4417,1.0,207.56,scenario_north_heavy,val,development,0.5
2680,3i,150.0,8,3.4099,6,19.04,False,3,5.7945,1.0,114.19,scenario_north_heavy,val,development,0.5
2685,3i,150.0,8,1.3855,7,23.2,False,3,3.6004,1.0,47.92,scenario_north_heavy,val,development,0.5
2690,3i,150.0,8,0.4128,7,23.04,False,3,1.1004,1.0,19.04,scenario_north_heavy,val,development,0.5
2695,3i,150.0,9,2.7609,8,23.04,False,5,8.8916,1.0,480.3,scenario_north_heavy,val,development,0.5
2700,3i,150.0,9,1.4704,8,23.04,False,5,8.8245,1.0,377.59,scenario_north_heavy,val,development,0.5
2705,3i,150.0,5,1.1791,4,23.04,False,3,14.4607,19.04,282.18,scenario_north_heavy,val,development,0.5
2710,3i,150.0,5,4.9716,4,23.04,False,3,14.1224,19.04,189.13,scenario_north_heavy,val,development,0.5
2715,3i,150.0,6,4.5523,4,23.04,False,4,13.0785,17.32,480.3,scenario_north_heavy,val,development,0.5
2720,3i,150.0,5,1.7018,4,23.04,False,3,10.9008,19.04,358.51,scenario_north_heavy,val,development,0.5
2725,3i,150.0,5,0.8018,4,23.04,False,3,9.3033,19.04,237.51,scenario_north_heavy,val,development,0.5
2730,3i,150.0,6,3.7689,5,27.06,False,4,11.8448,19.04,458.53,scenario_north_heavy,val,development,0.5
2735,3i,150.0,5,3.5258,3,27.05,False,4,10.3105,18.31,338.29,scenario_north_heavy,val,development,0.5
2740,3i,150.0,4,2.5436,0,0.0,False,4,7.8153,1.3,216.34,scenario_north_heavy,val,development,0.5
2745,3i,150.0,6,7.2301,3,5.03,False,4,5.8048,1.0,100.49,scenario_north_heavy,val,development,0.5
2750,3i,150.0,6,2.7014,4,9.0,False,4,2.0729,1.0,32.54,scenario_north_heavy,val,development,0.5
2755,3i,150.0,6,0.0032,6,23.05,False,4,0.0049,1.0,23.05,scenario_north_heavy,val,development,0.5
2760,3i,150.0,6,0.0,6,23.04,False,4,0.0,1.0,23.04,scenario_north_heavy,val,development,0.5
2765,3i,150.0,7,2.1049,6,23.04,False,5,5.4793,1.0,429.51,scenario_north_heavy,val,development,0.5
2770,3i,150.0,7,0.6681,6,23.04,False,5,5.4814,1.0,296.81,scenario_north_heavy,val,development,0.5
2775,3i,150.0,7,0.002,7,23.04,False,5,5.4404,1.0,162.15,scenario_north_heavy,val,development,0.5
2780,3i,150.0,9,3.4954,7,23.04,False,5,2.9725,1.0,61.29,scenario_north_heavy,val,development,0.5
2785,3i,150.0,9,0.6038,7,23.04,False,5,0.2775,1.0,28.21,scenario_north_heavy,val,development,0.5
2790,3i,150.0,9,0.0002,9,27.05,False,5,0.0002,1.0,27.05,scenario_north_heavy,val,development,0.5
2795,3i,150.0,6,3.9925,5,27.05,False,4,0.0,1.0,27.05,scenario_north_heavy,val,development,0.5
2800,3i,150.0,6,3.0653,5,27.05,False,5,4.6827,1.0,408.5,scenario_north_heavy,val,development,0.5
2805,3i,150.0,5,0.0,5,27.05,False,5,4.9878,1.0,286.91,scenario_north_heavy,val,development,0.5
2810,3i,150.0,5,0.0,5,27.05,False,5,4.6908,1.0,166.34,scenario_north_heavy,val,development,0.5
2815,3i,150.0,7,5.2911,5,27.05,False,6,7.4186,1.0,455.49,scenario_north_heavy,val,development,0.5
2820,3i,150.0,6,1.8385,5,27.05,False,5,4.6913,1.0,336.52,scenario_north_heavy,val,development,0.5
2825,3i,150.0,4,1.1163,3,27.05,False,4,6.3431,8.22,215.11,scenario_north_heavy,val,development,0.5
2830,3i,150.0,5,4.7902,1,1.0,False,4,5.6424,1.0,101.86,scenario_north_heavy,val,development,0.5
2835,3i,150.0,5,2.619,4,23.17,False,5,7.8281,1.0,376.98,scenario_north_heavy,val,development,0.5
2840,3i,150.0,5,0.0715,4,23.04,False,5,5.4259,1.0,242.96,scenario_north_heavy,val,development,0.5
2845,3i,150.0,7,6.7182,5,23.04,False,5,4.48,1.0,114.29,scenario_north_heavy,val,development,0.5
2850,3i,150.0,7,2.9455,5,23.04,False,5,1.681,1.0,44.29,scenario_north_heavy,val,development,0.5
2855,3i,150.0,7,0.0007,7,35.76,False,5,0.001,1.0,35.76,scenario_north_heavy,val,development,0.5
2860,3i,150.0,7,0.0,7,35.76,False,5,0.0,1.0,35.76,scenario_north_heavy,val,development,0.5
2865,3i,150.0,8,1.8005,7,35.76,False,6,4.1667,1.0,480.3,scenario_north_heavy,val,development,0.5
2870,3i,150.0,8,0.7946,7,35.76,False,6,3.8927,1.0,361.2,scenario_north_heavy,val,development,0.5
2875,3i,150.0,8,0.0011,8,35.76,False,6,4.0419,1.0,239.35,scenario_north_heavy,val,development,0.5
2880,3i,150.0,10,4.3154,8,35.76,False,7,7.0662,1.0,483.3,scenario_north_heavy,val,development,0.5
2885,3i,150.0,7,2.9831,5,35.76,False,6,5.9011,1.0,351.09,scenario_north_heavy,val,development,0.5
2890,3i,150.0,6,0.0016,6,39.76,False,6,4.4806,1.0,215.82,scenario_north_heavy,val,development,0.5
2895,3i,150.0,7,2.6407,6,39.76,False,6,3.0809,1.0,98.87,scenario_north_heavy,val,development,0.5
2900,3i,150.0,7,2.1895,6,39.76,False,6,2.5544,1.0,39.76,scenario_north_heavy,val,development,0.5
2905,3i,150.0,6,0.0,6,39.76,False,5,0.0,1.0,39.76,scenario_north_heavy,val,development,0.5
2910,3i,150.0,6,0.0,6,39.76,False,5,0.0,1.0,39.76,scenario_north_heavy,val,development,0.5
2915,3i,150.0,6,2.8247,4,39.76,False,4,0.3645,13.46,39.76,scenario_north_heavy,val,development,0.5
2920,3i,150.0,7,4.1312,1,38.44,False,4,1.1595,1.04,38.44,scenario_north_heavy,val,development,0.5
2925,3i,150.0,7,1.5836,3,9.02,False,4,0.5308,1.0,27.44,scenario_north_heavy,val,development,0.5
2930,3i,150.0,8,2.1751,7,32.81,False,4,0.0021,1.0,25.72,scenario_north_heavy,val,development,0.5
2935,3i,150.0,8,1.1339,7,32.72,False,5,5.3201,1.0,429.13,scenario_north_heavy,val,development,0.5
2940,3i,150.0,8,0.0011,8,32.72,False,5,5.4843,1.0,293.69,scenario_north_heavy,val,development,0.5
2945,3i,150.0,8,0.0,8,32.72,False,5,5.1399,1.0,159.5,scenario_north_heavy,val,development,0.5
2950,3i,150.0,10,2.9263,8,32.72,False,5,2.6908,1.0,65.84,scenario_north_heavy,val,development,0.5
2955,3i,150.0,10,0.3427,8,32.72,False,5,0.2397,1.0,36.95,scenario_north_heavy,val,development,0.5
2960,3i,150.0,11,2.1937,10,36.72,False,5,0.0,1.0,36.72,scenario_north_heavy,val,development,0.5
2965,3i,150.0,11,1.5393,10,36.72,False,5,0.0,1.0,36.72,scenario_north_heavy,val,development,0.5
2970,3i,150.0,11,0.292,10,36.72,False,6,4.374,1.0,402.75,scenario_north_heavy,val,development,0.5
2975,3i,150.0,8,0.2788,7,36.72,False,6,4.57,1.0,267.17,scenario_north_heavy,val,development,0.5
2980,3i,150.0,9,5.7235,7,36.72,False,7,7.6826,1.0,456.89,scenario_north_heavy,val,development,0.5
2985,3i,150.0,9,2.9805,7,36.72,False,7,6.0468,1.0,321.42,scenario_north_heavy,val,development,0.5
2990,3i,150.0,8,0.0125,8,40.76,False,6,4.3915,1.0,186.32,scenario_north_heavy,val,development,0.5
2995,3i,150.0,9,1.7291,8,40.72,False,6,2.5935,1.0,80.52,scenario_north_heavy,val,development,0.5
3000,3i,150.0,9,1.0263,8,40.72,False,6,1.5394,1.0,36.72,scenario_north_heavy,val,development,0.5
3005,3i,150.0,7,0.1641,6,40.72,False,5,5.2896,1.0,404.43,scenario_north_heavy,val,development,0.5
3010,3i,150.0,6,2.222,3,40.33,False,5,7.2836,1.0,270.04,scenario_north_heavy,val,development,0.5
3015,3i,150.0,8,7.4079,3,5.0,False,5,5.6553,1.0,137.94,scenario_north_heavy,val,development,0.5
3020,3i,150.0,8,3.3894,6,20.02,False,5,2.5876,1.0,49.61,scenario_north_heavy,val,development,0.5
3025,3i,150.0,8,0.1614,6,20.01,False,5,0.0829,1.0,24.21,scenario_north_heavy,val,development,0.5
3030,3i,150.0,9,1.635,8,24.01,False,5,0.0005,1.0,24.01,scenario_north_heavy,val,development,0.5
3035,3i,150.0,9,0.5638,8,24.01,False,5,0.0,1.0,24.01,scenario_north_heavy,val,development,0.5
3040,3i,150.0,9,0.0022,9,24.01,False,6,4.4185,1.0,375.35,scenario_north_heavy,val,development,0.5
3045,3i,150.0,9,0.0,9,24.01,False,6,4.4401,1.0,242.87,scenario_north_heavy,val,development,0.5
3050,3i,150.0,11,4.3164,9,24.01,False,7,7.0217,1.0,377.1,scenario_north_heavy,val,development,0.5
3055,3i,150.0,11,1.9091,9,24.01,False,7,5.2278,1.0,242.78,scenario_north_heavy,val,development,0.5
3060,3i,150.0,12,1.9516,10,28.04,False,7,3.2779,1.0,114.36,scenario_north_heavy,val,development,0.5
3065,3i,150.0,8,2.0203,7,28.01,False,6,2.6938,1.0,29.72,scenario_north_heavy,val,development,0.5
3070,3i,150.0,7,0.0,7,28.01,False,5,0.0,1.0,28.01,scenario_north_heavy,val,development,0.5
3075,3i,150.0,7,0.0,7,28.01,False,5,0.0,1.0,28.01,scenario_north_heavy,val,development,0.5
3080,3i,150.0,7,0.0,7,28.01,False,6,4.01,1.0,456.24,scenario_north_heavy,val,development,0.5
3085,3i,150.0,9,5.1612,7,28.01,False,6,4.1063,1.0,334.2,scenario_north_heavy,val,development,0.5
3090,3i,150.0,9,2.5033,7,28.01,False,6,3.921,1.0,214.25,scenario_north_heavy,val,development,0.5
3095,3i,150.0,8,2.5893,6,32.01,False,4,4.9708,16.0,99.79,scenario_north_heavy,val,development,0.5
3100,3i,150.0,7,3.4376,2,31.72,False,4,4.5893,2.02,26.38,scenario_north_heavy,val,development,0.5
3105,3i,150.0,7,0.5959,4,9.3,False,6,9.2247,1.0,457.01,scenario_north_heavy,val,development,0.5
3110,3i,150.0,7,0.009,7,17.03,False,6,9.2074,1.0,322.73,scenario_north_heavy,val,development,0.5
3115,3i,150.0,7,0.0,7,17.01,False,6,8.9824,1.0,188.85,scenario_north_heavy,val,development,0.5
3120,3i,150.0,9,4.1014,7,17.01,False,6,6.1521,1.0,70.53,scenario_north_heavy,val,development,0.5
3125,3i,150.0,9,1.0414,7,17.01,False,6,1.5621,1.0,24.96,scenario_north_heavy,val,development,0.5
3130,3i,150.0,10,1.5425,9,24.01,False,6,0.0012,1.0,24.01,scenario_north_heavy,val,development,0.5
3135,3i,150.0,10,0.5132,9,24.01,False,6,0.0,1.0,24.01,scenario_north_heavy,val,development,0.5
3140,3i,150.0,10,0.0003,10,24.01,False,6,0.0,1.0,24.01,scenario_north_heavy,val,development,0.5
3145,3i,150.0,10,0.0,10,24.01,False,6,0.0,1.0,24.01,scenario_north_heavy,val,development,0.5
3150,3i,150.0,10,0.0,10,24.01,False,6,0.0,1.0,24.01,scenario_north_heavy,val,development,0.5
3155,3i,150.0,8,4.3923,6,24.01,False,4,0.0,1.0,24.01,scenario_north_heavy,val,development,0.5
3160,3i,150.0,9,3.4206,6,24.01,False,4,0.0,1.0,24.01,scenario_north_heavy,val,development,0.5
3165,3i,150.0,8,2.2301,7,28.01,False,4,0.0,1.0,24.01,scenario_north_heavy,val,development,0.5
3170,3i,150.0,7,0.0,7,28.01,False,4,0.0,1.0,24.01,scenario_north_heavy,val,development,0.5
3175,3i,150.0,7,0.0,7,28.01,False,6,7.9736,1.0,408.64,scenario_north_heavy,val,development,0.5
3180,3i,150.0,7,0.0,7,28.01,False,6,8.181,1.0,288.48,scenario_north_heavy,val,development,0.5
3185,3i,150.0,5,0.2189,4,28.01,False,5,9.978,7.91,167.31,scenario_north_heavy,val,development,0.5
3190,3i,150.0,6,6.9524,0,0.0,False,4,9.2776,1.43,68.3,scenario_north_heavy,val,development,0.5
3195,3i,150.0,7,3.4405,3,12.07,False,4,2.2692,1.0,26.16,scenario_north_heavy,val,development,0.5
3200,3i,150.0,7,0.9298,6,20.02,False,4,0.0227,1.0,20.02,scenario_north_heavy,val,development,0.5
3205,3i,150.0,7,0.0,7,20.01,False,4,0.0,1.0,20.01,scenario_north_heavy,val,development,0.5
3210,3i,150.0,7,0.0,7,20.01,False,5,4.7576,1.0,384.16,scenario_north_heavy,val,development,0.5
3215,3i,150.0,7,0.0,7,20.01,False,6,7.8496,1.0,386.94,scenario_north_heavy,val,development,0.5
3220,3i,150.0,9,5.2809,7,20.01,False,6,7.8404,1.0,271.24,scenario_north_heavy,val,development,0.5
3225,3i,150.0,9,2.6648,7,20.01,False,6,6.272,1.0,156.38,scenario_north_heavy,val,development,0.5
3230,3i,150.0,10,1.5923,8,27.02,False,6,2.65,1.0,59.87,scenario_north_heavy,val,development,0.5
3235,3i,150.0,10,0.5586,9,27.01,False,6,0.931,1.0,20.01,scenario_north_heavy,val,development,0.5
3240,3i,150.0,10,0.0027,10,27.01,False,7,3.971,1.0,483.3,scenario_north_heavy,val,development,0.5
3245,3i,150.0,6,0.0,6,27.01,False,5,10.1702,1.0,456.51,scenario_north_heavy,val,development,0.5
3250,3i,150.0,6,0.0,6,27.01,False,5,10.1641,1.0,335.67,scenario_north_heavy,val,development,0.5
3255,3i,150.0,8,5.4864,6,27.01,False,5,8.6934,1.0,215.71,scenario_north_heavy,val,development,0.5
3260,3i,150.0,9,4.5181,6,27.01,False,5,5.1633,1.0,100.7,scenario_north_heavy,val,development,0.5
3265,3i,150.0,8,2.1245,7,31.01,False,5,3.3993,1.0,31.01,scenario_north_heavy,val,development,0.5
3270,3i,150.0,7,0.0,7,31.01,False,4,0.0,1.0,31.01,scenario_north_heavy,val,development,0.5
3275,3i,150.0,5,0.3343,4,31.01,False,5,8.0042,10.33,455.36,scenario_north_heavy,val,development,0.5
3280,3i,150.0,4,3.1763,0,0.0,False,5,13.358,8.09,412.46,scenario_north_heavy,val,development,0.5
3285,3i,150.0,4,0.2506,3,12.14,False,5,11.8941,5.0,306.62,scenario_north_heavy,val,development,0.5
3290,3i,150.0,4,0.0005,4,16.0,False,5,10.7526,5.0,207.85,scenario_north_heavy,val,development,0.5
3295,3i,150.0,7,6.7843,4,16.0,False,5,9.4981,5.0,123.59,scenario_north_heavy,val,development,0.5
3300,3i,150.0,7,4.6855,4,16.0,False,5,6.5597,5.0,51.93,scenario_north_heavy,val,development,0.5
3305,3i,150.0,7,0.8284,5,16.0,False,5,1.1597,1.0,25.33,scenario_north_heavy,val,development,0.5
3310,3i,150.0,7,0.0044,7,20.02,False,7,6.9302,1.0,432.68,scenario_north_heavy,val,development,0.5
3315,3i,150.0,7,0.0,7,20.01,False,7,6.7335,1.0,313.7,scenario_north_heavy,val,development,0.5
3320,3i,150.0,7,0.0,7,20.01,False,7,6.7073,1.0,194.25,scenario_north_heavy,val,development,0.5
3325,3i,150.0,10,5.8447,7,20.01,False,7,5.3505,1.0,82.54,scenario_north_heavy,val,development,0.5
3330,3i,150.0,10,2.3203,7,20.01,False,7,1.4969,1.0,35.91,scenario_north_heavy,val,development,0.5
3335,3i,150.0,6,0.0007,6,34.05,False,4,0.001,5.0,34.05,scenario_north_heavy,val,development,0.5
3340,3i,150.0,6,0.0,6,34.05,False,4,0.0,5.0,34.05,scenario_north_heavy,val,development,0.5
3345,3i,150.0,6,0.0,6,34.05,False,5,4.87,5.0,431.8,scenario_north_heavy,val,development,0.5
3350,3i,150.0,6,0.0,6,34.05,False,5,4.7559,5.0,312.97,scenario_north_heavy,val,development,0.5
3355,3i,150.0,7,3.7966,6,34.05,False,5,4.7959,5.0,192.74,scenario_north_heavy,val,development,0.5
3360,3i,150.0,9,4.9001,6,34.05,False,5,3.1857,5.0,89.73,scenario_north_heavy,val,development,0.5
3365,3i,150.0,7,1.9357,3,34.05,False,4,2.6402,14.68,34.05,scenario_north_heavy,val,development,0.5
3370,3i,150.0,6,1.0938,2,1.0,False,4,1.3672,1.0,30.84,scenario_north_heavy,val,development,0.5
3375,3i,150.0,6,0.5282,4,5.06,False,4,0.3774,1.0,19.77,scenario_north_heavy,val,development,0.5
3380,3i,150.0,6,0.0063,6,26.08,False,4,0.0003,1.0,19.04,scenario_north_heavy,val,development,0.5
3385,3i,150.0,6,0.0,6,26.04,False,4,0.0,1.0,19.04,scenario_north_heavy,val,development,0.5
3390,3i,150.0,7,3.4693,6,26.04,False,4,0.0,1.0,19.04,scenario_north_heavy,val,development,0.5
3395,3i,150.0,9,4.9904,6,26.04,False,4,0.0,1.0,19.04,scenario_north_heavy,val,development,0.5
3400,3i,150.0,9,2.9342,7,33.05,False,4,0.0,1.0,19.04,scenario_north_heavy,val,development,0.5
3405,3i,150.0,9,1.2559,7,33.05,False,4,0.0,1.0,19.04,scenario_north_heavy,val,development,0.5
3410,3i,150.0,9,0.1732,8,33.05,False,5,5.554,1.0,483.3,scenario_north_heavy,val,development,0.5
3415,3i,150.0,9,0.0001,9,33.05,False,5,5.4337,1.0,349.48,scenario_north_heavy,val,development,0.5
3420,3i,150.0,9,0.0,9,33.05,False,5,5.3699,1.0,214.01,scenario_north_heavy,val,development,0.5
3425,3i,150.0,8,7.8999,5,33.05,False,4,4.8132,1.0,93.76,scenario_north_heavy,val,development,0.5
3430,3i,150.0,8,4.8891,5,33.05,False,4,3.6205,1.0,19.04,scenario_north_heavy,val,development,0.5
3435,3i,150.0,6,0.0006,6,37.05,False,3,0.0,1.0,19.04,scenario_north_heavy,val,development,0.5
3440,3i,150.0,6,0.0,6,37.05,False,3,0.0,1.0,19.04,scenario_north_heavy,val,development,0.5
3445,3i,150.0,6,0.0,6,37.05,False,4,6.9425,1.0,483.3,scenario_north_heavy,val,development,0.5
3450,3i,150.0,6,0.0,6,37.05,False,4,6.7466,1.0,348.92,scenario_north_heavy,val,development,0.5
3455,3i,150.0,5,0.6204,4,37.05,False,3,10.0465,1.68,215.52,scenario_north_heavy,val,development,0.5
3460,3i,150.0,7,9.9824,0,0.0,False,2,10.976,1.5,96.95,scenario_north_heavy,val,development,0.5
3465,3i,150.0,7,4.5677,3,15.18,False,2,3.7379,1.0,36.43,scenario_north_heavy,val,development,0.5
3470,3i,150.0,7,0.0922,6,23.02,False,2,0.0386,1.0,23.02,scenario_north_heavy,val,development,0.5
3475,3i,150.0,7,0.0,7,23.01,False,2,0.0,1.0,23.01,scenario_north_heavy,val,development,0.5
3480,3i,150.0,7,0.0,7,23.01,False,4,12.4757,1.0,456.96,scenario_north_heavy,val,development,0.5
3485,3i,150.0,7,0.0,7,23.01,False,4,12.7616,1.0,322.41,scenario_north_heavy,val,development,0.5
3490,3i,150.0,8,2.9135,7,23.01,False,4,12.3911,1.0,189.32,scenario_north_heavy,val,development,0.5
3495,3i,150.0,9,3.6485,7,23.01,False,4,8.2091,1.0,78.52,scenario_north_heavy,val,development,0.5
3500,3i,150.0,10,2.2804,7,23.01,False,4,2.6781,1.0,23.01,scenario_north_heavy,val,development,0.5
3505,3i,150.0,10,0.7594,9,23.01,False,4,0.0008,1.0,23.01,scenario_north_heavy,val,development,0.5
3510,3i,150.0,10,0.3138,9,23.01,False,5,4.9587,1.0,455.51,scenario_north_heavy,val,development,0.5
3515,3i,150.0,6,0.0026,6,27.01,False,3,7.986,1.0,335.36,scenario_north_heavy,val,development,0.5
3520,3i,150.0,6,0.0,6,27.01,False,3,8.0325,1.0,215.46,scenario_north_heavy,val,development,0.5
3525,3i,150.0,7,2.8239,6,27.01,False,3,6.589,1.0,101.02,scenario_north_heavy,val,development,0.5
3530,3i,150.0,8,4.2591,6,27.01,False,3,5.6349,1.0,23.01,scenario_north_heavy,val,development,0.5
3535,3i,150.0,7,1.6709,6,27.01,False,2,0.0,1.0,23.01,scenario_north_heavy,val,development,0.5
3540,3i,150.0,7,0.5994,6,27.01,False,2,0.0,1.0,23.01,scenario_north_heavy,val,development,0.5
3545,3i,150.0,5,0.5849,4,41.12,False,1,0.0,23.01,23.01,scenario_north_heavy,val,development,0.5
3550,3i,150.0,4,1.8244,0,0.0,False,2,14.9338,8.72,401.79,scenario_north_heavy,val,development,0.5
3555,3i,150.0,5,5.4636,2,5.0,False,2,13.6015,5.0,267.6,scenario_north_heavy,val,development,0.5
3560,3i,150.0,6,6.8317,4,23.08,False,2,12.2807,5.0,135.61,scenario_north_heavy,val,development,0.5
3565,3i,150.0,7,4.6867,4,23.04,False,2,7.3768,5.0,35.99,scenario_north_heavy,val,development,0.5
3570,3i,150.0,7,0.5402,5,23.04,False,2,0.6955,1.0,5.0,scenario_north_heavy,val,development,0.5
3575,3i,150.0,7,0.0005,7,35.76,False,3,8.3333,1.0,480.3,scenario_north_heavy,val,development,0.5
3580,3i,150.0,7,0.0,7,35.76,False,3,8.1191,1.0,358.42,scenario_north_heavy,val,development,0.5
3585,3i,150.0,7,0.0,7,35.76,False,5,14.175,1.0,399.0,scenario_north_heavy,val,development,0.5
3590,3i,150.0,8,2.7305,7,35.76,False,5,13.4204,1.0,304.53,scenario_north_heavy,val,development,0.5
3595,3i,150.0,9,3.7998,7,35.76,False,5,10.5071,1.0,211.73,scenario_north_heavy,val,development,0.5
3600,3i,150.0,10,2.5729,7,35.76,False,5,5.1458,1.0,118.6,scenario_north_heavy,val,development,0.5
0,4i,150.0,0,0.0,0,0.0,False,0,,,,scenario_north_heavy,val,development,0.5
5,4i,150.0,0,0.0,0,0.0,False,1,24.1416,383.71,383.71,scenario_north_heavy,val,development,0.5
10,4i,150.0,0,0.0,0,0.0,False,1,23.7048,264.39,264.39,scenario_north_heavy,val,development,0.5
15,4i,150.0,3,24.6191,0,0.0,False,1,23.2807,145.43,145.43,scenario_north_heavy,val,development,0.5
20,4i,150.0,3,15.3164,0,0.0,False,3,23.147,37.98,407.73,scenario_north_heavy,val,development,0.5
25,4i,150.0,1,0.0,1,1.0,False,2,26.0919,265.7,286.15,scenario_north_heavy,val,development,0.5
30,4i,150.0,3,17.762,1,1.0,False,2,26.3678,131.09,164.95,scenario_north_heavy,val,development,0.5
35,4i,150.0,3,14.925,0,0.0,False,4,19.7713,32.44,418.94,scenario_north_heavy,val,development,0.5
40,4i,150.0,2,2.7203,0,0.0,False,3,17.1152,4.33,324.43,scenario_north_heavy,val,development,0.5
45,4i,150.0,4,13.1851,2,1.0,False,3,15.0988,1.0,231.31,scenario_north_heavy,val,development,0.5
50,4i,150.0,5,9.1751,2,1.0,False,4,14.4083,1.0,408.32,scenario_north_heavy,val,development,0.5
55,4i,150.0,5,2.6863,3,5.06,False,4,9.5198,1.0,285.46,scenario_north_heavy,val,development,0.5
60,4i,150.0,6,5.093,4,5.0,False,5,11.5585,1.0,483.3,scenario_north_heavy,val,development,0.5
65,4i,150.0,8,5.8828,5,8.0,False,6,10.5398,1.0,415.57,scenario_north_heavy,val,development,0.5
70,4i,150.0,8,2.0305,6,9.01,False,6,8.4529,1.0,320.21,scenario_north_heavy,val,development,0.5
75,4i,150.0,9,2.8979,7,9.0,False,6,6.6804,1.0,224.89,scenario_north_heavy,val,development,0.5
80,4i,150.0,11,3.5076,8,20.71,False,7,6.9351,1.0,402.74,scenario_north_heavy,val,development,0.5
85,4i,150.0,11,1.2546,9,20.71,False,7,5.0898,1.0,271.49,scenario_north_heavy,val,development,0.5
90,4i,150.0,14,5.3409,10,20.71,False,7,4.6388,1.0,139.79,scenario_north_heavy,val,development,0.5
95,4i,150.0,9,4.5567,3,12.0,False,7,9.3423,1.0,417.36,scenario_north_heavy,val,development,0.5
100,4i,150.0,6,2.3819,3,12.0,False,6,9.089,1.0,321.99,scenario_north_heavy,val,development,0.5
105,4i,150.0,6,7.7857,4,19.0,False,6,11.5304,1.0,456.24,scenario_north_heavy,val,development,0.5
110,4i,150.0,7,7.0637,4,19.0,False,8,12.3975,1.0,436.35,scenario_north_heavy,val,development,0.5
115,4i,150.0,6,2.5405,4,19.0,False,8,10.3883,1.0,341.98,scenario_north_heavy,val,development,0.5
120,4i,150.0,7,3.5048,5,23.01,False,9,10.4089,1.0,457.17,scenario_north_heavy,val,development,0.5
125,4i,150.0,6,5.3562,3,23.01,False,8,11.7825,1.0,435.12,scenario_north_heavy,val,development,0.5
130,4i,150.0,6,4.6738,2,1.0,False,8,9.2994,1.0,339.18,scenario_north_heavy,val,development,0.5
135,4i,150.0,7,3.7155,4,5.02,False,9,7.0458,1.0,456.36,scenario_north_heavy,val,development,0.5
140,4i,150.0,7,0.9955,6,13.73,False,10,6.6266,1.0,432.08,scenario_north_heavy,val,development,0.5
145,4i,150.0,9,2.6984,7,13.71,False,10,5.2108,1.0,319.1,scenario_north_heavy,val,development,0.5
150,4i,150.0,9,1.4075,7,13.71,False,11,6.6651,1.0,456.28,scenario_north_heavy,val,development,0.5
155,4i,150.0,12,4.087,8,26.42,False,12,7.2644,1.0,431.36,scenario_north_heavy,val,development,0.5
160,4i,150.0,12,1.6785,9,26.42,False,12,5.6154,1.0,309.56,scenario_north_heavy,val,development,0.5
165,4i,150.0,13,1.3755,11,39.13,False,13,5.2103,1.0,429.44,scenario_north_heavy,val,development,0.5
170,4i,150.0,15,2.3795,12,39.13,False,14,5.23,1.0,432.6,scenario_north_heavy,val,development,0.5
175,4i,150.0,15,0.2218,13,39.13,False,14,3.7498,1.0,313.61,scenario_north_heavy,val,development,0.5
180,4i,150.0,16,0.9299,15,43.14,False,14,2.7514,1.0,193.32,scenario_north_heavy,val,development,0.5
185,4i,150.0,14,3.3236,7,42.15,False,10,2.9748,1.0,86.46,scenario_north_heavy,val,development,0.5
190,4i,150.0,11,3.1902,6,34.05,False,8,3.5415,1.0,40.1,scenario_north_heavy,val,development,0.5
195,4i,150.0,7,0.0012,7,38.05,False,6,4.4463,1.0,429.55,scenario_north_heavy,val,development,0.5
200,4i,150.0,10,5.0872,7,38.05,False,6,4.481,1.0,295.38,scenario_north_heavy,val,development,0.5
205,4i,150.0,9,1.8354,7,38.05,False,6,4.3769,1.0,160.92,scenario_north_heavy,val,development,0.5
210,4i,150.0,9,1.9931,8,45.05,False,6,2.9878,1.0,65.36,scenario_north_heavy,val,development,0.5
215,4i,150.0,8,3.1456,5,45.05,False,5,6.8347,7.06,456.92,scenario_north_heavy,val,development,0.5
220,4i,150.0,8,3.2505,2,44.86,False,4,8.1492,1.0,321.85,scenario_north_heavy,val,development,0.5
225,4i,150.0,9,3.3572,4,15.04,False,5,11.3762,1.0,401.2,scenario_north_heavy,val,development,0.5
230,4i,150.0,10,3.0152,7,30.08,False,5,9.1025,1.0,266.39,scenario_north_heavy,val,development,0.5
235,4i,150.0,11,1.7698,9,34.15,False,5,5.1517,1.0,154.21,scenario_north_heavy,val,development,0.5
240,4i,150.0,12,2.0242,10,34.05,False,5,3.6781,1.0,68.44,scenario_north_heavy,val,development,0.5
245,4i,150.0,14,3.2464,10,34.05,False,6,5.1128,1.0,455.45,scenario_north_heavy,val,development,0.5
250,4i,150.0,14,0.9762,12,48.09,False,6,4.0317,1.0,335.78,scenario_north_heavy,val,development,0.5
255,4i,150.0,15,1.0341,14,60.8,False,6,4.1444,1.0,214.02,scenario_north_heavy,val,development,0.5
260,4i,150.0,17,2.69,14,60.8,False,6,2.593,1.0,110.74,scenario_north_heavy,val,development,0.5
265,4i,150.0,17,1.1094,14,60.8,False,6,0.5007,1.0,69.12,scenario_north_heavy,val,development,0.5
270,4i,150.0,18,0.9107,17,67.8,False,6,0.0002,1.0,67.8,scenario_north_heavy,val,development,0.5
275,4i,150.0,13,2.1041,9,67.8,False,3,0.0,1.0,67.8,scenario_north_heavy,val,development,0.5
280,4i,150.0,13,3.4516,9,67.8,False,3,0.0,1.0,67.8,scenario_north_heavy,val,development,0.5
285,4i,150.0,12,2.0955,10,74.8,False,3,0.0,1.0,67.8,scenario_north_heavy,val,development,0.5
290,4i,150.0,12,2.7886,10,74.8,False,4,6.8763,1.0,455.79,scenario_north_heavy,val,development,0.5
295,4i,150.0,12,1.4091,11,81.8,False,4,6.5477,1.0,321.14,scenario_north_heavy,val,development,0.5
300,4i,150.0,12,1.3679,11,81.8,False,4,6.3257,1.0,187.91,scenario_north_heavy,val,development,0.5
305,4i,150.0,13,2.7632,10,81.8,False,4,7.6919,23.04,474.59,scenario_north_heavy,val,development,0.5
310,4i,150.0,14,2.5816,8,85.83,False,5,8.2956,15.26,473.26,scenario_north_heavy,val,development,0.5
315,4i,150.0,14,1.8773,9,85.6,False,5,7.8757,9.08,377.38,scenario_north_heavy,val,development,0.5
320,4i,150.0,15,2.0468,9,47.53,False,6,9.9817,9.0,474.59,scenario_north_heavy,val,development,0.5
325,4i,150.0,16,1.5845,12,60.9,False,6,8.9744,9.0,381.39,scenario_north_heavy,val,development,0.5
330,4i,150.0,17,1.4414,15,75.85,False,6,7.0859,9.0,288.19,scenario_north_heavy,val,development,0.5
335,4i,150.0,18,1.5368,15,75.76,False,7,7.2388,7.24,473.26,scenario_north_heavy,val,development,0.5
340,4i,150.0,19,1.1461,16,75.76,False,7,5.7319,5.0,377.85,scenario_north_heavy,val,development,0.5
345,4i,150.0,20,1.2779,17,82.76,False,7,4.1258,5.0,282.97,scenario_north_heavy,val,development,0.5
350,4i,150.0,21,1.2556,18,82.76,False,8,5.9418,5.0,483.3,scenario_north_heavy,val,development,0.5
355,4i,150.0,23,1.5258,19,82.76,False,9,6.6558,5.0,455.36,scenario_north_heavy,val,development,0.5
360,4i,150.0,23,0.7113,21,86.76,False,9,6.0717,5.0,361.02,scenario_north_heavy,val,development,0.5
365,4i,150.0,21,2.1448,15,86.76,False,10,10.1631,6.94,483.3,scenario_north_heavy,val,development,0.5
370,4i,150.0,19,1.4848,14,86.76,False,9,12.4527,4.99,455.94,scenario_north_heavy,val,development,0.5
375,4i,150.0,16,0.977,15,90.77,False,7,13.4061,9.0,321.34,scenario_north_heavy,val,development,0.5
380,4i,150.0,18,3.0811,15,90.77,False,7,11.2384,9.0,191.72,scenario_north_heavy,val,development,0.5
385,4i,150.0,18,1.5775,15,90.77,False,7,6.7243,6.91,455.92,scenario_north_heavy,val,development,0.5
390,4i,150.0,17,0.7932,16,94.77,False,6,5.3937,9.0,361.46,scenario_north_heavy,val,development,0.5
395,4i,150.0,17,2.2616,13,94.77,False,8,8.5344,1.0,483.3,scenario_north_heavy,val,development,0.5
400,4i,150.0,16,1.4417,10,94.77,False,7,8.7392,1.0,380.28,scenario_north_heavy,val,development,0.5
405,4i,150.0,17,1.5738,9,101.77,False,7,8.8426,1.0,287.14,scenario_north_heavy,val,development,0.5
410,4i,150.0,18,1.8513,9,101.7,False,7,6.2249,1.0,193.49,scenario_north_heavy,val,development,0.5
415,4i,150.0,20,2.33,10,57.1,False,7,3.2374,1.0,102.56,scenario_north_heavy,val,development,0.5
420,4i,150.0,20,1.3338,15,76.06,False,7,1.6241,1.0,94.37,scenario_north_heavy,val,development,0.5
425,4i,150.0,21,1.2912,18,91.06,False,7,0.4967,1.0,91.06,scenario_north_heavy,val,development,0.5
430,4i,150.0,23,1.5048,20,90.77,False,9,5.0767,1.0,435.39,scenario_north_heavy,val,development,0.5
435,4i,150.0,23,0.3595,21,94.77,False,9,5.2043,1.0,339.99,scenario_north_heavy,val,development,0.5
440,4i,150.0,25,1.5493,23,94.77,False,9,3.7514,1.0,245.46,scenario_north_heavy,val,development,0.5
445,4i,150.0,25,0.4551,23,94.77,False,11,5.5133,1.0,399.04,scenario_north_heavy,val,development,0.5
450,4i,150.0,26,0.4677,25,101.77,False,11,5.0113,1.0,304.63,scenario_north_heavy,val,development,0.5
455,4i,150.0,22,0.916,17,101.77,False,8,5.3561,38.76,211.11,scenario_north_heavy,val,development,0.5
460,4i,150.0,21,2.1175,17,101.77,False,10,7.5309,18.55,399.19,scenario_north_heavy,val,development,0.5
465,4i,150.0,20,1.5078,18,105.77,False,9,6.6353,38.76,304.8,scenario_north_heavy,val,development,0.5
470,4i,150.0,19,1.2733,18,105.77,False,8,5.2008,38.76,212.29,scenario_north_heavy,val,development,0.5
475,4i,150.0,20,1.1851,18,105.77,False,9,4.7898,19.45,396.47,scenario_north_heavy,val,development,0.5
480,4i,150.0,20,0.9219,18,105.77,False,8,2.7548,38.76,300.64,scenario_north_heavy,val,development,0.5
485,4i,150.0,19,0.5008,17,112.77,False,8,2.4273,38.76,204.59,scenario_north_heavy,val,development,0.5
490,4i,150.0,21,2.1419,14,112.77,False,10,6.4012,34.08,415.88,scenario_north_heavy,val,development,0.5
495,4i,150.0,21,1.8155,14,125.48,False,10,6.4143,20.83,320.66,scenario_north_heavy,val,development,0.5
500,4i,150.0,22,1.7004,14,125.48,False,10,3.2958,1.0,226.76,scenario_north_heavy,val,development,0.5
505,4i,150.0,24,1.7193,16,125.01,False,11,4.3531,1.0,409.44,scenario_north_heavy,val,development,0.5
510,4i,150.0,24,0.9282,17,130.16,False,11,3.8255,1.0,288.35,scenario_north_heavy,val,development,0.5
515,4i,150.0,25,1.5384,20,88.56,False,11,2.7774,1.0,178.43,scenario_north_heavy,val,development,0.5
520,4i,150.0,27,1.3934,22,107.68,False,11,0.8079,1.0,126.1,scenario_north_heavy,val,development,0.5
525,4i,150.0,27,0.4517,25,118.49,False,11,0.0143,1.0,118.49,scenario_north_heavy,val,development,0.5
530,4i,150.0,27,0.2114,26,118.44,False,11,0.0001,1.0,118.44,scenario_north_heavy,val,development,0.5
535,4i,150.0,29,0.6826,26,118.44,False,14,5.7574,1.0,402.83,scenario_north_heavy,val,development,0.5
540,4i,150.0,30,0.8099,28,125.44,False,14,5.6852,1.0,269.9,scenario_north_heavy,val,development,0.5
545,4i,150.0,28,1.1299,21,125.44,False,13,3.8205,9.68,166.39,scenario_north_heavy,val,development,0.5
550,4i,150.0,27,1.8248,21,125.44,False,15,7.395,20.71,406.63,scenario_north_heavy,val,development,0.5
555,4i,150.0,24,0.7927,22,129.44,False,15,6.3191,9.02,285.52,scenario_north_heavy,val,development,0.5
560,4i,150.0,23,0.7336,22,129.44,False,13,3.735,20.71,178.72,scenario_north_heavy,val,development,0.5
565,4i,150.0,25,1.4625,22,129.44,False,13,2.8126,20.71,133.88,scenario_north_heavy,val,development,0.5
570,4i,150.0,25,0.7276,23,133.44,False,13,1.3993,7.53,133.44,scenario_north_heavy,val,development,0.5
575,4i,150.0,24,0.1722,22,133.44,False,13,0.098,1.0,133.44,scenario_north_heavy,val,development,0.5
580,4i,150.0,25,2.1002,19,133.44,False,14,3.6388,1.0,409.5,scenario_north_heavy,val,development,0.5
585,4i,150.0,25,1.7826,16,137.44,False,14,3.7115,1.0,288.46,scenario_north_heavy,val,development,0.5
590,4i,150.0,26,1.5631,15,137.44,False,14,3.1975,1.0,185.58,scenario_north_heavy,val,development,0.5
595,4i,150.0,28,1.9433,17,137.44,False,16,4.9296,1.0,415.99,scenario_north_heavy,val,development,0.5
600,4i,150.0,28,1.0768,16,141.31,False,16,4.2211,1.0,320.54,scenario_north_heavy,val,development,0.5
605,4i,150.0,29,1.2414,19,61.14,False,17,4.1586,1.0,456.14,scenario_north_heavy,val,development,0.5
610,4i,150.0,31,1.3996,23,91.85,False,18,4.159,1.0,438.27,scenario_north_heavy,val,development,0.5
615,4i,150.0,31,0.4932,27,111.57,False,18,3.1446,1.0,326.49,scenario_north_heavy,val,development,0.5
620,4i,150.0,32,0.801,30,122.01,False,18,2.6626,1.0,211.76,scenario_north_heavy,val,development,0.5
625,4i,150.0,34,1.0659,30,121.74,False,20,3.7801,1.0,428.92,scenario_north_heavy,val,development,0.5
630,4i,150.0,34,0.09,33,125.74,False,20,2.7053,1.0,294.86,scenario_north_heavy,val,development,0.5
635,4i,150.0,30,0.9698,25,125.73,False,17,2.5271,12.0,180.69,scenario_north_heavy,val,development,0.5
640,4i,150.0,28,1.4447,24,125.73,False,16,3.0345,12.0,429.5,scenario_north_heavy,val,development,0.5
645,4i,150.0,26,0.4231,25,129.74,False,16,2.3547,6.8,295.41,scenario_north_heavy,val,development,0.5
650,4i,150.0,26,0.6706,25,129.74,False,16,2.2858,12.0,455.6,scenario_north_heavy,val,development,0.5
655,4i,150.0,28,1.3763,25,129.74,False,18,4.1759,12.0,431.08,scenario_north_heavy,val,development,0.5
660,4i,150.0,28,0.3408,26,133.74,False,18,3.7322,12.0,316.6,scenario_north_heavy,val,development,0.5
665,4i,150.0,27,0.256,25,133.74,False,18,3.0178,10.11,217.61,scenario_north_heavy,val,development,0.5
670,4i,150.0,28,1.7143,21,133.74,False,17,2.2347,34.58,138.99,scenario_north_heavy,val,development,0.5
675,4i,150.0,28,1.2269,21,137.74,False,17,1.7389,23.81,137.74,scenario_north_heavy,val,development,0.5
680,4i,150.0,28,0.5627,20,137.74,False,18,2.0394,5.81,431.68,scenario_north_heavy,val,development,0.5
685,4i,150.0,31,1.4625,22,137.74,False,20,3.7162,5.0,435.23,scenario_north_heavy,val,development,0.5
690,4i,150.0,31,1.0116,23,141.74,False,20,3.4444,5.0,340.16,scenario_north_heavy,val,development,0.5
695,4i,150.0,32,0.923,24,140.7,False,21,4.3794,5.0,429.5,scenario_north_heavy,val,development,0.5
700,4i,150.0,33,0.9948,26,107.43,False,23,4.7424,5.0,434.65,scenario_north_heavy,val,development,0.5
705,4i,150.0,33,0.326,30,119.09,False,23,3.3487,5.0,341.18,scenario_north_heavy,val,development,0.5
710,4i,150.0,35,0.5643,33,126.87,False,24,3.2503,5.0,407.94,scenario_north_heavy,val,development,0.5
715,4i,150.0,35,0.2525,34,130.76,False,25,3.1974,5.0,456.48,scenario_north_heavy,val,development,0.5
720,4i,150.0,37,0.331,36,144.78,False,25,2.0351,5.0,337.46,scenario_north_heavy,val,development,0.5
725,4i,150.0,33,1.0878,27,144.78,False,23,2.3743,9.47,215.88,scenario_north_heavy,val,development,0.5
730,4i,150.0,31,1.5817,27,144.78,False,23,4.1527,7.0,456.15,scenario_north_heavy,val,development,0.5
735,4i,150.0,28,0.4545,27,144.78,False,20,2.974,20.01,358.24,scenario_north_heavy,val,development,0.5
740,4i,150.0,28,0.5699,27,144.78,False,20,3.2029,20.01,403.7,scenario_north_heavy,val,development,0.5
745,4i,150.0,28,0.6394,27,144.78,False,21,3.2394,20.01,454.42,scenario_north_heavy,val,development,0.5
750,4i,150.0,28,0.6934,27,144.78,False,21,2.6797,20.01,359.06,scenario_north_heavy,val,development,0.5
755,4i,150.0,28,0.9558,24,144.78,False,22,2.8444,6.42,403.65,scenario_north_heavy,val,development,0.5
760,4i,150.0,27,1.648,21,144.78,False,22,2.1536,1.0,286.15,scenario_north_heavy,val,development,0.5
765,4i,150.0,27,0.7717,21,144.78,False,22,1.3532,1.0,202.94,scenario_north_heavy,val,development,0.5
770,4i,150.0,28,0.9277,21,144.78,False,22,1.1,1.0,160.54,scenario_north_heavy,val,development,0.5
775,4i,150.0,28,0.9066,21,144.78,False,23,2.02,1.0,455.31,scenario_north_heavy,val,development,0.5
780,4i,150.0,29,0.8509,20,144.75,False,23,1.4936,1.0,335.58,scenario_north_heavy,val,development,0.5
785,4i,150.0,30,1.1736,22,143.12,False,24,2.1418,1.0,384.52,scenario_north_heavy,val,development,0.5
790,4i,150.0,31,0.5981,24,104.1,False,25,2.3542,1.0,457.17,scenario_north_heavy,val,development,0.5
795,4i,150.0,33,0.4305,30,130.3,False,25,1.8454,1.0,323.04,scenario_north_heavy,val,development,0.5
800,4i,150.0,35,0.7008,33,145.05,True,26,2.3769,1.0,375.15,scenario_north_heavy,val,development,0.5
805,4i,150.0,36,0.8613,33,144.8,False,27,2.3437,1.0,483.3,scenario_north_heavy,val,development,0.5
810,4i,150.0,36,0.1669,35,144.78,False,28,2.5377,1.0,480.3,scenario_north_heavy,val,development,0.5
815,4i,150.0,33,0.7161,29,144.78,False,25,2.4775,5.0,360.47,scenario_north_heavy,val,development,0.5
820,4i,150.0,32,1.4705,27,144.78,False,26,3.4345,3.14,480.3,scenario_north_heavy,val,development,0.5
825,4i,150.0,29,0.5845,27,144.78,False,26,3.2397,5.0,473.26,scenario_north_heavy,val,development,0.5
830,4i,150.0,29,0.8908,27,144.78,False,26,3.084,5.0,376.86,scenario_north_heavy,val,development,0.5
835,4i,150.0,29,1.3612,27,144.78,False,26,2.3893,3.13,289.08,scenario_north_heavy,val,development,0.5
840,4i,150.0,28,0.4772,27,144.78,False,25,1.185,5.0,206.42,scenario_north_heavy,val,development,0.5
845,4i,150.0,27,0.6804,24,144.78,False,24,0.7036,1.0,180.82,scenario_north_heavy,val,development,0.5
850,4i,150.0,27,1.8399,21,144.78,False,26,2.6482,0.85,480.3,scenario_north_heavy,val,development,0.5
855,4i,150.0,27,0.8667,20,144.78,False,27,2.9474,0.85,455.69,scenario_north_heavy,val,development,0.5
860,4i,150.0,28,0.9958,21,144.78,False,27,2.3419,0.85,348.7,scenario_north_heavy,val,development,0.5
865,4i,150.0,29,1.5055,21,144.78,False,28,2.9924,0.85,480.3,scenario_north_heavy,val,development,0.5
870,4i,150.0,29,0.982,21,144.77,False,28,2.4656,0.85,359.55,scenario_north_heavy,val,development,0.5
875,4i,150.0,30,0.8322,22,143.27,False,28,1.6643,0.85,239.05,scenario_north_heavy,val,development,0.5
880,4i,150.0,31,1.1688,26,115.84,False,30,2.8938,0.85,483.3,scenario_north_heavy,val,development,0.5
885,4i,150.0,32,0.4346,29,125.94,False,31,2.6961,0.85,454.38,scenario_north_heavy,val,development,0.5
890,4i,150.0,33,0.4766,31,143.76,False,31,1.8126,0.85,360.05,scenario_north_heavy,val,development,0.5
895,4i,150.0,33,0.2413,32,143.67,False,32,2.1555,0.85,483.3,scenario_north_heavy,val,development,0.5
900,4i,150.0,34,0.4887,32,143.67,False,32,1.8153,0.85,349.49,scenario_north_heavy,val,development,0.5
905,4i,150.0,32,1.1503,25,143.67,False,30,1.5645,0.85,241.27,scenario_north_heavy,val,development,0.5
910,4i,150.0,29,1.3779,25,143.67,False,27,0.6681,0.85,202.94,scenario_north_heavy,val,development,0.5
915,4i,150.0,27,0.9561,25,143.67,False,28,2.1755,0.85,432.73,scenario_north_heavy,val,development,0.5
920,4i,150.0,26,0.6663,25,143.67,False,27,1.5751,0.85,312.78,scenario_north_heavy,val,development,0.5
925,4i,150.0,27,1.517,25,143.67,False,27,0.7544,0.85,222.96,scenario_north_heavy,val,development,0.5
930,4i,150.0,27,1.0963,25,143.67,False,28,1.5666,0.85,373.93,scenario_north_heavy,val,development,0.5
935,4i,150.0,25,0.7848,23,143.67,False,27,1.7366,10.48,241.09,scenario_north_heavy,val,development,0.5
940,4i,150.0,25,1.5966,19,143.67,False,26,1.3908,1.51,205.72,scenario_north_heavy,val,development,0.5
945,4i,150.0,26,1.472,18,143.67,False,29,3.2265,1.0,429.07,scenario_north_heavy,val,development,0.5
950,4i,150.0,26,0.9657,18,143.67,False,29,2.4944,1.0,300.81,scenario_north_heavy,val,development,0.5
955,4i,150.0,27,1.4435,19,143.67,False,29,1.8342,1.0,216.14,scenario_north_heavy,val,development,0.5
960,4i,150.0,28,1.4499,20,143.42,False,32,3.4388,1.0,415.67,scenario_north_heavy,val,development,0.5
965,4i,150.0,29,0.9266,21,149.01,True,32,2.7522,1.0,320.02,scenario_north_heavy,val,development,0.5
970,4i,150.0,30,1.0913,23,99.99,False,32,1.6967,1.0,235.29,scenario_north_heavy,val,development,0.5
975,4i,150.0,31,0.4532,28,129.39,False,33,1.8069,1.0,382.99,scenario_north_heavy,val,development,0.5
980,4i,150.0,33,0.3717,32,147.15,True,33,1.3141,1.0,263.83,scenario_north_heavy,val,development,0.5
985,4i,150.0,34,0.8967,32,146.83,True,33,1.1185,1.0,212.06,scenario_north_heavy,val,development,0.5
990,4i,150.0,35,1.0273,32,146.82,True,33,0.5838,1.0,206.01,scenario_north_heavy,val,development,0.5
995,4i,150.0,30,0.6579,25,146.82,True,30,0.3541,1.0,203.23,scenario_north_heavy,val,development,0.5
1000,4i,150.0,26,0.2379,25,146.82,True,26,0.0006,1.0,202.89,scenario_north_heavy,val,development,0.5
1005,4i,150.0,27,1.3491,25,146.82,True,29,2.4996,1.0,407.35,scenario_north_heavy,val,development,0.5
1010,4i,150.0,27,1.0956,25,146.82,True,29,2.3734,1.0,290.6,scenario_north_heavy,val,development,0.5
1015,4i,150.0,26,1.0215,25,146.82,True,29,1.827,1.0,225.45,scenario_north_heavy,val,development,0.5
1020,4i,150.0,27,1.1716,25,146.82,True,32,3.174,1.0,418.52,scenario_north_heavy,val,development,0.5
1025,4i,150.0,26,0.788,22,146.82,True,31,2.436,1.0,325.46,scenario_north_heavy,val,development,0.5
1030,4i,150.0,24,0.694,20,146.82,True,30,1.8897,1.0,238.44,scenario_north_heavy,val,development,0.5
1035,4i,150.0,26,2.0798,19,146.82,True,32,3.0708,1.0,407.04,scenario_north_heavy,val,development,0.5
1040,4i,150.0,26,1.6649,17,146.82,True,32,2.414,1.0,291.88,scenario_north_heavy,val,development,0.5
1045,4i,150.0,26,0.9697,16,146.82,True,32,1.3971,1.0,235.64,scenario_north_heavy,val,development,0.5
1050,4i,150.0,28,1.8251,16,146.35,True,33,1.6185,1.0,377.03,scenario_north_heavy,val,development,0.5
1055,4i,150.0,29,1.3494,17,55.06,False,33,1.2292,1.0,272.95,scenario_north_heavy,val,development,0.5
1060,4i,150.0,30,0.4417,22,84.34,False,33,0.8815,1.0,231.87,scenario_north_heavy,val,development,0.5
1065,4i,150.0,33,1.32,26,109.56,False,33,0.979,1.0,231.85,scenario_north_heavy,val,development,0.5
1070,4i,150.0,33,0.7578,29,124.52,False,33,0.6908,1.0,230.97,scenario_north_heavy,val,development,0.5
1075,4i,150.0,34,0.0427,33,149.51,True,33,0.3453,1.0,226.79,scenario_north_heavy,val,development,0.5
1080,4i,150.0,36,0.8439,34,149.15,True,35,1.4826,1.0,417.74,scenario_north_heavy,val,development,0.5
1085,4i,150.0,32,1.1732,26,149.15,True,31,1.5993,0.89,325.74,scenario_north_heavy,val,development,0.5
1090,4i,150.0,27,0.2633,26,149.15,True,29,0.856,1.0,237.51,scenario_north_heavy,val,development,0.5
1095,4i,150.0,27,0.582,26,149.15,True,30,1.4352,1.0,403.1,scenario_north_heavy,val,development,0.5
1100,4i,150.0,28,1.2045,26,149.15,True,30,1.1644,1.0,287.35,scenario_north_heavy,val,development,0.5
1105,4i,150.0,27,0.3383,26,149.15,True,31,1.0848,1.0,456.34,scenario_north_heavy,val,development,0.5
1110,4i,150.0,28,1.1893,26,149.15,True,31,1.3798,1.0,432.26,scenario_north_heavy,val,development,0.5
1115,4i,150.0,26,0.9699,23,149.15,True,29,1.2757,16.0,323.67,scenario_north_heavy,val,development,0.5
1120,4i,150.0,25,0.5291,21,149.15,True,30,2.363,1.6,456.56,scenario_north_heavy,val,development,0.5
1125,4i,150.0,27,1.6619,19,149.15,True,30,2.2637,1.0,326.1,scenario_north_heavy,val,development,0.5
1130,4i,150.0,27,1.3889,20,149.15,True,30,1.6706,1.0,240.72,scenario_north_heavy,val,development,0.5
1135,4i,150.0,27,0.6304,19,149.15,True,31,1.8868,1.0,456.67,scenario_north_heavy,val,development,0.5
1140,4i,150.0,29,1.5169,21,149.09,True,31,1.4529,1.0,329.21,scenario_north_heavy,val,development,0.5
1145,4i,150.0,29,0.923,21,146.72,True,31,0.9169,1.0,245.01,scenario_north_heavy,val,development,0.5
1150,4i,150.0,30,0.2222,25,105.53,False,31,0.803,1.0,230.16,scenario_north_heavy,val,development,0.5
1155,4i,150.0,33,1.1784,28,120.47,False,33,2.3423,1.0,430.17,scenario_north_heavy,val,development,0.5
1160,4i,150.0,34,0.4935,32,149.72,True,33,1.5845,1.0,316.46,scenario_north_heavy,val,development,0.5
1165,4i,150.0,34,0.0036,34,149.19,True,34,1.7464,1.0,428.96,scenario_north_heavy,val,development,0.5
1170,4i,150.0,36,0.8905,34,149.15,True,35,1.7948,1.0,432.39,scenario_north_heavy,val,development,0.5
1175,4i,150.0,32,1.0549,26,149.15,True,33,1.7629,1.0,312.1,scenario_north_heavy,val,development,0.5
1180,4i,150.0,27,0.2712,26,149.15,True,32,2.3046,1.0,428.57,scenario_north_heavy,val,development,0.5
1185,4i,150.0,28,1.2118,26,149.15,True,31,1.707,1.0,310.3,scenario_north_heavy,val,development,0.5
1190,4i,150.0,27,0.5184,26,149.15,True,30,0.9893,1.0,247.22,scenario_north_heavy,val,development,0.5
1195,4i,150.0,27,0.6933,26,149.15,True,30,1.4407,1.0,430.88,scenario_north_heavy,val,development,0.5
1200,4i,150.0,28,1.2032,26,149.15,True,30,1.117,1.0,316.59,scenario_north_heavy,val,development,0.5
1205,4i,150.0,26,0.7164,23,149.15,True,28,0.7779,3.41,247.2,scenario_north_heavy,val,development,0.5
1210,4i,150.0,26,1.0104,21,149.15,True,28,0.9382,1.0,247.2,scenario_north_heavy,val,development,0.5
1215,4i,150.0,27,1.7109,20,149.15,True,29,1.6863,1.0,456.66,scenario_north_heavy,val,development,0.5
1220,4i,150.0,27,0.8997,19,149.15,True,29,1.169,1.0,336.07,scenario_north_heavy,val,development,0.5
1225,4i,150.0,28,0.8324,23,149.15,True,29,1.049,1.0,247.2,scenario_north_heavy,val,development,0.5
1230,4i,150.0,29,1.5072,19,149.05,True,30,1.6793,1.0,456.96,scenario_north_heavy,val,development,0.5
1235,4i,150.0,29,0.687,22,146.64,True,30,1.3172,1.0,335.24,scenario_north_heavy,val,development,0.5
1240,4i,150.0,31,0.6679,28,147.33,True,30,1.0203,1.0,247.2,scenario_north_heavy,val,development,0.5
1245,4i,150.0,33,1.0808,30,142.08,False,31,1.6143,1.0,455.76,scenario_north_heavy,val,development,0.5
1250,4i,150.0,34,0.3208,32,149.48,True,31,1.0821,1.0,341.55,scenario_north_heavy,val,development,0.5
1255,4i,150.0,35,0.526,34,149.16,True,32,1.0726,1.0,409.78,scenario_north_heavy,val,development,0.5
1260,4i,150.0,35,0.4218,34,149.15,True,34,1.969,1.0,457.12,scenario_north_heavy,val,development,0.5
1265,4i,150.0,32,1.0872,26,149.15,True,32,2.2785,1.0,342.52,scenario_north_heavy,val,development,0.5
1270,4i,150.0,27,0.4027,26,149.15,True,30,1.5013,1.0,279.72,scenario_north_heavy,val,development,0.5
1275,4i,150.0,28,1.2197,26,149.15,True,32,2.7781,1.0,457.23,scenario_north_heavy,val,development,0.5
1280,4i,150.0,27,0.5433,26,149.15,True,31,2.0009,1.0,337.0,scenario_north_heavy,val,development,0.5
1285,4i,150.0,27,0.5239,26,149.15,True,30,1.0344,1.0,278.98,scenario_north_heavy,val,development,0.5
1290,4i,150.0,28,1.2416,26,149.15,True,30,0.6325,1.0,273.22,scenario_north_heavy,val,development,0.5
1295,4i,150.0,27,0.5562,23,149.15,True,29,0.4692,3.49,273.21,scenario_north_heavy,val,development,0.5
1300,4i,150.0,26,1.0205,21,149.15,True,27,0.4147,1.01,273.21,scenario_north_heavy,val,development,0.5
1305,4i,150.0,27,1.7147,20,149.15,True,28,1.1577,1.0,480.3,scenario_north_heavy,val,development,0.5
1310,4i,150.0,27,0.8299,20,149.15,True,29,1.9609,1.0,480.3,scenario_north_heavy,val,development,0.5
1315,4i,150.0,28,0.9202,19,149.15,True,29,1.8098,1.0,364.91,scenario_north_heavy,val,development,0.5
1320,4i,150.0,29,1.6688,20,149.1,True,30,2.3597,1.0,480.3,scenario_north_heavy,val,development,0.5
1325,4i,150.0,29,0.8612,23,146.79,True,30,2.0525,1.0,360.98,scenario_north_heavy,val,development,0.5
1330,4i,150.0,31,0.7441,24,124.02,False,30,1.5742,1.0,273.21,scenario_north_heavy,val,development,0.5
1335,4i,150.0,33,1.2446,28,130.7,False,32,2.7898,1.0,483.3,scenario_north_heavy,val,development,0.5
1340,4i,150.0,34,0.3725,32,149.94,True,33,2.5635,1.0,480.3,scenario_north_heavy,val,development,0.5
1345,4i,150.0,36,1.0098,33,149.17,True,33,1.6478,1.0,382.7,scenario_north_heavy,val,development,0.5
1350,4i,150.0,38,1.5358,34,149.15,True,34,1.8743,1.0,473.26,scenario_north_heavy,val,development,0.5
1355,4i,150.0,33,0.8893,26,149.15,True,33,1.9271,1.0,381.58,scenario_north_heavy,val,development,0.5
1360,4i,150.0,31,1.0428,26,149.15,True,30,1.5267,1.0,291.33,scenario_north_heavy,val,development,0.5
1365,4i,150.0,30,0.5595,28,149.15,True,31,2.9056,1.0,483.3,scenario_north_heavy,val,development,0.5
1370,4i,150.0,31,0.6349,29,149.15,True,32,2.8083,1.0,456.13,scenario_north_heavy,val,development,0.5
1375,4i,150.0,32,0.8832,30,149.15,True,32,1.9903,1.0,347.9,scenario_north_heavy,val,development,0.5
1380,4i,150.0,33,0.9123,30,149.15,True,33,1.5906,1.0,473.26,scenario_north_heavy,val,development,0.5
1385,4i,150.0,31,0.532,27,149.15,True,31,1.4356,1.0,397.41,scenario_north_heavy,val,development,0.5
1390,4i,150.0,31,0.8559,26,149.15,True,31,0.9413,1.0,343.07,scenario_north_heavy,val,development,0.5
1395,4i,150.0,32,1.1181,29,149.15,True,33,1.8088,1.0,483.3,scenario_north_heavy,val,development,0.5
1400,4i,150.0,32,0.4578,31,149.15,True,34,2.0562,1.0,455.73,scenario_north_heavy,val,development,0.5
1405,4i,150.0,33,0.5875,31,149.15,True,34,1.6394,1.0,355.3,scenario_north_heavy,val,development,0.5
1410,4i,150.0,34,0.9645,32,149.1,True,34,1.2039,1.0,322.2,scenario_north_heavy,val,development,0.5
1415,4i,150.0,34,0.305,33,147.97,True,37,2.6981,1.0,432.47,scenario_north_heavy,val,development,0.5
1420,4i,150.0,35,0.462,34,146.08,True,37,1.7864,1.0,340.17,scenario_north_heavy,val,development,0.5
1425,4i,150.0,36,0.7785,34,145.26,True,37,1.2529,1.0,328.05,scenario_north_heavy,val,development,0.5
1430,4i,150.0,36,0.2762,35,145.15,True,40,2.095,1.0,434.59,scenario_north_heavy,val,development,0.5
1435,4i,150.0,37,0.4344,35,145.15,True,40,1.5479,1.0,366.75,scenario_north_heavy,val,development,0.5
1440,4i,150.0,37,0.0816,36,145.15,True,40,1.0287,1.0,338.49,scenario_north_heavy,val,development,0.5
1445,4i,150.0,35,0.8122,30,145.15,True,40,2.0745,5.0,431.32,scenario_north_heavy,val,development,0.5
1450,4i,150.0,32,1.7075,25,145.15,True,38,1.7841,5.0,349.44,scenario_north_heavy,val,development,0.5
1455,4i,150.0,28,1.6431,25,145.15,True,34,1.2317,5.0,343.45,scenario_north_heavy,val,development,0.5
1460,4i,150.0,26,0.6583,25,145.15,True,34,1.3781,5.0,419.31,scenario_north_heavy,val,development,0.5
1465,4i,150.0,26,0.7052,25,145.15,True,34,1.2373,5.0,360.97,scenario_north_heavy,val,development,0.5
1470,4i,150.0,27,1.2871,25,145.15,True,34,0.8157,5.0,346.28,scenario_north_heavy,val,development,0.5
1475,4i,150.0,25,0.5492,23,145.15,True,34,0.9571,1.0,402.75,scenario_north_heavy,val,development,0.5
1480,4i,150.0,25,0.8177,20,145.15,True,34,0.6608,1.0,360.91,scenario_north_heavy,val,development,0.5
1485,4i,150.0,26,1.4385,18,145.15,True,34,0.4439,1.0,358.8,scenario_north_heavy,val,development,0.5
1490,4i,150.0,26,1.0859,18,145.15,True,35,0.9018,1.0,411.85,scenario_north_heavy,val,development,0.5
1495,4i,150.0,27,0.9722,19,145.15,True,35,0.6785,1.0,358.8,scenario_north_heavy,val,development,0.5
1500,4i,150.0,27,0.6208,19,144.99,False,35,0.7144,1.0,358.8,scenario_north_heavy,val,development,0.5
1505,4i,150.0,29,0.7937,21,106.7,False,37,1.6602,1.0,423.7,scenario_north_heavy,val,development,0.5
1510,4i,150.0,30,0.7217,24,118.53,False,37,1.6231,1.0,358.8,scenario_north_heavy,val,development,0.5
1515,4i,150.0,31,0.225,30,148.26,True,37,1.4075,1.0,358.8,scenario_north_heavy,val,development,0.5
1520,4i,150.0,32,0.5049,31,147.22,True,40,2.3483,1.0,420.86,scenario_north_heavy,val,development,0.5
1525,4i,150.0,33,0.5774,31,147.15,True,40,1.5191,1.0,376.12,scenario_north_heavy,val,development,0.5
1530,4i,150.0,33,0.215,32,147.14,True,40,1.1212,1.0,373.8,scenario_north_heavy,val,development,0.5
1535,4i,150.0,29,0.7405,24,147.14,True,40,1.9421,1.0,417.39,scenario_north_heavy,val,development,0.5
1540,4i,150.0,28,1.3782,24,147.14,True,39,2.0297,1.0,373.6,scenario_north_heavy,val,development,0.5
1545,4i,150.0,26,0.7236,24,147.14,True,37,1.5307,1.0,371.95,scenario_north_heavy,val,development,0.5
1550,4i,150.0,24,0.0,24,147.14,True,36,1.6537,1.0,416.81,scenario_north_heavy,val,development,0.5
1555,4i,150.0,26,1.4307,24,147.14,True,36,1.5149,1.0,364.34,scenario_north_heavy,val,development,0.5
1560,4i,150.0,25,0.273,24,147.14,True,35,0.6773,1.0,362.35,scenario_north_heavy,val,development,0.5
1565,4i,150.0,25,0.7135,23,147.14,True,34,0.6499,1.0,361.89,scenario_north_heavy,val,development,0.5
1570,4i,150.0,26,1.6654,18,147.14,True,34,0.658,1.0,361.8,scenario_north_heavy,val,development,0.5
1575,4i,150.0,26,0.9142,19,147.14,True,35,1.1734,1.0,480.3,scenario_north_heavy,val,development,0.5
1580,4i,150.0,27,1.0354,19,147.14,True,35,0.7345,1.0,378.61,scenario_north_heavy,val,development,0.5
1585,4i,150.0,28,1.3167,20,147.14,True,35,0.7028,1.0,361.8,scenario_north_heavy,val,development,0.5
1590,4i,150.0,28,0.8544,21,146.65,True,35,0.7351,1.0,361.8,scenario_north_heavy,val,development,0.5
1595,4i,150.0,29,0.764,22,116.75,False,37,1.542,1.0,428.41,scenario_north_heavy,val,development,0.5
1600,4i,150.0,32,1.1346,27,128.52,False,37,1.0914,1.0,391.24,scenario_north_heavy,val,development,0.5
1605,4i,150.0,32,0.226,29,145.36,True,38,1.0034,1.0,456.35,scenario_north_heavy,val,development,0.5
1610,4i,150.0,33,0.5448,32,144.15,False,39,1.4671,1.0,438.0,scenario_north_heavy,val,development,0.5
1615,4i,150.0,34,0.7674,32,144.11,False,39,1.4911,1.0,390.8,scenario_north_heavy,val,development,0.5
1620,4i,150.0,34,0.2432,32,144.11,False,39,1.1742,1.0,390.8,scenario_north_heavy,val,development,0.5
1625,4i,150.0,31,1.0344,25,144.11,False,37,1.239,1.0,390.8,scenario_north_heavy,val,development,0.5
1630,4i,150.0,28,1.2541,25,144.11,False,35,0.9617,1.0,390.75,scenario_north_heavy,val,development,0.5
1635,4i,150.0,26,0.4594,25,144.11,False,35,1.0526,1.0,454.23,scenario_north_heavy,val,development,0.5
1640,4i,150.0,27,1.1728,25,144.11,False,34,0.5733,1.0,387.67,scenario_north_heavy,val,development,0.5
1645,4i,150.0,27,1.2308,25,144.11,False,34,0.5635,1.0,383.93,scenario_north_heavy,val,development,0.5
1650,4i,150.0,26,0.1166,25,144.11,False,35,1.2676,1.0,456.41,scenario_north_heavy,val,development,0.5
1655,4i,150.0,26,0.8515,23,144.11,False,35,1.7511,10.82,431.6,scenario_north_heavy,val,development,0.5
1660,4i,150.0,25,1.7659,20,144.11,False,34,1.7717,3.37,376.81,scenario_north_heavy,val,development,0.5
1665,4i,150.0,25,0.658,18,144.11,False,34,1.3388,1.0,376.76,scenario_north_heavy,val,development,0.5
1670,4i,150.0,27,1.5813,19,144.11,False,36,2.274,1.0,444.76,scenario_north_heavy,val,development,0.5
1675,4i,150.0,27,1.3956,18,144.11,False,36,1.6292,1.0,401.19,scenario_north_heavy,val,development,0.5
1680,4i,150.0,27,0.5282,18,143.95,False,37,1.5139,1.0,431.22,scenario_north_heavy,val,development,0.5
1685,4i,150.0,30,1.5493,22,148.87,True,39,1.9386,1.0,445.37,scenario_north_heavy,val,development,0.5
1690,4i,150.0,30,0.8757,24,111.7,False,39,1.4234,1.0,407.04,scenario_north_heavy,val,development,0.5
1695,4i,150.0,31,0.0527,29,136.69,False,40,1.549,1.0,432.82,scenario_north_heavy,val,development,0.5
1700,4i,150.0,33,0.5461,32,147.39,True,41,2.354,1.0,458.33,scenario_north_heavy,val,development,0.5
1705,4i,150.0,34,0.5373,32,147.12,True,41,1.9614,1.0,402.87,scenario_north_heavy,val,development,0.5
1710,4i,150.0,35,0.6931,33,147.11,True,41,1.7404,1.0,397.29,scenario_north_heavy,val,development,0.5
1715,4i,150.0,34,1.7292,25,147.11,True,40,1.6415,1.0,392.18,scenario_north_heavy,val,development,0.5
1720,4i,150.0,33,3.0586,25,147.11,True,36,1.3111,1.0,389.23,scenario_north_heavy,val,development,0.5
1725,4i,150.0,32,1.4221,26,147.11,True,35,0.589,1.0,386.4,scenario_north_heavy,val,development,0.5
1730,4i,150.0,33,1.24,30,147.11,True,35,0.6755,1.0,454.05,scenario_north_heavy,val,development,0.5
1735,4i,150.0,33,0.6727,31,147.11,True,35,0.5527,1.0,378.69,scenario_north_heavy,val,development,0.5
1740,4i,150.0,33,0.038,32,147.11,True,35,0.5483,1.0,374.27,scenario_north_heavy,val,development,0.5
1745,4i,150.0,33,0.4508,32,147.11,True,35,1.2851,7.75,456.85,scenario_north_heavy,val,development,0.5
1750,4i,150.0,34,0.7095,27,147.11,True,35,1.1464,1.01,371.78,scenario_north_heavy,val,development,0.5
1755,4i,150.0,34,0.3008,33,147.11,True,36,1.3946,1.0,416.32,scenario_north_heavy,val,development,0.5
1760,4i,150.0,36,1.239,31,147.11,True,37,1.6702,1.0,463.68,scenario_north_heavy,val,development,0.5
1765,4i,150.0,36,0.3977,33,147.11,True,37,0.9825,1.0,407.58,scenario_north_heavy,val,development,0.5
1770,4i,150.0,36,0.0178,35,147.11,True,37,0.5337,1.0,403.47,scenario_north_heavy,val,development,0.5
1775,4i,150.0,38,1.1449,30,147.11,True,38,1.1452,1.0,456.38,scenario_north_heavy,val,development,0.5
1780,4i,150.0,38,0.5206,33,147.11,True,38,0.8531,1.0,403.47,scenario_north_heavy,val,development,0.5
1785,4i,150.0,39,0.5037,35,147.11,True,38,0.6953,1.0,403.47,scenario_north_heavy,val,development,0.5
1790,4i,150.0,40,0.8786,36,147.11,True,39,0.7651,1.0,463.99,scenario_north_heavy,val,development,0.5
1795,4i,150.0,40,0.3384,37,146.75,True,39,0.4138,1.0,431.1,scenario_north_heavy,val,development,0.5
1800,4i,150.0,41,0.4361,40,142.88,False,39,0.0426,1.0,420.47,scenario_north_heavy,val,development,0.5
1805,4i,150.0,40,0.7803,37,148.37,True,38,0.2875,1.0,473.26,scenario_north_heavy,val,development,0.5
1810,4i,150.0,39,0.5568,35,148.09,True,37,0.278,1.0,443.19,scenario_north_heavy,val,development,0.5
1815,4i,150.0,38,0.6313,36,148.07,True,36,0.0694,1.0,434.4,scenario_north_heavy,val,development,0.5
1820,4i,150.0,38,0.6495,36,148.07,True,37,0.8615,1.0,483.3,scenario_north_heavy,val,development,0.5
1825,4i,150.0,38,0.3772,37,148.07,True,38,1.459,1.0,480.3,scenario_north_heavy,val,development,0.5
1830,4i,150.0,38,0.3969,37,148.07,True,38,1.2833,1.0,434.23,scenario_north_heavy,val,development,0.5
1835,4i,150.0,37,0.5656,35,148.07,True,39,1.8299,16.0,483.3,scenario_north_heavy,val,development,0.5
1840,4i,150.0,36,0.7405,29,148.07,True,40,2.3083,12.81,483.3,scenario_north_heavy,val,development,0.5
1845,4i,150.0,37,0.7144,31,148.07,True,40,1.5825,1.0,452.08,scenario_north_heavy,val,development,0.5
1850,4i,150.0,38,0.7054,32,148.07,True,41,1.525,1.0,474.59,scenario_north_heavy,val,development,0.5
1855,4i,150.0,38,0.4284,37,148.07,True,41,1.2347,1.0,448.38,scenario_north_heavy,val,development,0.5
1860,4i,150.0,39,0.571,37,148.07,True,41,0.9953,1.0,446.79,scenario_north_heavy,val,development,0.5
1865,4i,150.0,39,0.1376,38,147.84,True,42,1.1482,1.0,480.3,scenario_north_heavy,val,development,0.5
1870,4i,150.0,40,0.4611,39,145.55,True,42,1.0137,1.0,446.24,scenario_north_heavy,val,development,0.5
1875,4i,150.0,41,0.553,39,144.93,False,42,0.8446,1.0,446.23,scenario_north_heavy,val,development,0.5
1880,4i,150.0,42,0.5092,39,144.85,False,42,0.5205,1.0,446.23,scenario_north_heavy,val,development,0.5
1885,4i,150.0,42,0.3161,41,144.85,False,42,0.3511,1.0,446.23,scenario_north_heavy,val,development,0.5
1890,4i,150.0,43,0.2904,41,144.85,False,42,0.0831,1.0,446.23,scenario_north_heavy,val,development,0.5
1895,4i,150.0,41,0.1496,38,144.85,False,40,0.1919,0.88,446.23,scenario_north_heavy,val,development,0.5
1900,4i,150.0,40,0.3673,39,144.85,False,38,0.0292,12.79,446.23,scenario_north_heavy,val,development,0.5
1905,4i,150.0,41,0.6121,39,144.85,False,38,0.023,12.79,446.23,scenario_north_heavy,val,development,0.5
1910,4i,150.0,42,0.667,39,144.85,False,38,0.0275,12.79,446.21,scenario_north_heavy,val,development,0.5
1915,4i,150.0,41,0.3674,40,144.85,False,41,1.0311,12.79,472.24,scenario_north_heavy,val,development,0.5
1920,4i,150.0,42,0.2891,40,144.85,False,41,0.9551,12.79,472.14,scenario_north_heavy,val,development,0.5
1925,4i,150.0,40,0.1364,36,144.85,False,41,0.9161,12.69,471.23,scenario_north_heavy,val,development,0.5
1930,4i,150.0,40,0.8448,32,144.85,False,43,1.4525,1.42,477.7,scenario_north_heavy,val,development,0.5
1935,4i,150.0,41,0.8848,31,144.85,False,43,1.1466,1.0,476.39,scenario_north_heavy,val,development,0.5
1940,4i,150.0,41,0.4629,30,144.85,False,43,0.7214,1.0,476.12,scenario_north_heavy,val,development,0.5
1945,4i,150.0,42,0.5993,34,144.85,False,43,0.478,1.0,476.03,scenario_north_heavy,val,development,0.5
1950,4i,150.0,43,0.6835,36,144.84,False,43,0.3817,1.0,476.02,scenario_north_heavy,val,development,0.5
1955,4i,150.0,43,0.2974,36,143.9,False,43,0.1914,1.0,476.02,scenario_north_heavy,val,development,0.5
1960,4i,150.0,45,0.4683,41,124.18,False,43,0.071,1.0,476.02,scenario_north_heavy,val,development,0.5
1965,4i,150.0,46,0.3126,44,141.55,False,43,0.0606,1.0,476.02,scenario_north_heavy,val,development,0.5
1970,4i,150.0,46,0.0074,46,140.21,False,43,0.1084,1.0,476.02,scenario_north_heavy,val,development,0.5
1975,4i,150.0,47,0.3063,46,140.07,False,44,0.597,1.0,476.02,scenario_north_heavy,val,development,0.5
1980,4i,150.0,48,0.1941,46,140.07,False,44,0.592,1.0,476.02,scenario_north_heavy,val,development,0.5
1985,4i,150.0,44,0.4325,38,140.07,False,43,0.7261,1.0,476.02,scenario_north_heavy,val,development,0.5
1990,4i,150.0,40,1.001,35,140.07,False,43,1.5408,1.0,476.02,scenario_north_heavy,val,development,0.5
1995,4i,150.0,38,1.4538,31,140.07,False,43,1.5262,1.0,476.02,scenario_north_heavy,val,development,0.5
2000,4i,150.0,36,2.1775,27,140.07,False,41,1.0208,1.0,476.02,scenario_north_heavy,val,development,0.5
2005,4i,150.0,32,2.137,25,140.07,False,41,1.2345,1.0,476.01,scenario_north_heavy,val,development,0.5
2010,4i,150.0,32,1.5423,25,140.07,False,41,0.7569,1.0,475.72,scenario_north_heavy,val,development,0.5
2015,4i,150.0,31,0.7119,26,140.07,False,40,0.5464,1.0,474.3,scenario_north_heavy,val,development,0.5
2020,4i,150.0,30,0.9119,25,140.07,False,39,0.7684,1.0,471.66,scenario_north_heavy,val,development,0.5
2025,4i,150.0,31,1.1209,24,140.07,False,40,0.7042,1.0,472.3,scenario_north_heavy,val,development,0.5
2030,4i,150.0,31,0.7354,23,140.07,False,40,0.5334,1.0,469.16,scenario_north_heavy,val,development,0.5
2035,4i,150.0,31,0.4225,24,140.07,False,41,0.9616,1.0,468.42,scenario_north_heavy,val,development,0.5
2040,4i,150.0,33,1.1944,25,139.85,False,41,0.99,1.0,468.27,scenario_north_heavy,val,development,0.5
2045,4i,150.0,33,0.5707,28,136.32,False,41,0.7096,1.0,468.24,scenario_north_heavy,val,development,0.5
2050,4i,150.0,34,0.1367,30,111.61,False,41,0.4759,1.0,468.23,scenario_north_heavy,val,development,0.5
2055,4i,150.0,38,0.7875,34,139.62,False,41,0.3559,1.0,468.23,scenario_north_heavy,val,development,0.5
2060,4i,150.0,38,0.1616,37,147.32,True,41,0.1426,1.0,468.23,scenario_north_heavy,val,development,0.5
2065,4i,150.0,40,0.8541,38,147.11,True,41,0.1637,1.0,468.23,scenario_north_heavy,val,development,0.5
2070,4i,150.0,40,0.5345,38,147.11,True,41,0.1899,1.0,468.23,scenario_north_heavy,val,development,0.5
2075,4i,150.0,36,0.4747,31,147.11,True,40,0.9976,1.0,483.3,scenario_north_heavy,val,development,0.5
2080,4i,150.0,33,1.4536,27,147.11,True,39,0.9826,1.0,468.23,scenario_north_heavy,val,development,0.5
2085,4i,150.0,31,1.4334,25,147.11,True,37,0.7431,1.0,468.23,scenario_north_heavy,val,development,0.5
2090,4i,150.0,29,1.1154,25,147.11,True,37,0.783,1.0,468.23,scenario_north_heavy,val,development,0.5
2095,4i,150.0,28,1.5456,25,147.11,True,36,0.535,1.0,468.16,scenario_north_heavy,val,development,0.5
2100,4i,150.0,27,1.129,25,147.11,True,36,0.6011,1.0,467.54,scenario_north_heavy,val,development,0.5
2105,4i,150.0,26,0.4711,22,147.11,True,36,0.9209,1.0,464.99,scenario_north_heavy,val,development,0.5
2110,4i,150.0,27,1.6247,21,147.11,True,36,0.715,1.0,461.11,scenario_north_heavy,val,development,0.5
2115,4i,150.0,27,1.3754,21,147.11,True,36,0.6204,1.0,456.45,scenario_north_heavy,val,development,0.5
2120,4i,150.0,27,0.4898,20,147.11,True,36,0.5952,1.0,453.78,scenario_north_heavy,val,development,0.5
2125,4i,150.0,29,1.4705,21,147.11,True,36,0.613,1.0,453.31,scenario_north_heavy,val,development,0.5
2130,4i,150.0,29,1.2396,22,146.99,True,36,0.4668,1.0,453.24,scenario_north_heavy,val,development,0.5
2135,4i,150.0,30,0.3247,24,149.05,True,37,0.5914,1.0,455.79,scenario_north_heavy,val,development,0.5
2140,4i,150.0,32,0.663,27,128.61,False,38,1.1105,1.0,453.23,scenario_north_heavy,val,development,0.5
2145,4i,150.0,33,0.8906,31,144.7,False,38,1.0241,1.0,453.23,scenario_north_heavy,val,development,0.5
2150,4i,150.0,33,0.2754,31,144.19,False,39,1.7142,1.0,456.09,scenario_north_heavy,val,development,0.5
2155,4i,150.0,34,0.4558,33,144.11,False,40,2.0456,1.0,453.23,scenario_north_heavy,val,development,0.5
2160,4i,150.0,35,0.7439,33,144.11,False,40,1.6979,1.0,453.23,scenario_north_heavy,val,development,0.5
2165,4i,150.0,30,0.5892,25,144.11,False,39,1.7731,1.0,453.23,scenario_north_heavy,val,development,0.5
2170,4i,150.0,27,1.3537,25,144.11,False,38,2.2038,1.0,453.23,scenario_north_heavy,val,development,0.5
2175,4i,150.0,27,1.3723,25,144.11,False,38,2.036,1.0,453.23,scenario_north_heavy,val,development,0.5
2180,4i,150.0,25,0.0,25,144.11,False,36,0.9961,1.0,453.19,scenario_north_heavy,val,development,0.5
2185,4i,150.0,27,1.3942,25,144.11,False,36,1.1362,1.0,452.54,scenario_north_heavy,val,development,0.5
2190,4i,150.0,27,1.0463,25,144.11,False,36,0.877,1.0,450.87,scenario_north_heavy,val,development,0.5
2195,4i,150.0,26,0.2296,24,144.11,False,36,0.7749,1.0,447.67,scenario_north_heavy,val,development,0.5
2200,4i,150.0,27,1.0145,22,144.11,False,37,0.8797,1.0,472.73,scenario_north_heavy,val,development,0.5
2205,4i,150.0,28,1.3304,22,144.11,False,37,0.6365,1.0,470.38,scenario_north_heavy,val,development,0.5
2210,4i,150.0,28,0.7,21,144.11,False,38,1.1286,1.0,469.22,scenario_north_heavy,val,development,0.5
2215,4i,150.0,30,1.5127,21,144.11,False,38,1.0164,1.0,469.02,scenario_north_heavy,val,development,0.5
2220,4i,150.0,30,1.083,22,144.02,False,38,0.6795,1.0,468.98,scenario_north_heavy,val,development,0.5
2225,4i,150.0,31,0.3743,23,149.06,True,38,0.5558,1.0,468.98,scenario_north_heavy,val,development,0.5
2230,4i,150.0,33,1.242,27,117.97,False,38,0.5966,1.0,468.98,scenario_north_heavy,val,development,0.5
2235,4i,150.0,34,0.6166,31,137.0,False,38,0.3377,1.0,468.98,scenario_north_heavy,val,development,0.5
2240,4i,150.0,35,0.0219,34,147.47,True,38,0.1936,1.0,468.98,scenario_north_heavy,val,development,0.5
2245,4i,150.0,36,0.5243,35,147.26,True,39,0.8087,1.0,468.98,scenario_north_heavy,val,development,0.5
2250,4i,150.0,37,0.5342,35,147.25,True,39,0.7796,1.0,468.98,scenario_north_heavy,val,development,0.5
2255,4i,150.0,33,0.7478,28,147.25,True,37,0.9916,0.34,468.98,scenario_north_heavy,val,development,0.5
2260,4i,150.0,30,1.4321,27,147.25,True,36,1.3906,7.18,468.98,scenario_north_heavy,val,development,0.5
2265,4i,150.0,28,0.5381,27,147.25,True,36,1.1876,7.18,468.98,scenario_north_heavy,val,development,0.5
2270,4i,150.0,27,0.0,27,147.25,True,36,1.0865,7.18,468.97,scenario_north_heavy,val,development,0.5
2275,4i,150.0,29,1.1537,27,147.25,True,37,1.7943,7.18,468.69,scenario_north_heavy,val,development,0.5
2280,4i,150.0,29,0.7297,27,147.25,True,37,1.5958,7.18,466.81,scenario_north_heavy,val,development,0.5
2285,4i,150.0,28,0.2328,25,147.25,True,38,1.7251,0.97,463.96,scenario_north_heavy,val,development,0.5
2290,4i,150.0,28,1.6914,22,147.25,True,36,1.7731,1.0,459.45,scenario_north_heavy,val,development,0.5
2295,4i,150.0,28,1.0197,21,147.25,True,36,1.1662,1.0,455.67,scenario_north_heavy,val,development,0.5
2300,4i,150.0,28,0.3744,22,147.25,True,36,0.7066,1.0,454.33,scenario_north_heavy,val,development,0.5
2305,4i,150.0,30,1.3929,23,147.25,True,37,1.0147,1.0,473.26,scenario_north_heavy,val,development,0.5
2310,4i,150.0,30,1.0138,23,147.22,True,37,0.7838,1.0,454.12,scenario_north_heavy,val,development,0.5
2315,4i,150.0,31,0.9011,24,145.99,True,37,0.5971,1.0,454.12,scenario_north_heavy,val,development,0.5
2320,4i,150.0,31,0.6201,26,134.86,False,38,1.0926,1.0,474.59,scenario_north_heavy,val,development,0.5
2325,4i,150.0,33,0.6287,29,148.83,True,38,1.0325,1.0,454.12,scenario_north_heavy,val,development,0.5
2330,4i,150.0,34,0.8364,32,145.93,True,38,0.9453,1.0,454.12,scenario_north_heavy,val,development,0.5
2335,4i,150.0,34,0.4911,32,145.78,True,38,0.838,1.0,454.12,scenario_north_heavy,val,development,0.5
2340,4i,150.0,35,0.5877,32,145.78,True,38,0.6128,1.0,454.12,scenario_north_heavy,val,development,0.5
2345,4i,150.0,31,1.0541,26,145.78,True,35,0.5691,1.0,454.12,scenario_north_heavy,val,development,0.5
2350,4i,150.0,29,1.7922,25,145.78,True,33,0.3161,1.0,454.12,scenario_north_heavy,val,development,0.5
2355,4i,150.0,26,0.5514,25,145.78,True,32,0.1352,1.0,454.12,scenario_north_heavy,val,development,0.5
2360,4i,150.0,26,0.6389,25,145.78,True,32,0.1178,1.0,453.96,scenario_north_heavy,val,development,0.5
2365,4i,150.0,27,1.5196,25,145.78,True,32,0.1771,1.0,453.11,scenario_north_heavy,val,development,0.5
2370,4i,150.0,26,0.4088,25,145.78,True,33,0.9683,1.0,456.16,scenario_north_heavy,val,development,0.5
2375,4i,150.0,25,0.6341,24,145.78,True,32,0.7021,8.34,446.73,scenario_north_heavy,val,development,0.5
2380,4i,150.0,25,1.7405,19,145.78,True,31,0.6244,1.06,442.51,scenario_north_heavy,val,development,0.5
2385,4i,150.0,25,0.6759,19,145.78,True,31,0.6729,1.0,440.39,scenario_north_heavy,val,development,0.5
2390,4i,150.0,26,1.088,20,145.78,True,31,0.7542,1.0,439.97,scenario_north_heavy,val,development,0.5
2395,4i,150.0,26,0.8608,20,145.78,True,31,0.5181,1.0,439.94,scenario_north_heavy,val,development,0.5
2400,4i,150.0,27,0.9684,18,145.65,True,32,0.9955,1.0,439.94,scenario_north_heavy,val,development,0.5
2405,4i,150.0,29,1.0795,23,141.48,False,32,0.9643,1.0,439.94,scenario_north_heavy,val,development,0.5
2410,4i,150.0,31,1.3793,25,122.0,False,32,0.8844,1.0,439.94,scenario_north_heavy,val,development,0.5
2415,4i,150.0,31,0.3905,29,145.76,True,33,1.2356,1.0,439.94,scenario_north_heavy,val,development,0.5
2420,4i,150.0,32,0.5755,31,144.81,False,33,0.6606,1.0,439.94,scenario_north_heavy,val,development,0.5
2425,4i,150.0,33,1.0808,31,144.77,False,33,0.6718,1.0,439.94,scenario_north_heavy,val,development,0.5
2430,4i,150.0,33,0.3929,32,144.77,False,35,1.7355,1.0,439.94,scenario_north_heavy,val,development,0.5
2435,4i,150.0,28,0.8594,24,144.77,False,34,1.6733,1.0,439.94,scenario_north_heavy,val,development,0.5
2440,4i,150.0,26,1.0405,24,144.77,False,33,1.7923,1.0,439.94,scenario_north_heavy,val,development,0.5
2445,4i,150.0,25,0.6598,24,144.77,False,34,2.4433,1.0,439.9,scenario_north_heavy,val,development,0.5
2450,4i,150.0,26,1.1793,24,144.77,False,34,2.3236,1.0,439.55,scenario_north_heavy,val,development,0.5
2455,4i,150.0,26,1.4775,24,144.77,False,33,1.7346,1.0,437.64,scenario_north_heavy,val,development,0.5
2460,4i,150.0,25,0.4865,24,144.77,False,33,1.673,1.0,434.2,scenario_north_heavy,val,development,0.5
2465,4i,150.0,24,0.6974,22,144.77,False,32,0.9865,1.0,429.66,scenario_north_heavy,val,development,0.5
2470,4i,150.0,23,1.057,18,144.77,False,32,1.1583,1.0,428.18,scenario_north_heavy,val,development,0.5
2475,4i,150.0,24,1.072,17,144.77,False,32,0.6656,1.0,427.95,scenario_north_heavy,val,development,0.5
2480,4i,150.0,25,1.4104,18,144.77,False,32,0.5267,1.0,427.93,scenario_north_heavy,val,development,0.5
2485,4i,150.0,26,1.8598,18,144.77,False,32,0.3374,1.0,427.93,scenario_north_heavy,val,development,0.5
2490,4i,150.0,26,1.0189,17,143.79,False,33,0.7726,1.0,427.93,scenario_north_heavy,val,development,0.5
2495,4i,150.0,27,0.8115,21,102.57,False,33,0.7178,1.0,427.93,scenario_north_heavy,val,development,0.5
2500,4i,150.0,28,0.4067,25,126.15,False,33,0.7945,1.0,427.93,scenario_north_heavy,val,development,0.5
2505,4i,150.0,30,0.5997,28,148.07,True,33,0.6664,1.0,427.93,scenario_north_heavy,val,development,0.5
2510,4i,150.0,31,0.7795,29,147.85,True,33,0.4619,1.0,427.93,scenario_north_heavy,val,development,0.5
2515,4i,150.0,31,0.341,29,147.81,True,33,0.2861,1.0,427.93,scenario_north_heavy,val,development,0.5
2520,4i,150.0,32,0.4634,30,147.81,True,33,0.1635,1.0,427.93,scenario_north_heavy,val,development,0.5
2525,4i,150.0,29,1.2472,23,147.81,True,30,0.1976,1.0,427.93,scenario_north_heavy,val,development,0.5
2530,4i,150.0,27,1.0206,23,147.81,True,30,0.2825,1.0,427.88,scenario_north_heavy,val,development,0.5
2535,4i,150.0,25,1.0122,23,147.81,True,30,0.6434,1.0,427.46,scenario_north_heavy,val,development,0.5
2540,4i,150.0,25,1.3331,23,147.81,True,30,0.6727,1.0,425.83,scenario_north_heavy,val,development,0.5
2545,4i,150.0,24,0.4375,23,147.81,True,30,0.7606,1.0,422.31,scenario_north_heavy,val,development,0.5
2550,4i,150.0,24,0.9481,23,147.81,True,31,1.2081,1.0,417.22,scenario_north_heavy,val,development,0.5
2555,4i,150.0,24,1.5465,20,147.81,True,30,1.3347,2.21,414.02,scenario_north_heavy,val,development,0.5
2560,4i,150.0,22,1.1607,16,147.81,True,29,1.0215,9.42,478.27,scenario_north_heavy,val,development,0.5
2565,4i,150.0,23,1.1977,16,147.81,True,30,1.3983,1.0,474.69,scenario_north_heavy,val,development,0.5
2570,4i,150.0,24,2.0761,15,147.81,True,31,1.2005,1.0,480.24,scenario_north_heavy,val,development,0.5
2575,4i,150.0,24,1.1173,14,147.81,True,31,0.9545,1.0,479.74,scenario_north_heavy,val,development,0.5
2580,4i,150.0,26,1.8617,17,146.48,True,31,0.7468,1.0,479.66,scenario_north_heavy,val,development,0.5
2585,4i,150.0,26,1.4573,19,141.06,False,31,0.7355,1.0,479.65,scenario_north_heavy,val,development,0.5
2590,4i,150.0,27,0.3958,21,105.26,False,31,0.457,1.0,479.65,scenario_north_heavy,val,development,0.5
2595,4i,150.0,28,0.58,26,127.22,False,33,1.3095,1.0,481.6,scenario_north_heavy,val,development,0.5
2600,4i,150.0,30,1.3938,27,140.87,False,34,1.3723,1.0,483.3,scenario_north_heavy,val,development,0.5
2605,4i,150.0,33,1.8943,27,140.85,False,35,1.2648,1.0,480.3,scenario_north_heavy,val,development,0.5
2610,4i,150.0,34,1.3052,28,140.85,False,36,2.113,1.0,476.28,scenario_north_heavy,val,development,0.5
2615,4i,150.0,32,1.4793,23,140.85,False,35,1.9533,4.88,476.31,scenario_north_heavy,val,development,0.5
2620,4i,150.0,31,2.1262,21,140.85,False,35,1.4911,2.52,478.1,scenario_north_heavy,val,development,0.5
2625,4i,150.0,31,1.502,22,140.85,False,35,1.7735,12.0,473.87,scenario_north_heavy,val,development,0.5
2630,4i,150.0,33,1.7057,25,140.85,False,35,1.5513,12.0,468.14,scenario_north_heavy,val,development,0.5
2635,4i,150.0,33,0.7948,27,140.85,False,37,1.8176,10.45,471.99,scenario_north_heavy,val,development,0.5
2640,4i,150.0,34,1.123,29,140.85,False,38,1.8014,12.0,480.24,scenario_north_heavy,val,development,0.5
2645,4i,150.0,32,0.6042,29,140.85,False,38,1.6134,12.0,477.21,scenario_north_heavy,val,development,0.5
2650,4i,150.0,31,0.4608,26,140.85,False,38,1.4079,3.57,471.96,scenario_north_heavy,val,development,0.5
2655,4i,150.0,33,1.0644,29,140.85,False,39,1.5558,1.0,467.41,scenario_north_heavy,val,development,0.5
2660,4i,150.0,33,0.5127,31,140.85,False,39,0.9284,1.0,464.12,scenario_north_heavy,val,development,0.5
2665,4i,150.0,33,0.2066,32,140.82,False,39,0.602,1.0,463.41,scenario_north_heavy,val,development,0.5
2670,4i,150.0,35,0.8073,33,140.36,False,39,0.4176,1.0,463.36,scenario_north_heavy,val,development,0.5
2675,4i,150.0,35,0.6252,30,139.72,False,39,0.4575,1.0,463.36,scenario_north_heavy,val,development,0.5
2680,4i,150.0,35,0.0663,34,139.17,False,39,0.0738,1.0,463.36,scenario_north_heavy,val,development,0.5
2685,4i,150.0,37,0.8103,33,139.1,False,40,0.648,1.0,463.36,scenario_north_heavy,val,development,0.5
2690,4i,150.0,37,0.4627,35,139.1,False,40,0.5886,1.0,463.36,scenario_north_heavy,val,development,0.5
2695,4i,150.0,37,0.1525,35,139.1,False,40,0.5277,1.0,463.36,scenario_north_heavy,val,development,0.5
2700,4i,150.0,39,0.9082,32,139.1,False,41,1.1417,1.0,463.36,scenario_north_heavy,val,development,0.5
2705,4i,150.0,36,0.6529,31,138.91,False,38,1.0256,5.0,463.36,scenario_north_heavy,val,development,0.5
2710,4i,150.0,34,0.0592,34,135.64,False,37,0.7175,5.0,463.36,scenario_north_heavy,val,development,0.5
2715,4i,150.0,37,0.7336,35,148.23,True,38,1.2502,5.0,463.35,scenario_north_heavy,val,development,0.5
2720,4i,150.0,37,0.4397,36,147.9,True,38,1.1479,5.0,463.28,scenario_north_heavy,val,development,0.5
2725,4i,150.0,36,0.0,36,147.89,True,38,1.2647,5.0,463.0,scenario_north_heavy,val,development,0.5
2730,4i,150.0,38,0.6291,36,147.89,True,39,1.6487,5.0,462.59,scenario_north_heavy,val,development,0.5
2735,4i,150.0,36,0.4889,33,147.89,True,38,1.5437,10.79,461.99,scenario_north_heavy,val,development,0.5
2740,4i,150.0,35,0.2981,31,147.89,True,38,1.1809,1.0,461.73,scenario_north_heavy,val,development,0.5
2745,4i,150.0,37,0.5826,34,147.89,True,39,1.1685,1.0,461.63,scenario_north_heavy,val,development,0.5
2750,4i,150.0,37,0.4117,36,147.89,True,39,1.032,1.0,461.61,scenario_north_heavy,val,development,0.5
2755,4i,150.0,37,0.2795,33,147.87,True,40,1.1778,1.0,461.55,scenario_north_heavy,val,development,0.5
2760,4i,150.0,39,0.6929,36,147.52,True,41,1.4454,1.0,461.01,scenario_north_heavy,val,development,0.5
2765,4i,150.0,39,0.457,36,147.25,True,41,1.3019,1.0,459.38,scenario_north_heavy,val,development,0.5
2770,4i,150.0,39,0.3061,34,147.1,True,42,1.3449,1.0,457.67,scenario_north_heavy,val,development,0.5
2775,4i,150.0,40,0.2451,35,146.42,True,43,1.5398,1.0,456.7,scenario_north_heavy,val,development,0.5
2780,4i,150.0,41,0.6312,36,145.71,True,43,1.4027,1.0,456.4,scenario_north_heavy,val,development,0.5
2785,4i,150.0,42,0.4058,36,142.52,False,43,1.1379,1.0,456.36,scenario_north_heavy,val,development,0.5
2790,4i,150.0,44,0.6954,39,145.81,True,44,1.2802,1.0,457.1,scenario_north_heavy,val,development,0.5
2795,4i,150.0,41,0.5634,36,144.98,False,42,1.1207,2.9,456.36,scenario_north_heavy,val,development,0.5
2800,4i,150.0,39,0.2859,36,144.89,False,41,1.1479,5.0,456.35,scenario_north_heavy,val,development,0.5
2805,4i,150.0,40,0.7386,36,144.89,False,41,1.5534,5.0,480.3,scenario_north_heavy,val,development,0.5
2810,4i,150.0,40,0.5208,36,144.89,False,42,2.059,5.0,480.3,scenario_north_heavy,val,development,0.5
2815,4i,150.0,39,0.0778,39,144.89,False,41,1.4056,5.0,456.02,scenario_north_heavy,val,development,0.5
2820,4i,150.0,41,0.4639,39,144.89,False,41,0.9364,5.0,455.77,scenario_north_heavy,val,development,0.5
2825,4i,150.0,39,0.5189,37,144.89,False,41,1.5734,34.44,483.3,scenario_north_heavy,val,development,0.5
2830,4i,150.0,39,0.5026,33,144.89,False,41,0.8061,5.05,454.95,scenario_north_heavy,val,development,0.5
2835,4i,150.0,40,1.0644,31,144.89,False,42,1.1958,1.0,473.26,scenario_north_heavy,val,development,0.5
2840,4i,150.0,40,1.2172,30,144.89,False,44,1.8467,1.0,480.3,scenario_north_heavy,val,development,0.5
2845,4i,150.0,41,0.5382,34,144.89,False,44,1.1118,1.0,472.25,scenario_north_heavy,val,development,0.5
2850,4i,150.0,41,0.1704,39,144.89,False,44,0.7996,1.0,470.98,scenario_north_heavy,val,development,0.5
2855,4i,150.0,42,0.4742,41,144.85,False,44,0.7806,1.0,470.5,scenario_north_heavy,val,development,0.5
2860,4i,150.0,43,0.5881,40,142.56,False,44,0.5384,1.0,470.42,scenario_north_heavy,val,development,0.5
2865,4i,150.0,44,0.5087,42,139.93,False,44,0.2131,1.0,470.4,scenario_north_heavy,val,development,0.5
2870,4i,150.0,44,0.3242,42,139.29,False,44,0.0784,1.0,470.4,scenario_north_heavy,val,development,0.5
2875,4i,150.0,45,0.1062,43,138.95,False,44,0.0731,1.0,470.4,scenario_north_heavy,val,development,0.5
2880,4i,150.0,46,0.3863,45,139.73,False,45,0.6795,1.0,483.3,scenario_north_heavy,val,development,0.5
2885,4i,150.0,42,0.4527,40,139.71,False,44,1.2748,16.67,470.4,scenario_north_heavy,val,development,0.5
2890,4i,150.0,42,0.3787,38,139.71,False,44,1.022,1.61,470.4,scenario_north_heavy,val,development,0.5
2895,4i,150.0,41,0.5978,39,143.71,False,43,0.7961,28.95,470.4,scenario_north_heavy,val,development,0.5
2900,4i,150.0,40,0.3687,39,143.71,False,43,0.7572,28.95,470.4,scenario_north_heavy,val,development,0.5
2905,4i,150.0,39,0.0,39,143.71,False,42,0.1589,28.95,470.38,scenario_north_heavy,val,development,0.5
2910,4i,150.0,39,0.0,39,143.71,False,42,0.0815,28.95,470.09,scenario_north_heavy,val,development,0.5
2915,4i,150.0,39,0.6586,36,143.71,False,44,1.2245,28.95,468.82,scenario_north_heavy,val,development,0.5
2920,4i,150.0,38,1.427,23,138.18,False,44,1.2301,27.16,466.71,scenario_north_heavy,val,development,0.5
2925,4i,150.0,38,1.378,23,138.18,False,44,1.1358,20.25,465.36,scenario_north_heavy,val,development,0.5
2930,4i,150.0,40,1.0132,29,148.25,True,46,1.9168,5.18,464.58,scenario_north_heavy,val,development,0.5
2935,4i,150.0,40,0.5981,31,138.18,False,46,1.2707,5.18,464.15,scenario_north_heavy,val,development,0.5
2940,4i,150.0,41,0.3874,34,148.46,True,46,0.8801,5.18,463.83,scenario_north_heavy,val,development,0.5
2945,4i,150.0,43,0.6792,40,147.94,True,46,0.9231,5.18,463.7,scenario_north_heavy,val,development,0.5
2950,4i,150.0,45,0.3242,40,149.25,True,46,0.3138,5.18,463.68,scenario_north_heavy,val,development,0.5
2955,4i,150.0,45,0.127,43,147.47,True,46,0.1814,5.18,463.68,scenario_north_heavy,val,development,0.5
2960,4i,150.0,46,0.413,45,145.46,True,47,0.6254,5.18,463.68,scenario_north_heavy,val,development,0.5
2965,4i,150.0,46,0.1255,45,145.26,True,47,0.5782,5.18,463.68,scenario_north_heavy,val,development,0.5
2970,4i,150.0,46,0.0003,46,145.23,True,47,0.4077,5.18,463.68,scenario_north_heavy,val,development,0.5
2975,4i,150.0,45,0.4791,41,148.72,True,48,0.9515,0.48,463.68,scenario_north_heavy,val,development,0.5
2980,4i,150.0,41,0.3518,39,148.72,True,45,0.6585,19.04,463.68,scenario_north_heavy,val,development,0.5
2985,4i,150.0,39,0.0,39,148.72,True,44,0.4984,19.04,463.68,scenario_north_heavy,val,development,0.5
2990,4i,150.0,40,0.422,39,148.72,True,44,0.2804,19.04,463.5,scenario_north_heavy,val,development,0.5
2995,4i,150.0,40,0.2921,39,148.72,True,44,0.1327,19.04,462.75,scenario_north_heavy,val,development,0.5
3000,4i,150.0,39,0.0,39,148.72,True,45,0.1099,19.04,479.99,scenario_north_heavy,val,development,0.5
3005,4i,150.0,39,0.5197,36,148.72,True,46,0.6142,18.24,477.16,scenario_north_heavy,val,development,0.5
3010,4i,150.0,39,0.5513,33,148.72,True,46,0.6889,8.09,474.37,scenario_north_heavy,val,development,0.5
3015,4i,150.0,39,0.6798,32,148.72,True,47,0.7258,7.1,479.23,scenario_north_heavy,val,development,0.5
3020,4i,150.0,40,1.1676,29,145.23,True,49,1.5034,7.1,478.03,scenario_north_heavy,val,development,0.5
3025,4i,150.0,40,1.2558,29,145.1,True,49,1.5464,5.6,477.79,scenario_north_heavy,val,development,0.5
3030,4i,150.0,40,0.5036,30,143.38,False,49,0.9573,5.6,477.75,scenario_north_heavy,val,development,0.5
3035,4i,150.0,41,0.2379,35,141.34,False,50,0.9788,5.6,477.74,scenario_north_heavy,val,development,0.5
3040,4i,150.0,43,0.5665,39,140.14,False,50,0.8784,5.6,477.74,scenario_north_heavy,val,development,0.5
3045,4i,150.0,44,0.1036,42,142.01,False,50,0.494,5.6,477.74,scenario_north_heavy,val,development,0.5
3050,4i,150.0,44,0.0013,44,148.54,True,50,0.3819,5.6,477.74,scenario_north_heavy,val,development,0.5
3055,4i,150.0,45,0.2989,44,148.52,True,50,0.3005,5.6,477.74,scenario_north_heavy,val,development,0.5
3060,4i,150.0,45,0.1413,44,148.52,True,50,0.1662,5.6,477.74,scenario_north_heavy,val,development,0.5
3065,4i,150.0,44,0.0037,44,148.52,True,50,0.0382,5.6,477.74,scenario_north_heavy,val,development,0.5
3070,4i,150.0,45,0.376,44,148.52,True,50,0.0365,5.6,477.74,scenario_north_heavy,val,development,0.5
3075,4i,150.0,45,0.0693,44,148.52,True,51,0.5921,5.6,483.3,scenario_north_heavy,val,development,0.5
3080,4i,150.0,45,0.0,45,148.52,True,51,0.3547,5.6,477.61,scenario_north_heavy,val,development,0.5
3085,4i,150.0,46,0.2249,45,148.52,True,51,0.4078,5.6,476.73,scenario_north_heavy,val,development,0.5
3090,4i,150.0,46,0.1271,45,148.52,True,52,0.7943,5.6,483.3,scenario_north_heavy,val,development,0.5
3095,4i,150.0,44,0.1321,41,148.52,True,53,0.6736,3.79,473.51,scenario_north_heavy,val,development,0.5
3100,4i,150.0,44,0.503,39,148.52,True,52,0.7309,0.0,472.73,scenario_north_heavy,val,development,0.5
3105,4i,150.0,44,0.2674,36,148.52,True,52,0.7211,0.0,472.53,scenario_north_heavy,val,development,0.5
3110,4i,150.0,44,0.2407,38,148.52,True,53,0.8031,0.0,472.5,scenario_north_heavy,val,development,0.5
3115,4i,150.0,45,0.5048,40,148.1,True,53,0.7747,0.0,472.5,scenario_north_heavy,val,development,0.5
3120,4i,150.0,46,0.3004,43,149.57,True,54,0.9553,0.0,472.5,scenario_north_heavy,val,development,0.5
3125,4i,150.0,48,0.4016,46,147.99,True,54,0.751,0.0,472.5,scenario_north_heavy,val,development,0.5
3130,4i,150.0,48,0.169,47,147.78,True,54,0.5029,0.0,472.5,scenario_north_heavy,val,development,0.5
3135,4i,150.0,49,0.0039,49,149.66,True,54,0.2364,0.0,472.5,scenario_north_heavy,val,development,0.5
3140,4i,150.0,49,0.002,49,149.6,True,55,0.5169,0.0,472.5,scenario_north_heavy,val,development,0.5
3145,4i,150.0,50,0.1791,49,149.6,True,55,0.4798,0.0,472.5,scenario_north_heavy,val,development,0.5
3150,4i,150.0,50,0.0067,50,149.6,True,56,0.8383,0.0,472.5,scenario_north_heavy,val,development,0.5
3155,4i,150.0,48,0.3226,42,149.6,True,55,0.8804,0.95,472.5,scenario_north_heavy,val,development,0.5
3160,4i,150.0,45,0.8543,35,149.6,True,51,0.7066,1.0,472.5,scenario_north_heavy,val,development,0.5
3165,4i,150.0,41,1.078,28,149.6,True,51,0.9752,1.0,472.49,scenario_north_heavy,val,development,0.5
3170,4i,150.0,39,1.7169,26,149.6,True,50,1.0624,1.0,472.31,scenario_north_heavy,val,development,0.5
3175,4i,150.0,36,2.1078,21,149.6,True,49,1.2691,1.0,471.29,scenario_north_heavy,val,development,0.5
3180,4i,150.0,36,1.6174,20,149.6,True,49,0.7086,1.0,480.3,scenario_north_heavy,val,development,0.5
3185,4i,150.0,34,1.1203,23,149.6,True,49,0.9091,1.0,477.41,scenario_north_heavy,val,development,0.5
3190,4i,150.0,35,1.5456,23,149.6,True,49,0.9321,1.0,474.75,scenario_north_heavy,val,development,0.5
3195,4i,150.0,36,0.9683,24,149.6,True,50,1.1585,1.0,473.76,scenario_north_heavy,val,development,0.5
3200,4i,150.0,39,1.1003,27,149.6,True,50,1.1725,1.0,473.42,scenario_north_heavy,val,development,0.5
3205,4i,150.0,41,1.0087,29,148.62,True,50,1.1386,1.0,473.4,scenario_north_heavy,val,development,0.5
3210,4i,150.0,43,0.3918,33,144.68,False,50,0.5842,1.0,473.4,scenario_north_heavy,val,development,0.5
3215,4i,150.0,45,0.2197,38,124.93,False,50,0.3241,1.0,473.4,scenario_north_heavy,val,development,0.5
3220,4i,150.0,48,0.3374,47,149.9,True,50,0.1656,1.0,473.4,scenario_north_heavy,val,development,0.5
3225,4i,150.0,48,0.1363,47,149.52,True,50,0.1922,1.0,473.4,scenario_north_heavy,val,development,0.5
3230,4i,150.0,49,0.3752,48,149.52,True,51,1.1825,1.0,467.49,scenario_north_heavy,val,development,0.5
3235,4i,150.0,49,0.252,48,149.52,True,52,0.9181,1.0,472.9,scenario_north_heavy,val,development,0.5
3240,4i,150.0,49,0.0103,48,149.52,True,53,1.2372,1.0,471.9,scenario_north_heavy,val,development,0.5
3245,4i,150.0,45,0.3353,40,149.52,True,51,1.544,0.96,468.61,scenario_north_heavy,val,development,0.5
3250,4i,150.0,40,1.0541,32,149.52,True,49,1.707,5.0,464.17,scenario_north_heavy,val,development,0.5
3255,4i,150.0,37,1.2611,29,149.52,True,47,1.1006,5.0,460.5,scenario_north_heavy,val,development,0.5
3260,4i,150.0,33,1.2885,24,149.52,True,46,1.0514,1.44,458.45,scenario_north_heavy,val,development,0.5
3265,4i,150.0,32,2.1989,20,148.96,True,46,1.1915,5.0,482.54,scenario_north_heavy,val,development,0.5
3270,4i,150.0,32,2.0274,19,145.6,True,47,1.3299,1.0,478.12,scenario_north_heavy,val,development,0.5
3275,4i,150.0,31,1.3707,20,145.6,True,47,1.3546,1.0,472.83,scenario_north_heavy,val,development,0.5
3280,4i,150.0,32,1.8185,19,145.6,True,46,1.5897,1.0,470.84,scenario_north_heavy,val,development,0.5
3285,4i,150.0,36,2.1449,19,145.6,True,47,1.4756,1.0,470.51,scenario_north_heavy,val,development,0.5
3290,4i,150.0,39,1.0321,23,145.6,True,48,1.725,1.0,470.44,scenario_north_heavy,val,development,0.5
3295,4i,150.0,41,0.8919,29,145.25,True,48,1.4598,1.0,470.43,scenario_north_heavy,val,development,0.5
3300,4i,150.0,42,0.5566,35,144.12,False,48,0.8644,1.0,470.43,scenario_north_heavy,val,development,0.5
3305,4i,150.0,44,0.7318,38,143.71,False,49,1.1525,1.0,483.3,scenario_north_heavy,val,development,0.5
3310,4i,150.0,45,0.2773,41,133.32,False,50,1.3093,1.0,483.3,scenario_north_heavy,val,development,0.5
3315,4i,150.0,45,0.0091,45,146.71,True,50,0.7428,1.0,470.43,scenario_north_heavy,val,development,0.5
3320,4i,150.0,46,0.1168,45,146.6,True,50,0.7258,1.0,470.43,scenario_north_heavy,val,development,0.5
3325,4i,150.0,47,0.2386,45,146.6,True,51,1.1064,1.0,483.3,scenario_north_heavy,val,development,0.5
3330,4i,150.0,47,0.0053,47,146.6,True,51,0.4405,1.0,470.43,scenario_north_heavy,val,development,0.5
3335,4i,150.0,47,0.527,43,147.94,True,50,0.8929,1.0,480.3,scenario_north_heavy,val,development,0.5
3340,4i,150.0,45,0.4018,41,147.94,True,51,1.5063,1.0,480.3,scenario_north_heavy,val,development,0.5
3345,4i,150.0,43,0.4699,37,147.94,True,50,1.2011,1.0,470.29,scenario_north_heavy,val,development,0.5
3350,4i,150.0,42,1.2929,29,147.94,True,50,1.858,1.0,483.3,scenario_north_heavy,val,development,0.5
3355,4i,150.0,41,1.2902,28,147.94,True,49,1.6601,1.0,468.84,scenario_north_heavy,val,development,0.5
3360,4i,150.0,41,0.8867,28,147.23,True,49,1.0265,1.0,467.59,scenario_north_heavy,val,development,0.5
3365,4i,150.0,41,0.9479,28,146.6,True,48,0.6548,0.22,465.7,scenario_north_heavy,val,development,0.5
3370,4i,150.0,41,1.1659,25,146.6,True,47,0.7554,1.0,464.84,scenario_north_heavy,val,development,0.5
3375,4i,150.0,41,0.6768,27,146.6,True,47,0.3888,1.0,464.5,scenario_north_heavy,val,development,0.5
3380,4i,150.0,42,0.5267,29,146.6,True,47,0.2758,1.0,464.44,scenario_north_heavy,val,development,0.5
3385,4i,150.0,43,0.776,32,146.45,True,48,0.6292,1.0,464.43,scenario_north_heavy,val,development,0.5
3390,4i,150.0,44,0.5881,33,144.12,False,48,0.5025,1.0,464.43,scenario_north_heavy,val,development,0.5
3395,4i,150.0,46,0.5758,39,121.44,False,48,0.4328,1.0,464.43,scenario_north_heavy,val,development,0.5
3400,4i,150.0,47,0.343,45,142.01,False,48,0.3504,1.0,464.43,scenario_north_heavy,val,development,0.5
3405,4i,150.0,48,0.0343,47,149.46,True,48,0.2612,1.0,464.43,scenario_north_heavy,val,development,0.5
3410,4i,150.0,49,0.0772,48,148.91,True,48,0.1567,1.0,464.43,scenario_north_heavy,val,development,0.5
3415,4i,150.0,50,0.2791,49,148.89,True,48,0.0926,1.0,464.43,scenario_north_heavy,val,development,0.5
3420,4i,150.0,51,0.1789,49,148.89,True,48,0.0912,1.0,464.43,scenario_north_heavy,val,development,0.5
3425,4i,150.0,47,0.3405,43,148.89,True,45,0.2203,12.0,464.43,scenario_north_heavy,val,development,0.5
3430,4i,150.0,42,0.8824,35,148.89,True,42,0.8706,12.0,464.43,scenario_north_heavy,val,development,0.5
3435,4i,150.0,40,1.2833,31,148.89,True,41,0.9575,12.0,464.22,scenario_north_heavy,val,development,0.5
3440,4i,150.0,35,1.0316,28,148.89,True,40,0.9788,12.0,463.38,scenario_north_heavy,val,development,0.5
3445,4i,150.0,33,1.8319,25,148.89,True,41,2.4314,12.0,460.5,scenario_north_heavy,val,development,0.5
3450,4i,150.0,32,2.0391,22,148.89,True,40,1.9862,4.86,456.44,scenario_north_heavy,val,development,0.5
3455,4i,150.0,31,1.5206,22,148.89,True,40,1.1679,1.0,453.16,scenario_north_heavy,val,development,0.5
3460,4i,150.0,31,1.5545,21,148.89,True,39,1.0909,1.0,451.97,scenario_north_heavy,val,development,0.5
3465,4i,150.0,32,1.3491,22,148.89,True,39,0.7484,1.0,451.74,scenario_north_heavy,val,development,0.5
3470,4i,150.0,32,0.6067,23,148.89,True,39,0.329,1.0,451.72,scenario_north_heavy,val,development,0.5
3475,4i,150.0,33,0.8527,23,148.85,True,40,0.5605,1.0,451.72,scenario_north_heavy,val,development,0.5
3480,4i,150.0,34,0.7845,24,135.77,False,40,0.5269,1.0,451.72,scenario_north_heavy,val,development,0.5
3485,4i,150.0,36,0.7254,31,120.34,False,40,0.5403,1.0,451.72,scenario_north_heavy,val,development,0.5
3490,4i,150.0,36,0.4879,34,134.74,False,40,0.4537,1.0,451.72,scenario_north_heavy,val,development,0.5
3495,4i,150.0,38,0.3302,36,148.15,True,40,0.8284,1.0,444.8,scenario_north_heavy,val,development,0.5
3500,4i,150.0,38,0.1055,37,147.9,True,41,1.1869,1.0,477.78,scenario_north_heavy,val,development,0.5
3505,4i,150.0,41,0.93,38,147.89,True,42,1.4302,1.0,472.96,scenario_north_heavy,val,development,0.5
3510,4i,150.0,42,0.4056,39,147.89,True,42,1.0764,1.0,472.5,scenario_north_heavy,val,development,0.5
3515,4i,150.0,40,0.7984,35,147.89,True,40,1.066,5.0,469.42,scenario_north_heavy,val,development,0.5
3520,4i,150.0,38,0.8478,31,147.89,True,39,1.2782,3.18,465.69,scenario_north_heavy,val,development,0.5
3525,4i,150.0,37,1.1197,30,147.89,True,38,0.9554,5.0,464.1,scenario_north_heavy,val,development,0.5
3530,4i,150.0,34,0.7999,28,147.89,True,37,0.896,5.0,460.99,scenario_north_heavy,val,development,0.5
3535,4i,150.0,33,1.5415,21,147.89,True,38,1.4127,5.0,457.19,scenario_north_heavy,val,development,0.5
3540,4i,150.0,34,1.8075,22,147.89,True,38,1.4554,5.0,452.66,scenario_north_heavy,val,development,0.5
3545,4i,150.0,33,0.9839,23,147.89,True,39,0.8589,2.29,472.21,scenario_north_heavy,val,development,0.5
3550,4i,150.0,34,1.5525,24,147.89,True,38,0.6827,15.04,471.06,scenario_north_heavy,val,development,0.5
3555,4i,150.0,34,0.8325,25,147.89,True,38,0.5047,5.51,470.81,scenario_north_heavy,val,development,0.5
3560,4i,150.0,34,0.2968,27,147.89,True,39,0.8198,5.0,483.3,scenario_north_heavy,val,development,0.5
3565,4i,150.0,34,0.1948,31,147.83,True,40,1.0204,5.0,470.8,scenario_north_heavy,val,development,0.5
3570,4i,150.0,36,0.7754,32,147.35,True,40,0.9359,5.0,470.8,scenario_north_heavy,val,development,0.5
3575,4i,150.0,36,0.2979,31,146.07,True,41,1.4701,5.0,480.3,scenario_north_heavy,val,development,0.5
3580,4i,150.0,38,1.0013,33,143.56,False,42,1.7556,5.0,470.8,scenario_north_heavy,val,development,0.5
3585,4i,150.0,39,0.4048,37,149.05,True,42,1.2023,5.0,470.8,scenario_north_heavy,val,development,0.5
3590,4i,150.0,39,0.0722,39,148.13,True,43,1.5345,5.0,480.3,scenario_north_heavy,val,development,0.5
3595,4i,150.0,40,0.4268,39,146.45,True,44,1.7285,5.0,470.8,scenario_north_heavy,val,development,0.5
3600,4i,150.0,41,0.3217,39,145.09,True,44,1.1983,5.0,470.8,scenario_north_heavy,val,development,0.5
